sifra;kazalnik;obmocje;leto_objave;vrednost_izvirnika
K1.1;K1.1 Razvitost občine;Občina Črnomelj;2016;0.9
K1.1;K1.1 Razvitost občine;Občina Črnomelj;2017;0.9
K1.1;K1.1 Razvitost občine;Občina Črnomelj;2018;0.9
K1.1;K1.1 Razvitost občine;Občina Črnomelj;2019;0.87
K1.1;K1.1 Razvitost občine;Občina Črnomelj;2020;0.9
K1.1;K1.1 Razvitost občine;Občina Črnomelj;2021;0.9
K1.1;K1.1 Razvitost občine;Občina Črnomelj;2022;0.9
K1.1;K1.1 Razvitost občine;Občina Črnomelj;2023;0.9
K1.1;K1.1 Razvitost občine;Občina Črnomelj;2024;0.9
K1.1;K1.1 Razvitost občine;Občina Črnomelj;2025;0.91
K1.1;K1.1 Razvitost občine;Občina Črnomelj;2026;0.9
K1.1;K1.1 Razvitost občine;Regija Jugovzhodna Slovenija;2016;n
K1.1;K1.1 Razvitost občine;Regija Jugovzhodna Slovenija;2017;n
K1.1;K1.1 Razvitost občine;Regija Jugovzhodna Slovenija;2018;n
K1.1;K1.1 Razvitost občine;Regija Jugovzhodna Slovenija;2019;n
K1.1;K1.1 Razvitost občine;Regija Jugovzhodna Slovenija;2020;n
K1.1;K1.1 Razvitost občine;Regija Jugovzhodna Slovenija;2021;n
K1.1;K1.1 Razvitost občine;Regija Jugovzhodna Slovenija;2022;n
K1.1;K1.1 Razvitost občine;Regija Jugovzhodna Slovenija;2023;n
K1.1;K1.1 Razvitost občine;Regija Jugovzhodna Slovenija;2024;n
K1.1;K1.1 Razvitost občine;Regija Jugovzhodna Slovenija;2025;n
K1.1;K1.1 Razvitost občine;Regija Jugovzhodna Slovenija;2026;n
K1.1;K1.1 Razvitost občine;Upravna enota Črnomelj;2016;n
K1.1;K1.1 Razvitost občine;Upravna enota Črnomelj;2017;n
K1.1;K1.1 Razvitost občine;Upravna enota Črnomelj;2018;n
K1.1;K1.1 Razvitost občine;Upravna enota Črnomelj;2019;n
K1.1;K1.1 Razvitost občine;Upravna enota Črnomelj;2020;n
K1.1;K1.1 Razvitost občine;Upravna enota Črnomelj;2021;n
K1.1;K1.1 Razvitost občine;Upravna enota Črnomelj;2022;n
K1.1;K1.1 Razvitost občine;Upravna enota Črnomelj;2023;n
K1.1;K1.1 Razvitost občine;Upravna enota Črnomelj;2024;n
K1.1;K1.1 Razvitost občine;Upravna enota Črnomelj;2025;n
K1.1;K1.1 Razvitost občine;Upravna enota Črnomelj;2026;n
K1.1;K1.1 Razvitost občine;Slovenija;2016;1
K1.1;K1.1 Razvitost občine;Slovenija;2017;1
K1.1;K1.1 Razvitost občine;Slovenija;2018;1
K1.1;K1.1 Razvitost občine;Slovenija;2019;1
K1.1;K1.1 Razvitost občine;Slovenija;2020;1
K1.1;K1.1 Razvitost občine;Slovenija;2021;1
K1.1;K1.1 Razvitost občine;Slovenija;2022;1
K1.1;K1.1 Razvitost občine;Slovenija;2023;1
K1.1;K1.1 Razvitost občine;Slovenija;2024;1
K1.1;K1.1 Razvitost občine;Slovenija;2025;1
K1.1;K1.1 Razvitost občine;Slovenija;2026;1
K1.2;K1.2 Prirast prebivalstva;Občina Črnomelj;2016;-0.1
K1.2;K1.2 Prirast prebivalstva;Občina Črnomelj;2017;-12.6
K1.2;K1.2 Prirast prebivalstva;Občina Črnomelj;2018;-3
K1.2;K1.2 Prirast prebivalstva;Občina Črnomelj;2019;-3.63
K1.2;K1.2 Prirast prebivalstva;Občina Črnomelj;2020;-1.3
K1.2;K1.2 Prirast prebivalstva;Občina Črnomelj;2021;-4.2
K1.2;K1.2 Prirast prebivalstva;Občina Črnomelj;2022;4.5
K1.2;K1.2 Prirast prebivalstva;Občina Črnomelj;2023;-2.6
K1.2;K1.2 Prirast prebivalstva;Občina Črnomelj;2024;-3.03
K1.2;K1.2 Prirast prebivalstva;Občina Črnomelj;2025;-0.49
K1.2;K1.2 Prirast prebivalstva;Občina Črnomelj;2026;-1.19
K1.2;K1.2 Prirast prebivalstva;Regija Jugovzhodna Slovenija;2016;-0.3
K1.2;K1.2 Prirast prebivalstva;Regija Jugovzhodna Slovenija;2017;1.4
K1.2;K1.2 Prirast prebivalstva;Regija Jugovzhodna Slovenija;2018;1
K1.2;K1.2 Prirast prebivalstva;Regija Jugovzhodna Slovenija;2019;0.66
K1.2;K1.2 Prirast prebivalstva;Regija Jugovzhodna Slovenija;2020;8.5
K1.2;K1.2 Prirast prebivalstva;Regija Jugovzhodna Slovenija;2021;9.5
K1.2;K1.2 Prirast prebivalstva;Regija Jugovzhodna Slovenija;2022;3.8
K1.2;K1.2 Prirast prebivalstva;Regija Jugovzhodna Slovenija;2023;2.1
K1.2;K1.2 Prirast prebivalstva;Regija Jugovzhodna Slovenija;2024;5.46
K1.2;K1.2 Prirast prebivalstva;Regija Jugovzhodna Slovenija;2025;4.73
K1.2;K1.2 Prirast prebivalstva;Regija Jugovzhodna Slovenija;2026;5.81
K1.2;K1.2 Prirast prebivalstva;Upravna enota Črnomelj;2016;27.71
K1.2;K1.2 Prirast prebivalstva;Upravna enota Črnomelj;2017;27.71
K1.2;K1.2 Prirast prebivalstva;Upravna enota Črnomelj;2018;27.71
K1.2;K1.2 Prirast prebivalstva;Upravna enota Črnomelj;2019;27.71
K1.2;K1.2 Prirast prebivalstva;Upravna enota Črnomelj;2020;27.71
K1.2;K1.2 Prirast prebivalstva;Upravna enota Črnomelj;2021;27.71
K1.2;K1.2 Prirast prebivalstva;Upravna enota Črnomelj;2022;27.71
K1.2;K1.2 Prirast prebivalstva;Upravna enota Črnomelj;2023;27.71
K1.2;K1.2 Prirast prebivalstva;Upravna enota Črnomelj;2024;27.71
K1.2;K1.2 Prirast prebivalstva;Upravna enota Črnomelj;2025;27.71
K1.2;K1.2 Prirast prebivalstva;Upravna enota Črnomelj;2026;27.71
K1.2;K1.2 Prirast prebivalstva;Slovenija;2016;0.9
K1.2;K1.2 Prirast prebivalstva;Slovenija;2017;0.6
K1.2;K1.2 Prirast prebivalstva;Slovenija;2018;0.8
K1.2;K1.2 Prirast prebivalstva;Slovenija;2019;0.48
K1.2;K1.2 Prirast prebivalstva;Slovenija;2020;6.8
K1.2;K1.2 Prirast prebivalstva;Slovenija;2021;7.2
K1.2;K1.2 Prirast prebivalstva;Slovenija;2022;6.2
K1.2;K1.2 Prirast prebivalstva;Slovenija;2023;-0.9
K1.2;K1.2 Prirast prebivalstva;Slovenija;2024;4.64
K1.2;K1.2 Prirast prebivalstva;Slovenija;2025;3.29
K1.2;K1.2 Prirast prebivalstva;Slovenija;2026;3.25
K1.3;K1.3 Starejše prebivalstvo (nad 80 let);Občina Črnomelj;2016;5.5
K1.3;K1.3 Starejše prebivalstvo (nad 80 let);Občina Črnomelj;2017;5.6
K1.3;K1.3 Starejše prebivalstvo (nad 80 let);Občina Črnomelj;2018;5.9
K1.3;K1.3 Starejše prebivalstvo (nad 80 let);Občina Črnomelj;2019;6
K1.3;K1.3 Starejše prebivalstvo (nad 80 let);Občina Črnomelj;2020;6.1
K1.3;K1.3 Starejše prebivalstvo (nad 80 let);Občina Črnomelj;2021;6
K1.3;K1.3 Starejše prebivalstvo (nad 80 let);Občina Črnomelj;2022;6
K1.3;K1.3 Starejše prebivalstvo (nad 80 let);Občina Črnomelj;2023;5.9
K1.3;K1.3 Starejše prebivalstvo (nad 80 let);Občina Črnomelj;2024;5.97
K1.3;K1.3 Starejše prebivalstvo (nad 80 let);Občina Črnomelj;2025;6.08
K1.3;K1.3 Starejše prebivalstvo (nad 80 let);Občina Črnomelj;2026;5.85
K1.3;K1.3 Starejše prebivalstvo (nad 80 let);Regija Jugovzhodna Slovenija;2016;4.7
K1.3;K1.3 Starejše prebivalstvo (nad 80 let);Regija Jugovzhodna Slovenija;2017;4.8
K1.3;K1.3 Starejše prebivalstvo (nad 80 let);Regija Jugovzhodna Slovenija;2018;5
K1.3;K1.3 Starejše prebivalstvo (nad 80 let);Regija Jugovzhodna Slovenija;2019;5.13
K1.3;K1.3 Starejše prebivalstvo (nad 80 let);Regija Jugovzhodna Slovenija;2020;5.2
K1.3;K1.3 Starejše prebivalstvo (nad 80 let);Regija Jugovzhodna Slovenija;2021;5.3
K1.3;K1.3 Starejše prebivalstvo (nad 80 let);Regija Jugovzhodna Slovenija;2022;5.4
K1.3;K1.3 Starejše prebivalstvo (nad 80 let);Regija Jugovzhodna Slovenija;2023;5.4
K1.3;K1.3 Starejše prebivalstvo (nad 80 let);Regija Jugovzhodna Slovenija;2024;5.38
K1.3;K1.3 Starejše prebivalstvo (nad 80 let);Regija Jugovzhodna Slovenija;2025;5.42
K1.3;K1.3 Starejše prebivalstvo (nad 80 let);Regija Jugovzhodna Slovenija;2026;5.37
K1.3;K1.3 Starejše prebivalstvo (nad 80 let);Upravna enota Črnomelj;2016;27.71
K1.3;K1.3 Starejše prebivalstvo (nad 80 let);Upravna enota Črnomelj;2017;27.71
K1.3;K1.3 Starejše prebivalstvo (nad 80 let);Upravna enota Črnomelj;2018;27.71
K1.3;K1.3 Starejše prebivalstvo (nad 80 let);Upravna enota Črnomelj;2019;27.71
K1.3;K1.3 Starejše prebivalstvo (nad 80 let);Upravna enota Črnomelj;2020;27.71
K1.3;K1.3 Starejše prebivalstvo (nad 80 let);Upravna enota Črnomelj;2021;27.71
K1.3;K1.3 Starejše prebivalstvo (nad 80 let);Upravna enota Črnomelj;2022;27.71
K1.3;K1.3 Starejše prebivalstvo (nad 80 let);Upravna enota Črnomelj;2023;27.71
K1.3;K1.3 Starejše prebivalstvo (nad 80 let);Upravna enota Črnomelj;2024;27.71
K1.3;K1.3 Starejše prebivalstvo (nad 80 let);Upravna enota Črnomelj;2025;27.71
K1.3;K1.3 Starejše prebivalstvo (nad 80 let);Upravna enota Črnomelj;2026;27.71
K1.3;K1.3 Starejše prebivalstvo (nad 80 let);Slovenija;2016;4.7
K1.3;K1.3 Starejše prebivalstvo (nad 80 let);Slovenija;2017;4.9
K1.3;K1.3 Starejše prebivalstvo (nad 80 let);Slovenija;2018;5
K1.3;K1.3 Starejše prebivalstvo (nad 80 let);Slovenija;2019;5.17
K1.3;K1.3 Starejše prebivalstvo (nad 80 let);Slovenija;2020;5.3
K1.3;K1.3 Starejše prebivalstvo (nad 80 let);Slovenija;2021;5.4
K1.3;K1.3 Starejše prebivalstvo (nad 80 let);Slovenija;2022;5.5
K1.3;K1.3 Starejše prebivalstvo (nad 80 let);Slovenija;2023;5.5
K1.3;K1.3 Starejše prebivalstvo (nad 80 let);Slovenija;2024;5.64
K1.3;K1.3 Starejše prebivalstvo (nad 80 let);Slovenija;2025;5.74
K1.3;K1.3 Starejše prebivalstvo (nad 80 let);Slovenija;2026;5.86
K1.4;K1.4 Osnovno izobraženi odrasli (OŠ ali manj);Občina Črnomelj;2016;30.1
K1.4;K1.4 Osnovno izobraženi odrasli (OŠ ali manj);Občina Črnomelj;2017;20.9
K1.4;K1.4 Osnovno izobraženi odrasli (OŠ ali manj);Občina Črnomelj;2018;20.5
K1.4;K1.4 Osnovno izobraženi odrasli (OŠ ali manj);Občina Črnomelj;2019;19.51
K1.4;K1.4 Osnovno izobraženi odrasli (OŠ ali manj);Občina Črnomelj;2020;18.9
K1.4;K1.4 Osnovno izobraženi odrasli (OŠ ali manj);Občina Črnomelj;2021;17.9
K1.4;K1.4 Osnovno izobraženi odrasli (OŠ ali manj);Občina Črnomelj;2022;17.3
K1.4;K1.4 Osnovno izobraženi odrasli (OŠ ali manj);Občina Črnomelj;2023;16.9
K1.4;K1.4 Osnovno izobraženi odrasli (OŠ ali manj);Občina Črnomelj;2024;16.57
K1.4;K1.4 Osnovno izobraženi odrasli (OŠ ali manj);Občina Črnomelj;2025;15.79
K1.4;K1.4 Osnovno izobraženi odrasli (OŠ ali manj);Občina Črnomelj;2026;15.49
K1.4;K1.4 Osnovno izobraženi odrasli (OŠ ali manj);Regija Jugovzhodna Slovenija;2016;29
K1.4;K1.4 Osnovno izobraženi odrasli (OŠ ali manj);Regija Jugovzhodna Slovenija;2017;19.5
K1.4;K1.4 Osnovno izobraženi odrasli (OŠ ali manj);Regija Jugovzhodna Slovenija;2018;18.5
K1.4;K1.4 Osnovno izobraženi odrasli (OŠ ali manj);Regija Jugovzhodna Slovenija;2019;17.62
K1.4;K1.4 Osnovno izobraženi odrasli (OŠ ali manj);Regija Jugovzhodna Slovenija;2020;16.8
K1.4;K1.4 Osnovno izobraženi odrasli (OŠ ali manj);Regija Jugovzhodna Slovenija;2021;15.9
K1.4;K1.4 Osnovno izobraženi odrasli (OŠ ali manj);Regija Jugovzhodna Slovenija;2022;15.3
K1.4;K1.4 Osnovno izobraženi odrasli (OŠ ali manj);Regija Jugovzhodna Slovenija;2023;14.8
K1.4;K1.4 Osnovno izobraženi odrasli (OŠ ali manj);Regija Jugovzhodna Slovenija;2024;14.18
K1.4;K1.4 Osnovno izobraženi odrasli (OŠ ali manj);Regija Jugovzhodna Slovenija;2025;13.75
K1.4;K1.4 Osnovno izobraženi odrasli (OŠ ali manj);Regija Jugovzhodna Slovenija;2026;13.29
K1.4;K1.4 Osnovno izobraženi odrasli (OŠ ali manj);Upravna enota Črnomelj;2016;27.71
K1.4;K1.4 Osnovno izobraženi odrasli (OŠ ali manj);Upravna enota Črnomelj;2017;27.71
K1.4;K1.4 Osnovno izobraženi odrasli (OŠ ali manj);Upravna enota Črnomelj;2018;27.71
K1.4;K1.4 Osnovno izobraženi odrasli (OŠ ali manj);Upravna enota Črnomelj;2019;27.71
K1.4;K1.4 Osnovno izobraženi odrasli (OŠ ali manj);Upravna enota Črnomelj;2020;27.71
K1.4;K1.4 Osnovno izobraženi odrasli (OŠ ali manj);Upravna enota Črnomelj;2021;27.71
K1.4;K1.4 Osnovno izobraženi odrasli (OŠ ali manj);Upravna enota Črnomelj;2022;27.71
K1.4;K1.4 Osnovno izobraženi odrasli (OŠ ali manj);Upravna enota Črnomelj;2023;27.71
K1.4;K1.4 Osnovno izobraženi odrasli (OŠ ali manj);Upravna enota Črnomelj;2024;27.71
K1.4;K1.4 Osnovno izobraženi odrasli (OŠ ali manj);Upravna enota Črnomelj;2025;27.71
K1.4;K1.4 Osnovno izobraženi odrasli (OŠ ali manj);Upravna enota Črnomelj;2026;27.71
K1.4;K1.4 Osnovno izobraženi odrasli (OŠ ali manj);Slovenija;2016;25.7
K1.4;K1.4 Osnovno izobraženi odrasli (OŠ ali manj);Slovenija;2017;17
K1.4;K1.4 Osnovno izobraženi odrasli (OŠ ali manj);Slovenija;2018;16.1
K1.4;K1.4 Osnovno izobraženi odrasli (OŠ ali manj);Slovenija;2019;15.21
K1.4;K1.4 Osnovno izobraženi odrasli (OŠ ali manj);Slovenija;2020;14.4
K1.4;K1.4 Osnovno izobraženi odrasli (OŠ ali manj);Slovenija;2021;13.6
K1.4;K1.4 Osnovno izobraženi odrasli (OŠ ali manj);Slovenija;2022;13.2
K1.4;K1.4 Osnovno izobraženi odrasli (OŠ ali manj);Slovenija;2023;12.7
K1.4;K1.4 Osnovno izobraženi odrasli (OŠ ali manj);Slovenija;2024;12.26
K1.4;K1.4 Osnovno izobraženi odrasli (OŠ ali manj);Slovenija;2025;12
K1.4;K1.4 Osnovno izobraženi odrasli (OŠ ali manj);Slovenija;2026;11.76
K1.5;K1.5 Stopnja delovne aktivnosti;Občina Črnomelj;2016;55.7
K1.5;K1.5 Stopnja delovne aktivnosti;Občina Črnomelj;2017;54.5
K1.5;K1.5 Stopnja delovne aktivnosti;Občina Črnomelj;2018;57.7
K1.5;K1.5 Stopnja delovne aktivnosti;Občina Črnomelj;2019;62.2
K1.5;K1.5 Stopnja delovne aktivnosti;Občina Črnomelj;2020;66.8
K1.5;K1.5 Stopnja delovne aktivnosti;Občina Črnomelj;2021;66.3
K1.5;K1.5 Stopnja delovne aktivnosti;Občina Črnomelj;2022;64
K1.5;K1.5 Stopnja delovne aktivnosti;Občina Črnomelj;2023;67.2
K1.5;K1.5 Stopnja delovne aktivnosti;Občina Črnomelj;2024;68.94
K1.5;K1.5 Stopnja delovne aktivnosti;Občina Črnomelj;2025;68.68
K1.5;K1.5 Stopnja delovne aktivnosti;Občina Črnomelj;2026;69.3
K1.5;K1.5 Stopnja delovne aktivnosti;Regija Jugovzhodna Slovenija;2016;59.2
K1.5;K1.5 Stopnja delovne aktivnosti;Regija Jugovzhodna Slovenija;2017;59.7
K1.5;K1.5 Stopnja delovne aktivnosti;Regija Jugovzhodna Slovenija;2018;61.3
K1.5;K1.5 Stopnja delovne aktivnosti;Regija Jugovzhodna Slovenija;2019;64.25
K1.5;K1.5 Stopnja delovne aktivnosti;Regija Jugovzhodna Slovenija;2020;67.2
K1.5;K1.5 Stopnja delovne aktivnosti;Regija Jugovzhodna Slovenija;2021;68.5
K1.5;K1.5 Stopnja delovne aktivnosti;Regija Jugovzhodna Slovenija;2022;67.1
K1.5;K1.5 Stopnja delovne aktivnosti;Regija Jugovzhodna Slovenija;2023;68.5
K1.5;K1.5 Stopnja delovne aktivnosti;Regija Jugovzhodna Slovenija;2024;69.65
K1.5;K1.5 Stopnja delovne aktivnosti;Regija Jugovzhodna Slovenija;2025;70.31
K1.5;K1.5 Stopnja delovne aktivnosti;Regija Jugovzhodna Slovenija;2026;70
K1.5;K1.5 Stopnja delovne aktivnosti;Upravna enota Črnomelj;2016;27.71
K1.5;K1.5 Stopnja delovne aktivnosti;Upravna enota Črnomelj;2017;27.71
K1.5;K1.5 Stopnja delovne aktivnosti;Upravna enota Črnomelj;2018;27.71
K1.5;K1.5 Stopnja delovne aktivnosti;Upravna enota Črnomelj;2019;27.71
K1.5;K1.5 Stopnja delovne aktivnosti;Upravna enota Črnomelj;2020;27.71
K1.5;K1.5 Stopnja delovne aktivnosti;Upravna enota Črnomelj;2021;27.71
K1.5;K1.5 Stopnja delovne aktivnosti;Upravna enota Črnomelj;2022;27.71
K1.5;K1.5 Stopnja delovne aktivnosti;Upravna enota Črnomelj;2023;27.71
K1.5;K1.5 Stopnja delovne aktivnosti;Upravna enota Črnomelj;2024;27.71
K1.5;K1.5 Stopnja delovne aktivnosti;Upravna enota Črnomelj;2025;27.71
K1.5;K1.5 Stopnja delovne aktivnosti;Upravna enota Črnomelj;2026;27.71
K1.5;K1.5 Stopnja delovne aktivnosti;Slovenija;2016;57.2
K1.5;K1.5 Stopnja delovne aktivnosti;Slovenija;2017;57.9
K1.5;K1.5 Stopnja delovne aktivnosti;Slovenija;2018;59.5
K1.5;K1.5 Stopnja delovne aktivnosti;Slovenija;2019;61.64
K1.5;K1.5 Stopnja delovne aktivnosti;Slovenija;2020;64.4
K1.5;K1.5 Stopnja delovne aktivnosti;Slovenija;2021;65.8
K1.5;K1.5 Stopnja delovne aktivnosti;Slovenija;2022;64.6
K1.5;K1.5 Stopnja delovne aktivnosti;Slovenija;2023;66.1
K1.5;K1.5 Stopnja delovne aktivnosti;Slovenija;2024;67.84
K1.5;K1.5 Stopnja delovne aktivnosti;Slovenija;2025;68.85
K1.5;K1.5 Stopnja delovne aktivnosti;Slovenija;2026;68.58
K1.6;K1.6 Delovne migracije;Občina Črnomelj;2016;70.8
K1.6;K1.6 Delovne migracije;Občina Črnomelj;2017;70.4
K1.6;K1.6 Delovne migracije;Občina Črnomelj;2018;69
K1.6;K1.6 Delovne migracije;Občina Črnomelj;2019;68.79
K1.6;K1.6 Delovne migracije;Občina Črnomelj;2020;n
K1.6;K1.6 Delovne migracije;Občina Črnomelj;2021;n
K1.6;K1.6 Delovne migracije;Občina Črnomelj;2022;n
K1.6;K1.6 Delovne migracije;Občina Črnomelj;2023;n
K1.6;K1.6 Delovne migracije;Občina Črnomelj;2024;n
K1.6;K1.6 Delovne migracije;Občina Črnomelj;2025;n
K1.6;K1.6 Delovne migracije;Občina Črnomelj;2026;n
K1.6;K1.6 Delovne migracije;Regija Jugovzhodna Slovenija;2016;87.6
K1.6;K1.6 Delovne migracije;Regija Jugovzhodna Slovenija;2017;89.2
K1.6;K1.6 Delovne migracije;Regija Jugovzhodna Slovenija;2018;74.3
K1.6;K1.6 Delovne migracije;Regija Jugovzhodna Slovenija;2019;89.61
K1.6;K1.6 Delovne migracije;Regija Jugovzhodna Slovenija;2020;n
K1.6;K1.6 Delovne migracije;Regija Jugovzhodna Slovenija;2021;n
K1.6;K1.6 Delovne migracije;Regija Jugovzhodna Slovenija;2022;n
K1.6;K1.6 Delovne migracije;Regija Jugovzhodna Slovenija;2023;n
K1.6;K1.6 Delovne migracije;Regija Jugovzhodna Slovenija;2024;n
K1.6;K1.6 Delovne migracije;Regija Jugovzhodna Slovenija;2025;n
K1.6;K1.6 Delovne migracije;Regija Jugovzhodna Slovenija;2026;n
K1.6;K1.6 Delovne migracije;Upravna enota Črnomelj;2016;27.71
K1.6;K1.6 Delovne migracije;Upravna enota Črnomelj;2017;27.71
K1.6;K1.6 Delovne migracije;Upravna enota Črnomelj;2018;27.71
K1.6;K1.6 Delovne migracije;Upravna enota Črnomelj;2019;27.71
K1.6;K1.6 Delovne migracije;Upravna enota Črnomelj;2020;n
K1.6;K1.6 Delovne migracije;Upravna enota Črnomelj;2021;n
K1.6;K1.6 Delovne migracije;Upravna enota Črnomelj;2022;n
K1.6;K1.6 Delovne migracije;Upravna enota Črnomelj;2023;n
K1.6;K1.6 Delovne migracije;Upravna enota Črnomelj;2024;n
K1.6;K1.6 Delovne migracije;Upravna enota Črnomelj;2025;n
K1.6;K1.6 Delovne migracije;Upravna enota Črnomelj;2026;n
K1.6;K1.6 Delovne migracije;Slovenija;2016;100.6
K1.6;K1.6 Delovne migracije;Slovenija;2017;100
K1.6;K1.6 Delovne migracije;Slovenija;2018;100
K1.6;K1.6 Delovne migracije;Slovenija;2019;100
K1.6;K1.6 Delovne migracije;Slovenija;2020;n
K1.6;K1.6 Delovne migracije;Slovenija;2021;n
K1.6;K1.6 Delovne migracije;Slovenija;2022;n
K1.6;K1.6 Delovne migracije;Slovenija;2023;n
K1.6;K1.6 Delovne migracije;Slovenija;2024;n
K1.6;K1.6 Delovne migracije;Slovenija;2025;n
K1.6;K1.6 Delovne migracije;Slovenija;2026;n
K2.10;K2.10 Hrupno okolje;Občina Črnomelj;2016;n
K2.10;K2.10 Hrupno okolje;Občina Črnomelj;2017;n
K2.10;K2.10 Hrupno okolje;Občina Črnomelj;2018;n
K2.10;K2.10 Hrupno okolje;Občina Črnomelj;2019;21.19
K2.10;K2.10 Hrupno okolje;Občina Črnomelj;2020;n
K2.10;K2.10 Hrupno okolje;Občina Črnomelj;2021;n
K2.10;K2.10 Hrupno okolje;Občina Črnomelj;2022;22.8
K2.10;K2.10 Hrupno okolje;Občina Črnomelj;2023;n
K2.10;K2.10 Hrupno okolje;Občina Črnomelj;2024;n
K2.10;K2.10 Hrupno okolje;Občina Črnomelj;2025;n
K2.10;K2.10 Hrupno okolje;Občina Črnomelj;2026;22.32
K2.10;K2.10 Hrupno okolje;Regija Jugovzhodna Slovenija;2016;n
K2.10;K2.10 Hrupno okolje;Regija Jugovzhodna Slovenija;2017;n
K2.10;K2.10 Hrupno okolje;Regija Jugovzhodna Slovenija;2018;n
K2.10;K2.10 Hrupno okolje;Regija Jugovzhodna Slovenija;2019;22.75
K2.10;K2.10 Hrupno okolje;Regija Jugovzhodna Slovenija;2020;n
K2.10;K2.10 Hrupno okolje;Regija Jugovzhodna Slovenija;2021;n
K2.10;K2.10 Hrupno okolje;Regija Jugovzhodna Slovenija;2022;23.2
K2.10;K2.10 Hrupno okolje;Regija Jugovzhodna Slovenija;2023;n
K2.10;K2.10 Hrupno okolje;Regija Jugovzhodna Slovenija;2024;n
K2.10;K2.10 Hrupno okolje;Regija Jugovzhodna Slovenija;2025;n
K2.10;K2.10 Hrupno okolje;Regija Jugovzhodna Slovenija;2026;25.34
K2.10;K2.10 Hrupno okolje;Upravna enota Črnomelj;2016;n
K2.10;K2.10 Hrupno okolje;Upravna enota Črnomelj;2017;n
K2.10;K2.10 Hrupno okolje;Upravna enota Črnomelj;2018;n
K2.10;K2.10 Hrupno okolje;Upravna enota Črnomelj;2019;27.71
K2.10;K2.10 Hrupno okolje;Upravna enota Črnomelj;2020;n
K2.10;K2.10 Hrupno okolje;Upravna enota Črnomelj;2021;n
K2.10;K2.10 Hrupno okolje;Upravna enota Črnomelj;2022;27.71
K2.10;K2.10 Hrupno okolje;Upravna enota Črnomelj;2023;n
K2.10;K2.10 Hrupno okolje;Upravna enota Črnomelj;2024;n
K2.10;K2.10 Hrupno okolje;Upravna enota Črnomelj;2025;n
K2.10;K2.10 Hrupno okolje;Upravna enota Črnomelj;2026;27.71
K2.10;K2.10 Hrupno okolje;Slovenija;2016;n
K2.10;K2.10 Hrupno okolje;Slovenija;2017;n
K2.10;K2.10 Hrupno okolje;Slovenija;2018;n
K2.10;K2.10 Hrupno okolje;Slovenija;2019;23.77
K2.10;K2.10 Hrupno okolje;Slovenija;2020;n
K2.10;K2.10 Hrupno okolje;Slovenija;2021;n
K2.10;K2.10 Hrupno okolje;Slovenija;2022;26.4
K2.10;K2.10 Hrupno okolje;Slovenija;2023;n
K2.10;K2.10 Hrupno okolje;Slovenija;2024;n
K2.10;K2.10 Hrupno okolje;Slovenija;2025;n
K2.10;K2.10 Hrupno okolje;Slovenija;2026;29.32
K2.11;K2.11 Uporabniki marihuane;Občina Črnomelj;2016;n
K2.11;K2.11 Uporabniki marihuane;Občina Črnomelj;2017;n
K2.11;K2.11 Uporabniki marihuane;Občina Črnomelj;2018;n
K2.11;K2.11 Uporabniki marihuane;Občina Črnomelj;2019;n
K2.11;K2.11 Uporabniki marihuane;Občina Črnomelj;2020;20.4
K2.11;K2.11 Uporabniki marihuane;Občina Črnomelj;2021;n
K2.11;K2.11 Uporabniki marihuane;Občina Črnomelj;2022;n
K2.11;K2.11 Uporabniki marihuane;Občina Črnomelj;2023;n
K2.11;K2.11 Uporabniki marihuane;Občina Črnomelj;2024;n
K2.11;K2.11 Uporabniki marihuane;Občina Črnomelj;2025;n
K2.11;K2.11 Uporabniki marihuane;Občina Črnomelj;2026;14.04
K2.11;K2.11 Uporabniki marihuane;Regija Jugovzhodna Slovenija;2016;n
K2.11;K2.11 Uporabniki marihuane;Regija Jugovzhodna Slovenija;2017;n
K2.11;K2.11 Uporabniki marihuane;Regija Jugovzhodna Slovenija;2018;n
K2.11;K2.11 Uporabniki marihuane;Regija Jugovzhodna Slovenija;2019;n
K2.11;K2.11 Uporabniki marihuane;Regija Jugovzhodna Slovenija;2020;16.4
K2.11;K2.11 Uporabniki marihuane;Regija Jugovzhodna Slovenija;2021;n
K2.11;K2.11 Uporabniki marihuane;Regija Jugovzhodna Slovenija;2022;n
K2.11;K2.11 Uporabniki marihuane;Regija Jugovzhodna Slovenija;2023;n
K2.11;K2.11 Uporabniki marihuane;Regija Jugovzhodna Slovenija;2024;n
K2.11;K2.11 Uporabniki marihuane;Regija Jugovzhodna Slovenija;2025;n
K2.11;K2.11 Uporabniki marihuane;Regija Jugovzhodna Slovenija;2026;15.76
K2.11;K2.11 Uporabniki marihuane;Upravna enota Črnomelj;2016;n
K2.11;K2.11 Uporabniki marihuane;Upravna enota Črnomelj;2017;n
K2.11;K2.11 Uporabniki marihuane;Upravna enota Črnomelj;2018;n
K2.11;K2.11 Uporabniki marihuane;Upravna enota Črnomelj;2019;n
K2.11;K2.11 Uporabniki marihuane;Upravna enota Črnomelj;2020;27.71
K2.11;K2.11 Uporabniki marihuane;Upravna enota Črnomelj;2021;n
K2.11;K2.11 Uporabniki marihuane;Upravna enota Črnomelj;2022;n
K2.11;K2.11 Uporabniki marihuane;Upravna enota Črnomelj;2023;n
K2.11;K2.11 Uporabniki marihuane;Upravna enota Črnomelj;2024;n
K2.11;K2.11 Uporabniki marihuane;Upravna enota Črnomelj;2025;n
K2.11;K2.11 Uporabniki marihuane;Upravna enota Črnomelj;2026;27.71
K2.11;K2.11 Uporabniki marihuane;Slovenija;2016;n
K2.11;K2.11 Uporabniki marihuane;Slovenija;2017;n
K2.11;K2.11 Uporabniki marihuane;Slovenija;2018;n
K2.11;K2.11 Uporabniki marihuane;Slovenija;2019;n
K2.11;K2.11 Uporabniki marihuane;Slovenija;2020;20.7
K2.11;K2.11 Uporabniki marihuane;Slovenija;2021;n
K2.11;K2.11 Uporabniki marihuane;Slovenija;2022;n
K2.11;K2.11 Uporabniki marihuane;Slovenija;2023;n
K2.11;K2.11 Uporabniki marihuane;Slovenija;2024;n
K2.11;K2.11 Uporabniki marihuane;Slovenija;2025;n
K2.11;K2.11 Uporabniki marihuane;Slovenija;2026;21.96
K2.12;K2.12 Dostop do površin za rekreacijo;Občina Črnomelj;2016;n
K2.12;K2.12 Dostop do površin za rekreacijo;Občina Črnomelj;2017;n
K2.12;K2.12 Dostop do površin za rekreacijo;Občina Črnomelj;2018;n
K2.12;K2.12 Dostop do površin za rekreacijo;Občina Črnomelj;2019;n
K2.12;K2.12 Dostop do površin za rekreacijo;Občina Črnomelj;2020;n
K2.12;K2.12 Dostop do površin za rekreacijo;Občina Črnomelj;2021;n
K2.12;K2.12 Dostop do površin za rekreacijo;Občina Črnomelj;2022;74.2
K2.12;K2.12 Dostop do površin za rekreacijo;Občina Črnomelj;2023;n
K2.12;K2.12 Dostop do površin za rekreacijo;Občina Črnomelj;2024;n
K2.12;K2.12 Dostop do površin za rekreacijo;Občina Črnomelj;2025;n
K2.12;K2.12 Dostop do površin za rekreacijo;Občina Črnomelj;2026;n
K2.12;K2.12 Dostop do površin za rekreacijo;Regija Jugovzhodna Slovenija;2016;n
K2.12;K2.12 Dostop do površin za rekreacijo;Regija Jugovzhodna Slovenija;2017;n
K2.12;K2.12 Dostop do površin za rekreacijo;Regija Jugovzhodna Slovenija;2018;n
K2.12;K2.12 Dostop do površin za rekreacijo;Regija Jugovzhodna Slovenija;2019;n
K2.12;K2.12 Dostop do površin za rekreacijo;Regija Jugovzhodna Slovenija;2020;n
K2.12;K2.12 Dostop do površin za rekreacijo;Regija Jugovzhodna Slovenija;2021;n
K2.12;K2.12 Dostop do površin za rekreacijo;Regija Jugovzhodna Slovenija;2022;83.7
K2.12;K2.12 Dostop do površin za rekreacijo;Regija Jugovzhodna Slovenija;2023;n
K2.12;K2.12 Dostop do površin za rekreacijo;Regija Jugovzhodna Slovenija;2024;n
K2.12;K2.12 Dostop do površin za rekreacijo;Regija Jugovzhodna Slovenija;2025;n
K2.12;K2.12 Dostop do površin za rekreacijo;Regija Jugovzhodna Slovenija;2026;n
K2.12;K2.12 Dostop do površin za rekreacijo;Upravna enota Črnomelj;2016;n
K2.12;K2.12 Dostop do površin za rekreacijo;Upravna enota Črnomelj;2017;n
K2.12;K2.12 Dostop do površin za rekreacijo;Upravna enota Črnomelj;2018;n
K2.12;K2.12 Dostop do površin za rekreacijo;Upravna enota Črnomelj;2019;n
K2.12;K2.12 Dostop do površin za rekreacijo;Upravna enota Črnomelj;2020;n
K2.12;K2.12 Dostop do površin za rekreacijo;Upravna enota Črnomelj;2021;n
K2.12;K2.12 Dostop do površin za rekreacijo;Upravna enota Črnomelj;2022;27.71
K2.12;K2.12 Dostop do površin za rekreacijo;Upravna enota Črnomelj;2023;n
K2.12;K2.12 Dostop do površin za rekreacijo;Upravna enota Črnomelj;2024;n
K2.12;K2.12 Dostop do površin za rekreacijo;Upravna enota Črnomelj;2025;n
K2.12;K2.12 Dostop do površin za rekreacijo;Upravna enota Črnomelj;2026;n
K2.12;K2.12 Dostop do površin za rekreacijo;Slovenija;2016;n
K2.12;K2.12 Dostop do površin za rekreacijo;Slovenija;2017;n
K2.12;K2.12 Dostop do površin za rekreacijo;Slovenija;2018;n
K2.12;K2.12 Dostop do površin za rekreacijo;Slovenija;2019;n
K2.12;K2.12 Dostop do površin za rekreacijo;Slovenija;2020;n
K2.12;K2.12 Dostop do površin za rekreacijo;Slovenija;2021;n
K2.12;K2.12 Dostop do površin za rekreacijo;Slovenija;2022;88.2
K2.12;K2.12 Dostop do površin za rekreacijo;Slovenija;2023;n
K2.12;K2.12 Dostop do površin za rekreacijo;Slovenija;2024;n
K2.12;K2.12 Dostop do površin za rekreacijo;Slovenija;2025;n
K2.12;K2.12 Dostop do površin za rekreacijo;Slovenija;2026;n
K2.13;K2.13 Dostop do varnih kolesarskih in sprehajalnih poti;Občina Črnomelj;2016;n
K2.13;K2.13 Dostop do varnih kolesarskih in sprehajalnih poti;Občina Črnomelj;2017;n
K2.13;K2.13 Dostop do varnih kolesarskih in sprehajalnih poti;Občina Črnomelj;2018;n
K2.13;K2.13 Dostop do varnih kolesarskih in sprehajalnih poti;Občina Črnomelj;2019;n
K2.13;K2.13 Dostop do varnih kolesarskih in sprehajalnih poti;Občina Črnomelj;2020;n
K2.13;K2.13 Dostop do varnih kolesarskih in sprehajalnih poti;Občina Črnomelj;2021;n
K2.13;K2.13 Dostop do varnih kolesarskih in sprehajalnih poti;Občina Črnomelj;2022;n
K2.13;K2.13 Dostop do varnih kolesarskih in sprehajalnih poti;Občina Črnomelj;2023;97.8
K2.13;K2.13 Dostop do varnih kolesarskih in sprehajalnih poti;Občina Črnomelj;2024;n
K2.13;K2.13 Dostop do varnih kolesarskih in sprehajalnih poti;Občina Črnomelj;2025;n
K2.13;K2.13 Dostop do varnih kolesarskih in sprehajalnih poti;Občina Črnomelj;2026;n
K2.13;K2.13 Dostop do varnih kolesarskih in sprehajalnih poti;Regija Jugovzhodna Slovenija;2016;n
K2.13;K2.13 Dostop do varnih kolesarskih in sprehajalnih poti;Regija Jugovzhodna Slovenija;2017;n
K2.13;K2.13 Dostop do varnih kolesarskih in sprehajalnih poti;Regija Jugovzhodna Slovenija;2018;n
K2.13;K2.13 Dostop do varnih kolesarskih in sprehajalnih poti;Regija Jugovzhodna Slovenija;2019;n
K2.13;K2.13 Dostop do varnih kolesarskih in sprehajalnih poti;Regija Jugovzhodna Slovenija;2020;n
K2.13;K2.13 Dostop do varnih kolesarskih in sprehajalnih poti;Regija Jugovzhodna Slovenija;2021;n
K2.13;K2.13 Dostop do varnih kolesarskih in sprehajalnih poti;Regija Jugovzhodna Slovenija;2022;n
K2.13;K2.13 Dostop do varnih kolesarskih in sprehajalnih poti;Regija Jugovzhodna Slovenija;2023;96.3
K2.13;K2.13 Dostop do varnih kolesarskih in sprehajalnih poti;Regija Jugovzhodna Slovenija;2024;n
K2.13;K2.13 Dostop do varnih kolesarskih in sprehajalnih poti;Regija Jugovzhodna Slovenija;2025;n
K2.13;K2.13 Dostop do varnih kolesarskih in sprehajalnih poti;Regija Jugovzhodna Slovenija;2026;n
K2.13;K2.13 Dostop do varnih kolesarskih in sprehajalnih poti;Upravna enota Črnomelj;2016;n
K2.13;K2.13 Dostop do varnih kolesarskih in sprehajalnih poti;Upravna enota Črnomelj;2017;n
K2.13;K2.13 Dostop do varnih kolesarskih in sprehajalnih poti;Upravna enota Črnomelj;2018;n
K2.13;K2.13 Dostop do varnih kolesarskih in sprehajalnih poti;Upravna enota Črnomelj;2019;n
K2.13;K2.13 Dostop do varnih kolesarskih in sprehajalnih poti;Upravna enota Črnomelj;2020;n
K2.13;K2.13 Dostop do varnih kolesarskih in sprehajalnih poti;Upravna enota Črnomelj;2021;n
K2.13;K2.13 Dostop do varnih kolesarskih in sprehajalnih poti;Upravna enota Črnomelj;2022;n
K2.13;K2.13 Dostop do varnih kolesarskih in sprehajalnih poti;Upravna enota Črnomelj;2023;27.71
K2.13;K2.13 Dostop do varnih kolesarskih in sprehajalnih poti;Upravna enota Črnomelj;2024;n
K2.13;K2.13 Dostop do varnih kolesarskih in sprehajalnih poti;Upravna enota Črnomelj;2025;n
K2.13;K2.13 Dostop do varnih kolesarskih in sprehajalnih poti;Upravna enota Črnomelj;2026;n
K2.13;K2.13 Dostop do varnih kolesarskih in sprehajalnih poti;Slovenija;2016;n
K2.13;K2.13 Dostop do varnih kolesarskih in sprehajalnih poti;Slovenija;2017;n
K2.13;K2.13 Dostop do varnih kolesarskih in sprehajalnih poti;Slovenija;2018;n
K2.13;K2.13 Dostop do varnih kolesarskih in sprehajalnih poti;Slovenija;2019;n
K2.13;K2.13 Dostop do varnih kolesarskih in sprehajalnih poti;Slovenija;2020;n
K2.13;K2.13 Dostop do varnih kolesarskih in sprehajalnih poti;Slovenija;2021;n
K2.13;K2.13 Dostop do varnih kolesarskih in sprehajalnih poti;Slovenija;2022;n
K2.13;K2.13 Dostop do varnih kolesarskih in sprehajalnih poti;Slovenija;2023;97.5
K2.13;K2.13 Dostop do varnih kolesarskih in sprehajalnih poti;Slovenija;2024;n
K2.13;K2.13 Dostop do varnih kolesarskih in sprehajalnih poti;Slovenija;2025;n
K2.13;K2.13 Dostop do varnih kolesarskih in sprehajalnih poti;Slovenija;2026;n
K2.14;K2.14 Sodelovanje pri odločitvah skupnosti;Občina Črnomelj;2016;n
K2.14;K2.14 Sodelovanje pri odločitvah skupnosti;Občina Črnomelj;2017;n
K2.14;K2.14 Sodelovanje pri odločitvah skupnosti;Občina Črnomelj;2018;n
K2.14;K2.14 Sodelovanje pri odločitvah skupnosti;Občina Črnomelj;2019;n
K2.14;K2.14 Sodelovanje pri odločitvah skupnosti;Občina Črnomelj;2020;n
K2.14;K2.14 Sodelovanje pri odločitvah skupnosti;Občina Črnomelj;2021;n
K2.14;K2.14 Sodelovanje pri odločitvah skupnosti;Občina Črnomelj;2022;n
K2.14;K2.14 Sodelovanje pri odločitvah skupnosti;Občina Črnomelj;2023;53
K2.14;K2.14 Sodelovanje pri odločitvah skupnosti;Občina Črnomelj;2024;n
K2.14;K2.14 Sodelovanje pri odločitvah skupnosti;Občina Črnomelj;2025;n
K2.14;K2.14 Sodelovanje pri odločitvah skupnosti;Občina Črnomelj;2026;n
K2.14;K2.14 Sodelovanje pri odločitvah skupnosti;Regija Jugovzhodna Slovenija;2016;n
K2.14;K2.14 Sodelovanje pri odločitvah skupnosti;Regija Jugovzhodna Slovenija;2017;n
K2.14;K2.14 Sodelovanje pri odločitvah skupnosti;Regija Jugovzhodna Slovenija;2018;n
K2.14;K2.14 Sodelovanje pri odločitvah skupnosti;Regija Jugovzhodna Slovenija;2019;n
K2.14;K2.14 Sodelovanje pri odločitvah skupnosti;Regija Jugovzhodna Slovenija;2020;n
K2.14;K2.14 Sodelovanje pri odločitvah skupnosti;Regija Jugovzhodna Slovenija;2021;n
K2.14;K2.14 Sodelovanje pri odločitvah skupnosti;Regija Jugovzhodna Slovenija;2022;n
K2.14;K2.14 Sodelovanje pri odločitvah skupnosti;Regija Jugovzhodna Slovenija;2023;54.2
K2.14;K2.14 Sodelovanje pri odločitvah skupnosti;Regija Jugovzhodna Slovenija;2024;n
K2.14;K2.14 Sodelovanje pri odločitvah skupnosti;Regija Jugovzhodna Slovenija;2025;n
K2.14;K2.14 Sodelovanje pri odločitvah skupnosti;Regija Jugovzhodna Slovenija;2026;n
K2.14;K2.14 Sodelovanje pri odločitvah skupnosti;Upravna enota Črnomelj;2016;n
K2.14;K2.14 Sodelovanje pri odločitvah skupnosti;Upravna enota Črnomelj;2017;n
K2.14;K2.14 Sodelovanje pri odločitvah skupnosti;Upravna enota Črnomelj;2018;n
K2.14;K2.14 Sodelovanje pri odločitvah skupnosti;Upravna enota Črnomelj;2019;n
K2.14;K2.14 Sodelovanje pri odločitvah skupnosti;Upravna enota Črnomelj;2020;n
K2.14;K2.14 Sodelovanje pri odločitvah skupnosti;Upravna enota Črnomelj;2021;n
K2.14;K2.14 Sodelovanje pri odločitvah skupnosti;Upravna enota Črnomelj;2022;n
K2.14;K2.14 Sodelovanje pri odločitvah skupnosti;Upravna enota Črnomelj;2023;27.71
K2.14;K2.14 Sodelovanje pri odločitvah skupnosti;Upravna enota Črnomelj;2024;n
K2.14;K2.14 Sodelovanje pri odločitvah skupnosti;Upravna enota Črnomelj;2025;n
K2.14;K2.14 Sodelovanje pri odločitvah skupnosti;Upravna enota Črnomelj;2026;n
K2.14;K2.14 Sodelovanje pri odločitvah skupnosti;Slovenija;2016;n
K2.14;K2.14 Sodelovanje pri odločitvah skupnosti;Slovenija;2017;n
K2.14;K2.14 Sodelovanje pri odločitvah skupnosti;Slovenija;2018;n
K2.14;K2.14 Sodelovanje pri odločitvah skupnosti;Slovenija;2019;n
K2.14;K2.14 Sodelovanje pri odločitvah skupnosti;Slovenija;2020;n
K2.14;K2.14 Sodelovanje pri odločitvah skupnosti;Slovenija;2021;n
K2.14;K2.14 Sodelovanje pri odločitvah skupnosti;Slovenija;2022;n
K2.14;K2.14 Sodelovanje pri odločitvah skupnosti;Slovenija;2023;50.8
K2.14;K2.14 Sodelovanje pri odločitvah skupnosti;Slovenija;2024;n
K2.14;K2.14 Sodelovanje pri odločitvah skupnosti;Slovenija;2025;n
K2.14;K2.14 Sodelovanje pri odločitvah skupnosti;Slovenija;2026;n
K2.2;K2.2 Prekomerna prehranjenost otrok;Občina Črnomelj;2016;31.1
K2.2;K2.2 Prekomerna prehranjenost otrok;Občina Črnomelj;2017;30.9
K2.2;K2.2 Prekomerna prehranjenost otrok;Občina Črnomelj;2018;28.8
K2.2;K2.2 Prekomerna prehranjenost otrok;Občina Črnomelj;2019;30.08
K2.2;K2.2 Prekomerna prehranjenost otrok;Občina Črnomelj;2020;30
K2.2;K2.2 Prekomerna prehranjenost otrok;Občina Črnomelj;2021;31.7
K2.2;K2.2 Prekomerna prehranjenost otrok;Občina Črnomelj;2022;30.4
K2.2;K2.2 Prekomerna prehranjenost otrok;Občina Črnomelj;2023;33.1
K2.2;K2.2 Prekomerna prehranjenost otrok;Občina Črnomelj;2024;32.3
K2.2;K2.2 Prekomerna prehranjenost otrok;Občina Črnomelj;2025;29.9
K2.2;K2.2 Prekomerna prehranjenost otrok;Občina Črnomelj;2026;28.3
K2.2;K2.2 Prekomerna prehranjenost otrok;Regija Jugovzhodna Slovenija;2016;26.8
K2.2;K2.2 Prekomerna prehranjenost otrok;Regija Jugovzhodna Slovenija;2017;27
K2.2;K2.2 Prekomerna prehranjenost otrok;Regija Jugovzhodna Slovenija;2018;27.7
K2.2;K2.2 Prekomerna prehranjenost otrok;Regija Jugovzhodna Slovenija;2019;26.27
K2.2;K2.2 Prekomerna prehranjenost otrok;Regija Jugovzhodna Slovenija;2020;26.7
K2.2;K2.2 Prekomerna prehranjenost otrok;Regija Jugovzhodna Slovenija;2021;27
K2.2;K2.2 Prekomerna prehranjenost otrok;Regija Jugovzhodna Slovenija;2022;n
K2.2;K2.2 Prekomerna prehranjenost otrok;Regija Jugovzhodna Slovenija;2023;n
K2.2;K2.2 Prekomerna prehranjenost otrok;Regija Jugovzhodna Slovenija;2024;27.04
K2.2;K2.2 Prekomerna prehranjenost otrok;Regija Jugovzhodna Slovenija;2025;26.45
K2.2;K2.2 Prekomerna prehranjenost otrok;Regija Jugovzhodna Slovenija;2026;26.65
K2.2;K2.2 Prekomerna prehranjenost otrok;Upravna enota Črnomelj;2016;27.71
K2.2;K2.2 Prekomerna prehranjenost otrok;Upravna enota Črnomelj;2017;27.71
K2.2;K2.2 Prekomerna prehranjenost otrok;Upravna enota Črnomelj;2018;27.71
K2.2;K2.2 Prekomerna prehranjenost otrok;Upravna enota Črnomelj;2019;27.71
K2.2;K2.2 Prekomerna prehranjenost otrok;Upravna enota Črnomelj;2020;27.71
K2.2;K2.2 Prekomerna prehranjenost otrok;Upravna enota Črnomelj;2021;27.71
K2.2;K2.2 Prekomerna prehranjenost otrok;Upravna enota Črnomelj;2022;27.71
K2.2;K2.2 Prekomerna prehranjenost otrok;Upravna enota Črnomelj;2023;27.71
K2.2;K2.2 Prekomerna prehranjenost otrok;Upravna enota Črnomelj;2024;27.71
K2.2;K2.2 Prekomerna prehranjenost otrok;Upravna enota Črnomelj;2025;27.71
K2.2;K2.2 Prekomerna prehranjenost otrok;Upravna enota Črnomelj;2026;27.71
K2.2;K2.2 Prekomerna prehranjenost otrok;Slovenija;2016;24.6
K2.2;K2.2 Prekomerna prehranjenost otrok;Slovenija;2017;23.9
K2.2;K2.2 Prekomerna prehranjenost otrok;Slovenija;2018;24.8
K2.2;K2.2 Prekomerna prehranjenost otrok;Slovenija;2019;24.3
K2.2;K2.2 Prekomerna prehranjenost otrok;Slovenija;2020;24.5
K2.2;K2.2 Prekomerna prehranjenost otrok;Slovenija;2021;24.1
K2.2;K2.2 Prekomerna prehranjenost otrok;Slovenija;2022;27.8
K2.2;K2.2 Prekomerna prehranjenost otrok;Slovenija;2023;28.7
K2.2;K2.2 Prekomerna prehranjenost otrok;Slovenija;2024;24.95
K2.2;K2.2 Prekomerna prehranjenost otrok;Slovenija;2025;23.39
K2.2;K2.2 Prekomerna prehranjenost otrok;Slovenija;2026;24.18
K2.3;K2.3 Kadilci;Občina Črnomelj;2016;25.6
K2.3;K2.3 Kadilci;Občina Črnomelj;2017;n
K2.3;K2.3 Kadilci;Občina Črnomelj;2018;n
K2.3;K2.3 Kadilci;Občina Črnomelj;2019;n
K2.3;K2.3 Kadilci;Občina Črnomelj;2020;n
K2.3;K2.3 Kadilci;Občina Črnomelj;2021;23.7
K2.3;K2.3 Kadilci;Občina Črnomelj;2022;n
K2.3;K2.3 Kadilci;Občina Črnomelj;2023;n
K2.3;K2.3 Kadilci;Občina Črnomelj;2024;n
K2.3;K2.3 Kadilci;Občina Črnomelj;2025;n
K2.3;K2.3 Kadilci;Občina Črnomelj;2026;n
K2.3;K2.3 Kadilci;Regija Jugovzhodna Slovenija;2016;22.5
K2.3;K2.3 Kadilci;Regija Jugovzhodna Slovenija;2017;n
K2.3;K2.3 Kadilci;Regija Jugovzhodna Slovenija;2018;n
K2.3;K2.3 Kadilci;Regija Jugovzhodna Slovenija;2019;n
K2.3;K2.3 Kadilci;Regija Jugovzhodna Slovenija;2020;n
K2.3;K2.3 Kadilci;Regija Jugovzhodna Slovenija;2021;24.5
K2.3;K2.3 Kadilci;Regija Jugovzhodna Slovenija;2022;n
K2.3;K2.3 Kadilci;Regija Jugovzhodna Slovenija;2023;n
K2.3;K2.3 Kadilci;Regija Jugovzhodna Slovenija;2024;n
K2.3;K2.3 Kadilci;Regija Jugovzhodna Slovenija;2025;n
K2.3;K2.3 Kadilci;Regija Jugovzhodna Slovenija;2026;n
K2.3;K2.3 Kadilci;Upravna enota Črnomelj;2016;27.71
K2.3;K2.3 Kadilci;Upravna enota Črnomelj;2017;n
K2.3;K2.3 Kadilci;Upravna enota Črnomelj;2018;n
K2.3;K2.3 Kadilci;Upravna enota Črnomelj;2019;n
K2.3;K2.3 Kadilci;Upravna enota Črnomelj;2020;n
K2.3;K2.3 Kadilci;Upravna enota Črnomelj;2021;27.71
K2.3;K2.3 Kadilci;Upravna enota Črnomelj;2022;n
K2.3;K2.3 Kadilci;Upravna enota Črnomelj;2023;n
K2.3;K2.3 Kadilci;Upravna enota Črnomelj;2024;n
K2.3;K2.3 Kadilci;Upravna enota Črnomelj;2025;n
K2.3;K2.3 Kadilci;Upravna enota Črnomelj;2026;n
K2.3;K2.3 Kadilci;Slovenija;2016;24.2
K2.3;K2.3 Kadilci;Slovenija;2017;n
K2.3;K2.3 Kadilci;Slovenija;2018;n
K2.3;K2.3 Kadilci;Slovenija;2019;n
K2.3;K2.3 Kadilci;Slovenija;2020;n
K2.3;K2.3 Kadilci;Slovenija;2021;23.2
K2.3;K2.3 Kadilci;Slovenija;2022;n
K2.3;K2.3 Kadilci;Slovenija;2023;n
K2.3;K2.3 Kadilci;Slovenija;2024;n
K2.3;K2.3 Kadilci;Slovenija;2025;n
K2.3;K2.3 Kadilci;Slovenija;2026;n
K2.4;K2.4 Visokotvegano opijanje;Občina Črnomelj;2016;44.7
K2.4;K2.4 Visokotvegano opijanje;Občina Črnomelj;2017;n
K2.4;K2.4 Visokotvegano opijanje;Občina Črnomelj;2018;n
K2.4;K2.4 Visokotvegano opijanje;Občina Črnomelj;2019;n
K2.4;K2.4 Visokotvegano opijanje;Občina Črnomelj;2020;n
K2.4;K2.4 Visokotvegano opijanje;Občina Črnomelj;2021;46.2
K2.4;K2.4 Visokotvegano opijanje;Občina Črnomelj;2022;n
K2.4;K2.4 Visokotvegano opijanje;Občina Črnomelj;2023;n
K2.4;K2.4 Visokotvegano opijanje;Občina Črnomelj;2024;n
K2.4;K2.4 Visokotvegano opijanje;Občina Črnomelj;2025;n
K2.4;K2.4 Visokotvegano opijanje;Občina Črnomelj;2026;n
K2.4;K2.4 Visokotvegano opijanje;Regija Jugovzhodna Slovenija;2016;44.9
K2.4;K2.4 Visokotvegano opijanje;Regija Jugovzhodna Slovenija;2017;n
K2.4;K2.4 Visokotvegano opijanje;Regija Jugovzhodna Slovenija;2018;n
K2.4;K2.4 Visokotvegano opijanje;Regija Jugovzhodna Slovenija;2019;n
K2.4;K2.4 Visokotvegano opijanje;Regija Jugovzhodna Slovenija;2020;n
K2.4;K2.4 Visokotvegano opijanje;Regija Jugovzhodna Slovenija;2021;39.3
K2.4;K2.4 Visokotvegano opijanje;Regija Jugovzhodna Slovenija;2022;n
K2.4;K2.4 Visokotvegano opijanje;Regija Jugovzhodna Slovenija;2023;n
K2.4;K2.4 Visokotvegano opijanje;Regija Jugovzhodna Slovenija;2024;n
K2.4;K2.4 Visokotvegano opijanje;Regija Jugovzhodna Slovenija;2025;n
K2.4;K2.4 Visokotvegano opijanje;Regija Jugovzhodna Slovenija;2026;n
K2.4;K2.4 Visokotvegano opijanje;Upravna enota Črnomelj;2016;27.71
K2.4;K2.4 Visokotvegano opijanje;Upravna enota Črnomelj;2017;n
K2.4;K2.4 Visokotvegano opijanje;Upravna enota Črnomelj;2018;n
K2.4;K2.4 Visokotvegano opijanje;Upravna enota Črnomelj;2019;n
K2.4;K2.4 Visokotvegano opijanje;Upravna enota Črnomelj;2020;n
K2.4;K2.4 Visokotvegano opijanje;Upravna enota Črnomelj;2021;27.71
K2.4;K2.4 Visokotvegano opijanje;Upravna enota Črnomelj;2022;n
K2.4;K2.4 Visokotvegano opijanje;Upravna enota Črnomelj;2023;n
K2.4;K2.4 Visokotvegano opijanje;Upravna enota Črnomelj;2024;n
K2.4;K2.4 Visokotvegano opijanje;Upravna enota Črnomelj;2025;n
K2.4;K2.4 Visokotvegano opijanje;Upravna enota Črnomelj;2026;n
K2.4;K2.4 Visokotvegano opijanje;Slovenija;2016;40.9
K2.4;K2.4 Visokotvegano opijanje;Slovenija;2017;n
K2.4;K2.4 Visokotvegano opijanje;Slovenija;2018;n
K2.4;K2.4 Visokotvegano opijanje;Slovenija;2019;n
K2.4;K2.4 Visokotvegano opijanje;Slovenija;2020;n
K2.4;K2.4 Visokotvegano opijanje;Slovenija;2021;42.8
K2.4;K2.4 Visokotvegano opijanje;Slovenija;2022;n
K2.4;K2.4 Visokotvegano opijanje;Slovenija;2023;n
K2.4;K2.4 Visokotvegano opijanje;Slovenija;2024;n
K2.4;K2.4 Visokotvegano opijanje;Slovenija;2025;n
K2.4;K2.4 Visokotvegano opijanje;Slovenija;2026;n
K2.5;K2.5 Poškodovani v transportnih nezgodah;Občina Črnomelj;2016;2
K2.5;K2.5 Poškodovani v transportnih nezgodah;Občina Črnomelj;2017;2.1
K2.5;K2.5 Poškodovani v transportnih nezgodah;Občina Črnomelj;2018;2
K2.5;K2.5 Poškodovani v transportnih nezgodah;Občina Črnomelj;2019;1.85
K2.5;K2.5 Poškodovani v transportnih nezgodah;Občina Črnomelj;2020;1.8
K2.5;K2.5 Poškodovani v transportnih nezgodah;Občina Črnomelj;2021;1.5
K2.5;K2.5 Poškodovani v transportnih nezgodah;Občina Črnomelj;2022;1.4
K2.5;K2.5 Poškodovani v transportnih nezgodah;Občina Črnomelj;2023;1.3
K2.5;K2.5 Poškodovani v transportnih nezgodah;Občina Črnomelj;2024;1.29
K2.5;K2.5 Poškodovani v transportnih nezgodah;Občina Črnomelj;2025;1.25
K2.5;K2.5 Poškodovani v transportnih nezgodah;Občina Črnomelj;2026;1.23
K2.5;K2.5 Poškodovani v transportnih nezgodah;Regija Jugovzhodna Slovenija;2016;1.7
K2.5;K2.5 Poškodovani v transportnih nezgodah;Regija Jugovzhodna Slovenija;2017;1.6
K2.5;K2.5 Poškodovani v transportnih nezgodah;Regija Jugovzhodna Slovenija;2018;1.6
K2.5;K2.5 Poškodovani v transportnih nezgodah;Regija Jugovzhodna Slovenija;2019;1.65
K2.5;K2.5 Poškodovani v transportnih nezgodah;Regija Jugovzhodna Slovenija;2020;1.6
K2.5;K2.5 Poškodovani v transportnih nezgodah;Regija Jugovzhodna Slovenija;2021;1.5
K2.5;K2.5 Poškodovani v transportnih nezgodah;Regija Jugovzhodna Slovenija;2022;1.3
K2.5;K2.5 Poškodovani v transportnih nezgodah;Regija Jugovzhodna Slovenija;2023;1.2
K2.5;K2.5 Poškodovani v transportnih nezgodah;Regija Jugovzhodna Slovenija;2024;1.02
K2.5;K2.5 Poškodovani v transportnih nezgodah;Regija Jugovzhodna Slovenija;2025;0.98
K2.5;K2.5 Poškodovani v transportnih nezgodah;Regija Jugovzhodna Slovenija;2026;0.89
K2.5;K2.5 Poškodovani v transportnih nezgodah;Upravna enota Črnomelj;2016;27.71
K2.5;K2.5 Poškodovani v transportnih nezgodah;Upravna enota Črnomelj;2017;27.71
K2.5;K2.5 Poškodovani v transportnih nezgodah;Upravna enota Črnomelj;2018;27.71
K2.5;K2.5 Poškodovani v transportnih nezgodah;Upravna enota Črnomelj;2019;27.71
K2.5;K2.5 Poškodovani v transportnih nezgodah;Upravna enota Črnomelj;2020;27.71
K2.5;K2.5 Poškodovani v transportnih nezgodah;Upravna enota Črnomelj;2021;27.71
K2.5;K2.5 Poškodovani v transportnih nezgodah;Upravna enota Črnomelj;2022;27.71
K2.5;K2.5 Poškodovani v transportnih nezgodah;Upravna enota Črnomelj;2023;27.71
K2.5;K2.5 Poškodovani v transportnih nezgodah;Upravna enota Črnomelj;2024;27.71
K2.5;K2.5 Poškodovani v transportnih nezgodah;Upravna enota Črnomelj;2025;27.71
K2.5;K2.5 Poškodovani v transportnih nezgodah;Upravna enota Črnomelj;2026;27.71
K2.5;K2.5 Poškodovani v transportnih nezgodah;Slovenija;2016;1.8
K2.5;K2.5 Poškodovani v transportnih nezgodah;Slovenija;2017;1.6
K2.5;K2.5 Poškodovani v transportnih nezgodah;Slovenija;2018;1.6
K2.5;K2.5 Poškodovani v transportnih nezgodah;Slovenija;2019;1.49
K2.5;K2.5 Poškodovani v transportnih nezgodah;Slovenija;2020;1.4
K2.5;K2.5 Poškodovani v transportnih nezgodah;Slovenija;2021;1.4
K2.5;K2.5 Poškodovani v transportnih nezgodah;Slovenija;2022;1.3
K2.5;K2.5 Poškodovani v transportnih nezgodah;Slovenija;2023;1.1
K2.5;K2.5 Poškodovani v transportnih nezgodah;Slovenija;2024;1.08
K2.5;K2.5 Poškodovani v transportnih nezgodah;Slovenija;2025;1.02
K2.5;K2.5 Poškodovani v transportnih nezgodah;Slovenija;2026;0.96
K2.6;K2.6 Prometne nezgode z alkoholiziranimi povzročitelji;Občina Črnomelj;2016;18.9
K2.6;K2.6 Prometne nezgode z alkoholiziranimi povzročitelji;Občina Črnomelj;2017;17
K2.6;K2.6 Prometne nezgode z alkoholiziranimi povzročitelji;Občina Črnomelj;2018;15.6
K2.6;K2.6 Prometne nezgode z alkoholiziranimi povzročitelji;Občina Črnomelj;2019;14.29
K2.6;K2.6 Prometne nezgode z alkoholiziranimi povzročitelji;Občina Črnomelj;2020;13.3
K2.6;K2.6 Prometne nezgode z alkoholiziranimi povzročitelji;Občina Črnomelj;2021;11.8
K2.6;K2.6 Prometne nezgode z alkoholiziranimi povzročitelji;Občina Črnomelj;2022;11.4
K2.6;K2.6 Prometne nezgode z alkoholiziranimi povzročitelji;Občina Črnomelj;2023;12
K2.6;K2.6 Prometne nezgode z alkoholiziranimi povzročitelji;Občina Črnomelj;2024;13.16
K2.6;K2.6 Prometne nezgode z alkoholiziranimi povzročitelji;Občina Črnomelj;2025;12.98
K2.6;K2.6 Prometne nezgode z alkoholiziranimi povzročitelji;Občina Črnomelj;2026;12.94
K2.6;K2.6 Prometne nezgode z alkoholiziranimi povzročitelji;Regija Jugovzhodna Slovenija;2016;10.3
K2.6;K2.6 Prometne nezgode z alkoholiziranimi povzročitelji;Regija Jugovzhodna Slovenija;2017;10.1
K2.6;K2.6 Prometne nezgode z alkoholiziranimi povzročitelji;Regija Jugovzhodna Slovenija;2018;10.2
K2.6;K2.6 Prometne nezgode z alkoholiziranimi povzročitelji;Regija Jugovzhodna Slovenija;2019;9.99
K2.6;K2.6 Prometne nezgode z alkoholiziranimi povzročitelji;Regija Jugovzhodna Slovenija;2020;9.6
K2.6;K2.6 Prometne nezgode z alkoholiziranimi povzročitelji;Regija Jugovzhodna Slovenija;2021;9.4
K2.6;K2.6 Prometne nezgode z alkoholiziranimi povzročitelji;Regija Jugovzhodna Slovenija;2022;9.7
K2.6;K2.6 Prometne nezgode z alkoholiziranimi povzročitelji;Regija Jugovzhodna Slovenija;2023;9.6
K2.6;K2.6 Prometne nezgode z alkoholiziranimi povzročitelji;Regija Jugovzhodna Slovenija;2024;9.57
K2.6;K2.6 Prometne nezgode z alkoholiziranimi povzročitelji;Regija Jugovzhodna Slovenija;2025;9.63
K2.6;K2.6 Prometne nezgode z alkoholiziranimi povzročitelji;Regija Jugovzhodna Slovenija;2026;9.46
K2.6;K2.6 Prometne nezgode z alkoholiziranimi povzročitelji;Upravna enota Črnomelj;2016;27.71
K2.6;K2.6 Prometne nezgode z alkoholiziranimi povzročitelji;Upravna enota Črnomelj;2017;27.71
K2.6;K2.6 Prometne nezgode z alkoholiziranimi povzročitelji;Upravna enota Črnomelj;2018;27.71
K2.6;K2.6 Prometne nezgode z alkoholiziranimi povzročitelji;Upravna enota Črnomelj;2019;27.71
K2.6;K2.6 Prometne nezgode z alkoholiziranimi povzročitelji;Upravna enota Črnomelj;2020;27.71
K2.6;K2.6 Prometne nezgode z alkoholiziranimi povzročitelji;Upravna enota Črnomelj;2021;27.71
K2.6;K2.6 Prometne nezgode z alkoholiziranimi povzročitelji;Upravna enota Črnomelj;2022;27.71
K2.6;K2.6 Prometne nezgode z alkoholiziranimi povzročitelji;Upravna enota Črnomelj;2023;27.71
K2.6;K2.6 Prometne nezgode z alkoholiziranimi povzročitelji;Upravna enota Črnomelj;2024;27.71
K2.6;K2.6 Prometne nezgode z alkoholiziranimi povzročitelji;Upravna enota Črnomelj;2025;27.71
K2.6;K2.6 Prometne nezgode z alkoholiziranimi povzročitelji;Upravna enota Črnomelj;2026;27.71
K2.6;K2.6 Prometne nezgode z alkoholiziranimi povzročitelji;Slovenija;2016;8.7
K2.6;K2.6 Prometne nezgode z alkoholiziranimi povzročitelji;Slovenija;2017;8.7
K2.6;K2.6 Prometne nezgode z alkoholiziranimi povzročitelji;Slovenija;2018;9
K2.6;K2.6 Prometne nezgode z alkoholiziranimi povzročitelji;Slovenija;2019;9.05
K2.6;K2.6 Prometne nezgode z alkoholiziranimi povzročitelji;Slovenija;2020;9.1
K2.6;K2.6 Prometne nezgode z alkoholiziranimi povzročitelji;Slovenija;2021;8.8
K2.6;K2.6 Prometne nezgode z alkoholiziranimi povzročitelji;Slovenija;2022;8.9
K2.6;K2.6 Prometne nezgode z alkoholiziranimi povzročitelji;Slovenija;2023;8.5
K2.6;K2.6 Prometne nezgode z alkoholiziranimi povzročitelji;Slovenija;2024;8.48
K2.6;K2.6 Prometne nezgode z alkoholiziranimi povzročitelji;Slovenija;2025;8.37
K2.6;K2.6 Prometne nezgode z alkoholiziranimi povzročitelji;Slovenija;2026;8.22
K2.7;K2.7 Sosedska povezanost;Občina Črnomelj;2016;n
K2.7;K2.7 Sosedska povezanost;Občina Črnomelj;2017;62.5
K2.7;K2.7 Sosedska povezanost;Občina Črnomelj;2018;n
K2.7;K2.7 Sosedska povezanost;Občina Črnomelj;2019;n
K2.7;K2.7 Sosedska povezanost;Občina Črnomelj;2020;n
K2.7;K2.7 Sosedska povezanost;Občina Črnomelj;2021;n
K2.7;K2.7 Sosedska povezanost;Občina Črnomelj;2022;n
K2.7;K2.7 Sosedska povezanost;Občina Črnomelj;2023;n
K2.7;K2.7 Sosedska povezanost;Občina Črnomelj;2024;n
K2.7;K2.7 Sosedska povezanost;Občina Črnomelj;2025;n
K2.7;K2.7 Sosedska povezanost;Občina Črnomelj;2026;n
K2.7;K2.7 Sosedska povezanost;Regija Jugovzhodna Slovenija;2016;n
K2.7;K2.7 Sosedska povezanost;Regija Jugovzhodna Slovenija;2017;66.9
K2.7;K2.7 Sosedska povezanost;Regija Jugovzhodna Slovenija;2018;n
K2.7;K2.7 Sosedska povezanost;Regija Jugovzhodna Slovenija;2019;n
K2.7;K2.7 Sosedska povezanost;Regija Jugovzhodna Slovenija;2020;n
K2.7;K2.7 Sosedska povezanost;Regija Jugovzhodna Slovenija;2021;n
K2.7;K2.7 Sosedska povezanost;Regija Jugovzhodna Slovenija;2022;n
K2.7;K2.7 Sosedska povezanost;Regija Jugovzhodna Slovenija;2023;n
K2.7;K2.7 Sosedska povezanost;Regija Jugovzhodna Slovenija;2024;n
K2.7;K2.7 Sosedska povezanost;Regija Jugovzhodna Slovenija;2025;n
K2.7;K2.7 Sosedska povezanost;Regija Jugovzhodna Slovenija;2026;n
K2.7;K2.7 Sosedska povezanost;Upravna enota Črnomelj;2016;n
K2.7;K2.7 Sosedska povezanost;Upravna enota Črnomelj;2017;27.71
K2.7;K2.7 Sosedska povezanost;Upravna enota Črnomelj;2018;n
K2.7;K2.7 Sosedska povezanost;Upravna enota Črnomelj;2019;n
K2.7;K2.7 Sosedska povezanost;Upravna enota Črnomelj;2020;n
K2.7;K2.7 Sosedska povezanost;Upravna enota Črnomelj;2021;n
K2.7;K2.7 Sosedska povezanost;Upravna enota Črnomelj;2022;n
K2.7;K2.7 Sosedska povezanost;Upravna enota Črnomelj;2023;n
K2.7;K2.7 Sosedska povezanost;Upravna enota Črnomelj;2024;n
K2.7;K2.7 Sosedska povezanost;Upravna enota Črnomelj;2025;n
K2.7;K2.7 Sosedska povezanost;Upravna enota Črnomelj;2026;n
K2.7;K2.7 Sosedska povezanost;Slovenija;2016;n
K2.7;K2.7 Sosedska povezanost;Slovenija;2017;64.9
K2.7;K2.7 Sosedska povezanost;Slovenija;2018;n
K2.7;K2.7 Sosedska povezanost;Slovenija;2019;n
K2.7;K2.7 Sosedska povezanost;Slovenija;2020;n
K2.7;K2.7 Sosedska povezanost;Slovenija;2021;n
K2.7;K2.7 Sosedska povezanost;Slovenija;2022;n
K2.7;K2.7 Sosedska povezanost;Slovenija;2023;n
K2.7;K2.7 Sosedska povezanost;Slovenija;2024;n
K2.7;K2.7 Sosedska povezanost;Slovenija;2025;n
K2.7;K2.7 Sosedska povezanost;Slovenija;2026;n
K2.8;K2.8 Umivanje zob;Občina Črnomelj;2016;n
K2.8;K2.8 Umivanje zob;Občina Črnomelj;2017;n
K2.8;K2.8 Umivanje zob;Občina Črnomelj;2018;55.9
K2.8;K2.8 Umivanje zob;Občina Črnomelj;2019;n
K2.8;K2.8 Umivanje zob;Občina Črnomelj;2020;n
K2.8;K2.8 Umivanje zob;Občina Črnomelj;2021;n
K2.8;K2.8 Umivanje zob;Občina Črnomelj;2022;55.7
K2.8;K2.8 Umivanje zob;Občina Črnomelj;2023;n
K2.8;K2.8 Umivanje zob;Občina Črnomelj;2024;n
K2.8;K2.8 Umivanje zob;Občina Črnomelj;2025;n
K2.8;K2.8 Umivanje zob;Občina Črnomelj;2026;62.96
K2.8;K2.8 Umivanje zob;Regija Jugovzhodna Slovenija;2016;n
K2.8;K2.8 Umivanje zob;Regija Jugovzhodna Slovenija;2017;n
K2.8;K2.8 Umivanje zob;Regija Jugovzhodna Slovenija;2018;55.5
K2.8;K2.8 Umivanje zob;Regija Jugovzhodna Slovenija;2019;n
K2.8;K2.8 Umivanje zob;Regija Jugovzhodna Slovenija;2020;n
K2.8;K2.8 Umivanje zob;Regija Jugovzhodna Slovenija;2021;n
K2.8;K2.8 Umivanje zob;Regija Jugovzhodna Slovenija;2022;58.1
K2.8;K2.8 Umivanje zob;Regija Jugovzhodna Slovenija;2023;n
K2.8;K2.8 Umivanje zob;Regija Jugovzhodna Slovenija;2024;n
K2.8;K2.8 Umivanje zob;Regija Jugovzhodna Slovenija;2025;n
K2.8;K2.8 Umivanje zob;Regija Jugovzhodna Slovenija;2026;63.66
K2.8;K2.8 Umivanje zob;Upravna enota Črnomelj;2016;n
K2.8;K2.8 Umivanje zob;Upravna enota Črnomelj;2017;n
K2.8;K2.8 Umivanje zob;Upravna enota Črnomelj;2018;27.71
K2.8;K2.8 Umivanje zob;Upravna enota Črnomelj;2019;n
K2.8;K2.8 Umivanje zob;Upravna enota Črnomelj;2020;n
K2.8;K2.8 Umivanje zob;Upravna enota Črnomelj;2021;n
K2.8;K2.8 Umivanje zob;Upravna enota Črnomelj;2022;27.71
K2.8;K2.8 Umivanje zob;Upravna enota Črnomelj;2023;n
K2.8;K2.8 Umivanje zob;Upravna enota Črnomelj;2024;n
K2.8;K2.8 Umivanje zob;Upravna enota Črnomelj;2025;n
K2.8;K2.8 Umivanje zob;Upravna enota Črnomelj;2026;27.71
K2.8;K2.8 Umivanje zob;Slovenija;2016;n
K2.8;K2.8 Umivanje zob;Slovenija;2017;n
K2.8;K2.8 Umivanje zob;Slovenija;2018;64.3
K2.8;K2.8 Umivanje zob;Slovenija;2019;n
K2.8;K2.8 Umivanje zob;Slovenija;2020;n
K2.8;K2.8 Umivanje zob;Slovenija;2021;n
K2.8;K2.8 Umivanje zob;Slovenija;2022;68.4
K2.8;K2.8 Umivanje zob;Slovenija;2023;n
K2.8;K2.8 Umivanje zob;Slovenija;2024;n
K2.8;K2.8 Umivanje zob;Slovenija;2025;n
K2.8;K2.8 Umivanje zob;Slovenija;2026;68.74
K2.9;K2.9 Prekomerna prehranjenost odraslih;Občina Črnomelj;2016;n
K2.9;K2.9 Prekomerna prehranjenost odraslih;Občina Črnomelj;2017;n
K2.9;K2.9 Prekomerna prehranjenost odraslih;Občina Črnomelj;2018;n
K2.9;K2.9 Prekomerna prehranjenost odraslih;Občina Črnomelj;2019;63.95
K2.9;K2.9 Prekomerna prehranjenost odraslih;Občina Črnomelj;2020;n
K2.9;K2.9 Prekomerna prehranjenost odraslih;Občina Črnomelj;2021;n
K2.9;K2.9 Prekomerna prehranjenost odraslih;Občina Črnomelj;2022;55.8
K2.9;K2.9 Prekomerna prehranjenost odraslih;Občina Črnomelj;2023;n
K2.9;K2.9 Prekomerna prehranjenost odraslih;Občina Črnomelj;2024;n
K2.9;K2.9 Prekomerna prehranjenost odraslih;Občina Črnomelj;2025;n
K2.9;K2.9 Prekomerna prehranjenost odraslih;Občina Črnomelj;2026;61.64
K2.9;K2.9 Prekomerna prehranjenost odraslih;Regija Jugovzhodna Slovenija;2016;n
K2.9;K2.9 Prekomerna prehranjenost odraslih;Regija Jugovzhodna Slovenija;2017;n
K2.9;K2.9 Prekomerna prehranjenost odraslih;Regija Jugovzhodna Slovenija;2018;n
K2.9;K2.9 Prekomerna prehranjenost odraslih;Regija Jugovzhodna Slovenija;2019;64.49
K2.9;K2.9 Prekomerna prehranjenost odraslih;Regija Jugovzhodna Slovenija;2020;n
K2.9;K2.9 Prekomerna prehranjenost odraslih;Regija Jugovzhodna Slovenija;2021;n
K2.9;K2.9 Prekomerna prehranjenost odraslih;Regija Jugovzhodna Slovenija;2022;59.1
K2.9;K2.9 Prekomerna prehranjenost odraslih;Regija Jugovzhodna Slovenija;2023;n
K2.9;K2.9 Prekomerna prehranjenost odraslih;Regija Jugovzhodna Slovenija;2024;n
K2.9;K2.9 Prekomerna prehranjenost odraslih;Regija Jugovzhodna Slovenija;2025;n
K2.9;K2.9 Prekomerna prehranjenost odraslih;Regija Jugovzhodna Slovenija;2026;65.09
K2.9;K2.9 Prekomerna prehranjenost odraslih;Upravna enota Črnomelj;2016;n
K2.9;K2.9 Prekomerna prehranjenost odraslih;Upravna enota Črnomelj;2017;n
K2.9;K2.9 Prekomerna prehranjenost odraslih;Upravna enota Črnomelj;2018;n
K2.9;K2.9 Prekomerna prehranjenost odraslih;Upravna enota Črnomelj;2019;27.71
K2.9;K2.9 Prekomerna prehranjenost odraslih;Upravna enota Črnomelj;2020;n
K2.9;K2.9 Prekomerna prehranjenost odraslih;Upravna enota Črnomelj;2021;n
K2.9;K2.9 Prekomerna prehranjenost odraslih;Upravna enota Črnomelj;2022;27.71
K2.9;K2.9 Prekomerna prehranjenost odraslih;Upravna enota Črnomelj;2023;n
K2.9;K2.9 Prekomerna prehranjenost odraslih;Upravna enota Črnomelj;2024;n
K2.9;K2.9 Prekomerna prehranjenost odraslih;Upravna enota Črnomelj;2025;n
K2.9;K2.9 Prekomerna prehranjenost odraslih;Upravna enota Črnomelj;2026;27.71
K2.9;K2.9 Prekomerna prehranjenost odraslih;Slovenija;2016;n
K2.9;K2.9 Prekomerna prehranjenost odraslih;Slovenija;2017;n
K2.9;K2.9 Prekomerna prehranjenost odraslih;Slovenija;2018;n
K2.9;K2.9 Prekomerna prehranjenost odraslih;Slovenija;2019;58.37
K2.9;K2.9 Prekomerna prehranjenost odraslih;Slovenija;2020;n
K2.9;K2.9 Prekomerna prehranjenost odraslih;Slovenija;2021;n
K2.9;K2.9 Prekomerna prehranjenost odraslih;Slovenija;2022;55.9
K2.9;K2.9 Prekomerna prehranjenost odraslih;Slovenija;2023;n
K2.9;K2.9 Prekomerna prehranjenost odraslih;Slovenija;2024;n
K2.9;K2.9 Prekomerna prehranjenost odraslih;Slovenija;2025;n
K2.9;K2.9 Prekomerna prehranjenost odraslih;Slovenija;2026;59.78
K3.1;K3.1 Odzivnost v Program Svit;Občina Črnomelj;2016;64.9
K3.1;K3.1 Odzivnost v Program Svit;Občina Črnomelj;2017;64.6
K3.1;K3.1 Odzivnost v Program Svit;Občina Črnomelj;2018;68.9
K3.1;K3.1 Odzivnost v Program Svit;Občina Črnomelj;2019;65.21
K3.1;K3.1 Odzivnost v Program Svit;Občina Črnomelj;2020;68.8
K3.1;K3.1 Odzivnost v Program Svit;Občina Črnomelj;2021;68.2
K3.1;K3.1 Odzivnost v Program Svit;Občina Črnomelj;2022;67.2
K3.1;K3.1 Odzivnost v Program Svit;Občina Črnomelj;2023;63.6
K3.1;K3.1 Odzivnost v Program Svit;Občina Črnomelj;2024;66.31
K3.1;K3.1 Odzivnost v Program Svit;Občina Črnomelj;2025;66.48
K3.1;K3.1 Odzivnost v Program Svit;Občina Črnomelj;2026;68.14
K3.1;K3.1 Odzivnost v Program Svit;Regija Jugovzhodna Slovenija;2016;63.8
K3.1;K3.1 Odzivnost v Program Svit;Regija Jugovzhodna Slovenija;2017;63.3
K3.1;K3.1 Odzivnost v Program Svit;Regija Jugovzhodna Slovenija;2018;67.6
K3.1;K3.1 Odzivnost v Program Svit;Regija Jugovzhodna Slovenija;2019;65.83
K3.1;K3.1 Odzivnost v Program Svit;Regija Jugovzhodna Slovenija;2020;67.6
K3.1;K3.1 Odzivnost v Program Svit;Regija Jugovzhodna Slovenija;2021;68.2
K3.1;K3.1 Odzivnost v Program Svit;Regija Jugovzhodna Slovenija;2022;66.6
K3.1;K3.1 Odzivnost v Program Svit;Regija Jugovzhodna Slovenija;2023;66.1
K3.1;K3.1 Odzivnost v Program Svit;Regija Jugovzhodna Slovenija;2024;65.69
K3.1;K3.1 Odzivnost v Program Svit;Regija Jugovzhodna Slovenija;2025;68.11
K3.1;K3.1 Odzivnost v Program Svit;Regija Jugovzhodna Slovenija;2026;67.48
K3.1;K3.1 Odzivnost v Program Svit;Upravna enota Črnomelj;2016;27.71
K3.1;K3.1 Odzivnost v Program Svit;Upravna enota Črnomelj;2017;27.71
K3.1;K3.1 Odzivnost v Program Svit;Upravna enota Črnomelj;2018;27.71
K3.1;K3.1 Odzivnost v Program Svit;Upravna enota Črnomelj;2019;27.71
K3.1;K3.1 Odzivnost v Program Svit;Upravna enota Črnomelj;2020;27.71
K3.1;K3.1 Odzivnost v Program Svit;Upravna enota Črnomelj;2021;27.71
K3.1;K3.1 Odzivnost v Program Svit;Upravna enota Črnomelj;2022;27.71
K3.1;K3.1 Odzivnost v Program Svit;Upravna enota Črnomelj;2023;27.71
K3.1;K3.1 Odzivnost v Program Svit;Upravna enota Črnomelj;2024;27.71
K3.1;K3.1 Odzivnost v Program Svit;Upravna enota Črnomelj;2025;27.71
K3.1;K3.1 Odzivnost v Program Svit;Upravna enota Črnomelj;2026;27.71
K3.1;K3.1 Odzivnost v Program Svit;Slovenija;2016;60.4
K3.1;K3.1 Odzivnost v Program Svit;Slovenija;2017;59.7
K3.1;K3.1 Odzivnost v Program Svit;Slovenija;2018;64.3
K3.1;K3.1 Odzivnost v Program Svit;Slovenija;2019;62.74
K3.1;K3.1 Odzivnost v Program Svit;Slovenija;2020;64.6
K3.1;K3.1 Odzivnost v Program Svit;Slovenija;2021;65.6
K3.1;K3.1 Odzivnost v Program Svit;Slovenija;2022;64.4
K3.1;K3.1 Odzivnost v Program Svit;Slovenija;2023;63.4
K3.1;K3.1 Odzivnost v Program Svit;Slovenija;2024;63.43
K3.1;K3.1 Odzivnost v Program Svit;Slovenija;2025;65.26
K3.1;K3.1 Odzivnost v Program Svit;Slovenija;2026;64.94
K3.2;K3.2 Presejanost v Programu Zora;Občina Črnomelj;2016;74.3
K3.2;K3.2 Presejanost v Programu Zora;Občina Črnomelj;2017;75
K3.2;K3.2 Presejanost v Programu Zora;Občina Črnomelj;2018;76.3
K3.2;K3.2 Presejanost v Programu Zora;Občina Črnomelj;2019;75.73
K3.2;K3.2 Presejanost v Programu Zora;Občina Črnomelj;2020;74.6
K3.2;K3.2 Presejanost v Programu Zora;Občina Črnomelj;2021;75.2
K3.2;K3.2 Presejanost v Programu Zora;Občina Črnomelj;2022;72.2
K3.2;K3.2 Presejanost v Programu Zora;Občina Črnomelj;2023;73
K3.2;K3.2 Presejanost v Programu Zora;Občina Črnomelj;2024;73.01
K3.2;K3.2 Presejanost v Programu Zora;Občina Črnomelj;2025;75.44
K3.2;K3.2 Presejanost v Programu Zora;Občina Črnomelj;2026;71.96
K3.2;K3.2 Presejanost v Programu Zora;Regija Jugovzhodna Slovenija;2016;70.2
K3.2;K3.2 Presejanost v Programu Zora;Regija Jugovzhodna Slovenija;2017;70.9
K3.2;K3.2 Presejanost v Programu Zora;Regija Jugovzhodna Slovenija;2018;71.7
K3.2;K3.2 Presejanost v Programu Zora;Regija Jugovzhodna Slovenija;2019;72.37
K3.2;K3.2 Presejanost v Programu Zora;Regija Jugovzhodna Slovenija;2020;71.7
K3.2;K3.2 Presejanost v Programu Zora;Regija Jugovzhodna Slovenija;2021;71.2
K3.2;K3.2 Presejanost v Programu Zora;Regija Jugovzhodna Slovenija;2022;68.4
K3.2;K3.2 Presejanost v Programu Zora;Regija Jugovzhodna Slovenija;2023;70.8
K3.2;K3.2 Presejanost v Programu Zora;Regija Jugovzhodna Slovenija;2024;71.48
K3.2;K3.2 Presejanost v Programu Zora;Regija Jugovzhodna Slovenija;2025;73.74
K3.2;K3.2 Presejanost v Programu Zora;Regija Jugovzhodna Slovenija;2026;71.38
K3.2;K3.2 Presejanost v Programu Zora;Upravna enota Črnomelj;2016;27.71
K3.2;K3.2 Presejanost v Programu Zora;Upravna enota Črnomelj;2017;27.71
K3.2;K3.2 Presejanost v Programu Zora;Upravna enota Črnomelj;2018;27.71
K3.2;K3.2 Presejanost v Programu Zora;Upravna enota Črnomelj;2019;27.71
K3.2;K3.2 Presejanost v Programu Zora;Upravna enota Črnomelj;2020;27.71
K3.2;K3.2 Presejanost v Programu Zora;Upravna enota Črnomelj;2021;27.71
K3.2;K3.2 Presejanost v Programu Zora;Upravna enota Črnomelj;2022;27.71
K3.2;K3.2 Presejanost v Programu Zora;Upravna enota Črnomelj;2023;27.71
K3.2;K3.2 Presejanost v Programu Zora;Upravna enota Črnomelj;2024;27.71
K3.2;K3.2 Presejanost v Programu Zora;Upravna enota Črnomelj;2025;27.71
K3.2;K3.2 Presejanost v Programu Zora;Upravna enota Črnomelj;2026;27.71
K3.2;K3.2 Presejanost v Programu Zora;Slovenija;2016;71.3
K3.2;K3.2 Presejanost v Programu Zora;Slovenija;2017;71.5
K3.2;K3.2 Presejanost v Programu Zora;Slovenija;2018;71.8
K3.2;K3.2 Presejanost v Programu Zora;Slovenija;2019;71.78
K3.2;K3.2 Presejanost v Programu Zora;Slovenija;2020;71.7
K3.2;K3.2 Presejanost v Programu Zora;Slovenija;2021;72.4
K3.2;K3.2 Presejanost v Programu Zora;Slovenija;2022;69.5
K3.2;K3.2 Presejanost v Programu Zora;Slovenija;2023;71.7
K3.2;K3.2 Presejanost v Programu Zora;Slovenija;2024;71.42
K3.2;K3.2 Presejanost v Programu Zora;Slovenija;2025;74.51
K3.2;K3.2 Presejanost v Programu Zora;Slovenija;2026;72.48
K3.3;K3.3 Mikrobiološka kakovost pitne vode;Občina Črnomelj;2016;87
K3.3;K3.3 Mikrobiološka kakovost pitne vode;Občina Črnomelj;2017;94.9
K3.3;K3.3 Mikrobiološka kakovost pitne vode;Občina Črnomelj;2018;96.7
K3.3;K3.3 Mikrobiološka kakovost pitne vode;Občina Črnomelj;2019;n
K3.3;K3.3 Mikrobiološka kakovost pitne vode;Občina Črnomelj;2020;n
K3.3;K3.3 Mikrobiološka kakovost pitne vode;Občina Črnomelj;2021;n
K3.3;K3.3 Mikrobiološka kakovost pitne vode;Občina Črnomelj;2022;n
K3.3;K3.3 Mikrobiološka kakovost pitne vode;Občina Črnomelj;2023;n
K3.3;K3.3 Mikrobiološka kakovost pitne vode;Občina Črnomelj;2024;n
K3.3;K3.3 Mikrobiološka kakovost pitne vode;Občina Črnomelj;2025;n
K3.3;K3.3 Mikrobiološka kakovost pitne vode;Občina Črnomelj;2026;n
K3.3;K3.3 Mikrobiološka kakovost pitne vode;Regija Jugovzhodna Slovenija;2016;n
K3.3;K3.3 Mikrobiološka kakovost pitne vode;Regija Jugovzhodna Slovenija;2017;n
K3.3;K3.3 Mikrobiološka kakovost pitne vode;Regija Jugovzhodna Slovenija;2018;n
K3.3;K3.3 Mikrobiološka kakovost pitne vode;Regija Jugovzhodna Slovenija;2019;n
K3.3;K3.3 Mikrobiološka kakovost pitne vode;Regija Jugovzhodna Slovenija;2020;n
K3.3;K3.3 Mikrobiološka kakovost pitne vode;Regija Jugovzhodna Slovenija;2021;n
K3.3;K3.3 Mikrobiološka kakovost pitne vode;Regija Jugovzhodna Slovenija;2022;n
K3.3;K3.3 Mikrobiološka kakovost pitne vode;Regija Jugovzhodna Slovenija;2023;n
K3.3;K3.3 Mikrobiološka kakovost pitne vode;Regija Jugovzhodna Slovenija;2024;n
K3.3;K3.3 Mikrobiološka kakovost pitne vode;Regija Jugovzhodna Slovenija;2025;n
K3.3;K3.3 Mikrobiološka kakovost pitne vode;Regija Jugovzhodna Slovenija;2026;n
K3.3;K3.3 Mikrobiološka kakovost pitne vode;Upravna enota Črnomelj;2016;n
K3.3;K3.3 Mikrobiološka kakovost pitne vode;Upravna enota Črnomelj;2017;n
K3.3;K3.3 Mikrobiološka kakovost pitne vode;Upravna enota Črnomelj;2018;n
K3.3;K3.3 Mikrobiološka kakovost pitne vode;Upravna enota Črnomelj;2019;n
K3.3;K3.3 Mikrobiološka kakovost pitne vode;Upravna enota Črnomelj;2020;n
K3.3;K3.3 Mikrobiološka kakovost pitne vode;Upravna enota Črnomelj;2021;n
K3.3;K3.3 Mikrobiološka kakovost pitne vode;Upravna enota Črnomelj;2022;n
K3.3;K3.3 Mikrobiološka kakovost pitne vode;Upravna enota Črnomelj;2023;n
K3.3;K3.3 Mikrobiološka kakovost pitne vode;Upravna enota Črnomelj;2024;n
K3.3;K3.3 Mikrobiološka kakovost pitne vode;Upravna enota Črnomelj;2025;n
K3.3;K3.3 Mikrobiološka kakovost pitne vode;Upravna enota Črnomelj;2026;n
K3.3;K3.3 Mikrobiološka kakovost pitne vode;Slovenija;2016;86.8
K3.3;K3.3 Mikrobiološka kakovost pitne vode;Slovenija;2017;88.9
K3.3;K3.3 Mikrobiološka kakovost pitne vode;Slovenija;2018;90.6
K3.3;K3.3 Mikrobiološka kakovost pitne vode;Slovenija;2019;n
K3.3;K3.3 Mikrobiološka kakovost pitne vode;Slovenija;2020;n
K3.3;K3.3 Mikrobiološka kakovost pitne vode;Slovenija;2021;n
K3.3;K3.3 Mikrobiološka kakovost pitne vode;Slovenija;2022;n
K3.3;K3.3 Mikrobiološka kakovost pitne vode;Slovenija;2023;n
K3.3;K3.3 Mikrobiološka kakovost pitne vode;Slovenija;2024;n
K3.3;K3.3 Mikrobiološka kakovost pitne vode;Slovenija;2025;n
K3.3;K3.3 Mikrobiološka kakovost pitne vode;Slovenija;2026;n
K3.4;K3.4 Presejanost v Programu DORA;Občina Črnomelj;2016;n
K3.4;K3.4 Presejanost v Programu DORA;Občina Črnomelj;2017;n
K3.4;K3.4 Presejanost v Programu DORA;Občina Črnomelj;2018;n
K3.4;K3.4 Presejanost v Programu DORA;Občina Črnomelj;2019;n
K3.4;K3.4 Presejanost v Programu DORA;Občina Črnomelj;2020;64.4
K3.4;K3.4 Presejanost v Programu DORA;Občina Črnomelj;2021;78.7
K3.4;K3.4 Presejanost v Programu DORA;Občina Črnomelj;2022;79.1
K3.4;K3.4 Presejanost v Programu DORA;Občina Črnomelj;2023;81.4
K3.4;K3.4 Presejanost v Programu DORA;Občina Črnomelj;2024;82.88
K3.4;K3.4 Presejanost v Programu DORA;Občina Črnomelj;2025;82.25
K3.4;K3.4 Presejanost v Programu DORA;Občina Črnomelj;2026;82.08
K3.4;K3.4 Presejanost v Programu DORA;Regija Jugovzhodna Slovenija;2016;n
K3.4;K3.4 Presejanost v Programu DORA;Regija Jugovzhodna Slovenija;2017;n
K3.4;K3.4 Presejanost v Programu DORA;Regija Jugovzhodna Slovenija;2018;n
K3.4;K3.4 Presejanost v Programu DORA;Regija Jugovzhodna Slovenija;2019;n
K3.4;K3.4 Presejanost v Programu DORA;Regija Jugovzhodna Slovenija;2020;73.9
K3.4;K3.4 Presejanost v Programu DORA;Regija Jugovzhodna Slovenija;2021;79.1
K3.4;K3.4 Presejanost v Programu DORA;Regija Jugovzhodna Slovenija;2022;79.2
K3.4;K3.4 Presejanost v Programu DORA;Regija Jugovzhodna Slovenija;2023;80.1
K3.4;K3.4 Presejanost v Programu DORA;Regija Jugovzhodna Slovenija;2024;80.74
K3.4;K3.4 Presejanost v Programu DORA;Regija Jugovzhodna Slovenija;2025;80.68
K3.4;K3.4 Presejanost v Programu DORA;Regija Jugovzhodna Slovenija;2026;80.16
K3.4;K3.4 Presejanost v Programu DORA;Upravna enota Črnomelj;2016;n
K3.4;K3.4 Presejanost v Programu DORA;Upravna enota Črnomelj;2017;n
K3.4;K3.4 Presejanost v Programu DORA;Upravna enota Črnomelj;2018;n
K3.4;K3.4 Presejanost v Programu DORA;Upravna enota Črnomelj;2019;n
K3.4;K3.4 Presejanost v Programu DORA;Upravna enota Črnomelj;2020;27.71
K3.4;K3.4 Presejanost v Programu DORA;Upravna enota Črnomelj;2021;27.71
K3.4;K3.4 Presejanost v Programu DORA;Upravna enota Črnomelj;2022;27.71
K3.4;K3.4 Presejanost v Programu DORA;Upravna enota Črnomelj;2023;27.71
K3.4;K3.4 Presejanost v Programu DORA;Upravna enota Črnomelj;2024;27.71
K3.4;K3.4 Presejanost v Programu DORA;Upravna enota Črnomelj;2025;27.71
K3.4;K3.4 Presejanost v Programu DORA;Upravna enota Črnomelj;2026;27.71
K3.4;K3.4 Presejanost v Programu DORA;Slovenija;2016;n
K3.4;K3.4 Presejanost v Programu DORA;Slovenija;2017;n
K3.4;K3.4 Presejanost v Programu DORA;Slovenija;2018;n
K3.4;K3.4 Presejanost v Programu DORA;Slovenija;2019;n
K3.4;K3.4 Presejanost v Programu DORA;Slovenija;2020;76.2
K3.4;K3.4 Presejanost v Programu DORA;Slovenija;2021;77.5
K3.4;K3.4 Presejanost v Programu DORA;Slovenija;2022;76.7
K3.4;K3.4 Presejanost v Programu DORA;Slovenija;2023;78
K3.4;K3.4 Presejanost v Programu DORA;Slovenija;2024;77.79
K3.4;K3.4 Presejanost v Programu DORA;Slovenija;2025;77.9
K3.4;K3.4 Presejanost v Programu DORA;Slovenija;2026;77.93
K3.5;K3.5 Precepljenost proti okužbam s HPV;Občina Črnomelj;2016;n
K3.5;K3.5 Precepljenost proti okužbam s HPV;Občina Črnomelj;2017;n
K3.5;K3.5 Precepljenost proti okužbam s HPV;Občina Črnomelj;2018;n
K3.5;K3.5 Precepljenost proti okužbam s HPV;Občina Črnomelj;2019;n
K3.5;K3.5 Precepljenost proti okužbam s HPV;Občina Črnomelj;2020;n
K3.5;K3.5 Precepljenost proti okužbam s HPV;Občina Črnomelj;2021;n
K3.5;K3.5 Precepljenost proti okužbam s HPV;Občina Črnomelj;2022;n
K3.5;K3.5 Precepljenost proti okužbam s HPV;Občina Črnomelj;2023;n
K3.5;K3.5 Precepljenost proti okužbam s HPV;Občina Črnomelj;2024;46.79
K3.5;K3.5 Precepljenost proti okužbam s HPV;Občina Črnomelj;2025;57.52
K3.5;K3.5 Precepljenost proti okužbam s HPV;Občina Črnomelj;2026;40.67
K3.5;K3.5 Precepljenost proti okužbam s HPV;Regija Jugovzhodna Slovenija;2016;n
K3.5;K3.5 Precepljenost proti okužbam s HPV;Regija Jugovzhodna Slovenija;2017;n
K3.5;K3.5 Precepljenost proti okužbam s HPV;Regija Jugovzhodna Slovenija;2018;n
K3.5;K3.5 Precepljenost proti okužbam s HPV;Regija Jugovzhodna Slovenija;2019;n
K3.5;K3.5 Precepljenost proti okužbam s HPV;Regija Jugovzhodna Slovenija;2020;n
K3.5;K3.5 Precepljenost proti okužbam s HPV;Regija Jugovzhodna Slovenija;2021;n
K3.5;K3.5 Precepljenost proti okužbam s HPV;Regija Jugovzhodna Slovenija;2022;n
K3.5;K3.5 Precepljenost proti okužbam s HPV;Regija Jugovzhodna Slovenija;2023;n
K3.5;K3.5 Precepljenost proti okužbam s HPV;Regija Jugovzhodna Slovenija;2024;38.78
K3.5;K3.5 Precepljenost proti okužbam s HPV;Regija Jugovzhodna Slovenija;2025;40.06
K3.5;K3.5 Precepljenost proti okužbam s HPV;Regija Jugovzhodna Slovenija;2026;41.31
K3.5;K3.5 Precepljenost proti okužbam s HPV;Upravna enota Črnomelj;2016;n
K3.5;K3.5 Precepljenost proti okužbam s HPV;Upravna enota Črnomelj;2017;n
K3.5;K3.5 Precepljenost proti okužbam s HPV;Upravna enota Črnomelj;2018;n
K3.5;K3.5 Precepljenost proti okužbam s HPV;Upravna enota Črnomelj;2019;n
K3.5;K3.5 Precepljenost proti okužbam s HPV;Upravna enota Črnomelj;2020;n
K3.5;K3.5 Precepljenost proti okužbam s HPV;Upravna enota Črnomelj;2021;n
K3.5;K3.5 Precepljenost proti okužbam s HPV;Upravna enota Črnomelj;2022;n
K3.5;K3.5 Precepljenost proti okužbam s HPV;Upravna enota Črnomelj;2023;n
K3.5;K3.5 Precepljenost proti okužbam s HPV;Upravna enota Črnomelj;2024;27.71
K3.5;K3.5 Precepljenost proti okužbam s HPV;Upravna enota Črnomelj;2025;27.71
K3.5;K3.5 Precepljenost proti okužbam s HPV;Upravna enota Črnomelj;2026;27.71
K3.5;K3.5 Precepljenost proti okužbam s HPV;Slovenija;2016;n
K3.5;K3.5 Precepljenost proti okužbam s HPV;Slovenija;2017;n
K3.5;K3.5 Precepljenost proti okužbam s HPV;Slovenija;2018;n
K3.5;K3.5 Precepljenost proti okužbam s HPV;Slovenija;2019;n
K3.5;K3.5 Precepljenost proti okužbam s HPV;Slovenija;2020;n
K3.5;K3.5 Precepljenost proti okužbam s HPV;Slovenija;2021;n
K3.5;K3.5 Precepljenost proti okužbam s HPV;Slovenija;2022;n
K3.5;K3.5 Precepljenost proti okužbam s HPV;Slovenija;2023;n
K3.5;K3.5 Precepljenost proti okužbam s HPV;Slovenija;2024;45.16
K3.5;K3.5 Precepljenost proti okužbam s HPV;Slovenija;2025;46.03
K3.5;K3.5 Precepljenost proti okužbam s HPV;Slovenija;2026;46.27
K3.6;K3.6 Precepljenost proti pnevmokokom;Občina Črnomelj;2016;n
K3.6;K3.6 Precepljenost proti pnevmokokom;Občina Črnomelj;2017;n
K3.6;K3.6 Precepljenost proti pnevmokokom;Občina Črnomelj;2018;n
K3.6;K3.6 Precepljenost proti pnevmokokom;Občina Črnomelj;2019;n
K3.6;K3.6 Precepljenost proti pnevmokokom;Občina Črnomelj;2020;n
K3.6;K3.6 Precepljenost proti pnevmokokom;Občina Črnomelj;2021;n
K3.6;K3.6 Precepljenost proti pnevmokokom;Občina Črnomelj;2022;n
K3.6;K3.6 Precepljenost proti pnevmokokom;Občina Črnomelj;2023;n
K3.6;K3.6 Precepljenost proti pnevmokokom;Občina Črnomelj;2024;n
K3.6;K3.6 Precepljenost proti pnevmokokom;Občina Črnomelj;2025;52.7
K3.6;K3.6 Precepljenost proti pnevmokokom;Občina Črnomelj;2026;44.44
K3.6;K3.6 Precepljenost proti pnevmokokom;Regija Jugovzhodna Slovenija;2016;n
K3.6;K3.6 Precepljenost proti pnevmokokom;Regija Jugovzhodna Slovenija;2017;n
K3.6;K3.6 Precepljenost proti pnevmokokom;Regija Jugovzhodna Slovenija;2018;n
K3.6;K3.6 Precepljenost proti pnevmokokom;Regija Jugovzhodna Slovenija;2019;n
K3.6;K3.6 Precepljenost proti pnevmokokom;Regija Jugovzhodna Slovenija;2020;n
K3.6;K3.6 Precepljenost proti pnevmokokom;Regija Jugovzhodna Slovenija;2021;n
K3.6;K3.6 Precepljenost proti pnevmokokom;Regija Jugovzhodna Slovenija;2022;n
K3.6;K3.6 Precepljenost proti pnevmokokom;Regija Jugovzhodna Slovenija;2023;n
K3.6;K3.6 Precepljenost proti pnevmokokom;Regija Jugovzhodna Slovenija;2024;n
K3.6;K3.6 Precepljenost proti pnevmokokom;Regija Jugovzhodna Slovenija;2025;56.77
K3.6;K3.6 Precepljenost proti pnevmokokom;Regija Jugovzhodna Slovenija;2026;52.24
K3.6;K3.6 Precepljenost proti pnevmokokom;Upravna enota Črnomelj;2016;n
K3.6;K3.6 Precepljenost proti pnevmokokom;Upravna enota Črnomelj;2017;n
K3.6;K3.6 Precepljenost proti pnevmokokom;Upravna enota Črnomelj;2018;n
K3.6;K3.6 Precepljenost proti pnevmokokom;Upravna enota Črnomelj;2019;n
K3.6;K3.6 Precepljenost proti pnevmokokom;Upravna enota Črnomelj;2020;n
K3.6;K3.6 Precepljenost proti pnevmokokom;Upravna enota Črnomelj;2021;n
K3.6;K3.6 Precepljenost proti pnevmokokom;Upravna enota Črnomelj;2022;n
K3.6;K3.6 Precepljenost proti pnevmokokom;Upravna enota Črnomelj;2023;n
K3.6;K3.6 Precepljenost proti pnevmokokom;Upravna enota Črnomelj;2024;n
K3.6;K3.6 Precepljenost proti pnevmokokom;Upravna enota Črnomelj;2025;27.71
K3.6;K3.6 Precepljenost proti pnevmokokom;Upravna enota Črnomelj;2026;27.71
K3.6;K3.6 Precepljenost proti pnevmokokom;Slovenija;2016;n
K3.6;K3.6 Precepljenost proti pnevmokokom;Slovenija;2017;n
K3.6;K3.6 Precepljenost proti pnevmokokom;Slovenija;2018;n
K3.6;K3.6 Precepljenost proti pnevmokokom;Slovenija;2019;n
K3.6;K3.6 Precepljenost proti pnevmokokom;Slovenija;2020;n
K3.6;K3.6 Precepljenost proti pnevmokokom;Slovenija;2021;n
K3.6;K3.6 Precepljenost proti pnevmokokom;Slovenija;2022;n
K3.6;K3.6 Precepljenost proti pnevmokokom;Slovenija;2023;n
K3.6;K3.6 Precepljenost proti pnevmokokom;Slovenija;2024;n
K3.6;K3.6 Precepljenost proti pnevmokokom;Slovenija;2025;56.25
K3.6;K3.6 Precepljenost proti pnevmokokom;Slovenija;2026;55.15
K3.7;K3.7 Precepljenost proti OMR;Občina Črnomelj;2016;n
K3.7;K3.7 Precepljenost proti OMR;Občina Črnomelj;2017;n
K3.7;K3.7 Precepljenost proti OMR;Občina Črnomelj;2018;n
K3.7;K3.7 Precepljenost proti OMR;Občina Črnomelj;2019;n
K3.7;K3.7 Precepljenost proti OMR;Občina Črnomelj;2020;n
K3.7;K3.7 Precepljenost proti OMR;Občina Črnomelj;2021;n
K3.7;K3.7 Precepljenost proti OMR;Občina Črnomelj;2022;n
K3.7;K3.7 Precepljenost proti OMR;Občina Črnomelj;2023;n
K3.7;K3.7 Precepljenost proti OMR;Občina Črnomelj;2024;n
K3.7;K3.7 Precepljenost proti OMR;Občina Črnomelj;2025;88.51
K3.7;K3.7 Precepljenost proti OMR;Občina Črnomelj;2026;88.1
K3.7;K3.7 Precepljenost proti OMR;Regija Jugovzhodna Slovenija;2016;n
K3.7;K3.7 Precepljenost proti OMR;Regija Jugovzhodna Slovenija;2017;n
K3.7;K3.7 Precepljenost proti OMR;Regija Jugovzhodna Slovenija;2018;n
K3.7;K3.7 Precepljenost proti OMR;Regija Jugovzhodna Slovenija;2019;n
K3.7;K3.7 Precepljenost proti OMR;Regija Jugovzhodna Slovenija;2020;n
K3.7;K3.7 Precepljenost proti OMR;Regija Jugovzhodna Slovenija;2021;n
K3.7;K3.7 Precepljenost proti OMR;Regija Jugovzhodna Slovenija;2022;n
K3.7;K3.7 Precepljenost proti OMR;Regija Jugovzhodna Slovenija;2023;n
K3.7;K3.7 Precepljenost proti OMR;Regija Jugovzhodna Slovenija;2024;n
K3.7;K3.7 Precepljenost proti OMR;Regija Jugovzhodna Slovenija;2025;89.42
K3.7;K3.7 Precepljenost proti OMR;Regija Jugovzhodna Slovenija;2026;90.13
K3.7;K3.7 Precepljenost proti OMR;Upravna enota Črnomelj;2016;n
K3.7;K3.7 Precepljenost proti OMR;Upravna enota Črnomelj;2017;n
K3.7;K3.7 Precepljenost proti OMR;Upravna enota Črnomelj;2018;n
K3.7;K3.7 Precepljenost proti OMR;Upravna enota Črnomelj;2019;n
K3.7;K3.7 Precepljenost proti OMR;Upravna enota Črnomelj;2020;n
K3.7;K3.7 Precepljenost proti OMR;Upravna enota Črnomelj;2021;n
K3.7;K3.7 Precepljenost proti OMR;Upravna enota Črnomelj;2022;n
K3.7;K3.7 Precepljenost proti OMR;Upravna enota Črnomelj;2023;n
K3.7;K3.7 Precepljenost proti OMR;Upravna enota Črnomelj;2024;n
K3.7;K3.7 Precepljenost proti OMR;Upravna enota Črnomelj;2025;27.71
K3.7;K3.7 Precepljenost proti OMR;Upravna enota Črnomelj;2026;27.71
K3.7;K3.7 Precepljenost proti OMR;Slovenija;2016;n
K3.7;K3.7 Precepljenost proti OMR;Slovenija;2017;n
K3.7;K3.7 Precepljenost proti OMR;Slovenija;2018;n
K3.7;K3.7 Precepljenost proti OMR;Slovenija;2019;n
K3.7;K3.7 Precepljenost proti OMR;Slovenija;2020;n
K3.7;K3.7 Precepljenost proti OMR;Slovenija;2021;n
K3.7;K3.7 Precepljenost proti OMR;Slovenija;2022;n
K3.7;K3.7 Precepljenost proti OMR;Slovenija;2023;n
K3.7;K3.7 Precepljenost proti OMR;Slovenija;2024;n
K3.7;K3.7 Precepljenost proti OMR;Slovenija;2025;88.63
K3.7;K3.7 Precepljenost proti OMR;Slovenija;2026;86.94
K3.8;K3.8 Precepljenost proti DTP-Hib-IPV-hepB;Občina Črnomelj;2016;n
K3.8;K3.8 Precepljenost proti DTP-Hib-IPV-hepB;Občina Črnomelj;2017;n
K3.8;K3.8 Precepljenost proti DTP-Hib-IPV-hepB;Občina Črnomelj;2018;n
K3.8;K3.8 Precepljenost proti DTP-Hib-IPV-hepB;Občina Črnomelj;2019;n
K3.8;K3.8 Precepljenost proti DTP-Hib-IPV-hepB;Občina Črnomelj;2020;n
K3.8;K3.8 Precepljenost proti DTP-Hib-IPV-hepB;Občina Črnomelj;2021;n
K3.8;K3.8 Precepljenost proti DTP-Hib-IPV-hepB;Občina Črnomelj;2022;n
K3.8;K3.8 Precepljenost proti DTP-Hib-IPV-hepB;Občina Črnomelj;2023;n
K3.8;K3.8 Precepljenost proti DTP-Hib-IPV-hepB;Občina Črnomelj;2024;n
K3.8;K3.8 Precepljenost proti DTP-Hib-IPV-hepB;Občina Črnomelj;2025;79.73
K3.8;K3.8 Precepljenost proti DTP-Hib-IPV-hepB;Občina Črnomelj;2026;83.33
K3.8;K3.8 Precepljenost proti DTP-Hib-IPV-hepB;Regija Jugovzhodna Slovenija;2016;n
K3.8;K3.8 Precepljenost proti DTP-Hib-IPV-hepB;Regija Jugovzhodna Slovenija;2017;n
K3.8;K3.8 Precepljenost proti DTP-Hib-IPV-hepB;Regija Jugovzhodna Slovenija;2018;n
K3.8;K3.8 Precepljenost proti DTP-Hib-IPV-hepB;Regija Jugovzhodna Slovenija;2019;n
K3.8;K3.8 Precepljenost proti DTP-Hib-IPV-hepB;Regija Jugovzhodna Slovenija;2020;n
K3.8;K3.8 Precepljenost proti DTP-Hib-IPV-hepB;Regija Jugovzhodna Slovenija;2021;n
K3.8;K3.8 Precepljenost proti DTP-Hib-IPV-hepB;Regija Jugovzhodna Slovenija;2022;n
K3.8;K3.8 Precepljenost proti DTP-Hib-IPV-hepB;Regija Jugovzhodna Slovenija;2023;n
K3.8;K3.8 Precepljenost proti DTP-Hib-IPV-hepB;Regija Jugovzhodna Slovenija;2024;n
K3.8;K3.8 Precepljenost proti DTP-Hib-IPV-hepB;Regija Jugovzhodna Slovenija;2025;86.46
K3.8;K3.8 Precepljenost proti DTP-Hib-IPV-hepB;Regija Jugovzhodna Slovenija;2026;86.27
K3.8;K3.8 Precepljenost proti DTP-Hib-IPV-hepB;Upravna enota Črnomelj;2016;n
K3.8;K3.8 Precepljenost proti DTP-Hib-IPV-hepB;Upravna enota Črnomelj;2017;n
K3.8;K3.8 Precepljenost proti DTP-Hib-IPV-hepB;Upravna enota Črnomelj;2018;n
K3.8;K3.8 Precepljenost proti DTP-Hib-IPV-hepB;Upravna enota Črnomelj;2019;n
K3.8;K3.8 Precepljenost proti DTP-Hib-IPV-hepB;Upravna enota Črnomelj;2020;n
K3.8;K3.8 Precepljenost proti DTP-Hib-IPV-hepB;Upravna enota Črnomelj;2021;n
K3.8;K3.8 Precepljenost proti DTP-Hib-IPV-hepB;Upravna enota Črnomelj;2022;n
K3.8;K3.8 Precepljenost proti DTP-Hib-IPV-hepB;Upravna enota Črnomelj;2023;n
K3.8;K3.8 Precepljenost proti DTP-Hib-IPV-hepB;Upravna enota Črnomelj;2024;n
K3.8;K3.8 Precepljenost proti DTP-Hib-IPV-hepB;Upravna enota Črnomelj;2025;27.71
K3.8;K3.8 Precepljenost proti DTP-Hib-IPV-hepB;Upravna enota Črnomelj;2026;27.71
K3.8;K3.8 Precepljenost proti DTP-Hib-IPV-hepB;Slovenija;2016;n
K3.8;K3.8 Precepljenost proti DTP-Hib-IPV-hepB;Slovenija;2017;n
K3.8;K3.8 Precepljenost proti DTP-Hib-IPV-hepB;Slovenija;2018;n
K3.8;K3.8 Precepljenost proti DTP-Hib-IPV-hepB;Slovenija;2019;n
K3.8;K3.8 Precepljenost proti DTP-Hib-IPV-hepB;Slovenija;2020;n
K3.8;K3.8 Precepljenost proti DTP-Hib-IPV-hepB;Slovenija;2021;n
K3.8;K3.8 Precepljenost proti DTP-Hib-IPV-hepB;Slovenija;2022;n
K3.8;K3.8 Precepljenost proti DTP-Hib-IPV-hepB;Slovenija;2023;n
K3.8;K3.8 Precepljenost proti DTP-Hib-IPV-hepB;Slovenija;2024;n
K3.8;K3.8 Precepljenost proti DTP-Hib-IPV-hepB;Slovenija;2025;87.17
K3.8;K3.8 Precepljenost proti DTP-Hib-IPV-hepB;Slovenija;2026;85.61
K4.10;K4.10 Novi primeri raka;Občina Črnomelj;2016;518.6
K4.10;K4.10 Novi primeri raka;Občina Črnomelj;2017;545.7
K4.10;K4.10 Novi primeri raka;Občina Črnomelj;2018;542
K4.10;K4.10 Novi primeri raka;Občina Črnomelj;2019;566.98
K4.10;K4.10 Novi primeri raka;Občina Črnomelj;2020;554.4
K4.10;K4.10 Novi primeri raka;Občina Črnomelj;2021;543.9
K4.10;K4.10 Novi primeri raka;Občina Črnomelj;2022;558.8
K4.10;K4.10 Novi primeri raka;Občina Črnomelj;2023;541.1
K4.10;K4.10 Novi primeri raka;Občina Črnomelj;2024;531.29
K4.10;K4.10 Novi primeri raka;Občina Črnomelj;2025;555.85
K4.10;K4.10 Novi primeri raka;Občina Črnomelj;2026;566.6
K4.10;K4.10 Novi primeri raka;Regija Jugovzhodna Slovenija;2016;590.6
K4.10;K4.10 Novi primeri raka;Regija Jugovzhodna Slovenija;2017;572.4
K4.10;K4.10 Novi primeri raka;Regija Jugovzhodna Slovenija;2018;590.8
K4.10;K4.10 Novi primeri raka;Regija Jugovzhodna Slovenija;2019;577.41
K4.10;K4.10 Novi primeri raka;Regija Jugovzhodna Slovenija;2020;568.5
K4.10;K4.10 Novi primeri raka;Regija Jugovzhodna Slovenija;2021;560.5
K4.10;K4.10 Novi primeri raka;Regija Jugovzhodna Slovenija;2022;563.1
K4.10;K4.10 Novi primeri raka;Regija Jugovzhodna Slovenija;2023;550.2
K4.10;K4.10 Novi primeri raka;Regija Jugovzhodna Slovenija;2024;552.23
K4.10;K4.10 Novi primeri raka;Regija Jugovzhodna Slovenija;2025;568.43
K4.10;K4.10 Novi primeri raka;Regija Jugovzhodna Slovenija;2026;566.89
K4.10;K4.10 Novi primeri raka;Upravna enota Črnomelj;2016;27.71
K4.10;K4.10 Novi primeri raka;Upravna enota Črnomelj;2017;27.71
K4.10;K4.10 Novi primeri raka;Upravna enota Črnomelj;2018;27.71
K4.10;K4.10 Novi primeri raka;Upravna enota Črnomelj;2019;27.71
K4.10;K4.10 Novi primeri raka;Upravna enota Črnomelj;2020;27.71
K4.10;K4.10 Novi primeri raka;Upravna enota Črnomelj;2021;27.71
K4.10;K4.10 Novi primeri raka;Upravna enota Črnomelj;2022;27.71
K4.10;K4.10 Novi primeri raka;Upravna enota Črnomelj;2023;27.71
K4.10;K4.10 Novi primeri raka;Upravna enota Črnomelj;2024;27.71
K4.10;K4.10 Novi primeri raka;Upravna enota Črnomelj;2025;27.71
K4.10;K4.10 Novi primeri raka;Upravna enota Črnomelj;2026;27.71
K4.10;K4.10 Novi primeri raka;Slovenija;2016;559.5
K4.10;K4.10 Novi primeri raka;Slovenija;2017;555.3
K4.10;K4.10 Novi primeri raka;Slovenija;2018;559.5
K4.10;K4.10 Novi primeri raka;Slovenija;2019;560.23
K4.10;K4.10 Novi primeri raka;Slovenija;2020;562.8
K4.10;K4.10 Novi primeri raka;Slovenija;2021;563.9
K4.10;K4.10 Novi primeri raka;Slovenija;2022;567.7
K4.10;K4.10 Novi primeri raka;Slovenija;2023;569.5
K4.10;K4.10 Novi primeri raka;Slovenija;2024;567.4
K4.10;K4.10 Novi primeri raka;Slovenija;2025;571.1
K4.10;K4.10 Novi primeri raka;Slovenija;2026;577.33
K4.11;K4.11 Zlomi kolka pri starejših prebivalcih (65 let in več);Občina Črnomelj;2016;6.5
K4.11;K4.11 Zlomi kolka pri starejših prebivalcih (65 let in več);Občina Črnomelj;2017;6.4
K4.11;K4.11 Zlomi kolka pri starejših prebivalcih (65 let in več);Občina Črnomelj;2018;6.6
K4.11;K4.11 Zlomi kolka pri starejših prebivalcih (65 let in več);Občina Črnomelj;2019;6.23
K4.11;K4.11 Zlomi kolka pri starejših prebivalcih (65 let in več);Občina Črnomelj;2020;6.4
K4.11;K4.11 Zlomi kolka pri starejših prebivalcih (65 let in več);Občina Črnomelj;2021;7.1
K4.11;K4.11 Zlomi kolka pri starejših prebivalcih (65 let in več);Občina Črnomelj;2022;7
K4.11;K4.11 Zlomi kolka pri starejših prebivalcih (65 let in več);Občina Črnomelj;2023;6.9
K4.11;K4.11 Zlomi kolka pri starejših prebivalcih (65 let in več);Občina Črnomelj;2024;6.99
K4.11;K4.11 Zlomi kolka pri starejših prebivalcih (65 let in več);Občina Črnomelj;2025;7.22
K4.11;K4.11 Zlomi kolka pri starejših prebivalcih (65 let in več);Občina Črnomelj;2026;6.53
K4.11;K4.11 Zlomi kolka pri starejših prebivalcih (65 let in več);Regija Jugovzhodna Slovenija;2016;7.1
K4.11;K4.11 Zlomi kolka pri starejših prebivalcih (65 let in več);Regija Jugovzhodna Slovenija;2017;7
K4.11;K4.11 Zlomi kolka pri starejših prebivalcih (65 let in več);Regija Jugovzhodna Slovenija;2018;7
K4.11;K4.11 Zlomi kolka pri starejših prebivalcih (65 let in več);Regija Jugovzhodna Slovenija;2019;7.07
K4.11;K4.11 Zlomi kolka pri starejših prebivalcih (65 let in več);Regija Jugovzhodna Slovenija;2020;7
K4.11;K4.11 Zlomi kolka pri starejših prebivalcih (65 let in več);Regija Jugovzhodna Slovenija;2021;6.9
K4.11;K4.11 Zlomi kolka pri starejših prebivalcih (65 let in več);Regija Jugovzhodna Slovenija;2022;6.7
K4.11;K4.11 Zlomi kolka pri starejših prebivalcih (65 let in več);Regija Jugovzhodna Slovenija;2023;6.4
K4.11;K4.11 Zlomi kolka pri starejših prebivalcih (65 let in več);Regija Jugovzhodna Slovenija;2024;6.12
K4.11;K4.11 Zlomi kolka pri starejših prebivalcih (65 let in več);Regija Jugovzhodna Slovenija;2025;6.04
K4.11;K4.11 Zlomi kolka pri starejših prebivalcih (65 let in več);Regija Jugovzhodna Slovenija;2026;6.06
K4.11;K4.11 Zlomi kolka pri starejših prebivalcih (65 let in več);Upravna enota Črnomelj;2016;27.71
K4.11;K4.11 Zlomi kolka pri starejših prebivalcih (65 let in več);Upravna enota Črnomelj;2017;27.71
K4.11;K4.11 Zlomi kolka pri starejših prebivalcih (65 let in več);Upravna enota Črnomelj;2018;27.71
K4.11;K4.11 Zlomi kolka pri starejših prebivalcih (65 let in več);Upravna enota Črnomelj;2019;27.71
K4.11;K4.11 Zlomi kolka pri starejših prebivalcih (65 let in več);Upravna enota Črnomelj;2020;27.71
K4.11;K4.11 Zlomi kolka pri starejših prebivalcih (65 let in več);Upravna enota Črnomelj;2021;27.71
K4.11;K4.11 Zlomi kolka pri starejših prebivalcih (65 let in več);Upravna enota Črnomelj;2022;27.71
K4.11;K4.11 Zlomi kolka pri starejših prebivalcih (65 let in več);Upravna enota Črnomelj;2023;27.71
K4.11;K4.11 Zlomi kolka pri starejših prebivalcih (65 let in več);Upravna enota Črnomelj;2024;27.71
K4.11;K4.11 Zlomi kolka pri starejših prebivalcih (65 let in več);Upravna enota Črnomelj;2025;27.71
K4.11;K4.11 Zlomi kolka pri starejših prebivalcih (65 let in več);Upravna enota Črnomelj;2026;27.71
K4.11;K4.11 Zlomi kolka pri starejših prebivalcih (65 let in več);Slovenija;2016;6.4
K4.11;K4.11 Zlomi kolka pri starejših prebivalcih (65 let in več);Slovenija;2017;6.3
K4.11;K4.11 Zlomi kolka pri starejših prebivalcih (65 let in več);Slovenija;2018;6.2
K4.11;K4.11 Zlomi kolka pri starejših prebivalcih (65 let in več);Slovenija;2019;6.38
K4.11;K4.11 Zlomi kolka pri starejših prebivalcih (65 let in več);Slovenija;2020;6.5
K4.11;K4.11 Zlomi kolka pri starejših prebivalcih (65 let in več);Slovenija;2021;6.5
K4.11;K4.11 Zlomi kolka pri starejših prebivalcih (65 let in več);Slovenija;2022;6.5
K4.11;K4.11 Zlomi kolka pri starejših prebivalcih (65 let in več);Slovenija;2023;6.3
K4.11;K4.11 Zlomi kolka pri starejših prebivalcih (65 let in več);Slovenija;2024;6.19
K4.11;K4.11 Zlomi kolka pri starejših prebivalcih (65 let in več);Slovenija;2025;6.08
K4.11;K4.11 Zlomi kolka pri starejših prebivalcih (65 let in več);Slovenija;2026;6.04
K4.12;K4.12 Prejemniki zdravil zaradi duševnih motenj;Občina Črnomelj;2016;16.5
K4.12;K4.12 Prejemniki zdravil zaradi duševnih motenj;Občina Črnomelj;2017;16.4
K4.12;K4.12 Prejemniki zdravil zaradi duševnih motenj;Občina Črnomelj;2018;15.8
K4.12;K4.12 Prejemniki zdravil zaradi duševnih motenj;Občina Črnomelj;2019;15.64
K4.12;K4.12 Prejemniki zdravil zaradi duševnih motenj;Občina Črnomelj;2020;15.5
K4.12;K4.12 Prejemniki zdravil zaradi duševnih motenj;Občina Črnomelj;2021;15
K4.12;K4.12 Prejemniki zdravil zaradi duševnih motenj;Občina Črnomelj;2022;14.9
K4.12;K4.12 Prejemniki zdravil zaradi duševnih motenj;Občina Črnomelj;2023;15.1
K4.12;K4.12 Prejemniki zdravil zaradi duševnih motenj;Občina Črnomelj;2024;15.25
K4.12;K4.12 Prejemniki zdravil zaradi duševnih motenj;Občina Črnomelj;2025;15.32
K4.12;K4.12 Prejemniki zdravil zaradi duševnih motenj;Občina Črnomelj;2026;15.64
K4.12;K4.12 Prejemniki zdravil zaradi duševnih motenj;Regija Jugovzhodna Slovenija;2016;16.3
K4.12;K4.12 Prejemniki zdravil zaradi duševnih motenj;Regija Jugovzhodna Slovenija;2017;16.1
K4.12;K4.12 Prejemniki zdravil zaradi duševnih motenj;Regija Jugovzhodna Slovenija;2018;15.8
K4.12;K4.12 Prejemniki zdravil zaradi duševnih motenj;Regija Jugovzhodna Slovenija;2019;15.57
K4.12;K4.12 Prejemniki zdravil zaradi duševnih motenj;Regija Jugovzhodna Slovenija;2020;15.2
K4.12;K4.12 Prejemniki zdravil zaradi duševnih motenj;Regija Jugovzhodna Slovenija;2021;14.7
K4.12;K4.12 Prejemniki zdravil zaradi duševnih motenj;Regija Jugovzhodna Slovenija;2022;14.5
K4.12;K4.12 Prejemniki zdravil zaradi duševnih motenj;Regija Jugovzhodna Slovenija;2023;14.9
K4.12;K4.12 Prejemniki zdravil zaradi duševnih motenj;Regija Jugovzhodna Slovenija;2024;15.04
K4.12;K4.12 Prejemniki zdravil zaradi duševnih motenj;Regija Jugovzhodna Slovenija;2025;15.02
K4.12;K4.12 Prejemniki zdravil zaradi duševnih motenj;Regija Jugovzhodna Slovenija;2026;14.92
K4.12;K4.12 Prejemniki zdravil zaradi duševnih motenj;Upravna enota Črnomelj;2016;27.71
K4.12;K4.12 Prejemniki zdravil zaradi duševnih motenj;Upravna enota Črnomelj;2017;27.71
K4.12;K4.12 Prejemniki zdravil zaradi duševnih motenj;Upravna enota Črnomelj;2018;27.71
K4.12;K4.12 Prejemniki zdravil zaradi duševnih motenj;Upravna enota Črnomelj;2019;27.71
K4.12;K4.12 Prejemniki zdravil zaradi duševnih motenj;Upravna enota Črnomelj;2020;27.71
K4.12;K4.12 Prejemniki zdravil zaradi duševnih motenj;Upravna enota Črnomelj;2021;27.71
K4.12;K4.12 Prejemniki zdravil zaradi duševnih motenj;Upravna enota Črnomelj;2022;27.71
K4.12;K4.12 Prejemniki zdravil zaradi duševnih motenj;Upravna enota Črnomelj;2023;27.71
K4.12;K4.12 Prejemniki zdravil zaradi duševnih motenj;Upravna enota Črnomelj;2024;27.71
K4.12;K4.12 Prejemniki zdravil zaradi duševnih motenj;Upravna enota Črnomelj;2025;27.71
K4.12;K4.12 Prejemniki zdravil zaradi duševnih motenj;Upravna enota Črnomelj;2026;27.71
K4.12;K4.12 Prejemniki zdravil zaradi duševnih motenj;Slovenija;2016;15.5
K4.12;K4.12 Prejemniki zdravil zaradi duševnih motenj;Slovenija;2017;15.3
K4.12;K4.12 Prejemniki zdravil zaradi duševnih motenj;Slovenija;2018;15.1
K4.12;K4.12 Prejemniki zdravil zaradi duševnih motenj;Slovenija;2019;14.87
K4.12;K4.12 Prejemniki zdravil zaradi duševnih motenj;Slovenija;2020;14.7
K4.12;K4.12 Prejemniki zdravil zaradi duševnih motenj;Slovenija;2021;14.4
K4.12;K4.12 Prejemniki zdravil zaradi duševnih motenj;Slovenija;2022;14.2
K4.12;K4.12 Prejemniki zdravil zaradi duševnih motenj;Slovenija;2023;14.5
K4.12;K4.12 Prejemniki zdravil zaradi duševnih motenj;Slovenija;2024;14.55
K4.12;K4.12 Prejemniki zdravil zaradi duševnih motenj;Slovenija;2025;14.59
K4.12;K4.12 Prejemniki zdravil zaradi duševnih motenj;Slovenija;2026;14.47
K4.13;K4.13 Pomoč na domu;Občina Črnomelj;2016;1.4
K4.13;K4.13 Pomoč na domu;Občina Črnomelj;2017;1.2
K4.13;K4.13 Pomoč na domu;Občina Črnomelj;2018;1.2
K4.13;K4.13 Pomoč na domu;Občina Črnomelj;2019;1.18
K4.13;K4.13 Pomoč na domu;Občina Črnomelj;2020;1.2
K4.13;K4.13 Pomoč na domu;Občina Črnomelj;2021;1.8
K4.13;K4.13 Pomoč na domu;Občina Črnomelj;2022;1.3
K4.13;K4.13 Pomoč na domu;Občina Črnomelj;2023;1.1
K4.13;K4.13 Pomoč na domu;Občina Črnomelj;2024;1.22
K4.13;K4.13 Pomoč na domu;Občina Črnomelj;2025;1.11
K4.13;K4.13 Pomoč na domu;Občina Črnomelj;2026;1.02
K4.13;K4.13 Pomoč na domu;Regija Jugovzhodna Slovenija;2016;2
K4.13;K4.13 Pomoč na domu;Regija Jugovzhodna Slovenija;2017;1.8
K4.13;K4.13 Pomoč na domu;Regija Jugovzhodna Slovenija;2018;1.9
K4.13;K4.13 Pomoč na domu;Regija Jugovzhodna Slovenija;2019;1.92
K4.13;K4.13 Pomoč na domu;Regija Jugovzhodna Slovenija;2020;2
K4.13;K4.13 Pomoč na domu;Regija Jugovzhodna Slovenija;2021;2.9
K4.13;K4.13 Pomoč na domu;Regija Jugovzhodna Slovenija;2022;2
K4.13;K4.13 Pomoč na domu;Regija Jugovzhodna Slovenija;2023;1.3
K4.13;K4.13 Pomoč na domu;Regija Jugovzhodna Slovenija;2024;1.81
K4.13;K4.13 Pomoč na domu;Regija Jugovzhodna Slovenija;2025;1.86
K4.13;K4.13 Pomoč na domu;Regija Jugovzhodna Slovenija;2026;1.67
K4.13;K4.13 Pomoč na domu;Upravna enota Črnomelj;2016;27.71
K4.13;K4.13 Pomoč na domu;Upravna enota Črnomelj;2017;27.71
K4.13;K4.13 Pomoč na domu;Upravna enota Črnomelj;2018;27.71
K4.13;K4.13 Pomoč na domu;Upravna enota Črnomelj;2019;27.71
K4.13;K4.13 Pomoč na domu;Upravna enota Črnomelj;2020;27.71
K4.13;K4.13 Pomoč na domu;Upravna enota Črnomelj;2021;27.71
K4.13;K4.13 Pomoč na domu;Upravna enota Črnomelj;2022;27.71
K4.13;K4.13 Pomoč na domu;Upravna enota Črnomelj;2023;27.71
K4.13;K4.13 Pomoč na domu;Upravna enota Črnomelj;2024;27.71
K4.13;K4.13 Pomoč na domu;Upravna enota Črnomelj;2025;27.71
K4.13;K4.13 Pomoč na domu;Upravna enota Črnomelj;2026;27.71
K4.13;K4.13 Pomoč na domu;Slovenija;2016;1.6
K4.13;K4.13 Pomoč na domu;Slovenija;2017;1.6
K4.13;K4.13 Pomoč na domu;Slovenija;2018;1.7
K4.13;K4.13 Pomoč na domu;Slovenija;2019;1.69
K4.13;K4.13 Pomoč na domu;Slovenija;2020;1.7
K4.13;K4.13 Pomoč na domu;Slovenija;2021;2.7
K4.13;K4.13 Pomoč na domu;Slovenija;2022;1.8
K4.13;K4.13 Pomoč na domu;Slovenija;2023;1.7
K4.13;K4.13 Pomoč na domu;Slovenija;2024;1.81
K4.13;K4.13 Pomoč na domu;Slovenija;2025;1.85
K4.13;K4.13 Pomoč na domu;Slovenija;2026;1.84
K4.14;K4.14 Klopni meningoencefalitis;Občina Črnomelj;2016;n
K4.14;K4.14 Klopni meningoencefalitis;Občina Črnomelj;2017;0
K4.14;K4.14 Klopni meningoencefalitis;Občina Črnomelj;2018;0
K4.14;K4.14 Klopni meningoencefalitis;Občina Črnomelj;2019;0
K4.14;K4.14 Klopni meningoencefalitis;Občina Črnomelj;2020;0
K4.14;K4.14 Klopni meningoencefalitis;Občina Črnomelj;2021;1.4
K4.14;K4.14 Klopni meningoencefalitis;Občina Črnomelj;2022;1.4
K4.14;K4.14 Klopni meningoencefalitis;Občina Črnomelj;2023;1.4
K4.14;K4.14 Klopni meningoencefalitis;Občina Črnomelj;2024;1.44
K4.14;K4.14 Klopni meningoencefalitis;Občina Črnomelj;2025;2.16
K4.14;K4.14 Klopni meningoencefalitis;Občina Črnomelj;2026;2.16
K4.14;K4.14 Klopni meningoencefalitis;Regija Jugovzhodna Slovenija;2016;n
K4.14;K4.14 Klopni meningoencefalitis;Regija Jugovzhodna Slovenija;2017;8.8
K4.14;K4.14 Klopni meningoencefalitis;Regija Jugovzhodna Slovenija;2018;8.7
K4.14;K4.14 Klopni meningoencefalitis;Regija Jugovzhodna Slovenija;2019;8.04
K4.14;K4.14 Klopni meningoencefalitis;Regija Jugovzhodna Slovenija;2020;8.3
K4.14;K4.14 Klopni meningoencefalitis;Regija Jugovzhodna Slovenija;2021;6.7
K4.14;K4.14 Klopni meningoencefalitis;Regija Jugovzhodna Slovenija;2022;7.9
K4.14;K4.14 Klopni meningoencefalitis;Regija Jugovzhodna Slovenija;2023;7
K4.14;K4.14 Klopni meningoencefalitis;Regija Jugovzhodna Slovenija;2024;7.48
K4.14;K4.14 Klopni meningoencefalitis;Regija Jugovzhodna Slovenija;2025;6.31
K4.14;K4.14 Klopni meningoencefalitis;Regija Jugovzhodna Slovenija;2026;6.24
K4.14;K4.14 Klopni meningoencefalitis;Upravna enota Črnomelj;2016;n
K4.14;K4.14 Klopni meningoencefalitis;Upravna enota Črnomelj;2017;27.71
K4.14;K4.14 Klopni meningoencefalitis;Upravna enota Črnomelj;2018;27.71
K4.14;K4.14 Klopni meningoencefalitis;Upravna enota Črnomelj;2019;27.71
K4.14;K4.14 Klopni meningoencefalitis;Upravna enota Črnomelj;2020;27.71
K4.14;K4.14 Klopni meningoencefalitis;Upravna enota Črnomelj;2021;27.71
K4.14;K4.14 Klopni meningoencefalitis;Upravna enota Črnomelj;2022;27.71
K4.14;K4.14 Klopni meningoencefalitis;Upravna enota Črnomelj;2023;27.71
K4.14;K4.14 Klopni meningoencefalitis;Upravna enota Črnomelj;2024;27.71
K4.14;K4.14 Klopni meningoencefalitis;Upravna enota Črnomelj;2025;27.71
K4.14;K4.14 Klopni meningoencefalitis;Upravna enota Črnomelj;2026;27.71
K4.14;K4.14 Klopni meningoencefalitis;Slovenija;2016;n
K4.14;K4.14 Klopni meningoencefalitis;Slovenija;2017;10.5
K4.14;K4.14 Klopni meningoencefalitis;Slovenija;2018;10.1
K4.14;K4.14 Klopni meningoencefalitis;Slovenija;2019;9.67
K4.14;K4.14 Klopni meningoencefalitis;Slovenija;2020;9.2
K4.14;K4.14 Klopni meningoencefalitis;Slovenija;2021;8
K4.14;K4.14 Klopni meningoencefalitis;Slovenija;2022;8.3
K4.14;K4.14 Klopni meningoencefalitis;Slovenija;2023;7.3
K4.14;K4.14 Klopni meningoencefalitis;Slovenija;2024;7.43
K4.14;K4.14 Klopni meningoencefalitis;Slovenija;2025;6.16
K4.14;K4.14 Klopni meningoencefalitis;Slovenija;2026;6.07
K4.15;K4.15 Novi primeri raka debelega črevesja in danke;Občina Črnomelj;2016;n
K4.15;K4.15 Novi primeri raka debelega črevesja in danke;Občina Črnomelj;2017;n
K4.15;K4.15 Novi primeri raka debelega črevesja in danke;Občina Črnomelj;2018;75.2
K4.15;K4.15 Novi primeri raka debelega črevesja in danke;Občina Črnomelj;2019;67.57
K4.15;K4.15 Novi primeri raka debelega črevesja in danke;Občina Črnomelj;2020;68.3
K4.15;K4.15 Novi primeri raka debelega črevesja in danke;Občina Črnomelj;2021;73.6
K4.15;K4.15 Novi primeri raka debelega črevesja in danke;Občina Črnomelj;2022;66.6
K4.15;K4.15 Novi primeri raka debelega črevesja in danke;Občina Črnomelj;2023;62.7
K4.15;K4.15 Novi primeri raka debelega črevesja in danke;Občina Črnomelj;2024;71.52
K4.15;K4.15 Novi primeri raka debelega črevesja in danke;Občina Črnomelj;2025;65.69
K4.15;K4.15 Novi primeri raka debelega črevesja in danke;Občina Črnomelj;2026;61.74
K4.15;K4.15 Novi primeri raka debelega črevesja in danke;Regija Jugovzhodna Slovenija;2016;n
K4.15;K4.15 Novi primeri raka debelega črevesja in danke;Regija Jugovzhodna Slovenija;2017;n
K4.15;K4.15 Novi primeri raka debelega črevesja in danke;Regija Jugovzhodna Slovenija;2018;85.4
K4.15;K4.15 Novi primeri raka debelega črevesja in danke;Regija Jugovzhodna Slovenija;2019;75.98
K4.15;K4.15 Novi primeri raka debelega črevesja in danke;Regija Jugovzhodna Slovenija;2020;74.6
K4.15;K4.15 Novi primeri raka debelega črevesja in danke;Regija Jugovzhodna Slovenija;2021;70.1
K4.15;K4.15 Novi primeri raka debelega črevesja in danke;Regija Jugovzhodna Slovenija;2022;67.3
K4.15;K4.15 Novi primeri raka debelega črevesja in danke;Regija Jugovzhodna Slovenija;2023;64.9
K4.15;K4.15 Novi primeri raka debelega črevesja in danke;Regija Jugovzhodna Slovenija;2024;65.61
K4.15;K4.15 Novi primeri raka debelega črevesja in danke;Regija Jugovzhodna Slovenija;2025;61.08
K4.15;K4.15 Novi primeri raka debelega črevesja in danke;Regija Jugovzhodna Slovenija;2026;59.36
K4.15;K4.15 Novi primeri raka debelega črevesja in danke;Upravna enota Črnomelj;2016;n
K4.15;K4.15 Novi primeri raka debelega črevesja in danke;Upravna enota Črnomelj;2017;n
K4.15;K4.15 Novi primeri raka debelega črevesja in danke;Upravna enota Črnomelj;2018;27.71
K4.15;K4.15 Novi primeri raka debelega črevesja in danke;Upravna enota Črnomelj;2019;27.71
K4.15;K4.15 Novi primeri raka debelega črevesja in danke;Upravna enota Črnomelj;2020;27.71
K4.15;K4.15 Novi primeri raka debelega črevesja in danke;Upravna enota Črnomelj;2021;27.71
K4.15;K4.15 Novi primeri raka debelega črevesja in danke;Upravna enota Črnomelj;2022;27.71
K4.15;K4.15 Novi primeri raka debelega črevesja in danke;Upravna enota Črnomelj;2023;27.71
K4.15;K4.15 Novi primeri raka debelega črevesja in danke;Upravna enota Črnomelj;2024;27.71
K4.15;K4.15 Novi primeri raka debelega črevesja in danke;Upravna enota Črnomelj;2025;27.71
K4.15;K4.15 Novi primeri raka debelega črevesja in danke;Upravna enota Črnomelj;2026;27.71
K4.15;K4.15 Novi primeri raka debelega črevesja in danke;Slovenija;2016;n
K4.15;K4.15 Novi primeri raka debelega črevesja in danke;Slovenija;2017;n
K4.15;K4.15 Novi primeri raka debelega črevesja in danke;Slovenija;2018;77.3
K4.15;K4.15 Novi primeri raka debelega črevesja in danke;Slovenija;2019;72.61
K4.15;K4.15 Novi primeri raka debelega črevesja in danke;Slovenija;2020;69.9
K4.15;K4.15 Novi primeri raka debelega črevesja in danke;Slovenija;2021;66.7
K4.15;K4.15 Novi primeri raka debelega črevesja in danke;Slovenija;2022;65.5
K4.15;K4.15 Novi primeri raka debelega črevesja in danke;Slovenija;2023;63.9
K4.15;K4.15 Novi primeri raka debelega črevesja in danke;Slovenija;2024;62.48
K4.15;K4.15 Novi primeri raka debelega črevesja in danke;Slovenija;2025;59.9
K4.15;K4.15 Novi primeri raka debelega črevesja in danke;Slovenija;2026;59.01
K4.16;K4.16 Novi primeri pljučnega raka;Občina Črnomelj;2016;n
K4.16;K4.16 Novi primeri pljučnega raka;Občina Črnomelj;2017;n
K4.16;K4.16 Novi primeri pljučnega raka;Občina Črnomelj;2018;66.7
K4.16;K4.16 Novi primeri pljučnega raka;Občina Črnomelj;2019;70.08
K4.16;K4.16 Novi primeri pljučnega raka;Občina Črnomelj;2020;73.6
K4.16;K4.16 Novi primeri pljučnega raka;Občina Črnomelj;2021;81.8
K4.16;K4.16 Novi primeri pljučnega raka;Občina Črnomelj;2022;86.5
K4.16;K4.16 Novi primeri pljučnega raka;Občina Črnomelj;2023;71.5
K4.16;K4.16 Novi primeri pljučnega raka;Občina Črnomelj;2024;74.35
K4.16;K4.16 Novi primeri pljučnega raka;Občina Črnomelj;2025;75.52
K4.16;K4.16 Novi primeri pljučnega raka;Občina Črnomelj;2026;74.37
K4.16;K4.16 Novi primeri pljučnega raka;Regija Jugovzhodna Slovenija;2016;n
K4.16;K4.16 Novi primeri pljučnega raka;Regija Jugovzhodna Slovenija;2017;n
K4.16;K4.16 Novi primeri pljučnega raka;Regija Jugovzhodna Slovenija;2018;68.4
K4.16;K4.16 Novi primeri pljučnega raka;Regija Jugovzhodna Slovenija;2019;68.32
K4.16;K4.16 Novi primeri pljučnega raka;Regija Jugovzhodna Slovenija;2020;67.9
K4.16;K4.16 Novi primeri pljučnega raka;Regija Jugovzhodna Slovenija;2021;69.3
K4.16;K4.16 Novi primeri pljučnega raka;Regija Jugovzhodna Slovenija;2022;71.6
K4.16;K4.16 Novi primeri pljučnega raka;Regija Jugovzhodna Slovenija;2023;70.5
K4.16;K4.16 Novi primeri pljučnega raka;Regija Jugovzhodna Slovenija;2024;71.87
K4.16;K4.16 Novi primeri pljučnega raka;Regija Jugovzhodna Slovenija;2025;73
K4.16;K4.16 Novi primeri pljučnega raka;Regija Jugovzhodna Slovenija;2026;72.25
K4.16;K4.16 Novi primeri pljučnega raka;Upravna enota Črnomelj;2016;n
K4.16;K4.16 Novi primeri pljučnega raka;Upravna enota Črnomelj;2017;n
K4.16;K4.16 Novi primeri pljučnega raka;Upravna enota Črnomelj;2018;27.71
K4.16;K4.16 Novi primeri pljučnega raka;Upravna enota Črnomelj;2019;27.71
K4.16;K4.16 Novi primeri pljučnega raka;Upravna enota Črnomelj;2020;27.71
K4.16;K4.16 Novi primeri pljučnega raka;Upravna enota Črnomelj;2021;27.71
K4.16;K4.16 Novi primeri pljučnega raka;Upravna enota Črnomelj;2022;27.71
K4.16;K4.16 Novi primeri pljučnega raka;Upravna enota Črnomelj;2023;27.71
K4.16;K4.16 Novi primeri pljučnega raka;Upravna enota Črnomelj;2024;27.71
K4.16;K4.16 Novi primeri pljučnega raka;Upravna enota Črnomelj;2025;27.71
K4.16;K4.16 Novi primeri pljučnega raka;Upravna enota Črnomelj;2026;27.71
K4.16;K4.16 Novi primeri pljučnega raka;Slovenija;2016;n
K4.16;K4.16 Novi primeri pljučnega raka;Slovenija;2017;n
K4.16;K4.16 Novi primeri pljučnega raka;Slovenija;2018;64
K4.16;K4.16 Novi primeri pljučnega raka;Slovenija;2019;64.78
K4.16;K4.16 Novi primeri pljučnega raka;Slovenija;2020;66.8
K4.16;K4.16 Novi primeri pljučnega raka;Slovenija;2021;67.7
K4.16;K4.16 Novi primeri pljučnega raka;Slovenija;2022;69
K4.16;K4.16 Novi primeri pljučnega raka;Slovenija;2023;70.4
K4.16;K4.16 Novi primeri pljučnega raka;Slovenija;2024;70.4
K4.16;K4.16 Novi primeri pljučnega raka;Slovenija;2025;69.91
K4.16;K4.16 Novi primeri pljučnega raka;Slovenija;2026;70.6
K4.17;K4.17 Novi primeri raka dojke;Občina Črnomelj;2016;n
K4.17;K4.17 Novi primeri raka dojke;Občina Črnomelj;2017;n
K4.17;K4.17 Novi primeri raka dojke;Občina Črnomelj;2018;97.1
K4.17;K4.17 Novi primeri raka dojke;Občina Črnomelj;2019;117.82
K4.17;K4.17 Novi primeri raka dojke;Občina Črnomelj;2020;117.4
K4.17;K4.17 Novi primeri raka dojke;Občina Črnomelj;2021;111.9
K4.17;K4.17 Novi primeri raka dojke;Občina Črnomelj;2022;135
K4.17;K4.17 Novi primeri raka dojke;Občina Črnomelj;2023;136
K4.17;K4.17 Novi primeri raka dojke;Občina Črnomelj;2024;131.59
K4.17;K4.17 Novi primeri raka dojke;Občina Črnomelj;2025;128.48
K4.17;K4.17 Novi primeri raka dojke;Občina Črnomelj;2026;126.51
K4.17;K4.17 Novi primeri raka dojke;Regija Jugovzhodna Slovenija;2016;n
K4.17;K4.17 Novi primeri raka dojke;Regija Jugovzhodna Slovenija;2017;n
K4.17;K4.17 Novi primeri raka dojke;Regija Jugovzhodna Slovenija;2018;123.4
K4.17;K4.17 Novi primeri raka dojke;Regija Jugovzhodna Slovenija;2019;126.95
K4.17;K4.17 Novi primeri raka dojke;Regija Jugovzhodna Slovenija;2020;128.3
K4.17;K4.17 Novi primeri raka dojke;Regija Jugovzhodna Slovenija;2021;127.4
K4.17;K4.17 Novi primeri raka dojke;Regija Jugovzhodna Slovenija;2022;129.9
K4.17;K4.17 Novi primeri raka dojke;Regija Jugovzhodna Slovenija;2023;124.5
K4.17;K4.17 Novi primeri raka dojke;Regija Jugovzhodna Slovenija;2024;119.75
K4.17;K4.17 Novi primeri raka dojke;Regija Jugovzhodna Slovenija;2025;125.2
K4.17;K4.17 Novi primeri raka dojke;Regija Jugovzhodna Slovenija;2026;121.63
K4.17;K4.17 Novi primeri raka dojke;Upravna enota Črnomelj;2016;n
K4.17;K4.17 Novi primeri raka dojke;Upravna enota Črnomelj;2017;n
K4.17;K4.17 Novi primeri raka dojke;Upravna enota Črnomelj;2018;27.71
K4.17;K4.17 Novi primeri raka dojke;Upravna enota Črnomelj;2019;27.71
K4.17;K4.17 Novi primeri raka dojke;Upravna enota Črnomelj;2020;27.71
K4.17;K4.17 Novi primeri raka dojke;Upravna enota Črnomelj;2021;27.71
K4.17;K4.17 Novi primeri raka dojke;Upravna enota Črnomelj;2022;27.71
K4.17;K4.17 Novi primeri raka dojke;Upravna enota Črnomelj;2023;27.71
K4.17;K4.17 Novi primeri raka dojke;Upravna enota Črnomelj;2024;27.71
K4.17;K4.17 Novi primeri raka dojke;Upravna enota Črnomelj;2025;27.71
K4.17;K4.17 Novi primeri raka dojke;Upravna enota Črnomelj;2026;27.71
K4.17;K4.17 Novi primeri raka dojke;Slovenija;2016;n
K4.17;K4.17 Novi primeri raka dojke;Slovenija;2017;n
K4.17;K4.17 Novi primeri raka dojke;Slovenija;2018;117.9
K4.17;K4.17 Novi primeri raka dojke;Slovenija;2019;118.01
K4.17;K4.17 Novi primeri raka dojke;Slovenija;2020;121.3
K4.17;K4.17 Novi primeri raka dojke;Slovenija;2021;122.1
K4.17;K4.17 Novi primeri raka dojke;Slovenija;2022;125.4
K4.17;K4.17 Novi primeri raka dojke;Slovenija;2023;129.4
K4.17;K4.17 Novi primeri raka dojke;Slovenija;2024;130.68
K4.17;K4.17 Novi primeri raka dojke;Slovenija;2025;131.22
K4.17;K4.17 Novi primeri raka dojke;Slovenija;2026;131.39
K4.18;K4.18 Novi primeri malignega melanoma;Občina Črnomelj;2016;n
K4.18;K4.18 Novi primeri malignega melanoma;Občina Črnomelj;2017;n
K4.18;K4.18 Novi primeri malignega melanoma;Občina Črnomelj;2018;n
K4.18;K4.18 Novi primeri malignega melanoma;Občina Črnomelj;2019;n
K4.18;K4.18 Novi primeri malignega melanoma;Občina Črnomelj;2020;18.3
K4.18;K4.18 Novi primeri malignega melanoma;Občina Črnomelj;2021;n
K4.18;K4.18 Novi primeri malignega melanoma;Občina Črnomelj;2022;n
K4.18;K4.18 Novi primeri malignega melanoma;Občina Črnomelj;2023;n
K4.18;K4.18 Novi primeri malignega melanoma;Občina Črnomelj;2024;n
K4.18;K4.18 Novi primeri malignega melanoma;Občina Črnomelj;2025;n
K4.18;K4.18 Novi primeri malignega melanoma;Občina Črnomelj;2026;n
K4.18;K4.18 Novi primeri malignega melanoma;Regija Jugovzhodna Slovenija;2016;n
K4.18;K4.18 Novi primeri malignega melanoma;Regija Jugovzhodna Slovenija;2017;n
K4.18;K4.18 Novi primeri malignega melanoma;Regija Jugovzhodna Slovenija;2018;n
K4.18;K4.18 Novi primeri malignega melanoma;Regija Jugovzhodna Slovenija;2019;n
K4.18;K4.18 Novi primeri malignega melanoma;Regija Jugovzhodna Slovenija;2020;23.4
K4.18;K4.18 Novi primeri malignega melanoma;Regija Jugovzhodna Slovenija;2021;n
K4.18;K4.18 Novi primeri malignega melanoma;Regija Jugovzhodna Slovenija;2022;n
K4.18;K4.18 Novi primeri malignega melanoma;Regija Jugovzhodna Slovenija;2023;n
K4.18;K4.18 Novi primeri malignega melanoma;Regija Jugovzhodna Slovenija;2024;n
K4.18;K4.18 Novi primeri malignega melanoma;Regija Jugovzhodna Slovenija;2025;n
K4.18;K4.18 Novi primeri malignega melanoma;Regija Jugovzhodna Slovenija;2026;n
K4.18;K4.18 Novi primeri malignega melanoma;Upravna enota Črnomelj;2016;n
K4.18;K4.18 Novi primeri malignega melanoma;Upravna enota Črnomelj;2017;n
K4.18;K4.18 Novi primeri malignega melanoma;Upravna enota Črnomelj;2018;n
K4.18;K4.18 Novi primeri malignega melanoma;Upravna enota Črnomelj;2019;n
K4.18;K4.18 Novi primeri malignega melanoma;Upravna enota Črnomelj;2020;27.71
K4.18;K4.18 Novi primeri malignega melanoma;Upravna enota Črnomelj;2021;n
K4.18;K4.18 Novi primeri malignega melanoma;Upravna enota Črnomelj;2022;n
K4.18;K4.18 Novi primeri malignega melanoma;Upravna enota Črnomelj;2023;n
K4.18;K4.18 Novi primeri malignega melanoma;Upravna enota Črnomelj;2024;n
K4.18;K4.18 Novi primeri malignega melanoma;Upravna enota Črnomelj;2025;n
K4.18;K4.18 Novi primeri malignega melanoma;Upravna enota Črnomelj;2026;n
K4.18;K4.18 Novi primeri malignega melanoma;Slovenija;2016;n
K4.18;K4.18 Novi primeri malignega melanoma;Slovenija;2017;n
K4.18;K4.18 Novi primeri malignega melanoma;Slovenija;2018;n
K4.18;K4.18 Novi primeri malignega melanoma;Slovenija;2019;n
K4.18;K4.18 Novi primeri malignega melanoma;Slovenija;2020;26.3
K4.18;K4.18 Novi primeri malignega melanoma;Slovenija;2021;n
K4.18;K4.18 Novi primeri malignega melanoma;Slovenija;2022;n
K4.18;K4.18 Novi primeri malignega melanoma;Slovenija;2023;n
K4.18;K4.18 Novi primeri malignega melanoma;Slovenija;2024;n
K4.18;K4.18 Novi primeri malignega melanoma;Slovenija;2025;n
K4.18;K4.18 Novi primeri malignega melanoma;Slovenija;2026;n
K4.19;K4.19 Novi primeri raka želodca;Občina Črnomelj;2016;n
K4.19;K4.19 Novi primeri raka želodca;Občina Črnomelj;2017;n
K4.19;K4.19 Novi primeri raka želodca;Občina Črnomelj;2018;n
K4.19;K4.19 Novi primeri raka želodca;Občina Črnomelj;2019;n
K4.19;K4.19 Novi primeri raka želodca;Občina Črnomelj;2020;n
K4.19;K4.19 Novi primeri raka želodca;Občina Črnomelj;2021;n
K4.19;K4.19 Novi primeri raka želodca;Občina Črnomelj;2022;n
K4.19;K4.19 Novi primeri raka želodca;Občina Črnomelj;2023;18.6
K4.19;K4.19 Novi primeri raka želodca;Občina Črnomelj;2024;18.88
K4.19;K4.19 Novi primeri raka želodca;Občina Črnomelj;2025;n
K4.19;K4.19 Novi primeri raka želodca;Občina Črnomelj;2026;n
K4.19;K4.19 Novi primeri raka želodca;Regija Jugovzhodna Slovenija;2016;n
K4.19;K4.19 Novi primeri raka želodca;Regija Jugovzhodna Slovenija;2017;n
K4.19;K4.19 Novi primeri raka želodca;Regija Jugovzhodna Slovenija;2018;n
K4.19;K4.19 Novi primeri raka želodca;Regija Jugovzhodna Slovenija;2019;n
K4.19;K4.19 Novi primeri raka želodca;Regija Jugovzhodna Slovenija;2020;n
K4.19;K4.19 Novi primeri raka želodca;Regija Jugovzhodna Slovenija;2021;n
K4.19;K4.19 Novi primeri raka želodca;Regija Jugovzhodna Slovenija;2022;n
K4.19;K4.19 Novi primeri raka želodca;Regija Jugovzhodna Slovenija;2023;21.4
K4.19;K4.19 Novi primeri raka želodca;Regija Jugovzhodna Slovenija;2024;19.82
K4.19;K4.19 Novi primeri raka želodca;Regija Jugovzhodna Slovenija;2025;n
K4.19;K4.19 Novi primeri raka želodca;Regija Jugovzhodna Slovenija;2026;n
K4.19;K4.19 Novi primeri raka želodca;Upravna enota Črnomelj;2016;n
K4.19;K4.19 Novi primeri raka želodca;Upravna enota Črnomelj;2017;n
K4.19;K4.19 Novi primeri raka želodca;Upravna enota Črnomelj;2018;n
K4.19;K4.19 Novi primeri raka želodca;Upravna enota Črnomelj;2019;n
K4.19;K4.19 Novi primeri raka želodca;Upravna enota Črnomelj;2020;n
K4.19;K4.19 Novi primeri raka želodca;Upravna enota Črnomelj;2021;n
K4.19;K4.19 Novi primeri raka želodca;Upravna enota Črnomelj;2022;n
K4.19;K4.19 Novi primeri raka želodca;Upravna enota Črnomelj;2023;27.71
K4.19;K4.19 Novi primeri raka želodca;Upravna enota Črnomelj;2024;27.71
K4.19;K4.19 Novi primeri raka želodca;Upravna enota Črnomelj;2025;n
K4.19;K4.19 Novi primeri raka želodca;Upravna enota Črnomelj;2026;n
K4.19;K4.19 Novi primeri raka želodca;Slovenija;2016;n
K4.19;K4.19 Novi primeri raka želodca;Slovenija;2017;n
K4.19;K4.19 Novi primeri raka želodca;Slovenija;2018;n
K4.19;K4.19 Novi primeri raka želodca;Slovenija;2019;n
K4.19;K4.19 Novi primeri raka želodca;Slovenija;2020;n
K4.19;K4.19 Novi primeri raka želodca;Slovenija;2021;n
K4.19;K4.19 Novi primeri raka želodca;Slovenija;2022;n
K4.19;K4.19 Novi primeri raka želodca;Slovenija;2023;22.3
K4.19;K4.19 Novi primeri raka želodca;Slovenija;2024;21.73
K4.19;K4.19 Novi primeri raka želodca;Slovenija;2025;n
K4.19;K4.19 Novi primeri raka želodca;Slovenija;2026;n
K4.1;K4.1 Samoocena dobrega zdravja;Občina Črnomelj;2016;66.4
K4.1;K4.1 Samoocena dobrega zdravja;Občina Črnomelj;2017;n
K4.1;K4.1 Samoocena dobrega zdravja;Občina Črnomelj;2018;n
K4.1;K4.1 Samoocena dobrega zdravja;Občina Črnomelj;2019;n
K4.1;K4.1 Samoocena dobrega zdravja;Občina Črnomelj;2020;n
K4.1;K4.1 Samoocena dobrega zdravja;Občina Črnomelj;2021;63.7
K4.1;K4.1 Samoocena dobrega zdravja;Občina Črnomelj;2022;n
K4.1;K4.1 Samoocena dobrega zdravja;Občina Črnomelj;2023;n
K4.1;K4.1 Samoocena dobrega zdravja;Občina Črnomelj;2024;n
K4.1;K4.1 Samoocena dobrega zdravja;Občina Črnomelj;2025;n
K4.1;K4.1 Samoocena dobrega zdravja;Občina Črnomelj;2026;n
K4.1;K4.1 Samoocena dobrega zdravja;Regija Jugovzhodna Slovenija;2016;65.6
K4.1;K4.1 Samoocena dobrega zdravja;Regija Jugovzhodna Slovenija;2017;n
K4.1;K4.1 Samoocena dobrega zdravja;Regija Jugovzhodna Slovenija;2018;n
K4.1;K4.1 Samoocena dobrega zdravja;Regija Jugovzhodna Slovenija;2019;n
K4.1;K4.1 Samoocena dobrega zdravja;Regija Jugovzhodna Slovenija;2020;n
K4.1;K4.1 Samoocena dobrega zdravja;Regija Jugovzhodna Slovenija;2021;64.2
K4.1;K4.1 Samoocena dobrega zdravja;Regija Jugovzhodna Slovenija;2022;n
K4.1;K4.1 Samoocena dobrega zdravja;Regija Jugovzhodna Slovenija;2023;n
K4.1;K4.1 Samoocena dobrega zdravja;Regija Jugovzhodna Slovenija;2024;n
K4.1;K4.1 Samoocena dobrega zdravja;Regija Jugovzhodna Slovenija;2025;n
K4.1;K4.1 Samoocena dobrega zdravja;Regija Jugovzhodna Slovenija;2026;n
K4.1;K4.1 Samoocena dobrega zdravja;Upravna enota Črnomelj;2016;27.71
K4.1;K4.1 Samoocena dobrega zdravja;Upravna enota Črnomelj;2017;n
K4.1;K4.1 Samoocena dobrega zdravja;Upravna enota Črnomelj;2018;n
K4.1;K4.1 Samoocena dobrega zdravja;Upravna enota Črnomelj;2019;n
K4.1;K4.1 Samoocena dobrega zdravja;Upravna enota Črnomelj;2020;n
K4.1;K4.1 Samoocena dobrega zdravja;Upravna enota Črnomelj;2021;27.71
K4.1;K4.1 Samoocena dobrega zdravja;Upravna enota Črnomelj;2022;n
K4.1;K4.1 Samoocena dobrega zdravja;Upravna enota Črnomelj;2023;n
K4.1;K4.1 Samoocena dobrega zdravja;Upravna enota Črnomelj;2024;n
K4.1;K4.1 Samoocena dobrega zdravja;Upravna enota Črnomelj;2025;n
K4.1;K4.1 Samoocena dobrega zdravja;Upravna enota Črnomelj;2026;n
K4.1;K4.1 Samoocena dobrega zdravja;Slovenija;2016;65.8
K4.1;K4.1 Samoocena dobrega zdravja;Slovenija;2017;n
K4.1;K4.1 Samoocena dobrega zdravja;Slovenija;2018;n
K4.1;K4.1 Samoocena dobrega zdravja;Slovenija;2019;n
K4.1;K4.1 Samoocena dobrega zdravja;Slovenija;2020;n
K4.1;K4.1 Samoocena dobrega zdravja;Slovenija;2021;67.5
K4.1;K4.1 Samoocena dobrega zdravja;Slovenija;2022;n
K4.1;K4.1 Samoocena dobrega zdravja;Slovenija;2023;n
K4.1;K4.1 Samoocena dobrega zdravja;Slovenija;2024;n
K4.1;K4.1 Samoocena dobrega zdravja;Slovenija;2025;n
K4.1;K4.1 Samoocena dobrega zdravja;Slovenija;2026;n
K4.20;K4.20 Oviranost pri skrbi zase;Občina Črnomelj;2016;n
K4.20;K4.20 Oviranost pri skrbi zase;Občina Črnomelj;2017;n
K4.20;K4.20 Oviranost pri skrbi zase;Občina Črnomelj;2018;n
K4.20;K4.20 Oviranost pri skrbi zase;Občina Črnomelj;2019;n
K4.20;K4.20 Oviranost pri skrbi zase;Občina Črnomelj;2020;n
K4.20;K4.20 Oviranost pri skrbi zase;Občina Črnomelj;2021;n
K4.20;K4.20 Oviranost pri skrbi zase;Občina Črnomelj;2022;n
K4.20;K4.20 Oviranost pri skrbi zase;Občina Črnomelj;2023;2.6
K4.20;K4.20 Oviranost pri skrbi zase;Občina Črnomelj;2024;n
K4.20;K4.20 Oviranost pri skrbi zase;Občina Črnomelj;2025;n
K4.20;K4.20 Oviranost pri skrbi zase;Občina Črnomelj;2026;n
K4.20;K4.20 Oviranost pri skrbi zase;Regija Jugovzhodna Slovenija;2016;n
K4.20;K4.20 Oviranost pri skrbi zase;Regija Jugovzhodna Slovenija;2017;n
K4.20;K4.20 Oviranost pri skrbi zase;Regija Jugovzhodna Slovenija;2018;n
K4.20;K4.20 Oviranost pri skrbi zase;Regija Jugovzhodna Slovenija;2019;n
K4.20;K4.20 Oviranost pri skrbi zase;Regija Jugovzhodna Slovenija;2020;n
K4.20;K4.20 Oviranost pri skrbi zase;Regija Jugovzhodna Slovenija;2021;n
K4.20;K4.20 Oviranost pri skrbi zase;Regija Jugovzhodna Slovenija;2022;n
K4.20;K4.20 Oviranost pri skrbi zase;Regija Jugovzhodna Slovenija;2023;3.9
K4.20;K4.20 Oviranost pri skrbi zase;Regija Jugovzhodna Slovenija;2024;n
K4.20;K4.20 Oviranost pri skrbi zase;Regija Jugovzhodna Slovenija;2025;n
K4.20;K4.20 Oviranost pri skrbi zase;Regija Jugovzhodna Slovenija;2026;n
K4.20;K4.20 Oviranost pri skrbi zase;Upravna enota Črnomelj;2016;n
K4.20;K4.20 Oviranost pri skrbi zase;Upravna enota Črnomelj;2017;n
K4.20;K4.20 Oviranost pri skrbi zase;Upravna enota Črnomelj;2018;n
K4.20;K4.20 Oviranost pri skrbi zase;Upravna enota Črnomelj;2019;n
K4.20;K4.20 Oviranost pri skrbi zase;Upravna enota Črnomelj;2020;n
K4.20;K4.20 Oviranost pri skrbi zase;Upravna enota Črnomelj;2021;n
K4.20;K4.20 Oviranost pri skrbi zase;Upravna enota Črnomelj;2022;n
K4.20;K4.20 Oviranost pri skrbi zase;Upravna enota Črnomelj;2023;27.71
K4.20;K4.20 Oviranost pri skrbi zase;Upravna enota Črnomelj;2024;n
K4.20;K4.20 Oviranost pri skrbi zase;Upravna enota Črnomelj;2025;n
K4.20;K4.20 Oviranost pri skrbi zase;Upravna enota Črnomelj;2026;n
K4.20;K4.20 Oviranost pri skrbi zase;Slovenija;2016;n
K4.20;K4.20 Oviranost pri skrbi zase;Slovenija;2017;n
K4.20;K4.20 Oviranost pri skrbi zase;Slovenija;2018;n
K4.20;K4.20 Oviranost pri skrbi zase;Slovenija;2019;n
K4.20;K4.20 Oviranost pri skrbi zase;Slovenija;2020;n
K4.20;K4.20 Oviranost pri skrbi zase;Slovenija;2021;n
K4.20;K4.20 Oviranost pri skrbi zase;Slovenija;2022;n
K4.20;K4.20 Oviranost pri skrbi zase;Slovenija;2023;6.5
K4.20;K4.20 Oviranost pri skrbi zase;Slovenija;2024;n
K4.20;K4.20 Oviranost pri skrbi zase;Slovenija;2025;n
K4.20;K4.20 Oviranost pri skrbi zase;Slovenija;2026;n
K4.2;K4.2 Bolniška odsotnost;Občina Črnomelj;2016;11.6
K4.2;K4.2 Bolniška odsotnost;Občina Črnomelj;2017;13.1
K4.2;K4.2 Bolniška odsotnost;Občina Črnomelj;2018;12.8
K4.2;K4.2 Bolniška odsotnost;Občina Črnomelj;2019;14.16
K4.2;K4.2 Bolniška odsotnost;Občina Črnomelj;2020;13.7
K4.2;K4.2 Bolniška odsotnost;Občina Črnomelj;2021;16.1
K4.2;K4.2 Bolniška odsotnost;Občina Črnomelj;2022;16
K4.2;K4.2 Bolniška odsotnost;Občina Črnomelj;2023;18.6
K4.2;K4.2 Bolniška odsotnost;Občina Črnomelj;2024;20.5
K4.2;K4.2 Bolniška odsotnost;Občina Črnomelj;2025;19.01
K4.2;K4.2 Bolniška odsotnost;Občina Črnomelj;2026;19.17
K4.2;K4.2 Bolniška odsotnost;Regija Jugovzhodna Slovenija;2016;14.3
K4.2;K4.2 Bolniška odsotnost;Regija Jugovzhodna Slovenija;2017;15.7
K4.2;K4.2 Bolniška odsotnost;Regija Jugovzhodna Slovenija;2018;16
K4.2;K4.2 Bolniška odsotnost;Regija Jugovzhodna Slovenija;2019;16.79
K4.2;K4.2 Bolniška odsotnost;Regija Jugovzhodna Slovenija;2020;17.9
K4.2;K4.2 Bolniška odsotnost;Regija Jugovzhodna Slovenija;2021;18.9
K4.2;K4.2 Bolniška odsotnost;Regija Jugovzhodna Slovenija;2022;18.3
K4.2;K4.2 Bolniška odsotnost;Regija Jugovzhodna Slovenija;2023;20.8
K4.2;K4.2 Bolniška odsotnost;Regija Jugovzhodna Slovenija;2024;23.29
K4.2;K4.2 Bolniška odsotnost;Regija Jugovzhodna Slovenija;2025;19.86
K4.2;K4.2 Bolniška odsotnost;Regija Jugovzhodna Slovenija;2026;21.61
K4.2;K4.2 Bolniška odsotnost;Upravna enota Črnomelj;2016;27.71
K4.2;K4.2 Bolniška odsotnost;Upravna enota Črnomelj;2017;27.71
K4.2;K4.2 Bolniška odsotnost;Upravna enota Črnomelj;2018;27.71
K4.2;K4.2 Bolniška odsotnost;Upravna enota Črnomelj;2019;27.71
K4.2;K4.2 Bolniška odsotnost;Upravna enota Črnomelj;2020;27.71
K4.2;K4.2 Bolniška odsotnost;Upravna enota Črnomelj;2021;27.71
K4.2;K4.2 Bolniška odsotnost;Upravna enota Črnomelj;2022;27.71
K4.2;K4.2 Bolniška odsotnost;Upravna enota Črnomelj;2023;27.71
K4.2;K4.2 Bolniška odsotnost;Upravna enota Črnomelj;2024;27.71
K4.2;K4.2 Bolniška odsotnost;Upravna enota Črnomelj;2025;27.71
K4.2;K4.2 Bolniška odsotnost;Upravna enota Črnomelj;2026;27.71
K4.2;K4.2 Bolniška odsotnost;Slovenija;2016;13.7
K4.2;K4.2 Bolniška odsotnost;Slovenija;2017;14.5
K4.2;K4.2 Bolniška odsotnost;Slovenija;2018;14.4
K4.2;K4.2 Bolniška odsotnost;Slovenija;2019;15.33
K4.2;K4.2 Bolniška odsotnost;Slovenija;2020;16.4
K4.2;K4.2 Bolniška odsotnost;Slovenija;2021;17.7
K4.2;K4.2 Bolniška odsotnost;Slovenija;2022;18
K4.2;K4.2 Bolniška odsotnost;Slovenija;2023;19.4
K4.2;K4.2 Bolniška odsotnost;Slovenija;2024;21.65
K4.2;K4.2 Bolniška odsotnost;Slovenija;2025;19.04
K4.2;K4.2 Bolniška odsotnost;Slovenija;2026;20.53
K4.3;K4.3 Astma pri otrocih in mladostnikih (0-19 let);Občina Črnomelj;2016;0.6
K4.3;K4.3 Astma pri otrocih in mladostnikih (0-19 let);Občina Črnomelj;2017;0.7
K4.3;K4.3 Astma pri otrocih in mladostnikih (0-19 let);Občina Črnomelj;2018;0.8
K4.3;K4.3 Astma pri otrocih in mladostnikih (0-19 let);Občina Črnomelj;2019;0.9
K4.3;K4.3 Astma pri otrocih in mladostnikih (0-19 let);Občina Črnomelj;2020;0.8
K4.3;K4.3 Astma pri otrocih in mladostnikih (0-19 let);Občina Črnomelj;2021;0.8
K4.3;K4.3 Astma pri otrocih in mladostnikih (0-19 let);Občina Črnomelj;2022;0.6
K4.3;K4.3 Astma pri otrocih in mladostnikih (0-19 let);Občina Črnomelj;2023;0.5
K4.3;K4.3 Astma pri otrocih in mladostnikih (0-19 let);Občina Črnomelj;2024;0.39
K4.3;K4.3 Astma pri otrocih in mladostnikih (0-19 let);Občina Črnomelj;2025;0.39
K4.3;K4.3 Astma pri otrocih in mladostnikih (0-19 let);Občina Črnomelj;2026;0.31
K4.3;K4.3 Astma pri otrocih in mladostnikih (0-19 let);Regija Jugovzhodna Slovenija;2016;0.3
K4.3;K4.3 Astma pri otrocih in mladostnikih (0-19 let);Regija Jugovzhodna Slovenija;2017;0.5
K4.3;K4.3 Astma pri otrocih in mladostnikih (0-19 let);Regija Jugovzhodna Slovenija;2018;0.6
K4.3;K4.3 Astma pri otrocih in mladostnikih (0-19 let);Regija Jugovzhodna Slovenija;2019;0.6
K4.3;K4.3 Astma pri otrocih in mladostnikih (0-19 let);Regija Jugovzhodna Slovenija;2020;0.6
K4.3;K4.3 Astma pri otrocih in mladostnikih (0-19 let);Regija Jugovzhodna Slovenija;2021;0.5
K4.3;K4.3 Astma pri otrocih in mladostnikih (0-19 let);Regija Jugovzhodna Slovenija;2022;0.4
K4.3;K4.3 Astma pri otrocih in mladostnikih (0-19 let);Regija Jugovzhodna Slovenija;2023;0.3
K4.3;K4.3 Astma pri otrocih in mladostnikih (0-19 let);Regija Jugovzhodna Slovenija;2024;0.29
K4.3;K4.3 Astma pri otrocih in mladostnikih (0-19 let);Regija Jugovzhodna Slovenija;2025;0.23
K4.3;K4.3 Astma pri otrocih in mladostnikih (0-19 let);Regija Jugovzhodna Slovenija;2026;0.28
K4.3;K4.3 Astma pri otrocih in mladostnikih (0-19 let);Upravna enota Črnomelj;2016;27.71
K4.3;K4.3 Astma pri otrocih in mladostnikih (0-19 let);Upravna enota Črnomelj;2017;27.71
K4.3;K4.3 Astma pri otrocih in mladostnikih (0-19 let);Upravna enota Črnomelj;2018;27.71
K4.3;K4.3 Astma pri otrocih in mladostnikih (0-19 let);Upravna enota Črnomelj;2019;27.71
K4.3;K4.3 Astma pri otrocih in mladostnikih (0-19 let);Upravna enota Črnomelj;2020;27.71
K4.3;K4.3 Astma pri otrocih in mladostnikih (0-19 let);Upravna enota Črnomelj;2021;27.71
K4.3;K4.3 Astma pri otrocih in mladostnikih (0-19 let);Upravna enota Črnomelj;2022;27.71
K4.3;K4.3 Astma pri otrocih in mladostnikih (0-19 let);Upravna enota Črnomelj;2023;27.71
K4.3;K4.3 Astma pri otrocih in mladostnikih (0-19 let);Upravna enota Črnomelj;2024;27.71
K4.3;K4.3 Astma pri otrocih in mladostnikih (0-19 let);Upravna enota Črnomelj;2025;27.71
K4.3;K4.3 Astma pri otrocih in mladostnikih (0-19 let);Upravna enota Črnomelj;2026;27.71
K4.3;K4.3 Astma pri otrocih in mladostnikih (0-19 let);Slovenija;2016;1.2
K4.3;K4.3 Astma pri otrocih in mladostnikih (0-19 let);Slovenija;2017;1.2
K4.3;K4.3 Astma pri otrocih in mladostnikih (0-19 let);Slovenija;2018;1.2
K4.3;K4.3 Astma pri otrocih in mladostnikih (0-19 let);Slovenija;2019;1.08
K4.3;K4.3 Astma pri otrocih in mladostnikih (0-19 let);Slovenija;2020;1
K4.3;K4.3 Astma pri otrocih in mladostnikih (0-19 let);Slovenija;2021;0.8
K4.3;K4.3 Astma pri otrocih in mladostnikih (0-19 let);Slovenija;2022;0.7
K4.3;K4.3 Astma pri otrocih in mladostnikih (0-19 let);Slovenija;2023;0.5
K4.3;K4.3 Astma pri otrocih in mladostnikih (0-19 let);Slovenija;2024;0.48
K4.3;K4.3 Astma pri otrocih in mladostnikih (0-19 let);Slovenija;2025;0.41
K4.3;K4.3 Astma pri otrocih in mladostnikih (0-19 let);Slovenija;2026;0.39
K4.4;K4.4 Bolezni, neposredno pripisljive alkoholu (15 let in več);Občina Črnomelj;2016;1.7
K4.4;K4.4 Bolezni, neposredno pripisljive alkoholu (15 let in več);Občina Črnomelj;2017;1.6
K4.4;K4.4 Bolezni, neposredno pripisljive alkoholu (15 let in več);Občina Črnomelj;2018;1.5
K4.4;K4.4 Bolezni, neposredno pripisljive alkoholu (15 let in več);Občina Črnomelj;2019;1.75
K4.4;K4.4 Bolezni, neposredno pripisljive alkoholu (15 let in več);Občina Črnomelj;2020;1.9
K4.4;K4.4 Bolezni, neposredno pripisljive alkoholu (15 let in več);Občina Črnomelj;2021;1.9
K4.4;K4.4 Bolezni, neposredno pripisljive alkoholu (15 let in več);Občina Črnomelj;2022;2
K4.4;K4.4 Bolezni, neposredno pripisljive alkoholu (15 let in več);Občina Črnomelj;2023;1.7
K4.4;K4.4 Bolezni, neposredno pripisljive alkoholu (15 let in več);Občina Črnomelj;2024;1.59
K4.4;K4.4 Bolezni, neposredno pripisljive alkoholu (15 let in več);Občina Črnomelj;2025;1.43
K4.4;K4.4 Bolezni, neposredno pripisljive alkoholu (15 let in več);Občina Črnomelj;2026;1.21
K4.4;K4.4 Bolezni, neposredno pripisljive alkoholu (15 let in več);Regija Jugovzhodna Slovenija;2016;2.3
K4.4;K4.4 Bolezni, neposredno pripisljive alkoholu (15 let in več);Regija Jugovzhodna Slovenija;2017;2.1
K4.4;K4.4 Bolezni, neposredno pripisljive alkoholu (15 let in več);Regija Jugovzhodna Slovenija;2018;2.1
K4.4;K4.4 Bolezni, neposredno pripisljive alkoholu (15 let in več);Regija Jugovzhodna Slovenija;2019;2.02
K4.4;K4.4 Bolezni, neposredno pripisljive alkoholu (15 let in več);Regija Jugovzhodna Slovenija;2020;1.9
K4.4;K4.4 Bolezni, neposredno pripisljive alkoholu (15 let in več);Regija Jugovzhodna Slovenija;2021;1.8
K4.4;K4.4 Bolezni, neposredno pripisljive alkoholu (15 let in več);Regija Jugovzhodna Slovenija;2022;1.7
K4.4;K4.4 Bolezni, neposredno pripisljive alkoholu (15 let in več);Regija Jugovzhodna Slovenija;2023;1.5
K4.4;K4.4 Bolezni, neposredno pripisljive alkoholu (15 let in več);Regija Jugovzhodna Slovenija;2024;1.44
K4.4;K4.4 Bolezni, neposredno pripisljive alkoholu (15 let in več);Regija Jugovzhodna Slovenija;2025;1.4
K4.4;K4.4 Bolezni, neposredno pripisljive alkoholu (15 let in več);Regija Jugovzhodna Slovenija;2026;1.36
K4.4;K4.4 Bolezni, neposredno pripisljive alkoholu (15 let in več);Upravna enota Črnomelj;2016;27.71
K4.4;K4.4 Bolezni, neposredno pripisljive alkoholu (15 let in več);Upravna enota Črnomelj;2017;27.71
K4.4;K4.4 Bolezni, neposredno pripisljive alkoholu (15 let in več);Upravna enota Črnomelj;2018;27.71
K4.4;K4.4 Bolezni, neposredno pripisljive alkoholu (15 let in več);Upravna enota Črnomelj;2019;27.71
K4.4;K4.4 Bolezni, neposredno pripisljive alkoholu (15 let in več);Upravna enota Črnomelj;2020;27.71
K4.4;K4.4 Bolezni, neposredno pripisljive alkoholu (15 let in več);Upravna enota Črnomelj;2021;27.71
K4.4;K4.4 Bolezni, neposredno pripisljive alkoholu (15 let in več);Upravna enota Črnomelj;2022;27.71
K4.4;K4.4 Bolezni, neposredno pripisljive alkoholu (15 let in več);Upravna enota Črnomelj;2023;27.71
K4.4;K4.4 Bolezni, neposredno pripisljive alkoholu (15 let in več);Upravna enota Črnomelj;2024;27.71
K4.4;K4.4 Bolezni, neposredno pripisljive alkoholu (15 let in več);Upravna enota Črnomelj;2025;27.71
K4.4;K4.4 Bolezni, neposredno pripisljive alkoholu (15 let in več);Upravna enota Črnomelj;2026;27.71
K4.4;K4.4 Bolezni, neposredno pripisljive alkoholu (15 let in več);Slovenija;2016;2
K4.4;K4.4 Bolezni, neposredno pripisljive alkoholu (15 let in več);Slovenija;2017;1.9
K4.4;K4.4 Bolezni, neposredno pripisljive alkoholu (15 let in več);Slovenija;2018;2
K4.4;K4.4 Bolezni, neposredno pripisljive alkoholu (15 let in več);Slovenija;2019;1.98
K4.4;K4.4 Bolezni, neposredno pripisljive alkoholu (15 let in več);Slovenija;2020;1.9
K4.4;K4.4 Bolezni, neposredno pripisljive alkoholu (15 let in več);Slovenija;2021;1.9
K4.4;K4.4 Bolezni, neposredno pripisljive alkoholu (15 let in več);Slovenija;2022;1.8
K4.4;K4.4 Bolezni, neposredno pripisljive alkoholu (15 let in več);Slovenija;2023;1.7
K4.4;K4.4 Bolezni, neposredno pripisljive alkoholu (15 let in več);Slovenija;2024;1.64
K4.4;K4.4 Bolezni, neposredno pripisljive alkoholu (15 let in več);Slovenija;2025;1.64
K4.4;K4.4 Bolezni, neposredno pripisljive alkoholu (15 let in več);Slovenija;2026;1.61
K4.5;K4.5 Prejemniki zdravil zaradi sladkorne bolezni;Občina Črnomelj;2016;5.4
K4.5;K4.5 Prejemniki zdravil zaradi sladkorne bolezni;Občina Črnomelj;2017;5.5
K4.5;K4.5 Prejemniki zdravil zaradi sladkorne bolezni;Občina Črnomelj;2018;5.4
K4.5;K4.5 Prejemniki zdravil zaradi sladkorne bolezni;Občina Črnomelj;2019;5.31
K4.5;K4.5 Prejemniki zdravil zaradi sladkorne bolezni;Občina Črnomelj;2020;5.4
K4.5;K4.5 Prejemniki zdravil zaradi sladkorne bolezni;Občina Črnomelj;2021;5.6
K4.5;K4.5 Prejemniki zdravil zaradi sladkorne bolezni;Občina Črnomelj;2022;5.5
K4.5;K4.5 Prejemniki zdravil zaradi sladkorne bolezni;Občina Črnomelj;2023;5.7
K4.5;K4.5 Prejemniki zdravil zaradi sladkorne bolezni;Občina Črnomelj;2024;5.49
K4.5;K4.5 Prejemniki zdravil zaradi sladkorne bolezni;Občina Črnomelj;2025;5.49
K4.5;K4.5 Prejemniki zdravil zaradi sladkorne bolezni;Občina Črnomelj;2026;5.72
K4.5;K4.5 Prejemniki zdravil zaradi sladkorne bolezni;Regija Jugovzhodna Slovenija;2016;5.2
K4.5;K4.5 Prejemniki zdravil zaradi sladkorne bolezni;Regija Jugovzhodna Slovenija;2017;5.3
K4.5;K4.5 Prejemniki zdravil zaradi sladkorne bolezni;Regija Jugovzhodna Slovenija;2018;5.3
K4.5;K4.5 Prejemniki zdravil zaradi sladkorne bolezni;Regija Jugovzhodna Slovenija;2019;5.31
K4.5;K4.5 Prejemniki zdravil zaradi sladkorne bolezni;Regija Jugovzhodna Slovenija;2020;5.3
K4.5;K4.5 Prejemniki zdravil zaradi sladkorne bolezni;Regija Jugovzhodna Slovenija;2021;5.5
K4.5;K4.5 Prejemniki zdravil zaradi sladkorne bolezni;Regija Jugovzhodna Slovenija;2022;5.4
K4.5;K4.5 Prejemniki zdravil zaradi sladkorne bolezni;Regija Jugovzhodna Slovenija;2023;5.5
K4.5;K4.5 Prejemniki zdravil zaradi sladkorne bolezni;Regija Jugovzhodna Slovenija;2024;4.49
K4.5;K4.5 Prejemniki zdravil zaradi sladkorne bolezni;Regija Jugovzhodna Slovenija;2025;5.64
K4.5;K4.5 Prejemniki zdravil zaradi sladkorne bolezni;Regija Jugovzhodna Slovenija;2026;5.77
K4.5;K4.5 Prejemniki zdravil zaradi sladkorne bolezni;Upravna enota Črnomelj;2016;27.71
K4.5;K4.5 Prejemniki zdravil zaradi sladkorne bolezni;Upravna enota Črnomelj;2017;27.71
K4.5;K4.5 Prejemniki zdravil zaradi sladkorne bolezni;Upravna enota Črnomelj;2018;27.71
K4.5;K4.5 Prejemniki zdravil zaradi sladkorne bolezni;Upravna enota Črnomelj;2019;27.71
K4.5;K4.5 Prejemniki zdravil zaradi sladkorne bolezni;Upravna enota Črnomelj;2020;27.71
K4.5;K4.5 Prejemniki zdravil zaradi sladkorne bolezni;Upravna enota Črnomelj;2021;27.71
K4.5;K4.5 Prejemniki zdravil zaradi sladkorne bolezni;Upravna enota Črnomelj;2022;27.71
K4.5;K4.5 Prejemniki zdravil zaradi sladkorne bolezni;Upravna enota Črnomelj;2023;27.71
K4.5;K4.5 Prejemniki zdravil zaradi sladkorne bolezni;Upravna enota Črnomelj;2024;27.71
K4.5;K4.5 Prejemniki zdravil zaradi sladkorne bolezni;Upravna enota Črnomelj;2025;27.71
K4.5;K4.5 Prejemniki zdravil zaradi sladkorne bolezni;Upravna enota Črnomelj;2026;27.71
K4.5;K4.5 Prejemniki zdravil zaradi sladkorne bolezni;Slovenija;2016;5.1
K4.5;K4.5 Prejemniki zdravil zaradi sladkorne bolezni;Slovenija;2017;5.1
K4.5;K4.5 Prejemniki zdravil zaradi sladkorne bolezni;Slovenija;2018;5.1
K4.5;K4.5 Prejemniki zdravil zaradi sladkorne bolezni;Slovenija;2019;5.16
K4.5;K4.5 Prejemniki zdravil zaradi sladkorne bolezni;Slovenija;2020;5.2
K4.5;K4.5 Prejemniki zdravil zaradi sladkorne bolezni;Slovenija;2021;5.3
K4.5;K4.5 Prejemniki zdravil zaradi sladkorne bolezni;Slovenija;2022;5.2
K4.5;K4.5 Prejemniki zdravil zaradi sladkorne bolezni;Slovenija;2023;5.4
K4.5;K4.5 Prejemniki zdravil zaradi sladkorne bolezni;Slovenija;2024;5.31
K4.5;K4.5 Prejemniki zdravil zaradi sladkorne bolezni;Slovenija;2025;5.37
K4.5;K4.5 Prejemniki zdravil zaradi sladkorne bolezni;Slovenija;2026;5.47
K4.6;K4.6 Prejemniki zdravil zaradi poviš. krvnega tlaka;Občina Črnomelj;2016;26.5
K4.6;K4.6 Prejemniki zdravil zaradi poviš. krvnega tlaka;Občina Črnomelj;2017;26.2
K4.6;K4.6 Prejemniki zdravil zaradi poviš. krvnega tlaka;Občina Črnomelj;2018;26.1
K4.6;K4.6 Prejemniki zdravil zaradi poviš. krvnega tlaka;Občina Črnomelj;2019;25.79
K4.6;K4.6 Prejemniki zdravil zaradi poviš. krvnega tlaka;Občina Črnomelj;2020;25.3
K4.6;K4.6 Prejemniki zdravil zaradi poviš. krvnega tlaka;Občina Črnomelj;2021;25.3
K4.6;K4.6 Prejemniki zdravil zaradi poviš. krvnega tlaka;Občina Črnomelj;2022;25
K4.6;K4.6 Prejemniki zdravil zaradi poviš. krvnega tlaka;Občina Črnomelj;2023;24.8
K4.6;K4.6 Prejemniki zdravil zaradi poviš. krvnega tlaka;Občina Črnomelj;2024;24.92
K4.6;K4.6 Prejemniki zdravil zaradi poviš. krvnega tlaka;Občina Črnomelj;2025;25.24
K4.6;K4.6 Prejemniki zdravil zaradi poviš. krvnega tlaka;Občina Črnomelj;2026;25.38
K4.6;K4.6 Prejemniki zdravil zaradi poviš. krvnega tlaka;Regija Jugovzhodna Slovenija;2016;25.9
K4.6;K4.6 Prejemniki zdravil zaradi poviš. krvnega tlaka;Regija Jugovzhodna Slovenija;2017;25.8
K4.6;K4.6 Prejemniki zdravil zaradi poviš. krvnega tlaka;Regija Jugovzhodna Slovenija;2018;25.7
K4.6;K4.6 Prejemniki zdravil zaradi poviš. krvnega tlaka;Regija Jugovzhodna Slovenija;2019;25.51
K4.6;K4.6 Prejemniki zdravil zaradi poviš. krvnega tlaka;Regija Jugovzhodna Slovenija;2020;25.3
K4.6;K4.6 Prejemniki zdravil zaradi poviš. krvnega tlaka;Regija Jugovzhodna Slovenija;2021;25.1
K4.6;K4.6 Prejemniki zdravil zaradi poviš. krvnega tlaka;Regija Jugovzhodna Slovenija;2022;24.7
K4.6;K4.6 Prejemniki zdravil zaradi poviš. krvnega tlaka;Regija Jugovzhodna Slovenija;2023;24.5
K4.6;K4.6 Prejemniki zdravil zaradi poviš. krvnega tlaka;Regija Jugovzhodna Slovenija;2024;24.62
K4.6;K4.6 Prejemniki zdravil zaradi poviš. krvnega tlaka;Regija Jugovzhodna Slovenija;2025;24.76
K4.6;K4.6 Prejemniki zdravil zaradi poviš. krvnega tlaka;Regija Jugovzhodna Slovenija;2026;24.8
K4.6;K4.6 Prejemniki zdravil zaradi poviš. krvnega tlaka;Upravna enota Črnomelj;2016;27.71
K4.6;K4.6 Prejemniki zdravil zaradi poviš. krvnega tlaka;Upravna enota Črnomelj;2017;27.71
K4.6;K4.6 Prejemniki zdravil zaradi poviš. krvnega tlaka;Upravna enota Črnomelj;2018;27.71
K4.6;K4.6 Prejemniki zdravil zaradi poviš. krvnega tlaka;Upravna enota Črnomelj;2019;27.71
K4.6;K4.6 Prejemniki zdravil zaradi poviš. krvnega tlaka;Upravna enota Črnomelj;2020;27.71
K4.6;K4.6 Prejemniki zdravil zaradi poviš. krvnega tlaka;Upravna enota Črnomelj;2021;27.71
K4.6;K4.6 Prejemniki zdravil zaradi poviš. krvnega tlaka;Upravna enota Črnomelj;2022;27.71
K4.6;K4.6 Prejemniki zdravil zaradi poviš. krvnega tlaka;Upravna enota Črnomelj;2023;27.71
K4.6;K4.6 Prejemniki zdravil zaradi poviš. krvnega tlaka;Upravna enota Črnomelj;2024;27.71
K4.6;K4.6 Prejemniki zdravil zaradi poviš. krvnega tlaka;Upravna enota Črnomelj;2025;27.71
K4.6;K4.6 Prejemniki zdravil zaradi poviš. krvnega tlaka;Upravna enota Črnomelj;2026;27.71
K4.6;K4.6 Prejemniki zdravil zaradi poviš. krvnega tlaka;Slovenija;2016;23.7
K4.6;K4.6 Prejemniki zdravil zaradi poviš. krvnega tlaka;Slovenija;2017;23.5
K4.6;K4.6 Prejemniki zdravil zaradi poviš. krvnega tlaka;Slovenija;2018;23.4
K4.6;K4.6 Prejemniki zdravil zaradi poviš. krvnega tlaka;Slovenija;2019;23.18
K4.6;K4.6 Prejemniki zdravil zaradi poviš. krvnega tlaka;Slovenija;2020;23
K4.6;K4.6 Prejemniki zdravil zaradi poviš. krvnega tlaka;Slovenija;2021;22.9
K4.6;K4.6 Prejemniki zdravil zaradi poviš. krvnega tlaka;Slovenija;2022;22.5
K4.6;K4.6 Prejemniki zdravil zaradi poviš. krvnega tlaka;Slovenija;2023;22.4
K4.6;K4.6 Prejemniki zdravil zaradi poviš. krvnega tlaka;Slovenija;2024;22.45
K4.6;K4.6 Prejemniki zdravil zaradi poviš. krvnega tlaka;Slovenija;2025;22.47
K4.6;K4.6 Prejemniki zdravil zaradi poviš. krvnega tlaka;Slovenija;2026;22.51
K4.7;K4.7 Prejemniki zdravil proti strjevanju krvi;Občina Črnomelj;2016;11.1
K4.7;K4.7 Prejemniki zdravil proti strjevanju krvi;Občina Črnomelj;2017;11.5
K4.7;K4.7 Prejemniki zdravil proti strjevanju krvi;Občina Črnomelj;2018;11.9
K4.7;K4.7 Prejemniki zdravil proti strjevanju krvi;Občina Črnomelj;2019;11.89
K4.7;K4.7 Prejemniki zdravil proti strjevanju krvi;Občina Črnomelj;2020;11.9
K4.7;K4.7 Prejemniki zdravil proti strjevanju krvi;Občina Črnomelj;2021;11.8
K4.7;K4.7 Prejemniki zdravil proti strjevanju krvi;Občina Črnomelj;2022;11.6
K4.7;K4.7 Prejemniki zdravil proti strjevanju krvi;Občina Črnomelj;2023;11.8
K4.7;K4.7 Prejemniki zdravil proti strjevanju krvi;Občina Črnomelj;2024;11.99
K4.7;K4.7 Prejemniki zdravil proti strjevanju krvi;Občina Črnomelj;2025;11.87
K4.7;K4.7 Prejemniki zdravil proti strjevanju krvi;Občina Črnomelj;2026;12.03
K4.7;K4.7 Prejemniki zdravil proti strjevanju krvi;Regija Jugovzhodna Slovenija;2016;11.7
K4.7;K4.7 Prejemniki zdravil proti strjevanju krvi;Regija Jugovzhodna Slovenija;2017;12
K4.7;K4.7 Prejemniki zdravil proti strjevanju krvi;Regija Jugovzhodna Slovenija;2018;12.1
K4.7;K4.7 Prejemniki zdravil proti strjevanju krvi;Regija Jugovzhodna Slovenija;2019;12.2
K4.7;K4.7 Prejemniki zdravil proti strjevanju krvi;Regija Jugovzhodna Slovenija;2020;12.2
K4.7;K4.7 Prejemniki zdravil proti strjevanju krvi;Regija Jugovzhodna Slovenija;2021;12.2
K4.7;K4.7 Prejemniki zdravil proti strjevanju krvi;Regija Jugovzhodna Slovenija;2022;11.9
K4.7;K4.7 Prejemniki zdravil proti strjevanju krvi;Regija Jugovzhodna Slovenija;2023;12.2
K4.7;K4.7 Prejemniki zdravil proti strjevanju krvi;Regija Jugovzhodna Slovenija;2024;12.35
K4.7;K4.7 Prejemniki zdravil proti strjevanju krvi;Regija Jugovzhodna Slovenija;2025;12.47
K4.7;K4.7 Prejemniki zdravil proti strjevanju krvi;Regija Jugovzhodna Slovenija;2026;12.61
K4.7;K4.7 Prejemniki zdravil proti strjevanju krvi;Upravna enota Črnomelj;2016;27.71
K4.7;K4.7 Prejemniki zdravil proti strjevanju krvi;Upravna enota Črnomelj;2017;27.71
K4.7;K4.7 Prejemniki zdravil proti strjevanju krvi;Upravna enota Črnomelj;2018;27.71
K4.7;K4.7 Prejemniki zdravil proti strjevanju krvi;Upravna enota Črnomelj;2019;27.71
K4.7;K4.7 Prejemniki zdravil proti strjevanju krvi;Upravna enota Črnomelj;2020;27.71
K4.7;K4.7 Prejemniki zdravil proti strjevanju krvi;Upravna enota Črnomelj;2021;27.71
K4.7;K4.7 Prejemniki zdravil proti strjevanju krvi;Upravna enota Črnomelj;2022;27.71
K4.7;K4.7 Prejemniki zdravil proti strjevanju krvi;Upravna enota Črnomelj;2023;27.71
K4.7;K4.7 Prejemniki zdravil proti strjevanju krvi;Upravna enota Črnomelj;2024;27.71
K4.7;K4.7 Prejemniki zdravil proti strjevanju krvi;Upravna enota Črnomelj;2025;27.71
K4.7;K4.7 Prejemniki zdravil proti strjevanju krvi;Upravna enota Črnomelj;2026;27.71
K4.7;K4.7 Prejemniki zdravil proti strjevanju krvi;Slovenija;2016;11.8
K4.7;K4.7 Prejemniki zdravil proti strjevanju krvi;Slovenija;2017;11.8
K4.7;K4.7 Prejemniki zdravil proti strjevanju krvi;Slovenija;2018;11.8
K4.7;K4.7 Prejemniki zdravil proti strjevanju krvi;Slovenija;2019;11.91
K4.7;K4.7 Prejemniki zdravil proti strjevanju krvi;Slovenija;2020;11.9
K4.7;K4.7 Prejemniki zdravil proti strjevanju krvi;Slovenija;2021;11.8
K4.7;K4.7 Prejemniki zdravil proti strjevanju krvi;Slovenija;2022;11.6
K4.7;K4.7 Prejemniki zdravil proti strjevanju krvi;Slovenija;2023;11.9
K4.7;K4.7 Prejemniki zdravil proti strjevanju krvi;Slovenija;2024;11.95
K4.7;K4.7 Prejemniki zdravil proti strjevanju krvi;Slovenija;2025;11.98
K4.7;K4.7 Prejemniki zdravil proti strjevanju krvi;Slovenija;2026;12.06
K4.8;K4.8 Srčna kap (35-74 let);Občina Črnomelj;2016;2.1
K4.8;K4.8 Srčna kap (35-74 let);Občina Črnomelj;2017;2.2
K4.8;K4.8 Srčna kap (35-74 let);Občina Črnomelj;2018;2.2
K4.8;K4.8 Srčna kap (35-74 let);Občina Črnomelj;2019;2.4
K4.8;K4.8 Srčna kap (35-74 let);Občina Črnomelj;2020;2.9
K4.8;K4.8 Srčna kap (35-74 let);Občina Črnomelj;2021;2.5
K4.8;K4.8 Srčna kap (35-74 let);Občina Črnomelj;2022;2.4
K4.8;K4.8 Srčna kap (35-74 let);Občina Črnomelj;2023;2.4
K4.8;K4.8 Srčna kap (35-74 let);Občina Črnomelj;2024;1.98
K4.8;K4.8 Srčna kap (35-74 let);Občina Črnomelj;2025;1.7
K4.8;K4.8 Srčna kap (35-74 let);Občina Črnomelj;2026;1.66
K4.8;K4.8 Srčna kap (35-74 let);Regija Jugovzhodna Slovenija;2016;1.8
K4.8;K4.8 Srčna kap (35-74 let);Regija Jugovzhodna Slovenija;2017;1.9
K4.8;K4.8 Srčna kap (35-74 let);Regija Jugovzhodna Slovenija;2018;2
K4.8;K4.8 Srčna kap (35-74 let);Regija Jugovzhodna Slovenija;2019;1.95
K4.8;K4.8 Srčna kap (35-74 let);Regija Jugovzhodna Slovenija;2020;2
K4.8;K4.8 Srčna kap (35-74 let);Regija Jugovzhodna Slovenija;2021;2
K4.8;K4.8 Srčna kap (35-74 let);Regija Jugovzhodna Slovenija;2022;1.9
K4.8;K4.8 Srčna kap (35-74 let);Regija Jugovzhodna Slovenija;2023;1.9
K4.8;K4.8 Srčna kap (35-74 let);Regija Jugovzhodna Slovenija;2024;1.92
K4.8;K4.8 Srčna kap (35-74 let);Regija Jugovzhodna Slovenija;2025;1.97
K4.8;K4.8 Srčna kap (35-74 let);Regija Jugovzhodna Slovenija;2026;1.9
K4.8;K4.8 Srčna kap (35-74 let);Upravna enota Črnomelj;2016;27.71
K4.8;K4.8 Srčna kap (35-74 let);Upravna enota Črnomelj;2017;27.71
K4.8;K4.8 Srčna kap (35-74 let);Upravna enota Črnomelj;2018;27.71
K4.8;K4.8 Srčna kap (35-74 let);Upravna enota Črnomelj;2019;27.71
K4.8;K4.8 Srčna kap (35-74 let);Upravna enota Črnomelj;2020;27.71
K4.8;K4.8 Srčna kap (35-74 let);Upravna enota Črnomelj;2021;27.71
K4.8;K4.8 Srčna kap (35-74 let);Upravna enota Črnomelj;2022;27.71
K4.8;K4.8 Srčna kap (35-74 let);Upravna enota Črnomelj;2023;27.71
K4.8;K4.8 Srčna kap (35-74 let);Upravna enota Črnomelj;2024;27.71
K4.8;K4.8 Srčna kap (35-74 let);Upravna enota Črnomelj;2025;27.71
K4.8;K4.8 Srčna kap (35-74 let);Upravna enota Črnomelj;2026;27.71
K4.8;K4.8 Srčna kap (35-74 let);Slovenija;2016;1.9
K4.8;K4.8 Srčna kap (35-74 let);Slovenija;2017;2
K4.8;K4.8 Srčna kap (35-74 let);Slovenija;2018;2.1
K4.8;K4.8 Srčna kap (35-74 let);Slovenija;2019;2.09
K4.8;K4.8 Srčna kap (35-74 let);Slovenija;2020;2.1
K4.8;K4.8 Srčna kap (35-74 let);Slovenija;2021;2.1
K4.8;K4.8 Srčna kap (35-74 let);Slovenija;2022;2.1
K4.8;K4.8 Srčna kap (35-74 let);Slovenija;2023;2
K4.8;K4.8 Srčna kap (35-74 let);Slovenija;2024;1.96
K4.8;K4.8 Srčna kap (35-74 let);Slovenija;2025;1.91
K4.8;K4.8 Srčna kap (35-74 let);Slovenija;2026;1.86
K4.9;K4.9 Možganska kap (35-84 let);Občina Črnomelj;2016;2.9
K4.9;K4.9 Možganska kap (35-84 let);Občina Črnomelj;2017;2.8
K4.9;K4.9 Možganska kap (35-84 let);Občina Črnomelj;2018;3
K4.9;K4.9 Možganska kap (35-84 let);Občina Črnomelj;2019;3.04
K4.9;K4.9 Možganska kap (35-84 let);Občina Črnomelj;2020;2.8
K4.9;K4.9 Možganska kap (35-84 let);Občina Črnomelj;2021;2.6
K4.9;K4.9 Možganska kap (35-84 let);Občina Črnomelj;2022;2.7
K4.9;K4.9 Možganska kap (35-84 let);Občina Črnomelj;2023;2.4
K4.9;K4.9 Možganska kap (35-84 let);Občina Črnomelj;2024;2.28
K4.9;K4.9 Možganska kap (35-84 let);Občina Črnomelj;2025;2.17
K4.9;K4.9 Možganska kap (35-84 let);Občina Črnomelj;2026;2.26
K4.9;K4.9 Možganska kap (35-84 let);Regija Jugovzhodna Slovenija;2016;2.3
K4.9;K4.9 Možganska kap (35-84 let);Regija Jugovzhodna Slovenija;2017;2.4
K4.9;K4.9 Možganska kap (35-84 let);Regija Jugovzhodna Slovenija;2018;2.5
K4.9;K4.9 Možganska kap (35-84 let);Regija Jugovzhodna Slovenija;2019;2.52
K4.9;K4.9 Možganska kap (35-84 let);Regija Jugovzhodna Slovenija;2020;2.5
K4.9;K4.9 Možganska kap (35-84 let);Regija Jugovzhodna Slovenija;2021;2.6
K4.9;K4.9 Možganska kap (35-84 let);Regija Jugovzhodna Slovenija;2022;2.5
K4.9;K4.9 Možganska kap (35-84 let);Regija Jugovzhodna Slovenija;2023;2.5
K4.9;K4.9 Možganska kap (35-84 let);Regija Jugovzhodna Slovenija;2024;2.34
K4.9;K4.9 Možganska kap (35-84 let);Regija Jugovzhodna Slovenija;2025;2.28
K4.9;K4.9 Možganska kap (35-84 let);Regija Jugovzhodna Slovenija;2026;2.15
K4.9;K4.9 Možganska kap (35-84 let);Upravna enota Črnomelj;2016;27.71
K4.9;K4.9 Možganska kap (35-84 let);Upravna enota Črnomelj;2017;27.71
K4.9;K4.9 Možganska kap (35-84 let);Upravna enota Črnomelj;2018;27.71
K4.9;K4.9 Možganska kap (35-84 let);Upravna enota Črnomelj;2019;27.71
K4.9;K4.9 Možganska kap (35-84 let);Upravna enota Črnomelj;2020;27.71
K4.9;K4.9 Možganska kap (35-84 let);Upravna enota Črnomelj;2021;27.71
K4.9;K4.9 Možganska kap (35-84 let);Upravna enota Črnomelj;2022;27.71
K4.9;K4.9 Možganska kap (35-84 let);Upravna enota Črnomelj;2023;27.71
K4.9;K4.9 Možganska kap (35-84 let);Upravna enota Črnomelj;2024;27.71
K4.9;K4.9 Možganska kap (35-84 let);Upravna enota Črnomelj;2025;27.71
K4.9;K4.9 Možganska kap (35-84 let);Upravna enota Črnomelj;2026;27.71
K4.9;K4.9 Možganska kap (35-84 let);Slovenija;2016;2.6
K4.9;K4.9 Možganska kap (35-84 let);Slovenija;2017;2.6
K4.9;K4.9 Možganska kap (35-84 let);Slovenija;2018;2.6
K4.9;K4.9 Možganska kap (35-84 let);Slovenija;2019;2.57
K4.9;K4.9 Možganska kap (35-84 let);Slovenija;2020;2.6
K4.9;K4.9 Možganska kap (35-84 let);Slovenija;2021;2.5
K4.9;K4.9 Možganska kap (35-84 let);Slovenija;2022;2.5
K4.9;K4.9 Možganska kap (35-84 let);Slovenija;2023;2.4
K4.9;K4.9 Možganska kap (35-84 let);Slovenija;2024;2.3
K4.9;K4.9 Možganska kap (35-84 let);Slovenija;2025;2.26
K4.9;K4.9 Možganska kap (35-84 let);Slovenija;2026;2.21
K5.1;K5.1 Umrljivost po stalnem bivališču;Občina Črnomelj;2016;1041.5
K5.1;K5.1 Umrljivost po stalnem bivališču;Občina Črnomelj;2017;1064.1
K5.1;K5.1 Umrljivost po stalnem bivališču;Občina Črnomelj;2018;1061.9
K5.1;K5.1 Umrljivost po stalnem bivališču;Občina Črnomelj;2019;1045.51
K5.1;K5.1 Umrljivost po stalnem bivališču;Občina Črnomelj;2020;1059.7
K5.1;K5.1 Umrljivost po stalnem bivališču;Občina Črnomelj;2021;1041
K5.1;K5.1 Umrljivost po stalnem bivališču;Občina Črnomelj;2022;1049.5
K5.1;K5.1 Umrljivost po stalnem bivališču;Občina Črnomelj;2023;1037.9
K5.1;K5.1 Umrljivost po stalnem bivališču;Občina Črnomelj;2024;1000.33
K5.1;K5.1 Umrljivost po stalnem bivališču;Občina Črnomelj;2025;964.77
K5.1;K5.1 Umrljivost po stalnem bivališču;Občina Črnomelj;2026;949.38
K5.1;K5.1 Umrljivost po stalnem bivališču;Regija Jugovzhodna Slovenija;2016;1042.2
K5.1;K5.1 Umrljivost po stalnem bivališču;Regija Jugovzhodna Slovenija;2017;1026
K5.1;K5.1 Umrljivost po stalnem bivališču;Regija Jugovzhodna Slovenija;2018;1008.3
K5.1;K5.1 Umrljivost po stalnem bivališču;Regija Jugovzhodna Slovenija;2019;969.87
K5.1;K5.1 Umrljivost po stalnem bivališču;Regija Jugovzhodna Slovenija;2020;967.8
K5.1;K5.1 Umrljivost po stalnem bivališču;Regija Jugovzhodna Slovenija;2021;959.2
K5.1;K5.1 Umrljivost po stalnem bivališču;Regija Jugovzhodna Slovenija;2022;967.3
K5.1;K5.1 Umrljivost po stalnem bivališču;Regija Jugovzhodna Slovenija;2023;976.3
K5.1;K5.1 Umrljivost po stalnem bivališču;Regija Jugovzhodna Slovenija;2024;967.02
K5.1;K5.1 Umrljivost po stalnem bivališču;Regija Jugovzhodna Slovenija;2025;951.2
K5.1;K5.1 Umrljivost po stalnem bivališču;Regija Jugovzhodna Slovenija;2026;938.17
K5.1;K5.1 Umrljivost po stalnem bivališču;Upravna enota Črnomelj;2016;27.71
K5.1;K5.1 Umrljivost po stalnem bivališču;Upravna enota Črnomelj;2017;27.71
K5.1;K5.1 Umrljivost po stalnem bivališču;Upravna enota Črnomelj;2018;27.71
K5.1;K5.1 Umrljivost po stalnem bivališču;Upravna enota Črnomelj;2019;27.71
K5.1;K5.1 Umrljivost po stalnem bivališču;Upravna enota Črnomelj;2020;27.71
K5.1;K5.1 Umrljivost po stalnem bivališču;Upravna enota Črnomelj;2021;27.71
K5.1;K5.1 Umrljivost po stalnem bivališču;Upravna enota Črnomelj;2022;27.71
K5.1;K5.1 Umrljivost po stalnem bivališču;Upravna enota Črnomelj;2023;27.71
K5.1;K5.1 Umrljivost po stalnem bivališču;Upravna enota Črnomelj;2024;27.71
K5.1;K5.1 Umrljivost po stalnem bivališču;Upravna enota Črnomelj;2025;27.71
K5.1;K5.1 Umrljivost po stalnem bivališču;Upravna enota Črnomelj;2026;27.71
K5.1;K5.1 Umrljivost po stalnem bivališču;Slovenija;2016;979.9
K5.1;K5.1 Umrljivost po stalnem bivališču;Slovenija;2017;958.9
K5.1;K5.1 Umrljivost po stalnem bivališču;Slovenija;2018;943
K5.1;K5.1 Umrljivost po stalnem bivališču;Slovenija;2019;929.8
K5.1;K5.1 Umrljivost po stalnem bivališču;Slovenija;2020;916.2
K5.1;K5.1 Umrljivost po stalnem bivališču;Slovenija;2021;909
K5.1;K5.1 Umrljivost po stalnem bivališču;Slovenija;2022;921.5
K5.1;K5.1 Umrljivost po stalnem bivališču;Slovenija;2023;932.5
K5.1;K5.1 Umrljivost po stalnem bivališču;Slovenija;2024;930.41
K5.1;K5.1 Umrljivost po stalnem bivališču;Slovenija;2025;922.3
K5.1;K5.1 Umrljivost po stalnem bivališču;Slovenija;2026;913.09
K5.2;K5.2 Umrljivost zaradi bolezni srca in ožilja (0-74 let);Občina Črnomelj;2016;94.1
K5.2;K5.2 Umrljivost zaradi bolezni srca in ožilja (0-74 let);Občina Črnomelj;2017;91.1
K5.2;K5.2 Umrljivost zaradi bolezni srca in ožilja (0-74 let);Občina Črnomelj;2018;94.4
K5.2;K5.2 Umrljivost zaradi bolezni srca in ožilja (0-74 let);Občina Črnomelj;2019;82.87
K5.2;K5.2 Umrljivost zaradi bolezni srca in ožilja (0-74 let);Občina Črnomelj;2020;97.5
K5.2;K5.2 Umrljivost zaradi bolezni srca in ožilja (0-74 let);Občina Črnomelj;2021;98.1
K5.2;K5.2 Umrljivost zaradi bolezni srca in ožilja (0-74 let);Občina Črnomelj;2022;91.7
K5.2;K5.2 Umrljivost zaradi bolezni srca in ožilja (0-74 let);Občina Črnomelj;2023;82
K5.2;K5.2 Umrljivost zaradi bolezni srca in ožilja (0-74 let);Občina Črnomelj;2024;81.11
K5.2;K5.2 Umrljivost zaradi bolezni srca in ožilja (0-74 let);Občina Črnomelj;2025;66.95
K5.2;K5.2 Umrljivost zaradi bolezni srca in ožilja (0-74 let);Občina Črnomelj;2026;70.01
K5.2;K5.2 Umrljivost zaradi bolezni srca in ožilja (0-74 let);Regija Jugovzhodna Slovenija;2016;86.6
K5.2;K5.2 Umrljivost zaradi bolezni srca in ožilja (0-74 let);Regija Jugovzhodna Slovenija;2017;90.4
K5.2;K5.2 Umrljivost zaradi bolezni srca in ožilja (0-74 let);Regija Jugovzhodna Slovenija;2018;90.3
K5.2;K5.2 Umrljivost zaradi bolezni srca in ožilja (0-74 let);Regija Jugovzhodna Slovenija;2019;84.4
K5.2;K5.2 Umrljivost zaradi bolezni srca in ožilja (0-74 let);Regija Jugovzhodna Slovenija;2020;85
K5.2;K5.2 Umrljivost zaradi bolezni srca in ožilja (0-74 let);Regija Jugovzhodna Slovenija;2021;83.9
K5.2;K5.2 Umrljivost zaradi bolezni srca in ožilja (0-74 let);Regija Jugovzhodna Slovenija;2022;74.7
K5.2;K5.2 Umrljivost zaradi bolezni srca in ožilja (0-74 let);Regija Jugovzhodna Slovenija;2023;69.9
K5.2;K5.2 Umrljivost zaradi bolezni srca in ožilja (0-74 let);Regija Jugovzhodna Slovenija;2024;66.86
K5.2;K5.2 Umrljivost zaradi bolezni srca in ožilja (0-74 let);Regija Jugovzhodna Slovenija;2025;66.08
K5.2;K5.2 Umrljivost zaradi bolezni srca in ožilja (0-74 let);Regija Jugovzhodna Slovenija;2026;61.02
K5.2;K5.2 Umrljivost zaradi bolezni srca in ožilja (0-74 let);Upravna enota Črnomelj;2016;27.71
K5.2;K5.2 Umrljivost zaradi bolezni srca in ožilja (0-74 let);Upravna enota Črnomelj;2017;27.71
K5.2;K5.2 Umrljivost zaradi bolezni srca in ožilja (0-74 let);Upravna enota Črnomelj;2018;27.71
K5.2;K5.2 Umrljivost zaradi bolezni srca in ožilja (0-74 let);Upravna enota Črnomelj;2019;27.71
K5.2;K5.2 Umrljivost zaradi bolezni srca in ožilja (0-74 let);Upravna enota Črnomelj;2020;27.71
K5.2;K5.2 Umrljivost zaradi bolezni srca in ožilja (0-74 let);Upravna enota Črnomelj;2021;27.71
K5.2;K5.2 Umrljivost zaradi bolezni srca in ožilja (0-74 let);Upravna enota Črnomelj;2022;27.71
K5.2;K5.2 Umrljivost zaradi bolezni srca in ožilja (0-74 let);Upravna enota Črnomelj;2023;27.71
K5.2;K5.2 Umrljivost zaradi bolezni srca in ožilja (0-74 let);Upravna enota Črnomelj;2024;27.71
K5.2;K5.2 Umrljivost zaradi bolezni srca in ožilja (0-74 let);Upravna enota Črnomelj;2025;27.71
K5.2;K5.2 Umrljivost zaradi bolezni srca in ožilja (0-74 let);Upravna enota Črnomelj;2026;27.71
K5.2;K5.2 Umrljivost zaradi bolezni srca in ožilja (0-74 let);Slovenija;2016;89.3
K5.2;K5.2 Umrljivost zaradi bolezni srca in ožilja (0-74 let);Slovenija;2017;86.7
K5.2;K5.2 Umrljivost zaradi bolezni srca in ožilja (0-74 let);Slovenija;2018;83.4
K5.2;K5.2 Umrljivost zaradi bolezni srca in ožilja (0-74 let);Slovenija;2019;79.92
K5.2;K5.2 Umrljivost zaradi bolezni srca in ožilja (0-74 let);Slovenija;2020;77.1
K5.2;K5.2 Umrljivost zaradi bolezni srca in ožilja (0-74 let);Slovenija;2021;74.2
K5.2;K5.2 Umrljivost zaradi bolezni srca in ožilja (0-74 let);Slovenija;2022;70.7
K5.2;K5.2 Umrljivost zaradi bolezni srca in ožilja (0-74 let);Slovenija;2023;68.7
K5.2;K5.2 Umrljivost zaradi bolezni srca in ožilja (0-74 let);Slovenija;2024;66.28
K5.2;K5.2 Umrljivost zaradi bolezni srca in ožilja (0-74 let);Slovenija;2025;64.78
K5.2;K5.2 Umrljivost zaradi bolezni srca in ožilja (0-74 let);Slovenija;2026;62.78
K5.3;K5.3 Umrljivost zaradi vseh vrst raka (0-74 let);Občina Črnomelj;2016;163.2
K5.3;K5.3 Umrljivost zaradi vseh vrst raka (0-74 let);Občina Črnomelj;2017;192.8
K5.3;K5.3 Umrljivost zaradi vseh vrst raka (0-74 let);Občina Črnomelj;2018;186.6
K5.3;K5.3 Umrljivost zaradi vseh vrst raka (0-74 let);Občina Črnomelj;2019;197.63
K5.3;K5.3 Umrljivost zaradi vseh vrst raka (0-74 let);Občina Črnomelj;2020;191.2
K5.3;K5.3 Umrljivost zaradi vseh vrst raka (0-74 let);Občina Črnomelj;2021;168.2
K5.3;K5.3 Umrljivost zaradi vseh vrst raka (0-74 let);Občina Črnomelj;2022;147
K5.3;K5.3 Umrljivost zaradi vseh vrst raka (0-74 let);Občina Črnomelj;2023;142.7
K5.3;K5.3 Umrljivost zaradi vseh vrst raka (0-74 let);Občina Črnomelj;2024;139.23
K5.3;K5.3 Umrljivost zaradi vseh vrst raka (0-74 let);Občina Črnomelj;2025;139.35
K5.3;K5.3 Umrljivost zaradi vseh vrst raka (0-74 let);Občina Črnomelj;2026;141.85
K5.3;K5.3 Umrljivost zaradi vseh vrst raka (0-74 let);Regija Jugovzhodna Slovenija;2016;174.8
K5.3;K5.3 Umrljivost zaradi vseh vrst raka (0-74 let);Regija Jugovzhodna Slovenija;2017;177.5
K5.3;K5.3 Umrljivost zaradi vseh vrst raka (0-74 let);Regija Jugovzhodna Slovenija;2018;174.9
K5.3;K5.3 Umrljivost zaradi vseh vrst raka (0-74 let);Regija Jugovzhodna Slovenija;2019;177.28
K5.3;K5.3 Umrljivost zaradi vseh vrst raka (0-74 let);Regija Jugovzhodna Slovenija;2020;172.4
K5.3;K5.3 Umrljivost zaradi vseh vrst raka (0-74 let);Regija Jugovzhodna Slovenija;2021;163.5
K5.3;K5.3 Umrljivost zaradi vseh vrst raka (0-74 let);Regija Jugovzhodna Slovenija;2022;155
K5.3;K5.3 Umrljivost zaradi vseh vrst raka (0-74 let);Regija Jugovzhodna Slovenija;2023;153.6
K5.3;K5.3 Umrljivost zaradi vseh vrst raka (0-74 let);Regija Jugovzhodna Slovenija;2024;145.32
K5.3;K5.3 Umrljivost zaradi vseh vrst raka (0-74 let);Regija Jugovzhodna Slovenija;2025;142.72
K5.3;K5.3 Umrljivost zaradi vseh vrst raka (0-74 let);Regija Jugovzhodna Slovenija;2026;143.87
K5.3;K5.3 Umrljivost zaradi vseh vrst raka (0-74 let);Upravna enota Črnomelj;2016;27.71
K5.3;K5.3 Umrljivost zaradi vseh vrst raka (0-74 let);Upravna enota Črnomelj;2017;27.71
K5.3;K5.3 Umrljivost zaradi vseh vrst raka (0-74 let);Upravna enota Črnomelj;2018;27.71
K5.3;K5.3 Umrljivost zaradi vseh vrst raka (0-74 let);Upravna enota Črnomelj;2019;27.71
K5.3;K5.3 Umrljivost zaradi vseh vrst raka (0-74 let);Upravna enota Črnomelj;2020;27.71
K5.3;K5.3 Umrljivost zaradi vseh vrst raka (0-74 let);Upravna enota Črnomelj;2021;27.71
K5.3;K5.3 Umrljivost zaradi vseh vrst raka (0-74 let);Upravna enota Črnomelj;2022;27.71
K5.3;K5.3 Umrljivost zaradi vseh vrst raka (0-74 let);Upravna enota Črnomelj;2023;27.71
K5.3;K5.3 Umrljivost zaradi vseh vrst raka (0-74 let);Upravna enota Črnomelj;2024;27.71
K5.3;K5.3 Umrljivost zaradi vseh vrst raka (0-74 let);Upravna enota Črnomelj;2025;27.71
K5.3;K5.3 Umrljivost zaradi vseh vrst raka (0-74 let);Upravna enota Črnomelj;2026;27.71
K5.3;K5.3 Umrljivost zaradi vseh vrst raka (0-74 let);Slovenija;2016;168.8
K5.3;K5.3 Umrljivost zaradi vseh vrst raka (0-74 let);Slovenija;2017;166.3
K5.3;K5.3 Umrljivost zaradi vseh vrst raka (0-74 let);Slovenija;2018;165.1
K5.3;K5.3 Umrljivost zaradi vseh vrst raka (0-74 let);Slovenija;2019;163.67
K5.3;K5.3 Umrljivost zaradi vseh vrst raka (0-74 let);Slovenija;2020;161.6
K5.3;K5.3 Umrljivost zaradi vseh vrst raka (0-74 let);Slovenija;2021;160
K5.3;K5.3 Umrljivost zaradi vseh vrst raka (0-74 let);Slovenija;2022;155.5
K5.3;K5.3 Umrljivost zaradi vseh vrst raka (0-74 let);Slovenija;2023;151.5
K5.3;K5.3 Umrljivost zaradi vseh vrst raka (0-74 let);Slovenija;2024;146.51
K5.3;K5.3 Umrljivost zaradi vseh vrst raka (0-74 let);Slovenija;2025;143.19
K5.3;K5.3 Umrljivost zaradi vseh vrst raka (0-74 let);Slovenija;2026;140.86
K5.4;K5.4 Umrljivost zaradi raka debelega črevesja;Občina Črnomelj;2016;10.5
K5.4;K5.4 Umrljivost zaradi raka debelega črevesja;Občina Črnomelj;2017;19.3
K5.4;K5.4 Umrljivost zaradi raka debelega črevesja;Občina Črnomelj;2018;n
K5.4;K5.4 Umrljivost zaradi raka debelega črevesja;Občina Črnomelj;2019;n
K5.4;K5.4 Umrljivost zaradi raka debelega črevesja;Občina Črnomelj;2020;n
K5.4;K5.4 Umrljivost zaradi raka debelega črevesja;Občina Črnomelj;2021;n
K5.4;K5.4 Umrljivost zaradi raka debelega črevesja;Občina Črnomelj;2022;n
K5.4;K5.4 Umrljivost zaradi raka debelega črevesja;Občina Črnomelj;2023;n
K5.4;K5.4 Umrljivost zaradi raka debelega črevesja;Občina Črnomelj;2024;n
K5.4;K5.4 Umrljivost zaradi raka debelega črevesja;Občina Črnomelj;2025;n
K5.4;K5.4 Umrljivost zaradi raka debelega črevesja;Občina Črnomelj;2026;n
K5.4;K5.4 Umrljivost zaradi raka debelega črevesja;Regija Jugovzhodna Slovenija;2016;11.5
K5.4;K5.4 Umrljivost zaradi raka debelega črevesja;Regija Jugovzhodna Slovenija;2017;15.7
K5.4;K5.4 Umrljivost zaradi raka debelega črevesja;Regija Jugovzhodna Slovenija;2018;n
K5.4;K5.4 Umrljivost zaradi raka debelega črevesja;Regija Jugovzhodna Slovenija;2019;n
K5.4;K5.4 Umrljivost zaradi raka debelega črevesja;Regija Jugovzhodna Slovenija;2020;n
K5.4;K5.4 Umrljivost zaradi raka debelega črevesja;Regija Jugovzhodna Slovenija;2021;n
K5.4;K5.4 Umrljivost zaradi raka debelega črevesja;Regija Jugovzhodna Slovenija;2022;n
K5.4;K5.4 Umrljivost zaradi raka debelega črevesja;Regija Jugovzhodna Slovenija;2023;n
K5.4;K5.4 Umrljivost zaradi raka debelega črevesja;Regija Jugovzhodna Slovenija;2024;n
K5.4;K5.4 Umrljivost zaradi raka debelega črevesja;Regija Jugovzhodna Slovenija;2025;n
K5.4;K5.4 Umrljivost zaradi raka debelega črevesja;Regija Jugovzhodna Slovenija;2026;n
K5.4;K5.4 Umrljivost zaradi raka debelega črevesja;Upravna enota Črnomelj;2016;27.71
K5.4;K5.4 Umrljivost zaradi raka debelega črevesja;Upravna enota Črnomelj;2017;27.71
K5.4;K5.4 Umrljivost zaradi raka debelega črevesja;Upravna enota Črnomelj;2018;n
K5.4;K5.4 Umrljivost zaradi raka debelega črevesja;Upravna enota Črnomelj;2019;n
K5.4;K5.4 Umrljivost zaradi raka debelega črevesja;Upravna enota Črnomelj;2020;n
K5.4;K5.4 Umrljivost zaradi raka debelega črevesja;Upravna enota Črnomelj;2021;n
K5.4;K5.4 Umrljivost zaradi raka debelega črevesja;Upravna enota Črnomelj;2022;n
K5.4;K5.4 Umrljivost zaradi raka debelega črevesja;Upravna enota Črnomelj;2023;n
K5.4;K5.4 Umrljivost zaradi raka debelega črevesja;Upravna enota Črnomelj;2024;n
K5.4;K5.4 Umrljivost zaradi raka debelega črevesja;Upravna enota Črnomelj;2025;n
K5.4;K5.4 Umrljivost zaradi raka debelega črevesja;Upravna enota Črnomelj;2026;n
K5.4;K5.4 Umrljivost zaradi raka debelega črevesja;Slovenija;2016;11.3
K5.4;K5.4 Umrljivost zaradi raka debelega črevesja;Slovenija;2017;14.3
K5.4;K5.4 Umrljivost zaradi raka debelega črevesja;Slovenija;2018;n
K5.4;K5.4 Umrljivost zaradi raka debelega črevesja;Slovenija;2019;n
K5.4;K5.4 Umrljivost zaradi raka debelega črevesja;Slovenija;2020;n
K5.4;K5.4 Umrljivost zaradi raka debelega črevesja;Slovenija;2021;n
K5.4;K5.4 Umrljivost zaradi raka debelega črevesja;Slovenija;2022;n
K5.4;K5.4 Umrljivost zaradi raka debelega črevesja;Slovenija;2023;n
K5.4;K5.4 Umrljivost zaradi raka debelega črevesja;Slovenija;2024;n
K5.4;K5.4 Umrljivost zaradi raka debelega črevesja;Slovenija;2025;n
K5.4;K5.4 Umrljivost zaradi raka debelega črevesja;Slovenija;2026;n
K5.5;K5.5 Umrljivost zaradi raka dojke;Občina Črnomelj;2016;25.8
K5.5;K5.5 Umrljivost zaradi raka dojke;Občina Črnomelj;2017;15.5
K5.5;K5.5 Umrljivost zaradi raka dojke;Občina Črnomelj;2018;n
K5.5;K5.5 Umrljivost zaradi raka dojke;Občina Črnomelj;2019;n
K5.5;K5.5 Umrljivost zaradi raka dojke;Občina Črnomelj;2020;n
K5.5;K5.5 Umrljivost zaradi raka dojke;Občina Črnomelj;2021;n
K5.5;K5.5 Umrljivost zaradi raka dojke;Občina Črnomelj;2022;n
K5.5;K5.5 Umrljivost zaradi raka dojke;Občina Črnomelj;2023;n
K5.5;K5.5 Umrljivost zaradi raka dojke;Občina Črnomelj;2024;n
K5.5;K5.5 Umrljivost zaradi raka dojke;Občina Črnomelj;2025;n
K5.5;K5.5 Umrljivost zaradi raka dojke;Občina Črnomelj;2026;n
K5.5;K5.5 Umrljivost zaradi raka dojke;Regija Jugovzhodna Slovenija;2016;19.8
K5.5;K5.5 Umrljivost zaradi raka dojke;Regija Jugovzhodna Slovenija;2017;18
K5.5;K5.5 Umrljivost zaradi raka dojke;Regija Jugovzhodna Slovenija;2018;n
K5.5;K5.5 Umrljivost zaradi raka dojke;Regija Jugovzhodna Slovenija;2019;n
K5.5;K5.5 Umrljivost zaradi raka dojke;Regija Jugovzhodna Slovenija;2020;n
K5.5;K5.5 Umrljivost zaradi raka dojke;Regija Jugovzhodna Slovenija;2021;n
K5.5;K5.5 Umrljivost zaradi raka dojke;Regija Jugovzhodna Slovenija;2022;n
K5.5;K5.5 Umrljivost zaradi raka dojke;Regija Jugovzhodna Slovenija;2023;n
K5.5;K5.5 Umrljivost zaradi raka dojke;Regija Jugovzhodna Slovenija;2024;n
K5.5;K5.5 Umrljivost zaradi raka dojke;Regija Jugovzhodna Slovenija;2025;n
K5.5;K5.5 Umrljivost zaradi raka dojke;Regija Jugovzhodna Slovenija;2026;n
K5.5;K5.5 Umrljivost zaradi raka dojke;Upravna enota Črnomelj;2016;27.71
K5.5;K5.5 Umrljivost zaradi raka dojke;Upravna enota Črnomelj;2017;27.71
K5.5;K5.5 Umrljivost zaradi raka dojke;Upravna enota Črnomelj;2018;n
K5.5;K5.5 Umrljivost zaradi raka dojke;Upravna enota Črnomelj;2019;n
K5.5;K5.5 Umrljivost zaradi raka dojke;Upravna enota Črnomelj;2020;n
K5.5;K5.5 Umrljivost zaradi raka dojke;Upravna enota Črnomelj;2021;n
K5.5;K5.5 Umrljivost zaradi raka dojke;Upravna enota Črnomelj;2022;n
K5.5;K5.5 Umrljivost zaradi raka dojke;Upravna enota Črnomelj;2023;n
K5.5;K5.5 Umrljivost zaradi raka dojke;Upravna enota Črnomelj;2024;n
K5.5;K5.5 Umrljivost zaradi raka dojke;Upravna enota Črnomelj;2025;n
K5.5;K5.5 Umrljivost zaradi raka dojke;Upravna enota Črnomelj;2026;n
K5.5;K5.5 Umrljivost zaradi raka dojke;Slovenija;2016;20.3
K5.5;K5.5 Umrljivost zaradi raka dojke;Slovenija;2017;20.3
K5.5;K5.5 Umrljivost zaradi raka dojke;Slovenija;2018;n
K5.5;K5.5 Umrljivost zaradi raka dojke;Slovenija;2019;n
K5.5;K5.5 Umrljivost zaradi raka dojke;Slovenija;2020;n
K5.5;K5.5 Umrljivost zaradi raka dojke;Slovenija;2021;n
K5.5;K5.5 Umrljivost zaradi raka dojke;Slovenija;2022;n
K5.5;K5.5 Umrljivost zaradi raka dojke;Slovenija;2023;n
K5.5;K5.5 Umrljivost zaradi raka dojke;Slovenija;2024;n
K5.5;K5.5 Umrljivost zaradi raka dojke;Slovenija;2025;n
K5.5;K5.5 Umrljivost zaradi raka dojke;Slovenija;2026;n
K5.6;K5.6 Umrljivost zaradi pljučnega raka (0-74 let);Občina Črnomelj;2016;30.2
K5.6;K5.6 Umrljivost zaradi pljučnega raka (0-74 let);Občina Črnomelj;2017;49.9
K5.6;K5.6 Umrljivost zaradi pljučnega raka (0-74 let);Občina Črnomelj;2018;n
K5.6;K5.6 Umrljivost zaradi pljučnega raka (0-74 let);Občina Črnomelj;2019;n
K5.6;K5.6 Umrljivost zaradi pljučnega raka (0-74 let);Občina Črnomelj;2020;52.2
K5.6;K5.6 Umrljivost zaradi pljučnega raka (0-74 let);Občina Črnomelj;2021;50.9
K5.6;K5.6 Umrljivost zaradi pljučnega raka (0-74 let);Občina Črnomelj;2022;34.4
K5.6;K5.6 Umrljivost zaradi pljučnega raka (0-74 let);Občina Črnomelj;2023;34.4
K5.6;K5.6 Umrljivost zaradi pljučnega raka (0-74 let);Občina Črnomelj;2024;31.58
K5.6;K5.6 Umrljivost zaradi pljučnega raka (0-74 let);Občina Črnomelj;2025;31.7
K5.6;K5.6 Umrljivost zaradi pljučnega raka (0-74 let);Občina Črnomelj;2026;24.37
K5.6;K5.6 Umrljivost zaradi pljučnega raka (0-74 let);Regija Jugovzhodna Slovenija;2016;42.8
K5.6;K5.6 Umrljivost zaradi pljučnega raka (0-74 let);Regija Jugovzhodna Slovenija;2017;45.1
K5.6;K5.6 Umrljivost zaradi pljučnega raka (0-74 let);Regija Jugovzhodna Slovenija;2018;n
K5.6;K5.6 Umrljivost zaradi pljučnega raka (0-74 let);Regija Jugovzhodna Slovenija;2019;n
K5.6;K5.6 Umrljivost zaradi pljučnega raka (0-74 let);Regija Jugovzhodna Slovenija;2020;43.5
K5.6;K5.6 Umrljivost zaradi pljučnega raka (0-74 let);Regija Jugovzhodna Slovenija;2021;42.9
K5.6;K5.6 Umrljivost zaradi pljučnega raka (0-74 let);Regija Jugovzhodna Slovenija;2022;40
K5.6;K5.6 Umrljivost zaradi pljučnega raka (0-74 let);Regija Jugovzhodna Slovenija;2023;39.6
K5.6;K5.6 Umrljivost zaradi pljučnega raka (0-74 let);Regija Jugovzhodna Slovenija;2024;35.37
K5.6;K5.6 Umrljivost zaradi pljučnega raka (0-74 let);Regija Jugovzhodna Slovenija;2025;34.62
K5.6;K5.6 Umrljivost zaradi pljučnega raka (0-74 let);Regija Jugovzhodna Slovenija;2026;33.19
K5.6;K5.6 Umrljivost zaradi pljučnega raka (0-74 let);Upravna enota Črnomelj;2016;27.71
K5.6;K5.6 Umrljivost zaradi pljučnega raka (0-74 let);Upravna enota Črnomelj;2017;27.71
K5.6;K5.6 Umrljivost zaradi pljučnega raka (0-74 let);Upravna enota Črnomelj;2018;n
K5.6;K5.6 Umrljivost zaradi pljučnega raka (0-74 let);Upravna enota Črnomelj;2019;n
K5.6;K5.6 Umrljivost zaradi pljučnega raka (0-74 let);Upravna enota Črnomelj;2020;27.71
K5.6;K5.6 Umrljivost zaradi pljučnega raka (0-74 let);Upravna enota Črnomelj;2021;27.71
K5.6;K5.6 Umrljivost zaradi pljučnega raka (0-74 let);Upravna enota Črnomelj;2022;27.71
K5.6;K5.6 Umrljivost zaradi pljučnega raka (0-74 let);Upravna enota Črnomelj;2023;27.71
K5.6;K5.6 Umrljivost zaradi pljučnega raka (0-74 let);Upravna enota Črnomelj;2024;27.71
K5.6;K5.6 Umrljivost zaradi pljučnega raka (0-74 let);Upravna enota Črnomelj;2025;27.71
K5.6;K5.6 Umrljivost zaradi pljučnega raka (0-74 let);Upravna enota Črnomelj;2026;27.71
K5.6;K5.6 Umrljivost zaradi pljučnega raka (0-74 let);Slovenija;2016;40.5
K5.6;K5.6 Umrljivost zaradi pljučnega raka (0-74 let);Slovenija;2017;40.7
K5.6;K5.6 Umrljivost zaradi pljučnega raka (0-74 let);Slovenija;2018;n
K5.6;K5.6 Umrljivost zaradi pljučnega raka (0-74 let);Slovenija;2019;n
K5.6;K5.6 Umrljivost zaradi pljučnega raka (0-74 let);Slovenija;2020;40.7
K5.6;K5.6 Umrljivost zaradi pljučnega raka (0-74 let);Slovenija;2021;39.9
K5.6;K5.6 Umrljivost zaradi pljučnega raka (0-74 let);Slovenija;2022;38.9
K5.6;K5.6 Umrljivost zaradi pljučnega raka (0-74 let);Slovenija;2023;37.5
K5.6;K5.6 Umrljivost zaradi pljučnega raka (0-74 let);Slovenija;2024;35.61
K5.6;K5.6 Umrljivost zaradi pljučnega raka (0-74 let);Slovenija;2025;34.31
K5.6;K5.6 Umrljivost zaradi pljučnega raka (0-74 let);Slovenija;2026;33.54
K5.7;K5.7 Umrljivost zaradi samomora;Občina Črnomelj;2016;17.1
K5.7;K5.7 Umrljivost zaradi samomora;Občina Črnomelj;2017;16.8
K5.7;K5.7 Umrljivost zaradi samomora;Občina Črnomelj;2018;11
K5.7;K5.7 Umrljivost zaradi samomora;Občina Črnomelj;2019;10.95
K5.7;K5.7 Umrljivost zaradi samomora;Občina Črnomelj;2020;12.4
K5.7;K5.7 Umrljivost zaradi samomora;Občina Črnomelj;2021;10.8
K5.7;K5.7 Umrljivost zaradi samomora;Občina Črnomelj;2022;9.9
K5.7;K5.7 Umrljivost zaradi samomora;Občina Črnomelj;2023;16.2
K5.7;K5.7 Umrljivost zaradi samomora;Občina Črnomelj;2024;16.88
K5.7;K5.7 Umrljivost zaradi samomora;Občina Črnomelj;2025;17.01
K5.7;K5.7 Umrljivost zaradi samomora;Občina Črnomelj;2026;17.1
K5.7;K5.7 Umrljivost zaradi samomora;Regija Jugovzhodna Slovenija;2016;21.3
K5.7;K5.7 Umrljivost zaradi samomora;Regija Jugovzhodna Slovenija;2017;19.4
K5.7;K5.7 Umrljivost zaradi samomora;Regija Jugovzhodna Slovenija;2018;16.8
K5.7;K5.7 Umrljivost zaradi samomora;Regija Jugovzhodna Slovenija;2019;17.15
K5.7;K5.7 Umrljivost zaradi samomora;Regija Jugovzhodna Slovenija;2020;16.9
K5.7;K5.7 Umrljivost zaradi samomora;Regija Jugovzhodna Slovenija;2021;17.2
K5.7;K5.7 Umrljivost zaradi samomora;Regija Jugovzhodna Slovenija;2022;17.3
K5.7;K5.7 Umrljivost zaradi samomora;Regija Jugovzhodna Slovenija;2023;19.2
K5.7;K5.7 Umrljivost zaradi samomora;Regija Jugovzhodna Slovenija;2024;19.43
K5.7;K5.7 Umrljivost zaradi samomora;Regija Jugovzhodna Slovenija;2025;19.18
K5.7;K5.7 Umrljivost zaradi samomora;Regija Jugovzhodna Slovenija;2026;18.96
K5.7;K5.7 Umrljivost zaradi samomora;Upravna enota Črnomelj;2016;27.71
K5.7;K5.7 Umrljivost zaradi samomora;Upravna enota Črnomelj;2017;27.71
K5.7;K5.7 Umrljivost zaradi samomora;Upravna enota Črnomelj;2018;27.71
K5.7;K5.7 Umrljivost zaradi samomora;Upravna enota Črnomelj;2019;27.71
K5.7;K5.7 Umrljivost zaradi samomora;Upravna enota Črnomelj;2020;27.71
K5.7;K5.7 Umrljivost zaradi samomora;Upravna enota Črnomelj;2021;27.71
K5.7;K5.7 Umrljivost zaradi samomora;Upravna enota Črnomelj;2022;27.71
K5.7;K5.7 Umrljivost zaradi samomora;Upravna enota Črnomelj;2023;27.71
K5.7;K5.7 Umrljivost zaradi samomora;Upravna enota Črnomelj;2024;27.71
K5.7;K5.7 Umrljivost zaradi samomora;Upravna enota Črnomelj;2025;27.71
K5.7;K5.7 Umrljivost zaradi samomora;Upravna enota Črnomelj;2026;27.71
K5.7;K5.7 Umrljivost zaradi samomora;Slovenija;2016;21.7
K5.7;K5.7 Umrljivost zaradi samomora;Slovenija;2017;20.9
K5.7;K5.7 Umrljivost zaradi samomora;Slovenija;2018;20.1
K5.7;K5.7 Umrljivost zaradi samomora;Slovenija;2019;19.73
K5.7;K5.7 Umrljivost zaradi samomora;Slovenija;2020;18.7
K5.7;K5.7 Umrljivost zaradi samomora;Slovenija;2021;18.6
K5.7;K5.7 Umrljivost zaradi samomora;Slovenija;2022;17.9
K5.7;K5.7 Umrljivost zaradi samomora;Slovenija;2023;18.3
K5.7;K5.7 Umrljivost zaradi samomora;Slovenija;2024;18.1
K5.7;K5.7 Umrljivost zaradi samomora;Slovenija;2025;18.03
K5.7;K5.7 Umrljivost zaradi samomora;Slovenija;2026;17.63
