<?xml version="1.0" encoding="UTF-8"?>
<gpx xmlns:xsi="http://www.w3.org/2001/XMLSchema-instance" xmlns="http://www.topografix.com/GPX/1/1" xsi:schemaLocation="http://www.topografix.com/GPX/1/1 http://www.topografix.com/GPX/1/1/gpx.xsd http://www.garmin.com/xmlschemas/GpxExtensions/v3 http://www.garmin.com/xmlschemas/GpxExtensionsv3.xsd http://www.garmin.com/xmlschemas/TrackPointExtension/v1 http://www.garmin.com/xmlschemas/TrackPointExtensionv1.xsd http://www.topografix.com/GPX/gpx_style/0/2 http://www.topografix.com/GPX/gpx_style/0/2/gpx_style.xsd" xmlns:gpxtpx="http://www.garmin.com/xmlschemas/TrackPointExtension/v1" xmlns:gpxx="http://www.garmin.com/xmlschemas/GpxExtensions/v3" xmlns:gpx_style="http://www.topografix.com/GPX/gpx_style/0/2" version="1.1" creator="https://gpx.studio">
<metadata>
    <name>Čredniška pot</name>
    <desc>Bela krajina - Čredniška pot</desc>
</metadata>
<trk>
    <name>Track 20220816-181456</name>
    <type>Cycling</type>
    <trkseg>
    <trkpt lat="45.49490683" lon="15.07635967">
        <ele>428.0</ele>
        <time>2022-08-16T16:14:56.000Z</time>
    </trkpt>
    <trkpt lat="45.49488927" lon="15.07638515">
        <ele>428.0</ele>
        <time>2022-08-16T16:14:59.000Z</time>
    </trkpt>
    <trkpt lat="45.49486932" lon="15.07639311">
        <ele>427.0</ele>
        <time>2022-08-16T16:15:01.000Z</time>
    </trkpt>
    <trkpt lat="45.49484514" lon="15.07639068">
        <ele>427.0</ele>
        <time>2022-08-16T16:15:03.000Z</time>
    </trkpt>
    <trkpt lat="45.49481308" lon="15.07640686">
        <ele>427.0</ele>
        <time>2022-08-16T16:15:06.000Z</time>
    </trkpt>
    <trkpt lat="45.49478404" lon="15.07640334">
        <ele>426.0</ele>
        <time>2022-08-16T16:15:08.000Z</time>
    </trkpt>
    <trkpt lat="45.49476166" lon="15.07639311">
        <ele>425.0</ele>
        <time>2022-08-16T16:15:10.000Z</time>
    </trkpt>
    <trkpt lat="45.49474774" lon="15.07639177">
        <ele>425.0</ele>
        <time>2022-08-16T16:15:11.000Z</time>
    </trkpt>
    <trkpt lat="45.49469724" lon="15.07640837">
        <ele>424.0</ele>
        <time>2022-08-16T16:15:15.000Z</time>
    </trkpt>
    <trkpt lat="45.49466032" lon="15.07644936">
        <ele>424.0</ele>
        <time>2022-08-16T16:15:20.000Z</time>
    </trkpt>
    <trkpt lat="45.49458748" lon="15.07651809">
        <ele>423.0</ele>
        <time>2022-08-16T16:15:29.000Z</time>
    </trkpt>
    <trkpt lat="45.49458027" lon="15.07651599">
        <ele>423.0</ele>
        <time>2022-08-16T16:15:31.000Z</time>
    </trkpt>
    <trkpt lat="45.49458329" lon="15.07651239">
        <ele>423.0</ele>
        <time>2022-08-16T16:15:32.000Z</time>
    </trkpt>
    <trkpt lat="45.49457772" lon="15.07650996">
        <ele>423.0</ele>
        <time>2022-08-16T16:15:33.000Z</time>
    </trkpt>
    <trkpt lat="45.4945545" lon="15.07653988">
        <ele>423.0</ele>
        <time>2022-08-16T16:15:36.000Z</time>
    </trkpt>
    <trkpt lat="45.49451502" lon="15.07657517">
        <ele>422.0</ele>
        <time>2022-08-16T16:15:39.000Z</time>
    </trkpt>
    <trkpt lat="45.49446276" lon="15.07661414">
        <ele>421.0</ele>
        <time>2022-08-16T16:15:43.000Z</time>
    </trkpt>
    <trkpt lat="45.49442806" lon="15.07662906">
        <ele>421.0</ele>
        <time>2022-08-16T16:15:46.000Z</time>
    </trkpt>
    <trkpt lat="45.49439788" lon="15.07665513">
        <ele>420.0</ele>
        <time>2022-08-16T16:15:49.000Z</time>
    </trkpt>
    <trkpt lat="45.49431758" lon="15.07673526">
        <ele>417.0</ele>
        <time>2022-08-16T16:15:59.000Z</time>
    </trkpt>
    <trkpt lat="45.4942952" lon="15.07675077">
        <ele>415.0</ele>
        <time>2022-08-16T16:16:01.000Z</time>
    </trkpt>
    <trkpt lat="45.49425862" lon="15.07680567">
        <ele>415.0</ele>
        <time>2022-08-16T16:16:05.000Z</time>
    </trkpt>
    <trkpt lat="45.49423791" lon="15.07682428">
        <ele>415.0</ele>
        <time>2022-08-16T16:16:07.000Z</time>
    </trkpt>
    <trkpt lat="45.49420883" lon="15.07686409">
        <ele>414.0</ele>
        <time>2022-08-16T16:16:10.000Z</time>
    </trkpt>
    <trkpt lat="45.49416415" lon="15.07689879">
        <ele>413.0</ele>
        <time>2022-08-16T16:16:14.000Z</time>
    </trkpt>
    <trkpt lat="45.49415707" lon="15.07691313">
        <ele>412.0</ele>
        <time>2022-08-16T16:16:15.000Z</time>
    </trkpt>
    <trkpt lat="45.49414186" lon="15.07692402">
        <ele>411.0</ele>
        <time>2022-08-16T16:16:17.000Z</time>
    </trkpt>
    <trkpt lat="45.49401546" lon="15.07699384">
        <ele>408.0</ele>
        <time>2022-08-16T16:16:29.000Z</time>
    </trkpt>
    <trkpt lat="45.49397657" lon="15.07699627">
        <ele>407.0</ele>
        <time>2022-08-16T16:16:32.000Z</time>
    </trkpt>
    <trkpt lat="45.49392401" lon="15.07700658">
        <ele>406.0</ele>
        <time>2022-08-16T16:16:37.000Z</time>
    </trkpt>
    <trkpt lat="45.49388399" lon="15.07699871">
        <ele>407.0</ele>
        <time>2022-08-16T16:16:41.000Z</time>
    </trkpt>
    <trkpt lat="45.49386551" lon="15.07697071">
        <ele>407.0</ele>
        <time>2022-08-16T16:16:45.000Z</time>
    </trkpt>
    <trkpt lat="45.49383994" lon="15.07689611">
        <ele>407.0</ele>
        <time>2022-08-16T16:16:52.000Z</time>
    </trkpt>
    <trkpt lat="45.49378089" lon="15.07684934">
        <ele>406.0</ele>
        <time>2022-08-16T16:16:59.000Z</time>
    </trkpt>
    <trkpt lat="45.49377398" lon="15.0768288">
        <ele>406.0</ele>
        <time>2022-08-16T16:17:01.000Z</time>
    </trkpt>
    <trkpt lat="45.49374963" lon="15.07678966">
        <ele>405.0</ele>
        <time>2022-08-16T16:17:05.000Z</time>
    </trkpt>
    <trkpt lat="45.49371321" lon="15.0767081">
        <ele>405.0</ele>
        <time>2022-08-16T16:17:13.000Z</time>
    </trkpt>
    <trkpt lat="45.49367708" lon="15.07664985">
        <ele>405.0</ele>
        <time>2022-08-16T16:17:18.000Z</time>
    </trkpt>
    <trkpt lat="45.49364205" lon="15.07656838">
        <ele>404.0</ele>
        <time>2022-08-16T16:17:24.000Z</time>
    </trkpt>
    <trkpt lat="45.49359687" lon="15.07648515">
        <ele>405.0</ele>
        <time>2022-08-16T16:17:32.000Z</time>
    </trkpt>
    <trkpt lat="45.49356045" lon="15.07645153">
        <ele>406.0</ele>
        <time>2022-08-16T16:17:38.000Z</time>
    </trkpt>
    <trkpt lat="45.49354645" lon="15.07636587">
        <ele>405.0</ele>
        <time>2022-08-16T16:17:44.000Z</time>
    </trkpt>
    <trkpt lat="45.49351581" lon="15.0762901">
        <ele>405.0</ele>
        <time>2022-08-16T16:17:49.000Z</time>
    </trkpt>
    <trkpt lat="45.4934695" lon="15.07610838">
        <ele>404.0</ele>
        <time>2022-08-16T16:18:01.000Z</time>
    </trkpt>
    <trkpt lat="45.49339348" lon="15.07597385">
        <ele>403.0</ele>
        <time>2022-08-16T16:18:13.000Z</time>
    </trkpt>
    <trkpt lat="45.49337244" lon="15.0759166">
        <ele>403.0</ele>
        <time>2022-08-16T16:18:18.000Z</time>
    </trkpt>
    <trkpt lat="45.49332613" lon="15.07586455">
        <ele>402.0</ele>
        <time>2022-08-16T16:18:24.000Z</time>
    </trkpt>
    <trkpt lat="45.49331846" lon="15.0758472">
        <ele>401.0</ele>
        <time>2022-08-16T16:18:26.000Z</time>
    </trkpt>
    <trkpt lat="45.49329302" lon="15.07581166">
        <ele>401.0</ele>
        <time>2022-08-16T16:18:30.000Z</time>
    </trkpt>
    <trkpt lat="45.493282" lon="15.07578618">
        <ele>400.0</ele>
        <time>2022-08-16T16:18:33.000Z</time>
    </trkpt>
    <trkpt lat="45.49329336" lon="15.07571594">
        <ele>399.0</ele>
        <time>2022-08-16T16:18:42.000Z</time>
    </trkpt>
    <trkpt lat="45.49328426" lon="15.07560086">
        <ele>398.0</ele>
        <time>2022-08-16T16:18:49.000Z</time>
    </trkpt>
    <trkpt lat="45.49329001" lon="15.07555962">
        <ele>398.0</ele>
        <time>2022-08-16T16:18:55.000Z</time>
    </trkpt>
    <trkpt lat="45.49328125" lon="15.0755084">
        <ele>397.0</ele>
        <time>2022-08-16T16:19:00.000Z</time>
    </trkpt>
    <trkpt lat="45.49325229" lon="15.07544646">
        <ele>397.0</ele>
        <time>2022-08-16T16:19:06.000Z</time>
    </trkpt>
    <trkpt lat="45.49322978" lon="15.07543313">
        <ele>396.0</ele>
        <time>2022-08-16T16:19:09.000Z</time>
    </trkpt>
    <trkpt lat="45.49322077" lon="15.07541545">
        <ele>396.0</ele>
        <time>2022-08-16T16:19:11.000Z</time>
    </trkpt>
    <trkpt lat="45.49321461" lon="15.07541377">
        <ele>396.0</ele>
        <time>2022-08-16T16:19:12.000Z</time>
    </trkpt>
    <trkpt lat="45.4932035" lon="15.07539776">
        <ele>396.0</ele>
        <time>2022-08-16T16:19:13.000Z</time>
    </trkpt>
    <trkpt lat="45.49317748" lon="15.07537781">
        <ele>395.0</ele>
        <time>2022-08-16T16:19:17.000Z</time>
    </trkpt>
    <trkpt lat="45.49315367" lon="15.07536985">
        <ele>394.0</ele>
        <time>2022-08-16T16:19:23.000Z</time>
    </trkpt>
    <trkpt lat="45.4931279" lon="15.07538561">
        <ele>394.0</ele>
        <time>2022-08-16T16:19:29.000Z</time>
    </trkpt>
    <trkpt lat="45.4930958" lon="15.07539743">
        <ele>393.0</ele>
        <time>2022-08-16T16:19:33.000Z</time>
    </trkpt>
    <trkpt lat="45.49308008" lon="15.07541846">
        <ele>392.0</ele>
        <time>2022-08-16T16:19:36.000Z</time>
    </trkpt>
    <trkpt lat="45.49307283" lon="15.07541981">
        <ele>392.0</ele>
        <time>2022-08-16T16:19:37.000Z</time>
    </trkpt>
    <trkpt lat="45.49306005" lon="15.07543129">
        <ele>392.0</ele>
        <time>2022-08-16T16:19:39.000Z</time>
    </trkpt>
    <trkpt lat="45.49304307" lon="15.07543783">
        <ele>391.0</ele>
        <time>2022-08-16T16:19:42.000Z</time>
    </trkpt>
    <trkpt lat="45.49303805" lon="15.07543498">
        <ele>391.0</ele>
        <time>2022-08-16T16:19:43.000Z</time>
    </trkpt>
    <trkpt lat="45.49303436" lon="15.07543758">
        <ele>391.0</ele>
        <time>2022-08-16T16:19:44.000Z</time>
    </trkpt>
    <trkpt lat="45.4930339" lon="15.07543406">
        <ele>391.0</ele>
        <time>2022-08-16T16:19:45.000Z</time>
    </trkpt>
    <trkpt lat="45.49302564" lon="15.07543892">
        <ele>390.0</ele>
        <time>2022-08-16T16:19:48.000Z</time>
    </trkpt>
    <trkpt lat="45.49301349" lon="15.0754359">
        <ele>390.0</ele>
        <time>2022-08-16T16:19:50.000Z</time>
    </trkpt>
    <trkpt lat="45.49300603" lon="15.07544529">
        <ele>390.0</ele>
        <time>2022-08-16T16:19:52.000Z</time>
    </trkpt>
    <trkpt lat="45.49299618" lon="15.07544504">
        <ele>389.0</ele>
        <time>2022-08-16T16:19:55.000Z</time>
    </trkpt>
    <trkpt lat="45.49299241" lon="15.07545074">
        <ele>388.0</ele>
        <time>2022-08-16T16:19:57.000Z</time>
    </trkpt>
    <trkpt lat="45.49299194" lon="15.07547781">
        <ele>387.0</ele>
        <time>2022-08-16T16:20:00.000Z</time>
    </trkpt>
    <trkpt lat="45.4929966" lon="15.07548611">
        <ele>387.0</ele>
        <time>2022-08-16T16:20:02.000Z</time>
    </trkpt>
    <trkpt lat="45.49298482" lon="15.07549021">
        <ele>386.0</ele>
        <time>2022-08-16T16:20:06.000Z</time>
    </trkpt>
    <trkpt lat="45.49300351" lon="15.07549692">
        <ele>384.0</ele>
        <time>2022-08-16T16:20:12.000Z</time>
    </trkpt>
    <trkpt lat="45.49301541" lon="15.0755245">
        <ele>383.0</ele>
        <time>2022-08-16T16:20:19.000Z</time>
    </trkpt>
    <trkpt lat="45.49300691" lon="15.07552894">
        <ele>382.0</ele>
        <time>2022-08-16T16:20:22.000Z</time>
    </trkpt>
    <trkpt lat="45.49300309" lon="15.07552056">
        <ele>381.0</ele>
        <time>2022-08-16T16:20:24.000Z</time>
    </trkpt>
    <trkpt lat="45.49298168" lon="15.07555308">
        <ele>381.0</ele>
        <time>2022-08-16T16:20:27.000Z</time>
    </trkpt>
    <trkpt lat="45.49296554" lon="15.07555936">
        <ele>380.0</ele>
        <time>2022-08-16T16:20:29.000Z</time>
    </trkpt>
    <trkpt lat="45.49293164" lon="15.0755519">
        <ele>379.0</ele>
        <time>2022-08-16T16:20:33.000Z</time>
    </trkpt>
    <trkpt lat="45.49292217" lon="15.07555408">
        <ele>380.0</ele>
        <time>2022-08-16T16:20:34.000Z</time>
    </trkpt>
    <trkpt lat="45.49291051" lon="15.07556682">
        <ele>380.0</ele>
        <time>2022-08-16T16:20:35.000Z</time>
    </trkpt>
    <trkpt lat="45.49289057" lon="15.07557185">
        <ele>380.0</ele>
        <time>2022-08-16T16:20:38.000Z</time>
    </trkpt>
    <trkpt lat="45.49288093" lon="15.07556791">
        <ele>380.0</ele>
        <time>2022-08-16T16:20:39.000Z</time>
    </trkpt>
    <trkpt lat="45.49287393" lon="15.07557211">
        <ele>380.0</ele>
        <time>2022-08-16T16:20:40.000Z</time>
    </trkpt>
    <trkpt lat="45.49285377" lon="15.07555936">
        <ele>379.0</ele>
        <time>2022-08-16T16:20:43.000Z</time>
    </trkpt>
    <trkpt lat="45.49284535" lon="15.0755654">
        <ele>379.0</ele>
        <time>2022-08-16T16:20:44.000Z</time>
    </trkpt>
    <trkpt lat="45.49284593" lon="15.07555853">
        <ele>379.0</ele>
        <time>2022-08-16T16:20:45.000Z</time>
    </trkpt>
    <trkpt lat="45.49281882" lon="15.07553648">
        <ele>378.0</ele>
        <time>2022-08-16T16:20:48.000Z</time>
    </trkpt>
    <trkpt lat="45.49280033" lon="15.07551318">
        <ele>378.0</ele>
        <time>2022-08-16T16:20:51.000Z</time>
    </trkpt>
    <trkpt lat="45.49279317" lon="15.07551645">
        <ele>378.0</ele>
        <time>2022-08-16T16:20:53.000Z</time>
    </trkpt>
    <trkpt lat="45.49278005" lon="15.07550689">
        <ele>378.0</ele>
        <time>2022-08-16T16:20:55.000Z</time>
    </trkpt>
    <trkpt lat="45.49274267" lon="15.0754587">
        <ele>377.0</ele>
        <time>2022-08-16T16:20:59.000Z</time>
    </trkpt>
    <trkpt lat="45.49271295" lon="15.07543322">
        <ele>377.0</ele>
        <time>2022-08-16T16:21:01.000Z</time>
    </trkpt>
    <trkpt lat="45.49268789" lon="15.0754214">
        <ele>376.0</ele>
        <time>2022-08-16T16:21:03.000Z</time>
    </trkpt>
    <trkpt lat="45.49266828" lon="15.07540178">
        <ele>376.0</ele>
        <time>2022-08-16T16:21:05.000Z</time>
    </trkpt>
    <trkpt lat="45.49266388" lon="15.07538795">
        <ele>375.0</ele>
        <time>2022-08-16T16:21:06.000Z</time>
    </trkpt>
    <trkpt lat="45.49265508" lon="15.07538058">
        <ele>375.0</ele>
        <time>2022-08-16T16:21:07.000Z</time>
    </trkpt>
    <trkpt lat="45.49263911" lon="15.07535476">
        <ele>375.0</ele>
        <time>2022-08-16T16:21:09.000Z</time>
    </trkpt>
    <trkpt lat="45.49261916" lon="15.07533481">
        <ele>375.0</ele>
        <time>2022-08-16T16:21:11.000Z</time>
    </trkpt>
    <trkpt lat="45.49260738" lon="15.07532626">
        <ele>375.0</ele>
        <time>2022-08-16T16:21:12.000Z</time>
    </trkpt>
    <trkpt lat="45.4925692" lon="15.07532182">
        <ele>375.0</ele>
        <time>2022-08-16T16:21:15.000Z</time>
    </trkpt>
    <trkpt lat="45.49254519" lon="15.07530028">
        <ele>374.0</ele>
        <time>2022-08-16T16:21:18.000Z</time>
    </trkpt>
    <trkpt lat="45.4925402" lon="15.0753043">
        <ele>373.0</ele>
        <time>2022-08-16T16:21:19.000Z</time>
    </trkpt>
    <trkpt lat="45.49253031" lon="15.07530246">
        <ele>373.0</ele>
        <time>2022-08-16T16:21:21.000Z</time>
    </trkpt>
    <trkpt lat="45.49253073" lon="15.07529508">
        <ele>373.0</ele>
        <time>2022-08-16T16:21:22.000Z</time>
    </trkpt>
    <trkpt lat="45.49252189" lon="15.07529601">
        <ele>373.0</ele>
        <time>2022-08-16T16:21:24.000Z</time>
    </trkpt>
    <trkpt lat="45.49252692" lon="15.0752981">
        <ele>373.0</ele>
        <time>2022-08-16T16:21:26.000Z</time>
    </trkpt>
    <trkpt lat="45.4925138" lon="15.07526197">
        <ele>371.0</ele>
        <time>2022-08-16T16:21:32.000Z</time>
    </trkpt>
    <trkpt lat="45.49251321" lon="15.07522769">
        <ele>370.0</ele>
        <time>2022-08-16T16:21:35.000Z</time>
    </trkpt>
    <trkpt lat="45.49250646" lon="15.07521571">
        <ele>369.0</ele>
        <time>2022-08-16T16:21:37.000Z</time>
    </trkpt>
    <trkpt lat="45.49251711" lon="15.0751717">
        <ele>367.0</ele>
        <time>2022-08-16T16:21:41.000Z</time>
    </trkpt>
    <trkpt lat="45.49250617" lon="15.07510347">
        <ele>361.0</ele>
        <time>2022-08-16T16:21:49.000Z</time>
    </trkpt>
    <trkpt lat="45.49250605" lon="15.07505016">
        <ele>360.0</ele>
        <time>2022-08-16T16:21:53.000Z</time>
    </trkpt>
    <trkpt lat="45.4924897" lon="15.07496115">
        <ele>353.0</ele>
        <time>2022-08-16T16:22:00.000Z</time>
    </trkpt>
    <trkpt lat="45.49245504" lon="15.07486668">
        <ele>353.0</ele>
        <time>2022-08-16T16:22:08.000Z</time>
    </trkpt>
    <trkpt lat="45.49244783" lon="15.07480801">
        <ele>353.0</ele>
        <time>2022-08-16T16:22:12.000Z</time>
    </trkpt>
    <trkpt lat="45.49242868" lon="15.07473433">
        <ele>352.0</ele>
        <time>2022-08-16T16:22:19.000Z</time>
    </trkpt>
    <trkpt lat="45.49242659" lon="15.07471246">
        <ele>353.0</ele>
        <time>2022-08-16T16:22:20.000Z</time>
    </trkpt>
    <trkpt lat="45.49239528" lon="15.07463995">
        <ele>354.0</ele>
        <time>2022-08-16T16:22:24.000Z</time>
    </trkpt>
    <trkpt lat="45.49235035" lon="15.07456318">
        <ele>354.0</ele>
        <time>2022-08-16T16:22:29.000Z</time>
    </trkpt>
    <trkpt lat="45.49233329" lon="15.07451599">
        <ele>353.0</ele>
        <time>2022-08-16T16:22:32.000Z</time>
    </trkpt>
    <trkpt lat="45.49231967" lon="15.0744988">
        <ele>353.0</ele>
        <time>2022-08-16T16:22:34.000Z</time>
    </trkpt>
    <trkpt lat="45.49228979" lon="15.07442672">
        <ele>352.0</ele>
        <time>2022-08-16T16:22:39.000Z</time>
    </trkpt>
    <trkpt lat="45.49226712" lon="15.07434885">
        <ele>352.0</ele>
        <time>2022-08-16T16:22:45.000Z</time>
    </trkpt>
    <trkpt lat="45.49226222" lon="15.07430107">
        <ele>352.0</ele>
        <time>2022-08-16T16:22:48.000Z</time>
    </trkpt>
    <trkpt lat="45.4922548" lon="15.07427945">
        <ele>351.0</ele>
        <time>2022-08-16T16:22:50.000Z</time>
    </trkpt>
    <trkpt lat="45.49225911" lon="15.0742662">
        <ele>350.0</ele>
        <time>2022-08-16T16:22:55.000Z</time>
    </trkpt>
    <trkpt lat="45.4921263" lon="15.07391391">
        <ele>351.0</ele>
        <time>2022-08-16T16:23:24.025Z</time>
    </trkpt>
    <trkpt lat="45.49216377" lon="15.07390168">
        <ele>351.0</ele>
        <time>2022-08-16T16:23:27.025Z</time>
    </trkpt>
    <trkpt lat="45.49216155" lon="15.07385449">
        <ele>354.0</ele>
        <time>2022-08-16T16:23:28.025Z</time>
    </trkpt>
    <trkpt lat="45.49213125" lon="15.07382121">
        <ele>349.0</ele>
        <time>2022-08-16T16:23:31.025Z</time>
    </trkpt>
    <trkpt lat="45.49211335" lon="15.07376983">
        <ele>347.0</ele>
        <time>2022-08-16T16:23:34.025Z</time>
    </trkpt>
    <trkpt lat="45.49208456" lon="15.07371509">
        <ele>343.0</ele>
        <time>2022-08-16T16:23:38.025Z</time>
    </trkpt>
    <trkpt lat="45.4920673" lon="15.07369858">
        <ele>342.0</ele>
        <time>2022-08-16T16:23:40.025Z</time>
    </trkpt>
    <trkpt lat="45.49200799" lon="15.07362172">
        <ele>342.0</ele>
        <time>2022-08-16T16:23:46.025Z</time>
    </trkpt>
    <trkpt lat="45.49198075" lon="15.0736068">
        <ele>341.0</ele>
        <time>2022-08-16T16:23:48.025Z</time>
    </trkpt>
    <trkpt lat="45.49193021" lon="15.07354008">
        <ele>340.0</ele>
        <time>2022-08-16T16:23:53.025Z</time>
    </trkpt>
    <trkpt lat="45.49191638" lon="15.07351519">
        <ele>340.0</ele>
        <time>2022-08-16T16:23:55.025Z</time>
    </trkpt>
    <trkpt lat="45.49191529" lon="15.07350312">
        <ele>339.0</ele>
        <time>2022-08-16T16:23:56.025Z</time>
    </trkpt>
    <trkpt lat="45.49190188" lon="15.07347604">
        <ele>339.0</ele>
        <time>2022-08-16T16:23:59.025Z</time>
    </trkpt>
    <trkpt lat="45.49189299" lon="15.07344369">
        <ele>339.0</ele>
        <time>2022-08-16T16:24:01.025Z</time>
    </trkpt>
    <trkpt lat="45.4918681" lon="15.07339591">
        <ele>338.0</ele>
        <time>2022-08-16T16:24:04.025Z</time>
    </trkpt>
    <trkpt lat="45.49185779" lon="15.07335668">
        <ele>338.0</ele>
        <time>2022-08-16T16:24:06.025Z</time>
    </trkpt>
    <trkpt lat="45.49182887" lon="15.07330597">
        <ele>338.0</ele>
        <time>2022-08-16T16:24:10.025Z</time>
    </trkpt>
    <trkpt lat="45.49181827" lon="15.07325702">
        <ele>337.0</ele>
        <time>2022-08-16T16:24:13.025Z</time>
    </trkpt>
    <trkpt lat="45.49182271" lon="15.07311017">
        <ele>334.0</ele>
        <time>2022-08-16T16:24:21.025Z</time>
    </trkpt>
    <trkpt lat="45.49183327" lon="15.07306248">
        <ele>333.0</ele>
        <time>2022-08-16T16:24:23.025Z</time>
    </trkpt>
    <trkpt lat="45.49183893" lon="15.07294354">
        <ele>333.0</ele>
        <time>2022-08-16T16:24:29.025Z</time>
    </trkpt>
    <trkpt lat="45.49185783" lon="15.07286693">
        <ele>333.0</ele>
        <time>2022-08-16T16:24:33.025Z</time>
    </trkpt>
    <trkpt lat="45.49185938" lon="15.07282225">
        <ele>335.0</ele>
        <time>2022-08-16T16:24:35.025Z</time>
    </trkpt>
    <trkpt lat="45.49187309" lon="15.07279258">
        <ele>334.0</ele>
        <time>2022-08-16T16:24:38.025Z</time>
    </trkpt>
    <trkpt lat="45.49188847" lon="15.0727044">
        <ele>332.0</ele>
        <time>2022-08-16T16:24:43.025Z</time>
    </trkpt>
    <trkpt lat="45.49190079" lon="15.07267021">
        <ele>331.0</ele>
        <time>2022-08-16T16:24:45.025Z</time>
    </trkpt>
    <trkpt lat="45.49191588" lon="15.07264313">
        <ele>330.0</ele>
        <time>2022-08-16T16:24:47.025Z</time>
    </trkpt>
    <trkpt lat="45.49192987" lon="15.0725951">
        <ele>332.0</ele>
        <time>2022-08-16T16:24:50.025Z</time>
    </trkpt>
    <trkpt lat="45.49192908" lon="15.07256459">
        <ele>330.0</ele>
        <time>2022-08-16T16:24:52.025Z</time>
    </trkpt>
    <trkpt lat="45.4919331" lon="15.07255051">
        <ele>330.0</ele>
        <time>2022-08-16T16:24:53.025Z</time>
    </trkpt>
    <trkpt lat="45.49193792" lon="15.07254104">
        <ele>331.0</ele>
        <time>2022-08-16T16:24:54.025Z</time>
    </trkpt>
    <trkpt lat="45.49194496" lon="15.07253911">
        <ele>331.0</ele>
        <time>2022-08-16T16:24:55.025Z</time>
    </trkpt>
    <trkpt lat="45.49195841" lon="15.07250056">
        <ele>330.0</ele>
        <time>2022-08-16T16:24:57.025Z</time>
    </trkpt>
    <trkpt lat="45.491951" lon="15.07246686">
        <ele>330.0</ele>
        <time>2022-08-16T16:24:59.025Z</time>
    </trkpt>
    <trkpt lat="45.49193117" lon="15.07242378">
        <ele>330.0</ele>
        <time>2022-08-16T16:25:01.025Z</time>
    </trkpt>
    <trkpt lat="45.49189593" lon="15.07238472">
        <ele>329.0</ele>
        <time>2022-08-16T16:25:04.025Z</time>
    </trkpt>
    <trkpt lat="45.49187376" lon="15.07233485">
        <ele>329.0</ele>
        <time>2022-08-16T16:25:07.025Z</time>
    </trkpt>
    <trkpt lat="45.49185477" lon="15.07232361">
        <ele>328.0</ele>
        <time>2022-08-16T16:25:09.025Z</time>
    </trkpt>
    <trkpt lat="45.49181387" lon="15.07224306">
        <ele>327.0</ele>
        <time>2022-08-16T16:25:15.025Z</time>
    </trkpt>
    <trkpt lat="45.49181328" lon="15.07220895">
        <ele>326.0</ele>
        <time>2022-08-16T16:25:17.025Z</time>
    </trkpt>
    <trkpt lat="45.49180741" lon="15.07219403">
        <ele>326.0</ele>
        <time>2022-08-16T16:25:18.025Z</time>
    </trkpt>
    <trkpt lat="45.49181186" lon="15.07217534">
        <ele>325.0</ele>
        <time>2022-08-16T16:25:20.025Z</time>
    </trkpt>
    <trkpt lat="45.49179199" lon="15.0721367">
        <ele>324.0</ele>
        <time>2022-08-16T16:25:23.025Z</time>
    </trkpt>
    <trkpt lat="45.49178265" lon="15.07208272">
        <ele>323.0</ele>
        <time>2022-08-16T16:25:26.025Z</time>
    </trkpt>
    <trkpt lat="45.49178189" lon="15.07202078">
        <ele>322.0</ele>
        <time>2022-08-16T16:25:30.025Z</time>
    </trkpt>
    <trkpt lat="45.49175696" lon="15.07195657">
        <ele>320.0</ele>
        <time>2022-08-16T16:25:35.025Z</time>
    </trkpt>
    <trkpt lat="45.49174987" lon="15.07195439">
        <ele>319.0</ele>
        <time>2022-08-16T16:25:36.025Z</time>
    </trkpt>
    <trkpt lat="45.49172917" lon="15.07192682">
        <ele>319.0</ele>
        <time>2022-08-16T16:25:39.025Z</time>
    </trkpt>
    <trkpt lat="45.49168688" lon="15.07190083">
        <ele>319.0</ele>
        <time>2022-08-16T16:25:43.025Z</time>
    </trkpt>
    <trkpt lat="45.49166945" lon="15.07189714">
        <ele>318.0</ele>
        <time>2022-08-16T16:25:45.025Z</time>
    </trkpt>
    <trkpt lat="45.49164325" lon="15.07189907">
        <ele>318.0</ele>
        <time>2022-08-16T16:25:47.025Z</time>
    </trkpt>
    <trkpt lat="45.49160126" lon="15.07189404">
        <ele>318.0</ele>
        <time>2022-08-16T16:25:51.025Z</time>
    </trkpt>
    <trkpt lat="45.49159183" lon="15.07188893">
        <ele>318.0</ele>
        <time>2022-08-16T16:25:52.025Z</time>
    </trkpt>
    <trkpt lat="45.49154162" lon="15.07188591">
        <ele>317.0</ele>
        <time>2022-08-16T16:25:57.025Z</time>
    </trkpt>
    <trkpt lat="45.4915156" lon="15.07188021">
        <ele>317.0</ele>
        <time>2022-08-16T16:25:59.025Z</time>
    </trkpt>
    <trkpt lat="45.49149288" lon="15.0718673">
        <ele>317.0</ele>
        <time>2022-08-16T16:26:01.025Z</time>
    </trkpt>
    <trkpt lat="45.49147407" lon="15.07186194">
        <ele>317.0</ele>
        <time>2022-08-16T16:26:03.025Z</time>
    </trkpt>
    <trkpt lat="45.49145106" lon="15.07183847">
        <ele>316.0</ele>
        <time>2022-08-16T16:26:06.025Z</time>
    </trkpt>
    <trkpt lat="45.4914216" lon="15.07181743">
        <ele>316.0</ele>
        <time>2022-08-16T16:26:09.025Z</time>
    </trkpt>
    <trkpt lat="45.49139641" lon="15.07180394">
        <ele>315.0</ele>
        <time>2022-08-16T16:26:11.025Z</time>
    </trkpt>
    <trkpt lat="45.49136581" lon="15.07179606">
        <ele>315.0</ele>
        <time>2022-08-16T16:26:14.025Z</time>
    </trkpt>
    <trkpt lat="45.49135634" lon="15.07178617">
        <ele>315.0</ele>
        <time>2022-08-16T16:26:15.025Z</time>
    </trkpt>
    <trkpt lat="45.49134297" lon="15.07176043">
        <ele>314.0</ele>
        <time>2022-08-16T16:26:17.025Z</time>
    </trkpt>
    <trkpt lat="45.49133681" lon="15.07173185">
        <ele>315.0</ele>
        <time>2022-08-16T16:26:19.025Z</time>
    </trkpt>
    <trkpt lat="45.49132885" lon="15.07159699">
        <ele>313.0</ele>
        <time>2022-08-16T16:26:27.025Z</time>
    </trkpt>
    <trkpt lat="45.49135534" lon="15.07140161">
        <ele>311.0</ele>
        <time>2022-08-16T16:26:39.025Z</time>
    </trkpt>
    <trkpt lat="45.49135768" lon="15.07132717">
        <ele>311.0</ele>
        <time>2022-08-16T16:26:43.025Z</time>
    </trkpt>
    <trkpt lat="45.49135278" lon="15.07130882">
        <ele>310.0</ele>
        <time>2022-08-16T16:26:44.025Z</time>
    </trkpt>
    <trkpt lat="45.49135223" lon="15.0712229">
        <ele>310.0</ele>
        <time>2022-08-16T16:26:48.025Z</time>
    </trkpt>
    <trkpt lat="45.49134054" lon="15.07114193">
        <ele>308.0</ele>
        <time>2022-08-16T16:26:53.025Z</time>
    </trkpt>
    <trkpt lat="45.49133715" lon="15.07107647">
        <ele>308.0</ele>
        <time>2022-08-16T16:26:57.025Z</time>
    </trkpt>
    <trkpt lat="45.49132457" lon="15.07103104">
        <ele>307.0</ele>
        <time>2022-08-16T16:27:00.025Z</time>
    </trkpt>
    <trkpt lat="45.49131728" lon="15.07102174">
        <ele>307.0</ele>
        <time>2022-08-16T16:27:01.025Z</time>
    </trkpt>
    <trkpt lat="45.49129222" lon="15.07088411">
        <ele>307.0</ele>
        <time>2022-08-16T16:27:10.025Z</time>
    </trkpt>
    <trkpt lat="45.49126888" lon="15.07083817">
        <ele>307.0</ele>
        <time>2022-08-16T16:27:14.025Z</time>
    </trkpt>
    <trkpt lat="45.49126368" lon="15.07081596">
        <ele>307.0</ele>
        <time>2022-08-16T16:27:15.025Z</time>
    </trkpt>
    <trkpt lat="45.49122387" lon="15.0707443">
        <ele>307.0</ele>
        <time>2022-08-16T16:27:21.025Z</time>
    </trkpt>
    <trkpt lat="45.49121008" lon="15.07065905">
        <ele>305.0</ele>
        <time>2022-08-16T16:27:25.025Z</time>
    </trkpt>
    <trkpt lat="45.49121008" lon="15.07062737">
        <ele>305.0</ele>
        <time>2022-08-16T16:27:28.025Z</time>
    </trkpt>
    <trkpt lat="45.49120136" lon="15.07060206">
        <ele>304.0</ele>
        <time>2022-08-16T16:27:31.025Z</time>
    </trkpt>
    <trkpt lat="45.49118833" lon="15.07059082">
        <ele>303.0</ele>
        <time>2022-08-16T16:27:33.025Z</time>
    </trkpt>
    <trkpt lat="45.49118946" lon="15.0705744">
        <ele>303.0</ele>
        <time>2022-08-16T16:27:34.025Z</time>
    </trkpt>
    <trkpt lat="45.49118372" lon="15.07055964">
        <ele>303.0</ele>
        <time>2022-08-16T16:27:35.025Z</time>
    </trkpt>
    <trkpt lat="45.49118347" lon="15.07049183">
        <ele>303.0</ele>
        <time>2022-08-16T16:27:40.025Z</time>
    </trkpt>
    <trkpt lat="45.49117026" lon="15.0704739">
        <ele>302.0</ele>
        <time>2022-08-16T16:27:42.025Z</time>
    </trkpt>
    <trkpt lat="45.49115681" lon="15.0703589">
        <ele>301.0</ele>
        <time>2022-08-16T16:27:49.025Z</time>
    </trkpt>
    <trkpt lat="45.49114068" lon="15.07031003">
        <ele>300.0</ele>
        <time>2022-08-16T16:27:52.025Z</time>
    </trkpt>
    <trkpt lat="45.49114189" lon="15.07026033">
        <ele>299.0</ele>
        <time>2022-08-16T16:27:55.025Z</time>
    </trkpt>
    <trkpt lat="45.491124" lon="15.07020316">
        <ele>300.0</ele>
        <time>2022-08-16T16:27:59.025Z</time>
    </trkpt>
    <trkpt lat="45.49111306" lon="15.07014751">
        <ele>300.0</ele>
        <time>2022-08-16T16:28:02.025Z</time>
    </trkpt>
    <trkpt lat="45.49108049" lon="15.07008908">
        <ele>300.0</ele>
        <time>2022-08-16T16:28:06.025Z</time>
    </trkpt>
    <trkpt lat="45.49107115" lon="15.07005849">
        <ele>300.0</ele>
        <time>2022-08-16T16:28:08.025Z</time>
    </trkpt>
    <trkpt lat="45.49106968" lon="15.0700377">
        <ele>300.0</ele>
        <time>2022-08-16T16:28:09.025Z</time>
    </trkpt>
    <trkpt lat="45.49101151" lon="15.06992731">
        <ele>299.0</ele>
        <time>2022-08-16T16:28:17.025Z</time>
    </trkpt>
    <trkpt lat="45.49099483" lon="15.06986168">
        <ele>298.0</ele>
        <time>2022-08-16T16:28:21.025Z</time>
    </trkpt>
    <trkpt lat="45.49097639" lon="15.06983737">
        <ele>297.0</ele>
        <time>2022-08-16T16:28:23.025Z</time>
    </trkpt>
    <trkpt lat="45.49096818" lon="15.06980829">
        <ele>296.0</ele>
        <time>2022-08-16T16:28:25.025Z</time>
    </trkpt>
    <trkpt lat="45.4909644" lon="15.06976403">
        <ele>295.0</ele>
        <time>2022-08-16T16:28:28.025Z</time>
    </trkpt>
    <trkpt lat="45.49095468" lon="15.06973377">
        <ele>295.0</ele>
        <time>2022-08-16T16:28:30.025Z</time>
    </trkpt>
    <trkpt lat="45.49093985" lon="15.06971123">
        <ele>294.0</ele>
        <time>2022-08-16T16:28:32.025Z</time>
    </trkpt>
    <trkpt lat="45.49093612" lon="15.06969471">
        <ele>294.0</ele>
        <time>2022-08-16T16:28:33.025Z</time>
    </trkpt>
    <trkpt lat="45.49090083" lon="15.06963403">
        <ele>294.0</ele>
        <time>2022-08-16T16:28:38.025Z</time>
    </trkpt>
    <trkpt lat="45.49088867" lon="15.06960486">
        <ele>293.0</ele>
        <time>2022-08-16T16:28:40.025Z</time>
    </trkpt>
    <trkpt lat="45.49085611" lon="15.06955608">
        <ele>293.0</ele>
        <time>2022-08-16T16:28:44.025Z</time>
    </trkpt>
    <trkpt lat="45.49083746" lon="15.06951191">
        <ele>293.0</ele>
        <time>2022-08-16T16:28:47.025Z</time>
    </trkpt>
    <trkpt lat="45.49080389" lon="15.06941082">
        <ele>291.0</ele>
        <time>2022-08-16T16:28:54.025Z</time>
    </trkpt>
    <trkpt lat="45.49076902" lon="15.0693591">
        <ele>290.0</ele>
        <time>2022-08-16T16:28:58.025Z</time>
    </trkpt>
    <trkpt lat="45.49074425" lon="15.0692773">
        <ele>288.0</ele>
        <time>2022-08-16T16:29:03.025Z</time>
    </trkpt>
    <trkpt lat="45.49072074" lon="15.06923664">
        <ele>288.0</ele>
        <time>2022-08-16T16:29:06.025Z</time>
    </trkpt>
    <trkpt lat="45.49070306" lon="15.06919046">
        <ele>288.0</ele>
        <time>2022-08-16T16:29:09.025Z</time>
    </trkpt>
    <trkpt lat="45.49066798" lon="15.06904813">
        <ele>285.0</ele>
        <time>2022-08-16T16:29:19.025Z</time>
    </trkpt>
    <trkpt lat="45.49064497" lon="15.06900606">
        <ele>283.0</ele>
        <time>2022-08-16T16:29:29.025Z</time>
    </trkpt>
    <trkpt lat="45.49062603" lon="15.06889801">
        <ele>282.0</ele>
        <time>2022-08-16T16:29:37.025Z</time>
    </trkpt>
    <trkpt lat="45.49062305" lon="15.06878846">
        <ele>280.0</ele>
        <time>2022-08-16T16:29:45.025Z</time>
    </trkpt>
    <trkpt lat="45.49060905" lon="15.06870791">
        <ele>279.0</ele>
        <time>2022-08-16T16:29:51.025Z</time>
    </trkpt>
    <trkpt lat="45.49060172" lon="15.06861546">
        <ele>279.0</ele>
        <time>2022-08-16T16:29:57.025Z</time>
    </trkpt>
    <trkpt lat="45.4906044" lon="15.06854639">
        <ele>278.0</ele>
        <time>2022-08-16T16:30:01.025Z</time>
    </trkpt>
    <trkpt lat="45.49059879" lon="15.06848454">
        <ele>278.0</ele>
        <time>2022-08-16T16:30:05.025Z</time>
    </trkpt>
    <trkpt lat="45.49060147" lon="15.06844087">
        <ele>277.0</ele>
        <time>2022-08-16T16:30:08.025Z</time>
    </trkpt>
    <trkpt lat="45.49059397" lon="15.06827968">
        <ele>276.0</ele>
        <time>2022-08-16T16:30:19.025Z</time>
    </trkpt>
    <trkpt lat="45.49060117" lon="15.06824833">
        <ele>275.0</ele>
        <time>2022-08-16T16:30:21.025Z</time>
    </trkpt>
    <trkpt lat="45.49059879" lon="15.06823551">
        <ele>275.0</ele>
        <time>2022-08-16T16:30:22.025Z</time>
    </trkpt>
    <trkpt lat="45.49060507" lon="15.06817558">
        <ele>274.0</ele>
        <time>2022-08-16T16:30:27.025Z</time>
    </trkpt>
    <trkpt lat="45.4906013" lon="15.0680734">
        <ele>272.0</ele>
        <time>2022-08-16T16:30:36.025Z</time>
    </trkpt>
    <trkpt lat="45.49059246" lon="15.06799931">
        <ele>272.0</ele>
        <time>2022-08-16T16:30:41.025Z</time>
    </trkpt>
    <trkpt lat="45.49058517" lon="15.06798732">
        <ele>272.0</ele>
        <time>2022-08-16T16:30:43.025Z</time>
    </trkpt>
    <trkpt lat="45.49058638" lon="15.06795438">
        <ele>271.0</ele>
        <time>2022-08-16T16:30:46.025Z</time>
    </trkpt>
    <trkpt lat="45.49057305" lon="15.06788816">
        <ele>270.0</ele>
        <time>2022-08-16T16:30:50.025Z</time>
    </trkpt>
    <trkpt lat="45.49057037" lon="15.06784097">
        <ele>270.0</ele>
        <time>2022-08-16T16:30:53.025Z</time>
    </trkpt>
    <trkpt lat="45.49055847" lon="15.06781013">
        <ele>270.0</ele>
        <time>2022-08-16T16:30:56.025Z</time>
    </trkpt>
    <trkpt lat="45.49054833" lon="15.06774433">
        <ele>269.0</ele>
        <time>2022-08-16T16:31:00.025Z</time>
    </trkpt>
    <trkpt lat="45.4905474" lon="15.06768147">
        <ele>268.0</ele>
        <time>2022-08-16T16:31:04.025Z</time>
    </trkpt>
    <trkpt lat="45.49054435" lon="15.06767526">
        <ele>268.0</ele>
        <time>2022-08-16T16:31:05.025Z</time>
    </trkpt>
    <trkpt lat="45.49055151" lon="15.06767049">
        <ele>268.0</ele>
        <time>2022-08-16T16:31:10.025Z</time>
    </trkpt>
    <trkpt lat="45.49055394" lon="15.06766219">
        <ele>268.0</ele>
        <time>2022-08-16T16:31:11.025Z</time>
    </trkpt>
    <trkpt lat="45.49055088" lon="15.0676243">
        <ele>266.0</ele>
        <time>2022-08-16T16:31:15.025Z</time>
    </trkpt>
    <trkpt lat="45.49055549" lon="15.06754342">
        <ele>265.0</ele>
        <time>2022-08-16T16:31:20.025Z</time>
    </trkpt>
    <trkpt lat="45.49056266" lon="15.06746949">
        <ele>265.0</ele>
        <time>2022-08-16T16:31:24.025Z</time>
    </trkpt>
    <trkpt lat="45.49057565" lon="15.06739246">
        <ele>264.0</ele>
        <time>2022-08-16T16:31:29.025Z</time>
    </trkpt>
    <trkpt lat="45.49058856" lon="15.06734837">
        <ele>263.0</ele>
        <time>2022-08-16T16:31:32.025Z</time>
    </trkpt>
    <trkpt lat="45.4906145" lon="15.06728374">
        <ele>262.0</ele>
        <time>2022-08-16T16:31:36.025Z</time>
    </trkpt>
    <trkpt lat="45.49063307" lon="15.06720638">
        <ele>262.0</ele>
        <time>2022-08-16T16:31:40.025Z</time>
    </trkpt>
    <trkpt lat="45.49066077" lon="15.06699063">
        <ele>262.0</ele>
        <time>2022-08-16T16:31:53.025Z</time>
    </trkpt>
    <trkpt lat="45.49067783" lon="15.06691854">
        <ele>262.0</ele>
        <time>2022-08-16T16:31:58.025Z</time>
    </trkpt>
    <trkpt lat="45.49068114" lon="15.06686976">
        <ele>261.0</ele>
        <time>2022-08-16T16:32:01.025Z</time>
    </trkpt>
    <trkpt lat="45.49068851" lon="15.06683221">
        <ele>261.0</ele>
        <time>2022-08-16T16:32:03.025Z</time>
    </trkpt>
    <trkpt lat="45.49070909" lon="15.06677966">
        <ele>261.0</ele>
        <time>2022-08-16T16:32:07.025Z</time>
    </trkpt>
    <trkpt lat="45.49073734" lon="15.0665795">
        <ele>261.0</ele>
        <time>2022-08-16T16:32:19.025Z</time>
    </trkpt>
    <trkpt lat="45.49073428" lon="15.06654262">
        <ele>261.0</ele>
        <time>2022-08-16T16:32:21.025Z</time>
    </trkpt>
    <trkpt lat="45.49074291" lon="15.06648855">
        <ele>260.0</ele>
        <time>2022-08-16T16:32:24.025Z</time>
    </trkpt>
    <trkpt lat="45.49074061" lon="15.06644924">
        <ele>260.0</ele>
        <time>2022-08-16T16:32:26.025Z</time>
    </trkpt>
    <trkpt lat="45.49072665" lon="15.06641035">
        <ele>260.0</ele>
        <time>2022-08-16T16:32:28.025Z</time>
    </trkpt>
    <trkpt lat="45.49070817" lon="15.06627155">
        <ele>260.0</ele>
        <time>2022-08-16T16:32:36.025Z</time>
    </trkpt>
    <trkpt lat="45.49069547" lon="15.06621053">
        <ele>260.0</ele>
        <time>2022-08-16T16:32:40.025Z</time>
    </trkpt>
    <trkpt lat="45.49068814" lon="15.06613467">
        <ele>259.0</ele>
        <time>2022-08-16T16:32:45.025Z</time>
    </trkpt>
    <trkpt lat="45.49069124" lon="15.06613232">
        <ele>259.0</ele>
        <time>2022-08-16T16:32:56.025Z</time>
    </trkpt>
    <trkpt lat="45.49069053" lon="15.06612168">
        <ele>259.0</ele>
        <time>2022-08-16T16:33:02.025Z</time>
    </trkpt>
    <trkpt lat="45.49068478" lon="15.06609963">
        <ele>259.0</ele>
        <time>2022-08-16T16:33:04.025Z</time>
    </trkpt>
    <trkpt lat="45.49068131" lon="15.0660501">
        <ele>259.0</ele>
        <time>2022-08-16T16:33:07.025Z</time>
    </trkpt>
    <trkpt lat="45.49069384" lon="15.06600617">
        <ele>259.0</ele>
        <time>2022-08-16T16:33:10.025Z</time>
    </trkpt>
    <trkpt lat="45.49069711" lon="15.06596058">
        <ele>259.0</ele>
        <time>2022-08-16T16:33:13.025Z</time>
    </trkpt>
    <trkpt lat="45.49069744" lon="15.06592303">
        <ele>259.0</ele>
        <time>2022-08-16T16:33:15.025Z</time>
    </trkpt>
    <trkpt lat="45.49068885" lon="15.06588296">
        <ele>259.0</ele>
        <time>2022-08-16T16:33:18.025Z</time>
    </trkpt>
    <trkpt lat="45.49068931" lon="15.06584658">
        <ele>259.0</ele>
        <time>2022-08-16T16:33:20.025Z</time>
    </trkpt>
    <trkpt lat="45.49069593" lon="15.06579948">
        <ele>259.0</ele>
        <time>2022-08-16T16:33:23.025Z</time>
    </trkpt>
    <trkpt lat="45.49072996" lon="15.06568808">
        <ele>260.0</ele>
        <time>2022-08-16T16:33:30.025Z</time>
    </trkpt>
    <trkpt lat="45.49074094" lon="15.06561273">
        <ele>259.0</ele>
        <time>2022-08-16T16:33:36.025Z</time>
    </trkpt>
    <trkpt lat="45.49073839" lon="15.06560669">
        <ele>259.0</ele>
        <time>2022-08-16T16:33:37.025Z</time>
    </trkpt>
    <trkpt lat="45.49074283" lon="15.06560015">
        <ele>259.0</ele>
        <time>2022-08-16T16:33:38.025Z</time>
    </trkpt>
    <trkpt lat="45.49074836" lon="15.06560259">
        <ele>259.0</ele>
        <time>2022-08-16T16:33:40.025Z</time>
    </trkpt>
    <trkpt lat="45.49075519" lon="15.06557342">
        <ele>259.0</ele>
        <time>2022-08-16T16:33:43.025Z</time>
    </trkpt>
    <trkpt lat="45.49075875" lon="15.06552245">
        <ele>260.0</ele>
        <time>2022-08-16T16:33:47.025Z</time>
    </trkpt>
    <trkpt lat="45.49077346" lon="15.06544526">
        <ele>260.0</ele>
        <time>2022-08-16T16:33:54.025Z</time>
    </trkpt>
    <trkpt lat="45.49077066" lon="15.06539044">
        <ele>260.0</ele>
        <time>2022-08-16T16:33:58.025Z</time>
    </trkpt>
    <trkpt lat="45.49077355" lon="15.06531903">
        <ele>259.0</ele>
        <time>2022-08-16T16:34:03.025Z</time>
    </trkpt>
    <trkpt lat="45.49076575" lon="15.06524761">
        <ele>259.0</ele>
        <time>2022-08-16T16:34:07.025Z</time>
    </trkpt>
    <trkpt lat="45.49077321" lon="15.06515524">
        <ele>259.0</ele>
        <time>2022-08-16T16:34:12.025Z</time>
    </trkpt>
    <trkpt lat="45.4907676" lon="15.06512725">
        <ele>258.0</ele>
        <time>2022-08-16T16:34:14.025Z</time>
    </trkpt>
    <trkpt lat="45.49076336" lon="15.06503672">
        <ele>257.0</ele>
        <time>2022-08-16T16:34:19.025Z</time>
    </trkpt>
    <trkpt lat="45.49076789" lon="15.06492851">
        <ele>257.0</ele>
        <time>2022-08-16T16:34:25.025Z</time>
    </trkpt>
    <trkpt lat="45.49075037" lon="15.06486967">
        <ele>256.0</ele>
        <time>2022-08-16T16:34:29.025Z</time>
    </trkpt>
    <trkpt lat="45.49074631" lon="15.06482039">
        <ele>256.0</ele>
        <time>2022-08-16T16:34:32.025Z</time>
    </trkpt>
    <trkpt lat="45.49073298" lon="15.06476423">
        <ele>256.0</ele>
        <time>2022-08-16T16:34:35.025Z</time>
    </trkpt>
    <trkpt lat="45.49073319" lon="15.06462693">
        <ele>255.0</ele>
        <time>2022-08-16T16:34:42.025Z</time>
    </trkpt>
    <trkpt lat="45.49071907" lon="15.06452886">
        <ele>255.0</ele>
        <time>2022-08-16T16:34:47.025Z</time>
    </trkpt>
    <trkpt lat="45.49072745" lon="15.06448268">
        <ele>254.0</ele>
        <time>2022-08-16T16:34:50.025Z</time>
    </trkpt>
    <trkpt lat="45.49074174" lon="15.06430708">
        <ele>254.0</ele>
        <time>2022-08-16T16:35:00.025Z</time>
    </trkpt>
    <trkpt lat="45.49075398" lon="15.06424229">
        <ele>254.0</ele>
        <time>2022-08-16T16:35:04.025Z</time>
    </trkpt>
    <trkpt lat="45.49075192" lon="15.06422401">
        <ele>254.0</ele>
        <time>2022-08-16T16:35:05.025Z</time>
    </trkpt>
    <trkpt lat="45.49075888" lon="15.06420708">
        <ele>254.0</ele>
        <time>2022-08-16T16:35:06.025Z</time>
    </trkpt>
    <trkpt lat="45.49076148" lon="15.06410005">
        <ele>254.0</ele>
        <time>2022-08-16T16:35:14.025Z</time>
    </trkpt>
    <trkpt lat="45.49076818" lon="15.06405839">
        <ele>254.0</ele>
        <time>2022-08-16T16:35:17.025Z</time>
    </trkpt>
    <trkpt lat="45.49078139" lon="15.06402469">
        <ele>254.0</ele>
        <time>2022-08-16T16:35:19.025Z</time>
    </trkpt>
    <trkpt lat="45.49079207" lon="15.06397683">
        <ele>254.0</ele>
        <time>2022-08-16T16:35:22.025Z</time>
    </trkpt>
    <trkpt lat="45.49078797" lon="15.06396124">
        <ele>254.0</ele>
        <time>2022-08-16T16:35:23.025Z</time>
    </trkpt>
    <trkpt lat="45.49079584" lon="15.0639143">
        <ele>253.0</ele>
        <time>2022-08-16T16:35:26.025Z</time>
    </trkpt>
    <trkpt lat="45.49081567" lon="15.06385102">
        <ele>254.0</ele>
        <time>2022-08-16T16:35:30.025Z</time>
    </trkpt>
    <trkpt lat="45.49080724" lon="15.06375974">
        <ele>254.0</ele>
        <time>2022-08-16T16:35:35.025Z</time>
    </trkpt>
    <trkpt lat="45.49081885" lon="15.06356">
        <ele>254.0</ele>
        <time>2022-08-16T16:35:46.025Z</time>
    </trkpt>
    <trkpt lat="45.49081445" lon="15.06353326">
        <ele>254.0</ele>
        <time>2022-08-16T16:35:48.025Z</time>
    </trkpt>
    <trkpt lat="45.49081655" lon="15.06349999">
        <ele>254.0</ele>
        <time>2022-08-16T16:35:50.025Z</time>
    </trkpt>
    <trkpt lat="45.49080188" lon="15.06339303">
        <ele>254.0</ele>
        <time>2022-08-16T16:35:56.025Z</time>
    </trkpt>
    <trkpt lat="45.49080523" lon="15.06336143">
        <ele>254.0</ele>
        <time>2022-08-16T16:35:59.025Z</time>
    </trkpt>
    <trkpt lat="45.49079551" lon="15.06319371">
        <ele>254.0</ele>
        <time>2022-08-16T16:36:09.025Z</time>
    </trkpt>
    <trkpt lat="45.49080858" lon="15.06311199">
        <ele>254.0</ele>
        <time>2022-08-16T16:36:14.025Z</time>
    </trkpt>
    <trkpt lat="45.49080536" lon="15.06306421">
        <ele>254.0</ele>
        <time>2022-08-16T16:36:17.025Z</time>
    </trkpt>
    <trkpt lat="45.49079756" lon="15.06303362">
        <ele>254.0</ele>
        <time>2022-08-16T16:36:19.025Z</time>
    </trkpt>
    <trkpt lat="45.49080213" lon="15.06294016">
        <ele>254.0</ele>
        <time>2022-08-16T16:36:25.025Z</time>
    </trkpt>
    <trkpt lat="45.49081391" lon="15.0628726">
        <ele>253.0</ele>
        <time>2022-08-16T16:36:29.025Z</time>
    </trkpt>
    <trkpt lat="45.49082304" lon="15.06285257">
        <ele>253.0</ele>
        <time>2022-08-16T16:36:31.025Z</time>
    </trkpt>
    <trkpt lat="45.49082434" lon="15.06283983">
        <ele>253.0</ele>
        <time>2022-08-16T16:36:32.025Z</time>
    </trkpt>
    <trkpt lat="45.49083323" lon="15.06282507">
        <ele>253.0</ele>
        <time>2022-08-16T16:36:33.025Z</time>
    </trkpt>
    <trkpt lat="45.49082707" lon="15.06268166">
        <ele>253.0</ele>
        <time>2022-08-16T16:36:43.025Z</time>
    </trkpt>
    <trkpt lat="45.49083335" lon="15.06266733">
        <ele>253.0</ele>
        <time>2022-08-16T16:36:44.025Z</time>
    </trkpt>
    <trkpt lat="45.49084262" lon="15.06261729">
        <ele>254.0</ele>
        <time>2022-08-16T16:36:47.025Z</time>
    </trkpt>
    <trkpt lat="45.49083788" lon="15.06258669">
        <ele>253.0</ele>
        <time>2022-08-16T16:36:49.025Z</time>
    </trkpt>
    <trkpt lat="45.49084639" lon="15.06253682">
        <ele>254.0</ele>
        <time>2022-08-16T16:36:52.025Z</time>
    </trkpt>
    <trkpt lat="45.49084366" lon="15.06251939">
        <ele>254.0</ele>
        <time>2022-08-16T16:36:53.025Z</time>
    </trkpt>
    <trkpt lat="45.49085024" lon="15.06250438">
        <ele>253.0</ele>
        <time>2022-08-16T16:36:55.025Z</time>
    </trkpt>
    <trkpt lat="45.49084798" lon="15.06246113">
        <ele>253.0</ele>
        <time>2022-08-16T16:36:58.025Z</time>
    </trkpt>
    <trkpt lat="45.49085871" lon="15.06241486">
        <ele>254.0</ele>
        <time>2022-08-16T16:37:01.025Z</time>
    </trkpt>
    <trkpt lat="45.49085896" lon="15.06235016">
        <ele>254.0</ele>
        <time>2022-08-16T16:37:07.025Z</time>
    </trkpt>
    <trkpt lat="45.49086919" lon="15.06230464">
        <ele>254.0</ele>
        <time>2022-08-16T16:37:12.025Z</time>
    </trkpt>
    <trkpt lat="45.49088821" lon="15.06229115">
        <ele>255.0</ele>
        <time>2022-08-16T16:37:16.025Z</time>
    </trkpt>
    <trkpt lat="45.49087958" lon="15.0622712">
        <ele>255.0</ele>
        <time>2022-08-16T16:37:19.025Z</time>
    </trkpt>
    <trkpt lat="45.49088851" lon="15.06225485">
        <ele>255.0</ele>
        <time>2022-08-16T16:37:24.025Z</time>
    </trkpt>
    <trkpt lat="45.49089328" lon="15.0622132">
        <ele>255.0</ele>
        <time>2022-08-16T16:37:28.025Z</time>
    </trkpt>
    <trkpt lat="45.49089085" lon="15.06220297">
        <ele>254.0</ele>
        <time>2022-08-16T16:37:29.025Z</time>
    </trkpt>
    <trkpt lat="45.49091294" lon="15.0621655">
        <ele>254.0</ele>
        <time>2022-08-16T16:37:32.025Z</time>
    </trkpt>
    <trkpt lat="45.49092581" lon="15.06212016">
        <ele>254.0</ele>
        <time>2022-08-16T16:37:35.025Z</time>
    </trkpt>
    <trkpt lat="45.49093524" lon="15.06210289">
        <ele>254.0</ele>
        <time>2022-08-16T16:37:36.025Z</time>
    </trkpt>
    <trkpt lat="45.49094441" lon="15.062064">
        <ele>254.0</ele>
        <time>2022-08-16T16:37:38.025Z</time>
    </trkpt>
    <trkpt lat="45.49095422" lon="15.06196149">
        <ele>254.0</ele>
        <time>2022-08-16T16:37:44.025Z</time>
    </trkpt>
    <trkpt lat="45.49094215" lon="15.06191329">
        <ele>254.0</ele>
        <time>2022-08-16T16:37:47.025Z</time>
    </trkpt>
    <trkpt lat="45.49094756" lon="15.06186166">
        <ele>254.0</ele>
        <time>2022-08-16T16:37:50.025Z</time>
    </trkpt>
    <trkpt lat="45.49096378" lon="15.06180961">
        <ele>254.0</ele>
        <time>2022-08-16T16:37:54.025Z</time>
    </trkpt>
    <trkpt lat="45.49096566" lon="15.06178027">
        <ele>254.0</ele>
        <time>2022-08-16T16:37:56.025Z</time>
    </trkpt>
    <trkpt lat="45.49095694" lon="15.06174968">
        <ele>254.0</ele>
        <time>2022-08-16T16:38:00.025Z</time>
    </trkpt>
    <trkpt lat="45.49094286" lon="15.06172637">
        <ele>254.0</ele>
        <time>2022-08-16T16:38:03.025Z</time>
    </trkpt>
    <trkpt lat="45.49094031" lon="15.06169343">
        <ele>254.0</ele>
        <time>2022-08-16T16:38:06.025Z</time>
    </trkpt>
    <trkpt lat="45.4909204" lon="15.06165504">
        <ele>254.0</ele>
        <time>2022-08-16T16:38:09.025Z</time>
    </trkpt>
    <trkpt lat="45.49091252" lon="15.06162445">
        <ele>254.0</ele>
        <time>2022-08-16T16:38:11.025Z</time>
    </trkpt>
    <trkpt lat="45.49090137" lon="15.06160894">
        <ele>254.0</ele>
        <time>2022-08-16T16:38:12.025Z</time>
    </trkpt>
    <trkpt lat="45.49090322" lon="15.06159101">
        <ele>254.0</ele>
        <time>2022-08-16T16:38:14.025Z</time>
    </trkpt>
    <trkpt lat="45.49089001" lon="15.06151943">
        <ele>254.0</ele>
        <time>2022-08-16T16:38:19.025Z</time>
    </trkpt>
    <trkpt lat="45.49087753" lon="15.06146796">
        <ele>254.0</ele>
        <time>2022-08-16T16:38:22.025Z</time>
    </trkpt>
    <trkpt lat="45.49086139" lon="15.06142613">
        <ele>253.0</ele>
        <time>2022-08-16T16:38:25.025Z</time>
    </trkpt>
    <trkpt lat="45.49085435" lon="15.06135137">
        <ele>253.0</ele>
        <time>2022-08-16T16:38:30.025Z</time>
    </trkpt>
    <trkpt lat="45.49084496" lon="15.06132538">
        <ele>253.0</ele>
        <time>2022-08-16T16:38:32.025Z</time>
    </trkpt>
    <trkpt lat="45.49083553" lon="15.06131683">
        <ele>253.0</ele>
        <time>2022-08-16T16:38:33.025Z</time>
    </trkpt>
    <trkpt lat="45.49083553" lon="15.06130761">
        <ele>253.0</ele>
        <time>2022-08-16T16:38:34.025Z</time>
    </trkpt>
    <trkpt lat="45.49082476" lon="15.06128222">
        <ele>253.0</ele>
        <time>2022-08-16T16:38:36.025Z</time>
    </trkpt>
    <trkpt lat="45.49082631" lon="15.06120452">
        <ele>253.0</ele>
        <time>2022-08-16T16:38:41.025Z</time>
    </trkpt>
    <trkpt lat="45.4908041" lon="15.06114777">
        <ele>253.0</ele>
        <time>2022-08-16T16:38:44.025Z</time>
    </trkpt>
    <trkpt lat="45.49080527" lon="15.06113771">
        <ele>253.0</ele>
        <time>2022-08-16T16:38:45.025Z</time>
    </trkpt>
    <trkpt lat="45.49078956" lon="15.0610689">
        <ele>254.0</ele>
        <time>2022-08-16T16:38:49.025Z</time>
    </trkpt>
    <trkpt lat="45.49079509" lon="15.06099631">
        <ele>254.0</ele>
        <time>2022-08-16T16:38:53.025Z</time>
    </trkpt>
    <trkpt lat="45.49078553" lon="15.06096371">
        <ele>255.0</ele>
        <time>2022-08-16T16:38:55.025Z</time>
    </trkpt>
    <trkpt lat="45.49079522" lon="15.06094552">
        <ele>254.0</ele>
        <time>2022-08-16T16:38:56.025Z</time>
    </trkpt>
    <trkpt lat="45.49080029" lon="15.06092473">
        <ele>254.0</ele>
        <time>2022-08-16T16:38:57.025Z</time>
    </trkpt>
    <trkpt lat="45.49077883" lon="15.06081417">
        <ele>255.0</ele>
        <time>2022-08-16T16:39:03.025Z</time>
    </trkpt>
    <trkpt lat="45.49078482" lon="15.06076723">
        <ele>255.0</ele>
        <time>2022-08-16T16:39:06.025Z</time>
    </trkpt>
    <trkpt lat="45.49078327" lon="15.06073136">
        <ele>255.0</ele>
        <time>2022-08-16T16:39:08.025Z</time>
    </trkpt>
    <trkpt lat="45.49079002" lon="15.06071703">
        <ele>255.0</ele>
        <time>2022-08-16T16:39:09.025Z</time>
    </trkpt>
    <trkpt lat="45.49078998" lon="15.06069046">
        <ele>255.0</ele>
        <time>2022-08-16T16:39:11.025Z</time>
    </trkpt>
    <trkpt lat="45.49078231" lon="15.06063991">
        <ele>255.0</ele>
        <time>2022-08-16T16:39:14.025Z</time>
    </trkpt>
    <trkpt lat="45.49078859" lon="15.06060647">
        <ele>255.0</ele>
        <time>2022-08-16T16:39:16.025Z</time>
    </trkpt>
    <trkpt lat="45.49077485" lon="15.06053405">
        <ele>255.0</ele>
        <time>2022-08-16T16:39:21.025Z</time>
    </trkpt>
    <trkpt lat="45.49077556" lon="15.06051569">
        <ele>255.0</ele>
        <time>2022-08-16T16:39:23.025Z</time>
    </trkpt>
    <trkpt lat="45.49076957" lon="15.06051854">
        <ele>255.0</ele>
        <time>2022-08-16T16:39:24.025Z</time>
    </trkpt>
    <trkpt lat="45.49076609" lon="15.06050957">
        <ele>254.0</ele>
        <time>2022-08-16T16:39:25.025Z</time>
    </trkpt>
    <trkpt lat="45.49077996" lon="15.06048191">
        <ele>252.0</ele>
        <time>2022-08-16T16:39:28.025Z</time>
    </trkpt>
    <trkpt lat="45.49080058" lon="15.06046674">
        <ele>251.0</ele>
        <time>2022-08-16T16:39:30.025Z</time>
    </trkpt>
    <trkpt lat="45.49080536" lon="15.06045484">
        <ele>252.0</ele>
        <time>2022-08-16T16:39:31.025Z</time>
    </trkpt>
    <trkpt lat="45.4908163" lon="15.06044637">
        <ele>252.0</ele>
        <time>2022-08-16T16:39:32.025Z</time>
    </trkpt>
    <trkpt lat="45.49083205" lon="15.06037764">
        <ele>254.0</ele>
        <time>2022-08-16T16:39:37.025Z</time>
    </trkpt>
    <trkpt lat="45.4908419" lon="15.06035686">
        <ele>254.0</ele>
        <time>2022-08-16T16:39:39.025Z</time>
    </trkpt>
    <trkpt lat="45.49084827" lon="15.06035308">
        <ele>253.0</ele>
        <time>2022-08-16T16:39:40.025Z</time>
    </trkpt>
    <trkpt lat="45.49084785" lon="15.06033498">
        <ele>254.0</ele>
        <time>2022-08-16T16:39:42.025Z</time>
    </trkpt>
    <trkpt lat="45.490852" lon="15.06032618">
        <ele>254.0</ele>
        <time>2022-08-16T16:39:44.025Z</time>
    </trkpt>
    <trkpt lat="45.49084823" lon="15.06031226">
        <ele>254.0</ele>
        <time>2022-08-16T16:39:45.025Z</time>
    </trkpt>
    <trkpt lat="45.49085318" lon="15.06029558">
        <ele>255.0</ele>
        <time>2022-08-16T16:39:47.025Z</time>
    </trkpt>
    <trkpt lat="45.49084907" lon="15.06029332">
        <ele>255.0</ele>
        <time>2022-08-16T16:39:48.025Z</time>
    </trkpt>
    <trkpt lat="45.49084706" lon="15.06029718">
        <ele>255.0</ele>
        <time>2022-08-16T16:39:49.025Z</time>
    </trkpt>
    <trkpt lat="45.49085012" lon="15.06028502">
        <ele>255.0</ele>
        <time>2022-08-16T16:39:51.025Z</time>
    </trkpt>
    <trkpt lat="45.49086667" lon="15.06028041">
        <ele>256.0</ele>
        <time>2022-08-16T16:39:56.025Z</time>
    </trkpt>
    <trkpt lat="45.49087053" lon="15.06027371">
        <ele>256.0</ele>
        <time>2022-08-16T16:39:57.025Z</time>
    </trkpt>
    <trkpt lat="45.49088628" lon="15.06022015">
        <ele>256.0</ele>
        <time>2022-08-16T16:40:03.025Z</time>
    </trkpt>
    <trkpt lat="45.49088419" lon="15.06020967">
        <ele>256.0</ele>
        <time>2022-08-16T16:40:05.025Z</time>
    </trkpt>
    <trkpt lat="45.49088096" lon="15.06021235">
        <ele>256.0</ele>
        <time>2022-08-16T16:40:07.025Z</time>
    </trkpt>
    <trkpt lat="45.49088909" lon="15.06022434">
        <ele>256.0</ele>
        <time>2022-08-16T16:40:11.025Z</time>
    </trkpt>
    <trkpt lat="45.49089747" lon="15.0602271">
        <ele>255.0</ele>
        <time>2022-08-16T16:40:13.025Z</time>
    </trkpt>
    <trkpt lat="45.49090934" lon="15.06020975">
        <ele>255.0</ele>
        <time>2022-08-16T16:40:16.025Z</time>
    </trkpt>
    <trkpt lat="45.49090519" lon="15.06019433">
        <ele>256.0</ele>
        <time>2022-08-16T16:40:17.025Z</time>
    </trkpt>
    <trkpt lat="45.49091239" lon="15.06018268">
        <ele>256.0</ele>
        <time>2022-08-16T16:40:19.025Z</time>
    </trkpt>
    <trkpt lat="45.49090829" lon="15.06017857">
        <ele>257.0</ele>
        <time>2022-08-16T16:40:20.025Z</time>
    </trkpt>
    <trkpt lat="45.49091918" lon="15.06015334">
        <ele>258.0</ele>
        <time>2022-08-16T16:40:22.025Z</time>
    </trkpt>
    <trkpt lat="45.49093121" lon="15.06014597">
        <ele>260.0</ele>
        <time>2022-08-16T16:40:23.025Z</time>
    </trkpt>
    <trkpt lat="45.49095313" lon="15.06014479">
        <ele>260.0</ele>
        <time>2022-08-16T16:40:24.025Z</time>
    </trkpt>
    <trkpt lat="45.49098846" lon="15.06012635">
        <ele>263.0</ele>
        <time>2022-08-16T16:40:27.025Z</time>
    </trkpt>
    <trkpt lat="45.49101516" lon="15.06009819">
        <ele>266.0</ele>
        <time>2022-08-16T16:40:30.025Z</time>
    </trkpt>
    <trkpt lat="45.49102765" lon="15.06007497">
        <ele>268.0</ele>
        <time>2022-08-16T16:40:32.025Z</time>
    </trkpt>
    <trkpt lat="45.49104449" lon="15.0600246">
        <ele>272.0</ele>
        <time>2022-08-16T16:40:36.025Z</time>
    </trkpt>
    <trkpt lat="45.49107236" lon="15.059979">
        <ele>275.0</ele>
        <time>2022-08-16T16:40:40.025Z</time>
    </trkpt>
    <trkpt lat="45.49109114" lon="15.05993642">
        <ele>276.0</ele>
        <time>2022-08-16T16:40:42.025Z</time>
    </trkpt>
    <trkpt lat="45.49111423" lon="15.0598666">
        <ele>279.0</ele>
        <time>2022-08-16T16:40:46.025Z</time>
    </trkpt>
    <trkpt lat="45.49113992" lon="15.0598262">
        <ele>279.0</ele>
        <time>2022-08-16T16:40:49.025Z</time>
    </trkpt>
    <trkpt lat="45.4911613" lon="15.05980792">
        <ele>279.0</ele>
        <time>2022-08-16T16:40:51.025Z</time>
    </trkpt>
    <trkpt lat="45.4912017" lon="15.05975864">
        <ele>282.0</ele>
        <time>2022-08-16T16:40:57.025Z</time>
    </trkpt>
    <trkpt lat="45.49120836" lon="15.05973886">
        <ele>282.0</ele>
        <time>2022-08-16T16:40:59.025Z</time>
    </trkpt>
    <trkpt lat="45.49123212" lon="15.05972981">
        <ele>282.0</ele>
        <time>2022-08-16T16:41:02.025Z</time>
    </trkpt>
    <trkpt lat="45.49126418" lon="15.05970919">
        <ele>284.0</ele>
        <time>2022-08-16T16:41:07.025Z</time>
    </trkpt>
    <trkpt lat="45.49127252" lon="15.05971061">
        <ele>284.0</ele>
        <time>2022-08-16T16:41:08.025Z</time>
    </trkpt>
    <trkpt lat="45.49128225" lon="15.05969569">
        <ele>284.0</ele>
        <time>2022-08-16T16:41:10.025Z</time>
    </trkpt>
    <trkpt lat="45.49130613" lon="15.05967289">
        <ele>284.0</ele>
        <time>2022-08-16T16:41:13.025Z</time>
    </trkpt>
    <trkpt lat="45.49133191" lon="15.05966275">
        <ele>284.0</ele>
        <time>2022-08-16T16:41:18.025Z</time>
    </trkpt>
    <trkpt lat="45.49135039" lon="15.05964381">
        <ele>286.0</ele>
        <time>2022-08-16T16:41:22.025Z</time>
    </trkpt>
    <trkpt lat="45.49135584" lon="15.05964389">
        <ele>286.0</ele>
        <time>2022-08-16T16:41:23.025Z</time>
    </trkpt>
    <trkpt lat="45.49136087" lon="15.05963542">
        <ele>286.0</ele>
        <time>2022-08-16T16:41:24.025Z</time>
    </trkpt>
    <trkpt lat="45.49138731" lon="15.0596143">
        <ele>287.0</ele>
        <time>2022-08-16T16:41:28.025Z</time>
    </trkpt>
    <trkpt lat="45.49139465" lon="15.0595972">
        <ele>288.0</ele>
        <time>2022-08-16T16:41:30.025Z</time>
    </trkpt>
    <trkpt lat="45.49140575" lon="15.05958715">
        <ele>289.0</ele>
        <time>2022-08-16T16:41:33.025Z</time>
    </trkpt>
    <trkpt lat="45.49141292" lon="15.05957348">
        <ele>290.0</ele>
        <time>2022-08-16T16:41:35.025Z</time>
    </trkpt>
    <trkpt lat="45.49143149" lon="15.05955772">
        <ele>290.0</ele>
        <time>2022-08-16T16:41:38.025Z</time>
    </trkpt>
    <trkpt lat="45.49144272" lon="15.05953409">
        <ele>291.0</ele>
        <time>2022-08-16T16:41:40.025Z</time>
    </trkpt>
    <trkpt lat="45.49145709" lon="15.05952126">
        <ele>292.0</ele>
        <time>2022-08-16T16:41:43.025Z</time>
    </trkpt>
    <trkpt lat="45.49146807" lon="15.05950207">
        <ele>292.0</ele>
        <time>2022-08-16T16:41:46.025Z</time>
    </trkpt>
    <trkpt lat="45.49149058" lon="15.05949788">
        <ele>292.0</ele>
        <time>2022-08-16T16:41:50.025Z</time>
    </trkpt>
    <trkpt lat="45.49149951" lon="15.05950307">
        <ele>293.0</ele>
        <time>2022-08-16T16:41:52.025Z</time>
    </trkpt>
    <trkpt lat="45.49150994" lon="15.05956787">
        <ele>294.0</ele>
        <time>2022-08-16T16:42:00.025Z</time>
    </trkpt>
    <trkpt lat="45.49151996" lon="15.05958983">
        <ele>293.0</ele>
        <time>2022-08-16T16:42:03.025Z</time>
    </trkpt>
    <trkpt lat="45.49152855" lon="15.05958798">
        <ele>294.0</ele>
        <time>2022-08-16T16:42:16.025Z</time>
    </trkpt>
    <trkpt lat="45.49153299" lon="15.05960391">
        <ele>295.0</ele>
        <time>2022-08-16T16:42:19.025Z</time>
    </trkpt>
    <trkpt lat="45.491527" lon="15.05962713">
        <ele>294.0</ele>
        <time>2022-08-16T16:42:22.025Z</time>
    </trkpt>
    <trkpt lat="45.49153458" lon="15.0596304">
        <ele>294.0</ele>
        <time>2022-08-16T16:42:25.025Z</time>
    </trkpt>
    <trkpt lat="45.49153685" lon="15.0596376">
        <ele>294.0</ele>
        <time>2022-08-16T16:42:26.025Z</time>
    </trkpt>
    <trkpt lat="45.49152846" lon="15.0596656">
        <ele>294.0</ele>
        <time>2022-08-16T16:42:29.025Z</time>
    </trkpt>
    <trkpt lat="45.49152704" lon="15.05969376">
        <ele>294.0</ele>
        <time>2022-08-16T16:42:31.025Z</time>
    </trkpt>
    <trkpt lat="45.4915117" lon="15.05972721">
        <ele>294.0</ele>
        <time>2022-08-16T16:42:34.025Z</time>
    </trkpt>
    <trkpt lat="45.49150407" lon="15.05978211">
        <ele>294.0</ele>
        <time>2022-08-16T16:42:38.025Z</time>
    </trkpt>
    <trkpt lat="45.49150847" lon="15.05979435">
        <ele>293.0</ele>
        <time>2022-08-16T16:42:39.025Z</time>
    </trkpt>
    <trkpt lat="45.49152499" lon="15.05979854">
        <ele>293.0</ele>
        <time>2022-08-16T16:42:43.025Z</time>
    </trkpt>
    <trkpt lat="45.49153161" lon="15.05982821">
        <ele>293.0</ele>
        <time>2022-08-16T16:42:47.025Z</time>
    </trkpt>
    <trkpt lat="45.49151053" lon="15.05984816">
        <ele>293.0</ele>
        <time>2022-08-16T16:42:50.025Z</time>
    </trkpt>
    <trkpt lat="45.4915078" lon="15.0598935">
        <ele>293.0</ele>
        <time>2022-08-16T16:42:53.025Z</time>
    </trkpt>
    <trkpt lat="45.49150051" lon="15.05990641">
        <ele>293.0</ele>
        <time>2022-08-16T16:42:55.025Z</time>
    </trkpt>
    <trkpt lat="45.49151375" lon="15.05992074">
        <ele>293.0</ele>
        <time>2022-08-16T16:42:56.025Z</time>
    </trkpt>
    <trkpt lat="45.49151313" lon="15.05992594">
        <ele>293.0</ele>
        <time>2022-08-16T16:42:57.025Z</time>
    </trkpt>
    <trkpt lat="45.49151078" lon="15.05993449">
        <ele>293.0</ele>
        <time>2022-08-16T16:42:59.025Z</time>
    </trkpt>
    <trkpt lat="45.49150537" lon="15.05992527">
        <ele>293.0</ele>
        <time>2022-08-16T16:43:03.025Z</time>
    </trkpt>
    <trkpt lat="45.49150449" lon="15.05993198">
        <ele>293.0</ele>
        <time>2022-08-16T16:43:04.025Z</time>
    </trkpt>
    <trkpt lat="45.49150022" lon="15.05993223">
        <ele>293.0</ele>
        <time>2022-08-16T16:43:05.025Z</time>
    </trkpt>
    <trkpt lat="45.49150072" lon="15.05992712">
        <ele>293.0</ele>
        <time>2022-08-16T16:43:08.025Z</time>
    </trkpt>
    <trkpt lat="45.49149276" lon="15.05992804">
        <ele>293.0</ele>
        <time>2022-08-16T16:43:11.025Z</time>
    </trkpt>
    <trkpt lat="45.49148987" lon="15.0599381">
        <ele>293.0</ele>
        <time>2022-08-16T16:43:12.025Z</time>
    </trkpt>
    <trkpt lat="45.49149372" lon="15.05996165">
        <ele>293.0</ele>
        <time>2022-08-16T16:43:14.025Z</time>
    </trkpt>
    <trkpt lat="45.49148945" lon="15.0599873">
        <ele>293.0</ele>
        <time>2022-08-16T16:43:16.025Z</time>
    </trkpt>
    <trkpt lat="45.49149477" lon="15.06000767">
        <ele>293.0</ele>
        <time>2022-08-16T16:43:18.025Z</time>
    </trkpt>
    <trkpt lat="45.49151296" lon="15.06001613">
        <ele>293.0</ele>
        <time>2022-08-16T16:43:20.025Z</time>
    </trkpt>
    <trkpt lat="45.49151438" lon="15.06002611">
        <ele>293.0</ele>
        <time>2022-08-16T16:43:21.025Z</time>
    </trkpt>
    <trkpt lat="45.4915195" lon="15.0600308">
        <ele>293.0</ele>
        <time>2022-08-16T16:43:22.025Z</time>
    </trkpt>
    <trkpt lat="45.49153492" lon="15.06003482">
        <ele>293.0</ele>
        <time>2022-08-16T16:43:25.025Z</time>
    </trkpt>
    <trkpt lat="45.49153777" lon="15.06002476">
        <ele>293.0</ele>
        <time>2022-08-16T16:43:26.025Z</time>
    </trkpt>
    <trkpt lat="45.49155566" lon="15.06001077">
        <ele>293.0</ele>
        <time>2022-08-16T16:43:29.025Z</time>
    </trkpt>
    <trkpt lat="45.49156426" lon="15.05999484">
        <ele>293.0</ele>
        <time>2022-08-16T16:43:30.025Z</time>
    </trkpt>
    <trkpt lat="45.49159187" lon="15.05998529">
        <ele>293.0</ele>
        <time>2022-08-16T16:43:32.025Z</time>
    </trkpt>
    <trkpt lat="45.49160122" lon="15.05996249">
        <ele>293.0</ele>
        <time>2022-08-16T16:43:35.025Z</time>
    </trkpt>
    <trkpt lat="45.49160185" lon="15.05994773">
        <ele>293.0</ele>
        <time>2022-08-16T16:43:39.025Z</time>
    </trkpt>
    <trkpt lat="45.49159397" lon="15.05991069">
        <ele>293.0</ele>
        <time>2022-08-16T16:43:45.025Z</time>
    </trkpt>
    <trkpt lat="45.49160629" lon="15.0599101">
        <ele>293.0</ele>
        <time>2022-08-16T16:43:46.025Z</time>
    </trkpt>
    <trkpt lat="45.49161253" lon="15.0598925">
        <ele>293.0</ele>
        <time>2022-08-16T16:43:49.025Z</time>
    </trkpt>
    <trkpt lat="45.49163424" lon="15.05986987">
        <ele>293.0</ele>
        <time>2022-08-16T16:43:52.025Z</time>
    </trkpt>
    <trkpt lat="45.49164066" lon="15.05986827">
        <ele>293.0</ele>
        <time>2022-08-16T16:43:53.025Z</time>
    </trkpt>
    <trkpt lat="45.49165042" lon="15.05988143">
        <ele>293.0</ele>
        <time>2022-08-16T16:43:54.025Z</time>
    </trkpt>
    <trkpt lat="45.49166605" lon="15.05987892">
        <ele>293.0</ele>
        <time>2022-08-16T16:43:56.025Z</time>
    </trkpt>
    <trkpt lat="45.49167913" lon="15.05986148">
        <ele>293.0</ele>
        <time>2022-08-16T16:43:58.025Z</time>
    </trkpt>
    <trkpt lat="45.49169065" lon="15.05985361">
        <ele>293.0</ele>
        <time>2022-08-16T16:43:59.025Z</time>
    </trkpt>
    <trkpt lat="45.4916979" lon="15.05983391">
        <ele>293.0</ele>
        <time>2022-08-16T16:44:01.025Z</time>
    </trkpt>
    <trkpt lat="45.49169376" lon="15.05981865">
        <ele>293.0</ele>
        <time>2022-08-16T16:44:02.025Z</time>
    </trkpt>
    <trkpt lat="45.49170151" lon="15.05980365">
        <ele>293.0</ele>
        <time>2022-08-16T16:44:03.025Z</time>
    </trkpt>
    <trkpt lat="45.49170511" lon="15.05974766">
        <ele>293.0</ele>
        <time>2022-08-16T16:44:06.025Z</time>
    </trkpt>
    <trkpt lat="45.49172334" lon="15.05970692">
        <ele>293.0</ele>
        <time>2022-08-16T16:44:11.025Z</time>
    </trkpt>
    <trkpt lat="45.49173684" lon="15.05970575">
        <ele>293.0</ele>
        <time>2022-08-16T16:44:12.025Z</time>
    </trkpt>
    <trkpt lat="45.49174317" lon="15.05971262">
        <ele>293.0</ele>
        <time>2022-08-16T16:44:13.025Z</time>
    </trkpt>
    <trkpt lat="45.49175126" lon="15.05970625">
        <ele>293.0</ele>
        <time>2022-08-16T16:44:14.025Z</time>
    </trkpt>
    <trkpt lat="45.49176802" lon="15.05970902">
        <ele>293.0</ele>
        <time>2022-08-16T16:44:17.025Z</time>
    </trkpt>
    <trkpt lat="45.49177146" lon="15.0597029">
        <ele>293.0</ele>
        <time>2022-08-16T16:44:18.025Z</time>
    </trkpt>
    <trkpt lat="45.49178273" lon="15.05969821">
        <ele>293.0</ele>
        <time>2022-08-16T16:44:19.025Z</time>
    </trkpt>
    <trkpt lat="45.49178751" lon="15.05971522">
        <ele>293.0</ele>
        <time>2022-08-16T16:44:21.025Z</time>
    </trkpt>
    <trkpt lat="45.4918072" lon="15.05971421">
        <ele>293.0</ele>
        <time>2022-08-16T16:44:23.025Z</time>
    </trkpt>
    <trkpt lat="45.49181534" lon="15.05970525">
        <ele>293.0</ele>
        <time>2022-08-16T16:44:24.025Z</time>
    </trkpt>
    <trkpt lat="45.4918365" lon="15.05970717">
        <ele>293.0</ele>
        <time>2022-08-16T16:44:25.025Z</time>
    </trkpt>
    <trkpt lat="45.49185632" lon="15.05971614">
        <ele>293.0</ele>
        <time>2022-08-16T16:44:26.025Z</time>
    </trkpt>
    <trkpt lat="45.49189132" lon="15.05968831">
        <ele>293.0</ele>
        <time>2022-08-16T16:44:29.025Z</time>
    </trkpt>
    <trkpt lat="45.49191542" lon="15.05964171">
        <ele>293.0</ele>
        <time>2022-08-16T16:44:38.025Z</time>
    </trkpt>
    <trkpt lat="45.49193004" lon="15.05962763">
        <ele>293.0</ele>
        <time>2022-08-16T16:44:40.025Z</time>
    </trkpt>
    <trkpt lat="45.49194613" lon="15.05962042">
        <ele>293.0</ele>
        <time>2022-08-16T16:44:42.025Z</time>
    </trkpt>
    <trkpt lat="45.49195883" lon="15.05959578">
        <ele>293.0</ele>
        <time>2022-08-16T16:44:45.025Z</time>
    </trkpt>
    <trkpt lat="45.49197539" lon="15.05958673">
        <ele>293.0</ele>
        <time>2022-08-16T16:44:46.025Z</time>
    </trkpt>
    <trkpt lat="45.49197556" lon="15.0595708">
        <ele>293.0</ele>
        <time>2022-08-16T16:44:48.025Z</time>
    </trkpt>
    <trkpt lat="45.49198268" lon="15.05956393">
        <ele>293.0</ele>
        <time>2022-08-16T16:44:50.025Z</time>
    </trkpt>
    <trkpt lat="45.49197539" lon="15.05953568">
        <ele>293.0</ele>
        <time>2022-08-16T16:44:54.025Z</time>
    </trkpt>
    <trkpt lat="45.4919774" lon="15.05951179">
        <ele>293.0</ele>
        <time>2022-08-16T16:44:56.025Z</time>
    </trkpt>
    <trkpt lat="45.49197027" lon="15.05948128">
        <ele>293.0</ele>
        <time>2022-08-16T16:44:58.025Z</time>
    </trkpt>
    <trkpt lat="45.4919823" lon="15.05946393">
        <ele>293.0</ele>
        <time>2022-08-16T16:44:59.025Z</time>
    </trkpt>
    <trkpt lat="45.49199479" lon="15.05942848">
        <ele>293.0</ele>
        <time>2022-08-16T16:45:03.025Z</time>
    </trkpt>
    <trkpt lat="45.49200636" lon="15.05942227">
        <ele>293.0</ele>
        <time>2022-08-16T16:45:04.025Z</time>
    </trkpt>
    <trkpt lat="45.4920108" lon="15.05940945">
        <ele>293.0</ele>
        <time>2022-08-16T16:45:06.025Z</time>
    </trkpt>
    <trkpt lat="45.49202668" lon="15.05940216">
        <ele>294.0</ele>
        <time>2022-08-16T16:45:10.025Z</time>
    </trkpt>
    <trkpt lat="45.49202396" lon="15.05939269">
        <ele>293.0</ele>
        <time>2022-08-16T16:45:11.025Z</time>
    </trkpt>
    <trkpt lat="45.49203595" lon="15.05939847">
        <ele>293.0</ele>
        <time>2022-08-16T16:45:12.025Z</time>
    </trkpt>
    <trkpt lat="45.49204701" lon="15.05938682">
        <ele>293.0</ele>
        <time>2022-08-16T16:45:13.025Z</time>
    </trkpt>
    <trkpt lat="45.49205858" lon="15.05939746">
        <ele>293.0</ele>
        <time>2022-08-16T16:45:15.025Z</time>
    </trkpt>
    <trkpt lat="45.49206587" lon="15.0593916">
        <ele>293.0</ele>
        <time>2022-08-16T16:45:16.025Z</time>
    </trkpt>
    <trkpt lat="45.49208113" lon="15.0593916">
        <ele>293.0</ele>
        <time>2022-08-16T16:45:17.025Z</time>
    </trkpt>
    <trkpt lat="45.49208284" lon="15.05938388">
        <ele>293.0</ele>
        <time>2022-08-16T16:45:18.025Z</time>
    </trkpt>
    <trkpt lat="45.49209068" lon="15.05938053">
        <ele>293.0</ele>
        <time>2022-08-16T16:45:19.025Z</time>
    </trkpt>
    <trkpt lat="45.49209898" lon="15.05938464">
        <ele>292.0</ele>
        <time>2022-08-16T16:45:20.025Z</time>
    </trkpt>
    <trkpt lat="45.49210799" lon="15.05938162">
        <ele>292.0</ele>
        <time>2022-08-16T16:45:25.025Z</time>
    </trkpt>
    <trkpt lat="45.49211055" lon="15.05938497">
        <ele>292.0</ele>
        <time>2022-08-16T16:45:26.025Z</time>
    </trkpt>
    <trkpt lat="45.49211436" lon="15.05937777">
        <ele>292.0</ele>
        <time>2022-08-16T16:45:28.025Z</time>
    </trkpt>
    <trkpt lat="45.49209927" lon="15.05937106">
        <ele>292.0</ele>
        <time>2022-08-16T16:45:29.025Z</time>
    </trkpt>
    <trkpt lat="45.49209387" lon="15.05936167">
        <ele>292.0</ele>
        <time>2022-08-16T16:45:31.025Z</time>
    </trkpt>
    <trkpt lat="45.49209655" lon="15.05935312">
        <ele>292.0</ele>
        <time>2022-08-16T16:45:32.025Z</time>
    </trkpt>
    <trkpt lat="45.49210149" lon="15.05935119">
        <ele>292.0</ele>
        <time>2022-08-16T16:45:33.025Z</time>
    </trkpt>
    <trkpt lat="45.49210061" lon="15.05934156">
        <ele>292.0</ele>
        <time>2022-08-16T16:45:37.025Z</time>
    </trkpt>
    <trkpt lat="45.49211474" lon="15.05934348">
        <ele>292.0</ele>
        <time>2022-08-16T16:45:39.025Z</time>
    </trkpt>
    <trkpt lat="45.49213477" lon="15.05933695">
        <ele>291.0</ele>
        <time>2022-08-16T16:45:41.025Z</time>
    </trkpt>
    <trkpt lat="45.49215853" lon="15.05929998">
        <ele>291.0</ele>
        <time>2022-08-16T16:45:45.025Z</time>
    </trkpt>
    <trkpt lat="45.49216616" lon="15.05924818">
        <ele>292.0</ele>
        <time>2022-08-16T16:45:50.025Z</time>
    </trkpt>
    <trkpt lat="45.49215849" lon="15.05920325">
        <ele>291.0</ele>
        <time>2022-08-16T16:45:53.025Z</time>
    </trkpt>
    <trkpt lat="45.49216302" lon="15.05916922">
        <ele>291.0</ele>
        <time>2022-08-16T16:45:56.025Z</time>
    </trkpt>
    <trkpt lat="45.49218942" lon="15.05917023">
        <ele>291.0</ele>
        <time>2022-08-16T16:46:01.025Z</time>
    </trkpt>
    <trkpt lat="45.49219093" lon="15.05917551">
        <ele>291.0</ele>
        <time>2022-08-16T16:46:02.025Z</time>
    </trkpt>
    <trkpt lat="45.49220065" lon="15.05916554">
        <ele>291.0</ele>
        <time>2022-08-16T16:46:04.025Z</time>
    </trkpt>
    <trkpt lat="45.49220467" lon="15.05917434">
        <ele>291.0</ele>
        <time>2022-08-16T16:46:05.025Z</time>
    </trkpt>
    <trkpt lat="45.49222638" lon="15.05916352">
        <ele>291.0</ele>
        <time>2022-08-16T16:46:09.025Z</time>
    </trkpt>
    <trkpt lat="45.49223451" lon="15.05916545">
        <ele>291.0</ele>
        <time>2022-08-16T16:46:10.025Z</time>
    </trkpt>
    <trkpt lat="45.4922385" lon="15.05917216">
        <ele>291.0</ele>
        <time>2022-08-16T16:46:11.025Z</time>
    </trkpt>
    <trkpt lat="45.49224755" lon="15.05917082">
        <ele>291.0</ele>
        <time>2022-08-16T16:46:12.025Z</time>
    </trkpt>
    <trkpt lat="45.49226201" lon="15.05917819">
        <ele>291.0</ele>
        <time>2022-08-16T16:46:14.025Z</time>
    </trkpt>
    <trkpt lat="45.49227982" lon="15.05921046">
        <ele>290.0</ele>
        <time>2022-08-16T16:46:17.025Z</time>
    </trkpt>
    <trkpt lat="45.49227403" lon="15.05922765">
        <ele>290.0</ele>
        <time>2022-08-16T16:46:18.025Z</time>
    </trkpt>
    <trkpt lat="45.49227324" lon="15.05924743">
        <ele>290.0</ele>
        <time>2022-08-16T16:46:21.025Z</time>
    </trkpt>
    <trkpt lat="45.49227747" lon="15.05924131">
        <ele>290.0</ele>
        <time>2022-08-16T16:46:22.025Z</time>
    </trkpt>
    <trkpt lat="45.49228862" lon="15.05924349">
        <ele>290.0</ele>
        <time>2022-08-16T16:46:23.025Z</time>
    </trkpt>
    <trkpt lat="45.49230639" lon="15.05923326">
        <ele>290.0</ele>
        <time>2022-08-16T16:46:25.025Z</time>
    </trkpt>
    <trkpt lat="45.49234369" lon="15.0592398">
        <ele>290.0</ele>
        <time>2022-08-16T16:46:28.025Z</time>
    </trkpt>
    <trkpt lat="45.49236129" lon="15.05923527">
        <ele>290.0</ele>
        <time>2022-08-16T16:46:29.025Z</time>
    </trkpt>
    <trkpt lat="45.49236871" lon="15.0592372">
        <ele>290.0</ele>
        <time>2022-08-16T16:46:30.025Z</time>
    </trkpt>
    <trkpt lat="45.4923768" lon="15.05922991">
        <ele>291.0</ele>
        <time>2022-08-16T16:46:31.025Z</time>
    </trkpt>
    <trkpt lat="45.49242499" lon="15.05922396">
        <ele>291.0</ele>
        <time>2022-08-16T16:46:36.025Z</time>
    </trkpt>
    <trkpt lat="45.49241372" lon="15.05921147">
        <ele>291.0</ele>
        <time>2022-08-16T16:46:37.025Z</time>
    </trkpt>
    <trkpt lat="45.49241686" lon="15.059203">
        <ele>290.0</ele>
        <time>2022-08-16T16:46:38.025Z</time>
    </trkpt>
    <trkpt lat="45.49240592" lon="15.05918087">
        <ele>290.0</ele>
        <time>2022-08-16T16:46:39.025Z</time>
    </trkpt>
    <trkpt lat="45.49240844" lon="15.05916746">
        <ele>290.0</ele>
        <time>2022-08-16T16:46:41.025Z</time>
    </trkpt>
    <trkpt lat="45.49243153" lon="15.05916034">
        <ele>291.0</ele>
        <time>2022-08-16T16:46:43.025Z</time>
    </trkpt>
    <trkpt lat="45.4924286" lon="15.0591559">
        <ele>291.0</ele>
        <time>2022-08-16T16:46:44.025Z</time>
    </trkpt>
    <trkpt lat="45.49243719" lon="15.05915095">
        <ele>291.0</ele>
        <time>2022-08-16T16:46:45.025Z</time>
    </trkpt>
    <trkpt lat="45.49246552" lon="15.05916352">
        <ele>291.0</ele>
        <time>2022-08-16T16:46:47.025Z</time>
    </trkpt>
    <trkpt lat="45.49247214" lon="15.05916143">
        <ele>291.0</ele>
        <time>2022-08-16T16:46:48.025Z</time>
    </trkpt>
    <trkpt lat="45.49249754" lon="15.05916738">
        <ele>291.0</ele>
        <time>2022-08-16T16:46:51.025Z</time>
    </trkpt>
    <trkpt lat="45.49251162" lon="15.05917735">
        <ele>291.0</ele>
        <time>2022-08-16T16:46:52.025Z</time>
    </trkpt>
    <trkpt lat="45.49251862" lon="15.05917157">
        <ele>292.0</ele>
        <time>2022-08-16T16:46:53.025Z</time>
    </trkpt>
    <trkpt lat="45.49253756" lon="15.0591688">
        <ele>292.0</ele>
        <time>2022-08-16T16:46:55.025Z</time>
    </trkpt>
    <trkpt lat="45.49254988" lon="15.05917375">
        <ele>292.0</ele>
        <time>2022-08-16T16:46:56.025Z</time>
    </trkpt>
    <trkpt lat="45.49256723" lon="15.05916243">
        <ele>292.0</ele>
        <time>2022-08-16T16:46:57.025Z</time>
    </trkpt>
    <trkpt lat="45.49259808" lon="15.05911256">
        <ele>292.0</ele>
        <time>2022-08-16T16:47:01.025Z</time>
    </trkpt>
    <trkpt lat="45.49261589" lon="15.05910083">
        <ele>292.0</ele>
        <time>2022-08-16T16:47:03.025Z</time>
    </trkpt>
    <trkpt lat="45.49262763" lon="15.05913402">
        <ele>292.0</ele>
        <time>2022-08-16T16:47:05.025Z</time>
    </trkpt>
    <trkpt lat="45.49264129" lon="15.05913662">
        <ele>292.0</ele>
        <time>2022-08-16T16:47:07.025Z</time>
    </trkpt>
    <trkpt lat="45.49266082" lon="15.05916193">
        <ele>292.0</ele>
        <time>2022-08-16T16:47:10.025Z</time>
    </trkpt>
    <trkpt lat="45.49266073" lon="15.05915699">
        <ele>292.0</ele>
        <time>2022-08-16T16:47:11.025Z</time>
    </trkpt>
    <trkpt lat="45.49266245" lon="15.05916042">
        <ele>292.0</ele>
        <time>2022-08-16T16:47:12.025Z</time>
    </trkpt>
    <trkpt lat="45.49265654" lon="15.05915732">
        <ele>292.0</ele>
        <time>2022-08-16T16:47:13.025Z</time>
    </trkpt>
    <trkpt lat="45.49267603" lon="15.05915321">
        <ele>291.0</ele>
        <time>2022-08-16T16:47:17.025Z</time>
    </trkpt>
    <trkpt lat="45.49268513" lon="15.05911206">
        <ele>290.0</ele>
        <time>2022-08-16T16:47:19.025Z</time>
    </trkpt>
    <trkpt lat="45.49270113" lon="15.05909571">
        <ele>290.0</ele>
        <time>2022-08-16T16:47:21.025Z</time>
    </trkpt>
    <trkpt lat="45.49270298" lon="15.05908834">
        <ele>290.0</ele>
        <time>2022-08-16T16:47:22.025Z</time>
    </trkpt>
    <trkpt lat="45.49271128" lon="15.05909362">
        <ele>290.0</ele>
        <time>2022-08-16T16:47:24.025Z</time>
    </trkpt>
    <trkpt lat="45.49272217" lon="15.05909295">
        <ele>290.0</ele>
        <time>2022-08-16T16:47:25.025Z</time>
    </trkpt>
    <trkpt lat="45.49274216" lon="15.05908264">
        <ele>290.0</ele>
        <time>2022-08-16T16:47:27.025Z</time>
    </trkpt>
    <trkpt lat="45.49277762" lon="15.05909622">
        <ele>290.0</ele>
        <time>2022-08-16T16:47:33.025Z</time>
    </trkpt>
    <trkpt lat="45.49278156" lon="15.05910276">
        <ele>290.0</ele>
        <time>2022-08-16T16:47:35.025Z</time>
    </trkpt>
    <trkpt lat="45.49277766" lon="15.0591046">
        <ele>290.0</ele>
        <time>2022-08-16T16:47:36.025Z</time>
    </trkpt>
    <trkpt lat="45.49278692" lon="15.05910745">
        <ele>290.0</ele>
        <time>2022-08-16T16:47:37.025Z</time>
    </trkpt>
    <trkpt lat="45.49278768" lon="15.05909295">
        <ele>290.0</ele>
        <time>2022-08-16T16:47:39.025Z</time>
    </trkpt>
    <trkpt lat="45.49280549" lon="15.05906344">
        <ele>291.0</ele>
        <time>2022-08-16T16:47:43.025Z</time>
    </trkpt>
    <trkpt lat="45.49281722" lon="15.05905313">
        <ele>292.0</ele>
        <time>2022-08-16T16:47:45.025Z</time>
    </trkpt>
    <trkpt lat="45.49283152" lon="15.0590502">
        <ele>292.0</ele>
        <time>2022-08-16T16:47:46.025Z</time>
    </trkpt>
    <trkpt lat="45.49286488" lon="15.05900779">
        <ele>292.0</ele>
        <time>2022-08-16T16:47:50.025Z</time>
    </trkpt>
    <trkpt lat="45.49287891" lon="15.05900376">
        <ele>292.0</ele>
        <time>2022-08-16T16:47:51.025Z</time>
    </trkpt>
    <trkpt lat="45.49289019" lon="15.05900485">
        <ele>292.0</ele>
        <time>2022-08-16T16:47:53.025Z</time>
    </trkpt>
    <trkpt lat="45.49291227" lon="15.05901759">
        <ele>293.0</ele>
        <time>2022-08-16T16:47:55.025Z</time>
    </trkpt>
    <trkpt lat="45.49292246" lon="15.05902774">
        <ele>292.0</ele>
        <time>2022-08-16T16:47:56.025Z</time>
    </trkpt>
    <trkpt lat="45.49293486" lon="15.05905389">
        <ele>292.0</ele>
        <time>2022-08-16T16:47:59.025Z</time>
    </trkpt>
    <trkpt lat="45.49294593" lon="15.05905389">
        <ele>293.0</ele>
        <time>2022-08-16T16:48:01.025Z</time>
    </trkpt>
    <trkpt lat="45.49296475" lon="15.059087">
        <ele>292.0</ele>
        <time>2022-08-16T16:48:04.025Z</time>
    </trkpt>
    <trkpt lat="45.49298817" lon="15.05908582">
        <ele>293.0</ele>
        <time>2022-08-16T16:48:07.025Z</time>
    </trkpt>
    <trkpt lat="45.49299567" lon="15.05909345">
        <ele>293.0</ele>
        <time>2022-08-16T16:48:09.025Z</time>
    </trkpt>
    <trkpt lat="45.49300833" lon="15.05908666">
        <ele>293.0</ele>
        <time>2022-08-16T16:48:11.025Z</time>
    </trkpt>
    <trkpt lat="45.49301303" lon="15.05909353">
        <ele>293.0</ele>
        <time>2022-08-16T16:48:14.025Z</time>
    </trkpt>
    <trkpt lat="45.49301391" lon="15.0590818">
        <ele>293.0</ele>
        <time>2022-08-16T16:48:19.025Z</time>
    </trkpt>
    <trkpt lat="45.49302987" lon="15.05908105">
        <ele>293.0</ele>
        <time>2022-08-16T16:48:21.025Z</time>
    </trkpt>
    <trkpt lat="45.49302774" lon="15.05906831">
        <ele>292.0</ele>
        <time>2022-08-16T16:48:23.025Z</time>
    </trkpt>
    <trkpt lat="45.4930222" lon="15.05906529">
        <ele>292.0</ele>
        <time>2022-08-16T16:48:24.025Z</time>
    </trkpt>
    <trkpt lat="45.49301893" lon="15.05906898">
        <ele>292.0</ele>
        <time>2022-08-16T16:48:25.025Z</time>
    </trkpt>
    <trkpt lat="45.49302011" lon="15.05907308">
        <ele>292.0</ele>
        <time>2022-08-16T16:48:26.025Z</time>
    </trkpt>
    <trkpt lat="45.49303683" lon="15.05905875">
        <ele>293.0</ele>
        <time>2022-08-16T16:48:28.025Z</time>
    </trkpt>
    <trkpt lat="45.4930481" lon="15.0590673">
        <ele>292.0</ele>
        <time>2022-08-16T16:48:29.025Z</time>
    </trkpt>
    <trkpt lat="45.49305703" lon="15.05906437">
        <ele>292.0</ele>
        <time>2022-08-16T16:48:30.025Z</time>
    </trkpt>
    <trkpt lat="45.49308934" lon="15.05908608">
        <ele>292.0</ele>
        <time>2022-08-16T16:48:32.025Z</time>
    </trkpt>
    <trkpt lat="45.49310778" lon="15.05908649">
        <ele>292.0</ele>
        <time>2022-08-16T16:48:33.025Z</time>
    </trkpt>
    <trkpt lat="45.49312924" lon="15.05913008">
        <ele>292.0</ele>
        <time>2022-08-16T16:48:38.025Z</time>
    </trkpt>
    <trkpt lat="45.49313775" lon="15.0591683">
        <ele>292.0</ele>
        <time>2022-08-16T16:48:40.025Z</time>
    </trkpt>
    <trkpt lat="45.49315694" lon="15.0591802">
        <ele>292.0</ele>
        <time>2022-08-16T16:48:42.025Z</time>
    </trkpt>
    <trkpt lat="45.4931647" lon="15.05917895">
        <ele>292.0</ele>
        <time>2022-08-16T16:48:43.025Z</time>
    </trkpt>
    <trkpt lat="45.49315833" lon="15.0591709">
        <ele>292.0</ele>
        <time>2022-08-16T16:48:45.025Z</time>
    </trkpt>
    <trkpt lat="45.49316604" lon="15.05917291">
        <ele>291.0</ele>
        <time>2022-08-16T16:48:46.025Z</time>
    </trkpt>
    <trkpt lat="45.49316713" lon="15.05917769">
        <ele>291.0</ele>
        <time>2022-08-16T16:48:47.025Z</time>
    </trkpt>
    <trkpt lat="45.49318913" lon="15.05917677">
        <ele>291.0</ele>
        <time>2022-08-16T16:48:49.025Z</time>
    </trkpt>
    <trkpt lat="45.49319181" lon="15.05920191">
        <ele>291.0</ele>
        <time>2022-08-16T16:48:51.025Z</time>
    </trkpt>
    <trkpt lat="45.49320342" lon="15.05923167">
        <ele>291.0</ele>
        <time>2022-08-16T16:48:53.025Z</time>
    </trkpt>
    <trkpt lat="45.49320015" lon="15.05924491">
        <ele>291.0</ele>
        <time>2022-08-16T16:48:54.025Z</time>
    </trkpt>
    <trkpt lat="45.49320602" lon="15.05925111">
        <ele>291.0</ele>
        <time>2022-08-16T16:48:55.025Z</time>
    </trkpt>
    <trkpt lat="45.49319634" lon="15.05925095">
        <ele>291.0</ele>
        <time>2022-08-16T16:48:56.025Z</time>
    </trkpt>
    <trkpt lat="45.49320547" lon="15.05924935">
        <ele>291.0</ele>
        <time>2022-08-16T16:48:58.025Z</time>
    </trkpt>
    <trkpt lat="45.49322324" lon="15.05923402">
        <ele>291.0</ele>
        <time>2022-08-16T16:49:01.025Z</time>
    </trkpt>
    <trkpt lat="45.49324504" lon="15.05924122">
        <ele>291.0</ele>
        <time>2022-08-16T16:49:02.025Z</time>
    </trkpt>
    <trkpt lat="45.49325354" lon="15.05923762">
        <ele>291.0</ele>
        <time>2022-08-16T16:49:03.025Z</time>
    </trkpt>
    <trkpt lat="45.49326084" lon="15.05924156">
        <ele>291.0</ele>
        <time>2022-08-16T16:49:04.025Z</time>
    </trkpt>
    <trkpt lat="45.49325996" lon="15.05925396">
        <ele>290.0</ele>
        <time>2022-08-16T16:49:05.025Z</time>
    </trkpt>
    <trkpt lat="45.49326997" lon="15.05925313">
        <ele>290.0</ele>
        <time>2022-08-16T16:49:06.025Z</time>
    </trkpt>
    <trkpt lat="45.49327198" lon="15.05926101">
        <ele>290.0</ele>
        <time>2022-08-16T16:49:07.025Z</time>
    </trkpt>
    <trkpt lat="45.49327643" lon="15.05925153">
        <ele>290.0</ele>
        <time>2022-08-16T16:49:09.025Z</time>
    </trkpt>
    <trkpt lat="45.4932864" lon="15.05924516">
        <ele>290.0</ele>
        <time>2022-08-16T16:49:10.025Z</time>
    </trkpt>
    <trkpt lat="45.49328267" lon="15.05924198">
        <ele>290.0</ele>
        <time>2022-08-16T16:49:11.025Z</time>
    </trkpt>
    <trkpt lat="45.49331331" lon="15.05926553">
        <ele>290.0</ele>
        <time>2022-08-16T16:49:14.025Z</time>
    </trkpt>
    <trkpt lat="45.49333359" lon="15.0592683">
        <ele>290.0</ele>
        <time>2022-08-16T16:49:15.025Z</time>
    </trkpt>
    <trkpt lat="45.49334252" lon="15.05929294">
        <ele>290.0</ele>
        <time>2022-08-16T16:49:17.025Z</time>
    </trkpt>
    <trkpt lat="45.49335828" lon="15.05930669">
        <ele>290.0</ele>
        <time>2022-08-16T16:49:19.025Z</time>
    </trkpt>
    <trkpt lat="45.49340433" lon="15.05931423">
        <ele>290.0</ele>
        <time>2022-08-16T16:49:23.025Z</time>
    </trkpt>
    <trkpt lat="45.493426" lon="15.05932865">
        <ele>290.0</ele>
        <time>2022-08-16T16:49:27.025Z</time>
    </trkpt>
    <trkpt lat="45.49343162" lon="15.05932429">
        <ele>290.0</ele>
        <time>2022-08-16T16:49:28.025Z</time>
    </trkpt>
    <trkpt lat="45.49345299" lon="15.059361">
        <ele>290.0</ele>
        <time>2022-08-16T16:49:30.025Z</time>
    </trkpt>
    <trkpt lat="45.49344641" lon="15.05937173">
        <ele>290.0</ele>
        <time>2022-08-16T16:49:31.025Z</time>
    </trkpt>
    <trkpt lat="45.49345538" lon="15.05938715">
        <ele>290.0</ele>
        <time>2022-08-16T16:49:32.025Z</time>
    </trkpt>
    <trkpt lat="45.49349989" lon="15.05941758">
        <ele>290.0</ele>
        <time>2022-08-16T16:49:35.025Z</time>
    </trkpt>
    <trkpt lat="45.49352285" lon="15.05942202">
        <ele>290.0</ele>
        <time>2022-08-16T16:49:36.025Z</time>
    </trkpt>
    <trkpt lat="45.49354549" lon="15.05941766">
        <ele>290.0</ele>
        <time>2022-08-16T16:49:37.025Z</time>
    </trkpt>
    <trkpt lat="45.49358786" lon="15.05945572">
        <ele>290.0</ele>
        <time>2022-08-16T16:49:39.025Z</time>
    </trkpt>
    <trkpt lat="45.49360223" lon="15.05947726">
        <ele>290.0</ele>
        <time>2022-08-16T16:49:40.025Z</time>
    </trkpt>
    <trkpt lat="45.49365072" lon="15.05950458">
        <ele>291.0</ele>
        <time>2022-08-16T16:49:43.025Z</time>
    </trkpt>
    <trkpt lat="45.49365101" lon="15.0595097">
        <ele>291.0</ele>
        <time>2022-08-16T16:49:44.025Z</time>
    </trkpt>
    <trkpt lat="45.4936594" lon="15.05951095">
        <ele>291.0</ele>
        <time>2022-08-16T16:49:46.025Z</time>
    </trkpt>
    <trkpt lat="45.49365156" lon="15.05951699">
        <ele>291.0</ele>
        <time>2022-08-16T16:49:47.025Z</time>
    </trkpt>
    <trkpt lat="45.49365747" lon="15.05953124">
        <ele>291.0</ele>
        <time>2022-08-16T16:49:48.025Z</time>
    </trkpt>
    <trkpt lat="45.4936907" lon="15.05956829">
        <ele>291.0</ele>
        <time>2022-08-16T16:49:50.025Z</time>
    </trkpt>
    <trkpt lat="45.49371748" lon="15.05957717">
        <ele>291.0</ele>
        <time>2022-08-16T16:49:52.025Z</time>
    </trkpt>
    <trkpt lat="45.49374158" lon="15.05957114">
        <ele>291.0</ele>
        <time>2022-08-16T16:49:54.025Z</time>
    </trkpt>
    <trkpt lat="45.49374594" lon="15.05956275">
        <ele>291.0</ele>
        <time>2022-08-16T16:49:56.025Z</time>
    </trkpt>
    <trkpt lat="45.4937358" lon="15.0595584">
        <ele>291.0</ele>
        <time>2022-08-16T16:49:57.025Z</time>
    </trkpt>
    <trkpt lat="45.49373223" lon="15.05955102">
        <ele>291.0</ele>
        <time>2022-08-16T16:49:58.025Z</time>
    </trkpt>
    <trkpt lat="45.493742" lon="15.05954054">
        <ele>291.0</ele>
        <time>2022-08-16T16:50:01.025Z</time>
    </trkpt>
    <trkpt lat="45.49375843" lon="15.05954565">
        <ele>291.0</ele>
        <time>2022-08-16T16:50:02.025Z</time>
    </trkpt>
    <trkpt lat="45.49379342" lon="15.05954465">
        <ele>291.0</ele>
        <time>2022-08-16T16:50:05.025Z</time>
    </trkpt>
    <trkpt lat="45.49383508" lon="15.05957977">
        <ele>292.0</ele>
        <time>2022-08-16T16:50:15.025Z</time>
    </trkpt>
    <trkpt lat="45.49383948" lon="15.05959905">
        <ele>292.0</ele>
        <time>2022-08-16T16:50:16.025Z</time>
    </trkpt>
    <trkpt lat="45.49389229" lon="15.05963559">
        <ele>292.0</ele>
        <time>2022-08-16T16:50:19.025Z</time>
    </trkpt>
    <trkpt lat="45.49395758" lon="15.05963098">
        <ele>292.0</ele>
        <time>2022-08-16T16:50:22.025Z</time>
    </trkpt>
    <trkpt lat="45.49397896" lon="15.05963643">
        <ele>292.0</ele>
        <time>2022-08-16T16:50:23.025Z</time>
    </trkpt>
    <trkpt lat="45.49405242" lon="15.05963501">
        <ele>292.0</ele>
        <time>2022-08-16T16:50:25.025Z</time>
    </trkpt>
    <trkpt lat="45.49412287" lon="15.05966929">
        <ele>292.0</ele>
        <time>2022-08-16T16:50:29.025Z</time>
    </trkpt>
    <trkpt lat="45.49414861" lon="15.05967683">
        <ele>292.0</ele>
        <time>2022-08-16T16:50:30.025Z</time>
    </trkpt>
    <trkpt lat="45.49416168" lon="15.05967004">
        <ele>292.0</ele>
        <time>2022-08-16T16:50:31.025Z</time>
    </trkpt>
    <trkpt lat="45.49421818" lon="15.05969636">
        <ele>292.0</ele>
        <time>2022-08-16T16:50:34.025Z</time>
    </trkpt>
    <trkpt lat="45.49422404" lon="15.05970986">
        <ele>292.0</ele>
        <time>2022-08-16T16:50:36.025Z</time>
    </trkpt>
    <trkpt lat="45.49422769" lon="15.05970818">
        <ele>292.0</ele>
        <time>2022-08-16T16:50:37.025Z</time>
    </trkpt>
    <trkpt lat="45.49423791" lon="15.05967423">
        <ele>292.0</ele>
        <time>2022-08-16T16:50:40.025Z</time>
    </trkpt>
    <trkpt lat="45.4942173" lon="15.05965353">
        <ele>293.0</ele>
        <time>2022-08-16T16:50:42.025Z</time>
    </trkpt>
    <trkpt lat="45.49421147" lon="15.0596112">
        <ele>293.0</ele>
        <time>2022-08-16T16:50:46.025Z</time>
    </trkpt>
    <trkpt lat="45.49420669" lon="15.0596112">
        <ele>293.0</ele>
        <time>2022-08-16T16:50:47.025Z</time>
    </trkpt>
    <trkpt lat="45.49421017" lon="15.05961212">
        <ele>293.0</ele>
        <time>2022-08-16T16:50:48.025Z</time>
    </trkpt>
    <trkpt lat="45.49421164" lon="15.05960651">
        <ele>293.0</ele>
        <time>2022-08-16T16:50:49.025Z</time>
    </trkpt>
    <trkpt lat="45.49420946" lon="15.05957415">
        <ele>293.0</ele>
        <time>2022-08-16T16:50:52.025Z</time>
    </trkpt>
    <trkpt lat="45.49419982" lon="15.0595506">
        <ele>293.0</ele>
        <time>2022-08-16T16:50:54.025Z</time>
    </trkpt>
    <trkpt lat="45.49420409" lon="15.05953451">
        <ele>293.0</ele>
        <time>2022-08-16T16:50:55.025Z</time>
    </trkpt>
    <trkpt lat="45.49421139" lon="15.05953358">
        <ele>293.0</ele>
        <time>2022-08-16T16:50:56.025Z</time>
    </trkpt>
    <trkpt lat="45.49421172" lon="15.05946804">
        <ele>294.0</ele>
        <time>2022-08-16T16:51:03.025Z</time>
    </trkpt>
    <trkpt lat="45.49420753" lon="15.05946309">
        <ele>294.0</ele>
        <time>2022-08-16T16:51:05.025Z</time>
    </trkpt>
    <trkpt lat="45.49421868" lon="15.05946033">
        <ele>294.0</ele>
        <time>2022-08-16T16:51:06.025Z</time>
    </trkpt>
    <trkpt lat="45.49421524" lon="15.05945806">
        <ele>294.0</ele>
        <time>2022-08-16T16:51:07.025Z</time>
    </trkpt>
    <trkpt lat="45.49423284" lon="15.05942646">
        <ele>294.0</ele>
        <time>2022-08-16T16:51:20.025Z</time>
    </trkpt>
    <trkpt lat="45.49423226" lon="15.05939294">
        <ele>293.0</ele>
        <time>2022-08-16T16:51:22.025Z</time>
    </trkpt>
    <trkpt lat="45.49423967" lon="15.05934575">
        <ele>294.0</ele>
        <time>2022-08-16T16:51:26.025Z</time>
    </trkpt>
    <trkpt lat="45.49423771" lon="15.05933317">
        <ele>294.0</ele>
        <time>2022-08-16T16:51:27.025Z</time>
    </trkpt>
    <trkpt lat="45.49424064" lon="15.05933661">
        <ele>294.0</ele>
        <time>2022-08-16T16:51:28.025Z</time>
    </trkpt>
    <trkpt lat="45.4942354" lon="15.05933661">
        <ele>294.0</ele>
        <time>2022-08-16T16:51:29.025Z</time>
    </trkpt>
    <trkpt lat="45.49423963" lon="15.05929437">
        <ele>294.0</ele>
        <time>2022-08-16T16:51:32.025Z</time>
    </trkpt>
    <trkpt lat="45.49423062" lon="15.05927148">
        <ele>294.0</ele>
        <time>2022-08-16T16:51:34.025Z</time>
    </trkpt>
    <trkpt lat="45.49423221" lon="15.05925824">
        <ele>294.0</ele>
        <time>2022-08-16T16:51:35.025Z</time>
    </trkpt>
    <trkpt lat="45.49422492" lon="15.05923854">
        <ele>294.0</ele>
        <time>2022-08-16T16:51:36.025Z</time>
    </trkpt>
    <trkpt lat="45.49421713" lon="15.05922823">
        <ele>294.0</ele>
        <time>2022-08-16T16:51:37.025Z</time>
    </trkpt>
    <trkpt lat="45.49419881" lon="15.05921951">
        <ele>294.0</ele>
        <time>2022-08-16T16:51:38.025Z</time>
    </trkpt>
    <trkpt lat="45.49419412" lon="15.05918406">
        <ele>294.0</ele>
        <time>2022-08-16T16:51:40.025Z</time>
    </trkpt>
    <trkpt lat="45.4942095" lon="15.05916721">
        <ele>294.0</ele>
        <time>2022-08-16T16:51:41.025Z</time>
    </trkpt>
    <trkpt lat="45.49421319" lon="15.05915472">
        <ele>294.0</ele>
        <time>2022-08-16T16:51:42.025Z</time>
    </trkpt>
    <trkpt lat="45.49421076" lon="15.05915095">
        <ele>294.0</ele>
        <time>2022-08-16T16:51:43.025Z</time>
    </trkpt>
    <trkpt lat="45.49421788" lon="15.05913813">
        <ele>294.0</ele>
        <time>2022-08-16T16:51:45.025Z</time>
    </trkpt>
    <trkpt lat="45.49427014" lon="15.05911298">
        <ele>295.0</ele>
        <time>2022-08-16T16:51:54.025Z</time>
    </trkpt>
    <trkpt lat="45.49428397" lon="15.05909781">
        <ele>295.0</ele>
        <time>2022-08-16T16:51:56.025Z</time>
    </trkpt>
    <trkpt lat="45.49428921" lon="15.05907434">
        <ele>295.0</ele>
        <time>2022-08-16T16:51:58.025Z</time>
    </trkpt>
    <trkpt lat="45.49428682" lon="15.05906772">
        <ele>295.0</ele>
        <time>2022-08-16T16:51:59.025Z</time>
    </trkpt>
    <trkpt lat="45.49429889" lon="15.05905163">
        <ele>296.0</ele>
        <time>2022-08-16T16:52:01.025Z</time>
    </trkpt>
    <trkpt lat="45.49429935" lon="15.05903888">
        <ele>296.0</ele>
        <time>2022-08-16T16:52:02.025Z</time>
    </trkpt>
    <trkpt lat="45.49430606" lon="15.05902539">
        <ele>296.0</ele>
        <time>2022-08-16T16:52:04.025Z</time>
    </trkpt>
    <trkpt lat="45.4943294" lon="15.05901575">
        <ele>296.0</ele>
        <time>2022-08-16T16:52:08.025Z</time>
    </trkpt>
    <trkpt lat="45.49433577" lon="15.05901718">
        <ele>296.0</ele>
        <time>2022-08-16T16:52:09.025Z</time>
    </trkpt>
    <trkpt lat="45.49437115" lon="15.05903612">
        <ele>296.0</ele>
        <time>2022-08-16T16:52:12.025Z</time>
    </trkpt>
    <trkpt lat="45.49437286" lon="15.05904685">
        <ele>296.0</ele>
        <time>2022-08-16T16:52:13.025Z</time>
    </trkpt>
    <trkpt lat="45.49437337" lon="15.05904023">
        <ele>297.0</ele>
        <time>2022-08-16T16:52:14.025Z</time>
    </trkpt>
    <trkpt lat="45.49438217" lon="15.05904978">
        <ele>297.0</ele>
        <time>2022-08-16T16:52:16.025Z</time>
    </trkpt>
    <trkpt lat="45.49436444" lon="15.05900075">
        <ele>300.0</ele>
        <time>2022-08-16T16:52:17.025Z</time>
    </trkpt>
    <trkpt lat="45.49438217" lon="15.05901567">
        <ele>303.0</ele>
        <time>2022-08-16T16:52:18.025Z</time>
    </trkpt>
    <trkpt lat="45.49442768" lon="15.05903771">
        <ele>305.0</ele>
        <time>2022-08-16T16:52:19.025Z</time>
    </trkpt>
    <trkpt lat="45.49444147" lon="15.05903679">
        <ele>306.0</ele>
        <time>2022-08-16T16:52:20.025Z</time>
    </trkpt>
    <trkpt lat="45.49445023" lon="15.05902304">
        <ele>311.0</ele>
        <time>2022-08-16T16:52:21.025Z</time>
    </trkpt>
    <trkpt lat="45.49443954" lon="15.05899731">
        <ele>314.0</ele>
        <time>2022-08-16T16:52:22.025Z</time>
    </trkpt>
    <trkpt lat="45.49442864" lon="15.05898532">
        <ele>319.0</ele>
        <time>2022-08-16T16:52:25.025Z</time>
    </trkpt>
    <trkpt lat="45.4944509" lon="15.05898708">
        <ele>325.0</ele>
        <time>2022-08-16T16:52:37.025Z</time>
    </trkpt>
    <trkpt lat="45.49444403" lon="15.05896219">
        <ele>327.0</ele>
        <time>2022-08-16T16:52:39.025Z</time>
    </trkpt>
    <trkpt lat="45.49444541" lon="15.05894962">
        <ele>328.0</ele>
        <time>2022-08-16T16:52:40.025Z</time>
    </trkpt>
    <trkpt lat="45.49445132" lon="15.05895289">
        <ele>328.0</ele>
        <time>2022-08-16T16:52:41.025Z</time>
    </trkpt>
    <trkpt lat="45.49445216" lon="15.0589497">
        <ele>328.0</ele>
        <time>2022-08-16T16:52:43.025Z</time>
    </trkpt>
    <trkpt lat="45.49446004" lon="15.05895875">
        <ele>328.0</ele>
        <time>2022-08-16T16:52:48.025Z</time>
    </trkpt>
    <trkpt lat="45.49446666" lon="15.0589777">
        <ele>328.0</ele>
        <time>2022-08-16T16:53:16.025Z</time>
    </trkpt>
    <trkpt lat="45.49446745" lon="15.05897091">
        <ele>327.0</ele>
        <time>2022-08-16T16:53:24.025Z</time>
    </trkpt>
    <trkpt lat="45.4944618" lon="15.05896772">
        <ele>328.0</ele>
        <time>2022-08-16T16:53:32.025Z</time>
    </trkpt>
    <trkpt lat="45.49448866" lon="15.05899362">
        <ele>328.0</ele>
        <time>2022-08-16T16:53:39.025Z</time>
    </trkpt>
    <trkpt lat="45.49451158" lon="15.05900192">
        <ele>328.0</ele>
        <time>2022-08-16T16:53:42.025Z</time>
    </trkpt>
    <trkpt lat="45.49453581" lon="15.058986">
        <ele>328.0</ele>
        <time>2022-08-16T16:53:46.025Z</time>
    </trkpt>
    <trkpt lat="45.49453941" lon="15.05897937">
        <ele>328.0</ele>
        <time>2022-08-16T16:53:47.025Z</time>
    </trkpt>
    <trkpt lat="45.49456066" lon="15.05897485">
        <ele>328.0</ele>
        <time>2022-08-16T16:53:50.025Z</time>
    </trkpt>
    <trkpt lat="45.4945646" lon="15.05896613">
        <ele>328.0</ele>
        <time>2022-08-16T16:53:51.025Z</time>
    </trkpt>
    <trkpt lat="45.49458191" lon="15.05895347">
        <ele>328.0</ele>
        <time>2022-08-16T16:53:54.025Z</time>
    </trkpt>
    <trkpt lat="45.49460881" lon="15.05894442">
        <ele>327.0</ele>
        <time>2022-08-16T16:53:58.025Z</time>
    </trkpt>
    <trkpt lat="45.49468978" lon="15.05887259">
        <ele>328.0</ele>
        <time>2022-08-16T16:54:08.025Z</time>
    </trkpt>
    <trkpt lat="45.49471074" lon="15.05884032">
        <ele>328.0</ele>
        <time>2022-08-16T16:54:11.025Z</time>
    </trkpt>
    <trkpt lat="45.49476312" lon="15.05881878">
        <ele>328.0</ele>
        <time>2022-08-16T16:54:18.025Z</time>
    </trkpt>
    <trkpt lat="45.49478877" lon="15.05879112">
        <ele>328.0</ele>
        <time>2022-08-16T16:54:21.025Z</time>
    </trkpt>
    <trkpt lat="45.49481103" lon="15.05877921">
        <ele>328.0</ele>
        <time>2022-08-16T16:54:24.025Z</time>
    </trkpt>
    <trkpt lat="45.49483848" lon="15.05875574">
        <ele>328.0</ele>
        <time>2022-08-16T16:54:27.025Z</time>
    </trkpt>
    <trkpt lat="45.49485885" lon="15.05872968">
        <ele>328.0</ele>
        <time>2022-08-16T16:54:30.025Z</time>
    </trkpt>
    <trkpt lat="45.49486807" lon="15.05872339">
        <ele>328.0</ele>
        <time>2022-08-16T16:54:31.025Z</time>
    </trkpt>
    <trkpt lat="45.49488353" lon="15.05872683">
        <ele>328.0</ele>
        <time>2022-08-16T16:54:32.025Z</time>
    </trkpt>
    <trkpt lat="45.4949096" lon="15.05872079">
        <ele>328.0</ele>
        <time>2022-08-16T16:54:34.025Z</time>
    </trkpt>
    <trkpt lat="45.49493785" lon="15.05868651">
        <ele>328.0</ele>
        <time>2022-08-16T16:54:38.025Z</time>
    </trkpt>
    <trkpt lat="45.49495033" lon="15.05866354">
        <ele>328.0</ele>
        <time>2022-08-16T16:54:40.025Z</time>
    </trkpt>
    <trkpt lat="45.49497544" lon="15.05863655">
        <ele>328.0</ele>
        <time>2022-08-16T16:54:43.025Z</time>
    </trkpt>
    <trkpt lat="45.49498164" lon="15.05864209">
        <ele>328.0</ele>
        <time>2022-08-16T16:54:44.025Z</time>
    </trkpt>
    <trkpt lat="45.49498701" lon="15.05863965">
        <ele>328.0</ele>
        <time>2022-08-16T16:54:45.025Z</time>
    </trkpt>
    <trkpt lat="45.4949966" lon="15.05864259">
        <ele>328.0</ele>
        <time>2022-08-16T16:54:46.025Z</time>
    </trkpt>
    <trkpt lat="45.49501127" lon="15.05862256">
        <ele>329.0</ele>
        <time>2022-08-16T16:54:48.025Z</time>
    </trkpt>
    <trkpt lat="45.4950158" lon="15.05860487">
        <ele>328.0</ele>
        <time>2022-08-16T16:54:49.025Z</time>
    </trkpt>
    <trkpt lat="45.49503537" lon="15.05858878">
        <ele>328.0</ele>
        <time>2022-08-16T16:54:51.025Z</time>
    </trkpt>
    <trkpt lat="45.49504316" lon="15.05857293">
        <ele>328.0</ele>
        <time>2022-08-16T16:54:52.025Z</time>
    </trkpt>
    <trkpt lat="45.4950777" lon="15.05855676">
        <ele>328.0</ele>
        <time>2022-08-16T16:54:55.025Z</time>
    </trkpt>
    <trkpt lat="45.49509794" lon="15.05853631">
        <ele>328.0</ele>
        <time>2022-08-16T16:54:57.025Z</time>
    </trkpt>
    <trkpt lat="45.49510406" lon="15.0585239">
        <ele>328.0</ele>
        <time>2022-08-16T16:54:58.025Z</time>
    </trkpt>
    <trkpt lat="45.49511705" lon="15.05852105">
        <ele>328.0</ele>
        <time>2022-08-16T16:54:59.025Z</time>
    </trkpt>
    <trkpt lat="45.49513964" lon="15.0585037">
        <ele>328.0</ele>
        <time>2022-08-16T16:55:01.025Z</time>
    </trkpt>
    <trkpt lat="45.49515389" lon="15.05850529">
        <ele>328.0</ele>
        <time>2022-08-16T16:55:02.025Z</time>
    </trkpt>
    <trkpt lat="45.49516516" lon="15.0585001">
        <ele>328.0</ele>
        <time>2022-08-16T16:55:03.025Z</time>
    </trkpt>
    <trkpt lat="45.49517388" lon="15.05849306">
        <ele>328.0</ele>
        <time>2022-08-16T16:55:04.025Z</time>
    </trkpt>
    <trkpt lat="45.49518566" lon="15.05847009">
        <ele>328.0</ele>
        <time>2022-08-16T16:55:06.025Z</time>
    </trkpt>
    <trkpt lat="45.4951994" lon="15.05846129">
        <ele>328.0</ele>
        <time>2022-08-16T16:55:07.025Z</time>
    </trkpt>
    <trkpt lat="45.49524647" lon="15.05841359">
        <ele>329.0</ele>
        <time>2022-08-16T16:55:12.025Z</time>
    </trkpt>
    <trkpt lat="45.49526646" lon="15.05840672">
        <ele>329.0</ele>
        <time>2022-08-16T16:55:14.025Z</time>
    </trkpt>
    <trkpt lat="45.49529056" lon="15.0584089">
        <ele>329.0</ele>
        <time>2022-08-16T16:55:16.025Z</time>
    </trkpt>
    <trkpt lat="45.49533695" lon="15.05840111">
        <ele>329.0</ele>
        <time>2022-08-16T16:55:20.025Z</time>
    </trkpt>
    <trkpt lat="45.49534692" lon="15.0583939">
        <ele>329.0</ele>
        <time>2022-08-16T16:55:21.025Z</time>
    </trkpt>
    <trkpt lat="45.49538594" lon="15.05839482">
        <ele>329.0</ele>
        <time>2022-08-16T16:55:24.025Z</time>
    </trkpt>
    <trkpt lat="45.49541419" lon="15.05838191">
        <ele>329.0</ele>
        <time>2022-08-16T16:55:27.025Z</time>
    </trkpt>
    <trkpt lat="45.49543414" lon="15.0583835">
        <ele>329.0</ele>
        <time>2022-08-16T16:55:29.025Z</time>
    </trkpt>
    <trkpt lat="45.49545509" lon="15.05837412">
        <ele>329.0</ele>
        <time>2022-08-16T16:55:31.025Z</time>
    </trkpt>
    <trkpt lat="45.49546339" lon="15.05837697">
        <ele>329.0</ele>
        <time>2022-08-16T16:55:32.025Z</time>
    </trkpt>
    <trkpt lat="45.49548208" lon="15.05836196">
        <ele>329.0</ele>
        <time>2022-08-16T16:55:34.025Z</time>
    </trkpt>
    <trkpt lat="45.49550082" lon="15.05836037">
        <ele>329.0</ele>
        <time>2022-08-16T16:55:36.025Z</time>
    </trkpt>
    <trkpt lat="45.49551284" lon="15.05835257">
        <ele>328.0</ele>
        <time>2022-08-16T16:55:37.025Z</time>
    </trkpt>
    <trkpt lat="45.49554025" lon="15.05834495">
        <ele>329.0</ele>
        <time>2022-08-16T16:55:40.025Z</time>
    </trkpt>
    <trkpt lat="45.49556934" lon="15.05832693">
        <ele>328.0</ele>
        <time>2022-08-16T16:55:43.025Z</time>
    </trkpt>
    <trkpt lat="45.49557768" lon="15.05831628">
        <ele>328.0</ele>
        <time>2022-08-16T16:55:44.025Z</time>
    </trkpt>
    <trkpt lat="45.49559976" lon="15.05830714">
        <ele>328.0</ele>
        <time>2022-08-16T16:55:46.025Z</time>
    </trkpt>
    <trkpt lat="45.49561732" lon="15.05830228">
        <ele>328.0</ele>
        <time>2022-08-16T16:55:48.025Z</time>
    </trkpt>
    <trkpt lat="45.49563635" lon="15.05830924">
        <ele>328.0</ele>
        <time>2022-08-16T16:55:50.025Z</time>
    </trkpt>
    <trkpt lat="45.49567793" lon="15.05827907">
        <ele>328.0</ele>
        <time>2022-08-16T16:55:55.025Z</time>
    </trkpt>
    <trkpt lat="45.49571875" lon="15.0582877">
        <ele>328.0</ele>
        <time>2022-08-16T16:55:58.025Z</time>
    </trkpt>
    <trkpt lat="45.49572637" lon="15.05828083">
        <ele>328.0</ele>
        <time>2022-08-16T16:55:59.025Z</time>
    </trkpt>
    <trkpt lat="45.49573798" lon="15.05825811">
        <ele>328.0</ele>
        <time>2022-08-16T16:56:01.025Z</time>
    </trkpt>
    <trkpt lat="45.49576418" lon="15.05825241">
        <ele>328.0</ele>
        <time>2022-08-16T16:56:04.025Z</time>
    </trkpt>
    <trkpt lat="45.4957791" lon="15.05825593">
        <ele>328.0</ele>
        <time>2022-08-16T16:56:05.025Z</time>
    </trkpt>
    <trkpt lat="45.49579033" lon="15.05825342">
        <ele>327.0</ele>
        <time>2022-08-16T16:56:07.025Z</time>
    </trkpt>
    <trkpt lat="45.49579661" lon="15.05825878">
        <ele>327.0</ele>
        <time>2022-08-16T16:56:08.025Z</time>
    </trkpt>
    <trkpt lat="45.49581535" lon="15.05826255">
        <ele>327.0</ele>
        <time>2022-08-16T16:56:10.025Z</time>
    </trkpt>
    <trkpt lat="45.49582859" lon="15.05825618">
        <ele>328.0</ele>
        <time>2022-08-16T16:56:12.025Z</time>
    </trkpt>
    <trkpt lat="45.49583379" lon="15.05824453">
        <ele>328.0</ele>
        <time>2022-08-16T16:56:13.025Z</time>
    </trkpt>
    <trkpt lat="45.49585885" lon="15.05822752">
        <ele>327.0</ele>
        <time>2022-08-16T16:56:16.025Z</time>
    </trkpt>
    <trkpt lat="45.49587855" lon="15.0582338">
        <ele>327.0</ele>
        <time>2022-08-16T16:56:17.025Z</time>
    </trkpt>
    <trkpt lat="45.49591375" lon="15.05822576">
        <ele>327.0</ele>
        <time>2022-08-16T16:56:21.025Z</time>
    </trkpt>
    <trkpt lat="45.49597167" lon="15.05822852">
        <ele>327.0</ele>
        <time>2022-08-16T16:56:26.025Z</time>
    </trkpt>
    <trkpt lat="45.49599853" lon="15.05821503">
        <ele>327.0</ele>
        <time>2022-08-16T16:56:28.025Z</time>
    </trkpt>
    <trkpt lat="45.49602804" lon="15.05821109">
        <ele>327.0</ele>
        <time>2022-08-16T16:56:30.025Z</time>
    </trkpt>
    <trkpt lat="45.49605193" lon="15.05818401">
        <ele>327.0</ele>
        <time>2022-08-16T16:56:35.025Z</time>
    </trkpt>
    <trkpt lat="45.4960689" lon="15.05818712">
        <ele>327.0</ele>
        <time>2022-08-16T16:56:37.025Z</time>
    </trkpt>
    <trkpt lat="45.49609866" lon="15.05817253">
        <ele>327.0</ele>
        <time>2022-08-16T16:56:40.025Z</time>
    </trkpt>
    <trkpt lat="45.49611119" lon="15.05817387">
        <ele>326.0</ele>
        <time>2022-08-16T16:56:41.025Z</time>
    </trkpt>
    <trkpt lat="45.49617355" lon="15.05814169">
        <ele>326.0</ele>
        <time>2022-08-16T16:56:47.025Z</time>
    </trkpt>
    <trkpt lat="45.49619853" lon="15.05814068">
        <ele>326.0</ele>
        <time>2022-08-16T16:56:49.025Z</time>
    </trkpt>
    <trkpt lat="45.49624827" lon="15.0581608">
        <ele>325.0</ele>
        <time>2022-08-16T16:56:52.025Z</time>
    </trkpt>
    <trkpt lat="45.49625712" lon="15.05815644">
        <ele>325.0</ele>
        <time>2022-08-16T16:56:53.025Z</time>
    </trkpt>
    <trkpt lat="45.49627019" lon="15.05815711">
        <ele>325.0</ele>
        <time>2022-08-16T16:56:54.025Z</time>
    </trkpt>
    <trkpt lat="45.49629458" lon="15.05814118">
        <ele>325.0</ele>
        <time>2022-08-16T16:56:57.025Z</time>
    </trkpt>
    <trkpt lat="45.49633113" lon="15.05808469">
        <ele>326.0</ele>
        <time>2022-08-16T16:57:04.025Z</time>
    </trkpt>
    <trkpt lat="45.4963473" lon="15.05807966">
        <ele>326.0</ele>
        <time>2022-08-16T16:57:05.025Z</time>
    </trkpt>
    <trkpt lat="45.49636784" lon="15.05804244">
        <ele>326.0</ele>
        <time>2022-08-16T16:57:07.025Z</time>
    </trkpt>
    <trkpt lat="45.49638381" lon="15.05799886">
        <ele>326.0</ele>
        <time>2022-08-16T16:57:09.025Z</time>
    </trkpt>
    <trkpt lat="45.49640325" lon="15.0579893">
        <ele>326.0</ele>
        <time>2022-08-16T16:57:10.025Z</time>
    </trkpt>
    <trkpt lat="45.49641172" lon="15.05797371">
        <ele>326.0</ele>
        <time>2022-08-16T16:57:11.025Z</time>
    </trkpt>
    <trkpt lat="45.49647471" lon="15.05795745">
        <ele>326.0</ele>
        <time>2022-08-16T16:57:16.025Z</time>
    </trkpt>
    <trkpt lat="45.49650006" lon="15.0579655">
        <ele>326.0</ele>
        <time>2022-08-16T16:57:18.025Z</time>
    </trkpt>
    <trkpt lat="45.49651058" lon="15.05796273">
        <ele>326.0</ele>
        <time>2022-08-16T16:57:20.025Z</time>
    </trkpt>
    <trkpt lat="45.49652282" lon="15.05796642">
        <ele>326.0</ele>
        <time>2022-08-16T16:57:21.025Z</time>
    </trkpt>
    <trkpt lat="45.49655434" lon="15.05794865">
        <ele>326.0</ele>
        <time>2022-08-16T16:57:25.025Z</time>
    </trkpt>
    <trkpt lat="45.49657454" lon="15.05792283">
        <ele>326.0</ele>
        <time>2022-08-16T16:57:28.025Z</time>
    </trkpt>
    <trkpt lat="45.49658841" lon="15.0579147">
        <ele>326.0</ele>
        <time>2022-08-16T16:57:30.025Z</time>
    </trkpt>
    <trkpt lat="45.49660631" lon="15.05789492">
        <ele>326.0</ele>
        <time>2022-08-16T16:57:32.025Z</time>
    </trkpt>
    <trkpt lat="45.49665467" lon="15.05789408">
        <ele>326.0</ele>
        <time>2022-08-16T16:57:35.025Z</time>
    </trkpt>
    <trkpt lat="45.49667336" lon="15.05790205">
        <ele>326.0</ele>
        <time>2022-08-16T16:57:36.025Z</time>
    </trkpt>
    <trkpt lat="45.49671783" lon="15.0578961">
        <ele>326.0</ele>
        <time>2022-08-16T16:57:39.025Z</time>
    </trkpt>
    <trkpt lat="45.49672927" lon="15.05789878">
        <ele>325.0</ele>
        <time>2022-08-16T16:57:40.025Z</time>
    </trkpt>
    <trkpt lat="45.49674855" lon="15.05789065">
        <ele>325.0</ele>
        <time>2022-08-16T16:57:42.025Z</time>
    </trkpt>
    <trkpt lat="45.49675907" lon="15.05787916">
        <ele>325.0</ele>
        <time>2022-08-16T16:57:43.025Z</time>
    </trkpt>
    <trkpt lat="45.49677864" lon="15.05786994">
        <ele>325.0</ele>
        <time>2022-08-16T16:57:45.025Z</time>
    </trkpt>
    <trkpt lat="45.49678258" lon="15.05786341">
        <ele>325.0</ele>
        <time>2022-08-16T16:57:46.025Z</time>
    </trkpt>
    <trkpt lat="45.49683848" lon="15.05786684">
        <ele>325.0</ele>
        <time>2022-08-16T16:57:51.025Z</time>
    </trkpt>
    <trkpt lat="45.49684875" lon="15.05785561">
        <ele>326.0</ele>
        <time>2022-08-16T16:57:52.025Z</time>
    </trkpt>
    <trkpt lat="45.4968757" lon="15.0578453">
        <ele>325.0</ele>
        <time>2022-08-16T16:57:54.025Z</time>
    </trkpt>
    <trkpt lat="45.49688546" lon="15.05783759">
        <ele>326.0</ele>
        <time>2022-08-16T16:57:55.025Z</time>
    </trkpt>
    <trkpt lat="45.49691895" lon="15.05783248">
        <ele>326.0</ele>
        <time>2022-08-16T16:57:57.025Z</time>
    </trkpt>
    <trkpt lat="45.49693701" lon="15.05782552">
        <ele>326.0</ele>
        <time>2022-08-16T16:57:58.025Z</time>
    </trkpt>
    <trkpt lat="45.4969661" lon="15.05779015">
        <ele>326.0</ele>
        <time>2022-08-16T16:58:02.025Z</time>
    </trkpt>
    <trkpt lat="45.4970073" lon="15.05778353">
        <ele>326.0</ele>
        <time>2022-08-16T16:58:05.025Z</time>
    </trkpt>
    <trkpt lat="45.49702205" lon="15.05778395">
        <ele>326.0</ele>
        <time>2022-08-16T16:58:06.025Z</time>
    </trkpt>
    <trkpt lat="45.49704749" lon="15.05779233">
        <ele>326.0</ele>
        <time>2022-08-16T16:58:08.025Z</time>
    </trkpt>
    <trkpt lat="45.4970868" lon="15.05778797">
        <ele>326.0</ele>
        <time>2022-08-16T16:58:11.025Z</time>
    </trkpt>
    <trkpt lat="45.4971005" lon="15.05778068">
        <ele>326.0</ele>
        <time>2022-08-16T16:58:12.025Z</time>
    </trkpt>
    <trkpt lat="45.49713499" lon="15.05778311">
        <ele>326.0</ele>
        <time>2022-08-16T16:58:14.025Z</time>
    </trkpt>
    <trkpt lat="45.49714899" lon="15.05776819">
        <ele>326.0</ele>
        <time>2022-08-16T16:58:16.025Z</time>
    </trkpt>
    <trkpt lat="45.49718097" lon="15.0577521">
        <ele>326.0</ele>
        <time>2022-08-16T16:58:19.025Z</time>
    </trkpt>
    <trkpt lat="45.49722799" lon="15.05770918">
        <ele>326.0</ele>
        <time>2022-08-16T16:58:25.025Z</time>
    </trkpt>
    <trkpt lat="45.4972725" lon="15.05769518">
        <ele>325.0</ele>
        <time>2022-08-16T16:58:29.025Z</time>
    </trkpt>
    <trkpt lat="45.49728369" lon="15.05769996">
        <ele>325.0</ele>
        <time>2022-08-16T16:58:30.025Z</time>
    </trkpt>
    <trkpt lat="45.49728977" lon="15.05769082">
        <ele>325.0</ele>
        <time>2022-08-16T16:58:31.025Z</time>
    </trkpt>
    <trkpt lat="45.4973072" lon="15.05769434">
        <ele>326.0</ele>
        <time>2022-08-16T16:58:32.025Z</time>
    </trkpt>
    <trkpt lat="45.49732392" lon="15.05768244">
        <ele>326.0</ele>
        <time>2022-08-16T16:58:34.025Z</time>
    </trkpt>
    <trkpt lat="45.49736147" lon="15.05768227">
        <ele>326.0</ele>
        <time>2022-08-16T16:58:37.025Z</time>
    </trkpt>
    <trkpt lat="45.49737786" lon="15.05766928">
        <ele>326.0</ele>
        <time>2022-08-16T16:58:39.025Z</time>
    </trkpt>
    <trkpt lat="45.49739869" lon="15.05767331">
        <ele>326.0</ele>
        <time>2022-08-16T16:58:41.025Z</time>
    </trkpt>
    <trkpt lat="45.49740321" lon="15.05766886">
        <ele>326.0</ele>
        <time>2022-08-16T16:58:42.025Z</time>
    </trkpt>
    <trkpt lat="45.49742342" lon="15.05766635">
        <ele>325.0</ele>
        <time>2022-08-16T16:58:44.025Z</time>
    </trkpt>
    <trkpt lat="45.49742803" lon="15.05765763">
        <ele>325.0</ele>
        <time>2022-08-16T16:58:45.025Z</time>
    </trkpt>
    <trkpt lat="45.49745929" lon="15.05764137">
        <ele>325.0</ele>
        <time>2022-08-16T16:58:49.025Z</time>
    </trkpt>
    <trkpt lat="45.49747714" lon="15.05764355">
        <ele>325.0</ele>
        <time>2022-08-16T16:58:50.025Z</time>
    </trkpt>
    <trkpt lat="45.49750652" lon="15.05761899">
        <ele>325.0</ele>
        <time>2022-08-16T16:58:53.025Z</time>
    </trkpt>
    <trkpt lat="45.49753854" lon="15.05755311">
        <ele>325.0</ele>
        <time>2022-08-16T16:58:58.025Z</time>
    </trkpt>
    <trkpt lat="45.4975496" lon="15.05754037">
        <ele>325.0</ele>
        <time>2022-08-16T16:59:00.025Z</time>
    </trkpt>
    <trkpt lat="45.49757433" lon="15.05753173">
        <ele>325.0</ele>
        <time>2022-08-16T16:59:02.025Z</time>
    </trkpt>
    <trkpt lat="45.49757953" lon="15.05752453">
        <ele>325.0</ele>
        <time>2022-08-16T16:59:04.025Z</time>
    </trkpt>
    <trkpt lat="45.49758858" lon="15.05752712">
        <ele>325.0</ele>
        <time>2022-08-16T16:59:05.025Z</time>
    </trkpt>
    <trkpt lat="45.49760484" lon="15.05752008">
        <ele>325.0</ele>
        <time>2022-08-16T16:59:07.025Z</time>
    </trkpt>
    <trkpt lat="45.49762563" lon="15.05752679">
        <ele>326.0</ele>
        <time>2022-08-16T16:59:09.025Z</time>
    </trkpt>
    <trkpt lat="45.49766507" lon="15.0575309">
        <ele>326.0</ele>
        <time>2022-08-16T16:59:13.025Z</time>
    </trkpt>
    <trkpt lat="45.49771892" lon="15.05752478">
        <ele>327.0</ele>
        <time>2022-08-16T16:59:20.025Z</time>
    </trkpt>
    <trkpt lat="45.4977224" lon="15.05752151">
        <ele>327.0</ele>
        <time>2022-08-16T16:59:21.025Z</time>
    </trkpt>
    <trkpt lat="45.49773606" lon="15.05752939">
        <ele>327.0</ele>
        <time>2022-08-16T16:59:23.025Z</time>
    </trkpt>
    <trkpt lat="45.49775249" lon="15.05752536">
        <ele>327.0</ele>
        <time>2022-08-16T16:59:25.025Z</time>
    </trkpt>
    <trkpt lat="45.49778195" lon="15.05750651">
        <ele>327.0</ele>
        <time>2022-08-16T16:59:28.025Z</time>
    </trkpt>
    <trkpt lat="45.49780265" lon="15.05750349">
        <ele>327.0</ele>
        <time>2022-08-16T16:59:30.025Z</time>
    </trkpt>
    <trkpt lat="45.49781871" lon="15.05750709">
        <ele>327.0</ele>
        <time>2022-08-16T16:59:32.025Z</time>
    </trkpt>
    <trkpt lat="45.49782319" lon="15.05749997">
        <ele>327.0</ele>
        <time>2022-08-16T16:59:33.025Z</time>
    </trkpt>
    <trkpt lat="45.49787088" lon="15.05750215">
        <ele>327.0</ele>
        <time>2022-08-16T16:59:38.025Z</time>
    </trkpt>
    <trkpt lat="45.49787939" lon="15.05749762">
        <ele>327.0</ele>
        <time>2022-08-16T16:59:39.025Z</time>
    </trkpt>
    <trkpt lat="45.49790822" lon="15.05749829">
        <ele>327.0</ele>
        <time>2022-08-16T16:59:41.025Z</time>
    </trkpt>
    <trkpt lat="45.49792738" lon="15.05748312">
        <ele>327.0</ele>
        <time>2022-08-16T16:59:43.025Z</time>
    </trkpt>
    <trkpt lat="45.49796049" lon="15.05748974">
        <ele>327.0</ele>
        <time>2022-08-16T16:59:46.025Z</time>
    </trkpt>
    <trkpt lat="45.49796895" lon="15.05748496">
        <ele>327.0</ele>
        <time>2022-08-16T16:59:47.025Z</time>
    </trkpt>
    <trkpt lat="45.49798446" lon="15.05748513">
        <ele>327.0</ele>
        <time>2022-08-16T16:59:48.025Z</time>
    </trkpt>
    <trkpt lat="45.49799921" lon="15.0574905">
        <ele>327.0</ele>
        <time>2022-08-16T16:59:49.025Z</time>
    </trkpt>
    <trkpt lat="45.49801966" lon="15.05749066">
        <ele>327.0</ele>
        <time>2022-08-16T16:59:51.025Z</time>
    </trkpt>
    <trkpt lat="45.49805273" lon="15.05751212">
        <ele>327.0</ele>
        <time>2022-08-16T16:59:55.025Z</time>
    </trkpt>
    <trkpt lat="45.49807662" lon="15.05751832">
        <ele>327.0</ele>
        <time>2022-08-16T16:59:57.025Z</time>
    </trkpt>
    <trkpt lat="45.49811597" lon="15.05752008">
        <ele>327.0</ele>
        <time>2022-08-16T17:00:00.025Z</time>
    </trkpt>
    <trkpt lat="45.49812653" lon="15.05751371">
        <ele>327.0</ele>
        <time>2022-08-16T17:00:01.025Z</time>
    </trkpt>
    <trkpt lat="45.49818273" lon="15.05752922">
        <ele>327.0</ele>
        <time>2022-08-16T17:00:07.025Z</time>
    </trkpt>
    <trkpt lat="45.4982246" lon="15.0575288">
        <ele>327.0</ele>
        <time>2022-08-16T17:00:11.025Z</time>
    </trkpt>
    <trkpt lat="45.49824472" lon="15.05752176">
        <ele>328.0</ele>
        <time>2022-08-16T17:00:13.025Z</time>
    </trkpt>
    <trkpt lat="45.49827854" lon="15.0575293">
        <ele>328.0</ele>
        <time>2022-08-16T17:00:16.025Z</time>
    </trkpt>
    <trkpt lat="45.49833579" lon="15.0574962">
        <ele>328.0</ele>
        <time>2022-08-16T17:00:22.025Z</time>
    </trkpt>
    <trkpt lat="45.49838738" lon="15.05748739">
        <ele>328.0</ele>
        <time>2022-08-16T17:00:26.025Z</time>
    </trkpt>
    <trkpt lat="45.49840024" lon="15.05747549">
        <ele>328.0</ele>
        <time>2022-08-16T17:00:28.025Z</time>
    </trkpt>
    <trkpt lat="45.498431" lon="15.05747206">
        <ele>328.0</ele>
        <time>2022-08-16T17:00:31.025Z</time>
    </trkpt>
    <trkpt lat="45.49844098" lon="15.05748111">
        <ele>328.0</ele>
        <time>2022-08-16T17:00:32.025Z</time>
    </trkpt>
    <trkpt lat="45.49846101" lon="15.05747759">
        <ele>328.0</ele>
        <time>2022-08-16T17:00:34.025Z</time>
    </trkpt>
    <trkpt lat="45.4984761" lon="15.0574827">
        <ele>329.0</ele>
        <time>2022-08-16T17:00:36.025Z</time>
    </trkpt>
    <trkpt lat="45.49849848" lon="15.05747926">
        <ele>329.0</ele>
        <time>2022-08-16T17:00:38.025Z</time>
    </trkpt>
    <trkpt lat="45.49852023" lon="15.05748597">
        <ele>329.0</ele>
        <time>2022-08-16T17:00:40.025Z</time>
    </trkpt>
    <trkpt lat="45.49855904" lon="15.05748672">
        <ele>329.0</ele>
        <time>2022-08-16T17:00:44.025Z</time>
    </trkpt>
    <trkpt lat="45.49858971" lon="15.05750215">
        <ele>329.0</ele>
        <time>2022-08-16T17:00:46.025Z</time>
    </trkpt>
    <trkpt lat="45.49861121" lon="15.0575029">
        <ele>329.0</ele>
        <time>2022-08-16T17:00:48.025Z</time>
    </trkpt>
    <trkpt lat="45.4986209" lon="15.05751405">
        <ele>329.0</ele>
        <time>2022-08-16T17:00:49.025Z</time>
    </trkpt>
    <trkpt lat="45.49863137" lon="15.05751899">
        <ele>329.0</ele>
        <time>2022-08-16T17:00:50.025Z</time>
    </trkpt>
    <trkpt lat="45.49865438" lon="15.05752">
        <ele>330.0</ele>
        <time>2022-08-16T17:00:52.025Z</time>
    </trkpt>
    <trkpt lat="45.49870995" lon="15.05754582">
        <ele>330.0</ele>
        <time>2022-08-16T17:00:56.025Z</time>
    </trkpt>
    <trkpt lat="45.49871834" lon="15.05754028">
        <ele>330.0</ele>
        <time>2022-08-16T17:00:57.025Z</time>
    </trkpt>
    <trkpt lat="45.49874482" lon="15.0575371">
        <ele>330.0</ele>
        <time>2022-08-16T17:00:59.025Z</time>
    </trkpt>
    <trkpt lat="45.49875408" lon="15.05754515">
        <ele>330.0</ele>
        <time>2022-08-16T17:01:01.025Z</time>
    </trkpt>
    <trkpt lat="45.49877957" lon="15.05754825">
        <ele>330.0</ele>
        <time>2022-08-16T17:01:03.025Z</time>
    </trkpt>
    <trkpt lat="45.49880115" lon="15.0575459">
        <ele>330.0</ele>
        <time>2022-08-16T17:01:05.025Z</time>
    </trkpt>
    <trkpt lat="45.49880668" lon="15.05754154">
        <ele>330.0</ele>
        <time>2022-08-16T17:01:06.025Z</time>
    </trkpt>
    <trkpt lat="45.49883292" lon="15.05755445">
        <ele>330.0</ele>
        <time>2022-08-16T17:01:09.025Z</time>
    </trkpt>
    <trkpt lat="45.49884029" lon="15.0575485">
        <ele>330.0</ele>
        <time>2022-08-16T17:01:10.025Z</time>
    </trkpt>
    <trkpt lat="45.49884666" lon="15.05753224">
        <ele>331.0</ele>
        <time>2022-08-16T17:01:12.025Z</time>
    </trkpt>
    <trkpt lat="45.4989371" lon="15.05755613">
        <ele>334.0</ele>
        <time>2022-08-16T17:01:21.025Z</time>
    </trkpt>
    <trkpt lat="45.49897055" lon="15.05757448">
        <ele>334.0</ele>
        <time>2022-08-16T17:01:24.025Z</time>
    </trkpt>
    <trkpt lat="45.49900743" lon="15.05758479">
        <ele>336.0</ele>
        <time>2022-08-16T17:01:30.025Z</time>
    </trkpt>
    <trkpt lat="45.49903454" lon="15.05760449">
        <ele>341.0</ele>
        <time>2022-08-16T17:01:39.025Z</time>
    </trkpt>
    <trkpt lat="45.49903551" lon="15.05761111">
        <ele>342.0</ele>
        <time>2022-08-16T17:01:41.025Z</time>
    </trkpt>
    <trkpt lat="45.49904774" lon="15.0576169">
        <ele>344.0</ele>
        <time>2022-08-16T17:01:45.025Z</time>
    </trkpt>
    <trkpt lat="45.49905416" lon="15.05761949">
        <ele>345.0</ele>
        <time>2022-08-16T17:01:47.025Z</time>
    </trkpt>
    <trkpt lat="45.49906669" lon="15.05761455">
        <ele>346.0</ele>
        <time>2022-08-16T17:01:49.025Z</time>
    </trkpt>
    <trkpt lat="45.49910726" lon="15.0576329">
        <ele>346.0</ele>
        <time>2022-08-16T17:01:53.025Z</time>
    </trkpt>
    <trkpt lat="45.49911631" lon="15.05763098">
        <ele>347.0</ele>
        <time>2022-08-16T17:01:54.025Z</time>
    </trkpt>
    <trkpt lat="45.49913374" lon="15.05763827">
        <ele>347.0</ele>
        <time>2022-08-16T17:01:58.025Z</time>
    </trkpt>
    <trkpt lat="45.49913802" lon="15.05764774">
        <ele>348.0</ele>
        <time>2022-08-16T17:01:59.025Z</time>
    </trkpt>
    <trkpt lat="45.49914518" lon="15.05764808">
        <ele>349.0</ele>
        <time>2022-08-16T17:02:08.025Z</time>
    </trkpt>
    <trkpt lat="45.49915344" lon="15.05766325">
        <ele>350.0</ele>
        <time>2022-08-16T17:02:10.025Z</time>
    </trkpt>
    <trkpt lat="45.49917477" lon="15.05767364">
        <ele>351.0</ele>
        <time>2022-08-16T17:02:14.025Z</time>
    </trkpt>
    <trkpt lat="45.49917494" lon="15.05768412">
        <ele>351.0</ele>
        <time>2022-08-16T17:02:16.025Z</time>
    </trkpt>
    <trkpt lat="45.49919573" lon="15.05769007">
        <ele>352.0</ele>
        <time>2022-08-16T17:02:20.025Z</time>
    </trkpt>
    <trkpt lat="45.49920352" lon="15.05769677">
        <ele>353.0</ele>
        <time>2022-08-16T17:02:35.025Z</time>
    </trkpt>
    <trkpt lat="45.49920386" lon="15.05770281">
        <ele>355.0</ele>
        <time>2022-08-16T17:02:47.025Z</time>
    </trkpt>
    <trkpt lat="45.49922138" lon="15.05770633">
        <ele>359.0</ele>
        <time>2022-08-16T17:02:50.025Z</time>
    </trkpt>
    <trkpt lat="45.49923747" lon="15.05770189">
        <ele>361.0</ele>
        <time>2022-08-16T17:02:55.025Z</time>
    </trkpt>
    <trkpt lat="45.49924023" lon="15.05768772">
        <ele>364.0</ele>
        <time>2022-08-16T17:03:07.025Z</time>
    </trkpt>
    <trkpt lat="45.49925444" lon="15.05771915">
        <ele>364.0</ele>
        <time>2022-08-16T17:03:12.025Z</time>
    </trkpt>
    <trkpt lat="45.49927326" lon="15.05771647">
        <ele>364.0</ele>
        <time>2022-08-16T17:03:15.025Z</time>
    </trkpt>
    <trkpt lat="45.49932519" lon="15.05772343">
        <ele>364.0</ele>
        <time>2022-08-16T17:03:22.025Z</time>
    </trkpt>
    <trkpt lat="45.49937833" lon="15.05775687">
        <ele>363.0</ele>
        <time>2022-08-16T17:03:29.025Z</time>
    </trkpt>
    <trkpt lat="45.49938553" lon="15.05778093">
        <ele>362.0</ele>
        <time>2022-08-16T17:03:32.025Z</time>
    </trkpt>
    <trkpt lat="45.49942774" lon="15.0578075">
        <ele>362.0</ele>
        <time>2022-08-16T17:03:38.025Z</time>
    </trkpt>
    <trkpt lat="45.49942912" lon="15.05781756">
        <ele>362.0</ele>
        <time>2022-08-16T17:03:39.025Z</time>
    </trkpt>
    <trkpt lat="45.49945003" lon="15.0578329">
        <ele>362.0</ele>
        <time>2022-08-16T17:03:42.025Z</time>
    </trkpt>
    <trkpt lat="45.49947074" lon="15.05783734">
        <ele>362.0</ele>
        <time>2022-08-16T17:03:44.025Z</time>
    </trkpt>
    <trkpt lat="45.49948897" lon="15.05785041">
        <ele>362.0</ele>
        <time>2022-08-16T17:03:46.025Z</time>
    </trkpt>
    <trkpt lat="45.49950053" lon="15.05786341">
        <ele>361.0</ele>
        <time>2022-08-16T17:03:47.025Z</time>
    </trkpt>
    <trkpt lat="45.49951709" lon="15.05789819">
        <ele>361.0</ele>
        <time>2022-08-16T17:03:50.025Z</time>
    </trkpt>
    <trkpt lat="45.49952819" lon="15.05791009">
        <ele>361.0</ele>
        <time>2022-08-16T17:03:52.025Z</time>
    </trkpt>
    <trkpt lat="45.49953972" lon="15.05793633">
        <ele>361.0</ele>
        <time>2022-08-16T17:03:54.025Z</time>
    </trkpt>
    <trkpt lat="45.49957513" lon="15.05795963">
        <ele>361.0</ele>
        <time>2022-08-16T17:03:57.025Z</time>
    </trkpt>
    <trkpt lat="45.49958846" lon="15.0579598">
        <ele>362.0</ele>
        <time>2022-08-16T17:03:58.025Z</time>
    </trkpt>
    <trkpt lat="45.49959793" lon="15.05796508">
        <ele>362.0</ele>
        <time>2022-08-16T17:03:59.025Z</time>
    </trkpt>
    <trkpt lat="45.49960665" lon="15.05798017">
        <ele>362.0</ele>
        <time>2022-08-16T17:04:00.025Z</time>
    </trkpt>
    <trkpt lat="45.49961516" lon="15.05798662">
        <ele>361.0</ele>
        <time>2022-08-16T17:04:01.025Z</time>
    </trkpt>
    <trkpt lat="45.49964609" lon="15.05805887">
        <ele>361.0</ele>
        <time>2022-08-16T17:04:06.025Z</time>
    </trkpt>
    <trkpt lat="45.4996631" lon="15.05807413">
        <ele>361.0</ele>
        <time>2022-08-16T17:04:08.025Z</time>
    </trkpt>
    <trkpt lat="45.49967643" lon="15.05807539">
        <ele>361.0</ele>
        <time>2022-08-16T17:04:09.025Z</time>
    </trkpt>
    <trkpt lat="45.49970078" lon="15.05808972">
        <ele>361.0</ele>
        <time>2022-08-16T17:04:11.025Z</time>
    </trkpt>
    <trkpt lat="45.49973841" lon="15.0581468">
        <ele>361.0</ele>
        <time>2022-08-16T17:04:16.025Z</time>
    </trkpt>
    <trkpt lat="45.4997613" lon="15.0581722">
        <ele>361.0</ele>
        <time>2022-08-16T17:04:19.025Z</time>
    </trkpt>
    <trkpt lat="45.49976595" lon="15.05818577">
        <ele>361.0</ele>
        <time>2022-08-16T17:04:20.025Z</time>
    </trkpt>
    <trkpt lat="45.49978078" lon="15.05820665">
        <ele>361.0</ele>
        <time>2022-08-16T17:04:22.025Z</time>
    </trkpt>
    <trkpt lat="45.49979491" lon="15.0582152">
        <ele>361.0</ele>
        <time>2022-08-16T17:04:23.025Z</time>
    </trkpt>
    <trkpt lat="45.49980103" lon="15.05822869">
        <ele>361.0</ele>
        <time>2022-08-16T17:04:24.025Z</time>
    </trkpt>
    <trkpt lat="45.49985211" lon="15.05825836">
        <ele>361.0</ele>
        <time>2022-08-16T17:04:30.025Z</time>
    </trkpt>
    <trkpt lat="45.49988241" lon="15.0583053">
        <ele>360.0</ele>
        <time>2022-08-16T17:04:34.025Z</time>
    </trkpt>
    <trkpt lat="45.49990362" lon="15.05832307">
        <ele>360.0</ele>
        <time>2022-08-16T17:04:36.025Z</time>
    </trkpt>
    <trkpt lat="45.49991083" lon="15.05833925">
        <ele>360.0</ele>
        <time>2022-08-16T17:04:38.025Z</time>
    </trkpt>
    <trkpt lat="45.49991791" lon="15.05833665">
        <ele>360.0</ele>
        <time>2022-08-16T17:04:40.025Z</time>
    </trkpt>
    <trkpt lat="45.49993493" lon="15.05834537">
        <ele>360.0</ele>
        <time>2022-08-16T17:04:42.025Z</time>
    </trkpt>
    <trkpt lat="45.49994968" lon="15.05834428">
        <ele>360.0</ele>
        <time>2022-08-16T17:04:43.025Z</time>
    </trkpt>
    <trkpt lat="45.49996016" lon="15.05835098">
        <ele>360.0</ele>
        <time>2022-08-16T17:04:44.025Z</time>
    </trkpt>
    <trkpt lat="45.49997759" lon="15.05835316">
        <ele>360.0</ele>
        <time>2022-08-16T17:04:46.025Z</time>
    </trkpt>
    <trkpt lat="45.50000102" lon="15.05837236">
        <ele>360.0</ele>
        <time>2022-08-16T17:04:49.025Z</time>
    </trkpt>
    <trkpt lat="45.50004058" lon="15.05839574">
        <ele>360.0</ele>
        <time>2022-08-16T17:04:53.025Z</time>
    </trkpt>
    <trkpt lat="45.50005781" lon="15.05842449">
        <ele>360.0</ele>
        <time>2022-08-16T17:04:56.025Z</time>
    </trkpt>
    <trkpt lat="45.5000695" lon="15.05842801">
        <ele>360.0</ele>
        <time>2022-08-16T17:04:57.025Z</time>
    </trkpt>
    <trkpt lat="45.50006975" lon="15.05843874">
        <ele>360.0</ele>
        <time>2022-08-16T17:04:58.025Z</time>
    </trkpt>
    <trkpt lat="45.50007759" lon="15.05844855">
        <ele>361.0</ele>
        <time>2022-08-16T17:04:59.025Z</time>
    </trkpt>
    <trkpt lat="45.50009829" lon="15.05845131">
        <ele>361.0</ele>
        <time>2022-08-16T17:05:01.025Z</time>
    </trkpt>
    <trkpt lat="45.50010399" lon="15.0584607">
        <ele>361.0</ele>
        <time>2022-08-16T17:05:02.025Z</time>
    </trkpt>
    <trkpt lat="45.50011979" lon="15.05846883">
        <ele>361.0</ele>
        <time>2022-08-16T17:05:04.025Z</time>
    </trkpt>
    <trkpt lat="45.50013928" lon="15.05847177">
        <ele>361.0</ele>
        <time>2022-08-16T17:05:06.025Z</time>
    </trkpt>
    <trkpt lat="45.50015315" lon="15.05846883">
        <ele>361.0</ele>
        <time>2022-08-16T17:05:07.025Z</time>
    </trkpt>
    <trkpt lat="45.50017536" lon="15.05849339">
        <ele>361.0</ele>
        <time>2022-08-16T17:05:10.025Z</time>
    </trkpt>
    <trkpt lat="45.50019066" lon="15.05849683">
        <ele>361.0</ele>
        <time>2022-08-16T17:05:11.025Z</time>
    </trkpt>
    <trkpt lat="45.50021891" lon="15.05851694">
        <ele>361.0</ele>
        <time>2022-08-16T17:05:14.025Z</time>
    </trkpt>
    <trkpt lat="45.5002311" lon="15.05851703">
        <ele>361.0</ele>
        <time>2022-08-16T17:05:15.025Z</time>
    </trkpt>
    <trkpt lat="45.50025461" lon="15.05854108">
        <ele>361.0</ele>
        <time>2022-08-16T17:05:18.025Z</time>
    </trkpt>
    <trkpt lat="45.50030281" lon="15.05856916">
        <ele>361.0</ele>
        <time>2022-08-16T17:05:22.025Z</time>
    </trkpt>
    <trkpt lat="45.50034774" lon="15.05857277">
        <ele>361.0</ele>
        <time>2022-08-16T17:05:26.025Z</time>
    </trkpt>
    <trkpt lat="45.50036865" lon="15.05858316">
        <ele>361.0</ele>
        <time>2022-08-16T17:05:29.025Z</time>
    </trkpt>
    <trkpt lat="45.500387" lon="15.05857964">
        <ele>361.0</ele>
        <time>2022-08-16T17:05:32.025Z</time>
    </trkpt>
    <trkpt lat="45.50040544" lon="15.05858861">
        <ele>361.0</ele>
        <time>2022-08-16T17:05:34.025Z</time>
    </trkpt>
    <trkpt lat="45.50041643" lon="15.05858802">
        <ele>361.0</ele>
        <time>2022-08-16T17:05:35.025Z</time>
    </trkpt>
    <trkpt lat="45.50047874" lon="15.0586265">
        <ele>361.0</ele>
        <time>2022-08-16T17:05:41.025Z</time>
    </trkpt>
    <trkpt lat="45.50048306" lon="15.05862574">
        <ele>361.0</ele>
        <time>2022-08-16T17:05:42.025Z</time>
    </trkpt>
    <trkpt lat="45.50051043" lon="15.05865156">
        <ele>361.0</ele>
        <time>2022-08-16T17:05:45.025Z</time>
    </trkpt>
    <trkpt lat="45.50051977" lon="15.05865105">
        <ele>361.0</ele>
        <time>2022-08-16T17:05:46.025Z</time>
    </trkpt>
    <trkpt lat="45.50057254" lon="15.05866832">
        <ele>361.0</ele>
        <time>2022-08-16T17:05:51.025Z</time>
    </trkpt>
    <trkpt lat="45.50060011" lon="15.05868106">
        <ele>361.0</ele>
        <time>2022-08-16T17:05:54.025Z</time>
    </trkpt>
    <trkpt lat="45.50062115" lon="15.05869917">
        <ele>361.0</ele>
        <time>2022-08-16T17:05:56.025Z</time>
    </trkpt>
    <trkpt lat="45.50065292" lon="15.05870587">
        <ele>361.0</ele>
        <time>2022-08-16T17:05:59.025Z</time>
    </trkpt>
    <trkpt lat="45.50066813" lon="15.05870436">
        <ele>362.0</ele>
        <time>2022-08-16T17:06:00.025Z</time>
    </trkpt>
    <trkpt lat="45.50071532" lon="15.0587104">
        <ele>362.0</ele>
        <time>2022-08-16T17:06:04.025Z</time>
    </trkpt>
    <trkpt lat="45.50074944" lon="15.05871895">
        <ele>362.0</ele>
        <time>2022-08-16T17:06:08.025Z</time>
    </trkpt>
    <trkpt lat="45.50076184" lon="15.05871861">
        <ele>362.0</ele>
        <time>2022-08-16T17:06:09.025Z</time>
    </trkpt>
    <trkpt lat="45.50076637" lon="15.05871333">
        <ele>362.0</ele>
        <time>2022-08-16T17:06:10.025Z</time>
    </trkpt>
    <trkpt lat="45.5007838" lon="15.05870964">
        <ele>362.0</ele>
        <time>2022-08-16T17:06:12.025Z</time>
    </trkpt>
    <trkpt lat="45.5008084" lon="15.0587249">
        <ele>362.0</ele>
        <time>2022-08-16T17:06:15.025Z</time>
    </trkpt>
    <trkpt lat="45.50081725" lon="15.0587368">
        <ele>362.0</ele>
        <time>2022-08-16T17:06:16.025Z</time>
    </trkpt>
    <trkpt lat="45.50084051" lon="15.05874443">
        <ele>362.0</ele>
        <time>2022-08-16T17:06:18.025Z</time>
    </trkpt>
    <trkpt lat="45.50084809" lon="15.05873965">
        <ele>362.0</ele>
        <time>2022-08-16T17:06:19.025Z</time>
    </trkpt>
    <trkpt lat="45.50086871" lon="15.05874049">
        <ele>362.0</ele>
        <time>2022-08-16T17:06:20.025Z</time>
    </trkpt>
    <trkpt lat="45.50089989" lon="15.05873462">
        <ele>362.0</ele>
        <time>2022-08-16T17:06:22.025Z</time>
    </trkpt>
    <trkpt lat="45.50092345" lon="15.05872364">
        <ele>362.0</ele>
        <time>2022-08-16T17:06:24.025Z</time>
    </trkpt>
    <trkpt lat="45.50093803" lon="15.05872339">
        <ele>362.0</ele>
        <time>2022-08-16T17:06:25.025Z</time>
    </trkpt>
    <trkpt lat="45.50098384" lon="15.05870805">
        <ele>362.0</ele>
        <time>2022-08-16T17:06:28.025Z</time>
    </trkpt>
    <trkpt lat="45.50101925" lon="15.05867871">
        <ele>363.0</ele>
        <time>2022-08-16T17:06:31.025Z</time>
    </trkpt>
    <trkpt lat="45.50103723" lon="15.05867226">
        <ele>363.0</ele>
        <time>2022-08-16T17:06:33.025Z</time>
    </trkpt>
    <trkpt lat="45.5010638" lon="15.05866908">
        <ele>363.0</ele>
        <time>2022-08-16T17:06:35.025Z</time>
    </trkpt>
    <trkpt lat="45.50107378" lon="15.05867746">
        <ele>363.0</ele>
        <time>2022-08-16T17:06:36.025Z</time>
    </trkpt>
    <trkpt lat="45.5011205" lon="15.05869196">
        <ele>363.0</ele>
        <time>2022-08-16T17:06:40.025Z</time>
    </trkpt>
    <trkpt lat="45.50114649" lon="15.05868182">
        <ele>363.0</ele>
        <time>2022-08-16T17:06:43.025Z</time>
    </trkpt>
    <trkpt lat="45.50117214" lon="15.05868919">
        <ele>363.0</ele>
        <time>2022-08-16T17:06:45.025Z</time>
    </trkpt>
    <trkpt lat="45.5012081" lon="15.05868198">
        <ele>364.0</ele>
        <time>2022-08-16T17:06:48.025Z</time>
    </trkpt>
    <trkpt lat="45.50122142" lon="15.05868433">
        <ele>364.0</ele>
        <time>2022-08-16T17:06:49.025Z</time>
    </trkpt>
    <trkpt lat="45.50130013" lon="15.0586482">
        <ele>364.0</ele>
        <time>2022-08-16T17:06:54.025Z</time>
    </trkpt>
    <trkpt lat="45.50132138" lon="15.05865625">
        <ele>364.0</ele>
        <time>2022-08-16T17:06:56.025Z</time>
    </trkpt>
    <trkpt lat="45.50134468" lon="15.0586539">
        <ele>365.0</ele>
        <time>2022-08-16T17:06:58.025Z</time>
    </trkpt>
    <trkpt lat="45.50135943" lon="15.05866011">
        <ele>365.0</ele>
        <time>2022-08-16T17:06:59.025Z</time>
    </trkpt>
    <trkpt lat="45.50137154" lon="15.05864737">
        <ele>365.0</ele>
        <time>2022-08-16T17:07:00.025Z</time>
    </trkpt>
    <trkpt lat="45.50139795" lon="15.05863228">
        <ele>365.0</ele>
        <time>2022-08-16T17:07:02.025Z</time>
    </trkpt>
    <trkpt lat="45.50146601" lon="15.05861158">
        <ele>366.0</ele>
        <time>2022-08-16T17:07:07.025Z</time>
    </trkpt>
    <trkpt lat="45.50147502" lon="15.05860755">
        <ele>366.0</ele>
        <time>2022-08-16T17:07:08.025Z</time>
    </trkpt>
    <trkpt lat="45.50148969" lon="15.05859146">
        <ele>366.0</ele>
        <time>2022-08-16T17:07:10.025Z</time>
    </trkpt>
    <trkpt lat="45.50149761" lon="15.05859314">
        <ele>366.0</ele>
        <time>2022-08-16T17:07:11.025Z</time>
    </trkpt>
    <trkpt lat="45.50152154" lon="15.05858249">
        <ele>367.0</ele>
        <time>2022-08-16T17:07:13.025Z</time>
    </trkpt>
    <trkpt lat="45.50153822" lon="15.05855919">
        <ele>367.0</ele>
        <time>2022-08-16T17:07:15.025Z</time>
    </trkpt>
    <trkpt lat="45.50154983" lon="15.05855793">
        <ele>368.0</ele>
        <time>2022-08-16T17:07:16.025Z</time>
    </trkpt>
    <trkpt lat="45.5015686" lon="15.05853941">
        <ele>369.0</ele>
        <time>2022-08-16T17:07:18.025Z</time>
    </trkpt>
    <trkpt lat="45.50157158" lon="15.05851502">
        <ele>370.0</ele>
        <time>2022-08-16T17:07:20.025Z</time>
    </trkpt>
    <trkpt lat="45.50159073" lon="15.05849029">
        <ele>370.0</ele>
        <time>2022-08-16T17:07:23.025Z</time>
    </trkpt>
    <trkpt lat="45.50158842" lon="15.0584783">
        <ele>370.0</ele>
        <time>2022-08-16T17:07:24.025Z</time>
    </trkpt>
    <trkpt lat="45.50159471" lon="15.05845827">
        <ele>370.0</ele>
        <time>2022-08-16T17:07:26.025Z</time>
    </trkpt>
    <trkpt lat="45.50163947" lon="15.05842734">
        <ele>371.0</ele>
        <time>2022-08-16T17:07:32.025Z</time>
    </trkpt>
    <trkpt lat="45.50164257" lon="15.05839381">
        <ele>371.0</ele>
        <time>2022-08-16T17:07:35.025Z</time>
    </trkpt>
    <trkpt lat="45.50163796" lon="15.05836875">
        <ele>371.0</ele>
        <time>2022-08-16T17:07:37.025Z</time>
    </trkpt>
    <trkpt lat="45.50164186" lon="15.05834822">
        <ele>371.0</ele>
        <time>2022-08-16T17:07:39.025Z</time>
    </trkpt>
    <trkpt lat="45.50164752" lon="15.05833983">
        <ele>371.0</ele>
        <time>2022-08-16T17:07:40.025Z</time>
    </trkpt>
    <trkpt lat="45.50164601" lon="15.05831352">
        <ele>370.0</ele>
        <time>2022-08-16T17:07:42.025Z</time>
    </trkpt>
    <trkpt lat="45.50165389" lon="15.05830782">
        <ele>370.0</ele>
        <time>2022-08-16T17:07:43.025Z</time>
    </trkpt>
    <trkpt lat="45.50166198" lon="15.05827286">
        <ele>371.0</ele>
        <time>2022-08-16T17:07:47.025Z</time>
    </trkpt>
    <trkpt lat="45.50165984" lon="15.05824269">
        <ele>370.0</ele>
        <time>2022-08-16T17:07:50.025Z</time>
    </trkpt>
    <trkpt lat="45.50165468" lon="15.0582333">
        <ele>370.0</ele>
        <time>2022-08-16T17:07:51.025Z</time>
    </trkpt>
    <trkpt lat="45.50168084" lon="15.05818251">
        <ele>371.0</ele>
        <time>2022-08-16T17:07:57.025Z</time>
    </trkpt>
    <trkpt lat="45.50169752" lon="15.05816817">
        <ele>371.0</ele>
        <time>2022-08-16T17:08:00.025Z</time>
    </trkpt>
    <trkpt lat="45.50170309" lon="15.05807974">
        <ele>372.0</ele>
        <time>2022-08-16T17:08:04.025Z</time>
    </trkpt>
    <trkpt lat="45.50171319" lon="15.05805569">
        <ele>372.0</ele>
        <time>2022-08-16T17:08:06.025Z</time>
    </trkpt>
    <trkpt lat="45.50173243" lon="15.05804094">
        <ele>372.0</ele>
        <time>2022-08-16T17:08:08.025Z</time>
    </trkpt>
    <trkpt lat="45.50173875" lon="15.05802535">
        <ele>372.0</ele>
        <time>2022-08-16T17:08:09.025Z</time>
    </trkpt>
    <trkpt lat="45.50175288" lon="15.05801856">
        <ele>372.0</ele>
        <time>2022-08-16T17:08:10.025Z</time>
    </trkpt>
    <trkpt lat="45.50176009" lon="15.05800883">
        <ele>372.0</ele>
        <time>2022-08-16T17:08:11.025Z</time>
    </trkpt>
    <trkpt lat="45.50180007" lon="15.05799316">
        <ele>372.0</ele>
        <time>2022-08-16T17:08:15.025Z</time>
    </trkpt>
    <trkpt lat="45.50182232" lon="15.05796039">
        <ele>372.0</ele>
        <time>2022-08-16T17:08:19.025Z</time>
    </trkpt>
    <trkpt lat="45.50185153" lon="15.0579463">
        <ele>372.0</ele>
        <time>2022-08-16T17:08:22.025Z</time>
    </trkpt>
    <trkpt lat="45.50186184" lon="15.05793356">
        <ele>372.0</ele>
        <time>2022-08-16T17:08:24.025Z</time>
    </trkpt>
    <trkpt lat="45.50187919" lon="15.05792845">
        <ele>372.0</ele>
        <time>2022-08-16T17:08:26.025Z</time>
    </trkpt>
    <trkpt lat="45.50189918" lon="15.05793038">
        <ele>372.0</ele>
        <time>2022-08-16T17:08:29.025Z</time>
    </trkpt>
    <trkpt lat="45.50192378" lon="15.05792166">
        <ele>372.0</ele>
        <time>2022-08-16T17:08:32.025Z</time>
    </trkpt>
    <trkpt lat="45.50192492" lon="15.05792703">
        <ele>372.0</ele>
        <time>2022-08-16T17:08:34.025Z</time>
    </trkpt>
    <trkpt lat="45.50191947" lon="15.0579282">
        <ele>372.0</ele>
        <time>2022-08-16T17:08:35.025Z</time>
    </trkpt>
    <trkpt lat="45.50192378" lon="15.05792661">
        <ele>372.0</ele>
        <time>2022-08-16T17:08:36.025Z</time>
    </trkpt>
    <trkpt lat="45.50194713" lon="15.05793884">
        <ele>372.0</ele>
        <time>2022-08-16T17:08:39.025Z</time>
    </trkpt>
    <trkpt lat="45.50197663" lon="15.05794488">
        <ele>373.0</ele>
        <time>2022-08-16T17:08:42.025Z</time>
    </trkpt>
    <trkpt lat="45.50200647" lon="15.05796374">
        <ele>372.0</ele>
        <time>2022-08-16T17:08:46.025Z</time>
    </trkpt>
    <trkpt lat="45.50201649" lon="15.05796231">
        <ele>372.0</ele>
        <time>2022-08-16T17:08:47.025Z</time>
    </trkpt>
    <trkpt lat="45.50203061" lon="15.05795343">
        <ele>372.0</ele>
        <time>2022-08-16T17:08:48.025Z</time>
    </trkpt>
    <trkpt lat="45.50207026" lon="15.05796047">
        <ele>372.0</ele>
        <time>2022-08-16T17:08:50.025Z</time>
    </trkpt>
    <trkpt lat="45.50210249" lon="15.05794345">
        <ele>373.0</ele>
        <time>2022-08-16T17:08:51.025Z</time>
    </trkpt>
    <trkpt lat="45.50213015" lon="15.05794723">
        <ele>374.0</ele>
        <time>2022-08-16T17:08:52.025Z</time>
    </trkpt>
    <trkpt lat="45.50213597" lon="15.05796148">
        <ele>376.0</ele>
        <time>2022-08-16T17:08:53.025Z</time>
    </trkpt>
    <trkpt lat="45.50217126" lon="15.05797606">
        <ele>377.0</ele>
        <time>2022-08-16T17:08:54.025Z</time>
    </trkpt>
    <trkpt lat="45.50220563" lon="15.05800263">
        <ele>379.0</ele>
        <time>2022-08-16T17:08:56.025Z</time>
    </trkpt>
    <trkpt lat="45.50223538" lon="15.05800975">
        <ele>381.0</ele>
        <time>2022-08-16T17:08:58.025Z</time>
    </trkpt>
    <trkpt lat="45.50227465" lon="15.0580111">
        <ele>383.0</ele>
        <time>2022-08-16T17:09:01.025Z</time>
    </trkpt>
    <trkpt lat="45.50232335" lon="15.05803172">
        <ele>386.0</ele>
        <time>2022-08-16T17:09:05.025Z</time>
    </trkpt>
    <trkpt lat="45.50234682" lon="15.0580634">
        <ele>386.0</ele>
        <time>2022-08-16T17:09:07.025Z</time>
    </trkpt>
    <trkpt lat="45.50235868" lon="15.0580686">
        <ele>386.0</ele>
        <time>2022-08-16T17:09:08.025Z</time>
    </trkpt>
    <trkpt lat="45.50239799" lon="15.05810397">
        <ele>388.0</ele>
        <time>2022-08-16T17:09:12.025Z</time>
    </trkpt>
    <trkpt lat="45.50241325" lon="15.05810833">
        <ele>388.0</ele>
        <time>2022-08-16T17:09:13.025Z</time>
    </trkpt>
    <trkpt lat="45.50243525" lon="15.05812165">
        <ele>389.0</ele>
        <time>2022-08-16T17:09:15.025Z</time>
    </trkpt>
    <trkpt lat="45.50248152" lon="15.05813314">
        <ele>392.0</ele>
        <time>2022-08-16T17:09:20.025Z</time>
    </trkpt>
    <trkpt lat="45.502493" lon="15.05814244">
        <ele>392.0</ele>
        <time>2022-08-16T17:09:23.025Z</time>
    </trkpt>
    <trkpt lat="45.50250951" lon="15.05814856">
        <ele>391.0</ele>
        <time>2022-08-16T17:09:26.025Z</time>
    </trkpt>
    <trkpt lat="45.50253734" lon="15.0581437">
        <ele>390.0</ele>
        <time>2022-08-16T17:09:30.025Z</time>
    </trkpt>
    <trkpt lat="45.50254958" lon="15.05814504">
        <ele>390.0</ele>
        <time>2022-08-16T17:09:32.025Z</time>
    </trkpt>
    <trkpt lat="45.50256437" lon="15.05815409">
        <ele>390.0</ele>
        <time>2022-08-16T17:09:33.025Z</time>
    </trkpt>
    <trkpt lat="45.50258935" lon="15.05815292">
        <ele>390.0</ele>
        <time>2022-08-16T17:09:34.025Z</time>
    </trkpt>
    <trkpt lat="45.50260544" lon="15.0581696">
        <ele>389.0</ele>
        <time>2022-08-16T17:09:36.025Z</time>
    </trkpt>
    <trkpt lat="45.50262049" lon="15.05817781">
        <ele>389.0</ele>
        <time>2022-08-16T17:09:38.025Z</time>
    </trkpt>
    <trkpt lat="45.50266353" lon="15.05817052">
        <ele>390.0</ele>
        <time>2022-08-16T17:09:42.025Z</time>
    </trkpt>
    <trkpt lat="45.50269978" lon="15.05817052">
        <ele>389.0</ele>
        <time>2022-08-16T17:09:45.025Z</time>
    </trkpt>
    <trkpt lat="45.50273088" lon="15.05817865">
        <ele>389.0</ele>
        <time>2022-08-16T17:09:47.025Z</time>
    </trkpt>
    <trkpt lat="45.50275083" lon="15.05818829">
        <ele>389.0</ele>
        <time>2022-08-16T17:09:49.025Z</time>
    </trkpt>
    <trkpt lat="45.50275267" lon="15.05819726">
        <ele>389.0</ele>
        <time>2022-08-16T17:09:50.025Z</time>
    </trkpt>
    <trkpt lat="45.50274509" lon="15.05821134">
        <ele>389.0</ele>
        <time>2022-08-16T17:09:51.025Z</time>
    </trkpt>
    <trkpt lat="45.50275058" lon="15.0582245">
        <ele>389.0</ele>
        <time>2022-08-16T17:09:52.025Z</time>
    </trkpt>
    <trkpt lat="45.50274626" lon="15.05823104">
        <ele>389.0</ele>
        <time>2022-08-16T17:09:53.025Z</time>
    </trkpt>
    <trkpt lat="45.50274944" lon="15.0582364">
        <ele>389.0</ele>
        <time>2022-08-16T17:09:54.025Z</time>
    </trkpt>
    <trkpt lat="45.50275313" lon="15.05823481">
        <ele>389.0</ele>
        <time>2022-08-16T17:09:55.025Z</time>
    </trkpt>
    <trkpt lat="45.50276164" lon="15.05824151">
        <ele>389.0</ele>
        <time>2022-08-16T17:09:57.025Z</time>
    </trkpt>
    <trkpt lat="45.50278528" lon="15.05824009">
        <ele>389.0</ele>
        <time>2022-08-16T17:09:59.025Z</time>
    </trkpt>
    <trkpt lat="45.50280263" lon="15.05825057">
        <ele>388.0</ele>
        <time>2022-08-16T17:10:04.025Z</time>
    </trkpt>
    <trkpt lat="45.50281889" lon="15.05825409">
        <ele>388.0</ele>
        <time>2022-08-16T17:10:06.025Z</time>
    </trkpt>
    <trkpt lat="45.50284089" lon="15.0582763">
        <ele>388.0</ele>
        <time>2022-08-16T17:10:10.025Z</time>
    </trkpt>
    <trkpt lat="45.50286352" lon="15.05828829">
        <ele>388.0</ele>
        <time>2022-08-16T17:10:12.025Z</time>
    </trkpt>
    <trkpt lat="45.50287459" lon="15.05830145">
        <ele>388.0</ele>
        <time>2022-08-16T17:10:13.025Z</time>
    </trkpt>
    <trkpt lat="45.50287366" lon="15.05830631">
        <ele>388.0</ele>
        <time>2022-08-16T17:10:14.025Z</time>
    </trkpt>
    <trkpt lat="45.50289986" lon="15.05831477">
        <ele>388.0</ele>
        <time>2022-08-16T17:10:16.025Z</time>
    </trkpt>
    <trkpt lat="45.50290572" lon="15.05831058">
        <ele>388.0</ele>
        <time>2022-08-16T17:10:17.025Z</time>
    </trkpt>
    <trkpt lat="45.50294064" lon="15.05833397">
        <ele>388.0</ele>
        <time>2022-08-16T17:10:20.025Z</time>
    </trkpt>
    <trkpt lat="45.50300958" lon="15.05833925">
        <ele>387.0</ele>
        <time>2022-08-16T17:10:25.025Z</time>
    </trkpt>
    <trkpt lat="45.50303514" lon="15.05833464">
        <ele>387.0</ele>
        <time>2022-08-16T17:10:29.025Z</time>
    </trkpt>
    <trkpt lat="45.50306284" lon="15.0583219">
        <ele>386.0</ele>
        <time>2022-08-16T17:10:32.025Z</time>
    </trkpt>
    <trkpt lat="45.5030781" lon="15.05832072">
        <ele>386.0</ele>
        <time>2022-08-16T17:10:34.025Z</time>
    </trkpt>
    <trkpt lat="45.50315567" lon="15.05833346">
        <ele>386.0</ele>
        <time>2022-08-16T17:10:39.025Z</time>
    </trkpt>
    <trkpt lat="45.50317579" lon="15.05832735">
        <ele>386.0</ele>
        <time>2022-08-16T17:10:41.025Z</time>
    </trkpt>
    <trkpt lat="45.50320643" lon="15.05832927">
        <ele>387.0</ele>
        <time>2022-08-16T17:10:43.025Z</time>
    </trkpt>
    <trkpt lat="45.50323006" lon="15.05833581">
        <ele>386.0</ele>
        <time>2022-08-16T17:10:45.025Z</time>
    </trkpt>
    <trkpt lat="45.50325349" lon="15.05835207">
        <ele>387.0</ele>
        <time>2022-08-16T17:10:49.025Z</time>
    </trkpt>
    <trkpt lat="45.50327671" lon="15.05835534">
        <ele>387.0</ele>
        <time>2022-08-16T17:10:50.025Z</time>
    </trkpt>
    <trkpt lat="45.50329125" lon="15.05836565">
        <ele>388.0</ele>
        <time>2022-08-16T17:10:51.025Z</time>
    </trkpt>
    <trkpt lat="45.50331271" lon="15.05836674">
        <ele>387.0</ele>
        <time>2022-08-16T17:11:15.025Z</time>
    </trkpt>
    <trkpt lat="45.50332968" lon="15.05837571">
        <ele>387.0</ele>
        <time>2022-08-16T17:11:21.025Z</time>
    </trkpt>
    <trkpt lat="45.50332868" lon="15.05838166">
        <ele>387.0</ele>
        <time>2022-08-16T17:11:22.025Z</time>
    </trkpt>
    <trkpt lat="45.5033177" lon="15.05838694">
        <ele>388.0</ele>
        <time>2022-08-16T17:11:24.025Z</time>
    </trkpt>
    <trkpt lat="45.50329938" lon="15.05837898">
        <ele>387.0</ele>
        <time>2022-08-16T17:11:27.025Z</time>
    </trkpt>
    <trkpt lat="45.50328044" lon="15.05837646">
        <ele>388.0</ele>
        <time>2022-08-16T17:11:29.025Z</time>
    </trkpt>
    <trkpt lat="45.50326036" lon="15.05838476">
        <ele>388.0</ele>
        <time>2022-08-16T17:11:31.025Z</time>
    </trkpt>
    <trkpt lat="45.50324004" lon="15.05841787">
        <ele>389.0</ele>
        <time>2022-08-16T17:11:34.025Z</time>
    </trkpt>
    <trkpt lat="45.50320643" lon="15.05845467">
        <ele>390.0</ele>
        <time>2022-08-16T17:11:38.025Z</time>
    </trkpt>
    <trkpt lat="45.50320311" lon="15.05846556">
        <ele>390.0</ele>
        <time>2022-08-16T17:11:39.025Z</time>
    </trkpt>
    <trkpt lat="45.50315978" lon="15.05850546">
        <ele>390.0</ele>
        <time>2022-08-16T17:11:50.025Z</time>
    </trkpt>
    <trkpt lat="45.50314151" lon="15.05851099">
        <ele>390.0</ele>
        <time>2022-08-16T17:11:52.025Z</time>
    </trkpt>
    <trkpt lat="45.50312789" lon="15.05850211">
        <ele>389.0</ele>
        <time>2022-08-16T17:11:54.025Z</time>
    </trkpt>
    <trkpt lat="45.50310467" lon="15.05850647">
        <ele>389.0</ele>
        <time>2022-08-16T17:11:56.025Z</time>
    </trkpt>
    <trkpt lat="45.50309252" lon="15.05850169">
        <ele>389.0</ele>
        <time>2022-08-16T17:11:57.025Z</time>
    </trkpt>
    <trkpt lat="45.50306293" lon="15.05850638">
        <ele>388.0</ele>
        <time>2022-08-16T17:12:00.025Z</time>
    </trkpt>
    <trkpt lat="45.50304621" lon="15.05851912">
        <ele>388.0</ele>
        <time>2022-08-16T17:12:02.025Z</time>
    </trkpt>
    <trkpt lat="45.50302676" lon="15.0585187">
        <ele>387.0</ele>
        <time>2022-08-16T17:12:05.025Z</time>
    </trkpt>
    <trkpt lat="45.50300786" lon="15.05853857">
        <ele>387.0</ele>
        <time>2022-08-16T17:12:09.025Z</time>
    </trkpt>
    <trkpt lat="45.50294755" lon="15.05855877">
        <ele>387.0</ele>
        <time>2022-08-16T17:12:15.025Z</time>
    </trkpt>
    <trkpt lat="45.50294571" lon="15.05856439">
        <ele>387.0</ele>
        <time>2022-08-16T17:12:16.025Z</time>
    </trkpt>
    <trkpt lat="45.50293783" lon="15.05856506">
        <ele>387.0</ele>
        <time>2022-08-16T17:12:17.025Z</time>
    </trkpt>
    <trkpt lat="45.50289734" lon="15.05854142">
        <ele>386.0</ele>
        <time>2022-08-16T17:12:22.025Z</time>
    </trkpt>
    <trkpt lat="45.50289495" lon="15.05854737">
        <ele>387.0</ele>
        <time>2022-08-16T17:12:23.025Z</time>
    </trkpt>
    <trkpt lat="45.5028877" lon="15.05854687">
        <ele>387.0</ele>
        <time>2022-08-16T17:12:24.025Z</time>
    </trkpt>
    <trkpt lat="45.50286872" lon="15.05855952">
        <ele>387.0</ele>
        <time>2022-08-16T17:12:26.025Z</time>
    </trkpt>
    <trkpt lat="45.50281336" lon="15.05857159">
        <ele>387.0</ele>
        <time>2022-08-16T17:12:31.025Z</time>
    </trkpt>
    <trkpt lat="45.50280766" lon="15.0585778">
        <ele>387.0</ele>
        <time>2022-08-16T17:12:32.025Z</time>
    </trkpt>
    <trkpt lat="45.50272069" lon="15.05856246">
        <ele>386.0</ele>
        <time>2022-08-16T17:12:38.025Z</time>
    </trkpt>
    <trkpt lat="45.50267405" lon="15.05854561">
        <ele>386.0</ele>
        <time>2022-08-16T17:12:41.025Z</time>
    </trkpt>
    <trkpt lat="45.50263172" lon="15.05856229">
        <ele>386.0</ele>
        <time>2022-08-16T17:12:44.025Z</time>
    </trkpt>
    <trkpt lat="45.50260016" lon="15.05858375">
        <ele>386.0</ele>
        <time>2022-08-16T17:12:46.025Z</time>
    </trkpt>
    <trkpt lat="45.50256437" lon="15.05862423">
        <ele>386.0</ele>
        <time>2022-08-16T17:12:51.025Z</time>
    </trkpt>
    <trkpt lat="45.50253395" lon="15.05864116">
        <ele>386.0</ele>
        <time>2022-08-16T17:12:54.025Z</time>
    </trkpt>
    <trkpt lat="45.50249665" lon="15.05865105">
        <ele>386.0</ele>
        <time>2022-08-16T17:12:57.025Z</time>
    </trkpt>
    <trkpt lat="45.50247301" lon="15.0586498">
        <ele>386.0</ele>
        <time>2022-08-16T17:12:59.025Z</time>
    </trkpt>
    <trkpt lat="45.50246098" lon="15.0586446">
        <ele>386.0</ele>
        <time>2022-08-16T17:13:00.025Z</time>
    </trkpt>
    <trkpt lat="45.50245055" lon="15.05864862">
        <ele>386.0</ele>
        <time>2022-08-16T17:13:01.025Z</time>
    </trkpt>
    <trkpt lat="45.50242603" lon="15.0586586">
        <ele>387.0</ele>
        <time>2022-08-16T17:13:04.025Z</time>
    </trkpt>
    <trkpt lat="45.5024218" lon="15.05867251">
        <ele>387.0</ele>
        <time>2022-08-16T17:13:06.025Z</time>
    </trkpt>
    <trkpt lat="45.50240331" lon="15.0586736">
        <ele>387.0</ele>
        <time>2022-08-16T17:13:08.025Z</time>
    </trkpt>
    <trkpt lat="45.5023881" lon="15.05868542">
        <ele>387.0</ele>
        <time>2022-08-16T17:13:11.025Z</time>
    </trkpt>
    <trkpt lat="45.50235918" lon="15.05869372">
        <ele>387.0</ele>
        <time>2022-08-16T17:13:14.025Z</time>
    </trkpt>
    <trkpt lat="45.50235135" lon="15.05870034">
        <ele>387.0</ele>
        <time>2022-08-16T17:13:15.025Z</time>
    </trkpt>
    <trkpt lat="45.50233286" lon="15.05869657">
        <ele>387.0</ele>
        <time>2022-08-16T17:13:16.025Z</time>
    </trkpt>
    <trkpt lat="45.50231954" lon="15.05870478">
        <ele>387.0</ele>
        <time>2022-08-16T17:13:17.025Z</time>
    </trkpt>
    <trkpt lat="45.50229234" lon="15.05873688">
        <ele>386.0</ele>
        <time>2022-08-16T17:13:20.025Z</time>
    </trkpt>
    <trkpt lat="45.50226204" lon="15.05874543">
        <ele>386.0</ele>
        <time>2022-08-16T17:13:22.025Z</time>
    </trkpt>
    <trkpt lat="45.50225244" lon="15.05875474">
        <ele>386.0</ele>
        <time>2022-08-16T17:13:23.025Z</time>
    </trkpt>
    <trkpt lat="45.50223052" lon="15.05876287">
        <ele>386.0</ele>
        <time>2022-08-16T17:13:25.025Z</time>
    </trkpt>
    <trkpt lat="45.50221954" lon="15.05877167">
        <ele>386.0</ele>
        <time>2022-08-16T17:13:26.025Z</time>
    </trkpt>
    <trkpt lat="45.50216971" lon="15.05883772">
        <ele>385.0</ele>
        <time>2022-08-16T17:13:32.025Z</time>
    </trkpt>
    <trkpt lat="45.50215969" lon="15.0588435">
        <ele>385.0</ele>
        <time>2022-08-16T17:13:33.025Z</time>
    </trkpt>
    <trkpt lat="45.50214021" lon="15.05887385">
        <ele>385.0</ele>
        <time>2022-08-16T17:13:36.025Z</time>
    </trkpt>
    <trkpt lat="45.50211041" lon="15.05889497">
        <ele>385.0</ele>
        <time>2022-08-16T17:13:39.025Z</time>
    </trkpt>
    <trkpt lat="45.50210957" lon="15.05890779">
        <ele>385.0</ele>
        <time>2022-08-16T17:13:40.025Z</time>
    </trkpt>
    <trkpt lat="45.50209138" lon="15.05892732">
        <ele>384.0</ele>
        <time>2022-08-16T17:13:42.025Z</time>
    </trkpt>
    <trkpt lat="45.50206908" lon="15.05896647">
        <ele>385.0</ele>
        <time>2022-08-16T17:13:45.025Z</time>
    </trkpt>
    <trkpt lat="45.50203371" lon="15.05900477">
        <ele>384.0</ele>
        <time>2022-08-16T17:13:48.025Z</time>
    </trkpt>
    <trkpt lat="45.50200547" lon="15.05905414">
        <ele>384.0</ele>
        <time>2022-08-16T17:13:52.025Z</time>
    </trkpt>
    <trkpt lat="45.50196263" lon="15.05909211">
        <ele>384.0</ele>
        <time>2022-08-16T17:13:57.025Z</time>
    </trkpt>
    <trkpt lat="45.50195207" lon="15.05909395">
        <ele>384.0</ele>
        <time>2022-08-16T17:13:58.025Z</time>
    </trkpt>
    <trkpt lat="45.5019346" lon="15.0591051">
        <ele>384.0</ele>
        <time>2022-08-16T17:14:01.025Z</time>
    </trkpt>
    <trkpt lat="45.50187831" lon="15.05911139">
        <ele>385.0</ele>
        <time>2022-08-16T17:14:07.025Z</time>
    </trkpt>
    <trkpt lat="45.50186385" lon="15.05912187">
        <ele>386.0</ele>
        <time>2022-08-16T17:14:08.025Z</time>
    </trkpt>
    <trkpt lat="45.50183485" lon="15.05912413">
        <ele>386.0</ele>
        <time>2022-08-16T17:14:09.025Z</time>
    </trkpt>
    <trkpt lat="45.50180899" lon="15.05913276">
        <ele>388.0</ele>
        <time>2022-08-16T17:14:10.025Z</time>
    </trkpt>
    <trkpt lat="45.50180145" lon="15.05914416">
        <ele>389.0</ele>
        <time>2022-08-16T17:14:21.025Z</time>
    </trkpt>
    <trkpt lat="45.5018025" lon="15.05912581">
        <ele>390.0</ele>
        <time>2022-08-16T17:14:22.025Z</time>
    </trkpt>
    <trkpt lat="45.50178808" lon="15.05917593">
        <ele>391.0</ele>
        <time>2022-08-16T17:14:24.025Z</time>
    </trkpt>
    <trkpt lat="45.50176667" lon="15.05918171">
        <ele>392.0</ele>
        <time>2022-08-16T17:14:26.025Z</time>
    </trkpt>
    <trkpt lat="45.50173825" lon="15.05919957">
        <ele>394.0</ele>
        <time>2022-08-16T17:14:29.025Z</time>
    </trkpt>
    <trkpt lat="45.50173025" lon="15.05919898">
        <ele>394.0</ele>
        <time>2022-08-16T17:14:30.025Z</time>
    </trkpt>
    <trkpt lat="45.50170875" lon="15.05918683">
        <ele>394.0</ele>
        <time>2022-08-16T17:14:33.025Z</time>
    </trkpt>
    <trkpt lat="45.5016784" lon="15.05918507">
        <ele>394.0</ele>
        <time>2022-08-16T17:14:38.025Z</time>
    </trkpt>
    <trkpt lat="45.50165355" lon="15.05920887">
        <ele>394.0</ele>
        <time>2022-08-16T17:14:41.025Z</time>
    </trkpt>
    <trkpt lat="45.5016313" lon="15.05924106">
        <ele>393.0</ele>
        <time>2022-08-16T17:14:45.025Z</time>
    </trkpt>
    <trkpt lat="45.5016217" lon="15.05921926">
        <ele>393.0</ele>
        <time>2022-08-16T17:14:51.025Z</time>
    </trkpt>
    <trkpt lat="45.50162522" lon="15.05923326">
        <ele>393.0</ele>
        <time>2022-08-16T17:14:53.025Z</time>
    </trkpt>
    <trkpt lat="45.50162174" lon="15.0592455">
        <ele>393.0</ele>
        <time>2022-08-16T17:14:57.025Z</time>
    </trkpt>
    <trkpt lat="45.50162044" lon="15.05930685">
        <ele>394.0</ele>
        <time>2022-08-16T17:15:06.025Z</time>
    </trkpt>
    <trkpt lat="45.50159169" lon="15.05932446">
        <ele>394.0</ele>
        <time>2022-08-16T17:15:13.025Z</time>
    </trkpt>
    <trkpt lat="45.50159157" lon="15.05933929">
        <ele>394.0</ele>
        <time>2022-08-16T17:15:14.025Z</time>
    </trkpt>
    <trkpt lat="45.50159894" lon="15.05934382">
        <ele>394.0</ele>
        <time>2022-08-16T17:15:17.025Z</time>
    </trkpt>
    <trkpt lat="45.50158964" lon="15.0593491">
        <ele>395.0</ele>
        <time>2022-08-16T17:15:18.025Z</time>
    </trkpt>
    <trkpt lat="45.50158738" lon="15.05935589">
        <ele>394.0</ele>
        <time>2022-08-16T17:15:19.025Z</time>
    </trkpt>
    <trkpt lat="45.50157527" lon="15.05936645">
        <ele>395.0</ele>
        <time>2022-08-16T17:15:20.025Z</time>
    </trkpt>
    <trkpt lat="45.50156977" lon="15.05938573">
        <ele>396.0</ele>
        <time>2022-08-16T17:15:21.025Z</time>
    </trkpt>
    <trkpt lat="45.50157916" lon="15.05937743">
        <ele>397.0</ele>
        <time>2022-08-16T17:15:23.025Z</time>
    </trkpt>
    <trkpt lat="45.50159639" lon="15.05939428">
        <ele>398.0</ele>
        <time>2022-08-16T17:15:27.025Z</time>
    </trkpt>
    <trkpt lat="45.50160749" lon="15.0593843">
        <ele>399.0</ele>
        <time>2022-08-16T17:15:29.025Z</time>
    </trkpt>
    <trkpt lat="45.5016186" lon="15.05938548">
        <ele>398.0</ele>
        <time>2022-08-16T17:15:30.025Z</time>
    </trkpt>
    <trkpt lat="45.50162836" lon="15.05939562">
        <ele>398.0</ele>
        <time>2022-08-16T17:15:31.025Z</time>
    </trkpt>
    <trkpt lat="45.5016468" lon="15.05939436">
        <ele>399.0</ele>
        <time>2022-08-16T17:15:33.025Z</time>
    </trkpt>
    <trkpt lat="45.50161722" lon="15.0593579">
        <ele>398.0</ele>
        <time>2022-08-16T17:15:36.025Z</time>
    </trkpt>
    <trkpt lat="45.50161562" lon="15.05937114">
        <ele>399.0</ele>
        <time>2022-08-16T17:15:39.025Z</time>
    </trkpt>
    <trkpt lat="45.50162216" lon="15.05937735">
        <ele>399.0</ele>
        <time>2022-08-16T17:15:42.025Z</time>
    </trkpt>
    <trkpt lat="45.50160397" lon="15.05937668">
        <ele>398.0</ele>
        <time>2022-08-16T17:15:44.025Z</time>
    </trkpt>
    <trkpt lat="45.50159018" lon="15.05938196">
        <ele>397.0</ele>
        <time>2022-08-16T17:15:46.025Z</time>
    </trkpt>
    <trkpt lat="45.50158717" lon="15.05937441">
        <ele>396.0</ele>
        <time>2022-08-16T17:15:47.025Z</time>
    </trkpt>
    <trkpt lat="45.50158993" lon="15.05935639">
        <ele>397.0</ele>
        <time>2022-08-16T17:15:49.025Z</time>
    </trkpt>
    <trkpt lat="45.50157195" lon="15.05935765">
        <ele>398.0</ele>
        <time>2022-08-16T17:15:51.025Z</time>
    </trkpt>
    <trkpt lat="45.50157627" lon="15.05935849">
        <ele>398.0</ele>
        <time>2022-08-16T17:15:52.025Z</time>
    </trkpt>
    <trkpt lat="45.50157367" lon="15.0593667">
        <ele>399.0</ele>
        <time>2022-08-16T17:15:53.025Z</time>
    </trkpt>
    <trkpt lat="45.50157937" lon="15.05938229">
        <ele>399.0</ele>
        <time>2022-08-16T17:15:54.025Z</time>
    </trkpt>
    <trkpt lat="45.50157376" lon="15.05937709">
        <ele>399.0</ele>
        <time>2022-08-16T17:15:55.025Z</time>
    </trkpt>
    <trkpt lat="45.50156537" lon="15.05938992">
        <ele>400.0</ele>
        <time>2022-08-16T17:15:56.025Z</time>
    </trkpt>
    <trkpt lat="45.50152032" lon="15.0593957">
        <ele>403.0</ele>
        <time>2022-08-16T17:16:00.025Z</time>
    </trkpt>
    <trkpt lat="45.50150528" lon="15.05941775">
        <ele>403.0</ele>
        <time>2022-08-16T17:16:01.025Z</time>
    </trkpt>
    <trkpt lat="45.50149417" lon="15.05941682">
        <ele>402.0</ele>
        <time>2022-08-16T17:16:04.025Z</time>
    </trkpt>
    <trkpt lat="45.50141865" lon="15.05948681">
        <ele>403.0</ele>
        <time>2022-08-16T17:16:10.025Z</time>
    </trkpt>
    <trkpt lat="45.50138227" lon="15.05949729">
        <ele>403.0</ele>
        <time>2022-08-16T17:16:13.025Z</time>
    </trkpt>
    <trkpt lat="45.50137355" lon="15.05950567">
        <ele>402.0</ele>
        <time>2022-08-16T17:16:15.025Z</time>
    </trkpt>
    <trkpt lat="45.5013562" lon="15.0595019">
        <ele>402.0</ele>
        <time>2022-08-16T17:16:17.025Z</time>
    </trkpt>
    <trkpt lat="45.50130759" lon="15.05951338">
        <ele>402.0</ele>
        <time>2022-08-16T17:16:24.025Z</time>
    </trkpt>
    <trkpt lat="45.50128638" lon="15.05950701">
        <ele>402.0</ele>
        <time>2022-08-16T17:16:26.025Z</time>
    </trkpt>
    <trkpt lat="45.50128039" lon="15.05951338">
        <ele>401.0</ele>
        <time>2022-08-16T17:16:27.025Z</time>
    </trkpt>
    <trkpt lat="45.50126036" lon="15.05951783">
        <ele>401.0</ele>
        <time>2022-08-16T17:16:29.025Z</time>
    </trkpt>
    <trkpt lat="45.50120814" lon="15.05954532">
        <ele>401.0</ele>
        <time>2022-08-16T17:16:35.025Z</time>
    </trkpt>
    <trkpt lat="45.50116652" lon="15.0595858">
        <ele>400.0</ele>
        <time>2022-08-16T17:16:40.025Z</time>
    </trkpt>
    <trkpt lat="45.50115734" lon="15.0595884">
        <ele>400.0</ele>
        <time>2022-08-16T17:16:41.025Z</time>
    </trkpt>
    <trkpt lat="45.50113886" lon="15.05958178">
        <ele>400.0</ele>
        <time>2022-08-16T17:16:43.025Z</time>
    </trkpt>
    <trkpt lat="45.50109632" lon="15.05958321">
        <ele>399.0</ele>
        <time>2022-08-16T17:16:48.025Z</time>
    </trkpt>
    <trkpt lat="45.50107298" lon="15.05959821">
        <ele>399.0</ele>
        <time>2022-08-16T17:16:51.025Z</time>
    </trkpt>
    <trkpt lat="45.50102344" lon="15.05961665">
        <ele>399.0</ele>
        <time>2022-08-16T17:16:58.025Z</time>
    </trkpt>
    <trkpt lat="45.50096842" lon="15.05967599">
        <ele>398.0</ele>
        <time>2022-08-16T17:17:05.025Z</time>
    </trkpt>
    <trkpt lat="45.50096305" lon="15.05968831">
        <ele>398.0</ele>
        <time>2022-08-16T17:17:06.025Z</time>
    </trkpt>
    <trkpt lat="45.50096808" lon="15.05968513">
        <ele>398.0</ele>
        <time>2022-08-16T17:17:08.025Z</time>
    </trkpt>
    <trkpt lat="45.50094951" lon="15.05970013">
        <ele>397.0</ele>
        <time>2022-08-16T17:17:11.025Z</time>
    </trkpt>
    <trkpt lat="45.50094532" lon="15.05971396">
        <ele>398.0</ele>
        <time>2022-08-16T17:17:15.025Z</time>
    </trkpt>
    <trkpt lat="45.50091351" lon="15.05975562">
        <ele>398.0</ele>
        <time>2022-08-16T17:17:21.025Z</time>
    </trkpt>
    <trkpt lat="45.50089038" lon="15.05977498">
        <ele>399.0</ele>
        <time>2022-08-16T17:17:23.025Z</time>
    </trkpt>
    <trkpt lat="45.50083891" lon="15.05980516">
        <ele>398.0</ele>
        <time>2022-08-16T17:17:28.025Z</time>
    </trkpt>
    <trkpt lat="45.50080769" lon="15.05983173">
        <ele>398.0</ele>
        <time>2022-08-16T17:17:32.025Z</time>
    </trkpt>
    <trkpt lat="45.50073951" lon="15.05987699">
        <ele>399.0</ele>
        <time>2022-08-16T17:17:39.025Z</time>
    </trkpt>
    <trkpt lat="45.50069508" lon="15.05993013">
        <ele>400.0</ele>
        <time>2022-08-16T17:17:45.025Z</time>
    </trkpt>
    <trkpt lat="45.50067119" lon="15.05997363">
        <ele>403.0</ele>
        <time>2022-08-16T17:17:58.025Z</time>
    </trkpt>
    <trkpt lat="45.50061462" lon="15.06004144">
        <ele>403.0</ele>
        <time>2022-08-16T17:18:06.025Z</time>
    </trkpt>
    <trkpt lat="45.50051839" lon="15.06012728">
        <ele>403.0</ele>
        <time>2022-08-16T17:18:17.025Z</time>
    </trkpt>
    <trkpt lat="45.50045909" lon="15.06020372">
        <ele>403.0</ele>
        <time>2022-08-16T17:18:24.025Z</time>
    </trkpt>
    <trkpt lat="45.50035117" lon="15.06031838">
        <ele>403.0</ele>
        <time>2022-08-16T17:18:36.025Z</time>
    </trkpt>
    <trkpt lat="45.50031044" lon="15.06035417">
        <ele>403.0</ele>
        <time>2022-08-16T17:18:41.025Z</time>
    </trkpt>
    <trkpt lat="45.5002819" lon="15.06039441">
        <ele>403.0</ele>
        <time>2022-08-16T17:18:45.025Z</time>
    </trkpt>
    <trkpt lat="45.50022067" lon="15.06044168">
        <ele>403.0</ele>
        <time>2022-08-16T17:18:52.025Z</time>
    </trkpt>
    <trkpt lat="45.50018705" lon="15.06045383">
        <ele>403.0</ele>
        <time>2022-08-16T17:18:56.025Z</time>
    </trkpt>
    <trkpt lat="45.50017096" lon="15.06046557">
        <ele>403.0</ele>
        <time>2022-08-16T17:18:58.025Z</time>
    </trkpt>
    <trkpt lat="45.50008978" lon="15.06048921">
        <ele>403.0</ele>
        <time>2022-08-16T17:19:06.025Z</time>
    </trkpt>
    <trkpt lat="45.50007729" lon="15.06050362">
        <ele>403.0</ele>
        <time>2022-08-16T17:19:08.025Z</time>
    </trkpt>
    <trkpt lat="45.50003266" lon="15.06053933">
        <ele>403.0</ele>
        <time>2022-08-16T17:19:13.025Z</time>
    </trkpt>
    <trkpt lat="45.50000751" lon="15.0605711">
        <ele>403.0</ele>
        <time>2022-08-16T17:19:16.025Z</time>
    </trkpt>
    <trkpt lat="45.49999469" lon="15.06059473">
        <ele>403.0</ele>
        <time>2022-08-16T17:19:18.025Z</time>
    </trkpt>
    <trkpt lat="45.49997763" lon="15.06060865">
        <ele>403.0</ele>
        <time>2022-08-16T17:19:20.025Z</time>
    </trkpt>
    <trkpt lat="45.49996569" lon="15.06063949">
        <ele>403.0</ele>
        <time>2022-08-16T17:19:23.025Z</time>
    </trkpt>
    <trkpt lat="45.49996498" lon="15.06065173">
        <ele>403.0</ele>
        <time>2022-08-16T17:19:24.025Z</time>
    </trkpt>
    <trkpt lat="45.49995584" lon="15.06066891">
        <ele>403.0</ele>
        <time>2022-08-16T17:19:26.025Z</time>
    </trkpt>
    <trkpt lat="45.49994033" lon="15.06068844">
        <ele>403.0</ele>
        <time>2022-08-16T17:19:29.025Z</time>
    </trkpt>
    <trkpt lat="45.49992487" lon="15.06069691">
        <ele>403.0</ele>
        <time>2022-08-16T17:19:31.025Z</time>
    </trkpt>
    <trkpt lat="45.49990521" lon="15.0607213">
        <ele>403.0</ele>
        <time>2022-08-16T17:19:34.025Z</time>
    </trkpt>
    <trkpt lat="45.49986754" lon="15.0607327">
        <ele>403.0</ele>
        <time>2022-08-16T17:19:39.025Z</time>
    </trkpt>
    <trkpt lat="45.4998488" lon="15.06072826">
        <ele>403.0</ele>
        <time>2022-08-16T17:19:41.025Z</time>
    </trkpt>
    <trkpt lat="45.49981142" lon="15.0607348">
        <ele>403.0</ele>
        <time>2022-08-16T17:19:45.025Z</time>
    </trkpt>
    <trkpt lat="45.49980765" lon="15.06074041">
        <ele>403.0</ele>
        <time>2022-08-16T17:19:46.025Z</time>
    </trkpt>
    <trkpt lat="45.49979202" lon="15.06074117">
        <ele>403.0</ele>
        <time>2022-08-16T17:19:48.025Z</time>
    </trkpt>
    <trkpt lat="45.49978254" lon="15.06074888">
        <ele>403.0</ele>
        <time>2022-08-16T17:19:49.025Z</time>
    </trkpt>
    <trkpt lat="45.49975849" lon="15.06075793">
        <ele>403.0</ele>
        <time>2022-08-16T17:19:52.025Z</time>
    </trkpt>
    <trkpt lat="45.49974629" lon="15.06078173">
        <ele>404.0</ele>
        <time>2022-08-16T17:19:56.025Z</time>
    </trkpt>
    <trkpt lat="45.49972907" lon="15.06079481">
        <ele>403.0</ele>
        <time>2022-08-16T17:19:59.025Z</time>
    </trkpt>
    <trkpt lat="45.49972504" lon="15.06080386">
        <ele>403.0</ele>
        <time>2022-08-16T17:20:00.025Z</time>
    </trkpt>
    <trkpt lat="45.49969935" lon="15.06081132">
        <ele>403.0</ele>
        <time>2022-08-16T17:20:03.025Z</time>
    </trkpt>
    <trkpt lat="45.4996794" lon="15.06081174">
        <ele>404.0</ele>
        <time>2022-08-16T17:20:06.025Z</time>
    </trkpt>
    <trkpt lat="45.49964797" lon="15.06080319">
        <ele>404.0</ele>
        <time>2022-08-16T17:20:11.025Z</time>
    </trkpt>
    <trkpt lat="45.49963548" lon="15.06081576">
        <ele>404.0</ele>
        <time>2022-08-16T17:20:13.025Z</time>
    </trkpt>
    <trkpt lat="45.4996362" lon="15.06082339">
        <ele>404.0</ele>
        <time>2022-08-16T17:20:14.025Z</time>
    </trkpt>
    <trkpt lat="45.49963083" lon="15.06082406">
        <ele>404.0</ele>
        <time>2022-08-16T17:20:15.025Z</time>
    </trkpt>
    <trkpt lat="45.49960183" lon="15.06080529">
        <ele>404.0</ele>
        <time>2022-08-16T17:20:19.025Z</time>
    </trkpt>
    <trkpt lat="45.49959324" lon="15.06080369">
        <ele>404.0</ele>
        <time>2022-08-16T17:20:20.025Z</time>
    </trkpt>
    <trkpt lat="45.49958071" lon="15.06080856">
        <ele>404.0</ele>
        <time>2022-08-16T17:20:27.025Z</time>
    </trkpt>
    <trkpt lat="45.49958318" lon="15.06081384">
        <ele>405.0</ele>
        <time>2022-08-16T17:20:29.025Z</time>
    </trkpt>
    <trkpt lat="45.49957857" lon="15.06081107">
        <ele>405.0</ele>
        <time>2022-08-16T17:20:31.025Z</time>
    </trkpt>
    <trkpt lat="45.49957945" lon="15.06082213">
        <ele>405.0</ele>
        <time>2022-08-16T17:20:37.025Z</time>
    </trkpt>
    <trkpt lat="45.49957216" lon="15.06081786">
        <ele>406.0</ele>
        <time>2022-08-16T17:20:43.025Z</time>
    </trkpt>
    <trkpt lat="45.49957266" lon="15.06081451">
        <ele>406.0</ele>
        <time>2022-08-16T17:20:44.025Z</time>
    </trkpt>
    <trkpt lat="45.4995735" lon="15.06082021">
        <ele>406.0</ele>
        <time>2022-08-16T17:20:47.025Z</time>
    </trkpt>
    <trkpt lat="45.49958071" lon="15.06082507">
        <ele>406.0</ele>
        <time>2022-08-16T17:20:49.025Z</time>
    </trkpt>
    <trkpt lat="45.49957622" lon="15.06082783">
        <ele>406.0</ele>
        <time>2022-08-16T17:20:52.025Z</time>
    </trkpt>
    <trkpt lat="45.49954068" lon="15.06082306">
        <ele>407.0</ele>
        <time>2022-08-16T17:20:57.025Z</time>
    </trkpt>
    <trkpt lat="45.49948846" lon="15.06080269">
        <ele>407.0</ele>
        <time>2022-08-16T17:21:03.025Z</time>
    </trkpt>
    <trkpt lat="45.49946701" lon="15.06080344">
        <ele>408.0</ele>
        <time>2022-08-16T17:21:05.025Z</time>
    </trkpt>
    <trkpt lat="45.49943713" lon="15.06082197">
        <ele>409.0</ele>
        <time>2022-08-16T17:21:09.025Z</time>
    </trkpt>
    <trkpt lat="45.49939832" lon="15.06087578">
        <ele>410.0</ele>
        <time>2022-08-16T17:21:15.025Z</time>
    </trkpt>
    <trkpt lat="45.4993883" lon="15.0608793">
        <ele>411.0</ele>
        <time>2022-08-16T17:21:16.025Z</time>
    </trkpt>
    <trkpt lat="45.49933902" lon="15.06091501">
        <ele>412.0</ele>
        <time>2022-08-16T17:21:22.025Z</time>
    </trkpt>
    <trkpt lat="45.4992619" lon="15.06094158">
        <ele>415.0</ele>
        <time>2022-08-16T17:21:29.025Z</time>
    </trkpt>
    <trkpt lat="45.49921471" lon="15.06096832">
        <ele>416.0</ele>
        <time>2022-08-16T17:21:34.025Z</time>
    </trkpt>
    <trkpt lat="45.49913781" lon="15.06099069">
        <ele>417.0</ele>
        <time>2022-08-16T17:21:42.025Z</time>
    </trkpt>
    <trkpt lat="45.49910587" lon="15.0610052">
        <ele>419.0</ele>
        <time>2022-08-16T17:21:46.025Z</time>
    </trkpt>
    <trkpt lat="45.49906053" lon="15.06104065">
        <ele>419.0</ele>
        <time>2022-08-16T17:21:51.025Z</time>
    </trkpt>
    <trkpt lat="45.49901614" lon="15.06108767">
        <ele>419.0</ele>
        <time>2022-08-16T17:21:56.025Z</time>
    </trkpt>
    <trkpt lat="45.49897105" lon="15.06112229">
        <ele>419.0</ele>
        <time>2022-08-16T17:22:01.025Z</time>
    </trkpt>
    <trkpt lat="45.49895014" lon="15.06113344">
        <ele>420.0</ele>
        <time>2022-08-16T17:22:03.025Z</time>
    </trkpt>
    <trkpt lat="45.49891212" lon="15.0611813">
        <ele>420.0</ele>
        <time>2022-08-16T17:22:08.025Z</time>
    </trkpt>
    <trkpt lat="45.49884608" lon="15.06129387">
        <ele>421.0</ele>
        <time>2022-08-16T17:22:18.025Z</time>
    </trkpt>
    <trkpt lat="45.49881066" lon="15.06133284">
        <ele>421.0</ele>
        <time>2022-08-16T17:22:22.025Z</time>
    </trkpt>
    <trkpt lat="45.49875811" lon="15.06136763">
        <ele>422.0</ele>
        <time>2022-08-16T17:22:27.025Z</time>
    </trkpt>
    <trkpt lat="45.49872768" lon="15.06137132">
        <ele>422.0</ele>
        <time>2022-08-16T17:22:30.025Z</time>
    </trkpt>
    <trkpt lat="45.49870585" lon="15.06137978">
        <ele>423.0</ele>
        <time>2022-08-16T17:22:33.025Z</time>
    </trkpt>
    <trkpt lat="45.49870358" lon="15.06137308">
        <ele>423.0</ele>
        <time>2022-08-16T17:22:35.025Z</time>
    </trkpt>
    <trkpt lat="45.49868883" lon="15.06137098">
        <ele>425.0</ele>
        <time>2022-08-16T17:22:38.025Z</time>
    </trkpt>
    <trkpt lat="45.49865824" lon="15.06137241">
        <ele>425.0</ele>
        <time>2022-08-16T17:22:42.025Z</time>
    </trkpt>
    <trkpt lat="45.49864822" lon="15.06137777">
        <ele>426.0</ele>
        <time>2022-08-16T17:22:44.025Z</time>
    </trkpt>
    <trkpt lat="45.49863058" lon="15.06136981">
        <ele>426.0</ele>
        <time>2022-08-16T17:22:47.025Z</time>
    </trkpt>
    <trkpt lat="45.49860836" lon="15.06136629">
        <ele>426.0</ele>
        <time>2022-08-16T17:22:50.025Z</time>
    </trkpt>
    <trkpt lat="45.49857999" lon="15.06134944">
        <ele>426.0</ele>
        <time>2022-08-16T17:22:54.025Z</time>
    </trkpt>
    <trkpt lat="45.49854152" lon="15.06134273">
        <ele>426.0</ele>
        <time>2022-08-16T17:22:58.025Z</time>
    </trkpt>
    <trkpt lat="45.49851776" lon="15.06132463">
        <ele>426.0</ele>
        <time>2022-08-16T17:23:01.025Z</time>
    </trkpt>
    <trkpt lat="45.49848062" lon="15.06130845">
        <ele>426.0</ele>
        <time>2022-08-16T17:23:05.025Z</time>
    </trkpt>
    <trkpt lat="45.49844048" lon="15.06129672">
        <ele>426.0</ele>
        <time>2022-08-16T17:23:09.025Z</time>
    </trkpt>
    <trkpt lat="45.4984054" lon="15.06129437">
        <ele>426.0</ele>
        <time>2022-08-16T17:23:12.025Z</time>
    </trkpt>
    <trkpt lat="45.49835682" lon="15.06128188">
        <ele>426.0</ele>
        <time>2022-08-16T17:23:16.025Z</time>
    </trkpt>
    <trkpt lat="45.49829765" lon="15.06127685">
        <ele>426.0</ele>
        <time>2022-08-16T17:23:21.025Z</time>
    </trkpt>
    <trkpt lat="45.49825741" lon="15.0612797">
        <ele>426.0</ele>
        <time>2022-08-16T17:23:24.025Z</time>
    </trkpt>
    <trkpt lat="45.49820763" lon="15.06127694">
        <ele>426.0</ele>
        <time>2022-08-16T17:23:28.025Z</time>
    </trkpt>
    <trkpt lat="45.49807113" lon="15.06125062">
        <ele>427.0</ele>
        <time>2022-08-16T17:23:40.025Z</time>
    </trkpt>
    <trkpt lat="45.49803718" lon="15.06124944">
        <ele>427.0</ele>
        <time>2022-08-16T17:23:43.025Z</time>
    </trkpt>
    <trkpt lat="45.49794573" lon="15.06125598">
        <ele>428.0</ele>
        <time>2022-08-16T17:23:51.025Z</time>
    </trkpt>
    <trkpt lat="45.49783949" lon="15.06124056">
        <ele>429.0</ele>
        <time>2022-08-16T17:24:01.025Z</time>
    </trkpt>
    <trkpt lat="45.49772491" lon="15.06123436">
        <ele>429.0</ele>
        <time>2022-08-16T17:24:12.025Z</time>
    </trkpt>
    <trkpt lat="45.4977035" lon="15.06123863">
        <ele>429.0</ele>
        <time>2022-08-16T17:24:14.025Z</time>
    </trkpt>
    <trkpt lat="45.49760534" lon="15.06124056">
        <ele>430.0</ele>
        <time>2022-08-16T17:24:22.025Z</time>
    </trkpt>
    <trkpt lat="45.49757949" lon="15.06124559">
        <ele>430.0</ele>
        <time>2022-08-16T17:24:24.025Z</time>
    </trkpt>
    <trkpt lat="45.49755652" lon="15.06125858">
        <ele>430.0</ele>
        <time>2022-08-16T17:24:26.025Z</time>
    </trkpt>
    <trkpt lat="45.49746641" lon="15.06128901">
        <ele>431.0</ele>
        <time>2022-08-16T17:24:33.025Z</time>
    </trkpt>
    <trkpt lat="45.49741918" lon="15.06131315">
        <ele>431.0</ele>
        <time>2022-08-16T17:24:37.025Z</time>
    </trkpt>
    <trkpt lat="45.49737769" lon="15.06134517">
        <ele>432.0</ele>
        <time>2022-08-16T17:24:41.025Z</time>
    </trkpt>
    <trkpt lat="45.4973007" lon="15.06138397">
        <ele>433.0</ele>
        <time>2022-08-16T17:24:49.025Z</time>
    </trkpt>
    <trkpt lat="45.49723792" lon="15.06143359">
        <ele>433.0</ele>
        <time>2022-08-16T17:24:56.025Z</time>
    </trkpt>
    <trkpt lat="45.4972132" lon="15.06146234">
        <ele>433.0</ele>
        <time>2022-08-16T17:24:59.025Z</time>
    </trkpt>
    <trkpt lat="45.49717707" lon="15.06148288">
        <ele>433.0</ele>
        <time>2022-08-16T17:25:03.025Z</time>
    </trkpt>
    <trkpt lat="45.49717879" lon="15.06148732">
        <ele>434.0</ele>
        <time>2022-08-16T17:25:04.025Z</time>
    </trkpt>
    <trkpt lat="45.49717954" lon="15.06148238">
        <ele>434.0</ele>
        <time>2022-08-16T17:25:12.025Z</time>
    </trkpt>
    <trkpt lat="45.49716756" lon="15.06147819">
        <ele>434.0</ele>
        <time>2022-08-16T17:25:14.025Z</time>
    </trkpt>
    <trkpt lat="45.49715783" lon="15.06147777">
        <ele>434.0</ele>
        <time>2022-08-16T17:25:15.025Z</time>
    </trkpt>
    <trkpt lat="45.49714987" lon="15.06148422">
        <ele>434.0</ele>
        <time>2022-08-16T17:25:27.025Z</time>
    </trkpt>
    <trkpt lat="45.49713789" lon="15.06147701">
        <ele>434.0</ele>
        <time>2022-08-16T17:25:30.025Z</time>
    </trkpt>
    <trkpt lat="45.49712808" lon="15.06147735">
        <ele>435.0</ele>
        <time>2022-08-16T17:25:31.025Z</time>
    </trkpt>
    <trkpt lat="45.49708097" lon="15.06151549">
        <ele>435.0</ele>
        <time>2022-08-16T17:25:37.025Z</time>
    </trkpt>
    <trkpt lat="45.49700621" lon="15.06154507">
        <ele>436.0</ele>
        <time>2022-08-16T17:25:44.025Z</time>
    </trkpt>
    <trkpt lat="45.49695709" lon="15.06157466">
        <ele>436.0</ele>
        <time>2022-08-16T17:25:49.025Z</time>
    </trkpt>
    <trkpt lat="45.49688391" lon="15.06160232">
        <ele>437.0</ele>
        <time>2022-08-16T17:25:56.025Z</time>
    </trkpt>
    <trkpt lat="45.49686619" lon="15.06161632">
        <ele>437.0</ele>
        <time>2022-08-16T17:25:58.025Z</time>
    </trkpt>
    <trkpt lat="45.49680458" lon="15.06168958">
        <ele>437.0</ele>
        <time>2022-08-16T17:26:06.025Z</time>
    </trkpt>
    <trkpt lat="45.49678497" lon="15.0617304">
        <ele>437.0</ele>
        <time>2022-08-16T17:26:09.025Z</time>
    </trkpt>
    <trkpt lat="45.49672537" lon="15.06181371">
        <ele>438.0</ele>
        <time>2022-08-16T17:26:17.025Z</time>
    </trkpt>
    <trkpt lat="45.49669344" lon="15.06183827">
        <ele>438.0</ele>
        <time>2022-08-16T17:26:20.025Z</time>
    </trkpt>
    <trkpt lat="45.4966957" lon="15.06183484">
        <ele>438.0</ele>
        <time>2022-08-16T17:26:21.025Z</time>
    </trkpt>
    <trkpt lat="45.49669842" lon="15.06184204">
        <ele>438.0</ele>
        <time>2022-08-16T17:26:22.025Z</time>
    </trkpt>
    <trkpt lat="45.49667965" lon="15.06187138">
        <ele>438.0</ele>
        <time>2022-08-16T17:26:25.025Z</time>
    </trkpt>
    <trkpt lat="45.49664268" lon="15.06195839">
        <ele>439.0</ele>
        <time>2022-08-16T17:26:31.025Z</time>
    </trkpt>
    <trkpt lat="45.49662307" lon="15.06204698">
        <ele>439.0</ele>
        <time>2022-08-16T17:26:38.025Z</time>
    </trkpt>
    <trkpt lat="45.49656599" lon="15.06219182">
        <ele>439.0</ele>
        <time>2022-08-16T17:26:48.025Z</time>
    </trkpt>
    <trkpt lat="45.49655396" lon="15.06225267">
        <ele>439.0</ele>
        <time>2022-08-16T17:26:52.025Z</time>
    </trkpt>
    <trkpt lat="45.49654336" lon="15.06236617">
        <ele>439.0</ele>
        <time>2022-08-16T17:27:00.025Z</time>
    </trkpt>
    <trkpt lat="45.49654767" lon="15.06240598">
        <ele>439.0</ele>
        <time>2022-08-16T17:27:03.025Z</time>
    </trkpt>
    <trkpt lat="45.49654554" lon="15.06243322">
        <ele>439.0</ele>
        <time>2022-08-16T17:27:05.025Z</time>
    </trkpt>
    <trkpt lat="45.4965558" lon="15.0624722">
        <ele>439.0</ele>
        <time>2022-08-16T17:27:09.025Z</time>
    </trkpt>
    <trkpt lat="45.49654629" lon="15.0625509">
        <ele>439.0</ele>
        <time>2022-08-16T17:27:15.025Z</time>
    </trkpt>
    <trkpt lat="45.49654709" lon="15.06257655">
        <ele>439.0</ele>
        <time>2022-08-16T17:27:17.025Z</time>
    </trkpt>
    <trkpt lat="45.49652601" lon="15.06264813">
        <ele>439.0</ele>
        <time>2022-08-16T17:27:22.025Z</time>
    </trkpt>
    <trkpt lat="45.49649906" lon="15.06281753">
        <ele>437.0</ele>
        <time>2022-08-16T17:27:32.025Z</time>
    </trkpt>
    <trkpt lat="45.49649981" lon="15.06283279">
        <ele>437.0</ele>
        <time>2022-08-16T17:27:33.025Z</time>
    </trkpt>
    <trkpt lat="45.49648913" lon="15.06289138">
        <ele>437.0</ele>
        <time>2022-08-16T17:27:36.025Z</time>
    </trkpt>
    <trkpt lat="45.49649596" lon="15.0629477">
        <ele>437.0</ele>
        <time>2022-08-16T17:27:39.025Z</time>
    </trkpt>
    <trkpt lat="45.49649231" lon="15.06297578">
        <ele>437.0</ele>
        <time>2022-08-16T17:27:41.025Z</time>
    </trkpt>
    <trkpt lat="45.49647408" lon="15.06305004">
        <ele>437.0</ele>
        <time>2022-08-16T17:27:46.025Z</time>
    </trkpt>
    <trkpt lat="45.4964639" lon="15.06307066">
        <ele>437.0</ele>
        <time>2022-08-16T17:27:48.025Z</time>
    </trkpt>
    <trkpt lat="45.49645744" lon="15.06312515">
        <ele>437.0</ele>
        <time>2022-08-16T17:27:53.025Z</time>
    </trkpt>
    <trkpt lat="45.49645853" lon="15.06315029">
        <ele>437.0</ele>
        <time>2022-08-16T17:27:55.025Z</time>
    </trkpt>
    <trkpt lat="45.49647471" lon="15.06320419">
        <ele>436.0</ele>
        <time>2022-08-16T17:27:59.025Z</time>
    </trkpt>
    <trkpt lat="45.49647006" lon="15.06326948">
        <ele>436.0</ele>
        <time>2022-08-16T17:28:04.025Z</time>
    </trkpt>
    <trkpt lat="45.49646067" lon="15.06330159">
        <ele>436.0</ele>
        <time>2022-08-16T17:28:06.025Z</time>
    </trkpt>
    <trkpt lat="45.49645593" lon="15.06333687">
        <ele>436.0</ele>
        <time>2022-08-16T17:28:08.025Z</time>
    </trkpt>
    <trkpt lat="45.49646059" lon="15.06347308">
        <ele>435.0</ele>
        <time>2022-08-16T17:28:15.025Z</time>
    </trkpt>
    <trkpt lat="45.49645711" lon="15.06351365">
        <ele>435.0</ele>
        <time>2022-08-16T17:28:17.025Z</time>
    </trkpt>
    <trkpt lat="45.49646884" lon="15.0635864">
        <ele>435.0</ele>
        <time>2022-08-16T17:28:21.025Z</time>
    </trkpt>
    <trkpt lat="45.49646603" lon="15.06360585">
        <ele>434.0</ele>
        <time>2022-08-16T17:28:22.025Z</time>
    </trkpt>
    <trkpt lat="45.4964802" lon="15.06367257">
        <ele>434.0</ele>
        <time>2022-08-16T17:28:26.025Z</time>
    </trkpt>
    <trkpt lat="45.49648162" lon="15.06373996">
        <ele>433.0</ele>
        <time>2022-08-16T17:28:30.025Z</time>
    </trkpt>
    <trkpt lat="45.49649466" lon="15.06385303">
        <ele>433.0</ele>
        <time>2022-08-16T17:28:37.025Z</time>
    </trkpt>
    <trkpt lat="45.49650409" lon="15.06387591">
        <ele>433.0</ele>
        <time>2022-08-16T17:28:39.025Z</time>
    </trkpt>
    <trkpt lat="45.49652588" lon="15.06390349">
        <ele>434.0</ele>
        <time>2022-08-16T17:28:42.025Z</time>
    </trkpt>
    <trkpt lat="45.4965343" lon="15.06392067">
        <ele>433.0</ele>
        <time>2022-08-16T17:28:44.025Z</time>
    </trkpt>
    <trkpt lat="45.49654881" lon="15.06399536">
        <ele>434.0</ele>
        <time>2022-08-16T17:28:51.025Z</time>
    </trkpt>
    <trkpt lat="45.4965452" lon="15.06402771">
        <ele>434.0</ele>
        <time>2022-08-16T17:28:53.025Z</time>
    </trkpt>
    <trkpt lat="45.49654793" lon="15.06404288">
        <ele>434.0</ele>
        <time>2022-08-16T17:28:54.025Z</time>
    </trkpt>
    <trkpt lat="45.49656649" lon="15.06411103">
        <ele>434.0</ele>
        <time>2022-08-16T17:28:58.025Z</time>
    </trkpt>
    <trkpt lat="45.49658359" lon="15.06414128">
        <ele>434.0</ele>
        <time>2022-08-16T17:29:01.025Z</time>
    </trkpt>
    <trkpt lat="45.49659641" lon="15.06418965">
        <ele>434.0</ele>
        <time>2022-08-16T17:29:04.025Z</time>
    </trkpt>
    <trkpt lat="45.49662604" lon="15.06422158">
        <ele>434.0</ele>
        <time>2022-08-16T17:29:08.025Z</time>
    </trkpt>
    <trkpt lat="45.49664059" lon="15.06425997">
        <ele>434.0</ele>
        <time>2022-08-16T17:29:11.025Z</time>
    </trkpt>
    <trkpt lat="45.49666054" lon="15.06429199">
        <ele>434.0</ele>
        <time>2022-08-16T17:29:14.025Z</time>
    </trkpt>
    <trkpt lat="45.49666515" lon="15.0643111">
        <ele>434.0</ele>
        <time>2022-08-16T17:29:15.025Z</time>
    </trkpt>
    <trkpt lat="45.49671615" lon="15.06442107">
        <ele>433.0</ele>
        <time>2022-08-16T17:29:22.025Z</time>
    </trkpt>
    <trkpt lat="45.49672826" lon="15.06445519">
        <ele>433.0</ele>
        <time>2022-08-16T17:29:25.025Z</time>
    </trkpt>
    <trkpt lat="45.49675936" lon="15.06458536">
        <ele>433.0</ele>
        <time>2022-08-16T17:29:33.025Z</time>
    </trkpt>
    <trkpt lat="45.49677918" lon="15.06464546">
        <ele>433.0</ele>
        <time>2022-08-16T17:29:37.025Z</time>
    </trkpt>
    <trkpt lat="45.49680315" lon="15.06467228">
        <ele>433.0</ele>
        <time>2022-08-16T17:29:40.025Z</time>
    </trkpt>
    <trkpt lat="45.49681095" lon="15.06467446">
        <ele>433.0</ele>
        <time>2022-08-16T17:29:41.025Z</time>
    </trkpt>
    <trkpt lat="45.49683752" lon="15.06471913">
        <ele>433.0</ele>
        <time>2022-08-16T17:29:44.025Z</time>
    </trkpt>
    <trkpt lat="45.49691287" lon="15.06491099">
        <ele>433.0</ele>
        <time>2022-08-16T17:29:54.025Z</time>
    </trkpt>
    <trkpt lat="45.49695177" lon="15.06495282">
        <ele>433.0</ele>
        <time>2022-08-16T17:29:58.025Z</time>
    </trkpt>
    <trkpt lat="45.49699632" lon="15.06498316">
        <ele>433.0</ele>
        <time>2022-08-16T17:30:02.025Z</time>
    </trkpt>
    <trkpt lat="45.49701681" lon="15.06500579">
        <ele>433.0</ele>
        <time>2022-08-16T17:30:04.025Z</time>
    </trkpt>
    <trkpt lat="45.49703403" lon="15.06503521">
        <ele>433.0</ele>
        <time>2022-08-16T17:30:06.025Z</time>
    </trkpt>
    <trkpt lat="45.49707033" lon="15.06506916">
        <ele>433.0</ele>
        <time>2022-08-16T17:30:09.025Z</time>
    </trkpt>
    <trkpt lat="45.49707921" lon="15.06508819">
        <ele>433.0</ele>
        <time>2022-08-16T17:30:10.025Z</time>
    </trkpt>
    <trkpt lat="45.49710205" lon="15.06511501">
        <ele>434.0</ele>
        <time>2022-08-16T17:30:13.025Z</time>
    </trkpt>
    <trkpt lat="45.49711525" lon="15.06515784">
        <ele>434.0</ele>
        <time>2022-08-16T17:30:17.025Z</time>
    </trkpt>
    <trkpt lat="45.49713747" lon="15.0651824">
        <ele>434.0</ele>
        <time>2022-08-16T17:30:20.025Z</time>
    </trkpt>
    <trkpt lat="45.49714455" lon="15.06519665">
        <ele>434.0</ele>
        <time>2022-08-16T17:30:21.025Z</time>
    </trkpt>
    <trkpt lat="45.49715725" lon="15.06520076">
        <ele>434.0</ele>
        <time>2022-08-16T17:30:22.025Z</time>
    </trkpt>
    <trkpt lat="45.49717757" lon="15.06523747">
        <ele>434.0</ele>
        <time>2022-08-16T17:30:25.025Z</time>
    </trkpt>
    <trkpt lat="45.49723097" lon="15.06529279">
        <ele>435.0</ele>
        <time>2022-08-16T17:30:31.025Z</time>
    </trkpt>
    <trkpt lat="45.49725804" lon="15.06532833">
        <ele>434.0</ele>
        <time>2022-08-16T17:30:35.025Z</time>
    </trkpt>
    <trkpt lat="45.49726839" lon="15.06533537">
        <ele>434.0</ele>
        <time>2022-08-16T17:30:36.025Z</time>
    </trkpt>
    <trkpt lat="45.49727623" lon="15.06535046">
        <ele>434.0</ele>
        <time>2022-08-16T17:30:37.025Z</time>
    </trkpt>
    <trkpt lat="45.49730624" lon="15.0653772">
        <ele>434.0</ele>
        <time>2022-08-16T17:30:40.025Z</time>
    </trkpt>
    <trkpt lat="45.49734328" lon="15.06539631">
        <ele>434.0</ele>
        <time>2022-08-16T17:30:43.025Z</time>
    </trkpt>
    <trkpt lat="45.49736315" lon="15.06541978">
        <ele>434.0</ele>
        <time>2022-08-16T17:30:45.025Z</time>
    </trkpt>
    <trkpt lat="45.49736935" lon="15.06543428">
        <ele>434.0</ele>
        <time>2022-08-16T17:30:46.025Z</time>
    </trkpt>
    <trkpt lat="45.49738109" lon="15.06543897">
        <ele>434.0</ele>
        <time>2022-08-16T17:30:47.025Z</time>
    </trkpt>
    <trkpt lat="45.4974012" lon="15.06545557">
        <ele>434.0</ele>
        <time>2022-08-16T17:30:49.025Z</time>
    </trkpt>
    <trkpt lat="45.49742006" lon="15.06546102">
        <ele>434.0</ele>
        <time>2022-08-16T17:30:51.025Z</time>
    </trkpt>
    <trkpt lat="45.49742706" lon="15.06546965">
        <ele>434.0</ele>
        <time>2022-08-16T17:30:52.025Z</time>
    </trkpt>
    <trkpt lat="45.49743871" lon="15.06547082">
        <ele>434.0</ele>
        <time>2022-08-16T17:30:53.025Z</time>
    </trkpt>
    <trkpt lat="45.49745942" lon="15.06549329">
        <ele>434.0</ele>
        <time>2022-08-16T17:30:55.025Z</time>
    </trkpt>
    <trkpt lat="45.49751469" lon="15.06551734">
        <ele>434.0</ele>
        <time>2022-08-16T17:31:00.025Z</time>
    </trkpt>
    <trkpt lat="45.49753946" lon="15.06554123">
        <ele>434.0</ele>
        <time>2022-08-16T17:31:03.025Z</time>
    </trkpt>
    <trkpt lat="45.49756515" lon="15.06553763">
        <ele>434.0</ele>
        <time>2022-08-16T17:31:06.025Z</time>
    </trkpt>
    <trkpt lat="45.49758829" lon="15.06556009">
        <ele>434.0</ele>
        <time>2022-08-16T17:31:09.025Z</time>
    </trkpt>
    <trkpt lat="45.49762001" lon="15.06556495">
        <ele>434.0</ele>
        <time>2022-08-16T17:31:12.025Z</time>
    </trkpt>
    <trkpt lat="45.49767118" lon="15.065587">
        <ele>435.0</ele>
        <time>2022-08-16T17:31:16.025Z</time>
    </trkpt>
    <trkpt lat="45.49771209" lon="15.06561457">
        <ele>435.0</ele>
        <time>2022-08-16T17:31:19.025Z</time>
    </trkpt>
    <trkpt lat="45.49773878" lon="15.0656191">
        <ele>434.0</ele>
        <time>2022-08-16T17:31:21.025Z</time>
    </trkpt>
    <trkpt lat="45.49776116" lon="15.06561482">
        <ele>434.0</ele>
        <time>2022-08-16T17:31:23.025Z</time>
    </trkpt>
    <trkpt lat="45.49780764" lon="15.06562153">
        <ele>434.0</ele>
        <time>2022-08-16T17:31:26.025Z</time>
    </trkpt>
    <trkpt lat="45.49784922" lon="15.06563486">
        <ele>433.0</ele>
        <time>2022-08-16T17:31:29.025Z</time>
    </trkpt>
    <trkpt lat="45.49786359" lon="15.0656419">
        <ele>433.0</ele>
        <time>2022-08-16T17:31:30.025Z</time>
    </trkpt>
    <trkpt lat="45.49789783" lon="15.06567107">
        <ele>433.0</ele>
        <time>2022-08-16T17:31:33.025Z</time>
    </trkpt>
    <trkpt lat="45.49794477" lon="15.06569546">
        <ele>433.0</ele>
        <time>2022-08-16T17:31:37.025Z</time>
    </trkpt>
    <trkpt lat="45.4979674" lon="15.06572823">
        <ele>434.0</ele>
        <time>2022-08-16T17:31:40.025Z</time>
    </trkpt>
    <trkpt lat="45.4979959" lon="15.06574273">
        <ele>433.0</ele>
        <time>2022-08-16T17:31:43.025Z</time>
    </trkpt>
    <trkpt lat="45.49801945" lon="15.06574684">
        <ele>433.0</ele>
        <time>2022-08-16T17:31:45.025Z</time>
    </trkpt>
    <trkpt lat="45.49806815" lon="15.06576654">
        <ele>433.0</ele>
        <time>2022-08-16T17:31:49.025Z</time>
    </trkpt>
    <trkpt lat="45.49808194" lon="15.06578699">
        <ele>433.0</ele>
        <time>2022-08-16T17:31:51.025Z</time>
    </trkpt>
    <trkpt lat="45.49810218" lon="15.06580425">
        <ele>433.0</ele>
        <time>2022-08-16T17:31:53.025Z</time>
    </trkpt>
    <trkpt lat="45.498135" lon="15.06581725">
        <ele>432.0</ele>
        <time>2022-08-16T17:31:56.025Z</time>
    </trkpt>
    <trkpt lat="45.49820096" lon="15.06583401">
        <ele>433.0</ele>
        <time>2022-08-16T17:32:01.025Z</time>
    </trkpt>
    <trkpt lat="45.49828235" lon="15.0658817">
        <ele>433.0</ele>
        <time>2022-08-16T17:32:07.025Z</time>
    </trkpt>
    <trkpt lat="45.49833235" lon="15.06589419">
        <ele>433.0</ele>
        <time>2022-08-16T17:32:11.025Z</time>
    </trkpt>
    <trkpt lat="45.49841818" lon="15.06594666">
        <ele>432.0</ele>
        <time>2022-08-16T17:32:18.025Z</time>
    </trkpt>
    <trkpt lat="45.49844726" lon="15.06595471">
        <ele>432.0</ele>
        <time>2022-08-16T17:32:20.025Z</time>
    </trkpt>
    <trkpt lat="45.49845959" lon="15.0659537">
        <ele>432.0</ele>
        <time>2022-08-16T17:32:21.025Z</time>
    </trkpt>
    <trkpt lat="45.49849902" lon="15.06596611">
        <ele>432.0</ele>
        <time>2022-08-16T17:32:24.025Z</time>
    </trkpt>
    <trkpt lat="45.49855895" lon="15.06602051">
        <ele>432.0</ele>
        <time>2022-08-16T17:32:30.025Z</time>
    </trkpt>
    <trkpt lat="45.49858272" lon="15.06603509">
        <ele>432.0</ele>
        <time>2022-08-16T17:32:32.025Z</time>
    </trkpt>
    <trkpt lat="45.49859973" lon="15.06606099">
        <ele>432.0</ele>
        <time>2022-08-16T17:32:34.025Z</time>
    </trkpt>
    <trkpt lat="45.49864713" lon="15.06610977">
        <ele>432.0</ele>
        <time>2022-08-16T17:32:38.025Z</time>
    </trkpt>
    <trkpt lat="45.49868766" lon="15.06619091">
        <ele>431.0</ele>
        <time>2022-08-16T17:32:43.025Z</time>
    </trkpt>
    <trkpt lat="45.49872047" lon="15.06627046">
        <ele>432.0</ele>
        <time>2022-08-16T17:32:47.025Z</time>
    </trkpt>
    <trkpt lat="45.49874591" lon="15.0663127">
        <ele>431.0</ele>
        <time>2022-08-16T17:32:50.025Z</time>
    </trkpt>
    <trkpt lat="45.49876884" lon="15.06638638">
        <ele>431.0</ele>
        <time>2022-08-16T17:32:54.025Z</time>
    </trkpt>
    <trkpt lat="45.49879373" lon="15.06643382">
        <ele>430.0</ele>
        <time>2022-08-16T17:32:57.025Z</time>
    </trkpt>
    <trkpt lat="45.49883648" lon="15.06657287">
        <ele>431.0</ele>
        <time>2022-08-16T17:33:05.025Z</time>
    </trkpt>
    <trkpt lat="45.49884369" lon="15.06661545">
        <ele>431.0</ele>
        <time>2022-08-16T17:33:08.025Z</time>
    </trkpt>
    <trkpt lat="45.49886682" lon="15.06667254">
        <ele>430.0</ele>
        <time>2022-08-16T17:33:12.025Z</time>
    </trkpt>
    <trkpt lat="45.49888342" lon="15.066695">
        <ele>430.0</ele>
        <time>2022-08-16T17:33:14.025Z</time>
    </trkpt>
    <trkpt lat="45.49889427" lon="15.06672626">
        <ele>430.0</ele>
        <time>2022-08-16T17:33:16.025Z</time>
    </trkpt>
    <trkpt lat="45.49892658" lon="15.06679089">
        <ele>429.0</ele>
        <time>2022-08-16T17:33:21.025Z</time>
    </trkpt>
    <trkpt lat="45.49895181" lon="15.06684948">
        <ele>429.0</ele>
        <time>2022-08-16T17:33:25.025Z</time>
    </trkpt>
    <trkpt lat="45.49897092" lon="15.06690798">
        <ele>429.0</ele>
        <time>2022-08-16T17:33:28.025Z</time>
    </trkpt>
    <trkpt lat="45.49902176" lon="15.06699281">
        <ele>428.0</ele>
        <time>2022-08-16T17:33:35.025Z</time>
    </trkpt>
    <trkpt lat="45.49902159" lon="15.06701033">
        <ele>429.0</ele>
        <time>2022-08-16T17:33:39.025Z</time>
    </trkpt>
    <trkpt lat="45.49902759" lon="15.06701024">
        <ele>429.0</ele>
        <time>2022-08-16T17:33:43.025Z</time>
    </trkpt>
    <trkpt lat="45.4990236" lon="15.06702181">
        <ele>429.0</ele>
        <time>2022-08-16T17:33:46.025Z</time>
    </trkpt>
    <trkpt lat="45.49902541" lon="15.06703011">
        <ele>430.0</ele>
        <time>2022-08-16T17:33:50.025Z</time>
    </trkpt>
    <trkpt lat="45.49902281" lon="15.06702491">
        <ele>430.0</ele>
        <time>2022-08-16T17:33:56.025Z</time>
    </trkpt>
    <trkpt lat="45.49902834" lon="15.06701594">
        <ele>430.0</ele>
        <time>2022-08-16T17:33:59.025Z</time>
    </trkpt>
    <trkpt lat="45.49903236" lon="15.06702458">
        <ele>430.0</ele>
        <time>2022-08-16T17:34:05.025Z</time>
    </trkpt>
    <trkpt lat="45.49902348" lon="15.06704285">
        <ele>430.0</ele>
        <time>2022-08-16T17:34:29.025Z</time>
    </trkpt>
    <trkpt lat="45.49903966" lon="15.06706255">
        <ele>430.0</ele>
        <time>2022-08-16T17:34:33.025Z</time>
    </trkpt>
    <trkpt lat="45.49905311" lon="15.06708786">
        <ele>430.0</ele>
        <time>2022-08-16T17:34:37.025Z</time>
    </trkpt>
    <trkpt lat="45.4990521" lon="15.06710705">
        <ele>430.0</ele>
        <time>2022-08-16T17:34:39.025Z</time>
    </trkpt>
    <trkpt lat="45.49905872" lon="15.06712206">
        <ele>430.0</ele>
        <time>2022-08-16T17:34:41.025Z</time>
    </trkpt>
    <trkpt lat="45.4990547" lon="15.06713103">
        <ele>430.0</ele>
        <time>2022-08-16T17:34:47.025Z</time>
    </trkpt>
    <trkpt lat="45.49906929" lon="15.06718148">
        <ele>430.0</ele>
        <time>2022-08-16T17:34:54.025Z</time>
    </trkpt>
    <trkpt lat="45.49908735" lon="15.06728894">
        <ele>429.0</ele>
        <time>2022-08-16T17:35:00.025Z</time>
    </trkpt>
    <trkpt lat="45.49909896" lon="15.06732381">
        <ele>429.0</ele>
        <time>2022-08-16T17:35:03.025Z</time>
    </trkpt>
    <trkpt lat="45.49912142" lon="15.06745197">
        <ele>429.0</ele>
        <time>2022-08-16T17:35:14.025Z</time>
    </trkpt>
    <trkpt lat="45.49912582" lon="15.06750788">
        <ele>429.0</ele>
        <time>2022-08-16T17:35:18.025Z</time>
    </trkpt>
    <trkpt lat="45.49911891" lon="15.06752456">
        <ele>429.0</ele>
        <time>2022-08-16T17:35:22.025Z</time>
    </trkpt>
    <trkpt lat="45.49913366" lon="15.06769337">
        <ele>429.0</ele>
        <time>2022-08-16T17:35:41.025Z</time>
    </trkpt>
    <trkpt lat="45.49914032" lon="15.0677269">
        <ele>429.0</ele>
        <time>2022-08-16T17:35:43.025Z</time>
    </trkpt>
    <trkpt lat="45.49916002" lon="15.06777886">
        <ele>428.0</ele>
        <time>2022-08-16T17:35:47.025Z</time>
    </trkpt>
    <trkpt lat="45.49914556" lon="15.067874">
        <ele>428.0</ele>
        <time>2022-08-16T17:35:54.025Z</time>
    </trkpt>
    <trkpt lat="45.49909996" lon="15.06807684">
        <ele>429.0</ele>
        <time>2022-08-16T17:36:06.025Z</time>
    </trkpt>
    <trkpt lat="45.49908307" lon="15.06817985">
        <ele>429.0</ele>
        <time>2022-08-16T17:36:13.025Z</time>
    </trkpt>
    <trkpt lat="45.4990783" lon="15.0683117">
        <ele>430.0</ele>
        <time>2022-08-16T17:36:20.025Z</time>
    </trkpt>
    <trkpt lat="45.49909083" lon="15.0683868">
        <ele>429.0</ele>
        <time>2022-08-16T17:36:25.025Z</time>
    </trkpt>
    <trkpt lat="45.49910562" lon="15.06859082">
        <ele>430.0</ele>
        <time>2022-08-16T17:36:37.025Z</time>
    </trkpt>
    <trkpt lat="45.49912071" lon="15.06866341">
        <ele>430.0</ele>
        <time>2022-08-16T17:36:41.025Z</time>
    </trkpt>
    <trkpt lat="45.49912591" lon="15.06871613">
        <ele>430.0</ele>
        <time>2022-08-16T17:36:44.025Z</time>
    </trkpt>
    <trkpt lat="45.49915222" lon="15.06880372">
        <ele>429.0</ele>
        <time>2022-08-16T17:36:51.025Z</time>
    </trkpt>
    <trkpt lat="45.49917544" lon="15.06883892">
        <ele>429.0</ele>
        <time>2022-08-16T17:36:55.025Z</time>
    </trkpt>
    <trkpt lat="45.49919204" lon="15.06887698">
        <ele>429.0</ele>
        <time>2022-08-16T17:36:58.025Z</time>
    </trkpt>
    <trkpt lat="45.49924275" lon="15.06896482">
        <ele>429.0</ele>
        <time>2022-08-16T17:37:06.025Z</time>
    </trkpt>
    <trkpt lat="45.49926106" lon="15.06901167">
        <ele>429.0</ele>
        <time>2022-08-16T17:37:10.025Z</time>
    </trkpt>
    <trkpt lat="45.49932426" lon="15.06909968">
        <ele>429.0</ele>
        <time>2022-08-16T17:37:19.025Z</time>
    </trkpt>
    <trkpt lat="45.49932896" lon="15.06914637">
        <ele>429.0</ele>
        <time>2022-08-16T17:37:23.025Z</time>
    </trkpt>
    <trkpt lat="45.49934434" lon="15.06918627">
        <ele>430.0</ele>
        <time>2022-08-16T17:37:27.025Z</time>
    </trkpt>
    <trkpt lat="45.49935465" lon="15.06922985">
        <ele>430.0</ele>
        <time>2022-08-16T17:37:30.025Z</time>
    </trkpt>
    <trkpt lat="45.49938436" lon="15.06928727">
        <ele>430.0</ele>
        <time>2022-08-16T17:37:35.025Z</time>
    </trkpt>
    <trkpt lat="45.49944576" lon="15.06934083">
        <ele>430.0</ele>
        <time>2022-08-16T17:37:42.025Z</time>
    </trkpt>
    <trkpt lat="45.4994761" lon="15.06935533">
        <ele>430.0</ele>
        <time>2022-08-16T17:37:45.025Z</time>
    </trkpt>
    <trkpt lat="45.49948348" lon="15.06936598">
        <ele>430.0</ele>
        <time>2022-08-16T17:37:46.025Z</time>
    </trkpt>
    <trkpt lat="45.49951323" lon="15.06938676">
        <ele>430.0</ele>
        <time>2022-08-16T17:37:49.025Z</time>
    </trkpt>
    <trkpt lat="45.49953528" lon="15.06939347">
        <ele>431.0</ele>
        <time>2022-08-16T17:37:51.025Z</time>
    </trkpt>
    <trkpt lat="45.4995629" lon="15.06941786">
        <ele>430.0</ele>
        <time>2022-08-16T17:37:54.025Z</time>
    </trkpt>
    <trkpt lat="45.49957849" lon="15.06943848">
        <ele>430.0</ele>
        <time>2022-08-16T17:37:56.025Z</time>
    </trkpt>
    <trkpt lat="45.49958842" lon="15.06943865">
        <ele>430.0</ele>
        <time>2022-08-16T17:37:57.025Z</time>
    </trkpt>
    <trkpt lat="45.49961809" lon="15.06945038">
        <ele>430.0</ele>
        <time>2022-08-16T17:38:00.025Z</time>
    </trkpt>
    <trkpt lat="45.49963456" lon="15.06946404">
        <ele>430.0</ele>
        <time>2022-08-16T17:38:02.025Z</time>
    </trkpt>
    <trkpt lat="45.4996517" lon="15.06946807">
        <ele>430.0</ele>
        <time>2022-08-16T17:38:04.025Z</time>
    </trkpt>
    <trkpt lat="45.49967735" lon="15.06949179">
        <ele>430.0</ele>
        <time>2022-08-16T17:38:07.025Z</time>
    </trkpt>
    <trkpt lat="45.4996867" lon="15.06949447">
        <ele>430.0</ele>
        <time>2022-08-16T17:38:08.025Z</time>
    </trkpt>
    <trkpt lat="45.49969479" lon="15.06950838">
        <ele>430.0</ele>
        <time>2022-08-16T17:38:09.025Z</time>
    </trkpt>
    <trkpt lat="45.49970606" lon="15.06951459">
        <ele>430.0</ele>
        <time>2022-08-16T17:38:10.025Z</time>
    </trkpt>
    <trkpt lat="45.4997504" lon="15.06956262">
        <ele>430.0</ele>
        <time>2022-08-16T17:38:15.025Z</time>
    </trkpt>
    <trkpt lat="45.49976599" lon="15.06958852">
        <ele>430.0</ele>
        <time>2022-08-16T17:38:18.025Z</time>
    </trkpt>
    <trkpt lat="45.49979629" lon="15.06961064">
        <ele>430.0</ele>
        <time>2022-08-16T17:38:21.025Z</time>
    </trkpt>
    <trkpt lat="45.49981842" lon="15.06961735">
        <ele>430.0</ele>
        <time>2022-08-16T17:38:23.025Z</time>
    </trkpt>
    <trkpt lat="45.49984599" lon="15.06964945">
        <ele>430.0</ele>
        <time>2022-08-16T17:38:27.025Z</time>
    </trkpt>
    <trkpt lat="45.49990023" lon="15.06967653">
        <ele>430.0</ele>
        <time>2022-08-16T17:38:32.025Z</time>
    </trkpt>
    <trkpt lat="45.49991364" lon="15.06969497">
        <ele>430.0</ele>
        <time>2022-08-16T17:38:34.025Z</time>
    </trkpt>
    <trkpt lat="45.49993468" lon="15.06971165">
        <ele>430.0</ele>
        <time>2022-08-16T17:38:37.025Z</time>
    </trkpt>
    <trkpt lat="45.49993782" lon="15.06972061">
        <ele>430.0</ele>
        <time>2022-08-16T17:38:38.025Z</time>
    </trkpt>
    <trkpt lat="45.49994566" lon="15.06972439">
        <ele>430.0</ele>
        <time>2022-08-16T17:38:39.025Z</time>
    </trkpt>
    <trkpt lat="45.49997575" lon="15.06975691">
        <ele>430.0</ele>
        <time>2022-08-16T17:38:43.025Z</time>
    </trkpt>
    <trkpt lat="45.50004435" lon="15.06981097">
        <ele>429.0</ele>
        <time>2022-08-16T17:38:51.025Z</time>
    </trkpt>
    <trkpt lat="45.50004976" lon="15.06982019">
        <ele>429.0</ele>
        <time>2022-08-16T17:38:52.025Z</time>
    </trkpt>
    <trkpt lat="45.50005148" lon="15.06984819">
        <ele>430.0</ele>
        <time>2022-08-16T17:38:56.025Z</time>
    </trkpt>
    <trkpt lat="45.50008568" lon="15.06989982">
        <ele>429.0</ele>
        <time>2022-08-16T17:39:03.025Z</time>
    </trkpt>
    <trkpt lat="45.50011225" lon="15.06991499">
        <ele>429.0</ele>
        <time>2022-08-16T17:39:06.025Z</time>
    </trkpt>
    <trkpt lat="45.50012184" lon="15.06992564">
        <ele>429.0</ele>
        <time>2022-08-16T17:39:07.025Z</time>
    </trkpt>
    <trkpt lat="45.50020503" lon="15.06996746">
        <ele>427.0</ele>
        <time>2022-08-16T17:39:14.025Z</time>
    </trkpt>
    <trkpt lat="45.50025604" lon="15.07000895">
        <ele>427.0</ele>
        <time>2022-08-16T17:39:19.025Z</time>
    </trkpt>
    <trkpt lat="45.50027611" lon="15.07001733">
        <ele>427.0</ele>
        <time>2022-08-16T17:39:21.025Z</time>
    </trkpt>
    <trkpt lat="45.50028998" lon="15.0700351">
        <ele>427.0</ele>
        <time>2022-08-16T17:39:22.025Z</time>
    </trkpt>
    <trkpt lat="45.50031073" lon="15.07005212">
        <ele>427.0</ele>
        <time>2022-08-16T17:39:24.025Z</time>
    </trkpt>
    <trkpt lat="45.50037137" lon="15.07009177">
        <ele>426.0</ele>
        <time>2022-08-16T17:39:29.025Z</time>
    </trkpt>
    <trkpt lat="45.50037812" lon="15.07010099">
        <ele>426.0</ele>
        <time>2022-08-16T17:39:30.025Z</time>
    </trkpt>
    <trkpt lat="45.5004199" lon="15.07012563">
        <ele>426.0</ele>
        <time>2022-08-16T17:39:34.025Z</time>
    </trkpt>
    <trkpt lat="45.50045159" lon="15.07013183">
        <ele>426.0</ele>
        <time>2022-08-16T17:39:37.025Z</time>
    </trkpt>
    <trkpt lat="45.50052878" lon="15.07016578">
        <ele>426.0</ele>
        <time>2022-08-16T17:39:43.025Z</time>
    </trkpt>
    <trkpt lat="45.50057589" lon="15.07021171">
        <ele>426.0</ele>
        <time>2022-08-16T17:39:48.025Z</time>
    </trkpt>
    <trkpt lat="45.50061193" lon="15.07023593">
        <ele>426.0</ele>
        <time>2022-08-16T17:39:51.025Z</time>
    </trkpt>
    <trkpt lat="45.50064513" lon="15.07026636">
        <ele>426.0</ele>
        <time>2022-08-16T17:39:54.025Z</time>
    </trkpt>
    <trkpt lat="45.50068175" lon="15.07029033">
        <ele>426.0</ele>
        <time>2022-08-16T17:39:58.025Z</time>
    </trkpt>
    <trkpt lat="45.50069609" lon="15.0703128">
        <ele>427.0</ele>
        <time>2022-08-16T17:40:00.025Z</time>
    </trkpt>
    <trkpt lat="45.50072283" lon="15.07032746">
        <ele>427.0</ele>
        <time>2022-08-16T17:40:02.025Z</time>
    </trkpt>
    <trkpt lat="45.50073997" lon="15.07034758">
        <ele>428.0</ele>
        <time>2022-08-16T17:40:04.025Z</time>
    </trkpt>
    <trkpt lat="45.50079654" lon="15.07037918">
        <ele>428.0</ele>
        <time>2022-08-16T17:40:08.025Z</time>
    </trkpt>
    <trkpt lat="45.50087282" lon="15.07047071">
        <ele>429.0</ele>
        <time>2022-08-16T17:40:16.025Z</time>
    </trkpt>
    <trkpt lat="45.50088166" lon="15.07047591">
        <ele>429.0</ele>
        <time>2022-08-16T17:40:17.025Z</time>
    </trkpt>
    <trkpt lat="45.50088925" lon="15.07049074">
        <ele>429.0</ele>
        <time>2022-08-16T17:40:18.025Z</time>
    </trkpt>
    <trkpt lat="45.50100794" lon="15.07063835">
        <ele>428.0</ele>
        <time>2022-08-16T17:40:31.025Z</time>
    </trkpt>
    <trkpt lat="45.50104645" lon="15.07067397">
        <ele>428.0</ele>
        <time>2022-08-16T17:40:35.025Z</time>
    </trkpt>
    <trkpt lat="45.50107239" lon="15.070708">
        <ele>428.0</ele>
        <time>2022-08-16T17:40:38.025Z</time>
    </trkpt>
    <trkpt lat="45.50109565" lon="15.07072099">
        <ele>428.0</ele>
        <time>2022-08-16T17:40:40.025Z</time>
    </trkpt>
    <trkpt lat="45.5011037" lon="15.07071982">
        <ele>428.0</ele>
        <time>2022-08-16T17:40:41.025Z</time>
    </trkpt>
    <trkpt lat="45.50113257" lon="15.07073969">
        <ele>427.0</ele>
        <time>2022-08-16T17:40:44.025Z</time>
    </trkpt>
    <trkpt lat="45.50115546" lon="15.07077816">
        <ele>427.0</ele>
        <time>2022-08-16T17:40:47.025Z</time>
    </trkpt>
    <trkpt lat="45.50123731" lon="15.07087757">
        <ele>427.0</ele>
        <time>2022-08-16T17:40:56.025Z</time>
    </trkpt>
    <trkpt lat="45.50124137" lon="15.07089425">
        <ele>427.0</ele>
        <time>2022-08-16T17:40:57.025Z</time>
    </trkpt>
    <trkpt lat="45.50130847" lon="15.07099626">
        <ele>426.0</ele>
        <time>2022-08-16T17:41:05.025Z</time>
    </trkpt>
    <trkpt lat="45.50132456" lon="15.07102786">
        <ele>427.0</ele>
        <time>2022-08-16T17:41:07.025Z</time>
    </trkpt>
    <trkpt lat="45.50135784" lon="15.07107195">
        <ele>427.0</ele>
        <time>2022-08-16T17:41:10.025Z</time>
    </trkpt>
    <trkpt lat="45.50138655" lon="15.07110137">
        <ele>427.0</ele>
        <time>2022-08-16T17:41:13.025Z</time>
    </trkpt>
    <trkpt lat="45.5014184" lon="15.07115149">
        <ele>426.0</ele>
        <time>2022-08-16T17:41:17.025Z</time>
    </trkpt>
    <trkpt lat="45.50144484" lon="15.07120379">
        <ele>426.0</ele>
        <time>2022-08-16T17:41:21.025Z</time>
    </trkpt>
    <trkpt lat="45.50147942" lon="15.07124998">
        <ele>426.0</ele>
        <time>2022-08-16T17:41:25.025Z</time>
    </trkpt>
    <trkpt lat="45.50149233" lon="15.07125945">
        <ele>426.0</ele>
        <time>2022-08-16T17:41:26.025Z</time>
    </trkpt>
    <trkpt lat="45.50150792" lon="15.0712794">
        <ele>426.0</ele>
        <time>2022-08-16T17:41:28.025Z</time>
    </trkpt>
    <trkpt lat="45.50155154" lon="15.07136037">
        <ele>426.0</ele>
        <time>2022-08-16T17:41:36.025Z</time>
    </trkpt>
    <trkpt lat="45.50160037" lon="15.07140831">
        <ele>426.0</ele>
        <time>2022-08-16T17:41:41.025Z</time>
    </trkpt>
    <trkpt lat="45.50161344" lon="15.07142843">
        <ele>425.0</ele>
        <time>2022-08-16T17:41:43.025Z</time>
    </trkpt>
    <trkpt lat="45.50166093" lon="15.07146154">
        <ele>425.0</ele>
        <time>2022-08-16T17:41:48.025Z</time>
    </trkpt>
    <trkpt lat="45.50167224" lon="15.07147889">
        <ele>425.0</ele>
        <time>2022-08-16T17:41:49.025Z</time>
    </trkpt>
    <trkpt lat="45.50178712" lon="15.07158366">
        <ele>424.0</ele>
        <time>2022-08-16T17:42:00.025Z</time>
    </trkpt>
    <trkpt lat="45.50183301" lon="15.07160663">
        <ele>424.0</ele>
        <time>2022-08-16T17:42:04.025Z</time>
    </trkpt>
    <trkpt lat="45.5018696" lon="15.07164585">
        <ele>424.0</ele>
        <time>2022-08-16T17:42:08.025Z</time>
    </trkpt>
    <trkpt lat="45.5019048" lon="15.07167058">
        <ele>424.0</ele>
        <time>2022-08-16T17:42:11.025Z</time>
    </trkpt>
    <trkpt lat="45.50196217" lon="15.07170176">
        <ele>423.0</ele>
        <time>2022-08-16T17:42:15.025Z</time>
    </trkpt>
    <trkpt lat="45.50199579" lon="15.0717306">
        <ele>424.0</ele>
        <time>2022-08-16T17:42:18.025Z</time>
    </trkpt>
    <trkpt lat="45.50203258" lon="15.0717492">
        <ele>423.0</ele>
        <time>2022-08-16T17:42:21.025Z</time>
    </trkpt>
    <trkpt lat="45.50205873" lon="15.07177494">
        <ele>424.0</ele>
        <time>2022-08-16T17:42:24.025Z</time>
    </trkpt>
    <trkpt lat="45.50208493" lon="15.07178994">
        <ele>424.0</ele>
        <time>2022-08-16T17:42:27.025Z</time>
    </trkpt>
    <trkpt lat="45.50213358" lon="15.07184115">
        <ele>423.0</ele>
        <time>2022-08-16T17:42:31.025Z</time>
    </trkpt>
    <trkpt lat="45.50215437" lon="15.07188524">
        <ele>424.0</ele>
        <time>2022-08-16T17:42:35.025Z</time>
    </trkpt>
    <trkpt lat="45.5022265" lon="15.07193436">
        <ele>423.0</ele>
        <time>2022-08-16T17:42:42.025Z</time>
    </trkpt>
    <trkpt lat="45.50225202" lon="15.07196194">
        <ele>423.0</ele>
        <time>2022-08-16T17:42:45.025Z</time>
    </trkpt>
    <trkpt lat="45.50232193" lon="15.07208372">
        <ele>423.0</ele>
        <time>2022-08-16T17:42:57.025Z</time>
    </trkpt>
    <trkpt lat="45.50232285" lon="15.07210694">
        <ele>423.0</ele>
        <time>2022-08-16T17:43:06.025Z</time>
    </trkpt>
    <trkpt lat="45.50234166" lon="15.07214047">
        <ele>423.0</ele>
        <time>2022-08-16T17:43:09.025Z</time>
    </trkpt>
    <trkpt lat="45.50235294" lon="15.07217132">
        <ele>423.0</ele>
        <time>2022-08-16T17:43:12.025Z</time>
    </trkpt>
    <trkpt lat="45.50237653" lon="15.07220962">
        <ele>423.0</ele>
        <time>2022-08-16T17:43:15.025Z</time>
    </trkpt>
    <trkpt lat="45.50240713" lon="15.07224801">
        <ele>423.0</ele>
        <time>2022-08-16T17:43:19.025Z</time>
    </trkpt>
    <trkpt lat="45.50242066" lon="15.07228707">
        <ele>423.0</ele>
        <time>2022-08-16T17:43:22.025Z</time>
    </trkpt>
    <trkpt lat="45.50244401" lon="15.07232747">
        <ele>422.0</ele>
        <time>2022-08-16T17:43:26.025Z</time>
    </trkpt>
    <trkpt lat="45.50246178" lon="15.07237868">
        <ele>422.0</ele>
        <time>2022-08-16T17:43:30.025Z</time>
    </trkpt>
    <trkpt lat="45.50247653" lon="15.07240123">
        <ele>422.0</ele>
        <time>2022-08-16T17:43:32.025Z</time>
    </trkpt>
    <trkpt lat="45.50251094" lon="15.07250726">
        <ele>422.0</ele>
        <time>2022-08-16T17:43:39.025Z</time>
    </trkpt>
    <trkpt lat="45.50254472" lon="15.0726697">
        <ele>421.0</ele>
        <time>2022-08-16T17:43:50.025Z</time>
    </trkpt>
    <trkpt lat="45.50255733" lon="15.07271916">
        <ele>420.0</ele>
        <time>2022-08-16T17:43:54.025Z</time>
    </trkpt>
    <trkpt lat="45.5025699" lon="15.07275051">
        <ele>420.0</ele>
        <time>2022-08-16T17:43:56.025Z</time>
    </trkpt>
    <trkpt lat="45.50257389" lon="15.07280407">
        <ele>419.0</ele>
        <time>2022-08-16T17:44:00.025Z</time>
    </trkpt>
    <trkpt lat="45.50259744" lon="15.07292359">
        <ele>419.0</ele>
        <time>2022-08-16T17:44:08.025Z</time>
    </trkpt>
    <trkpt lat="45.50264237" lon="15.07304228">
        <ele>418.0</ele>
        <time>2022-08-16T17:44:15.025Z</time>
    </trkpt>
    <trkpt lat="45.50266868" lon="15.07319625">
        <ele>417.0</ele>
        <time>2022-08-16T17:44:24.025Z</time>
    </trkpt>
    <trkpt lat="45.50266852" lon="15.07323515">
        <ele>417.0</ele>
        <time>2022-08-16T17:44:26.025Z</time>
    </trkpt>
    <trkpt lat="45.50267853" lon="15.07329776">
        <ele>417.0</ele>
        <time>2022-08-16T17:44:30.025Z</time>
    </trkpt>
    <trkpt lat="45.50268486" lon="15.07342315">
        <ele>418.0</ele>
        <time>2022-08-16T17:44:37.025Z</time>
    </trkpt>
    <trkpt lat="45.50268025" lon="15.07351577">
        <ele>418.0</ele>
        <time>2022-08-16T17:44:42.025Z</time>
    </trkpt>
    <trkpt lat="45.50266747" lon="15.07359129">
        <ele>418.0</ele>
        <time>2022-08-16T17:44:47.025Z</time>
    </trkpt>
    <trkpt lat="45.50266948" lon="15.07362734">
        <ele>418.0</ele>
        <time>2022-08-16T17:44:50.025Z</time>
    </trkpt>
    <trkpt lat="45.50266294" lon="15.07367754">
        <ele>417.0</ele>
        <time>2022-08-16T17:44:53.025Z</time>
    </trkpt>
    <trkpt lat="45.50267036" lon="15.07380235">
        <ele>417.0</ele>
        <time>2022-08-16T17:45:00.025Z</time>
    </trkpt>
    <trkpt lat="45.50266261" lon="15.07397443">
        <ele>416.0</ele>
        <time>2022-08-16T17:45:10.025Z</time>
    </trkpt>
    <trkpt lat="45.50265217" lon="15.0740404">
        <ele>416.0</ele>
        <time>2022-08-16T17:45:14.025Z</time>
    </trkpt>
    <trkpt lat="45.5026523" lon="15.07414115">
        <ele>416.0</ele>
        <time>2022-08-16T17:45:20.025Z</time>
    </trkpt>
    <trkpt lat="45.5026492" lon="15.07415464">
        <ele>416.0</ele>
        <time>2022-08-16T17:45:21.025Z</time>
    </trkpt>
    <trkpt lat="45.50265703" lon="15.07424458">
        <ele>416.0</ele>
        <time>2022-08-16T17:45:27.025Z</time>
    </trkpt>
    <trkpt lat="45.50264995" lon="15.07434826">
        <ele>415.0</ele>
        <time>2022-08-16T17:45:33.025Z</time>
    </trkpt>
    <trkpt lat="45.50265247" lon="15.07436545">
        <ele>415.0</ele>
        <time>2022-08-16T17:45:34.025Z</time>
    </trkpt>
    <trkpt lat="45.50264903" lon="15.074446">
        <ele>414.0</ele>
        <time>2022-08-16T17:45:39.025Z</time>
    </trkpt>
    <trkpt lat="45.50263038" lon="15.07456309">
        <ele>414.0</ele>
        <time>2022-08-16T17:45:47.025Z</time>
    </trkpt>
    <trkpt lat="45.50260708" lon="15.0746081">
        <ele>414.0</ele>
        <time>2022-08-16T17:45:50.025Z</time>
    </trkpt>
    <trkpt lat="45.50259321" lon="15.07466636">
        <ele>414.0</ele>
        <time>2022-08-16T17:45:54.025Z</time>
    </trkpt>
    <trkpt lat="45.50256873" lon="15.07473584">
        <ele>413.0</ele>
        <time>2022-08-16T17:45:58.025Z</time>
    </trkpt>
    <trkpt lat="45.50255251" lon="15.07480835">
        <ele>413.0</ele>
        <time>2022-08-16T17:46:02.025Z</time>
    </trkpt>
    <trkpt lat="45.50254534" lon="15.07484506">
        <ele>413.0</ele>
        <time>2022-08-16T17:46:04.025Z</time>
    </trkpt>
    <trkpt lat="45.50253847" lon="15.0750023">
        <ele>412.0</ele>
        <time>2022-08-16T17:46:13.025Z</time>
    </trkpt>
    <trkpt lat="45.50252167" lon="15.07506064">
        <ele>412.0</ele>
        <time>2022-08-16T17:46:18.025Z</time>
    </trkpt>
    <trkpt lat="45.50250628" lon="15.0751764">
        <ele>411.0</ele>
        <time>2022-08-16T17:46:25.025Z</time>
    </trkpt>
    <trkpt lat="45.50250075" lon="15.07535242">
        <ele>410.0</ele>
        <time>2022-08-16T17:46:35.025Z</time>
    </trkpt>
    <trkpt lat="45.50250851" lon="15.0753929">
        <ele>410.0</ele>
        <time>2022-08-16T17:46:38.025Z</time>
    </trkpt>
    <trkpt lat="45.50251479" lon="15.07540287">
        <ele>409.0</ele>
        <time>2022-08-16T17:46:39.025Z</time>
    </trkpt>
    <trkpt lat="45.50251965" lon="15.0754499">
        <ele>409.0</ele>
        <time>2022-08-16T17:46:42.025Z</time>
    </trkpt>
    <trkpt lat="45.50253143" lon="15.07548694">
        <ele>409.0</ele>
        <time>2022-08-16T17:46:44.025Z</time>
    </trkpt>
    <trkpt lat="45.50253361" lon="15.07550346">
        <ele>408.0</ele>
        <time>2022-08-16T17:46:45.025Z</time>
    </trkpt>
    <trkpt lat="45.50252837" lon="15.0755312">
        <ele>408.0</ele>
        <time>2022-08-16T17:46:48.025Z</time>
    </trkpt>
    <trkpt lat="45.50254698" lon="15.07562323">
        <ele>407.0</ele>
        <time>2022-08-16T17:46:54.025Z</time>
    </trkpt>
    <trkpt lat="45.50254019" lon="15.07569037">
        <ele>407.0</ele>
        <time>2022-08-16T17:46:58.025Z</time>
    </trkpt>
    <trkpt lat="45.50254363" lon="15.07575944">
        <ele>407.0</ele>
        <time>2022-08-16T17:47:05.025Z</time>
    </trkpt>
    <trkpt lat="45.50254912" lon="15.07576598">
        <ele>406.0</ele>
        <time>2022-08-16T17:47:08.025Z</time>
    </trkpt>
    <trkpt lat="45.50255276" lon="15.07576472">
        <ele>406.0</ele>
        <time>2022-08-16T17:47:10.025Z</time>
    </trkpt>
    <trkpt lat="45.50255331" lon="15.07577403">
        <ele>406.0</ele>
        <time>2022-08-16T17:47:13.025Z</time>
    </trkpt>
    <trkpt lat="45.50255892" lon="15.07577386">
        <ele>406.0</ele>
        <time>2022-08-16T17:47:15.025Z</time>
    </trkpt>
    <trkpt lat="45.50255884" lon="15.07581795">
        <ele>405.0</ele>
        <time>2022-08-16T17:47:18.025Z</time>
    </trkpt>
    <trkpt lat="45.50255025" lon="15.07589456">
        <ele>404.0</ele>
        <time>2022-08-16T17:47:23.025Z</time>
    </trkpt>
    <trkpt lat="45.50254497" lon="15.07589858">
        <ele>404.0</ele>
        <time>2022-08-16T17:47:24.025Z</time>
    </trkpt>
    <trkpt lat="45.50254442" lon="15.07590805">
        <ele>404.0</ele>
        <time>2022-08-16T17:47:25.025Z</time>
    </trkpt>
    <trkpt lat="45.50253512" lon="15.0759166">
        <ele>405.0</ele>
        <time>2022-08-16T17:47:27.025Z</time>
    </trkpt>
    <trkpt lat="45.50253386" lon="15.07590327">
        <ele>405.0</ele>
        <time>2022-08-16T17:47:28.025Z</time>
    </trkpt>
    <trkpt lat="45.50253449" lon="15.07593077">
        <ele>404.0</ele>
        <time>2022-08-16T17:47:38.025Z</time>
    </trkpt>
    <trkpt lat="45.5025399" lon="15.07594577">
        <ele>404.0</ele>
        <time>2022-08-16T17:47:39.025Z</time>
    </trkpt>
    <trkpt lat="45.502544" lon="15.07595172">
        <ele>404.0</ele>
        <time>2022-08-16T17:47:40.025Z</time>
    </trkpt>
    <trkpt lat="45.50255008" lon="15.0759399">
        <ele>404.0</ele>
        <time>2022-08-16T17:47:42.025Z</time>
    </trkpt>
    <trkpt lat="45.50253445" lon="15.07591425">
        <ele>405.0</ele>
        <time>2022-08-16T17:47:46.025Z</time>
    </trkpt>
    <trkpt lat="45.50253118" lon="15.07591702">
        <ele>405.0</ele>
        <time>2022-08-16T17:47:47.025Z</time>
    </trkpt>
    <trkpt lat="45.5025334" lon="15.0759197">
        <ele>405.0</ele>
        <time>2022-08-16T17:48:03.025Z</time>
    </trkpt>
    <trkpt lat="45.50251446" lon="15.07600838">
        <ele>405.0</ele>
        <time>2022-08-16T17:48:09.025Z</time>
    </trkpt>
    <trkpt lat="45.50251278" lon="15.07603847">
        <ele>405.0</ele>
        <time>2022-08-16T17:48:11.025Z</time>
    </trkpt>
    <trkpt lat="45.50251877" lon="15.07611877">
        <ele>404.0</ele>
        <time>2022-08-16T17:48:16.025Z</time>
    </trkpt>
    <trkpt lat="45.50252473" lon="15.0761342">
        <ele>404.0</ele>
        <time>2022-08-16T17:48:17.025Z</time>
    </trkpt>
    <trkpt lat="45.50252137" lon="15.07619128">
        <ele>403.0</ele>
        <time>2022-08-16T17:48:21.025Z</time>
    </trkpt>
    <trkpt lat="45.5025316" lon="15.07624886">
        <ele>403.0</ele>
        <time>2022-08-16T17:48:27.025Z</time>
    </trkpt>
    <trkpt lat="45.50253198" lon="15.07635321">
        <ele>404.0</ele>
        <time>2022-08-16T17:48:33.025Z</time>
    </trkpt>
    <trkpt lat="45.50253587" lon="15.07640208">
        <ele>404.0</ele>
        <time>2022-08-16T17:48:36.025Z</time>
    </trkpt>
    <trkpt lat="45.50254094" lon="15.07641776">
        <ele>404.0</ele>
        <time>2022-08-16T17:48:37.025Z</time>
    </trkpt>
    <trkpt lat="45.50253499" lon="15.07642798">
        <ele>404.0</ele>
        <time>2022-08-16T17:48:39.025Z</time>
    </trkpt>
    <trkpt lat="45.50255892" lon="15.0765123">
        <ele>405.0</ele>
        <time>2022-08-16T17:48:47.025Z</time>
    </trkpt>
    <trkpt lat="45.50255934" lon="15.07653762">
        <ele>405.0</ele>
        <time>2022-08-16T17:48:50.025Z</time>
    </trkpt>
    <trkpt lat="45.50256596" lon="15.07654885">
        <ele>405.0</ele>
        <time>2022-08-16T17:48:52.025Z</time>
    </trkpt>
    <trkpt lat="45.50256295" lon="15.07657198">
        <ele>406.0</ele>
        <time>2022-08-16T17:49:07.025Z</time>
    </trkpt>
    <trkpt lat="45.50256982" lon="15.07661674">
        <ele>406.0</ele>
        <time>2022-08-16T17:49:11.025Z</time>
    </trkpt>
    <trkpt lat="45.50258759" lon="15.07667089">
        <ele>405.0</ele>
        <time>2022-08-16T17:49:15.025Z</time>
    </trkpt>
    <trkpt lat="45.50260087" lon="15.07675362">
        <ele>404.0</ele>
        <time>2022-08-16T17:49:21.025Z</time>
    </trkpt>
    <trkpt lat="45.50261177" lon="15.07678689">
        <ele>404.0</ele>
        <time>2022-08-16T17:49:24.025Z</time>
    </trkpt>
    <trkpt lat="45.50260825" lon="15.07687013">
        <ele>404.0</ele>
        <time>2022-08-16T17:49:29.025Z</time>
    </trkpt>
    <trkpt lat="45.5026199" lon="15.07692738">
        <ele>404.0</ele>
        <time>2022-08-16T17:49:32.025Z</time>
    </trkpt>
    <trkpt lat="45.50261064" lon="15.07699829">
        <ele>403.0</ele>
        <time>2022-08-16T17:49:37.025Z</time>
    </trkpt>
    <trkpt lat="45.50262032" lon="15.07702737">
        <ele>403.0</ele>
        <time>2022-08-16T17:49:40.025Z</time>
    </trkpt>
    <trkpt lat="45.50262514" lon="15.07707716">
        <ele>403.0</ele>
        <time>2022-08-16T17:49:43.025Z</time>
    </trkpt>
    <trkpt lat="45.50261353" lon="15.07713944">
        <ele>402.0</ele>
        <time>2022-08-16T17:49:47.025Z</time>
    </trkpt>
    <trkpt lat="45.50262267" lon="15.07719761">
        <ele>402.0</ele>
        <time>2022-08-16T17:49:51.025Z</time>
    </trkpt>
    <trkpt lat="45.50262698" lon="15.07726433">
        <ele>402.0</ele>
        <time>2022-08-16T17:49:54.025Z</time>
    </trkpt>
    <trkpt lat="45.50263335" lon="15.07728294">
        <ele>402.0</ele>
        <time>2022-08-16T17:49:55.025Z</time>
    </trkpt>
    <trkpt lat="45.50263013" lon="15.07733834">
        <ele>401.0</ele>
        <time>2022-08-16T17:49:58.025Z</time>
    </trkpt>
    <trkpt lat="45.50263704" lon="15.07740045">
        <ele>401.0</ele>
        <time>2022-08-16T17:50:02.025Z</time>
    </trkpt>
    <trkpt lat="45.50263281" lon="15.07752433">
        <ele>401.0</ele>
        <time>2022-08-16T17:50:09.025Z</time>
    </trkpt>
    <trkpt lat="45.50263893" lon="15.0775525">
        <ele>401.0</ele>
        <time>2022-08-16T17:50:11.025Z</time>
    </trkpt>
    <trkpt lat="45.50265226" lon="15.07770974">
        <ele>401.0</ele>
        <time>2022-08-16T17:50:20.025Z</time>
    </trkpt>
    <trkpt lat="45.5026647" lon="15.07776741">
        <ele>401.0</ele>
        <time>2022-08-16T17:50:24.025Z</time>
    </trkpt>
    <trkpt lat="45.50266357" lon="15.07780203">
        <ele>401.0</ele>
        <time>2022-08-16T17:50:26.025Z</time>
    </trkpt>
    <trkpt lat="45.50265762" lon="15.07782784">
        <ele>401.0</ele>
        <time>2022-08-16T17:50:28.025Z</time>
    </trkpt>
    <trkpt lat="45.50265754" lon="15.0778861">
        <ele>401.0</ele>
        <time>2022-08-16T17:50:32.025Z</time>
    </trkpt>
    <trkpt lat="45.50267024" lon="15.07795961">
        <ele>401.0</ele>
        <time>2022-08-16T17:50:37.025Z</time>
    </trkpt>
    <trkpt lat="45.50267522" lon="15.07805139">
        <ele>401.0</ele>
        <time>2022-08-16T17:50:42.025Z</time>
    </trkpt>
    <trkpt lat="45.50269408" lon="15.07814007">
        <ele>401.0</ele>
        <time>2022-08-16T17:50:47.025Z</time>
    </trkpt>
    <trkpt lat="45.50270523" lon="15.0782482">
        <ele>402.0</ele>
        <time>2022-08-16T17:50:53.025Z</time>
    </trkpt>
    <trkpt lat="45.50273624" lon="15.07833671">
        <ele>402.0</ele>
        <time>2022-08-16T17:50:59.025Z</time>
    </trkpt>
    <trkpt lat="45.50276466" lon="15.07844727">
        <ele>402.0</ele>
        <time>2022-08-16T17:51:05.025Z</time>
    </trkpt>
    <trkpt lat="45.50277572" lon="15.07851742">
        <ele>403.0</ele>
        <time>2022-08-16T17:51:09.025Z</time>
    </trkpt>
    <trkpt lat="45.50279064" lon="15.07855263">
        <ele>403.0</ele>
        <time>2022-08-16T17:51:12.025Z</time>
    </trkpt>
    <trkpt lat="45.50280196" lon="15.07859906">
        <ele>404.0</ele>
        <time>2022-08-16T17:51:15.025Z</time>
    </trkpt>
    <trkpt lat="45.50285053" lon="15.07871389">
        <ele>404.0</ele>
        <time>2022-08-16T17:51:25.025Z</time>
    </trkpt>
    <trkpt lat="45.50289428" lon="15.07880308">
        <ele>403.0</ele>
        <time>2022-08-16T17:51:33.025Z</time>
    </trkpt>
    <trkpt lat="45.50292613" lon="15.07901564">
        <ele>402.0</ele>
        <time>2022-08-16T17:51:44.025Z</time>
    </trkpt>
    <trkpt lat="45.50293284" lon="15.0791801">
        <ele>401.0</ele>
        <time>2022-08-16T17:51:53.025Z</time>
    </trkpt>
    <trkpt lat="45.50294248" lon="15.07921346">
        <ele>401.0</ele>
        <time>2022-08-16T17:51:55.025Z</time>
    </trkpt>
    <trkpt lat="45.50297039" lon="15.07944832">
        <ele>402.0</ele>
        <time>2022-08-16T17:52:08.025Z</time>
    </trkpt>
    <trkpt lat="45.50297303" lon="15.07958787">
        <ele>401.0</ele>
        <time>2022-08-16T17:52:16.025Z</time>
    </trkpt>
    <trkpt lat="45.50298242" lon="15.07967153">
        <ele>400.0</ele>
        <time>2022-08-16T17:52:21.025Z</time>
    </trkpt>
    <trkpt lat="45.50298514" lon="15.07974696">
        <ele>400.0</ele>
        <time>2022-08-16T17:52:25.025Z</time>
    </trkpt>
    <trkpt lat="45.50297982" lon="15.07978971">
        <ele>401.0</ele>
        <time>2022-08-16T17:52:27.025Z</time>
    </trkpt>
    <trkpt lat="45.5029636" lon="15.07983749">
        <ele>401.0</ele>
        <time>2022-08-16T17:52:30.025Z</time>
    </trkpt>
    <trkpt lat="45.50295861" lon="15.07987546">
        <ele>401.0</ele>
        <time>2022-08-16T17:52:32.025Z</time>
    </trkpt>
    <trkpt lat="45.50294114" lon="15.0799317">
        <ele>400.0</ele>
        <time>2022-08-16T17:52:36.025Z</time>
    </trkpt>
    <trkpt lat="45.50293988" lon="15.07996808">
        <ele>400.0</ele>
        <time>2022-08-16T17:52:39.025Z</time>
    </trkpt>
    <trkpt lat="45.50293003" lon="15.08000177">
        <ele>400.0</ele>
        <time>2022-08-16T17:52:41.025Z</time>
    </trkpt>
    <trkpt lat="45.50291017" lon="15.08005349">
        <ele>399.0</ele>
        <time>2022-08-16T17:52:45.025Z</time>
    </trkpt>
    <trkpt lat="45.50288519" lon="15.08010252">
        <ele>399.0</ele>
        <time>2022-08-16T17:52:49.025Z</time>
    </trkpt>
    <trkpt lat="45.50285761" lon="15.08018324">
        <ele>398.0</ele>
        <time>2022-08-16T17:52:55.025Z</time>
    </trkpt>
    <trkpt lat="45.50284315" lon="15.0802109">
        <ele>398.0</ele>
        <time>2022-08-16T17:52:57.025Z</time>
    </trkpt>
    <trkpt lat="45.50280183" lon="15.08033495">
        <ele>398.0</ele>
        <time>2022-08-16T17:53:05.025Z</time>
    </trkpt>
    <trkpt lat="45.50276315" lon="15.08039396">
        <ele>397.0</ele>
        <time>2022-08-16T17:53:11.025Z</time>
    </trkpt>
    <trkpt lat="45.50273867" lon="15.08042305">
        <ele>397.0</ele>
        <time>2022-08-16T17:53:14.025Z</time>
    </trkpt>
    <trkpt lat="45.50271831" lon="15.08047041">
        <ele>396.0</ele>
        <time>2022-08-16T17:53:17.025Z</time>
    </trkpt>
    <trkpt lat="45.50268528" lon="15.08052397">
        <ele>396.0</ele>
        <time>2022-08-16T17:53:21.025Z</time>
    </trkpt>
    <trkpt lat="45.50267019" lon="15.08056353">
        <ele>396.0</ele>
        <time>2022-08-16T17:53:23.025Z</time>
    </trkpt>
    <trkpt lat="45.50265469" lon="15.08059169">
        <ele>396.0</ele>
        <time>2022-08-16T17:53:25.025Z</time>
    </trkpt>
    <trkpt lat="45.5026422" lon="15.08060209">
        <ele>396.0</ele>
        <time>2022-08-16T17:53:26.025Z</time>
    </trkpt>
    <trkpt lat="45.50260955" lon="15.08069647">
        <ele>396.0</ele>
        <time>2022-08-16T17:53:31.025Z</time>
    </trkpt>
    <trkpt lat="45.50258218" lon="15.08073477">
        <ele>396.0</ele>
        <time>2022-08-16T17:53:34.025Z</time>
    </trkpt>
    <trkpt lat="45.50256823" lon="15.08077945">
        <ele>396.0</ele>
        <time>2022-08-16T17:53:37.025Z</time>
    </trkpt>
    <trkpt lat="45.50254342" lon="15.08081448">
        <ele>395.0</ele>
        <time>2022-08-16T17:53:40.025Z</time>
    </trkpt>
    <trkpt lat="45.50253675" lon="15.080847">
        <ele>396.0</ele>
        <time>2022-08-16T17:53:42.025Z</time>
    </trkpt>
    <trkpt lat="45.50252208" lon="15.08087332">
        <ele>396.0</ele>
        <time>2022-08-16T17:53:44.025Z</time>
    </trkpt>
    <trkpt lat="45.50250197" lon="15.08089813">
        <ele>396.0</ele>
        <time>2022-08-16T17:53:46.025Z</time>
    </trkpt>
    <trkpt lat="45.50248956" lon="15.08092345">
        <ele>396.0</ele>
        <time>2022-08-16T17:53:49.025Z</time>
    </trkpt>
    <trkpt lat="45.50247678" lon="15.08097391">
        <ele>396.0</ele>
        <time>2022-08-16T17:53:53.025Z</time>
    </trkpt>
    <trkpt lat="45.5024785" lon="15.0809926">
        <ele>396.0</ele>
        <time>2022-08-16T17:53:54.025Z</time>
    </trkpt>
    <trkpt lat="45.50247062" lon="15.0810584">
        <ele>396.0</ele>
        <time>2022-08-16T17:53:58.025Z</time>
    </trkpt>
    <trkpt lat="45.50242519" lon="15.08118672">
        <ele>395.0</ele>
        <time>2022-08-16T17:54:08.025Z</time>
    </trkpt>
    <trkpt lat="45.50241446" lon="15.08124171">
        <ele>396.0</ele>
        <time>2022-08-16T17:54:12.025Z</time>
    </trkpt>
    <trkpt lat="45.5023687" lon="15.08131362">
        <ele>396.0</ele>
        <time>2022-08-16T17:54:18.025Z</time>
    </trkpt>
    <trkpt lat="45.50235948" lon="15.0813386">
        <ele>396.0</ele>
        <time>2022-08-16T17:54:20.025Z</time>
    </trkpt>
    <trkpt lat="45.50234544" lon="15.08135939">
        <ele>396.0</ele>
        <time>2022-08-16T17:54:23.025Z</time>
    </trkpt>
    <trkpt lat="45.50233659" lon="15.08136685">
        <ele>396.0</ele>
        <time>2022-08-16T17:54:25.025Z</time>
    </trkpt>
    <trkpt lat="45.50230483" lon="15.08137967">
        <ele>397.0</ele>
        <time>2022-08-16T17:54:29.025Z</time>
    </trkpt>
    <trkpt lat="45.50228819" lon="15.0813925">
        <ele>398.0</ele>
        <time>2022-08-16T17:54:32.025Z</time>
    </trkpt>
    <trkpt lat="45.50227054" lon="15.08139116">
        <ele>398.0</ele>
        <time>2022-08-16T17:54:38.025Z</time>
    </trkpt>
    <trkpt lat="45.50227193" lon="15.08140247">
        <ele>399.0</ele>
        <time>2022-08-16T17:54:40.025Z</time>
    </trkpt>
    <trkpt lat="45.50227788" lon="15.08140314">
        <ele>399.0</ele>
        <time>2022-08-16T17:54:41.025Z</time>
    </trkpt>
    <trkpt lat="45.50227524" lon="15.08139778">
        <ele>400.0</ele>
        <time>2022-08-16T17:54:43.025Z</time>
    </trkpt>
    <trkpt lat="45.50227955" lon="15.08138211">
        <ele>401.0</ele>
        <time>2022-08-16T17:54:50.025Z</time>
    </trkpt>
    <trkpt lat="45.5022674" lon="15.081407">
        <ele>402.0</ele>
        <time>2022-08-16T17:54:54.025Z</time>
    </trkpt>
    <trkpt lat="45.50226975" lon="15.08142133">
        <ele>402.0</ele>
        <time>2022-08-16T17:54:56.025Z</time>
    </trkpt>
    <trkpt lat="45.50225537" lon="15.08143835">
        <ele>402.0</ele>
        <time>2022-08-16T17:55:01.025Z</time>
    </trkpt>
    <trkpt lat="45.50224443" lon="15.08143986">
        <ele>402.0</ele>
        <time>2022-08-16T17:55:03.025Z</time>
    </trkpt>
    <trkpt lat="45.50223911" lon="15.08144715">
        <ele>402.0</ele>
        <time>2022-08-16T17:55:06.025Z</time>
    </trkpt>
    <trkpt lat="45.50222189" lon="15.08144489">
        <ele>402.0</ele>
        <time>2022-08-16T17:55:09.025Z</time>
    </trkpt>
    <trkpt lat="45.50219339" lon="15.08145008">
        <ele>402.0</ele>
        <time>2022-08-16T17:55:12.025Z</time>
    </trkpt>
    <trkpt lat="45.5021488" lon="15.08144028">
        <ele>402.0</ele>
        <time>2022-08-16T17:55:17.025Z</time>
    </trkpt>
    <trkpt lat="45.50213287" lon="15.08143131">
        <ele>402.0</ele>
        <time>2022-08-16T17:55:19.025Z</time>
    </trkpt>
    <trkpt lat="45.50212197" lon="15.08143198">
        <ele>402.0</ele>
        <time>2022-08-16T17:55:20.025Z</time>
    </trkpt>
    <trkpt lat="45.50209666" lon="15.08143508">
        <ele>402.0</ele>
        <time>2022-08-16T17:55:23.025Z</time>
    </trkpt>
    <trkpt lat="45.50204951" lon="15.08146165">
        <ele>403.0</ele>
        <time>2022-08-16T17:55:27.025Z</time>
    </trkpt>
    <trkpt lat="45.50200065" lon="15.08150222">
        <ele>403.0</ele>
        <time>2022-08-16T17:55:33.025Z</time>
    </trkpt>
    <trkpt lat="45.501968" lon="15.08155377">
        <ele>404.0</ele>
        <time>2022-08-16T17:55:37.025Z</time>
    </trkpt>
    <trkpt lat="45.50192127" lon="15.08159735">
        <ele>404.0</ele>
        <time>2022-08-16T17:55:41.025Z</time>
    </trkpt>
    <trkpt lat="45.50187957" lon="15.08163339">
        <ele>404.0</ele>
        <time>2022-08-16T17:55:44.025Z</time>
    </trkpt>
    <trkpt lat="45.50186071" lon="15.08163918">
        <ele>404.0</ele>
        <time>2022-08-16T17:55:45.025Z</time>
    </trkpt>
    <trkpt lat="45.50182299" lon="15.08166407">
        <ele>404.0</ele>
        <time>2022-08-16T17:55:48.025Z</time>
    </trkpt>
    <trkpt lat="45.50177802" lon="15.08170732">
        <ele>405.0</ele>
        <time>2022-08-16T17:55:53.025Z</time>
    </trkpt>
    <trkpt lat="45.50175715" lon="15.08173549">
        <ele>405.0</ele>
        <time>2022-08-16T17:55:56.025Z</time>
    </trkpt>
    <trkpt lat="45.50171688" lon="15.08176373">
        <ele>406.0</ele>
        <time>2022-08-16T17:56:00.025Z</time>
    </trkpt>
    <trkpt lat="45.50166952" lon="15.08180891">
        <ele>405.0</ele>
        <time>2022-08-16T17:56:05.025Z</time>
    </trkpt>
    <trkpt lat="45.50161831" lon="15.08184135">
        <ele>405.0</ele>
        <time>2022-08-16T17:56:09.025Z</time>
    </trkpt>
    <trkpt lat="45.50156563" lon="15.08189139">
        <ele>406.0</ele>
        <time>2022-08-16T17:56:14.025Z</time>
    </trkpt>
    <trkpt lat="45.50148223" lon="15.08201083">
        <ele>406.0</ele>
        <time>2022-08-16T17:56:24.025Z</time>
    </trkpt>
    <trkpt lat="45.50145712" lon="15.08203925">
        <ele>407.0</ele>
        <time>2022-08-16T17:56:27.025Z</time>
    </trkpt>
    <trkpt lat="45.50144174" lon="15.08210974">
        <ele>406.0</ele>
        <time>2022-08-16T17:56:32.025Z</time>
    </trkpt>
    <trkpt lat="45.50143504" lon="15.08211829">
        <ele>406.0</ele>
        <time>2022-08-16T17:56:33.025Z</time>
    </trkpt>
    <trkpt lat="45.50142192" lon="15.08212181">
        <ele>407.0</ele>
        <time>2022-08-16T17:56:35.025Z</time>
    </trkpt>
    <trkpt lat="45.50141819" lon="15.08214218">
        <ele>408.0</ele>
        <time>2022-08-16T17:56:53.025Z</time>
    </trkpt>
    <trkpt lat="45.50139635" lon="15.08214804">
        <ele>408.0</ele>
        <time>2022-08-16T17:56:56.025Z</time>
    </trkpt>
    <trkpt lat="45.50138139" lon="15.08215827">
        <ele>408.0</ele>
        <time>2022-08-16T17:56:58.025Z</time>
    </trkpt>
    <trkpt lat="45.50137272" lon="15.08217227">
        <ele>409.0</ele>
        <time>2022-08-16T17:57:00.025Z</time>
    </trkpt>
    <trkpt lat="45.50138143" lon="15.08219364">
        <ele>409.0</ele>
        <time>2022-08-16T17:57:04.025Z</time>
    </trkpt>
    <trkpt lat="45.50137221" lon="15.08220789">
        <ele>409.0</ele>
        <time>2022-08-16T17:57:11.025Z</time>
    </trkpt>
    <trkpt lat="45.50137456" lon="15.08222474">
        <ele>410.0</ele>
        <time>2022-08-16T17:57:19.025Z</time>
    </trkpt>
    <trkpt lat="45.50136257" lon="15.08224293">
        <ele>409.0</ele>
        <time>2022-08-16T17:57:24.025Z</time>
    </trkpt>
    <trkpt lat="45.5013373" lon="15.08221652">
        <ele>410.0</ele>
        <time>2022-08-16T17:57:35.025Z</time>
    </trkpt>
    <trkpt lat="45.50130486" lon="15.08221736">
        <ele>411.0</ele>
        <time>2022-08-16T17:57:38.025Z</time>
    </trkpt>
    <trkpt lat="45.50125797" lon="15.08220797">
        <ele>411.0</ele>
        <time>2022-08-16T17:57:41.025Z</time>
    </trkpt>
    <trkpt lat="45.50124384" lon="15.08221015">
        <ele>411.0</ele>
        <time>2022-08-16T17:57:42.025Z</time>
    </trkpt>
    <trkpt lat="45.5012156" lon="15.08221979">
        <ele>410.0</ele>
        <time>2022-08-16T17:57:44.025Z</time>
    </trkpt>
    <trkpt lat="45.50119498" lon="15.08223505">
        <ele>410.0</ele>
        <time>2022-08-16T17:57:46.025Z</time>
    </trkpt>
    <trkpt lat="45.5011607" lon="15.0822721">
        <ele>410.0</ele>
        <time>2022-08-16T17:57:50.025Z</time>
    </trkpt>
    <trkpt lat="45.50113044" lon="15.08228777">
        <ele>410.0</ele>
        <time>2022-08-16T17:57:53.025Z</time>
    </trkpt>
    <trkpt lat="45.5010874" lon="15.08231954">
        <ele>410.0</ele>
        <time>2022-08-16T17:57:57.025Z</time>
    </trkpt>
    <trkpt lat="45.50102508" lon="15.08239062">
        <ele>410.0</ele>
        <time>2022-08-16T17:58:04.025Z</time>
    </trkpt>
    <trkpt lat="45.50099524" lon="15.08241744">
        <ele>409.0</ele>
        <time>2022-08-16T17:58:07.025Z</time>
    </trkpt>
    <trkpt lat="45.50097462" lon="15.08243035">
        <ele>409.0</ele>
        <time>2022-08-16T17:58:09.025Z</time>
    </trkpt>
    <trkpt lat="45.50091293" lon="15.08251207">
        <ele>408.0</ele>
        <time>2022-08-16T17:58:18.025Z</time>
    </trkpt>
    <trkpt lat="45.5008615" lon="15.08255842">
        <ele>408.0</ele>
        <time>2022-08-16T17:58:23.025Z</time>
    </trkpt>
    <trkpt lat="45.50084994" lon="15.08258457">
        <ele>407.0</ele>
        <time>2022-08-16T17:58:25.025Z</time>
    </trkpt>
    <trkpt lat="45.50082031" lon="15.08261592">
        <ele>407.0</ele>
        <time>2022-08-16T17:58:28.025Z</time>
    </trkpt>
    <trkpt lat="45.50076402" lon="15.08266898">
        <ele>407.0</ele>
        <time>2022-08-16T17:58:34.025Z</time>
    </trkpt>
    <trkpt lat="45.50069584" lon="15.08270284">
        <ele>407.0</ele>
        <time>2022-08-16T17:58:40.025Z</time>
    </trkpt>
    <trkpt lat="45.50067069" lon="15.08273084">
        <ele>407.0</ele>
        <time>2022-08-16T17:58:43.025Z</time>
    </trkpt>
    <trkpt lat="45.50061059" lon="15.08281357">
        <ele>406.0</ele>
        <time>2022-08-16T17:58:50.025Z</time>
    </trkpt>
    <trkpt lat="45.50054764" lon="15.08288205">
        <ele>406.0</ele>
        <time>2022-08-16T17:58:56.025Z</time>
    </trkpt>
    <trkpt lat="45.50051814" lon="15.08290811">
        <ele>406.0</ele>
        <time>2022-08-16T17:58:59.025Z</time>
    </trkpt>
    <trkpt lat="45.50047967" lon="15.08295438">
        <ele>404.0</ele>
        <time>2022-08-16T17:59:03.025Z</time>
    </trkpt>
    <trkpt lat="45.5004559" lon="15.0829745">
        <ele>404.0</ele>
        <time>2022-08-16T17:59:05.025Z</time>
    </trkpt>
    <trkpt lat="45.50043855" lon="15.08299948">
        <ele>404.0</ele>
        <time>2022-08-16T17:59:07.025Z</time>
    </trkpt>
    <trkpt lat="45.50040025" lon="15.08303049">
        <ele>403.0</ele>
        <time>2022-08-16T17:59:11.025Z</time>
    </trkpt>
    <trkpt lat="45.50038432" lon="15.08305572">
        <ele>403.0</ele>
        <time>2022-08-16T17:59:13.025Z</time>
    </trkpt>
    <trkpt lat="45.50033307" lon="15.08311096">
        <ele>402.0</ele>
        <time>2022-08-16T17:59:18.025Z</time>
    </trkpt>
    <trkpt lat="45.50022461" lon="15.08319754">
        <ele>402.0</ele>
        <time>2022-08-16T17:59:28.025Z</time>
    </trkpt>
    <trkpt lat="45.50016928" lon="15.08322788">
        <ele>402.0</ele>
        <time>2022-08-16T17:59:34.025Z</time>
    </trkpt>
    <trkpt lat="45.50014946" lon="15.08323358">
        <ele>402.0</ele>
        <time>2022-08-16T17:59:36.025Z</time>
    </trkpt>
    <trkpt lat="45.50012742" lon="15.08323149">
        <ele>402.0</ele>
        <time>2022-08-16T17:59:38.025Z</time>
    </trkpt>
    <trkpt lat="45.50009578" lon="15.08324842">
        <ele>402.0</ele>
        <time>2022-08-16T17:59:41.025Z</time>
    </trkpt>
    <trkpt lat="45.50005395" lon="15.0832516">
        <ele>402.0</ele>
        <time>2022-08-16T17:59:44.025Z</time>
    </trkpt>
    <trkpt lat="45.50002952" lon="15.0832599">
        <ele>402.0</ele>
        <time>2022-08-16T17:59:46.025Z</time>
    </trkpt>
    <trkpt lat="45.50001803" lon="15.08325906">
        <ele>402.0</ele>
        <time>2022-08-16T17:59:47.025Z</time>
    </trkpt>
    <trkpt lat="45.4999444" lon="15.08327633">
        <ele>403.0</ele>
        <time>2022-08-16T17:59:54.025Z</time>
    </trkpt>
    <trkpt lat="45.49988526" lon="15.0832817">
        <ele>401.0</ele>
        <time>2022-08-16T18:00:00.025Z</time>
    </trkpt>
    <trkpt lat="45.49982948" lon="15.08326979">
        <ele>402.0</ele>
        <time>2022-08-16T18:00:05.025Z</time>
    </trkpt>
    <trkpt lat="45.49980543" lon="15.08327063">
        <ele>402.0</ele>
        <time>2022-08-16T18:00:07.025Z</time>
    </trkpt>
    <trkpt lat="45.49975421" lon="15.08326091">
        <ele>402.0</ele>
        <time>2022-08-16T18:00:12.025Z</time>
    </trkpt>
    <trkpt lat="45.49964449" lon="15.0832247">
        <ele>403.0</ele>
        <time>2022-08-16T18:00:21.025Z</time>
    </trkpt>
    <trkpt lat="45.49960321" lon="15.08319193">
        <ele>403.0</ele>
        <time>2022-08-16T18:00:25.025Z</time>
    </trkpt>
    <trkpt lat="45.49957941" lon="15.08318128">
        <ele>402.0</ele>
        <time>2022-08-16T18:00:28.025Z</time>
    </trkpt>
    <trkpt lat="45.49954789" lon="15.08315563">
        <ele>402.0</ele>
        <time>2022-08-16T18:00:31.025Z</time>
    </trkpt>
    <trkpt lat="45.49950661" lon="15.08310442">
        <ele>403.0</ele>
        <time>2022-08-16T18:00:35.025Z</time>
    </trkpt>
    <trkpt lat="45.49942418" lon="15.08304357">
        <ele>404.0</ele>
        <time>2022-08-16T18:00:44.025Z</time>
    </trkpt>
    <trkpt lat="45.49938298" lon="15.08300811">
        <ele>405.0</ele>
        <time>2022-08-16T18:00:49.025Z</time>
    </trkpt>
    <trkpt lat="45.49937028" lon="15.08297492">
        <ele>405.0</ele>
        <time>2022-08-16T18:00:52.025Z</time>
    </trkpt>
    <trkpt lat="45.49935012" lon="15.08295564">
        <ele>405.0</ele>
        <time>2022-08-16T18:00:54.025Z</time>
    </trkpt>
    <trkpt lat="45.4992966" lon="15.08287802">
        <ele>404.0</ele>
        <time>2022-08-16T18:01:00.025Z</time>
    </trkpt>
    <trkpt lat="45.49921517" lon="15.08271106">
        <ele>405.0</ele>
        <time>2022-08-16T18:01:13.025Z</time>
    </trkpt>
    <trkpt lat="45.49914774" lon="15.08262523">
        <ele>406.0</ele>
        <time>2022-08-16T18:01:22.025Z</time>
    </trkpt>
    <trkpt lat="45.49912871" lon="15.08260813">
        <ele>406.0</ele>
        <time>2022-08-16T18:01:24.025Z</time>
    </trkpt>
    <trkpt lat="45.49908416" lon="15.0825886">
        <ele>406.0</ele>
        <time>2022-08-16T18:01:30.025Z</time>
    </trkpt>
    <trkpt lat="45.49905437" lon="15.0825637">
        <ele>406.0</ele>
        <time>2022-08-16T18:01:34.025Z</time>
    </trkpt>
    <trkpt lat="45.49899766" lon="15.08253537">
        <ele>406.0</ele>
        <time>2022-08-16T18:01:40.025Z</time>
    </trkpt>
    <trkpt lat="45.49893153" lon="15.08252615">
        <ele>406.0</ele>
        <time>2022-08-16T18:01:46.025Z</time>
    </trkpt>
    <trkpt lat="45.49891581" lon="15.08251634">
        <ele>406.0</ele>
        <time>2022-08-16T18:01:48.025Z</time>
    </trkpt>
    <trkpt lat="45.49878975" lon="15.08250872">
        <ele>407.0</ele>
        <time>2022-08-16T18:02:01.025Z</time>
    </trkpt>
    <trkpt lat="45.498654" lon="15.08246278">
        <ele>407.0</ele>
        <time>2022-08-16T18:02:15.025Z</time>
    </trkpt>
    <trkpt lat="45.49858267" lon="15.08245541">
        <ele>407.0</ele>
        <time>2022-08-16T18:02:23.025Z</time>
    </trkpt>
    <trkpt lat="45.49855061" lon="15.08243764">
        <ele>408.0</ele>
        <time>2022-08-16T18:02:26.025Z</time>
    </trkpt>
    <trkpt lat="45.49853595" lon="15.08242473">
        <ele>408.0</ele>
        <time>2022-08-16T18:02:28.025Z</time>
    </trkpt>
    <trkpt lat="45.49848431" lon="15.08234116">
        <ele>408.0</ele>
        <time>2022-08-16T18:02:36.025Z</time>
    </trkpt>
    <trkpt lat="45.49845967" lon="15.08227947">
        <ele>409.0</ele>
        <time>2022-08-16T18:02:41.025Z</time>
    </trkpt>
    <trkpt lat="45.49839613" lon="15.08215827">
        <ele>410.0</ele>
        <time>2022-08-16T18:02:53.025Z</time>
    </trkpt>
    <trkpt lat="45.49836923" lon="15.08208803">
        <ele>410.0</ele>
        <time>2022-08-16T18:02:59.025Z</time>
    </trkpt>
    <trkpt lat="45.4983261" lon="15.08199616">
        <ele>410.0</ele>
        <time>2022-08-16T18:03:07.025Z</time>
    </trkpt>
    <trkpt lat="45.49828893" lon="15.08193674">
        <ele>411.0</ele>
        <time>2022-08-16T18:03:12.025Z</time>
    </trkpt>
    <trkpt lat="45.49822384" lon="15.08176667">
        <ele>410.0</ele>
        <time>2022-08-16T18:03:24.025Z</time>
    </trkpt>
    <trkpt lat="45.49821567" lon="15.08173021">
        <ele>410.0</ele>
        <time>2022-08-16T18:03:26.025Z</time>
    </trkpt>
    <trkpt lat="45.4981943" lon="15.08167681">
        <ele>410.0</ele>
        <time>2022-08-16T18:03:30.025Z</time>
    </trkpt>
    <trkpt lat="45.49816408" lon="15.08157849">
        <ele>411.0</ele>
        <time>2022-08-16T18:03:38.025Z</time>
    </trkpt>
    <trkpt lat="45.49814925" lon="15.08155921">
        <ele>411.0</ele>
        <time>2022-08-16T18:03:40.025Z</time>
    </trkpt>
    <trkpt lat="45.49813315" lon="15.08152242">
        <ele>411.0</ele>
        <time>2022-08-16T18:03:43.025Z</time>
    </trkpt>
    <trkpt lat="45.49808156" lon="15.08145025">
        <ele>412.0</ele>
        <time>2022-08-16T18:03:50.025Z</time>
    </trkpt>
    <trkpt lat="45.49804384" lon="15.08137045">
        <ele>411.0</ele>
        <time>2022-08-16T18:03:56.025Z</time>
    </trkpt>
    <trkpt lat="45.49796899" lon="15.08127985">
        <ele>412.0</ele>
        <time>2022-08-16T18:04:05.025Z</time>
    </trkpt>
    <trkpt lat="45.49793852" lon="15.08122888">
        <ele>412.0</ele>
        <time>2022-08-16T18:04:09.025Z</time>
    </trkpt>
    <trkpt lat="45.49790588" lon="15.08119502">
        <ele>412.0</ele>
        <time>2022-08-16T18:04:12.025Z</time>
    </trkpt>
    <trkpt lat="45.49787197" lon="15.08113668">
        <ele>412.0</ele>
        <time>2022-08-16T18:04:16.025Z</time>
    </trkpt>
    <trkpt lat="45.49782273" lon="15.08107013">
        <ele>413.0</ele>
        <time>2022-08-16T18:04:21.025Z</time>
    </trkpt>
    <trkpt lat="45.4977812" lon="15.08098891">
        <ele>413.0</ele>
        <time>2022-08-16T18:04:27.025Z</time>
    </trkpt>
    <trkpt lat="45.49775328" lon="15.08091104">
        <ele>414.0</ele>
        <time>2022-08-16T18:04:33.025Z</time>
    </trkpt>
    <trkpt lat="45.49771628" lon="15.08083242">
        <ele>414.0</ele>
        <time>2022-08-16T18:04:39.025Z</time>
    </trkpt>
    <trkpt lat="45.49770144" lon="15.0807735">
        <ele>414.0</ele>
        <time>2022-08-16T18:04:44.025Z</time>
    </trkpt>
    <trkpt lat="45.49767479" lon="15.0806932">
        <ele>415.0</ele>
        <time>2022-08-16T18:04:50.025Z</time>
    </trkpt>
    <trkpt lat="45.49757136" lon="15.08049513">
        <ele>417.0</ele>
        <time>2022-08-16T18:05:05.025Z</time>
    </trkpt>
    <trkpt lat="45.49749965" lon="15.0802389">
        <ele>416.0</ele>
        <time>2022-08-16T18:05:24.025Z</time>
    </trkpt>
    <trkpt lat="45.49748464" lon="15.08021476">
        <ele>417.0</ele>
        <time>2022-08-16T18:05:26.025Z</time>
    </trkpt>
    <trkpt lat="45.49746034" lon="15.08015944">
        <ele>417.0</ele>
        <time>2022-08-16T18:05:30.025Z</time>
    </trkpt>
    <trkpt lat="45.49743771" lon="15.08008023">
        <ele>418.0</ele>
        <time>2022-08-16T18:05:36.025Z</time>
    </trkpt>
    <trkpt lat="45.4974243" lon="15.08005726">
        <ele>418.0</ele>
        <time>2022-08-16T18:05:38.025Z</time>
    </trkpt>
    <trkpt lat="45.49741294" lon="15.08001988">
        <ele>418.0</ele>
        <time>2022-08-16T18:05:41.025Z</time>
    </trkpt>
    <trkpt lat="45.49739881" lon="15.07999113">
        <ele>419.0</ele>
        <time>2022-08-16T18:05:43.025Z</time>
    </trkpt>
    <trkpt lat="45.49737367" lon="15.07991603">
        <ele>419.0</ele>
        <time>2022-08-16T18:05:48.025Z</time>
    </trkpt>
    <trkpt lat="45.49735183" lon="15.07982207">
        <ele>419.0</ele>
        <time>2022-08-16T18:05:55.025Z</time>
    </trkpt>
    <trkpt lat="45.49724903" lon="15.07959994">
        <ele>420.0</ele>
        <time>2022-08-16T18:06:12.025Z</time>
    </trkpt>
    <trkpt lat="45.49723289" lon="15.07954856">
        <ele>420.0</ele>
        <time>2022-08-16T18:06:16.025Z</time>
    </trkpt>
    <trkpt lat="45.4971655" lon="15.07939811">
        <ele>419.0</ele>
        <time>2022-08-16T18:06:27.025Z</time>
    </trkpt>
    <trkpt lat="45.49714698" lon="15.07933952">
        <ele>419.0</ele>
        <time>2022-08-16T18:06:31.025Z</time>
    </trkpt>
    <trkpt lat="45.4971057" lon="15.07924329">
        <ele>419.0</ele>
        <time>2022-08-16T18:06:38.025Z</time>
    </trkpt>
    <trkpt lat="45.49709149" lon="15.07917632">
        <ele>418.0</ele>
        <time>2022-08-16T18:06:42.025Z</time>
    </trkpt>
    <trkpt lat="45.49707179" lon="15.07903232">
        <ele>418.0</ele>
        <time>2022-08-16T18:06:51.025Z</time>
    </trkpt>
    <trkpt lat="45.49705993" lon="15.07899268">
        <ele>419.0</ele>
        <time>2022-08-16T18:06:53.025Z</time>
    </trkpt>
    <trkpt lat="45.49704669" lon="15.0788418">
        <ele>418.0</ele>
        <time>2022-08-16T18:07:02.025Z</time>
    </trkpt>
    <trkpt lat="45.49701488" lon="15.07865497">
        <ele>418.0</ele>
        <time>2022-08-16T18:07:13.025Z</time>
    </trkpt>
    <trkpt lat="45.49700989" lon="15.07859646">
        <ele>418.0</ele>
        <time>2022-08-16T18:07:17.025Z</time>
    </trkpt>
    <trkpt lat="45.4969889" lon="15.0785108">
        <ele>418.0</ele>
        <time>2022-08-16T18:07:22.025Z</time>
    </trkpt>
    <trkpt lat="45.49698571" lon="15.07846436">
        <ele>418.0</ele>
        <time>2022-08-16T18:07:25.025Z</time>
    </trkpt>
    <trkpt lat="45.49695847" lon="15.07833973">
        <ele>417.0</ele>
        <time>2022-08-16T18:07:33.025Z</time>
    </trkpt>
    <trkpt lat="45.49692666" lon="15.07826689">
        <ele>416.0</ele>
        <time>2022-08-16T18:07:38.025Z</time>
    </trkpt>
    <trkpt lat="45.49687377" lon="15.07819313">
        <ele>416.0</ele>
        <time>2022-08-16T18:07:47.025Z</time>
    </trkpt>
    <trkpt lat="45.4968314" lon="15.07815993">
        <ele>418.0</ele>
        <time>2022-08-16T18:07:51.025Z</time>
    </trkpt>
    <trkpt lat="45.49679569" lon="15.0781575">
        <ele>419.0</ele>
        <time>2022-08-16T18:07:54.025Z</time>
    </trkpt>
    <trkpt lat="45.4967822" lon="15.07816136">
        <ele>419.0</ele>
        <time>2022-08-16T18:07:55.025Z</time>
    </trkpt>
    <trkpt lat="45.49676145" lon="15.0781508">
        <ele>420.0</ele>
        <time>2022-08-16T18:07:56.025Z</time>
    </trkpt>
    <trkpt lat="45.49672063" lon="15.07814342">
        <ele>422.0</ele>
        <time>2022-08-16T18:07:59.025Z</time>
    </trkpt>
    <trkpt lat="45.49668799" lon="15.07815021">
        <ele>422.0</ele>
        <time>2022-08-16T18:08:02.025Z</time>
    </trkpt>
    <trkpt lat="45.49665031" lon="15.07817712">
        <ele>423.0</ele>
        <time>2022-08-16T18:08:07.025Z</time>
    </trkpt>
    <trkpt lat="45.4966421" lon="15.07819103">
        <ele>423.0</ele>
        <time>2022-08-16T18:08:09.025Z</time>
    </trkpt>
    <trkpt lat="45.49659788" lon="15.07823043">
        <ele>423.0</ele>
        <time>2022-08-16T18:08:13.025Z</time>
    </trkpt>
    <trkpt lat="45.49652219" lon="15.07831374">
        <ele>424.0</ele>
        <time>2022-08-16T18:08:21.025Z</time>
    </trkpt>
    <trkpt lat="45.49645669" lon="15.07833964">
        <ele>426.0</ele>
        <time>2022-08-16T18:08:28.024Z</time>
    </trkpt>
    <trkpt lat="45.49645698" lon="15.07833553">
        <ele>426.0</ele>
        <time>2022-08-16T18:08:31.024Z</time>
    </trkpt>
    <trkpt lat="45.4964393" lon="15.07836437">
        <ele>426.0</ele>
        <time>2022-08-16T18:08:34.024Z</time>
    </trkpt>
    <trkpt lat="45.49640296" lon="15.07839748">
        <ele>426.0</ele>
        <time>2022-08-16T18:08:37.024Z</time>
    </trkpt>
    <trkpt lat="45.49638079" lon="15.0784243">
        <ele>425.0</ele>
        <time>2022-08-16T18:08:39.024Z</time>
    </trkpt>
    <trkpt lat="45.49635468" lon="15.07844324">
        <ele>425.0</ele>
        <time>2022-08-16T18:08:42.024Z</time>
    </trkpt>
    <trkpt lat="45.49629592" lon="15.07845992">
        <ele>424.0</ele>
        <time>2022-08-16T18:08:48.024Z</time>
    </trkpt>
    <trkpt lat="45.49627061" lon="15.07845858">
        <ele>424.0</ele>
        <time>2022-08-16T18:08:50.024Z</time>
    </trkpt>
    <trkpt lat="45.4962295" lon="15.07847727">
        <ele>424.0</ele>
        <time>2022-08-16T18:08:53.024Z</time>
    </trkpt>
    <trkpt lat="45.49616667" lon="15.0784885">
        <ele>421.0</ele>
        <time>2022-08-16T18:08:58.024Z</time>
    </trkpt>
    <trkpt lat="45.49613013" lon="15.07850116">
        <ele>421.0</ele>
        <time>2022-08-16T18:09:01.024Z</time>
    </trkpt>
    <trkpt lat="45.4961049" lon="15.07850301">
        <ele>420.0</ele>
        <time>2022-08-16T18:09:03.024Z</time>
    </trkpt>
    <trkpt lat="45.49607695" lon="15.07851457">
        <ele>419.0</ele>
        <time>2022-08-16T18:09:06.024Z</time>
    </trkpt>
    <trkpt lat="45.49603998" lon="15.07851843">
        <ele>418.0</ele>
        <time>2022-08-16T18:09:09.024Z</time>
    </trkpt>
    <trkpt lat="45.49602959" lon="15.07852622">
        <ele>418.0</ele>
        <time>2022-08-16T18:09:10.024Z</time>
    </trkpt>
    <trkpt lat="45.49600444" lon="15.07853318">
        <ele>418.0</ele>
        <time>2022-08-16T18:09:12.024Z</time>
    </trkpt>
    <trkpt lat="45.49595025" lon="15.07853569">
        <ele>418.0</ele>
        <time>2022-08-16T18:09:16.024Z</time>
    </trkpt>
    <trkpt lat="45.49593047" lon="15.07853184">
        <ele>418.0</ele>
        <time>2022-08-16T18:09:17.024Z</time>
    </trkpt>
    <trkpt lat="45.49589221" lon="15.07854324">
        <ele>418.0</ele>
        <time>2022-08-16T18:09:20.024Z</time>
    </trkpt>
    <trkpt lat="45.49588156" lon="15.07853905">
        <ele>418.0</ele>
        <time>2022-08-16T18:09:21.024Z</time>
    </trkpt>
    <trkpt lat="45.49582679" lon="15.07854475">
        <ele>418.0</ele>
        <time>2022-08-16T18:09:25.024Z</time>
    </trkpt>
    <trkpt lat="45.49579619" lon="15.07853779">
        <ele>418.0</ele>
        <time>2022-08-16T18:09:27.024Z</time>
    </trkpt>
    <trkpt lat="45.49575219" lon="15.07854701">
        <ele>418.0</ele>
        <time>2022-08-16T18:09:30.024Z</time>
    </trkpt>
    <trkpt lat="45.49572658" lon="15.07856201">
        <ele>417.0</ele>
        <time>2022-08-16T18:09:32.024Z</time>
    </trkpt>
    <trkpt lat="45.49569544" lon="15.07862714">
        <ele>417.0</ele>
        <time>2022-08-16T18:09:37.024Z</time>
    </trkpt>
    <trkpt lat="45.49568681" lon="15.07867567">
        <ele>417.0</ele>
        <time>2022-08-16T18:09:41.024Z</time>
    </trkpt>
    <trkpt lat="45.49566862" lon="15.07871783">
        <ele>417.0</ele>
        <time>2022-08-16T18:09:44.024Z</time>
    </trkpt>
    <trkpt lat="45.4956537" lon="15.0787408">
        <ele>417.0</ele>
        <time>2022-08-16T18:09:46.024Z</time>
    </trkpt>
    <trkpt lat="45.49563468" lon="15.07875396">
        <ele>418.0</ele>
        <time>2022-08-16T18:09:49.024Z</time>
    </trkpt>
    <trkpt lat="45.49561301" lon="15.07876083">
        <ele>418.0</ele>
        <time>2022-08-16T18:09:53.024Z</time>
    </trkpt>
    <trkpt lat="45.49560471" lon="15.07875865">
        <ele>418.0</ele>
        <time>2022-08-16T18:09:54.024Z</time>
    </trkpt>
    <trkpt lat="45.49556624" lon="15.0787641">
        <ele>417.0</ele>
        <time>2022-08-16T18:10:00.024Z</time>
    </trkpt>
    <trkpt lat="45.49547492" lon="15.07881347">
        <ele>415.0</ele>
        <time>2022-08-16T18:10:09.024Z</time>
    </trkpt>
    <trkpt lat="45.49536532" lon="15.07886544">
        <ele>414.0</ele>
        <time>2022-08-16T18:10:18.024Z</time>
    </trkpt>
    <trkpt lat="45.49533481" lon="15.07887357">
        <ele>414.0</ele>
        <time>2022-08-16T18:10:21.024Z</time>
    </trkpt>
    <trkpt lat="45.49528674" lon="15.07886351">
        <ele>413.0</ele>
        <time>2022-08-16T18:10:26.024Z</time>
    </trkpt>
    <trkpt lat="45.49528335" lon="15.07887022">
        <ele>412.0</ele>
        <time>2022-08-16T18:10:35.024Z</time>
    </trkpt>
    <trkpt lat="45.49527308" lon="15.07886041">
        <ele>411.0</ele>
        <time>2022-08-16T18:10:38.024Z</time>
    </trkpt>
    <trkpt lat="45.49526126" lon="15.07886276">
        <ele>411.0</ele>
        <time>2022-08-16T18:10:40.024Z</time>
    </trkpt>
    <trkpt lat="45.49526231" lon="15.07886552">
        <ele>411.0</ele>
        <time>2022-08-16T18:10:42.024Z</time>
    </trkpt>
    <trkpt lat="45.49524383" lon="15.07887717">
        <ele>410.0</ele>
        <time>2022-08-16T18:10:47.024Z</time>
    </trkpt>
    <trkpt lat="45.49522887" lon="15.07890031">
        <ele>410.0</ele>
        <time>2022-08-16T18:10:52.024Z</time>
    </trkpt>
    <trkpt lat="45.49523469" lon="15.07890584">
        <ele>410.0</ele>
        <time>2022-08-16T18:10:54.024Z</time>
    </trkpt>
    <trkpt lat="45.49523519" lon="15.07892235">
        <ele>411.0</ele>
        <time>2022-08-16T18:11:00.024Z</time>
    </trkpt>
    <trkpt lat="45.49524144" lon="15.07892311">
        <ele>411.0</ele>
        <time>2022-08-16T18:11:01.024Z</time>
    </trkpt>
    <trkpt lat="45.49525099" lon="15.07891665">
        <ele>410.0</ele>
        <time>2022-08-16T18:11:02.024Z</time>
    </trkpt>
    <trkpt lat="45.4952582" lon="15.07892">
        <ele>410.0</ele>
        <time>2022-08-16T18:11:04.024Z</time>
    </trkpt>
    <trkpt lat="45.49525896" lon="15.0789169">
        <ele>410.0</ele>
        <time>2022-08-16T18:11:05.024Z</time>
    </trkpt>
    <trkpt lat="45.49525196" lon="15.07892285">
        <ele>411.0</ele>
        <time>2022-08-16T18:11:09.024Z</time>
    </trkpt>
    <trkpt lat="45.49524492" lon="15.0789221">
        <ele>411.0</ele>
        <time>2022-08-16T18:11:10.024Z</time>
    </trkpt>
    <trkpt lat="45.49523155" lon="15.07893124">
        <ele>410.0</ele>
        <time>2022-08-16T18:11:13.024Z</time>
    </trkpt>
    <trkpt lat="45.49520716" lon="15.078934">
        <ele>409.0</ele>
        <time>2022-08-16T18:11:20.024Z</time>
    </trkpt>
    <trkpt lat="45.49520083" lon="15.07893903">
        <ele>409.0</ele>
        <time>2022-08-16T18:11:21.024Z</time>
    </trkpt>
    <trkpt lat="45.49519475" lon="15.07893886">
        <ele>408.0</ele>
        <time>2022-08-16T18:11:23.024Z</time>
    </trkpt>
    <trkpt lat="45.49519069" lon="15.07893333">
        <ele>408.0</ele>
        <time>2022-08-16T18:11:26.024Z</time>
    </trkpt>
    <trkpt lat="45.49519479" lon="15.07894029">
        <ele>408.0</ele>
        <time>2022-08-16T18:11:29.024Z</time>
    </trkpt>
    <trkpt lat="45.49519165" lon="15.07893015">
        <ele>407.0</ele>
        <time>2022-08-16T18:11:32.024Z</time>
    </trkpt>
    <trkpt lat="45.49518117" lon="15.0789221">
        <ele>407.0</ele>
        <time>2022-08-16T18:11:35.024Z</time>
    </trkpt>
    <trkpt lat="45.49518746" lon="15.07891573">
        <ele>407.0</ele>
        <time>2022-08-16T18:11:39.024Z</time>
    </trkpt>
    <trkpt lat="45.49519253" lon="15.07892227">
        <ele>406.0</ele>
        <time>2022-08-16T18:11:41.024Z</time>
    </trkpt>
    <trkpt lat="45.49518126" lon="15.07892906">
        <ele>405.0</ele>
        <time>2022-08-16T18:11:47.024Z</time>
    </trkpt>
    <trkpt lat="45.4951792" lon="15.07894129">
        <ele>406.0</ele>
        <time>2022-08-16T18:11:49.024Z</time>
    </trkpt>
    <trkpt lat="45.49517832" lon="15.07893442">
        <ele>406.0</ele>
        <time>2022-08-16T18:11:50.024Z</time>
    </trkpt>
    <trkpt lat="45.49517447" lon="15.07893375">
        <ele>405.0</ele>
        <time>2022-08-16T18:11:51.024Z</time>
    </trkpt>
    <trkpt lat="45.49518243" lon="15.07892026">
        <ele>405.0</ele>
        <time>2022-08-16T18:11:54.024Z</time>
    </trkpt>
    <trkpt lat="45.495181" lon="15.07891254">
        <ele>405.0</ele>
        <time>2022-08-16T18:11:55.024Z</time>
    </trkpt>
    <trkpt lat="45.49517007" lon="15.07891933">
        <ele>406.0</ele>
        <time>2022-08-16T18:11:58.024Z</time>
    </trkpt>
    <trkpt lat="45.49515695" lon="15.07891548">
        <ele>405.0</ele>
        <time>2022-08-16T18:12:03.024Z</time>
    </trkpt>
    <trkpt lat="45.49515121" lon="15.07891833">
        <ele>405.0</ele>
        <time>2022-08-16T18:12:04.024Z</time>
    </trkpt>
    <trkpt lat="45.49512778" lon="15.07895186">
        <ele>405.0</ele>
        <time>2022-08-16T18:12:09.024Z</time>
    </trkpt>
    <trkpt lat="45.49509786" lon="15.07896753">
        <ele>404.0</ele>
        <time>2022-08-16T18:12:14.024Z</time>
    </trkpt>
    <trkpt lat="45.49509123" lon="15.07898144">
        <ele>405.0</ele>
        <time>2022-08-16T18:12:16.024Z</time>
    </trkpt>
    <trkpt lat="45.49506538" lon="15.07900416">
        <ele>404.0</ele>
        <time>2022-08-16T18:12:20.024Z</time>
    </trkpt>
    <trkpt lat="45.49502883" lon="15.07902226">
        <ele>404.0</ele>
        <time>2022-08-16T18:12:24.024Z</time>
    </trkpt>
    <trkpt lat="45.49500989" lon="15.07903618">
        <ele>404.0</ele>
        <time>2022-08-16T18:12:28.024Z</time>
    </trkpt>
    <trkpt lat="45.49497946" lon="15.07904196">
        <ele>404.0</ele>
        <time>2022-08-16T18:12:31.024Z</time>
    </trkpt>
    <trkpt lat="45.49496261" lon="15.07905127">
        <ele>404.0</ele>
        <time>2022-08-16T18:12:33.024Z</time>
    </trkpt>
    <trkpt lat="45.49486367" lon="15.07905864">
        <ele>403.0</ele>
        <time>2022-08-16T18:12:44.024Z</time>
    </trkpt>
    <trkpt lat="45.49485704" lon="15.0790573">
        <ele>403.0</ele>
        <time>2022-08-16T18:12:45.024Z</time>
    </trkpt>
    <trkpt lat="45.49485088" lon="15.07904716">
        <ele>403.0</ele>
        <time>2022-08-16T18:12:46.024Z</time>
    </trkpt>
    <trkpt lat="45.49482146" lon="15.07902151">
        <ele>402.0</ele>
        <time>2022-08-16T18:12:51.024Z</time>
    </trkpt>
    <trkpt lat="45.49481723" lon="15.07902469">
        <ele>402.0</ele>
        <time>2022-08-16T18:12:52.024Z</time>
    </trkpt>
    <trkpt lat="45.49477557" lon="15.07901464">
        <ele>400.0</ele>
        <time>2022-08-16T18:12:57.024Z</time>
    </trkpt>
    <trkpt lat="45.49476178" lon="15.07901506">
        <ele>399.0</ele>
        <time>2022-08-16T18:13:00.024Z</time>
    </trkpt>
    <trkpt lat="45.4947278" lon="15.07904104">
        <ele>398.0</ele>
        <time>2022-08-16T18:13:05.024Z</time>
    </trkpt>
    <trkpt lat="45.49470935" lon="15.07906493">
        <ele>397.0</ele>
        <time>2022-08-16T18:13:12.024Z</time>
    </trkpt>
    <trkpt lat="45.4947143" lon="15.07908597">
        <ele>395.0</ele>
        <time>2022-08-16T18:13:16.024Z</time>
    </trkpt>
    <trkpt lat="45.49470906" lon="15.07909141">
        <ele>395.0</ele>
        <time>2022-08-16T18:13:18.024Z</time>
    </trkpt>
    <trkpt lat="45.49470718" lon="15.07908915">
        <ele>395.0</ele>
        <time>2022-08-16T18:13:19.024Z</time>
    </trkpt>
    <trkpt lat="45.49469972" lon="15.07910424">
        <ele>395.0</ele>
        <time>2022-08-16T18:13:21.024Z</time>
    </trkpt>
    <trkpt lat="45.49465864" lon="15.07911966">
        <ele>394.0</ele>
        <time>2022-08-16T18:13:28.024Z</time>
    </trkpt>
    <trkpt lat="45.49463723" lon="15.07913643">
        <ele>394.0</ele>
        <time>2022-08-16T18:13:31.024Z</time>
    </trkpt>
    <trkpt lat="45.49462449" lon="15.0791355">
        <ele>394.0</ele>
        <time>2022-08-16T18:13:33.024Z</time>
    </trkpt>
    <trkpt lat="45.49460148" lon="15.07915101">
        <ele>393.0</ele>
        <time>2022-08-16T18:13:56.024Z</time>
    </trkpt>
    <trkpt lat="45.49458748" lon="15.07915235">
        <ele>393.0</ele>
        <time>2022-08-16T18:14:02.024Z</time>
    </trkpt>
    <trkpt lat="45.49455731" lon="15.07916786">
        <ele>395.0</ele>
        <time>2022-08-16T18:14:54.024Z</time>
    </trkpt>
    <trkpt lat="45.49454872" lon="15.07916098">
        <ele>395.0</ele>
        <time>2022-08-16T18:15:06.024Z</time>
    </trkpt>
    <trkpt lat="45.49454226" lon="15.07918571">
        <ele>394.0</ele>
        <time>2022-08-16T18:15:10.024Z</time>
    </trkpt>
    <trkpt lat="45.4944835" lon="15.07925939">
        <ele>393.0</ele>
        <time>2022-08-16T18:15:19.024Z</time>
    </trkpt>
    <trkpt lat="45.49446645" lon="15.07929912">
        <ele>393.0</ele>
        <time>2022-08-16T18:15:22.024Z</time>
    </trkpt>
    <trkpt lat="45.49445224" lon="15.07931689">
        <ele>392.0</ele>
        <time>2022-08-16T18:15:25.024Z</time>
    </trkpt>
    <trkpt lat="45.49443602" lon="15.07935259">
        <ele>393.0</ele>
        <time>2022-08-16T18:15:29.024Z</time>
    </trkpt>
    <trkpt lat="45.49442785" lon="15.079365">
        <ele>392.0</ele>
        <time>2022-08-16T18:15:30.024Z</time>
    </trkpt>
    <trkpt lat="45.49441058" lon="15.07937816">
        <ele>392.0</ele>
        <time>2022-08-16T18:15:33.024Z</time>
    </trkpt>
    <trkpt lat="45.49438678" lon="15.07941521">
        <ele>390.0</ele>
        <time>2022-08-16T18:15:39.024Z</time>
    </trkpt>
    <trkpt lat="45.49435832" lon="15.07944748">
        <ele>389.0</ele>
        <time>2022-08-16T18:15:43.024Z</time>
    </trkpt>
    <trkpt lat="45.4943517" lon="15.07946382">
        <ele>389.0</ele>
        <time>2022-08-16T18:15:44.024Z</time>
    </trkpt>
    <trkpt lat="45.49431905" lon="15.07956432">
        <ele>389.0</ele>
        <time>2022-08-16T18:15:53.024Z</time>
    </trkpt>
    <trkpt lat="45.49431411" lon="15.07959793">
        <ele>388.0</ele>
        <time>2022-08-16T18:15:58.024Z</time>
    </trkpt>
    <trkpt lat="45.49430145" lon="15.07962333">
        <ele>387.0</ele>
        <time>2022-08-16T18:16:01.024Z</time>
    </trkpt>
    <trkpt lat="45.494311" lon="15.07965711">
        <ele>388.0</ele>
        <time>2022-08-16T18:16:10.024Z</time>
    </trkpt>
    <trkpt lat="45.49430648" lon="15.07967513">
        <ele>388.0</ele>
        <time>2022-08-16T18:16:12.024Z</time>
    </trkpt>
    <trkpt lat="45.49428523" lon="15.0797183">
        <ele>387.0</ele>
        <time>2022-08-16T18:16:17.024Z</time>
    </trkpt>
    <trkpt lat="45.49427111" lon="15.0797623">
        <ele>387.0</ele>
        <time>2022-08-16T18:16:21.024Z</time>
    </trkpt>
    <trkpt lat="45.49425547" lon="15.07978242">
        <ele>386.0</ele>
        <time>2022-08-16T18:16:24.024Z</time>
    </trkpt>
    <trkpt lat="45.49424609" lon="15.07980304">
        <ele>386.0</ele>
        <time>2022-08-16T18:16:27.024Z</time>
    </trkpt>
    <trkpt lat="45.49424051" lon="15.07983891">
        <ele>385.0</ele>
        <time>2022-08-16T18:16:30.024Z</time>
    </trkpt>
    <trkpt lat="45.49424324" lon="15.07985123">
        <ele>385.0</ele>
        <time>2022-08-16T18:16:31.024Z</time>
    </trkpt>
    <trkpt lat="45.49423976" lon="15.07988485">
        <ele>384.0</ele>
        <time>2022-08-16T18:16:34.024Z</time>
    </trkpt>
    <trkpt lat="45.49420049" lon="15.07996112">
        <ele>383.0</ele>
        <time>2022-08-16T18:16:41.024Z</time>
    </trkpt>
    <trkpt lat="45.49417069" lon="15.0800348">
        <ele>381.0</ele>
        <time>2022-08-16T18:16:47.024Z</time>
    </trkpt>
    <trkpt lat="45.49415581" lon="15.08005508">
        <ele>381.0</ele>
        <time>2022-08-16T18:16:49.024Z</time>
    </trkpt>
    <trkpt lat="45.49413385" lon="15.08015541">
        <ele>379.0</ele>
        <time>2022-08-16T18:16:55.024Z</time>
    </trkpt>
    <trkpt lat="45.49411344" lon="15.0801969">
        <ele>380.0</ele>
        <time>2022-08-16T18:16:57.024Z</time>
    </trkpt>
    <trkpt lat="45.49410204" lon="15.0802425">
        <ele>379.0</ele>
        <time>2022-08-16T18:17:00.024Z</time>
    </trkpt>
    <trkpt lat="45.49410728" lon="15.08028449">
        <ele>378.0</ele>
        <time>2022-08-16T18:17:04.024Z</time>
    </trkpt>
    <trkpt lat="45.49409672" lon="15.0803259">
        <ele>378.0</ele>
        <time>2022-08-16T18:17:08.024Z</time>
    </trkpt>
    <trkpt lat="45.49410188" lon="15.08033076">
        <ele>377.0</ele>
        <time>2022-08-16T18:17:09.024Z</time>
    </trkpt>
    <trkpt lat="45.49410028" lon="15.08035884">
        <ele>376.0</ele>
        <time>2022-08-16T18:17:12.024Z</time>
    </trkpt>
    <trkpt lat="45.49409613" lon="15.08036999">
        <ele>376.0</ele>
        <time>2022-08-16T18:17:13.024Z</time>
    </trkpt>
    <trkpt lat="45.49406822" lon="15.08040821">
        <ele>376.0</ele>
        <time>2022-08-16T18:17:16.024Z</time>
    </trkpt>
    <trkpt lat="45.49402149" lon="15.08046253">
        <ele>375.0</ele>
        <time>2022-08-16T18:17:22.024Z</time>
    </trkpt>
    <trkpt lat="45.49397623" lon="15.08053738">
        <ele>375.0</ele>
        <time>2022-08-16T18:17:27.024Z</time>
    </trkpt>
    <trkpt lat="45.49395829" lon="15.08059043">
        <ele>374.0</ele>
        <time>2022-08-16T18:17:31.024Z</time>
    </trkpt>
    <trkpt lat="45.4939484" lon="15.08063687">
        <ele>374.0</ele>
        <time>2022-08-16T18:17:34.024Z</time>
    </trkpt>
    <trkpt lat="45.49394748" lon="15.08066621">
        <ele>374.0</ele>
        <time>2022-08-16T18:17:36.024Z</time>
    </trkpt>
    <trkpt lat="45.49391052" lon="15.08077023">
        <ele>372.0</ele>
        <time>2022-08-16T18:17:44.024Z</time>
    </trkpt>
    <trkpt lat="45.49388328" lon="15.0808139">
        <ele>371.0</ele>
        <time>2022-08-16T18:17:48.024Z</time>
    </trkpt>
    <trkpt lat="45.49386815" lon="15.08081574">
        <ele>371.0</ele>
        <time>2022-08-16T18:17:49.024Z</time>
    </trkpt>
    <trkpt lat="45.49384866" lon="15.08082923">
        <ele>370.0</ele>
        <time>2022-08-16T18:17:51.024Z</time>
    </trkpt>
    <trkpt lat="45.49381689" lon="15.08084122">
        <ele>370.0</ele>
        <time>2022-08-16T18:17:54.024Z</time>
    </trkpt>
    <trkpt lat="45.49378672" lon="15.08086662">
        <ele>370.0</ele>
        <time>2022-08-16T18:17:58.024Z</time>
    </trkpt>
    <trkpt lat="45.49374912" lon="15.08088062">
        <ele>370.0</ele>
        <time>2022-08-16T18:18:01.024Z</time>
    </trkpt>
    <trkpt lat="45.49371786" lon="15.08088388">
        <ele>370.0</ele>
        <time>2022-08-16T18:18:04.024Z</time>
    </trkpt>
    <trkpt lat="45.49366396" lon="15.08091104">
        <ele>369.0</ele>
        <time>2022-08-16T18:18:10.024Z</time>
    </trkpt>
    <trkpt lat="45.49366011" lon="15.08092504">
        <ele>369.0</ele>
        <time>2022-08-16T18:18:11.024Z</time>
    </trkpt>
    <trkpt lat="45.49364456" lon="15.08095086">
        <ele>369.0</ele>
        <time>2022-08-16T18:18:14.024Z</time>
    </trkpt>
    <trkpt lat="45.49363639" lon="15.08097785">
        <ele>369.0</ele>
        <time>2022-08-16T18:18:16.024Z</time>
    </trkpt>
    <trkpt lat="45.49360961" lon="15.08102328">
        <ele>369.0</ele>
        <time>2022-08-16T18:18:19.024Z</time>
    </trkpt>
    <trkpt lat="45.4935993" lon="15.08105278">
        <ele>368.0</ele>
        <time>2022-08-16T18:18:21.024Z</time>
    </trkpt>
    <trkpt lat="45.49358538" lon="15.08107005">
        <ele>368.0</ele>
        <time>2022-08-16T18:18:23.024Z</time>
    </trkpt>
    <trkpt lat="45.4935467" lon="15.08107323">
        <ele>368.0</ele>
        <time>2022-08-16T18:18:27.024Z</time>
    </trkpt>
    <trkpt lat="45.49349494" lon="15.08109092">
        <ele>368.0</ele>
        <time>2022-08-16T18:18:31.024Z</time>
    </trkpt>
    <trkpt lat="45.49348916" lon="15.08108639">
        <ele>368.0</ele>
        <time>2022-08-16T18:18:32.024Z</time>
    </trkpt>
    <trkpt lat="45.49347382" lon="15.08110064">
        <ele>368.0</ele>
        <time>2022-08-16T18:18:34.024Z</time>
    </trkpt>
    <trkpt lat="45.49342722" lon="15.08111464">
        <ele>368.0</ele>
        <time>2022-08-16T18:18:39.024Z</time>
    </trkpt>
    <trkpt lat="45.49339298" lon="15.08113601">
        <ele>367.0</ele>
        <time>2022-08-16T18:18:43.024Z</time>
    </trkpt>
    <trkpt lat="45.49337609" lon="15.08114104">
        <ele>367.0</ele>
        <time>2022-08-16T18:18:45.024Z</time>
    </trkpt>
    <trkpt lat="45.4933579" lon="15.08112646">
        <ele>367.0</ele>
        <time>2022-08-16T18:18:48.024Z</time>
    </trkpt>
    <trkpt lat="45.49333145" lon="15.08112134">
        <ele>367.0</ele>
        <time>2022-08-16T18:18:51.024Z</time>
    </trkpt>
    <trkpt lat="45.49330627" lon="15.08112436">
        <ele>367.0</ele>
        <time>2022-08-16T18:18:54.024Z</time>
    </trkpt>
    <trkpt lat="45.49328615" lon="15.08113467">
        <ele>367.0</ele>
        <time>2022-08-16T18:18:57.024Z</time>
    </trkpt>
    <trkpt lat="45.49321075" lon="15.08113216">
        <ele>367.0</ele>
        <time>2022-08-16T18:19:05.024Z</time>
    </trkpt>
    <trkpt lat="45.49318213" lon="15.0811532">
        <ele>366.0</ele>
        <time>2022-08-16T18:19:10.024Z</time>
    </trkpt>
    <trkpt lat="45.49316859" lon="15.08119821">
        <ele>365.0</ele>
        <time>2022-08-16T18:19:16.024Z</time>
    </trkpt>
    <trkpt lat="45.49315585" lon="15.08121673">
        <ele>364.0</ele>
        <time>2022-08-16T18:19:18.024Z</time>
    </trkpt>
    <trkpt lat="45.49314856" lon="15.08122017">
        <ele>364.0</ele>
        <time>2022-08-16T18:19:19.024Z</time>
    </trkpt>
    <trkpt lat="45.49313402" lon="15.08121606">
        <ele>364.0</ele>
        <time>2022-08-16T18:19:21.024Z</time>
    </trkpt>
    <trkpt lat="45.49311939" lon="15.08122461">
        <ele>363.0</ele>
        <time>2022-08-16T18:19:23.024Z</time>
    </trkpt>
    <trkpt lat="45.493081" lon="15.081234">
        <ele>362.0</ele>
        <time>2022-08-16T18:19:29.024Z</time>
    </trkpt>
    <trkpt lat="45.49305565" lon="15.08123106">
        <ele>362.0</ele>
        <time>2022-08-16T18:19:32.024Z</time>
    </trkpt>
    <trkpt lat="45.49304106" lon="15.08123802">
        <ele>362.0</ele>
        <time>2022-08-16T18:19:34.024Z</time>
    </trkpt>
    <trkpt lat="45.49300733" lon="15.08126811">
        <ele>361.0</ele>
        <time>2022-08-16T18:19:38.024Z</time>
    </trkpt>
    <trkpt lat="45.49292552" lon="15.0812956">
        <ele>359.0</ele>
        <time>2022-08-16T18:19:49.024Z</time>
    </trkpt>
    <trkpt lat="45.49291856" lon="15.08129359">
        <ele>359.0</ele>
        <time>2022-08-16T18:19:51.024Z</time>
    </trkpt>
    <trkpt lat="45.49291437" lon="15.08128647">
        <ele>359.0</ele>
        <time>2022-08-16T18:19:53.024Z</time>
    </trkpt>
    <trkpt lat="45.49289363" lon="15.08129845">
        <ele>358.0</ele>
        <time>2022-08-16T18:19:57.024Z</time>
    </trkpt>
    <trkpt lat="45.49283344" lon="15.08128186">
        <ele>356.0</ele>
        <time>2022-08-16T18:20:03.024Z</time>
    </trkpt>
    <trkpt lat="45.49282171" lon="15.08128529">
        <ele>355.0</ele>
        <time>2022-08-16T18:20:04.024Z</time>
    </trkpt>
    <trkpt lat="45.49278449" lon="15.08130147">
        <ele>354.0</ele>
        <time>2022-08-16T18:20:08.024Z</time>
    </trkpt>
    <trkpt lat="45.49274782" lon="15.08133416">
        <ele>353.0</ele>
        <time>2022-08-16T18:20:13.024Z</time>
    </trkpt>
    <trkpt lat="45.49271802" lon="15.08135109">
        <ele>353.0</ele>
        <time>2022-08-16T18:20:16.024Z</time>
    </trkpt>
    <trkpt lat="45.49269124" lon="15.08136073">
        <ele>352.0</ele>
        <time>2022-08-16T18:20:19.024Z</time>
    </trkpt>
    <trkpt lat="45.49268642" lon="15.08136811">
        <ele>352.0</ele>
        <time>2022-08-16T18:20:20.024Z</time>
    </trkpt>
    <trkpt lat="45.49269129" lon="15.08137154">
        <ele>352.0</ele>
        <time>2022-08-16T18:20:22.024Z</time>
    </trkpt>
    <trkpt lat="45.49265516" lon="15.08138998">
        <ele>352.0</ele>
        <time>2022-08-16T18:20:27.024Z</time>
    </trkpt>
    <trkpt lat="45.49265093" lon="15.08139853">
        <ele>352.0</ele>
        <time>2022-08-16T18:20:28.024Z</time>
    </trkpt>
    <trkpt lat="45.49262109" lon="15.08142502">
        <ele>351.0</ele>
        <time>2022-08-16T18:20:33.024Z</time>
    </trkpt>
    <trkpt lat="45.49257683" lon="15.08143994">
        <ele>350.0</ele>
        <time>2022-08-16T18:20:39.024Z</time>
    </trkpt>
    <trkpt lat="45.49255483" lon="15.08143927">
        <ele>349.0</ele>
        <time>2022-08-16T18:20:42.024Z</time>
    </trkpt>
    <trkpt lat="45.49253299" lon="15.08143231">
        <ele>348.0</ele>
        <time>2022-08-16T18:20:45.024Z</time>
    </trkpt>
    <trkpt lat="45.49251179" lon="15.08143877">
        <ele>348.0</ele>
        <time>2022-08-16T18:20:47.024Z</time>
    </trkpt>
    <trkpt lat="45.49250374" lon="15.0814417">
        <ele>348.0</ele>
        <time>2022-08-16T18:20:48.024Z</time>
    </trkpt>
    <trkpt lat="45.49247973" lon="15.08146475">
        <ele>347.0</ele>
        <time>2022-08-16T18:20:51.024Z</time>
    </trkpt>
    <trkpt lat="45.49244037" lon="15.08147095">
        <ele>346.0</ele>
        <time>2022-08-16T18:20:54.024Z</time>
    </trkpt>
    <trkpt lat="45.49241393" lon="15.08148998">
        <ele>345.0</ele>
        <time>2022-08-16T18:20:58.024Z</time>
    </trkpt>
    <trkpt lat="45.49239989" lon="15.08149669">
        <ele>345.0</ele>
        <time>2022-08-16T18:21:00.024Z</time>
    </trkpt>
    <trkpt lat="45.49237981" lon="15.08149786">
        <ele>344.0</ele>
        <time>2022-08-16T18:21:03.024Z</time>
    </trkpt>
    <trkpt lat="45.49236921" lon="15.08150809">
        <ele>345.0</ele>
        <time>2022-08-16T18:21:06.024Z</time>
    </trkpt>
    <trkpt lat="45.49234277" lon="15.08150398">
        <ele>345.0</ele>
        <time>2022-08-16T18:21:09.024Z</time>
    </trkpt>
    <trkpt lat="45.49231967" lon="15.0815044">
        <ele>344.0</ele>
        <time>2022-08-16T18:21:13.024Z</time>
    </trkpt>
    <trkpt lat="45.49230924" lon="15.08150909">
        <ele>344.0</ele>
        <time>2022-08-16T18:21:15.024Z</time>
    </trkpt>
    <trkpt lat="45.49228405" lon="15.08149568">
        <ele>343.0</ele>
        <time>2022-08-16T18:21:18.024Z</time>
    </trkpt>
    <trkpt lat="45.49225283" lon="15.08150247">
        <ele>343.0</ele>
        <time>2022-08-16T18:21:22.024Z</time>
    </trkpt>
    <trkpt lat="45.49224688" lon="15.08150934">
        <ele>343.0</ele>
        <time>2022-08-16T18:21:23.024Z</time>
    </trkpt>
    <trkpt lat="45.49223217" lon="15.08151219">
        <ele>342.0</ele>
        <time>2022-08-16T18:21:26.024Z</time>
    </trkpt>
    <trkpt lat="45.49221121" lon="15.08152879">
        <ele>342.0</ele>
        <time>2022-08-16T18:21:30.024Z</time>
    </trkpt>
    <trkpt lat="45.49218967" lon="15.08152954">
        <ele>342.0</ele>
        <time>2022-08-16T18:21:32.024Z</time>
    </trkpt>
    <trkpt lat="45.49217199" lon="15.08154027">
        <ele>341.0</ele>
        <time>2022-08-16T18:21:35.024Z</time>
    </trkpt>
    <trkpt lat="45.49208494" lon="15.08153122">
        <ele>340.0</ele>
        <time>2022-08-16T18:21:43.024Z</time>
    </trkpt>
    <trkpt lat="45.49204751" lon="15.08154312">
        <ele>340.0</ele>
        <time>2022-08-16T18:21:47.024Z</time>
    </trkpt>
    <trkpt lat="45.49198381" lon="15.08157782">
        <ele>338.0</ele>
        <time>2022-08-16T18:21:54.024Z</time>
    </trkpt>
    <trkpt lat="45.49194312" lon="15.08162485">
        <ele>337.0</ele>
        <time>2022-08-16T18:22:02.024Z</time>
    </trkpt>
    <trkpt lat="45.49192581" lon="15.08163331">
        <ele>336.0</ele>
        <time>2022-08-16T18:22:05.024Z</time>
    </trkpt>
    <trkpt lat="45.49189329" lon="15.0816945">
        <ele>334.0</ele>
        <time>2022-08-16T18:22:11.024Z</time>
    </trkpt>
    <trkpt lat="45.49187221" lon="15.08170984">
        <ele>333.0</ele>
        <time>2022-08-16T18:22:14.024Z</time>
    </trkpt>
    <trkpt lat="45.49183704" lon="15.08170808">
        <ele>333.0</ele>
        <time>2022-08-16T18:22:18.024Z</time>
    </trkpt>
    <trkpt lat="45.49179874" lon="15.08170028">
        <ele>332.0</ele>
        <time>2022-08-16T18:22:22.024Z</time>
    </trkpt>
    <trkpt lat="45.49176316" lon="15.08171696">
        <ele>331.0</ele>
        <time>2022-08-16T18:22:26.024Z</time>
    </trkpt>
    <trkpt lat="45.49174421" lon="15.08170942">
        <ele>331.0</ele>
        <time>2022-08-16T18:22:29.024Z</time>
    </trkpt>
    <trkpt lat="45.49170633" lon="15.08170615">
        <ele>331.0</ele>
        <time>2022-08-16T18:22:33.024Z</time>
    </trkpt>
    <trkpt lat="45.4916943" lon="15.08169718">
        <ele>331.0</ele>
        <time>2022-08-16T18:22:35.024Z</time>
    </trkpt>
    <trkpt lat="45.49163755" lon="15.08169475">
        <ele>329.0</ele>
        <time>2022-08-16T18:22:41.024Z</time>
    </trkpt>
    <trkpt lat="45.4916153" lon="15.0816997">
        <ele>329.0</ele>
        <time>2022-08-16T18:22:44.024Z</time>
    </trkpt>
    <trkpt lat="45.49156664" lon="15.08172224">
        <ele>329.0</ele>
        <time>2022-08-16T18:22:49.024Z</time>
    </trkpt>
    <trkpt lat="45.49151799" lon="15.08172962">
        <ele>327.0</ele>
        <time>2022-08-16T18:22:53.024Z</time>
    </trkpt>
    <trkpt lat="45.49150588" lon="15.08173557">
        <ele>327.0</ele>
        <time>2022-08-16T18:22:54.024Z</time>
    </trkpt>
    <trkpt lat="45.49148987" lon="15.081752">
        <ele>326.0</ele>
        <time>2022-08-16T18:22:56.024Z</time>
    </trkpt>
    <trkpt lat="45.4914529" lon="15.08175912">
        <ele>326.0</ele>
        <time>2022-08-16T18:23:01.024Z</time>
    </trkpt>
    <trkpt lat="45.49144473" lon="15.08176474">
        <ele>326.0</ele>
        <time>2022-08-16T18:23:02.024Z</time>
    </trkpt>
    <trkpt lat="45.49143618" lon="15.08178276">
        <ele>325.0</ele>
        <time>2022-08-16T18:23:04.024Z</time>
    </trkpt>
    <trkpt lat="45.49141451" lon="15.08180455">
        <ele>325.0</ele>
        <time>2022-08-16T18:23:09.024Z</time>
    </trkpt>
    <trkpt lat="45.49140035" lon="15.08183775">
        <ele>325.0</ele>
        <time>2022-08-16T18:23:12.024Z</time>
    </trkpt>
    <trkpt lat="45.49137164" lon="15.08184018">
        <ele>324.0</ele>
        <time>2022-08-16T18:23:15.024Z</time>
    </trkpt>
    <trkpt lat="45.49135102" lon="15.08184764">
        <ele>324.0</ele>
        <time>2022-08-16T18:23:17.024Z</time>
    </trkpt>
    <trkpt lat="45.4913167" lon="15.08188108">
        <ele>323.0</ele>
        <time>2022-08-16T18:23:21.024Z</time>
    </trkpt>
    <trkpt lat="45.49129528" lon="15.08189525">
        <ele>323.0</ele>
        <time>2022-08-16T18:23:23.024Z</time>
    </trkpt>
    <trkpt lat="45.49124746" lon="15.08191276">
        <ele>323.0</ele>
        <time>2022-08-16T18:23:28.024Z</time>
    </trkpt>
    <trkpt lat="45.49118971" lon="15.08194361">
        <ele>321.0</ele>
        <time>2022-08-16T18:23:34.024Z</time>
    </trkpt>
    <trkpt lat="45.49116616" lon="15.08193833">
        <ele>322.0</ele>
        <time>2022-08-16T18:23:36.024Z</time>
    </trkpt>
    <trkpt lat="45.49114558" lon="15.08193866">
        <ele>321.0</ele>
        <time>2022-08-16T18:23:38.024Z</time>
    </trkpt>
    <trkpt lat="45.49107521" lon="15.0819566">
        <ele>320.0</ele>
        <time>2022-08-16T18:23:45.024Z</time>
    </trkpt>
    <trkpt lat="45.49099835" lon="15.08194386">
        <ele>318.0</ele>
        <time>2022-08-16T18:23:52.024Z</time>
    </trkpt>
    <trkpt lat="45.4909686" lon="15.08194872">
        <ele>318.0</ele>
        <time>2022-08-16T18:23:55.024Z</time>
    </trkpt>
    <trkpt lat="45.49094031" lon="15.08194185">
        <ele>318.0</ele>
        <time>2022-08-16T18:23:57.024Z</time>
    </trkpt>
    <trkpt lat="45.49088046" lon="15.08194369">
        <ele>317.0</ele>
        <time>2022-08-16T18:24:01.024Z</time>
    </trkpt>
    <trkpt lat="45.49086026" lon="15.081939">
        <ele>317.0</ele>
        <time>2022-08-16T18:24:04.024Z</time>
    </trkpt>
    <trkpt lat="45.49082237" lon="15.08195509">
        <ele>317.0</ele>
        <time>2022-08-16T18:24:07.024Z</time>
    </trkpt>
    <trkpt lat="45.49081206" lon="15.08196364">
        <ele>317.0</ele>
        <time>2022-08-16T18:24:08.024Z</time>
    </trkpt>
    <trkpt lat="45.49080033" lon="15.08196599">
        <ele>317.0</ele>
        <time>2022-08-16T18:24:09.024Z</time>
    </trkpt>
    <trkpt lat="45.49076487" lon="15.08196599">
        <ele>317.0</ele>
        <time>2022-08-16T18:24:12.024Z</time>
    </trkpt>
    <trkpt lat="45.4907453" lon="15.08196129">
        <ele>317.0</ele>
        <time>2022-08-16T18:24:14.024Z</time>
    </trkpt>
    <trkpt lat="45.49069623" lon="15.08196339">
        <ele>317.0</ele>
        <time>2022-08-16T18:24:19.024Z</time>
    </trkpt>
    <trkpt lat="45.49067628" lon="15.08195618">
        <ele>316.0</ele>
        <time>2022-08-16T18:24:21.024Z</time>
    </trkpt>
    <trkpt lat="45.49060708" lon="15.08194503">
        <ele>315.0</ele>
        <time>2022-08-16T18:24:27.024Z</time>
    </trkpt>
    <trkpt lat="45.49053529" lon="15.08191603">
        <ele>315.0</ele>
        <time>2022-08-16T18:24:32.024Z</time>
    </trkpt>
    <trkpt lat="45.49048161" lon="15.08190757">
        <ele>314.0</ele>
        <time>2022-08-16T18:24:36.024Z</time>
    </trkpt>
    <trkpt lat="45.49044925" lon="15.08191142">
        <ele>315.0</ele>
        <time>2022-08-16T18:24:39.024Z</time>
    </trkpt>
    <trkpt lat="45.49040319" lon="15.08189097">
        <ele>316.0</ele>
        <time>2022-08-16T18:24:47.024Z</time>
    </trkpt>
    <trkpt lat="45.49039364" lon="15.08188259">
        <ele>316.0</ele>
        <time>2022-08-16T18:24:48.024Z</time>
    </trkpt>
    <trkpt lat="45.49037491" lon="15.08188376">
        <ele>316.0</ele>
        <time>2022-08-16T18:24:50.024Z</time>
    </trkpt>
    <trkpt lat="45.49031468" lon="15.08186138">
        <ele>316.0</ele>
        <time>2022-08-16T18:24:56.024Z</time>
    </trkpt>
    <trkpt lat="45.49030479" lon="15.08185367">
        <ele>316.0</ele>
        <time>2022-08-16T18:24:58.024Z</time>
    </trkpt>
    <trkpt lat="45.49027336" lon="15.08185032">
        <ele>316.0</ele>
        <time>2022-08-16T18:25:01.024Z</time>
    </trkpt>
    <trkpt lat="45.49026192" lon="15.08184177">
        <ele>316.0</ele>
        <time>2022-08-16T18:25:02.024Z</time>
    </trkpt>
    <trkpt lat="45.49022935" lon="15.08184127">
        <ele>316.0</ele>
        <time>2022-08-16T18:25:05.024Z</time>
    </trkpt>
    <trkpt lat="45.490211" lon="15.08184998">
        <ele>315.0</ele>
        <time>2022-08-16T18:25:07.024Z</time>
    </trkpt>
    <trkpt lat="45.49016959" lon="15.08184068">
        <ele>316.0</ele>
        <time>2022-08-16T18:25:11.024Z</time>
    </trkpt>
    <trkpt lat="45.49016154" lon="15.08183238">
        <ele>316.0</ele>
        <time>2022-08-16T18:25:12.024Z</time>
    </trkpt>
    <trkpt lat="45.49009767" lon="15.08180774">
        <ele>315.0</ele>
        <time>2022-08-16T18:25:20.024Z</time>
    </trkpt>
    <trkpt lat="45.49007643" lon="15.08178268">
        <ele>314.0</ele>
        <time>2022-08-16T18:25:24.024Z</time>
    </trkpt>
    <trkpt lat="45.49004466" lon="15.08176038">
        <ele>315.0</ele>
        <time>2022-08-16T18:25:29.024Z</time>
    </trkpt>
    <trkpt lat="45.48997425" lon="15.0817437">
        <ele>314.0</ele>
        <time>2022-08-16T18:25:36.024Z</time>
    </trkpt>
    <trkpt lat="45.48995602" lon="15.08173096">
        <ele>314.0</ele>
        <time>2022-08-16T18:25:37.024Z</time>
    </trkpt>
    <trkpt lat="45.48990346" lon="15.08171244">
        <ele>314.0</ele>
        <time>2022-08-16T18:25:42.024Z</time>
    </trkpt>
    <trkpt lat="45.48981336" lon="15.08165611">
        <ele>312.0</ele>
        <time>2022-08-16T18:25:50.024Z</time>
    </trkpt>
    <trkpt lat="45.48978457" lon="15.08164563">
        <ele>312.0</ele>
        <time>2022-08-16T18:25:53.024Z</time>
    </trkpt>
    <trkpt lat="45.48974677" lon="15.08161294">
        <ele>312.0</ele>
        <time>2022-08-16T18:25:58.024Z</time>
    </trkpt>
    <trkpt lat="45.4897295" lon="15.08158729">
        <ele>312.0</ele>
        <time>2022-08-16T18:26:02.024Z</time>
    </trkpt>
    <trkpt lat="45.48972216" lon="15.08158486">
        <ele>312.0</ele>
        <time>2022-08-16T18:26:03.024Z</time>
    </trkpt>
    <trkpt lat="45.48968453" lon="15.08153893">
        <ele>312.0</ele>
        <time>2022-08-16T18:26:08.024Z</time>
    </trkpt>
    <trkpt lat="45.48966772" lon="15.08152837">
        <ele>312.0</ele>
        <time>2022-08-16T18:26:10.024Z</time>
    </trkpt>
    <trkpt lat="45.48964547" lon="15.08150037">
        <ele>311.0</ele>
        <time>2022-08-16T18:26:13.024Z</time>
    </trkpt>
    <trkpt lat="45.48959489" lon="15.08148462">
        <ele>311.0</ele>
        <time>2022-08-16T18:26:17.024Z</time>
    </trkpt>
    <trkpt lat="45.48954585" lon="15.0814609">
        <ele>311.0</ele>
        <time>2022-08-16T18:26:21.024Z</time>
    </trkpt>
    <trkpt lat="45.48953542" lon="15.08145067">
        <ele>310.0</ele>
        <time>2022-08-16T18:26:22.024Z</time>
    </trkpt>
    <trkpt lat="45.48950935" lon="15.08143676">
        <ele>310.0</ele>
        <time>2022-08-16T18:26:24.024Z</time>
    </trkpt>
    <trkpt lat="45.4894767" lon="15.08140692">
        <ele>309.0</ele>
        <time>2022-08-16T18:26:28.024Z</time>
    </trkpt>
    <trkpt lat="45.48944045" lon="15.08138948">
        <ele>309.0</ele>
        <time>2022-08-16T18:26:32.024Z</time>
    </trkpt>
    <trkpt lat="45.48942016" lon="15.08138252">
        <ele>309.0</ele>
        <time>2022-08-16T18:26:34.024Z</time>
    </trkpt>
    <trkpt lat="45.48937545" lon="15.08139267">
        <ele>308.0</ele>
        <time>2022-08-16T18:26:38.024Z</time>
    </trkpt>
    <trkpt lat="45.48936321" lon="15.08140331">
        <ele>307.0</ele>
        <time>2022-08-16T18:26:40.024Z</time>
    </trkpt>
    <trkpt lat="45.48933027" lon="15.08141982">
        <ele>307.0</ele>
        <time>2022-08-16T18:26:43.024Z</time>
    </trkpt>
    <trkpt lat="45.48930479" lon="15.08144028">
        <ele>306.0</ele>
        <time>2022-08-16T18:26:46.024Z</time>
    </trkpt>
    <trkpt lat="45.48926766" lon="15.08144497">
        <ele>304.0</ele>
        <time>2022-08-16T18:26:50.024Z</time>
    </trkpt>
    <trkpt lat="45.48919645" lon="15.08144204">
        <ele>302.0</ele>
        <time>2022-08-16T18:26:57.024Z</time>
    </trkpt>
    <trkpt lat="45.48918644" lon="15.08145679">
        <ele>302.0</ele>
        <time>2022-08-16T18:27:00.024Z</time>
    </trkpt>
    <trkpt lat="45.48917877" lon="15.08145302">
        <ele>301.0</ele>
        <time>2022-08-16T18:27:01.024Z</time>
    </trkpt>
    <trkpt lat="45.48915018" lon="15.08147456">
        <ele>303.0</ele>
        <time>2022-08-16T18:27:03.024Z</time>
    </trkpt>
    <trkpt lat="45.48913883" lon="15.08146827">
        <ele>304.0</ele>
        <time>2022-08-16T18:27:05.024Z</time>
    </trkpt>
    <trkpt lat="45.48911125" lon="15.08143776">
        <ele>304.0</ele>
        <time>2022-08-16T18:27:08.024Z</time>
    </trkpt>
    <trkpt lat="45.48909545" lon="15.08140298">
        <ele>306.0</ele>
        <time>2022-08-16T18:27:10.024Z</time>
    </trkpt>
    <trkpt lat="45.48908338" lon="15.08140172">
        <ele>306.0</ele>
        <time>2022-08-16T18:27:11.024Z</time>
    </trkpt>
    <trkpt lat="45.48905178" lon="15.08138722">
        <ele>307.0</ele>
        <time>2022-08-16T18:27:14.024Z</time>
    </trkpt>
    <trkpt lat="45.48898451" lon="15.08138387">
        <ele>308.0</ele>
        <time>2022-08-16T18:27:20.024Z</time>
    </trkpt>
    <trkpt lat="45.48894776" lon="15.0813666">
        <ele>309.0</ele>
        <time>2022-08-16T18:27:24.024Z</time>
    </trkpt>
    <trkpt lat="45.48892882" lon="15.08135268">
        <ele>309.0</ele>
        <time>2022-08-16T18:27:28.024Z</time>
    </trkpt>
    <trkpt lat="45.48891189" lon="15.08132251">
        <ele>308.0</ele>
        <time>2022-08-16T18:27:33.024Z</time>
    </trkpt>
    <trkpt lat="45.48889131" lon="15.0813117">
        <ele>308.0</ele>
        <time>2022-08-16T18:27:36.024Z</time>
    </trkpt>
    <trkpt lat="45.48885355" lon="15.08127222">
        <ele>307.0</ele>
        <time>2022-08-16T18:27:41.024Z</time>
    </trkpt>
    <trkpt lat="45.48882899" lon="15.08125302">
        <ele>306.0</ele>
        <time>2022-08-16T18:27:44.024Z</time>
    </trkpt>
    <trkpt lat="45.48880849" lon="15.08124531">
        <ele>306.0</ele>
        <time>2022-08-16T18:27:46.024Z</time>
    </trkpt>
    <trkpt lat="45.48878989" lon="15.08124447">
        <ele>306.0</ele>
        <time>2022-08-16T18:27:48.024Z</time>
    </trkpt>
    <trkpt lat="45.48877254" lon="15.08123048">
        <ele>305.0</ele>
        <time>2022-08-16T18:27:51.024Z</time>
    </trkpt>
    <trkpt lat="45.48875502" lon="15.08122553">
        <ele>305.0</ele>
        <time>2022-08-16T18:27:54.024Z</time>
    </trkpt>
    <trkpt lat="45.48874115" lon="15.08121648">
        <ele>304.0</ele>
        <time>2022-08-16T18:27:56.024Z</time>
    </trkpt>
    <trkpt lat="45.48872002" lon="15.08119494">
        <ele>304.0</ele>
        <time>2022-08-16T18:28:00.024Z</time>
    </trkpt>
    <trkpt lat="45.48869815" lon="15.08118748">
        <ele>304.0</ele>
        <time>2022-08-16T18:28:02.024Z</time>
    </trkpt>
    <trkpt lat="45.48867987" lon="15.08118966">
        <ele>303.0</ele>
        <time>2022-08-16T18:28:04.024Z</time>
    </trkpt>
    <trkpt lat="45.48859786" lon="15.08116845">
        <ele>302.0</ele>
        <time>2022-08-16T18:28:13.024Z</time>
    </trkpt>
    <trkpt lat="45.48857326" lon="15.08115982">
        <ele>301.0</ele>
        <time>2022-08-16T18:28:16.024Z</time>
    </trkpt>
    <trkpt lat="45.48856814" lon="15.08114758">
        <ele>301.0</ele>
        <time>2022-08-16T18:28:18.024Z</time>
    </trkpt>
    <trkpt lat="45.48856006" lon="15.08114398">
        <ele>301.0</ele>
        <time>2022-08-16T18:28:19.024Z</time>
    </trkpt>
    <trkpt lat="45.48854053" lon="15.08114599">
        <ele>300.0</ele>
        <time>2022-08-16T18:28:22.024Z</time>
    </trkpt>
    <trkpt lat="45.48851178" lon="15.08113895">
        <ele>299.0</ele>
        <time>2022-08-16T18:28:26.024Z</time>
    </trkpt>
    <trkpt lat="45.48850406" lon="15.08114062">
        <ele>299.0</ele>
        <time>2022-08-16T18:28:27.024Z</time>
    </trkpt>
    <trkpt lat="45.4884917" lon="15.08113115">
        <ele>299.0</ele>
        <time>2022-08-16T18:28:29.024Z</time>
    </trkpt>
    <trkpt lat="45.48847049" lon="15.08112704">
        <ele>298.0</ele>
        <time>2022-08-16T18:28:31.024Z</time>
    </trkpt>
    <trkpt lat="45.48831983" lon="15.08112051">
        <ele>295.0</ele>
        <time>2022-08-16T18:28:44.024Z</time>
    </trkpt>
    <trkpt lat="45.4882881" lon="15.08111053">
        <ele>295.0</ele>
        <time>2022-08-16T18:28:47.024Z</time>
    </trkpt>
    <trkpt lat="45.48820609" lon="15.08111514">
        <ele>293.0</ele>
        <time>2022-08-16T18:28:54.024Z</time>
    </trkpt>
    <trkpt lat="45.48818132" lon="15.08110374">
        <ele>292.0</ele>
        <time>2022-08-16T18:28:56.024Z</time>
    </trkpt>
    <trkpt lat="45.48812424" lon="15.08108874">
        <ele>291.0</ele>
        <time>2022-08-16T18:29:02.024Z</time>
    </trkpt>
    <trkpt lat="45.48808962" lon="15.08108991">
        <ele>290.0</ele>
        <time>2022-08-16T18:29:05.024Z</time>
    </trkpt>
    <trkpt lat="45.48798166" lon="15.08104155">
        <ele>288.0</ele>
        <time>2022-08-16T18:29:14.024Z</time>
    </trkpt>
    <trkpt lat="45.48794872" lon="15.08103057">
        <ele>287.0</ele>
        <time>2022-08-16T18:29:17.024Z</time>
    </trkpt>
    <trkpt lat="45.48791226" lon="15.08103241">
        <ele>287.0</ele>
        <time>2022-08-16T18:29:20.024Z</time>
    </trkpt>
    <trkpt lat="45.48787387" lon="15.08102814">
        <ele>286.0</ele>
        <time>2022-08-16T18:29:24.024Z</time>
    </trkpt>
    <trkpt lat="45.48780334" lon="15.08101414">
        <ele>285.0</ele>
        <time>2022-08-16T18:29:29.024Z</time>
    </trkpt>
    <trkpt lat="45.48776206" lon="15.08099109">
        <ele>284.0</ele>
        <time>2022-08-16T18:29:34.024Z</time>
    </trkpt>
    <trkpt lat="45.48771503" lon="15.08098003">
        <ele>283.0</ele>
        <time>2022-08-16T18:29:39.024Z</time>
    </trkpt>
    <trkpt lat="45.48769613" lon="15.08098078">
        <ele>283.0</ele>
        <time>2022-08-16T18:29:41.024Z</time>
    </trkpt>
    <trkpt lat="45.48768511" lon="15.08097684">
        <ele>283.0</ele>
        <time>2022-08-16T18:29:42.024Z</time>
    </trkpt>
    <trkpt lat="45.4876235" lon="15.08098438">
        <ele>281.0</ele>
        <time>2022-08-16T18:29:47.024Z</time>
    </trkpt>
    <trkpt lat="45.48760511" lon="15.08098086">
        <ele>281.0</ele>
        <time>2022-08-16T18:29:49.024Z</time>
    </trkpt>
    <trkpt lat="45.48757225" lon="15.08095982">
        <ele>280.0</ele>
        <time>2022-08-16T18:29:53.024Z</time>
    </trkpt>
    <trkpt lat="45.48753922" lon="15.08094817">
        <ele>279.0</ele>
        <time>2022-08-16T18:29:56.024Z</time>
    </trkpt>
    <trkpt lat="45.4875186" lon="15.08092244">
        <ele>279.0</ele>
        <time>2022-08-16T18:30:01.024Z</time>
    </trkpt>
    <trkpt lat="45.48750674" lon="15.08092839">
        <ele>278.0</ele>
        <time>2022-08-16T18:30:06.024Z</time>
    </trkpt>
    <trkpt lat="45.4874785" lon="15.08097516">
        <ele>278.0</ele>
        <time>2022-08-16T18:30:13.024Z</time>
    </trkpt>
    <trkpt lat="45.48747347" lon="15.08097768">
        <ele>279.0</ele>
        <time>2022-08-16T18:30:14.024Z</time>
    </trkpt>
    <trkpt lat="45.48747887" lon="15.08097047">
        <ele>278.0</ele>
        <time>2022-08-16T18:30:20.024Z</time>
    </trkpt>
    <trkpt lat="45.48746655" lon="15.08097542">
        <ele>278.0</ele>
        <time>2022-08-16T18:30:25.024Z</time>
    </trkpt>
    <trkpt lat="45.48746433" lon="15.08098288">
        <ele>279.0</ele>
        <time>2022-08-16T18:30:26.024Z</time>
    </trkpt>
    <trkpt lat="45.48746521" lon="15.0809667">
        <ele>277.0</ele>
        <time>2022-08-16T18:30:33.024Z</time>
    </trkpt>
    <trkpt lat="45.48746182" lon="15.0809605">
        <ele>277.0</ele>
        <time>2022-08-16T18:30:38.024Z</time>
    </trkpt>
    <trkpt lat="45.48745503" lon="15.08095966">
        <ele>277.0</ele>
        <time>2022-08-16T18:30:40.024Z</time>
    </trkpt>
    <trkpt lat="45.48745499" lon="15.08095471">
        <ele>277.0</ele>
        <time>2022-08-16T18:30:41.024Z</time>
    </trkpt>
    <trkpt lat="45.4874505" lon="15.08095446">
        <ele>278.0</ele>
        <time>2022-08-16T18:30:44.024Z</time>
    </trkpt>
    <trkpt lat="45.48744924" lon="15.08094625">
        <ele>279.0</ele>
        <time>2022-08-16T18:30:46.024Z</time>
    </trkpt>
    <trkpt lat="45.4874391" lon="15.08095102">
        <ele>280.0</ele>
        <time>2022-08-16T18:30:50.024Z</time>
    </trkpt>
    <trkpt lat="45.48743181" lon="15.08094516">
        <ele>281.0</ele>
        <time>2022-08-16T18:30:53.024Z</time>
    </trkpt>
    <trkpt lat="45.48741194" lon="15.08094725">
        <ele>281.0</ele>
        <time>2022-08-16T18:31:00.024Z</time>
    </trkpt>
    <trkpt lat="45.48740054" lon="15.08094382">
        <ele>280.0</ele>
        <time>2022-08-16T18:31:04.024Z</time>
    </trkpt>
    <trkpt lat="45.48739644" lon="15.0809677">
        <ele>279.0</ele>
        <time>2022-08-16T18:31:08.024Z</time>
    </trkpt>
    <trkpt lat="45.48739237" lon="15.08096435">
        <ele>279.0</ele>
        <time>2022-08-16T18:31:09.024Z</time>
    </trkpt>
    <trkpt lat="45.48739736" lon="15.08097785">
        <ele>279.0</ele>
        <time>2022-08-16T18:31:13.024Z</time>
    </trkpt>
    <trkpt lat="45.48738676" lon="15.08097298">
        <ele>278.0</ele>
        <time>2022-08-16T18:31:17.024Z</time>
    </trkpt>
    <trkpt lat="45.48738152" lon="15.08098187">
        <ele>278.0</ele>
        <time>2022-08-16T18:31:19.024Z</time>
    </trkpt>
    <trkpt lat="45.48736207" lon="15.08097575">
        <ele>278.0</ele>
        <time>2022-08-16T18:31:24.024Z</time>
    </trkpt>
    <trkpt lat="45.4873671" lon="15.08098229">
        <ele>278.0</ele>
        <time>2022-08-16T18:31:27.024Z</time>
    </trkpt>
    <trkpt lat="45.48736123" lon="15.08097768">
        <ele>278.0</ele>
        <time>2022-08-16T18:31:29.024Z</time>
    </trkpt>
    <trkpt lat="45.48735553" lon="15.08098505">
        <ele>277.0</ele>
        <time>2022-08-16T18:31:32.024Z</time>
    </trkpt>
    <trkpt lat="45.48734707" lon="15.08097877">
        <ele>279.0</ele>
        <time>2022-08-16T18:31:39.024Z</time>
    </trkpt>
    <trkpt lat="45.48734501" lon="15.08099117">
        <ele>279.0</ele>
        <time>2022-08-16T18:32:15.024Z</time>
    </trkpt>
    <trkpt lat="45.48734372" lon="15.08098656">
        <ele>280.0</ele>
        <time>2022-08-16T18:32:20.024Z</time>
    </trkpt>
    <trkpt lat="45.48731823" lon="15.08098455">
        <ele>279.0</ele>
        <time>2022-08-16T18:32:24.024Z</time>
    </trkpt>
    <trkpt lat="45.4872951" lon="15.08100291">
        <ele>279.0</ele>
        <time>2022-08-16T18:32:28.024Z</time>
    </trkpt>
    <trkpt lat="45.48729523" lon="15.08101121">
        <ele>278.0</ele>
        <time>2022-08-16T18:32:31.024Z</time>
    </trkpt>
    <trkpt lat="45.48729066" lon="15.08101422">
        <ele>278.0</ele>
        <time>2022-08-16T18:32:32.024Z</time>
    </trkpt>
    <trkpt lat="45.48727913" lon="15.08100945">
        <ele>277.0</ele>
        <time>2022-08-16T18:32:37.024Z</time>
    </trkpt>
    <trkpt lat="45.48727192" lon="15.08101146">
        <ele>277.0</ele>
        <time>2022-08-16T18:32:38.024Z</time>
    </trkpt>
    <trkpt lat="45.48726379" lon="15.08102395">
        <ele>277.0</ele>
        <time>2022-08-16T18:32:40.024Z</time>
    </trkpt>
    <trkpt lat="45.48722268" lon="15.08106284">
        <ele>276.0</ele>
        <time>2022-08-16T18:32:47.024Z</time>
    </trkpt>
    <trkpt lat="45.48719561" lon="15.08111631">
        <ele>275.0</ele>
        <time>2022-08-16T18:32:53.024Z</time>
    </trkpt>
    <trkpt lat="45.48719515" lon="15.08112931">
        <ele>274.0</ele>
        <time>2022-08-16T18:32:54.024Z</time>
    </trkpt>
    <trkpt lat="45.48719611" lon="15.08111648">
        <ele>275.0</ele>
        <time>2022-08-16T18:32:57.024Z</time>
    </trkpt>
    <trkpt lat="45.48719058" lon="15.08111715">
        <ele>275.0</ele>
        <time>2022-08-16T18:33:03.024Z</time>
    </trkpt>
    <trkpt lat="45.48718475" lon="15.08112528">
        <ele>275.0</ele>
        <time>2022-08-16T18:33:04.024Z</time>
    </trkpt>
    <trkpt lat="45.48711552" lon="15.08125604">
        <ele>273.0</ele>
        <time>2022-08-16T18:33:15.024Z</time>
    </trkpt>
    <trkpt lat="45.48710315" lon="15.08131044">
        <ele>273.0</ele>
        <time>2022-08-16T18:33:19.024Z</time>
    </trkpt>
    <trkpt lat="45.48709155" lon="15.08133232">
        <ele>272.0</ele>
        <time>2022-08-16T18:33:21.024Z</time>
    </trkpt>
    <trkpt lat="45.48707956" lon="15.08138856">
        <ele>271.0</ele>
        <time>2022-08-16T18:33:25.024Z</time>
    </trkpt>
    <trkpt lat="45.48707818" lon="15.08148805">
        <ele>272.0</ele>
        <time>2022-08-16T18:33:37.024Z</time>
    </trkpt>
    <trkpt lat="45.48707281" lon="15.08151622">
        <ele>271.0</ele>
        <time>2022-08-16T18:33:40.024Z</time>
    </trkpt>
    <trkpt lat="45.48708182" lon="15.08156592">
        <ele>270.0</ele>
        <time>2022-08-16T18:33:44.024Z</time>
    </trkpt>
    <trkpt lat="45.48709285" lon="15.08160121">
        <ele>270.0</ele>
        <time>2022-08-16T18:33:47.024Z</time>
    </trkpt>
    <trkpt lat="45.48712164" lon="15.08164898">
        <ele>270.0</ele>
        <time>2022-08-16T18:33:53.024Z</time>
    </trkpt>
    <trkpt lat="45.48712788" lon="15.08168528">
        <ele>270.0</ele>
        <time>2022-08-16T18:33:56.024Z</time>
    </trkpt>
    <trkpt lat="45.48712872" lon="15.08174538">
        <ele>269.0</ele>
        <time>2022-08-16T18:34:01.024Z</time>
    </trkpt>
    <trkpt lat="45.48714573" lon="15.08182308">
        <ele>269.0</ele>
        <time>2022-08-16T18:34:08.024Z</time>
    </trkpt>
    <trkpt lat="45.48714695" lon="15.08185904">
        <ele>269.0</ele>
        <time>2022-08-16T18:34:12.024Z</time>
    </trkpt>
    <trkpt lat="45.48719925" lon="15.08201175">
        <ele>266.0</ele>
        <time>2022-08-16T18:34:27.024Z</time>
    </trkpt>
    <trkpt lat="45.48719896" lon="15.08204411">
        <ele>266.0</ele>
        <time>2022-08-16T18:34:34.024Z</time>
    </trkpt>
    <trkpt lat="45.48720399" lon="15.08205551">
        <ele>265.0</ele>
        <time>2022-08-16T18:34:35.024Z</time>
    </trkpt>
    <trkpt lat="45.48722163" lon="15.08206984">
        <ele>264.0</ele>
        <time>2022-08-16T18:34:40.024Z</time>
    </trkpt>
    <trkpt lat="45.48724468" lon="15.08212013">
        <ele>264.0</ele>
        <time>2022-08-16T18:34:45.024Z</time>
    </trkpt>
    <trkpt lat="45.48725608" lon="15.08212826">
        <ele>264.0</ele>
        <time>2022-08-16T18:34:47.024Z</time>
    </trkpt>
    <trkpt lat="45.48727415" lon="15.0821607">
        <ele>263.0</ele>
        <time>2022-08-16T18:34:50.024Z</time>
    </trkpt>
    <trkpt lat="45.48729158" lon="15.08220538">
        <ele>263.0</ele>
        <time>2022-08-16T18:34:54.024Z</time>
    </trkpt>
    <trkpt lat="45.48730549" lon="15.08226455">
        <ele>262.0</ele>
        <time>2022-08-16T18:35:00.024Z</time>
    </trkpt>
    <trkpt lat="45.48732628" lon="15.08231107">
        <ele>261.0</ele>
        <time>2022-08-16T18:35:05.024Z</time>
    </trkpt>
    <trkpt lat="45.48734707" lon="15.08234158">
        <ele>261.0</ele>
        <time>2022-08-16T18:35:08.024Z</time>
    </trkpt>
    <trkpt lat="45.4873798" lon="15.08237813">
        <ele>260.0</ele>
        <time>2022-08-16T18:35:14.024Z</time>
    </trkpt>
    <trkpt lat="45.48740402" lon="15.08247477">
        <ele>259.0</ele>
        <time>2022-08-16T18:35:23.024Z</time>
    </trkpt>
    <trkpt lat="45.48740507" lon="15.08252732">
        <ele>258.0</ele>
        <time>2022-08-16T18:35:27.024Z</time>
    </trkpt>
    <trkpt lat="45.48742619" lon="15.0826606">
        <ele>256.0</ele>
        <time>2022-08-16T18:35:36.024Z</time>
    </trkpt>
    <trkpt lat="45.48744815" lon="15.08270678">
        <ele>256.0</ele>
        <time>2022-08-16T18:35:40.024Z</time>
    </trkpt>
    <trkpt lat="45.48746081" lon="15.08274768">
        <ele>254.0</ele>
        <time>2022-08-16T18:35:43.024Z</time>
    </trkpt>
    <trkpt lat="45.48747146" lon="15.08281021">
        <ele>253.0</ele>
        <time>2022-08-16T18:35:47.024Z</time>
    </trkpt>
    <trkpt lat="45.48751458" lon="15.08293108">
        <ele>252.0</ele>
        <time>2022-08-16T18:35:55.024Z</time>
    </trkpt>
    <trkpt lat="45.48755766" lon="15.08300325">
        <ele>251.0</ele>
        <time>2022-08-16T18:36:01.024Z</time>
    </trkpt>
    <trkpt lat="45.487602" lon="15.08304315">
        <ele>251.0</ele>
        <time>2022-08-16T18:36:06.024Z</time>
    </trkpt>
    <trkpt lat="45.48764551" lon="15.08310308">
        <ele>251.0</ele>
        <time>2022-08-16T18:36:13.024Z</time>
    </trkpt>
    <trkpt lat="45.48768222" lon="15.08312856">
        <ele>251.0</ele>
        <time>2022-08-16T18:36:16.024Z</time>
    </trkpt>
    <trkpt lat="45.48771373" lon="15.08316016">
        <ele>251.0</ele>
        <time>2022-08-16T18:36:20.024Z</time>
    </trkpt>
    <trkpt lat="45.48773092" lon="15.08318824">
        <ele>251.0</ele>
        <time>2022-08-16T18:36:23.024Z</time>
    </trkpt>
    <trkpt lat="45.48775204" lon="15.08321028">
        <ele>250.0</ele>
        <time>2022-08-16T18:36:27.024Z</time>
    </trkpt>
    <trkpt lat="45.48775904" lon="15.08323492">
        <ele>251.0</ele>
        <time>2022-08-16T18:36:30.024Z</time>
    </trkpt>
    <trkpt lat="45.48775196" lon="15.08323526">
        <ele>251.0</ele>
        <time>2022-08-16T18:36:32.024Z</time>
    </trkpt>
    <trkpt lat="45.4877582" lon="15.08322562">
        <ele>250.0</ele>
        <time>2022-08-16T18:36:36.024Z</time>
    </trkpt>
    <trkpt lat="45.48776323" lon="15.08322679">
        <ele>250.0</ele>
        <time>2022-08-16T18:36:39.024Z</time>
    </trkpt>
    <trkpt lat="45.48776449" lon="15.08323157">
        <ele>250.0</ele>
        <time>2022-08-16T18:36:40.024Z</time>
    </trkpt>
    <trkpt lat="45.48776595" lon="15.08322763">
        <ele>250.0</ele>
        <time>2022-08-16T18:36:42.024Z</time>
    </trkpt>
    <trkpt lat="45.48776541" lon="15.08323392">
        <ele>250.0</ele>
        <time>2022-08-16T18:36:43.024Z</time>
    </trkpt>
    <trkpt lat="45.48777392" lon="15.08323744">
        <ele>250.0</ele>
        <time>2022-08-16T18:36:45.024Z</time>
    </trkpt>
    <trkpt lat="45.48778008" lon="15.08325655">
        <ele>250.0</ele>
        <time>2022-08-16T18:36:46.024Z</time>
    </trkpt>
    <trkpt lat="45.487817" lon="15.08329963">
        <ele>250.0</ele>
        <time>2022-08-16T18:36:50.024Z</time>
    </trkpt>
    <trkpt lat="45.48785241" lon="15.0833169">
        <ele>249.0</ele>
        <time>2022-08-16T18:36:53.024Z</time>
    </trkpt>
    <trkpt lat="45.48786515" lon="15.08332101">
        <ele>249.0</ele>
        <time>2022-08-16T18:36:54.024Z</time>
    </trkpt>
    <trkpt lat="45.48787898" lon="15.08331832">
        <ele>248.0</ele>
        <time>2022-08-16T18:36:56.024Z</time>
    </trkpt>
    <trkpt lat="45.48788636" lon="15.08332226">
        <ele>248.0</ele>
        <time>2022-08-16T18:36:57.024Z</time>
    </trkpt>
    <trkpt lat="45.48794738" lon="15.08338815">
        <ele>250.0</ele>
        <time>2022-08-16T18:37:06.024Z</time>
    </trkpt>
    <trkpt lat="45.48799348" lon="15.08340793">
        <ele>249.0</ele>
        <time>2022-08-16T18:37:12.024Z</time>
    </trkpt>
    <trkpt lat="45.48802223" lon="15.08343307">
        <ele>249.0</ele>
        <time>2022-08-16T18:37:16.024Z</time>
    </trkpt>
    <trkpt lat="45.48804168" lon="15.08344221">
        <ele>249.0</ele>
        <time>2022-08-16T18:37:19.024Z</time>
    </trkpt>
    <trkpt lat="45.48806364" lon="15.083478">
        <ele>248.0</ele>
        <time>2022-08-16T18:37:23.024Z</time>
    </trkpt>
    <trkpt lat="45.48808061" lon="15.08353936">
        <ele>248.0</ele>
        <time>2022-08-16T18:37:28.024Z</time>
    </trkpt>
    <trkpt lat="45.48810815" lon="15.08358135">
        <ele>248.0</ele>
        <time>2022-08-16T18:37:33.024Z</time>
    </trkpt>
    <trkpt lat="45.48811954" lon="15.08358479">
        <ele>248.0</ele>
        <time>2022-08-16T18:37:35.024Z</time>
    </trkpt>
    <trkpt lat="45.4881379" lon="15.08358051">
        <ele>248.0</ele>
        <time>2022-08-16T18:37:37.024Z</time>
    </trkpt>
    <trkpt lat="45.48814884" lon="15.08356517">
        <ele>248.0</ele>
        <time>2022-08-16T18:37:39.024Z</time>
    </trkpt>
    <trkpt lat="45.48815119" lon="15.08356718">
        <ele>248.0</ele>
        <time>2022-08-16T18:37:40.024Z</time>
    </trkpt>
    <trkpt lat="45.48814754" lon="15.08357414">
        <ele>247.0</ele>
        <time>2022-08-16T18:37:43.024Z</time>
    </trkpt>
    <trkpt lat="45.48815144" lon="15.08357313">
        <ele>246.0</ele>
        <time>2022-08-16T18:37:45.024Z</time>
    </trkpt>
    <trkpt lat="45.48822046" lon="15.08366483">
        <ele>245.0</ele>
        <time>2022-08-16T18:37:55.024Z</time>
    </trkpt>
    <trkpt lat="45.48825139" lon="15.08368948">
        <ele>245.0</ele>
        <time>2022-08-16T18:37:59.024Z</time>
    </trkpt>
    <trkpt lat="45.48826619" lon="15.08370808">
        <ele>245.0</ele>
        <time>2022-08-16T18:38:01.024Z</time>
    </trkpt>
    <trkpt lat="45.48828911" lon="15.0837225">
        <ele>245.0</ele>
        <time>2022-08-16T18:38:03.024Z</time>
    </trkpt>
    <trkpt lat="45.48830621" lon="15.08373918">
        <ele>245.0</ele>
        <time>2022-08-16T18:38:05.024Z</time>
    </trkpt>
    <trkpt lat="45.4883816" lon="15.08378319">
        <ele>246.0</ele>
        <time>2022-08-16T18:38:14.024Z</time>
    </trkpt>
    <trkpt lat="45.4883917" lon="15.08378536">
        <ele>246.0</ele>
        <time>2022-08-16T18:38:15.024Z</time>
    </trkpt>
    <trkpt lat="45.48841455" lon="15.08378495">
        <ele>246.0</ele>
        <time>2022-08-16T18:38:17.024Z</time>
    </trkpt>
    <trkpt lat="45.4884614" lon="15.08377405">
        <ele>247.0</ele>
        <time>2022-08-16T18:38:21.024Z</time>
    </trkpt>
    <trkpt lat="45.48848961" lon="15.08377899">
        <ele>247.0</ele>
        <time>2022-08-16T18:38:24.024Z</time>
    </trkpt>
    <trkpt lat="45.48850528" lon="15.08377346">
        <ele>247.0</ele>
        <time>2022-08-16T18:38:26.024Z</time>
    </trkpt>
    <trkpt lat="45.4885259" lon="15.08377614">
        <ele>247.0</ele>
        <time>2022-08-16T18:38:28.024Z</time>
    </trkpt>
    <trkpt lat="45.48857577" lon="15.08376298">
        <ele>247.0</ele>
        <time>2022-08-16T18:38:34.024Z</time>
    </trkpt>
    <trkpt lat="45.48857979" lon="15.08376692">
        <ele>247.0</ele>
        <time>2022-08-16T18:38:35.024Z</time>
    </trkpt>
    <trkpt lat="45.48862003" lon="15.08377153">
        <ele>248.0</ele>
        <time>2022-08-16T18:38:40.024Z</time>
    </trkpt>
    <trkpt lat="45.48862732" lon="15.0837774">
        <ele>248.0</ele>
        <time>2022-08-16T18:38:41.024Z</time>
    </trkpt>
    <trkpt lat="45.48864618" lon="15.08377858">
        <ele>248.0</ele>
        <time>2022-08-16T18:38:43.024Z</time>
    </trkpt>
    <trkpt lat="45.48869178" lon="15.08379165">
        <ele>247.0</ele>
        <time>2022-08-16T18:38:46.024Z</time>
    </trkpt>
    <trkpt lat="45.48871717" lon="15.08378126">
        <ele>248.0</ele>
        <time>2022-08-16T18:38:49.024Z</time>
    </trkpt>
    <trkpt lat="45.48877673" lon="15.08377866">
        <ele>248.0</ele>
        <time>2022-08-16T18:38:55.024Z</time>
    </trkpt>
    <trkpt lat="45.48879198" lon="15.08378478">
        <ele>247.0</ele>
        <time>2022-08-16T18:38:57.024Z</time>
    </trkpt>
    <trkpt lat="45.48880552" lon="15.08377757">
        <ele>248.0</ele>
        <time>2022-08-16T18:38:59.024Z</time>
    </trkpt>
    <trkpt lat="45.48884445" lon="15.08377673">
        <ele>248.0</ele>
        <time>2022-08-16T18:39:03.024Z</time>
    </trkpt>
    <trkpt lat="45.48885765" lon="15.08377195">
        <ele>248.0</ele>
        <time>2022-08-16T18:39:05.024Z</time>
    </trkpt>
    <trkpt lat="45.48887102" lon="15.08377883">
        <ele>248.0</ele>
        <time>2022-08-16T18:39:07.024Z</time>
    </trkpt>
    <trkpt lat="45.48891486" lon="15.08376458">
        <ele>248.0</ele>
        <time>2022-08-16T18:39:12.024Z</time>
    </trkpt>
    <trkpt lat="45.48893401" lon="15.08377145">
        <ele>248.0</ele>
        <time>2022-08-16T18:39:13.024Z</time>
    </trkpt>
    <trkpt lat="45.48896385" lon="15.08376382">
        <ele>248.0</ele>
        <time>2022-08-16T18:39:16.024Z</time>
    </trkpt>
    <trkpt lat="45.48899851" lon="15.08376634">
        <ele>248.0</ele>
        <time>2022-08-16T18:39:20.024Z</time>
    </trkpt>
    <trkpt lat="45.48900677" lon="15.08375863">
        <ele>248.0</ele>
        <time>2022-08-16T18:39:22.024Z</time>
    </trkpt>
    <trkpt lat="45.48902366" lon="15.08376458">
        <ele>248.0</ele>
        <time>2022-08-16T18:39:23.024Z</time>
    </trkpt>
    <trkpt lat="45.48902672" lon="15.08375779">
        <ele>247.0</ele>
        <time>2022-08-16T18:39:24.024Z</time>
    </trkpt>
    <trkpt lat="45.48904516" lon="15.08374396">
        <ele>247.0</ele>
        <time>2022-08-16T18:39:26.024Z</time>
    </trkpt>
    <trkpt lat="45.4890558" lon="15.08372661">
        <ele>247.0</ele>
        <time>2022-08-16T18:39:28.024Z</time>
    </trkpt>
    <trkpt lat="45.48910651" lon="15.08373365">
        <ele>251.0</ele>
        <time>2022-08-16T18:39:32.024Z</time>
    </trkpt>
    <trkpt lat="45.48916087" lon="15.08372895">
        <ele>257.0</ele>
        <time>2022-08-16T18:39:40.024Z</time>
    </trkpt>
    <trkpt lat="45.48920542" lon="15.08377313">
        <ele>257.0</ele>
        <time>2022-08-16T18:39:46.024Z</time>
    </trkpt>
    <trkpt lat="45.48922545" lon="15.08377128">
        <ele>257.0</ele>
        <time>2022-08-16T18:39:49.024Z</time>
    </trkpt>
    <trkpt lat="45.48924808" lon="15.08377598">
        <ele>258.0</ele>
        <time>2022-08-16T18:39:52.024Z</time>
    </trkpt>
    <trkpt lat="45.4892775" lon="15.08376852">
        <ele>258.0</ele>
        <time>2022-08-16T18:39:57.024Z</time>
    </trkpt>
    <trkpt lat="45.48930441" lon="15.08374848">
        <ele>259.0</ele>
        <time>2022-08-16T18:40:01.024Z</time>
    </trkpt>
    <trkpt lat="45.48935759" lon="15.08371814">
        <ele>258.0</ele>
        <time>2022-08-16T18:40:08.024Z</time>
    </trkpt>
    <trkpt lat="45.48936078" lon="15.08366995">
        <ele>259.0</ele>
        <time>2022-08-16T18:40:15.024Z</time>
    </trkpt>
    <trkpt lat="45.48938727" lon="15.0836417">
        <ele>259.0</ele>
        <time>2022-08-16T18:40:19.024Z</time>
    </trkpt>
    <trkpt lat="45.48944841" lon="15.08363239">
        <ele>259.0</ele>
        <time>2022-08-16T18:40:26.024Z</time>
    </trkpt>
    <trkpt lat="45.48949376" lon="15.08364254">
        <ele>258.0</ele>
        <time>2022-08-16T18:40:31.024Z</time>
    </trkpt>
    <trkpt lat="45.48950206" lon="15.08364907">
        <ele>259.0</ele>
        <time>2022-08-16T18:40:32.024Z</time>
    </trkpt>
    <trkpt lat="45.48951509" lon="15.08364631">
        <ele>259.0</ele>
        <time>2022-08-16T18:40:34.024Z</time>
    </trkpt>
    <trkpt lat="45.4895166" lon="15.0836386">
        <ele>259.0</ele>
        <time>2022-08-16T18:40:35.024Z</time>
    </trkpt>
    <trkpt lat="45.48955034" lon="15.08366307">
        <ele>258.0</ele>
        <time>2022-08-16T18:40:41.024Z</time>
    </trkpt>
    <trkpt lat="45.48956085" lon="15.08366601">
        <ele>257.0</ele>
        <time>2022-08-16T18:40:42.024Z</time>
    </trkpt>
    <trkpt lat="45.48954485" lon="15.08368026">
        <ele>255.0</ele>
        <time>2022-08-16T18:41:06.024Z</time>
    </trkpt>
    <trkpt lat="45.48954547" lon="15.08368403">
        <ele>255.0</ele>
        <time>2022-08-16T18:41:18.024Z</time>
    </trkpt>
    <trkpt lat="45.48954476" lon="15.08367724">
        <ele>254.0</ele>
        <time>2022-08-16T18:41:19.024Z</time>
    </trkpt>
    <trkpt lat="45.48954761" lon="15.08368637">
        <ele>254.0</ele>
        <time>2022-08-16T18:41:20.024Z</time>
    </trkpt>
    <trkpt lat="45.48955738" lon="15.08368101">
        <ele>256.0</ele>
        <time>2022-08-16T18:41:24.024Z</time>
    </trkpt>
    <trkpt lat="45.48960809" lon="15.08368554">
        <ele>256.0</ele>
        <time>2022-08-16T18:41:30.024Z</time>
    </trkpt>
    <trkpt lat="45.48962162" lon="15.08367539">
        <ele>256.0</ele>
        <time>2022-08-16T18:41:32.024Z</time>
    </trkpt>
    <trkpt lat="45.48964786" lon="15.08364438">
        <ele>256.0</ele>
        <time>2022-08-16T18:41:37.024Z</time>
    </trkpt>
    <trkpt lat="45.48965934" lon="15.08364949">
        <ele>257.0</ele>
        <time>2022-08-16T18:41:39.024Z</time>
    </trkpt>
    <trkpt lat="45.48966806" lon="15.08366307">
        <ele>257.0</ele>
        <time>2022-08-16T18:41:41.024Z</time>
    </trkpt>
    <trkpt lat="45.4896725" lon="15.08366307">
        <ele>257.0</ele>
        <time>2022-08-16T18:41:42.024Z</time>
    </trkpt>
    <trkpt lat="45.48967187" lon="15.08366827">
        <ele>257.0</ele>
        <time>2022-08-16T18:41:46.024Z</time>
    </trkpt>
    <trkpt lat="45.48969505" lon="15.08367984">
        <ele>257.0</ele>
        <time>2022-08-16T18:41:50.024Z</time>
    </trkpt>
    <trkpt lat="45.48970184" lon="15.08368067">
        <ele>257.0</ele>
        <time>2022-08-16T18:41:51.024Z</time>
    </trkpt>
    <trkpt lat="45.4897173" lon="15.08366869">
        <ele>257.0</ele>
        <time>2022-08-16T18:41:53.024Z</time>
    </trkpt>
    <trkpt lat="45.48972677" lon="15.08366894">
        <ele>257.0</ele>
        <time>2022-08-16T18:41:56.024Z</time>
    </trkpt>
    <trkpt lat="45.48971898" lon="15.08366249">
        <ele>257.0</ele>
        <time>2022-08-16T18:41:58.024Z</time>
    </trkpt>
    <trkpt lat="45.48972279" lon="15.08366165">
        <ele>257.0</ele>
        <time>2022-08-16T18:42:00.024Z</time>
    </trkpt>
    <trkpt lat="45.48972925" lon="15.08366827">
        <ele>257.0</ele>
        <time>2022-08-16T18:42:02.024Z</time>
    </trkpt>
    <trkpt lat="45.4897295" lon="15.08367917">
        <ele>257.0</ele>
        <time>2022-08-16T18:42:05.024Z</time>
    </trkpt>
    <trkpt lat="45.4897357" lon="15.08368755">
        <ele>257.0</ele>
        <time>2022-08-16T18:42:06.024Z</time>
    </trkpt>
    <trkpt lat="45.48974501" lon="15.08368378">
        <ele>258.0</ele>
        <time>2022-08-16T18:42:09.024Z</time>
    </trkpt>
    <trkpt lat="45.48976902" lon="15.08369769">
        <ele>258.0</ele>
        <time>2022-08-16T18:42:13.024Z</time>
    </trkpt>
    <trkpt lat="45.48977904" lon="15.08369224">
        <ele>258.0</ele>
        <time>2022-08-16T18:42:15.024Z</time>
    </trkpt>
    <trkpt lat="45.48978872" lon="15.08369425">
        <ele>258.0</ele>
        <time>2022-08-16T18:42:17.024Z</time>
    </trkpt>
    <trkpt lat="45.48980074" lon="15.08368369">
        <ele>259.0</ele>
        <time>2022-08-16T18:42:21.024Z</time>
    </trkpt>
    <trkpt lat="45.48981131" lon="15.0836826">
        <ele>259.0</ele>
        <time>2022-08-16T18:42:23.024Z</time>
    </trkpt>
    <trkpt lat="45.48982417" lon="15.08371336">
        <ele>259.0</ele>
        <time>2022-08-16T18:42:28.024Z</time>
    </trkpt>
    <trkpt lat="45.48982488" lon="15.08372703">
        <ele>259.0</ele>
        <time>2022-08-16T18:42:30.024Z</time>
    </trkpt>
    <trkpt lat="45.48983071" lon="15.08373599">
        <ele>260.0</ele>
        <time>2022-08-16T18:42:32.024Z</time>
    </trkpt>
    <trkpt lat="45.48983507" lon="15.08373122">
        <ele>260.0</ele>
        <time>2022-08-16T18:42:33.024Z</time>
    </trkpt>
    <trkpt lat="45.48984743" lon="15.08376391">
        <ele>261.0</ele>
        <time>2022-08-16T18:42:35.024Z</time>
    </trkpt>
    <trkpt lat="45.4898525" lon="15.08380062">
        <ele>261.0</ele>
        <time>2022-08-16T18:42:39.024Z</time>
    </trkpt>
    <trkpt lat="45.48985435" lon="15.08379576">
        <ele>261.0</ele>
        <time>2022-08-16T18:42:41.024Z</time>
    </trkpt>
    <trkpt lat="45.48987715" lon="15.0838313">
        <ele>261.0</ele>
        <time>2022-08-16T18:42:46.024Z</time>
    </trkpt>
    <trkpt lat="45.48991767" lon="15.08385183">
        <ele>261.0</ele>
        <time>2022-08-16T18:42:52.024Z</time>
    </trkpt>
    <trkpt lat="45.48993741" lon="15.08384974">
        <ele>262.0</ele>
        <time>2022-08-16T18:42:55.024Z</time>
    </trkpt>
    <trkpt lat="45.48995946" lon="15.08383909">
        <ele>261.0</ele>
        <time>2022-08-16T18:42:59.024Z</time>
    </trkpt>
    <trkpt lat="45.48998334" lon="15.08384278">
        <ele>261.0</ele>
        <time>2022-08-16T18:43:03.024Z</time>
    </trkpt>
    <trkpt lat="45.49000329" lon="15.08382627">
        <ele>261.0</ele>
        <time>2022-08-16T18:43:07.024Z</time>
    </trkpt>
    <trkpt lat="45.49000644" lon="15.08381613">
        <ele>261.0</ele>
        <time>2022-08-16T18:43:08.024Z</time>
    </trkpt>
    <trkpt lat="45.49002748" lon="15.08379165">
        <ele>261.0</ele>
        <time>2022-08-16T18:43:12.024Z</time>
    </trkpt>
    <trkpt lat="45.49003372" lon="15.08377086">
        <ele>261.0</ele>
        <time>2022-08-16T18:43:15.024Z</time>
    </trkpt>
    <trkpt lat="45.49005589" lon="15.08376969">
        <ele>261.0</ele>
        <time>2022-08-16T18:43:18.024Z</time>
    </trkpt>
    <trkpt lat="45.49006293" lon="15.08377355">
        <ele>261.0</ele>
        <time>2022-08-16T18:43:19.024Z</time>
    </trkpt>
    <trkpt lat="45.49008409" lon="15.08375905">
        <ele>261.0</ele>
        <time>2022-08-16T18:43:22.024Z</time>
    </trkpt>
    <trkpt lat="45.49009231" lon="15.08376089">
        <ele>261.0</ele>
        <time>2022-08-16T18:43:23.024Z</time>
    </trkpt>
    <trkpt lat="45.49011699" lon="15.08378218">
        <ele>261.0</ele>
        <time>2022-08-16T18:43:26.024Z</time>
    </trkpt>
    <trkpt lat="45.49012965" lon="15.08378469">
        <ele>261.0</ele>
        <time>2022-08-16T18:43:28.024Z</time>
    </trkpt>
    <trkpt lat="45.49015069" lon="15.08380154">
        <ele>261.0</ele>
        <time>2022-08-16T18:43:30.024Z</time>
    </trkpt>
    <trkpt lat="45.49016959" lon="15.08380749">
        <ele>261.0</ele>
        <time>2022-08-16T18:43:32.024Z</time>
    </trkpt>
    <trkpt lat="45.49017697" lon="15.0838028">
        <ele>261.0</ele>
        <time>2022-08-16T18:43:33.024Z</time>
    </trkpt>
    <trkpt lat="45.49018401" lon="15.08380598">
        <ele>261.0</ele>
        <time>2022-08-16T18:43:34.024Z</time>
    </trkpt>
    <trkpt lat="45.49019218" lon="15.0838033">
        <ele>261.0</ele>
        <time>2022-08-16T18:43:35.024Z</time>
    </trkpt>
    <trkpt lat="45.49020919" lon="15.08382157">
        <ele>261.0</ele>
        <time>2022-08-16T18:43:37.024Z</time>
    </trkpt>
    <trkpt lat="45.49022977" lon="15.08382325">
        <ele>261.0</ele>
        <time>2022-08-16T18:43:40.024Z</time>
    </trkpt>
    <trkpt lat="45.49024331" lon="15.08380347">
        <ele>261.0</ele>
        <time>2022-08-16T18:43:43.024Z</time>
    </trkpt>
    <trkpt lat="45.49026037" lon="15.08379702">
        <ele>262.0</ele>
        <time>2022-08-16T18:43:46.024Z</time>
    </trkpt>
    <trkpt lat="45.4902682" lon="15.08378637">
        <ele>262.0</ele>
        <time>2022-08-16T18:43:47.024Z</time>
    </trkpt>
    <trkpt lat="45.49029239" lon="15.08379576">
        <ele>261.0</ele>
        <time>2022-08-16T18:43:49.024Z</time>
    </trkpt>
    <trkpt lat="45.49034775" lon="15.08378939">
        <ele>260.0</ele>
        <time>2022-08-16T18:43:52.024Z</time>
    </trkpt>
    <trkpt lat="45.49037537" lon="15.08380163">
        <ele>260.0</ele>
        <time>2022-08-16T18:43:55.024Z</time>
    </trkpt>
    <trkpt lat="45.49038677" lon="15.08379651">
        <ele>261.0</ele>
        <time>2022-08-16T18:43:56.024Z</time>
    </trkpt>
    <trkpt lat="45.49040458" lon="15.08381646">
        <ele>261.0</ele>
        <time>2022-08-16T18:43:58.024Z</time>
    </trkpt>
    <trkpt lat="45.4904065" lon="15.08382359">
        <ele>261.0</ele>
        <time>2022-08-16T18:43:59.024Z</time>
    </trkpt>
    <trkpt lat="45.49040982" lon="15.08381604">
        <ele>262.0</ele>
        <time>2022-08-16T18:44:01.024Z</time>
    </trkpt>
    <trkpt lat="45.49042323" lon="15.08381319">
        <ele>262.0</ele>
        <time>2022-08-16T18:44:03.024Z</time>
    </trkpt>
    <trkpt lat="45.49042763" lon="15.0838054">
        <ele>262.0</ele>
        <time>2022-08-16T18:44:04.024Z</time>
    </trkpt>
    <trkpt lat="45.49044732" lon="15.08380297">
        <ele>262.0</ele>
        <time>2022-08-16T18:44:06.024Z</time>
    </trkpt>
    <trkpt lat="45.49046409" lon="15.08382174">
        <ele>262.0</ele>
        <time>2022-08-16T18:44:08.024Z</time>
    </trkpt>
    <trkpt lat="45.49047088" lon="15.08381822">
        <ele>262.0</ele>
        <time>2022-08-16T18:44:09.024Z</time>
    </trkpt>
    <trkpt lat="45.49048106" lon="15.08383557">
        <ele>262.0</ele>
        <time>2022-08-16T18:44:11.024Z</time>
    </trkpt>
    <trkpt lat="45.49048563" lon="15.08382635">
        <ele>262.0</ele>
        <time>2022-08-16T18:44:12.024Z</time>
    </trkpt>
    <trkpt lat="45.4904884" lon="15.08382929">
        <ele>262.0</ele>
        <time>2022-08-16T18:44:13.024Z</time>
    </trkpt>
    <trkpt lat="45.49050734" lon="15.08378101">
        <ele>263.0</ele>
        <time>2022-08-16T18:44:17.024Z</time>
    </trkpt>
    <trkpt lat="45.49050705" lon="15.08377313">
        <ele>263.0</ele>
        <time>2022-08-16T18:44:18.024Z</time>
    </trkpt>
    <trkpt lat="45.4905127" lon="15.08377723">
        <ele>263.0</ele>
        <time>2022-08-16T18:44:19.024Z</time>
    </trkpt>
    <trkpt lat="45.49052683" lon="15.08377749">
        <ele>263.0</ele>
        <time>2022-08-16T18:44:22.024Z</time>
    </trkpt>
    <trkpt lat="45.49053387" lon="15.08376374">
        <ele>263.0</ele>
        <time>2022-08-16T18:44:25.024Z</time>
    </trkpt>
    <trkpt lat="45.49052775" lon="15.08375611">
        <ele>263.0</ele>
        <time>2022-08-16T18:44:26.024Z</time>
    </trkpt>
    <trkpt lat="45.4905329" lon="15.08374605">
        <ele>263.0</ele>
        <time>2022-08-16T18:44:27.024Z</time>
    </trkpt>
    <trkpt lat="45.49054154" lon="15.08374765">
        <ele>263.0</ele>
        <time>2022-08-16T18:44:28.024Z</time>
    </trkpt>
    <trkpt lat="45.49056329" lon="15.08373943">
        <ele>264.0</ele>
        <time>2022-08-16T18:44:30.024Z</time>
    </trkpt>
    <trkpt lat="45.49057829" lon="15.0837277">
        <ele>264.0</ele>
        <time>2022-08-16T18:44:31.024Z</time>
    </trkpt>
    <trkpt lat="45.49057473" lon="15.08371714">
        <ele>264.0</ele>
        <time>2022-08-16T18:44:32.024Z</time>
    </trkpt>
    <trkpt lat="45.49058743" lon="15.08371579">
        <ele>264.0</ele>
        <time>2022-08-16T18:44:34.024Z</time>
    </trkpt>
    <trkpt lat="45.49060252" lon="15.08372535">
        <ele>264.0</ele>
        <time>2022-08-16T18:44:35.024Z</time>
    </trkpt>
    <trkpt lat="45.49061928" lon="15.08372862">
        <ele>265.0</ele>
        <time>2022-08-16T18:44:38.024Z</time>
    </trkpt>
    <trkpt lat="45.49062389" lon="15.08372242">
        <ele>265.0</ele>
        <time>2022-08-16T18:44:39.024Z</time>
    </trkpt>
    <trkpt lat="45.49063034" lon="15.08372585">
        <ele>265.0</ele>
        <time>2022-08-16T18:44:40.024Z</time>
    </trkpt>
    <trkpt lat="45.49063403" lon="15.08371906">
        <ele>265.0</ele>
        <time>2022-08-16T18:44:41.024Z</time>
    </trkpt>
    <trkpt lat="45.49065826" lon="15.08373004">
        <ele>265.0</ele>
        <time>2022-08-16T18:44:43.024Z</time>
    </trkpt>
    <trkpt lat="45.49068315" lon="15.08372946">
        <ele>266.0</ele>
        <time>2022-08-16T18:44:46.024Z</time>
    </trkpt>
    <trkpt lat="45.49071148" lon="15.08373591">
        <ele>266.0</ele>
        <time>2022-08-16T18:44:50.024Z</time>
    </trkpt>
    <trkpt lat="45.49072183" lon="15.0837313">
        <ele>266.0</ele>
        <time>2022-08-16T18:44:51.024Z</time>
    </trkpt>
    <trkpt lat="45.49074404" lon="15.083737">
        <ele>266.0</ele>
        <time>2022-08-16T18:44:53.024Z</time>
    </trkpt>
    <trkpt lat="45.49076668" lon="15.08375066">
        <ele>266.0</ele>
        <time>2022-08-16T18:44:56.024Z</time>
    </trkpt>
    <trkpt lat="45.49076739" lon="15.08374572">
        <ele>266.0</ele>
        <time>2022-08-16T18:44:57.024Z</time>
    </trkpt>
    <trkpt lat="45.49077736" lon="15.08375787">
        <ele>266.0</ele>
        <time>2022-08-16T18:45:00.024Z</time>
    </trkpt>
    <trkpt lat="45.49080041" lon="15.08376944">
        <ele>266.0</ele>
        <time>2022-08-16T18:45:02.024Z</time>
    </trkpt>
    <trkpt lat="45.49083486" lon="15.08380171">
        <ele>266.0</ele>
        <time>2022-08-16T18:45:05.024Z</time>
    </trkpt>
    <trkpt lat="45.49084882" lon="15.08378947">
        <ele>266.0</ele>
        <time>2022-08-16T18:45:07.024Z</time>
    </trkpt>
    <trkpt lat="45.49086349" lon="15.08379551">
        <ele>266.0</ele>
        <time>2022-08-16T18:45:09.024Z</time>
    </trkpt>
    <trkpt lat="45.49087409" lon="15.08376877">
        <ele>265.0</ele>
        <time>2022-08-16T18:45:13.024Z</time>
    </trkpt>
    <trkpt lat="45.49087204" lon="15.08375661">
        <ele>266.0</ele>
        <time>2022-08-16T18:45:14.024Z</time>
    </trkpt>
    <trkpt lat="45.49089458" lon="15.08377195">
        <ele>266.0</ele>
        <time>2022-08-16T18:45:25.024Z</time>
    </trkpt>
    <trkpt lat="45.49089676" lon="15.08378034">
        <ele>266.0</ele>
        <time>2022-08-16T18:45:26.024Z</time>
    </trkpt>
    <trkpt lat="45.49089224" lon="15.08377757">
        <ele>266.0</ele>
        <time>2022-08-16T18:45:28.024Z</time>
    </trkpt>
    <trkpt lat="45.49089416" lon="15.08377405">
        <ele>266.0</ele>
        <time>2022-08-16T18:45:29.024Z</time>
    </trkpt>
    <trkpt lat="45.49086759" lon="15.08377036">
        <ele>266.0</ele>
        <time>2022-08-16T18:45:33.024Z</time>
    </trkpt>
    <trkpt lat="45.49086395" lon="15.08378034">
        <ele>266.0</ele>
        <time>2022-08-16T18:45:35.024Z</time>
    </trkpt>
    <trkpt lat="45.49087287" lon="15.0838007">
        <ele>266.0</ele>
        <time>2022-08-16T18:45:37.024Z</time>
    </trkpt>
    <trkpt lat="45.49088758" lon="15.08380095">
        <ele>266.0</ele>
        <time>2022-08-16T18:45:40.024Z</time>
    </trkpt>
    <trkpt lat="45.49089957" lon="15.08381059">
        <ele>267.0</ele>
        <time>2022-08-16T18:45:43.024Z</time>
    </trkpt>
    <trkpt lat="45.49091147" lon="15.08380003">
        <ele>266.0</ele>
        <time>2022-08-16T18:45:44.024Z</time>
    </trkpt>
    <trkpt lat="45.49093788" lon="15.08380607">
        <ele>266.0</ele>
        <time>2022-08-16T18:45:46.024Z</time>
    </trkpt>
    <trkpt lat="45.49097409" lon="15.08383079">
        <ele>266.0</ele>
        <time>2022-08-16T18:45:50.024Z</time>
    </trkpt>
    <trkpt lat="45.49098201" lon="15.08383071">
        <ele>266.0</ele>
        <time>2022-08-16T18:45:51.024Z</time>
    </trkpt>
    <trkpt lat="45.49099072" lon="15.08383758">
        <ele>266.0</ele>
        <time>2022-08-16T18:45:52.024Z</time>
    </trkpt>
    <trkpt lat="45.49100652" lon="15.08383859">
        <ele>266.0</ele>
        <time>2022-08-16T18:45:54.024Z</time>
    </trkpt>
    <trkpt lat="45.49101646" lon="15.08385653">
        <ele>266.0</ele>
        <time>2022-08-16T18:45:55.024Z</time>
    </trkpt>
    <trkpt lat="45.49105279" lon="15.08386541">
        <ele>266.0</ele>
        <time>2022-08-16T18:45:59.024Z</time>
    </trkpt>
    <trkpt lat="45.49106092" lon="15.08387178">
        <ele>267.0</ele>
        <time>2022-08-16T18:46:00.024Z</time>
    </trkpt>
    <trkpt lat="45.49110547" lon="15.08391906">
        <ele>267.0</ele>
        <time>2022-08-16T18:46:04.024Z</time>
    </trkpt>
    <trkpt lat="45.4911351" lon="15.08391369">
        <ele>267.0</ele>
        <time>2022-08-16T18:46:07.024Z</time>
    </trkpt>
    <trkpt lat="45.49116037" lon="15.08392006">
        <ele>267.0</ele>
        <time>2022-08-16T18:46:09.024Z</time>
    </trkpt>
    <trkpt lat="45.49116993" lon="15.08390866">
        <ele>267.0</ele>
        <time>2022-08-16T18:46:11.024Z</time>
    </trkpt>
    <trkpt lat="45.49118372" lon="15.08390053">
        <ele>267.0</ele>
        <time>2022-08-16T18:46:13.024Z</time>
    </trkpt>
    <trkpt lat="45.4912172" lon="15.08390422">
        <ele>267.0</ele>
        <time>2022-08-16T18:46:17.024Z</time>
    </trkpt>
    <trkpt lat="45.49123355" lon="15.08389559">
        <ele>267.0</ele>
        <time>2022-08-16T18:46:20.024Z</time>
    </trkpt>
    <trkpt lat="45.49124197" lon="15.08390246">
        <ele>267.0</ele>
        <time>2022-08-16T18:46:21.024Z</time>
    </trkpt>
    <trkpt lat="45.49124985" lon="15.08389634">
        <ele>267.0</ele>
        <time>2022-08-16T18:46:22.024Z</time>
    </trkpt>
    <trkpt lat="45.49127236" lon="15.08389425">
        <ele>266.0</ele>
        <time>2022-08-16T18:46:24.024Z</time>
    </trkpt>
    <trkpt lat="45.49129314" lon="15.08390958">
        <ele>265.0</ele>
        <time>2022-08-16T18:46:27.024Z</time>
    </trkpt>
    <trkpt lat="45.49128702" lon="15.08390665">
        <ele>265.0</ele>
        <time>2022-08-16T18:46:28.024Z</time>
    </trkpt>
    <trkpt lat="45.49129536" lon="15.08390539">
        <ele>265.0</ele>
        <time>2022-08-16T18:46:29.024Z</time>
    </trkpt>
    <trkpt lat="45.49130278" lon="15.08389475">
        <ele>264.0</ele>
        <time>2022-08-16T18:46:33.024Z</time>
    </trkpt>
    <trkpt lat="45.49129599" lon="15.08388938">
        <ele>264.0</ele>
        <time>2022-08-16T18:46:34.024Z</time>
    </trkpt>
    <trkpt lat="45.49129339" lon="15.08389634">
        <ele>263.0</ele>
        <time>2022-08-16T18:46:35.024Z</time>
    </trkpt>
    <trkpt lat="45.49129989" lon="15.08388377">
        <ele>263.0</ele>
        <time>2022-08-16T18:46:37.024Z</time>
    </trkpt>
    <trkpt lat="45.49129733" lon="15.08387874">
        <ele>262.0</ele>
        <time>2022-08-16T18:46:38.024Z</time>
    </trkpt>
    <trkpt lat="45.49130069" lon="15.08388435">
        <ele>261.0</ele>
        <time>2022-08-16T18:46:40.024Z</time>
    </trkpt>
    <trkpt lat="45.49130039" lon="15.08387279">
        <ele>260.0</ele>
        <time>2022-08-16T18:46:41.024Z</time>
    </trkpt>
    <trkpt lat="45.49131083" lon="15.08387673">
        <ele>260.0</ele>
        <time>2022-08-16T18:46:45.024Z</time>
    </trkpt>
    <trkpt lat="45.49131368" lon="15.08388092">
        <ele>261.0</ele>
        <time>2022-08-16T18:46:46.024Z</time>
    </trkpt>
    <trkpt lat="45.49131121" lon="15.08389198">
        <ele>261.0</ele>
        <time>2022-08-16T18:46:51.024Z</time>
    </trkpt>
    <trkpt lat="45.49131829" lon="15.08389961">
        <ele>261.0</ele>
        <time>2022-08-16T18:46:52.024Z</time>
    </trkpt>
    <trkpt lat="45.49133212" lon="15.08390229">
        <ele>261.0</ele>
        <time>2022-08-16T18:46:54.024Z</time>
    </trkpt>
    <trkpt lat="45.49133644" lon="15.08391428">
        <ele>262.0</ele>
        <time>2022-08-16T18:46:57.024Z</time>
    </trkpt>
    <trkpt lat="45.49133899" lon="15.08390908">
        <ele>262.0</ele>
        <time>2022-08-16T18:46:58.024Z</time>
    </trkpt>
    <trkpt lat="45.4913698" lon="15.08390715">
        <ele>262.0</ele>
        <time>2022-08-16T18:47:04.024Z</time>
    </trkpt>
    <trkpt lat="45.49137575" lon="15.08389198">
        <ele>262.0</ele>
        <time>2022-08-16T18:47:06.024Z</time>
    </trkpt>
    <trkpt lat="45.49139322" lon="15.08388444">
        <ele>262.0</ele>
        <time>2022-08-16T18:47:10.024Z</time>
    </trkpt>
    <trkpt lat="45.49140642" lon="15.08388611">
        <ele>262.0</ele>
        <time>2022-08-16T18:47:12.024Z</time>
    </trkpt>
    <trkpt lat="45.49141338" lon="15.08389299">
        <ele>262.0</ele>
        <time>2022-08-16T18:47:13.024Z</time>
    </trkpt>
    <trkpt lat="45.49142491" lon="15.08389064">
        <ele>262.0</ele>
        <time>2022-08-16T18:47:15.024Z</time>
    </trkpt>
    <trkpt lat="45.49144984" lon="15.08389533">
        <ele>263.0</ele>
        <time>2022-08-16T18:47:19.024Z</time>
    </trkpt>
    <trkpt lat="45.49145781" lon="15.08388511">
        <ele>264.0</ele>
        <time>2022-08-16T18:47:21.024Z</time>
    </trkpt>
    <trkpt lat="45.49148144" lon="15.08387061">
        <ele>264.0</ele>
        <time>2022-08-16T18:47:25.024Z</time>
    </trkpt>
    <trkpt lat="45.49151744" lon="15.08388637">
        <ele>265.0</ele>
        <time>2022-08-16T18:47:29.024Z</time>
    </trkpt>
    <trkpt lat="45.49153039" lon="15.08387572">
        <ele>265.0</ele>
        <time>2022-08-16T18:47:31.024Z</time>
    </trkpt>
    <trkpt lat="45.49154355" lon="15.08388251">
        <ele>265.0</ele>
        <time>2022-08-16T18:47:34.024Z</time>
    </trkpt>
    <trkpt lat="45.49155348" lon="15.08390531">
        <ele>264.0</ele>
        <time>2022-08-16T18:47:37.024Z</time>
    </trkpt>
    <trkpt lat="45.49154804" lon="15.08390699">
        <ele>263.0</ele>
        <time>2022-08-16T18:47:38.024Z</time>
    </trkpt>
    <trkpt lat="45.49156765" lon="15.08391369">
        <ele>263.0</ele>
        <time>2022-08-16T18:47:40.024Z</time>
    </trkpt>
    <trkpt lat="45.4915793" lon="15.08391185">
        <ele>263.0</ele>
        <time>2022-08-16T18:47:41.024Z</time>
    </trkpt>
    <trkpt lat="45.49158697" lon="15.08391797">
        <ele>263.0</ele>
        <time>2022-08-16T18:47:42.024Z</time>
    </trkpt>
    <trkpt lat="45.49159284" lon="15.08393641">
        <ele>262.0</ele>
        <time>2022-08-16T18:47:44.024Z</time>
    </trkpt>
    <trkpt lat="45.49160914" lon="15.08393683">
        <ele>262.0</ele>
        <time>2022-08-16T18:47:46.024Z</time>
    </trkpt>
    <trkpt lat="45.49163165" lon="15.08392576">
        <ele>263.0</ele>
        <time>2022-08-16T18:47:50.024Z</time>
    </trkpt>
    <trkpt lat="45.4916446" lon="15.08391629">
        <ele>263.0</ele>
        <time>2022-08-16T18:47:52.024Z</time>
    </trkpt>
    <trkpt lat="45.49164669" lon="15.08390472">
        <ele>264.0</ele>
        <time>2022-08-16T18:47:54.024Z</time>
    </trkpt>
    <trkpt lat="45.49168106" lon="15.0839183">
        <ele>264.0</ele>
        <time>2022-08-16T18:47:59.024Z</time>
    </trkpt>
    <trkpt lat="45.49169003" lon="15.08391989">
        <ele>264.0</ele>
        <time>2022-08-16T18:48:01.024Z</time>
    </trkpt>
    <trkpt lat="45.49170021" lon="15.08391495">
        <ele>265.0</ele>
        <time>2022-08-16T18:48:04.024Z</time>
    </trkpt>
    <trkpt lat="45.49170943" lon="15.08392895">
        <ele>265.0</ele>
        <time>2022-08-16T18:48:06.024Z</time>
    </trkpt>
    <trkpt lat="45.49171505" lon="15.08392367">
        <ele>265.0</ele>
        <time>2022-08-16T18:48:08.024Z</time>
    </trkpt>
    <trkpt lat="45.49173558" lon="15.08392467">
        <ele>265.0</ele>
        <time>2022-08-16T18:48:11.024Z</time>
    </trkpt>
    <trkpt lat="45.4917456" lon="15.08391931">
        <ele>265.0</ele>
        <time>2022-08-16T18:48:13.024Z</time>
    </trkpt>
    <trkpt lat="45.49174535" lon="15.08391093">
        <ele>266.0</ele>
        <time>2022-08-16T18:48:15.024Z</time>
    </trkpt>
    <trkpt lat="45.49176907" lon="15.08392677">
        <ele>266.0</ele>
        <time>2022-08-16T18:48:17.024Z</time>
    </trkpt>
    <trkpt lat="45.49178277" lon="15.0839432">
        <ele>266.0</ele>
        <time>2022-08-16T18:48:18.024Z</time>
    </trkpt>
    <trkpt lat="45.49179689" lon="15.08394873">
        <ele>267.0</ele>
        <time>2022-08-16T18:48:20.024Z</time>
    </trkpt>
    <trkpt lat="45.4918114" lon="15.08392509">
        <ele>267.0</ele>
        <time>2022-08-16T18:48:22.024Z</time>
    </trkpt>
    <trkpt lat="45.49182057" lon="15.08392031">
        <ele>267.0</ele>
        <time>2022-08-16T18:48:23.024Z</time>
    </trkpt>
    <trkpt lat="45.49182657" lon="15.08391051">
        <ele>267.0</ele>
        <time>2022-08-16T18:48:24.024Z</time>
    </trkpt>
    <trkpt lat="45.49184488" lon="15.08391788">
        <ele>268.0</ele>
        <time>2022-08-16T18:48:27.024Z</time>
    </trkpt>
    <trkpt lat="45.49187024" lon="15.08394244">
        <ele>269.0</ele>
        <time>2022-08-16T18:48:29.024Z</time>
    </trkpt>
    <trkpt lat="45.4918808" lon="15.08394445">
        <ele>270.0</ele>
        <time>2022-08-16T18:48:31.024Z</time>
    </trkpt>
    <trkpt lat="45.49190632" lon="15.08395912">
        <ele>271.0</ele>
        <time>2022-08-16T18:48:34.024Z</time>
    </trkpt>
    <trkpt lat="45.49192837" lon="15.08395309">
        <ele>271.0</ele>
        <time>2022-08-16T18:48:36.024Z</time>
    </trkpt>
    <trkpt lat="45.49193465" lon="15.0839582">
        <ele>273.0</ele>
        <time>2022-08-16T18:48:38.024Z</time>
    </trkpt>
    <trkpt lat="45.49192786" lon="15.08396876">
        <ele>274.0</ele>
        <time>2022-08-16T18:48:40.024Z</time>
    </trkpt>
    <trkpt lat="45.49194169" lon="15.08397387">
        <ele>275.0</ele>
        <time>2022-08-16T18:48:41.024Z</time>
    </trkpt>
    <trkpt lat="45.49196265" lon="15.08400212">
        <ele>276.0</ele>
        <time>2022-08-16T18:48:44.024Z</time>
    </trkpt>
    <trkpt lat="45.49198863" lon="15.08401419">
        <ele>278.0</ele>
        <time>2022-08-16T18:48:52.024Z</time>
    </trkpt>
    <trkpt lat="45.49199366" lon="15.08403397">
        <ele>278.0</ele>
        <time>2022-08-16T18:48:54.024Z</time>
    </trkpt>
    <trkpt lat="45.49199739" lon="15.08403196">
        <ele>279.0</ele>
        <time>2022-08-16T18:48:56.024Z</time>
    </trkpt>
    <trkpt lat="45.49201881" lon="15.08405954">
        <ele>281.0</ele>
        <time>2022-08-16T18:49:02.024Z</time>
    </trkpt>
    <trkpt lat="45.49201671" lon="15.084067">
        <ele>282.0</ele>
        <time>2022-08-16T18:49:03.024Z</time>
    </trkpt>
    <trkpt lat="45.49202279" lon="15.08408552">
        <ele>283.0</ele>
        <time>2022-08-16T18:49:05.024Z</time>
    </trkpt>
    <trkpt lat="45.49203637" lon="15.08410622">
        <ele>285.0</ele>
        <time>2022-08-16T18:49:09.024Z</time>
    </trkpt>
    <trkpt lat="45.49203293" lon="15.08410773">
        <ele>286.0</ele>
        <time>2022-08-16T18:49:12.024Z</time>
    </trkpt>
    <trkpt lat="45.49201922" lon="15.08409943">
        <ele>287.0</ele>
        <time>2022-08-16T18:49:18.024Z</time>
    </trkpt>
    <trkpt lat="45.49200443" lon="15.08412441">
        <ele>288.0</ele>
        <time>2022-08-16T18:49:22.024Z</time>
    </trkpt>
    <trkpt lat="45.4919911" lon="15.08412668">
        <ele>288.0</ele>
        <time>2022-08-16T18:49:25.024Z</time>
    </trkpt>
    <trkpt lat="45.49196361" lon="15.08411008">
        <ele>288.0</ele>
        <time>2022-08-16T18:49:28.024Z</time>
    </trkpt>
    <trkpt lat="45.49193666" lon="15.08413531">
        <ele>289.0</ele>
        <time>2022-08-16T18:49:34.024Z</time>
    </trkpt>
    <trkpt lat="45.49191064" lon="15.08414411">
        <ele>290.0</ele>
        <time>2022-08-16T18:49:38.024Z</time>
    </trkpt>
    <trkpt lat="45.49188876" lon="15.08419256">
        <ele>291.0</ele>
        <time>2022-08-16T18:49:44.024Z</time>
    </trkpt>
    <trkpt lat="45.49186056" lon="15.08419616">
        <ele>291.0</ele>
        <time>2022-08-16T18:49:48.024Z</time>
    </trkpt>
    <trkpt lat="45.49184874" lon="15.0841913">
        <ele>291.0</ele>
        <time>2022-08-16T18:49:50.024Z</time>
    </trkpt>
    <trkpt lat="45.49180381" lon="15.08419683">
        <ele>293.0</ele>
        <time>2022-08-16T18:49:56.024Z</time>
    </trkpt>
    <trkpt lat="45.49178847" lon="15.08420421">
        <ele>293.0</ele>
        <time>2022-08-16T18:49:58.024Z</time>
    </trkpt>
    <trkpt lat="45.49176643" lon="15.08422525">
        <ele>294.0</ele>
        <time>2022-08-16T18:50:01.024Z</time>
    </trkpt>
    <trkpt lat="45.49175264" lon="15.08422969">
        <ele>293.0</ele>
        <time>2022-08-16T18:50:03.024Z</time>
    </trkpt>
    <trkpt lat="45.49174329" lon="15.08422701">
        <ele>293.0</ele>
        <time>2022-08-16T18:50:04.024Z</time>
    </trkpt>
    <trkpt lat="45.49173759" lon="15.08423145">
        <ele>293.0</ele>
        <time>2022-08-16T18:50:05.024Z</time>
    </trkpt>
    <trkpt lat="45.49172217" lon="15.08426012">
        <ele>296.0</ele>
        <time>2022-08-16T18:50:09.024Z</time>
    </trkpt>
    <trkpt lat="45.49169317" lon="15.08427738">
        <ele>296.0</ele>
        <time>2022-08-16T18:50:13.024Z</time>
    </trkpt>
    <trkpt lat="45.49168722" lon="15.08428995">
        <ele>296.0</ele>
        <time>2022-08-16T18:50:14.024Z</time>
    </trkpt>
    <trkpt lat="45.49165109" lon="15.08431921">
        <ele>297.0</ele>
        <time>2022-08-16T18:50:19.024Z</time>
    </trkpt>
    <trkpt lat="45.49158902" lon="15.08433161">
        <ele>301.0</ele>
        <time>2022-08-16T18:50:27.024Z</time>
    </trkpt>
    <trkpt lat="45.49157209" lon="15.0843265">
        <ele>301.0</ele>
        <time>2022-08-16T18:50:29.024Z</time>
    </trkpt>
    <trkpt lat="45.49157607" lon="15.08432818">
        <ele>301.0</ele>
        <time>2022-08-16T18:50:30.024Z</time>
    </trkpt>
    <trkpt lat="45.49156182" lon="15.08435064">
        <ele>302.0</ele>
        <time>2022-08-16T18:50:40.024Z</time>
    </trkpt>
    <trkpt lat="45.49155135" lon="15.0843498">
        <ele>303.0</ele>
        <time>2022-08-16T18:50:41.024Z</time>
    </trkpt>
    <trkpt lat="45.49153475" lon="15.08436179">
        <ele>303.0</ele>
        <time>2022-08-16T18:50:44.024Z</time>
    </trkpt>
    <trkpt lat="45.49147394" lon="15.08438048">
        <ele>304.0</ele>
        <time>2022-08-16T18:50:52.024Z</time>
    </trkpt>
    <trkpt lat="45.49144942" lon="15.08439775">
        <ele>304.0</ele>
        <time>2022-08-16T18:50:55.024Z</time>
    </trkpt>
    <trkpt lat="45.49142922" lon="15.08440252">
        <ele>306.0</ele>
        <time>2022-08-16T18:50:58.024Z</time>
    </trkpt>
    <trkpt lat="45.49142113" lon="15.08439951">
        <ele>307.0</ele>
        <time>2022-08-16T18:50:59.024Z</time>
    </trkpt>
    <trkpt lat="45.49141799" lon="15.0844099">
        <ele>307.0</ele>
        <time>2022-08-16T18:51:01.024Z</time>
    </trkpt>
    <trkpt lat="45.49140927" lon="15.08441526">
        <ele>308.0</ele>
        <time>2022-08-16T18:51:03.024Z</time>
    </trkpt>
    <trkpt lat="45.49140642" lon="15.08442482">
        <ele>309.0</ele>
        <time>2022-08-16T18:51:06.024Z</time>
    </trkpt>
    <trkpt lat="45.49139838" lon="15.08443245">
        <ele>309.0</ele>
        <time>2022-08-16T18:51:07.024Z</time>
    </trkpt>
    <trkpt lat="45.49138891" lon="15.0844555">
        <ele>311.0</ele>
        <time>2022-08-16T18:51:18.024Z</time>
    </trkpt>
    <trkpt lat="45.49138245" lon="15.08444033">
        <ele>312.0</ele>
        <time>2022-08-16T18:51:21.024Z</time>
    </trkpt>
    <trkpt lat="45.49137654" lon="15.08446086">
        <ele>312.0</ele>
        <time>2022-08-16T18:51:43.024Z</time>
    </trkpt>
    <trkpt lat="45.49136942" lon="15.08446564">
        <ele>313.0</ele>
        <time>2022-08-16T18:51:47.024Z</time>
    </trkpt>
    <trkpt lat="45.49137537" lon="15.08447327">
        <ele>314.0</ele>
        <time>2022-08-16T18:51:49.024Z</time>
    </trkpt>
    <trkpt lat="45.49138346" lon="15.08450336">
        <ele>313.0</ele>
        <time>2022-08-16T18:51:53.024Z</time>
    </trkpt>
    <trkpt lat="45.49139213" lon="15.08451627">
        <ele>313.0</ele>
        <time>2022-08-16T18:51:55.024Z</time>
    </trkpt>
    <trkpt lat="45.49138962" lon="15.08451291">
        <ele>314.0</ele>
        <time>2022-08-16T18:51:57.024Z</time>
    </trkpt>
    <trkpt lat="45.49138065" lon="15.08452632">
        <ele>315.0</ele>
        <time>2022-08-16T18:52:00.024Z</time>
    </trkpt>
    <trkpt lat="45.49137793" lon="15.0845596">
        <ele>318.0</ele>
        <time>2022-08-16T18:52:05.024Z</time>
    </trkpt>
    <trkpt lat="45.49137734" lon="15.08455172">
        <ele>318.0</ele>
        <time>2022-08-16T18:52:06.024Z</time>
    </trkpt>
    <trkpt lat="45.49137323" lon="15.08455474">
        <ele>319.0</ele>
        <time>2022-08-16T18:52:07.024Z</time>
    </trkpt>
    <trkpt lat="45.49136468" lon="15.0845425">
        <ele>319.0</ele>
        <time>2022-08-16T18:52:14.024Z</time>
    </trkpt>
    <trkpt lat="45.49136217" lon="15.0845456">
        <ele>320.0</ele>
        <time>2022-08-16T18:52:15.024Z</time>
    </trkpt>
    <trkpt lat="45.49136904" lon="15.08454912">
        <ele>320.0</ele>
        <time>2022-08-16T18:52:18.024Z</time>
    </trkpt>
    <trkpt lat="45.49137189" lon="15.08456421">
        <ele>320.0</ele>
        <time>2022-08-16T18:52:23.024Z</time>
    </trkpt>
    <trkpt lat="45.49138761" lon="15.08457167">
        <ele>320.0</ele>
        <time>2022-08-16T18:52:27.024Z</time>
    </trkpt>
    <trkpt lat="45.49139184" lon="15.08461584">
        <ele>318.0</ele>
        <time>2022-08-16T18:52:37.024Z</time>
    </trkpt>
    <trkpt lat="45.49140357" lon="15.08461467">
        <ele>318.0</ele>
        <time>2022-08-16T18:52:39.024Z</time>
    </trkpt>
    <trkpt lat="45.49144108" lon="15.08463353">
        <ele>318.0</ele>
        <time>2022-08-16T18:52:44.024Z</time>
    </trkpt>
    <trkpt lat="45.49146099" lon="15.0846373">
        <ele>318.0</ele>
        <time>2022-08-16T18:52:47.024Z</time>
    </trkpt>
    <trkpt lat="45.49147457" lon="15.08467644">
        <ele>316.0</ele>
        <time>2022-08-16T18:52:52.024Z</time>
    </trkpt>
    <trkpt lat="45.49149619" lon="15.08469262">
        <ele>317.0</ele>
        <time>2022-08-16T18:52:54.024Z</time>
    </trkpt>
    <trkpt lat="45.49150432" lon="15.08470913">
        <ele>316.0</ele>
        <time>2022-08-16T18:52:56.024Z</time>
    </trkpt>
    <trkpt lat="45.49151824" lon="15.08471995">
        <ele>316.0</ele>
        <time>2022-08-16T18:52:58.024Z</time>
    </trkpt>
    <trkpt lat="45.49154582" lon="15.08475959">
        <ele>316.0</ele>
        <time>2022-08-16T18:53:03.024Z</time>
    </trkpt>
    <trkpt lat="45.49155688" lon="15.0847642">
        <ele>317.0</ele>
        <time>2022-08-16T18:53:04.024Z</time>
    </trkpt>
    <trkpt lat="45.49156174" lon="15.08477317">
        <ele>317.0</ele>
        <time>2022-08-16T18:53:05.024Z</time>
    </trkpt>
    <trkpt lat="45.49155994" lon="15.08478197">
        <ele>317.0</ele>
        <time>2022-08-16T18:53:06.024Z</time>
    </trkpt>
    <trkpt lat="45.49158295" lon="15.08481785">
        <ele>316.0</ele>
        <time>2022-08-16T18:53:10.024Z</time>
    </trkpt>
    <trkpt lat="45.49158307" lon="15.08483143">
        <ele>316.0</ele>
        <time>2022-08-16T18:53:11.024Z</time>
    </trkpt>
    <trkpt lat="45.49156363" lon="15.08489119">
        <ele>316.0</ele>
        <time>2022-08-16T18:53:16.024Z</time>
    </trkpt>
    <trkpt lat="45.49156392" lon="15.08492723">
        <ele>317.0</ele>
        <time>2022-08-16T18:53:19.024Z</time>
    </trkpt>
    <trkpt lat="45.49155386" lon="15.08494291">
        <ele>316.0</ele>
        <time>2022-08-16T18:53:21.024Z</time>
    </trkpt>
    <trkpt lat="45.49156069" lon="15.0849901">
        <ele>317.0</ele>
        <time>2022-08-16T18:53:26.024Z</time>
    </trkpt>
    <trkpt lat="45.49156975" lon="15.08500854">
        <ele>318.0</ele>
        <time>2022-08-16T18:53:28.024Z</time>
    </trkpt>
    <trkpt lat="45.49156178" lon="15.08503142">
        <ele>318.0</ele>
        <time>2022-08-16T18:53:31.024Z</time>
    </trkpt>
    <trkpt lat="45.49156312" lon="15.0850429">
        <ele>319.0</ele>
        <time>2022-08-16T18:53:33.024Z</time>
    </trkpt>
    <trkpt lat="45.49154154" lon="15.08504734">
        <ele>319.0</ele>
        <time>2022-08-16T18:53:37.024Z</time>
    </trkpt>
    <trkpt lat="45.49154192" lon="15.08504441">
        <ele>319.0</ele>
        <time>2022-08-16T18:53:38.024Z</time>
    </trkpt>
    <trkpt lat="45.49153949" lon="15.08504793">
        <ele>319.0</ele>
        <time>2022-08-16T18:53:39.024Z</time>
    </trkpt>
    <trkpt lat="45.49154393" lon="15.08506997">
        <ele>320.0</ele>
        <time>2022-08-16T18:53:56.024Z</time>
    </trkpt>
    <trkpt lat="45.49154988" lon="15.08508439">
        <ele>321.0</ele>
        <time>2022-08-16T18:53:58.024Z</time>
    </trkpt>
    <trkpt lat="45.49155265" lon="15.08508154">
        <ele>321.0</ele>
        <time>2022-08-16T18:53:59.024Z</time>
    </trkpt>
    <trkpt lat="45.49154816" lon="15.08510233">
        <ele>322.0</ele>
        <time>2022-08-16T18:54:03.024Z</time>
    </trkpt>
    <trkpt lat="45.49154996" lon="15.08511155">
        <ele>322.0</ele>
        <time>2022-08-16T18:54:05.024Z</time>
    </trkpt>
    <trkpt lat="45.49155596" lon="15.08512228">
        <ele>321.0</ele>
        <time>2022-08-16T18:54:08.024Z</time>
    </trkpt>
    <trkpt lat="45.4915692" lon="15.08513309">
        <ele>321.0</ele>
        <time>2022-08-16T18:54:10.024Z</time>
    </trkpt>
    <trkpt lat="45.49157788" lon="15.08512379">
        <ele>320.0</ele>
        <time>2022-08-16T18:54:12.024Z</time>
    </trkpt>
    <trkpt lat="45.49158114" lon="15.08512672">
        <ele>321.0</ele>
        <time>2022-08-16T18:54:13.024Z</time>
    </trkpt>
    <trkpt lat="45.49157536" lon="15.08513192">
        <ele>322.0</ele>
        <time>2022-08-16T18:54:14.024Z</time>
    </trkpt>
    <trkpt lat="45.49157368" lon="15.08514499">
        <ele>322.0</ele>
        <time>2022-08-16T18:54:15.024Z</time>
    </trkpt>
    <trkpt lat="45.49158018" lon="15.08516142">
        <ele>322.0</ele>
        <time>2022-08-16T18:54:18.024Z</time>
    </trkpt>
    <trkpt lat="45.49156991" lon="15.08520341">
        <ele>322.0</ele>
        <time>2022-08-16T18:54:23.024Z</time>
    </trkpt>
    <trkpt lat="45.49154758" lon="15.08524608">
        <ele>323.0</ele>
        <time>2022-08-16T18:54:29.024Z</time>
    </trkpt>
    <trkpt lat="45.49153387" lon="15.0853102">
        <ele>323.0</ele>
        <time>2022-08-16T18:54:35.024Z</time>
    </trkpt>
    <trkpt lat="45.49152402" lon="15.08533769">
        <ele>324.0</ele>
        <time>2022-08-16T18:54:37.024Z</time>
    </trkpt>
    <trkpt lat="45.49152276" lon="15.08540542">
        <ele>324.0</ele>
        <time>2022-08-16T18:54:44.024Z</time>
    </trkpt>
    <trkpt lat="45.49151002" lon="15.08546116">
        <ele>325.0</ele>
        <time>2022-08-16T18:54:48.024Z</time>
    </trkpt>
    <trkpt lat="45.49150676" lon="15.08551723">
        <ele>325.0</ele>
        <time>2022-08-16T18:54:53.024Z</time>
    </trkpt>
    <trkpt lat="45.49149833" lon="15.08552612">
        <ele>325.0</ele>
        <time>2022-08-16T18:54:54.024Z</time>
    </trkpt>
    <trkpt lat="45.49148232" lon="15.08557566">
        <ele>326.0</ele>
        <time>2022-08-16T18:54:59.024Z</time>
    </trkpt>
    <trkpt lat="45.49147784" lon="15.08558186">
        <ele>326.0</ele>
        <time>2022-08-16T18:55:00.024Z</time>
    </trkpt>
    <trkpt lat="45.4914713" lon="15.08558169">
        <ele>327.0</ele>
        <time>2022-08-16T18:55:01.024Z</time>
    </trkpt>
    <trkpt lat="45.4914775" lon="15.0855884">
        <ele>326.0</ele>
        <time>2022-08-16T18:55:03.024Z</time>
    </trkpt>
    <trkpt lat="45.49147478" lon="15.08563852">
        <ele>327.0</ele>
        <time>2022-08-16T18:55:07.024Z</time>
    </trkpt>
    <trkpt lat="45.49148287" lon="15.0856697">
        <ele>327.0</ele>
        <time>2022-08-16T18:55:10.024Z</time>
    </trkpt>
    <trkpt lat="45.49148354" lon="15.08569158">
        <ele>328.0</ele>
        <time>2022-08-16T18:55:12.024Z</time>
    </trkpt>
    <trkpt lat="45.49147629" lon="15.08576383">
        <ele>328.0</ele>
        <time>2022-08-16T18:55:19.024Z</time>
    </trkpt>
    <trkpt lat="45.49146937" lon="15.08578403">
        <ele>328.0</ele>
        <time>2022-08-16T18:55:22.024Z</time>
    </trkpt>
    <trkpt lat="45.49146757" lon="15.08581588">
        <ele>329.0</ele>
        <time>2022-08-16T18:55:26.024Z</time>
    </trkpt>
    <trkpt lat="45.49146338" lon="15.08582259">
        <ele>329.0</ele>
        <time>2022-08-16T18:55:27.024Z</time>
    </trkpt>
    <trkpt lat="45.49146024" lon="15.08587288">
        <ele>328.0</ele>
        <time>2022-08-16T18:55:33.024Z</time>
    </trkpt>
    <trkpt lat="45.49148446" lon="15.08593038">
        <ele>328.0</ele>
        <time>2022-08-16T18:55:39.024Z</time>
    </trkpt>
    <trkpt lat="45.49147868" lon="15.08596885">
        <ele>328.0</ele>
        <time>2022-08-16T18:55:44.024Z</time>
    </trkpt>
    <trkpt lat="45.49148982" lon="15.08598603">
        <ele>328.0</ele>
        <time>2022-08-16T18:55:47.024Z</time>
    </trkpt>
    <trkpt lat="45.49149699" lon="15.08601361">
        <ele>328.0</ele>
        <time>2022-08-16T18:55:50.024Z</time>
    </trkpt>
    <trkpt lat="45.49148672" lon="15.086066">
        <ele>327.0</ele>
        <time>2022-08-16T18:55:55.024Z</time>
    </trkpt>
    <trkpt lat="45.49148873" lon="15.08609617">
        <ele>327.0</ele>
        <time>2022-08-16T18:55:58.024Z</time>
    </trkpt>
    <trkpt lat="45.4914542" lon="15.08617546">
        <ele>328.0</ele>
        <time>2022-08-16T18:56:06.024Z</time>
    </trkpt>
    <trkpt lat="45.4914317" lon="15.08620614">
        <ele>327.0</ele>
        <time>2022-08-16T18:56:10.024Z</time>
    </trkpt>
    <trkpt lat="45.49142629" lon="15.08622743">
        <ele>328.0</ele>
        <time>2022-08-16T18:56:12.024Z</time>
    </trkpt>
    <trkpt lat="45.4914164" lon="15.08623724">
        <ele>327.0</ele>
        <time>2022-08-16T18:56:13.024Z</time>
    </trkpt>
    <trkpt lat="45.49141317" lon="15.08624939">
        <ele>327.0</ele>
        <time>2022-08-16T18:56:16.024Z</time>
    </trkpt>
    <trkpt lat="45.49140609" lon="15.08625811">
        <ele>327.0</ele>
        <time>2022-08-16T18:56:17.024Z</time>
    </trkpt>
    <trkpt lat="45.49138882" lon="15.08626398">
        <ele>327.0</ele>
        <time>2022-08-16T18:56:19.024Z</time>
    </trkpt>
    <trkpt lat="45.49138455" lon="15.08627035">
        <ele>327.0</ele>
        <time>2022-08-16T18:56:20.024Z</time>
    </trkpt>
    <trkpt lat="45.49137767" lon="15.08631829">
        <ele>328.0</ele>
        <time>2022-08-16T18:56:25.024Z</time>
    </trkpt>
    <trkpt lat="45.49138044" lon="15.08633791">
        <ele>328.0</ele>
        <time>2022-08-16T18:56:27.024Z</time>
    </trkpt>
    <trkpt lat="45.49137068" lon="15.08635425">
        <ele>327.0</ele>
        <time>2022-08-16T18:56:30.024Z</time>
    </trkpt>
    <trkpt lat="45.49135881" lon="15.08635794">
        <ele>327.0</ele>
        <time>2022-08-16T18:56:31.024Z</time>
    </trkpt>
    <trkpt lat="45.49133979" lon="15.08640018">
        <ele>327.0</ele>
        <time>2022-08-16T18:56:35.024Z</time>
    </trkpt>
    <trkpt lat="45.49131456" lon="15.08642022">
        <ele>327.0</ele>
        <time>2022-08-16T18:56:39.024Z</time>
    </trkpt>
    <trkpt lat="45.49129256" lon="15.08642198">
        <ele>327.0</ele>
        <time>2022-08-16T18:56:41.024Z</time>
    </trkpt>
    <trkpt lat="45.49127835" lon="15.08641695">
        <ele>327.0</ele>
        <time>2022-08-16T18:56:42.024Z</time>
    </trkpt>
    <trkpt lat="45.4912444" lon="15.08642281">
        <ele>327.0</ele>
        <time>2022-08-16T18:56:45.024Z</time>
    </trkpt>
    <trkpt lat="45.49123585" lon="15.08643036">
        <ele>327.0</ele>
        <time>2022-08-16T18:56:46.024Z</time>
    </trkpt>
    <trkpt lat="45.49123066" lon="15.08644754">
        <ele>327.0</ele>
        <time>2022-08-16T18:56:47.024Z</time>
    </trkpt>
    <trkpt lat="45.49123309" lon="15.08647461">
        <ele>328.0</ele>
        <time>2022-08-16T18:56:49.024Z</time>
    </trkpt>
    <trkpt lat="45.49122164" lon="15.08647009">
        <ele>328.0</ele>
        <time>2022-08-16T18:56:51.024Z</time>
    </trkpt>
    <trkpt lat="45.4912032" lon="15.08647369">
        <ele>328.0</ele>
        <time>2022-08-16T18:56:53.024Z</time>
    </trkpt>
    <trkpt lat="45.49118799" lon="15.08648333">
        <ele>328.0</ele>
        <time>2022-08-16T18:56:55.024Z</time>
    </trkpt>
    <trkpt lat="45.49117043" lon="15.08650336">
        <ele>328.0</ele>
        <time>2022-08-16T18:56:57.024Z</time>
    </trkpt>
    <trkpt lat="45.49116419" lon="15.0865218">
        <ele>329.0</ele>
        <time>2022-08-16T18:56:59.024Z</time>
    </trkpt>
    <trkpt lat="45.49112186" lon="15.08654888">
        <ele>329.0</ele>
        <time>2022-08-16T18:57:04.024Z</time>
    </trkpt>
    <trkpt lat="45.49111373" lon="15.08656891">
        <ele>330.0</ele>
        <time>2022-08-16T18:57:06.024Z</time>
    </trkpt>
    <trkpt lat="45.49108737" lon="15.08657327">
        <ele>330.0</ele>
        <time>2022-08-16T18:57:09.024Z</time>
    </trkpt>
    <trkpt lat="45.49101465" lon="15.08664225">
        <ele>330.0</ele>
        <time>2022-08-16T18:57:19.024Z</time>
    </trkpt>
    <trkpt lat="45.49099391" lon="15.08664753">
        <ele>330.0</ele>
        <time>2022-08-16T18:57:22.024Z</time>
    </trkpt>
    <trkpt lat="45.49098205" lon="15.08666094">
        <ele>331.0</ele>
        <time>2022-08-16T18:57:24.024Z</time>
    </trkpt>
    <trkpt lat="45.49096562" lon="15.08670227">
        <ele>331.0</ele>
        <time>2022-08-16T18:57:27.024Z</time>
    </trkpt>
    <trkpt lat="45.49094894" lon="15.08671375">
        <ele>331.0</ele>
        <time>2022-08-16T18:57:29.024Z</time>
    </trkpt>
    <trkpt lat="45.49089613" lon="15.08672389">
        <ele>330.0</ele>
        <time>2022-08-16T18:57:34.024Z</time>
    </trkpt>
    <trkpt lat="45.49088457" lon="15.08674242">
        <ele>330.0</ele>
        <time>2022-08-16T18:57:37.024Z</time>
    </trkpt>
    <trkpt lat="45.49086973" lon="15.08674937">
        <ele>330.0</ele>
        <time>2022-08-16T18:57:39.024Z</time>
    </trkpt>
    <trkpt lat="45.49084748" lon="15.08677175">
        <ele>330.0</ele>
        <time>2022-08-16T18:57:42.024Z</time>
    </trkpt>
    <trkpt lat="45.4908207" lon="15.08678508">
        <ele>330.0</ele>
        <time>2022-08-16T18:57:45.024Z</time>
    </trkpt>
    <trkpt lat="45.49081169" lon="15.0867855">
        <ele>330.0</ele>
        <time>2022-08-16T18:57:47.024Z</time>
    </trkpt>
    <trkpt lat="45.49080087" lon="15.08680511">
        <ele>330.0</ele>
        <time>2022-08-16T18:57:50.024Z</time>
    </trkpt>
    <trkpt lat="45.49077711" lon="15.08682481">
        <ele>330.0</ele>
        <time>2022-08-16T18:57:54.024Z</time>
    </trkpt>
    <trkpt lat="45.49077271" lon="15.08682054">
        <ele>330.0</ele>
        <time>2022-08-16T18:57:55.024Z</time>
    </trkpt>
    <trkpt lat="45.49077036" lon="15.08682288">
        <ele>330.0</ele>
        <time>2022-08-16T18:57:56.024Z</time>
    </trkpt>
    <trkpt lat="45.49076973" lon="15.08681425">
        <ele>331.0</ele>
        <time>2022-08-16T18:57:58.024Z</time>
    </trkpt>
    <trkpt lat="45.49076835" lon="15.08683051">
        <ele>331.0</ele>
        <time>2022-08-16T18:58:00.024Z</time>
    </trkpt>
    <trkpt lat="45.49076424" lon="15.08679891">
        <ele>333.0</ele>
        <time>2022-08-16T18:58:04.024Z</time>
    </trkpt>
    <trkpt lat="45.49076152" lon="15.08679925">
        <ele>333.0</ele>
        <time>2022-08-16T18:58:05.024Z</time>
    </trkpt>
    <trkpt lat="45.49076927" lon="15.08681894">
        <ele>334.0</ele>
        <time>2022-08-16T18:58:07.024Z</time>
    </trkpt>
    <trkpt lat="45.49075616" lon="15.0868238">
        <ele>334.0</ele>
        <time>2022-08-16T18:58:08.024Z</time>
    </trkpt>
    <trkpt lat="45.49074606" lon="15.08681861">
        <ele>335.0</ele>
        <time>2022-08-16T18:58:09.024Z</time>
    </trkpt>
    <trkpt lat="45.49074794" lon="15.08682297">
        <ele>337.0</ele>
        <time>2022-08-16T18:58:10.024Z</time>
    </trkpt>
    <trkpt lat="45.49074073" lon="15.08681852">
        <ele>338.0</ele>
        <time>2022-08-16T18:58:11.024Z</time>
    </trkpt>
    <trkpt lat="45.49072959" lon="15.08681886">
        <ele>339.0</ele>
        <time>2022-08-16T18:58:12.024Z</time>
    </trkpt>
    <trkpt lat="45.490701" lon="15.08683629">
        <ele>343.0</ele>
        <time>2022-08-16T18:58:16.024Z</time>
    </trkpt>
    <trkpt lat="45.49070264" lon="15.08684836">
        <ele>343.0</ele>
        <time>2022-08-16T18:58:17.024Z</time>
    </trkpt>
    <trkpt lat="45.49069354" lon="15.08681165">
        <ele>344.0</ele>
        <time>2022-08-16T18:58:22.024Z</time>
    </trkpt>
    <trkpt lat="45.49069723" lon="15.08680251">
        <ele>348.0</ele>
        <time>2022-08-16T18:58:25.024Z</time>
    </trkpt>
    <trkpt lat="45.49070796" lon="15.08681115">
        <ele>350.0</ele>
        <time>2022-08-16T18:58:28.024Z</time>
    </trkpt>
    <trkpt lat="45.49071391" lon="15.08680746">
        <ele>351.0</ele>
        <time>2022-08-16T18:58:29.024Z</time>
    </trkpt>
    <trkpt lat="45.49069363" lon="15.08684099">
        <ele>352.0</ele>
        <time>2022-08-16T18:58:32.024Z</time>
    </trkpt>
    <trkpt lat="45.49068001" lon="15.08683437">
        <ele>353.0</ele>
        <time>2022-08-16T18:58:33.024Z</time>
    </trkpt>
    <trkpt lat="45.49067426" lon="15.08682691">
        <ele>353.0</ele>
        <time>2022-08-16T18:58:34.024Z</time>
    </trkpt>
    <trkpt lat="45.49067359" lon="15.08683235">
        <ele>354.0</ele>
        <time>2022-08-16T18:58:36.024Z</time>
    </trkpt>
    <trkpt lat="45.4906627" lon="15.08682439">
        <ele>354.0</ele>
        <time>2022-08-16T18:58:37.024Z</time>
    </trkpt>
    <trkpt lat="45.49064904" lon="15.08682489">
        <ele>354.0</ele>
        <time>2022-08-16T18:58:38.024Z</time>
    </trkpt>
    <trkpt lat="45.49065888" lon="15.08683294">
        <ele>355.0</ele>
        <time>2022-08-16T18:58:40.024Z</time>
    </trkpt>
    <trkpt lat="45.49061974" lon="15.08683998">
        <ele>354.0</ele>
        <time>2022-08-16T18:58:42.024Z</time>
    </trkpt>
    <trkpt lat="45.4905868" lon="15.08686622">
        <ele>354.0</ele>
        <time>2022-08-16T18:58:44.024Z</time>
    </trkpt>
    <trkpt lat="45.49056035" lon="15.08687535">
        <ele>354.0</ele>
        <time>2022-08-16T18:58:47.024Z</time>
    </trkpt>
    <trkpt lat="45.49052234" lon="15.08686814">
        <ele>353.0</ele>
        <time>2022-08-16T18:58:50.024Z</time>
    </trkpt>
    <trkpt lat="45.49050369" lon="15.08688189">
        <ele>351.0</ele>
        <time>2022-08-16T18:58:52.024Z</time>
    </trkpt>
    <trkpt lat="45.4904858" lon="15.0869119">
        <ele>351.0</ele>
        <time>2022-08-16T18:58:55.024Z</time>
    </trkpt>
    <trkpt lat="45.49047054" lon="15.08690159">
        <ele>350.0</ele>
        <time>2022-08-16T18:58:57.024Z</time>
    </trkpt>
    <trkpt lat="45.49045868" lon="15.08690553">
        <ele>350.0</ele>
        <time>2022-08-16T18:59:00.024Z</time>
    </trkpt>
    <trkpt lat="45.49044921" lon="15.08693143">
        <ele>349.0</ele>
        <time>2022-08-16T18:59:04.024Z</time>
    </trkpt>
    <trkpt lat="45.49043727" lon="15.08692724">
        <ele>349.0</ele>
        <time>2022-08-16T18:59:07.024Z</time>
    </trkpt>
    <trkpt lat="45.49042335" lon="15.08691517">
        <ele>349.0</ele>
        <time>2022-08-16T18:59:10.024Z</time>
    </trkpt>
    <trkpt lat="45.49041644" lon="15.08691466">
        <ele>349.0</ele>
        <time>2022-08-16T18:59:11.024Z</time>
    </trkpt>
    <trkpt lat="45.49040286" lon="15.08692824">
        <ele>349.0</ele>
        <time>2022-08-16T18:59:13.024Z</time>
    </trkpt>
    <trkpt lat="45.49038907" lon="15.08691844">
        <ele>349.0</ele>
        <time>2022-08-16T18:59:15.024Z</time>
    </trkpt>
    <trkpt lat="45.49037524" lon="15.0869202">
        <ele>349.0</ele>
        <time>2022-08-16T18:59:17.024Z</time>
    </trkpt>
    <trkpt lat="45.49036355" lon="15.08691542">
        <ele>349.0</ele>
        <time>2022-08-16T18:59:19.024Z</time>
    </trkpt>
    <trkpt lat="45.49032076" lon="15.08692062">
        <ele>348.0</ele>
        <time>2022-08-16T18:59:24.024Z</time>
    </trkpt>
    <trkpt lat="45.49031627" lon="15.08692933">
        <ele>347.0</ele>
        <time>2022-08-16T18:59:25.024Z</time>
    </trkpt>
    <trkpt lat="45.49030261" lon="15.08693252">
        <ele>347.0</ele>
        <time>2022-08-16T18:59:27.024Z</time>
    </trkpt>
    <trkpt lat="45.49029884" lon="15.0869378">
        <ele>347.0</ele>
        <time>2022-08-16T18:59:28.024Z</time>
    </trkpt>
    <trkpt lat="45.49028752" lon="15.08692883">
        <ele>347.0</ele>
        <time>2022-08-16T18:59:30.024Z</time>
    </trkpt>
    <trkpt lat="45.49027654" lon="15.08692967">
        <ele>347.0</ele>
        <time>2022-08-16T18:59:31.024Z</time>
    </trkpt>
    <trkpt lat="45.49026032" lon="15.08692187">
        <ele>346.0</ele>
        <time>2022-08-16T18:59:32.024Z</time>
    </trkpt>
    <trkpt lat="45.49025127" lon="15.08692388">
        <ele>346.0</ele>
        <time>2022-08-16T18:59:33.024Z</time>
    </trkpt>
    <trkpt lat="45.49020308" lon="15.08690687">
        <ele>346.0</ele>
        <time>2022-08-16T18:59:38.024Z</time>
    </trkpt>
    <trkpt lat="45.49018476" lon="15.08691274">
        <ele>347.0</ele>
        <time>2022-08-16T18:59:41.024Z</time>
    </trkpt>
    <trkpt lat="45.49015752" lon="15.08688156">
        <ele>347.0</ele>
        <time>2022-08-16T18:59:43.024Z</time>
    </trkpt>
    <trkpt lat="45.4901444" lon="15.08685725">
        <ele>347.0</ele>
        <time>2022-08-16T18:59:44.024Z</time>
    </trkpt>
    <trkpt lat="45.49014394" lon="15.08682992">
        <ele>347.0</ele>
        <time>2022-08-16T18:59:46.024Z</time>
    </trkpt>
    <trkpt lat="45.4901289" lon="15.0867969">
        <ele>347.0</ele>
        <time>2022-08-16T18:59:49.024Z</time>
    </trkpt>
    <trkpt lat="45.49013833" lon="15.08678617">
        <ele>346.0</ele>
        <time>2022-08-16T18:59:53.024Z</time>
    </trkpt>
    <trkpt lat="45.49013812" lon="15.08679589">
        <ele>343.0</ele>
        <time>2022-08-16T18:59:58.024Z</time>
    </trkpt>
    <trkpt lat="45.49013501" lon="15.08679698">
        <ele>343.0</ele>
        <time>2022-08-16T18:59:59.024Z</time>
    </trkpt>
    <trkpt lat="45.49014" lon="15.08679891">
        <ele>341.0</ele>
        <time>2022-08-16T19:00:07.024Z</time>
    </trkpt>
    <trkpt lat="45.49013485" lon="15.0867938">
        <ele>342.0</ele>
        <time>2022-08-16T19:00:14.024Z</time>
    </trkpt>
    <trkpt lat="45.49013405" lon="15.08679782">
        <ele>342.0</ele>
        <time>2022-08-16T19:00:15.024Z</time>
    </trkpt>
    <trkpt lat="45.49010497" lon="15.08679363">
        <ele>342.0</ele>
        <time>2022-08-16T19:00:19.024Z</time>
    </trkpt>
    <trkpt lat="45.49008803" lon="15.08681467">
        <ele>342.0</ele>
        <time>2022-08-16T19:00:21.024Z</time>
    </trkpt>
    <trkpt lat="45.49006213" lon="15.08683411">
        <ele>341.0</ele>
        <time>2022-08-16T19:00:24.024Z</time>
    </trkpt>
    <trkpt lat="45.49004533" lon="15.08685976">
        <ele>341.0</ele>
        <time>2022-08-16T19:00:26.024Z</time>
    </trkpt>
    <trkpt lat="45.49002928" lon="15.08687225">
        <ele>341.0</ele>
        <time>2022-08-16T19:00:28.024Z</time>
    </trkpt>
    <trkpt lat="45.49001964" lon="15.08689111">
        <ele>342.0</ele>
        <time>2022-08-16T19:00:30.024Z</time>
    </trkpt>
    <trkpt lat="45.48999617" lon="15.08690058">
        <ele>342.0</ele>
        <time>2022-08-16T19:00:33.024Z</time>
    </trkpt>
    <trkpt lat="45.48998062" lon="15.08691215">
        <ele>342.0</ele>
        <time>2022-08-16T19:00:35.024Z</time>
    </trkpt>
    <trkpt lat="45.48997161" lon="15.08691165">
        <ele>342.0</ele>
        <time>2022-08-16T19:00:36.024Z</time>
    </trkpt>
    <trkpt lat="45.48992999" lon="15.08694383">
        <ele>341.0</ele>
        <time>2022-08-16T19:00:43.024Z</time>
    </trkpt>
    <trkpt lat="45.48991558" lon="15.08694417">
        <ele>341.0</ele>
        <time>2022-08-16T19:00:46.024Z</time>
    </trkpt>
    <trkpt lat="45.48991289" lon="15.0869357">
        <ele>342.0</ele>
        <time>2022-08-16T19:00:50.024Z</time>
    </trkpt>
    <trkpt lat="45.48991386" lon="15.08694828">
        <ele>342.0</ele>
        <time>2022-08-16T19:00:51.024Z</time>
    </trkpt>
    <trkpt lat="45.48990891" lon="15.08694149">
        <ele>342.0</ele>
        <time>2022-08-16T19:00:52.024Z</time>
    </trkpt>
    <trkpt lat="45.48983431" lon="15.08697049">
        <ele>342.0</ele>
        <time>2022-08-16T19:00:59.024Z</time>
    </trkpt>
    <trkpt lat="45.48980263" lon="15.08697325">
        <ele>342.0</ele>
        <time>2022-08-16T19:01:03.024Z</time>
    </trkpt>
    <trkpt lat="45.48979836" lon="15.08698884">
        <ele>342.0</ele>
        <time>2022-08-16T19:01:06.024Z</time>
    </trkpt>
    <trkpt lat="45.48977732" lon="15.0870015">
        <ele>342.0</ele>
        <time>2022-08-16T19:01:11.024Z</time>
    </trkpt>
    <trkpt lat="45.48977828" lon="15.08698189">
        <ele>342.0</ele>
        <time>2022-08-16T19:01:17.024Z</time>
    </trkpt>
    <trkpt lat="45.4897751" lon="15.08698013">
        <ele>342.0</ele>
        <time>2022-08-16T19:01:22.024Z</time>
    </trkpt>
    <trkpt lat="45.48977443" lon="15.08698323">
        <ele>342.0</ele>
        <time>2022-08-16T19:01:23.024Z</time>
    </trkpt>
    <trkpt lat="45.48975758" lon="15.08697979">
        <ele>342.0</ele>
        <time>2022-08-16T19:01:25.024Z</time>
    </trkpt>
    <trkpt lat="45.48972853" lon="15.08698708">
        <ele>343.0</ele>
        <time>2022-08-16T19:01:28.024Z</time>
    </trkpt>
    <trkpt lat="45.48972082" lon="15.08698499">
        <ele>343.0</ele>
        <time>2022-08-16T19:01:29.024Z</time>
    </trkpt>
    <trkpt lat="45.48967678" lon="15.0869528">
        <ele>344.0</ele>
        <time>2022-08-16T19:01:36.024Z</time>
    </trkpt>
    <trkpt lat="45.48966001" lon="15.08694861">
        <ele>344.0</ele>
        <time>2022-08-16T19:01:41.024Z</time>
    </trkpt>
    <trkpt lat="45.48965679" lon="15.08694191">
        <ele>344.0</ele>
        <time>2022-08-16T19:01:43.024Z</time>
    </trkpt>
    <trkpt lat="45.48963063" lon="15.08692187">
        <ele>344.0</ele>
        <time>2022-08-16T19:01:47.024Z</time>
    </trkpt>
    <trkpt lat="45.48962556" lon="15.08692313">
        <ele>343.0</ele>
        <time>2022-08-16T19:01:48.024Z</time>
    </trkpt>
    <trkpt lat="45.48958805" lon="15.08690729">
        <ele>344.0</ele>
        <time>2022-08-16T19:01:52.024Z</time>
    </trkpt>
    <trkpt lat="45.48953382" lon="15.0869">
        <ele>344.0</ele>
        <time>2022-08-16T19:01:58.024Z</time>
    </trkpt>
    <trkpt lat="45.48950025" lon="15.0869114">
        <ele>344.0</ele>
        <time>2022-08-16T19:02:02.024Z</time>
    </trkpt>
    <trkpt lat="45.48947632" lon="15.08694191">
        <ele>343.0</ele>
        <time>2022-08-16T19:02:07.024Z</time>
    </trkpt>
    <trkpt lat="45.48945596" lon="15.08695657">
        <ele>342.0</ele>
        <time>2022-08-16T19:02:09.024Z</time>
    </trkpt>
    <trkpt lat="45.48943768" lon="15.08696169">
        <ele>343.0</ele>
        <time>2022-08-16T19:02:11.024Z</time>
    </trkpt>
    <trkpt lat="45.48941224" lon="15.08698365">
        <ele>343.0</ele>
        <time>2022-08-16T19:02:14.024Z</time>
    </trkpt>
    <trkpt lat="45.4893915" lon="15.08698876">
        <ele>343.0</ele>
        <time>2022-08-16T19:02:16.024Z</time>
    </trkpt>
    <trkpt lat="45.48938836" lon="15.0869989">
        <ele>343.0</ele>
        <time>2022-08-16T19:02:17.024Z</time>
    </trkpt>
    <trkpt lat="45.48937293" lon="15.08700309">
        <ele>342.0</ele>
        <time>2022-08-16T19:02:19.024Z</time>
    </trkpt>
    <trkpt lat="45.48935483" lon="15.08701483">
        <ele>341.0</ele>
        <time>2022-08-16T19:02:21.024Z</time>
    </trkpt>
    <trkpt lat="45.48933517" lon="15.08701365">
        <ele>342.0</ele>
        <time>2022-08-16T19:02:23.024Z</time>
    </trkpt>
    <trkpt lat="45.48931053" lon="15.08703176">
        <ele>341.0</ele>
        <time>2022-08-16T19:02:27.024Z</time>
    </trkpt>
    <trkpt lat="45.48930554" lon="15.0870248">
        <ele>341.0</ele>
        <time>2022-08-16T19:02:29.024Z</time>
    </trkpt>
    <trkpt lat="45.48930613" lon="15.08701676">
        <ele>342.0</ele>
        <time>2022-08-16T19:02:33.024Z</time>
    </trkpt>
    <trkpt lat="45.48929586" lon="15.08703897">
        <ele>341.0</ele>
        <time>2022-08-16T19:02:36.024Z</time>
    </trkpt>
    <trkpt lat="45.48928471" lon="15.0870414">
        <ele>341.0</ele>
        <time>2022-08-16T19:02:38.024Z</time>
    </trkpt>
    <trkpt lat="45.4892778" lon="15.08704852">
        <ele>341.0</ele>
        <time>2022-08-16T19:02:39.024Z</time>
    </trkpt>
    <trkpt lat="45.48926393" lon="15.08704408">
        <ele>341.0</ele>
        <time>2022-08-16T19:02:40.024Z</time>
    </trkpt>
    <trkpt lat="45.48924083" lon="15.08704475">
        <ele>341.0</ele>
        <time>2022-08-16T19:02:42.024Z</time>
    </trkpt>
    <trkpt lat="45.48923224" lon="15.08704978">
        <ele>341.0</ele>
        <time>2022-08-16T19:02:44.024Z</time>
    </trkpt>
    <trkpt lat="45.48922156" lon="15.08704492">
        <ele>341.0</ele>
        <time>2022-08-16T19:02:46.024Z</time>
    </trkpt>
    <trkpt lat="45.48920936" lon="15.08705112">
        <ele>340.0</ele>
        <time>2022-08-16T19:02:48.024Z</time>
    </trkpt>
    <trkpt lat="45.48917847" lon="15.08704199">
        <ele>340.0</ele>
        <time>2022-08-16T19:02:51.024Z</time>
    </trkpt>
    <trkpt lat="45.48916502" lon="15.08704961">
        <ele>341.0</ele>
        <time>2022-08-16T19:02:53.024Z</time>
    </trkpt>
    <trkpt lat="45.4891623" lon="15.08705925">
        <ele>341.0</ele>
        <time>2022-08-16T19:02:54.024Z</time>
    </trkpt>
    <trkpt lat="45.4891509" lon="15.08706906">
        <ele>341.0</ele>
        <time>2022-08-16T19:02:56.024Z</time>
    </trkpt>
    <trkpt lat="45.48911599" lon="15.08707275">
        <ele>341.0</ele>
        <time>2022-08-16T19:02:59.024Z</time>
    </trkpt>
    <trkpt lat="45.48908677" lon="15.08709705">
        <ele>342.0</ele>
        <time>2022-08-16T19:03:03.024Z</time>
    </trkpt>
    <trkpt lat="45.48903326" lon="15.08710292">
        <ele>343.0</ele>
        <time>2022-08-16T19:03:09.024Z</time>
    </trkpt>
    <trkpt lat="45.48902177" lon="15.08709705">
        <ele>343.0</ele>
        <time>2022-08-16T19:03:10.024Z</time>
    </trkpt>
    <trkpt lat="45.48901176" lon="15.08709764">
        <ele>343.0</ele>
        <time>2022-08-16T19:03:11.024Z</time>
    </trkpt>
    <trkpt lat="45.48899281" lon="15.0871041">
        <ele>343.0</ele>
        <time>2022-08-16T19:03:13.024Z</time>
    </trkpt>
    <trkpt lat="45.48896322" lon="15.08709739">
        <ele>343.0</ele>
        <time>2022-08-16T19:03:15.024Z</time>
    </trkpt>
    <trkpt lat="45.48892375" lon="15.08711214">
        <ele>344.0</ele>
        <time>2022-08-16T19:03:19.024Z</time>
    </trkpt>
    <trkpt lat="45.48891306" lon="15.08711088">
        <ele>344.0</ele>
        <time>2022-08-16T19:03:20.024Z</time>
    </trkpt>
    <trkpt lat="45.48888837" lon="15.08712949">
        <ele>346.0</ele>
        <time>2022-08-16T19:03:23.024Z</time>
    </trkpt>
    <trkpt lat="45.48885577" lon="15.08713569">
        <ele>346.0</ele>
        <time>2022-08-16T19:03:27.024Z</time>
    </trkpt>
    <trkpt lat="45.48882924" lon="15.08713452">
        <ele>346.0</ele>
        <time>2022-08-16T19:03:31.024Z</time>
    </trkpt>
    <trkpt lat="45.48882094" lon="15.08714366">
        <ele>346.0</ele>
        <time>2022-08-16T19:03:33.024Z</time>
    </trkpt>
    <trkpt lat="45.48880179" lon="15.08714131">
        <ele>346.0</ele>
        <time>2022-08-16T19:03:35.024Z</time>
    </trkpt>
    <trkpt lat="45.48878456" lon="15.08714626">
        <ele>346.0</ele>
        <time>2022-08-16T19:03:37.024Z</time>
    </trkpt>
    <trkpt lat="45.48877673" lon="15.08715422">
        <ele>347.0</ele>
        <time>2022-08-16T19:03:38.024Z</time>
    </trkpt>
    <trkpt lat="45.48875267" lon="15.08716436">
        <ele>347.0</ele>
        <time>2022-08-16T19:03:41.024Z</time>
    </trkpt>
    <trkpt lat="45.4887313" lon="15.08715967">
        <ele>347.0</ele>
        <time>2022-08-16T19:03:43.024Z</time>
    </trkpt>
    <trkpt lat="45.48868109" lon="15.08715916">
        <ele>348.0</ele>
        <time>2022-08-16T19:03:48.024Z</time>
    </trkpt>
    <trkpt lat="45.48867015" lon="15.08715531">
        <ele>348.0</ele>
        <time>2022-08-16T19:03:49.024Z</time>
    </trkpt>
    <trkpt lat="45.48865448" lon="15.08715891">
        <ele>349.0</ele>
        <time>2022-08-16T19:03:51.024Z</time>
    </trkpt>
    <trkpt lat="45.4886453" lon="15.08715556">
        <ele>349.0</ele>
        <time>2022-08-16T19:03:52.024Z</time>
    </trkpt>
    <trkpt lat="45.48862032" lon="15.08716713">
        <ele>349.0</ele>
        <time>2022-08-16T19:03:55.024Z</time>
    </trkpt>
    <trkpt lat="45.48861575" lon="15.08717702">
        <ele>349.0</ele>
        <time>2022-08-16T19:03:56.024Z</time>
    </trkpt>
    <trkpt lat="45.48859492" lon="15.08719018">
        <ele>349.0</ele>
        <time>2022-08-16T19:03:59.024Z</time>
    </trkpt>
    <trkpt lat="45.48858101" lon="15.08718842">
        <ele>349.0</ele>
        <time>2022-08-16T19:04:01.024Z</time>
    </trkpt>
    <trkpt lat="45.4885311" lon="15.08715858">
        <ele>350.0</ele>
        <time>2022-08-16T19:04:06.024Z</time>
    </trkpt>
    <trkpt lat="45.48849941" lon="15.0871512">
        <ele>350.0</ele>
        <time>2022-08-16T19:04:11.024Z</time>
    </trkpt>
    <trkpt lat="45.48848273" lon="15.08712765">
        <ele>351.0</ele>
        <time>2022-08-16T19:04:12.024Z</time>
    </trkpt>
    <trkpt lat="45.48845729" lon="15.08712991">
        <ele>352.0</ele>
        <time>2022-08-16T19:04:13.024Z</time>
    </trkpt>
    <trkpt lat="45.48841132" lon="15.08709094">
        <ele>357.0</ele>
        <time>2022-08-16T19:04:15.024Z</time>
    </trkpt>
    <trkpt lat="45.4883959" lon="15.08707032">
        <ele>359.0</ele>
        <time>2022-08-16T19:04:16.024Z</time>
    </trkpt>
    <trkpt lat="45.48838064" lon="15.08706395">
        <ele>360.0</ele>
        <time>2022-08-16T19:04:17.024Z</time>
    </trkpt>
    <trkpt lat="45.48835256" lon="15.08706344">
        <ele>362.0</ele>
        <time>2022-08-16T19:04:19.024Z</time>
    </trkpt>
    <trkpt lat="45.48830265" lon="15.08705062">
        <ele>366.0</ele>
        <time>2022-08-16T19:04:24.024Z</time>
    </trkpt>
    <trkpt lat="45.48826099" lon="15.0870528">
        <ele>368.0</ele>
        <time>2022-08-16T19:04:28.024Z</time>
    </trkpt>
    <trkpt lat="45.48821212" lon="15.08706587">
        <ele>371.0</ele>
        <time>2022-08-16T19:04:33.024Z</time>
    </trkpt>
    <trkpt lat="45.48819448" lon="15.08707434">
        <ele>372.0</ele>
        <time>2022-08-16T19:04:36.024Z</time>
    </trkpt>
    <trkpt lat="45.48818484" lon="15.08707417">
        <ele>373.0</ele>
        <time>2022-08-16T19:04:37.024Z</time>
    </trkpt>
    <trkpt lat="45.48816523" lon="15.08708633">
        <ele>374.0</ele>
        <time>2022-08-16T19:04:39.024Z</time>
    </trkpt>
    <trkpt lat="45.48812596" lon="15.08709261">
        <ele>376.0</ele>
        <time>2022-08-16T19:04:45.024Z</time>
    </trkpt>
    <trkpt lat="45.48807282" lon="15.08711901">
        <ele>377.0</ele>
        <time>2022-08-16T19:04:51.024Z</time>
    </trkpt>
    <trkpt lat="45.48804197" lon="15.08712958">
        <ele>378.0</ele>
        <time>2022-08-16T19:04:54.024Z</time>
    </trkpt>
    <trkpt lat="45.48803237" lon="15.08712664">
        <ele>379.0</ele>
        <time>2022-08-16T19:04:55.024Z</time>
    </trkpt>
    <trkpt lat="45.48800677" lon="15.08713377">
        <ele>379.0</ele>
        <time>2022-08-16T19:04:58.024Z</time>
    </trkpt>
    <trkpt lat="45.48798032" lon="15.08712983">
        <ele>380.0</ele>
        <time>2022-08-16T19:05:01.024Z</time>
    </trkpt>
    <trkpt lat="45.48794922" lon="15.08713326">
        <ele>380.0</ele>
        <time>2022-08-16T19:05:05.024Z</time>
    </trkpt>
    <trkpt lat="45.48787551" lon="15.08711063">
        <ele>382.0</ele>
        <time>2022-08-16T19:05:15.024Z</time>
    </trkpt>
    <trkpt lat="45.4878398" lon="15.08710946">
        <ele>383.0</ele>
        <time>2022-08-16T19:05:19.024Z</time>
    </trkpt>
    <trkpt lat="45.48781143" lon="15.08709806">
        <ele>383.0</ele>
        <time>2022-08-16T19:05:24.024Z</time>
    </trkpt>
    <trkpt lat="45.48780267" lon="15.08709907">
        <ele>383.0</ele>
        <time>2022-08-16T19:05:25.024Z</time>
    </trkpt>
    <trkpt lat="45.48776398" lon="15.08712027">
        <ele>383.0</ele>
        <time>2022-08-16T19:05:32.024Z</time>
    </trkpt>
    <trkpt lat="45.48771922" lon="15.08712589">
        <ele>382.0</ele>
        <time>2022-08-16T19:05:38.024Z</time>
    </trkpt>
    <trkpt lat="45.48768054" lon="15.08715665">
        <ele>381.0</ele>
        <time>2022-08-16T19:05:43.024Z</time>
    </trkpt>
    <trkpt lat="45.48764689" lon="15.08717274">
        <ele>381.0</ele>
        <time>2022-08-16T19:05:47.024Z</time>
    </trkpt>
    <trkpt lat="45.48764303" lon="15.0871792">
        <ele>381.0</ele>
        <time>2022-08-16T19:05:48.024Z</time>
    </trkpt>
    <trkpt lat="45.48763482" lon="15.08718071">
        <ele>381.0</ele>
        <time>2022-08-16T19:05:49.024Z</time>
    </trkpt>
    <trkpt lat="45.48762199" lon="15.08717509">
        <ele>380.0</ele>
        <time>2022-08-16T19:05:50.024Z</time>
    </trkpt>
    <trkpt lat="45.48760645" lon="15.0871823">
        <ele>380.0</ele>
        <time>2022-08-16T19:05:52.024Z</time>
    </trkpt>
    <trkpt lat="45.48758247" lon="15.08715179">
        <ele>380.0</ele>
        <time>2022-08-16T19:05:58.024Z</time>
    </trkpt>
    <trkpt lat="45.48757028" lon="15.08715799">
        <ele>380.0</ele>
        <time>2022-08-16T19:06:00.024Z</time>
    </trkpt>
    <trkpt lat="45.48754073" lon="15.08718775">
        <ele>379.0</ele>
        <time>2022-08-16T19:06:04.024Z</time>
    </trkpt>
    <trkpt lat="45.48750888" lon="15.0872294">
        <ele>379.0</ele>
        <time>2022-08-16T19:06:09.024Z</time>
    </trkpt>
    <trkpt lat="45.48750699" lon="15.08724424">
        <ele>379.0</ele>
        <time>2022-08-16T19:06:10.024Z</time>
    </trkpt>
    <trkpt lat="45.48749941" lon="15.08725296">
        <ele>379.0</ele>
        <time>2022-08-16T19:06:11.024Z</time>
    </trkpt>
    <trkpt lat="45.48748344" lon="15.08725706">
        <ele>379.0</ele>
        <time>2022-08-16T19:06:13.024Z</time>
    </trkpt>
    <trkpt lat="45.4874575" lon="15.08727525">
        <ele>379.0</ele>
        <time>2022-08-16T19:06:16.024Z</time>
    </trkpt>
    <trkpt lat="45.48744128" lon="15.08730224">
        <ele>378.0</ele>
        <time>2022-08-16T19:06:18.024Z</time>
    </trkpt>
    <trkpt lat="45.48742376" lon="15.08732018">
        <ele>378.0</ele>
        <time>2022-08-16T19:06:20.024Z</time>
    </trkpt>
    <trkpt lat="45.48740189" lon="15.08735295">
        <ele>378.0</ele>
        <time>2022-08-16T19:06:23.024Z</time>
    </trkpt>
    <trkpt lat="45.48739254" lon="15.08735999">
        <ele>378.0</ele>
        <time>2022-08-16T19:06:24.024Z</time>
    </trkpt>
    <trkpt lat="45.48737263" lon="15.08743501">
        <ele>377.0</ele>
        <time>2022-08-16T19:06:31.024Z</time>
    </trkpt>
    <trkpt lat="45.4873728" lon="15.08744968">
        <ele>377.0</ele>
        <time>2022-08-16T19:06:33.024Z</time>
    </trkpt>
    <trkpt lat="45.48736174" lon="15.08746846">
        <ele>377.0</ele>
        <time>2022-08-16T19:06:35.024Z</time>
    </trkpt>
    <trkpt lat="45.48734036" lon="15.08756024">
        <ele>376.0</ele>
        <time>2022-08-16T19:06:43.024Z</time>
    </trkpt>
    <trkpt lat="45.4873202" lon="15.08765998">
        <ele>375.0</ele>
        <time>2022-08-16T19:06:50.024Z</time>
    </trkpt>
    <trkpt lat="45.4873215" lon="15.08767348">
        <ele>375.0</ele>
        <time>2022-08-16T19:06:51.024Z</time>
    </trkpt>
    <trkpt lat="45.48730214" lon="15.08770851">
        <ele>376.0</ele>
        <time>2022-08-16T19:06:54.024Z</time>
    </trkpt>
    <trkpt lat="45.48728722" lon="15.08775009">
        <ele>376.0</ele>
        <time>2022-08-16T19:06:57.024Z</time>
    </trkpt>
    <trkpt lat="45.48726778" lon="15.08777423">
        <ele>376.0</ele>
        <time>2022-08-16T19:06:59.024Z</time>
    </trkpt>
    <trkpt lat="45.48725298" lon="15.08780851">
        <ele>375.0</ele>
        <time>2022-08-16T19:07:02.024Z</time>
    </trkpt>
    <trkpt lat="45.48724405" lon="15.08782192">
        <ele>375.0</ele>
        <time>2022-08-16T19:07:03.024Z</time>
    </trkpt>
    <trkpt lat="45.48721891" lon="15.08784262">
        <ele>375.0</ele>
        <time>2022-08-16T19:07:06.024Z</time>
    </trkpt>
    <trkpt lat="45.48718743" lon="15.08790507">
        <ele>375.0</ele>
        <time>2022-08-16T19:07:12.024Z</time>
    </trkpt>
    <trkpt lat="45.48715273" lon="15.08792913">
        <ele>376.0</ele>
        <time>2022-08-16T19:07:15.024Z</time>
    </trkpt>
    <trkpt lat="45.48713886" lon="15.08796014">
        <ele>375.0</ele>
        <time>2022-08-16T19:07:18.024Z</time>
    </trkpt>
    <trkpt lat="45.48712369" lon="15.08798051">
        <ele>375.0</ele>
        <time>2022-08-16T19:07:20.024Z</time>
    </trkpt>
    <trkpt lat="45.48710458" lon="15.08799048">
        <ele>375.0</ele>
        <time>2022-08-16T19:07:22.024Z</time>
    </trkpt>
    <trkpt lat="45.48707797" lon="15.08799618">
        <ele>375.0</ele>
        <time>2022-08-16T19:07:25.024Z</time>
    </trkpt>
    <trkpt lat="45.48705844" lon="15.08802887">
        <ele>375.0</ele>
        <time>2022-08-16T19:07:29.024Z</time>
    </trkpt>
    <trkpt lat="45.48701602" lon="15.08808411">
        <ele>378.0</ele>
        <time>2022-08-16T19:07:39.024Z</time>
    </trkpt>
    <trkpt lat="45.48697206" lon="15.08810716">
        <ele>378.0</ele>
        <time>2022-08-16T19:07:44.024Z</time>
    </trkpt>
    <trkpt lat="45.48693682" lon="15.08811185">
        <ele>380.0</ele>
        <time>2022-08-16T19:07:50.024Z</time>
    </trkpt>
    <trkpt lat="45.48693149" lon="15.08811914">
        <ele>380.0</ele>
        <time>2022-08-16T19:07:51.024Z</time>
    </trkpt>
    <trkpt lat="45.48690869" lon="15.08813147">
        <ele>381.0</ele>
        <time>2022-08-16T19:07:54.024Z</time>
    </trkpt>
    <trkpt lat="45.48689612" lon="15.08812367">
        <ele>381.0</ele>
        <time>2022-08-16T19:07:57.024Z</time>
    </trkpt>
    <trkpt lat="45.48687873" lon="15.08812711">
        <ele>380.0</ele>
        <time>2022-08-16T19:07:59.024Z</time>
    </trkpt>
    <trkpt lat="45.48686134" lon="15.08812409">
        <ele>380.0</ele>
        <time>2022-08-16T19:08:00.024Z</time>
    </trkpt>
    <trkpt lat="45.48683896" lon="15.08812996">
        <ele>380.0</ele>
        <time>2022-08-16T19:08:02.024Z</time>
    </trkpt>
    <trkpt lat="45.48681863" lon="15.08814094">
        <ele>380.0</ele>
        <time>2022-08-16T19:08:04.024Z</time>
    </trkpt>
    <trkpt lat="45.48677182" lon="15.0881484">
        <ele>380.0</ele>
        <time>2022-08-16T19:08:08.024Z</time>
    </trkpt>
    <trkpt lat="45.48674642" lon="15.08816105">
        <ele>380.0</ele>
        <time>2022-08-16T19:08:11.024Z</time>
    </trkpt>
    <trkpt lat="45.4866603" lon="15.08815971">
        <ele>380.0</ele>
        <time>2022-08-16T19:08:20.024Z</time>
    </trkpt>
    <trkpt lat="45.48665619" lon="15.08816776">
        <ele>380.0</ele>
        <time>2022-08-16T19:08:21.024Z</time>
    </trkpt>
    <trkpt lat="45.48664613" lon="15.08817312">
        <ele>380.0</ele>
        <time>2022-08-16T19:08:22.024Z</time>
    </trkpt>
    <trkpt lat="45.48662622" lon="15.08817916">
        <ele>380.0</ele>
        <time>2022-08-16T19:08:24.024Z</time>
    </trkpt>
    <trkpt lat="45.4865971" lon="15.08817656">
        <ele>381.0</ele>
        <time>2022-08-16T19:08:27.024Z</time>
    </trkpt>
    <trkpt lat="45.4865686" lon="15.0881919">
        <ele>381.0</ele>
        <time>2022-08-16T19:08:31.024Z</time>
    </trkpt>
    <trkpt lat="45.48653256" lon="15.08819894">
        <ele>382.0</ele>
        <time>2022-08-16T19:08:36.024Z</time>
    </trkpt>
    <trkpt lat="45.48651877" lon="15.08821554">
        <ele>382.0</ele>
        <time>2022-08-16T19:08:38.024Z</time>
    </trkpt>
    <trkpt lat="45.4865142" lon="15.08823213">
        <ele>382.0</ele>
        <time>2022-08-16T19:08:40.024Z</time>
    </trkpt>
    <trkpt lat="45.48650599" lon="15.08823976">
        <ele>381.0</ele>
        <time>2022-08-16T19:08:41.024Z</time>
    </trkpt>
    <trkpt lat="45.48649287" lon="15.08824035">
        <ele>381.0</ele>
        <time>2022-08-16T19:08:42.024Z</time>
    </trkpt>
    <trkpt lat="45.48647346" lon="15.08826767">
        <ele>381.0</ele>
        <time>2022-08-16T19:08:46.024Z</time>
    </trkpt>
    <trkpt lat="45.48644924" lon="15.0882867">
        <ele>381.0</ele>
        <time>2022-08-16T19:08:49.024Z</time>
    </trkpt>
    <trkpt lat="45.48642062" lon="15.08832785">
        <ele>381.0</ele>
        <time>2022-08-16T19:08:53.024Z</time>
    </trkpt>
    <trkpt lat="45.4864075" lon="15.08836398">
        <ele>381.0</ele>
        <time>2022-08-16T19:08:56.024Z</time>
    </trkpt>
    <trkpt lat="45.48638244" lon="15.08837613">
        <ele>381.0</ele>
        <time>2022-08-16T19:08:59.024Z</time>
    </trkpt>
    <trkpt lat="45.48636483" lon="15.08839097">
        <ele>382.0</ele>
        <time>2022-08-16T19:09:01.024Z</time>
    </trkpt>
    <trkpt lat="45.486351" lon="15.08842332">
        <ele>381.0</ele>
        <time>2022-08-16T19:09:04.024Z</time>
    </trkpt>
    <trkpt lat="45.48633043" lon="15.08844092">
        <ele>381.0</ele>
        <time>2022-08-16T19:09:07.024Z</time>
    </trkpt>
    <trkpt lat="45.48631718" lon="15.08844453">
        <ele>381.0</ele>
        <time>2022-08-16T19:09:08.024Z</time>
    </trkpt>
    <trkpt lat="45.48630021" lon="15.08846532">
        <ele>380.0</ele>
        <time>2022-08-16T19:09:11.024Z</time>
    </trkpt>
    <trkpt lat="45.48622645" lon="15.08852047">
        <ele>379.0</ele>
        <time>2022-08-16T19:09:18.024Z</time>
    </trkpt>
    <trkpt lat="45.48617737" lon="15.08857403">
        <ele>379.0</ele>
        <time>2022-08-16T19:09:24.024Z</time>
    </trkpt>
    <trkpt lat="45.48615751" lon="15.0886208">
        <ele>379.0</ele>
        <time>2022-08-16T19:09:29.024Z</time>
    </trkpt>
    <trkpt lat="45.48613484" lon="15.08865441">
        <ele>379.0</ele>
        <time>2022-08-16T19:09:32.024Z</time>
    </trkpt>
    <trkpt lat="45.48613044" lon="15.08867042">
        <ele>379.0</ele>
        <time>2022-08-16T19:09:33.024Z</time>
    </trkpt>
    <trkpt lat="45.48607713" lon="15.08873588">
        <ele>379.0</ele>
        <time>2022-08-16T19:09:40.024Z</time>
    </trkpt>
    <trkpt lat="45.48606782" lon="15.08876011">
        <ele>379.0</ele>
        <time>2022-08-16T19:09:43.024Z</time>
    </trkpt>
    <trkpt lat="45.48606895" lon="15.0887752">
        <ele>379.0</ele>
        <time>2022-08-16T19:09:44.024Z</time>
    </trkpt>
    <trkpt lat="45.48602952" lon="15.08883001">
        <ele>379.0</ele>
        <time>2022-08-16T19:09:51.024Z</time>
    </trkpt>
    <trkpt lat="45.48600907" lon="15.08889204">
        <ele>379.0</ele>
        <time>2022-08-16T19:09:57.024Z</time>
    </trkpt>
    <trkpt lat="45.4860068" lon="15.08891467">
        <ele>380.0</ele>
        <time>2022-08-16T19:09:59.024Z</time>
    </trkpt>
    <trkpt lat="45.48597009" lon="15.0889855">
        <ele>380.0</ele>
        <time>2022-08-16T19:10:06.024Z</time>
    </trkpt>
    <trkpt lat="45.48594679" lon="15.08905171">
        <ele>379.0</ele>
        <time>2022-08-16T19:10:11.024Z</time>
    </trkpt>
    <trkpt lat="45.48592583" lon="15.08915951">
        <ele>378.0</ele>
        <time>2022-08-16T19:10:19.024Z</time>
    </trkpt>
    <trkpt lat="45.4859239" lon="15.08920359">
        <ele>378.0</ele>
        <time>2022-08-16T19:10:22.024Z</time>
    </trkpt>
    <trkpt lat="45.48591163" lon="15.08923268">
        <ele>378.0</ele>
        <time>2022-08-16T19:10:25.024Z</time>
    </trkpt>
    <trkpt lat="45.48592395" lon="15.08924634">
        <ele>378.0</ele>
        <time>2022-08-16T19:10:27.024Z</time>
    </trkpt>
    <trkpt lat="45.48593518" lon="15.08925213">
        <ele>378.0</ele>
        <time>2022-08-16T19:10:29.024Z</time>
    </trkpt>
    <trkpt lat="45.48593895" lon="15.08927342">
        <ele>380.0</ele>
        <time>2022-08-16T19:10:35.024Z</time>
    </trkpt>
    <trkpt lat="45.48593732" lon="15.0893061">
        <ele>380.0</ele>
        <time>2022-08-16T19:10:38.024Z</time>
    </trkpt>
    <trkpt lat="45.48592185" lon="15.08939755">
        <ele>381.0</ele>
        <time>2022-08-16T19:10:45.024Z</time>
    </trkpt>
    <trkpt lat="45.48591611" lon="15.089489">
        <ele>381.0</ele>
        <time>2022-08-16T19:10:51.024Z</time>
    </trkpt>
    <trkpt lat="45.48592487" lon="15.0895211">
        <ele>380.0</ele>
        <time>2022-08-16T19:10:53.024Z</time>
    </trkpt>
    <trkpt lat="45.48592495" lon="15.08957977">
        <ele>380.0</ele>
        <time>2022-08-16T19:10:57.024Z</time>
    </trkpt>
    <trkpt lat="45.48593463" lon="15.08962872">
        <ele>380.0</ele>
        <time>2022-08-16T19:11:00.024Z</time>
    </trkpt>
    <trkpt lat="45.48593493" lon="15.08968371">
        <ele>380.0</ele>
        <time>2022-08-16T19:11:03.024Z</time>
    </trkpt>
    <trkpt lat="45.48592768" lon="15.08971883">
        <ele>380.0</ele>
        <time>2022-08-16T19:11:05.024Z</time>
    </trkpt>
    <trkpt lat="45.48592692" lon="15.08977164">
        <ele>381.0</ele>
        <time>2022-08-16T19:11:09.024Z</time>
    </trkpt>
    <trkpt lat="45.48591183" lon="15.08982377">
        <ele>380.0</ele>
        <time>2022-08-16T19:11:12.024Z</time>
    </trkpt>
    <trkpt lat="45.48590241" lon="15.08993131">
        <ele>381.0</ele>
        <time>2022-08-16T19:11:18.024Z</time>
    </trkpt>
    <trkpt lat="45.48591024" lon="15.08998722">
        <ele>381.0</ele>
        <time>2022-08-16T19:11:21.024Z</time>
    </trkpt>
    <trkpt lat="45.48591045" lon="15.09002703">
        <ele>381.0</ele>
        <time>2022-08-16T19:11:23.024Z</time>
    </trkpt>
    <trkpt lat="45.48589444" lon="15.09020305">
        <ele>382.0</ele>
        <time>2022-08-16T19:11:33.024Z</time>
    </trkpt>
    <trkpt lat="45.48590002" lon="15.09024261">
        <ele>382.0</ele>
        <time>2022-08-16T19:11:36.024Z</time>
    </trkpt>
    <trkpt lat="45.48589553" lon="15.09029525">
        <ele>382.0</ele>
        <time>2022-08-16T19:11:39.024Z</time>
    </trkpt>
    <trkpt lat="45.48590999" lon="15.09035803">
        <ele>381.0</ele>
        <time>2022-08-16T19:11:44.024Z</time>
    </trkpt>
    <trkpt lat="45.48591137" lon="15.09039382">
        <ele>381.0</ele>
        <time>2022-08-16T19:11:46.024Z</time>
    </trkpt>
    <trkpt lat="45.48592541" lon="15.09048007">
        <ele>380.0</ele>
        <time>2022-08-16T19:11:51.024Z</time>
    </trkpt>
    <trkpt lat="45.48592713" lon="15.09052215">
        <ele>380.0</ele>
        <time>2022-08-16T19:11:54.024Z</time>
    </trkpt>
    <trkpt lat="45.48592265" lon="15.09055777">
        <ele>380.0</ele>
        <time>2022-08-16T19:11:57.024Z</time>
    </trkpt>
    <trkpt lat="45.48592759" lon="15.09060639">
        <ele>380.0</ele>
        <time>2022-08-16T19:12:00.024Z</time>
    </trkpt>
    <trkpt lat="45.48594067" lon="15.09064729">
        <ele>379.0</ele>
        <time>2022-08-16T19:12:02.024Z</time>
    </trkpt>
    <trkpt lat="45.48597244" lon="15.09078006">
        <ele>379.0</ele>
        <time>2022-08-16T19:12:10.024Z</time>
    </trkpt>
    <trkpt lat="45.48597625" lon="15.09081468">
        <ele>379.0</ele>
        <time>2022-08-16T19:12:12.024Z</time>
    </trkpt>
    <trkpt lat="45.48599042" lon="15.09085525">
        <ele>379.0</ele>
        <time>2022-08-16T19:12:15.024Z</time>
    </trkpt>
    <trkpt lat="45.48601124" lon="15.09094485">
        <ele>379.0</ele>
        <time>2022-08-16T19:12:20.024Z</time>
    </trkpt>
    <trkpt lat="45.48601397" lon="15.09100193">
        <ele>379.0</ele>
        <time>2022-08-16T19:12:23.024Z</time>
    </trkpt>
    <trkpt lat="45.48602968" lon="15.0910596">
        <ele>380.0</ele>
        <time>2022-08-16T19:12:30.024Z</time>
    </trkpt>
    <trkpt lat="45.48603442" lon="15.09106605">
        <ele>380.0</ele>
        <time>2022-08-16T19:12:36.024Z</time>
    </trkpt>
    <trkpt lat="45.48604339" lon="15.09106563">
        <ele>382.0</ele>
        <time>2022-08-16T19:12:53.024Z</time>
    </trkpt>
    <trkpt lat="45.4860485" lon="15.09108164">
        <ele>382.0</ele>
        <time>2022-08-16T19:12:57.024Z</time>
    </trkpt>
    <trkpt lat="45.48605542" lon="15.09107997">
        <ele>382.0</ele>
        <time>2022-08-16T19:12:59.024Z</time>
    </trkpt>
    <trkpt lat="45.48605609" lon="15.09108449">
        <ele>382.0</ele>
        <time>2022-08-16T19:13:00.024Z</time>
    </trkpt>
    <trkpt lat="45.4860586" lon="15.09108089">
        <ele>382.0</ele>
        <time>2022-08-16T19:13:01.024Z</time>
    </trkpt>
    <trkpt lat="45.48605475" lon="15.09108466">
        <ele>382.0</ele>
        <time>2022-08-16T19:13:02.024Z</time>
    </trkpt>
    <trkpt lat="45.4860674" lon="15.09111626">
        <ele>384.0</ele>
        <time>2022-08-16T19:13:07.024Z</time>
    </trkpt>
    <trkpt lat="45.48606698" lon="15.0911202">
        <ele>384.0</ele>
        <time>2022-08-16T19:13:09.024Z</time>
    </trkpt>
    <trkpt lat="45.48606497" lon="15.09111752">
        <ele>384.0</ele>
        <time>2022-08-16T19:13:10.024Z</time>
    </trkpt>
    <trkpt lat="45.48608031" lon="15.09112875">
        <ele>385.0</ele>
        <time>2022-08-16T19:13:12.024Z</time>
    </trkpt>
    <trkpt lat="45.48607851" lon="15.0911425">
        <ele>385.0</ele>
        <time>2022-08-16T19:13:14.024Z</time>
    </trkpt>
    <trkpt lat="45.48607168" lon="15.09115046">
        <ele>386.0</ele>
        <time>2022-08-16T19:13:18.024Z</time>
    </trkpt>
    <trkpt lat="45.48607532" lon="15.0911461">
        <ele>386.0</ele>
        <time>2022-08-16T19:13:20.024Z</time>
    </trkpt>
    <trkpt lat="45.48608345" lon="15.0911466">
        <ele>386.0</ele>
        <time>2022-08-16T19:13:22.024Z</time>
    </trkpt>
    <trkpt lat="45.48608278" lon="15.09116915">
        <ele>387.0</ele>
        <time>2022-08-16T19:13:25.024Z</time>
    </trkpt>
    <trkpt lat="45.48606824" lon="15.09119505">
        <ele>389.0</ele>
        <time>2022-08-16T19:13:30.024Z</time>
    </trkpt>
    <trkpt lat="45.48606024" lon="15.09119689">
        <ele>389.0</ele>
        <time>2022-08-16T19:13:32.024Z</time>
    </trkpt>
    <trkpt lat="45.48606535" lon="15.09119865">
        <ele>389.0</ele>
        <time>2022-08-16T19:13:34.024Z</time>
    </trkpt>
    <trkpt lat="45.48606656" lon="15.09120762">
        <ele>389.0</ele>
        <time>2022-08-16T19:13:36.024Z</time>
    </trkpt>
    <trkpt lat="45.48607587" lon="15.09121508">
        <ele>389.0</ele>
        <time>2022-08-16T19:13:37.024Z</time>
    </trkpt>
    <trkpt lat="45.48608907" lon="15.09120586">
        <ele>389.0</ele>
        <time>2022-08-16T19:13:40.024Z</time>
    </trkpt>
    <trkpt lat="45.48610001" lon="15.09119002">
        <ele>389.0</ele>
        <time>2022-08-16T19:13:44.024Z</time>
    </trkpt>
    <trkpt lat="45.48610005" lon="15.09118139">
        <ele>389.0</ele>
        <time>2022-08-16T19:13:47.024Z</time>
    </trkpt>
    <trkpt lat="45.48610554" lon="15.0911829">
        <ele>389.0</ele>
        <time>2022-08-16T19:13:51.024Z</time>
    </trkpt>
    <trkpt lat="45.4861037" lon="15.09118851">
        <ele>388.0</ele>
        <time>2022-08-16T19:13:52.024Z</time>
    </trkpt>
    <trkpt lat="45.48611061" lon="15.0911855">
        <ele>388.0</ele>
        <time>2022-08-16T19:13:53.024Z</time>
    </trkpt>
    <trkpt lat="45.48609288" lon="15.09114761">
        <ele>387.0</ele>
        <time>2022-08-16T19:14:00.024Z</time>
    </trkpt>
    <trkpt lat="45.48609997" lon="15.09117929">
        <ele>387.0</ele>
        <time>2022-08-16T19:14:11.024Z</time>
    </trkpt>
    <trkpt lat="45.48608739" lon="15.09119178">
        <ele>388.0</ele>
        <time>2022-08-16T19:14:13.024Z</time>
    </trkpt>
    <trkpt lat="45.48607641" lon="15.09121617">
        <ele>388.0</ele>
        <time>2022-08-16T19:14:15.024Z</time>
    </trkpt>
    <trkpt lat="45.48607654" lon="15.09128759">
        <ele>388.0</ele>
        <time>2022-08-16T19:14:20.024Z</time>
    </trkpt>
    <trkpt lat="45.48605487" lon="15.09136244">
        <ele>389.0</ele>
        <time>2022-08-16T19:14:26.024Z</time>
    </trkpt>
    <trkpt lat="45.48604636" lon="15.09141608">
        <ele>388.0</ele>
        <time>2022-08-16T19:14:30.024Z</time>
    </trkpt>
    <trkpt lat="45.48601703" lon="15.09149227">
        <ele>388.0</ele>
        <time>2022-08-16T19:14:36.024Z</time>
    </trkpt>
    <trkpt lat="45.48602009" lon="15.09149998">
        <ele>388.0</ele>
        <time>2022-08-16T19:14:37.024Z</time>
    </trkpt>
    <trkpt lat="45.48601015" lon="15.09150325">
        <ele>388.0</ele>
        <time>2022-08-16T19:14:48.024Z</time>
    </trkpt>
    <trkpt lat="45.4860115" lon="15.0914833">
        <ele>388.0</ele>
        <time>2022-08-16T19:15:01.024Z</time>
    </trkpt>
    <trkpt lat="45.48601753" lon="15.09148112">
        <ele>388.0</ele>
        <time>2022-08-16T19:15:41.024Z</time>
    </trkpt>
    <trkpt lat="45.48601259" lon="15.09149026">
        <ele>389.0</ele>
        <time>2022-08-16T19:15:42.024Z</time>
    </trkpt>
    <trkpt lat="45.48600743" lon="15.09148741">
        <ele>390.0</ele>
        <time>2022-08-16T19:15:43.024Z</time>
    </trkpt>
    <trkpt lat="45.48600785" lon="15.0915149">
        <ele>391.0</ele>
        <time>2022-08-16T19:15:58.024Z</time>
    </trkpt>
    <trkpt lat="45.48600144" lon="15.09152505">
        <ele>393.0</ele>
        <time>2022-08-16T19:16:37.024Z</time>
    </trkpt>
    <trkpt lat="45.48599293" lon="15.09152429">
        <ele>393.0</ele>
        <time>2022-08-16T19:16:39.024Z</time>
    </trkpt>
    <trkpt lat="45.48597973" lon="15.09153561">
        <ele>393.0</ele>
        <time>2022-08-16T19:16:41.024Z</time>
    </trkpt>
    <trkpt lat="45.48597583" lon="15.09154248">
        <ele>394.0</ele>
        <time>2022-08-16T19:16:42.024Z</time>
    </trkpt>
    <trkpt lat="45.48598107" lon="15.09154835">
        <ele>395.0</ele>
        <time>2022-08-16T19:17:23.024Z</time>
    </trkpt>
    <trkpt lat="45.48597679" lon="15.09155883">
        <ele>395.0</ele>
        <time>2022-08-16T19:17:27.024Z</time>
    </trkpt>
    <trkpt lat="45.48598048" lon="15.09156545">
        <ele>396.0</ele>
        <time>2022-08-16T19:17:34.024Z</time>
    </trkpt>
    <trkpt lat="45.48597596" lon="15.09156461">
        <ele>397.0</ele>
        <time>2022-08-16T19:17:36.024Z</time>
    </trkpt>
    <trkpt lat="45.48596887" lon="15.09154868">
        <ele>397.0</ele>
        <time>2022-08-16T19:17:39.024Z</time>
    </trkpt>
    <trkpt lat="45.48597218" lon="15.09153712">
        <ele>397.0</ele>
        <time>2022-08-16T19:17:41.024Z</time>
    </trkpt>
    <trkpt lat="45.48596871" lon="15.09151977">
        <ele>396.0</ele>
        <time>2022-08-16T19:17:43.024Z</time>
    </trkpt>
    <trkpt lat="45.48596037" lon="15.09150091">
        <ele>396.0</ele>
        <time>2022-08-16T19:17:45.024Z</time>
    </trkpt>
    <trkpt lat="45.48595224" lon="15.09149303">
        <ele>396.0</ele>
        <time>2022-08-16T19:17:47.024Z</time>
    </trkpt>
    <trkpt lat="45.48595144" lon="15.09147786">
        <ele>396.0</ele>
        <time>2022-08-16T19:17:50.024Z</time>
    </trkpt>
    <trkpt lat="45.48595605" lon="15.09147945">
        <ele>397.0</ele>
        <time>2022-08-16T19:17:51.024Z</time>
    </trkpt>
    <trkpt lat="45.48595592" lon="15.09148867">
        <ele>396.0</ele>
        <time>2022-08-16T19:17:56.024Z</time>
    </trkpt>
    <trkpt lat="45.4859532" lon="15.09148858">
        <ele>397.0</ele>
        <time>2022-08-16T19:18:08.024Z</time>
    </trkpt>
    <trkpt lat="45.48595592" lon="15.09149395">
        <ele>397.0</ele>
        <time>2022-08-16T19:18:12.024Z</time>
    </trkpt>
    <trkpt lat="45.48595882" lon="15.09149814">
        <ele>397.0</ele>
        <time>2022-08-16T19:18:15.024Z</time>
    </trkpt>
    <trkpt lat="45.48596296" lon="15.09149705">
        <ele>396.0</ele>
        <time>2022-08-16T19:18:17.024Z</time>
    </trkpt>
    <trkpt lat="45.48596175" lon="15.09149261">
        <ele>396.0</ele>
        <time>2022-08-16T19:18:37.024Z</time>
    </trkpt>
    <trkpt lat="45.48596108" lon="15.0914973">
        <ele>396.0</ele>
        <time>2022-08-16T19:18:38.024Z</time>
    </trkpt>
    <trkpt lat="45.48595048" lon="15.09149906">
        <ele>395.0</ele>
        <time>2022-08-16T19:18:43.024Z</time>
    </trkpt>
    <trkpt lat="45.48595081" lon="15.0914937">
        <ele>394.0</ele>
        <time>2022-08-16T19:18:45.024Z</time>
    </trkpt>
    <trkpt lat="45.48596975" lon="15.09151331">
        <ele>392.0</ele>
        <time>2022-08-16T19:18:50.024Z</time>
    </trkpt>
    <trkpt lat="45.48600215" lon="15.09150309">
        <ele>392.0</ele>
        <time>2022-08-16T19:18:56.024Z</time>
    </trkpt>
    <trkpt lat="45.48600165" lon="15.09148297">
        <ele>393.0</ele>
        <time>2022-08-16T19:18:58.024Z</time>
    </trkpt>
    <trkpt lat="45.48601774" lon="15.09145455">
        <ele>392.0</ele>
        <time>2022-08-16T19:19:02.024Z</time>
    </trkpt>
    <trkpt lat="45.48601841" lon="15.09143779">
        <ele>392.0</ele>
        <time>2022-08-16T19:19:05.024Z</time>
    </trkpt>
    <trkpt lat="45.48602751" lon="15.09141558">
        <ele>393.0</ele>
        <time>2022-08-16T19:19:08.024Z</time>
    </trkpt>
    <trkpt lat="45.48604276" lon="15.09139094">
        <ele>392.0</ele>
        <time>2022-08-16T19:19:13.024Z</time>
    </trkpt>
    <trkpt lat="45.48605114" lon="15.09130754">
        <ele>392.0</ele>
        <time>2022-08-16T19:19:22.024Z</time>
    </trkpt>
    <trkpt lat="45.48603036" lon="15.09125473">
        <ele>391.0</ele>
        <time>2022-08-16T19:19:27.024Z</time>
    </trkpt>
    <trkpt lat="45.48602612" lon="15.09122045">
        <ele>391.0</ele>
        <time>2022-08-16T19:19:30.024Z</time>
    </trkpt>
    <trkpt lat="45.48603505" lon="15.09119857">
        <ele>390.0</ele>
        <time>2022-08-16T19:19:32.024Z</time>
    </trkpt>
    <trkpt lat="45.48603807" lon="15.09117552">
        <ele>389.0</ele>
        <time>2022-08-16T19:19:39.024Z</time>
    </trkpt>
    <trkpt lat="45.48605429" lon="15.09116236">
        <ele>390.0</ele>
        <time>2022-08-16T19:19:40.024Z</time>
    </trkpt>
    <trkpt lat="45.48605961" lon="15.09115289">
        <ele>390.0</ele>
        <time>2022-08-16T19:19:41.024Z</time>
    </trkpt>
    <trkpt lat="45.48605722" lon="15.09113638">
        <ele>390.0</ele>
        <time>2022-08-16T19:19:43.024Z</time>
    </trkpt>
    <trkpt lat="45.48604645" lon="15.09112221">
        <ele>390.0</ele>
        <time>2022-08-16T19:19:46.024Z</time>
    </trkpt>
    <trkpt lat="45.48603656" lon="15.09109799">
        <ele>390.0</ele>
        <time>2022-08-16T19:19:49.024Z</time>
    </trkpt>
    <trkpt lat="45.48603815" lon="15.09108441">
        <ele>390.0</ele>
        <time>2022-08-16T19:19:50.024Z</time>
    </trkpt>
    <trkpt lat="45.48603459" lon="15.0910736">
        <ele>390.0</ele>
        <time>2022-08-16T19:19:51.024Z</time>
    </trkpt>
    <trkpt lat="45.48602046" lon="15.09104711">
        <ele>390.0</ele>
        <time>2022-08-16T19:19:54.024Z</time>
    </trkpt>
    <trkpt lat="45.48602742" lon="15.09102196">
        <ele>390.0</ele>
        <time>2022-08-16T19:19:58.024Z</time>
    </trkpt>
    <trkpt lat="45.48602583" lon="15.09100922">
        <ele>390.0</ele>
        <time>2022-08-16T19:19:59.024Z</time>
    </trkpt>
    <trkpt lat="45.48600651" lon="15.09096044">
        <ele>390.0</ele>
        <time>2022-08-16T19:20:05.024Z</time>
    </trkpt>
    <trkpt lat="45.48601745" lon="15.09094368">
        <ele>390.0</ele>
        <time>2022-08-16T19:20:08.024Z</time>
    </trkpt>
    <trkpt lat="45.48600144" lon="15.09090948">
        <ele>390.0</ele>
        <time>2022-08-16T19:20:11.024Z</time>
    </trkpt>
    <trkpt lat="45.48597927" lon="15.09082843">
        <ele>388.0</ele>
        <time>2022-08-16T19:20:17.024Z</time>
    </trkpt>
    <trkpt lat="45.48596405" lon="15.09079163">
        <ele>388.0</ele>
        <time>2022-08-16T19:20:19.024Z</time>
    </trkpt>
    <trkpt lat="45.48594675" lon="15.09076405">
        <ele>387.0</ele>
        <time>2022-08-16T19:20:22.024Z</time>
    </trkpt>
    <trkpt lat="45.48591007" lon="15.09066104">
        <ele>386.0</ele>
        <time>2022-08-16T19:20:30.024Z</time>
    </trkpt>
    <trkpt lat="45.48592206" lon="15.0905872">
        <ele>385.0</ele>
        <time>2022-08-16T19:20:35.024Z</time>
    </trkpt>
    <trkpt lat="45.48591523" lon="15.09055241">
        <ele>385.0</ele>
        <time>2022-08-16T19:20:37.024Z</time>
    </trkpt>
    <trkpt lat="45.48592076" lon="15.09053112">
        <ele>385.0</ele>
        <time>2022-08-16T19:20:39.024Z</time>
    </trkpt>
    <trkpt lat="45.48591213" lon="15.09046717">
        <ele>385.0</ele>
        <time>2022-08-16T19:20:43.024Z</time>
    </trkpt>
    <trkpt lat="45.48590664" lon="15.0903183">
        <ele>385.0</ele>
        <time>2022-08-16T19:20:53.024Z</time>
    </trkpt>
    <trkpt lat="45.4859141" lon="15.09028553">
        <ele>384.0</ele>
        <time>2022-08-16T19:20:55.024Z</time>
    </trkpt>
    <trkpt lat="45.48591879" lon="15.09023231">
        <ele>385.0</ele>
        <time>2022-08-16T19:20:59.024Z</time>
    </trkpt>
    <trkpt lat="45.48592973" lon="15.09019031">
        <ele>385.0</ele>
        <time>2022-08-16T19:21:02.024Z</time>
    </trkpt>
    <trkpt lat="45.48593702" lon="15.090179">
        <ele>386.0</ele>
        <time>2022-08-16T19:21:03.024Z</time>
    </trkpt>
    <trkpt lat="45.48595249" lon="15.09017137">
        <ele>386.0</ele>
        <time>2022-08-16T19:21:04.024Z</time>
    </trkpt>
    <trkpt lat="45.48597788" lon="15.09016818">
        <ele>386.0</ele>
        <time>2022-08-16T19:21:06.024Z</time>
    </trkpt>
    <trkpt lat="45.48597072" lon="15.09014505">
        <ele>386.0</ele>
        <time>2022-08-16T19:21:09.024Z</time>
    </trkpt>
    <trkpt lat="45.48597449" lon="15.09011764">
        <ele>387.0</ele>
        <time>2022-08-16T19:21:12.024Z</time>
    </trkpt>
    <trkpt lat="45.48594913" lon="15.08999091">
        <ele>388.0</ele>
        <time>2022-08-16T19:21:21.024Z</time>
    </trkpt>
    <trkpt lat="45.48595173" lon="15.08997465">
        <ele>388.0</ele>
        <time>2022-08-16T19:21:23.024Z</time>
    </trkpt>
    <trkpt lat="45.48594302" lon="15.08992595">
        <ele>387.0</ele>
        <time>2022-08-16T19:21:26.024Z</time>
    </trkpt>
    <trkpt lat="45.48594654" lon="15.08988479">
        <ele>388.0</ele>
        <time>2022-08-16T19:21:29.024Z</time>
    </trkpt>
    <trkpt lat="45.4859395" lon="15.08982754">
        <ele>389.0</ele>
        <time>2022-08-16T19:21:31.024Z</time>
    </trkpt>
    <trkpt lat="45.48595035" lon="15.08981153">
        <ele>389.0</ele>
        <time>2022-08-16T19:21:33.024Z</time>
    </trkpt>
    <trkpt lat="45.48596921" lon="15.08975286">
        <ele>389.0</ele>
        <time>2022-08-16T19:21:39.024Z</time>
    </trkpt>
    <trkpt lat="45.48596276" lon="15.08969352">
        <ele>389.0</ele>
        <time>2022-08-16T19:21:44.024Z</time>
    </trkpt>
    <trkpt lat="45.48595726" lon="15.08967902">
        <ele>389.0</ele>
        <time>2022-08-16T19:21:46.024Z</time>
    </trkpt>
    <trkpt lat="45.48595219" lon="15.08967809">
        <ele>388.0</ele>
        <time>2022-08-16T19:21:48.024Z</time>
    </trkpt>
    <trkpt lat="45.48595471" lon="15.08967424">
        <ele>389.0</ele>
        <time>2022-08-16T19:21:49.024Z</time>
    </trkpt>
    <trkpt lat="45.48592328" lon="15.08965605">
        <ele>388.0</ele>
        <time>2022-08-16T19:21:52.024Z</time>
    </trkpt>
    <trkpt lat="45.48590035" lon="15.0896537">
        <ele>389.0</ele>
        <time>2022-08-16T19:21:55.024Z</time>
    </trkpt>
    <trkpt lat="45.48587236" lon="15.08964281">
        <ele>388.0</ele>
        <time>2022-08-16T19:21:58.024Z</time>
    </trkpt>
    <trkpt lat="45.48583401" lon="15.08964876">
        <ele>389.0</ele>
        <time>2022-08-16T19:22:01.024Z</time>
    </trkpt>
    <trkpt lat="45.48580945" lon="15.08964817">
        <ele>390.0</ele>
        <time>2022-08-16T19:22:04.024Z</time>
    </trkpt>
    <trkpt lat="45.4857916" lon="15.08964079">
        <ele>390.0</ele>
        <time>2022-08-16T19:22:05.024Z</time>
    </trkpt>
    <trkpt lat="45.48577663" lon="15.08964566">
        <ele>391.0</ele>
        <time>2022-08-16T19:22:07.024Z</time>
    </trkpt>
    <trkpt lat="45.48574101" lon="15.08966887">
        <ele>391.0</ele>
        <time>2022-08-16T19:22:11.024Z</time>
    </trkpt>
    <trkpt lat="45.48570878" lon="15.08967047">
        <ele>392.0</ele>
        <time>2022-08-16T19:22:14.024Z</time>
    </trkpt>
    <trkpt lat="45.48565606" lon="15.08968882">
        <ele>393.0</ele>
        <time>2022-08-16T19:22:19.024Z</time>
    </trkpt>
    <trkpt lat="45.48560321" lon="15.08973568">
        <ele>393.0</ele>
        <time>2022-08-16T19:22:27.024Z</time>
    </trkpt>
    <trkpt lat="45.48556273" lon="15.0897475">
        <ele>393.0</ele>
        <time>2022-08-16T19:22:32.024Z</time>
    </trkpt>
    <trkpt lat="45.48554944" lon="15.08976334">
        <ele>393.0</ele>
        <time>2022-08-16T19:22:35.024Z</time>
    </trkpt>
    <trkpt lat="45.48551734" lon="15.08977138">
        <ele>392.0</ele>
        <time>2022-08-16T19:22:39.024Z</time>
    </trkpt>
    <trkpt lat="45.48545682" lon="15.08977247">
        <ele>392.0</ele>
        <time>2022-08-16T19:22:46.024Z</time>
    </trkpt>
    <trkpt lat="45.48543767" lon="15.08977985">
        <ele>392.0</ele>
        <time>2022-08-16T19:22:48.024Z</time>
    </trkpt>
    <trkpt lat="45.48541558" lon="15.08977943">
        <ele>392.0</ele>
        <time>2022-08-16T19:22:52.024Z</time>
    </trkpt>
    <trkpt lat="45.48540708" lon="15.08978957">
        <ele>392.0</ele>
        <time>2022-08-16T19:22:55.024Z</time>
    </trkpt>
    <trkpt lat="45.48537577" lon="15.08978857">
        <ele>392.0</ele>
        <time>2022-08-16T19:22:58.024Z</time>
    </trkpt>
    <trkpt lat="45.48536571" lon="15.08979888">
        <ele>392.0</ele>
        <time>2022-08-16T19:22:59.024Z</time>
    </trkpt>
    <trkpt lat="45.48534404" lon="15.08980709">
        <ele>392.0</ele>
        <time>2022-08-16T19:23:01.024Z</time>
    </trkpt>
    <trkpt lat="45.48534241" lon="15.0898164">
        <ele>392.0</ele>
        <time>2022-08-16T19:23:02.024Z</time>
    </trkpt>
    <trkpt lat="45.48529882" lon="15.08986501">
        <ele>391.0</ele>
        <time>2022-08-16T19:23:07.024Z</time>
    </trkpt>
    <trkpt lat="45.48527858" lon="15.08989435">
        <ele>391.0</ele>
        <time>2022-08-16T19:23:10.024Z</time>
    </trkpt>
    <trkpt lat="45.48523747" lon="15.08992402">
        <ele>391.0</ele>
        <time>2022-08-16T19:23:14.024Z</time>
    </trkpt>
    <trkpt lat="45.48522226" lon="15.08992611">
        <ele>391.0</ele>
        <time>2022-08-16T19:23:15.024Z</time>
    </trkpt>
    <trkpt lat="45.48519015" lon="15.08994464">
        <ele>391.0</ele>
        <time>2022-08-16T19:23:18.024Z</time>
    </trkpt>
    <trkpt lat="45.4851731" lon="15.08996174">
        <ele>392.0</ele>
        <time>2022-08-16T19:23:20.024Z</time>
    </trkpt>
    <trkpt lat="45.48515143" lon="15.08997297">
        <ele>391.0</ele>
        <time>2022-08-16T19:23:22.024Z</time>
    </trkpt>
    <trkpt lat="45.48513466" lon="15.08998764">
        <ele>391.0</ele>
        <time>2022-08-16T19:23:24.024Z</time>
    </trkpt>
    <trkpt lat="45.48509825" lon="15.08998957">
        <ele>391.0</ele>
        <time>2022-08-16T19:23:27.024Z</time>
    </trkpt>
    <trkpt lat="45.48507934" lon="15.0899785">
        <ele>391.0</ele>
        <time>2022-08-16T19:23:30.024Z</time>
    </trkpt>
    <trkpt lat="45.48504611" lon="15.0899723">
        <ele>391.0</ele>
        <time>2022-08-16T19:23:34.024Z</time>
    </trkpt>
    <trkpt lat="45.48502889" lon="15.08997557">
        <ele>391.0</ele>
        <time>2022-08-16T19:23:36.024Z</time>
    </trkpt>
    <trkpt lat="45.48501082" lon="15.08996459">
        <ele>391.0</ele>
        <time>2022-08-16T19:23:40.024Z</time>
    </trkpt>
    <trkpt lat="45.48500211" lon="15.0899723">
        <ele>391.0</ele>
        <time>2022-08-16T19:23:42.024Z</time>
    </trkpt>
    <trkpt lat="45.48499515" lon="15.08997129">
        <ele>391.0</ele>
        <time>2022-08-16T19:23:43.024Z</time>
    </trkpt>
    <trkpt lat="45.4849775" lon="15.08995922">
        <ele>390.0</ele>
        <time>2022-08-16T19:23:48.024Z</time>
    </trkpt>
    <trkpt lat="45.48495181" lon="15.08995813">
        <ele>390.0</ele>
        <time>2022-08-16T19:23:53.024Z</time>
    </trkpt>
    <trkpt lat="45.48492088" lon="15.08998739">
        <ele>390.0</ele>
        <time>2022-08-16T19:23:59.024Z</time>
    </trkpt>
    <trkpt lat="45.48488715" lon="15.08997205">
        <ele>390.0</ele>
        <time>2022-08-16T19:24:03.024Z</time>
    </trkpt>
    <trkpt lat="45.48488153" lon="15.0899645">
        <ele>390.0</ele>
        <time>2022-08-16T19:24:04.024Z</time>
    </trkpt>
    <trkpt lat="45.4848413" lon="15.08994363">
        <ele>389.0</ele>
        <time>2022-08-16T19:24:10.024Z</time>
    </trkpt>
    <trkpt lat="45.4848322" lon="15.08994129">
        <ele>388.0</ele>
        <time>2022-08-16T19:24:11.024Z</time>
    </trkpt>
    <trkpt lat="45.48480429" lon="15.08995109">
        <ele>388.0</ele>
        <time>2022-08-16T19:24:13.024Z</time>
    </trkpt>
    <trkpt lat="45.48478334" lon="15.08995067">
        <ele>388.0</ele>
        <time>2022-08-16T19:24:15.024Z</time>
    </trkpt>
    <trkpt lat="45.48476238" lon="15.08992628">
        <ele>388.0</ele>
        <time>2022-08-16T19:24:17.024Z</time>
    </trkpt>
    <trkpt lat="45.48474922" lon="15.08992075">
        <ele>388.0</ele>
        <time>2022-08-16T19:24:18.024Z</time>
    </trkpt>
    <trkpt lat="45.48475681" lon="15.08992427">
        <ele>389.0</ele>
        <time>2022-08-16T19:24:19.024Z</time>
    </trkpt>
    <trkpt lat="45.48474046" lon="15.08990516">
        <ele>389.0</ele>
        <time>2022-08-16T19:24:22.024Z</time>
    </trkpt>
    <trkpt lat="45.48472487" lon="15.0899039">
        <ele>389.0</ele>
        <time>2022-08-16T19:24:25.024Z</time>
    </trkpt>
    <trkpt lat="45.48471641" lon="15.08989887">
        <ele>389.0</ele>
        <time>2022-08-16T19:24:27.024Z</time>
    </trkpt>
    <trkpt lat="45.48470526" lon="15.08988001">
        <ele>389.0</ele>
        <time>2022-08-16T19:24:30.024Z</time>
    </trkpt>
    <trkpt lat="45.48465799" lon="15.08985269">
        <ele>388.0</ele>
        <time>2022-08-16T19:24:36.024Z</time>
    </trkpt>
    <trkpt lat="45.48461344" lon="15.0898065">
        <ele>388.0</ele>
        <time>2022-08-16T19:24:42.024Z</time>
    </trkpt>
    <trkpt lat="45.48458385" lon="15.08975194">
        <ele>388.0</ele>
        <time>2022-08-16T19:24:47.024Z</time>
    </trkpt>
    <trkpt lat="45.48454621" lon="15.08971229">
        <ele>389.0</ele>
        <time>2022-08-16T19:24:53.024Z</time>
    </trkpt>
    <trkpt lat="45.48454538" lon="15.08970031">
        <ele>389.0</ele>
        <time>2022-08-16T19:24:54.024Z</time>
    </trkpt>
    <trkpt lat="45.48452002" lon="15.08966401">
        <ele>389.0</ele>
        <time>2022-08-16T19:24:58.024Z</time>
    </trkpt>
    <trkpt lat="45.48449492" lon="15.08961649">
        <ele>391.0</ele>
        <time>2022-08-16T19:25:00.024Z</time>
    </trkpt>
    <trkpt lat="45.48447275" lon="15.08960316">
        <ele>391.0</ele>
        <time>2022-08-16T19:25:04.024Z</time>
    </trkpt>
    <trkpt lat="45.48445933" lon="15.08960106">
        <ele>391.0</ele>
        <time>2022-08-16T19:25:06.024Z</time>
    </trkpt>
    <trkpt lat="45.48445439" lon="15.08960534">
        <ele>391.0</ele>
        <time>2022-08-16T19:25:08.024Z</time>
    </trkpt>
    <trkpt lat="45.48444957" lon="15.08960224">
        <ele>391.0</ele>
        <time>2022-08-16T19:25:09.024Z</time>
    </trkpt>
    <trkpt lat="45.48443507" lon="15.08959">
        <ele>391.0</ele>
        <time>2022-08-16T19:25:12.024Z</time>
    </trkpt>
    <trkpt lat="45.48440573" lon="15.08954306">
        <ele>392.0</ele>
        <time>2022-08-16T19:25:17.024Z</time>
    </trkpt>
    <trkpt lat="45.48439555" lon="15.08950367">
        <ele>393.0</ele>
        <time>2022-08-16T19:25:21.024Z</time>
    </trkpt>
    <trkpt lat="45.48439978" lon="15.08947995">
        <ele>393.0</ele>
        <time>2022-08-16T19:25:23.024Z</time>
    </trkpt>
    <trkpt lat="45.48439576" lon="15.08946125">
        <ele>393.0</ele>
        <time>2022-08-16T19:25:25.024Z</time>
    </trkpt>
    <trkpt lat="45.48437656" lon="15.08943284">
        <ele>394.0</ele>
        <time>2022-08-16T19:25:28.024Z</time>
    </trkpt>
    <trkpt lat="45.48436604" lon="15.0893994">
        <ele>394.0</ele>
        <time>2022-08-16T19:25:32.024Z</time>
    </trkpt>
    <trkpt lat="45.48437049" lon="15.08935891">
        <ele>394.0</ele>
        <time>2022-08-16T19:25:35.024Z</time>
    </trkpt>
    <trkpt lat="45.48436915" lon="15.08932966">
        <ele>394.0</ele>
        <time>2022-08-16T19:25:37.024Z</time>
    </trkpt>
    <trkpt lat="45.48435045" lon="15.089288">
        <ele>393.0</ele>
        <time>2022-08-16T19:25:40.024Z</time>
    </trkpt>
    <trkpt lat="45.48433868" lon="15.08924793">
        <ele>394.0</ele>
        <time>2022-08-16T19:25:43.024Z</time>
    </trkpt>
    <trkpt lat="45.48432866" lon="15.08918951">
        <ele>395.0</ele>
        <time>2022-08-16T19:25:48.024Z</time>
    </trkpt>
    <trkpt lat="45.48432217" lon="15.08917124">
        <ele>395.0</ele>
        <time>2022-08-16T19:25:50.024Z</time>
    </trkpt>
    <trkpt lat="45.48430473" lon="15.08914735">
        <ele>394.0</ele>
        <time>2022-08-16T19:25:52.024Z</time>
    </trkpt>
    <trkpt lat="45.4842966" lon="15.08913771">
        <ele>394.0</ele>
        <time>2022-08-16T19:25:53.024Z</time>
    </trkpt>
    <trkpt lat="45.4842935" lon="15.08913998">
        <ele>394.0</ele>
        <time>2022-08-16T19:25:54.024Z</time>
    </trkpt>
    <trkpt lat="45.48428725" lon="15.08912816">
        <ele>393.0</ele>
        <time>2022-08-16T19:25:56.024Z</time>
    </trkpt>
    <trkpt lat="45.48428658" lon="15.08913126">
        <ele>393.0</ele>
        <time>2022-08-16T19:25:57.024Z</time>
    </trkpt>
    <trkpt lat="45.48428223" lon="15.08912908">
        <ele>393.0</ele>
        <time>2022-08-16T19:25:58.024Z</time>
    </trkpt>
    <trkpt lat="45.48428097" lon="15.08912564">
        <ele>393.0</ele>
        <time>2022-08-16T19:25:59.024Z</time>
    </trkpt>
    <trkpt lat="45.48428943" lon="15.08911894">
        <ele>393.0</ele>
        <time>2022-08-16T19:26:02.024Z</time>
    </trkpt>
    <trkpt lat="45.48429086" lon="15.08910829">
        <ele>394.0</ele>
        <time>2022-08-16T19:26:06.024Z</time>
    </trkpt>
    <trkpt lat="45.48428281" lon="15.08909421">
        <ele>394.0</ele>
        <time>2022-08-16T19:26:08.024Z</time>
    </trkpt>
    <trkpt lat="45.48427254" lon="15.08908667">
        <ele>393.0</ele>
        <time>2022-08-16T19:26:12.024Z</time>
    </trkpt>
    <trkpt lat="45.48425209" lon="15.08905557">
        <ele>395.0</ele>
        <time>2022-08-16T19:26:27.024Z</time>
    </trkpt>
    <trkpt lat="45.48424887" lon="15.0890611">
        <ele>395.0</ele>
        <time>2022-08-16T19:26:31.024Z</time>
    </trkpt>
    <trkpt lat="45.48424346" lon="15.08905884">
        <ele>395.0</ele>
        <time>2022-08-16T19:26:34.024Z</time>
    </trkpt>
    <trkpt lat="45.48421341" lon="15.0889751">
        <ele>400.0</ele>
        <time>2022-08-16T19:26:51.024Z</time>
    </trkpt>
    <trkpt lat="45.48422133" lon="15.08897502">
        <ele>400.0</ele>
        <time>2022-08-16T19:26:54.024Z</time>
    </trkpt>
    <trkpt lat="45.48422175" lon="15.08898139">
        <ele>400.0</ele>
        <time>2022-08-16T19:26:57.024Z</time>
    </trkpt>
    <trkpt lat="45.48420721" lon="15.08900511">
        <ele>401.0</ele>
        <time>2022-08-16T19:27:07.024Z</time>
    </trkpt>
    <trkpt lat="45.48420188" lon="15.08900771">
        <ele>401.0</ele>
        <time>2022-08-16T19:27:19.024Z</time>
    </trkpt>
    <trkpt lat="45.48419862" lon="15.08899673">
        <ele>401.0</ele>
        <time>2022-08-16T19:28:40.024Z</time>
    </trkpt>
    <trkpt lat="45.4842026" lon="15.08899455">
        <ele>402.0</ele>
        <time>2022-08-16T19:28:42.024Z</time>
    </trkpt>
    <trkpt lat="45.48420222" lon="15.08898801">
        <ele>402.0</ele>
        <time>2022-08-16T19:28:45.024Z</time>
    </trkpt>
    <trkpt lat="45.4842109" lon="15.08899078">
        <ele>403.0</ele>
        <time>2022-08-16T19:28:48.024Z</time>
    </trkpt>
    <trkpt lat="45.48421127" lon="15.08898726">
        <ele>402.0</ele>
        <time>2022-08-16T19:28:49.024Z</time>
    </trkpt>
    <trkpt lat="45.48421823" lon="15.0889881">
        <ele>403.0</ele>
        <time>2022-08-16T19:28:51.024Z</time>
    </trkpt>
    <trkpt lat="45.48421651" lon="15.08898315">
        <ele>403.0</ele>
        <time>2022-08-16T19:28:52.024Z</time>
    </trkpt>
    <trkpt lat="45.48421148" lon="15.08898441">
        <ele>403.0</ele>
        <time>2022-08-16T19:28:53.024Z</time>
    </trkpt>
    <trkpt lat="45.4842067" lon="15.08897376">
        <ele>403.0</ele>
        <time>2022-08-16T19:29:17.024Z</time>
    </trkpt>
    <trkpt lat="45.48420729" lon="15.08898474">
        <ele>403.0</ele>
        <time>2022-08-16T19:29:18.024Z</time>
    </trkpt>
    <trkpt lat="45.48420503" lon="15.08897217">
        <ele>403.0</ele>
        <time>2022-08-16T19:29:24.024Z</time>
    </trkpt>
    <trkpt lat="45.48421559" lon="15.08896002">
        <ele>402.0</ele>
        <time>2022-08-16T19:29:30.024Z</time>
    </trkpt>
    <trkpt lat="45.48419795" lon="15.0889523">
        <ele>404.0</ele>
        <time>2022-08-16T19:29:39.024Z</time>
    </trkpt>
    <trkpt lat="45.48420381" lon="15.08896052">
        <ele>405.0</ele>
        <time>2022-08-16T19:29:44.024Z</time>
    </trkpt>
    <trkpt lat="45.48420624" lon="15.08895868">
        <ele>406.0</ele>
        <time>2022-08-16T19:29:46.024Z</time>
    </trkpt>
    <trkpt lat="45.48420218" lon="15.08896773">
        <ele>405.0</ele>
        <time>2022-08-16T19:29:49.024Z</time>
    </trkpt>
    <trkpt lat="45.48420662" lon="15.08896982">
        <ele>405.0</ele>
        <time>2022-08-16T19:29:50.024Z</time>
    </trkpt>
    <trkpt lat="45.48421618" lon="15.08896563">
        <ele>405.0</ele>
        <time>2022-08-16T19:29:56.024Z</time>
    </trkpt>
    <trkpt lat="45.48421194" lon="15.08896546">
        <ele>405.0</ele>
        <time>2022-08-16T19:29:57.024Z</time>
    </trkpt>
    <trkpt lat="45.48420842" lon="15.08895834">
        <ele>405.0</ele>
        <time>2022-08-16T19:29:59.024Z</time>
    </trkpt>
    <trkpt lat="45.48422087" lon="15.08895163">
        <ele>406.0</ele>
        <time>2022-08-16T19:30:03.024Z</time>
    </trkpt>
    <trkpt lat="45.48421961" lon="15.08895599">
        <ele>406.0</ele>
        <time>2022-08-16T19:30:04.024Z</time>
    </trkpt>
    <trkpt lat="45.48422774" lon="15.08895809">
        <ele>406.0</ele>
        <time>2022-08-16T19:30:06.024Z</time>
    </trkpt>
    <trkpt lat="45.48422799" lon="15.08895256">
        <ele>405.0</ele>
        <time>2022-08-16T19:30:08.024Z</time>
    </trkpt>
    <trkpt lat="45.4842386" lon="15.08897812">
        <ele>405.0</ele>
        <time>2022-08-16T19:30:15.024Z</time>
    </trkpt>
    <trkpt lat="45.48423034" lon="15.08904467">
        <ele>404.0</ele>
        <time>2022-08-16T19:30:24.024Z</time>
    </trkpt>
    <trkpt lat="45.4842396" lon="15.08905591">
        <ele>404.0</ele>
        <time>2022-08-16T19:30:26.024Z</time>
    </trkpt>
    <trkpt lat="45.48423483" lon="15.08908097">
        <ele>404.0</ele>
        <time>2022-08-16T19:30:31.024Z</time>
    </trkpt>
    <trkpt lat="45.48424551" lon="15.0891264">
        <ele>404.0</ele>
        <time>2022-08-16T19:30:35.024Z</time>
    </trkpt>
    <trkpt lat="45.48426609" lon="15.08917836">
        <ele>404.0</ele>
        <time>2022-08-16T19:30:39.024Z</time>
    </trkpt>
    <trkpt lat="45.48426228" lon="15.08919236">
        <ele>404.0</ele>
        <time>2022-08-16T19:30:40.024Z</time>
    </trkpt>
    <trkpt lat="45.48426236" lon="15.08922304">
        <ele>404.0</ele>
        <time>2022-08-16T19:30:42.024Z</time>
    </trkpt>
    <trkpt lat="45.48426701" lon="15.08925187">
        <ele>403.0</ele>
        <time>2022-08-16T19:30:44.024Z</time>
    </trkpt>
    <trkpt lat="45.48426198" lon="15.08929345">
        <ele>403.0</ele>
        <time>2022-08-16T19:30:49.024Z</time>
    </trkpt>
    <trkpt lat="45.48427858" lon="15.08931683">
        <ele>402.0</ele>
        <time>2022-08-16T19:30:52.024Z</time>
    </trkpt>
    <trkpt lat="45.48428508" lon="15.08931533">
        <ele>402.0</ele>
        <time>2022-08-16T19:30:53.024Z</time>
    </trkpt>
    <trkpt lat="45.48430486" lon="15.08932865">
        <ele>402.0</ele>
        <time>2022-08-16T19:30:56.024Z</time>
    </trkpt>
    <trkpt lat="45.48433956" lon="15.08943385">
        <ele>402.0</ele>
        <time>2022-08-16T19:31:05.024Z</time>
    </trkpt>
    <trkpt lat="45.48435121" lon="15.08944105">
        <ele>402.0</ele>
        <time>2022-08-16T19:31:06.024Z</time>
    </trkpt>
    <trkpt lat="45.48436885" lon="15.08946544">
        <ele>403.0</ele>
        <time>2022-08-16T19:31:10.024Z</time>
    </trkpt>
    <trkpt lat="45.48439215" lon="15.08948238">
        <ele>403.0</ele>
        <time>2022-08-16T19:31:13.024Z</time>
    </trkpt>
    <trkpt lat="45.48443067" lon="15.08949948">
        <ele>402.0</ele>
        <time>2022-08-16T19:31:17.024Z</time>
    </trkpt>
    <trkpt lat="45.48444286" lon="15.08951037">
        <ele>402.0</ele>
        <time>2022-08-16T19:31:18.024Z</time>
    </trkpt>
    <trkpt lat="45.48448004" lon="15.08952445">
        <ele>402.0</ele>
        <time>2022-08-16T19:31:21.024Z</time>
    </trkpt>
    <trkpt lat="45.48449093" lon="15.08953569">
        <ele>402.0</ele>
        <time>2022-08-16T19:31:23.024Z</time>
    </trkpt>
    <trkpt lat="45.48451482" lon="15.089547">
        <ele>403.0</ele>
        <time>2022-08-16T19:31:26.024Z</time>
    </trkpt>
    <trkpt lat="45.48458393" lon="15.08961909">
        <ele>403.0</ele>
        <time>2022-08-16T19:31:34.024Z</time>
    </trkpt>
    <trkpt lat="45.484618" lon="15.08963811">
        <ele>402.0</ele>
        <time>2022-08-16T19:31:40.024Z</time>
    </trkpt>
    <trkpt lat="45.48462634" lon="15.08963602">
        <ele>402.0</ele>
        <time>2022-08-16T19:31:41.024Z</time>
    </trkpt>
    <trkpt lat="45.48464193" lon="15.0896511">
        <ele>402.0</ele>
        <time>2022-08-16T19:31:44.024Z</time>
    </trkpt>
    <trkpt lat="45.48465048" lon="15.08965362">
        <ele>402.0</ele>
        <time>2022-08-16T19:31:46.024Z</time>
    </trkpt>
    <trkpt lat="45.48468787" lon="15.08968639">
        <ele>401.0</ele>
        <time>2022-08-16T19:31:52.024Z</time>
    </trkpt>
    <trkpt lat="45.48474377" lon="15.08977373">
        <ele>400.0</ele>
        <time>2022-08-16T19:31:59.024Z</time>
    </trkpt>
    <trkpt lat="45.48475895" lon="15.0897791">
        <ele>400.0</ele>
        <time>2022-08-16T19:32:00.024Z</time>
    </trkpt>
    <trkpt lat="45.4847905" lon="15.08981338">
        <ele>400.0</ele>
        <time>2022-08-16T19:32:03.024Z</time>
    </trkpt>
    <trkpt lat="45.48479553" lon="15.08982411">
        <ele>400.0</ele>
        <time>2022-08-16T19:32:04.024Z</time>
    </trkpt>
    <trkpt lat="45.48482022" lon="15.08983877">
        <ele>399.0</ele>
        <time>2022-08-16T19:32:06.024Z</time>
    </trkpt>
    <trkpt lat="45.48486586" lon="15.08988395">
        <ele>400.0</ele>
        <time>2022-08-16T19:32:11.024Z</time>
    </trkpt>
    <trkpt lat="45.48487328" lon="15.08988664">
        <ele>400.0</ele>
        <time>2022-08-16T19:32:12.024Z</time>
    </trkpt>
    <trkpt lat="45.48490374" lon="15.08987901">
        <ele>400.0</ele>
        <time>2022-08-16T19:32:15.024Z</time>
    </trkpt>
    <trkpt lat="45.48492311" lon="15.08987968">
        <ele>400.0</ele>
        <time>2022-08-16T19:32:17.024Z</time>
    </trkpt>
    <trkpt lat="45.48496455" lon="15.08986677">
        <ele>399.0</ele>
        <time>2022-08-16T19:32:23.024Z</time>
    </trkpt>
    <trkpt lat="45.48498308" lon="15.08986912">
        <ele>400.0</ele>
        <time>2022-08-16T19:32:25.024Z</time>
    </trkpt>
    <trkpt lat="45.48498874" lon="15.08986241">
        <ele>400.0</ele>
        <time>2022-08-16T19:32:26.024Z</time>
    </trkpt>
    <trkpt lat="45.48499217" lon="15.08983006">
        <ele>399.0</ele>
        <time>2022-08-16T19:32:29.024Z</time>
    </trkpt>
    <trkpt lat="45.48499934" lon="15.08983266">
        <ele>399.0</ele>
        <time>2022-08-16T19:32:30.024Z</time>
    </trkpt>
    <trkpt lat="45.48500952" lon="15.08982277">
        <ele>398.0</ele>
        <time>2022-08-16T19:32:32.024Z</time>
    </trkpt>
    <trkpt lat="45.48504728" lon="15.08980525">
        <ele>397.0</ele>
        <time>2022-08-16T19:32:37.024Z</time>
    </trkpt>
    <trkpt lat="45.4850928" lon="15.08979837">
        <ele>397.0</ele>
        <time>2022-08-16T19:32:43.024Z</time>
    </trkpt>
    <trkpt lat="45.48511983" lon="15.08978287">
        <ele>396.0</ele>
        <time>2022-08-16T19:32:47.024Z</time>
    </trkpt>
    <trkpt lat="45.48515918" lon="15.08978161">
        <ele>396.0</ele>
        <time>2022-08-16T19:32:50.024Z</time>
    </trkpt>
    <trkpt lat="45.48522096" lon="15.08976719">
        <ele>394.0</ele>
        <time>2022-08-16T19:32:57.024Z</time>
    </trkpt>
    <trkpt lat="45.48524711" lon="15.08976988">
        <ele>394.0</ele>
        <time>2022-08-16T19:32:59.024Z</time>
    </trkpt>
    <trkpt lat="45.48528265" lon="15.08975714">
        <ele>394.0</ele>
        <time>2022-08-16T19:33:03.024Z</time>
    </trkpt>
    <trkpt lat="45.4853466" lon="15.08966678">
        <ele>392.0</ele>
        <time>2022-08-16T19:33:14.024Z</time>
    </trkpt>
    <trkpt lat="45.48537011" lon="15.0896506">
        <ele>391.0</ele>
        <time>2022-08-16T19:33:17.024Z</time>
    </trkpt>
    <trkpt lat="45.4853808" lon="15.08961816">
        <ele>390.0</ele>
        <time>2022-08-16T19:33:20.024Z</time>
    </trkpt>
    <trkpt lat="45.48542619" lon="15.08953225">
        <ele>390.0</ele>
        <time>2022-08-16T19:33:28.024Z</time>
    </trkpt>
    <trkpt lat="45.48544354" lon="15.08951431">
        <ele>390.0</ele>
        <time>2022-08-16T19:33:30.024Z</time>
    </trkpt>
    <trkpt lat="45.48547619" lon="15.08946687">
        <ele>389.0</ele>
        <time>2022-08-16T19:33:34.024Z</time>
    </trkpt>
    <trkpt lat="45.48548256" lon="15.08945027">
        <ele>389.0</ele>
        <time>2022-08-16T19:33:35.024Z</time>
    </trkpt>
    <trkpt lat="45.48554345" lon="15.08938741">
        <ele>387.0</ele>
        <time>2022-08-16T19:33:41.024Z</time>
    </trkpt>
    <trkpt lat="45.48557392" lon="15.08932672">
        <ele>387.0</ele>
        <time>2022-08-16T19:33:47.024Z</time>
    </trkpt>
    <trkpt lat="45.4855989" lon="15.08930158">
        <ele>386.0</ele>
        <time>2022-08-16T19:33:50.024Z</time>
    </trkpt>
    <trkpt lat="45.4856056" lon="15.08927643">
        <ele>387.0</ele>
        <time>2022-08-16T19:33:52.024Z</time>
    </trkpt>
    <trkpt lat="45.48560346" lon="15.08926453">
        <ele>386.0</ele>
        <time>2022-08-16T19:33:53.024Z</time>
    </trkpt>
    <trkpt lat="45.48560812" lon="15.0892543">
        <ele>386.0</ele>
        <time>2022-08-16T19:33:54.024Z</time>
    </trkpt>
    <trkpt lat="45.48563259" lon="15.08922966">
        <ele>386.0</ele>
        <time>2022-08-16T19:33:57.024Z</time>
    </trkpt>
    <trkpt lat="45.48566713" lon="15.08917669">
        <ele>384.0</ele>
        <time>2022-08-16T19:34:01.024Z</time>
    </trkpt>
    <trkpt lat="45.48568837" lon="15.08915833">
        <ele>384.0</ele>
        <time>2022-08-16T19:34:03.024Z</time>
    </trkpt>
    <trkpt lat="45.48570204" lon="15.08915322">
        <ele>385.0</ele>
        <time>2022-08-16T19:34:04.024Z</time>
    </trkpt>
    <trkpt lat="45.48571742" lon="15.08913713">
        <ele>384.0</ele>
        <time>2022-08-16T19:34:06.024Z</time>
    </trkpt>
    <trkpt lat="45.48572031" lon="15.08912338">
        <ele>384.0</ele>
        <time>2022-08-16T19:34:07.024Z</time>
    </trkpt>
    <trkpt lat="45.48574571" lon="15.08908524">
        <ele>384.0</ele>
        <time>2022-08-16T19:34:10.024Z</time>
    </trkpt>
    <trkpt lat="45.48575275" lon="15.08905582">
        <ele>384.0</ele>
        <time>2022-08-16T19:34:13.024Z</time>
    </trkpt>
    <trkpt lat="45.48575937" lon="15.08904995">
        <ele>384.0</ele>
        <time>2022-08-16T19:34:14.024Z</time>
    </trkpt>
    <trkpt lat="45.48576402" lon="15.08905079">
        <ele>384.0</ele>
        <time>2022-08-16T19:34:15.024Z</time>
    </trkpt>
    <trkpt lat="45.48576423" lon="15.08904467">
        <ele>384.0</ele>
        <time>2022-08-16T19:34:16.024Z</time>
    </trkpt>
    <trkpt lat="45.48577886" lon="15.08902355">
        <ele>384.0</ele>
        <time>2022-08-16T19:34:19.024Z</time>
    </trkpt>
    <trkpt lat="45.4857784" lon="15.08901098">
        <ele>384.0</ele>
        <time>2022-08-16T19:34:20.024Z</time>
    </trkpt>
    <trkpt lat="45.48581276" lon="15.08894476">
        <ele>383.0</ele>
        <time>2022-08-16T19:34:29.024Z</time>
    </trkpt>
    <trkpt lat="45.48581637" lon="15.08891283">
        <ele>383.0</ele>
        <time>2022-08-16T19:34:32.024Z</time>
    </trkpt>
    <trkpt lat="45.48580727" lon="15.08885876">
        <ele>384.0</ele>
        <time>2022-08-16T19:34:37.024Z</time>
    </trkpt>
    <trkpt lat="45.48583045" lon="15.08881166">
        <ele>383.0</ele>
        <time>2022-08-16T19:34:42.024Z</time>
    </trkpt>
    <trkpt lat="45.48583158" lon="15.08879908">
        <ele>383.0</ele>
        <time>2022-08-16T19:34:43.024Z</time>
    </trkpt>
    <trkpt lat="45.48582227" lon="15.08870495">
        <ele>381.0</ele>
        <time>2022-08-16T19:34:49.024Z</time>
    </trkpt>
    <trkpt lat="45.48582194" lon="15.08868861">
        <ele>381.0</ele>
        <time>2022-08-16T19:34:50.024Z</time>
    </trkpt>
    <trkpt lat="45.4858276" lon="15.08866967">
        <ele>381.0</ele>
        <time>2022-08-16T19:34:51.024Z</time>
    </trkpt>
    <trkpt lat="45.485826" lon="15.08864108">
        <ele>381.0</ele>
        <time>2022-08-16T19:34:53.024Z</time>
    </trkpt>
    <trkpt lat="45.48583489" lon="15.0886089">
        <ele>381.0</ele>
        <time>2022-08-16T19:34:55.024Z</time>
    </trkpt>
    <trkpt lat="45.48584922" lon="15.08859054">
        <ele>380.0</ele>
        <time>2022-08-16T19:34:57.024Z</time>
    </trkpt>
    <trkpt lat="45.48584931" lon="15.0885597">
        <ele>381.0</ele>
        <time>2022-08-16T19:35:00.024Z</time>
    </trkpt>
    <trkpt lat="45.48585903" lon="15.08853673">
        <ele>381.0</ele>
        <time>2022-08-16T19:35:02.024Z</time>
    </trkpt>
    <trkpt lat="45.48585853" lon="15.08849323">
        <ele>381.0</ele>
        <time>2022-08-16T19:35:06.024Z</time>
    </trkpt>
    <trkpt lat="45.48587135" lon="15.08839876">
        <ele>381.0</ele>
        <time>2022-08-16T19:35:14.024Z</time>
    </trkpt>
    <trkpt lat="45.48588413" lon="15.08836021">
        <ele>381.0</ele>
        <time>2022-08-16T19:35:17.024Z</time>
    </trkpt>
    <trkpt lat="45.48590538" lon="15.08832844">
        <ele>380.0</ele>
        <time>2022-08-16T19:35:21.024Z</time>
    </trkpt>
    <trkpt lat="45.48591339" lon="15.0882965">
        <ele>380.0</ele>
        <time>2022-08-16T19:35:24.024Z</time>
    </trkpt>
    <trkpt lat="45.48592977" lon="15.0882836">
        <ele>380.0</ele>
        <time>2022-08-16T19:35:26.024Z</time>
    </trkpt>
    <trkpt lat="45.48593916" lon="15.08826423">
        <ele>379.0</ele>
        <time>2022-08-16T19:35:28.024Z</time>
    </trkpt>
    <trkpt lat="45.485947" lon="15.08825719">
        <ele>379.0</ele>
        <time>2022-08-16T19:35:29.024Z</time>
    </trkpt>
    <trkpt lat="45.48596179" lon="15.088224">
        <ele>378.0</ele>
        <time>2022-08-16T19:35:32.024Z</time>
    </trkpt>
    <trkpt lat="45.48596737" lon="15.0881815">
        <ele>377.0</ele>
        <time>2022-08-16T19:35:35.024Z</time>
    </trkpt>
    <trkpt lat="45.48598002" lon="15.0881634">
        <ele>377.0</ele>
        <time>2022-08-16T19:35:37.024Z</time>
    </trkpt>
    <trkpt lat="45.48598677" lon="15.08811244">
        <ele>375.0</ele>
        <time>2022-08-16T19:35:40.024Z</time>
    </trkpt>
    <trkpt lat="45.4860006" lon="15.08807195">
        <ele>375.0</ele>
        <time>2022-08-16T19:35:43.024Z</time>
    </trkpt>
    <trkpt lat="45.48602164" lon="15.08804069">
        <ele>374.0</ele>
        <time>2022-08-16T19:35:47.024Z</time>
    </trkpt>
    <trkpt lat="45.48604838" lon="15.08801102">
        <ele>374.0</ele>
        <time>2022-08-16T19:35:51.024Z</time>
    </trkpt>
    <trkpt lat="45.4860542" lon="15.08799015">
        <ele>374.0</ele>
        <time>2022-08-16T19:35:53.024Z</time>
    </trkpt>
    <trkpt lat="45.48606619" lon="15.08797405">
        <ele>374.0</ele>
        <time>2022-08-16T19:35:55.024Z</time>
    </trkpt>
    <trkpt lat="45.48607289" lon="15.0879531">
        <ele>374.0</ele>
        <time>2022-08-16T19:35:57.024Z</time>
    </trkpt>
    <trkpt lat="45.48607264" lon="15.08792787">
        <ele>374.0</ele>
        <time>2022-08-16T19:36:00.024Z</time>
    </trkpt>
    <trkpt lat="45.48606736" lon="15.08790566">
        <ele>373.0</ele>
        <time>2022-08-16T19:36:02.024Z</time>
    </trkpt>
    <trkpt lat="45.48607713" lon="15.08786827">
        <ele>373.0</ele>
        <time>2022-08-16T19:36:05.024Z</time>
    </trkpt>
    <trkpt lat="45.48611392" lon="15.08781773">
        <ele>372.0</ele>
        <time>2022-08-16T19:36:12.024Z</time>
    </trkpt>
    <trkpt lat="45.48611971" lon="15.08779787">
        <ele>372.0</ele>
        <time>2022-08-16T19:36:14.024Z</time>
    </trkpt>
    <trkpt lat="45.48613513" lon="15.08777222">
        <ele>372.0</ele>
        <time>2022-08-16T19:36:17.024Z</time>
    </trkpt>
    <trkpt lat="45.486142" lon="15.08774003">
        <ele>371.0</ele>
        <time>2022-08-16T19:36:21.024Z</time>
    </trkpt>
    <trkpt lat="45.48613287" lon="15.087734">
        <ele>371.0</ele>
        <time>2022-08-16T19:36:22.024Z</time>
    </trkpt>
    <trkpt lat="45.48613467" lon="15.08770181">
        <ele>370.0</ele>
        <time>2022-08-16T19:36:26.024Z</time>
    </trkpt>
    <trkpt lat="45.48615541" lon="15.08763526">
        <ele>369.0</ele>
        <time>2022-08-16T19:36:30.024Z</time>
    </trkpt>
    <trkpt lat="45.48617536" lon="15.08759427">
        <ele>368.0</ele>
        <time>2022-08-16T19:36:33.024Z</time>
    </trkpt>
    <trkpt lat="45.48616903" lon="15.08755588">
        <ele>368.0</ele>
        <time>2022-08-16T19:36:37.024Z</time>
    </trkpt>
    <trkpt lat="45.48616384" lon="15.08754783">
        <ele>369.0</ele>
        <time>2022-08-16T19:36:38.024Z</time>
    </trkpt>
    <trkpt lat="45.48616635" lon="15.08750869">
        <ele>370.0</ele>
        <time>2022-08-16T19:36:43.024Z</time>
    </trkpt>
    <trkpt lat="45.48615189" lon="15.08748204">
        <ele>371.0</ele>
        <time>2022-08-16T19:36:45.024Z</time>
    </trkpt>
    <trkpt lat="45.48619871" lon="15.08748279">
        <ele>371.0</ele>
        <time>2022-08-16T19:36:49.024Z</time>
    </trkpt>
    <trkpt lat="45.48622054" lon="15.08747776">
        <ele>372.0</ele>
        <time>2022-08-16T19:36:51.024Z</time>
    </trkpt>
    <trkpt lat="45.48622586" lon="15.0874698">
        <ele>372.0</ele>
        <time>2022-08-16T19:36:52.024Z</time>
    </trkpt>
    <trkpt lat="45.48623165" lon="15.08745044">
        <ele>372.0</ele>
        <time>2022-08-16T19:36:55.024Z</time>
    </trkpt>
    <trkpt lat="45.48622947" lon="15.0874387">
        <ele>372.0</ele>
        <time>2022-08-16T19:36:57.024Z</time>
    </trkpt>
    <trkpt lat="45.48622733" lon="15.0874413">
        <ele>372.0</ele>
        <time>2022-08-16T19:36:58.024Z</time>
    </trkpt>
    <trkpt lat="45.48623659" lon="15.08740727">
        <ele>371.0</ele>
        <time>2022-08-16T19:37:02.024Z</time>
    </trkpt>
    <trkpt lat="45.48623156" lon="15.0874004">
        <ele>371.0</ele>
        <time>2022-08-16T19:37:03.024Z</time>
    </trkpt>
    <trkpt lat="45.48624497" lon="15.08738372">
        <ele>370.0</ele>
        <time>2022-08-16T19:37:06.024Z</time>
    </trkpt>
    <trkpt lat="45.48624879" lon="15.08736502">
        <ele>370.0</ele>
        <time>2022-08-16T19:37:08.024Z</time>
    </trkpt>
    <trkpt lat="45.48625767" lon="15.08735153">
        <ele>370.0</ele>
        <time>2022-08-16T19:37:10.024Z</time>
    </trkpt>
    <trkpt lat="45.48625541" lon="15.08734541">
        <ele>370.0</ele>
        <time>2022-08-16T19:37:11.024Z</time>
    </trkpt>
    <trkpt lat="45.48625876" lon="15.08733728">
        <ele>370.0</ele>
        <time>2022-08-16T19:37:12.024Z</time>
    </trkpt>
    <trkpt lat="45.48627729" lon="15.08731389">
        <ele>369.0</ele>
        <time>2022-08-16T19:37:15.024Z</time>
    </trkpt>
    <trkpt lat="45.4862754" lon="15.08730769">
        <ele>369.0</ele>
        <time>2022-08-16T19:37:16.024Z</time>
    </trkpt>
    <trkpt lat="45.48628131" lon="15.08729126">
        <ele>370.0</ele>
        <time>2022-08-16T19:37:18.024Z</time>
    </trkpt>
    <trkpt lat="45.48627829" lon="15.08728271">
        <ele>369.0</ele>
        <time>2022-08-16T19:37:20.024Z</time>
    </trkpt>
    <trkpt lat="45.48629061" lon="15.08724852">
        <ele>369.0</ele>
        <time>2022-08-16T19:37:24.024Z</time>
    </trkpt>
    <trkpt lat="45.48630034" lon="15.08724139">
        <ele>369.0</ele>
        <time>2022-08-16T19:37:25.024Z</time>
    </trkpt>
    <trkpt lat="45.48631509" lon="15.0872149">
        <ele>368.0</ele>
        <time>2022-08-16T19:37:28.024Z</time>
    </trkpt>
    <trkpt lat="45.48633474" lon="15.08719814">
        <ele>368.0</ele>
        <time>2022-08-16T19:37:31.024Z</time>
    </trkpt>
    <trkpt lat="45.48634945" lon="15.08717165">
        <ele>367.0</ele>
        <time>2022-08-16T19:37:34.024Z</time>
    </trkpt>
    <trkpt lat="45.48635717" lon="15.08716537">
        <ele>367.0</ele>
        <time>2022-08-16T19:37:35.024Z</time>
    </trkpt>
    <trkpt lat="45.48638696" lon="15.0871533">
        <ele>367.0</ele>
        <time>2022-08-16T19:37:38.024Z</time>
    </trkpt>
    <trkpt lat="45.48640884" lon="15.08714953">
        <ele>367.0</ele>
        <time>2022-08-16T19:37:40.024Z</time>
    </trkpt>
    <trkpt lat="45.48642569" lon="15.08713787">
        <ele>367.0</ele>
        <time>2022-08-16T19:37:43.024Z</time>
    </trkpt>
    <trkpt lat="45.48643621" lon="15.08713595">
        <ele>366.0</ele>
        <time>2022-08-16T19:37:44.024Z</time>
    </trkpt>
    <trkpt lat="45.4864471" lon="15.08711633">
        <ele>366.0</ele>
        <time>2022-08-16T19:37:46.024Z</time>
    </trkpt>
    <trkpt lat="45.4864606" lon="15.08710493">
        <ele>366.0</ele>
        <time>2022-08-16T19:37:48.024Z</time>
    </trkpt>
    <trkpt lat="45.48648721" lon="15.08709697">
        <ele>366.0</ele>
        <time>2022-08-16T19:37:51.024Z</time>
    </trkpt>
    <trkpt lat="45.48649882" lon="15.08708532">
        <ele>365.0</ele>
        <time>2022-08-16T19:37:53.024Z</time>
    </trkpt>
    <trkpt lat="45.48653059" lon="15.08708423">
        <ele>364.0</ele>
        <time>2022-08-16T19:37:57.024Z</time>
    </trkpt>
    <trkpt lat="45.48654224" lon="15.08706529">
        <ele>364.0</ele>
        <time>2022-08-16T19:38:00.024Z</time>
    </trkpt>
    <trkpt lat="45.48659094" lon="15.08702992">
        <ele>363.0</ele>
        <time>2022-08-16T19:38:06.024Z</time>
    </trkpt>
    <trkpt lat="45.4866077" lon="15.08700997">
        <ele>362.0</ele>
        <time>2022-08-16T19:38:09.024Z</time>
    </trkpt>
    <trkpt lat="45.486624" lon="15.0870015">
        <ele>362.0</ele>
        <time>2022-08-16T19:38:11.024Z</time>
    </trkpt>
    <trkpt lat="45.48663046" lon="15.08700226">
        <ele>362.0</ele>
        <time>2022-08-16T19:38:12.024Z</time>
    </trkpt>
    <trkpt lat="45.48664387" lon="15.08698013">
        <ele>361.0</ele>
        <time>2022-08-16T19:38:15.024Z</time>
    </trkpt>
    <trkpt lat="45.48665309" lon="15.08695297">
        <ele>360.0</ele>
        <time>2022-08-16T19:38:18.024Z</time>
    </trkpt>
    <trkpt lat="45.4866616" lon="15.08694593">
        <ele>360.0</ele>
        <time>2022-08-16T19:38:19.024Z</time>
    </trkpt>
    <trkpt lat="45.48668666" lon="15.08694249">
        <ele>360.0</ele>
        <time>2022-08-16T19:38:21.024Z</time>
    </trkpt>
    <trkpt lat="45.48671775" lon="15.08692933">
        <ele>359.0</ele>
        <time>2022-08-16T19:38:25.024Z</time>
    </trkpt>
    <trkpt lat="45.48673037" lon="15.08692791">
        <ele>359.0</ele>
        <time>2022-08-16T19:38:28.024Z</time>
    </trkpt>
    <trkpt lat="45.48673716" lon="15.08693805">
        <ele>359.0</ele>
        <time>2022-08-16T19:38:30.024Z</time>
    </trkpt>
    <trkpt lat="45.48677006" lon="15.08692967">
        <ele>358.0</ele>
        <time>2022-08-16T19:38:34.024Z</time>
    </trkpt>
    <trkpt lat="45.48679847" lon="15.08690117">
        <ele>357.0</ele>
        <time>2022-08-16T19:38:38.024Z</time>
    </trkpt>
    <trkpt lat="45.48680849" lon="15.08687854">
        <ele>357.0</ele>
        <time>2022-08-16T19:38:40.024Z</time>
    </trkpt>
    <trkpt lat="45.48682542" lon="15.08686194">
        <ele>356.0</ele>
        <time>2022-08-16T19:38:42.024Z</time>
    </trkpt>
    <trkpt lat="45.48684315" lon="15.08685549">
        <ele>356.0</ele>
        <time>2022-08-16T19:38:44.024Z</time>
    </trkpt>
    <trkpt lat="45.48684562" lon="15.08682582">
        <ele>356.0</ele>
        <time>2022-08-16T19:38:46.024Z</time>
    </trkpt>
    <trkpt lat="45.48688828" lon="15.08679832">
        <ele>356.0</ele>
        <time>2022-08-16T19:38:50.024Z</time>
    </trkpt>
    <trkpt lat="45.48691674" lon="15.08678684">
        <ele>356.0</ele>
        <time>2022-08-16T19:38:54.024Z</time>
    </trkpt>
    <trkpt lat="45.48692487" lon="15.08676991">
        <ele>355.0</ele>
        <time>2022-08-16T19:38:56.024Z</time>
    </trkpt>
    <trkpt lat="45.48694109" lon="15.0867591">
        <ele>355.0</ele>
        <time>2022-08-16T19:38:58.024Z</time>
    </trkpt>
    <trkpt lat="45.48694679" lon="15.08674007">
        <ele>354.0</ele>
        <time>2022-08-16T19:39:01.024Z</time>
    </trkpt>
    <trkpt lat="45.48696536" lon="15.08673009">
        <ele>354.0</ele>
        <time>2022-08-16T19:39:03.024Z</time>
    </trkpt>
    <trkpt lat="45.48697705" lon="15.0867057">
        <ele>354.0</ele>
        <time>2022-08-16T19:39:06.024Z</time>
    </trkpt>
    <trkpt lat="45.48697135" lon="15.08669489">
        <ele>354.0</ele>
        <time>2022-08-16T19:39:07.024Z</time>
    </trkpt>
    <trkpt lat="45.4870027" lon="15.08667176">
        <ele>352.0</ele>
        <time>2022-08-16T19:39:14.024Z</time>
    </trkpt>
    <trkpt lat="45.48700831" lon="15.08665751">
        <ele>352.0</ele>
        <time>2022-08-16T19:39:15.024Z</time>
    </trkpt>
    <trkpt lat="45.48704054" lon="15.0866275">
        <ele>351.0</ele>
        <time>2022-08-16T19:39:18.024Z</time>
    </trkpt>
    <trkpt lat="45.48707843" lon="15.08659691">
        <ele>350.0</ele>
        <time>2022-08-16T19:39:21.024Z</time>
    </trkpt>
    <trkpt lat="45.48707784" lon="15.08659967">
        <ele>350.0</ele>
        <time>2022-08-16T19:39:23.024Z</time>
    </trkpt>
    <trkpt lat="45.48708819" lon="15.08659875">
        <ele>349.0</ele>
        <time>2022-08-16T19:39:24.024Z</time>
    </trkpt>
    <trkpt lat="45.48710672" lon="15.08657847">
        <ele>348.0</ele>
        <time>2022-08-16T19:39:26.024Z</time>
    </trkpt>
    <trkpt lat="45.48711761" lon="15.086555">
        <ele>347.0</ele>
        <time>2022-08-16T19:39:28.024Z</time>
    </trkpt>
    <trkpt lat="45.48715227" lon="15.08652373">
        <ele>347.0</ele>
        <time>2022-08-16T19:39:32.024Z</time>
    </trkpt>
    <trkpt lat="45.48715609" lon="15.08649867">
        <ele>347.0</ele>
        <time>2022-08-16T19:39:34.024Z</time>
    </trkpt>
    <trkpt lat="45.48717629" lon="15.08648199">
        <ele>348.0</ele>
        <time>2022-08-16T19:39:36.024Z</time>
    </trkpt>
    <trkpt lat="45.48717641" lon="15.08647763">
        <ele>348.0</ele>
        <time>2022-08-16T19:39:37.024Z</time>
    </trkpt>
    <trkpt lat="45.48719066" lon="15.08647713">
        <ele>348.0</ele>
        <time>2022-08-16T19:39:39.024Z</time>
    </trkpt>
    <trkpt lat="45.48722289" lon="15.08645425">
        <ele>348.0</ele>
        <time>2022-08-16T19:39:53.024Z</time>
    </trkpt>
    <trkpt lat="45.48723119" lon="15.08644955">
        <ele>349.0</ele>
        <time>2022-08-16T19:39:58.024Z</time>
    </trkpt>
    <trkpt lat="45.48723546" lon="15.08645131">
        <ele>349.0</ele>
        <time>2022-08-16T19:39:59.024Z</time>
    </trkpt>
    <trkpt lat="45.48722981" lon="15.08644528">
        <ele>349.0</ele>
        <time>2022-08-16T19:40:03.024Z</time>
    </trkpt>
    <trkpt lat="45.48724074" lon="15.08643547">
        <ele>350.0</ele>
        <time>2022-08-16T19:40:07.024Z</time>
    </trkpt>
    <trkpt lat="45.48723261" lon="15.08642625">
        <ele>350.0</ele>
        <time>2022-08-16T19:40:09.024Z</time>
    </trkpt>
    <trkpt lat="45.48723433" lon="15.0864239">
        <ele>349.0</ele>
        <time>2022-08-16T19:40:10.024Z</time>
    </trkpt>
    <trkpt lat="45.48724707" lon="15.0864286">
        <ele>349.0</ele>
        <time>2022-08-16T19:40:14.024Z</time>
    </trkpt>
    <trkpt lat="45.48724623" lon="15.08643321">
        <ele>350.0</ele>
        <time>2022-08-16T19:40:16.024Z</time>
    </trkpt>
    <trkpt lat="45.4872526" lon="15.08643229">
        <ele>350.0</ele>
        <time>2022-08-16T19:40:17.024Z</time>
    </trkpt>
    <trkpt lat="45.48726664" lon="15.08644117">
        <ele>351.0</ele>
        <time>2022-08-16T19:40:21.024Z</time>
    </trkpt>
    <trkpt lat="45.48726769" lon="15.08644637">
        <ele>351.0</ele>
        <time>2022-08-16T19:40:24.024Z</time>
    </trkpt>
    <trkpt lat="45.4872684" lon="15.08643773">
        <ele>351.0</ele>
        <time>2022-08-16T19:40:30.024Z</time>
    </trkpt>
    <trkpt lat="45.48727997" lon="15.08642944">
        <ele>351.0</ele>
        <time>2022-08-16T19:40:33.024Z</time>
    </trkpt>
    <trkpt lat="45.48728353" lon="15.08640924">
        <ele>351.0</ele>
        <time>2022-08-16T19:40:36.024Z</time>
    </trkpt>
    <trkpt lat="45.48728035" lon="15.08640521">
        <ele>351.0</ele>
        <time>2022-08-16T19:40:44.024Z</time>
    </trkpt>
    <trkpt lat="45.48727871" lon="15.08640773">
        <ele>351.0</ele>
        <time>2022-08-16T19:40:45.024Z</time>
    </trkpt>
    <trkpt lat="45.48730046" lon="15.08635266">
        <ele>351.0</ele>
        <time>2022-08-16T19:40:52.024Z</time>
    </trkpt>
    <trkpt lat="45.48731145" lon="15.08635123">
        <ele>351.0</ele>
        <time>2022-08-16T19:40:55.024Z</time>
    </trkpt>
    <trkpt lat="45.48731748" lon="15.08633967">
        <ele>350.0</ele>
        <time>2022-08-16T19:40:57.024Z</time>
    </trkpt>
    <trkpt lat="45.48733957" lon="15.08632139">
        <ele>350.0</ele>
        <time>2022-08-16T19:41:01.024Z</time>
    </trkpt>
    <trkpt lat="45.48734439" lon="15.08630907">
        <ele>350.0</ele>
        <time>2022-08-16T19:41:03.024Z</time>
    </trkpt>
    <trkpt lat="45.48735411" lon="15.08630161">
        <ele>350.0</ele>
        <time>2022-08-16T19:41:05.024Z</time>
    </trkpt>
    <trkpt lat="45.48736366" lon="15.08630061">
        <ele>350.0</ele>
        <time>2022-08-16T19:41:06.024Z</time>
    </trkpt>
    <trkpt lat="45.48742997" lon="15.08626171">
        <ele>349.0</ele>
        <time>2022-08-16T19:41:14.024Z</time>
    </trkpt>
    <trkpt lat="45.48745159" lon="15.08621846">
        <ele>348.0</ele>
        <time>2022-08-16T19:41:21.024Z</time>
    </trkpt>
    <trkpt lat="45.48748918" lon="15.08622073">
        <ele>348.0</ele>
        <time>2022-08-16T19:41:26.024Z</time>
    </trkpt>
    <trkpt lat="45.48749736" lon="15.08622441">
        <ele>348.0</ele>
        <time>2022-08-16T19:41:27.024Z</time>
    </trkpt>
    <trkpt lat="45.48750909" lon="15.08624436">
        <ele>348.0</ele>
        <time>2022-08-16T19:41:30.024Z</time>
    </trkpt>
    <trkpt lat="45.48751567" lon="15.08624118">
        <ele>347.0</ele>
        <time>2022-08-16T19:41:32.024Z</time>
    </trkpt>
    <trkpt lat="45.48752745" lon="15.08624369">
        <ele>347.0</ele>
        <time>2022-08-16T19:41:34.024Z</time>
    </trkpt>
    <trkpt lat="45.48754652" lon="15.086253">
        <ele>347.0</ele>
        <time>2022-08-16T19:41:36.024Z</time>
    </trkpt>
    <trkpt lat="45.487565" lon="15.08624889">
        <ele>347.0</ele>
        <time>2022-08-16T19:41:39.024Z</time>
    </trkpt>
    <trkpt lat="45.48757112" lon="15.08624202">
        <ele>347.0</ele>
        <time>2022-08-16T19:41:40.024Z</time>
    </trkpt>
    <trkpt lat="45.48759622" lon="15.086239">
        <ele>346.0</ele>
        <time>2022-08-16T19:41:43.024Z</time>
    </trkpt>
    <trkpt lat="45.48760733" lon="15.08624202">
        <ele>346.0</ele>
        <time>2022-08-16T19:41:44.024Z</time>
    </trkpt>
    <trkpt lat="45.48761412" lon="15.08623472">
        <ele>346.0</ele>
        <time>2022-08-16T19:41:45.024Z</time>
    </trkpt>
    <trkpt lat="45.48769856" lon="15.08621302">
        <ele>345.0</ele>
        <time>2022-08-16T19:41:54.024Z</time>
    </trkpt>
    <trkpt lat="45.48772685" lon="15.08619198">
        <ele>344.0</ele>
        <time>2022-08-16T19:41:57.024Z</time>
    </trkpt>
    <trkpt lat="45.48774001" lon="15.08619365">
        <ele>344.0</ele>
        <time>2022-08-16T19:41:59.024Z</time>
    </trkpt>
    <trkpt lat="45.48774269" lon="15.08618577">
        <ele>344.0</ele>
        <time>2022-08-16T19:42:00.024Z</time>
    </trkpt>
    <trkpt lat="45.48775238" lon="15.08619516">
        <ele>344.0</ele>
        <time>2022-08-16T19:42:02.024Z</time>
    </trkpt>
    <trkpt lat="45.48779977" lon="15.08621184">
        <ele>344.0</ele>
        <time>2022-08-16T19:42:07.024Z</time>
    </trkpt>
    <trkpt lat="45.48785929" lon="15.08619759">
        <ele>343.0</ele>
        <time>2022-08-16T19:42:13.024Z</time>
    </trkpt>
    <trkpt lat="45.48787115" lon="15.08620271">
        <ele>343.0</ele>
        <time>2022-08-16T19:42:14.024Z</time>
    </trkpt>
    <trkpt lat="45.48788267" lon="15.08619793">
        <ele>342.0</ele>
        <time>2022-08-16T19:42:15.024Z</time>
    </trkpt>
    <trkpt lat="45.48789608" lon="15.08618485">
        <ele>342.0</ele>
        <time>2022-08-16T19:42:17.024Z</time>
    </trkpt>
    <trkpt lat="45.48792471" lon="15.08619675">
        <ele>342.0</ele>
        <time>2022-08-16T19:42:19.024Z</time>
    </trkpt>
    <trkpt lat="45.48797244" lon="15.08615728">
        <ele>340.0</ele>
        <time>2022-08-16T19:42:24.024Z</time>
    </trkpt>
    <trkpt lat="45.48798451" lon="15.08615451">
        <ele>340.0</ele>
        <time>2022-08-16T19:42:25.024Z</time>
    </trkpt>
    <trkpt lat="45.48803187" lon="15.08612559">
        <ele>339.0</ele>
        <time>2022-08-16T19:42:28.024Z</time>
    </trkpt>
    <trkpt lat="45.48807432" lon="15.08611813">
        <ele>338.0</ele>
        <time>2022-08-16T19:42:31.024Z</time>
    </trkpt>
    <trkpt lat="45.48808493" lon="15.08610874">
        <ele>338.0</ele>
        <time>2022-08-16T19:42:32.024Z</time>
    </trkpt>
    <trkpt lat="45.48813304" lon="15.08605904">
        <ele>336.0</ele>
        <time>2022-08-16T19:42:37.024Z</time>
    </trkpt>
    <trkpt lat="45.48814423" lon="15.08601076">
        <ele>336.0</ele>
        <time>2022-08-16T19:42:40.024Z</time>
    </trkpt>
    <trkpt lat="45.4881594" lon="15.08598922">
        <ele>335.0</ele>
        <time>2022-08-16T19:42:42.024Z</time>
    </trkpt>
    <trkpt lat="45.48819075" lon="15.08596441">
        <ele>334.0</ele>
        <time>2022-08-16T19:42:45.024Z</time>
    </trkpt>
    <trkpt lat="45.48819792" lon="15.08595133">
        <ele>334.0</ele>
        <time>2022-08-16T19:42:46.024Z</time>
    </trkpt>
    <trkpt lat="45.48823568" lon="15.08591646">
        <ele>332.0</ele>
        <time>2022-08-16T19:42:50.024Z</time>
    </trkpt>
    <trkpt lat="45.48825143" lon="15.08588218">
        <ele>331.0</ele>
        <time>2022-08-16T19:42:54.024Z</time>
    </trkpt>
    <trkpt lat="45.48830005" lon="15.08587757">
        <ele>331.0</ele>
        <time>2022-08-16T19:42:59.024Z</time>
    </trkpt>
    <trkpt lat="45.48833467" lon="15.08582787">
        <ele>330.0</ele>
        <time>2022-08-16T19:43:07.024Z</time>
    </trkpt>
    <trkpt lat="45.48835889" lon="15.08582963">
        <ele>329.0</ele>
        <time>2022-08-16T19:43:11.024Z</time>
    </trkpt>
    <trkpt lat="45.48840415" lon="15.0858127">
        <ele>329.0</ele>
        <time>2022-08-16T19:43:17.024Z</time>
    </trkpt>
    <trkpt lat="45.48841962" lon="15.08581135">
        <ele>328.0</ele>
        <time>2022-08-16T19:43:19.024Z</time>
    </trkpt>
    <trkpt lat="45.48843994" lon="15.08581412">
        <ele>327.0</ele>
        <time>2022-08-16T19:43:22.024Z</time>
    </trkpt>
    <trkpt lat="45.48845386" lon="15.08582418">
        <ele>327.0</ele>
        <time>2022-08-16T19:43:25.024Z</time>
    </trkpt>
    <trkpt lat="45.48846932" lon="15.08581798">
        <ele>326.0</ele>
        <time>2022-08-16T19:43:28.024Z</time>
    </trkpt>
    <trkpt lat="45.488479" lon="15.08580725">
        <ele>326.0</ele>
        <time>2022-08-16T19:43:30.024Z</time>
    </trkpt>
    <trkpt lat="45.48851022" lon="15.0858194">
        <ele>325.0</ele>
        <time>2022-08-16T19:43:36.024Z</time>
    </trkpt>
    <trkpt lat="45.4885689" lon="15.0858329">
        <ele>325.0</ele>
        <time>2022-08-16T19:43:42.024Z</time>
    </trkpt>
    <trkpt lat="45.4885756" lon="15.08583943">
        <ele>325.0</ele>
        <time>2022-08-16T19:43:43.024Z</time>
    </trkpt>
    <trkpt lat="45.48859471" lon="15.08584052">
        <ele>324.0</ele>
        <time>2022-08-16T19:43:45.024Z</time>
    </trkpt>
    <trkpt lat="45.48863331" lon="15.08583239">
        <ele>324.0</ele>
        <time>2022-08-16T19:43:47.024Z</time>
    </trkpt>
    <trkpt lat="45.48866156" lon="15.08583952">
        <ele>324.0</ele>
        <time>2022-08-16T19:43:51.024Z</time>
    </trkpt>
    <trkpt lat="45.48868159" lon="15.08583616">
        <ele>324.0</ele>
        <time>2022-08-16T19:43:53.024Z</time>
    </trkpt>
    <trkpt lat="45.48868746" lon="15.08583315">
        <ele>323.0</ele>
        <time>2022-08-16T19:43:54.024Z</time>
    </trkpt>
    <trkpt lat="45.4886927" lon="15.08582275">
        <ele>323.0</ele>
        <time>2022-08-16T19:43:56.024Z</time>
    </trkpt>
    <trkpt lat="45.48870401" lon="15.08582208">
        <ele>323.0</ele>
        <time>2022-08-16T19:43:57.024Z</time>
    </trkpt>
    <trkpt lat="45.48872153" lon="15.08581404">
        <ele>323.0</ele>
        <time>2022-08-16T19:43:59.024Z</time>
    </trkpt>
    <trkpt lat="45.48872053" lon="15.08581705">
        <ele>323.0</ele>
        <time>2022-08-16T19:44:00.024Z</time>
    </trkpt>
    <trkpt lat="45.48872677" lon="15.08581655">
        <ele>322.0</ele>
        <time>2022-08-16T19:44:01.024Z</time>
    </trkpt>
    <trkpt lat="45.48872786" lon="15.08581077">
        <ele>322.0</ele>
        <time>2022-08-16T19:44:02.024Z</time>
    </trkpt>
    <trkpt lat="45.48873507" lon="15.08581915">
        <ele>322.0</ele>
        <time>2022-08-16T19:44:05.024Z</time>
    </trkpt>
    <trkpt lat="45.48873109" lon="15.08582468">
        <ele>322.0</ele>
        <time>2022-08-16T19:44:06.024Z</time>
    </trkpt>
    <trkpt lat="45.48874215" lon="15.08582284">
        <ele>322.0</ele>
        <time>2022-08-16T19:44:09.024Z</time>
    </trkpt>
    <trkpt lat="45.48875016" lon="15.08580674">
        <ele>322.0</ele>
        <time>2022-08-16T19:44:12.024Z</time>
    </trkpt>
    <trkpt lat="45.48876994" lon="15.0858018">
        <ele>322.0</ele>
        <time>2022-08-16T19:44:15.024Z</time>
    </trkpt>
    <trkpt lat="45.48877509" lon="15.08579409">
        <ele>322.0</ele>
        <time>2022-08-16T19:44:17.024Z</time>
    </trkpt>
    <trkpt lat="45.48877656" lon="15.08579752">
        <ele>322.0</ele>
        <time>2022-08-16T19:44:19.024Z</time>
    </trkpt>
    <trkpt lat="45.48877794" lon="15.08578839">
        <ele>322.0</ele>
        <time>2022-08-16T19:44:21.024Z</time>
    </trkpt>
    <trkpt lat="45.48878243" lon="15.08579576">
        <ele>322.0</ele>
        <time>2022-08-16T19:44:23.024Z</time>
    </trkpt>
    <trkpt lat="45.4887872" lon="15.08579224">
        <ele>321.0</ele>
        <time>2022-08-16T19:44:25.024Z</time>
    </trkpt>
    <trkpt lat="45.48879684" lon="15.0857961">
        <ele>321.0</ele>
        <time>2022-08-16T19:44:27.024Z</time>
    </trkpt>
    <trkpt lat="45.48880246" lon="15.08580775">
        <ele>321.0</ele>
        <time>2022-08-16T19:44:30.024Z</time>
    </trkpt>
    <trkpt lat="45.48883695" lon="15.08583843">
        <ele>322.0</ele>
        <time>2022-08-16T19:44:35.024Z</time>
    </trkpt>
    <trkpt lat="45.48887576" lon="15.08588562">
        <ele>321.0</ele>
        <time>2022-08-16T19:44:41.024Z</time>
    </trkpt>
    <trkpt lat="45.48887999" lon="15.08589216">
        <ele>321.0</ele>
        <time>2022-08-16T19:44:42.024Z</time>
    </trkpt>
    <trkpt lat="45.48886671" lon="15.08590029">
        <ele>320.0</ele>
        <time>2022-08-16T19:44:43.024Z</time>
    </trkpt>
    <trkpt lat="45.48886679" lon="15.08589467">
        <ele>320.0</ele>
        <time>2022-08-16T19:44:44.024Z</time>
    </trkpt>
    <trkpt lat="45.48886097" lon="15.0858909">
        <ele>320.0</ele>
        <time>2022-08-16T19:44:45.024Z</time>
    </trkpt>
    <trkpt lat="45.48887811" lon="15.08586952">
        <ele>321.0</ele>
        <time>2022-08-16T19:44:47.024Z</time>
    </trkpt>
    <trkpt lat="45.48889009" lon="15.08586743">
        <ele>321.0</ele>
        <time>2022-08-16T19:44:48.024Z</time>
    </trkpt>
    <trkpt lat="45.48889504" lon="15.08585687">
        <ele>320.0</ele>
        <time>2022-08-16T19:44:49.024Z</time>
    </trkpt>
    <trkpt lat="45.48891071" lon="15.08585125">
        <ele>319.0</ele>
        <time>2022-08-16T19:44:51.024Z</time>
    </trkpt>
    <trkpt lat="45.48892006" lon="15.08583315">
        <ele>319.0</ele>
        <time>2022-08-16T19:44:53.024Z</time>
    </trkpt>
    <trkpt lat="45.4889434" lon="15.0858225">
        <ele>319.0</ele>
        <time>2022-08-16T19:44:56.024Z</time>
    </trkpt>
    <trkpt lat="45.48895183" lon="15.08579325">
        <ele>318.0</ele>
        <time>2022-08-16T19:45:03.024Z</time>
    </trkpt>
    <trkpt lat="45.48896352" lon="15.08577581">
        <ele>318.0</ele>
        <time>2022-08-16T19:45:06.024Z</time>
    </trkpt>
    <trkpt lat="45.48896662" lon="15.08575226">
        <ele>317.0</ele>
        <time>2022-08-16T19:45:10.024Z</time>
    </trkpt>
    <trkpt lat="45.48897559" lon="15.08574908">
        <ele>317.0</ele>
        <time>2022-08-16T19:45:11.024Z</time>
    </trkpt>
    <trkpt lat="45.48898275" lon="15.08573877">
        <ele>317.0</ele>
        <time>2022-08-16T19:45:12.024Z</time>
    </trkpt>
    <trkpt lat="45.48901398" lon="15.08572259">
        <ele>316.0</ele>
        <time>2022-08-16T19:45:15.024Z</time>
    </trkpt>
    <trkpt lat="45.4890372" lon="15.0857277">
        <ele>316.0</ele>
        <time>2022-08-16T19:45:17.024Z</time>
    </trkpt>
    <trkpt lat="45.48905207" lon="15.08572301">
        <ele>315.0</ele>
        <time>2022-08-16T19:45:19.024Z</time>
    </trkpt>
    <trkpt lat="45.48906381" lon="15.08572477">
        <ele>315.0</ele>
        <time>2022-08-16T19:45:20.024Z</time>
    </trkpt>
    <trkpt lat="45.48910228" lon="15.08567942">
        <ele>314.0</ele>
        <time>2022-08-16T19:45:27.024Z</time>
    </trkpt>
    <trkpt lat="45.48911628" lon="15.08565285">
        <ele>314.0</ele>
        <time>2022-08-16T19:45:29.024Z</time>
    </trkpt>
    <trkpt lat="45.48916527" lon="15.08563173">
        <ele>313.0</ele>
        <time>2022-08-16T19:45:34.024Z</time>
    </trkpt>
    <trkpt lat="45.48919146" lon="15.085635">
        <ele>312.0</ele>
        <time>2022-08-16T19:45:38.024Z</time>
    </trkpt>
    <trkpt lat="45.48920735" lon="15.08562444">
        <ele>312.0</ele>
        <time>2022-08-16T19:45:40.024Z</time>
    </trkpt>
    <trkpt lat="45.48921288" lon="15.08561513">
        <ele>312.0</ele>
        <time>2022-08-16T19:45:41.024Z</time>
    </trkpt>
    <trkpt lat="45.48921967" lon="15.08561689">
        <ele>312.0</ele>
        <time>2022-08-16T19:45:42.024Z</time>
    </trkpt>
    <trkpt lat="45.48923036" lon="15.08561111">
        <ele>312.0</ele>
        <time>2022-08-16T19:45:43.024Z</time>
    </trkpt>
    <trkpt lat="45.48924553" lon="15.08558236">
        <ele>311.0</ele>
        <time>2022-08-16T19:45:46.024Z</time>
    </trkpt>
    <trkpt lat="45.48924846" lon="15.0855625">
        <ele>311.0</ele>
        <time>2022-08-16T19:45:48.024Z</time>
    </trkpt>
    <trkpt lat="45.48926372" lon="15.0855485">
        <ele>311.0</ele>
        <time>2022-08-16T19:45:50.024Z</time>
    </trkpt>
    <trkpt lat="45.48925927" lon="15.08554305">
        <ele>311.0</ele>
        <time>2022-08-16T19:45:52.024Z</time>
    </trkpt>
    <trkpt lat="45.48927507" lon="15.08554196">
        <ele>311.0</ele>
        <time>2022-08-16T19:45:56.024Z</time>
    </trkpt>
    <trkpt lat="45.48928765" lon="15.08552528">
        <ele>310.0</ele>
        <time>2022-08-16T19:45:59.024Z</time>
    </trkpt>
    <trkpt lat="45.48930072" lon="15.08552427">
        <ele>310.0</ele>
        <time>2022-08-16T19:46:00.024Z</time>
    </trkpt>
    <trkpt lat="45.48931246" lon="15.08551044">
        <ele>310.0</ele>
        <time>2022-08-16T19:46:02.024Z</time>
    </trkpt>
    <trkpt lat="45.48930885" lon="15.08550717">
        <ele>310.0</ele>
        <time>2022-08-16T19:46:03.024Z</time>
    </trkpt>
    <trkpt lat="45.48930948" lon="15.08549695">
        <ele>309.0</ele>
        <time>2022-08-16T19:46:04.024Z</time>
    </trkpt>
    <trkpt lat="45.48932352" lon="15.08548278">
        <ele>309.0</ele>
        <time>2022-08-16T19:46:06.024Z</time>
    </trkpt>
    <trkpt lat="45.48935667" lon="15.08550047">
        <ele>309.0</ele>
        <time>2022-08-16T19:46:09.024Z</time>
    </trkpt>
    <trkpt lat="45.48938027" lon="15.0854946">
        <ele>308.0</ele>
        <time>2022-08-16T19:46:12.024Z</time>
    </trkpt>
    <trkpt lat="45.48939745" lon="15.08549485">
        <ele>308.0</ele>
        <time>2022-08-16T19:46:14.024Z</time>
    </trkpt>
    <trkpt lat="45.48941015" lon="15.08549997">
        <ele>308.0</ele>
        <time>2022-08-16T19:46:15.024Z</time>
    </trkpt>
    <trkpt lat="45.48944057" lon="15.08550005">
        <ele>308.0</ele>
        <time>2022-08-16T19:46:18.024Z</time>
    </trkpt>
    <trkpt lat="45.48945214" lon="15.08551036">
        <ele>308.0</ele>
        <time>2022-08-16T19:46:20.024Z</time>
    </trkpt>
    <trkpt lat="45.4894749" lon="15.08552033">
        <ele>307.0</ele>
        <time>2022-08-16T19:46:22.024Z</time>
    </trkpt>
    <trkpt lat="45.48948165" lon="15.08552117">
        <ele>308.0</ele>
        <time>2022-08-16T19:46:23.024Z</time>
    </trkpt>
    <trkpt lat="45.48948533" lon="15.08551707">
        <ele>307.0</ele>
        <time>2022-08-16T19:46:24.024Z</time>
    </trkpt>
    <trkpt lat="45.48950792" lon="15.08553123">
        <ele>307.0</ele>
        <time>2022-08-16T19:46:27.024Z</time>
    </trkpt>
    <trkpt lat="45.48954786" lon="15.08553173">
        <ele>306.0</ele>
        <time>2022-08-16T19:46:30.024Z</time>
    </trkpt>
    <trkpt lat="45.48955624" lon="15.08554338">
        <ele>306.0</ele>
        <time>2022-08-16T19:46:31.024Z</time>
    </trkpt>
    <trkpt lat="45.48957909" lon="15.08555914">
        <ele>305.0</ele>
        <time>2022-08-16T19:46:33.024Z</time>
    </trkpt>
    <trkpt lat="45.48958931" lon="15.08556032">
        <ele>305.0</ele>
        <time>2022-08-16T19:46:34.024Z</time>
    </trkpt>
    <trkpt lat="45.48959623" lon="15.08555663">
        <ele>304.0</ele>
        <time>2022-08-16T19:46:35.024Z</time>
    </trkpt>
    <trkpt lat="45.48964161" lon="15.08550801">
        <ele>301.0</ele>
        <time>2022-08-16T19:46:41.024Z</time>
    </trkpt>
    <trkpt lat="45.48966202" lon="15.08546342">
        <ele>301.0</ele>
        <time>2022-08-16T19:46:44.024Z</time>
    </trkpt>
    <trkpt lat="45.48966257" lon="15.08544163">
        <ele>301.0</ele>
        <time>2022-08-16T19:46:46.024Z</time>
    </trkpt>
    <trkpt lat="45.48968679" lon="15.08541397">
        <ele>300.0</ele>
        <time>2022-08-16T19:46:49.024Z</time>
    </trkpt>
    <trkpt lat="45.48968696" lon="15.08540198">
        <ele>299.0</ele>
        <time>2022-08-16T19:46:50.024Z</time>
    </trkpt>
    <trkpt lat="45.4896987" lon="15.08538388">
        <ele>299.0</ele>
        <time>2022-08-16T19:46:52.024Z</time>
    </trkpt>
    <trkpt lat="45.48969207" lon="15.08537994">
        <ele>299.0</ele>
        <time>2022-08-16T19:46:53.024Z</time>
    </trkpt>
    <trkpt lat="45.48969488" lon="15.08534851">
        <ele>298.0</ele>
        <time>2022-08-16T19:46:56.024Z</time>
    </trkpt>
    <trkpt lat="45.48969199" lon="15.08533954">
        <ele>298.0</ele>
        <time>2022-08-16T19:46:57.024Z</time>
    </trkpt>
    <trkpt lat="45.48968704" lon="15.08533577">
        <ele>297.0</ele>
        <time>2022-08-16T19:46:58.024Z</time>
    </trkpt>
    <trkpt lat="45.48968822" lon="15.08533174">
        <ele>297.0</ele>
        <time>2022-08-16T19:46:59.024Z</time>
    </trkpt>
    <trkpt lat="45.48968495" lon="15.08533501">
        <ele>297.0</ele>
        <time>2022-08-16T19:47:00.024Z</time>
    </trkpt>
    <trkpt lat="45.48967464" lon="15.08532738">
        <ele>296.0</ele>
        <time>2022-08-16T19:47:02.024Z</time>
    </trkpt>
    <trkpt lat="45.48967644" lon="15.08533065">
        <ele>296.0</ele>
        <time>2022-08-16T19:47:03.024Z</time>
    </trkpt>
    <trkpt lat="45.48968725" lon="15.08532219">
        <ele>296.0</ele>
        <time>2022-08-16T19:47:08.024Z</time>
    </trkpt>
    <trkpt lat="45.48968386" lon="15.08531716">
        <ele>296.0</ele>
        <time>2022-08-16T19:47:09.024Z</time>
    </trkpt>
    <trkpt lat="45.48968889" lon="15.08530978">
        <ele>294.0</ele>
        <time>2022-08-16T19:47:12.024Z</time>
    </trkpt>
    <trkpt lat="45.48968675" lon="15.08527441">
        <ele>293.0</ele>
        <time>2022-08-16T19:47:17.024Z</time>
    </trkpt>
    <trkpt lat="45.48969501" lon="15.08524356">
        <ele>292.0</ele>
        <time>2022-08-16T19:47:20.024Z</time>
    </trkpt>
    <trkpt lat="45.4896935" lon="15.0852087">
        <ele>292.0</ele>
        <time>2022-08-16T19:47:24.024Z</time>
    </trkpt>
    <trkpt lat="45.48969849" lon="15.08520149">
        <ele>292.0</ele>
        <time>2022-08-16T19:47:25.024Z</time>
    </trkpt>
    <trkpt lat="45.48969999" lon="15.08518565">
        <ele>291.0</ele>
        <time>2022-08-16T19:47:26.024Z</time>
    </trkpt>
    <trkpt lat="45.48971307" lon="15.08517223">
        <ele>290.0</ele>
        <time>2022-08-16T19:47:29.024Z</time>
    </trkpt>
    <trkpt lat="45.48972309" lon="15.08516955">
        <ele>290.0</ele>
        <time>2022-08-16T19:47:30.024Z</time>
    </trkpt>
    <trkpt lat="45.48973138" lon="15.08515203">
        <ele>290.0</ele>
        <time>2022-08-16T19:47:32.024Z</time>
    </trkpt>
    <trkpt lat="45.4897243" lon="15.08514809">
        <ele>290.0</ele>
        <time>2022-08-16T19:47:33.024Z</time>
    </trkpt>
    <trkpt lat="45.4897287" lon="15.08513317">
        <ele>289.0</ele>
        <time>2022-08-16T19:47:37.024Z</time>
    </trkpt>
    <trkpt lat="45.4897347" lon="15.08512789">
        <ele>289.0</ele>
        <time>2022-08-16T19:47:38.024Z</time>
    </trkpt>
    <trkpt lat="45.48972606" lon="15.0851268">
        <ele>289.0</ele>
        <time>2022-08-16T19:47:40.024Z</time>
    </trkpt>
    <trkpt lat="45.48972698" lon="15.08511876">
        <ele>289.0</ele>
        <time>2022-08-16T19:47:41.024Z</time>
    </trkpt>
    <trkpt lat="45.4897391" lon="15.08510476">
        <ele>289.0</ele>
        <time>2022-08-16T19:47:43.024Z</time>
    </trkpt>
    <trkpt lat="45.4897505" lon="15.08507517">
        <ele>288.0</ele>
        <time>2022-08-16T19:47:47.024Z</time>
    </trkpt>
    <trkpt lat="45.48977585" lon="15.08503846">
        <ele>288.0</ele>
        <time>2022-08-16T19:47:51.024Z</time>
    </trkpt>
    <trkpt lat="45.48981181" lon="15.08501541">
        <ele>288.0</ele>
        <time>2022-08-16T19:47:55.024Z</time>
    </trkpt>
    <trkpt lat="45.4898235" lon="15.08499856">
        <ele>288.0</ele>
        <time>2022-08-16T19:47:57.024Z</time>
    </trkpt>
    <trkpt lat="45.48984353" lon="15.08494911">
        <ele>287.0</ele>
        <time>2022-08-16T19:48:02.024Z</time>
    </trkpt>
    <trkpt lat="45.4898419" lon="15.08491826">
        <ele>287.0</ele>
        <time>2022-08-16T19:48:05.024Z</time>
    </trkpt>
    <trkpt lat="45.4898489" lon="15.08491374">
        <ele>287.0</ele>
        <time>2022-08-16T19:48:06.024Z</time>
    </trkpt>
    <trkpt lat="45.48985544" lon="15.08489999">
        <ele>287.0</ele>
        <time>2022-08-16T19:48:07.024Z</time>
    </trkpt>
    <trkpt lat="45.48985623" lon="15.08487501">
        <ele>288.0</ele>
        <time>2022-08-16T19:48:10.024Z</time>
    </trkpt>
    <trkpt lat="45.48986847" lon="15.08488515">
        <ele>288.0</ele>
        <time>2022-08-16T19:48:13.024Z</time>
    </trkpt>
    <trkpt lat="45.48987547" lon="15.08487317">
        <ele>287.0</ele>
        <time>2022-08-16T19:48:15.024Z</time>
    </trkpt>
    <trkpt lat="45.4898657" lon="15.0848668">
        <ele>287.0</ele>
        <time>2022-08-16T19:48:16.024Z</time>
    </trkpt>
    <trkpt lat="45.48985091" lon="15.08484727">
        <ele>287.0</ele>
        <time>2022-08-16T19:48:18.024Z</time>
    </trkpt>
    <trkpt lat="45.48983096" lon="15.0848119">
        <ele>286.0</ele>
        <time>2022-08-16T19:48:24.024Z</time>
    </trkpt>
    <trkpt lat="45.48979982" lon="15.08480083">
        <ele>286.0</ele>
        <time>2022-08-16T19:48:28.024Z</time>
    </trkpt>
    <trkpt lat="45.48979655" lon="15.08478851">
        <ele>286.0</ele>
        <time>2022-08-16T19:48:29.024Z</time>
    </trkpt>
    <trkpt lat="45.48978918" lon="15.08478281">
        <ele>285.0</ele>
        <time>2022-08-16T19:48:30.024Z</time>
    </trkpt>
    <trkpt lat="45.48977589" lon="15.08478222">
        <ele>285.0</ele>
        <time>2022-08-16T19:48:31.024Z</time>
    </trkpt>
    <trkpt lat="45.4897489" lon="15.08474241">
        <ele>286.0</ele>
        <time>2022-08-16T19:48:37.024Z</time>
    </trkpt>
    <trkpt lat="45.48973759" lon="15.08473688">
        <ele>285.0</ele>
        <time>2022-08-16T19:48:39.024Z</time>
    </trkpt>
    <trkpt lat="45.48973147" lon="15.08471651">
        <ele>285.0</ele>
        <time>2022-08-16T19:48:41.024Z</time>
    </trkpt>
    <trkpt lat="45.48971831" lon="15.08470369">
        <ele>285.0</ele>
        <time>2022-08-16T19:48:43.024Z</time>
    </trkpt>
    <trkpt lat="45.48970322" lon="15.084714">
        <ele>285.0</ele>
        <time>2022-08-16T19:48:45.024Z</time>
    </trkpt>
    <trkpt lat="45.48969727" lon="15.08471232">
        <ele>285.0</ele>
        <time>2022-08-16T19:48:46.024Z</time>
    </trkpt>
    <trkpt lat="45.48967665" lon="15.08469748">
        <ele>284.0</ele>
        <time>2022-08-16T19:48:49.024Z</time>
    </trkpt>
    <trkpt lat="45.48966445" lon="15.08469715">
        <ele>284.0</ele>
        <time>2022-08-16T19:48:50.024Z</time>
    </trkpt>
    <trkpt lat="45.48964811" lon="15.08468349">
        <ele>284.0</ele>
        <time>2022-08-16T19:48:52.024Z</time>
    </trkpt>
    <trkpt lat="45.48963742" lon="15.08468483">
        <ele>283.0</ele>
        <time>2022-08-16T19:48:53.024Z</time>
    </trkpt>
    <trkpt lat="45.48962397" lon="15.08467695">
        <ele>283.0</ele>
        <time>2022-08-16T19:48:54.024Z</time>
    </trkpt>
    <trkpt lat="45.48959945" lon="15.08464602">
        <ele>283.0</ele>
        <time>2022-08-16T19:48:56.024Z</time>
    </trkpt>
    <trkpt lat="45.48957963" lon="15.08459623">
        <ele>281.0</ele>
        <time>2022-08-16T19:49:00.024Z</time>
    </trkpt>
    <trkpt lat="45.48955746" lon="15.08456664">
        <ele>280.0</ele>
        <time>2022-08-16T19:49:02.024Z</time>
    </trkpt>
    <trkpt lat="45.48952741" lon="15.08455524">
        <ele>279.0</ele>
        <time>2022-08-16T19:49:05.024Z</time>
    </trkpt>
    <trkpt lat="45.48951371" lon="15.08454292">
        <ele>279.0</ele>
        <time>2022-08-16T19:49:07.024Z</time>
    </trkpt>
    <trkpt lat="45.48949845" lon="15.08453697">
        <ele>278.0</ele>
        <time>2022-08-16T19:49:09.024Z</time>
    </trkpt>
    <trkpt lat="45.48949049" lon="15.0845223">
        <ele>277.0</ele>
        <time>2022-08-16T19:49:12.024Z</time>
    </trkpt>
    <trkpt lat="45.48947955" lon="15.08452389">
        <ele>277.0</ele>
        <time>2022-08-16T19:49:14.024Z</time>
    </trkpt>
    <trkpt lat="45.48947243" lon="15.08451635">
        <ele>278.0</ele>
        <time>2022-08-16T19:49:15.024Z</time>
    </trkpt>
    <trkpt lat="45.48946555" lon="15.08451778">
        <ele>278.0</ele>
        <time>2022-08-16T19:49:16.024Z</time>
    </trkpt>
    <trkpt lat="45.48942197" lon="15.08450344">
        <ele>278.0</ele>
        <time>2022-08-16T19:49:21.024Z</time>
    </trkpt>
    <trkpt lat="45.48939946" lon="15.08450436">
        <ele>277.0</ele>
        <time>2022-08-16T19:49:24.024Z</time>
    </trkpt>
    <trkpt lat="45.48937679" lon="15.08449984">
        <ele>277.0</ele>
        <time>2022-08-16T19:49:27.024Z</time>
    </trkpt>
    <trkpt lat="45.48936757" lon="15.08449498">
        <ele>277.0</ele>
        <time>2022-08-16T19:49:28.024Z</time>
    </trkpt>
    <trkpt lat="45.48935906" lon="15.08448299">
        <ele>277.0</ele>
        <time>2022-08-16T19:49:29.024Z</time>
    </trkpt>
    <trkpt lat="45.48935294" lon="15.08444795">
        <ele>277.0</ele>
        <time>2022-08-16T19:49:31.024Z</time>
    </trkpt>
    <trkpt lat="45.48934175" lon="15.08441661">
        <ele>276.0</ele>
        <time>2022-08-16T19:49:33.024Z</time>
    </trkpt>
    <trkpt lat="45.48931568" lon="15.08438517">
        <ele>277.0</ele>
        <time>2022-08-16T19:49:36.024Z</time>
    </trkpt>
    <trkpt lat="45.48930039" lon="15.08438165">
        <ele>277.0</ele>
        <time>2022-08-16T19:49:39.024Z</time>
    </trkpt>
    <trkpt lat="45.4892993" lon="15.08438559">
        <ele>277.0</ele>
        <time>2022-08-16T19:49:40.024Z</time>
    </trkpt>
    <trkpt lat="45.48927113" lon="15.08435936">
        <ele>276.0</ele>
        <time>2022-08-16T19:49:44.024Z</time>
    </trkpt>
    <trkpt lat="45.48924787" lon="15.08435173">
        <ele>276.0</ele>
        <time>2022-08-16T19:49:47.024Z</time>
    </trkpt>
    <trkpt lat="45.4892405" lon="15.08433849">
        <ele>275.0</ele>
        <time>2022-08-16T19:49:48.024Z</time>
    </trkpt>
    <trkpt lat="45.48924318" lon="15.08433706">
        <ele>275.0</ele>
        <time>2022-08-16T19:49:49.024Z</time>
    </trkpt>
    <trkpt lat="45.48924184" lon="15.08433991">
        <ele>275.0</ele>
        <time>2022-08-16T19:49:50.024Z</time>
    </trkpt>
    <trkpt lat="45.48923752" lon="15.0843353">
        <ele>275.0</ele>
        <time>2022-08-16T19:49:52.024Z</time>
    </trkpt>
    <trkpt lat="45.48923031" lon="15.08434008">
        <ele>275.0</ele>
        <time>2022-08-16T19:49:53.024Z</time>
    </trkpt>
    <trkpt lat="45.48921623" lon="15.08433899">
        <ele>276.0</ele>
        <time>2022-08-16T19:49:55.024Z</time>
    </trkpt>
    <trkpt lat="45.4892138" lon="15.08433438">
        <ele>275.0</ele>
        <time>2022-08-16T19:49:57.024Z</time>
    </trkpt>
    <trkpt lat="45.48919976" lon="15.08434628">
        <ele>275.0</ele>
        <time>2022-08-16T19:50:00.024Z</time>
    </trkpt>
    <trkpt lat="45.48917068" lon="15.08433673">
        <ele>275.0</ele>
        <time>2022-08-16T19:50:04.024Z</time>
    </trkpt>
    <trkpt lat="45.48916318" lon="15.084341">
        <ele>275.0</ele>
        <time>2022-08-16T19:50:05.024Z</time>
    </trkpt>
    <trkpt lat="45.48915173" lon="15.08433958">
        <ele>276.0</ele>
        <time>2022-08-16T19:50:06.024Z</time>
    </trkpt>
    <trkpt lat="45.48914813" lon="15.08434184">
        <ele>277.0</ele>
        <time>2022-08-16T19:50:07.024Z</time>
    </trkpt>
    <trkpt lat="45.48915387" lon="15.08435952">
        <ele>275.0</ele>
        <time>2022-08-16T19:50:10.024Z</time>
    </trkpt>
    <trkpt lat="45.48915098" lon="15.08436724">
        <ele>275.0</ele>
        <time>2022-08-16T19:50:12.024Z</time>
    </trkpt>
    <trkpt lat="45.48914846" lon="15.08436179">
        <ele>275.0</ele>
        <time>2022-08-16T19:50:13.024Z</time>
    </trkpt>
    <trkpt lat="45.48913987" lon="15.08435944">
        <ele>274.0</ele>
        <time>2022-08-16T19:50:17.024Z</time>
    </trkpt>
    <trkpt lat="45.48914281" lon="15.08436279">
        <ele>274.0</ele>
        <time>2022-08-16T19:50:18.024Z</time>
    </trkpt>
    <trkpt lat="45.48914675" lon="15.084355">
        <ele>273.0</ele>
        <time>2022-08-16T19:50:21.024Z</time>
    </trkpt>
    <trkpt lat="45.48913962" lon="15.0843612">
        <ele>273.0</ele>
        <time>2022-08-16T19:50:26.024Z</time>
    </trkpt>
    <trkpt lat="45.48912495" lon="15.08434511">
        <ele>272.0</ele>
        <time>2022-08-16T19:50:29.024Z</time>
    </trkpt>
    <trkpt lat="45.48910953" lon="15.08435123">
        <ele>272.0</ele>
        <time>2022-08-16T19:50:31.024Z</time>
    </trkpt>
    <trkpt lat="45.48909746" lon="15.08433262">
        <ele>271.0</ele>
        <time>2022-08-16T19:50:34.024Z</time>
    </trkpt>
    <trkpt lat="45.48908636" lon="15.08432943">
        <ele>271.0</ele>
        <time>2022-08-16T19:50:36.024Z</time>
    </trkpt>
    <trkpt lat="45.48907571" lon="15.08433161">
        <ele>270.0</ele>
        <time>2022-08-16T19:50:38.024Z</time>
    </trkpt>
    <trkpt lat="45.48906875" lon="15.08432709">
        <ele>270.0</ele>
        <time>2022-08-16T19:50:39.024Z</time>
    </trkpt>
    <trkpt lat="45.48905346" lon="15.08429708">
        <ele>270.0</ele>
        <time>2022-08-16T19:50:44.024Z</time>
    </trkpt>
    <trkpt lat="45.4890286" lon="15.08428191">
        <ele>269.0</ele>
        <time>2022-08-16T19:50:49.024Z</time>
    </trkpt>
    <trkpt lat="45.48901951" lon="15.08427151">
        <ele>269.0</ele>
        <time>2022-08-16T19:50:51.024Z</time>
    </trkpt>
    <trkpt lat="45.48900539" lon="15.08426758">
        <ele>269.0</ele>
        <time>2022-08-16T19:50:53.024Z</time>
    </trkpt>
    <trkpt lat="45.48899897" lon="15.08427168">
        <ele>269.0</ele>
        <time>2022-08-16T19:50:57.024Z</time>
    </trkpt>
    <trkpt lat="45.4889781" lon="15.08425643">
        <ele>268.0</ele>
        <time>2022-08-16T19:51:02.024Z</time>
    </trkpt>
    <trkpt lat="45.48896415" lon="15.08425215">
        <ele>267.0</ele>
        <time>2022-08-16T19:51:04.024Z</time>
    </trkpt>
    <trkpt lat="45.48895568" lon="15.08425483">
        <ele>267.0</ele>
        <time>2022-08-16T19:51:05.024Z</time>
    </trkpt>
    <trkpt lat="45.48894118" lon="15.0842452">
        <ele>267.0</ele>
        <time>2022-08-16T19:51:07.024Z</time>
    </trkpt>
    <trkpt lat="45.4889258" lon="15.08424243">
        <ele>267.0</ele>
        <time>2022-08-16T19:51:09.024Z</time>
    </trkpt>
    <trkpt lat="45.4889035" lon="15.08422617">
        <ele>267.0</ele>
        <time>2022-08-16T19:51:11.024Z</time>
    </trkpt>
    <trkpt lat="45.48885531" lon="15.08417211">
        <ele>265.0</ele>
        <time>2022-08-16T19:51:15.024Z</time>
    </trkpt>
    <trkpt lat="45.48882413" lon="15.08414637">
        <ele>263.0</ele>
        <time>2022-08-16T19:51:17.024Z</time>
    </trkpt>
    <trkpt lat="45.48879098" lon="15.08409809">
        <ele>262.0</ele>
        <time>2022-08-16T19:51:20.024Z</time>
    </trkpt>
    <trkpt lat="45.48876143" lon="15.08407773">
        <ele>262.0</ele>
        <time>2022-08-16T19:51:22.024Z</time>
    </trkpt>
    <trkpt lat="45.48871722" lon="15.08403556">
        <ele>260.0</ele>
        <time>2022-08-16T19:51:27.024Z</time>
    </trkpt>
    <trkpt lat="45.48871009" lon="15.08402081">
        <ele>262.0</ele>
        <time>2022-08-16T19:51:28.024Z</time>
    </trkpt>
    <trkpt lat="45.48870875" lon="15.08400103">
        <ele>263.0</ele>
        <time>2022-08-16T19:51:36.024Z</time>
    </trkpt>
    <trkpt lat="45.48871868" lon="15.08402643">
        <ele>264.0</ele>
        <time>2022-08-16T19:51:37.024Z</time>
    </trkpt>
    <trkpt lat="45.48871797" lon="15.08401888">
        <ele>264.0</ele>
        <time>2022-08-16T19:51:38.024Z</time>
    </trkpt>
    <trkpt lat="45.48870657" lon="15.08401813">
        <ele>264.0</ele>
        <time>2022-08-16T19:51:39.024Z</time>
    </trkpt>
    <trkpt lat="45.48869605" lon="15.08402492">
        <ele>263.0</ele>
        <time>2022-08-16T19:51:43.024Z</time>
    </trkpt>
    <trkpt lat="45.48868759" lon="15.08402249">
        <ele>263.0</ele>
        <time>2022-08-16T19:51:45.024Z</time>
    </trkpt>
    <trkpt lat="45.48865142" lon="15.08396843">
        <ele>262.0</ele>
        <time>2022-08-16T19:51:50.024Z</time>
    </trkpt>
    <trkpt lat="45.48857468" lon="15.08392702">
        <ele>261.0</ele>
        <time>2022-08-16T19:51:56.024Z</time>
    </trkpt>
    <trkpt lat="45.48855729" lon="15.08391076">
        <ele>261.0</ele>
        <time>2022-08-16T19:51:58.024Z</time>
    </trkpt>
    <trkpt lat="45.48853948" lon="15.08390573">
        <ele>261.0</ele>
        <time>2022-08-16T19:51:59.024Z</time>
    </trkpt>
    <trkpt lat="45.48850758" lon="15.08386415">
        <ele>261.0</ele>
        <time>2022-08-16T19:52:03.024Z</time>
    </trkpt>
    <trkpt lat="45.48850117" lon="15.08384236">
        <ele>262.0</ele>
        <time>2022-08-16T19:52:05.024Z</time>
    </trkpt>
    <trkpt lat="45.48847179" lon="15.08381872">
        <ele>261.0</ele>
        <time>2022-08-16T19:52:08.024Z</time>
    </trkpt>
    <trkpt lat="45.48843072" lon="15.08379987">
        <ele>260.0</ele>
        <time>2022-08-16T19:52:11.024Z</time>
    </trkpt>
    <trkpt lat="45.48842104" lon="15.08379894">
        <ele>260.0</ele>
        <time>2022-08-16T19:52:12.024Z</time>
    </trkpt>
    <trkpt lat="45.48840017" lon="15.08378629">
        <ele>260.0</ele>
        <time>2022-08-16T19:52:14.024Z</time>
    </trkpt>
    <trkpt lat="45.4883798" lon="15.08376776">
        <ele>259.0</ele>
        <time>2022-08-16T19:52:16.024Z</time>
    </trkpt>
    <trkpt lat="45.48835357" lon="15.08373197">
        <ele>259.0</ele>
        <time>2022-08-16T19:52:19.024Z</time>
    </trkpt>
    <trkpt lat="45.48832276" lon="15.08370808">
        <ele>259.0</ele>
        <time>2022-08-16T19:52:23.024Z</time>
    </trkpt>
    <trkpt lat="45.48825692" lon="15.08363541">
        <ele>257.0</ele>
        <time>2022-08-16T19:52:32.024Z</time>
    </trkpt>
    <trkpt lat="45.4882405" lon="15.08361152">
        <ele>257.0</ele>
        <time>2022-08-16T19:52:34.024Z</time>
    </trkpt>
    <trkpt lat="45.48817059" lon="15.08354036">
        <ele>255.0</ele>
        <time>2022-08-16T19:52:42.024Z</time>
    </trkpt>
    <trkpt lat="45.488076" lon="15.08346811">
        <ele>255.0</ele>
        <time>2022-08-16T19:52:52.024Z</time>
    </trkpt>
    <trkpt lat="45.48800865" lon="15.08343416">
        <ele>254.0</ele>
        <time>2022-08-16T19:52:58.024Z</time>
    </trkpt>
    <trkpt lat="45.48798082" lon="15.08340969">
        <ele>254.0</ele>
        <time>2022-08-16T19:53:01.024Z</time>
    </trkpt>
    <trkpt lat="45.48795467" lon="15.08337666">
        <ele>254.0</ele>
        <time>2022-08-16T19:53:04.024Z</time>
    </trkpt>
    <trkpt lat="45.48794449" lon="15.08336853">
        <ele>254.0</ele>
        <time>2022-08-16T19:53:05.024Z</time>
    </trkpt>
    <trkpt lat="45.48791318" lon="15.08335604">
        <ele>254.0</ele>
        <time>2022-08-16T19:53:08.024Z</time>
    </trkpt>
    <trkpt lat="45.48782852" lon="15.08328379">
        <ele>255.0</ele>
        <time>2022-08-16T19:53:17.024Z</time>
    </trkpt>
    <trkpt lat="45.4878077" lon="15.08327968">
        <ele>255.0</ele>
        <time>2022-08-16T19:53:19.024Z</time>
    </trkpt>
    <trkpt lat="45.48772124" lon="15.08322855">
        <ele>255.0</ele>
        <time>2022-08-16T19:53:27.024Z</time>
    </trkpt>
    <trkpt lat="45.48770653" lon="15.08322436">
        <ele>255.0</ele>
        <time>2022-08-16T19:53:28.024Z</time>
    </trkpt>
    <trkpt lat="45.48767287" lon="15.08319704">
        <ele>255.0</ele>
        <time>2022-08-16T19:53:31.024Z</time>
    </trkpt>
    <trkpt lat="45.48764341" lon="15.08317927">
        <ele>255.0</ele>
        <time>2022-08-16T19:53:34.024Z</time>
    </trkpt>
    <trkpt lat="45.48762422" lon="15.08316024">
        <ele>255.0</ele>
        <time>2022-08-16T19:53:36.024Z</time>
    </trkpt>
    <trkpt lat="45.48759241" lon="15.08314717">
        <ele>255.0</ele>
        <time>2022-08-16T19:53:40.024Z</time>
    </trkpt>
    <trkpt lat="45.48757895" lon="15.08313241">
        <ele>255.0</ele>
        <time>2022-08-16T19:53:42.024Z</time>
    </trkpt>
    <trkpt lat="45.48752854" lon="15.08312177">
        <ele>255.0</ele>
        <time>2022-08-16T19:53:48.024Z</time>
    </trkpt>
    <trkpt lat="45.48748814" lon="15.08309956">
        <ele>255.0</ele>
        <time>2022-08-16T19:53:52.024Z</time>
    </trkpt>
    <trkpt lat="45.48747024" lon="15.08310526">
        <ele>255.0</ele>
        <time>2022-08-16T19:53:54.024Z</time>
    </trkpt>
    <trkpt lat="45.48742745" lon="15.08308967">
        <ele>255.0</ele>
        <time>2022-08-16T19:53:58.024Z</time>
    </trkpt>
    <trkpt lat="45.4874202" lon="15.08308338">
        <ele>255.0</ele>
        <time>2022-08-16T19:54:00.024Z</time>
    </trkpt>
    <trkpt lat="45.48740423" lon="15.08308196">
        <ele>254.0</ele>
        <time>2022-08-16T19:54:02.024Z</time>
    </trkpt>
    <trkpt lat="45.48738856" lon="15.08306737">
        <ele>254.0</ele>
        <time>2022-08-16T19:54:04.024Z</time>
    </trkpt>
    <trkpt lat="45.48733592" lon="15.08298129">
        <ele>253.0</ele>
        <time>2022-08-16T19:54:12.024Z</time>
    </trkpt>
    <trkpt lat="45.48730734" lon="15.0829517">
        <ele>252.0</ele>
        <time>2022-08-16T19:54:16.024Z</time>
    </trkpt>
    <trkpt lat="45.48726622" lon="15.08287861">
        <ele>251.0</ele>
        <time>2022-08-16T19:54:22.024Z</time>
    </trkpt>
    <trkpt lat="45.48724263" lon="15.08284651">
        <ele>250.0</ele>
        <time>2022-08-16T19:54:25.024Z</time>
    </trkpt>
    <trkpt lat="45.48723626" lon="15.08281558">
        <ele>250.0</ele>
        <time>2022-08-16T19:54:27.024Z</time>
    </trkpt>
    <trkpt lat="45.4872252" lon="15.08279613">
        <ele>250.0</ele>
        <time>2022-08-16T19:54:29.024Z</time>
    </trkpt>
    <trkpt lat="45.48719406" lon="15.08276721">
        <ele>249.0</ele>
        <time>2022-08-16T19:54:33.024Z</time>
    </trkpt>
    <trkpt lat="45.48716899" lon="15.08273335">
        <ele>248.0</ele>
        <time>2022-08-16T19:54:38.024Z</time>
    </trkpt>
    <trkpt lat="45.48714791" lon="15.08273184">
        <ele>249.0</ele>
        <time>2022-08-16T19:54:41.024Z</time>
    </trkpt>
    <trkpt lat="45.48712499" lon="15.08272019">
        <ele>249.0</ele>
        <time>2022-08-16T19:54:44.024Z</time>
    </trkpt>
    <trkpt lat="45.48710173" lon="15.08271483">
        <ele>248.0</ele>
        <time>2022-08-16T19:54:46.024Z</time>
    </trkpt>
    <trkpt lat="45.48709473" lon="15.08270888">
        <ele>248.0</ele>
        <time>2022-08-16T19:54:47.024Z</time>
    </trkpt>
    <trkpt lat="45.48704343" lon="15.08266093">
        <ele>248.0</ele>
        <time>2022-08-16T19:54:53.024Z</time>
    </trkpt>
    <trkpt lat="45.48703044" lon="15.08263235">
        <ele>248.0</ele>
        <time>2022-08-16T19:54:56.024Z</time>
    </trkpt>
    <trkpt lat="45.48701225" lon="15.08261232">
        <ele>247.0</ele>
        <time>2022-08-16T19:54:59.024Z</time>
    </trkpt>
    <trkpt lat="45.48699184" lon="15.08260712">
        <ele>247.0</ele>
        <time>2022-08-16T19:55:01.024Z</time>
    </trkpt>
    <trkpt lat="45.48693979" lon="15.08262749">
        <ele>247.0</ele>
        <time>2022-08-16T19:55:07.024Z</time>
    </trkpt>
    <trkpt lat="45.4869035" lon="15.08260704">
        <ele>247.0</ele>
        <time>2022-08-16T19:55:11.024Z</time>
    </trkpt>
    <trkpt lat="45.48687337" lon="15.08260494">
        <ele>247.0</ele>
        <time>2022-08-16T19:55:14.024Z</time>
    </trkpt>
    <trkpt lat="45.48684357" lon="15.08258105">
        <ele>246.0</ele>
        <time>2022-08-16T19:55:17.024Z</time>
    </trkpt>
    <trkpt lat="45.48682274" lon="15.0825782">
        <ele>245.0</ele>
        <time>2022-08-16T19:55:19.024Z</time>
    </trkpt>
    <trkpt lat="45.48675925" lon="15.08252942">
        <ele>242.0</ele>
        <time>2022-08-16T19:55:24.024Z</time>
    </trkpt>
    <trkpt lat="45.48668678" lon="15.08248617">
        <ele>240.0</ele>
        <time>2022-08-16T19:55:29.024Z</time>
    </trkpt>
    <trkpt lat="45.48661332" lon="15.08245859">
        <ele>239.0</ele>
        <time>2022-08-16T19:55:34.024Z</time>
    </trkpt>
    <trkpt lat="45.48653323" lon="15.0824456">
        <ele>239.0</ele>
        <time>2022-08-16T19:55:40.024Z</time>
    </trkpt>
    <trkpt lat="45.48650133" lon="15.0824285">
        <ele>240.0</ele>
        <time>2022-08-16T19:55:43.024Z</time>
    </trkpt>
    <trkpt lat="45.48644166" lon="15.08240537">
        <ele>239.0</ele>
        <time>2022-08-16T19:55:48.024Z</time>
    </trkpt>
    <trkpt lat="45.48640498" lon="15.08239774">
        <ele>239.0</ele>
        <time>2022-08-16T19:55:51.024Z</time>
    </trkpt>
    <trkpt lat="45.48637246" lon="15.08239581">
        <ele>239.0</ele>
        <time>2022-08-16T19:55:54.024Z</time>
    </trkpt>
    <trkpt lat="45.48633843" lon="15.08239942">
        <ele>240.0</ele>
        <time>2022-08-16T19:55:57.024Z</time>
    </trkpt>
    <trkpt lat="45.48629506" lon="15.08241031">
        <ele>239.0</ele>
        <time>2022-08-16T19:56:01.024Z</time>
    </trkpt>
    <trkpt lat="45.48624485" lon="15.08241333">
        <ele>240.0</ele>
        <time>2022-08-16T19:56:05.024Z</time>
    </trkpt>
    <trkpt lat="45.4862109" lon="15.08242699">
        <ele>240.0</ele>
        <time>2022-08-16T19:56:08.024Z</time>
    </trkpt>
    <trkpt lat="45.48617662" lon="15.08242892">
        <ele>241.0</ele>
        <time>2022-08-16T19:56:11.024Z</time>
    </trkpt>
    <trkpt lat="45.4861425" lon="15.08244879">
        <ele>241.0</ele>
        <time>2022-08-16T19:56:15.024Z</time>
    </trkpt>
    <trkpt lat="45.48613471" lon="15.08246236">
        <ele>240.0</ele>
        <time>2022-08-16T19:56:20.024Z</time>
    </trkpt>
    <trkpt lat="45.48612838" lon="15.08245985">
        <ele>241.0</ele>
        <time>2022-08-16T19:56:23.024Z</time>
    </trkpt>
    <trkpt lat="45.48612792" lon="15.08246379">
        <ele>241.0</ele>
        <time>2022-08-16T19:56:59.024Z</time>
    </trkpt>
    <trkpt lat="45.48611539" lon="15.08245926">
        <ele>242.0</ele>
        <time>2022-08-16T19:57:12.024Z</time>
    </trkpt>
    <trkpt lat="45.48611355" lon="15.08245289">
        <ele>242.0</ele>
        <time>2022-08-16T19:57:14.024Z</time>
    </trkpt>
    <trkpt lat="45.48610453" lon="15.08244962">
        <ele>242.0</ele>
        <time>2022-08-16T19:57:16.024Z</time>
    </trkpt>
    <trkpt lat="45.48609351" lon="15.08243747">
        <ele>243.0</ele>
        <time>2022-08-16T19:57:43.024Z</time>
    </trkpt>
    <trkpt lat="45.48609812" lon="15.08245155">
        <ele>243.0</ele>
        <time>2022-08-16T19:57:48.024Z</time>
    </trkpt>
    <trkpt lat="45.48608677" lon="15.08245256">
        <ele>243.0</ele>
        <time>2022-08-16T19:57:51.024Z</time>
    </trkpt>
    <trkpt lat="45.48609737" lon="15.08245004">
        <ele>242.0</ele>
        <time>2022-08-16T19:57:53.024Z</time>
    </trkpt>
    <trkpt lat="45.48609745" lon="15.08245423">
        <ele>242.0</ele>
        <time>2022-08-16T19:57:55.024Z</time>
    </trkpt>
    <trkpt lat="45.48609322" lon="15.08245717">
        <ele>241.0</ele>
        <time>2022-08-16T19:57:57.024Z</time>
    </trkpt>
    <trkpt lat="45.48608182" lon="15.08244719">
        <ele>242.0</ele>
        <time>2022-08-16T19:58:03.024Z</time>
    </trkpt>
    <trkpt lat="45.48607348" lon="15.08245348">
        <ele>242.0</ele>
        <time>2022-08-16T19:58:05.024Z</time>
    </trkpt>
    <trkpt lat="45.48606472" lon="15.08245356">
        <ele>241.0</ele>
        <time>2022-08-16T19:58:10.024Z</time>
    </trkpt>
    <trkpt lat="45.48606715" lon="15.0824622">
        <ele>240.0</ele>
        <time>2022-08-16T19:58:17.024Z</time>
    </trkpt>
    <trkpt lat="45.48607595" lon="15.08246882">
        <ele>239.0</ele>
        <time>2022-08-16T19:58:24.024Z</time>
    </trkpt>
    <trkpt lat="45.48607805" lon="15.08245549">
        <ele>239.0</ele>
        <time>2022-08-16T19:58:29.024Z</time>
    </trkpt>
    <trkpt lat="45.4860783" lon="15.08247184">
        <ele>239.0</ele>
        <time>2022-08-16T19:58:31.024Z</time>
    </trkpt>
    <trkpt lat="45.48604511" lon="15.08250528">
        <ele>239.0</ele>
        <time>2022-08-16T19:58:35.024Z</time>
    </trkpt>
    <trkpt lat="45.48602193" lon="15.0825383">
        <ele>239.0</ele>
        <time>2022-08-16T19:58:38.024Z</time>
    </trkpt>
    <trkpt lat="45.48599704" lon="15.08255431">
        <ele>239.0</ele>
        <time>2022-08-16T19:58:40.024Z</time>
    </trkpt>
    <trkpt lat="45.48596422" lon="15.08260762">
        <ele>239.0</ele>
        <time>2022-08-16T19:58:45.024Z</time>
    </trkpt>
    <trkpt lat="45.48595119" lon="15.08261743">
        <ele>239.0</ele>
        <time>2022-08-16T19:58:47.024Z</time>
    </trkpt>
    <trkpt lat="45.48593551" lon="15.08261751">
        <ele>239.0</ele>
        <time>2022-08-16T19:58:48.024Z</time>
    </trkpt>
    <trkpt lat="45.48591888" lon="15.08262346">
        <ele>239.0</ele>
        <time>2022-08-16T19:58:51.024Z</time>
    </trkpt>
    <trkpt lat="45.48591385" lon="15.08261517">
        <ele>239.0</ele>
        <time>2022-08-16T19:58:52.024Z</time>
    </trkpt>
    <trkpt lat="45.48589654" lon="15.08260301">
        <ele>238.0</ele>
        <time>2022-08-16T19:58:55.024Z</time>
    </trkpt>
    <trkpt lat="45.48585857" lon="15.08259153">
        <ele>238.0</ele>
        <time>2022-08-16T19:58:58.024Z</time>
    </trkpt>
    <trkpt lat="45.48580203" lon="15.08258675">
        <ele>237.0</ele>
        <time>2022-08-16T19:59:03.024Z</time>
    </trkpt>
    <trkpt lat="45.48569793" lon="15.08261743">
        <ele>235.0</ele>
        <time>2022-08-16T19:59:13.024Z</time>
    </trkpt>
    <trkpt lat="45.48566331" lon="15.08260963">
        <ele>235.0</ele>
        <time>2022-08-16T19:59:18.024Z</time>
    </trkpt>
    <trkpt lat="45.48562014" lon="15.08263034">
        <ele>234.0</ele>
        <time>2022-08-16T19:59:23.024Z</time>
    </trkpt>
    <trkpt lat="45.48558301" lon="15.08263101">
        <ele>234.0</ele>
        <time>2022-08-16T19:59:27.024Z</time>
    </trkpt>
    <trkpt lat="45.48554928" lon="15.08264836">
        <ele>234.0</ele>
        <time>2022-08-16T19:59:31.024Z</time>
    </trkpt>
    <trkpt lat="45.48548909" lon="15.08264031">
        <ele>232.0</ele>
        <time>2022-08-16T19:59:37.024Z</time>
    </trkpt>
    <trkpt lat="45.48533227" lon="15.08266428">
        <ele>232.0</ele>
        <time>2022-08-16T19:59:48.024Z</time>
    </trkpt>
    <trkpt lat="45.4853005" lon="15.08267811">
        <ele>232.0</ele>
        <time>2022-08-16T19:59:50.024Z</time>
    </trkpt>
    <trkpt lat="45.48524614" lon="15.08268298">
        <ele>231.0</ele>
        <time>2022-08-16T19:59:54.024Z</time>
    </trkpt>
    <trkpt lat="45.48523403" lon="15.08269035">
        <ele>231.0</ele>
        <time>2022-08-16T19:59:55.024Z</time>
    </trkpt>
    <trkpt lat="45.48511702" lon="15.08272262">
        <ele>232.0</ele>
        <time>2022-08-16T20:00:06.024Z</time>
    </trkpt>
    <trkpt lat="45.48510608" lon="15.08272262">
        <ele>231.0</ele>
        <time>2022-08-16T20:00:07.024Z</time>
    </trkpt>
    <trkpt lat="45.48508504" lon="15.08273511">
        <ele>231.0</ele>
        <time>2022-08-16T20:00:09.024Z</time>
    </trkpt>
    <trkpt lat="45.48505956" lon="15.08274408">
        <ele>231.0</ele>
        <time>2022-08-16T20:00:12.024Z</time>
    </trkpt>
    <trkpt lat="45.48505621" lon="15.08274199">
        <ele>231.0</ele>
        <time>2022-08-16T20:00:13.024Z</time>
    </trkpt>
    <trkpt lat="45.48502805" lon="15.08276596">
        <ele>231.0</ele>
        <time>2022-08-16T20:00:19.024Z</time>
    </trkpt>
    <trkpt lat="45.48499268" lon="15.08278364">
        <ele>231.0</ele>
        <time>2022-08-16T20:00:22.024Z</time>
    </trkpt>
    <trkpt lat="45.48498023" lon="15.08278532">
        <ele>230.0</ele>
        <time>2022-08-16T20:00:23.024Z</time>
    </trkpt>
    <trkpt lat="45.48494905" lon="15.08281306">
        <ele>230.0</ele>
        <time>2022-08-16T20:00:27.024Z</time>
    </trkpt>
    <trkpt lat="45.48491192" lon="15.08283754">
        <ele>230.0</ele>
        <time>2022-08-16T20:00:31.024Z</time>
    </trkpt>
    <trkpt lat="45.48488975" lon="15.08286579">
        <ele>229.0</ele>
        <time>2022-08-16T20:00:34.024Z</time>
    </trkpt>
    <trkpt lat="45.48481523" lon="15.08291096">
        <ele>229.0</ele>
        <time>2022-08-16T20:00:41.024Z</time>
    </trkpt>
    <trkpt lat="45.48475019" lon="15.08296184">
        <ele>229.0</ele>
        <time>2022-08-16T20:00:47.024Z</time>
    </trkpt>
    <trkpt lat="45.48467735" lon="15.08300065">
        <ele>229.0</ele>
        <time>2022-08-16T20:00:56.024Z</time>
    </trkpt>
    <trkpt lat="45.48464566" lon="15.08304046">
        <ele>228.0</ele>
        <time>2022-08-16T20:01:03.024Z</time>
    </trkpt>
    <trkpt lat="45.48462643" lon="15.08305128">
        <ele>228.0</ele>
        <time>2022-08-16T20:01:05.024Z</time>
    </trkpt>
    <trkpt lat="45.48459554" lon="15.08307827">
        <ele>228.0</ele>
        <time>2022-08-16T20:01:08.024Z</time>
    </trkpt>
    <trkpt lat="45.48458104" lon="15.08309755">
        <ele>227.0</ele>
        <time>2022-08-16T20:01:10.024Z</time>
    </trkpt>
    <trkpt lat="45.48453372" lon="15.08313426">
        <ele>227.0</ele>
        <time>2022-08-16T20:01:15.024Z</time>
    </trkpt>
    <trkpt lat="45.48449483" lon="15.0831501">
        <ele>227.0</ele>
        <time>2022-08-16T20:01:19.024Z</time>
    </trkpt>
    <trkpt lat="45.48446914" lon="15.0831522">
        <ele>226.0</ele>
        <time>2022-08-16T20:01:21.024Z</time>
    </trkpt>
    <trkpt lat="45.48443088" lon="15.08316351">
        <ele>226.0</ele>
        <time>2022-08-16T20:01:24.024Z</time>
    </trkpt>
    <trkpt lat="45.48435268" lon="15.08321523">
        <ele>225.0</ele>
        <time>2022-08-16T20:01:30.024Z</time>
    </trkpt>
    <trkpt lat="45.48427422" lon="15.08328589">
        <ele>224.0</ele>
        <time>2022-08-16T20:01:38.024Z</time>
    </trkpt>
    <trkpt lat="45.48420126" lon="15.08333006">
        <ele>223.0</ele>
        <time>2022-08-16T20:01:44.024Z</time>
    </trkpt>
    <trkpt lat="45.4841808" lon="15.08334816">
        <ele>224.0</ele>
        <time>2022-08-16T20:01:46.024Z</time>
    </trkpt>
    <trkpt lat="45.48416429" lon="15.08337356">
        <ele>223.0</ele>
        <time>2022-08-16T20:01:48.024Z</time>
    </trkpt>
    <trkpt lat="45.48413001" lon="15.08344841">
        <ele>223.0</ele>
        <time>2022-08-16T20:01:54.024Z</time>
    </trkpt>
    <trkpt lat="45.48412029" lon="15.08346023">
        <ele>223.0</ele>
        <time>2022-08-16T20:01:55.024Z</time>
    </trkpt>
    <trkpt lat="45.48407276" lon="15.08350734">
        <ele>223.0</ele>
        <time>2022-08-16T20:02:00.024Z</time>
    </trkpt>
    <trkpt lat="45.48402985" lon="15.08353248">
        <ele>223.0</ele>
        <time>2022-08-16T20:02:04.024Z</time>
    </trkpt>
    <trkpt lat="45.48397465" lon="15.08357649">
        <ele>223.0</ele>
        <time>2022-08-16T20:02:10.024Z</time>
    </trkpt>
    <trkpt lat="45.48392277" lon="15.0836023">
        <ele>223.0</ele>
        <time>2022-08-16T20:02:15.024Z</time>
    </trkpt>
    <trkpt lat="45.48384871" lon="15.08361513">
        <ele>223.0</ele>
        <time>2022-08-16T20:02:22.024Z</time>
    </trkpt>
    <trkpt lat="45.48383149" lon="15.08362519">
        <ele>223.0</ele>
        <time>2022-08-16T20:02:24.024Z</time>
    </trkpt>
    <trkpt lat="45.48379918" lon="15.08365519">
        <ele>222.0</ele>
        <time>2022-08-16T20:02:27.024Z</time>
    </trkpt>
    <trkpt lat="45.48375014" lon="15.08367774">
        <ele>222.0</ele>
        <time>2022-08-16T20:02:31.024Z</time>
    </trkpt>
    <trkpt lat="45.48370706" lon="15.08370984">
        <ele>221.0</ele>
        <time>2022-08-16T20:02:35.024Z</time>
    </trkpt>
    <trkpt lat="45.48367282" lon="15.08372351">
        <ele>221.0</ele>
        <time>2022-08-16T20:02:38.024Z</time>
    </trkpt>
    <trkpt lat="45.48366247" lon="15.08372099">
        <ele>221.0</ele>
        <time>2022-08-16T20:02:39.024Z</time>
    </trkpt>
    <trkpt lat="45.48364139" lon="15.08372887">
        <ele>221.0</ele>
        <time>2022-08-16T20:02:41.024Z</time>
    </trkpt>
    <trkpt lat="45.48363212" lon="15.08373843">
        <ele>221.0</ele>
        <time>2022-08-16T20:02:42.024Z</time>
    </trkpt>
    <trkpt lat="45.4836258" lon="15.08373767">
        <ele>222.0</ele>
        <time>2022-08-16T20:02:43.024Z</time>
    </trkpt>
    <trkpt lat="45.48361645" lon="15.08374572">
        <ele>222.0</ele>
        <time>2022-08-16T20:02:44.024Z</time>
    </trkpt>
    <trkpt lat="45.48359164" lon="15.08374429">
        <ele>221.0</ele>
        <time>2022-08-16T20:02:46.024Z</time>
    </trkpt>
    <trkpt lat="45.48356712" lon="15.08376785">
        <ele>221.0</ele>
        <time>2022-08-16T20:02:49.024Z</time>
    </trkpt>
    <trkpt lat="45.48355325" lon="15.08378704">
        <ele>221.0</ele>
        <time>2022-08-16T20:02:51.024Z</time>
    </trkpt>
    <trkpt lat="45.48354558" lon="15.08380783">
        <ele>222.0</ele>
        <time>2022-08-16T20:02:53.024Z</time>
    </trkpt>
    <trkpt lat="45.48352232" lon="15.08382342">
        <ele>222.0</ele>
        <time>2022-08-16T20:02:55.024Z</time>
    </trkpt>
    <trkpt lat="45.48351344" lon="15.08382074">
        <ele>222.0</ele>
        <time>2022-08-16T20:03:03.024Z</time>
    </trkpt>
    <trkpt lat="45.48351687" lon="15.08381772">
        <ele>222.0</ele>
        <time>2022-08-16T20:03:04.024Z</time>
    </trkpt>
    <trkpt lat="45.4835064" lon="15.0838178">
        <ele>223.0</ele>
        <time>2022-08-16T20:03:12.024Z</time>
    </trkpt>
    <trkpt lat="45.48350577" lon="15.08382845">
        <ele>223.0</ele>
        <time>2022-08-16T20:03:14.024Z</time>
    </trkpt>
    <trkpt lat="45.48351298" lon="15.08383247">
        <ele>223.0</ele>
        <time>2022-08-16T20:03:18.024Z</time>
    </trkpt>
    <trkpt lat="45.4835162" lon="15.08386659">
        <ele>223.0</ele>
        <time>2022-08-16T20:03:28.024Z</time>
    </trkpt>
    <trkpt lat="45.48352878" lon="15.08389357">
        <ele>223.0</ele>
        <time>2022-08-16T20:03:31.024Z</time>
    </trkpt>
    <trkpt lat="45.4835346" lon="15.08393465">
        <ele>224.0</ele>
        <time>2022-08-16T20:03:35.024Z</time>
    </trkpt>
    <trkpt lat="45.483531" lon="15.08394211">
        <ele>224.0</ele>
        <time>2022-08-16T20:03:47.024Z</time>
    </trkpt>
    <trkpt lat="45.48351851" lon="15.08394219">
        <ele>226.0</ele>
        <time>2022-08-16T20:03:49.024Z</time>
    </trkpt>
    <trkpt lat="45.4834898" lon="15.08392023">
        <ele>227.0</ele>
        <time>2022-08-16T20:03:54.024Z</time>
    </trkpt>
    <trkpt lat="45.48348255" lon="15.08392241">
        <ele>227.0</ele>
        <time>2022-08-16T20:03:56.024Z</time>
    </trkpt>
    <trkpt lat="45.48347928" lon="15.0839292">
        <ele>227.0</ele>
        <time>2022-08-16T20:04:00.024Z</time>
    </trkpt>
    <trkpt lat="45.48348154" lon="15.08392526">
        <ele>227.0</ele>
        <time>2022-08-16T20:04:02.024Z</time>
    </trkpt>
    <trkpt lat="45.48347551" lon="15.08392367">
        <ele>228.0</ele>
        <time>2022-08-16T20:04:06.024Z</time>
    </trkpt>
    <trkpt lat="45.48347346" lon="15.08388385">
        <ele>226.0</ele>
        <time>2022-08-16T20:04:12.024Z</time>
    </trkpt>
    <trkpt lat="45.48347978" lon="15.08384974">
        <ele>227.0</ele>
        <time>2022-08-16T20:04:17.024Z</time>
    </trkpt>
    <trkpt lat="45.48347698" lon="15.08384773">
        <ele>226.0</ele>
        <time>2022-08-16T20:04:18.024Z</time>
    </trkpt>
    <trkpt lat="45.48346633" lon="15.08385334">
        <ele>227.0</ele>
        <time>2022-08-16T20:04:19.024Z</time>
    </trkpt>
    <trkpt lat="45.48346809" lon="15.08385577">
        <ele>227.0</ele>
        <time>2022-08-16T20:04:20.024Z</time>
    </trkpt>
    <trkpt lat="45.48346285" lon="15.08384177">
        <ele>227.0</ele>
        <time>2022-08-16T20:04:29.024Z</time>
    </trkpt>
    <trkpt lat="45.48344906" lon="15.08383499">
        <ele>228.0</ele>
        <time>2022-08-16T20:04:32.024Z</time>
    </trkpt>
    <trkpt lat="45.48344504" lon="15.08383825">
        <ele>228.0</ele>
        <time>2022-08-16T20:04:33.024Z</time>
    </trkpt>
    <trkpt lat="45.48344584" lon="15.08385024">
        <ele>228.0</ele>
        <time>2022-08-16T20:04:35.024Z</time>
    </trkpt>
    <trkpt lat="45.48345057" lon="15.08385091">
        <ele>228.0</ele>
        <time>2022-08-16T20:04:36.024Z</time>
    </trkpt>
    <trkpt lat="45.48345443" lon="15.08384379">
        <ele>228.0</ele>
        <time>2022-08-16T20:04:37.024Z</time>
    </trkpt>
    <trkpt lat="45.48346067" lon="15.08384295">
        <ele>227.0</ele>
        <time>2022-08-16T20:04:38.024Z</time>
    </trkpt>
    <trkpt lat="45.48346667" lon="15.08385016">
        <ele>227.0</ele>
        <time>2022-08-16T20:04:47.024Z</time>
    </trkpt>
    <trkpt lat="45.48346444" lon="15.08385418">
        <ele>226.0</ele>
        <time>2022-08-16T20:04:49.024Z</time>
    </trkpt>
    <trkpt lat="45.48346072" lon="15.08385208">
        <ele>226.0</ele>
        <time>2022-08-16T20:04:50.024Z</time>
    </trkpt>
    <trkpt lat="45.48344387" lon="15.08383591">
        <ele>225.0</ele>
        <time>2022-08-16T20:04:53.024Z</time>
    </trkpt>
    <trkpt lat="45.48344026" lon="15.08383968">
        <ele>225.0</ele>
        <time>2022-08-16T20:05:02.024Z</time>
    </trkpt>
    <trkpt lat="45.48344525" lon="15.08383121">
        <ele>225.0</ele>
        <time>2022-08-16T20:05:12.024Z</time>
    </trkpt>
    <trkpt lat="45.48345238" lon="15.08385502">
        <ele>224.0</ele>
        <time>2022-08-16T20:05:18.024Z</time>
    </trkpt>
    <trkpt lat="45.48344823" lon="15.08385351">
        <ele>224.0</ele>
        <time>2022-08-16T20:05:19.024Z</time>
    </trkpt>
    <trkpt lat="45.48345715" lon="15.08385259">
        <ele>226.0</ele>
        <time>2022-08-16T20:05:20.024Z</time>
    </trkpt>
    <trkpt lat="45.48345971" lon="15.08385938">
        <ele>227.0</ele>
        <time>2022-08-16T20:05:21.024Z</time>
    </trkpt>
    <trkpt lat="45.48346172" lon="15.08384865">
        <ele>229.0</ele>
        <time>2022-08-16T20:05:22.024Z</time>
    </trkpt>
    <trkpt lat="45.48345326" lon="15.08384094">
        <ele>230.0</ele>
        <time>2022-08-16T20:05:23.024Z</time>
    </trkpt>
    <trkpt lat="45.48344718" lon="15.08384127">
        <ele>230.0</ele>
        <time>2022-08-16T20:05:25.024Z</time>
    </trkpt>
    <trkpt lat="45.48345351" lon="15.08382828">
        <ele>231.0</ele>
        <time>2022-08-16T20:05:26.024Z</time>
    </trkpt>
    <trkpt lat="45.4834551" lon="15.08383364">
        <ele>232.0</ele>
        <time>2022-08-16T20:05:29.024Z</time>
    </trkpt>
    <trkpt lat="45.48345472" lon="15.08383079">
        <ele>231.0</ele>
        <time>2022-08-16T20:05:30.024Z</time>
    </trkpt>
    <trkpt lat="45.48344915" lon="15.08383624">
        <ele>230.0</ele>
        <time>2022-08-16T20:05:31.024Z</time>
    </trkpt>
    <trkpt lat="45.48344156" lon="15.08385452">
        <ele>229.0</ele>
        <time>2022-08-16T20:05:32.024Z</time>
    </trkpt>
    <trkpt lat="45.48344663" lon="15.08380213">
        <ele>232.0</ele>
        <time>2022-08-16T20:05:39.024Z</time>
    </trkpt>
    <trkpt lat="45.48345384" lon="15.08379492">
        <ele>232.0</ele>
        <time>2022-08-16T20:05:41.024Z</time>
    </trkpt>
    <trkpt lat="45.48344999" lon="15.08379039">
        <ele>232.0</ele>
        <time>2022-08-16T20:05:42.024Z</time>
    </trkpt>
    <trkpt lat="45.48344743" lon="15.08381948">
        <ele>233.0</ele>
        <time>2022-08-16T20:05:43.024Z</time>
    </trkpt>
    <trkpt lat="45.48346285" lon="15.08381872">
        <ele>232.0</ele>
        <time>2022-08-16T20:05:45.024Z</time>
    </trkpt>
    <trkpt lat="45.48347211" lon="15.083823">
        <ele>231.0</ele>
        <time>2022-08-16T20:05:46.024Z</time>
    </trkpt>
    <trkpt lat="45.48348569" lon="15.08381663">
        <ele>230.0</ele>
        <time>2022-08-16T20:05:48.024Z</time>
    </trkpt>
    <trkpt lat="45.48349747" lon="15.08381738">
        <ele>231.0</ele>
        <time>2022-08-16T20:05:50.024Z</time>
    </trkpt>
    <trkpt lat="45.48348657" lon="15.08381763">
        <ele>230.0</ele>
        <time>2022-08-16T20:05:53.024Z</time>
    </trkpt>
    <trkpt lat="45.483488" lon="15.08381009">
        <ele>230.0</ele>
        <time>2022-08-16T20:05:55.024Z</time>
    </trkpt>
    <trkpt lat="45.48350221" lon="15.08379534">
        <ele>230.0</ele>
        <time>2022-08-16T20:05:58.024Z</time>
    </trkpt>
    <trkpt lat="45.48351272" lon="15.08379526">
        <ele>230.0</ele>
        <time>2022-08-16T20:05:59.024Z</time>
    </trkpt>
    <trkpt lat="45.48353309" lon="15.08378042">
        <ele>229.0</ele>
        <time>2022-08-16T20:06:01.024Z</time>
    </trkpt>
    <trkpt lat="45.48356834" lon="15.08377212">
        <ele>231.0</ele>
        <time>2022-08-16T20:06:05.024Z</time>
    </trkpt>
    <trkpt lat="45.48359931" lon="15.0837463">
        <ele>230.0</ele>
        <time>2022-08-16T20:06:10.024Z</time>
    </trkpt>
    <trkpt lat="45.48360358" lon="15.0837318">
        <ele>231.0</ele>
        <time>2022-08-16T20:06:12.024Z</time>
    </trkpt>
    <trkpt lat="45.4836167" lon="15.0837246">
        <ele>230.0</ele>
        <time>2022-08-16T20:06:14.024Z</time>
    </trkpt>
    <trkpt lat="45.48365006" lon="15.08371261">
        <ele>230.0</ele>
        <time>2022-08-16T20:06:18.024Z</time>
    </trkpt>
    <trkpt lat="45.48365999" lon="15.08371269">
        <ele>230.0</ele>
        <time>2022-08-16T20:06:19.024Z</time>
    </trkpt>
    <trkpt lat="45.48368263" lon="15.08369752">
        <ele>229.0</ele>
        <time>2022-08-16T20:06:21.024Z</time>
    </trkpt>
    <trkpt lat="45.48370915" lon="15.08369702">
        <ele>229.0</ele>
        <time>2022-08-16T20:06:23.024Z</time>
    </trkpt>
    <trkpt lat="45.48376112" lon="15.08367958">
        <ele>229.0</ele>
        <time>2022-08-16T20:06:28.024Z</time>
    </trkpt>
    <trkpt lat="45.48377969" lon="15.08368017">
        <ele>228.0</ele>
        <time>2022-08-16T20:06:30.024Z</time>
    </trkpt>
    <trkpt lat="45.48380232" lon="15.08367087">
        <ele>229.0</ele>
        <time>2022-08-16T20:06:32.024Z</time>
    </trkpt>
    <trkpt lat="45.48385156" lon="15.08366232">
        <ele>228.0</ele>
        <time>2022-08-16T20:06:36.024Z</time>
    </trkpt>
    <trkpt lat="45.48387218" lon="15.08365402">
        <ele>228.0</ele>
        <time>2022-08-16T20:06:38.024Z</time>
    </trkpt>
    <trkpt lat="45.483898" lon="15.08363541">
        <ele>229.0</ele>
        <time>2022-08-16T20:06:41.024Z</time>
    </trkpt>
    <trkpt lat="45.48391929" lon="15.0836298">
        <ele>229.0</ele>
        <time>2022-08-16T20:06:43.024Z</time>
    </trkpt>
    <trkpt lat="45.48398408" lon="15.08359937">
        <ele>228.0</ele>
        <time>2022-08-16T20:06:49.024Z</time>
    </trkpt>
    <trkpt lat="45.48400893" lon="15.08356207">
        <ele>228.0</ele>
        <time>2022-08-16T20:06:52.024Z</time>
    </trkpt>
    <trkpt lat="45.48402641" lon="15.08352318">
        <ele>228.0</ele>
        <time>2022-08-16T20:06:55.024Z</time>
    </trkpt>
    <trkpt lat="45.48403018" lon="15.08349862">
        <ele>228.0</ele>
        <time>2022-08-16T20:06:57.024Z</time>
    </trkpt>
    <trkpt lat="45.48404234" lon="15.08347733">
        <ele>228.0</ele>
        <time>2022-08-16T20:06:59.024Z</time>
    </trkpt>
    <trkpt lat="45.48407712" lon="15.08343559">
        <ele>228.0</ele>
        <time>2022-08-16T20:07:03.024Z</time>
    </trkpt>
    <trkpt lat="45.484085" lon="15.08339854">
        <ele>228.0</ele>
        <time>2022-08-16T20:07:06.024Z</time>
    </trkpt>
    <trkpt lat="45.48411874" lon="15.08336082">
        <ele>227.0</ele>
        <time>2022-08-16T20:07:11.024Z</time>
    </trkpt>
    <trkpt lat="45.48414082" lon="15.08334925">
        <ele>226.0</ele>
        <time>2022-08-16T20:07:14.024Z</time>
    </trkpt>
    <trkpt lat="45.48416857" lon="15.0833609">
        <ele>226.0</ele>
        <time>2022-08-16T20:07:17.024Z</time>
    </trkpt>
    <trkpt lat="45.4841956" lon="15.08336032">
        <ele>226.0</ele>
        <time>2022-08-16T20:07:20.024Z</time>
    </trkpt>
    <trkpt lat="45.48420603" lon="15.08335588">
        <ele>225.0</ele>
        <time>2022-08-16T20:07:21.024Z</time>
    </trkpt>
    <trkpt lat="45.48422359" lon="15.08333785">
        <ele>226.0</ele>
        <time>2022-08-16T20:07:23.024Z</time>
    </trkpt>
    <trkpt lat="45.48425088" lon="15.0833257">
        <ele>225.0</ele>
        <time>2022-08-16T20:07:26.024Z</time>
    </trkpt>
    <trkpt lat="45.48426433" lon="15.08331212">
        <ele>225.0</ele>
        <time>2022-08-16T20:07:28.024Z</time>
    </trkpt>
    <trkpt lat="45.4843409" lon="15.08327507">
        <ele>225.0</ele>
        <time>2022-08-16T20:07:34.024Z</time>
    </trkpt>
    <trkpt lat="45.48437283" lon="15.08325404">
        <ele>225.0</ele>
        <time>2022-08-16T20:07:37.024Z</time>
    </trkpt>
    <trkpt lat="45.48439551" lon="15.08324708">
        <ele>225.0</ele>
        <time>2022-08-16T20:07:39.024Z</time>
    </trkpt>
    <trkpt lat="45.4844116" lon="15.08322939">
        <ele>225.0</ele>
        <time>2022-08-16T20:07:41.024Z</time>
    </trkpt>
    <trkpt lat="45.48442283" lon="15.08320224">
        <ele>225.0</ele>
        <time>2022-08-16T20:07:43.024Z</time>
    </trkpt>
    <trkpt lat="45.48446013" lon="15.0831646">
        <ele>225.0</ele>
        <time>2022-08-16T20:07:47.024Z</time>
    </trkpt>
    <trkpt lat="45.48451847" lon="15.08309579">
        <ele>225.0</ele>
        <time>2022-08-16T20:07:53.024Z</time>
    </trkpt>
    <trkpt lat="45.48457639" lon="15.0830574">
        <ele>224.0</ele>
        <time>2022-08-16T20:07:58.024Z</time>
    </trkpt>
    <trkpt lat="45.4846758" lon="15.08295748">
        <ele>225.0</ele>
        <time>2022-08-16T20:08:08.024Z</time>
    </trkpt>
    <trkpt lat="45.48472089" lon="15.08292831">
        <ele>225.0</ele>
        <time>2022-08-16T20:08:13.024Z</time>
    </trkpt>
    <trkpt lat="45.48475086" lon="15.08290007">
        <ele>225.0</ele>
        <time>2022-08-16T20:08:17.024Z</time>
    </trkpt>
    <trkpt lat="45.48477307" lon="15.08289512">
        <ele>225.0</ele>
        <time>2022-08-16T20:08:20.024Z</time>
    </trkpt>
    <trkpt lat="45.48477923" lon="15.08288783">
        <ele>225.0</ele>
        <time>2022-08-16T20:08:21.024Z</time>
    </trkpt>
    <trkpt lat="45.48480526" lon="15.08288096">
        <ele>225.0</ele>
        <time>2022-08-16T20:08:23.024Z</time>
    </trkpt>
    <trkpt lat="45.48483342" lon="15.08285975">
        <ele>225.0</ele>
        <time>2022-08-16T20:08:26.024Z</time>
    </trkpt>
    <trkpt lat="45.48484344" lon="15.0828512">
        <ele>225.0</ele>
        <time>2022-08-16T20:08:27.024Z</time>
    </trkpt>
    <trkpt lat="45.48485358" lon="15.08283251">
        <ele>225.0</ele>
        <time>2022-08-16T20:08:29.024Z</time>
    </trkpt>
    <trkpt lat="45.48490454" lon="15.08277794">
        <ele>225.0</ele>
        <time>2022-08-16T20:08:35.024Z</time>
    </trkpt>
    <trkpt lat="45.48493606" lon="15.08275699">
        <ele>225.0</ele>
        <time>2022-08-16T20:08:38.024Z</time>
    </trkpt>
    <trkpt lat="45.48496963" lon="15.08272036">
        <ele>225.0</ele>
        <time>2022-08-16T20:08:42.024Z</time>
    </trkpt>
    <trkpt lat="45.48502084" lon="15.08270142">
        <ele>225.0</ele>
        <time>2022-08-16T20:08:46.024Z</time>
    </trkpt>
    <trkpt lat="45.48505407" lon="15.08267392">
        <ele>224.0</ele>
        <time>2022-08-16T20:08:50.024Z</time>
    </trkpt>
    <trkpt lat="45.48509125" lon="15.08263562">
        <ele>224.0</ele>
        <time>2022-08-16T20:08:54.024Z</time>
    </trkpt>
    <trkpt lat="45.48510315" lon="15.0826316">
        <ele>224.0</ele>
        <time>2022-08-16T20:08:55.024Z</time>
    </trkpt>
    <trkpt lat="45.48512771" lon="15.08261148">
        <ele>224.0</ele>
        <time>2022-08-16T20:08:58.024Z</time>
    </trkpt>
    <trkpt lat="45.48517293" lon="15.08259614">
        <ele>224.0</ele>
        <time>2022-08-16T20:09:03.024Z</time>
    </trkpt>
    <trkpt lat="45.48518223" lon="15.08260008">
        <ele>224.0</ele>
        <time>2022-08-16T20:09:04.024Z</time>
    </trkpt>
    <trkpt lat="45.48519099" lon="15.08261173">
        <ele>225.0</ele>
        <time>2022-08-16T20:09:06.024Z</time>
    </trkpt>
    <trkpt lat="45.48520444" lon="15.08261634">
        <ele>225.0</ele>
        <time>2022-08-16T20:09:07.024Z</time>
    </trkpt>
    <trkpt lat="45.48523722" lon="15.08261785">
        <ele>225.0</ele>
        <time>2022-08-16T20:09:10.024Z</time>
    </trkpt>
    <trkpt lat="45.48529212" lon="15.08259128">
        <ele>225.0</ele>
        <time>2022-08-16T20:09:15.024Z</time>
    </trkpt>
    <trkpt lat="45.48530138" lon="15.08258315">
        <ele>225.0</ele>
        <time>2022-08-16T20:09:16.024Z</time>
    </trkpt>
    <trkpt lat="45.48533554" lon="15.08257862">
        <ele>224.0</ele>
        <time>2022-08-16T20:09:19.024Z</time>
    </trkpt>
    <trkpt lat="45.48537673" lon="15.08259153">
        <ele>225.0</ele>
        <time>2022-08-16T20:09:22.024Z</time>
    </trkpt>
    <trkpt lat="45.48543486" lon="15.08261693">
        <ele>226.0</ele>
        <time>2022-08-16T20:09:28.024Z</time>
    </trkpt>
    <trkpt lat="45.48544304" lon="15.08261316">
        <ele>226.0</ele>
        <time>2022-08-16T20:09:29.024Z</time>
    </trkpt>
    <trkpt lat="45.48545217" lon="15.08261651">
        <ele>226.0</ele>
        <time>2022-08-16T20:09:30.024Z</time>
    </trkpt>
    <trkpt lat="45.48547174" lon="15.08261416">
        <ele>226.0</ele>
        <time>2022-08-16T20:09:32.024Z</time>
    </trkpt>
    <trkpt lat="45.48548121" lon="15.08260519">
        <ele>226.0</ele>
        <time>2022-08-16T20:09:33.024Z</time>
    </trkpt>
    <trkpt lat="45.4855038" lon="15.08260008">
        <ele>226.0</ele>
        <time>2022-08-16T20:09:36.024Z</time>
    </trkpt>
    <trkpt lat="45.48552761" lon="15.08260687">
        <ele>227.0</ele>
        <time>2022-08-16T20:09:39.024Z</time>
    </trkpt>
    <trkpt lat="45.48555389" lon="15.08262715">
        <ele>227.0</ele>
        <time>2022-08-16T20:09:42.024Z</time>
    </trkpt>
    <trkpt lat="45.48556558" lon="15.08262464">
        <ele>227.0</ele>
        <time>2022-08-16T20:09:43.024Z</time>
    </trkpt>
    <trkpt lat="45.48559198" lon="15.08263126">
        <ele>227.0</ele>
        <time>2022-08-16T20:09:45.024Z</time>
    </trkpt>
    <trkpt lat="45.48562995" lon="15.08262925">
        <ele>226.0</ele>
        <time>2022-08-16T20:09:50.024Z</time>
    </trkpt>
    <trkpt lat="45.48564948" lon="15.08263327">
        <ele>226.0</ele>
        <time>2022-08-16T20:09:55.024Z</time>
    </trkpt>
    <trkpt lat="45.48567903" lon="15.08261961">
        <ele>227.0</ele>
        <time>2022-08-16T20:09:58.024Z</time>
    </trkpt>
    <trkpt lat="45.4856994" lon="15.08259966">
        <ele>227.0</ele>
        <time>2022-08-16T20:10:00.024Z</time>
    </trkpt>
    <trkpt lat="45.48573217" lon="15.08257829">
        <ele>227.0</ele>
        <time>2022-08-16T20:10:03.024Z</time>
    </trkpt>
    <trkpt lat="45.48576226" lon="15.08256638">
        <ele>227.0</ele>
        <time>2022-08-16T20:10:05.024Z</time>
    </trkpt>
    <trkpt lat="45.48576989" lon="15.08255239">
        <ele>227.0</ele>
        <time>2022-08-16T20:10:06.024Z</time>
    </trkpt>
    <trkpt lat="45.48580689" lon="15.08251274">
        <ele>227.0</ele>
        <time>2022-08-16T20:10:10.024Z</time>
    </trkpt>
    <trkpt lat="45.48584893" lon="15.08248642">
        <ele>227.0</ele>
        <time>2022-08-16T20:10:13.024Z</time>
    </trkpt>
    <trkpt lat="45.48588803" lon="15.08247276">
        <ele>227.0</ele>
        <time>2022-08-16T20:10:16.024Z</time>
    </trkpt>
    <trkpt lat="45.48589717" lon="15.08245968">
        <ele>227.0</ele>
        <time>2022-08-16T20:10:17.024Z</time>
    </trkpt>
    <trkpt lat="45.48589729" lon="15.08244636">
        <ele>227.0</ele>
        <time>2022-08-16T20:10:18.024Z</time>
    </trkpt>
    <trkpt lat="45.48590869" lon="15.08242657">
        <ele>228.0</ele>
        <time>2022-08-16T20:10:20.024Z</time>
    </trkpt>
    <trkpt lat="45.48593807" lon="15.08240151">
        <ele>228.0</ele>
        <time>2022-08-16T20:10:23.024Z</time>
    </trkpt>
    <trkpt lat="45.48596946" lon="15.08239975">
        <ele>229.0</ele>
        <time>2022-08-16T20:10:24.024Z</time>
    </trkpt>
    <trkpt lat="45.48598924" lon="15.08238835">
        <ele>230.0</ele>
        <time>2022-08-16T20:10:25.024Z</time>
    </trkpt>
    <trkpt lat="45.48603027" lon="15.08238198">
        <ele>233.0</ele>
        <time>2022-08-16T20:10:28.024Z</time>
    </trkpt>
    <trkpt lat="45.48602897" lon="15.08237058">
        <ele>234.0</ele>
        <time>2022-08-16T20:10:29.024Z</time>
    </trkpt>
    <trkpt lat="45.48606057" lon="15.08238768">
        <ele>242.0</ele>
        <time>2022-08-16T20:29:43.024Z</time>
    </trkpt>
    <trkpt lat="45.48605973" lon="15.08239841">
        <ele>242.0</ele>
        <time>2022-08-16T20:29:44.024Z</time>
    </trkpt>
    <trkpt lat="45.48606958" lon="15.08241015">
        <ele>241.0</ele>
        <time>2022-08-16T20:29:46.024Z</time>
    </trkpt>
    <trkpt lat="45.48610089" lon="15.0824031">
        <ele>241.0</ele>
        <time>2022-08-16T20:29:49.024Z</time>
    </trkpt>
    <trkpt lat="45.48611841" lon="15.08239137">
        <ele>242.0</ele>
        <time>2022-08-16T20:29:52.024Z</time>
    </trkpt>
    <trkpt lat="45.4861166" lon="15.08239439">
        <ele>242.0</ele>
        <time>2022-08-16T20:29:54.024Z</time>
    </trkpt>
    <trkpt lat="45.48613312" lon="15.08240227">
        <ele>241.0</ele>
        <time>2022-08-16T20:29:56.024Z</time>
    </trkpt>
    <trkpt lat="45.48614519" lon="15.08240403">
        <ele>242.0</ele>
        <time>2022-08-16T20:29:58.024Z</time>
    </trkpt>
    <trkpt lat="45.48614988" lon="15.08241165">
        <ele>242.0</ele>
        <time>2022-08-16T20:30:00.024Z</time>
    </trkpt>
    <trkpt lat="45.48616359" lon="15.08240243">
        <ele>242.0</ele>
        <time>2022-08-16T20:30:02.024Z</time>
    </trkpt>
    <trkpt lat="45.48618907" lon="15.08239724">
        <ele>243.0</ele>
        <time>2022-08-16T20:30:05.024Z</time>
    </trkpt>
    <trkpt lat="45.48621539" lon="15.08237813">
        <ele>244.0</ele>
        <time>2022-08-16T20:30:09.024Z</time>
    </trkpt>
    <trkpt lat="45.48624774" lon="15.08237343">
        <ele>244.0</ele>
        <time>2022-08-16T20:30:14.024Z</time>
    </trkpt>
    <trkpt lat="45.48624975" lon="15.08236857">
        <ele>244.0</ele>
        <time>2022-08-16T20:30:15.024Z</time>
    </trkpt>
    <trkpt lat="45.4862518" lon="15.08237528">
        <ele>243.0</ele>
        <time>2022-08-16T20:30:20.024Z</time>
    </trkpt>
    <trkpt lat="45.48625172" lon="15.08237083">
        <ele>244.0</ele>
        <time>2022-08-16T20:30:22.024Z</time>
    </trkpt>
    <trkpt lat="45.48625784" lon="15.08237846">
        <ele>243.0</ele>
        <time>2022-08-16T20:30:24.024Z</time>
    </trkpt>
    <trkpt lat="45.48626555" lon="15.08237955">
        <ele>243.0</ele>
        <time>2022-08-16T20:30:25.024Z</time>
    </trkpt>
    <trkpt lat="45.48628801" lon="15.08236706">
        <ele>243.0</ele>
        <time>2022-08-16T20:30:28.024Z</time>
    </trkpt>
    <trkpt lat="45.4862948" lon="15.08236807">
        <ele>243.0</ele>
        <time>2022-08-16T20:30:29.024Z</time>
    </trkpt>
    <trkpt lat="45.48632712" lon="15.0823555">
        <ele>244.0</ele>
        <time>2022-08-16T20:30:34.024Z</time>
    </trkpt>
    <trkpt lat="45.48635239" lon="15.08235457">
        <ele>244.0</ele>
        <time>2022-08-16T20:30:37.024Z</time>
    </trkpt>
    <trkpt lat="45.48637351" lon="15.08236145">
        <ele>244.0</ele>
        <time>2022-08-16T20:30:40.024Z</time>
    </trkpt>
    <trkpt lat="45.48638059" lon="15.0823565">
        <ele>245.0</ele>
        <time>2022-08-16T20:30:43.024Z</time>
    </trkpt>
    <trkpt lat="45.48638864" lon="15.08235927">
        <ele>245.0</ele>
        <time>2022-08-16T20:30:45.024Z</time>
    </trkpt>
    <trkpt lat="45.48638956" lon="15.08235332">
        <ele>246.0</ele>
        <time>2022-08-16T20:30:46.024Z</time>
    </trkpt>
    <trkpt lat="45.48638529" lon="15.08235055">
        <ele>246.0</ele>
        <time>2022-08-16T20:30:47.024Z</time>
    </trkpt>
    <trkpt lat="45.4863886" lon="15.0823555">
        <ele>246.0</ele>
        <time>2022-08-16T20:30:50.024Z</time>
    </trkpt>
    <trkpt lat="45.48639363" lon="15.08235256">
        <ele>246.0</ele>
        <time>2022-08-16T20:30:51.024Z</time>
    </trkpt>
    <trkpt lat="45.48640771" lon="15.08235977">
        <ele>246.0</ele>
        <time>2022-08-16T20:30:53.024Z</time>
    </trkpt>
    <trkpt lat="45.48641902" lon="15.08235357">
        <ele>246.0</ele>
        <time>2022-08-16T20:30:55.024Z</time>
    </trkpt>
    <trkpt lat="45.48645863" lon="15.0823529">
        <ele>247.0</ele>
        <time>2022-08-16T20:31:01.024Z</time>
    </trkpt>
    <trkpt lat="45.48653335" lon="15.08238274">
        <ele>248.0</ele>
        <time>2022-08-16T20:31:13.024Z</time>
    </trkpt>
    <trkpt lat="45.48654081" lon="15.08237829">
        <ele>248.0</ele>
        <time>2022-08-16T20:31:16.024Z</time>
    </trkpt>
    <trkpt lat="45.48653671" lon="15.08237947">
        <ele>248.0</ele>
        <time>2022-08-16T20:31:17.024Z</time>
    </trkpt>
    <trkpt lat="45.48653956" lon="15.08237318">
        <ele>248.0</ele>
        <time>2022-08-16T20:31:48.024Z</time>
    </trkpt>
    <trkpt lat="45.4865349" lon="15.08237335">
        <ele>248.0</ele>
        <time>2022-08-16T20:31:51.024Z</time>
    </trkpt>
    <trkpt lat="45.4865383" lon="15.08237829">
        <ele>248.0</ele>
        <time>2022-08-16T20:31:53.024Z</time>
    </trkpt>
    <trkpt lat="45.48653516" lon="15.0823757">
        <ele>247.0</ele>
        <time>2022-08-16T20:31:55.024Z</time>
    </trkpt>
    <trkpt lat="45.48653272" lon="15.08238559">
        <ele>247.0</ele>
        <time>2022-08-16T20:32:05.024Z</time>
    </trkpt>
    <trkpt lat="45.48653423" lon="15.08237083">
        <ele>246.0</ele>
        <time>2022-08-16T20:32:09.024Z</time>
    </trkpt>
    <trkpt lat="45.48655112" lon="15.08236522">
        <ele>247.0</ele>
        <time>2022-08-16T20:32:29.024Z</time>
    </trkpt>
    <trkpt lat="45.48655062" lon="15.08237184">
        <ele>247.0</ele>
        <time>2022-08-16T20:32:30.024Z</time>
    </trkpt>
    <trkpt lat="45.48656298" lon="15.08238232">
        <ele>247.0</ele>
        <time>2022-08-16T20:32:33.024Z</time>
    </trkpt>
    <trkpt lat="45.48657514" lon="15.08238223">
        <ele>248.0</ele>
        <time>2022-08-16T20:32:35.024Z</time>
    </trkpt>
    <trkpt lat="45.48660317" lon="15.08240176">
        <ele>248.0</ele>
        <time>2022-08-16T20:32:39.024Z</time>
    </trkpt>
    <trkpt lat="45.48664412" lon="15.08241258">
        <ele>248.0</ele>
        <time>2022-08-16T20:32:44.024Z</time>
    </trkpt>
    <trkpt lat="45.48666369" lon="15.0824249">
        <ele>249.0</ele>
        <time>2022-08-16T20:32:48.024Z</time>
    </trkpt>
    <trkpt lat="45.48666968" lon="15.08241107">
        <ele>249.0</ele>
        <time>2022-08-16T20:32:54.024Z</time>
    </trkpt>
    <trkpt lat="45.48668926" lon="15.08242372">
        <ele>249.0</ele>
        <time>2022-08-16T20:32:58.024Z</time>
    </trkpt>
    <trkpt lat="45.48670745" lon="15.0824218">
        <ele>248.0</ele>
        <time>2022-08-16T20:33:03.024Z</time>
    </trkpt>
    <trkpt lat="45.48671985" lon="15.08243621">
        <ele>248.0</ele>
        <time>2022-08-16T20:33:05.024Z</time>
    </trkpt>
    <trkpt lat="45.48673749" lon="15.08243269">
        <ele>248.0</ele>
        <time>2022-08-16T20:33:08.024Z</time>
    </trkpt>
    <trkpt lat="45.48675204" lon="15.08244862">
        <ele>248.0</ele>
        <time>2022-08-16T20:33:10.024Z</time>
    </trkpt>
    <trkpt lat="45.48676725" lon="15.08244962">
        <ele>249.0</ele>
        <time>2022-08-16T20:33:12.024Z</time>
    </trkpt>
    <trkpt lat="45.48680996" lon="15.08247687">
        <ele>249.0</ele>
        <time>2022-08-16T20:33:18.024Z</time>
    </trkpt>
    <trkpt lat="45.48682722" lon="15.08247972">
        <ele>249.0</ele>
        <time>2022-08-16T20:33:20.024Z</time>
    </trkpt>
    <trkpt lat="45.48684453" lon="15.08249824">
        <ele>249.0</ele>
        <time>2022-08-16T20:33:23.024Z</time>
    </trkpt>
    <trkpt lat="45.48687253" lon="15.08250897">
        <ele>249.0</ele>
        <time>2022-08-16T20:33:27.024Z</time>
    </trkpt>
    <trkpt lat="45.48688355" lon="15.08253478">
        <ele>250.0</ele>
        <time>2022-08-16T20:33:32.024Z</time>
    </trkpt>
    <trkpt lat="45.48688958" lon="15.08253705">
        <ele>250.0</ele>
        <time>2022-08-16T20:33:33.024Z</time>
    </trkpt>
    <trkpt lat="45.48689193" lon="15.08253009">
        <ele>251.0</ele>
        <time>2022-08-16T20:33:34.024Z</time>
    </trkpt>
    <trkpt lat="45.48689872" lon="15.08252665">
        <ele>252.0</ele>
        <time>2022-08-16T20:33:39.024Z</time>
    </trkpt>
    <trkpt lat="45.48690471" lon="15.08253554">
        <ele>252.0</ele>
        <time>2022-08-16T20:33:45.024Z</time>
    </trkpt>
    <trkpt lat="45.48689277" lon="15.08253629">
        <ele>251.0</ele>
        <time>2022-08-16T20:33:57.024Z</time>
    </trkpt>
    <trkpt lat="45.4868916" lon="15.08254007">
        <ele>251.0</ele>
        <time>2022-08-16T20:33:58.024Z</time>
    </trkpt>
    <trkpt lat="45.48691766" lon="15.08254878">
        <ele>251.0</ele>
        <time>2022-08-16T20:34:14.024Z</time>
    </trkpt>
    <trkpt lat="45.48690823" lon="15.08255423">
        <ele>251.0</ele>
        <time>2022-08-16T20:34:18.024Z</time>
    </trkpt>
    <trkpt lat="45.48690652" lon="15.08256756">
        <ele>251.0</ele>
        <time>2022-08-16T20:34:22.024Z</time>
    </trkpt>
    <trkpt lat="45.48691025" lon="15.08258214">
        <ele>251.0</ele>
        <time>2022-08-16T20:34:25.024Z</time>
    </trkpt>
    <trkpt lat="45.48691699" lon="15.08258717">
        <ele>251.0</ele>
        <time>2022-08-16T20:34:27.024Z</time>
    </trkpt>
    <trkpt lat="45.48691766" lon="15.08259907">
        <ele>250.0</ele>
        <time>2022-08-16T20:34:31.024Z</time>
    </trkpt>
    <trkpt lat="45.48691984" lon="15.08259279">
        <ele>250.0</ele>
        <time>2022-08-16T20:34:33.024Z</time>
    </trkpt>
    <trkpt lat="45.48692269" lon="15.08259698">
        <ele>250.0</ele>
        <time>2022-08-16T20:34:34.024Z</time>
    </trkpt>
    <trkpt lat="45.48692106" lon="15.08258985">
        <ele>251.0</ele>
        <time>2022-08-16T20:34:35.024Z</time>
    </trkpt>
    <trkpt lat="45.48693195" lon="15.08257066">
        <ele>252.0</ele>
        <time>2022-08-16T20:34:39.024Z</time>
    </trkpt>
    <trkpt lat="45.4869392" lon="15.08257217">
        <ele>252.0</ele>
        <time>2022-08-16T20:34:40.024Z</time>
    </trkpt>
    <trkpt lat="45.48698287" lon="15.08256127">
        <ele>252.0</ele>
        <time>2022-08-16T20:34:45.024Z</time>
    </trkpt>
    <trkpt lat="45.48699117" lon="15.08256588">
        <ele>252.0</ele>
        <time>2022-08-16T20:34:46.024Z</time>
    </trkpt>
    <trkpt lat="45.48700815" lon="15.08256471">
        <ele>252.0</ele>
        <time>2022-08-16T20:34:48.024Z</time>
    </trkpt>
    <trkpt lat="45.48704406" lon="15.08260201">
        <ele>252.0</ele>
        <time>2022-08-16T20:34:54.024Z</time>
    </trkpt>
    <trkpt lat="45.48704993" lon="15.08258969">
        <ele>251.0</ele>
        <time>2022-08-16T20:34:55.024Z</time>
    </trkpt>
    <trkpt lat="45.48705894" lon="15.082615">
        <ele>251.0</ele>
        <time>2022-08-16T20:34:58.024Z</time>
    </trkpt>
    <trkpt lat="45.48712034" lon="15.0827072">
        <ele>251.0</ele>
        <time>2022-08-16T20:35:08.024Z</time>
    </trkpt>
    <trkpt lat="45.4871296" lon="15.08273033">
        <ele>251.0</ele>
        <time>2022-08-16T20:35:10.024Z</time>
    </trkpt>
    <trkpt lat="45.48714004" lon="15.08273536">
        <ele>251.0</ele>
        <time>2022-08-16T20:35:11.024Z</time>
    </trkpt>
    <trkpt lat="45.48718676" lon="15.08279211">
        <ele>252.0</ele>
        <time>2022-08-16T20:35:18.024Z</time>
    </trkpt>
    <trkpt lat="45.487205" lon="15.08279747">
        <ele>252.0</ele>
        <time>2022-08-16T20:35:20.024Z</time>
    </trkpt>
    <trkpt lat="45.48721141" lon="15.08280477">
        <ele>252.0</ele>
        <time>2022-08-16T20:35:21.024Z</time>
    </trkpt>
    <trkpt lat="45.48723697" lon="15.08285447">
        <ele>252.0</ele>
        <time>2022-08-16T20:35:26.024Z</time>
    </trkpt>
    <trkpt lat="45.48727109" lon="15.08286243">
        <ele>252.0</ele>
        <time>2022-08-16T20:35:29.024Z</time>
    </trkpt>
    <trkpt lat="45.48730461" lon="15.08288708">
        <ele>252.0</ele>
        <time>2022-08-16T20:35:33.024Z</time>
    </trkpt>
    <trkpt lat="45.48731534" lon="15.08288791">
        <ele>251.0</ele>
        <time>2022-08-16T20:35:34.024Z</time>
    </trkpt>
    <trkpt lat="45.48733353" lon="15.08290652">
        <ele>251.0</ele>
        <time>2022-08-16T20:35:36.024Z</time>
    </trkpt>
    <trkpt lat="45.48734237" lon="15.08290828">
        <ele>251.0</ele>
        <time>2022-08-16T20:35:37.024Z</time>
    </trkpt>
    <trkpt lat="45.48735281" lon="15.08290443">
        <ele>251.0</ele>
        <time>2022-08-16T20:35:38.024Z</time>
    </trkpt>
    <trkpt lat="45.48736635" lon="15.08291742">
        <ele>251.0</ele>
        <time>2022-08-16T20:35:40.024Z</time>
    </trkpt>
    <trkpt lat="45.48738458" lon="15.08292002">
        <ele>251.0</ele>
        <time>2022-08-16T20:35:42.024Z</time>
    </trkpt>
    <trkpt lat="45.4874044" lon="15.08293577">
        <ele>251.0</ele>
        <time>2022-08-16T20:35:45.024Z</time>
    </trkpt>
    <trkpt lat="45.4874334" lon="15.08293997">
        <ele>251.0</ele>
        <time>2022-08-16T20:35:48.024Z</time>
    </trkpt>
    <trkpt lat="45.48744585" lon="15.08293645">
        <ele>251.0</ele>
        <time>2022-08-16T20:35:50.024Z</time>
    </trkpt>
    <trkpt lat="45.48744996" lon="15.08290292">
        <ele>251.0</ele>
        <time>2022-08-16T20:35:53.024Z</time>
    </trkpt>
    <trkpt lat="45.48744581" lon="15.08287107">
        <ele>251.0</ele>
        <time>2022-08-16T20:35:56.024Z</time>
    </trkpt>
    <trkpt lat="45.4874474" lon="15.08280762">
        <ele>251.0</ele>
        <time>2022-08-16T20:36:01.024Z</time>
    </trkpt>
    <trkpt lat="45.48744095" lon="15.0827932">
        <ele>251.0</ele>
        <time>2022-08-16T20:36:03.024Z</time>
    </trkpt>
    <trkpt lat="45.48744199" lon="15.08277878">
        <ele>251.0</ele>
        <time>2022-08-16T20:36:05.024Z</time>
    </trkpt>
    <trkpt lat="45.48741932" lon="15.08274199">
        <ele>251.0</ele>
        <time>2022-08-16T20:36:10.024Z</time>
    </trkpt>
    <trkpt lat="45.48741735" lon="15.0827217">
        <ele>251.0</ele>
        <time>2022-08-16T20:36:12.024Z</time>
    </trkpt>
    <trkpt lat="45.48740591" lon="15.08269387">
        <ele>250.0</ele>
        <time>2022-08-16T20:36:15.024Z</time>
    </trkpt>
    <trkpt lat="45.4874083" lon="15.08267988">
        <ele>251.0</ele>
        <time>2022-08-16T20:36:17.024Z</time>
    </trkpt>
    <trkpt lat="45.4873917" lon="15.08266663">
        <ele>250.0</ele>
        <time>2022-08-16T20:36:19.024Z</time>
    </trkpt>
    <trkpt lat="45.48734942" lon="15.08257083">
        <ele>249.0</ele>
        <time>2022-08-16T20:36:28.024Z</time>
    </trkpt>
    <trkpt lat="45.48734342" lon="15.08254526">
        <ele>249.0</ele>
        <time>2022-08-16T20:36:30.024Z</time>
    </trkpt>
    <trkpt lat="45.48734401" lon="15.08251349">
        <ele>250.0</ele>
        <time>2022-08-16T20:36:33.024Z</time>
    </trkpt>
    <trkpt lat="45.48735264" lon="15.08247586">
        <ele>250.0</ele>
        <time>2022-08-16T20:36:38.024Z</time>
    </trkpt>
    <trkpt lat="45.48734921" lon="15.08245675">
        <ele>250.0</ele>
        <time>2022-08-16T20:36:41.024Z</time>
    </trkpt>
    <trkpt lat="45.48734003" lon="15.08244426">
        <ele>249.0</ele>
        <time>2022-08-16T20:36:43.024Z</time>
    </trkpt>
    <trkpt lat="45.48733739" lon="15.0824228">
        <ele>250.0</ele>
        <time>2022-08-16T20:36:45.024Z</time>
    </trkpt>
    <trkpt lat="45.48732683" lon="15.08241023">
        <ele>250.0</ele>
        <time>2022-08-16T20:36:47.024Z</time>
    </trkpt>
    <trkpt lat="45.48732804" lon="15.08239925">
        <ele>250.0</ele>
        <time>2022-08-16T20:36:48.024Z</time>
    </trkpt>
    <trkpt lat="45.4873161" lon="15.08239481">
        <ele>250.0</ele>
        <time>2022-08-16T20:36:49.024Z</time>
    </trkpt>
    <trkpt lat="45.48730658" lon="15.08238265">
        <ele>250.0</ele>
        <time>2022-08-16T20:36:51.024Z</time>
    </trkpt>
    <trkpt lat="45.48728793" lon="15.08234099">
        <ele>250.0</ele>
        <time>2022-08-16T20:36:56.024Z</time>
    </trkpt>
    <trkpt lat="45.48725763" lon="15.0823223">
        <ele>250.0</ele>
        <time>2022-08-16T20:37:00.024Z</time>
    </trkpt>
    <trkpt lat="45.48723911" lon="15.08227335">
        <ele>251.0</ele>
        <time>2022-08-16T20:37:06.024Z</time>
    </trkpt>
    <trkpt lat="45.48722469" lon="15.08225257">
        <ele>251.0</ele>
        <time>2022-08-16T20:37:11.024Z</time>
    </trkpt>
    <trkpt lat="45.48722499" lon="15.08224502">
        <ele>251.0</ele>
        <time>2022-08-16T20:37:12.024Z</time>
    </trkpt>
    <trkpt lat="45.48720948" lon="15.08224863">
        <ele>251.0</ele>
        <time>2022-08-16T20:37:16.024Z</time>
    </trkpt>
    <trkpt lat="45.48720617" lon="15.08224427">
        <ele>251.0</ele>
        <time>2022-08-16T20:37:17.024Z</time>
    </trkpt>
    <trkpt lat="45.48720558" lon="15.08221854">
        <ele>251.0</ele>
        <time>2022-08-16T20:37:20.024Z</time>
    </trkpt>
    <trkpt lat="45.4871822" lon="15.08217964">
        <ele>251.0</ele>
        <time>2022-08-16T20:37:25.024Z</time>
    </trkpt>
    <trkpt lat="45.48717272" lon="15.08209507">
        <ele>251.0</ele>
        <time>2022-08-16T20:37:32.024Z</time>
    </trkpt>
    <trkpt lat="45.4871568" lon="15.08205987">
        <ele>252.0</ele>
        <time>2022-08-16T20:37:35.024Z</time>
    </trkpt>
    <trkpt lat="45.4871591" lon="15.08200446">
        <ele>252.0</ele>
        <time>2022-08-16T20:37:39.024Z</time>
    </trkpt>
    <trkpt lat="45.48715269" lon="15.08198652">
        <ele>252.0</ele>
        <time>2022-08-16T20:37:41.024Z</time>
    </trkpt>
    <trkpt lat="45.48714515" lon="15.08198074">
        <ele>253.0</ele>
        <time>2022-08-16T20:37:42.024Z</time>
    </trkpt>
    <trkpt lat="45.48712805" lon="15.08194956">
        <ele>253.0</ele>
        <time>2022-08-16T20:37:48.024Z</time>
    </trkpt>
    <trkpt lat="45.48713132" lon="15.08191117">
        <ele>253.0</ele>
        <time>2022-08-16T20:37:52.024Z</time>
    </trkpt>
    <trkpt lat="45.48712679" lon="15.08189868">
        <ele>254.0</ele>
        <time>2022-08-16T20:37:54.024Z</time>
    </trkpt>
    <trkpt lat="45.48713086" lon="15.08189357">
        <ele>254.0</ele>
        <time>2022-08-16T20:37:55.024Z</time>
    </trkpt>
    <trkpt lat="45.48712985" lon="15.08187831">
        <ele>255.0</ele>
        <time>2022-08-16T20:37:57.024Z</time>
    </trkpt>
    <trkpt lat="45.48713392" lon="15.08186876">
        <ele>255.0</ele>
        <time>2022-08-16T20:37:58.024Z</time>
    </trkpt>
    <trkpt lat="45.48711937" lon="15.08181595">
        <ele>255.0</ele>
        <time>2022-08-16T20:38:03.024Z</time>
    </trkpt>
    <trkpt lat="45.48711828" lon="15.0817432">
        <ele>255.0</ele>
        <time>2022-08-16T20:38:09.024Z</time>
    </trkpt>
    <trkpt lat="45.48711237" lon="15.08171763">
        <ele>254.0</ele>
        <time>2022-08-16T20:38:11.024Z</time>
    </trkpt>
    <trkpt lat="45.4871151" lon="15.08168695">
        <ele>254.0</ele>
        <time>2022-08-16T20:38:14.024Z</time>
    </trkpt>
    <trkpt lat="45.48710525" lon="15.08166919">
        <ele>254.0</ele>
        <time>2022-08-16T20:38:16.024Z</time>
    </trkpt>
    <trkpt lat="45.48710772" lon="15.08162585">
        <ele>254.0</ele>
        <time>2022-08-16T20:38:19.024Z</time>
    </trkpt>
    <trkpt lat="45.48709557" lon="15.08156701">
        <ele>254.0</ele>
        <time>2022-08-16T20:38:24.024Z</time>
    </trkpt>
    <trkpt lat="45.48710697" lon="15.08150591">
        <ele>255.0</ele>
        <time>2022-08-16T20:38:30.024Z</time>
    </trkpt>
    <trkpt lat="45.48713983" lon="15.08139443">
        <ele>255.0</ele>
        <time>2022-08-16T20:38:39.024Z</time>
    </trkpt>
    <trkpt lat="45.48715835" lon="15.08136702">
        <ele>256.0</ele>
        <time>2022-08-16T20:38:41.024Z</time>
    </trkpt>
    <trkpt lat="45.48716719" lon="15.08134522">
        <ele>256.0</ele>
        <time>2022-08-16T20:38:43.024Z</time>
    </trkpt>
    <trkpt lat="45.48720491" lon="15.08129862">
        <ele>256.0</ele>
        <time>2022-08-16T20:38:49.024Z</time>
    </trkpt>
    <trkpt lat="45.48721329" lon="15.08125839">
        <ele>256.0</ele>
        <time>2022-08-16T20:38:52.024Z</time>
    </trkpt>
    <trkpt lat="45.48722117" lon="15.08124121">
        <ele>256.0</ele>
        <time>2022-08-16T20:38:54.024Z</time>
    </trkpt>
    <trkpt lat="45.48724619" lon="15.08121246">
        <ele>257.0</ele>
        <time>2022-08-16T20:38:57.024Z</time>
    </trkpt>
    <trkpt lat="45.48725801" lon="15.08118236">
        <ele>257.0</ele>
        <time>2022-08-16T20:39:00.024Z</time>
    </trkpt>
    <trkpt lat="45.48725273" lon="15.08115873">
        <ele>257.0</ele>
        <time>2022-08-16T20:39:03.024Z</time>
    </trkpt>
    <trkpt lat="45.4872627" lon="15.08115068">
        <ele>257.0</ele>
        <time>2022-08-16T20:39:05.024Z</time>
    </trkpt>
    <trkpt lat="45.48726396" lon="15.08113811">
        <ele>257.0</ele>
        <time>2022-08-16T20:39:06.024Z</time>
    </trkpt>
    <trkpt lat="45.48728982" lon="15.08111112">
        <ele>257.0</ele>
        <time>2022-08-16T20:39:11.024Z</time>
    </trkpt>
    <trkpt lat="45.48728714" lon="15.08110416">
        <ele>257.0</ele>
        <time>2022-08-16T20:39:12.024Z</time>
    </trkpt>
    <trkpt lat="45.48729208" lon="15.08109033">
        <ele>257.0</ele>
        <time>2022-08-16T20:39:14.024Z</time>
    </trkpt>
    <trkpt lat="45.48729749" lon="15.08108421">
        <ele>257.0</ele>
        <time>2022-08-16T20:39:15.024Z</time>
    </trkpt>
    <trkpt lat="45.48731057" lon="15.08108463">
        <ele>257.0</ele>
        <time>2022-08-16T20:39:16.024Z</time>
    </trkpt>
    <trkpt lat="45.4873345" lon="15.08106217">
        <ele>258.0</ele>
        <time>2022-08-16T20:39:19.024Z</time>
    </trkpt>
    <trkpt lat="45.48734229" lon="15.08105957">
        <ele>258.0</ele>
        <time>2022-08-16T20:39:20.024Z</time>
    </trkpt>
    <trkpt lat="45.48735289" lon="15.08101263">
        <ele>259.0</ele>
        <time>2022-08-16T20:39:24.024Z</time>
    </trkpt>
    <trkpt lat="45.48734481" lon="15.08100534">
        <ele>259.0</ele>
        <time>2022-08-16T20:39:25.024Z</time>
    </trkpt>
    <trkpt lat="45.48735486" lon="15.0809879">
        <ele>260.0</ele>
        <time>2022-08-16T20:39:30.024Z</time>
    </trkpt>
    <trkpt lat="45.4873521" lon="15.08098103">
        <ele>261.0</ele>
        <time>2022-08-16T20:39:31.024Z</time>
    </trkpt>
    <trkpt lat="45.48736463" lon="15.08098648">
        <ele>262.0</ele>
        <time>2022-08-16T20:39:35.024Z</time>
    </trkpt>
    <trkpt lat="45.48737217" lon="15.0809843">
        <ele>263.0</ele>
        <time>2022-08-16T20:39:36.024Z</time>
    </trkpt>
    <trkpt lat="45.48738181" lon="15.08099075">
        <ele>263.0</ele>
        <time>2022-08-16T20:39:37.024Z</time>
    </trkpt>
    <trkpt lat="45.48737796" lon="15.08098983">
        <ele>263.0</ele>
        <time>2022-08-16T20:39:39.024Z</time>
    </trkpt>
    <trkpt lat="45.48737976" lon="15.08097365">
        <ele>264.0</ele>
        <time>2022-08-16T20:39:44.024Z</time>
    </trkpt>
    <trkpt lat="45.48740616" lon="15.0809672">
        <ele>264.0</ele>
        <time>2022-08-16T20:39:48.024Z</time>
    </trkpt>
    <trkpt lat="45.48742129" lon="15.08096879">
        <ele>264.0</ele>
        <time>2022-08-16T20:39:52.024Z</time>
    </trkpt>
    <trkpt lat="45.48741907" lon="15.08096578">
        <ele>264.0</ele>
        <time>2022-08-16T20:39:53.024Z</time>
    </trkpt>
    <trkpt lat="45.48742263" lon="15.08096829">
        <ele>264.0</ele>
        <time>2022-08-16T20:39:55.024Z</time>
    </trkpt>
    <trkpt lat="45.48742565" lon="15.08096309">
        <ele>264.0</ele>
        <time>2022-08-16T20:39:56.024Z</time>
    </trkpt>
    <trkpt lat="45.48743437" lon="15.08095949">
        <ele>263.0</ele>
        <time>2022-08-16T20:39:58.024Z</time>
    </trkpt>
    <trkpt lat="45.48743499" lon="15.08096326">
        <ele>263.0</ele>
        <time>2022-08-16T20:39:59.024Z</time>
    </trkpt>
    <trkpt lat="45.48744308" lon="15.08095823">
        <ele>263.0</ele>
        <time>2022-08-16T20:40:01.024Z</time>
    </trkpt>
    <trkpt lat="45.48743604" lon="15.0809579">
        <ele>263.0</ele>
        <time>2022-08-16T20:40:02.024Z</time>
    </trkpt>
    <trkpt lat="45.4874368" lon="15.08094658">
        <ele>263.0</ele>
        <time>2022-08-16T20:40:03.024Z</time>
    </trkpt>
    <trkpt lat="45.487458" lon="15.08093208">
        <ele>264.0</ele>
        <time>2022-08-16T20:40:07.024Z</time>
    </trkpt>
    <trkpt lat="45.48746659" lon="15.08088388">
        <ele>263.0</ele>
        <time>2022-08-16T20:40:13.024Z</time>
    </trkpt>
    <trkpt lat="45.48750917" lon="15.08087031">
        <ele>263.0</ele>
        <time>2022-08-16T20:40:18.024Z</time>
    </trkpt>
    <trkpt lat="45.48751898" lon="15.08084793">
        <ele>263.0</ele>
        <time>2022-08-16T20:40:21.024Z</time>
    </trkpt>
    <trkpt lat="45.48756806" lon="15.08079386">
        <ele>262.0</ele>
        <time>2022-08-16T20:40:28.024Z</time>
    </trkpt>
    <trkpt lat="45.48760016" lon="15.08077702">
        <ele>262.0</ele>
        <time>2022-08-16T20:40:30.024Z</time>
    </trkpt>
    <trkpt lat="45.48761483" lon="15.08076461">
        <ele>262.0</ele>
        <time>2022-08-16T20:40:31.024Z</time>
    </trkpt>
    <trkpt lat="45.48762028" lon="15.08076746">
        <ele>262.0</ele>
        <time>2022-08-16T20:40:32.024Z</time>
    </trkpt>
    <trkpt lat="45.48764102" lon="15.08076067">
        <ele>262.0</ele>
        <time>2022-08-16T20:40:34.024Z</time>
    </trkpt>
    <trkpt lat="45.4876756" lon="15.08076143">
        <ele>262.0</ele>
        <time>2022-08-16T20:40:37.024Z</time>
    </trkpt>
    <trkpt lat="45.48770799" lon="15.08074684">
        <ele>262.0</ele>
        <time>2022-08-16T20:40:40.024Z</time>
    </trkpt>
    <trkpt lat="45.48773926" lon="15.08074709">
        <ele>262.0</ele>
        <time>2022-08-16T20:40:42.024Z</time>
    </trkpt>
    <trkpt lat="45.48775866" lon="15.08075933">
        <ele>261.0</ele>
        <time>2022-08-16T20:40:43.024Z</time>
    </trkpt>
    <trkpt lat="45.4877789" lon="15.08075455">
        <ele>262.0</ele>
        <time>2022-08-16T20:40:45.024Z</time>
    </trkpt>
    <trkpt lat="45.48781373" lon="15.08073678">
        <ele>261.0</ele>
        <time>2022-08-16T20:40:49.024Z</time>
    </trkpt>
    <trkpt lat="45.4878367" lon="15.08073234">
        <ele>262.0</ele>
        <time>2022-08-16T20:40:51.024Z</time>
    </trkpt>
    <trkpt lat="45.48787936" lon="15.08070141">
        <ele>262.0</ele>
        <time>2022-08-16T20:40:55.024Z</time>
    </trkpt>
    <trkpt lat="45.48788707" lon="15.0806916">
        <ele>262.0</ele>
        <time>2022-08-16T20:40:56.024Z</time>
    </trkpt>
    <trkpt lat="45.48793845" lon="15.08066227">
        <ele>262.0</ele>
        <time>2022-08-16T20:41:02.024Z</time>
    </trkpt>
    <trkpt lat="45.48794604" lon="15.08066738">
        <ele>262.0</ele>
        <time>2022-08-16T20:41:03.024Z</time>
    </trkpt>
    <trkpt lat="45.48797508" lon="15.08067031">
        <ele>262.0</ele>
        <time>2022-08-16T20:41:06.024Z</time>
    </trkpt>
    <trkpt lat="45.4879838" lon="15.08067476">
        <ele>262.0</ele>
        <time>2022-08-16T20:41:07.024Z</time>
    </trkpt>
    <trkpt lat="45.48798619" lon="15.08066713">
        <ele>262.0</ele>
        <time>2022-08-16T20:41:08.024Z</time>
    </trkpt>
    <trkpt lat="45.48800853" lon="15.080659">
        <ele>262.0</ele>
        <time>2022-08-16T20:41:10.024Z</time>
    </trkpt>
    <trkpt lat="45.48802944" lon="15.08065799">
        <ele>262.0</ele>
        <time>2022-08-16T20:41:12.024Z</time>
    </trkpt>
    <trkpt lat="45.48805806" lon="15.08064508">
        <ele>262.0</ele>
        <time>2022-08-16T20:41:14.024Z</time>
    </trkpt>
    <trkpt lat="45.48811431" lon="15.08063989">
        <ele>262.0</ele>
        <time>2022-08-16T20:41:17.024Z</time>
    </trkpt>
    <trkpt lat="45.48819029" lon="15.08065682">
        <ele>262.0</ele>
        <time>2022-08-16T20:41:22.024Z</time>
    </trkpt>
    <trkpt lat="45.48826539" lon="15.08068188">
        <ele>263.0</ele>
        <time>2022-08-16T20:41:27.024Z</time>
    </trkpt>
    <trkpt lat="45.48827666" lon="15.08067878">
        <ele>263.0</ele>
        <time>2022-08-16T20:41:28.024Z</time>
    </trkpt>
    <trkpt lat="45.48828576" lon="15.08068498">
        <ele>262.0</ele>
        <time>2022-08-16T20:41:31.024Z</time>
    </trkpt>
    <trkpt lat="45.48831786" lon="15.08069362">
        <ele>263.0</ele>
        <time>2022-08-16T20:41:34.024Z</time>
    </trkpt>
    <trkpt lat="45.48832482" lon="15.08069018">
        <ele>263.0</ele>
        <time>2022-08-16T20:41:36.024Z</time>
    </trkpt>
    <trkpt lat="45.48832557" lon="15.08069596">
        <ele>263.0</ele>
        <time>2022-08-16T20:41:37.024Z</time>
    </trkpt>
    <trkpt lat="45.48832792" lon="15.08069362">
        <ele>263.0</ele>
        <time>2022-08-16T20:41:38.024Z</time>
    </trkpt>
    <trkpt lat="45.4883516" lon="15.08070133">
        <ele>263.0</ele>
        <time>2022-08-16T20:41:40.024Z</time>
    </trkpt>
    <trkpt lat="45.48836853" lon="15.08071532">
        <ele>263.0</ele>
        <time>2022-08-16T20:41:42.024Z</time>
    </trkpt>
    <trkpt lat="45.4883806" lon="15.08072128">
        <ele>264.0</ele>
        <time>2022-08-16T20:41:44.024Z</time>
    </trkpt>
    <trkpt lat="45.48838965" lon="15.08072086">
        <ele>264.0</ele>
        <time>2022-08-16T20:41:45.024Z</time>
    </trkpt>
    <trkpt lat="45.48842054" lon="15.08073837">
        <ele>264.0</ele>
        <time>2022-08-16T20:41:48.024Z</time>
    </trkpt>
    <trkpt lat="45.48844066" lon="15.08073687">
        <ele>264.0</ele>
        <time>2022-08-16T20:41:50.024Z</time>
    </trkpt>
    <trkpt lat="45.48849216" lon="15.08075371">
        <ele>264.0</ele>
        <time>2022-08-16T20:41:53.024Z</time>
    </trkpt>
    <trkpt lat="45.4885238" lon="15.0807424">
        <ele>263.0</ele>
        <time>2022-08-16T20:41:57.024Z</time>
    </trkpt>
    <trkpt lat="45.48855301" lon="15.08074961">
        <ele>263.0</ele>
        <time>2022-08-16T20:42:03.024Z</time>
    </trkpt>
    <trkpt lat="45.48861894" lon="15.08073544">
        <ele>263.0</ele>
        <time>2022-08-16T20:42:09.024Z</time>
    </trkpt>
    <trkpt lat="45.48863499" lon="15.08075254">
        <ele>263.0</ele>
        <time>2022-08-16T20:42:10.024Z</time>
    </trkpt>
    <trkpt lat="45.48866324" lon="15.08076327">
        <ele>263.0</ele>
        <time>2022-08-16T20:42:13.024Z</time>
    </trkpt>
    <trkpt lat="45.48867028" lon="15.08077316">
        <ele>263.0</ele>
        <time>2022-08-16T20:42:14.024Z</time>
    </trkpt>
    <trkpt lat="45.48869966" lon="15.08077383">
        <ele>262.0</ele>
        <time>2022-08-16T20:42:17.024Z</time>
    </trkpt>
    <trkpt lat="45.48871504" lon="15.08078464">
        <ele>262.0</ele>
        <time>2022-08-16T20:42:18.024Z</time>
    </trkpt>
    <trkpt lat="45.48874018" lon="15.08078464">
        <ele>262.0</ele>
        <time>2022-08-16T20:42:20.024Z</time>
    </trkpt>
    <trkpt lat="45.4887792" lon="15.08077274">
        <ele>263.0</ele>
        <time>2022-08-16T20:42:24.024Z</time>
    </trkpt>
    <trkpt lat="45.48880384" lon="15.08076168">
        <ele>263.0</ele>
        <time>2022-08-16T20:42:27.024Z</time>
    </trkpt>
    <trkpt lat="45.48880824" lon="15.08075262">
        <ele>263.0</ele>
        <time>2022-08-16T20:42:28.024Z</time>
    </trkpt>
    <trkpt lat="45.488817" lon="15.08075858">
        <ele>263.0</ele>
        <time>2022-08-16T20:42:29.024Z</time>
    </trkpt>
    <trkpt lat="45.48887345" lon="15.08076226">
        <ele>263.0</ele>
        <time>2022-08-16T20:42:33.024Z</time>
    </trkpt>
    <trkpt lat="45.48890916" lon="15.08074307">
        <ele>263.0</ele>
        <time>2022-08-16T20:42:36.024Z</time>
    </trkpt>
    <trkpt lat="45.48891092" lon="15.08073033">
        <ele>263.0</ele>
        <time>2022-08-16T20:42:37.024Z</time>
    </trkpt>
    <trkpt lat="45.48892551" lon="15.08071985">
        <ele>263.0</ele>
        <time>2022-08-16T20:42:39.024Z</time>
    </trkpt>
    <trkpt lat="45.48893246" lon="15.08071859">
        <ele>263.0</ele>
        <time>2022-08-16T20:42:40.024Z</time>
    </trkpt>
    <trkpt lat="45.48895086" lon="15.08073251">
        <ele>263.0</ele>
        <time>2022-08-16T20:42:41.024Z</time>
    </trkpt>
    <trkpt lat="45.48896947" lon="15.08071348">
        <ele>263.0</ele>
        <time>2022-08-16T20:42:45.024Z</time>
    </trkpt>
    <trkpt lat="45.48898632" lon="15.08071038">
        <ele>263.0</ele>
        <time>2022-08-16T20:42:46.024Z</time>
    </trkpt>
    <trkpt lat="45.48900019" lon="15.08071407">
        <ele>264.0</ele>
        <time>2022-08-16T20:42:47.024Z</time>
    </trkpt>
    <trkpt lat="45.48900937" lon="15.08069462">
        <ele>263.0</ele>
        <time>2022-08-16T20:42:49.024Z</time>
    </trkpt>
    <trkpt lat="45.48901855" lon="15.08069663">
        <ele>263.0</ele>
        <time>2022-08-16T20:42:50.024Z</time>
    </trkpt>
    <trkpt lat="45.48902668" lon="15.08069211">
        <ele>263.0</ele>
        <time>2022-08-16T20:42:51.024Z</time>
    </trkpt>
    <trkpt lat="45.48903443" lon="15.08067803">
        <ele>263.0</ele>
        <time>2022-08-16T20:42:52.024Z</time>
    </trkpt>
    <trkpt lat="45.48904302" lon="15.08063402">
        <ele>264.0</ele>
        <time>2022-08-16T20:42:55.024Z</time>
    </trkpt>
    <trkpt lat="45.48906004" lon="15.08063503">
        <ele>264.0</ele>
        <time>2022-08-16T20:42:56.024Z</time>
    </trkpt>
    <trkpt lat="45.48908627" lon="15.08061164">
        <ele>264.0</ele>
        <time>2022-08-16T20:42:58.024Z</time>
    </trkpt>
    <trkpt lat="45.48909771" lon="15.08057057">
        <ele>264.0</ele>
        <time>2022-08-16T20:43:00.024Z</time>
    </trkpt>
    <trkpt lat="45.48909692" lon="15.08055925">
        <ele>264.0</ele>
        <time>2022-08-16T20:43:01.024Z</time>
    </trkpt>
    <trkpt lat="45.48911133" lon="15.08055255">
        <ele>264.0</ele>
        <time>2022-08-16T20:43:02.024Z</time>
    </trkpt>
    <trkpt lat="45.48911536" lon="15.08053637">
        <ele>264.0</ele>
        <time>2022-08-16T20:43:03.024Z</time>
    </trkpt>
    <trkpt lat="45.48914612" lon="15.08051776">
        <ele>264.0</ele>
        <time>2022-08-16T20:43:06.024Z</time>
    </trkpt>
    <trkpt lat="45.4891602" lon="15.08051609">
        <ele>264.0</ele>
        <time>2022-08-16T20:43:07.024Z</time>
    </trkpt>
    <trkpt lat="45.48916871" lon="15.08049983">
        <ele>265.0</ele>
        <time>2022-08-16T20:43:09.024Z</time>
    </trkpt>
    <trkpt lat="45.4891861" lon="15.08049128">
        <ele>265.0</ele>
        <time>2022-08-16T20:43:10.024Z</time>
    </trkpt>
    <trkpt lat="45.48919264" lon="15.08046437">
        <ele>265.0</ele>
        <time>2022-08-16T20:43:12.024Z</time>
    </trkpt>
    <trkpt lat="45.48921225" lon="15.08045699">
        <ele>265.0</ele>
        <time>2022-08-16T20:43:14.024Z</time>
    </trkpt>
    <trkpt lat="45.48923756" lon="15.08042682">
        <ele>266.0</ele>
        <time>2022-08-16T20:43:18.024Z</time>
    </trkpt>
    <trkpt lat="45.48923857" lon="15.08041458">
        <ele>266.0</ele>
        <time>2022-08-16T20:43:19.024Z</time>
    </trkpt>
    <trkpt lat="45.48925814" lon="15.08039061">
        <ele>267.0</ele>
        <time>2022-08-16T20:43:22.024Z</time>
    </trkpt>
    <trkpt lat="45.48926334" lon="15.08037636">
        <ele>268.0</ele>
        <time>2022-08-16T20:43:23.024Z</time>
    </trkpt>
    <trkpt lat="45.48926652" lon="15.08033227">
        <ele>268.0</ele>
        <time>2022-08-16T20:43:27.024Z</time>
    </trkpt>
    <trkpt lat="45.48927524" lon="15.08033219">
        <ele>269.0</ele>
        <time>2022-08-16T20:43:28.024Z</time>
    </trkpt>
    <trkpt lat="45.48930106" lon="15.08028014">
        <ele>271.0</ele>
        <time>2022-08-16T20:43:34.024Z</time>
    </trkpt>
    <trkpt lat="45.48932604" lon="15.0802684">
        <ele>273.0</ele>
        <time>2022-08-16T20:43:39.024Z</time>
    </trkpt>
    <trkpt lat="45.48933723" lon="15.08023974">
        <ele>274.0</ele>
        <time>2022-08-16T20:43:44.024Z</time>
    </trkpt>
    <trkpt lat="45.48937075" lon="15.08025222">
        <ele>276.0</ele>
        <time>2022-08-16T20:43:50.024Z</time>
    </trkpt>
    <trkpt lat="45.4893739" lon="15.08023705">
        <ele>275.0</ele>
        <time>2022-08-16T20:43:52.024Z</time>
    </trkpt>
    <trkpt lat="45.48936929" lon="15.080227">
        <ele>275.0</ele>
        <time>2022-08-16T20:43:53.024Z</time>
    </trkpt>
    <trkpt lat="45.48938689" lon="15.08022507">
        <ele>275.0</ele>
        <time>2022-08-16T20:43:55.024Z</time>
    </trkpt>
    <trkpt lat="45.48941065" lon="15.08021601">
        <ele>275.0</ele>
        <time>2022-08-16T20:44:01.024Z</time>
    </trkpt>
    <trkpt lat="45.48940516" lon="15.08020948">
        <ele>275.0</ele>
        <time>2022-08-16T20:44:02.024Z</time>
    </trkpt>
    <trkpt lat="45.48942951" lon="15.0801762">
        <ele>276.0</ele>
        <time>2022-08-16T20:44:07.024Z</time>
    </trkpt>
    <trkpt lat="45.48944301" lon="15.08017377">
        <ele>276.0</ele>
        <time>2022-08-16T20:44:09.024Z</time>
    </trkpt>
    <trkpt lat="45.48944544" lon="15.08016489">
        <ele>276.0</ele>
        <time>2022-08-16T20:44:10.024Z</time>
    </trkpt>
    <trkpt lat="45.48945763" lon="15.08016447">
        <ele>276.0</ele>
        <time>2022-08-16T20:44:12.024Z</time>
    </trkpt>
    <trkpt lat="45.4894583" lon="15.08015759">
        <ele>276.0</ele>
        <time>2022-08-16T20:44:13.024Z</time>
    </trkpt>
    <trkpt lat="45.48949267" lon="15.08012624">
        <ele>277.0</ele>
        <time>2022-08-16T20:44:19.024Z</time>
    </trkpt>
    <trkpt lat="45.48950629" lon="15.08012004">
        <ele>277.0</ele>
        <time>2022-08-16T20:44:21.024Z</time>
    </trkpt>
    <trkpt lat="45.48950755" lon="15.08012993">
        <ele>277.0</ele>
        <time>2022-08-16T20:44:23.024Z</time>
    </trkpt>
    <trkpt lat="45.48949828" lon="15.08013555">
        <ele>277.0</ele>
        <time>2022-08-16T20:44:24.024Z</time>
    </trkpt>
    <trkpt lat="45.48947909" lon="15.080127">
        <ele>278.0</ele>
        <time>2022-08-16T20:44:27.024Z</time>
    </trkpt>
    <trkpt lat="45.48948848" lon="15.08012046">
        <ele>277.0</ele>
        <time>2022-08-16T20:44:29.024Z</time>
    </trkpt>
    <trkpt lat="45.48950872" lon="15.08011895">
        <ele>277.0</ele>
        <time>2022-08-16T20:44:32.024Z</time>
    </trkpt>
    <trkpt lat="45.48951488" lon="15.08010755">
        <ele>277.0</ele>
        <time>2022-08-16T20:44:35.024Z</time>
    </trkpt>
    <trkpt lat="45.48951463" lon="15.0800985">
        <ele>277.0</ele>
        <time>2022-08-16T20:44:37.024Z</time>
    </trkpt>
    <trkpt lat="45.48952335" lon="15.08009045">
        <ele>278.0</ele>
        <time>2022-08-16T20:44:39.024Z</time>
    </trkpt>
    <trkpt lat="45.48952863" lon="15.08007344">
        <ele>278.0</ele>
        <time>2022-08-16T20:44:42.024Z</time>
    </trkpt>
    <trkpt lat="45.48954032" lon="15.08006807">
        <ele>278.0</ele>
        <time>2022-08-16T20:44:43.024Z</time>
    </trkpt>
    <trkpt lat="45.48955725" lon="15.08001409">
        <ele>279.0</ele>
        <time>2022-08-16T20:44:47.024Z</time>
    </trkpt>
    <trkpt lat="45.48955482" lon="15.07998333">
        <ele>278.0</ele>
        <time>2022-08-16T20:44:50.024Z</time>
    </trkpt>
    <trkpt lat="45.48956681" lon="15.0799721">
        <ele>278.0</ele>
        <time>2022-08-16T20:44:52.024Z</time>
    </trkpt>
    <trkpt lat="45.48957498" lon="15.0799312">
        <ele>278.0</ele>
        <time>2022-08-16T20:44:56.024Z</time>
    </trkpt>
    <trkpt lat="45.48957137" lon="15.07992441">
        <ele>278.0</ele>
        <time>2022-08-16T20:44:57.024Z</time>
    </trkpt>
    <trkpt lat="45.48958386" lon="15.07993028">
        <ele>278.0</ele>
        <time>2022-08-16T20:44:59.024Z</time>
    </trkpt>
    <trkpt lat="45.48958093" lon="15.07994251">
        <ele>278.0</ele>
        <time>2022-08-16T20:45:00.024Z</time>
    </trkpt>
    <trkpt lat="45.48958483" lon="15.07994503">
        <ele>278.0</ele>
        <time>2022-08-16T20:45:01.024Z</time>
    </trkpt>
    <trkpt lat="45.48959866" lon="15.07993715">
        <ele>279.0</ele>
        <time>2022-08-16T20:45:05.024Z</time>
    </trkpt>
    <trkpt lat="45.48959405" lon="15.0799141">
        <ele>279.0</ele>
        <time>2022-08-16T20:45:08.024Z</time>
    </trkpt>
    <trkpt lat="45.48958646" lon="15.07992022">
        <ele>279.0</ele>
        <time>2022-08-16T20:45:09.024Z</time>
    </trkpt>
    <trkpt lat="45.48959577" lon="15.07991561">
        <ele>279.0</ele>
        <time>2022-08-16T20:45:10.024Z</time>
    </trkpt>
    <trkpt lat="45.48960855" lon="15.07989901">
        <ele>279.0</ele>
        <time>2022-08-16T20:45:13.024Z</time>
    </trkpt>
    <trkpt lat="45.48961789" lon="15.0798742">
        <ele>279.0</ele>
        <time>2022-08-16T20:45:15.024Z</time>
    </trkpt>
    <trkpt lat="45.48961731" lon="15.07985853">
        <ele>279.0</ele>
        <time>2022-08-16T20:45:17.024Z</time>
    </trkpt>
    <trkpt lat="45.48962452" lon="15.07985031">
        <ele>279.0</ele>
        <time>2022-08-16T20:45:18.024Z</time>
    </trkpt>
    <trkpt lat="45.48963516" lon="15.07984989">
        <ele>279.0</ele>
        <time>2022-08-16T20:45:19.024Z</time>
    </trkpt>
    <trkpt lat="45.48964442" lon="15.07984143">
        <ele>279.0</ele>
        <time>2022-08-16T20:45:21.024Z</time>
    </trkpt>
    <trkpt lat="45.48966668" lon="15.07980832">
        <ele>280.0</ele>
        <time>2022-08-16T20:45:25.024Z</time>
    </trkpt>
    <trkpt lat="45.48966852" lon="15.07979742">
        <ele>280.0</ele>
        <time>2022-08-16T20:45:26.024Z</time>
    </trkpt>
    <trkpt lat="45.48966102" lon="15.07975359">
        <ele>281.0</ele>
        <time>2022-08-16T20:45:28.024Z</time>
    </trkpt>
    <trkpt lat="45.48966186" lon="15.0797618">
        <ele>281.0</ele>
        <time>2022-08-16T20:45:29.024Z</time>
    </trkpt>
    <trkpt lat="45.48966827" lon="15.07976683">
        <ele>282.0</ele>
        <time>2022-08-16T20:45:30.024Z</time>
    </trkpt>
    <trkpt lat="45.48968583" lon="15.07976247">
        <ele>282.0</ele>
        <time>2022-08-16T20:45:34.024Z</time>
    </trkpt>
    <trkpt lat="45.4896922" lon="15.07975166">
        <ele>283.0</ele>
        <time>2022-08-16T20:45:37.024Z</time>
    </trkpt>
    <trkpt lat="45.48968717" lon="15.07973322">
        <ele>283.0</ele>
        <time>2022-08-16T20:45:39.024Z</time>
    </trkpt>
    <trkpt lat="45.48968122" lon="15.07973255">
        <ele>283.0</ele>
        <time>2022-08-16T20:45:40.024Z</time>
    </trkpt>
    <trkpt lat="45.48968063" lon="15.07972475">
        <ele>283.0</ele>
        <time>2022-08-16T20:45:41.024Z</time>
    </trkpt>
    <trkpt lat="45.48967661" lon="15.07972425">
        <ele>284.0</ele>
        <time>2022-08-16T20:45:43.024Z</time>
    </trkpt>
    <trkpt lat="45.48968" lon="15.07974084">
        <ele>284.0</ele>
        <time>2022-08-16T20:45:45.024Z</time>
    </trkpt>
    <trkpt lat="45.48969564" lon="15.0797535">
        <ele>285.0</ele>
        <time>2022-08-16T20:45:48.024Z</time>
    </trkpt>
    <trkpt lat="45.48969815" lon="15.07975132">
        <ele>285.0</ele>
        <time>2022-08-16T20:45:49.024Z</time>
    </trkpt>
    <trkpt lat="45.4896974" lon="15.07976339">
        <ele>285.0</ele>
        <time>2022-08-16T20:45:50.024Z</time>
    </trkpt>
    <trkpt lat="45.4897028" lon="15.07977228">
        <ele>285.0</ele>
        <time>2022-08-16T20:45:51.024Z</time>
    </trkpt>
    <trkpt lat="45.48971374" lon="15.07977898">
        <ele>285.0</ele>
        <time>2022-08-16T20:45:53.024Z</time>
    </trkpt>
    <trkpt lat="45.48972036" lon="15.07977529">
        <ele>285.0</ele>
        <time>2022-08-16T20:45:54.024Z</time>
    </trkpt>
    <trkpt lat="45.48972849" lon="15.07978275">
        <ele>286.0</ele>
        <time>2022-08-16T20:45:56.024Z</time>
    </trkpt>
    <trkpt lat="45.48972527" lon="15.07978569">
        <ele>286.0</ele>
        <time>2022-08-16T20:45:57.024Z</time>
    </trkpt>
    <trkpt lat="45.48973252" lon="15.07979424">
        <ele>286.0</ele>
        <time>2022-08-16T20:45:59.024Z</time>
    </trkpt>
    <trkpt lat="45.48973193" lon="15.07980589">
        <ele>286.0</ele>
        <time>2022-08-16T20:46:00.024Z</time>
    </trkpt>
    <trkpt lat="45.48972535" lon="15.07981217">
        <ele>286.0</ele>
        <time>2022-08-16T20:46:01.024Z</time>
    </trkpt>
    <trkpt lat="45.48972833" lon="15.07982651">
        <ele>286.0</ele>
        <time>2022-08-16T20:46:03.024Z</time>
    </trkpt>
    <trkpt lat="45.48971864" lon="15.07988174">
        <ele>289.0</ele>
        <time>2022-08-16T20:46:11.024Z</time>
    </trkpt>
    <trkpt lat="45.48972426" lon="15.07988879">
        <ele>290.0</ele>
        <time>2022-08-16T20:46:12.024Z</time>
    </trkpt>
    <trkpt lat="45.48972392" lon="15.07989591">
        <ele>291.0</ele>
        <time>2022-08-16T20:46:13.024Z</time>
    </trkpt>
    <trkpt lat="45.48973398" lon="15.07988954">
        <ele>291.0</ele>
        <time>2022-08-16T20:46:14.024Z</time>
    </trkpt>
    <trkpt lat="45.48974702" lon="15.07989566">
        <ele>291.0</ele>
        <time>2022-08-16T20:46:16.024Z</time>
    </trkpt>
    <trkpt lat="45.48974031" lon="15.07992131">
        <ele>292.0</ele>
        <time>2022-08-16T20:46:28.024Z</time>
    </trkpt>
    <trkpt lat="45.4897357" lon="15.07992072">
        <ele>292.0</ele>
        <time>2022-08-16T20:46:29.024Z</time>
    </trkpt>
    <trkpt lat="45.48973851" lon="15.07991016">
        <ele>291.0</ele>
        <time>2022-08-16T20:46:36.024Z</time>
    </trkpt>
    <trkpt lat="45.48974601" lon="15.0799141">
        <ele>291.0</ele>
        <time>2022-08-16T20:46:37.024Z</time>
    </trkpt>
    <trkpt lat="45.48974991" lon="15.07991175">
        <ele>292.0</ele>
        <time>2022-08-16T20:46:38.024Z</time>
    </trkpt>
    <trkpt lat="45.48974044" lon="15.07991745">
        <ele>292.0</ele>
        <time>2022-08-16T20:46:39.024Z</time>
    </trkpt>
    <trkpt lat="45.48974806" lon="15.07992944">
        <ele>293.0</ele>
        <time>2022-08-16T20:46:46.024Z</time>
    </trkpt>
    <trkpt lat="45.48974597" lon="15.07992323">
        <ele>294.0</ele>
        <time>2022-08-16T20:46:49.024Z</time>
    </trkpt>
    <trkpt lat="45.48975573" lon="15.07993053">
        <ele>296.0</ele>
        <time>2022-08-16T20:46:53.024Z</time>
    </trkpt>
    <trkpt lat="45.48977103" lon="15.07993011">
        <ele>296.0</ele>
        <time>2022-08-16T20:46:57.024Z</time>
    </trkpt>
    <trkpt lat="45.48977346" lon="15.07992583">
        <ele>296.0</ele>
        <time>2022-08-16T20:46:58.024Z</time>
    </trkpt>
    <trkpt lat="45.48977845" lon="15.07993128">
        <ele>296.0</ele>
        <time>2022-08-16T20:46:59.024Z</time>
    </trkpt>
    <trkpt lat="45.48984077" lon="15.0799027">
        <ele>295.0</ele>
        <time>2022-08-16T20:47:06.024Z</time>
    </trkpt>
    <trkpt lat="45.48984345" lon="15.07988761">
        <ele>295.0</ele>
        <time>2022-08-16T20:47:08.024Z</time>
    </trkpt>
    <trkpt lat="45.48983955" lon="15.07987655">
        <ele>296.0</ele>
        <time>2022-08-16T20:47:10.024Z</time>
    </trkpt>
    <trkpt lat="45.48984957" lon="15.07984218">
        <ele>296.0</ele>
        <time>2022-08-16T20:47:15.024Z</time>
    </trkpt>
    <trkpt lat="45.48984328" lon="15.07983925">
        <ele>296.0</ele>
        <time>2022-08-16T20:47:16.024Z</time>
    </trkpt>
    <trkpt lat="45.48984584" lon="15.07983631">
        <ele>296.0</ele>
        <time>2022-08-16T20:47:17.024Z</time>
    </trkpt>
    <trkpt lat="45.4898481" lon="15.07984461">
        <ele>296.0</ele>
        <time>2022-08-16T20:47:18.024Z</time>
    </trkpt>
    <trkpt lat="45.48984483" lon="15.07985442">
        <ele>296.0</ele>
        <time>2022-08-16T20:47:19.024Z</time>
    </trkpt>
    <trkpt lat="45.48982794" lon="15.07985157">
        <ele>295.0</ele>
        <time>2022-08-16T20:47:21.024Z</time>
    </trkpt>
    <trkpt lat="45.48982568" lon="15.07984512">
        <ele>296.0</ele>
        <time>2022-08-16T20:47:25.024Z</time>
    </trkpt>
    <trkpt lat="45.48983335" lon="15.07979876">
        <ele>296.0</ele>
        <time>2022-08-16T20:47:29.024Z</time>
    </trkpt>
    <trkpt lat="45.48985363" lon="15.07974931">
        <ele>297.0</ele>
        <time>2022-08-16T20:47:34.024Z</time>
    </trkpt>
    <trkpt lat="45.48986503" lon="15.07973288">
        <ele>297.0</ele>
        <time>2022-08-16T20:47:38.024Z</time>
    </trkpt>
    <trkpt lat="45.48985774" lon="15.07972207">
        <ele>297.0</ele>
        <time>2022-08-16T20:47:40.024Z</time>
    </trkpt>
    <trkpt lat="45.48985954" lon="15.0797157">
        <ele>297.0</ele>
        <time>2022-08-16T20:47:41.024Z</time>
    </trkpt>
    <trkpt lat="45.48986818" lon="15.07971436">
        <ele>297.0</ele>
        <time>2022-08-16T20:47:42.024Z</time>
    </trkpt>
    <trkpt lat="45.48987522" lon="15.07969843">
        <ele>297.0</ele>
        <time>2022-08-16T20:47:45.024Z</time>
    </trkpt>
    <trkpt lat="45.48987555" lon="15.07968083">
        <ele>297.0</ele>
        <time>2022-08-16T20:47:47.024Z</time>
    </trkpt>
    <trkpt lat="45.48989102" lon="15.07966348">
        <ele>297.0</ele>
        <time>2022-08-16T20:47:49.024Z</time>
    </trkpt>
    <trkpt lat="45.48989626" lon="15.07965032">
        <ele>297.0</ele>
        <time>2022-08-16T20:47:51.024Z</time>
    </trkpt>
    <trkpt lat="45.48989978" lon="15.07964621">
        <ele>297.0</ele>
        <time>2022-08-16T20:47:52.024Z</time>
    </trkpt>
    <trkpt lat="45.48990916" lon="15.0796489">
        <ele>297.0</ele>
        <time>2022-08-16T20:47:54.024Z</time>
    </trkpt>
    <trkpt lat="45.48990841" lon="15.07964211">
        <ele>297.0</ele>
        <time>2022-08-16T20:47:55.024Z</time>
    </trkpt>
    <trkpt lat="45.48991604" lon="15.07964185">
        <ele>297.0</ele>
        <time>2022-08-16T20:47:57.024Z</time>
    </trkpt>
    <trkpt lat="45.48992848" lon="15.07963071">
        <ele>297.0</ele>
        <time>2022-08-16T20:48:00.024Z</time>
    </trkpt>
    <trkpt lat="45.48994747" lon="15.07963154">
        <ele>297.0</ele>
        <time>2022-08-16T20:48:03.024Z</time>
    </trkpt>
    <trkpt lat="45.48996264" lon="15.0796188">
        <ele>298.0</ele>
        <time>2022-08-16T20:48:06.024Z</time>
    </trkpt>
    <trkpt lat="45.48996641" lon="15.07962626">
        <ele>297.0</ele>
        <time>2022-08-16T20:48:07.024Z</time>
    </trkpt>
    <trkpt lat="45.48996461" lon="15.07961554">
        <ele>298.0</ele>
        <time>2022-08-16T20:48:10.024Z</time>
    </trkpt>
    <trkpt lat="45.48996721" lon="15.07962325">
        <ele>298.0</ele>
        <time>2022-08-16T20:48:11.024Z</time>
    </trkpt>
    <trkpt lat="45.48997492" lon="15.07962174">
        <ele>298.0</ele>
        <time>2022-08-16T20:48:12.024Z</time>
    </trkpt>
    <trkpt lat="45.4899815" lon="15.07962828">
        <ele>299.0</ele>
        <time>2022-08-16T20:48:14.024Z</time>
    </trkpt>
    <trkpt lat="45.48998779" lon="15.07962501">
        <ele>299.0</ele>
        <time>2022-08-16T20:48:17.024Z</time>
    </trkpt>
    <trkpt lat="45.48998988" lon="15.07962895">
        <ele>299.0</ele>
        <time>2022-08-16T20:48:18.024Z</time>
    </trkpt>
    <trkpt lat="45.48998154" lon="15.07963917">
        <ele>299.0</ele>
        <time>2022-08-16T20:48:20.024Z</time>
    </trkpt>
    <trkpt lat="45.48998523" lon="15.07964269">
        <ele>299.0</ele>
        <time>2022-08-16T20:48:21.024Z</time>
    </trkpt>
    <trkpt lat="45.48998217" lon="15.07964387">
        <ele>299.0</ele>
        <time>2022-08-16T20:48:22.024Z</time>
    </trkpt>
    <trkpt lat="45.48998104" lon="15.07963322">
        <ele>299.0</ele>
        <time>2022-08-16T20:48:24.024Z</time>
    </trkpt>
    <trkpt lat="45.48998678" lon="15.07963029">
        <ele>299.0</ele>
        <time>2022-08-16T20:48:25.024Z</time>
    </trkpt>
    <trkpt lat="45.49004541" lon="15.07961394">
        <ele>299.0</ele>
        <time>2022-08-16T20:48:33.024Z</time>
    </trkpt>
    <trkpt lat="45.49006616" lon="15.07962165">
        <ele>300.0</ele>
        <time>2022-08-16T20:48:37.024Z</time>
    </trkpt>
    <trkpt lat="45.49007844" lon="15.07963414">
        <ele>300.0</ele>
        <time>2022-08-16T20:48:39.024Z</time>
    </trkpt>
    <trkpt lat="45.4900947" lon="15.07963255">
        <ele>300.0</ele>
        <time>2022-08-16T20:48:40.024Z</time>
    </trkpt>
    <trkpt lat="45.49011637" lon="15.07964118">
        <ele>300.0</ele>
        <time>2022-08-16T20:48:43.024Z</time>
    </trkpt>
    <trkpt lat="45.49014822" lon="15.07963691">
        <ele>300.0</ele>
        <time>2022-08-16T20:48:47.024Z</time>
    </trkpt>
    <trkpt lat="45.49015094" lon="15.07964579">
        <ele>300.0</ele>
        <time>2022-08-16T20:48:48.024Z</time>
    </trkpt>
    <trkpt lat="45.49015823" lon="15.07964395">
        <ele>300.0</ele>
        <time>2022-08-16T20:48:49.024Z</time>
    </trkpt>
    <trkpt lat="45.49016867" lon="15.07965694">
        <ele>300.0</ele>
        <time>2022-08-16T20:48:52.024Z</time>
    </trkpt>
    <trkpt lat="45.49017722" lon="15.07968703">
        <ele>300.0</ele>
        <time>2022-08-16T20:48:56.024Z</time>
    </trkpt>
    <trkpt lat="45.49019084" lon="15.07970187">
        <ele>301.0</ele>
        <time>2022-08-16T20:48:59.024Z</time>
    </trkpt>
    <trkpt lat="45.49019951" lon="15.07970455">
        <ele>301.0</ele>
        <time>2022-08-16T20:49:00.024Z</time>
    </trkpt>
    <trkpt lat="45.49020567" lon="15.0797017">
        <ele>301.0</ele>
        <time>2022-08-16T20:49:01.024Z</time>
    </trkpt>
    <trkpt lat="45.49021045" lon="15.07971972">
        <ele>301.0</ele>
        <time>2022-08-16T20:49:03.024Z</time>
    </trkpt>
    <trkpt lat="45.49022076" lon="15.07973338">
        <ele>301.0</ele>
        <time>2022-08-16T20:49:05.024Z</time>
    </trkpt>
    <trkpt lat="45.49022349" lon="15.07973221">
        <ele>301.0</ele>
        <time>2022-08-16T20:49:06.024Z</time>
    </trkpt>
    <trkpt lat="45.49023086" lon="15.07970388">
        <ele>302.0</ele>
        <time>2022-08-16T20:49:11.024Z</time>
    </trkpt>
    <trkpt lat="45.49026116" lon="15.07969256">
        <ele>302.0</ele>
        <time>2022-08-16T20:49:19.024Z</time>
    </trkpt>
    <trkpt lat="45.49029599" lon="15.07964001">
        <ele>302.0</ele>
        <time>2022-08-16T20:49:27.024Z</time>
    </trkpt>
    <trkpt lat="45.49030064" lon="15.07964336">
        <ele>303.0</ele>
        <time>2022-08-16T20:49:29.024Z</time>
    </trkpt>
    <trkpt lat="45.4903071" lon="15.07963808">
        <ele>303.0</ele>
        <time>2022-08-16T20:49:30.024Z</time>
    </trkpt>
    <trkpt lat="45.49030995" lon="15.07962065">
        <ele>304.0</ele>
        <time>2022-08-16T20:49:32.024Z</time>
    </trkpt>
    <trkpt lat="45.49030152" lon="15.0796173">
        <ele>303.0</ele>
        <time>2022-08-16T20:49:33.024Z</time>
    </trkpt>
    <trkpt lat="45.49028803" lon="15.07960305">
        <ele>304.0</ele>
        <time>2022-08-16T20:49:35.024Z</time>
    </trkpt>
    <trkpt lat="45.49029473" lon="15.07959835">
        <ele>305.0</ele>
        <time>2022-08-16T20:49:39.024Z</time>
    </trkpt>
    <trkpt lat="45.4902993" lon="15.07957488">
        <ele>305.0</ele>
        <time>2022-08-16T20:49:45.024Z</time>
    </trkpt>
    <trkpt lat="45.49030785" lon="15.07957673">
        <ele>306.0</ele>
        <time>2022-08-16T20:49:47.024Z</time>
    </trkpt>
    <trkpt lat="45.49031497" lon="15.0795691">
        <ele>306.0</ele>
        <time>2022-08-16T20:49:48.024Z</time>
    </trkpt>
    <trkpt lat="45.49032109" lon="15.07957187">
        <ele>305.0</ele>
        <time>2022-08-16T20:49:49.024Z</time>
    </trkpt>
    <trkpt lat="45.49031841" lon="15.07956457">
        <ele>305.0</ele>
        <time>2022-08-16T20:49:51.024Z</time>
    </trkpt>
    <trkpt lat="45.49032327" lon="15.07956047">
        <ele>305.0</ele>
        <time>2022-08-16T20:49:52.024Z</time>
    </trkpt>
    <trkpt lat="45.49032725" lon="15.07956206">
        <ele>305.0</ele>
        <time>2022-08-16T20:49:53.024Z</time>
    </trkpt>
    <trkpt lat="45.49032445" lon="15.07955594">
        <ele>306.0</ele>
        <time>2022-08-16T20:49:54.024Z</time>
    </trkpt>
    <trkpt lat="45.49034196" lon="15.07956776">
        <ele>306.0</ele>
        <time>2022-08-16T20:50:00.024Z</time>
    </trkpt>
    <trkpt lat="45.49035898" lon="15.07955938">
        <ele>307.0</ele>
        <time>2022-08-16T20:50:02.024Z</time>
    </trkpt>
    <trkpt lat="45.49036833" lon="15.07952711">
        <ele>307.0</ele>
        <time>2022-08-16T20:50:06.024Z</time>
    </trkpt>
    <trkpt lat="45.490384" lon="15.07950816">
        <ele>308.0</ele>
        <time>2022-08-16T20:50:10.024Z</time>
    </trkpt>
    <trkpt lat="45.49038597" lon="15.07949953">
        <ele>307.0</ele>
        <time>2022-08-16T20:50:11.024Z</time>
    </trkpt>
    <trkpt lat="45.4904239" lon="15.07947749">
        <ele>308.0</ele>
        <time>2022-08-16T20:50:17.024Z</time>
    </trkpt>
    <trkpt lat="45.49042633" lon="15.07946902">
        <ele>308.0</ele>
        <time>2022-08-16T20:50:18.024Z</time>
    </trkpt>
    <trkpt lat="45.49047809" lon="15.07942149">
        <ele>309.0</ele>
        <time>2022-08-16T20:50:25.024Z</time>
    </trkpt>
    <trkpt lat="45.49048525" lon="15.07939962">
        <ele>309.0</ele>
        <time>2022-08-16T20:50:28.024Z</time>
    </trkpt>
    <trkpt lat="45.49048123" lon="15.07937422">
        <ele>309.0</ele>
        <time>2022-08-16T20:50:31.024Z</time>
    </trkpt>
    <trkpt lat="45.49049607" lon="15.07935712">
        <ele>310.0</ele>
        <time>2022-08-16T20:50:34.024Z</time>
    </trkpt>
    <trkpt lat="45.49050151" lon="15.07933558">
        <ele>311.0</ele>
        <time>2022-08-16T20:50:37.024Z</time>
    </trkpt>
    <trkpt lat="45.49053328" lon="15.07932837">
        <ele>311.0</ele>
        <time>2022-08-16T20:50:43.024Z</time>
    </trkpt>
    <trkpt lat="45.49055973" lon="15.07929887">
        <ele>311.0</ele>
        <time>2022-08-16T20:50:50.024Z</time>
    </trkpt>
    <trkpt lat="45.49056836" lon="15.07929895">
        <ele>312.0</ele>
        <time>2022-08-16T20:50:52.024Z</time>
    </trkpt>
    <trkpt lat="45.49057041" lon="15.0792899">
        <ele>312.0</ele>
        <time>2022-08-16T20:50:54.024Z</time>
    </trkpt>
    <trkpt lat="45.49056643" lon="15.07928344">
        <ele>312.0</ele>
        <time>2022-08-16T20:50:56.024Z</time>
    </trkpt>
    <trkpt lat="45.49057301" lon="15.07927691">
        <ele>312.0</ele>
        <time>2022-08-16T20:50:58.024Z</time>
    </trkpt>
    <trkpt lat="45.49057138" lon="15.07927976">
        <ele>313.0</ele>
        <time>2022-08-16T20:50:59.024Z</time>
    </trkpt>
    <trkpt lat="45.4905749" lon="15.079279">
        <ele>313.0</ele>
        <time>2022-08-16T20:51:00.024Z</time>
    </trkpt>
    <trkpt lat="45.49056568" lon="15.07926945">
        <ele>313.0</ele>
        <time>2022-08-16T20:51:03.024Z</time>
    </trkpt>
    <trkpt lat="45.49056199" lon="15.07927154">
        <ele>313.0</ele>
        <time>2022-08-16T20:51:04.024Z</time>
    </trkpt>
    <trkpt lat="45.49056865" lon="15.07925956">
        <ele>312.0</ele>
        <time>2022-08-16T20:51:06.024Z</time>
    </trkpt>
    <trkpt lat="45.49056823" lon="15.07925067">
        <ele>313.0</ele>
        <time>2022-08-16T20:51:07.024Z</time>
    </trkpt>
    <trkpt lat="45.49057372" lon="15.07924757">
        <ele>313.0</ele>
        <time>2022-08-16T20:51:08.024Z</time>
    </trkpt>
    <trkpt lat="45.49058206" lon="15.07922796">
        <ele>314.0</ele>
        <time>2022-08-16T20:51:12.024Z</time>
    </trkpt>
    <trkpt lat="45.49059598" lon="15.07921589">
        <ele>315.0</ele>
        <time>2022-08-16T20:51:15.024Z</time>
    </trkpt>
    <trkpt lat="45.4906088" lon="15.07921312">
        <ele>315.0</ele>
        <time>2022-08-16T20:51:17.024Z</time>
    </trkpt>
    <trkpt lat="45.49060855" lon="15.07920843">
        <ele>315.0</ele>
        <time>2022-08-16T20:51:18.024Z</time>
    </trkpt>
    <trkpt lat="45.49061568" lon="15.07921287">
        <ele>315.0</ele>
        <time>2022-08-16T20:51:19.024Z</time>
    </trkpt>
    <trkpt lat="45.49062422" lon="15.07920373">
        <ele>316.0</ele>
        <time>2022-08-16T20:51:23.024Z</time>
    </trkpt>
    <trkpt lat="45.49062288" lon="15.07921798">
        <ele>317.0</ele>
        <time>2022-08-16T20:51:29.024Z</time>
    </trkpt>
    <trkpt lat="45.4906091" lon="15.07920859">
        <ele>317.0</ele>
        <time>2022-08-16T20:51:33.024Z</time>
    </trkpt>
    <trkpt lat="45.49061651" lon="15.07919602">
        <ele>317.0</ele>
        <time>2022-08-16T20:51:36.024Z</time>
    </trkpt>
    <trkpt lat="45.49061744" lon="15.07918747">
        <ele>318.0</ele>
        <time>2022-08-16T20:51:38.024Z</time>
    </trkpt>
    <trkpt lat="45.49061065" lon="15.07918823">
        <ele>318.0</ele>
        <time>2022-08-16T20:51:39.024Z</time>
    </trkpt>
    <trkpt lat="45.49061295" lon="15.07918412">
        <ele>318.0</ele>
        <time>2022-08-16T20:51:40.024Z</time>
    </trkpt>
    <trkpt lat="45.490593" lon="15.0791863">
        <ele>319.0</ele>
        <time>2022-08-16T20:51:44.024Z</time>
    </trkpt>
    <trkpt lat="45.49057075" lon="15.07919912">
        <ele>320.0</ele>
        <time>2022-08-16T20:51:57.024Z</time>
    </trkpt>
    <trkpt lat="45.49057938" lon="15.07920214">
        <ele>320.0</ele>
        <time>2022-08-16T20:52:01.024Z</time>
    </trkpt>
    <trkpt lat="45.49056693" lon="15.07921454">
        <ele>321.0</ele>
        <time>2022-08-16T20:52:06.024Z</time>
    </trkpt>
    <trkpt lat="45.49056962" lon="15.07920398">
        <ele>322.0</ele>
        <time>2022-08-16T20:52:07.024Z</time>
    </trkpt>
    <trkpt lat="45.49057226" lon="15.07920507">
        <ele>322.0</ele>
        <time>2022-08-16T20:52:08.024Z</time>
    </trkpt>
    <trkpt lat="45.49056283" lon="15.07921991">
        <ele>322.0</ele>
        <time>2022-08-16T20:52:09.024Z</time>
    </trkpt>
    <trkpt lat="45.49059568" lon="15.07920097">
        <ele>324.0</ele>
        <time>2022-08-16T20:52:14.024Z</time>
    </trkpt>
    <trkpt lat="45.49058927" lon="15.07919963">
        <ele>324.0</ele>
        <time>2022-08-16T20:52:16.024Z</time>
    </trkpt>
    <trkpt lat="45.49059686" lon="15.07919351">
        <ele>323.0</ele>
        <time>2022-08-16T20:52:17.024Z</time>
    </trkpt>
    <trkpt lat="45.4905995" lon="15.07919535">
        <ele>323.0</ele>
        <time>2022-08-16T20:52:18.024Z</time>
    </trkpt>
    <trkpt lat="45.49059292" lon="15.07920457">
        <ele>323.0</ele>
        <time>2022-08-16T20:52:20.024Z</time>
    </trkpt>
    <trkpt lat="45.49059338" lon="15.07919393">
        <ele>323.0</ele>
        <time>2022-08-16T20:52:21.024Z</time>
    </trkpt>
    <trkpt lat="45.49059816" lon="15.07918194">
        <ele>323.0</ele>
        <time>2022-08-16T20:52:22.024Z</time>
    </trkpt>
    <trkpt lat="45.49060105" lon="15.07918311">
        <ele>323.0</ele>
        <time>2022-08-16T20:52:23.024Z</time>
    </trkpt>
    <trkpt lat="45.49060352" lon="15.07918571">
        <ele>323.0</ele>
        <time>2022-08-16T20:52:24.024Z</time>
    </trkpt>
    <trkpt lat="45.49059057" lon="15.0791889">
        <ele>323.0</ele>
        <time>2022-08-16T20:52:27.024Z</time>
    </trkpt>
    <trkpt lat="45.49059212" lon="15.07919761">
        <ele>323.0</ele>
        <time>2022-08-16T20:52:28.024Z</time>
    </trkpt>
    <trkpt lat="45.49057557" lon="15.0792236">
        <ele>323.0</ele>
        <time>2022-08-16T20:52:32.024Z</time>
    </trkpt>
    <trkpt lat="45.49058177" lon="15.07921656">
        <ele>324.0</ele>
        <time>2022-08-16T20:52:40.024Z</time>
    </trkpt>
    <trkpt lat="45.49057896" lon="15.07921924">
        <ele>323.0</ele>
        <time>2022-08-16T20:52:42.024Z</time>
    </trkpt>
    <trkpt lat="45.49058148" lon="15.07922024">
        <ele>323.0</ele>
        <time>2022-08-16T20:52:44.024Z</time>
    </trkpt>
    <trkpt lat="45.49058219" lon="15.07921488">
        <ele>323.0</ele>
        <time>2022-08-16T20:52:46.024Z</time>
    </trkpt>
    <trkpt lat="45.49059371" lon="15.07922125">
        <ele>322.0</ele>
        <time>2022-08-16T20:52:48.024Z</time>
    </trkpt>
    <trkpt lat="45.49060386" lon="15.0792117">
        <ele>323.0</ele>
        <time>2022-08-16T20:52:52.024Z</time>
    </trkpt>
    <trkpt lat="45.49060838" lon="15.07921672">
        <ele>324.0</ele>
        <time>2022-08-16T20:52:54.024Z</time>
    </trkpt>
    <trkpt lat="45.49065796" lon="15.07920532">
        <ele>324.0</ele>
        <time>2022-08-16T20:53:01.024Z</time>
    </trkpt>
    <trkpt lat="45.49068118" lon="15.0791749">
        <ele>324.0</ele>
        <time>2022-08-16T20:53:08.024Z</time>
    </trkpt>
    <trkpt lat="45.49069082" lon="15.07917272">
        <ele>324.0</ele>
        <time>2022-08-16T20:53:10.024Z</time>
    </trkpt>
    <trkpt lat="45.49069702" lon="15.07917716">
        <ele>324.0</ele>
        <time>2022-08-16T20:53:11.024Z</time>
    </trkpt>
    <trkpt lat="45.49070104" lon="15.07921002">
        <ele>330.0</ele>
        <time>2022-08-16T20:53:14.024Z</time>
    </trkpt>
    <trkpt lat="45.49070549" lon="15.07920415">
        <ele>331.0</ele>
        <time>2022-08-16T20:53:15.024Z</time>
    </trkpt>
    <trkpt lat="45.49073202" lon="15.07919577">
        <ele>334.0</ele>
        <time>2022-08-16T20:53:17.024Z</time>
    </trkpt>
    <trkpt lat="45.49074932" lon="15.07917205">
        <ele>336.0</ele>
        <time>2022-08-16T20:53:19.024Z</time>
    </trkpt>
    <trkpt lat="45.49076688" lon="15.07918202">
        <ele>337.0</ele>
        <time>2022-08-16T20:53:21.024Z</time>
    </trkpt>
    <trkpt lat="45.4907852" lon="15.07916777">
        <ele>338.0</ele>
        <time>2022-08-16T20:53:24.024Z</time>
    </trkpt>
    <trkpt lat="45.49079396" lon="15.07916886">
        <ele>339.0</ele>
        <time>2022-08-16T20:53:26.024Z</time>
    </trkpt>
    <trkpt lat="45.49080674" lon="15.0791402">
        <ele>340.0</ele>
        <time>2022-08-16T20:53:30.024Z</time>
    </trkpt>
    <trkpt lat="45.49082074" lon="15.07913617">
        <ele>341.0</ele>
        <time>2022-08-16T20:53:33.024Z</time>
    </trkpt>
    <trkpt lat="45.49082409" lon="15.07912394">
        <ele>340.0</ele>
        <time>2022-08-16T20:53:34.024Z</time>
    </trkpt>
    <trkpt lat="45.49082669" lon="15.0791262">
        <ele>340.0</ele>
        <time>2022-08-16T20:53:35.024Z</time>
    </trkpt>
    <trkpt lat="45.49085477" lon="15.07910726">
        <ele>343.0</ele>
        <time>2022-08-16T20:53:40.024Z</time>
    </trkpt>
    <trkpt lat="45.49085464" lon="15.07910022">
        <ele>343.0</ele>
        <time>2022-08-16T20:53:41.024Z</time>
    </trkpt>
    <trkpt lat="45.49086571" lon="15.07910675">
        <ele>344.0</ele>
        <time>2022-08-16T20:53:44.024Z</time>
    </trkpt>
    <trkpt lat="45.49087732" lon="15.07909284">
        <ele>345.0</ele>
        <time>2022-08-16T20:53:48.024Z</time>
    </trkpt>
    <trkpt lat="45.49087803" lon="15.07908253">
        <ele>345.0</ele>
        <time>2022-08-16T20:53:49.024Z</time>
    </trkpt>
    <trkpt lat="45.49089911" lon="15.07906468">
        <ele>346.0</ele>
        <time>2022-08-16T20:53:53.024Z</time>
    </trkpt>
    <trkpt lat="45.49090309" lon="15.07906795">
        <ele>346.0</ele>
        <time>2022-08-16T20:53:54.024Z</time>
    </trkpt>
    <trkpt lat="45.49090984" lon="15.07906132">
        <ele>346.0</ele>
        <time>2022-08-16T20:53:56.024Z</time>
    </trkpt>
    <trkpt lat="45.49092467" lon="15.07905914">
        <ele>346.0</ele>
        <time>2022-08-16T20:53:58.024Z</time>
    </trkpt>
    <trkpt lat="45.49093142" lon="15.07906593">
        <ele>346.0</ele>
        <time>2022-08-16T20:53:59.024Z</time>
    </trkpt>
    <trkpt lat="45.49094374" lon="15.07904976">
        <ele>347.0</ele>
        <time>2022-08-16T20:54:02.024Z</time>
    </trkpt>
    <trkpt lat="45.49094399" lon="15.07904364">
        <ele>348.0</ele>
        <time>2022-08-16T20:54:06.024Z</time>
    </trkpt>
    <trkpt lat="45.49094923" lon="15.07904213">
        <ele>348.0</ele>
        <time>2022-08-16T20:54:16.024Z</time>
    </trkpt>
    <trkpt lat="45.49095179" lon="15.0790459">
        <ele>348.0</ele>
        <time>2022-08-16T20:54:18.024Z</time>
    </trkpt>
    <trkpt lat="45.49097233" lon="15.07903023">
        <ele>348.0</ele>
        <time>2022-08-16T20:54:22.024Z</time>
    </trkpt>
    <trkpt lat="45.49098666" lon="15.07900843">
        <ele>350.0</ele>
        <time>2022-08-16T20:54:26.024Z</time>
    </trkpt>
    <trkpt lat="45.49099169" lon="15.07900659">
        <ele>350.0</ele>
        <time>2022-08-16T20:54:27.024Z</time>
    </trkpt>
    <trkpt lat="45.49099898" lon="15.0790138">
        <ele>349.0</ele>
        <time>2022-08-16T20:54:29.024Z</time>
    </trkpt>
    <trkpt lat="45.49100694" lon="15.07900223">
        <ele>350.0</ele>
        <time>2022-08-16T20:54:31.024Z</time>
    </trkpt>
    <trkpt lat="45.49101696" lon="15.07899611">
        <ele>350.0</ele>
        <time>2022-08-16T20:54:33.024Z</time>
    </trkpt>
    <trkpt lat="45.49101922" lon="15.07900173">
        <ele>350.0</ele>
        <time>2022-08-16T20:54:34.024Z</time>
    </trkpt>
    <trkpt lat="45.49102882" lon="15.07900693">
        <ele>350.0</ele>
        <time>2022-08-16T20:54:36.024Z</time>
    </trkpt>
    <trkpt lat="45.49104516" lon="15.0790076">
        <ele>350.0</ele>
        <time>2022-08-16T20:54:38.024Z</time>
    </trkpt>
    <trkpt lat="45.49106402" lon="15.07898991">
        <ele>351.0</ele>
        <time>2022-08-16T20:54:41.024Z</time>
    </trkpt>
    <trkpt lat="45.49107949" lon="15.07899159">
        <ele>350.0</ele>
        <time>2022-08-16T20:54:43.024Z</time>
    </trkpt>
    <trkpt lat="45.4910981" lon="15.07896015">
        <ele>352.0</ele>
        <time>2022-08-16T20:54:51.024Z</time>
    </trkpt>
    <trkpt lat="45.49111662" lon="15.07896711">
        <ele>351.0</ele>
        <time>2022-08-16T20:54:55.024Z</time>
    </trkpt>
    <trkpt lat="45.49112089" lon="15.07895504">
        <ele>352.0</ele>
        <time>2022-08-16T20:54:58.024Z</time>
    </trkpt>
    <trkpt lat="45.49115103" lon="15.07892881">
        <ele>352.0</ele>
        <time>2022-08-16T20:55:03.024Z</time>
    </trkpt>
    <trkpt lat="45.49115467" lon="15.07892059">
        <ele>352.0</ele>
        <time>2022-08-16T20:55:06.024Z</time>
    </trkpt>
    <trkpt lat="45.49117089" lon="15.07890869">
        <ele>352.0</ele>
        <time>2022-08-16T20:55:10.024Z</time>
    </trkpt>
    <trkpt lat="45.49118866" lon="15.07888664">
        <ele>353.0</ele>
        <time>2022-08-16T20:55:16.024Z</time>
    </trkpt>
    <trkpt lat="45.49118816" lon="15.07887457">
        <ele>353.0</ele>
        <time>2022-08-16T20:55:18.024Z</time>
    </trkpt>
    <trkpt lat="45.49119604" lon="15.07887541">
        <ele>353.0</ele>
        <time>2022-08-16T20:55:19.024Z</time>
    </trkpt>
    <trkpt lat="45.49119277" lon="15.07888639">
        <ele>352.0</ele>
        <time>2022-08-16T20:55:26.024Z</time>
    </trkpt>
    <trkpt lat="45.49120953" lon="15.0789112">
        <ele>353.0</ele>
        <time>2022-08-16T20:55:31.024Z</time>
    </trkpt>
    <trkpt lat="45.49127353" lon="15.07888991">
        <ele>357.0</ele>
        <time>2022-08-16T20:55:42.024Z</time>
    </trkpt>
    <trkpt lat="45.4912967" lon="15.07891992">
        <ele>357.0</ele>
        <time>2022-08-16T20:55:47.024Z</time>
    </trkpt>
    <trkpt lat="45.49130844" lon="15.07892218">
        <ele>357.0</ele>
        <time>2022-08-16T20:55:49.024Z</time>
    </trkpt>
    <trkpt lat="45.49131976" lon="15.07891305">
        <ele>357.0</ele>
        <time>2022-08-16T20:55:52.024Z</time>
    </trkpt>
    <trkpt lat="45.4913281" lon="15.07891296">
        <ele>357.0</ele>
        <time>2022-08-16T20:55:54.024Z</time>
    </trkpt>
    <trkpt lat="45.49133975" lon="15.07889419">
        <ele>357.0</ele>
        <time>2022-08-16T20:55:57.024Z</time>
    </trkpt>
    <trkpt lat="45.49135077" lon="15.07888832">
        <ele>357.0</ele>
        <time>2022-08-16T20:55:59.024Z</time>
    </trkpt>
    <trkpt lat="45.49135177" lon="15.07890173">
        <ele>357.0</ele>
        <time>2022-08-16T20:56:04.024Z</time>
    </trkpt>
    <trkpt lat="45.49135638" lon="15.07890324">
        <ele>357.0</ele>
        <time>2022-08-16T20:56:05.024Z</time>
    </trkpt>
    <trkpt lat="45.49135814" lon="15.07891171">
        <ele>357.0</ele>
        <time>2022-08-16T20:56:06.024Z</time>
    </trkpt>
    <trkpt lat="45.4913801" lon="15.07892369">
        <ele>358.0</ele>
        <time>2022-08-16T20:56:10.024Z</time>
    </trkpt>
    <trkpt lat="45.49140303" lon="15.07888195">
        <ele>357.0</ele>
        <time>2022-08-16T20:56:14.024Z</time>
    </trkpt>
    <trkpt lat="45.49140634" lon="15.07888832">
        <ele>358.0</ele>
        <time>2022-08-16T20:56:16.024Z</time>
    </trkpt>
    <trkpt lat="45.49142021" lon="15.0788869">
        <ele>358.0</ele>
        <time>2022-08-16T20:56:18.024Z</time>
    </trkpt>
    <trkpt lat="45.49143756" lon="15.07887256">
        <ele>357.0</ele>
        <time>2022-08-16T20:56:20.024Z</time>
    </trkpt>
    <trkpt lat="45.491455" lon="15.07884809">
        <ele>358.0</ele>
        <time>2022-08-16T20:56:24.024Z</time>
    </trkpt>
    <trkpt lat="45.49148396" lon="15.07883032">
        <ele>358.0</ele>
        <time>2022-08-16T20:56:27.024Z</time>
    </trkpt>
    <trkpt lat="45.49157151" lon="15.07873644">
        <ele>358.0</ele>
        <time>2022-08-16T20:56:39.024Z</time>
    </trkpt>
    <trkpt lat="45.49157142" lon="15.07874315">
        <ele>358.0</ele>
        <time>2022-08-16T20:56:40.024Z</time>
    </trkpt>
    <trkpt lat="45.49157511" lon="15.07873736">
        <ele>358.0</ele>
        <time>2022-08-16T20:56:43.024Z</time>
    </trkpt>
    <trkpt lat="45.49158035" lon="15.07875245">
        <ele>358.0</ele>
        <time>2022-08-16T20:56:46.024Z</time>
    </trkpt>
    <trkpt lat="45.49158215" lon="15.07874968">
        <ele>358.0</ele>
        <time>2022-08-16T20:56:47.024Z</time>
    </trkpt>
    <trkpt lat="45.49158244" lon="15.07876167">
        <ele>359.0</ele>
        <time>2022-08-16T20:56:51.024Z</time>
    </trkpt>
    <trkpt lat="45.49158617" lon="15.07876276">
        <ele>359.0</ele>
        <time>2022-08-16T20:56:52.024Z</time>
    </trkpt>
    <trkpt lat="45.49158328" lon="15.07879537">
        <ele>359.0</ele>
        <time>2022-08-16T20:56:54.024Z</time>
    </trkpt>
    <trkpt lat="45.49157046" lon="15.07879855">
        <ele>360.0</ele>
        <time>2022-08-16T20:57:03.024Z</time>
    </trkpt>
    <trkpt lat="45.49157733" lon="15.07880115">
        <ele>360.0</ele>
        <time>2022-08-16T20:57:22.024Z</time>
    </trkpt>
    <trkpt lat="45.49157117" lon="15.07883694">
        <ele>360.0</ele>
        <time>2022-08-16T20:57:30.024Z</time>
    </trkpt>
    <trkpt lat="45.49157628" lon="15.07884557">
        <ele>360.0</ele>
        <time>2022-08-16T20:57:33.024Z</time>
    </trkpt>
    <trkpt lat="45.49158148" lon="15.07883987">
        <ele>360.0</ele>
        <time>2022-08-16T20:57:36.024Z</time>
    </trkpt>
    <trkpt lat="45.49158244" lon="15.07882562">
        <ele>360.0</ele>
        <time>2022-08-16T20:57:38.024Z</time>
    </trkpt>
    <trkpt lat="45.49157712" lon="15.07878187">
        <ele>360.0</ele>
        <time>2022-08-16T20:57:43.024Z</time>
    </trkpt>
    <trkpt lat="45.49157989" lon="15.07877491">
        <ele>360.0</ele>
        <time>2022-08-16T20:57:44.024Z</time>
    </trkpt>
    <trkpt lat="45.49158517" lon="15.07877374">
        <ele>361.0</ele>
        <time>2022-08-16T20:57:45.024Z</time>
    </trkpt>
    <trkpt lat="45.4915876" lon="15.07876444">
        <ele>361.0</ele>
        <time>2022-08-16T20:57:47.024Z</time>
    </trkpt>
    <trkpt lat="45.49160164" lon="15.07875865">
        <ele>361.0</ele>
        <time>2022-08-16T20:57:49.024Z</time>
    </trkpt>
    <trkpt lat="45.49159749" lon="15.07874776">
        <ele>361.0</ele>
        <time>2022-08-16T20:57:52.024Z</time>
    </trkpt>
    <trkpt lat="45.49160667" lon="15.07872705">
        <ele>360.0</ele>
        <time>2022-08-16T20:57:55.024Z</time>
    </trkpt>
    <trkpt lat="45.4916091" lon="15.07870694">
        <ele>360.0</ele>
        <time>2022-08-16T20:57:58.024Z</time>
    </trkpt>
    <trkpt lat="45.491599" lon="15.07870132">
        <ele>360.0</ele>
        <time>2022-08-16T20:58:00.024Z</time>
    </trkpt>
    <trkpt lat="45.49159112" lon="15.07868908">
        <ele>360.0</ele>
        <time>2022-08-16T20:58:02.024Z</time>
    </trkpt>
    <trkpt lat="45.49159477" lon="15.07867458">
        <ele>360.0</ele>
        <time>2022-08-16T20:58:03.024Z</time>
    </trkpt>
    <trkpt lat="45.49159313" lon="15.07865321">
        <ele>360.0</ele>
        <time>2022-08-16T20:58:06.024Z</time>
    </trkpt>
    <trkpt lat="45.49160269" lon="15.0786336">
        <ele>360.0</ele>
        <time>2022-08-16T20:58:08.024Z</time>
    </trkpt>
    <trkpt lat="45.49160411" lon="15.07861516">
        <ele>360.0</ele>
        <time>2022-08-16T20:58:10.024Z</time>
    </trkpt>
    <trkpt lat="45.49160285" lon="15.07860049">
        <ele>360.0</ele>
        <time>2022-08-16T20:58:12.024Z</time>
    </trkpt>
    <trkpt lat="45.49159544" lon="15.078603">
        <ele>360.0</ele>
        <time>2022-08-16T20:58:13.024Z</time>
    </trkpt>
    <trkpt lat="45.49159183" lon="15.07859252">
        <ele>360.0</ele>
        <time>2022-08-16T20:58:15.024Z</time>
    </trkpt>
    <trkpt lat="45.49160181" lon="15.07857308">
        <ele>360.0</ele>
        <time>2022-08-16T20:58:16.024Z</time>
    </trkpt>
    <trkpt lat="45.49160403" lon="15.0785569">
        <ele>360.0</ele>
        <time>2022-08-16T20:58:18.024Z</time>
    </trkpt>
    <trkpt lat="45.4916" lon="15.07852639">
        <ele>360.0</ele>
        <time>2022-08-16T20:58:21.024Z</time>
    </trkpt>
    <trkpt lat="45.49158978" lon="15.07853259">
        <ele>360.0</ele>
        <time>2022-08-16T20:58:24.024Z</time>
    </trkpt>
    <trkpt lat="45.49158999" lon="15.07852295">
        <ele>360.0</ele>
        <time>2022-08-16T20:58:25.024Z</time>
    </trkpt>
    <trkpt lat="45.49158517" lon="15.07852019">
        <ele>360.0</ele>
        <time>2022-08-16T20:58:26.024Z</time>
    </trkpt>
    <trkpt lat="45.49158944" lon="15.07850979">
        <ele>360.0</ele>
        <time>2022-08-16T20:58:27.024Z</time>
    </trkpt>
    <trkpt lat="45.49158559" lon="15.07848641">
        <ele>360.0</ele>
        <time>2022-08-16T20:58:30.024Z</time>
    </trkpt>
    <trkpt lat="45.4915933" lon="15.07847467">
        <ele>361.0</ele>
        <time>2022-08-16T20:58:32.024Z</time>
    </trkpt>
    <trkpt lat="45.49159854" lon="15.07845263">
        <ele>361.0</ele>
        <time>2022-08-16T20:58:35.024Z</time>
    </trkpt>
    <trkpt lat="45.49160864" lon="15.0784533">
        <ele>361.0</ele>
        <time>2022-08-16T20:58:37.024Z</time>
    </trkpt>
    <trkpt lat="45.49160545" lon="15.07845355">
        <ele>361.0</ele>
        <time>2022-08-16T20:58:38.024Z</time>
    </trkpt>
    <trkpt lat="45.49160998" lon="15.07844408">
        <ele>361.0</ele>
        <time>2022-08-16T20:58:39.024Z</time>
    </trkpt>
    <trkpt lat="45.49160097" lon="15.07841365">
        <ele>360.0</ele>
        <time>2022-08-16T20:58:41.024Z</time>
    </trkpt>
    <trkpt lat="45.49159636" lon="15.0784124">
        <ele>360.0</ele>
        <time>2022-08-16T20:58:42.024Z</time>
    </trkpt>
    <trkpt lat="45.49159866" lon="15.07841567">
        <ele>360.0</ele>
        <time>2022-08-16T20:58:43.024Z</time>
    </trkpt>
    <trkpt lat="45.49159158" lon="15.07842505">
        <ele>360.0</ele>
        <time>2022-08-16T20:58:46.024Z</time>
    </trkpt>
    <trkpt lat="45.49159535" lon="15.07842748">
        <ele>360.0</ele>
        <time>2022-08-16T20:58:47.024Z</time>
    </trkpt>
    <trkpt lat="45.49158689" lon="15.07842908">
        <ele>360.0</ele>
        <time>2022-08-16T20:58:48.024Z</time>
    </trkpt>
    <trkpt lat="45.49159321" lon="15.07842631">
        <ele>360.0</ele>
        <time>2022-08-16T20:58:50.024Z</time>
    </trkpt>
    <trkpt lat="45.49158655" lon="15.07842413">
        <ele>360.0</ele>
        <time>2022-08-16T20:58:51.024Z</time>
    </trkpt>
    <trkpt lat="45.49158689" lon="15.07842958">
        <ele>360.0</ele>
        <time>2022-08-16T20:58:52.024Z</time>
    </trkpt>
    <trkpt lat="45.49158073" lon="15.078415">
        <ele>360.0</ele>
        <time>2022-08-16T20:58:54.024Z</time>
    </trkpt>
    <trkpt lat="45.4915811" lon="15.07840435">
        <ele>360.0</ele>
        <time>2022-08-16T20:58:55.024Z</time>
    </trkpt>
    <trkpt lat="45.49158823" lon="15.07839018">
        <ele>361.0</ele>
        <time>2022-08-16T20:58:57.024Z</time>
    </trkpt>
    <trkpt lat="45.4915863" lon="15.07837392">
        <ele>361.0</ele>
        <time>2022-08-16T20:58:59.024Z</time>
    </trkpt>
    <trkpt lat="45.49159007" lon="15.07836068">
        <ele>361.0</ele>
        <time>2022-08-16T20:59:01.024Z</time>
    </trkpt>
    <trkpt lat="45.49160277" lon="15.07834425">
        <ele>361.0</ele>
        <time>2022-08-16T20:59:03.024Z</time>
    </trkpt>
    <trkpt lat="45.49159929" lon="15.07833729">
        <ele>361.0</ele>
        <time>2022-08-16T20:59:05.024Z</time>
    </trkpt>
    <trkpt lat="45.4915723" lon="15.07833235">
        <ele>361.0</ele>
        <time>2022-08-16T20:59:07.024Z</time>
    </trkpt>
    <trkpt lat="45.49156673" lon="15.07833495">
        <ele>361.0</ele>
        <time>2022-08-16T20:59:08.024Z</time>
    </trkpt>
    <trkpt lat="45.49156979" lon="15.07834132">
        <ele>361.0</ele>
        <time>2022-08-16T20:59:09.024Z</time>
    </trkpt>
    <trkpt lat="45.49155181" lon="15.07831617">
        <ele>361.0</ele>
        <time>2022-08-16T20:59:13.024Z</time>
    </trkpt>
    <trkpt lat="45.49153555" lon="15.07832715">
        <ele>362.0</ele>
        <time>2022-08-16T20:59:18.024Z</time>
    </trkpt>
    <trkpt lat="45.49152364" lon="15.0783212">
        <ele>362.0</ele>
        <time>2022-08-16T20:59:20.024Z</time>
    </trkpt>
    <trkpt lat="45.49151501" lon="15.07832221">
        <ele>362.0</ele>
        <time>2022-08-16T20:59:21.024Z</time>
    </trkpt>
    <trkpt lat="45.49151329" lon="15.07833864">
        <ele>363.0</ele>
        <time>2022-08-16T20:59:23.024Z</time>
    </trkpt>
    <trkpt lat="45.49150935" lon="15.07833755">
        <ele>363.0</ele>
        <time>2022-08-16T20:59:24.024Z</time>
    </trkpt>
    <trkpt lat="45.49150248" lon="15.0783238">
        <ele>363.0</ele>
        <time>2022-08-16T20:59:28.024Z</time>
    </trkpt>
    <trkpt lat="45.49150474" lon="15.07830905">
        <ele>363.0</ele>
        <time>2022-08-16T20:59:29.024Z</time>
    </trkpt>
    <trkpt lat="45.49151057" lon="15.07830762">
        <ele>364.0</ele>
        <time>2022-08-16T20:59:31.024Z</time>
    </trkpt>
    <trkpt lat="45.4915166" lon="15.07829798">
        <ele>364.0</ele>
        <time>2022-08-16T20:59:32.024Z</time>
    </trkpt>
    <trkpt lat="45.49150751" lon="15.07828533">
        <ele>364.0</ele>
        <time>2022-08-16T20:59:34.024Z</time>
    </trkpt>
    <trkpt lat="45.49151095" lon="15.07828088">
        <ele>364.0</ele>
        <time>2022-08-16T20:59:35.024Z</time>
    </trkpt>
    <trkpt lat="45.49150286" lon="15.07827259">
        <ele>365.0</ele>
        <time>2022-08-16T20:59:36.024Z</time>
    </trkpt>
    <trkpt lat="45.4915029" lon="15.07827879">
        <ele>365.0</ele>
        <time>2022-08-16T20:59:37.024Z</time>
    </trkpt>
    <trkpt lat="45.49151292" lon="15.07827971">
        <ele>365.0</ele>
        <time>2022-08-16T20:59:39.024Z</time>
    </trkpt>
    <trkpt lat="45.49151707" lon="15.07826965">
        <ele>365.0</ele>
        <time>2022-08-16T20:59:41.024Z</time>
    </trkpt>
    <trkpt lat="45.49150843" lon="15.07827426">
        <ele>365.0</ele>
        <time>2022-08-16T20:59:43.024Z</time>
    </trkpt>
    <trkpt lat="45.49151116" lon="15.07829874">
        <ele>364.0</ele>
        <time>2022-08-16T20:59:45.024Z</time>
    </trkpt>
    <trkpt lat="45.49150847" lon="15.0783072">
        <ele>365.0</ele>
        <time>2022-08-16T20:59:47.024Z</time>
    </trkpt>
    <trkpt lat="45.491513" lon="15.07829145">
        <ele>365.0</ele>
        <time>2022-08-16T20:59:49.024Z</time>
    </trkpt>
    <trkpt lat="45.49149766" lon="15.07827267">
        <ele>366.0</ele>
        <time>2022-08-16T20:59:54.024Z</time>
    </trkpt>
    <trkpt lat="45.49149867" lon="15.07828675">
        <ele>366.0</ele>
        <time>2022-08-16T20:59:55.024Z</time>
    </trkpt>
    <trkpt lat="45.49149045" lon="15.07831123">
        <ele>367.0</ele>
        <time>2022-08-16T21:00:00.024Z</time>
    </trkpt>
    <trkpt lat="45.49147252" lon="15.07832405">
        <ele>367.0</ele>
        <time>2022-08-16T21:00:03.024Z</time>
    </trkpt>
    <trkpt lat="45.49147377" lon="15.07836303">
        <ele>368.0</ele>
        <time>2022-08-16T21:00:06.024Z</time>
    </trkpt>
    <trkpt lat="45.49145676" lon="15.07838105">
        <ele>369.0</ele>
        <time>2022-08-16T21:00:09.024Z</time>
    </trkpt>
    <trkpt lat="45.49146187" lon="15.07841768">
        <ele>370.0</ele>
        <time>2022-08-16T21:00:12.024Z</time>
    </trkpt>
    <trkpt lat="45.49145743" lon="15.07843">
        <ele>370.0</ele>
        <time>2022-08-16T21:00:13.024Z</time>
    </trkpt>
    <trkpt lat="45.49146153" lon="15.07843402">
        <ele>370.0</ele>
        <time>2022-08-16T21:00:14.024Z</time>
    </trkpt>
    <trkpt lat="45.49146015" lon="15.07841893">
        <ele>370.0</ele>
        <time>2022-08-16T21:00:18.024Z</time>
    </trkpt>
    <trkpt lat="45.49147499" lon="15.07838826">
        <ele>370.0</ele>
        <time>2022-08-16T21:00:35.024Z</time>
    </trkpt>
    <trkpt lat="45.49147042" lon="15.0783875">
        <ele>371.0</ele>
        <time>2022-08-16T21:00:37.024Z</time>
    </trkpt>
    <trkpt lat="45.49146635" lon="15.07839387">
        <ele>371.0</ele>
        <time>2022-08-16T21:00:38.024Z</time>
    </trkpt>
    <trkpt lat="45.49147155" lon="15.07839396">
        <ele>371.0</ele>
        <time>2022-08-16T21:00:39.024Z</time>
    </trkpt>
    <trkpt lat="45.49146967" lon="15.07836412">
        <ele>372.0</ele>
        <time>2022-08-16T21:00:44.024Z</time>
    </trkpt>
    <trkpt lat="45.49145705" lon="15.07837216">
        <ele>372.0</ele>
        <time>2022-08-16T21:00:45.024Z</time>
    </trkpt>
    <trkpt lat="45.49146313" lon="15.07835783">
        <ele>372.0</ele>
        <time>2022-08-16T21:00:46.024Z</time>
    </trkpt>
    <trkpt lat="45.49146858" lon="15.07835574">
        <ele>372.0</ele>
        <time>2022-08-16T21:00:47.024Z</time>
    </trkpt>
    <trkpt lat="45.4914682" lon="15.07834895">
        <ele>372.0</ele>
        <time>2022-08-16T21:00:48.024Z</time>
    </trkpt>
    <trkpt lat="45.49145818" lon="15.07837065">
        <ele>372.0</ele>
        <time>2022-08-16T21:00:49.024Z</time>
    </trkpt>
    <trkpt lat="45.49146237" lon="15.07836722">
        <ele>372.0</ele>
        <time>2022-08-16T21:00:50.024Z</time>
    </trkpt>
    <trkpt lat="45.49145948" lon="15.07836571">
        <ele>372.0</ele>
        <time>2022-08-16T21:00:51.024Z</time>
    </trkpt>
    <trkpt lat="45.49147352" lon="15.07836043">
        <ele>372.0</ele>
        <time>2022-08-16T21:00:56.024Z</time>
    </trkpt>
    <trkpt lat="45.49148014" lon="15.07834903">
        <ele>373.0</ele>
        <time>2022-08-16T21:00:57.024Z</time>
    </trkpt>
    <trkpt lat="45.4914871" lon="15.07835674">
        <ele>373.0</ele>
        <time>2022-08-16T21:00:58.024Z</time>
    </trkpt>
    <trkpt lat="45.49149213" lon="15.07835196">
        <ele>372.0</ele>
        <time>2022-08-16T21:00:59.024Z</time>
    </trkpt>
    <trkpt lat="45.49149167" lon="15.0783554">
        <ele>372.0</ele>
        <time>2022-08-16T21:01:00.024Z</time>
    </trkpt>
    <trkpt lat="45.49150315" lon="15.07830779">
        <ele>372.0</ele>
        <time>2022-08-16T21:01:08.024Z</time>
    </trkpt>
    <trkpt lat="45.49149867" lon="15.0782606">
        <ele>372.0</ele>
        <time>2022-08-16T21:01:11.024Z</time>
    </trkpt>
    <trkpt lat="45.49150617" lon="15.07822724">
        <ele>372.0</ele>
        <time>2022-08-16T21:01:13.024Z</time>
    </trkpt>
    <trkpt lat="45.49151556" lon="15.07821165">
        <ele>372.0</ele>
        <time>2022-08-16T21:01:15.024Z</time>
    </trkpt>
    <trkpt lat="45.49151279" lon="15.0781798">
        <ele>373.0</ele>
        <time>2022-08-16T21:01:18.024Z</time>
    </trkpt>
    <trkpt lat="45.49151602" lon="15.07816731">
        <ele>374.0</ele>
        <time>2022-08-16T21:01:20.024Z</time>
    </trkpt>
    <trkpt lat="45.49153446" lon="15.07815977">
        <ele>374.0</ele>
        <time>2022-08-16T21:01:23.024Z</time>
    </trkpt>
    <trkpt lat="45.49154418" lon="15.07816656">
        <ele>374.0</ele>
        <time>2022-08-16T21:01:25.024Z</time>
    </trkpt>
    <trkpt lat="45.49154913" lon="15.07816312">
        <ele>374.0</ele>
        <time>2022-08-16T21:01:26.024Z</time>
    </trkpt>
    <trkpt lat="45.491556" lon="15.07816798">
        <ele>375.0</ele>
        <time>2022-08-16T21:01:29.024Z</time>
    </trkpt>
    <trkpt lat="45.49155483" lon="15.07817125">
        <ele>375.0</ele>
        <time>2022-08-16T21:01:30.024Z</time>
    </trkpt>
    <trkpt lat="45.4915542" lon="15.07815658">
        <ele>376.0</ele>
        <time>2022-08-16T21:01:33.024Z</time>
    </trkpt>
    <trkpt lat="45.49156568" lon="15.07815591">
        <ele>376.0</ele>
        <time>2022-08-16T21:01:35.024Z</time>
    </trkpt>
    <trkpt lat="45.49155633" lon="15.07817854">
        <ele>377.0</ele>
        <time>2022-08-16T21:01:38.024Z</time>
    </trkpt>
    <trkpt lat="45.49153102" lon="15.07819396">
        <ele>378.0</ele>
        <time>2022-08-16T21:01:42.024Z</time>
    </trkpt>
    <trkpt lat="45.49151883" lon="15.07821416">
        <ele>378.0</ele>
        <time>2022-08-16T21:01:46.024Z</time>
    </trkpt>
    <trkpt lat="45.49153165" lon="15.07821861">
        <ele>379.0</ele>
        <time>2022-08-16T21:01:49.024Z</time>
    </trkpt>
    <trkpt lat="45.49154414" lon="15.07821383">
        <ele>380.0</ele>
        <time>2022-08-16T21:01:50.024Z</time>
    </trkpt>
    <trkpt lat="45.49155768" lon="15.07818625">
        <ele>380.0</ele>
        <time>2022-08-16T21:01:55.024Z</time>
    </trkpt>
    <trkpt lat="45.49157796" lon="15.07817443">
        <ele>380.0</ele>
        <time>2022-08-16T21:01:56.024Z</time>
    </trkpt>
    <trkpt lat="45.49158739" lon="15.07815775">
        <ele>380.0</ele>
        <time>2022-08-16T21:01:57.024Z</time>
    </trkpt>
    <trkpt lat="45.49158948" lon="15.0781451">
        <ele>379.0</ele>
        <time>2022-08-16T21:01:58.024Z</time>
    </trkpt>
    <trkpt lat="45.49160021" lon="15.07813068">
        <ele>380.0</ele>
        <time>2022-08-16T21:02:01.024Z</time>
    </trkpt>
    <trkpt lat="45.4915899" lon="15.07814124">
        <ele>380.0</ele>
        <time>2022-08-16T21:02:02.024Z</time>
    </trkpt>
    <trkpt lat="45.49159979" lon="15.07814912">
        <ele>380.0</ele>
        <time>2022-08-16T21:02:04.024Z</time>
    </trkpt>
    <trkpt lat="45.49160197" lon="15.07814568">
        <ele>380.0</ele>
        <time>2022-08-16T21:02:05.024Z</time>
    </trkpt>
    <trkpt lat="45.49159518" lon="15.07812599">
        <ele>381.0</ele>
        <time>2022-08-16T21:02:09.024Z</time>
    </trkpt>
    <trkpt lat="45.49160872" lon="15.07809799">
        <ele>380.0</ele>
        <time>2022-08-16T21:02:13.024Z</time>
    </trkpt>
    <trkpt lat="45.49160658" lon="15.0780871">
        <ele>381.0</ele>
        <time>2022-08-16T21:02:15.024Z</time>
    </trkpt>
    <trkpt lat="45.49160428" lon="15.0780886">
        <ele>381.0</ele>
        <time>2022-08-16T21:02:16.024Z</time>
    </trkpt>
    <trkpt lat="45.49160956" lon="15.07808559">
        <ele>381.0</ele>
        <time>2022-08-16T21:02:17.024Z</time>
    </trkpt>
    <trkpt lat="45.49161614" lon="15.07806983">
        <ele>381.0</ele>
        <time>2022-08-16T21:02:19.024Z</time>
    </trkpt>
    <trkpt lat="45.49161681" lon="15.07804401">
        <ele>382.0</ele>
        <time>2022-08-16T21:02:22.024Z</time>
    </trkpt>
    <trkpt lat="45.49161828" lon="15.07805164">
        <ele>382.0</ele>
        <time>2022-08-16T21:02:24.024Z</time>
    </trkpt>
    <trkpt lat="45.49161844" lon="15.07804544">
        <ele>383.0</ele>
        <time>2022-08-16T21:02:26.024Z</time>
    </trkpt>
    <trkpt lat="45.49162368" lon="15.07805189">
        <ele>383.0</ele>
        <time>2022-08-16T21:02:28.024Z</time>
    </trkpt>
    <trkpt lat="45.49163269" lon="15.07805005">
        <ele>384.0</ele>
        <time>2022-08-16T21:02:30.024Z</time>
    </trkpt>
    <trkpt lat="45.49163525" lon="15.07805415">
        <ele>383.0</ele>
        <time>2022-08-16T21:02:31.024Z</time>
    </trkpt>
    <trkpt lat="45.49163609" lon="15.07806974">
        <ele>383.0</ele>
        <time>2022-08-16T21:02:33.024Z</time>
    </trkpt>
    <trkpt lat="45.49163001" lon="15.07807536">
        <ele>384.0</ele>
        <time>2022-08-16T21:02:34.024Z</time>
    </trkpt>
    <trkpt lat="45.49163177" lon="15.07808257">
        <ele>384.0</ele>
        <time>2022-08-16T21:02:37.024Z</time>
    </trkpt>
    <trkpt lat="45.49163563" lon="15.07807201">
        <ele>385.0</ele>
        <time>2022-08-16T21:02:39.024Z</time>
    </trkpt>
    <trkpt lat="45.49164745" lon="15.0780596">
        <ele>385.0</ele>
        <time>2022-08-16T21:02:40.024Z</time>
    </trkpt>
    <trkpt lat="45.49164866" lon="15.07806296">
        <ele>385.0</ele>
        <time>2022-08-16T21:02:41.024Z</time>
    </trkpt>
    <trkpt lat="45.49166287" lon="15.07805357">
        <ele>385.0</ele>
        <time>2022-08-16T21:02:43.024Z</time>
    </trkpt>
    <trkpt lat="45.49166438" lon="15.07805617">
        <ele>385.0</ele>
        <time>2022-08-16T21:02:44.024Z</time>
    </trkpt>
    <trkpt lat="45.49168948" lon="15.07802222">
        <ele>386.0</ele>
        <time>2022-08-16T21:02:48.024Z</time>
    </trkpt>
    <trkpt lat="45.49169434" lon="15.07802046">
        <ele>386.0</ele>
        <time>2022-08-16T21:02:50.024Z</time>
    </trkpt>
    <trkpt lat="45.4916943" lon="15.07802566">
        <ele>386.0</ele>
        <time>2022-08-16T21:02:51.024Z</time>
    </trkpt>
    <trkpt lat="45.49174564" lon="15.07799422">
        <ele>386.0</ele>
        <time>2022-08-16T21:02:57.024Z</time>
    </trkpt>
    <trkpt lat="45.49176286" lon="15.07797084">
        <ele>386.0</ele>
        <time>2022-08-16T21:03:00.024Z</time>
    </trkpt>
    <trkpt lat="45.49176907" lon="15.07796447">
        <ele>386.0</ele>
        <time>2022-08-16T21:03:01.024Z</time>
    </trkpt>
    <trkpt lat="45.49176806" lon="15.07796925">
        <ele>386.0</ele>
        <time>2022-08-16T21:03:02.024Z</time>
    </trkpt>
    <trkpt lat="45.49177468" lon="15.07794905">
        <ele>386.0</ele>
        <time>2022-08-16T21:03:05.024Z</time>
    </trkpt>
    <trkpt lat="45.49177925" lon="15.07794603">
        <ele>386.0</ele>
        <time>2022-08-16T21:03:06.024Z</time>
    </trkpt>
    <trkpt lat="45.4917813" lon="15.07795961">
        <ele>386.0</ele>
        <time>2022-08-16T21:03:08.024Z</time>
    </trkpt>
    <trkpt lat="45.49178474" lon="15.07795902">
        <ele>386.0</ele>
        <time>2022-08-16T21:03:09.024Z</time>
    </trkpt>
    <trkpt lat="45.49177845" lon="15.07795709">
        <ele>386.0</ele>
        <time>2022-08-16T21:03:10.024Z</time>
    </trkpt>
    <trkpt lat="45.49178612" lon="15.07795877">
        <ele>386.0</ele>
        <time>2022-08-16T21:03:11.024Z</time>
    </trkpt>
    <trkpt lat="45.49179195" lon="15.07795458">
        <ele>386.0</ele>
        <time>2022-08-16T21:03:12.024Z</time>
    </trkpt>
    <trkpt lat="45.49179979" lon="15.07793731">
        <ele>387.0</ele>
        <time>2022-08-16T21:03:14.024Z</time>
    </trkpt>
    <trkpt lat="45.49179585" lon="15.07796673">
        <ele>387.0</ele>
        <time>2022-08-16T21:03:16.024Z</time>
    </trkpt>
    <trkpt lat="45.49180306" lon="15.07796581">
        <ele>387.0</ele>
        <time>2022-08-16T21:03:21.024Z</time>
    </trkpt>
    <trkpt lat="45.49180628" lon="15.07795818">
        <ele>387.0</ele>
        <time>2022-08-16T21:03:36.024Z</time>
    </trkpt>
    <trkpt lat="45.49181483" lon="15.0779638">
        <ele>388.0</ele>
        <time>2022-08-16T21:03:43.024Z</time>
    </trkpt>
    <trkpt lat="45.4918106" lon="15.07796589">
        <ele>387.0</ele>
        <time>2022-08-16T21:03:44.024Z</time>
    </trkpt>
    <trkpt lat="45.49181022" lon="15.07796271">
        <ele>387.0</ele>
        <time>2022-08-16T21:03:45.024Z</time>
    </trkpt>
    <trkpt lat="45.49183214" lon="15.07794661">
        <ele>389.0</ele>
        <time>2022-08-16T21:03:48.024Z</time>
    </trkpt>
    <trkpt lat="45.49184203" lon="15.07793421">
        <ele>389.0</ele>
        <time>2022-08-16T21:03:49.024Z</time>
    </trkpt>
    <trkpt lat="45.49184212" lon="15.07792809">
        <ele>389.0</ele>
        <time>2022-08-16T21:03:51.024Z</time>
    </trkpt>
    <trkpt lat="45.49184551" lon="15.07793069">
        <ele>389.0</ele>
        <time>2022-08-16T21:03:54.024Z</time>
    </trkpt>
    <trkpt lat="45.49184249" lon="15.07791879">
        <ele>389.0</ele>
        <time>2022-08-16T21:03:56.024Z</time>
    </trkpt>
    <trkpt lat="45.49184597" lon="15.07790571">
        <ele>389.0</ele>
        <time>2022-08-16T21:03:59.024Z</time>
    </trkpt>
    <trkpt lat="45.49185385" lon="15.07789666">
        <ele>389.0</ele>
        <time>2022-08-16T21:04:01.024Z</time>
    </trkpt>
    <trkpt lat="45.49187522" lon="15.07788643">
        <ele>389.0</ele>
        <time>2022-08-16T21:04:04.024Z</time>
    </trkpt>
    <trkpt lat="45.49187124" lon="15.07788962">
        <ele>389.0</ele>
        <time>2022-08-16T21:04:05.024Z</time>
    </trkpt>
    <trkpt lat="45.49187514" lon="15.07789599">
        <ele>389.0</ele>
        <time>2022-08-16T21:04:09.024Z</time>
    </trkpt>
    <trkpt lat="45.49189262" lon="15.07789532">
        <ele>390.0</ele>
        <time>2022-08-16T21:04:14.024Z</time>
    </trkpt>
    <trkpt lat="45.4918821" lon="15.07789649">
        <ele>390.0</ele>
        <time>2022-08-16T21:04:17.024Z</time>
    </trkpt>
    <trkpt lat="45.49188507" lon="15.07790362">
        <ele>389.0</ele>
        <time>2022-08-16T21:04:18.024Z</time>
    </trkpt>
    <trkpt lat="45.49188126" lon="15.07790278">
        <ele>389.0</ele>
        <time>2022-08-16T21:04:19.024Z</time>
    </trkpt>
    <trkpt lat="45.49189413" lon="15.0778949">
        <ele>389.0</ele>
        <time>2022-08-16T21:04:22.024Z</time>
    </trkpt>
    <trkpt lat="45.49189408" lon="15.07788987">
        <ele>389.0</ele>
        <time>2022-08-16T21:04:26.024Z</time>
    </trkpt>
    <trkpt lat="45.49189714" lon="15.07789222">
        <ele>389.0</ele>
        <time>2022-08-16T21:04:27.024Z</time>
    </trkpt>
    <trkpt lat="45.491902" lon="15.07788903">
        <ele>390.0</ele>
        <time>2022-08-16T21:04:29.024Z</time>
    </trkpt>
    <trkpt lat="45.49190481" lon="15.07789733">
        <ele>390.0</ele>
        <time>2022-08-16T21:04:30.024Z</time>
    </trkpt>
    <trkpt lat="45.49190041" lon="15.07789155">
        <ele>390.0</ele>
        <time>2022-08-16T21:04:31.024Z</time>
    </trkpt>
    <trkpt lat="45.4919204" lon="15.07786673">
        <ele>391.0</ele>
        <time>2022-08-16T21:04:40.024Z</time>
    </trkpt>
    <trkpt lat="45.49193788" lon="15.07785844">
        <ele>391.0</ele>
        <time>2022-08-16T21:04:42.024Z</time>
    </trkpt>
    <trkpt lat="45.49195125" lon="15.07785844">
        <ele>391.0</ele>
        <time>2022-08-16T21:04:44.024Z</time>
    </trkpt>
    <trkpt lat="45.49195045" lon="15.07785198">
        <ele>391.0</ele>
        <time>2022-08-16T21:04:45.024Z</time>
    </trkpt>
    <trkpt lat="45.49195447" lon="15.07785441">
        <ele>391.0</ele>
        <time>2022-08-16T21:04:46.024Z</time>
    </trkpt>
    <trkpt lat="45.49195393" lon="15.07782483">
        <ele>391.0</ele>
        <time>2022-08-16T21:04:52.024Z</time>
    </trkpt>
    <trkpt lat="45.4919665" lon="15.07781108">
        <ele>391.0</ele>
        <time>2022-08-16T21:04:53.024Z</time>
    </trkpt>
    <trkpt lat="45.49196671" lon="15.07776858">
        <ele>391.0</ele>
        <time>2022-08-16T21:04:58.024Z</time>
    </trkpt>
    <trkpt lat="45.49197195" lon="15.07774704">
        <ele>391.0</ele>
        <time>2022-08-16T21:05:00.024Z</time>
    </trkpt>
    <trkpt lat="45.49199718" lon="15.07772248">
        <ele>391.0</ele>
        <time>2022-08-16T21:05:04.024Z</time>
    </trkpt>
    <trkpt lat="45.49200309" lon="15.07771502">
        <ele>391.0</ele>
        <time>2022-08-16T21:05:05.024Z</time>
    </trkpt>
    <trkpt lat="45.49200024" lon="15.07771377">
        <ele>391.0</ele>
        <time>2022-08-16T21:05:08.024Z</time>
    </trkpt>
    <trkpt lat="45.49202082" lon="15.07769943">
        <ele>391.0</ele>
        <time>2022-08-16T21:05:11.024Z</time>
    </trkpt>
    <trkpt lat="45.49202635" lon="15.07769994">
        <ele>391.0</ele>
        <time>2022-08-16T21:05:12.024Z</time>
    </trkpt>
    <trkpt lat="45.49203796" lon="15.07768359">
        <ele>391.0</ele>
        <time>2022-08-16T21:05:14.024Z</time>
    </trkpt>
    <trkpt lat="45.4920318" lon="15.07767965">
        <ele>391.0</ele>
        <time>2022-08-16T21:05:15.024Z</time>
    </trkpt>
    <trkpt lat="45.49203917" lon="15.07767948">
        <ele>391.0</ele>
        <time>2022-08-16T21:05:16.024Z</time>
    </trkpt>
    <trkpt lat="45.49206755" lon="15.07764512">
        <ele>391.0</ele>
        <time>2022-08-16T21:05:20.024Z</time>
    </trkpt>
    <trkpt lat="45.49208201" lon="15.07764336">
        <ele>391.0</ele>
        <time>2022-08-16T21:05:21.024Z</time>
    </trkpt>
    <trkpt lat="45.49209311" lon="15.07762358">
        <ele>392.0</ele>
        <time>2022-08-16T21:05:23.024Z</time>
    </trkpt>
    <trkpt lat="45.4920973" lon="15.07757152">
        <ele>393.0</ele>
        <time>2022-08-16T21:05:26.024Z</time>
    </trkpt>
    <trkpt lat="45.49210606" lon="15.07757069">
        <ele>393.0</ele>
        <time>2022-08-16T21:05:27.024Z</time>
    </trkpt>
    <trkpt lat="45.49211402" lon="15.07756306">
        <ele>394.0</ele>
        <time>2022-08-16T21:05:29.024Z</time>
    </trkpt>
    <trkpt lat="45.49211641" lon="15.07754487">
        <ele>394.0</ele>
        <time>2022-08-16T21:05:32.024Z</time>
    </trkpt>
    <trkpt lat="45.49212547" lon="15.07752794">
        <ele>395.0</ele>
        <time>2022-08-16T21:05:34.024Z</time>
    </trkpt>
    <trkpt lat="45.49213557" lon="15.07751713">
        <ele>395.0</ele>
        <time>2022-08-16T21:05:36.024Z</time>
    </trkpt>
    <trkpt lat="45.4921421" lon="15.07752593">
        <ele>395.0</ele>
        <time>2022-08-16T21:05:37.024Z</time>
    </trkpt>
    <trkpt lat="45.49215472" lon="15.07749642">
        <ele>396.0</ele>
        <time>2022-08-16T21:05:40.024Z</time>
    </trkpt>
    <trkpt lat="45.49214127" lon="15.07749902">
        <ele>397.0</ele>
        <time>2022-08-16T21:05:45.024Z</time>
    </trkpt>
    <trkpt lat="45.49213502" lon="15.07749139">
        <ele>397.0</ele>
        <time>2022-08-16T21:05:47.024Z</time>
    </trkpt>
    <trkpt lat="45.49212894" lon="15.07749659">
        <ele>398.0</ele>
        <time>2022-08-16T21:05:50.024Z</time>
    </trkpt>
    <trkpt lat="45.49213142" lon="15.07748955">
        <ele>398.0</ele>
        <time>2022-08-16T21:05:52.024Z</time>
    </trkpt>
    <trkpt lat="45.49212195" lon="15.0774929">
        <ele>399.0</ele>
        <time>2022-08-16T21:05:56.024Z</time>
    </trkpt>
    <trkpt lat="45.49213372" lon="15.07747807">
        <ele>400.0</ele>
        <time>2022-08-16T21:05:59.024Z</time>
    </trkpt>
    <trkpt lat="45.49213657" lon="15.0774903">
        <ele>401.0</ele>
        <time>2022-08-16T21:06:05.024Z</time>
    </trkpt>
    <trkpt lat="45.49214571" lon="15.07747463">
        <ele>402.0</ele>
        <time>2022-08-16T21:06:09.024Z</time>
    </trkpt>
    <trkpt lat="45.49214588" lon="15.07746683">
        <ele>403.0</ele>
        <time>2022-08-16T21:06:11.024Z</time>
    </trkpt>
    <trkpt lat="45.49214152" lon="15.07746365">
        <ele>403.0</ele>
        <time>2022-08-16T21:06:12.024Z</time>
    </trkpt>
    <trkpt lat="45.49213519" lon="15.07746675">
        <ele>403.0</ele>
        <time>2022-08-16T21:06:14.024Z</time>
    </trkpt>
    <trkpt lat="45.49212739" lon="15.07746222">
        <ele>404.0</ele>
        <time>2022-08-16T21:06:17.024Z</time>
    </trkpt>
    <trkpt lat="45.49213955" lon="15.07746734">
        <ele>405.0</ele>
        <time>2022-08-16T21:06:21.024Z</time>
    </trkpt>
    <trkpt lat="45.49213661" lon="15.07745451">
        <ele>405.0</ele>
        <time>2022-08-16T21:06:25.024Z</time>
    </trkpt>
    <trkpt lat="45.49215392" lon="15.07744186">
        <ele>406.0</ele>
        <time>2022-08-16T21:06:31.024Z</time>
    </trkpt>
    <trkpt lat="45.49216163" lon="15.07742526">
        <ele>406.0</ele>
        <time>2022-08-16T21:06:32.024Z</time>
    </trkpt>
    <trkpt lat="45.49217907" lon="15.07740841">
        <ele>408.0</ele>
        <time>2022-08-16T21:06:35.024Z</time>
    </trkpt>
    <trkpt lat="45.49218267" lon="15.07739668">
        <ele>408.0</ele>
        <time>2022-08-16T21:06:37.024Z</time>
    </trkpt>
    <trkpt lat="45.49222429" lon="15.07733038">
        <ele>411.0</ele>
        <time>2022-08-16T21:06:45.024Z</time>
    </trkpt>
    <trkpt lat="45.49222781" lon="15.07731697">
        <ele>412.0</ele>
        <time>2022-08-16T21:06:48.024Z</time>
    </trkpt>
    <trkpt lat="45.49223213" lon="15.07731931">
        <ele>412.0</ele>
        <time>2022-08-16T21:06:50.024Z</time>
    </trkpt>
    <trkpt lat="45.49225371" lon="15.07730993">
        <ele>413.0</ele>
        <time>2022-08-16T21:06:53.024Z</time>
    </trkpt>
    <trkpt lat="45.49226854" lon="15.07729668">
        <ele>413.0</ele>
        <time>2022-08-16T21:06:55.024Z</time>
    </trkpt>
    <trkpt lat="45.4922861" lon="15.07729031">
        <ele>414.0</ele>
        <time>2022-08-16T21:06:57.024Z</time>
    </trkpt>
    <trkpt lat="45.49229499" lon="15.07729115">
        <ele>414.0</ele>
        <time>2022-08-16T21:06:58.024Z</time>
    </trkpt>
    <trkpt lat="45.49232713" lon="15.077279">
        <ele>414.0</ele>
        <time>2022-08-16T21:07:01.024Z</time>
    </trkpt>
    <trkpt lat="45.4923413" lon="15.0772826">
        <ele>414.0</ele>
        <time>2022-08-16T21:07:03.024Z</time>
    </trkpt>
    <trkpt lat="45.49236481" lon="15.07726433">
        <ele>415.0</ele>
        <time>2022-08-16T21:07:06.024Z</time>
    </trkpt>
    <trkpt lat="45.49241108" lon="15.07724807">
        <ele>415.0</ele>
        <time>2022-08-16T21:07:11.024Z</time>
    </trkpt>
    <trkpt lat="45.49242457" lon="15.07725293">
        <ele>415.0</ele>
        <time>2022-08-16T21:07:13.024Z</time>
    </trkpt>
    <trkpt lat="45.49243765" lon="15.07725243">
        <ele>415.0</ele>
        <time>2022-08-16T21:07:15.024Z</time>
    </trkpt>
    <trkpt lat="45.49244892" lon="15.07724673">
        <ele>415.0</ele>
        <time>2022-08-16T21:07:16.024Z</time>
    </trkpt>
    <trkpt lat="45.49245383" lon="15.07723105">
        <ele>415.0</ele>
        <time>2022-08-16T21:07:18.024Z</time>
    </trkpt>
    <trkpt lat="45.49246015" lon="15.07722653">
        <ele>415.0</ele>
        <time>2022-08-16T21:07:19.024Z</time>
    </trkpt>
    <trkpt lat="45.49249595" lon="15.07722334">
        <ele>416.0</ele>
        <time>2022-08-16T21:07:22.024Z</time>
    </trkpt>
    <trkpt lat="45.49254712" lon="15.07723298">
        <ele>416.0</ele>
        <time>2022-08-16T21:07:27.024Z</time>
    </trkpt>
    <trkpt lat="45.49259603" lon="15.07727405">
        <ele>415.0</ele>
        <time>2022-08-16T21:07:32.024Z</time>
    </trkpt>
    <trkpt lat="45.49263106" lon="15.07729425">
        <ele>415.0</ele>
        <time>2022-08-16T21:07:35.024Z</time>
    </trkpt>
    <trkpt lat="45.49267829" lon="15.07728076">
        <ele>415.0</ele>
        <time>2022-08-16T21:07:39.024Z</time>
    </trkpt>
    <trkpt lat="45.49271886" lon="15.07726123">
        <ele>415.0</ele>
        <time>2022-08-16T21:07:43.024Z</time>
    </trkpt>
    <trkpt lat="45.49273177" lon="15.07726198">
        <ele>415.0</ele>
        <time>2022-08-16T21:07:44.024Z</time>
    </trkpt>
    <trkpt lat="45.49274677" lon="15.07725016">
        <ele>415.0</ele>
        <time>2022-08-16T21:07:46.024Z</time>
    </trkpt>
    <trkpt lat="45.49276978" lon="15.07724178">
        <ele>416.0</ele>
        <time>2022-08-16T21:07:48.024Z</time>
    </trkpt>
    <trkpt lat="45.49280268" lon="15.07723893">
        <ele>415.0</ele>
        <time>2022-08-16T21:07:50.024Z</time>
    </trkpt>
    <trkpt lat="45.49280863" lon="15.07723466">
        <ele>415.0</ele>
        <time>2022-08-16T21:07:51.024Z</time>
    </trkpt>
    <trkpt lat="45.49281102" lon="15.07723776">
        <ele>415.0</ele>
        <time>2022-08-16T21:07:52.024Z</time>
    </trkpt>
    <trkpt lat="45.49281986" lon="15.07722694">
        <ele>415.0</ele>
        <time>2022-08-16T21:07:54.024Z</time>
    </trkpt>
    <trkpt lat="45.49286198" lon="15.07721538">
        <ele>415.0</ele>
        <time>2022-08-16T21:07:58.024Z</time>
    </trkpt>
    <trkpt lat="45.49287104" lon="15.07720792">
        <ele>415.0</ele>
        <time>2022-08-16T21:07:59.024Z</time>
    </trkpt>
    <trkpt lat="45.49289522" lon="15.07720004">
        <ele>415.0</ele>
        <time>2022-08-16T21:08:01.024Z</time>
    </trkpt>
    <trkpt lat="45.49290368" lon="15.07720339">
        <ele>415.0</ele>
        <time>2022-08-16T21:08:02.024Z</time>
    </trkpt>
    <trkpt lat="45.49292527" lon="15.07720088">
        <ele>415.0</ele>
        <time>2022-08-16T21:08:04.024Z</time>
    </trkpt>
    <trkpt lat="45.49296814" lon="15.07718051">
        <ele>415.0</ele>
        <time>2022-08-16T21:08:07.024Z</time>
    </trkpt>
    <trkpt lat="45.49298583" lon="15.07718445">
        <ele>414.0</ele>
        <time>2022-08-16T21:08:09.024Z</time>
    </trkpt>
    <trkpt lat="45.49299651" lon="15.07717984">
        <ele>414.0</ele>
        <time>2022-08-16T21:08:10.024Z</time>
    </trkpt>
    <trkpt lat="45.49301487" lon="15.07717984">
        <ele>414.0</ele>
        <time>2022-08-16T21:08:12.024Z</time>
    </trkpt>
    <trkpt lat="45.49302141" lon="15.07717313">
        <ele>414.0</ele>
        <time>2022-08-16T21:08:15.024Z</time>
    </trkpt>
    <trkpt lat="45.49302044" lon="15.07716743">
        <ele>414.0</ele>
        <time>2022-08-16T21:08:17.024Z</time>
    </trkpt>
    <trkpt lat="45.49302979" lon="15.07716643">
        <ele>414.0</ele>
        <time>2022-08-16T21:08:19.024Z</time>
    </trkpt>
    <trkpt lat="45.49303599" lon="15.07715947">
        <ele>414.0</ele>
        <time>2022-08-16T21:08:20.024Z</time>
    </trkpt>
    <trkpt lat="45.49303842" lon="15.07714698">
        <ele>414.0</ele>
        <time>2022-08-16T21:08:22.024Z</time>
    </trkpt>
    <trkpt lat="45.49303167" lon="15.07713969">
        <ele>414.0</ele>
        <time>2022-08-16T21:08:24.024Z</time>
    </trkpt>
    <trkpt lat="45.49303813" lon="15.07714287">
        <ele>414.0</ele>
        <time>2022-08-16T21:08:30.024Z</time>
    </trkpt>
    <trkpt lat="45.49304626" lon="15.07713323">
        <ele>414.0</ele>
        <time>2022-08-16T21:08:32.024Z</time>
    </trkpt>
    <trkpt lat="45.49302744" lon="15.07712904">
        <ele>415.0</ele>
        <time>2022-08-16T21:08:36.024Z</time>
    </trkpt>
    <trkpt lat="45.49304597" lon="15.0771251">
        <ele>415.0</ele>
        <time>2022-08-16T21:08:46.024Z</time>
    </trkpt>
    <trkpt lat="45.49304752" lon="15.07711723">
        <ele>415.0</ele>
        <time>2022-08-16T21:08:47.024Z</time>
    </trkpt>
    <trkpt lat="45.49305364" lon="15.07711614">
        <ele>415.0</ele>
        <time>2022-08-16T21:08:48.024Z</time>
    </trkpt>
    <trkpt lat="45.49306319" lon="15.07709786">
        <ele>415.0</ele>
        <time>2022-08-16T21:08:50.024Z</time>
    </trkpt>
    <trkpt lat="45.49305929" lon="15.07709652">
        <ele>415.0</ele>
        <time>2022-08-16T21:08:51.024Z</time>
    </trkpt>
    <trkpt lat="45.49307107" lon="15.07709996">
        <ele>415.0</ele>
        <time>2022-08-16T21:08:52.024Z</time>
    </trkpt>
    <trkpt lat="45.49309492" lon="15.07709736">
        <ele>414.0</ele>
        <time>2022-08-16T21:08:54.024Z</time>
    </trkpt>
    <trkpt lat="45.49311893" lon="15.07707917">
        <ele>414.0</ele>
        <time>2022-08-16T21:08:57.024Z</time>
    </trkpt>
    <trkpt lat="45.49315564" lon="15.07709862">
        <ele>414.0</ele>
        <time>2022-08-16T21:09:00.024Z</time>
    </trkpt>
    <trkpt lat="45.49316805" lon="15.07709325">
        <ele>414.0</ele>
        <time>2022-08-16T21:09:01.024Z</time>
    </trkpt>
    <trkpt lat="45.49319885" lon="15.07710373">
        <ele>414.0</ele>
        <time>2022-08-16T21:09:04.024Z</time>
    </trkpt>
    <trkpt lat="45.49321796" lon="15.07713022">
        <ele>414.0</ele>
        <time>2022-08-16T21:09:07.024Z</time>
    </trkpt>
    <trkpt lat="45.49321285" lon="15.0771386">
        <ele>414.0</ele>
        <time>2022-08-16T21:09:08.024Z</time>
    </trkpt>
    <trkpt lat="45.49322526" lon="15.0771588">
        <ele>414.0</ele>
        <time>2022-08-16T21:09:09.024Z</time>
    </trkpt>
    <trkpt lat="45.49324508" lon="15.07717732">
        <ele>414.0</ele>
        <time>2022-08-16T21:09:11.024Z</time>
    </trkpt>
    <trkpt lat="45.49325753" lon="15.07718294">
        <ele>414.0</ele>
        <time>2022-08-16T21:09:12.024Z</time>
    </trkpt>
    <trkpt lat="45.4932662" lon="15.07718101">
        <ele>414.0</ele>
        <time>2022-08-16T21:09:13.024Z</time>
    </trkpt>
    <trkpt lat="45.49329202" lon="15.07716106">
        <ele>414.0</ele>
        <time>2022-08-16T21:09:15.024Z</time>
    </trkpt>
    <trkpt lat="45.49331364" lon="15.07715276">
        <ele>414.0</ele>
        <time>2022-08-16T21:09:17.024Z</time>
    </trkpt>
    <trkpt lat="45.49334063" lon="15.07712829">
        <ele>414.0</ele>
        <time>2022-08-16T21:09:19.024Z</time>
    </trkpt>
    <trkpt lat="45.49336029" lon="15.07710398">
        <ele>414.0</ele>
        <time>2022-08-16T21:09:21.024Z</time>
    </trkpt>
    <trkpt lat="45.49337265" lon="15.07709878">
        <ele>414.0</ele>
        <time>2022-08-16T21:09:22.024Z</time>
    </trkpt>
    <trkpt lat="45.49338707" lon="15.0770842">
        <ele>414.0</ele>
        <time>2022-08-16T21:09:23.024Z</time>
    </trkpt>
    <trkpt lat="45.49340253" lon="15.07707481">
        <ele>415.0</ele>
        <time>2022-08-16T21:09:24.024Z</time>
    </trkpt>
    <trkpt lat="45.49341515" lon="15.07707699">
        <ele>415.0</ele>
        <time>2022-08-16T21:09:25.024Z</time>
    </trkpt>
    <trkpt lat="45.49345085" lon="15.07706484">
        <ele>414.0</ele>
        <time>2022-08-16T21:09:28.024Z</time>
    </trkpt>
    <trkpt lat="45.49346841" lon="15.07705461">
        <ele>415.0</ele>
        <time>2022-08-16T21:09:30.024Z</time>
    </trkpt>
    <trkpt lat="45.49348069" lon="15.07705855">
        <ele>415.0</ele>
        <time>2022-08-16T21:09:31.024Z</time>
    </trkpt>
    <trkpt lat="45.49348706" lon="15.07706576">
        <ele>415.0</ele>
        <time>2022-08-16T21:09:32.024Z</time>
    </trkpt>
    <trkpt lat="45.49352281" lon="15.07706274">
        <ele>416.0</ele>
        <time>2022-08-16T21:09:35.024Z</time>
    </trkpt>
    <trkpt lat="45.49353656" lon="15.0770578">
        <ele>416.0</ele>
        <time>2022-08-16T21:09:36.024Z</time>
    </trkpt>
    <trkpt lat="45.49354544" lon="15.0770495">
        <ele>415.0</ele>
        <time>2022-08-16T21:09:37.024Z</time>
    </trkpt>
    <trkpt lat="45.49355349" lon="15.07705034">
        <ele>415.0</ele>
        <time>2022-08-16T21:09:39.024Z</time>
    </trkpt>
    <trkpt lat="45.4936322" lon="15.07707523">
        <ele>415.0</ele>
        <time>2022-08-16T21:09:49.024Z</time>
    </trkpt>
    <trkpt lat="45.49368194" lon="15.07705721">
        <ele>415.0</ele>
        <time>2022-08-16T21:09:54.024Z</time>
    </trkpt>
    <trkpt lat="45.49369636" lon="15.07703609">
        <ele>415.0</ele>
        <time>2022-08-16T21:09:57.024Z</time>
    </trkpt>
    <trkpt lat="45.49371111" lon="15.07703022">
        <ele>415.0</ele>
        <time>2022-08-16T21:09:59.024Z</time>
    </trkpt>
    <trkpt lat="45.49373211" lon="15.0770324">
        <ele>415.0</ele>
        <time>2022-08-16T21:10:01.024Z</time>
    </trkpt>
    <trkpt lat="45.49373986" lon="15.07702955">
        <ele>415.0</ele>
        <time>2022-08-16T21:10:02.024Z</time>
    </trkpt>
    <trkpt lat="45.49376333" lon="15.07703877">
        <ele>415.0</ele>
        <time>2022-08-16T21:10:04.024Z</time>
    </trkpt>
    <trkpt lat="45.49379179" lon="15.07703978">
        <ele>415.0</ele>
        <time>2022-08-16T21:10:07.024Z</time>
    </trkpt>
    <trkpt lat="45.49380453" lon="15.07703072">
        <ele>415.0</ele>
        <time>2022-08-16T21:10:08.024Z</time>
    </trkpt>
    <trkpt lat="45.49384158" lon="15.0770288">
        <ele>415.0</ele>
        <time>2022-08-16T21:10:11.024Z</time>
    </trkpt>
    <trkpt lat="45.49389061" lon="15.07704916">
        <ele>416.0</ele>
        <time>2022-08-16T21:10:15.024Z</time>
    </trkpt>
    <trkpt lat="45.49392514" lon="15.07703341">
        <ele>416.0</ele>
        <time>2022-08-16T21:10:19.024Z</time>
    </trkpt>
    <trkpt lat="45.4939637" lon="15.07702402">
        <ele>416.0</ele>
        <time>2022-08-16T21:10:22.024Z</time>
    </trkpt>
    <trkpt lat="45.49397397" lon="15.07701455">
        <ele>416.0</ele>
        <time>2022-08-16T21:10:23.024Z</time>
    </trkpt>
    <trkpt lat="45.49399538" lon="15.07700558">
        <ele>416.0</ele>
        <time>2022-08-16T21:10:25.024Z</time>
    </trkpt>
    <trkpt lat="45.49401324" lon="15.07698823">
        <ele>416.0</ele>
        <time>2022-08-16T21:10:28.024Z</time>
    </trkpt>
    <trkpt lat="45.49402254" lon="15.07698521">
        <ele>416.0</ele>
        <time>2022-08-16T21:10:29.024Z</time>
    </trkpt>
    <trkpt lat="45.49405787" lon="15.07698446">
        <ele>417.0</ele>
        <time>2022-08-16T21:10:33.024Z</time>
    </trkpt>
    <trkpt lat="45.49408997" lon="15.07699736">
        <ele>418.0</ele>
        <time>2022-08-16T21:10:36.024Z</time>
    </trkpt>
    <trkpt lat="45.49411227" lon="15.07698203">
        <ele>418.0</ele>
        <time>2022-08-16T21:10:38.024Z</time>
    </trkpt>
    <trkpt lat="45.49414001" lon="15.07694833">
        <ele>418.0</ele>
        <time>2022-08-16T21:10:41.024Z</time>
    </trkpt>
    <trkpt lat="45.49417161" lon="15.07692277">
        <ele>419.0</ele>
        <time>2022-08-16T21:10:44.024Z</time>
    </trkpt>
    <trkpt lat="45.4942082" lon="15.0768677">
        <ele>418.0</ele>
        <time>2022-08-16T21:10:51.024Z</time>
    </trkpt>
    <trkpt lat="45.4942621" lon="15.07681212">
        <ele>417.0</ele>
        <time>2022-08-16T21:10:57.024Z</time>
    </trkpt>
    <trkpt lat="45.49428255" lon="15.0767962">
        <ele>418.0</ele>
        <time>2022-08-16T21:10:59.024Z</time>
    </trkpt>
    <trkpt lat="45.49429814" lon="15.07679829">
        <ele>418.0</ele>
        <time>2022-08-16T21:11:00.024Z</time>
    </trkpt>
    <trkpt lat="45.49430522" lon="15.07679">
        <ele>418.0</ele>
        <time>2022-08-16T21:11:01.024Z</time>
    </trkpt>
    <trkpt lat="45.49431704" lon="15.07678731">
        <ele>418.0</ele>
        <time>2022-08-16T21:11:02.024Z</time>
    </trkpt>
    <trkpt lat="45.49434399" lon="15.07675798">
        <ele>418.0</ele>
        <time>2022-08-16T21:11:05.024Z</time>
    </trkpt>
    <trkpt lat="45.49434881" lon="15.07674524">
        <ele>418.0</ele>
        <time>2022-08-16T21:11:06.024Z</time>
    </trkpt>
    <trkpt lat="45.49436758" lon="15.07672286">
        <ele>418.0</ele>
        <time>2022-08-16T21:11:08.024Z</time>
    </trkpt>
    <trkpt lat="45.49438904" lon="15.07670316">
        <ele>418.0</ele>
        <time>2022-08-16T21:11:10.024Z</time>
    </trkpt>
    <trkpt lat="45.49440547" lon="15.07667776">
        <ele>418.0</ele>
        <time>2022-08-16T21:11:12.024Z</time>
    </trkpt>
    <trkpt lat="45.49442487" lon="15.07666293">
        <ele>418.0</ele>
        <time>2022-08-16T21:11:14.024Z</time>
    </trkpt>
    <trkpt lat="45.49445082" lon="15.07661347">
        <ele>418.0</ele>
        <time>2022-08-16T21:11:18.024Z</time>
    </trkpt>
    <trkpt lat="45.49445869" lon="15.07661163">
        <ele>418.0</ele>
        <time>2022-08-16T21:11:19.024Z</time>
    </trkpt>
    <trkpt lat="45.49447722" lon="15.0765926">
        <ele>418.0</ele>
        <time>2022-08-16T21:11:21.024Z</time>
    </trkpt>
    <trkpt lat="45.49448824" lon="15.07658808">
        <ele>419.0</ele>
        <time>2022-08-16T21:11:22.024Z</time>
    </trkpt>
    <trkpt lat="45.49451288" lon="15.07656695">
        <ele>419.0</ele>
        <time>2022-08-16T21:11:25.024Z</time>
    </trkpt>
    <trkpt lat="45.49452336" lon="15.07655036">
        <ele>419.0</ele>
        <time>2022-08-16T21:11:27.024Z</time>
    </trkpt>
    <trkpt lat="45.49455953" lon="15.07653393">
        <ele>418.0</ele>
        <time>2022-08-16T21:11:31.024Z</time>
    </trkpt>
    <trkpt lat="45.49457168" lon="15.07653301">
        <ele>418.0</ele>
        <time>2022-08-16T21:11:32.024Z</time>
    </trkpt>
    <trkpt lat="45.49459373" lon="15.07650887">
        <ele>418.0</ele>
        <time>2022-08-16T21:11:34.024Z</time>
    </trkpt>
    <trkpt lat="45.49464104" lon="15.07648272">
        <ele>417.0</ele>
        <time>2022-08-16T21:11:38.024Z</time>
    </trkpt>
    <trkpt lat="45.49466552" lon="15.0764579">
        <ele>418.0</ele>
        <time>2022-08-16T21:11:40.024Z</time>
    </trkpt>
    <trkpt lat="45.49469083" lon="15.07642128">
        <ele>418.0</ele>
        <time>2022-08-16T21:11:43.024Z</time>
    </trkpt>
    <trkpt lat="45.49472398" lon="15.0764025">
        <ele>419.0</ele>
        <time>2022-08-16T21:11:46.024Z</time>
    </trkpt>
    <trkpt lat="45.49474862" lon="15.07637702">
        <ele>420.0</ele>
        <time>2022-08-16T21:11:49.024Z</time>
    </trkpt>
    <trkpt lat="45.49475328" lon="15.07636487">
        <ele>420.0</ele>
        <time>2022-08-16T21:11:50.024Z</time>
    </trkpt>
    <trkpt lat="45.49476426" lon="15.07636059">
        <ele>420.0</ele>
        <time>2022-08-16T21:11:51.024Z</time>
    </trkpt>
    <trkpt lat="45.49478094" lon="15.07633737">
        <ele>420.0</ele>
        <time>2022-08-16T21:11:54.024Z</time>
    </trkpt>
    <trkpt lat="45.49479954" lon="15.07632304">
        <ele>421.0</ele>
        <time>2022-08-16T21:11:56.024Z</time>
    </trkpt>
    <trkpt lat="45.49481241" lon="15.0762932">
        <ele>421.0</ele>
        <time>2022-08-16T21:12:00.024Z</time>
    </trkpt>
    <trkpt lat="45.49481761" lon="15.07629563">
        <ele>421.0</ele>
        <time>2022-08-16T21:12:02.024Z</time>
    </trkpt>
    <trkpt lat="45.49485105" lon="15.07627912">
        <ele>423.0</ele>
        <time>2022-08-16T21:12:07.024Z</time>
    </trkpt>
    <trkpt lat="45.49485193" lon="15.07626562">
        <ele>423.0</ele>
        <time>2022-08-16T21:12:11.024Z</time>
    </trkpt>
    </trkseg>
</trk>
</gpx>