<?xml version="1.0" encoding="UTF-8"?>
<gpx xmlns:xsi="http://www.w3.org/2001/XMLSchema-instance" xmlns="http://www.topografix.com/GPX/1/1" xsi:schemaLocation="http://www.topografix.com/GPX/1/1 http://www.topografix.com/GPX/1/1/gpx.xsd" version="1.1" creator="Open GPX Tracker for iOS">
	<wpt lat="45.516327935973486" lon="15.165012442942158">
		<ele>152.38692868407816</ele>
		<time>2024-07-13T17:09:42Z</time>
		<name><![CDATA[Izvir Obrščice-začetek poti]]></name>
		<desc>13 Jul 2024 at 19:09:42</desc>
	</wpt>
	<wpt lat="45.51889968791915" lon="15.159179035726233">
		<ele>190.31678719446063</ele>
		<time>2024-07-13T17:28:44Z</time>
		<name>Grad Turn</name>
		<desc>13 Jul 2024 at 19:28:44</desc>
	</wpt>
	<wpt lat="45.52062543537821" lon="15.150462906722984">
		<ele>290.7766645429656</ele>
		<time>2024-07-13T18:05:04Z</time>
		<name>Francoska jama</name>
		<desc>13 Jul 2024 at 20:05:04</desc>
	</wpt>
	<wpt lat="45.51488332102846" lon="15.15149755350134">
		<ele>304.2261199085042</ele>
		<time>2024-07-13T18:18:42Z</time>
		<name>Izvir Kotel</name>
		<desc>13 Jul 2024 at 20:18:42</desc>
	</wpt>
	<wpt lat="45.51369830129422" lon="15.151063967770764">
		<ele>313.8569522853941</ele>
		<time>2024-07-13T18:21:35Z</time>
		<name>Vas Sela</name>
		<desc>13 Jul 2024 at 20:21:35</desc>
	</wpt>
	<wpt lat="45.512643360911035" lon="15.151644914690388">
		<ele>304.4533092249185</ele>
		<time>2024-07-13T18:25:21Z</time>
		<name>Izvir Sela</name>
		<desc>13 Jul 2024 at 20:25:21</desc>
	</wpt>
	<wpt lat="45.512892112336694" lon="15.15630173294137">
		<ele>319.03692547325045</ele>
		<time>2024-07-13T18:38:06Z</time>
		<name>Pusti Peter</name>
		<desc>13 Jul 2024 at 20:38:06</desc>
	</wpt>
	<wpt lat="45.510270792087184" lon="15.15965173029284">
		<ele>312.62086478993297</ele>
		<time>2024-07-13T18:45:40Z</time>
		<name>Oberlinec</name>
		<desc>13 Jul 2024 at 20:45:40</desc>
	</wpt>
	<wpt lat="45.507471778097425" lon="15.160140370489302">
		<ele>282.2487217653543</ele>
		<time>2024-07-13T18:53:44Z</time>
		<name>"Pri Markotu"</name>
		<desc>13 Jul 2024 at 20:53:44</desc>
	</wpt>
	<wpt lat="45.50765452646866" lon="15.163243762389412">
		<ele>269.09811916481704</ele>
		<time>2024-07-13T18:58:50Z</time>
		<name>Sv. Peter pri Zapudju</name>
		<desc>13 Jul 2024 at 20:58:50</desc>
	</wpt>
	<wpt lat="45.51530183084026" lon="15.164955094682968">
		<ele>180.09018461685628</ele>
		<time>2024-07-13T19:13:19Z</time>
		<name>Sv. Lovrenc</name>
		<desc>13 Jul 2024 at 21:13:19</desc>
	</wpt>
	<trk>
		<trkseg>
			<trkpt lat="45.51634382618463" lon="15.164991637197854">
				<ele>151.42037592921406</ele>
				<time>2024-07-13T17:09:43Z</time>
			</trkpt>
			<trkpt lat="45.5164199504115" lon="15.164963743700461">
				<ele>151.78153366968036</ele>
				<time>2024-07-13T17:09:51Z</time>
			</trkpt>
			<trkpt lat="45.51642954193264" lon="15.164937255387855">
				<ele>151.17411098536104</ele>
				<time>2024-07-13T17:10:03Z</time>
			</trkpt>
			<trkpt lat="45.51644451818084" lon="15.16495974253286">
				<ele>151.33732372615486</ele>
				<time>2024-07-13T17:10:10Z</time>
			</trkpt>
			<trkpt lat="45.51630607245075" lon="15.16423321975623">
				<ele>167.3847783356905</ele>
				<time>2024-07-13T17:15:25Z</time>
			</trkpt>
			<trkpt lat="45.516331361610526" lon="15.164213012204867">
				<ele>167.4239496672526</ele>
				<time>2024-07-13T17:15:28Z</time>
			</trkpt>
			<trkpt lat="45.51635230729279" lon="15.16419272162409">
				<ele>167.0291362516582</ele>
				<time>2024-07-13T17:15:31Z</time>
			</trkpt>
			<trkpt lat="45.516373394081036" lon="15.164185809901756">
				<ele>167.82524155080318</ele>
				<time>2024-07-13T17:15:33Z</time>
			</trkpt>
			<trkpt lat="45.51637874992386" lon="15.164161282349951">
				<ele>167.42914795968682</ele>
				<time>2024-07-13T17:15:35Z</time>
			</trkpt>
			<trkpt lat="45.51639449858264" lon="15.164129117819897">
				<ele>167.04002260044217</ele>
				<time>2024-07-13T17:15:38Z</time>
			</trkpt>
			<trkpt lat="45.516412954919616" lon="15.164098742856405">
				<ele>165.83765221759677</ele>
				<time>2024-07-13T17:15:41Z</time>
			</trkpt>
			<trkpt lat="45.5164323682681" lon="15.16407754474667">
				<ele>165.0294146426022</ele>
				<time>2024-07-13T17:15:44Z</time>
			</trkpt>
			<trkpt lat="45.51645102803305" lon="15.164068137617422">
				<ele>163.85787970386446</ele>
				<time>2024-07-13T17:15:49Z</time>
			</trkpt>
			<trkpt lat="45.51628051835224" lon="15.164241237073062">
				<ele>167.93818510416895</ele>
				<time>2024-07-13T17:15:53Z</time>
			</trkpt>
			<trkpt lat="45.51646206606693" lon="15.164088812486773">
				<ele>164.0054585793987</ele>
				<time>2024-07-13T17:15:55Z</time>
			</trkpt>
			<trkpt lat="45.516471190309176" lon="15.164059709203176">
				<ele>164.26061568129808</ele>
				<time>2024-07-13T17:16:06Z</time>
			</trkpt>
			<trkpt lat="45.51648752563194" lon="15.164043251508012">
				<ele>164.04551080614328</ele>
				<time>2024-07-13T17:16:08Z</time>
			</trkpt>
			<trkpt lat="45.516504735717476" lon="15.164031305100343">
				<ele>163.6108502401039</ele>
				<time>2024-07-13T17:16:10Z</time>
			</trkpt>
			<trkpt lat="45.516521602756626" lon="15.164013541212947">
				<ele>162.9770706370473</ele>
				<time>2024-07-13T17:16:13Z</time>
			</trkpt>
			<trkpt lat="45.516537994881446" lon="15.164000060887616">
				<ele>162.8491964386776</ele>
				<time>2024-07-13T17:16:15Z</time>
			</trkpt>
			<trkpt lat="45.516564667505556" lon="15.16397987842407">
				<ele>162.67357610818</ele>
				<time>2024-07-13T17:16:18Z</time>
			</trkpt>
			<trkpt lat="45.51658312895726" lon="15.163965827384603">
				<ele>161.33316294569522</ele>
				<time>2024-07-13T17:16:21Z</time>
			</trkpt>
			<trkpt lat="45.51661193958576" lon="15.16394831538228">
				<ele>160.47202127985656</ele>
				<time>2024-07-13T17:16:25Z</time>
			</trkpt>
			<trkpt lat="45.5166340823015" lon="15.163946266062744">
				<ele>160.00164057035</ele>
				<time>2024-07-13T17:16:27Z</time>
			</trkpt>
			<trkpt lat="45.51665079576926" lon="15.163934697312989">
				<ele>160.15412051044405</ele>
				<time>2024-07-13T17:16:29Z</time>
			</trkpt>
			<trkpt lat="45.5166817058577" lon="15.16392403016138">
				<ele>159.2768980897963</ele>
				<time>2024-07-13T17:16:32Z</time>
			</trkpt>
			<trkpt lat="45.51669953143136" lon="15.16392019941953">
				<ele>159.04936753213406</ele>
				<time>2024-07-13T17:16:34Z</time>
			</trkpt>
			<trkpt lat="45.51672408265752" lon="15.163922141528001">
				<ele>158.9532124120742</ele>
				<time>2024-07-13T17:16:40Z</time>
			</trkpt>
			<trkpt lat="45.51674632218323" lon="15.163908463200695">
				<ele>159.68568869680166</ele>
				<time>2024-07-13T17:16:44Z</time>
			</trkpt>
			<trkpt lat="45.51676138126318" lon="15.16392572441654">
				<ele>161.73442478384823</ele>
				<time>2024-07-13T17:16:50Z</time>
			</trkpt>
			<trkpt lat="45.51674388707668" lon="15.163915673234671">
				<ele>161.69341931957752</ele>
				<time>2024-07-13T17:16:52Z</time>
			</trkpt>
			<trkpt lat="45.51676454813245" lon="15.163914989196167">
				<ele>161.816166264005</ele>
				<time>2024-07-13T17:16:55Z</time>
			</trkpt>
			<trkpt lat="45.51678413150884" lon="15.163913791242548">
				<ele>162.3626796156168</ele>
				<time>2024-07-13T17:17:06Z</time>
			</trkpt>
			<trkpt lat="45.51680539074701" lon="15.163902186803984">
				<ele>162.40169589594007</ele>
				<time>2024-07-13T17:17:09Z</time>
			</trkpt>
			<trkpt lat="45.51682704910056" lon="15.16390547223482">
				<ele>162.3977991398424</ele>
				<time>2024-07-13T17:17:11Z</time>
			</trkpt>
			<trkpt lat="45.516846768683095" lon="15.163899370587949">
				<ele>162.2931010844186</ele>
				<time>2024-07-13T17:17:13Z</time>
			</trkpt>
			<trkpt lat="45.51687313068646" lon="15.16390216013307">
				<ele>162.42714681010693</ele>
				<time>2024-07-13T17:17:15Z</time>
			</trkpt>
			<trkpt lat="45.516894684895256" lon="15.163892475024143">
				<ele>162.9779450306669</ele>
				<time>2024-07-13T17:17:20Z</time>
			</trkpt>
			<trkpt lat="45.51691401427336" lon="15.163885704140846">
				<ele>163.02714734431356</ele>
				<time>2024-07-13T17:17:23Z</time>
			</trkpt>
			<trkpt lat="45.51693381901929" lon="15.163890395410895">
				<ele>163.32097878400236</ele>
				<time>2024-07-13T17:17:25Z</time>
			</trkpt>
			<trkpt lat="45.516957015242625" lon="15.163880874417243">
				<ele>162.9804916176945</ele>
				<time>2024-07-13T17:17:28Z</time>
			</trkpt>
			<trkpt lat="45.51698126186715" lon="15.163874538943835">
				<ele>163.16968476306647</ele>
				<time>2024-07-13T17:17:32Z</time>
			</trkpt>
			<trkpt lat="45.51700747030639" lon="15.163869933474547">
				<ele>163.27436698786914</ele>
				<time>2024-07-13T17:17:35Z</time>
			</trkpt>
			<trkpt lat="45.51703148150663" lon="15.163858944450773">
				<ele>163.75202313624322</ele>
				<time>2024-07-13T17:17:37Z</time>
			</trkpt>
			<trkpt lat="45.51705269412801" lon="15.163850256755564">
				<ele>163.34169778972864</ele>
				<time>2024-07-13T17:17:39Z</time>
			</trkpt>
			<trkpt lat="45.51707078408282" lon="15.163836281238309">
				<ele>163.88194931205362</ele>
				<time>2024-07-13T17:17:43Z</time>
			</trkpt>
			<trkpt lat="45.517090110394776" lon="15.16382788378807">
				<ele>163.10759181529284</ele>
				<time>2024-07-13T17:17:45Z</time>
			</trkpt>
			<trkpt lat="45.517108412173485" lon="15.163802462058161">
				<ele>164.16595505550504</ele>
				<time>2024-07-13T17:17:48Z</time>
			</trkpt>
			<trkpt lat="45.51711331677809" lon="15.16377013393928">
				<ele>164.38043280970305</ele>
				<time>2024-07-13T17:17:51Z</time>
			</trkpt>
			<trkpt lat="45.51712305431089" lon="15.163736199758233">
				<ele>163.89537329692394</ele>
				<time>2024-07-13T17:17:55Z</time>
			</trkpt>
			<trkpt lat="45.51712501343521" lon="15.163706041503236">
				<ele>163.53084199503064</ele>
				<time>2024-07-13T17:17:59Z</time>
			</trkpt>
			<trkpt lat="45.51713831707463" lon="15.163687442699123">
				<ele>164.24034252669662</ele>
				<time>2024-07-13T17:18:02Z</time>
			</trkpt>
			<trkpt lat="45.517149092973696" lon="15.163651641964032">
				<ele>165.01519185304642</ele>
				<time>2024-07-13T17:18:05Z</time>
			</trkpt>
			<trkpt lat="45.51716635958763" lon="15.163633002210918">
				<ele>164.9280808204785</ele>
				<time>2024-07-13T17:18:07Z</time>
			</trkpt>
			<trkpt lat="45.51716795623381" lon="15.163601522940297">
				<ele>165.61008882336318</ele>
				<time>2024-07-13T17:18:11Z</time>
			</trkpt>
			<trkpt lat="45.51717842076527" lon="15.16357765234252">
				<ele>165.43390751536936</ele>
				<time>2024-07-13T17:18:13Z</time>
			</trkpt>
			<trkpt lat="45.517187255382176" lon="15.163553494948662">
				<ele>165.85608012787998</ele>
				<time>2024-07-13T17:18:18Z</time>
			</trkpt>
			<trkpt lat="45.51719963995495" lon="15.163534583876757">
				<ele>165.8973278896883</ele>
				<time>2024-07-13T17:18:21Z</time>
			</trkpt>
			<trkpt lat="45.51721928624829" lon="15.163526216709775">
				<ele>162.44000140950084</ele>
				<time>2024-07-13T17:18:38Z</time>
			</trkpt>
			<trkpt lat="45.517229046343544" lon="15.163504088642192">
				<ele>163.18563177250326</ele>
				<time>2024-07-13T17:18:42Z</time>
			</trkpt>
			<trkpt lat="45.51724739694081" lon="15.16348362785608">
				<ele>163.06733327079564</ele>
				<time>2024-07-13T17:18:45Z</time>
			</trkpt>
			<trkpt lat="45.517263831630835" lon="15.163462374483913">
				<ele>163.5178126990795</ele>
				<time>2024-07-13T17:18:48Z</time>
			</trkpt>
			<trkpt lat="45.51728255698107" lon="15.163443132498644">
				<ele>163.42110510822386</ele>
				<time>2024-07-13T17:18:51Z</time>
			</trkpt>
			<trkpt lat="45.517268301236385" lon="15.16342280613564">
				<ele>166.0767758898437</ele>
				<time>2024-07-13T17:19:11Z</time>
			</trkpt>
			<trkpt lat="45.51725837816048" lon="15.16345118233484">
				<ele>165.55265737045556</ele>
				<time>2024-07-13T17:19:18Z</time>
			</trkpt>
			<trkpt lat="45.51727989417911" lon="15.163418592188535">
				<ele>164.8762231664732</ele>
				<time>2024-07-13T17:19:23Z</time>
			</trkpt>
			<trkpt lat="45.517272858146704" lon="15.163387752053593">
				<ele>164.1120848003775</ele>
				<time>2024-07-13T17:19:25Z</time>
			</trkpt>
			<trkpt lat="45.51729100573518" lon="15.163350631613651">
				<ele>163.88497173134238</ele>
				<time>2024-07-13T17:19:28Z</time>
			</trkpt>
			<trkpt lat="45.51730703886488" lon="15.163322344702488">
				<ele>163.25089006312191</ele>
				<time>2024-07-13T17:19:33Z</time>
			</trkpt>
			<trkpt lat="45.51731653759357" lon="15.163298947372613">
				<ele>162.97698701079935</ele>
				<time>2024-07-13T17:19:36Z</time>
			</trkpt>
			<trkpt lat="45.517327859874264" lon="15.163277636005002">
				<ele>163.31644719839096</ele>
				<time>2024-07-13T17:19:38Z</time>
			</trkpt>
			<trkpt lat="45.517321480528224" lon="15.163243117523992">
				<ele>162.57849751506</ele>
				<time>2024-07-13T17:19:48Z</time>
			</trkpt>
			<trkpt lat="45.51731806475216" lon="15.163216784213883">
				<ele>162.65683577302843</ele>
				<time>2024-07-13T17:19:52Z</time>
			</trkpt>
			<trkpt lat="45.5173292046584" lon="15.163189009089958">
				<ele>163.3986654598266</ele>
				<time>2024-07-13T17:19:55Z</time>
			</trkpt>
			<trkpt lat="45.51734295737078" lon="15.163163094002915">
				<ele>164.277315704152</ele>
				<time>2024-07-13T17:19:59Z</time>
			</trkpt>
			<trkpt lat="45.51736650519295" lon="15.163166443112923">
				<ele>165.00309186056256</ele>
				<time>2024-07-13T17:20:09Z</time>
			</trkpt>
			<trkpt lat="45.51735447422945" lon="15.163134939457207">
				<ele>166.2093917587772</ele>
				<time>2024-07-13T17:20:52Z</time>
			</trkpt>
			<trkpt lat="45.51735802227195" lon="15.163105299891406">
				<ele>167.016511564143</ele>
				<time>2024-07-13T17:20:56Z</time>
			</trkpt>
			<trkpt lat="45.51737381694103" lon="15.16309113560717">
				<ele>166.6395557085052</ele>
				<time>2024-07-13T17:20:58Z</time>
			</trkpt>
			<trkpt lat="45.517381097970684" lon="15.163065613875558">
				<ele>166.58367420732975</ele>
				<time>2024-07-13T17:21:16Z</time>
			</trkpt>
			<trkpt lat="45.51738651602031" lon="15.16303574176713">
				<ele>166.97762885130942</ele>
				<time>2024-07-13T17:21:18Z</time>
			</trkpt>
			<trkpt lat="45.5173806424677" lon="15.163008834816134">
				<ele>167.35872533358634</ele>
				<time>2024-07-13T17:21:22Z</time>
			</trkpt>
			<trkpt lat="45.517396729922496" lon="15.162993966134081">
				<ele>166.23060225974768</ele>
				<time>2024-07-13T17:21:29Z</time>
			</trkpt>
			<trkpt lat="45.51740921765671" lon="15.162967913038747">
				<ele>165.1935235960409</ele>
				<time>2024-07-13T17:21:32Z</time>
			</trkpt>
			<trkpt lat="45.5174215704656" lon="15.162936479121406">
				<ele>164.8708717226982</ele>
				<time>2024-07-13T17:21:36Z</time>
			</trkpt>
			<trkpt lat="45.51741871268653" lon="15.162903911216723">
				<ele>165.65406695567071</ele>
				<time>2024-07-13T17:21:39Z</time>
			</trkpt>
			<trkpt lat="45.51742444985065" lon="15.162877785424376">
				<ele>165.56029040087014</ele>
				<time>2024-07-13T17:21:41Z</time>
			</trkpt>
			<trkpt lat="45.51743322750582" lon="15.162853347412959">
				<ele>166.0770771028474</ele>
				<time>2024-07-13T17:21:43Z</time>
			</trkpt>
			<trkpt lat="45.51744809123413" lon="15.162837147910425">
				<ele>167.9474743856117</ele>
				<time>2024-07-13T17:21:53Z</time>
			</trkpt>
			<trkpt lat="45.517449391645584" lon="15.162811475910221">
				<ele>168.34274094831198</ele>
				<time>2024-07-13T17:21:59Z</time>
			</trkpt>
			<trkpt lat="45.51745409029135" lon="15.162783014101928">
				<ele>168.15947708301246</ele>
				<time>2024-07-13T17:22:02Z</time>
			</trkpt>
			<trkpt lat="45.51745138082108" lon="15.162755598331744">
				<ele>169.22997108940035</ele>
				<time>2024-07-13T17:22:09Z</time>
			</trkpt>
			<trkpt lat="45.517463366931935" lon="15.162725329243337">
				<ele>170.39979166071862</ele>
				<time>2024-07-13T17:22:16Z</time>
			</trkpt>
			<trkpt lat="45.51746932485517" lon="15.162690894196441">
				<ele>170.0120604382828</ele>
				<time>2024-07-13T17:22:19Z</time>
			</trkpt>
			<trkpt lat="45.51746915551981" lon="15.16266234613515">
				<ele>168.98374571558088</ele>
				<time>2024-07-13T17:22:22Z</time>
			</trkpt>
			<trkpt lat="45.51747315680616" lon="15.162633930913849">
				<ele>168.87878286093473</ele>
				<time>2024-07-13T17:22:24Z</time>
			</trkpt>
			<trkpt lat="45.51748137809529" lon="15.16260073548657">
				<ele>168.83793730195612</ele>
				<time>2024-07-13T17:22:27Z</time>
			</trkpt>
			<trkpt lat="45.51749325182854" lon="15.162559993228157">
				<ele>168.07849901542068</ele>
				<time>2024-07-13T17:22:30Z</time>
			</trkpt>
			<trkpt lat="45.517504304083275" lon="15.162523180654425">
				<ele>168.1901323311031</ele>
				<time>2024-07-13T17:22:32Z</time>
			</trkpt>
			<trkpt lat="45.51750402937358" lon="15.162494408558164">
				<ele>167.58976753707975</ele>
				<time>2024-07-13T17:22:35Z</time>
			</trkpt>
			<trkpt lat="45.51750519780605" lon="15.162449798373677">
				<ele>166.82682027295232</ele>
				<time>2024-07-13T17:22:38Z</time>
			</trkpt>
			<trkpt lat="45.517513178424075" lon="15.162420662140939">
				<ele>166.11589430831373</ele>
				<time>2024-07-13T17:22:41Z</time>
			</trkpt>
			<trkpt lat="45.51752580162742" lon="15.162393232592713">
				<ele>164.80535471998155</ele>
				<time>2024-07-13T17:22:43Z</time>
			</trkpt>
			<trkpt lat="45.51754025506178" lon="15.16235350207808">
				<ele>164.77819326426834</ele>
				<time>2024-07-13T17:22:46Z</time>
			</trkpt>
			<trkpt lat="45.51756102877296" lon="15.162332937972263">
				<ele>163.77972378674895</ele>
				<time>2024-07-13T17:22:48Z</time>
			</trkpt>
			<trkpt lat="45.51758339009325" lon="15.162309677421481">
				<ele>163.8936588121578</ele>
				<time>2024-07-13T17:22:52Z</time>
			</trkpt>
			<trkpt lat="45.51759857910964" lon="15.162290208939423">
				<ele>163.77444991003722</ele>
				<time>2024-07-13T17:22:54Z</time>
			</trkpt>
			<trkpt lat="45.51761166585543" lon="15.162262160206883">
				<ele>163.72058427426964</ele>
				<time>2024-07-13T17:22:56Z</time>
			</trkpt>
			<trkpt lat="45.51763305685674" lon="15.16223775968725">
				<ele>163.37168503459543</ele>
				<time>2024-07-13T17:23:00Z</time>
			</trkpt>
			<trkpt lat="45.51764945050016" lon="15.162211002032645">
				<ele>162.76101831812412</ele>
				<time>2024-07-13T17:23:03Z</time>
			</trkpt>
			<trkpt lat="45.51766175389014" lon="15.162181878681537">
				<ele>162.69391419366002</ele>
				<time>2024-07-13T17:23:05Z</time>
			</trkpt>
			<trkpt lat="45.51766116547569" lon="15.162151452726075">
				<ele>162.67801732756197</ele>
				<time>2024-07-13T17:23:11Z</time>
			</trkpt>
			<trkpt lat="45.517668599884395" lon="15.16212537229767">
				<ele>162.53151494823396</ele>
				<time>2024-07-13T17:23:12Z</time>
			</trkpt>
			<trkpt lat="45.51767389378319" lon="15.16209740768649">
				<ele>162.80609656125307</ele>
				<time>2024-07-13T17:23:15Z</time>
			</trkpt>
			<trkpt lat="45.51767439268426" lon="15.16206831043316">
				<ele>164.27578475512564</ele>
				<time>2024-07-13T17:23:18Z</time>
			</trkpt>
			<trkpt lat="45.51767104959642" lon="15.16203997213064">
				<ele>164.52835312206298</ele>
				<time>2024-07-13T17:23:20Z</time>
			</trkpt>
			<trkpt lat="45.517669440630314" lon="15.16201253033191">
				<ele>164.83098490256816</ele>
				<time>2024-07-13T17:23:22Z</time>
			</trkpt>
			<trkpt lat="45.517673529150635" lon="15.161983015091824">
				<ele>165.14331535063684</ele>
				<time>2024-07-13T17:23:25Z</time>
			</trkpt>
			<trkpt lat="45.517674526021466" lon="15.16195522630178">
				<ele>165.7682442497462</ele>
				<time>2024-07-13T17:23:28Z</time>
			</trkpt>
			<trkpt lat="45.51766777022484" lon="15.16191665698003">
				<ele>165.87272411584854</ele>
				<time>2024-07-13T17:23:31Z</time>
			</trkpt>
			<trkpt lat="45.51766481032851" lon="15.161875249023435">
				<ele>164.65142335556448</ele>
				<time>2024-07-13T17:23:33Z</time>
			</trkpt>
			<trkpt lat="45.51765828594305" lon="15.161841739859295">
				<ele>164.81435091700405</ele>
				<time>2024-07-13T17:23:37Z</time>
			</trkpt>
			<trkpt lat="45.51767207303249" lon="15.16182110344612">
				<ele>165.59499116335064</ele>
				<time>2024-07-13T17:23:39Z</time>
			</trkpt>
			<trkpt lat="45.51768326204962" lon="15.161801036728102">
				<ele>167.35776830464602</ele>
				<time>2024-07-13T17:23:51Z</time>
			</trkpt>
			<trkpt lat="45.51767227404378" lon="15.161768681046864">
				<ele>166.98046029359102</ele>
				<time>2024-07-13T17:23:56Z</time>
			</trkpt>
			<trkpt lat="45.517684192981406" lon="15.161741519630834">
				<ele>167.2038635769859</ele>
				<time>2024-07-13T17:23:58Z</time>
			</trkpt>
			<trkpt lat="45.51768067482626" lon="15.161706416966112">
				<ele>168.02889296412468</ele>
				<time>2024-07-13T17:24:01Z</time>
			</trkpt>
			<trkpt lat="45.51768029160402" lon="15.161661722851429">
				<ele>169.02676624804735</ele>
				<time>2024-07-13T17:24:07Z</time>
			</trkpt>
			<trkpt lat="45.51769899475834" lon="15.161633449806885">
				<ele>168.80198654532433</ele>
				<time>2024-07-13T17:24:09Z</time>
			</trkpt>
			<trkpt lat="45.51772113737388" lon="15.161614774784562">
				<ele>167.7872695242986</ele>
				<time>2024-07-13T17:24:12Z</time>
			</trkpt>
			<trkpt lat="45.517730591368384" lon="15.161588135605053">
				<ele>167.57094531785697</ele>
				<time>2024-07-13T17:24:14Z</time>
			</trkpt>
			<trkpt lat="45.517740062143005" lon="15.161551892428125">
				<ele>167.76042888779193</ele>
				<time>2024-07-13T17:24:17Z</time>
			</trkpt>
			<trkpt lat="45.517753588223364" lon="15.161527241774813">
				<ele>169.1819157972932</ele>
				<time>2024-07-13T17:24:20Z</time>
			</trkpt>
			<trkpt lat="45.51776083723556" lon="15.16150002018674">
				<ele>169.24072730727494</ele>
				<time>2024-07-13T17:24:22Z</time>
			</trkpt>
			<trkpt lat="45.51777612555523" lon="15.161478839027115">
				<ele>169.81341321580112</ele>
				<time>2024-07-13T17:24:25Z</time>
			</trkpt>
			<trkpt lat="45.517798076094394" lon="15.16143272177816">
				<ele>170.56109205726534</ele>
				<time>2024-07-13T17:24:29Z</time>
			</trkpt>
			<trkpt lat="45.51781404017004" lon="15.161413917519628">
				<ele>171.37863396201283</ele>
				<time>2024-07-13T17:24:31Z</time>
			</trkpt>
			<trkpt lat="45.51782149606279" lon="15.161362259356315">
				<ele>172.8928432073444</ele>
				<time>2024-07-13T17:24:38Z</time>
			</trkpt>
			<trkpt lat="45.51782907543507" lon="15.161328117505855">
				<ele>174.00215376820415</ele>
				<time>2024-07-13T17:24:42Z</time>
			</trkpt>
			<trkpt lat="45.517828550401006" lon="15.161300110531853">
				<ele>173.6360751669854</ele>
				<time>2024-07-13T17:24:44Z</time>
			</trkpt>
			<trkpt lat="45.51783688962474" lon="15.16127503266723">
				<ele>174.10497386474162</ele>
				<time>2024-07-13T17:24:47Z</time>
			</trkpt>
			<trkpt lat="45.51784751852533" lon="15.161244780729005">
				<ele>174.18528506811708</ele>
				<time>2024-07-13T17:24:49Z</time>
			</trkpt>
			<trkpt lat="45.517850873608076" lon="15.161217483363664">
				<ele>174.56096139922738</ele>
				<time>2024-07-13T17:24:53Z</time>
			</trkpt>
			<trkpt lat="45.517863369658166" lon="15.161193059418654">
				<ele>174.20351335871965</ele>
				<time>2024-07-13T17:24:56Z</time>
			</trkpt>
			<trkpt lat="45.51786403004342" lon="15.161161997499292">
				<ele>175.29857450537384</ele>
				<time>2024-07-13T17:24:58Z</time>
			</trkpt>
			<trkpt lat="45.51786610851956" lon="15.16113521918872">
				<ele>176.42656165733933</ele>
				<time>2024-07-13T17:25:00Z</time>
			</trkpt>
			<trkpt lat="45.517875007471346" lon="15.161109371006104">
				<ele>177.03691241703928</ele>
				<time>2024-07-13T17:25:03Z</time>
			</trkpt>
			<trkpt lat="45.517885137845234" lon="15.161071226820907">
				<ele>176.93053366616368</ele>
				<time>2024-07-13T17:25:06Z</time>
			</trkpt>
			<trkpt lat="45.51789857164791" lon="15.1610518245739">
				<ele>177.31970954779536</ele>
				<time>2024-07-13T17:25:07Z</time>
			</trkpt>
			<trkpt lat="45.51788518314883" lon="15.161030400391288">
				<ele>177.14145711809397</ele>
				<time>2024-07-13T17:25:09Z</time>
			</trkpt>
			<trkpt lat="45.517910421696484" lon="15.161014457029761">
				<ele>176.8331610681489</ele>
				<time>2024-07-13T17:25:11Z</time>
			</trkpt>
			<trkpt lat="45.51793298588315" lon="15.16100552689233">
				<ele>177.0766933048144</ele>
				<time>2024-07-13T17:25:13Z</time>
			</trkpt>
			<trkpt lat="45.5179481138042" lon="15.160974429231691">
				<ele>176.23643584735692</ele>
				<time>2024-07-13T17:25:16Z</time>
			</trkpt>
			<trkpt lat="45.51796802769615" lon="15.16094824997451">
				<ele>176.33369235973805</ele>
				<time>2024-07-13T17:25:19Z</time>
			</trkpt>
			<trkpt lat="45.517978344393015" lon="15.160923571127347">
				<ele>176.48996403627098</ele>
				<time>2024-07-13T17:25:22Z</time>
			</trkpt>
			<trkpt lat="45.517984015190684" lon="15.160895796667903">
				<ele>177.07578603643924</ele>
				<time>2024-07-13T17:25:25Z</time>
			</trkpt>
			<trkpt lat="45.51800314196413" lon="15.160871500799228">
				<ele>176.57331520691514</ele>
				<time>2024-07-13T17:25:27Z</time>
			</trkpt>
			<trkpt lat="45.51801655166949" lon="15.160852807369578">
				<ele>177.02230756916106</ele>
				<time>2024-07-13T17:25:29Z</time>
			</trkpt>
			<trkpt lat="45.51803455345703" lon="15.16083941276535">
				<ele>176.5214321417734</ele>
				<time>2024-07-13T17:25:31Z</time>
			</trkpt>
			<trkpt lat="45.51805425016055" lon="15.160811890882165">
				<ele>176.4425003202632</ele>
				<time>2024-07-13T17:25:34Z</time>
			</trkpt>
			<trkpt lat="45.518070125235894" lon="15.160793901376113">
				<ele>177.00948992930353</ele>
				<time>2024-07-13T17:25:37Z</time>
			</trkpt>
			<trkpt lat="45.51808313972102" lon="15.160769360856317">
				<ele>178.0779231460765</ele>
				<time>2024-07-13T17:25:39Z</time>
			</trkpt>
			<trkpt lat="45.518104184503414" lon="15.160768237150625">
				<ele>177.26718287542462</ele>
				<time>2024-07-13T17:25:45Z</time>
			</trkpt>
			<trkpt lat="45.51811669084169" lon="15.160747124060615">
				<ele>177.07450362946838</ele>
				<time>2024-07-13T17:25:48Z</time>
			</trkpt>
			<trkpt lat="45.5181316418328" lon="15.160717231890626">
				<ele>176.8718668334186</ele>
				<time>2024-07-13T17:25:51Z</time>
			</trkpt>
			<trkpt lat="45.51814755171847" lon="15.160697080142608">
				<ele>177.85849851649255</ele>
				<time>2024-07-13T17:25:53Z</time>
			</trkpt>
			<trkpt lat="45.518154320717656" lon="15.160668079740628">
				<ele>177.0152763305232</ele>
				<time>2024-07-13T17:25:56Z</time>
			</trkpt>
			<trkpt lat="45.51817070502895" lon="15.160644165313249">
				<ele>178.0929695442319</ele>
				<time>2024-07-13T17:25:59Z</time>
			</trkpt>
			<trkpt lat="45.518187344623875" lon="15.160616099695527">
				<ele>178.16750694811344</ele>
				<time>2024-07-13T17:26:02Z</time>
			</trkpt>
			<trkpt lat="45.518198284926946" lon="15.160578032064047">
				<ele>178.2669192617759</ele>
				<time>2024-07-13T17:26:05Z</time>
			</trkpt>
			<trkpt lat="45.51820652509947" lon="15.160541707435094">
				<ele>177.11195402219892</ele>
				<time>2024-07-13T17:26:07Z</time>
			</trkpt>
			<trkpt lat="45.51821013089993" lon="15.16051580922125">
				<ele>177.97085632476956</ele>
				<time>2024-07-13T17:26:10Z</time>
			</trkpt>
			<trkpt lat="45.51821389451035" lon="15.16048538956153">
				<ele>177.40255740191787</ele>
				<time>2024-07-13T17:26:12Z</time>
			</trkpt>
			<trkpt lat="45.51823101057001" lon="15.160454106958358">
				<ele>177.7815720057115</ele>
				<time>2024-07-13T17:26:15Z</time>
			</trkpt>
			<trkpt lat="45.518252868006584" lon="15.160425845961214">
				<ele>178.48518674541265</ele>
				<time>2024-07-13T17:26:18Z</time>
			</trkpt>
			<trkpt lat="45.51826817300786" lon="15.16039682128739">
				<ele>178.04806551802903</ele>
				<time>2024-07-13T17:26:20Z</time>
			</trkpt>
			<trkpt lat="45.51828611513584" lon="15.160356948132753">
				<ele>179.21422252897173</ele>
				<time>2024-07-13T17:26:24Z</time>
			</trkpt>
			<trkpt lat="45.51828445970523" lon="15.160321183919141">
				<ele>178.79699995275587</ele>
				<time>2024-07-13T17:26:27Z</time>
			</trkpt>
			<trkpt lat="45.518287710756965" lon="15.160295629072595">
				<ele>179.64504125341773</ele>
				<time>2024-07-13T17:26:31Z</time>
			</trkpt>
			<trkpt lat="45.51828921842939" lon="15.160267437608601">
				<ele>179.4049223707989</ele>
				<time>2024-07-13T17:26:35Z</time>
			</trkpt>
			<trkpt lat="45.51830520694525" lon="15.160251473726571">
				<ele>179.91380424704403</ele>
				<time>2024-07-13T17:26:39Z</time>
			</trkpt>
			<trkpt lat="45.51831148804586" lon="15.160227460935138">
				<ele>179.9167595449835</ele>
				<time>2024-07-13T17:26:41Z</time>
			</trkpt>
			<trkpt lat="45.518318540669185" lon="15.160196891353872">
				<ele>179.1996355485171</ele>
				<time>2024-07-13T17:26:43Z</time>
			</trkpt>
			<trkpt lat="45.51832255356904" lon="15.160164310680399">
				<ele>178.76552729308605</ele>
				<time>2024-07-13T17:26:45Z</time>
			</trkpt>
			<trkpt lat="45.51833317228892" lon="15.16014044276782">
				<ele>178.52881004661322</ele>
				<time>2024-07-13T17:26:48Z</time>
			</trkpt>
			<trkpt lat="45.51834990084149" lon="15.160124879099582">
				<ele>178.0774226859212</ele>
				<time>2024-07-13T17:26:51Z</time>
			</trkpt>
			<trkpt lat="45.518356129955535" lon="15.160094323800136">
				<ele>177.2896271813661</ele>
				<time>2024-07-13T17:26:54Z</time>
			</trkpt>
			<trkpt lat="45.51836386329987" lon="15.160070684372274">
				<ele>176.8134676879272</ele>
				<time>2024-07-13T17:26:55Z</time>
			</trkpt>
			<trkpt lat="45.518378046845" lon="15.160045769673525">
				<ele>176.72147248405963</ele>
				<time>2024-07-13T17:26:59Z</time>
			</trkpt>
			<trkpt lat="45.51838821355812" lon="15.160023895607527">
				<ele>177.40140560269356</ele>
				<time>2024-07-13T17:27:01Z</time>
			</trkpt>
			<trkpt lat="45.51841373350479" lon="15.160002044059613">
				<ele>178.7297741761431</ele>
				<time>2024-07-13T17:27:04Z</time>
			</trkpt>
			<trkpt lat="45.51843189968921" lon="15.159984803292375">
				<ele>180.0211459621787</ele>
				<time>2024-07-13T17:27:11Z</time>
			</trkpt>
			<trkpt lat="45.5184441026481" lon="15.159961510980972">
				<ele>179.85940247029066</ele>
				<time>2024-07-13T17:27:13Z</time>
			</trkpt>
			<trkpt lat="45.51846167073347" lon="15.159947988202063">
				<ele>180.32365763746202</ele>
				<time>2024-07-13T17:27:17Z</time>
			</trkpt>
			<trkpt lat="45.518452115473025" lon="15.159924288800742">
				<ele>180.36186835635453</ele>
				<time>2024-07-13T17:27:21Z</time>
			</trkpt>
			<trkpt lat="45.51846137090571" lon="15.159897505016456">
				<ele>180.24052704684436</ele>
				<time>2024-07-13T17:27:24Z</time>
			</trkpt>
			<trkpt lat="45.51847673366461" lon="15.159872051041537">
				<ele>181.5722518702969</ele>
				<time>2024-07-13T17:27:27Z</time>
			</trkpt>
			<trkpt lat="45.51848921977478" lon="15.159847167070197">
				<ele>181.73158843722194</ele>
				<time>2024-07-13T17:27:30Z</time>
			</trkpt>
			<trkpt lat="45.51850425344532" lon="15.159825905276">
				<ele>181.7265959950164</ele>
				<time>2024-07-13T17:27:32Z</time>
			</trkpt>
			<trkpt lat="45.51851791636337" lon="15.159807250178451">
				<ele>181.84662084002048</ele>
				<time>2024-07-13T17:27:35Z</time>
			</trkpt>
			<trkpt lat="45.5185350660336" lon="15.159780797836328">
				<ele>182.8903763918206</ele>
				<time>2024-07-13T17:27:39Z</time>
			</trkpt>
			<trkpt lat="45.518548507146036" lon="15.159761316918958">
				<ele>182.90900590550154</ele>
				<time>2024-07-13T17:27:42Z</time>
			</trkpt>
			<trkpt lat="45.518570440032846" lon="15.159721166137608">
				<ele>182.86389674525708</ele>
				<time>2024-07-13T17:27:45Z</time>
			</trkpt>
			<trkpt lat="45.51857573420132" lon="15.159693019655265">
				<ele>183.60410871449858</ele>
				<time>2024-07-13T17:27:48Z</time>
			</trkpt>
			<trkpt lat="45.518584096142476" lon="15.159657134299557">
				<ele>184.23971608560532</ele>
				<time>2024-07-13T17:27:51Z</time>
			</trkpt>
			<trkpt lat="45.518600280468334" lon="15.159637233248748">
				<ele>184.85748374462128</ele>
				<time>2024-07-13T17:27:54Z</time>
			</trkpt>
			<trkpt lat="45.518624702612136" lon="15.159610805603782">
				<ele>184.96520855929703</ele>
				<time>2024-07-13T17:27:57Z</time>
			</trkpt>
			<trkpt lat="45.51863177860767" lon="15.159582145429974">
				<ele>184.30790615826845</ele>
				<time>2024-07-13T17:27:59Z</time>
			</trkpt>
			<trkpt lat="45.51864072621543" lon="15.159547799159274">
				<ele>184.1628699079156</ele>
				<time>2024-07-13T17:28:02Z</time>
			</trkpt>
			<trkpt lat="45.518646962605736" lon="15.159519757397254">
				<ele>184.17318271379918</ele>
				<time>2024-07-13T17:28:04Z</time>
			</trkpt>
			<trkpt lat="45.518650994911916" lon="15.159483301609452">
				<ele>183.84008360560983</ele>
				<time>2024-07-13T17:28:07Z</time>
			</trkpt>
			<trkpt lat="45.518660310417765" lon="15.159459823254728">
				<ele>183.54684357903898</ele>
				<time>2024-07-13T17:28:11Z</time>
			</trkpt>
			<trkpt lat="45.51867282073141" lon="15.159436993368272">
				<ele>183.90926001779735</ele>
				<time>2024-07-13T17:28:13Z</time>
			</trkpt>
			<trkpt lat="45.518684198263585" lon="15.159402757543742">
				<ele>185.6722718179226</ele>
				<time>2024-07-13T17:28:16Z</time>
			</trkpt>
			<trkpt lat="45.51869667129403" lon="15.159383495412623">
				<ele>187.66020761430264</ele>
				<time>2024-07-13T17:28:19Z</time>
			</trkpt>
			<trkpt lat="45.518706962302566" lon="15.159344773919692">
				<ele>188.34743548650295</ele>
				<time>2024-07-13T17:28:21Z</time>
			</trkpt>
			<trkpt lat="45.51871826112096" lon="15.159309911438239">
				<ele>188.84502424206585</ele>
				<time>2024-07-13T17:28:23Z</time>
			</trkpt>
			<trkpt lat="45.51872215384215" lon="15.159281690659993">
				<ele>189.29371608421206</ele>
				<time>2024-07-13T17:28:25Z</time>
			</trkpt>
			<trkpt lat="45.5187287794453" lon="15.159241858890068">
				<ele>190.4873705850914</ele>
				<time>2024-07-13T17:28:27Z</time>
			</trkpt>
			<trkpt lat="45.51874725531927" lon="15.159220528161176">
				<ele>191.41600014083087</ele>
				<time>2024-07-13T17:28:30Z</time>
			</trkpt>
			<trkpt lat="45.51875638767006" lon="15.159195328884646">
				<ele>191.82949823420495</ele>
				<time>2024-07-13T17:28:32Z</time>
			</trkpt>
			<trkpt lat="45.51877468265552" lon="15.159174595803593">
				<ele>192.18656362220645</ele>
				<time>2024-07-13T17:28:35Z</time>
			</trkpt>
			<trkpt lat="45.51879463538374" lon="15.1591647717875">
				<ele>192.48651369288564</ele>
				<time>2024-07-13T17:28:39Z</time>
			</trkpt>
			<trkpt lat="45.51881988155042" lon="15.159158841429655">
				<ele>191.5023191627115</ele>
				<time>2024-07-13T17:28:40Z</time>
			</trkpt>
			<trkpt lat="45.5188392587433" lon="15.159174374048451">
				<ele>191.5080317268148</ele>
				<time>2024-07-13T17:28:41Z</time>
			</trkpt>
			<trkpt lat="45.51885802589851" lon="15.159183982805208">
				<ele>191.002405077219</ele>
				<time>2024-07-13T17:28:42Z</time>
			</trkpt>
			<trkpt lat="45.51889968791915" lon="15.159179035726233">
				<ele>190.31678719446063</ele>
				<time>2024-07-13T17:28:43Z</time>
			</trkpt>
			<trkpt lat="45.51891420523506" lon="15.15915931446519">
				<ele>191.8447525780648</ele>
				<time>2024-07-13T17:28:45Z</time>
			</trkpt>
			<trkpt lat="45.518938686143954" lon="15.15914471513025">
				<ele>191.96637262497097</ele>
				<time>2024-07-13T17:28:50Z</time>
			</trkpt>
			<trkpt lat="45.51895536491616" lon="15.1591331924783">
				<ele>192.35855886153877</ele>
				<time>2024-07-13T17:28:56Z</time>
			</trkpt>
			<trkpt lat="45.51897573527437" lon="15.159144034804289">
				<ele>191.25949529279023</ele>
				<time>2024-07-13T17:29:02Z</time>
			</trkpt>
			<trkpt lat="45.518995192149134" lon="15.15913527226601">
				<ele>189.01061611250043</ele>
				<time>2024-07-13T17:29:05Z</time>
			</trkpt>
			<trkpt lat="45.51901496004121" lon="15.159144265114143">
				<ele>184.9624025048688</ele>
				<time>2024-07-13T17:29:17Z</time>
			</trkpt>
			<trkpt lat="45.5190379716823" lon="15.15914025305095">
				<ele>182.6878548404202</ele>
				<time>2024-07-13T17:29:22Z</time>
			</trkpt>
			<trkpt lat="45.51905769723976" lon="15.159143704707782">
				<ele>182.07918477710336</ele>
				<time>2024-07-13T17:29:27Z</time>
			</trkpt>
			<trkpt lat="45.51908104613946" lon="15.159126044352202">
				<ele>181.66702937614173</ele>
				<time>2024-07-13T17:29:42Z</time>
			</trkpt>
			<trkpt lat="45.519102231237206" lon="15.15912107790269">
				<ele>181.45153140835464</ele>
				<time>2024-07-13T17:29:46Z</time>
			</trkpt>
			<trkpt lat="45.51912411000738" lon="15.159106029157558">
				<ele>181.3203374510631</ele>
				<time>2024-07-13T17:29:50Z</time>
			</trkpt>
			<trkpt lat="45.519144952956694" lon="15.159094303520373">
				<ele>181.9253991311416</ele>
				<time>2024-07-13T17:29:54Z</time>
			</trkpt>
			<trkpt lat="45.51916640598007" lon="15.15908661841276">
				<ele>181.7328841201961</ele>
				<time>2024-07-13T17:29:57Z</time>
			</trkpt>
			<trkpt lat="45.51918643715236" lon="15.159082289080482">
				<ele>181.2059559803456</ele>
				<time>2024-07-13T17:30:00Z</time>
			</trkpt>
			<trkpt lat="45.5192047182505" lon="15.159075414294099">
				<ele>180.74877793435007</ele>
				<time>2024-07-13T17:30:02Z</time>
			</trkpt>
			<trkpt lat="45.51922784019012" lon="15.159063594232235">
				<ele>180.7392287403345</ele>
				<time>2024-07-13T17:30:05Z</time>
			</trkpt>
			<trkpt lat="45.51925244130953" lon="15.159057054994467">
				<ele>181.63043790869415</ele>
				<time>2024-07-13T17:30:08Z</time>
			</trkpt>
			<trkpt lat="45.5192720153095" lon="15.159051498184763">
				<ele>181.41785045247525</ele>
				<time>2024-07-13T17:30:10Z</time>
			</trkpt>
			<trkpt lat="45.5192946800519" lon="15.159046643007205">
				<ele>182.02084290143102</ele>
				<time>2024-07-13T17:30:14Z</time>
			</trkpt>
			<trkpt lat="45.51931571664654" lon="15.15903624167714">
				<ele>181.97808734048158</ele>
				<time>2024-07-13T17:30:18Z</time>
			</trkpt>
			<trkpt lat="45.51933653345795" lon="15.159024137841566">
				<ele>181.63981213327497</ele>
				<time>2024-07-13T17:30:20Z</time>
			</trkpt>
			<trkpt lat="45.51935585323643" lon="15.159020169267912">
				<ele>182.48820840660483</ele>
				<time>2024-07-13T17:30:26Z</time>
			</trkpt>
			<trkpt lat="45.51935022839176" lon="15.15899325436338">
				<ele>182.60577039327472</ele>
				<time>2024-07-13T17:30:32Z</time>
			</trkpt>
			<trkpt lat="45.519372237864175" lon="15.158973227731172">
				<ele>181.83009445481002</ele>
				<time>2024-07-13T17:30:37Z</time>
			</trkpt>
			<trkpt lat="45.5193699007848" lon="15.158943684873993">
				<ele>181.5956153292209</ele>
				<time>2024-07-13T17:30:46Z</time>
			</trkpt>
			<trkpt lat="45.51937442725347" lon="15.158906895283286">
				<ele>180.8706461377442</ele>
				<time>2024-07-13T17:30:49Z</time>
			</trkpt>
			<trkpt lat="45.519378238972386" lon="15.158868538985518">
				<ele>181.39753342233598</ele>
				<time>2024-07-13T17:30:54Z</time>
			</trkpt>
			<trkpt lat="45.519380693764816" lon="15.158842723035646">
				<ele>181.6407655738294</ele>
				<time>2024-07-13T17:30:56Z</time>
			</trkpt>
			<trkpt lat="45.51938388711836" lon="15.158817149049408">
				<ele>182.01373337768018</ele>
				<time>2024-07-13T17:30:59Z</time>
			</trkpt>
			<trkpt lat="45.51939552554114" lon="15.158791555970797">
				<ele>183.25266428105533</ele>
				<time>2024-07-13T17:31:02Z</time>
			</trkpt>
			<trkpt lat="45.519403017211104" lon="15.158767476773164">
				<ele>184.31382139306515</ele>
				<time>2024-07-13T17:31:07Z</time>
			</trkpt>
			<trkpt lat="45.519399524646744" lon="15.158736569548765">
				<ele>183.9997655209154</ele>
				<time>2024-07-13T17:31:10Z</time>
			</trkpt>
			<trkpt lat="45.51941972507237" lon="15.158701829554477">
				<ele>185.14204207342118</ele>
				<time>2024-07-13T17:31:13Z</time>
			</trkpt>
			<trkpt lat="45.51942528645713" lon="15.158663253544631">
				<ele>184.71117872931063</ele>
				<time>2024-07-13T17:31:19Z</time>
			</trkpt>
			<trkpt lat="45.5194133609248" lon="15.15864048843338">
				<ele>184.732847369276</ele>
				<time>2024-07-13T17:31:21Z</time>
			</trkpt>
			<trkpt lat="45.519415207329466" lon="15.15861015702453">
				<ele>184.60975694470108</ele>
				<time>2024-07-13T17:31:24Z</time>
			</trkpt>
			<trkpt lat="45.519417286572164" lon="15.158579944708627">
				<ele>184.7254116795957</ele>
				<time>2024-07-13T17:31:27Z</time>
			</trkpt>
			<trkpt lat="45.51943453317512" lon="15.158545460793164">
				<ele>183.64011233113706</ele>
				<time>2024-07-13T17:31:29Z</time>
			</trkpt>
			<trkpt lat="45.51943547817265" lon="15.158518365704126">
				<ele>184.41597153805196</ele>
				<time>2024-07-13T17:31:32Z</time>
			</trkpt>
			<trkpt lat="45.51945005956284" lon="15.158490885046788">
				<ele>186.033544909209</ele>
				<time>2024-07-13T17:31:34Z</time>
			</trkpt>
			<trkpt lat="45.519453693390844" lon="15.15846364807331">
				<ele>186.67543930653483</ele>
				<time>2024-07-13T17:31:40Z</time>
			</trkpt>
			<trkpt lat="45.51945682752634" lon="15.158438391939974">
				<ele>188.00415791012347</ele>
				<time>2024-07-13T17:31:45Z</time>
			</trkpt>
			<trkpt lat="45.51945023536349" lon="15.158412640509619">
				<ele>188.04895270708948</ele>
				<time>2024-07-13T17:31:47Z</time>
			</trkpt>
			<trkpt lat="45.51945942697" lon="15.158385949386023">
				<ele>190.235222004354</ele>
				<time>2024-07-13T17:31:54Z</time>
			</trkpt>
			<trkpt lat="45.51946220257141" lon="15.15835970413487">
				<ele>189.26163438614458</ele>
				<time>2024-07-13T17:31:57Z</time>
			</trkpt>
			<trkpt lat="45.51947062072459" lon="15.158331135525065">
				<ele>189.9416415747255</ele>
				<time>2024-07-13T17:32:00Z</time>
			</trkpt>
			<trkpt lat="45.51947732629489" lon="15.158298333440005">
				<ele>189.7029361501336</ele>
				<time>2024-07-13T17:32:02Z</time>
			</trkpt>
			<trkpt lat="45.519484670845394" lon="15.158270524420555">
				<ele>190.0185174588114</ele>
				<time>2024-07-13T17:32:06Z</time>
			</trkpt>
			<trkpt lat="45.51949870321904" lon="15.15823661703849">
				<ele>190.38765592500567</ele>
				<time>2024-07-13T17:32:12Z</time>
			</trkpt>
			<trkpt lat="45.51949369502238" lon="15.158208029803571">
				<ele>190.47990579064935</ele>
				<time>2024-07-13T17:32:14Z</time>
			</trkpt>
			<trkpt lat="45.5195050031725" lon="15.158166368540723">
				<ele>190.5284412652254</ele>
				<time>2024-07-13T17:32:17Z</time>
			</trkpt>
			<trkpt lat="45.519519442775795" lon="15.158131591123365">
				<ele>191.1926806923002</ele>
				<time>2024-07-13T17:32:21Z</time>
			</trkpt>
			<trkpt lat="45.51952598253231" lon="15.158104112731442">
				<ele>193.3185718767345</ele>
				<time>2024-07-13T17:32:24Z</time>
			</trkpt>
			<trkpt lat="45.51953136309785" lon="15.158073492473369">
				<ele>194.1948825204745</ele>
				<time>2024-07-13T17:32:29Z</time>
			</trkpt>
			<trkpt lat="45.51953272245304" lon="15.158042076065758">
				<ele>194.94193022046238</ele>
				<time>2024-07-13T17:32:33Z</time>
			</trkpt>
			<trkpt lat="45.51952696584013" lon="15.158010842105526">
				<ele>195.2770306514576</ele>
				<time>2024-07-13T17:32:38Z</time>
			</trkpt>
			<trkpt lat="45.519515099449976" lon="15.157977058494035">
				<ele>196.35290464852005</ele>
				<time>2024-07-13T17:32:44Z</time>
			</trkpt>
			<trkpt lat="45.51949892524252" lon="15.157961900383482">
				<ele>197.61984315980226</ele>
				<time>2024-07-13T17:32:47Z</time>
			</trkpt>
			<trkpt lat="45.51947570013742" lon="15.157956328502145">
				<ele>198.00461559463292</ele>
				<time>2024-07-13T17:32:51Z</time>
			</trkpt>
			<trkpt lat="45.51945549184965" lon="15.157952697991234">
				<ele>198.48599287960678</ele>
				<time>2024-07-13T17:32:56Z</time>
			</trkpt>
			<trkpt lat="45.519433971168596" lon="15.157951233028097">
				<ele>198.69698137510568</ele>
				<time>2024-07-13T17:32:59Z</time>
			</trkpt>
			<trkpt lat="45.51941475035999" lon="15.1579656137341">
				<ele>199.5287817856297</ele>
				<time>2024-07-13T17:33:03Z</time>
			</trkpt>
			<trkpt lat="45.519392137039546" lon="15.157960761243622">
				<ele>202.40573028009385</ele>
				<time>2024-07-13T17:33:11Z</time>
			</trkpt>
			<trkpt lat="45.51939555963891" lon="15.157934029952546">
				<ele>202.83576115313917</ele>
				<time>2024-07-13T17:33:14Z</time>
			</trkpt>
			<trkpt lat="45.519383488108254" lon="15.15791210408745">
				<ele>202.7678010398522</ele>
				<time>2024-07-13T17:33:16Z</time>
			</trkpt>
			<trkpt lat="45.51938172592444" lon="15.157881186358498">
				<ele>202.27954120654613</ele>
				<time>2024-07-13T17:33:20Z</time>
			</trkpt>
			<trkpt lat="45.51936017179347" lon="15.157861080166661">
				<ele>202.984037688002</ele>
				<time>2024-07-13T17:33:24Z</time>
			</trkpt>
			<trkpt lat="45.51935119331246" lon="15.157836563615069">
				<ele>203.9445281000808</ele>
				<time>2024-07-13T17:33:29Z</time>
			</trkpt>
			<trkpt lat="45.51933343278504" lon="15.157807105515497">
				<ele>204.04344837367535</ele>
				<time>2024-07-13T17:33:33Z</time>
			</trkpt>
			<trkpt lat="45.51931931115051" lon="15.157782079947921">
				<ele>203.55543642584234</ele>
				<time>2024-07-13T17:33:37Z</time>
			</trkpt>
			<trkpt lat="45.51931037889642" lon="15.157744828641546">
				<ele>204.1909648673609</ele>
				<time>2024-07-13T17:33:43Z</time>
			</trkpt>
			<trkpt lat="45.51928954179344" lon="15.157742103670655">
				<ele>205.45205883216113</ele>
				<time>2024-07-13T17:33:45Z</time>
			</trkpt>
			<trkpt lat="45.519274359263484" lon="15.157722418814831">
				<ele>206.09303060732782</ele>
				<time>2024-07-13T17:33:48Z</time>
			</trkpt>
			<trkpt lat="45.51924934394179" lon="15.157699741628704">
				<ele>205.5705667315051</ele>
				<time>2024-07-13T17:33:53Z</time>
			</trkpt>
			<trkpt lat="45.51923348567735" lon="15.157682621983259">
				<ele>206.47266550268978</ele>
				<time>2024-07-13T17:33:57Z</time>
			</trkpt>
			<trkpt lat="45.51925482386765" lon="15.157681229783236">
				<ele>207.33360975049436</ele>
				<time>2024-07-13T17:33:58Z</time>
			</trkpt>
			<trkpt lat="45.51923609834585" lon="15.157684102922506">
				<ele>207.63422333169729</ele>
				<time>2024-07-13T17:34:00Z</time>
			</trkpt>
			<trkpt lat="45.51921720338989" lon="15.15771301561483">
				<ele>210.19302195124328</ele>
				<time>2024-07-13T17:34:03Z</time>
			</trkpt>
			<trkpt lat="45.51919713724615" lon="15.157717474285663">
				<ele>210.06486447621137</ele>
				<time>2024-07-13T17:34:06Z</time>
			</trkpt>
			<trkpt lat="45.51916586821561" lon="15.157702878048692">
				<ele>209.60800848063082</ele>
				<time>2024-07-13T17:34:08Z</time>
			</trkpt>
			<trkpt lat="45.519155368163425" lon="15.157673113729695">
				<ele>208.73054418619722</ele>
				<time>2024-07-13T17:34:11Z</time>
			</trkpt>
			<trkpt lat="45.519128201955844" lon="15.157651397059675">
				<ele>211.2294185627252</ele>
				<time>2024-07-13T17:34:18Z</time>
			</trkpt>
			<trkpt lat="45.519118576502734" lon="15.15762623738985">
				<ele>212.33375598490238</ele>
				<time>2024-07-13T17:34:22Z</time>
			</trkpt>
			<trkpt lat="45.519100326434554" lon="15.15759280559361">
				<ele>211.54011478740722</ele>
				<time>2024-07-13T17:34:27Z</time>
			</trkpt>
			<trkpt lat="45.51907287963954" lon="15.157591104001733">
				<ele>211.48435102775693</ele>
				<time>2024-07-13T17:34:29Z</time>
			</trkpt>
			<trkpt lat="45.51905434927087" lon="15.157583410269629">
				<ele>211.04131767340004</ele>
				<time>2024-07-13T17:34:31Z</time>
			</trkpt>
			<trkpt lat="45.51903776225173" lon="15.157572349185363">
				<ele>211.28233415074646</ele>
				<time>2024-07-13T17:34:33Z</time>
			</trkpt>
			<trkpt lat="45.51902126178174" lon="15.157554663096413">
				<ele>213.93031866010278</ele>
				<time>2024-07-13T17:34:37Z</time>
			</trkpt>
			<trkpt lat="45.51900186807758" lon="15.1575639734608">
				<ele>214.29140575230122</ele>
				<time>2024-07-13T17:34:41Z</time>
			</trkpt>
			<trkpt lat="45.518998095996466" lon="15.1575943744596">
				<ele>213.25115965679288</ele>
				<time>2024-07-13T17:34:45Z</time>
			</trkpt>
			<trkpt lat="45.518981432461075" lon="15.15761901454161">
				<ele>211.62638842314482</ele>
				<time>2024-07-13T17:34:48Z</time>
			</trkpt>
			<trkpt lat="45.518960146759824" lon="15.157616156557104">
				<ele>210.51647806540132</ele>
				<time>2024-07-13T17:34:51Z</time>
			</trkpt>
			<trkpt lat="45.51895694478679" lon="15.15764956437546">
				<ele>210.17321170307696</ele>
				<time>2024-07-13T17:34:57Z</time>
			</trkpt>
			<trkpt lat="45.51893608373954" lon="15.157635855787447">
				<ele>208.58736039791256</ele>
				<time>2024-07-13T17:35:08Z</time>
			</trkpt>
			<trkpt lat="45.518924895960374" lon="15.15761310058052">
				<ele>212.1070079114288</ele>
				<time>2024-07-13T17:35:25Z</time>
			</trkpt>
			<trkpt lat="45.51893436839764" lon="15.157584152008853">
				<ele>212.46949301473796</ele>
				<time>2024-07-13T17:35:28Z</time>
			</trkpt>
			<trkpt lat="45.51893322353429" lon="15.157548960727235">
				<ele>213.17530270852149</ele>
				<time>2024-07-13T17:35:31Z</time>
			</trkpt>
			<trkpt lat="45.51893562865007" lon="15.157519382935263">
				<ele>213.163085475564</ele>
				<time>2024-07-13T17:35:36Z</time>
			</trkpt>
			<trkpt lat="45.51892279892306" lon="15.157497126194741">
				<ele>215.4352344153449</ele>
				<time>2024-07-13T17:35:50Z</time>
			</trkpt>
			<trkpt lat="45.51893502614128" lon="15.157473714829303">
				<ele>215.36592954676598</ele>
				<time>2024-07-13T17:35:54Z</time>
			</trkpt>
			<trkpt lat="45.51893817475449" lon="15.15743587115977">
				<ele>214.64076657313854</ele>
				<time>2024-07-13T17:35:58Z</time>
			</trkpt>
			<trkpt lat="45.51895536408178" lon="15.157405171559159">
				<ele>214.00195981189609</ele>
				<time>2024-07-13T17:36:01Z</time>
			</trkpt>
			<trkpt lat="45.518976295902675" lon="15.157383881701497">
				<ele>214.81674837321043</ele>
				<time>2024-07-13T17:36:03Z</time>
			</trkpt>
			<trkpt lat="45.5189713194686" lon="15.157355865214761">
				<ele>215.14366447925568</ele>
				<time>2024-07-13T17:36:05Z</time>
			</trkpt>
			<trkpt lat="45.51895926665686" lon="15.157328838641634">
				<ele>214.95455110631883</ele>
				<time>2024-07-13T17:36:06Z</time>
			</trkpt>
			<trkpt lat="45.51897056172568" lon="15.15730164415342">
				<ele>214.17899368703365</ele>
				<time>2024-07-13T17:36:13Z</time>
			</trkpt>
			<trkpt lat="45.51897511587519" lon="15.157275158889236">
				<ele>214.20723776333034</ele>
				<time>2024-07-13T17:36:15Z</time>
			</trkpt>
			<trkpt lat="45.51899055205228" lon="15.15724307630096">
				<ele>213.42236432339996</ele>
				<time>2024-07-13T17:36:17Z</time>
			</trkpt>
			<trkpt lat="45.51899986664101" lon="15.157212649412603">
				<ele>212.44056945107877</ele>
				<time>2024-07-13T17:36:19Z</time>
			</trkpt>
			<trkpt lat="45.51899388386109" lon="15.157178598988889">
				<ele>213.31971047725528</ele>
				<time>2024-07-13T17:36:24Z</time>
			</trkpt>
			<trkpt lat="45.519003163699054" lon="15.157150568073602">
				<ele>212.99954268243164</ele>
				<time>2024-07-13T17:36:26Z</time>
			</trkpt>
			<trkpt lat="45.51900719477986" lon="15.15712394173353">
				<ele>214.53061864804476</ele>
				<time>2024-07-13T17:36:30Z</time>
			</trkpt>
			<trkpt lat="45.51901728527906" lon="15.157100270638209">
				<ele>214.9329354679212</ele>
				<time>2024-07-13T17:36:33Z</time>
			</trkpt>
			<trkpt lat="45.51902421678726" lon="15.15707276681255">
				<ele>216.37376147322357</ele>
				<time>2024-07-13T17:36:37Z</time>
			</trkpt>
			<trkpt lat="45.519016493759885" lon="15.157039378742011">
				<ele>216.81613807473332</ele>
				<time>2024-07-13T17:36:40Z</time>
			</trkpt>
			<trkpt lat="45.51901008631905" lon="15.157005786876926">
				<ele>218.68819011189044</ele>
				<time>2024-07-13T17:36:44Z</time>
			</trkpt>
			<trkpt lat="45.51899549845449" lon="15.156976735427993">
				<ele>219.78209401108325</ele>
				<time>2024-07-13T17:36:48Z</time>
			</trkpt>
			<trkpt lat="45.51898430726027" lon="15.156948667178456">
				<ele>220.22065506875515</ele>
				<time>2024-07-13T17:36:53Z</time>
			</trkpt>
			<trkpt lat="45.518964220375196" lon="15.156941393728697">
				<ele>220.69778066966683</ele>
				<time>2024-07-13T17:36:55Z</time>
			</trkpt>
			<trkpt lat="45.51894299625174" lon="15.15692059359428">
				<ele>220.35375445429236</ele>
				<time>2024-07-13T17:36:57Z</time>
			</trkpt>
			<trkpt lat="45.51892631506317" lon="15.156887044821042">
				<ele>221.1329871993512</ele>
				<time>2024-07-13T17:37:01Z</time>
			</trkpt>
			<trkpt lat="45.51890380887315" lon="15.156896902179815">
				<ele>222.0093409800902</ele>
				<time>2024-07-13T17:37:03Z</time>
			</trkpt>
			<trkpt lat="45.51887995797765" lon="15.156904616976203">
				<ele>221.04453908093274</ele>
				<time>2024-07-13T17:37:08Z</time>
			</trkpt>
			<trkpt lat="45.518864712986804" lon="15.156886646606749">
				<ele>222.48161977622658</ele>
				<time>2024-07-13T17:37:12Z</time>
			</trkpt>
			<trkpt lat="45.518838047996454" lon="15.156880128106746">
				<ele>222.5548502104357</ele>
				<time>2024-07-13T17:37:14Z</time>
			</trkpt>
			<trkpt lat="45.51882486950674" lon="15.156858406915035">
				<ele>223.99445596151054</ele>
				<time>2024-07-13T17:37:20Z</time>
			</trkpt>
			<trkpt lat="45.518807034721384" lon="15.15684525029919">
				<ele>224.571965880692</ele>
				<time>2024-07-13T17:37:22Z</time>
			</trkpt>
			<trkpt lat="45.51879129566297" lon="15.156832804142535">
				<ele>225.52163637708873</ele>
				<time>2024-07-13T17:37:26Z</time>
			</trkpt>
			<trkpt lat="45.51876694224051" lon="15.156824765213814">
				<ele>226.09262985922396</ele>
				<time>2024-07-13T17:37:30Z</time>
			</trkpt>
			<trkpt lat="45.5187440349108" lon="15.156817414417054">
				<ele>225.6027938593179</ele>
				<time>2024-07-13T17:37:34Z</time>
			</trkpt>
			<trkpt lat="45.518722678687915" lon="15.156811806260405">
				<ele>225.86778318695724</ele>
				<time>2024-07-13T17:37:36Z</time>
			</trkpt>
			<trkpt lat="45.51870206220155" lon="15.15682247178813">
				<ele>226.3208389049396</ele>
				<time>2024-07-13T17:37:39Z</time>
			</trkpt>
			<trkpt lat="45.51867308192439" lon="15.156815761937073">
				<ele>227.15606946125627</ele>
				<time>2024-07-13T17:37:41Z</time>
			</trkpt>
			<trkpt lat="45.51864805548493" lon="15.156814500773484">
				<ele>227.47690011933446</ele>
				<time>2024-07-13T17:37:44Z</time>
			</trkpt>
			<trkpt lat="45.5186279353439" lon="15.156802868826238">
				<ele>226.44691457226872</ele>
				<time>2024-07-13T17:37:50Z</time>
			</trkpt>
			<trkpt lat="45.518604599039506" lon="15.156783099539636">
				<ele>227.2509570075199</ele>
				<time>2024-07-13T17:37:54Z</time>
			</trkpt>
			<trkpt lat="45.51858055885944" lon="15.156782471440584">
				<ele>228.2526827584952</ele>
				<time>2024-07-13T17:37:59Z</time>
			</trkpt>
			<trkpt lat="45.518573608643955" lon="15.15675676665582">
				<ele>228.44843553565443</ele>
				<time>2024-07-13T17:38:01Z</time>
			</trkpt>
			<trkpt lat="45.51855166321521" lon="15.156746245833933">
				<ele>229.16881053708494</ele>
				<time>2024-07-13T17:38:06Z</time>
			</trkpt>
			<trkpt lat="45.518537951139315" lon="15.156764078157579">
				<ele>229.53738900180906</ele>
				<time>2024-07-13T17:38:10Z</time>
			</trkpt>
			<trkpt lat="45.51851658581833" lon="15.156771742469903">
				<ele>228.1759084938094</ele>
				<time>2024-07-13T17:38:15Z</time>
			</trkpt>
			<trkpt lat="45.51849320456042" lon="15.156742939839763">
				<ele>228.40869416762143</ele>
				<time>2024-07-13T17:38:21Z</time>
			</trkpt>
			<trkpt lat="45.51847392847845" lon="15.15672300075209">
				<ele>229.9172611758113</ele>
				<time>2024-07-13T17:38:28Z</time>
			</trkpt>
			<trkpt lat="45.51845316676669" lon="15.156755468970985">
				<ele>229.3021987248212</ele>
				<time>2024-07-13T17:38:30Z</time>
			</trkpt>
			<trkpt lat="45.51843573053839" lon="15.156736616575419">
				<ele>229.89902701135725</ele>
				<time>2024-07-13T17:38:38Z</time>
			</trkpt>
			<trkpt lat="45.51843662574988" lon="15.156707655096694">
				<ele>232.38347353041172</ele>
				<time>2024-07-13T17:38:42Z</time>
			</trkpt>
			<trkpt lat="45.518412193257724" lon="15.15670019491398">
				<ele>232.12684265896678</ele>
				<time>2024-07-13T17:38:44Z</time>
			</trkpt>
			<trkpt lat="45.51838779539545" lon="15.15668861868872">
				<ele>233.01868198253214</ele>
				<time>2024-07-13T17:38:49Z</time>
			</trkpt>
			<trkpt lat="45.518365172520376" lon="15.156683009665734">
				<ele>233.13307785242796</ele>
				<time>2024-07-13T17:38:51Z</time>
			</trkpt>
			<trkpt lat="45.518354099031264" lon="15.15665670821998">
				<ele>231.5090530179441</ele>
				<time>2024-07-13T17:38:55Z</time>
			</trkpt>
			<trkpt lat="45.518373372437935" lon="15.156633519910532">
				<ele>230.52647089026868</ele>
				<time>2024-07-13T17:38:58Z</time>
			</trkpt>
			<trkpt lat="45.51837857121049" lon="15.15666696488448">
				<ele>231.8802544279024</ele>
				<time>2024-07-13T17:39:07Z</time>
			</trkpt>
			<trkpt lat="45.51837917556101" lon="15.156700739534283">
				<ele>232.88693768624216</ele>
				<time>2024-07-13T17:39:09Z</time>
			</trkpt>
			<trkpt lat="45.518383866939665" lon="15.156667047181609">
				<ele>232.43478735070676</ele>
				<time>2024-07-13T17:39:10Z</time>
			</trkpt>
			<trkpt lat="45.518405387252315" lon="15.156642605508463">
				<ele>232.0454020826146</ele>
				<time>2024-07-13T17:39:17Z</time>
			</trkpt>
			<trkpt lat="45.51843892541865" lon="15.156644578469226">
				<ele>233.68768902868032</ele>
				<time>2024-07-13T17:39:26Z</time>
			</trkpt>
			<trkpt lat="45.51840878416742" lon="15.156638948218106">
				<ele>233.14793862588704</ele>
				<time>2024-07-13T17:39:29Z</time>
			</trkpt>
			<trkpt lat="45.51838986238232" lon="15.156659554365742">
				<ele>235.29477266594768</ele>
				<time>2024-07-13T17:39:32Z</time>
			</trkpt>
			<trkpt lat="45.51836915055783" lon="15.156667746528456">
				<ele>235.55838443618268</ele>
				<time>2024-07-13T17:39:36Z</time>
			</trkpt>
			<trkpt lat="45.51833375486799" lon="15.156666412752454">
				<ele>235.26380535587668</ele>
				<time>2024-07-13T17:39:39Z</time>
			</trkpt>
			<trkpt lat="45.51835319236128" lon="15.156669130915665">
				<ele>235.9210493620485</ele>
				<time>2024-07-13T17:39:44Z</time>
			</trkpt>
			<trkpt lat="45.51837005388163" lon="15.156647162659501">
				<ele>236.82693851646036</ele>
				<time>2024-07-13T17:40:03Z</time>
			</trkpt>
			<trkpt lat="45.518379101187044" lon="15.156621891432758">
				<ele>238.39963205251843</ele>
				<time>2024-07-13T17:40:05Z</time>
			</trkpt>
			<trkpt lat="45.518388484749046" lon="15.156599481078919">
				<ele>238.04956846870482</ele>
				<time>2024-07-13T17:40:07Z</time>
			</trkpt>
			<trkpt lat="45.518394021499645" lon="15.1565701102702">
				<ele>237.17845331784338</ele>
				<time>2024-07-13T17:40:11Z</time>
			</trkpt>
			<trkpt lat="45.518398972155964" lon="15.156538216169878">
				<ele>237.90260897856206</ele>
				<time>2024-07-13T17:40:12Z</time>
			</trkpt>
			<trkpt lat="45.51839607739859" lon="15.156510556904902">
				<ele>237.21763116121292</ele>
				<time>2024-07-13T17:40:15Z</time>
			</trkpt>
			<trkpt lat="45.51840872653655" lon="15.156486307148331">
				<ele>235.89285252150148</ele>
				<time>2024-07-13T17:40:18Z</time>
			</trkpt>
			<trkpt lat="45.518421134127955" lon="15.15646300352481">
				<ele>236.25148662086576</ele>
				<time>2024-07-13T17:40:20Z</time>
			</trkpt>
			<trkpt lat="45.518422169437784" lon="15.15641891100085">
				<ele>234.85960550326854</ele>
				<time>2024-07-13T17:40:24Z</time>
			</trkpt>
			<trkpt lat="45.51842520155093" lon="15.156378362995651">
				<ele>233.9672491038218</ele>
				<time>2024-07-13T17:40:26Z</time>
			</trkpt>
			<trkpt lat="45.51843601933139" lon="15.1563386477848">
				<ele>233.5302894441411</ele>
				<time>2024-07-13T17:40:29Z</time>
			</trkpt>
			<trkpt lat="45.5184440362907" lon="15.156299760100543">
				<ele>233.3571665417403</ele>
				<time>2024-07-13T17:40:31Z</time>
			</trkpt>
			<trkpt lat="45.51844750962826" lon="15.156270024759367">
				<ele>233.45785551331937</ele>
				<time>2024-07-13T17:40:33Z</time>
			</trkpt>
			<trkpt lat="45.51843894204633" lon="15.156243174148434">
				<ele>233.66295114718378</ele>
				<time>2024-07-13T17:40:35Z</time>
			</trkpt>
			<trkpt lat="45.51842839428123" lon="15.156210450239495">
				<ele>234.62558391038328</ele>
				<time>2024-07-13T17:40:37Z</time>
			</trkpt>
			<trkpt lat="45.5184456177788" lon="15.156189008601473">
				<ele>234.4870005408302</ele>
				<time>2024-07-13T17:40:39Z</time>
			</trkpt>
			<trkpt lat="45.5184577194615" lon="15.156169519717787">
				<ele>235.54129180219024</ele>
				<time>2024-07-13T17:40:45Z</time>
			</trkpt>
			<trkpt lat="45.51846434450762" lon="15.156140364208719">
				<ele>236.1077338969335</ele>
				<time>2024-07-13T17:40:49Z</time>
			</trkpt>
			<trkpt lat="45.51845769083192" lon="15.156111030257458">
				<ele>234.98087286017835</ele>
				<time>2024-07-13T17:40:52Z</time>
			</trkpt>
			<trkpt lat="45.518461885730765" lon="15.15606276825059">
				<ele>235.5271201459691</ele>
				<time>2024-07-13T17:40:55Z</time>
			</trkpt>
			<trkpt lat="45.51846796249871" lon="15.15602664987754">
				<ele>236.56779825408012</ele>
				<time>2024-07-13T17:40:59Z</time>
			</trkpt>
			<trkpt lat="45.51846486778034" lon="15.155994122866568">
				<ele>236.53916078433394</ele>
				<time>2024-07-13T17:41:02Z</time>
			</trkpt>
			<trkpt lat="45.51847585239108" lon="15.155972280091317">
				<ele>235.9728070301935</ele>
				<time>2024-07-13T17:41:04Z</time>
			</trkpt>
			<trkpt lat="45.51848558824295" lon="15.155944101432095">
				<ele>236.87774579692632</ele>
				<time>2024-07-13T17:41:07Z</time>
			</trkpt>
			<trkpt lat="45.51849101425931" lon="15.155914186513677">
				<ele>238.2623669868335</ele>
				<time>2024-07-13T17:41:11Z</time>
			</trkpt>
			<trkpt lat="45.5185002139944" lon="15.155883755903858">
				<ele>237.88092819973826</ele>
				<time>2024-07-13T17:41:14Z</time>
			</trkpt>
			<trkpt lat="45.51851081495992" lon="15.155846199908133">
				<ele>238.98115588258952</ele>
				<time>2024-07-13T17:41:16Z</time>
			</trkpt>
			<trkpt lat="45.518514218818986" lon="15.155814511999022">
				<ele>238.56707177031785</ele>
				<time>2024-07-13T17:41:18Z</time>
			</trkpt>
			<trkpt lat="45.518518302810726" lon="15.155785440572997">
				<ele>238.13824323099107</ele>
				<time>2024-07-13T17:41:22Z</time>
			</trkpt>
			<trkpt lat="45.51852125493432" lon="15.155748525384773">
				<ele>239.5262491516769</ele>
				<time>2024-07-13T17:41:25Z</time>
			</trkpt>
			<trkpt lat="45.518520902728994" lon="15.155718776445264">
				<ele>238.9440348353237</ele>
				<time>2024-07-13T17:41:28Z</time>
			</trkpt>
			<trkpt lat="45.518520430375624" lon="15.15569119120564">
				<ele>238.5060972031206</ele>
				<time>2024-07-13T17:41:30Z</time>
			</trkpt>
			<trkpt lat="45.518532114579024" lon="15.155671255125064">
				<ele>238.76821228582412</ele>
				<time>2024-07-13T17:41:32Z</time>
			</trkpt>
			<trkpt lat="45.51853150988833" lon="15.15562230421649">
				<ele>238.54861900489777</ele>
				<time>2024-07-13T17:41:35Z</time>
			</trkpt>
			<trkpt lat="45.51854054889106" lon="15.155582152223326">
				<ele>237.55125623382628</ele>
				<time>2024-07-13T17:41:39Z</time>
			</trkpt>
			<trkpt lat="45.51854604800426" lon="15.155550536141492">
				<ele>237.9884199788794</ele>
				<time>2024-07-13T17:41:41Z</time>
			</trkpt>
			<trkpt lat="45.51855761022568" lon="15.155513252449573">
				<ele>238.76403064653277</ele>
				<time>2024-07-13T17:41:45Z</time>
			</trkpt>
			<trkpt lat="45.518564057704275" lon="15.155482621800845">
				<ele>241.07578211463988</ele>
				<time>2024-07-13T17:41:48Z</time>
			</trkpt>
			<trkpt lat="45.518579428972394" lon="15.15546479372377">
				<ele>242.90923858061433</ele>
				<time>2024-07-13T17:41:53Z</time>
			</trkpt>
			<trkpt lat="45.51859473057683" lon="15.155446564344153">
				<ele>243.6043320680037</ele>
				<time>2024-07-13T17:41:56Z</time>
			</trkpt>
			<trkpt lat="45.51860516963251" lon="15.155416853117837">
				<ele>244.78980419691652</ele>
				<time>2024-07-13T17:41:59Z</time>
			</trkpt>
			<trkpt lat="45.51860655271669" lon="15.15538866317713">
				<ele>244.7777201468125</ele>
				<time>2024-07-13T17:42:02Z</time>
			</trkpt>
			<trkpt lat="45.51862588044692" lon="15.155369201295297">
				<ele>244.62677891273052</ele>
				<time>2024-07-13T17:42:05Z</time>
			</trkpt>
			<trkpt lat="45.51862961439563" lon="15.155341673601281">
				<ele>244.26258020009845</ele>
				<time>2024-07-13T17:42:07Z</time>
			</trkpt>
			<trkpt lat="45.51863203198231" lon="15.155314485518154">
				<ele>245.39824199303985</ele>
				<time>2024-07-13T17:42:10Z</time>
			</trkpt>
			<trkpt lat="45.518645741116174" lon="15.155295176489174">
				<ele>246.30418834555894</ele>
				<time>2024-07-13T17:42:13Z</time>
			</trkpt>
			<trkpt lat="45.51865150637646" lon="15.155270120219177">
				<ele>246.6628068787977</ele>
				<time>2024-07-13T17:42:15Z</time>
			</trkpt>
			<trkpt lat="45.51866757768225" lon="15.15524645980222">
				<ele>247.30704758595675</ele>
				<time>2024-07-13T17:42:19Z</time>
			</trkpt>
			<trkpt lat="45.51867644772178" lon="15.1552106960518">
				<ele>245.9614760344848</ele>
				<time>2024-07-13T17:42:21Z</time>
			</trkpt>
			<trkpt lat="45.5186855379415" lon="15.155175235720536">
				<ele>245.07565597537905</ele>
				<time>2024-07-13T17:42:23Z</time>
			</trkpt>
			<trkpt lat="45.51869608990301" lon="15.155145813591883">
				<ele>246.0523828174919</ele>
				<time>2024-07-13T17:42:27Z</time>
			</trkpt>
			<trkpt lat="45.51871381262844" lon="15.155126036090827">
				<ele>244.7043099384755</ele>
				<time>2024-07-13T17:42:30Z</time>
			</trkpt>
			<trkpt lat="45.51872896345873" lon="15.155102398617831">
				<ele>244.44024310726672</ele>
				<time>2024-07-13T17:42:32Z</time>
			</trkpt>
			<trkpt lat="45.518718002080675" lon="15.155065979325144">
				<ele>244.60141635034233</ele>
				<time>2024-07-13T17:42:35Z</time>
			</trkpt>
			<trkpt lat="45.518733970317804" lon="15.155043228950909">
				<ele>245.27556142024696</ele>
				<time>2024-07-13T17:42:37Z</time>
			</trkpt>
			<trkpt lat="45.51874926372677" lon="15.155019662084587">
				<ele>246.1843496048823</ele>
				<time>2024-07-13T17:42:40Z</time>
			</trkpt>
			<trkpt lat="45.51875360226958" lon="15.154983518728999">
				<ele>246.4236991768703</ele>
				<time>2024-07-13T17:42:43Z</time>
			</trkpt>
			<trkpt lat="45.51875524075257" lon="15.15494840698466">
				<ele>246.7970122732222</ele>
				<time>2024-07-13T17:42:45Z</time>
			</trkpt>
			<trkpt lat="45.518758348328454" lon="15.154920061325596">
				<ele>247.39933665283024</ele>
				<time>2024-07-13T17:42:48Z</time>
			</trkpt>
			<trkpt lat="45.51877925265302" lon="15.15491347249276">
				<ele>247.3806116450578</ele>
				<time>2024-07-13T17:42:50Z</time>
			</trkpt>
			<trkpt lat="45.51880047132761" lon="15.154892557040036">
				<ele>248.27437971625477</ele>
				<time>2024-07-13T17:42:53Z</time>
			</trkpt>
			<trkpt lat="45.518814235158565" lon="15.154866459657134">
				<ele>247.9093725597486</ele>
				<time>2024-07-13T17:42:55Z</time>
			</trkpt>
			<trkpt lat="45.518821085300765" lon="15.154841594146523">
				<ele>247.4256934588775</ele>
				<time>2024-07-13T17:42:57Z</time>
			</trkpt>
			<trkpt lat="45.518835755135356" lon="15.154817464170822">
				<ele>247.26648486871272</ele>
				<time>2024-07-13T17:42:59Z</time>
			</trkpt>
			<trkpt lat="45.518850206958916" lon="15.154793202093416">
				<ele>246.76299022790045</ele>
				<time>2024-07-13T17:43:03Z</time>
			</trkpt>
			<trkpt lat="45.51886616941145" lon="15.154759426721682">
				<ele>245.96641973033547</ele>
				<time>2024-07-13T17:43:05Z</time>
			</trkpt>
			<trkpt lat="45.518878585293464" lon="15.15473822012619">
				<ele>245.54867814853787</ele>
				<time>2024-07-13T17:43:07Z</time>
			</trkpt>
			<trkpt lat="45.51889607815795" lon="15.154725648678662">
				<ele>246.39139244984835</ele>
				<time>2024-07-13T17:43:08Z</time>
			</trkpt>
			<trkpt lat="45.518907783812544" lon="15.154694502394035">
				<ele>245.23004035372287</ele>
				<time>2024-07-13T17:43:11Z</time>
			</trkpt>
			<trkpt lat="45.51891948442927" lon="15.154662237511447">
				<ele>245.58951382432133</ele>
				<time>2024-07-13T17:43:14Z</time>
			</trkpt>
			<trkpt lat="45.51894300339206" lon="15.15463777822568">
				<ele>246.01358415652066</ele>
				<time>2024-07-13T17:43:17Z</time>
			</trkpt>
			<trkpt lat="45.51897008100608" lon="15.15460737705425">
				<ele>246.93574913032353</ele>
				<time>2024-07-13T17:43:21Z</time>
			</trkpt>
			<trkpt lat="45.51898225587205" lon="15.154583044596775">
				<ele>245.94315445329994</ele>
				<time>2024-07-13T17:43:23Z</time>
			</trkpt>
			<trkpt lat="45.518996191512876" lon="15.154562713348176">
				<ele>246.6919088959694</ele>
				<time>2024-07-13T17:43:25Z</time>
			</trkpt>
			<trkpt lat="45.51901413598323" lon="15.154539140089037">
				<ele>245.81830621417612</ele>
				<time>2024-07-13T17:43:27Z</time>
			</trkpt>
			<trkpt lat="45.51902705997309" lon="15.154571677720556">
				<ele>247.96212446130812</ele>
				<time>2024-07-13T17:43:40Z</time>
			</trkpt>
			<trkpt lat="45.51904376827262" lon="15.154553214014419">
				<ele>248.36813073977828</ele>
				<time>2024-07-13T17:43:42Z</time>
			</trkpt>
			<trkpt lat="45.519054051426586" lon="15.154525640947279">
				<ele>247.22024532407522</ele>
				<time>2024-07-13T17:43:44Z</time>
			</trkpt>
			<trkpt lat="45.51907272094049" lon="15.15450111081233">
				<ele>247.45043593645096</ele>
				<time>2024-07-13T17:43:46Z</time>
			</trkpt>
			<trkpt lat="45.51909926572793" lon="15.154474198364754">
				<ele>246.9850589511916</ele>
				<time>2024-07-13T17:43:48Z</time>
			</trkpt>
			<trkpt lat="45.519095646978364" lon="15.15444582248637">
				<ele>245.18363688327372</ele>
				<time>2024-07-13T17:43:50Z</time>
			</trkpt>
			<trkpt lat="45.51911177568924" lon="15.154418026363349">
				<ele>245.35827824100852</ele>
				<time>2024-07-13T17:43:52Z</time>
			</trkpt>
			<trkpt lat="45.51914032234047" lon="15.154406181562193">
				<ele>246.89124900568277</ele>
				<time>2024-07-13T17:43:54Z</time>
			</trkpt>
			<trkpt lat="45.519143586383144" lon="15.154373232141724">
				<ele>247.51270350441337</ele>
				<time>2024-07-13T17:43:57Z</time>
			</trkpt>
			<trkpt lat="45.519150918573274" lon="15.154346213702027">
				<ele>248.19788617268205</ele>
				<time>2024-07-13T17:43:59Z</time>
			</trkpt>
			<trkpt lat="45.51916025798061" lon="15.154310842384602">
				<ele>249.908040529117</ele>
				<time>2024-07-13T17:44:03Z</time>
			</trkpt>
			<trkpt lat="45.519191291364805" lon="15.154306994681843">
				<ele>248.48638999741524</ele>
				<time>2024-07-13T17:44:06Z</time>
			</trkpt>
			<trkpt lat="45.51919996247557" lon="15.154281972530999">
				<ele>249.17118534259498</ele>
				<time>2024-07-13T17:44:08Z</time>
			</trkpt>
			<trkpt lat="45.519216979305085" lon="15.15426891470333">
				<ele>250.05627231765538</ele>
				<time>2024-07-13T17:44:09Z</time>
			</trkpt>
			<trkpt lat="45.519229138978936" lon="15.15422837294362">
				<ele>247.15918767545372</ele>
				<time>2024-07-13T17:44:11Z</time>
			</trkpt>
			<trkpt lat="45.519231401219066" lon="15.15418449092588">
				<ele>249.05426953174174</ele>
				<time>2024-07-13T17:44:20Z</time>
			</trkpt>
			<trkpt lat="45.51925525810362" lon="15.154179988658353">
				<ele>248.34574086032808</ele>
				<time>2024-07-13T17:44:23Z</time>
			</trkpt>
			<trkpt lat="45.51927911324733" lon="15.154173507121666">
				<ele>249.07976068090647</ele>
				<time>2024-07-13T17:44:25Z</time>
			</trkpt>
			<trkpt lat="45.519296005100486" lon="15.154155293947863">
				<ele>249.31913701537997</ele>
				<time>2024-07-13T17:44:29Z</time>
			</trkpt>
			<trkpt lat="45.51931782275581" lon="15.154155222271207">
				<ele>250.3240524502471</ele>
				<time>2024-07-13T17:44:33Z</time>
			</trkpt>
			<trkpt lat="45.519329253842606" lon="15.154126730319131">
				<ele>250.81047523021698</ele>
				<time>2024-07-13T17:44:38Z</time>
			</trkpt>
			<trkpt lat="45.5193512140747" lon="15.154119337364055">
				<ele>250.85314507503062</ele>
				<time>2024-07-13T17:44:40Z</time>
			</trkpt>
			<trkpt lat="45.51935894193642" lon="15.154092244547845">
				<ele>252.9992256052792</ele>
				<time>2024-07-13T17:44:43Z</time>
			</trkpt>
			<trkpt lat="45.51938236016353" lon="15.154065007483677">
				<ele>251.95589820854366</ele>
				<time>2024-07-13T17:44:47Z</time>
			</trkpt>
			<trkpt lat="45.519400094105556" lon="15.154030214654588">
				<ele>252.53266785480082</ele>
				<time>2024-07-13T17:44:51Z</time>
			</trkpt>
			<trkpt lat="45.51941982261603" lon="15.154002194220496">
				<ele>252.81735981907696</ele>
				<time>2024-07-13T17:44:55Z</time>
			</trkpt>
			<trkpt lat="45.51942881587784" lon="15.15397705652444">
				<ele>252.9135285615921</ele>
				<time>2024-07-13T17:44:58Z</time>
			</trkpt>
			<trkpt lat="45.51943724104104" lon="15.153952920164109">
				<ele>253.16311459057033</ele>
				<time>2024-07-13T17:45:01Z</time>
			</trkpt>
			<trkpt lat="45.519451461175095" lon="15.153932213045238">
				<ele>252.3631380572915</ele>
				<time>2024-07-13T17:45:03Z</time>
			</trkpt>
			<trkpt lat="45.51947778741448" lon="15.153926336058758">
				<ele>252.55363197345287</ele>
				<time>2024-07-13T17:45:05Z</time>
			</trkpt>
			<trkpt lat="45.51949418054801" lon="15.153899062982727">
				<ele>252.0582049190998</ele>
				<time>2024-07-13T17:45:09Z</time>
			</trkpt>
			<trkpt lat="45.51951529802785" lon="15.15388734059463">
				<ele>252.76762922480702</ele>
				<time>2024-07-13T17:45:13Z</time>
			</trkpt>
			<trkpt lat="45.51953523803969" lon="15.153861224665107">
				<ele>251.6170097924769</ele>
				<time>2024-07-13T17:45:15Z</time>
			</trkpt>
			<trkpt lat="45.51956254998776" lon="15.153839167955185">
				<ele>252.12246668245643</ele>
				<time>2024-07-13T17:45:18Z</time>
			</trkpt>
			<trkpt lat="45.51956479815997" lon="15.153812143932992">
				<ele>251.2116188434884</ele>
				<time>2024-07-13T17:45:20Z</time>
			</trkpt>
			<trkpt lat="45.519572171105565" lon="15.153786319315172">
				<ele>250.13997806049883</ele>
				<time>2024-07-13T17:45:22Z</time>
			</trkpt>
			<trkpt lat="45.51959570500986" lon="15.15378118269518">
				<ele>252.08743604272604</ele>
				<time>2024-07-13T17:45:25Z</time>
			</trkpt>
			<trkpt lat="45.51960380003321" lon="15.153757948767852">
				<ele>251.55530521273613</ele>
				<time>2024-07-13T17:45:27Z</time>
			</trkpt>
			<trkpt lat="45.51961916545098" lon="15.153736048556848">
				<ele>251.12627117335796</ele>
				<time>2024-07-13T17:45:29Z</time>
			</trkpt>
			<trkpt lat="45.51963462137723" lon="15.153718095383361">
				<ele>250.9387239413336</ele>
				<time>2024-07-13T17:45:31Z</time>
			</trkpt>
			<trkpt lat="45.519660774766216" lon="15.153702674097062">
				<ele>253.07254950888455</ele>
				<time>2024-07-13T17:45:35Z</time>
			</trkpt>
			<trkpt lat="45.51968335911033" lon="15.153688708113986">
				<ele>253.41380931716412</ele>
				<time>2024-07-13T17:45:37Z</time>
			</trkpt>
			<trkpt lat="45.51969403306706" lon="15.153667465660963">
				<ele>253.4839222151786</ele>
				<time>2024-07-13T17:45:40Z</time>
			</trkpt>
			<trkpt lat="45.519719215123416" lon="15.153642108312267">
				<ele>253.96847140416503</ele>
				<time>2024-07-13T17:45:43Z</time>
			</trkpt>
			<trkpt lat="45.51973421667878" lon="15.153619139222913">
				<ele>253.74301320500672</ele>
				<time>2024-07-13T17:45:45Z</time>
			</trkpt>
			<trkpt lat="45.51973369559284" lon="15.153590892819299">
				<ele>254.91794395726174</ele>
				<time>2024-07-13T17:45:47Z</time>
			</trkpt>
			<trkpt lat="45.51975516801219" lon="15.153603936378351">
				<ele>254.37715089134872</ele>
				<time>2024-07-13T17:45:51Z</time>
			</trkpt>
			<trkpt lat="45.51976813938099" lon="15.153622415991148">
				<ele>253.84263893775642</ele>
				<time>2024-07-13T17:45:53Z</time>
			</trkpt>
			<trkpt lat="45.51975920114226" lon="15.153591632715653">
				<ele>252.80551568698138</ele>
				<time>2024-07-13T17:45:54Z</time>
			</trkpt>
			<trkpt lat="45.51977216117651" lon="15.153558881201">
				<ele>252.02835430484265</ele>
				<time>2024-07-13T17:45:56Z</time>
			</trkpt>
			<trkpt lat="45.519799651075765" lon="15.153513858420936">
				<ele>251.79174785036594</ele>
				<time>2024-07-13T17:45:59Z</time>
			</trkpt>
			<trkpt lat="45.51982354106757" lon="15.153478106358355">
				<ele>251.47999962605536</ele>
				<time>2024-07-13T17:46:01Z</time>
			</trkpt>
			<trkpt lat="45.51983549782442" lon="15.15345857579275">
				<ele>251.297454347834</ele>
				<time>2024-07-13T17:46:03Z</time>
			</trkpt>
			<trkpt lat="45.519863922077676" lon="15.153446449111259">
				<ele>251.04163941927254</ele>
				<time>2024-07-13T17:46:05Z</time>
			</trkpt>
			<trkpt lat="45.51988339082099" lon="15.153410261176244">
				<ele>251.37383601348847</ele>
				<time>2024-07-13T17:46:07Z</time>
			</trkpt>
			<trkpt lat="45.519858169923424" lon="15.153390949433936">
				<ele>251.62011958193034</ele>
				<time>2024-07-13T17:46:08Z</time>
			</trkpt>
			<trkpt lat="45.51987562835837" lon="15.153380621050252">
				<ele>251.15985029749572</ele>
				<time>2024-07-13T17:46:10Z</time>
			</trkpt>
			<trkpt lat="45.51989411049852" lon="15.153396639061345">
				<ele>251.48261757101864</ele>
				<time>2024-07-13T17:46:13Z</time>
			</trkpt>
			<trkpt lat="45.51989070174133" lon="15.153365079910982">
				<ele>251.89644324034452</ele>
				<time>2024-07-13T17:46:15Z</time>
			</trkpt>
			<trkpt lat="45.51991961994931" lon="15.153329145267042">
				<ele>251.77621764410287</ele>
				<time>2024-07-13T17:46:17Z</time>
			</trkpt>
			<trkpt lat="45.51993084603635" lon="15.153302370138212">
				<ele>251.56291196215898</ele>
				<time>2024-07-13T17:46:21Z</time>
			</trkpt>
			<trkpt lat="45.51992328995573" lon="15.153275336214792">
				<ele>251.96251039765775</ele>
				<time>2024-07-13T17:46:23Z</time>
			</trkpt>
			<trkpt lat="45.51993519811263" lon="15.15323448283922">
				<ele>252.19373109843582</ele>
				<time>2024-07-13T17:46:25Z</time>
			</trkpt>
			<trkpt lat="45.51995485656466" lon="15.153266397702234">
				<ele>252.25460988283157</ele>
				<time>2024-07-13T17:46:27Z</time>
			</trkpt>
			<trkpt lat="45.51997225340432" lon="15.153253722062049">
				<ele>251.80714981630445</ele>
				<time>2024-07-13T17:46:29Z</time>
			</trkpt>
			<trkpt lat="45.51998144416529" lon="15.153222814140577">
				<ele>252.3762649744749</ele>
				<time>2024-07-13T17:46:34Z</time>
			</trkpt>
			<trkpt lat="45.519982943616405" lon="15.15318166373595">
				<ele>252.37850687094033</ele>
				<time>2024-07-13T17:46:37Z</time>
			</trkpt>
			<trkpt lat="45.52000343048622" lon="15.153150456384145">
				<ele>252.37455016933382</ele>
				<time>2024-07-13T17:46:39Z</time>
			</trkpt>
			<trkpt lat="45.520033020653216" lon="15.153157924466987">
				<ele>252.09813693538308</ele>
				<time>2024-07-13T17:46:44Z</time>
			</trkpt>
			<trkpt lat="45.52003389381342" lon="15.153127800145608">
				<ele>251.65532861743122</ele>
				<time>2024-07-13T17:46:46Z</time>
			</trkpt>
			<trkpt lat="45.52006508141668" lon="15.153098433889832">
				<ele>251.62981866206974</ele>
				<time>2024-07-13T17:46:48Z</time>
			</trkpt>
			<trkpt lat="45.52007086983802" lon="15.153054629857738">
				<ele>251.5253706527874</ele>
				<time>2024-07-13T17:46:52Z</time>
			</trkpt>
			<trkpt lat="45.520089595920915" lon="15.15304198896408">
				<ele>252.15379295125604</ele>
				<time>2024-07-13T17:46:56Z</time>
			</trkpt>
			<trkpt lat="45.52009530522411" lon="15.153015911287168">
				<ele>253.30462988093495</ele>
				<time>2024-07-13T17:47:00Z</time>
			</trkpt>
			<trkpt lat="45.52012288335961" lon="15.15301283749274">
				<ele>254.32914713863283</ele>
				<time>2024-07-13T17:47:06Z</time>
			</trkpt>
			<trkpt lat="45.52012762487398" lon="15.152978587955731">
				<ele>254.0351832313463</ele>
				<time>2024-07-13T17:47:07Z</time>
			</trkpt>
			<trkpt lat="45.52013896942069" lon="15.15293922911121">
				<ele>254.18900191783905</ele>
				<time>2024-07-13T17:47:09Z</time>
			</trkpt>
			<trkpt lat="45.52014910230784" lon="15.152911369100103">
				<ele>253.699080622755</ele>
				<time>2024-07-13T17:47:11Z</time>
			</trkpt>
			<trkpt lat="45.52012881781129" lon="15.152911612809097">
				<ele>255.12203877605498</ele>
				<time>2024-07-13T17:47:13Z</time>
			</trkpt>
			<trkpt lat="45.520141450890826" lon="15.152892112870786">
				<ele>255.0775780202821</ele>
				<time>2024-07-13T17:47:15Z</time>
			</trkpt>
			<trkpt lat="45.52015318323148" lon="15.152865365342588">
				<ele>254.92244919203222</ele>
				<time>2024-07-13T17:47:17Z</time>
			</trkpt>
			<trkpt lat="45.52016750490199" lon="15.152842990097035">
				<ele>254.95445295143872</ele>
				<time>2024-07-13T17:47:19Z</time>
			</trkpt>
			<trkpt lat="45.52018274890921" lon="15.152818743772038">
				<ele>255.46547693572938</ele>
				<time>2024-07-13T17:47:26Z</time>
			</trkpt>
			<trkpt lat="45.52022802223284" lon="15.15277283828611">
				<ele>255.39088617824018</ele>
				<time>2024-07-13T17:47:29Z</time>
			</trkpt>
			<trkpt lat="45.520236484593596" lon="15.152745952601318">
				<ele>254.32054536696523</ele>
				<time>2024-07-13T17:47:31Z</time>
			</trkpt>
			<trkpt lat="45.520256940330874" lon="15.152729412971906">
				<ele>254.664039619267</ele>
				<time>2024-07-13T17:47:32Z</time>
			</trkpt>
			<trkpt lat="45.52026903758856" lon="15.152709241201173">
				<ele>256.63728835992515</ele>
				<time>2024-07-13T17:47:37Z</time>
			</trkpt>
			<trkpt lat="45.520286601871796" lon="15.15268115431342">
				<ele>257.23459917120636</ele>
				<time>2024-07-13T17:47:41Z</time>
			</trkpt>
			<trkpt lat="45.52025941847248" lon="15.15270445663883">
				<ele>257.5989502547309</ele>
				<time>2024-07-13T17:47:42Z</time>
			</trkpt>
			<trkpt lat="45.520274175986586" lon="15.152681373456929">
				<ele>257.43734040576965</ele>
				<time>2024-07-13T17:47:44Z</time>
			</trkpt>
			<trkpt lat="45.52029516152425" lon="15.152664255131922">
				<ele>257.415380500257</ele>
				<time>2024-07-13T17:47:45Z</time>
			</trkpt>
			<trkpt lat="45.52032583355719" lon="15.152640588758329">
				<ele>258.11615316476673</ele>
				<time>2024-07-13T17:47:48Z</time>
			</trkpt>
			<trkpt lat="45.52034245521881" lon="15.152621046494456">
				<ele>257.64808198530227</ele>
				<time>2024-07-13T17:47:50Z</time>
			</trkpt>
			<trkpt lat="45.52036140778263" lon="15.152619504816995">
				<ele>258.63485665339977</ele>
				<time>2024-07-13T17:47:53Z</time>
			</trkpt>
			<trkpt lat="45.520388354274814" lon="15.152605361051632">
				<ele>259.45782164670527</ele>
				<time>2024-07-13T17:47:59Z</time>
			</trkpt>
			<trkpt lat="45.52037039633518" lon="15.152612576482712">
				<ele>259.39929090440273</ele>
				<time>2024-07-13T17:48:00Z</time>
			</trkpt>
			<trkpt lat="45.520374755940395" lon="15.15258486632255">
				<ele>259.35844247974455</ele>
				<time>2024-07-13T17:48:01Z</time>
			</trkpt>
			<trkpt lat="45.52037765189184" lon="15.152557040943307">
				<ele>259.18299842625856</ele>
				<time>2024-07-13T17:48:02Z</time>
			</trkpt>
			<trkpt lat="45.52039629693348" lon="15.152534092224757">
				<ele>259.60403616540134</ele>
				<time>2024-07-13T17:48:06Z</time>
			</trkpt>
			<trkpt lat="45.52043563224821" lon="15.152519267174183">
				<ele>259.2488408796489</ele>
				<time>2024-07-13T17:48:10Z</time>
			</trkpt>
			<trkpt lat="45.52046398999802" lon="15.152498852223266">
				<ele>259.53769416641444</ele>
				<time>2024-07-13T17:48:11Z</time>
			</trkpt>
			<trkpt lat="45.52046547897943" lon="15.152530042349664">
				<ele>260.3496872400865</ele>
				<time>2024-07-13T17:48:14Z</time>
			</trkpt>
			<trkpt lat="45.52046635287546" lon="15.152485519618974">
				<ele>260.4112198315561</ele>
				<time>2024-07-13T17:48:17Z</time>
			</trkpt>
			<trkpt lat="45.52044798909037" lon="15.15248775550194">
				<ele>260.30511633865535</ele>
				<time>2024-07-13T17:48:19Z</time>
			</trkpt>
			<trkpt lat="45.52045299413687" lon="15.152457171883722">
				<ele>260.4440961452201</ele>
				<time>2024-07-13T17:48:20Z</time>
			</trkpt>
			<trkpt lat="45.52045730999872" lon="15.152432259814798">
				<ele>260.4486625287682</ele>
				<time>2024-07-13T17:48:24Z</time>
			</trkpt>
			<trkpt lat="45.52047779053823" lon="15.152417682974388">
				<ele>260.2278407951817</ele>
				<time>2024-07-13T17:48:25Z</time>
			</trkpt>
			<trkpt lat="45.52051489567641" lon="15.15240658746481">
				<ele>261.1675539109856</ele>
				<time>2024-07-13T17:48:32Z</time>
			</trkpt>
			<trkpt lat="45.52052667676635" lon="15.152428281641145">
				<ele>261.94306124188006</ele>
				<time>2024-07-13T17:48:33Z</time>
			</trkpt>
			<trkpt lat="45.52051112425881" lon="15.152404157045874">
				<ele>261.62668546661735</ele>
				<time>2024-07-13T17:48:35Z</time>
			</trkpt>
			<trkpt lat="45.520558678614734" lon="15.152362607240937">
				<ele>262.3778718849644</ele>
				<time>2024-07-13T17:48:36Z</time>
			</trkpt>
			<trkpt lat="45.52052611181944" lon="15.152383206121998">
				<ele>261.91759047377855</ele>
				<time>2024-07-13T17:48:37Z</time>
			</trkpt>
			<trkpt lat="45.52051764819463" lon="15.15235999377905">
				<ele>261.9043459231034</ele>
				<time>2024-07-13T17:48:40Z</time>
			</trkpt>
			<trkpt lat="45.520535385519466" lon="15.152330801230512">
				<ele>261.8071995675564</ele>
				<time>2024-07-13T17:48:42Z</time>
			</trkpt>
			<trkpt lat="45.52056022543053" lon="15.152318723708728">
				<ele>261.2979039205238</ele>
				<time>2024-07-13T17:48:44Z</time>
			</trkpt>
			<trkpt lat="45.52058688335525" lon="15.152287609044256">
				<ele>261.3953141886741</ele>
				<time>2024-07-13T17:48:45Z</time>
			</trkpt>
			<trkpt lat="45.520579357902015" lon="15.152221604142337">
				<ele>262.5234509073198</ele>
				<time>2024-07-13T17:48:51Z</time>
			</trkpt>
			<trkpt lat="45.52060814911751" lon="15.15223917384187">
				<ele>262.7136380877346</ele>
				<time>2024-07-13T17:48:52Z</time>
			</trkpt>
			<trkpt lat="45.52061857413441" lon="15.152264530518824">
				<ele>262.65770186297596</ele>
				<time>2024-07-13T17:48:55Z</time>
			</trkpt>
			<trkpt lat="45.52058957121104" lon="15.15228593957515">
				<ele>262.1656724475324</ele>
				<time>2024-07-13T17:48:56Z</time>
			</trkpt>
			<trkpt lat="45.5206134163034" lon="15.15224901316978">
				<ele>262.5598482452333</ele>
				<time>2024-07-13T17:48:58Z</time>
			</trkpt>
			<trkpt lat="45.5206331301016" lon="15.15224143195676">
				<ele>263.0661769518629</ele>
				<time>2024-07-13T17:49:00Z</time>
			</trkpt>
			<trkpt lat="45.52065774631174" lon="15.1522300751944">
				<ele>263.2442300543189</ele>
				<time>2024-07-13T17:49:03Z</time>
			</trkpt>
			<trkpt lat="45.52065775986349" lon="15.152204370433322">
				<ele>263.03908730391413</ele>
				<time>2024-07-13T17:49:05Z</time>
			</trkpt>
			<trkpt lat="45.52064198037128" lon="15.152170280804327">
				<ele>263.00996801350266</ele>
				<time>2024-07-13T17:49:09Z</time>
			</trkpt>
			<trkpt lat="45.52069809198823" lon="15.15216632270288">
				<ele>263.6192727126181</ele>
				<time>2024-07-13T17:49:12Z</time>
			</trkpt>
			<trkpt lat="45.520715857007254" lon="15.152148674117292">
				<ele>263.8409180082381</ele>
				<time>2024-07-13T17:49:15Z</time>
			</trkpt>
			<trkpt lat="45.520734055450795" lon="15.152136652926936">
				<ele>264.2418018160388</ele>
				<time>2024-07-13T17:49:16Z</time>
			</trkpt>
			<trkpt lat="45.52075003699702" lon="15.152122573753264">
				<ele>264.1940462598577</ele>
				<time>2024-07-13T17:49:17Z</time>
			</trkpt>
			<trkpt lat="45.52073782967215" lon="15.152142411414">
				<ele>263.71852136962116</ele>
				<time>2024-07-13T17:49:19Z</time>
			</trkpt>
			<trkpt lat="45.520736748650435" lon="15.152114013090753">
				<ele>263.81593699380755</ele>
				<time>2024-07-13T17:49:22Z</time>
			</trkpt>
			<trkpt lat="45.52072516302243" lon="15.1520842602793">
				<ele>263.8843365442008</ele>
				<time>2024-07-13T17:49:23Z</time>
			</trkpt>
			<trkpt lat="45.52074195929092" lon="15.152060188801691">
				<ele>264.0115838786587</ele>
				<time>2024-07-13T17:49:24Z</time>
			</trkpt>
			<trkpt lat="45.52076291778167" lon="15.15207328228616">
				<ele>264.4224482662976</ele>
				<time>2024-07-13T17:49:27Z</time>
			</trkpt>
			<trkpt lat="45.5207646099292" lon="15.15210404138339">
				<ele>264.6101134652272</ele>
				<time>2024-07-13T17:49:28Z</time>
			</trkpt>
			<trkpt lat="45.52076260791066" lon="15.152074829693277">
				<ele>264.7238945290446</ele>
				<time>2024-07-13T17:49:29Z</time>
			</trkpt>
			<trkpt lat="45.52079128318297" lon="15.15203871289405">
				<ele>264.92215213458985</ele>
				<time>2024-07-13T17:49:32Z</time>
			</trkpt>
			<trkpt lat="45.520786921600255" lon="15.152000780218316">
				<ele>265.2379101142287</ele>
				<time>2024-07-13T17:49:35Z</time>
			</trkpt>
			<trkpt lat="45.52080327260346" lon="15.152033222241593">
				<ele>265.5811918079853</ele>
				<time>2024-07-13T17:49:36Z</time>
			</trkpt>
			<trkpt lat="45.52078353796448" lon="15.152048238934313">
				<ele>265.3214994184673</ele>
				<time>2024-07-13T17:49:39Z</time>
			</trkpt>
			<trkpt lat="45.52080182882672" lon="15.15204058154872">
				<ele>265.44834811240435</ele>
				<time>2024-07-13T17:49:42Z</time>
			</trkpt>
			<trkpt lat="45.52080415970188" lon="15.151990536381742">
				<ele>265.7374990666285</ele>
				<time>2024-07-13T17:49:43Z</time>
			</trkpt>
			<trkpt lat="45.52081272995104" lon="15.15194919108704">
				<ele>266.35312994290143</ele>
				<time>2024-07-13T17:49:45Z</time>
			</trkpt>
			<trkpt lat="45.520802162051844" lon="15.151980248866506">
				<ele>266.0517955105752</ele>
				<time>2024-07-13T17:49:46Z</time>
			</trkpt>
			<trkpt lat="45.520824356632474" lon="15.15197651132444">
				<ele>266.3308893321082</ele>
				<time>2024-07-13T17:49:49Z</time>
			</trkpt>
			<trkpt lat="45.52085036617427" lon="15.15194309752289">
				<ele>266.29253101721406</ele>
				<time>2024-07-13T17:49:52Z</time>
			</trkpt>
			<trkpt lat="45.52087883796055" lon="15.151920914170944">
				<ele>265.9639599714428</ele>
				<time>2024-07-13T17:49:53Z</time>
			</trkpt>
			<trkpt lat="45.52085910557729" lon="15.151940963942206">
				<ele>265.6865700921044</ele>
				<time>2024-07-13T17:49:55Z</time>
			</trkpt>
			<trkpt lat="45.520877271945075" lon="15.151926879479465">
				<ele>265.70129526779056</ele>
				<time>2024-07-13T17:49:57Z</time>
			</trkpt>
			<trkpt lat="45.520886099405374" lon="15.151886861071024">
				<ele>266.056805646047</ele>
				<time>2024-07-13T17:50:00Z</time>
			</trkpt>
			<trkpt lat="45.52088764524536" lon="15.151857395047408">
				<ele>266.1481462949887</ele>
				<time>2024-07-13T17:50:02Z</time>
			</trkpt>
			<trkpt lat="45.52085411467649" lon="15.151879448660054">
				<ele>266.43967515416443</ele>
				<time>2024-07-13T17:50:03Z</time>
			</trkpt>
			<trkpt lat="45.52088284957191" lon="15.151848815459827">
				<ele>266.91574542596936</ele>
				<time>2024-07-13T17:50:04Z</time>
			</trkpt>
			<trkpt lat="45.52091372825092" lon="15.151828425352127">
				<ele>267.36473680566996</ele>
				<time>2024-07-13T17:50:05Z</time>
			</trkpt>
			<trkpt lat="45.520933136420716" lon="15.151811427078">
				<ele>267.59445644542575</ele>
				<time>2024-07-13T17:50:09Z</time>
			</trkpt>
			<trkpt lat="45.52095331326299" lon="15.15180769430607">
				<ele>267.48102483712137</ele>
				<time>2024-07-13T17:50:18Z</time>
			</trkpt>
			<trkpt lat="45.52097182694747" lon="15.151786685976392">
				<ele>268.56242021359503</ele>
				<time>2024-07-13T17:50:22Z</time>
			</trkpt>
			<trkpt lat="45.52098301018628" lon="15.151753617823287">
				<ele>269.7138711931184</ele>
				<time>2024-07-13T17:50:26Z</time>
			</trkpt>
			<trkpt lat="45.52099511617852" lon="15.151730367071739">
				<ele>270.0226201778278</ele>
				<time>2024-07-13T17:50:31Z</time>
			</trkpt>
			<trkpt lat="45.52100643545986" lon="15.151703685907425">
				<ele>269.6297031752765</ele>
				<time>2024-07-13T17:50:33Z</time>
			</trkpt>
			<trkpt lat="45.52102705818899" lon="15.151698251890375">
				<ele>270.8289783988148</ele>
				<time>2024-07-13T17:50:38Z</time>
			</trkpt>
			<trkpt lat="45.52104041226582" lon="15.151674297932164">
				<ele>270.05903009139</ele>
				<time>2024-07-13T17:50:40Z</time>
			</trkpt>
			<trkpt lat="45.52106057502975" lon="15.151666518780226">
				<ele>272.531421193853</ele>
				<time>2024-07-13T17:50:46Z</time>
			</trkpt>
			<trkpt lat="45.521076374840995" lon="15.151645091745847">
				<ele>274.09140524454415</ele>
				<time>2024-07-13T17:50:49Z</time>
			</trkpt>
			<trkpt lat="45.52109936282742" lon="15.151650628362209">
				<ele>273.3859065640718</ele>
				<time>2024-07-13T17:50:52Z</time>
			</trkpt>
			<trkpt lat="45.521119506036996" lon="15.151619003435236">
				<ele>273.60856592375785</ele>
				<time>2024-07-13T17:50:55Z</time>
			</trkpt>
			<trkpt lat="45.52113483376425" lon="15.151588517780176">
				<ele>272.16959227249026</ele>
				<time>2024-07-13T17:50:59Z</time>
			</trkpt>
			<trkpt lat="45.52114489037087" lon="15.15155932668921">
				<ele>272.01172048132867</ele>
				<time>2024-07-13T17:51:02Z</time>
			</trkpt>
			<trkpt lat="45.521160084330525" lon="15.151528085805946">
				<ele>271.0924373222515</ele>
				<time>2024-07-13T17:51:05Z</time>
			</trkpt>
			<trkpt lat="45.52118408449186" lon="15.151519511258705">
				<ele>271.76585813518614</ele>
				<time>2024-07-13T17:51:09Z</time>
			</trkpt>
			<trkpt lat="45.52120834461953" lon="15.15151279432744">
				<ele>272.6121769612655</ele>
				<time>2024-07-13T17:51:13Z</time>
			</trkpt>
			<trkpt lat="45.521230677126596" lon="15.15148626232085">
				<ele>273.512639766559</ele>
				<time>2024-07-13T17:51:15Z</time>
			</trkpt>
			<trkpt lat="45.521249098375776" lon="15.151476321449472">
				<ele>273.83864988107234</ele>
				<time>2024-07-13T17:51:17Z</time>
			</trkpt>
			<trkpt lat="45.52128209849306" lon="15.151473360030463">
				<ele>273.3073248844594</ele>
				<time>2024-07-13T17:51:25Z</time>
			</trkpt>
			<trkpt lat="45.52130175654959" lon="15.15146861892311">
				<ele>274.52417479641736</ele>
				<time>2024-07-13T17:51:31Z</time>
			</trkpt>
			<trkpt lat="45.52132575114616" lon="15.15145747326431">
				<ele>274.92580128554255</ele>
				<time>2024-07-13T17:51:34Z</time>
			</trkpt>
			<trkpt lat="45.52134601745355" lon="15.151452873584873">
				<ele>274.44508364703506</ele>
				<time>2024-07-13T17:51:36Z</time>
			</trkpt>
			<trkpt lat="45.521374763419665" lon="15.151431213623235">
				<ele>274.69324703514576</ele>
				<time>2024-07-13T17:51:38Z</time>
			</trkpt>
			<trkpt lat="45.52139764344313" lon="15.151426261962717">
				<ele>276.4374197414145</ele>
				<time>2024-07-13T17:51:42Z</time>
			</trkpt>
			<trkpt lat="45.521422933435055" lon="15.151413449531573">
				<ele>276.5034604202956</ele>
				<time>2024-07-13T17:51:44Z</time>
			</trkpt>
			<trkpt lat="45.52144342449102" lon="15.1514091089371">
				<ele>276.9235661858693</ele>
				<time>2024-07-13T17:51:46Z</time>
			</trkpt>
			<trkpt lat="45.52146640186571" lon="15.151396886156954">
				<ele>277.7598218964413</ele>
				<time>2024-07-13T17:51:48Z</time>
			</trkpt>
			<trkpt lat="45.52150371425184" lon="15.151390686268947">
				<ele>277.15627092309296</ele>
				<time>2024-07-13T17:51:52Z</time>
			</trkpt>
			<trkpt lat="45.52152366043014" lon="15.15137176189085">
				<ele>277.35080127231777</ele>
				<time>2024-07-13T17:51:55Z</time>
			</trkpt>
			<trkpt lat="45.5215519385772" lon="15.151372515225138">
				<ele>278.81573397573084</ele>
				<time>2024-07-13T17:51:58Z</time>
			</trkpt>
			<trkpt lat="45.52157331918226" lon="15.15135888376496">
				<ele>279.1280931867659</ele>
				<time>2024-07-13T17:52:00Z</time>
			</trkpt>
			<trkpt lat="45.52160011429508" lon="15.151337147954784">
				<ele>277.60179289244115</ele>
				<time>2024-07-13T17:52:02Z</time>
			</trkpt>
			<trkpt lat="45.52162449479427" lon="15.151328625696864">
				<ele>278.4058139063418</ele>
				<time>2024-07-13T17:52:05Z</time>
			</trkpt>
			<trkpt lat="45.52164730527472" lon="15.151312456080529">
				<ele>279.8335758987814</ele>
				<time>2024-07-13T17:52:11Z</time>
			</trkpt>
			<trkpt lat="45.5216682408253" lon="15.151302784457357">
				<ele>279.75418132636696</ele>
				<time>2024-07-13T17:52:15Z</time>
			</trkpt>
			<trkpt lat="45.5216887643272" lon="15.15127195492953">
				<ele>279.47719867620617</ele>
				<time>2024-07-13T17:52:18Z</time>
			</trkpt>
			<trkpt lat="45.52170455775281" lon="15.151259492608762">
				<ele>279.77828660979867</ele>
				<time>2024-07-13T17:52:22Z</time>
			</trkpt>
			<trkpt lat="45.52171829928064" lon="15.1512397333722">
				<ele>279.3579831123352</ele>
				<time>2024-07-13T17:52:25Z</time>
			</trkpt>
			<trkpt lat="45.521732737916274" lon="15.151220846013848">
				<ele>279.6636839117855</ele>
				<time>2024-07-13T17:52:29Z</time>
			</trkpt>
			<trkpt lat="45.521751297454124" lon="15.151203886417528">
				<ele>280.1099943285808</ele>
				<time>2024-07-13T17:52:31Z</time>
			</trkpt>
			<trkpt lat="45.52176912184878" lon="15.151178297713718">
				<ele>280.0090556340292</ele>
				<time>2024-07-13T17:52:33Z</time>
			</trkpt>
			<trkpt lat="45.52178482904875" lon="15.151160683409216">
				<ele>280.05418386589736</ele>
				<time>2024-07-13T17:52:35Z</time>
			</trkpt>
			<trkpt lat="45.52180675998865" lon="15.15113195572429">
				<ele>280.12186820525676</ele>
				<time>2024-07-13T17:52:39Z</time>
			</trkpt>
			<trkpt lat="45.52182074097127" lon="15.151107905819295">
				<ele>279.9701098538935</ele>
				<time>2024-07-13T17:52:41Z</time>
			</trkpt>
			<trkpt lat="45.52183438252324" lon="15.151086699156375">
				<ele>280.4504065196961</ele>
				<time>2024-07-13T17:52:44Z</time>
			</trkpt>
			<trkpt lat="45.52185392952724" lon="15.151074651083352">
				<ele>282.15480958204716</ele>
				<time>2024-07-13T17:52:47Z</time>
			</trkpt>
			<trkpt lat="45.52186342323138" lon="15.151049089642662">
				<ele>283.5520745385438</ele>
				<time>2024-07-13T17:52:50Z</time>
			</trkpt>
			<trkpt lat="45.52187162650268" lon="15.151024117162502">
				<ele>282.9730812776834</ele>
				<time>2024-07-13T17:52:52Z</time>
			</trkpt>
			<trkpt lat="45.521883538026216" lon="15.150993330527598">
				<ele>283.1058368673548</ele>
				<time>2024-07-13T17:52:54Z</time>
			</trkpt>
			<trkpt lat="45.52190513095533" lon="15.150962732507598">
				<ele>283.24546640738845</ele>
				<time>2024-07-13T17:52:58Z</time>
			</trkpt>
			<trkpt lat="45.5219186690792" lon="15.150940426072939">
				<ele>283.1736508915201</ele>
				<time>2024-07-13T17:53:01Z</time>
			</trkpt>
			<trkpt lat="45.5219328905736" lon="15.150922722215565">
				<ele>283.7327885227278</ele>
				<time>2024-07-13T17:53:04Z</time>
			</trkpt>
			<trkpt lat="45.52194786332425" lon="15.150905581984825">
				<ele>283.8757916595787</ele>
				<time>2024-07-13T17:53:06Z</time>
			</trkpt>
			<trkpt lat="45.52196252455685" lon="15.150875081951892">
				<ele>284.1556487279013</ele>
				<time>2024-07-13T17:53:10Z</time>
			</trkpt>
			<trkpt lat="45.52197402262813" lon="15.150845598578757">
				<ele>283.830246726051</ele>
				<time>2024-07-13T17:53:14Z</time>
			</trkpt>
			<trkpt lat="45.521986819846006" lon="15.150804408448627">
				<ele>284.18321030959487</ele>
				<time>2024-07-13T17:53:18Z</time>
			</trkpt>
			<trkpt lat="45.52200067390303" lon="15.150786505809963">
				<ele>283.87993236165494</ele>
				<time>2024-07-13T17:53:22Z</time>
			</trkpt>
			<trkpt lat="45.52199752175479" lon="15.15074091918219">
				<ele>283.4831514135003</ele>
				<time>2024-07-13T17:53:25Z</time>
			</trkpt>
			<trkpt lat="45.5219905460611" lon="15.150777271902374">
				<ele>283.0184210045263</ele>
				<time>2024-07-13T17:53:28Z</time>
			</trkpt>
			<trkpt lat="45.52198787562127" lon="15.150749430126147">
				<ele>283.32319376431406</ele>
				<time>2024-07-13T17:53:33Z</time>
			</trkpt>
			<trkpt lat="45.5220409862401" lon="15.150640005885954">
				<ele>283.6410816749558</ele>
				<time>2024-07-13T17:53:44Z</time>
			</trkpt>
			<trkpt lat="45.522052318026354" lon="15.150671603574622">
				<ele>283.3990372698754</ele>
				<time>2024-07-13T17:53:49Z</time>
			</trkpt>
			<trkpt lat="45.52203243136343" lon="15.150675965510498">
				<ele>281.4000391578302</ele>
				<time>2024-07-13T17:53:52Z</time>
			</trkpt>
			<trkpt lat="45.52204169470107" lon="15.150651633467072">
				<ele>284.5751759642735</ele>
				<time>2024-07-13T17:53:58Z</time>
			</trkpt>
			<trkpt lat="45.52206304805024" lon="15.150628068564899">
				<ele>285.3293855013326</ele>
				<time>2024-07-13T17:54:00Z</time>
			</trkpt>
			<trkpt lat="45.522067104353006" lon="15.150596681321455">
				<ele>285.898048017174</ele>
				<time>2024-07-13T17:54:04Z</time>
			</trkpt>
			<trkpt lat="45.52206667297044" lon="15.15055783067624">
				<ele>285.4338150713593</ele>
				<time>2024-07-13T17:54:06Z</time>
			</trkpt>
			<trkpt lat="45.52207268275926" lon="15.150528472774678">
				<ele>284.6802161876112</ele>
				<time>2024-07-13T17:54:09Z</time>
			</trkpt>
			<trkpt lat="45.52207533297332" lon="15.150497991794232">
				<ele>284.3497577216476</ele>
				<time>2024-07-13T17:54:11Z</time>
			</trkpt>
			<trkpt lat="45.522088338181184" lon="15.150468798543407">
				<ele>284.19747944828123</ele>
				<time>2024-07-13T17:54:13Z</time>
			</trkpt>
			<trkpt lat="45.52209398870083" lon="15.150443503817321">
				<ele>283.55393971689045</ele>
				<time>2024-07-13T17:54:15Z</time>
			</trkpt>
			<trkpt lat="45.52210464097103" lon="15.150464556476678">
				<ele>283.3067412665114</ele>
				<time>2024-07-13T17:54:17Z</time>
			</trkpt>
			<trkpt lat="45.522105233452415" lon="15.150432174912273">
				<ele>284.01818986888975</ele>
				<time>2024-07-13T17:54:20Z</time>
			</trkpt>
			<trkpt lat="45.5221032291396" lon="15.150398301125698">
				<ele>284.5688336947933</ele>
				<time>2024-07-13T17:54:23Z</time>
			</trkpt>
			<trkpt lat="45.52209954888072" lon="15.15036451283502">
				<ele>284.70199499465525</ele>
				<time>2024-07-13T17:54:27Z</time>
			</trkpt>
			<trkpt lat="45.52211266871397" lon="15.150339365555828">
				<ele>285.85115822032094</ele>
				<time>2024-07-13T17:54:29Z</time>
			</trkpt>
			<trkpt lat="45.522127652033355" lon="15.150314224659418">
				<ele>286.70963528659195</ele>
				<time>2024-07-13T17:54:31Z</time>
			</trkpt>
			<trkpt lat="45.522133156778324" lon="15.15028813297179">
				<ele>288.0199106419459</ele>
				<time>2024-07-13T17:54:34Z</time>
			</trkpt>
			<trkpt lat="45.52214851853126" lon="15.150265784906525">
				<ele>290.03805681783706</ele>
				<time>2024-07-13T17:54:37Z</time>
			</trkpt>
			<trkpt lat="45.52215474744217" lon="15.150237095173809">
				<ele>291.10152740590274</ele>
				<time>2024-07-13T17:54:40Z</time>
			</trkpt>
			<trkpt lat="45.52216252260014" lon="15.150189904636964">
				<ele>290.1690561072901</ele>
				<time>2024-07-13T17:54:43Z</time>
			</trkpt>
			<trkpt lat="45.52216291670394" lon="15.150157424616873">
				<ele>291.1120822131634</ele>
				<time>2024-07-13T17:54:45Z</time>
			</trkpt>
			<trkpt lat="45.52216721673557" lon="15.150123785906295">
				<ele>290.4328006906435</ele>
				<time>2024-07-13T17:54:48Z</time>
			</trkpt>
			<trkpt lat="45.522165695096454" lon="15.150093400185762">
				<ele>290.83777283877134</ele>
				<time>2024-07-13T17:54:50Z</time>
			</trkpt>
			<trkpt lat="45.52215810476759" lon="15.150066107906637">
				<ele>290.00467395968735</ele>
				<time>2024-07-13T17:54:54Z</time>
			</trkpt>
			<trkpt lat="45.52215711876613" lon="15.150035595233682">
				<ele>289.8708331650123</ele>
				<time>2024-07-13T17:54:55Z</time>
			</trkpt>
			<trkpt lat="45.52215020609932" lon="15.149996178929676">
				<ele>289.8865031329915</ele>
				<time>2024-07-13T17:54:57Z</time>
			</trkpt>
			<trkpt lat="45.52215300144645" lon="15.149956415392632">
				<ele>290.82518917229027</ele>
				<time>2024-07-13T17:55:01Z</time>
			</trkpt>
			<trkpt lat="45.52215046005596" lon="15.149915854684">
				<ele>290.33667097147554</ele>
				<time>2024-07-13T17:55:04Z</time>
			</trkpt>
			<trkpt lat="45.52216038807067" lon="15.149878103470138">
				<ele>292.069037951529</ele>
				<time>2024-07-13T17:55:09Z</time>
			</trkpt>
			<trkpt lat="45.52215923587619" lon="15.149851784834272">
				<ele>292.03662021365017</ele>
				<time>2024-07-13T17:55:10Z</time>
			</trkpt>
			<trkpt lat="45.52216222775987" lon="15.149817584092988">
				<ele>291.9915821310133</ele>
				<time>2024-07-13T17:55:14Z</time>
			</trkpt>
			<trkpt lat="45.52215761077381" lon="15.149787352434055">
				<ele>290.95541993156075</ele>
				<time>2024-07-13T17:55:16Z</time>
			</trkpt>
			<trkpt lat="45.52215656386755" lon="15.14975865038198">
				<ele>291.4209308773279</ele>
				<time>2024-07-13T17:55:19Z</time>
			</trkpt>
			<trkpt lat="45.522152709897" lon="15.1497257104658">
				<ele>291.0637330180034</ele>
				<time>2024-07-13T17:55:20Z</time>
			</trkpt>
			<trkpt lat="45.52216491757265" lon="15.14970352801172">
				<ele>292.37025273032486</ele>
				<time>2024-07-13T17:55:25Z</time>
			</trkpt>
			<trkpt lat="45.52217009432404" lon="15.149671479106228">
				<ele>292.1761485124007</ele>
				<time>2024-07-13T17:55:27Z</time>
			</trkpt>
			<trkpt lat="45.52217270650089" lon="15.149633191981009">
				<ele>292.01488056592643</ele>
				<time>2024-07-13T17:55:30Z</time>
			</trkpt>
			<trkpt lat="45.52216206109316" lon="15.149611135531106">
				<ele>291.72588641103357</ele>
				<time>2024-07-13T17:55:33Z</time>
			</trkpt>
			<trkpt lat="45.52218134344167" lon="15.149575317430093">
				<ele>291.72465689945966</ele>
				<time>2024-07-13T17:55:37Z</time>
			</trkpt>
			<trkpt lat="45.52217072455814" lon="15.14954674670979">
				<ele>291.64016660116613</ele>
				<time>2024-07-13T17:55:39Z</time>
			</trkpt>
			<trkpt lat="45.522166310918145" lon="15.14952169538192">
				<ele>291.4092408483848</ele>
				<time>2024-07-13T17:55:42Z</time>
			</trkpt>
			<trkpt lat="45.522164618478556" lon="15.149477893701626">
				<ele>292.6267121201381</ele>
				<time>2024-07-13T17:55:46Z</time>
			</trkpt>
			<trkpt lat="45.52216636635122" lon="15.149441134464197">
				<ele>293.82885384373367</ele>
				<time>2024-07-13T17:55:50Z</time>
			</trkpt>
			<trkpt lat="45.52216684313513" lon="15.14941003143325">
				<ele>293.5158762531355</ele>
				<time>2024-07-13T17:55:52Z</time>
			</trkpt>
			<trkpt lat="45.52216793287217" lon="15.149375040092679">
				<ele>293.99025102797896</ele>
				<time>2024-07-13T17:55:56Z</time>
			</trkpt>
			<trkpt lat="45.52216975875148" lon="15.149342015201103">
				<ele>294.33607038948685</ele>
				<time>2024-07-13T17:55:58Z</time>
			</trkpt>
			<trkpt lat="45.52218694762211" lon="15.149330106727485">
				<ele>296.3465859796852</ele>
				<time>2024-07-13T17:56:00Z</time>
			</trkpt>
			<trkpt lat="45.52219498799228" lon="15.149294473302088">
				<ele>296.57321548089385</ele>
				<time>2024-07-13T17:56:04Z</time>
			</trkpt>
			<trkpt lat="45.52219660703309" lon="15.149261894831996">
				<ele>295.8038505418226</ele>
				<time>2024-07-13T17:56:07Z</time>
			</trkpt>
			<trkpt lat="45.52219541726069" lon="15.149232118742466">
				<ele>296.90092146769166</ele>
				<time>2024-07-13T17:56:11Z</time>
			</trkpt>
			<trkpt lat="45.52220215086554" lon="15.149204519129302">
				<ele>296.6470010327175</ele>
				<time>2024-07-13T17:56:12Z</time>
			</trkpt>
			<trkpt lat="45.52221224774406" lon="15.149178901557015">
				<ele>296.93309977278113</ele>
				<time>2024-07-13T17:56:16Z</time>
			</trkpt>
			<trkpt lat="45.522210781044684" lon="15.149147450141065">
				<ele>296.97843686584383</ele>
				<time>2024-07-13T17:56:20Z</time>
			</trkpt>
			<trkpt lat="45.52221747726182" lon="15.149118842057858">
				<ele>297.2910545002669</ele>
				<time>2024-07-13T17:56:22Z</time>
			</trkpt>
			<trkpt lat="45.52220474477001" lon="15.149087199085658">
				<ele>297.7742508100346</ele>
				<time>2024-07-13T17:56:25Z</time>
			</trkpt>
			<trkpt lat="45.52221654405578" lon="15.149067492379062">
				<ele>298.2050808975473</ele>
				<time>2024-07-13T17:56:28Z</time>
			</trkpt>
			<trkpt lat="45.522220445214984" lon="15.14903822161728">
				<ele>297.6901503764093</ele>
				<time>2024-07-13T17:56:32Z</time>
			</trkpt>
			<trkpt lat="45.522229287161366" lon="15.149012008029894">
				<ele>297.28128562960774</ele>
				<time>2024-07-13T17:56:35Z</time>
			</trkpt>
			<trkpt lat="45.52223884017058" lon="15.148983355400334">
				<ele>297.0048032188788</ele>
				<time>2024-07-13T17:56:38Z</time>
			</trkpt>
			<trkpt lat="45.522242921362555" lon="15.148957752334086">
				<ele>296.14890322554857</ele>
				<time>2024-07-13T17:56:40Z</time>
			</trkpt>
			<trkpt lat="45.52225876653234" lon="15.148931364117612">
				<ele>297.2223245417699</ele>
				<time>2024-07-13T17:56:44Z</time>
			</trkpt>
			<trkpt lat="45.5222718414258" lon="15.148912577513247">
				<ele>299.0836896682158</ele>
				<time>2024-07-13T17:56:48Z</time>
			</trkpt>
			<trkpt lat="45.52226509826508" lon="15.148873315744959">
				<ele>298.6899239178747</ele>
				<time>2024-07-13T17:56:51Z</time>
			</trkpt>
			<trkpt lat="45.52227043609243" lon="15.14884094508053">
				<ele>298.2936638845131</ele>
				<time>2024-07-13T17:56:54Z</time>
			</trkpt>
			<trkpt lat="45.522279064760035" lon="15.148817590806374">
				<ele>297.9864542828873</ele>
				<time>2024-07-13T17:56:56Z</time>
			</trkpt>
			<trkpt lat="45.52228891351902" lon="15.148789578976773">
				<ele>299.6073820795864</ele>
				<time>2024-07-13T17:57:00Z</time>
			</trkpt>
			<trkpt lat="45.52229163746234" lon="15.148754195284381">
				<ele>299.7743972511962</ele>
				<time>2024-07-13T17:57:02Z</time>
			</trkpt>
			<trkpt lat="45.52229583436538" lon="15.148718104644072">
				<ele>299.09075354319066</ele>
				<time>2024-07-13T17:57:05Z</time>
			</trkpt>
			<trkpt lat="45.522311294470455" lon="15.14868201150961">
				<ele>298.15456371661276</ele>
				<time>2024-07-13T17:57:08Z</time>
			</trkpt>
			<trkpt lat="45.52231532183795" lon="15.148654254468996">
				<ele>298.7221635216847</ele>
				<time>2024-07-13T17:57:11Z</time>
			</trkpt>
			<trkpt lat="45.52232568166375" lon="15.148632659525067">
				<ele>299.84297304507345</ele>
				<time>2024-07-13T17:57:14Z</time>
			</trkpt>
			<trkpt lat="45.522334644047895" lon="15.148599219904813">
				<ele>300.3833994017914</ele>
				<time>2024-07-13T17:57:17Z</time>
			</trkpt>
			<trkpt lat="45.522349867002674" lon="15.148571844899092">
				<ele>300.30929474532604</ele>
				<time>2024-07-13T17:57:20Z</time>
			</trkpt>
			<trkpt lat="45.52236876876763" lon="15.148536306620162">
				<ele>300.1838398715481</ele>
				<time>2024-07-13T17:57:23Z</time>
			</trkpt>
			<trkpt lat="45.522374365675965" lon="15.148500715555839">
				<ele>300.05489047057927</ele>
				<time>2024-07-13T17:57:26Z</time>
			</trkpt>
			<trkpt lat="45.52238469368964" lon="15.148476650544794">
				<ele>300.68481424916536</ele>
				<time>2024-07-13T17:57:28Z</time>
			</trkpt>
			<trkpt lat="45.5223941655256" lon="15.14844659199481">
				<ele>301.9914822364226</ele>
				<time>2024-07-13T17:57:32Z</time>
			</trkpt>
			<trkpt lat="45.52240444944341" lon="15.148410730896584">
				<ele>302.0851217499003</ele>
				<time>2024-07-13T17:57:35Z</time>
			</trkpt>
			<trkpt lat="45.52241367243002" lon="15.148382123457312">
				<ele>303.02694459445775</ele>
				<time>2024-07-13T17:57:38Z</time>
			</trkpt>
			<trkpt lat="45.522423166647236" lon="15.148354981218315">
				<ele>303.2544034216553</ele>
				<time>2024-07-13T17:57:41Z</time>
			</trkpt>
			<trkpt lat="45.522428012746694" lon="15.148330237790995">
				<ele>302.6430512126535</ele>
				<time>2024-07-13T17:57:43Z</time>
			</trkpt>
			<trkpt lat="45.522423477106635" lon="15.14827931827514">
				<ele>300.5441089635715</ele>
				<time>2024-07-13T17:57:45Z</time>
			</trkpt>
			<trkpt lat="45.522416410025194" lon="15.148251107775133">
				<ele>300.2146266968921</ele>
				<time>2024-07-13T17:57:46Z</time>
			</trkpt>
			<trkpt lat="45.52240193437575" lon="15.148219444005203">
				<ele>300.12685736455023</ele>
				<time>2024-07-13T17:57:48Z</time>
			</trkpt>
			<trkpt lat="45.522400762188326" lon="15.148182460479227">
				<ele>300.156836736016</ele>
				<time>2024-07-13T17:57:51Z</time>
			</trkpt>
			<trkpt lat="45.52238175144626" lon="15.148188175718287">
				<ele>299.80816634744406</ele>
				<time>2024-07-13T17:57:59Z</time>
			</trkpt>
			<trkpt lat="45.522353341415894" lon="15.148213369023752">
				<ele>299.34858169127256</ele>
				<time>2024-07-13T17:58:04Z</time>
			</trkpt>
			<trkpt lat="45.52233328547734" lon="15.148220847643374">
				<ele>299.1507449215278</ele>
				<time>2024-07-13T17:58:09Z</time>
			</trkpt>
			<trkpt lat="45.522315386214366" lon="15.148230263626203">
				<ele>300.8462216369808</ele>
				<time>2024-07-13T17:58:14Z</time>
			</trkpt>
			<trkpt lat="45.52231067233958" lon="15.148256782850634">
				<ele>301.5464918706566</ele>
				<time>2024-07-13T17:58:17Z</time>
			</trkpt>
			<trkpt lat="45.522281487494354" lon="15.14827503691307">
				<ele>300.3820706177503</ele>
				<time>2024-07-13T17:58:19Z</time>
			</trkpt>
			<trkpt lat="45.522261297836714" lon="15.148279606220012">
				<ele>300.44502386264503</ele>
				<time>2024-07-13T17:58:20Z</time>
			</trkpt>
			<trkpt lat="45.52225083601893" lon="15.148305448056801">
				<ele>300.8169163260609</ele>
				<time>2024-07-13T17:58:22Z</time>
			</trkpt>
			<trkpt lat="45.52223452637457" lon="15.148328674197016">
				<ele>301.5326652964577</ele>
				<time>2024-07-13T17:58:26Z</time>
			</trkpt>
			<trkpt lat="45.52221111954236" lon="15.148348135570807">
				<ele>301.7239915365353</ele>
				<time>2024-07-13T17:58:29Z</time>
			</trkpt>
			<trkpt lat="45.522183206139395" lon="15.148374725186626">
				<ele>302.37631093058735</ele>
				<time>2024-07-13T17:58:32Z</time>
			</trkpt>
			<trkpt lat="45.522171574383876" lon="15.148412711728845">
				<ele>301.2807296384126</ele>
				<time>2024-07-13T17:58:35Z</time>
			</trkpt>
			<trkpt lat="45.52215207401944" lon="15.148412020766356">
				<ele>302.7475468330085</ele>
				<time>2024-07-13T17:58:38Z</time>
			</trkpt>
			<trkpt lat="45.5221229171771" lon="15.148437777561753">
				<ele>303.3845073468983</ele>
				<time>2024-07-13T17:58:43Z</time>
			</trkpt>
			<trkpt lat="45.52210857491303" lon="15.148458157449026">
				<ele>303.5464057493955</ele>
				<time>2024-07-13T17:58:46Z</time>
			</trkpt>
			<trkpt lat="45.52209776228307" lon="15.148482457055076">
				<ele>302.99282071366906</ele>
				<time>2024-07-13T17:58:47Z</time>
			</trkpt>
			<trkpt lat="45.52209112147804" lon="15.148514110462326">
				<ele>303.25366964843124</ele>
				<time>2024-07-13T17:58:49Z</time>
			</trkpt>
			<trkpt lat="45.52207579098944" lon="15.148555241711101">
				<ele>301.7912685731426</ele>
				<time>2024-07-13T17:58:52Z</time>
			</trkpt>
			<trkpt lat="45.522048949326084" lon="15.14858337969958">
				<ele>302.11962975468487</ele>
				<time>2024-07-13T17:58:53Z</time>
			</trkpt>
			<trkpt lat="45.52204728913292" lon="15.148610083691766">
				<ele>300.5166952665895</ele>
				<time>2024-07-13T17:58:55Z</time>
			</trkpt>
			<trkpt lat="45.522025795512185" lon="15.148643990861398">
				<ele>300.8729957062751</ele>
				<time>2024-07-13T17:58:59Z</time>
			</trkpt>
			<trkpt lat="45.522031311054214" lon="15.14867314782623">
				<ele>300.412298575975</ele>
				<time>2024-07-13T17:59:03Z</time>
			</trkpt>
			<trkpt lat="45.522023087656066" lon="15.148701390371125">
				<ele>300.91304400004447</ele>
				<time>2024-07-13T17:59:05Z</time>
			</trkpt>
			<trkpt lat="45.52200984512134" lon="15.148724283792454">
				<ele>301.3002618178725</ele>
				<time>2024-07-13T17:59:07Z</time>
			</trkpt>
			<trkpt lat="45.52199643205488" lon="15.148754062453447">
				<ele>300.7300295131281</ele>
				<time>2024-07-13T17:59:09Z</time>
			</trkpt>
			<trkpt lat="45.52198447623649" lon="15.148779943481658">
				<ele>302.0157885327935</ele>
				<time>2024-07-13T17:59:13Z</time>
			</trkpt>
			<trkpt lat="45.52196747934259" lon="15.14879427005151">
				<ele>300.86600495595485</ele>
				<time>2024-07-13T17:59:14Z</time>
			</trkpt>
			<trkpt lat="45.52196935796275" lon="15.148834834869396">
				<ele>300.6624436592683</ele>
				<time>2024-07-13T17:59:17Z</time>
			</trkpt>
			<trkpt lat="45.52197823972823" lon="15.148860323323216">
				<ele>299.25323113333434</ele>
				<time>2024-07-13T17:59:19Z</time>
			</trkpt>
			<trkpt lat="45.52194093276919" lon="15.148854646147377">
				<ele>299.23797220923007</ele>
				<time>2024-07-13T17:59:20Z</time>
			</trkpt>
			<trkpt lat="45.521933949814056" lon="15.14888370187602">
				<ele>298.93871058151126</ele>
				<time>2024-07-13T17:59:22Z</time>
			</trkpt>
			<trkpt lat="45.521924246078804" lon="15.148908716868764">
				<ele>300.09922479931265</ele>
				<time>2024-07-13T17:59:24Z</time>
			</trkpt>
			<trkpt lat="45.52190173784833" lon="15.148925576840973">
				<ele>297.8319830186665</ele>
				<time>2024-07-13T17:59:27Z</time>
			</trkpt>
			<trkpt lat="45.52190994490002" lon="15.148952538496847">
				<ele>297.30688100960106</ele>
				<time>2024-07-13T17:59:28Z</time>
			</trkpt>
			<trkpt lat="45.52190520711309" lon="15.148980525248055">
				<ele>296.93877902813256</ele>
				<time>2024-07-13T17:59:29Z</time>
			</trkpt>
			<trkpt lat="45.52189161686841" lon="15.1490096313138">
				<ele>297.8747801082209</ele>
				<time>2024-07-13T17:59:32Z</time>
			</trkpt>
			<trkpt lat="45.52186868069525" lon="15.149030386983199">
				<ele>298.76656306535006</ele>
				<time>2024-07-13T17:59:34Z</time>
			</trkpt>
			<trkpt lat="45.52184656095794" lon="15.14903333230813">
				<ele>300.26218300126493</ele>
				<time>2024-07-13T17:59:36Z</time>
			</trkpt>
			<trkpt lat="45.52182663067716" lon="15.149061722496723">
				<ele>300.5458572776988</ele>
				<time>2024-07-13T17:59:39Z</time>
			</trkpt>
			<trkpt lat="45.521823759992785" lon="15.149093110156794">
				<ele>299.4558159811422</ele>
				<time>2024-07-13T17:59:41Z</time>
			</trkpt>
			<trkpt lat="45.52180754666774" lon="15.149151477912906">
				<ele>299.96666362322867</ele>
				<time>2024-07-13T17:59:44Z</time>
			</trkpt>
			<trkpt lat="45.52179942220342" lon="15.149176015439895">
				<ele>298.59183520264924</ele>
				<time>2024-07-13T17:59:47Z</time>
			</trkpt>
			<trkpt lat="45.5217818213535" lon="15.149204204100622">
				<ele>298.1043537519872</ele>
				<time>2024-07-13T17:59:49Z</time>
			</trkpt>
			<trkpt lat="45.521783426332554" lon="15.149232014773613">
				<ele>297.16610797680914</ele>
				<time>2024-07-13T17:59:51Z</time>
			</trkpt>
			<trkpt lat="45.521743618161594" lon="15.149232920313597">
				<ele>298.7732998151332</ele>
				<time>2024-07-13T17:59:52Z</time>
			</trkpt>
			<trkpt lat="45.52173507886971" lon="15.149259301074675">
				<ele>299.2717824820429</ele>
				<time>2024-07-13T17:59:54Z</time>
			</trkpt>
			<trkpt lat="45.52170199673015" lon="15.149261628614743">
				<ele>299.0260783424601</ele>
				<time>2024-07-13T17:59:56Z</time>
			</trkpt>
			<trkpt lat="45.52170028224384" lon="15.149293011750336">
				<ele>298.51692358683795</ele>
				<time>2024-07-13T17:59:59Z</time>
			</trkpt>
			<trkpt lat="45.52168391518627" lon="15.149305352393906">
				<ele>298.54693736415356</ele>
				<time>2024-07-13T18:00:01Z</time>
			</trkpt>
			<trkpt lat="45.521662136693486" lon="15.149332638089659">
				<ele>297.46189318038523</ele>
				<time>2024-07-13T18:00:04Z</time>
			</trkpt>
			<trkpt lat="45.52164377869776" lon="15.149351753927682">
				<ele>297.0029116095975</ele>
				<time>2024-07-13T18:00:07Z</time>
			</trkpt>
			<trkpt lat="45.52161582639135" lon="15.149373366745127">
				<ele>298.67414055299014</ele>
				<time>2024-07-13T18:00:11Z</time>
			</trkpt>
			<trkpt lat="45.521592398794056" lon="15.149383668109586">
				<ele>298.4933801693842</ele>
				<time>2024-07-13T18:00:12Z</time>
			</trkpt>
			<trkpt lat="45.52156416227686" lon="15.149412752241195">
				<ele>297.14729978889227</ele>
				<time>2024-07-13T18:00:15Z</time>
			</trkpt>
			<trkpt lat="45.52154599604737" lon="15.1494288509699">
				<ele>296.26425284985453</ele>
				<time>2024-07-13T18:00:17Z</time>
			</trkpt>
			<trkpt lat="45.521564006902345" lon="15.149419157480892">
				<ele>296.473041809164</ele>
				<time>2024-07-13T18:00:18Z</time>
			</trkpt>
			<trkpt lat="45.521535054206744" lon="15.14942851251082">
				<ele>296.83023209217936</ele>
				<time>2024-07-13T18:00:21Z</time>
			</trkpt>
			<trkpt lat="45.52151331880903" lon="15.149429860837957">
				<ele>297.44045467022806</ele>
				<time>2024-07-13T18:00:22Z</time>
			</trkpt>
			<trkpt lat="45.52149119771327" lon="15.149442735321848">
				<ele>298.6068268623203</ele>
				<time>2024-07-13T18:00:24Z</time>
			</trkpt>
			<trkpt lat="45.52146918348124" lon="15.149438308518738">
				<ele>299.2590313833207</ele>
				<time>2024-07-13T18:00:27Z</time>
			</trkpt>
			<trkpt lat="45.52144477477566" lon="15.14946387684701">
				<ele>298.6452744808048</ele>
				<time>2024-07-13T18:00:31Z</time>
			</trkpt>
			<trkpt lat="45.52142394037722" lon="15.149469639767634">
				<ele>298.809240764007</ele>
				<time>2024-07-13T18:00:32Z</time>
			</trkpt>
			<trkpt lat="45.521406417313685" lon="15.149480958156706">
				<ele>299.3474914925173</ele>
				<time>2024-07-13T18:00:37Z</time>
			</trkpt>
			<trkpt lat="45.52138318690677" lon="15.149491217515253">
				<ele>299.6868484467268</ele>
				<time>2024-07-13T18:00:40Z</time>
			</trkpt>
			<trkpt lat="45.52136993990281" lon="15.149509977601797">
				<ele>301.74314936529845</ele>
				<time>2024-07-13T18:00:42Z</time>
			</trkpt>
			<trkpt lat="45.52133105960006" lon="15.149534339781507">
				<ele>303.0011335089803</ele>
				<time>2024-07-13T18:00:46Z</time>
			</trkpt>
			<trkpt lat="45.52132499642554" lon="15.14956464716454">
				<ele>301.65647279750556</ele>
				<time>2024-07-13T18:00:49Z</time>
			</trkpt>
			<trkpt lat="45.52129835971867" lon="15.149603114120762">
				<ele>302.02563271671534</ele>
				<time>2024-07-13T18:00:52Z</time>
			</trkpt>
			<trkpt lat="45.521272738003624" lon="15.149631513679878">
				<ele>300.6906483368948</ele>
				<time>2024-07-13T18:00:55Z</time>
			</trkpt>
			<trkpt lat="45.521254833057625" lon="15.1496499904898">
				<ele>300.189925798215</ele>
				<time>2024-07-13T18:00:57Z</time>
			</trkpt>
			<trkpt lat="45.521251112078716" lon="15.149675453982585">
				<ele>299.78665264416486</ele>
				<time>2024-07-13T18:00:58Z</time>
			</trkpt>
			<trkpt lat="45.52122627584738" lon="15.14968675667374">
				<ele>302.39536977373064</ele>
				<time>2024-07-13T18:01:00Z</time>
			</trkpt>
			<trkpt lat="45.52120026747149" lon="15.149701560505052">
				<ele>302.1603679358959</ele>
				<time>2024-07-13T18:01:03Z</time>
			</trkpt>
			<trkpt lat="45.52118535175777" lon="15.149724478798449">
				<ele>301.9865026436746</ele>
				<time>2024-07-13T18:01:06Z</time>
			</trkpt>
			<trkpt lat="45.52120398847734" lon="15.14973903186483">
				<ele>302.56180964410305</ele>
				<time>2024-07-13T18:01:07Z</time>
			</trkpt>
			<trkpt lat="45.52117847067058" lon="15.149735321826252">
				<ele>302.16108068916947</ele>
				<time>2024-07-13T18:01:09Z</time>
			</trkpt>
			<trkpt lat="45.521161331743016" lon="15.149755241533203">
				<ele>301.82435320690274</ele>
				<time>2024-07-13T18:01:10Z</time>
			</trkpt>
			<trkpt lat="45.52114181095141" lon="15.149769973337921">
				<ele>301.3211384881288</ele>
				<time>2024-07-13T18:01:12Z</time>
			</trkpt>
			<trkpt lat="45.52113004808566" lon="15.149806162803566">
				<ele>300.8854907443747</ele>
				<time>2024-07-13T18:01:15Z</time>
			</trkpt>
			<trkpt lat="45.52110646114616" lon="15.149812650765602">
				<ele>301.95952740032226</ele>
				<time>2024-07-13T18:01:17Z</time>
			</trkpt>
			<trkpt lat="45.5210871959761" lon="15.149820085869287">
				<ele>302.94181384705007</ele>
				<time>2024-07-13T18:01:20Z</time>
			</trkpt>
			<trkpt lat="45.52106596840128" lon="15.149848441051152">
				<ele>303.8031846135855</ele>
				<time>2024-07-13T18:01:22Z</time>
			</trkpt>
			<trkpt lat="45.52105700248938" lon="15.14989508757993">
				<ele>303.7864359524101</ele>
				<time>2024-07-13T18:01:25Z</time>
			</trkpt>
			<trkpt lat="45.52103610531041" lon="15.14990173878404">
				<ele>303.1004973370582</ele>
				<time>2024-07-13T18:01:26Z</time>
			</trkpt>
			<trkpt lat="45.52103270972651" lon="15.149937422886842">
				<ele>302.7617890825495</ele>
				<time>2024-07-13T18:01:29Z</time>
			</trkpt>
			<trkpt lat="45.52101046390258" lon="15.149979012479019">
				<ele>302.8179795863107</ele>
				<time>2024-07-13T18:01:31Z</time>
			</trkpt>
			<trkpt lat="45.52098861383919" lon="15.14998785659132">
				<ele>302.2494774609804</ele>
				<time>2024-07-13T18:01:33Z</time>
			</trkpt>
			<trkpt lat="45.52097628330553" lon="15.150009787279869">
				<ele>303.0414161849767</ele>
				<time>2024-07-13T18:01:35Z</time>
			</trkpt>
			<trkpt lat="45.52096029119225" lon="15.150022123136326">
				<ele>302.11681834049523</ele>
				<time>2024-07-13T18:01:45Z</time>
			</trkpt>
			<trkpt lat="45.520986756530974" lon="15.150057586647852">
				<ele>300.45642052870244</ele>
				<time>2024-07-13T18:02:00Z</time>
			</trkpt>
			<trkpt lat="45.52096013924766" lon="15.150045075887022">
				<ele>299.57953858934343</ele>
				<time>2024-07-13T18:02:01Z</time>
			</trkpt>
			<trkpt lat="45.520947846959274" lon="15.150073290906983">
				<ele>298.9278618078679</ele>
				<time>2024-07-13T18:02:04Z</time>
			</trkpt>
			<trkpt lat="45.520931689330325" lon="15.150091927578929">
				<ele>298.0226867860183</ele>
				<time>2024-07-13T18:02:08Z</time>
			</trkpt>
			<trkpt lat="45.52090794863801" lon="15.150056529126505">
				<ele>297.89591170009226</ele>
				<time>2024-07-13T18:02:16Z</time>
			</trkpt>
			<trkpt lat="45.52090154830049" lon="15.150090471210142">
				<ele>297.5260955709964</ele>
				<time>2024-07-13T18:02:18Z</time>
			</trkpt>
			<trkpt lat="45.520893903287934" lon="15.150123246727919">
				<ele>298.6204586168751</ele>
				<time>2024-07-13T18:02:21Z</time>
			</trkpt>
			<trkpt lat="45.52088353729872" lon="15.150174252634473">
				<ele>298.6815367927775</ele>
				<time>2024-07-13T18:02:22Z</time>
			</trkpt>
			<trkpt lat="45.520863873307256" lon="15.150192769299753">
				<ele>298.06985180824995</ele>
				<time>2024-07-13T18:02:25Z</time>
			</trkpt>
			<trkpt lat="45.52084387706378" lon="15.150206112947501">
				<ele>298.37988843303174</ele>
				<time>2024-07-13T18:02:28Z</time>
			</trkpt>
			<trkpt lat="45.52083654783721" lon="15.150241038145383">
				<ele>297.4101918488741</ele>
				<time>2024-07-13T18:02:32Z</time>
			</trkpt>
			<trkpt lat="45.520810356817684" lon="15.150250279497383">
				<ele>296.4945062873885</ele>
				<time>2024-07-13T18:02:37Z</time>
			</trkpt>
			<trkpt lat="45.52079243438951" lon="15.150282424454275">
				<ele>295.4807090461254</ele>
				<time>2024-07-13T18:02:40Z</time>
			</trkpt>
			<trkpt lat="45.52080208827196" lon="15.15031177436656">
				<ele>294.77583052031696</ele>
				<time>2024-07-13T18:02:43Z</time>
			</trkpt>
			<trkpt lat="45.520790375274466" lon="15.150345545790005">
				<ele>293.1258739978075</ele>
				<time>2024-07-13T18:02:51Z</time>
			</trkpt>
			<trkpt lat="45.52077294822025" lon="15.150365926866812">
				<ele>291.9540107427165</ele>
				<time>2024-07-13T18:03:04Z</time>
			</trkpt>
			<trkpt lat="45.52074907655872" lon="15.150391313146772">
				<ele>288.5688724098727</ele>
				<time>2024-07-13T18:03:11Z</time>
			</trkpt>
			<trkpt lat="45.52073230541173" lon="15.150404178206362">
				<ele>287.1644199322909</ele>
				<time>2024-07-13T18:03:14Z</time>
			</trkpt>
			<trkpt lat="45.520712488747705" lon="15.150414343009809">
				<ele>286.67737319134176</ele>
				<time>2024-07-13T18:03:18Z</time>
			</trkpt>
			<trkpt lat="45.52069399678539" lon="15.15042480431991">
				<ele>288.0337561191991</ele>
				<time>2024-07-13T18:03:24Z</time>
			</trkpt>
			<trkpt lat="45.52070272055407" lon="15.15044874948917">
				<ele>288.6017736848444</ele>
				<time>2024-07-13T18:03:34Z</time>
			</trkpt>
			<trkpt lat="45.52068228139776" lon="15.150422255648197">
				<ele>285.5515135060996</ele>
				<time>2024-07-13T18:03:44Z</time>
			</trkpt>
			<trkpt lat="45.5206700269295" lon="15.150447839969459">
				<ele>285.9392040260136</ele>
				<time>2024-07-13T18:03:49Z</time>
			</trkpt>
			<trkpt lat="45.5206496824085" lon="15.150452597109345">
				<ele>287.1765225250274</ele>
				<time>2024-07-13T18:03:53Z</time>
			</trkpt>
			<trkpt lat="45.52066814234859" lon="15.15046615046209">
				<ele>287.94607273489237</ele>
				<time>2024-07-13T18:03:56Z</time>
			</trkpt>
			<trkpt lat="45.52064960202789" lon="15.150463419289254">
				<ele>290.80293953604996</ele>
				<time>2024-07-13T18:04:05Z</time>
			</trkpt>
			<trkpt lat="45.520665922214896" lon="15.150481142649896">
				<ele>290.7362018749118</ele>
				<time>2024-07-13T18:04:12Z</time>
			</trkpt>
			<trkpt lat="45.52069568934806" lon="15.15049045336512">
				<ele>290.58010410144925</ele>
				<time>2024-07-13T18:04:14Z</time>
			</trkpt>
			<trkpt lat="45.52065891329835" lon="15.150460507399622">
				<ele>291.0113748330623</ele>
				<time>2024-07-13T18:04:15Z</time>
			</trkpt>
			<trkpt lat="45.52066587811401" lon="15.150422869623672">
				<ele>291.9433802254498</ele>
				<time>2024-07-13T18:04:17Z</time>
			</trkpt>
			<trkpt lat="45.52063267386502" lon="15.150392590341514">
				<ele>291.8426141096279</ele>
				<time>2024-07-13T18:04:18Z</time>
			</trkpt>
			<trkpt lat="45.520652682680684" lon="15.150403551193973">
				<ele>292.8017092132941</ele>
				<time>2024-07-13T18:04:20Z</time>
			</trkpt>
			<trkpt lat="45.520680659677936" lon="15.15040933661908">
				<ele>293.5738601628691</ele>
				<time>2024-07-13T18:04:22Z</time>
			</trkpt>
			<trkpt lat="45.520617241688925" lon="15.150303673180636">
				<ele>292.7436589766294</ele>
				<time>2024-07-13T18:04:23Z</time>
			</trkpt>
			<trkpt lat="45.520661567744796" lon="15.15031928392284">
				<ele>293.7838108977303</ele>
				<time>2024-07-13T18:04:24Z</time>
			</trkpt>
			<trkpt lat="45.520708453457765" lon="15.150303759869542">
				<ele>294.0081976670772</ele>
				<time>2024-07-13T18:04:25Z</time>
			</trkpt>
			<trkpt lat="45.52068049175498" lon="15.150333860177545">
				<ele>294.9211343070492</ele>
				<time>2024-07-13T18:04:28Z</time>
			</trkpt>
			<trkpt lat="45.520695945435705" lon="15.150316521061733">
				<ele>295.19696718640625</ele>
				<time>2024-07-13T18:04:29Z</time>
			</trkpt>
			<trkpt lat="45.520672170762474" lon="15.150364290206202">
				<ele>295.4558253372088</ele>
				<time>2024-07-13T18:04:31Z</time>
			</trkpt>
			<trkpt lat="45.52065737162259" lon="15.15037773523892">
				<ele>295.7002787189558</ele>
				<time>2024-07-13T18:04:32Z</time>
			</trkpt>
			<trkpt lat="45.52061161513691" lon="15.150386728584778">
				<ele>296.26924615260214</ele>
				<time>2024-07-13T18:04:34Z</time>
			</trkpt>
			<trkpt lat="45.52062554761957" lon="15.150358944526527">
				<ele>296.09801470302045</ele>
				<time>2024-07-13T18:04:35Z</time>
			</trkpt>
			<trkpt lat="45.520611130077256" lon="15.150337579643796">
				<ele>295.748092263937</ele>
				<time>2024-07-13T18:04:36Z</time>
			</trkpt>
			<trkpt lat="45.52061510399229" lon="15.150369516328523">
				<ele>296.91826346423477</ele>
				<time>2024-07-13T18:04:38Z</time>
			</trkpt>
			<trkpt lat="45.52060781487977" lon="15.150389249685894">
				<ele>295.7816152283922</ele>
				<time>2024-07-13T18:04:39Z</time>
			</trkpt>
			<trkpt lat="45.52062543537821" lon="15.150462906722984">
				<ele>290.7766645429656</ele>
				<time>2024-07-13T18:04:59Z</time>
			</trkpt>
			<trkpt lat="45.5206271063256" lon="15.150490121830396">
				<ele>293.0164977107197</ele>
				<time>2024-07-13T18:05:08Z</time>
			</trkpt>
			<trkpt lat="45.520611377185006" lon="15.15050862753096">
				<ele>292.2897748928517</ele>
				<time>2024-07-13T18:05:18Z</time>
			</trkpt>
			<trkpt lat="45.52060151534602" lon="15.150485072323065">
				<ele>291.40998353715986</ele>
				<time>2024-07-13T18:05:19Z</time>
			</trkpt>
			<trkpt lat="45.520578251566455" lon="15.150472407955883">
				<ele>290.4084175545722</ele>
				<time>2024-07-13T18:05:23Z</time>
			</trkpt>
			<trkpt lat="45.52059051798764" lon="15.150428245314016">
				<ele>289.86707975529134</ele>
				<time>2024-07-13T18:05:25Z</time>
			</trkpt>
			<trkpt lat="45.520571289088856" lon="15.150440766541733">
				<ele>288.82077447883785</ele>
				<time>2024-07-13T18:05:32Z</time>
			</trkpt>
			<trkpt lat="45.520552542962065" lon="15.150443796714207">
				<ele>289.5355789111927</ele>
				<time>2024-07-13T18:05:36Z</time>
			</trkpt>
			<trkpt lat="45.5205290566434" lon="15.150443920088595">
				<ele>288.2275236360729</ele>
				<time>2024-07-13T18:05:47Z</time>
			</trkpt>
			<trkpt lat="45.52050217507069" lon="15.150446138201396">
				<ele>290.06399607937783</ele>
				<time>2024-07-13T18:05:49Z</time>
			</trkpt>
			<trkpt lat="45.52049152248167" lon="15.150423679608926">
				<ele>288.71269555948675</ele>
				<time>2024-07-13T18:05:53Z</time>
			</trkpt>
			<trkpt lat="45.520480906838955" lon="15.15039963883552">
				<ele>290.431165503338</ele>
				<time>2024-07-13T18:06:00Z</time>
			</trkpt>
			<trkpt lat="45.52046157063815" lon="15.150389402259986">
				<ele>291.75734436232597</ele>
				<time>2024-07-13T18:06:06Z</time>
			</trkpt>
			<trkpt lat="45.52047355192363" lon="15.15036433629589">
				<ele>291.58866144064814</ele>
				<time>2024-07-13T18:06:10Z</time>
			</trkpt>
			<trkpt lat="45.52046224290017" lon="15.150340557945887">
				<ele>291.35576560534537</ele>
				<time>2024-07-13T18:06:14Z</time>
			</trkpt>
			<trkpt lat="45.520431198094656" lon="15.15032015888788">
				<ele>293.00925456080586</ele>
				<time>2024-07-13T18:06:15Z</time>
			</trkpt>
			<trkpt lat="45.52045258984925" lon="15.150325327258136">
				<ele>293.2816664306447</ele>
				<time>2024-07-13T18:06:16Z</time>
			</trkpt>
			<trkpt lat="45.52042425839846" lon="15.150312961071089">
				<ele>292.0480889910832</ele>
				<time>2024-07-13T18:06:22Z</time>
			</trkpt>
			<trkpt lat="45.5204237333196" lon="15.1503484336618">
				<ele>293.6516476329416</ele>
				<time>2024-07-13T18:06:30Z</time>
			</trkpt>
			<trkpt lat="45.520420715258524" lon="15.15031445159556">
				<ele>293.41560956276953</ele>
				<time>2024-07-13T18:06:33Z</time>
			</trkpt>
			<trkpt lat="45.520414823259586" lon="15.150277653030333">
				<ele>294.067826109007</ele>
				<time>2024-07-13T18:06:36Z</time>
			</trkpt>
			<trkpt lat="45.520382840356156" lon="15.150267863523979">
				<ele>295.990800999105</ele>
				<time>2024-07-13T18:06:42Z</time>
			</trkpt>
			<trkpt lat="45.520360411489506" lon="15.150280244255734">
				<ele>295.7031589373946</ele>
				<time>2024-07-13T18:06:47Z</time>
			</trkpt>
			<trkpt lat="45.520343457242575" lon="15.150295077159472">
				<ele>295.34022936969995</ele>
				<time>2024-07-13T18:06:51Z</time>
			</trkpt>
			<trkpt lat="45.52031746221973" lon="15.150309075122086">
				<ele>294.8708436265588</ele>
				<time>2024-07-13T18:06:53Z</time>
			</trkpt>
			<trkpt lat="45.52031261453665" lon="15.150266730637153">
				<ele>295.89815691579133</ele>
				<time>2024-07-13T18:06:56Z</time>
			</trkpt>
			<trkpt lat="45.520289664073665" lon="15.150279808069188">
				<ele>293.79569329787046</ele>
				<time>2024-07-13T18:06:59Z</time>
			</trkpt>
			<trkpt lat="45.52026813021129" lon="15.150279451971672">
				<ele>294.80526643339545</ele>
				<time>2024-07-13T18:07:05Z</time>
			</trkpt>
			<trkpt lat="45.520245469384086" lon="15.150290493646779">
				<ele>295.2053324794397</ele>
				<time>2024-07-13T18:07:11Z</time>
			</trkpt>
			<trkpt lat="45.52023005161097" lon="15.150312029395495">
				<ele>294.44400175940245</ele>
				<time>2024-07-13T18:07:14Z</time>
			</trkpt>
			<trkpt lat="45.52019873628569" lon="15.15032212564612">
				<ele>294.3336278051138</ele>
				<time>2024-07-13T18:07:17Z</time>
			</trkpt>
			<trkpt lat="45.52017724853874" lon="15.150325681376879">
				<ele>295.4501300631091</ele>
				<time>2024-07-13T18:07:18Z</time>
			</trkpt>
			<trkpt lat="45.5201594287503" lon="15.150345233104021">
				<ele>296.61316626984626</ele>
				<time>2024-07-13T18:07:24Z</time>
			</trkpt>
			<trkpt lat="45.52011362534812" lon="15.150366565912124">
				<ele>296.95595957897604</ele>
				<time>2024-07-13T18:07:28Z</time>
			</trkpt>
			<trkpt lat="45.52009406491884" lon="15.150381959551448">
				<ele>296.7553599392995</ele>
				<time>2024-07-13T18:07:30Z</time>
			</trkpt>
			<trkpt lat="45.52007243342455" lon="15.150406836582915">
				<ele>294.98823542147875</ele>
				<time>2024-07-13T18:07:33Z</time>
			</trkpt>
			<trkpt lat="45.52005005216066" lon="15.150414223062917">
				<ele>294.36268066521734</ele>
				<time>2024-07-13T18:07:34Z</time>
			</trkpt>
			<trkpt lat="45.52003339403865" lon="15.150426360051755">
				<ele>293.2621877724305</ele>
				<time>2024-07-13T18:07:35Z</time>
			</trkpt>
			<trkpt lat="45.52002416823306" lon="15.15045752111559">
				<ele>292.6975706452504</ele>
				<time>2024-07-13T18:07:37Z</time>
			</trkpt>
			<trkpt lat="45.52000231493577" lon="15.150460530364501">
				<ele>293.1515116263181</ele>
				<time>2024-07-13T18:07:40Z</time>
			</trkpt>
			<trkpt lat="45.51997443054525" lon="15.150470209468889">
				<ele>293.49750916380435</ele>
				<time>2024-07-13T18:07:43Z</time>
			</trkpt>
			<trkpt lat="45.5199451406365" lon="15.150470685909049">
				<ele>292.7244509430602</ele>
				<time>2024-07-13T18:07:45Z</time>
			</trkpt>
			<trkpt lat="45.51992039164072" lon="15.150476732765275">
				<ele>293.2556294547394</ele>
				<time>2024-07-13T18:07:47Z</time>
			</trkpt>
			<trkpt lat="45.5199086947937" lon="15.150498436334988">
				<ele>293.2198116360232</ele>
				<time>2024-07-13T18:07:49Z</time>
			</trkpt>
			<trkpt lat="45.51989069878605" lon="15.15049631149518">
				<ele>292.77868235018104</ele>
				<time>2024-07-13T18:07:51Z</time>
			</trkpt>
			<trkpt lat="45.51987376628184" lon="15.150505292776202">
				<ele>294.79117090441287</ele>
				<time>2024-07-13T18:07:58Z</time>
			</trkpt>
			<trkpt lat="45.51985075904656" lon="15.150499607858924">
				<ele>294.46654455922544</ele>
				<time>2024-07-13T18:08:01Z</time>
			</trkpt>
			<trkpt lat="45.519817751082904" lon="15.150508710184086">
				<ele>293.6328811412677</ele>
				<time>2024-07-13T18:08:03Z</time>
			</trkpt>
			<trkpt lat="45.51979947993266" lon="15.150486131821925">
				<ele>292.7039463184774</ele>
				<time>2024-07-13T18:08:06Z</time>
			</trkpt>
			<trkpt lat="45.519786114885605" lon="15.150468321850692">
				<ele>292.16979480162263</ele>
				<time>2024-07-13T18:08:08Z</time>
			</trkpt>
			<trkpt lat="45.51976199426297" lon="15.150455824567615">
				<ele>292.7912218980491</ele>
				<time>2024-07-13T18:08:11Z</time>
			</trkpt>
			<trkpt lat="45.5197481931404" lon="15.150426895868597">
				<ele>291.8794248783961</ele>
				<time>2024-07-13T18:08:16Z</time>
			</trkpt>
			<trkpt lat="45.51973150227531" lon="15.150413560668408">
				<ele>292.07837403193116</ele>
				<time>2024-07-13T18:08:18Z</time>
			</trkpt>
			<trkpt lat="45.51971538613057" lon="15.150389681656462">
				<ele>292.23553729150444</ele>
				<time>2024-07-13T18:08:22Z</time>
			</trkpt>
			<trkpt lat="45.51969132882277" lon="15.150390551946474">
				<ele>291.7103722365573</ele>
				<time>2024-07-13T18:08:26Z</time>
			</trkpt>
			<trkpt lat="45.51966998211992" lon="15.150371727385524">
				<ele>291.08212604839355</ele>
				<time>2024-07-13T18:08:29Z</time>
			</trkpt>
			<trkpt lat="45.51964795711268" lon="15.1503861656367">
				<ele>291.0106720235199</ele>
				<time>2024-07-13T18:08:32Z</time>
			</trkpt>
			<trkpt lat="45.519630965778674" lon="15.150394809738938">
				<ele>292.0695491079241</ele>
				<time>2024-07-13T18:08:34Z</time>
			</trkpt>
			<trkpt lat="45.51961126037123" lon="15.150395881741927">
				<ele>292.76591452397406</ele>
				<time>2024-07-13T18:08:37Z</time>
			</trkpt>
			<trkpt lat="45.51958255112304" lon="15.150403487074959">
				<ele>294.06163535639644</ele>
				<time>2024-07-13T18:08:39Z</time>
			</trkpt>
			<trkpt lat="45.51955764761071" lon="15.150397497160093">
				<ele>294.39888473786414</ele>
				<time>2024-07-13T18:08:42Z</time>
			</trkpt>
			<trkpt lat="45.51953417543008" lon="15.150390002178987">
				<ele>294.13702320866287</ele>
				<time>2024-07-13T18:08:45Z</time>
			</trkpt>
			<trkpt lat="45.519511817859296" lon="15.150383895021356">
				<ele>293.3274940419942</ele>
				<time>2024-07-13T18:08:48Z</time>
			</trkpt>
			<trkpt lat="45.519493073861156" lon="15.150371081419932">
				<ele>294.8042296441272</ele>
				<time>2024-07-13T18:08:50Z</time>
			</trkpt>
			<trkpt lat="45.51946858199864" lon="15.150355535166705">
				<ele>294.63437552843243</ele>
				<time>2024-07-13T18:08:53Z</time>
			</trkpt>
			<trkpt lat="45.519445648470345" lon="15.150345452979854">
				<ele>295.9202112220228</ele>
				<time>2024-07-13T18:08:56Z</time>
			</trkpt>
			<trkpt lat="45.519419837785286" lon="15.150350104727778">
				<ele>295.9116136226803</ele>
				<time>2024-07-13T18:08:57Z</time>
			</trkpt>
			<trkpt lat="45.51943590002849" lon="15.150361787060184">
				<ele>296.8402864523232</ele>
				<time>2024-07-13T18:08:59Z</time>
			</trkpt>
			<trkpt lat="45.519401933805185" lon="15.150369617824854">
				<ele>296.90375333372504</ele>
				<time>2024-07-13T18:09:01Z</time>
			</trkpt>
			<trkpt lat="45.519392553854246" lon="15.150395715410777">
				<ele>296.93875317275524</ele>
				<time>2024-07-13T18:09:03Z</time>
			</trkpt>
			<trkpt lat="45.51936789775462" lon="15.150399118859449">
				<ele>296.4338122513145</ele>
				<time>2024-07-13T18:09:05Z</time>
			</trkpt>
			<trkpt lat="45.51934179143982" lon="15.150390877315445">
				<ele>296.23267947882414</ele>
				<time>2024-07-13T18:09:07Z</time>
			</trkpt>
			<trkpt lat="45.5193255674205" lon="15.150404081791573">
				<ele>297.2278033187613</ele>
				<time>2024-07-13T18:09:13Z</time>
			</trkpt>
			<trkpt lat="45.51930068843186" lon="15.150388300031008">
				<ele>296.5773655595258</ele>
				<time>2024-07-13T18:09:15Z</time>
			</trkpt>
			<trkpt lat="45.519278014094844" lon="15.150390421605714">
				<ele>297.1347692841664</ele>
				<time>2024-07-13T18:09:17Z</time>
			</trkpt>
			<trkpt lat="45.51926038856449" lon="15.150408327507568">
				<ele>297.4230729714036</ele>
				<time>2024-07-13T18:09:19Z</time>
			</trkpt>
			<trkpt lat="45.519237992205156" lon="15.150423367499037">
				<ele>298.214878000319</ele>
				<time>2024-07-13T18:09:21Z</time>
			</trkpt>
			<trkpt lat="45.519226018253796" lon="15.15039913281536">
				<ele>296.676236404106</ele>
				<time>2024-07-13T18:09:24Z</time>
			</trkpt>
			<trkpt lat="45.51921052080619" lon="15.150426781776595">
				<ele>297.41507110279053</ele>
				<time>2024-07-13T18:09:28Z</time>
			</trkpt>
			<trkpt lat="45.51917107989264" lon="15.150417336197789">
				<ele>297.51232697535306</ele>
				<time>2024-07-13T18:09:30Z</time>
			</trkpt>
			<trkpt lat="45.519143799395444" lon="15.150427465091377">
				<ele>296.1972307730466</ele>
				<time>2024-07-13T18:09:33Z</time>
			</trkpt>
			<trkpt lat="45.519114229833754" lon="15.150419726693043">
				<ele>296.23396058473736</ele>
				<time>2024-07-13T18:09:37Z</time>
			</trkpt>
			<trkpt lat="45.51908981320328" lon="15.150422478548718">
				<ele>295.79106083419174</ele>
				<time>2024-07-13T18:09:39Z</time>
			</trkpt>
			<trkpt lat="45.519066607277125" lon="15.150439939964064">
				<ele>297.4755124319345</ele>
				<time>2024-07-13T18:09:43Z</time>
			</trkpt>
			<trkpt lat="45.519044542697856" lon="15.150452908611067">
				<ele>299.08184056635946</ele>
				<time>2024-07-13T18:09:47Z</time>
			</trkpt>
			<trkpt lat="45.5190215971134" lon="15.150463879530628">
				<ele>299.1163964876905</ele>
				<time>2024-07-13T18:09:49Z</time>
			</trkpt>
			<trkpt lat="45.51899798496944" lon="15.150472762633607">
				<ele>298.43564851768315</ele>
				<time>2024-07-13T18:09:56Z</time>
			</trkpt>
			<trkpt lat="45.51897363978217" lon="15.150480905760796">
				<ele>297.49151499476284</ele>
				<time>2024-07-13T18:10:00Z</time>
			</trkpt>
			<trkpt lat="45.51894727965311" lon="15.150491145123848">
				<ele>297.1982678780332</ele>
				<time>2024-07-13T18:10:02Z</time>
			</trkpt>
			<trkpt lat="45.51892236622831" lon="15.150502418864697">
				<ele>297.38560576736927</ele>
				<time>2024-07-13T18:10:03Z</time>
			</trkpt>
			<trkpt lat="45.518903217368575" lon="15.150497157320192">
				<ele>297.45691133104265</ele>
				<time>2024-07-13T18:10:06Z</time>
			</trkpt>
			<trkpt lat="45.51888678451771" lon="15.150511102798898">
				<ele>297.5121173299849</ele>
				<time>2024-07-13T18:10:08Z</time>
			</trkpt>
			<trkpt lat="45.51886649821063" lon="15.15052475847018">
				<ele>298.0474376799539</ele>
				<time>2024-07-13T18:10:11Z</time>
			</trkpt>
			<trkpt lat="45.51884696951866" lon="15.150537853148357">
				<ele>299.00909085106105</ele>
				<time>2024-07-13T18:10:13Z</time>
			</trkpt>
			<trkpt lat="45.518829160688846" lon="15.150557880274476">
				<ele>299.4906091261655</ele>
				<time>2024-07-13T18:10:15Z</time>
			</trkpt>
			<trkpt lat="45.51880114542147" lon="15.150568408611562">
				<ele>298.66452326532453</ele>
				<time>2024-07-13T18:10:18Z</time>
			</trkpt>
			<trkpt lat="45.51876870470516" lon="15.150552240140119">
				<ele>298.47748770192266</ele>
				<time>2024-07-13T18:10:21Z</time>
			</trkpt>
			<trkpt lat="45.51874826029592" lon="15.15055703170507">
				<ele>298.11694209929556</ele>
				<time>2024-07-13T18:10:23Z</time>
			</trkpt>
			<trkpt lat="45.5187280314631" lon="15.150577234195405">
				<ele>298.1354374960065</ele>
				<time>2024-07-13T18:10:26Z</time>
			</trkpt>
			<trkpt lat="45.518705250762586" lon="15.15057991844234">
				<ele>298.17942454013973</ele>
				<time>2024-07-13T18:10:28Z</time>
			</trkpt>
			<trkpt lat="45.51868110171159" lon="15.150583275754217">
				<ele>298.0851928992197</ele>
				<time>2024-07-13T18:10:30Z</time>
			</trkpt>
			<trkpt lat="45.51864813705492" lon="15.150578104025296">
				<ele>298.4109200872481</ele>
				<time>2024-07-13T18:10:33Z</time>
			</trkpt>
			<trkpt lat="45.51862591397849" lon="15.15057090697614">
				<ele>298.7365451809019</ele>
				<time>2024-07-13T18:10:35Z</time>
			</trkpt>
			<trkpt lat="45.51860641943694" lon="15.150574301182207">
				<ele>298.7019128706306</ele>
				<time>2024-07-13T18:10:37Z</time>
			</trkpt>
			<trkpt lat="45.518576495881504" lon="15.150563948864173">
				<ele>298.3436587797478</ele>
				<time>2024-07-13T18:10:40Z</time>
			</trkpt>
			<trkpt lat="45.51855315463425" lon="15.150568371161981">
				<ele>297.72148271184415</ele>
				<time>2024-07-13T18:10:43Z</time>
			</trkpt>
			<trkpt lat="45.51853210590329" lon="15.15057050374713">
				<ele>297.7506951345131</ele>
				<time>2024-07-13T18:10:45Z</time>
			</trkpt>
			<trkpt lat="45.51851067740316" lon="15.150574946259667">
				<ele>296.9407385196537</ele>
				<time>2024-07-13T18:10:47Z</time>
			</trkpt>
			<trkpt lat="45.51848797352925" lon="15.150566828779542">
				<ele>297.19332076702267</ele>
				<time>2024-07-13T18:10:50Z</time>
			</trkpt>
			<trkpt lat="45.51846303138905" lon="15.150579173961686">
				<ele>297.986491214484</ele>
				<time>2024-07-13T18:10:52Z</time>
			</trkpt>
			<trkpt lat="45.518436465505175" lon="15.150582188979323">
				<ele>297.82563043013215</ele>
				<time>2024-07-13T18:10:54Z</time>
			</trkpt>
			<trkpt lat="45.51841477410279" lon="15.150594058413718">
				<ele>299.9407366141677</ele>
				<time>2024-07-13T18:10:57Z</time>
			</trkpt>
			<trkpt lat="45.51838624066122" lon="15.150602999052197">
				<ele>298.92255792580545</ele>
				<time>2024-07-13T18:11:00Z</time>
			</trkpt>
			<trkpt lat="45.518365813960784" lon="15.150605135153912">
				<ele>299.4104110272601</ele>
				<time>2024-07-13T18:11:07Z</time>
			</trkpt>
			<trkpt lat="45.51834588133697" lon="15.15061619194363">
				<ele>298.6828633248806</ele>
				<time>2024-07-13T18:11:09Z</time>
			</trkpt>
			<trkpt lat="45.51833328316974" lon="15.15058865068937">
				<ele>299.44989963807166</ele>
				<time>2024-07-13T18:11:12Z</time>
			</trkpt>
			<trkpt lat="45.51830077779902" lon="15.150611368763762">
				<ele>299.9338582213968</ele>
				<time>2024-07-13T18:11:15Z</time>
			</trkpt>
			<trkpt lat="45.518273695231244" lon="15.150600793138768">
				<ele>297.79349397309124</ele>
				<time>2024-07-13T18:11:18Z</time>
			</trkpt>
			<trkpt lat="45.5182516016379" lon="15.150591141548619">
				<ele>297.5975417904556</ele>
				<time>2024-07-13T18:11:19Z</time>
			</trkpt>
			<trkpt lat="45.51823150594534" lon="15.150587485262092">
				<ele>296.531372461468</ele>
				<time>2024-07-13T18:11:22Z</time>
			</trkpt>
			<trkpt lat="45.5181942391477" lon="15.15057833494354">
				<ele>298.06762902624905</ele>
				<time>2024-07-13T18:11:24Z</time>
			</trkpt>
			<trkpt lat="45.51817296579056" lon="15.150581268493177">
				<ele>297.71924488060176</ele>
				<time>2024-07-13T18:11:28Z</time>
			</trkpt>
			<trkpt lat="45.51815060047081" lon="15.150578984919255">
				<ele>297.33472918719053</ele>
				<time>2024-07-13T18:11:30Z</time>
			</trkpt>
			<trkpt lat="45.51811427758857" lon="15.150593308549263">
				<ele>297.0871903244406</ele>
				<time>2024-07-13T18:11:32Z</time>
			</trkpt>
			<trkpt lat="45.51808936513459" lon="15.150603475191282">
				<ele>295.97042799182236</ele>
				<time>2024-07-13T18:11:34Z</time>
			</trkpt>
			<trkpt lat="45.51806119338019" lon="15.150593666671273">
				<ele>294.9004684127867</ele>
				<time>2024-07-13T18:11:36Z</time>
			</trkpt>
			<trkpt lat="45.51803359400641" lon="15.150574124001212">
				<ele>294.9045682977885</ele>
				<time>2024-07-13T18:11:38Z</time>
			</trkpt>
			<trkpt lat="45.51801288628862" lon="15.150561212449027">
				<ele>295.1412142207846</ele>
				<time>2024-07-13T18:11:40Z</time>
			</trkpt>
			<trkpt lat="45.5179876404613" lon="15.150560853884489">
				<ele>296.3133937595412</ele>
				<time>2024-07-13T18:11:42Z</time>
			</trkpt>
			<trkpt lat="45.517974306908776" lon="15.150539598477458">
				<ele>295.40018330607563</ele>
				<time>2024-07-13T18:11:44Z</time>
			</trkpt>
			<trkpt lat="45.517953890183826" lon="15.150516391429253">
				<ele>294.6224706703797</ele>
				<time>2024-07-13T18:11:47Z</time>
			</trkpt>
			<trkpt lat="45.517931070495635" lon="15.150517482218088">
				<ele>296.25034589506686</ele>
				<time>2024-07-13T18:11:49Z</time>
			</trkpt>
			<trkpt lat="45.51791087342131" lon="15.150514361435354">
				<ele>295.6414619246498</ele>
				<time>2024-07-13T18:11:51Z</time>
			</trkpt>
			<trkpt lat="45.5178954202743" lon="15.150478017759937">
				<ele>295.08048733789474</ele>
				<time>2024-07-13T18:11:53Z</time>
			</trkpt>
			<trkpt lat="45.517859080161486" lon="15.150465735476283">
				<ele>295.6271998193115</ele>
				<time>2024-07-13T18:11:57Z</time>
			</trkpt>
			<trkpt lat="45.517840156480815" lon="15.15045721875593">
				<ele>296.87209961377084</ele>
				<time>2024-07-13T18:12:01Z</time>
			</trkpt>
			<trkpt lat="45.51782466088029" lon="15.150471280386146">
				<ele>297.05568633787334</ele>
				<time>2024-07-13T18:12:04Z</time>
			</trkpt>
			<trkpt lat="45.51780431497274" lon="15.150477830701396">
				<ele>298.1168250134215</ele>
				<time>2024-07-13T18:12:05Z</time>
			</trkpt>
			<trkpt lat="45.51778250028509" lon="15.150476950397461">
				<ele>298.9962326288223</ele>
				<time>2024-07-13T18:12:08Z</time>
			</trkpt>
			<trkpt lat="45.51776122217685" lon="15.150505825806334">
				<ele>299.6422759788111</ele>
				<time>2024-07-13T18:12:10Z</time>
			</trkpt>
			<trkpt lat="45.517736970775076" lon="15.15051915634107">
				<ele>299.8708892231807</ele>
				<time>2024-07-13T18:12:12Z</time>
			</trkpt>
			<trkpt lat="45.51772505239637" lon="15.150552027400067">
				<ele>301.33079429063946</ele>
				<time>2024-07-13T18:12:20Z</time>
			</trkpt>
			<trkpt lat="45.51770728464737" lon="15.150557241483828">
				<ele>300.3087031217292</ele>
				<time>2024-07-13T18:12:22Z</time>
			</trkpt>
			<trkpt lat="45.51768534381138" lon="15.150558950113997">
				<ele>300.7472619842738</ele>
				<time>2024-07-13T18:12:24Z</time>
			</trkpt>
			<trkpt lat="45.51767161885648" lon="15.150575521824384">
				<ele>300.10385064035654</ele>
				<time>2024-07-13T18:12:27Z</time>
			</trkpt>
			<trkpt lat="45.517649853661595" lon="15.150596153598112">
				<ele>300.2210714444518</ele>
				<time>2024-07-13T18:12:30Z</time>
			</trkpt>
			<trkpt lat="45.51762791036235" lon="15.150606721056443">
				<ele>299.29476114641875</ele>
				<time>2024-07-13T18:12:32Z</time>
			</trkpt>
			<trkpt lat="45.517606227289086" lon="15.150637687341096">
				<ele>299.62926595378667</ele>
				<time>2024-07-13T18:12:35Z</time>
			</trkpt>
			<trkpt lat="45.51758638428272" lon="15.150618836867595">
				<ele>300.09289537370205</ele>
				<time>2024-07-13T18:12:39Z</time>
			</trkpt>
			<trkpt lat="45.51758993645774" lon="15.1506466623006">
				<ele>299.9044750146568</ele>
				<time>2024-07-13T18:12:41Z</time>
			</trkpt>
			<trkpt lat="45.51756844485488" lon="15.1506428924539">
				<ele>299.9259787555784</ele>
				<time>2024-07-13T18:12:43Z</time>
			</trkpt>
			<trkpt lat="45.51754634557078" lon="15.150652797168886">
				<ele>300.8711374308914</ele>
				<time>2024-07-13T18:12:47Z</time>
			</trkpt>
			<trkpt lat="45.51752571647613" lon="15.150662660760094">
				<ele>300.92190201580524</ele>
				<time>2024-07-13T18:12:49Z</time>
			</trkpt>
			<trkpt lat="45.517497881720054" lon="15.150654818883597">
				<ele>301.6608036067337</ele>
				<time>2024-07-13T18:12:51Z</time>
			</trkpt>
			<trkpt lat="45.51748069956893" lon="15.15067198543779">
				<ele>304.35313941910863</ele>
				<time>2024-07-13T18:12:55Z</time>
			</trkpt>
			<trkpt lat="45.51746195839026" lon="15.150671599978851">
				<ele>304.16772578656673</ele>
				<time>2024-07-13T18:12:59Z</time>
			</trkpt>
			<trkpt lat="45.51744050580433" lon="15.150674629157502">
				<ele>303.3031636122614</ele>
				<time>2024-07-13T18:13:01Z</time>
			</trkpt>
			<trkpt lat="45.51740593857187" lon="15.150678409415603">
				<ele>302.7788181528449</ele>
				<time>2024-07-13T18:13:06Z</time>
			</trkpt>
			<trkpt lat="45.5173807316539" lon="15.150686149693529">
				<ele>303.55567706376314</ele>
				<time>2024-07-13T18:13:08Z</time>
			</trkpt>
			<trkpt lat="45.517360624373865" lon="15.150674948339843">
				<ele>304.6072744708508</ele>
				<time>2024-07-13T18:13:10Z</time>
			</trkpt>
			<trkpt lat="45.51733156448747" lon="15.150677557760918">
				<ele>304.16883350815624</ele>
				<time>2024-07-13T18:13:12Z</time>
			</trkpt>
			<trkpt lat="45.5173203820671" lon="15.150700361526528">
				<ele>304.2613647207618</ele>
				<time>2024-07-13T18:13:14Z</time>
			</trkpt>
			<trkpt lat="45.51730198068069" lon="15.150716825591902">
				<ele>304.21183340717107</ele>
				<time>2024-07-13T18:13:18Z</time>
			</trkpt>
			<trkpt lat="45.51727231681407" lon="15.150730935360968">
				<ele>304.5477639073506</ele>
				<time>2024-07-13T18:13:20Z</time>
			</trkpt>
			<trkpt lat="45.51726114975328" lon="15.150755345646196">
				<ele>305.4108651438728</ele>
				<time>2024-07-13T18:13:24Z</time>
			</trkpt>
			<trkpt lat="45.517240470073304" lon="15.15075819711856">
				<ele>305.9386623464525</ele>
				<time>2024-07-13T18:13:27Z</time>
			</trkpt>
			<trkpt lat="45.51721354815207" lon="15.15076257209457">
				<ele>305.96080534812063</ele>
				<time>2024-07-13T18:13:30Z</time>
			</trkpt>
			<trkpt lat="45.517194842269404" lon="15.15075357939254">
				<ele>306.3127986872569</ele>
				<time>2024-07-13T18:13:33Z</time>
			</trkpt>
			<trkpt lat="45.517170642491784" lon="15.15075465444123">
				<ele>305.21154018491507</ele>
				<time>2024-07-13T18:13:35Z</time>
			</trkpt>
			<trkpt lat="45.51714647111701" lon="15.150747084593373">
				<ele>304.4530543209985</ele>
				<time>2024-07-13T18:13:37Z</time>
			</trkpt>
			<trkpt lat="45.51712614908314" lon="15.150745432862594">
				<ele>304.2181979827583</ele>
				<time>2024-07-13T18:13:41Z</time>
			</trkpt>
			<trkpt lat="45.517106079706174" lon="15.150750670945055">
				<ele>306.2155316732824</ele>
				<time>2024-07-13T18:13:43Z</time>
			</trkpt>
			<trkpt lat="45.51708575096738" lon="15.150753092861688">
				<ele>305.3009526440874</ele>
				<time>2024-07-13T18:13:45Z</time>
			</trkpt>
			<trkpt lat="45.517055381198446" lon="15.150742186264756">
				<ele>306.09033288341016</ele>
				<time>2024-07-13T18:13:48Z</time>
			</trkpt>
			<trkpt lat="45.51703178197826" lon="15.150737407862932">
				<ele>305.5947816018015</ele>
				<time>2024-07-13T18:13:52Z</time>
			</trkpt>
			<trkpt lat="45.51700174402927" lon="15.150735288619193">
				<ele>305.2642494896427</ele>
				<time>2024-07-13T18:13:54Z</time>
			</trkpt>
			<trkpt lat="45.51698005302896" lon="15.15074501923754">
				<ele>306.6427513901144</ele>
				<time>2024-07-13T18:13:57Z</time>
			</trkpt>
			<trkpt lat="45.51695777387474" lon="15.150731939595726">
				<ele>306.5557624474168</ele>
				<time>2024-07-13T18:13:59Z</time>
			</trkpt>
			<trkpt lat="45.5169399402945" lon="15.150725752602877">
				<ele>306.3875704621896</ele>
				<time>2024-07-13T18:14:01Z</time>
			</trkpt>
			<trkpt lat="45.51690105745083" lon="15.15073318671889">
				<ele>308.7486346894875</ele>
				<time>2024-07-13T18:14:05Z</time>
			</trkpt>
			<trkpt lat="45.516891942108415" lon="15.150766023563763">
				<ele>307.5955646187067</ele>
				<time>2024-07-13T18:14:08Z</time>
			</trkpt>
			<trkpt lat="45.51687692877819" lon="15.15078235790735">
				<ele>307.7756258547306</ele>
				<time>2024-07-13T18:14:09Z</time>
			</trkpt>
			<trkpt lat="45.516841423268936" lon="15.150792192232952">
				<ele>307.34119742549956</ele>
				<time>2024-07-13T18:14:12Z</time>
			</trkpt>
			<trkpt lat="45.51682466314231" lon="15.150801536056429">
				<ele>307.3022991716862</ele>
				<time>2024-07-13T18:14:15Z</time>
			</trkpt>
			<trkpt lat="45.51680895075771" lon="15.150814712025973">
				<ele>306.8662334093824</ele>
				<time>2024-07-13T18:14:17Z</time>
			</trkpt>
			<trkpt lat="45.5167898163304" lon="15.150845277938856">
				<ele>306.6244696965441</ele>
				<time>2024-07-13T18:14:21Z</time>
			</trkpt>
			<trkpt lat="45.51676680645899" lon="15.150863701168078">
				<ele>304.80682821478695</ele>
				<time>2024-07-13T18:14:30Z</time>
			</trkpt>
			<trkpt lat="45.51674850349458" lon="15.150876026274855">
				<ele>305.16868278570473</ele>
				<time>2024-07-13T18:14:32Z</time>
			</trkpt>
			<trkpt lat="45.51673331992242" lon="15.150894641200095">
				<ele>305.21833230834454</ele>
				<time>2024-07-13T18:14:33Z</time>
			</trkpt>
			<trkpt lat="45.51670276672427" lon="15.15089958509152">
				<ele>305.5767551371828</ele>
				<time>2024-07-13T18:14:35Z</time>
			</trkpt>
			<trkpt lat="45.516687667298676" lon="15.150924769041337">
				<ele>307.5273706614971</ele>
				<time>2024-07-13T18:14:40Z</time>
			</trkpt>
			<trkpt lat="45.516665004898286" lon="15.150919291151402">
				<ele>306.6223246259615</ele>
				<time>2024-07-13T18:14:42Z</time>
			</trkpt>
			<trkpt lat="45.51664873226508" lon="15.150930577372039">
				<ele>306.33803711272776</ele>
				<time>2024-07-13T18:14:44Z</time>
			</trkpt>
			<trkpt lat="45.51662599619562" lon="15.150937599633941">
				<ele>305.6129549788311</ele>
				<time>2024-07-13T18:14:45Z</time>
			</trkpt>
			<trkpt lat="45.51660567410451" lon="15.1509455634396">
				<ele>304.4298957316205</ele>
				<time>2024-07-13T18:14:47Z</time>
			</trkpt>
			<trkpt lat="45.51658520089887" lon="15.150947027656242">
				<ele>303.97789980843663</ele>
				<time>2024-07-13T18:14:48Z</time>
			</trkpt>
			<trkpt lat="45.51655345288435" lon="15.150962895237138">
				<ele>305.3162156417966</ele>
				<time>2024-07-13T18:14:50Z</time>
			</trkpt>
			<trkpt lat="45.516533181333834" lon="15.150973012448985">
				<ele>305.7343081859872</ele>
				<time>2024-07-13T18:14:52Z</time>
			</trkpt>
			<trkpt lat="45.51650160445294" lon="15.150967957179006">
				<ele>305.7002551043406</ele>
				<time>2024-07-13T18:14:55Z</time>
			</trkpt>
			<trkpt lat="45.516481398618524" lon="15.15098819013775">
				<ele>305.88017582986504</ele>
				<time>2024-07-13T18:14:57Z</time>
			</trkpt>
			<trkpt lat="45.51645750724834" lon="15.15100804532991">
				<ele>305.7461609141901</ele>
				<time>2024-07-13T18:14:59Z</time>
			</trkpt>
			<trkpt lat="45.5164363087043" lon="15.151022555517297">
				<ele>304.78779774997383</ele>
				<time>2024-07-13T18:15:01Z</time>
			</trkpt>
			<trkpt lat="45.51642079278755" lon="15.151045420954452">
				<ele>305.6495955111459</ele>
				<time>2024-07-13T18:15:03Z</time>
			</trkpt>
			<trkpt lat="45.51640181639271" lon="15.151059932946861">
				<ele>304.7423577606678</ele>
				<time>2024-07-13T18:15:05Z</time>
			</trkpt>
			<trkpt lat="45.51637167694258" lon="15.151075207383075">
				<ele>304.87741814367473</ele>
				<time>2024-07-13T18:15:07Z</time>
			</trkpt>
			<trkpt lat="45.51634771679441" lon="15.151085995530693">
				<ele>306.09119615890086</ele>
				<time>2024-07-13T18:15:09Z</time>
			</trkpt>
			<trkpt lat="45.51633119897894" lon="15.151105015441315">
				<ele>306.3806829303503</ele>
				<time>2024-07-13T18:15:14Z</time>
			</trkpt>
			<trkpt lat="45.516308920014986" lon="15.151105771891377">
				<ele>305.8816994111985</ele>
				<time>2024-07-13T18:15:15Z</time>
			</trkpt>
			<trkpt lat="45.51628608882854" lon="15.15110933165292">
				<ele>306.64296140987426</ele>
				<time>2024-07-13T18:15:17Z</time>
			</trkpt>
			<trkpt lat="45.51627004210132" lon="15.151121444015695">
				<ele>307.15658330824226</ele>
				<time>2024-07-13T18:15:19Z</time>
			</trkpt>
			<trkpt lat="45.51624943611989" lon="15.151136489835688">
				<ele>306.97965937200934</ele>
				<time>2024-07-13T18:15:22Z</time>
			</trkpt>
			<trkpt lat="45.51623110874693" lon="15.151131247531012">
				<ele>307.19344834797084</ele>
				<time>2024-07-13T18:15:24Z</time>
			</trkpt>
			<trkpt lat="45.51620883513141" lon="15.151142312952445">
				<ele>307.59733982943</ele>
				<time>2024-07-13T18:15:26Z</time>
			</trkpt>
			<trkpt lat="45.51619516653398" lon="15.151121546065324">
				<ele>306.4667822038755</ele>
				<time>2024-07-13T18:15:30Z</time>
			</trkpt>
			<trkpt lat="45.5161746590574" lon="15.151120595866905">
				<ele>306.90284954663366</ele>
				<time>2024-07-13T18:15:31Z</time>
			</trkpt>
			<trkpt lat="45.51615902786122" lon="15.151139000521223">
				<ele>307.0590842263773</ele>
				<time>2024-07-13T18:15:34Z</time>
			</trkpt>
			<trkpt lat="45.51613789671895" lon="15.151139961506177">
				<ele>306.82589380349964</ele>
				<time>2024-07-13T18:15:35Z</time>
			</trkpt>
			<trkpt lat="45.51611593248852" lon="15.151150838482284">
				<ele>306.0476898262277</ele>
				<time>2024-07-13T18:15:38Z</time>
			</trkpt>
			<trkpt lat="45.51609068885932" lon="15.15115266641901">
				<ele>307.2632429897785</ele>
				<time>2024-07-13T18:15:40Z</time>
			</trkpt>
			<trkpt lat="45.51606325962756" lon="15.151163058573072">
				<ele>306.7170712808147</ele>
				<time>2024-07-13T18:15:43Z</time>
			</trkpt>
			<trkpt lat="45.5160395255427" lon="15.151177820405893">
				<ele>306.3373989891261</ele>
				<time>2024-07-13T18:15:44Z</time>
			</trkpt>
			<trkpt lat="45.516020173158864" lon="15.151185950469833">
				<ele>305.4758623819798</ele>
				<time>2024-07-13T18:15:47Z</time>
			</trkpt>
			<trkpt lat="45.515993216938995" lon="15.151192385156174">
				<ele>307.4291485482827</ele>
				<time>2024-07-13T18:15:50Z</time>
			</trkpt>
			<trkpt lat="45.51597616323856" lon="15.151212852928845">
				<ele>307.9030111115426</ele>
				<time>2024-07-13T18:15:54Z</time>
			</trkpt>
			<trkpt lat="45.5159484139481" lon="15.151214288203926">
				<ele>308.3067032294348</ele>
				<time>2024-07-13T18:15:56Z</time>
			</trkpt>
			<trkpt lat="45.51592871040415" lon="15.151224681339894">
				<ele>307.7682557320222</ele>
				<time>2024-07-13T18:15:58Z</time>
			</trkpt>
			<trkpt lat="45.515906896356114" lon="15.151241477125865">
				<ele>309.88320010434836</ele>
				<time>2024-07-13T18:15:59Z</time>
			</trkpt>
			<trkpt lat="45.51588003400695" lon="15.151257572510149">
				<ele>310.54224071092904</ele>
				<time>2024-07-13T18:16:02Z</time>
			</trkpt>
			<trkpt lat="45.51585761525571" lon="15.151245052691227">
				<ele>309.65822523552924</ele>
				<time>2024-07-13T18:16:05Z</time>
			</trkpt>
			<trkpt lat="45.51582131048382" lon="15.151248100672547">
				<ele>309.4891389319673</ele>
				<time>2024-07-13T18:16:08Z</time>
			</trkpt>
			<trkpt lat="45.51580357616441" lon="15.15125781919528">
				<ele>308.262757753022</ele>
				<time>2024-07-13T18:16:10Z</time>
			</trkpt>
			<trkpt lat="45.51581085840367" lon="15.15128633206241">
				<ele>307.1245169136673</ele>
				<time>2024-07-13T18:16:13Z</time>
			</trkpt>
			<trkpt lat="45.515790535907584" lon="15.151291400415609">
				<ele>306.9556628353894</ele>
				<time>2024-07-13T18:16:14Z</time>
			</trkpt>
			<trkpt lat="45.51577195033592" lon="15.15129616382068">
				<ele>307.1781271342188</ele>
				<time>2024-07-13T18:16:15Z</time>
			</trkpt>
			<trkpt lat="45.515755687479526" lon="15.15128038354745">
				<ele>307.4517247369513</ele>
				<time>2024-07-13T18:16:17Z</time>
			</trkpt>
			<trkpt lat="45.51573366962945" lon="15.151274994810626">
				<ele>307.92210967373103</ele>
				<time>2024-07-13T18:16:21Z</time>
			</trkpt>
			<trkpt lat="45.51571499785526" lon="15.15126986408949">
				<ele>307.7935867663473</ele>
				<time>2024-07-13T18:16:23Z</time>
			</trkpt>
			<trkpt lat="45.51569569815286" lon="15.151264364673033">
				<ele>306.8288916023448</ele>
				<time>2024-07-13T18:16:25Z</time>
			</trkpt>
			<trkpt lat="45.515676337333865" lon="15.151258885545765">
				<ele>307.0546946041286</ele>
				<time>2024-07-13T18:16:28Z</time>
			</trkpt>
			<trkpt lat="45.51565920873609" lon="15.151270571850487">
				<ele>306.47471226844937</ele>
				<time>2024-07-13T18:16:29Z</time>
			</trkpt>
			<trkpt lat="45.515634613820836" lon="15.15124668322987">
				<ele>306.5682907514274</ele>
				<time>2024-07-13T18:16:30Z</time>
			</trkpt>
			<trkpt lat="45.51562194442356" lon="15.151218356251048">
				<ele>306.4742351183668</ele>
				<time>2024-07-13T18:16:31Z</time>
			</trkpt>
			<trkpt lat="45.51561055732311" lon="15.151193998886898">
				<ele>305.1895770765841</ele>
				<time>2024-07-13T18:16:32Z</time>
			</trkpt>
			<trkpt lat="45.51558974772676" lon="15.151198610789447">
				<ele>305.2078163260594</ele>
				<time>2024-07-13T18:16:34Z</time>
			</trkpt>
			<trkpt lat="45.51557152959014" lon="15.151203988855253">
				<ele>305.4273561136797</ele>
				<time>2024-07-13T18:16:35Z</time>
			</trkpt>
			<trkpt lat="45.51554372250354" lon="15.151209602692452">
				<ele>305.6935233436525</ele>
				<time>2024-07-13T18:16:36Z</time>
			</trkpt>
			<trkpt lat="45.51552514412272" lon="15.151221781944905">
				<ele>306.4473266573623</ele>
				<time>2024-07-13T18:16:38Z</time>
			</trkpt>
			<trkpt lat="45.5155033710131" lon="15.151207796042547">
				<ele>306.09982212167233</ele>
				<time>2024-07-13T18:16:40Z</time>
			</trkpt>
			<trkpt lat="45.51547044850668" lon="15.151216700732885">
				<ele>305.3478066017851</ele>
				<time>2024-07-13T18:16:43Z</time>
			</trkpt>
			<trkpt lat="45.515440999338985" lon="15.151236750983564">
				<ele>304.96823122445494</ele>
				<time>2024-07-13T18:16:46Z</time>
			</trkpt>
			<trkpt lat="45.515414631332625" lon="15.151249789585977">
				<ele>305.14578884653747</ele>
				<time>2024-07-13T18:16:48Z</time>
			</trkpt>
			<trkpt lat="45.51539030628595" lon="15.151242548337015">
				<ele>304.2314798422158</ele>
				<time>2024-07-13T18:16:50Z</time>
			</trkpt>
			<trkpt lat="45.51537386774267" lon="15.1512562928939">
				<ele>305.95340164843947</ele>
				<time>2024-07-13T18:16:53Z</time>
			</trkpt>
			<trkpt lat="45.51534688410231" lon="15.151254568034343">
				<ele>306.42859342880547</ele>
				<time>2024-07-13T18:16:55Z</time>
			</trkpt>
			<trkpt lat="45.51532244064254" lon="15.151254383930578">
				<ele>306.46550891269</ele>
				<time>2024-07-13T18:16:57Z</time>
			</trkpt>
			<trkpt lat="45.51529506202781" lon="15.151248632531702">
				<ele>306.9022882608697</ele>
				<time>2024-07-13T18:16:59Z</time>
			</trkpt>
			<trkpt lat="45.51527569420104" lon="15.151237277441119">
				<ele>308.10515591315925</ele>
				<time>2024-07-13T18:17:02Z</time>
			</trkpt>
			<trkpt lat="45.51524848823604" lon="15.151237543683745">
				<ele>308.76309409737587</ele>
				<time>2024-07-13T18:17:04Z</time>
			</trkpt>
			<trkpt lat="45.51521944867205" lon="15.151232648431776">
				<ele>308.12560123670846</ele>
				<time>2024-07-13T18:17:06Z</time>
			</trkpt>
			<trkpt lat="45.515204366217475" lon="15.151218672780887">
				<ele>309.24944032449275</ele>
				<time>2024-07-13T18:17:08Z</time>
			</trkpt>
			<trkpt lat="45.51518645018877" lon="15.151236497262678">
				<ele>309.1923142988235</ele>
				<time>2024-07-13T18:17:10Z</time>
			</trkpt>
			<trkpt lat="45.51516700893341" lon="15.151223575543034">
				<ele>310.54536240547895</ele>
				<time>2024-07-13T18:17:12Z</time>
			</trkpt>
			<trkpt lat="45.51514733094383" lon="15.151246419956845">
				<ele>311.7910478292033</ele>
				<time>2024-07-13T18:17:15Z</time>
			</trkpt>
			<trkpt lat="45.51513130207693" lon="15.151232717618589">
				<ele>311.0594271430746</ele>
				<time>2024-07-13T18:17:16Z</time>
			</trkpt>
			<trkpt lat="45.515105009305245" lon="15.151243524942446">
				<ele>311.04162461310625</ele>
				<time>2024-07-13T18:17:18Z</time>
			</trkpt>
			<trkpt lat="45.515078551110676" lon="15.151244231512143">
				<ele>310.53032714221627</ele>
				<time>2024-07-13T18:17:20Z</time>
			</trkpt>
			<trkpt lat="45.51505566064661" lon="15.151244895726899">
				<ele>310.0828602826223</ele>
				<time>2024-07-13T18:17:22Z</time>
			</trkpt>
			<trkpt lat="45.51503186853654" lon="15.151231168581809">
				<ele>310.37201943062246</ele>
				<time>2024-07-13T18:17:23Z</time>
			</trkpt>
			<trkpt lat="45.51502391702597" lon="15.15125421023474">
				<ele>310.0488810185343</ele>
				<time>2024-07-13T18:17:24Z</time>
			</trkpt>
			<trkpt lat="45.51500773263062" lon="15.151286329174217">
				<ele>307.7355005322024</ele>
				<time>2024-07-13T18:17:26Z</time>
			</trkpt>
			<trkpt lat="45.51498560782768" lon="15.15129013101946">
				<ele>308.7225733958185</ele>
				<time>2024-07-13T18:17:27Z</time>
			</trkpt>
			<trkpt lat="45.51496945283871" lon="15.151306257924332">
				<ele>309.0873502064496</ele>
				<time>2024-07-13T18:17:29Z</time>
			</trkpt>
			<trkpt lat="45.51497434254318" lon="15.151347951400407">
				<ele>307.9874095963314</ele>
				<time>2024-07-13T18:17:31Z</time>
			</trkpt>
			<trkpt lat="45.514948139835994" lon="15.151361874609075">
				<ele>306.77325872145593</ele>
				<time>2024-07-13T18:17:33Z</time>
			</trkpt>
			<trkpt lat="45.51492888126444" lon="15.151380169372436">
				<ele>305.907420151867</ele>
				<time>2024-07-13T18:17:35Z</time>
			</trkpt>
			<trkpt lat="45.51490921452884" lon="15.151393029718617">
				<ele>307.04472379013896</ele>
				<time>2024-07-13T18:17:37Z</time>
			</trkpt>
			<trkpt lat="45.51491714469148" lon="15.151416882040873">
				<ele>306.5013018902391</ele>
				<time>2024-07-13T18:17:40Z</time>
			</trkpt>
			<trkpt lat="45.51491965435034" lon="15.151443029890505">
				<ele>305.9682389292866</ele>
				<time>2024-07-13T18:17:42Z</time>
			</trkpt>
			<trkpt lat="45.5149041997006" lon="15.151472507039983">
				<ele>305.5923375748098</ele>
				<time>2024-07-13T18:17:44Z</time>
			</trkpt>
			<trkpt lat="45.51487914978364" lon="15.151493134240631">
				<ele>305.65022366307676</ele>
				<time>2024-07-13T18:17:46Z</time>
			</trkpt>
			<trkpt lat="45.51488368546775" lon="15.15152034659335">
				<ele>306.66571829188615</ele>
				<time>2024-07-13T18:17:48Z</time>
			</trkpt>
			<trkpt lat="45.51486894323178" lon="15.151541075952494">
				<ele>306.5997472377494</ele>
				<time>2024-07-13T18:17:50Z</time>
			</trkpt>
			<trkpt lat="45.51486862621641" lon="15.151574384437565">
				<ele>304.3228854192421</ele>
				<time>2024-07-13T18:17:54Z</time>
			</trkpt>
			<trkpt lat="45.514884777924664" lon="15.15159581667945">
				<ele>305.1969404872507</ele>
				<time>2024-07-13T18:17:55Z</time>
			</trkpt>
			<trkpt lat="45.51489413495332" lon="15.151570458130488">
				<ele>305.36969883181155</ele>
				<time>2024-07-13T18:17:58Z</time>
			</trkpt>
			<trkpt lat="45.51489890542729" lon="15.151541456251312">
				<ele>305.768310546875</ele>
				<time>2024-07-13T18:18:02Z</time>
			</trkpt>
			<trkpt lat="45.514893895093024" lon="15.151512121423933">
				<ele>306.27192611433566</ele>
				<time>2024-07-13T18:18:07Z</time>
			</trkpt>
			<trkpt lat="45.514881069343666" lon="15.151493160254985">
				<ele>304.2268345085904</ele>
				<time>2024-07-13T18:18:20Z</time>
			</trkpt>
			<trkpt lat="45.51489783849688" lon="15.151474457556223">
				<ele>304.69491911958903</ele>
				<time>2024-07-13T18:18:24Z</time>
			</trkpt>
			<trkpt lat="45.514913011312274" lon="15.151452535831787">
				<ele>305.0285332268104</ele>
				<time>2024-07-13T18:18:26Z</time>
			</trkpt>
			<trkpt lat="45.51489671062566" lon="15.151471773059628">
				<ele>304.59674911387265</ele>
				<time>2024-07-13T18:18:35Z</time>
			</trkpt>
			<trkpt lat="45.51488332102846" lon="15.15149755350134">
				<ele>304.2261199085042</ele>
				<time>2024-07-13T18:18:41Z</time>
			</trkpt>
			<trkpt lat="45.514880709435815" lon="15.151523070442572">
				<ele>305.16825214773417</ele>
				<time>2024-07-13T18:18:50Z</time>
			</trkpt>
			<trkpt lat="45.51487194371652" lon="15.151494932147893">
				<ele>305.6474391659722</ele>
				<time>2024-07-13T18:18:57Z</time>
			</trkpt>
			<trkpt lat="45.51487391122116" lon="15.151458151384245">
				<ele>305.55694253370166</ele>
				<time>2024-07-13T18:18:59Z</time>
			</trkpt>
			<trkpt lat="45.51489380228516" lon="15.1514324343589">
				<ele>305.0679782759398</ele>
				<time>2024-07-13T18:19:01Z</time>
			</trkpt>
			<trkpt lat="45.51491627476894" lon="15.151400410887568">
				<ele>304.9955983553082</ele>
				<time>2024-07-13T18:19:04Z</time>
			</trkpt>
			<trkpt lat="45.514919833522185" lon="15.15136855649419">
				<ele>305.7976272003725</ele>
				<time>2024-07-13T18:19:05Z</time>
			</trkpt>
			<trkpt lat="45.51493972437511" lon="15.151390196087153">
				<ele>305.006630377844</ele>
				<time>2024-07-13T18:19:06Z</time>
			</trkpt>
			<trkpt lat="45.514953734240905" lon="15.151368030228667">
				<ele>308.9352580104023</ele>
				<time>2024-07-13T18:19:16Z</time>
			</trkpt>
			<trkpt lat="45.51493474119633" lon="15.151348146549354">
				<ele>309.08146516326815</ele>
				<time>2024-07-13T18:19:18Z</time>
			</trkpt>
			<trkpt lat="45.51491054400698" lon="15.151323712485203">
				<ele>308.7485964661464</ele>
				<time>2024-07-13T18:19:20Z</time>
			</trkpt>
			<trkpt lat="45.514889276276186" lon="15.151318917422271">
				<ele>309.35084024164826</ele>
				<time>2024-07-13T18:19:22Z</time>
			</trkpt>
			<trkpt lat="45.51487236623706" lon="15.151310132590542">
				<ele>309.0348474867642</ele>
				<time>2024-07-13T18:19:23Z</time>
			</trkpt>
			<trkpt lat="45.51491317878409" lon="15.151305267409255">
				<ele>308.4243566580117</ele>
				<time>2024-07-13T18:19:25Z</time>
			</trkpt>
			<trkpt lat="45.514901776410326" lon="15.151328213273327">
				<ele>309.4936684034765</ele>
				<time>2024-07-13T18:19:26Z</time>
			</trkpt>
			<trkpt lat="45.51487393945419" lon="15.15132119410564">
				<ele>310.4383391709998</ele>
				<time>2024-07-13T18:19:28Z</time>
			</trkpt>
			<trkpt lat="45.51485045589793" lon="15.151322523728535">
				<ele>308.74867922998965</ele>
				<time>2024-07-13T18:19:29Z</time>
			</trkpt>
			<trkpt lat="45.51483217403944" lon="15.151307170897578">
				<ele>308.5364831518382</ele>
				<time>2024-07-13T18:19:31Z</time>
			</trkpt>
			<trkpt lat="45.51480291204576" lon="15.151304868369644">
				<ele>310.19038057141006</ele>
				<time>2024-07-13T18:19:33Z</time>
			</trkpt>
			<trkpt lat="45.51476773983217" lon="15.151313490044044">
				<ele>310.41500380448997</ele>
				<time>2024-07-13T18:19:35Z</time>
			</trkpt>
			<trkpt lat="45.51474852865649" lon="15.151297983860964">
				<ele>310.3322932943702</ele>
				<time>2024-07-13T18:19:37Z</time>
			</trkpt>
			<trkpt lat="45.51472427065967" lon="15.151292572176784">
				<ele>309.6207331372425</ele>
				<time>2024-07-13T18:19:38Z</time>
			</trkpt>
			<trkpt lat="45.514698645243904" lon="15.151305229181299">
				<ele>310.88532873243093</ele>
				<time>2024-07-13T18:19:41Z</time>
			</trkpt>
			<trkpt lat="45.514673976329306" lon="15.151313297800064">
				<ele>309.93890842050314</ele>
				<time>2024-07-13T18:19:45Z</time>
			</trkpt>
			<trkpt lat="45.514652829023966" lon="15.151317376416968">
				<ele>309.2161736013368</ele>
				<time>2024-07-13T18:19:47Z</time>
			</trkpt>
			<trkpt lat="45.514613792023944" lon="15.151309435661194">
				<ele>309.73796911910176</ele>
				<time>2024-07-13T18:19:50Z</time>
			</trkpt>
			<trkpt lat="45.51459143819271" lon="15.151323622331194">
				<ele>310.28877696115524</ele>
				<time>2024-07-13T18:19:52Z</time>
			</trkpt>
			<trkpt lat="45.51455568079301" lon="15.151343115232766">
				<ele>309.92822151631117</ele>
				<time>2024-07-13T18:19:55Z</time>
			</trkpt>
			<trkpt lat="45.514537701312335" lon="15.15133034871699">
				<ele>310.6459628408775</ele>
				<time>2024-07-13T18:19:57Z</time>
			</trkpt>
			<trkpt lat="45.514505366769164" lon="15.15132489402371">
				<ele>310.7192380046472</ele>
				<time>2024-07-13T18:20:00Z</time>
			</trkpt>
			<trkpt lat="45.514474825381726" lon="15.151305245767213">
				<ele>313.13240193296224</ele>
				<time>2024-07-13T18:20:07Z</time>
			</trkpt>
			<trkpt lat="45.51444436168108" lon="15.151300789834563">
				<ele>313.45098217763007</ele>
				<time>2024-07-13T18:20:09Z</time>
			</trkpt>
			<trkpt lat="45.514422272127156" lon="15.151290566443985">
				<ele>312.5907657314092</ele>
				<time>2024-07-13T18:20:11Z</time>
			</trkpt>
			<trkpt lat="45.514382967778516" lon="15.151275853242595">
				<ele>312.874539706856</ele>
				<time>2024-07-13T18:20:13Z</time>
			</trkpt>
			<trkpt lat="45.51436119822482" lon="15.151275166275123">
				<ele>313.21346102282405</ele>
				<time>2024-07-13T18:20:16Z</time>
			</trkpt>
			<trkpt lat="45.51432908145947" lon="15.151258606022449">
				<ele>313.58633385039866</ele>
				<time>2024-07-13T18:20:18Z</time>
			</trkpt>
			<trkpt lat="45.51430214118334" lon="15.151242872332023">
				<ele>313.622009546496</ele>
				<time>2024-07-13T18:20:20Z</time>
			</trkpt>
			<trkpt lat="45.51428284727524" lon="15.151231935982057">
				<ele>315.2768161473796</ele>
				<time>2024-07-13T18:20:22Z</time>
			</trkpt>
			<trkpt lat="45.514256735284214" lon="15.151220230616397">
				<ele>314.15517850778997</ele>
				<time>2024-07-13T18:20:24Z</time>
			</trkpt>
			<trkpt lat="45.514231587128265" lon="15.15121378063958">
				<ele>314.67762384936213</ele>
				<time>2024-07-13T18:20:26Z</time>
			</trkpt>
			<trkpt lat="45.5142097234701" lon="15.151192898674502">
				<ele>314.570198552683</ele>
				<time>2024-07-13T18:20:28Z</time>
			</trkpt>
			<trkpt lat="45.51418873574183" lon="15.15120116667502">
				<ele>314.5883101038635</ele>
				<time>2024-07-13T18:20:31Z</time>
			</trkpt>
			<trkpt lat="45.51417032188286" lon="15.15119607368564">
				<ele>315.0934170400724</ele>
				<time>2024-07-13T18:20:33Z</time>
			</trkpt>
			<trkpt lat="45.51414929016423" lon="15.151170033836367">
				<ele>314.09106848947704</ele>
				<time>2024-07-13T18:20:36Z</time>
			</trkpt>
			<trkpt lat="45.51412823634339" lon="15.151151149343177">
				<ele>313.78398531954736</ele>
				<time>2024-07-13T18:20:39Z</time>
			</trkpt>
			<trkpt lat="45.514107308284906" lon="15.151148243260586">
				<ele>314.42595339939</ele>
				<time>2024-07-13T18:20:40Z</time>
			</trkpt>
			<trkpt lat="45.514082477250845" lon="15.1511299184514">
				<ele>313.88536081649363</ele>
				<time>2024-07-13T18:20:42Z</time>
			</trkpt>
			<trkpt lat="45.51406240684687" lon="15.151145513487583">
				<ele>315.5868465760723</ele>
				<time>2024-07-13T18:20:46Z</time>
			</trkpt>
			<trkpt lat="45.51403991037978" lon="15.151146832332653">
				<ele>315.2835197597742</ele>
				<time>2024-07-13T18:20:47Z</time>
			</trkpt>
			<trkpt lat="45.51401785052208" lon="15.15114110133584">
				<ele>315.59469865448773</ele>
				<time>2024-07-13T18:20:48Z</time>
			</trkpt>
			<trkpt lat="45.51398735305671" lon="15.151139037607981">
				<ele>315.1049038693309</ele>
				<time>2024-07-13T18:20:50Z</time>
			</trkpt>
			<trkpt lat="45.513963491986374" lon="15.15111821970084">
				<ele>314.7937391512096</ele>
				<time>2024-07-13T18:20:52Z</time>
			</trkpt>
			<trkpt lat="45.513936433166265" lon="15.151116383330574">
				<ele>314.6077883671969</ele>
				<time>2024-07-13T18:20:55Z</time>
			</trkpt>
			<trkpt lat="45.51391579086583" lon="15.151123119074802">
				<ele>312.9660841161385</ele>
				<time>2024-07-13T18:20:57Z</time>
			</trkpt>
			<trkpt lat="45.51389451778601" lon="15.151130969732737">
				<ele>314.36858563963324</ele>
				<time>2024-07-13T18:21:00Z</time>
			</trkpt>
			<trkpt lat="45.513880493762294" lon="15.151110218152251">
				<ele>314.6548382323235</ele>
				<time>2024-07-13T18:21:02Z</time>
			</trkpt>
			<trkpt lat="45.51386618577573" lon="15.15109446151359">
				<ele>315.06713288184255</ele>
				<time>2024-07-13T18:21:04Z</time>
			</trkpt>
			<trkpt lat="45.513836753808356" lon="15.15108317983512">
				<ele>314.6719735460356</ele>
				<time>2024-07-13T18:21:08Z</time>
			</trkpt>
			<trkpt lat="45.513815934789854" lon="15.151078676815604">
				<ele>314.44230302236974</ele>
				<time>2024-07-13T18:21:11Z</time>
			</trkpt>
			<trkpt lat="45.5137948014038" lon="15.151063921430286">
				<ele>315.26645358186215</ele>
				<time>2024-07-13T18:21:12Z</time>
			</trkpt>
			<trkpt lat="45.5137763206565" lon="15.151048079910394">
				<ele>314.01135331206024</ele>
				<time>2024-07-13T18:21:15Z</time>
			</trkpt>
			<trkpt lat="45.51374602392271" lon="15.151058793601385">
				<ele>313.49161343835294</ele>
				<time>2024-07-13T18:21:17Z</time>
			</trkpt>
			<trkpt lat="45.51372102950817" lon="15.151055604066766">
				<ele>312.3598497984931</ele>
				<time>2024-07-13T18:21:19Z</time>
			</trkpt>
			<trkpt lat="45.51369830129422" lon="15.151063967770764">
				<ele>313.8569522853941</ele>
				<time>2024-07-13T18:21:24Z</time>
			</trkpt>
			<trkpt lat="45.51368999853729" lon="15.15108719335146">
				<ele>311.6267223292962</ele>
				<time>2024-07-13T18:21:45Z</time>
			</trkpt>
			<trkpt lat="45.51369197566874" lon="15.151060955236481">
				<ele>311.07164435554296</ele>
				<time>2024-07-13T18:21:47Z</time>
			</trkpt>
			<trkpt lat="45.51368176278494" lon="15.151022862755129">
				<ele>310.5210237875581</ele>
				<time>2024-07-13T18:21:49Z</time>
			</trkpt>
			<trkpt lat="45.51366450119613" lon="15.151013255272044">
				<ele>310.7525271261111</ele>
				<time>2024-07-13T18:21:51Z</time>
			</trkpt>
			<trkpt lat="45.51364873765856" lon="15.150999902612897">
				<ele>311.07107964437455</ele>
				<time>2024-07-13T18:21:52Z</time>
			</trkpt>
			<trkpt lat="45.513625807493234" lon="15.150988776233817">
				<ele>312.0310067506507</ele>
				<time>2024-07-13T18:21:55Z</time>
			</trkpt>
			<trkpt lat="45.51360908459329" lon="15.150966623987507">
				<ele>310.3485622610897</ele>
				<time>2024-07-13T18:21:59Z</time>
			</trkpt>
			<trkpt lat="45.513588151569195" lon="15.15096364776181">
				<ele>311.68463505152613</ele>
				<time>2024-07-13T18:22:01Z</time>
			</trkpt>
			<trkpt lat="45.513563448024065" lon="15.150967477720261">
				<ele>311.59528485126793</ele>
				<time>2024-07-13T18:22:03Z</time>
			</trkpt>
			<trkpt lat="45.51353526967097" lon="15.150950182868913">
				<ele>312.32034010626376</ele>
				<time>2024-07-13T18:22:06Z</time>
			</trkpt>
			<trkpt lat="45.5134981552076" lon="15.150942779043412">
				<ele>312.9111452298239</ele>
				<time>2024-07-13T18:22:11Z</time>
			</trkpt>
			<trkpt lat="45.51346621661162" lon="15.150960771723598">
				<ele>313.1535557471216</ele>
				<time>2024-07-13T18:22:13Z</time>
			</trkpt>
			<trkpt lat="45.513439323704944" lon="15.150953409291704">
				<ele>310.995015501976</ele>
				<time>2024-07-13T18:22:16Z</time>
			</trkpt>
			<trkpt lat="45.51341934110191" lon="15.150967356819505">
				<ele>311.5264652771875</ele>
				<time>2024-07-13T18:22:17Z</time>
			</trkpt>
			<trkpt lat="45.513387181841935" lon="15.150996566048097">
				<ele>311.88299613818526</ele>
				<time>2024-07-13T18:22:20Z</time>
			</trkpt>
			<trkpt lat="45.513372525869414" lon="15.15101966645182">
				<ele>311.1834493810311</ele>
				<time>2024-07-13T18:22:22Z</time>
			</trkpt>
			<trkpt lat="45.51335421063116" lon="15.151019259266835">
				<ele>310.0407807454467</ele>
				<time>2024-07-13T18:22:25Z</time>
			</trkpt>
			<trkpt lat="45.51333463605547" lon="15.151055360244252">
				<ele>310.76451395638287</ele>
				<time>2024-07-13T18:22:28Z</time>
			</trkpt>
			<trkpt lat="45.51332189913906" lon="15.151077808159783">
				<ele>310.1088046655059</ele>
				<time>2024-07-13T18:22:30Z</time>
			</trkpt>
			<trkpt lat="45.513302493519596" lon="15.15110372212131">
				<ele>310.23154185619205</ele>
				<time>2024-07-13T18:22:32Z</time>
			</trkpt>
			<trkpt lat="45.513291605061454" lon="15.151129374065832">
				<ele>309.25138527341187</ele>
				<time>2024-07-13T18:22:34Z</time>
			</trkpt>
			<trkpt lat="45.51328211638826" lon="15.151152067551234">
				<ele>309.3545386120677</ele>
				<time>2024-07-13T18:22:36Z</time>
			</trkpt>
			<trkpt lat="45.51326518093299" lon="15.151170544923193">
				<ele>307.82948169019073</ele>
				<time>2024-07-13T18:22:38Z</time>
			</trkpt>
			<trkpt lat="45.51324708440387" lon="15.151186340161436">
				<ele>308.185340680182</ele>
				<time>2024-07-13T18:22:40Z</time>
			</trkpt>
			<trkpt lat="45.51322392695895" lon="15.15121786198989">
				<ele>307.7193270465359</ele>
				<time>2024-07-13T18:22:43Z</time>
			</trkpt>
			<trkpt lat="45.51320439448786" lon="15.151239598147248">
				<ele>309.2419938547537</ele>
				<time>2024-07-13T18:22:45Z</time>
			</trkpt>
			<trkpt lat="45.51317867853823" lon="15.15125464112069">
				<ele>307.67982554621994</ele>
				<time>2024-07-13T18:22:47Z</time>
			</trkpt>
			<trkpt lat="45.51316000270229" lon="15.151258588993187">
				<ele>309.3766368823126</ele>
				<time>2024-07-13T18:22:50Z</time>
			</trkpt>
			<trkpt lat="45.51315768553901" lon="15.151289784879744">
				<ele>308.42366337869316</ele>
				<time>2024-07-13T18:22:52Z</time>
			</trkpt>
			<trkpt lat="45.513152801301615" lon="15.151330039067721">
				<ele>308.71876480057836</ele>
				<time>2024-07-13T18:22:54Z</time>
			</trkpt>
			<trkpt lat="45.51317494332894" lon="15.151364644540925">
				<ele>308.0402852492407</ele>
				<time>2024-07-13T18:22:56Z</time>
			</trkpt>
			<trkpt lat="45.51315983298473" lon="15.151403100921767">
				<ele>308.22583142947406</ele>
				<time>2024-07-13T18:22:59Z</time>
			</trkpt>
			<trkpt lat="45.51314640129208" lon="15.151441660344396">
				<ele>307.2390723582357</ele>
				<time>2024-07-13T18:23:01Z</time>
			</trkpt>
			<trkpt lat="45.51314265453164" lon="15.151477187919122">
				<ele>306.39143993891776</ele>
				<time>2024-07-13T18:23:03Z</time>
			</trkpt>
			<trkpt lat="45.51312321453383" lon="15.151500113237919">
				<ele>305.98854650370777</ele>
				<time>2024-07-13T18:23:05Z</time>
			</trkpt>
			<trkpt lat="45.513101759916616" lon="15.151536254441808">
				<ele>306.3557332139462</ele>
				<time>2024-07-13T18:23:07Z</time>
			</trkpt>
			<trkpt lat="45.513086120793226" lon="15.151561453943087">
				<ele>308.2257092371583</ele>
				<time>2024-07-13T18:23:09Z</time>
			</trkpt>
			<trkpt lat="45.513088441976485" lon="15.151602822218928">
				<ele>307.8510917806998</ele>
				<time>2024-07-13T18:23:11Z</time>
			</trkpt>
			<trkpt lat="45.51307033547552" lon="15.151624705097552">
				<ele>308.50712001509964</ele>
				<time>2024-07-13T18:23:13Z</time>
			</trkpt>
			<trkpt lat="45.51307265566039" lon="15.151650283486445">
				<ele>308.4758902201429</ele>
				<time>2024-07-13T18:23:14Z</time>
			</trkpt>
			<trkpt lat="45.513048223412646" lon="15.151638801611426">
				<ele>307.998769630678</ele>
				<time>2024-07-13T18:23:15Z</time>
			</trkpt>
			<trkpt lat="45.51305691298234" lon="15.151672892757404">
				<ele>307.0173491509631</ele>
				<time>2024-07-13T18:23:17Z</time>
			</trkpt>
			<trkpt lat="45.513026014912" lon="15.151684021840902">
				<ele>307.5156027087942</ele>
				<time>2024-07-13T18:23:19Z</time>
			</trkpt>
			<trkpt lat="45.51300828420824" lon="15.151695525061584">
				<ele>306.59893341362476</ele>
				<time>2024-07-13T18:23:21Z</time>
			</trkpt>
			<trkpt lat="45.5130296902548" lon="15.15171422960578">
				<ele>307.5468634730205</ele>
				<time>2024-07-13T18:23:26Z</time>
			</trkpt>
			<trkpt lat="45.512993872124405" lon="15.151740043879345">
				<ele>306.1680195238441</ele>
				<time>2024-07-13T18:23:28Z</time>
			</trkpt>
			<trkpt lat="45.512987491804374" lon="15.151767295126202">
				<ele>305.7319489438087</ele>
				<time>2024-07-13T18:23:41Z</time>
			</trkpt>
			<trkpt lat="45.51296375085776" lon="15.15175923867579">
				<ele>305.72866930253804</ele>
				<time>2024-07-13T18:23:42Z</time>
			</trkpt>
			<trkpt lat="45.51297593702319" lon="15.151739475753033">
				<ele>305.24319093488157</ele>
				<time>2024-07-13T18:23:43Z</time>
			</trkpt>
			<trkpt lat="45.51297182654279" lon="15.151691292359843">
				<ele>304.7632861202583</ele>
				<time>2024-07-13T18:23:44Z</time>
			</trkpt>
			<trkpt lat="45.51295753192558" lon="15.151669482795763">
				<ele>305.5782240666449</ele>
				<time>2024-07-13T18:23:46Z</time>
			</trkpt>
			<trkpt lat="45.51293443081026" lon="15.151650828815926">
				<ele>305.82244539633393</ele>
				<time>2024-07-13T18:23:48Z</time>
			</trkpt>
			<trkpt lat="45.512927174340795" lon="15.151680192347458">
				<ele>305.7684419211</ele>
				<time>2024-07-13T18:23:55Z</time>
			</trkpt>
			<trkpt lat="45.51289067249487" lon="15.151703119151081">
				<ele>304.1673956308514</ele>
				<time>2024-07-13T18:23:58Z</time>
			</trkpt>
			<trkpt lat="45.51286749035676" lon="15.151707409055858">
				<ele>303.9931908324361</ele>
				<time>2024-07-13T18:24:00Z</time>
			</trkpt>
			<trkpt lat="45.51284699277025" lon="15.151715517717633">
				<ele>304.3701522424817</ele>
				<time>2024-07-13T18:24:03Z</time>
			</trkpt>
			<trkpt lat="45.51282148496087" lon="15.15171779316763">
				<ele>304.14698554296046</ele>
				<time>2024-07-13T18:24:06Z</time>
			</trkpt>
			<trkpt lat="45.51280028990889" lon="15.151728302420926">
				<ele>304.4281859463081</ele>
				<time>2024-07-13T18:24:08Z</time>
			</trkpt>
			<trkpt lat="45.512788314205096" lon="15.151747853531862">
				<ele>304.56799031980336</ele>
				<time>2024-07-13T18:24:10Z</time>
			</trkpt>
			<trkpt lat="45.51276524784873" lon="15.151746172024035">
				<ele>304.25414022710174</ele>
				<time>2024-07-13T18:24:14Z</time>
			</trkpt>
			<trkpt lat="45.51274634427698" lon="15.151746385330231">
				<ele>303.443548575975</ele>
				<time>2024-07-13T18:24:24Z</time>
			</trkpt>
			<trkpt lat="45.51273320974173" lon="15.151766918170436">
				<ele>302.09342021495104</ele>
				<time>2024-07-13T18:24:29Z</time>
			</trkpt>
			<trkpt lat="45.512713245568285" lon="15.151790122812828">
				<ele>302.00163410417736</ele>
				<time>2024-07-13T18:24:31Z</time>
			</trkpt>
			<trkpt lat="45.512687528645145" lon="15.151774138732826">
				<ele>300.93969010096043</ele>
				<time>2024-07-13T18:24:34Z</time>
			</trkpt>
			<trkpt lat="45.51268053284466" lon="15.151739066573079">
				<ele>300.4675271594897</ele>
				<time>2024-07-13T18:24:36Z</time>
			</trkpt>
			<trkpt lat="45.512657539096" lon="15.151711971665335">
				<ele>300.6758285285905</ele>
				<time>2024-07-13T18:24:38Z</time>
			</trkpt>
			<trkpt lat="45.51267349790324" lon="15.151700060532205">
				<ele>302.79261194728315</ele>
				<time>2024-07-13T18:24:50Z</time>
			</trkpt>
			<trkpt lat="45.51263254683569" lon="15.151700926156622">
				<ele>303.6560042798519</ele>
				<time>2024-07-13T18:24:52Z</time>
			</trkpt>
			<trkpt lat="45.5126448811554" lon="15.15167754711023">
				<ele>303.7708832779899</ele>
				<time>2024-07-13T18:24:54Z</time>
			</trkpt>
			<trkpt lat="45.51266116687737" lon="15.151662080182716">
				<ele>303.76026083435863</ele>
				<time>2024-07-13T18:24:58Z</time>
			</trkpt>
			<trkpt lat="45.51265107039628" lon="15.151626342787617">
				<ele>304.3007384352386</ele>
				<time>2024-07-13T18:25:01Z</time>
			</trkpt>
			<trkpt lat="45.5126635425841" lon="15.151645215425685">
				<ele>303.78503133449703</ele>
				<time>2024-07-13T18:25:08Z</time>
			</trkpt>
			<trkpt lat="45.512643360911035" lon="15.151644914690388">
				<ele>304.4533092249185</ele>
				<time>2024-07-13T18:25:19Z</time>
			</trkpt>
			<trkpt lat="45.51263303637075" lon="15.151621691207291">
				<ele>304.98370660375804</ele>
				<time>2024-07-13T18:25:22Z</time>
			</trkpt>
			<trkpt lat="45.512626478989546" lon="15.151592657791559">
				<ele>303.76570607349277</ele>
				<time>2024-07-13T18:25:29Z</time>
			</trkpt>
			<trkpt lat="45.512728368577356" lon="15.1516153776193">
				<ele>302.49069978203624</ele>
				<time>2024-07-13T18:25:41Z</time>
			</trkpt>
			<trkpt lat="45.512737943945666" lon="15.151651620006826">
				<ele>302.53462547808886</ele>
				<time>2024-07-13T18:25:43Z</time>
			</trkpt>
			<trkpt lat="45.512752075242844" lon="15.151677370804622">
				<ele>303.10699632391334</ele>
				<time>2024-07-13T18:25:45Z</time>
			</trkpt>
			<trkpt lat="45.51274005914377" lon="15.151704657355864">
				<ele>303.0272684749216</ele>
				<time>2024-07-13T18:25:49Z</time>
			</trkpt>
			<trkpt lat="45.512735612706194" lon="15.151743878692919">
				<ele>304.47506210487336</ele>
				<time>2024-07-13T18:25:53Z</time>
			</trkpt>
			<trkpt lat="45.51275539379865" lon="15.15173295547768">
				<ele>306.1044029565528</ele>
				<time>2024-07-13T18:25:59Z</time>
			</trkpt>
			<trkpt lat="45.51277680835452" lon="15.151734667487217">
				<ele>305.51205276697874</ele>
				<time>2024-07-13T18:26:03Z</time>
			</trkpt>
			<trkpt lat="45.51279344933795" lon="15.15175218941425">
				<ele>306.6033250177279</ele>
				<time>2024-07-13T18:26:07Z</time>
			</trkpt>
			<trkpt lat="45.5128169695878" lon="15.151732655143958">
				<ele>306.4591889427975</ele>
				<time>2024-07-13T18:26:08Z</time>
			</trkpt>
			<trkpt lat="45.51284034124761" lon="15.151722513536088">
				<ele>305.86503881122917</ele>
				<time>2024-07-13T18:26:17Z</time>
			</trkpt>
			<trkpt lat="45.51286157151866" lon="15.151726248508469">
				<ele>306.02975778188556</ele>
				<time>2024-07-13T18:26:19Z</time>
			</trkpt>
			<trkpt lat="45.51286741822265" lon="15.151751050774239">
				<ele>306.14228742942214</ele>
				<time>2024-07-13T18:26:21Z</time>
			</trkpt>
			<trkpt lat="45.51288861347733" lon="15.151735535128028">
				<ele>308.03877847921103</ele>
				<time>2024-07-13T18:26:26Z</time>
			</trkpt>
			<trkpt lat="45.512909024398766" lon="15.151712235474065">
				<ele>307.2699613561854</ele>
				<time>2024-07-13T18:26:29Z</time>
			</trkpt>
			<trkpt lat="45.51292034723188" lon="15.151679955202175">
				<ele>306.7491571456194</ele>
				<time>2024-07-13T18:26:32Z</time>
			</trkpt>
			<trkpt lat="45.51294564635505" lon="15.151696153273857">
				<ele>305.7494722986594</ele>
				<time>2024-07-13T18:26:33Z</time>
			</trkpt>
			<trkpt lat="45.51296738709643" lon="15.15172377264605">
				<ele>305.45549784135073</ele>
				<time>2024-07-13T18:26:35Z</time>
			</trkpt>
			<trkpt lat="45.51299142470239" lon="15.151734304196076">
				<ele>305.18800893146545</ele>
				<time>2024-07-13T18:26:38Z</time>
			</trkpt>
			<trkpt lat="45.513009029368874" lon="15.151749140873175">
				<ele>305.1354157309979</ele>
				<time>2024-07-13T18:26:39Z</time>
			</trkpt>
			<trkpt lat="45.51302057475907" lon="15.151769641974104">
				<ele>304.71720478497446</ele>
				<time>2024-07-13T18:26:41Z</time>
			</trkpt>
			<trkpt lat="45.513026284779805" lon="15.151800081450702">
				<ele>306.19432853441685</ele>
				<time>2024-07-13T18:26:45Z</time>
			</trkpt>
			<trkpt lat="45.51303153618154" lon="15.15182608306173">
				<ele>305.55108041130006</ele>
				<time>2024-07-13T18:26:47Z</time>
			</trkpt>
			<trkpt lat="45.51305590774134" lon="15.151826778231378">
				<ele>305.97664454672486</ele>
				<time>2024-07-13T18:26:49Z</time>
			</trkpt>
			<trkpt lat="45.513073975421634" lon="15.151843166011131">
				<ele>306.3846329115331</ele>
				<time>2024-07-13T18:26:51Z</time>
			</trkpt>
			<trkpt lat="45.513079062536136" lon="15.151870040437007">
				<ele>306.1311068153009</ele>
				<time>2024-07-13T18:26:52Z</time>
			</trkpt>
			<trkpt lat="45.513095437313616" lon="15.151884924111219">
				<ele>305.4601331287995</ele>
				<time>2024-07-13T18:26:54Z</time>
			</trkpt>
			<trkpt lat="45.51310832469887" lon="15.151904716202433">
				<ele>306.6428030449897</ele>
				<time>2024-07-13T18:26:56Z</time>
			</trkpt>
			<trkpt lat="45.51311250714285" lon="15.151934161013338">
				<ele>308.6326714614406</ele>
				<time>2024-07-13T18:26:58Z</time>
			</trkpt>
			<trkpt lat="45.5131196242111" lon="15.151963854329477">
				<ele>307.71507689356804</ele>
				<time>2024-07-13T18:27:00Z</time>
			</trkpt>
			<trkpt lat="45.513137781984696" lon="15.151958429864722">
				<ele>306.97566420119256</ele>
				<time>2024-07-13T18:27:10Z</time>
			</trkpt>
			<trkpt lat="45.5131569227684" lon="15.151943020156738">
				<ele>306.8663056064397</ele>
				<time>2024-07-13T18:27:13Z</time>
			</trkpt>
			<trkpt lat="45.51315185779959" lon="15.151981610239725">
				<ele>306.709859861061</ele>
				<time>2024-07-13T18:27:15Z</time>
			</trkpt>
			<trkpt lat="45.5131739646832" lon="15.151982525827618">
				<ele>306.071786262095</ele>
				<time>2024-07-13T18:27:22Z</time>
			</trkpt>
			<trkpt lat="45.51317911234965" lon="15.152025326062493">
				<ele>304.77253609057516</ele>
				<time>2024-07-13T18:27:28Z</time>
			</trkpt>
			<trkpt lat="45.513190480778235" lon="15.152045468914622">
				<ele>305.18819915596396</ele>
				<time>2024-07-13T18:27:30Z</time>
			</trkpt>
			<trkpt lat="45.5132108303032" lon="15.152076850144603">
				<ele>304.87501072045416</ele>
				<time>2024-07-13T18:27:32Z</time>
			</trkpt>
			<trkpt lat="45.513214753000966" lon="15.152105073708707">
				<ele>304.14407394081354</ele>
				<time>2024-07-13T18:27:35Z</time>
			</trkpt>
			<trkpt lat="45.51324679817518" lon="15.152140145583491">
				<ele>302.89306585211307</ele>
				<time>2024-07-13T18:27:38Z</time>
			</trkpt>
			<trkpt lat="45.513267124181645" lon="15.15216472966403">
				<ele>302.5544870896265</ele>
				<time>2024-07-13T18:27:41Z</time>
			</trkpt>
			<trkpt lat="45.51329289954023" lon="15.152172251770304">
				<ele>301.30972848366946</ele>
				<time>2024-07-13T18:27:43Z</time>
			</trkpt>
			<trkpt lat="45.51331123504271" lon="15.152183085960926">
				<ele>300.84785110037774</ele>
				<time>2024-07-13T18:27:45Z</time>
			</trkpt>
			<trkpt lat="45.51331927345562" lon="15.152206335395551">
				<ele>303.2154013244435</ele>
				<time>2024-07-13T18:27:47Z</time>
			</trkpt>
			<trkpt lat="45.513337943739174" lon="15.152234420235214">
				<ele>302.2416280787438</ele>
				<time>2024-07-13T18:27:50Z</time>
			</trkpt>
			<trkpt lat="45.51335276949619" lon="15.15225502475468">
				<ele>302.8296897355467</ele>
				<time>2024-07-13T18:27:52Z</time>
			</trkpt>
			<trkpt lat="45.513379131140454" lon="15.152269250097257">
				<ele>301.39204359892756</ele>
				<time>2024-07-13T18:27:54Z</time>
			</trkpt>
			<trkpt lat="45.51339656954981" lon="15.15231224441988">
				<ele>302.129495466128</ele>
				<time>2024-07-13T18:27:57Z</time>
			</trkpt>
			<trkpt lat="45.51340911256663" lon="15.152330851672382">
				<ele>301.7817895337939</ele>
				<time>2024-07-13T18:27:58Z</time>
			</trkpt>
			<trkpt lat="45.51342248829793" lon="15.152348166699905">
				<ele>301.7048654165119</ele>
				<time>2024-07-13T18:27:59Z</time>
			</trkpt>
			<trkpt lat="45.513450399349395" lon="15.152355187061202">
				<ele>301.49558587837964</ele>
				<time>2024-07-13T18:28:01Z</time>
			</trkpt>
			<trkpt lat="45.51348333586912" lon="15.152334895209961">
				<ele>302.9371677050367</ele>
				<time>2024-07-13T18:28:03Z</time>
			</trkpt>
			<trkpt lat="45.5135043993277" lon="15.152352863413448">
				<ele>303.0539775714278</ele>
				<time>2024-07-13T18:28:05Z</time>
			</trkpt>
			<trkpt lat="45.513527959336386" lon="15.152383733000377">
				<ele>302.6891770027578</ele>
				<time>2024-07-13T18:28:07Z</time>
			</trkpt>
			<trkpt lat="45.51354712753685" lon="15.152407398053304">
				<ele>302.37789532355964</ele>
				<time>2024-07-13T18:28:09Z</time>
			</trkpt>
			<trkpt lat="45.51356362356511" lon="15.152390246745625">
				<ele>302.2591329962015</ele>
				<time>2024-07-13T18:28:10Z</time>
			</trkpt>
			<trkpt lat="45.51358513394165" lon="15.152374807759223">
				<ele>301.88755994755775</ele>
				<time>2024-07-13T18:28:12Z</time>
			</trkpt>
			<trkpt lat="45.51360368334994" lon="15.152368161088843">
				<ele>302.0302293971181</ele>
				<time>2024-07-13T18:28:14Z</time>
			</trkpt>
			<trkpt lat="45.51362128065763" lon="15.152353951372882">
				<ele>301.74276742804796</ele>
				<time>2024-07-13T18:28:16Z</time>
			</trkpt>
			<trkpt lat="45.51364395877233" lon="15.15238128945624">
				<ele>302.294652341865</ele>
				<time>2024-07-13T18:28:20Z</time>
			</trkpt>
			<trkpt lat="45.51366118911318" lon="15.152391026824404">
				<ele>302.4473418844864</ele>
				<time>2024-07-13T18:28:22Z</time>
			</trkpt>
			<trkpt lat="45.513690660600254" lon="15.152397686295219">
				<ele>302.50885057542473</ele>
				<time>2024-07-13T18:28:24Z</time>
			</trkpt>
			<trkpt lat="45.51371296263547" lon="15.152422767265563">
				<ele>301.6174603868276</ele>
				<time>2024-07-13T18:28:26Z</time>
			</trkpt>
			<trkpt lat="45.51373382150844" lon="15.152427473406254">
				<ele>301.0937972785905</ele>
				<time>2024-07-13T18:28:28Z</time>
			</trkpt>
			<trkpt lat="45.51377017243497" lon="15.152449797740708">
				<ele>300.97181946225464</ele>
				<time>2024-07-13T18:28:32Z</time>
			</trkpt>
			<trkpt lat="45.51379286434131" lon="15.152471315927446">
				<ele>300.87837689742446</ele>
				<time>2024-07-13T18:28:34Z</time>
			</trkpt>
			<trkpt lat="45.51380935594732" lon="15.152456737350775">
				<ele>301.649959852919</ele>
				<time>2024-07-13T18:28:37Z</time>
			</trkpt>
			<trkpt lat="45.51383830171779" lon="15.152484704786119">
				<ele>300.97895166743547</ele>
				<time>2024-07-13T18:28:39Z</time>
			</trkpt>
			<trkpt lat="45.51386394977241" lon="15.152496417351443">
				<ele>300.8529885504395</ele>
				<time>2024-07-13T18:28:41Z</time>
			</trkpt>
			<trkpt lat="45.513884793835366" lon="15.152514617122277">
				<ele>300.624784427695</ele>
				<time>2024-07-13T18:28:43Z</time>
			</trkpt>
			<trkpt lat="45.51391025418342" lon="15.15253356396251">
				<ele>300.7609214056283</ele>
				<time>2024-07-13T18:28:45Z</time>
			</trkpt>
			<trkpt lat="45.51392960940089" lon="15.152548536884574">
				<ele>300.43063663411885</ele>
				<time>2024-07-13T18:28:47Z</time>
			</trkpt>
			<trkpt lat="45.51395077746904" lon="15.152556547247833">
				<ele>299.68574802484363</ele>
				<time>2024-07-13T18:28:49Z</time>
			</trkpt>
			<trkpt lat="45.513973407631916" lon="15.15255707052237">
				<ele>299.6436576060951</ele>
				<time>2024-07-13T18:28:52Z</time>
			</trkpt>
			<trkpt lat="45.51399705342621" lon="15.15256488678382">
				<ele>301.3091657711193</ele>
				<time>2024-07-13T18:28:54Z</time>
			</trkpt>
			<trkpt lat="45.51402488681085" lon="15.152567871603718">
				<ele>300.6093371938914</ele>
				<time>2024-07-13T18:28:56Z</time>
			</trkpt>
			<trkpt lat="45.51405122676379" lon="15.152594611967764">
				<ele>300.57064469810575</ele>
				<time>2024-07-13T18:28:58Z</time>
			</trkpt>
			<trkpt lat="45.514070519810936" lon="15.152590144812752">
				<ele>301.3426544992253</ele>
				<time>2024-07-13T18:29:01Z</time>
			</trkpt>
			<trkpt lat="45.51409433919834" lon="15.152589995985664">
				<ele>302.1317952470854</ele>
				<time>2024-07-13T18:29:02Z</time>
			</trkpt>
			<trkpt lat="45.51412279779707" lon="15.152594336829575">
				<ele>301.1259435676038</ele>
				<time>2024-07-13T18:29:04Z</time>
			</trkpt>
			<trkpt lat="45.514150367344136" lon="15.1525888765842">
				<ele>301.7579257180914</ele>
				<time>2024-07-13T18:29:07Z</time>
			</trkpt>
			<trkpt lat="45.51416116357423" lon="15.152561594684096">
				<ele>299.9765162654221</ele>
				<time>2024-07-13T18:29:10Z</time>
			</trkpt>
			<trkpt lat="45.51418620034944" lon="15.152553263741739">
				<ele>300.8259420506656</ele>
				<time>2024-07-13T18:29:13Z</time>
			</trkpt>
			<trkpt lat="45.51421357428924" lon="15.152553304952793">
				<ele>300.44439129997045</ele>
				<time>2024-07-13T18:29:15Z</time>
			</trkpt>
			<trkpt lat="45.514230337615444" lon="15.152542331579358">
				<ele>299.9926960943267</ele>
				<time>2024-07-13T18:29:17Z</time>
			</trkpt>
			<trkpt lat="45.51424913545534" lon="15.152546698656325">
				<ele>300.89195961132646</ele>
				<time>2024-07-13T18:29:19Z</time>
			</trkpt>
			<trkpt lat="45.51428904031015" lon="15.15253897785364">
				<ele>301.55784480366856</ele>
				<time>2024-07-13T18:29:21Z</time>
			</trkpt>
			<trkpt lat="45.51430862939491" lon="15.15253444438537">
				<ele>302.0454974947497</ele>
				<time>2024-07-13T18:29:22Z</time>
			</trkpt>
			<trkpt lat="45.514328847275785" lon="15.152524047491584">
				<ele>301.13041164167225</ele>
				<time>2024-07-13T18:29:24Z</time>
			</trkpt>
			<trkpt lat="45.5143592934838" lon="15.152506420221835">
				<ele>300.77385687455535</ele>
				<time>2024-07-13T18:29:26Z</time>
			</trkpt>
			<trkpt lat="45.51438039895794" lon="15.152506191593538">
				<ele>299.62018763367087</ele>
				<time>2024-07-13T18:29:29Z</time>
			</trkpt>
			<trkpt lat="45.514411437941554" lon="15.152504279945154">
				<ele>299.7181878760457</ele>
				<time>2024-07-13T18:29:32Z</time>
			</trkpt>
			<trkpt lat="45.51443100220067" lon="15.152517373271602">
				<ele>299.97741319891065</ele>
				<time>2024-07-13T18:29:35Z</time>
			</trkpt>
			<trkpt lat="45.514450076697074" lon="15.152508525899712">
				<ele>300.0889099445194</ele>
				<time>2024-07-13T18:29:37Z</time>
			</trkpt>
			<trkpt lat="45.51447312250443" lon="15.15250483419156">
				<ele>299.4397984230891</ele>
				<time>2024-07-13T18:29:39Z</time>
			</trkpt>
			<trkpt lat="45.51449337679045" lon="15.152520578120727">
				<ele>299.78370090946555</ele>
				<time>2024-07-13T18:29:41Z</time>
			</trkpt>
			<trkpt lat="45.51451845467488" lon="15.152516121108711">
				<ele>299.3450628099963</ele>
				<time>2024-07-13T18:29:43Z</time>
			</trkpt>
			<trkpt lat="45.514541714265796" lon="15.152530093384543">
				<ele>299.2178187482059</ele>
				<time>2024-07-13T18:29:46Z</time>
			</trkpt>
			<trkpt lat="45.51456120483154" lon="15.152522061354007">
				<ele>300.3739599613473</ele>
				<time>2024-07-13T18:29:47Z</time>
			</trkpt>
			<trkpt lat="45.51457808493921" lon="15.152542454684157">
				<ele>301.2150591276586</ele>
				<time>2024-07-13T18:29:50Z</time>
			</trkpt>
			<trkpt lat="45.51459973051625" lon="15.152543421660088">
				<ele>300.16590495500714</ele>
				<time>2024-07-13T18:29:52Z</time>
			</trkpt>
			<trkpt lat="45.51462429871874" lon="15.152545343046985">
				<ele>299.89423584844917</ele>
				<time>2024-07-13T18:29:54Z</time>
			</trkpt>
			<trkpt lat="45.514650783351236" lon="15.152537533992694">
				<ele>299.406035175547</ele>
				<time>2024-07-13T18:29:57Z</time>
			</trkpt>
			<trkpt lat="45.514676975695096" lon="15.152548284481798">
				<ele>299.0666780695319</ele>
				<time>2024-07-13T18:29:59Z</time>
			</trkpt>
			<trkpt lat="45.5147025469905" lon="15.152571951814537">
				<ele>299.3054012013599</ele>
				<time>2024-07-13T18:30:01Z</time>
			</trkpt>
			<trkpt lat="45.514727432578354" lon="15.152595469327276">
				<ele>300.1478757923469</ele>
				<time>2024-07-13T18:30:05Z</time>
			</trkpt>
			<trkpt lat="45.51475999893572" lon="15.152615870165311">
				<ele>298.6456327429041</ele>
				<time>2024-07-13T18:30:08Z</time>
			</trkpt>
			<trkpt lat="45.51477733950627" lon="15.152625525630416">
				<ele>297.9395330110565</ele>
				<time>2024-07-13T18:30:10Z</time>
			</trkpt>
			<trkpt lat="45.514794021828905" lon="15.15263866587334">
				<ele>298.2799879433587</ele>
				<time>2024-07-13T18:30:12Z</time>
			</trkpt>
			<trkpt lat="45.514813334542154" lon="15.152640299774177">
				<ele>298.009464324452</ele>
				<time>2024-07-13T18:30:14Z</time>
			</trkpt>
			<trkpt lat="45.51483813623622" lon="15.1526533221216">
				<ele>298.1415743837133</ele>
				<time>2024-07-13T18:30:16Z</time>
			</trkpt>
			<trkpt lat="45.514857145998405" lon="15.152653246328123">
				<ele>297.7386419977993</ele>
				<time>2024-07-13T18:30:18Z</time>
			</trkpt>
			<trkpt lat="45.51487466462746" lon="15.152664628301036">
				<ele>298.214638219215</ele>
				<time>2024-07-13T18:30:20Z</time>
			</trkpt>
			<trkpt lat="45.51489728784562" lon="15.152664680715022">
				<ele>297.7007358111441</ele>
				<time>2024-07-13T18:30:21Z</time>
			</trkpt>
			<trkpt lat="45.51492094457282" lon="15.152694866759278">
				<ele>297.2104186080396</ele>
				<time>2024-07-13T18:30:23Z</time>
			</trkpt>
			<trkpt lat="45.51493997709684" lon="15.152717158355127">
				<ele>296.9691540617496</ele>
				<time>2024-07-13T18:30:26Z</time>
			</trkpt>
			<trkpt lat="45.51496030146612" lon="15.152717942452158">
				<ele>297.0603584703058</ele>
				<time>2024-07-13T18:30:28Z</time>
			</trkpt>
			<trkpt lat="45.5149853075855" lon="15.152733276218406">
				<ele>296.45942287612706</ele>
				<time>2024-07-13T18:30:30Z</time>
			</trkpt>
			<trkpt lat="45.51500708964162" lon="15.152749759944987">
				<ele>296.08702013269067</ele>
				<time>2024-07-13T18:30:32Z</time>
			</trkpt>
			<trkpt lat="45.51501839388879" lon="15.15278010995914">
				<ele>296.2359500071034</ele>
				<time>2024-07-13T18:30:34Z</time>
			</trkpt>
			<trkpt lat="45.515046704405584" lon="15.152786198570368">
				<ele>295.57115675508976</ele>
				<time>2024-07-13T18:30:36Z</time>
			</trkpt>
			<trkpt lat="45.51506504197099" lon="15.152803011223734">
				<ele>294.118021029979</ele>
				<time>2024-07-13T18:30:38Z</time>
			</trkpt>
			<trkpt lat="45.515080394329345" lon="15.152828358145891">
				<ele>295.11286083702</ele>
				<time>2024-07-13T18:30:41Z</time>
			</trkpt>
			<trkpt lat="45.51507092110166" lon="15.152853067831764">
				<ele>295.9288220759481</ele>
				<time>2024-07-13T18:30:44Z</time>
			</trkpt>
			<trkpt lat="45.51508901124286" lon="15.152863523395574">
				<ele>296.00281393155456</ele>
				<time>2024-07-13T18:30:45Z</time>
			</trkpt>
			<trkpt lat="45.51510457372655" lon="15.152878775245327">
				<ele>295.55675584543496</ele>
				<time>2024-07-13T18:30:46Z</time>
			</trkpt>
			<trkpt lat="45.51511537626032" lon="15.152902117941641">
				<ele>295.9553061882034</ele>
				<time>2024-07-13T18:30:48Z</time>
			</trkpt>
			<trkpt lat="45.51513647111332" lon="15.152934878094284">
				<ele>295.5431641135365</ele>
				<time>2024-07-13T18:30:50Z</time>
			</trkpt>
			<trkpt lat="45.515171502593475" lon="15.152933533680422">
				<ele>294.62610367126763</ele>
				<time>2024-07-13T18:30:53Z</time>
			</trkpt>
			<trkpt lat="45.515198225289964" lon="15.152948831705109">
				<ele>294.4066897537559</ele>
				<time>2024-07-13T18:30:55Z</time>
			</trkpt>
			<trkpt lat="45.51521754927802" lon="15.15297256031379">
				<ele>293.96178459748626</ele>
				<time>2024-07-13T18:30:57Z</time>
			</trkpt>
			<trkpt lat="45.515234665278115" lon="15.152986812217254">
				<ele>293.4309352133423</ele>
				<time>2024-07-13T18:30:59Z</time>
			</trkpt>
			<trkpt lat="45.51525091881297" lon="15.153026334093955">
				<ele>293.9120347844437</ele>
				<time>2024-07-13T18:31:01Z</time>
			</trkpt>
			<trkpt lat="45.515268154288584" lon="15.153052955688278">
				<ele>294.22855787631124</ele>
				<time>2024-07-13T18:31:03Z</time>
			</trkpt>
			<trkpt lat="45.51527990893308" lon="15.153083340462684">
				<ele>294.38506286684424</ele>
				<time>2024-07-13T18:31:05Z</time>
			</trkpt>
			<trkpt lat="45.51528263354492" lon="15.15311462210653">
				<ele>294.6841637706384</ele>
				<time>2024-07-13T18:31:07Z</time>
			</trkpt>
			<trkpt lat="45.51529654109894" lon="15.153138282525017">
				<ele>294.11302930116653</ele>
				<time>2024-07-13T18:31:09Z</time>
			</trkpt>
			<trkpt lat="45.515298549676835" lon="15.153175624101733">
				<ele>295.18924593552947</ele>
				<time>2024-07-13T18:31:14Z</time>
			</trkpt>
			<trkpt lat="45.51528854742231" lon="15.153197178371398">
				<ele>295.92243484873325</ele>
				<time>2024-07-13T18:31:15Z</time>
			</trkpt>
			<trkpt lat="45.515273701375556" lon="15.15321733821855">
				<ele>295.6613359777257</ele>
				<time>2024-07-13T18:31:17Z</time>
			</trkpt>
			<trkpt lat="45.51528548871007" lon="15.153247574824126">
				<ele>295.1386589417234</ele>
				<time>2024-07-13T18:31:21Z</time>
			</trkpt>
			<trkpt lat="45.515283415401065" lon="15.153275612217376">
				<ele>295.3147034486756</ele>
				<time>2024-07-13T18:31:23Z</time>
			</trkpt>
			<trkpt lat="45.51527339555979" lon="15.15329840997663">
				<ele>293.99377512652427</ele>
				<time>2024-07-13T18:31:25Z</time>
			</trkpt>
			<trkpt lat="45.515268315796675" lon="15.153324517275102">
				<ele>293.63892554771155</ele>
				<time>2024-07-13T18:31:27Z</time>
			</trkpt>
			<trkpt lat="45.51525556923672" lon="15.153372466620858">
				<ele>292.7096847705543</ele>
				<time>2024-07-13T18:31:31Z</time>
			</trkpt>
			<trkpt lat="45.51524653758192" lon="15.15339623438056">
				<ele>292.06134950742126</ele>
				<time>2024-07-13T18:31:32Z</time>
			</trkpt>
			<trkpt lat="45.51523018378299" lon="15.153429257481555">
				<ele>292.1273791771382</ele>
				<time>2024-07-13T18:31:34Z</time>
			</trkpt>
			<trkpt lat="45.515220659800804" lon="15.153467103316114">
				<ele>291.7898620152846</ele>
				<time>2024-07-13T18:31:36Z</time>
			</trkpt>
			<trkpt lat="45.515201965696605" lon="15.153479221968785">
				<ele>292.02517888695</ele>
				<time>2024-07-13T18:31:43Z</time>
			</trkpt>
			<trkpt lat="45.51518562079772" lon="15.153514198508446">
				<ele>293.48050738405436</ele>
				<time>2024-07-13T18:31:47Z</time>
			</trkpt>
			<trkpt lat="45.51515554149569" lon="15.153536769776716">
				<ele>294.1890511838719</ele>
				<time>2024-07-13T18:31:50Z</time>
			</trkpt>
			<trkpt lat="45.51512699911189" lon="15.153580369066098">
				<ele>294.8098817085847</ele>
				<time>2024-07-13T18:31:52Z</time>
			</trkpt>
			<trkpt lat="45.51511683009866" lon="15.153555837580775">
				<ele>295.9651671424508</ele>
				<time>2024-07-13T18:31:54Z</time>
			</trkpt>
			<trkpt lat="45.515082522444835" lon="15.153565227081403">
				<ele>293.82732776459306</ele>
				<time>2024-07-13T18:31:57Z</time>
			</trkpt>
			<trkpt lat="45.515060533086135" lon="15.1535949038796">
				<ele>295.27169780712575</ele>
				<time>2024-07-13T18:32:01Z</time>
			</trkpt>
			<trkpt lat="45.5150447625147" lon="15.153617559326943">
				<ele>296.47161114774644</ele>
				<time>2024-07-13T18:32:04Z</time>
			</trkpt>
			<trkpt lat="45.515029858639174" lon="15.15365115767499">
				<ele>296.59556440543383</ele>
				<time>2024-07-13T18:32:07Z</time>
			</trkpt>
			<trkpt lat="45.51501159409061" lon="15.153664316841484">
				<ele>297.4478092174977</ele>
				<time>2024-07-13T18:32:10Z</time>
			</trkpt>
			<trkpt lat="45.51500743203028" lon="15.153714738317118">
				<ele>298.00323356036097</ele>
				<time>2024-07-13T18:32:13Z</time>
			</trkpt>
			<trkpt lat="45.51500133283138" lon="15.153745323649117">
				<ele>297.95619330741465</ele>
				<time>2024-07-13T18:32:16Z</time>
			</trkpt>
			<trkpt lat="45.51499799136909" lon="15.153775646313944">
				<ele>298.36235168762505</ele>
				<time>2024-07-13T18:32:18Z</time>
			</trkpt>
			<trkpt lat="45.514994872125484" lon="15.153811492581147">
				<ele>298.5505170933902</ele>
				<time>2024-07-13T18:32:20Z</time>
			</trkpt>
			<trkpt lat="45.51499659549966" lon="15.153841199995128">
				<ele>298.9670007387176</ele>
				<time>2024-07-13T18:32:23Z</time>
			</trkpt>
			<trkpt lat="45.51497932349876" lon="15.15386650304759">
				<ele>299.34280877839774</ele>
				<time>2024-07-13T18:32:26Z</time>
			</trkpt>
			<trkpt lat="45.51496517336389" lon="15.153885973792807">
				<ele>299.58051089849323</ele>
				<time>2024-07-13T18:32:28Z</time>
			</trkpt>
			<trkpt lat="45.514974214543265" lon="15.153917772864446">
				<ele>299.1442168485373</ele>
				<time>2024-07-13T18:32:30Z</time>
			</trkpt>
			<trkpt lat="45.51495733167664" lon="15.153926628941234">
				<ele>301.3333686571568</ele>
				<time>2024-07-13T18:32:34Z</time>
			</trkpt>
			<trkpt lat="45.51495745976182" lon="15.153967327857583">
				<ele>302.28931880462915</ele>
				<time>2024-07-13T18:32:36Z</time>
			</trkpt>
			<trkpt lat="45.5149486074529" lon="15.153997717960308">
				<ele>303.426669661887</ele>
				<time>2024-07-13T18:32:39Z</time>
			</trkpt>
			<trkpt lat="45.514945018102715" lon="15.154029309253984">
				<ele>303.6163191758096</ele>
				<time>2024-07-13T18:32:42Z</time>
			</trkpt>
			<trkpt lat="45.51493094529602" lon="15.154062211015667">
				<ele>303.8890014849603</ele>
				<time>2024-07-13T18:32:45Z</time>
			</trkpt>
			<trkpt lat="45.51492664792492" lon="15.154096025171437">
				<ele>303.7204708280042</ele>
				<time>2024-07-13T18:32:48Z</time>
			</trkpt>
			<trkpt lat="45.5149339982507" lon="15.154127976706704">
				<ele>303.37267649546266</ele>
				<time>2024-07-13T18:32:49Z</time>
			</trkpt>
			<trkpt lat="45.51491626212218" lon="15.15414974539369">
				<ele>301.65163951925933</ele>
				<time>2024-07-13T18:32:52Z</time>
			</trkpt>
			<trkpt lat="45.51490879742684" lon="15.15417975846998">
				<ele>302.8714081970975</ele>
				<time>2024-07-13T18:32:54Z</time>
			</trkpt>
			<trkpt lat="45.514902321176315" lon="15.154209355854993">
				<ele>302.56259203422815</ele>
				<time>2024-07-13T18:32:56Z</time>
			</trkpt>
			<trkpt lat="45.51489728930019" lon="15.154240521644455">
				<ele>302.5435795132071</ele>
				<time>2024-07-13T18:32:59Z</time>
			</trkpt>
			<trkpt lat="45.51488187537453" lon="15.154261246175247">
				<ele>302.95293555315584</ele>
				<time>2024-07-13T18:33:00Z</time>
			</trkpt>
			<trkpt lat="45.514870946842024" lon="15.154290175580122">
				<ele>303.7550298301503</ele>
				<time>2024-07-13T18:33:03Z</time>
			</trkpt>
			<trkpt lat="45.514848913807214" lon="15.154314344081476">
				<ele>304.03545819222927</ele>
				<time>2024-07-13T18:33:06Z</time>
			</trkpt>
			<trkpt lat="45.51483831604248" lon="15.154336918990959">
				<ele>303.4994051363319</ele>
				<time>2024-07-13T18:33:08Z</time>
			</trkpt>
			<trkpt lat="45.514833617585076" lon="15.154371442080036">
				<ele>302.99898335244507</ele>
				<time>2024-07-13T18:33:10Z</time>
			</trkpt>
			<trkpt lat="45.51482482715006" lon="15.154400420143222">
				<ele>303.26772921718657</ele>
				<time>2024-07-13T18:33:12Z</time>
			</trkpt>
			<trkpt lat="45.51481847117334" lon="15.15442688750125">
				<ele>302.429539908655</ele>
				<time>2024-07-13T18:33:14Z</time>
			</trkpt>
			<trkpt lat="45.51480022668772" lon="15.15444955225873">
				<ele>303.77709160745144</ele>
				<time>2024-07-13T18:33:15Z</time>
			</trkpt>
			<trkpt lat="45.51477163117792" lon="15.154516492935668">
				<ele>302.95761180482805</ele>
				<time>2024-07-13T18:33:18Z</time>
			</trkpt>
			<trkpt lat="45.514771219247685" lon="15.15454677524079">
				<ele>302.28329062461853</ele>
				<time>2024-07-13T18:33:23Z</time>
			</trkpt>
			<trkpt lat="45.51477125161322" lon="15.154602307563591">
				<ele>303.74124867934734</ele>
				<time>2024-07-13T18:33:25Z</time>
			</trkpt>
			<trkpt lat="45.514789810978385" lon="15.15464910597994">
				<ele>302.9092307938263</ele>
				<time>2024-07-13T18:33:27Z</time>
			</trkpt>
			<trkpt lat="45.51476788322537" lon="15.15465004928399">
				<ele>303.07547169551253</ele>
				<time>2024-07-13T18:33:30Z</time>
			</trkpt>
			<trkpt lat="45.51474707034928" lon="15.154647735311281">
				<ele>302.7046118816361</ele>
				<time>2024-07-13T18:33:31Z</time>
			</trkpt>
			<trkpt lat="45.5147290273074" lon="15.15465827863756">
				<ele>302.93356550019234</ele>
				<time>2024-07-13T18:33:32Z</time>
			</trkpt>
			<trkpt lat="45.51472008782669" lon="15.154689547967537">
				<ele>303.2470513358712</ele>
				<time>2024-07-13T18:33:33Z</time>
			</trkpt>
			<trkpt lat="45.5147083293454" lon="15.154728275220116">
				<ele>302.58126256708056</ele>
				<time>2024-07-13T18:33:35Z</time>
			</trkpt>
			<trkpt lat="45.51470427012006" lon="15.15475957204351">
				<ele>302.40781414322555</ele>
				<time>2024-07-13T18:33:36Z</time>
			</trkpt>
			<trkpt lat="45.514700976405095" lon="15.154798775008201">
				<ele>303.00225383322686</ele>
				<time>2024-07-13T18:33:38Z</time>
			</trkpt>
			<trkpt lat="45.51468947490415" lon="15.154847631738445">
				<ele>301.70463414583355</ele>
				<time>2024-07-13T18:33:41Z</time>
			</trkpt>
			<trkpt lat="45.51466537598034" lon="15.154864025281556">
				<ele>302.6048416951671</ele>
				<time>2024-07-13T18:33:44Z</time>
			</trkpt>
			<trkpt lat="45.51465161553799" lon="15.154901361864573">
				<ele>302.3743069143966</ele>
				<time>2024-07-13T18:33:46Z</time>
			</trkpt>
			<trkpt lat="45.5146548553833" lon="15.154926638316402">
				<ele>302.69463722687215</ele>
				<time>2024-07-13T18:33:48Z</time>
			</trkpt>
			<trkpt lat="45.51465493950762" lon="15.154955054254277">
				<ele>304.2893838174641</ele>
				<time>2024-07-13T18:33:52Z</time>
			</trkpt>
			<trkpt lat="45.51464608488602" lon="15.154985279971525">
				<ele>304.4289974998683</ele>
				<time>2024-07-13T18:33:54Z</time>
			</trkpt>
			<trkpt lat="45.51463135616624" lon="15.155022585332814">
				<ele>304.98100970312953</ele>
				<time>2024-07-13T18:33:56Z</time>
			</trkpt>
			<trkpt lat="45.5146297077207" lon="15.155050701835625">
				<ele>304.39832949917763</ele>
				<time>2024-07-13T18:33:57Z</time>
			</trkpt>
			<trkpt lat="45.51464023618063" lon="15.15507557517189">
				<ele>303.87534812279046</ele>
				<time>2024-07-13T18:33:59Z</time>
			</trkpt>
			<trkpt lat="45.51462809275042" lon="15.15511528188685">
				<ele>304.18202237505466</ele>
				<time>2024-07-13T18:34:00Z</time>
			</trkpt>
			<trkpt lat="45.51461853884117" lon="15.15513834339776">
				<ele>303.6469176057726</ele>
				<time>2024-07-13T18:34:01Z</time>
			</trkpt>
			<trkpt lat="45.51458713684762" lon="15.15516546129815">
				<ele>304.7581441523507</ele>
				<time>2024-07-13T18:34:04Z</time>
			</trkpt>
			<trkpt lat="45.51457194149177" lon="15.155193068973546">
				<ele>304.20492680277675</ele>
				<time>2024-07-13T18:34:07Z</time>
			</trkpt>
			<trkpt lat="45.514555182940285" lon="15.155230690655017">
				<ele>305.3447890188545</ele>
				<time>2024-07-13T18:34:09Z</time>
			</trkpt>
			<trkpt lat="45.5145441575039" lon="15.155254302854603">
				<ele>305.368624846451</ele>
				<time>2024-07-13T18:34:12Z</time>
			</trkpt>
			<trkpt lat="45.51452559134559" lon="15.155276266692791">
				<ele>303.91325041558594</ele>
				<time>2024-07-13T18:34:14Z</time>
			</trkpt>
			<trkpt lat="45.51449521698707" lon="15.15530467996531">
				<ele>304.24969535227865</ele>
				<time>2024-07-13T18:34:18Z</time>
			</trkpt>
			<trkpt lat="45.514465175989564" lon="15.155320118272995">
				<ele>304.1978353271261</ele>
				<time>2024-07-13T18:34:20Z</time>
			</trkpt>
			<trkpt lat="45.514443242806365" lon="15.15532197600004">
				<ele>303.940630777739</ele>
				<time>2024-07-13T18:34:22Z</time>
			</trkpt>
			<trkpt lat="45.51442807248857" lon="15.155341553560685">
				<ele>304.5119993146509</ele>
				<time>2024-07-13T18:34:24Z</time>
			</trkpt>
			<trkpt lat="45.51441919412379" lon="15.155375909190012">
				<ele>304.9311470510438</ele>
				<time>2024-07-13T18:34:27Z</time>
			</trkpt>
			<trkpt lat="45.51439842765224" lon="15.155378553470062">
				<ele>303.1247410401702</ele>
				<time>2024-07-13T18:34:29Z</time>
			</trkpt>
			<trkpt lat="45.51437357113911" lon="15.15537917344249">
				<ele>306.11660848837346</ele>
				<time>2024-07-13T18:34:33Z</time>
			</trkpt>
			<trkpt lat="45.51435784939766" lon="15.155394830640443">
				<ele>306.6243229256943</ele>
				<time>2024-07-13T18:34:35Z</time>
			</trkpt>
			<trkpt lat="45.51432670113606" lon="15.15541169975668">
				<ele>306.53076918795705</ele>
				<time>2024-07-13T18:34:38Z</time>
			</trkpt>
			<trkpt lat="45.51430676038417" lon="15.155418669347336">
				<ele>306.11674572806805</ele>
				<time>2024-07-13T18:34:41Z</time>
			</trkpt>
			<trkpt lat="45.51427616850891" lon="15.155423472979791">
				<ele>306.3402514792979</ele>
				<time>2024-07-13T18:34:43Z</time>
			</trkpt>
			<trkpt lat="45.51425959820975" lon="15.155433852693696">
				<ele>306.2517331512645</ele>
				<time>2024-07-13T18:34:45Z</time>
			</trkpt>
			<trkpt lat="45.514228592712726" lon="15.1554491442122">
				<ele>307.7869776459411</ele>
				<time>2024-07-13T18:34:50Z</time>
			</trkpt>
			<trkpt lat="45.514210401674575" lon="15.155457001693696">
				<ele>307.33458580169827</ele>
				<time>2024-07-13T18:34:51Z</time>
			</trkpt>
			<trkpt lat="45.51418610867465" lon="15.155476168128917">
				<ele>308.0218338398263</ele>
				<time>2024-07-13T18:34:54Z</time>
			</trkpt>
			<trkpt lat="45.514155402451806" lon="15.155476913102067">
				<ele>308.8332374468446</ele>
				<time>2024-07-13T18:34:55Z</time>
			</trkpt>
			<trkpt lat="45.51413234818526" lon="15.155482747304072">
				<ele>309.47074248548597</ele>
				<time>2024-07-13T18:34:58Z</time>
			</trkpt>
			<trkpt lat="45.51411467656033" lon="15.155472475586352">
				<ele>309.69339608680457</ele>
				<time>2024-07-13T18:35:00Z</time>
			</trkpt>
			<trkpt lat="45.5141121123777" lon="15.155502795787223">
				<ele>308.3080605333671</ele>
				<time>2024-07-13T18:35:01Z</time>
			</trkpt>
			<trkpt lat="45.51409017250133" lon="15.155495863966163">
				<ele>308.2050704397261</ele>
				<time>2024-07-13T18:35:03Z</time>
			</trkpt>
			<trkpt lat="45.5140663885312" lon="15.155511719755017">
				<ele>309.1477659214288</ele>
				<time>2024-07-13T18:35:06Z</time>
			</trkpt>
			<trkpt lat="45.514041172094686" lon="15.155507198826275">
				<ele>309.0153243802488</ele>
				<time>2024-07-13T18:35:10Z</time>
			</trkpt>
			<trkpt lat="45.51406527723523" lon="15.155498016968608">
				<ele>309.9499263204634</ele>
				<time>2024-07-13T18:35:12Z</time>
			</trkpt>
			<trkpt lat="45.5140463802841" lon="15.155507416701768">
				<ele>310.83857278432697</ele>
				<time>2024-07-13T18:35:15Z</time>
			</trkpt>
			<trkpt lat="45.51401374995419" lon="15.155498986176216">
				<ele>310.68637973908335</ele>
				<time>2024-07-13T18:35:16Z</time>
			</trkpt>
			<trkpt lat="45.51398683111177" lon="15.155532750688186">
				<ele>309.93491808790714</ele>
				<time>2024-07-13T18:35:18Z</time>
			</trkpt>
			<trkpt lat="45.513969216499525" lon="15.155524838229613">
				<ele>311.41197017673403</ele>
				<time>2024-07-13T18:35:20Z</time>
			</trkpt>
			<trkpt lat="45.5139429146692" lon="15.155535353636905">
				<ele>311.1163478177041</ele>
				<time>2024-07-13T18:35:23Z</time>
			</trkpt>
			<trkpt lat="45.513906975596065" lon="15.15555268937643">
				<ele>310.9580193031579</ele>
				<time>2024-07-13T18:35:25Z</time>
			</trkpt>
			<trkpt lat="45.51387662223653" lon="15.155573004929494">
				<ele>311.0718583362177</ele>
				<time>2024-07-13T18:35:28Z</time>
			</trkpt>
			<trkpt lat="45.51385860407866" lon="15.155587372353477">
				<ele>311.08086116425693</ele>
				<time>2024-07-13T18:35:31Z</time>
			</trkpt>
			<trkpt lat="45.51383260591459" lon="15.155591130475338">
				<ele>311.4980082232505</ele>
				<time>2024-07-13T18:35:32Z</time>
			</trkpt>
			<trkpt lat="45.51380999855088" lon="15.155569999865985">
				<ele>311.3469498232007</ele>
				<time>2024-07-13T18:35:40Z</time>
			</trkpt>
			<trkpt lat="45.51380526595564" lon="15.155595215664722">
				<ele>310.5515916645527</ele>
				<time>2024-07-13T18:35:43Z</time>
			</trkpt>
			<trkpt lat="45.513775844604474" lon="15.155582308293726">
				<ele>310.2559482958168</ele>
				<time>2024-07-13T18:35:45Z</time>
			</trkpt>
			<trkpt lat="45.51375755141983" lon="15.155560229130094">
				<ele>311.01351341977715</ele>
				<time>2024-07-13T18:35:47Z</time>
			</trkpt>
			<trkpt lat="45.51372644953446" lon="15.155559911484817">
				<ele>311.5313859684393</ele>
				<time>2024-07-13T18:35:49Z</time>
			</trkpt>
			<trkpt lat="45.5136899343272" lon="15.155545535414241">
				<ele>310.9532973393798</ele>
				<time>2024-07-13T18:35:51Z</time>
			</trkpt>
			<trkpt lat="45.51367395821444" lon="15.155567281716017">
				<ele>313.20928018540144</ele>
				<time>2024-07-13T18:35:53Z</time>
			</trkpt>
			<trkpt lat="45.513659599610726" lon="15.155540107272781">
				<ele>313.1107067056</ele>
				<time>2024-07-13T18:35:55Z</time>
			</trkpt>
			<trkpt lat="45.51362942145317" lon="15.155550230674208">
				<ele>313.7313072150573</ele>
				<time>2024-07-13T18:35:59Z</time>
			</trkpt>
			<trkpt lat="45.513604896983736" lon="15.155546060583319">
				<ele>313.165397843346</ele>
				<time>2024-07-13T18:36:00Z</time>
			</trkpt>
			<trkpt lat="45.5135856686796" lon="15.1555481459495">
				<ele>314.3101906180382</ele>
				<time>2024-07-13T18:36:03Z</time>
			</trkpt>
			<trkpt lat="45.51356038522617" lon="15.155549922048326">
				<ele>315.85973870009184</ele>
				<time>2024-07-13T18:36:06Z</time>
			</trkpt>
			<trkpt lat="45.51352564378065" lon="15.155543573712269">
				<ele>315.71455204766244</ele>
				<time>2024-07-13T18:36:09Z</time>
			</trkpt>
			<trkpt lat="45.513508135660494" lon="15.155549858302928">
				<ele>315.7702324371785</ele>
				<time>2024-07-13T18:36:11Z</time>
			</trkpt>
			<trkpt lat="45.51348642594245" lon="15.15556444763209">
				<ele>316.3725483343005</ele>
				<time>2024-07-13T18:36:13Z</time>
			</trkpt>
			<trkpt lat="45.513456354812504" lon="15.155572888120172">
				<ele>317.83522767573595</ele>
				<time>2024-07-13T18:36:17Z</time>
			</trkpt>
			<trkpt lat="45.5134360778882" lon="15.15558416231472">
				<ele>317.8933534575626</ele>
				<time>2024-07-13T18:36:18Z</time>
			</trkpt>
			<trkpt lat="45.51341146077565" lon="15.155608195745852">
				<ele>317.5325424754992</ele>
				<time>2024-07-13T18:36:20Z</time>
			</trkpt>
			<trkpt lat="45.51338572274179" lon="15.155643559152937">
				<ele>318.35490470565856</ele>
				<time>2024-07-13T18:36:23Z</time>
			</trkpt>
			<trkpt lat="45.5133611538106" lon="15.155671080387908">
				<ele>317.91789174545556</ele>
				<time>2024-07-13T18:36:26Z</time>
			</trkpt>
			<trkpt lat="45.51334236538897" lon="15.155682065753645">
				<ele>318.8462891019881</ele>
				<time>2024-07-13T18:36:29Z</time>
			</trkpt>
			<trkpt lat="45.51330916200388" lon="15.155678032519742">
				<ele>319.5370165463537</ele>
				<time>2024-07-13T18:36:33Z</time>
			</trkpt>
			<trkpt lat="45.5132934475517" lon="15.155692975385795">
				<ele>318.9088313160464</ele>
				<time>2024-07-13T18:36:36Z</time>
			</trkpt>
			<trkpt lat="45.513272329133585" lon="15.155695968397655">
				<ele>318.6330979047343</ele>
				<time>2024-07-13T18:36:37Z</time>
			</trkpt>
			<trkpt lat="45.51325894157912" lon="15.155671121589243">
				<ele>320.176161150448</ele>
				<time>2024-07-13T18:36:38Z</time>
			</trkpt>
			<trkpt lat="45.51323846022444" lon="15.155668757048936">
				<ele>320.9473017770797</ele>
				<time>2024-07-13T18:36:40Z</time>
			</trkpt>
			<trkpt lat="45.51321509738462" lon="15.155697571869215">
				<ele>321.2424220489338</ele>
				<time>2024-07-13T18:36:43Z</time>
			</trkpt>
			<trkpt lat="45.51319831530577" lon="15.155718003434156">
				<ele>320.16173849999905</ele>
				<time>2024-07-13T18:36:46Z</time>
			</trkpt>
			<trkpt lat="45.513188637616295" lon="15.155752562247345">
				<ele>319.82916230522096</ele>
				<time>2024-07-13T18:36:48Z</time>
			</trkpt>
			<trkpt lat="45.51318198248295" lon="15.155784704155593">
				<ele>319.20709871221334</ele>
				<time>2024-07-13T18:36:50Z</time>
			</trkpt>
			<trkpt lat="45.51317296663718" lon="15.15580990300829">
				<ele>319.3791270153597</ele>
				<time>2024-07-13T18:36:53Z</time>
			</trkpt>
			<trkpt lat="45.5131590726019" lon="15.1558305229397">
				<ele>319.7189487554133</ele>
				<time>2024-07-13T18:36:56Z</time>
			</trkpt>
			<trkpt lat="45.51315514271508" lon="15.155855516525483">
				<ele>319.27040835190564</ele>
				<time>2024-07-13T18:36:59Z</time>
			</trkpt>
			<trkpt lat="45.51312959999109" lon="15.155869723502907">
				<ele>320.7256850786507</ele>
				<time>2024-07-13T18:37:01Z</time>
			</trkpt>
			<trkpt lat="45.51310980165043" lon="15.155869083147078">
				<ele>321.3020979305729</ele>
				<time>2024-07-13T18:37:03Z</time>
			</trkpt>
			<trkpt lat="45.51308929255449" lon="15.155895998923508">
				<ele>321.1266377866268</ele>
				<time>2024-07-13T18:37:05Z</time>
			</trkpt>
			<trkpt lat="45.51306801549315" lon="15.15590316515277">
				<ele>324.19680786598474</ele>
				<time>2024-07-13T18:37:14Z</time>
			</trkpt>
			<trkpt lat="45.51304542256521" lon="15.155927338215445">
				<ele>321.87952188402414</ele>
				<time>2024-07-13T18:37:16Z</time>
			</trkpt>
			<trkpt lat="45.51303078137733" lon="15.155951943887583">
				<ele>323.5290822349489</ele>
				<time>2024-07-13T18:37:18Z</time>
			</trkpt>
			<trkpt lat="45.513003930537224" lon="15.155953159059425">
				<ele>323.6077108355239</ele>
				<time>2024-07-13T18:37:22Z</time>
			</trkpt>
			<trkpt lat="45.51299751104127" lon="15.155988229827326">
				<ele>322.4929340183735</ele>
				<time>2024-07-13T18:37:23Z</time>
			</trkpt>
			<trkpt lat="45.51297720561796" lon="15.156006292343283">
				<ele>323.66216584388167</ele>
				<time>2024-07-13T18:37:26Z</time>
			</trkpt>
			<trkpt lat="45.51296368729339" lon="15.156023805930166">
				<ele>323.4601860353723</ele>
				<time>2024-07-13T18:37:27Z</time>
			</trkpt>
			<trkpt lat="45.51294102906316" lon="15.156048834464952">
				<ele>323.53616917785257</ele>
				<time>2024-07-13T18:37:31Z</time>
			</trkpt>
			<trkpt lat="45.51292398283049" lon="15.156092308374728">
				<ele>322.0570158334449</ele>
				<time>2024-07-13T18:37:34Z</time>
			</trkpt>
			<trkpt lat="45.512921428639224" lon="15.156119726253383">
				<ele>322.73724907264113</ele>
				<time>2024-07-13T18:37:39Z</time>
			</trkpt>
			<trkpt lat="45.51290444802953" lon="15.156158325869919">
				<ele>322.34227202739567</ele>
				<time>2024-07-13T18:37:42Z</time>
			</trkpt>
			<trkpt lat="45.51289520189962" lon="15.156189607055707">
				<ele>322.0167708164081</ele>
				<time>2024-07-13T18:37:44Z</time>
			</trkpt>
			<trkpt lat="45.512906571229756" lon="15.156221767104643">
				<ele>322.1802417784929</ele>
				<time>2024-07-13T18:37:49Z</time>
			</trkpt>
			<trkpt lat="45.5129020769447" lon="15.156248827833538">
				<ele>320.2832220569253</ele>
				<time>2024-07-13T18:37:52Z</time>
			</trkpt>
			<trkpt lat="45.51289863172064" lon="15.156274999283216">
				<ele>318.89844942837954</ele>
				<time>2024-07-13T18:37:55Z</time>
			</trkpt>
			<trkpt lat="45.512892112336694" lon="15.15630173294137">
				<ele>319.03692547325045</ele>
				<time>2024-07-13T18:38:04Z</time>
			</trkpt>
			<trkpt lat="45.512914003269685" lon="15.15632349489661">
				<ele>324.3309954898432</ele>
				<time>2024-07-13T18:38:20Z</time>
			</trkpt>
			<trkpt lat="45.512894776648345" lon="15.15632291368366">
				<ele>324.28193667996675</ele>
				<time>2024-07-13T18:38:22Z</time>
			</trkpt>
			<trkpt lat="45.51287726688059" lon="15.156331540883404">
				<ele>322.7260464783758</ele>
				<time>2024-07-13T18:38:28Z</time>
			</trkpt>
			<trkpt lat="45.512855284300024" lon="15.156298833175692">
				<ele>322.57385114300996</ele>
				<time>2024-07-13T18:38:30Z</time>
			</trkpt>
			<trkpt lat="45.51283902895629" lon="15.156282855534466">
				<ele>321.75775136239827</ele>
				<time>2024-07-13T18:38:31Z</time>
			</trkpt>
			<trkpt lat="45.51282711928283" lon="15.156258407776894">
				<ele>320.2019860362634</ele>
				<time>2024-07-13T18:38:35Z</time>
			</trkpt>
			<trkpt lat="45.51279958877537" lon="15.156258485449431">
				<ele>320.3127496726811</ele>
				<time>2024-07-13T18:38:37Z</time>
			</trkpt>
			<trkpt lat="45.512782934641436" lon="15.156270450737432">
				<ele>319.86361801438034</ele>
				<time>2024-07-13T18:38:40Z</time>
			</trkpt>
			<trkpt lat="45.512763208123815" lon="15.15628125690468">
				<ele>320.09789841622114</ele>
				<time>2024-07-13T18:38:43Z</time>
			</trkpt>
			<trkpt lat="45.512746095044825" lon="15.156292281078686">
				<ele>320.53574078157544</ele>
				<time>2024-07-13T18:38:44Z</time>
			</trkpt>
			<trkpt lat="45.51272683703826" lon="15.15629529415509">
				<ele>320.3016879456118</ele>
				<time>2024-07-13T18:38:45Z</time>
			</trkpt>
			<trkpt lat="45.512709882825455" lon="15.156319834307041">
				<ele>321.4900126028806</ele>
				<time>2024-07-13T18:38:48Z</time>
			</trkpt>
			<trkpt lat="45.51268085018369" lon="15.156318435148902">
				<ele>321.7709579337388</ele>
				<time>2024-07-13T18:38:49Z</time>
			</trkpt>
			<trkpt lat="45.512657532985436" lon="15.156324746648806">
				<ele>321.59746109787375</ele>
				<time>2024-07-13T18:38:54Z</time>
			</trkpt>
			<trkpt lat="45.512633968004465" lon="15.156324677683132">
				<ele>321.96441949903965</ele>
				<time>2024-07-13T18:38:56Z</time>
			</trkpt>
			<trkpt lat="45.5126127145646" lon="15.156308747873403">
				<ele>321.6097910106182</ele>
				<time>2024-07-13T18:38:58Z</time>
			</trkpt>
			<trkpt lat="45.51259128711202" lon="15.156305402213311">
				<ele>321.17801801487803</ele>
				<time>2024-07-13T18:39:00Z</time>
			</trkpt>
			<trkpt lat="45.51256209035101" lon="15.156315865614912">
				<ele>323.2791630672291</ele>
				<time>2024-07-13T18:39:03Z</time>
			</trkpt>
			<trkpt lat="45.512530339575676" lon="15.156322196635873">
				<ele>322.63312752824277</ele>
				<time>2024-07-13T18:39:04Z</time>
			</trkpt>
			<trkpt lat="45.5125184673915" lon="15.156295923961903">
				<ele>322.4672566447407</ele>
				<time>2024-07-13T18:39:07Z</time>
			</trkpt>
			<trkpt lat="45.51249521111432" lon="15.156295337694406">
				<ele>321.8931157393381</ele>
				<time>2024-07-13T18:39:09Z</time>
			</trkpt>
			<trkpt lat="45.51248166495494" lon="15.15631523558724">
				<ele>320.92963934410363</ele>
				<time>2024-07-13T18:39:14Z</time>
			</trkpt>
			<trkpt lat="45.51245436057497" lon="15.156325132051716">
				<ele>320.6833579586819</ele>
				<time>2024-07-13T18:39:15Z</time>
			</trkpt>
			<trkpt lat="45.51242728197901" lon="15.156336861688096">
				<ele>321.1780035654083</ele>
				<time>2024-07-13T18:39:16Z</time>
			</trkpt>
			<trkpt lat="45.51240624346654" lon="15.156350738804168">
				<ele>320.421412659809</ele>
				<time>2024-07-13T18:39:18Z</time>
			</trkpt>
			<trkpt lat="45.51237835219701" lon="15.156364331428831">
				<ele>322.05070086196065</ele>
				<time>2024-07-13T18:39:20Z</time>
			</trkpt>
			<trkpt lat="45.51237694881172" lon="15.156415661209717">
				<ele>320.1672549713403</ele>
				<time>2024-07-13T18:39:22Z</time>
			</trkpt>
			<trkpt lat="45.51235258221192" lon="15.156434012029466">
				<ele>321.1709745293483</ele>
				<time>2024-07-13T18:39:24Z</time>
			</trkpt>
			<trkpt lat="45.51233292106214" lon="15.15646125404254">
				<ele>322.2955672452226</ele>
				<time>2024-07-13T18:39:26Z</time>
			</trkpt>
			<trkpt lat="45.51231678158343" lon="15.156476283734994">
				<ele>322.12175434082747</ele>
				<time>2024-07-13T18:39:29Z</time>
			</trkpt>
			<trkpt lat="45.51229643675655" lon="15.156491575223722">
				<ele>323.23738829419017</ele>
				<time>2024-07-13T18:39:31Z</time>
			</trkpt>
			<trkpt lat="45.51227225003818" lon="15.156522149289781">
				<ele>323.32329379208386</ele>
				<time>2024-07-13T18:39:34Z</time>
			</trkpt>
			<trkpt lat="45.51224926310791" lon="15.156524953474301">
				<ele>323.9358889916912</ele>
				<time>2024-07-13T18:39:38Z</time>
			</trkpt>
			<trkpt lat="45.512222962301806" lon="15.156523063569438">
				<ele>323.78019431978464</ele>
				<time>2024-07-13T18:39:40Z</time>
			</trkpt>
			<trkpt lat="45.512205229331634" lon="15.156516695635501">
				<ele>323.31477720011026</ele>
				<time>2024-07-13T18:39:41Z</time>
			</trkpt>
			<trkpt lat="45.51218247753481" lon="15.156538985590458">
				<ele>322.41027334704995</ele>
				<time>2024-07-13T18:39:43Z</time>
			</trkpt>
			<trkpt lat="45.51216746022435" lon="15.156563262778525">
				<ele>322.67478905338794</ele>
				<time>2024-07-13T18:39:45Z</time>
			</trkpt>
			<trkpt lat="45.51215289291649" lon="15.15658680923709">
				<ele>320.71620682347566</ele>
				<time>2024-07-13T18:39:48Z</time>
			</trkpt>
			<trkpt lat="45.51212009765401" lon="15.156578758574893">
				<ele>322.70213281270117</ele>
				<time>2024-07-13T18:39:51Z</time>
			</trkpt>
			<trkpt lat="45.51209626577167" lon="15.156595382749819">
				<ele>323.13493366353214</ele>
				<time>2024-07-13T18:39:53Z</time>
			</trkpt>
			<trkpt lat="45.51206992118217" lon="15.156606325495845">
				<ele>323.6386116761714</ele>
				<time>2024-07-13T18:39:55Z</time>
			</trkpt>
			<trkpt lat="45.512036579817014" lon="15.156599833433075">
				<ele>326.1583661045879</ele>
				<time>2024-07-13T18:39:58Z</time>
			</trkpt>
			<trkpt lat="45.51200818883542" lon="15.156608792658632">
				<ele>326.24073286540806</ele>
				<time>2024-07-13T18:40:00Z</time>
			</trkpt>
			<trkpt lat="45.51199428860407" lon="15.15662764059594">
				<ele>326.90589358098805</ele>
				<time>2024-07-13T18:40:03Z</time>
			</trkpt>
			<trkpt lat="45.511967725457765" lon="15.156646575012429">
				<ele>326.2514371825382</ele>
				<time>2024-07-13T18:40:06Z</time>
			</trkpt>
			<trkpt lat="45.51195882671006" lon="15.156670746015699">
				<ele>327.1016662037</ele>
				<time>2024-07-13T18:40:09Z</time>
			</trkpt>
			<trkpt lat="45.511933459430544" lon="15.156673527924621">
				<ele>328.5906304689124</ele>
				<time>2024-07-13T18:40:12Z</time>
			</trkpt>
			<trkpt lat="45.511910114253304" lon="15.156659708928235">
				<ele>328.9111281828955</ele>
				<time>2024-07-13T18:40:13Z</time>
			</trkpt>
			<trkpt lat="45.51188244851386" lon="15.156643140006546">
				<ele>327.22961338516325</ele>
				<time>2024-07-13T18:40:15Z</time>
			</trkpt>
			<trkpt lat="45.51186388506877" lon="15.156633030172111">
				<ele>326.8786213779822</ele>
				<time>2024-07-13T18:40:17Z</time>
			</trkpt>
			<trkpt lat="45.51184278105926" lon="15.156622764296234">
				<ele>326.7688336102292</ele>
				<time>2024-07-13T18:40:18Z</time>
			</trkpt>
			<trkpt lat="45.511804691346406" lon="15.156610355154628">
				<ele>327.77570356056094</ele>
				<time>2024-07-13T18:40:23Z</time>
			</trkpt>
			<trkpt lat="45.511781330701695" lon="15.15660553469741">
				<ele>329.2859475938603</ele>
				<time>2024-07-13T18:40:25Z</time>
			</trkpt>
			<trkpt lat="45.51176441222739" lon="15.15659159943956">
				<ele>327.56736485660076</ele>
				<time>2024-07-13T18:40:27Z</time>
			</trkpt>
			<trkpt lat="45.51173408458769" lon="15.15657219362866">
				<ele>327.52365735080093</ele>
				<time>2024-07-13T18:40:30Z</time>
			</trkpt>
			<trkpt lat="45.51170941172767" lon="15.156555548047026">
				<ele>326.4184028171003</ele>
				<time>2024-07-13T18:40:32Z</time>
			</trkpt>
			<trkpt lat="45.51168165663464" lon="15.156553503569993">
				<ele>325.0080469446257</ele>
				<time>2024-07-13T18:40:35Z</time>
			</trkpt>
			<trkpt lat="45.511658576176075" lon="15.156540176193502">
				<ele>325.5390957184136</ele>
				<time>2024-07-13T18:40:37Z</time>
			</trkpt>
			<trkpt lat="45.511635987739226" lon="15.156540039569546">
				<ele>325.38852189760655</ele>
				<time>2024-07-13T18:40:38Z</time>
			</trkpt>
			<trkpt lat="45.5116087908598" lon="15.15654859783284">
				<ele>325.74607231095433</ele>
				<time>2024-07-13T18:40:41Z</time>
			</trkpt>
			<trkpt lat="45.511580195857825" lon="15.15654592299821">
				<ele>327.7594847138971</ele>
				<time>2024-07-13T18:40:44Z</time>
			</trkpt>
			<trkpt lat="45.51155306587653" lon="15.156544295701064">
				<ele>326.63842386286706</ele>
				<time>2024-07-13T18:40:46Z</time>
			</trkpt>
			<trkpt lat="45.51153285351224" lon="15.15655015989493">
				<ele>327.89354073628783</ele>
				<time>2024-07-13T18:40:48Z</time>
			</trkpt>
			<trkpt lat="45.51151082114311" lon="15.156539681405429">
				<ele>328.33933991380036</ele>
				<time>2024-07-13T18:40:49Z</time>
			</trkpt>
			<trkpt lat="45.51149056915412" lon="15.156533757584219">
				<ele>327.85265698004514</ele>
				<time>2024-07-13T18:40:51Z</time>
			</trkpt>
			<trkpt lat="45.511459615626144" lon="15.156536825735571">
				<ele>327.4079945255071</ele>
				<time>2024-07-13T18:40:56Z</time>
			</trkpt>
			<trkpt lat="45.51143938328954" lon="15.156528521738998">
				<ele>328.3752332208678</ele>
				<time>2024-07-13T18:40:57Z</time>
			</trkpt>
			<trkpt lat="45.51141539550765" lon="15.156523964330448">
				<ele>328.5692028477788</ele>
				<time>2024-07-13T18:40:59Z</time>
			</trkpt>
			<trkpt lat="45.511393458838114" lon="15.156528852122596">
				<ele>328.7670919736847</ele>
				<time>2024-07-13T18:41:01Z</time>
			</trkpt>
			<trkpt lat="45.511355222679335" lon="15.156531541923675">
				<ele>329.99789015669376</ele>
				<time>2024-07-13T18:41:02Z</time>
			</trkpt>
			<trkpt lat="45.51133354152313" lon="15.156523298202796">
				<ele>329.5053824810311</ele>
				<time>2024-07-13T18:41:05Z</time>
			</trkpt>
			<trkpt lat="45.5113187636524" lon="15.156541019907838">
				<ele>331.08906279411167</ele>
				<time>2024-07-13T18:41:07Z</time>
			</trkpt>
			<trkpt lat="45.51129653496701" lon="15.156562176557308">
				<ele>331.2440903028473</ele>
				<time>2024-07-13T18:41:08Z</time>
			</trkpt>
			<trkpt lat="45.511267875525796" lon="15.15658082414528">
				<ele>330.45915843360126</ele>
				<time>2024-07-13T18:41:11Z</time>
			</trkpt>
			<trkpt lat="45.5112436204126" lon="15.156596747718629">
				<ele>328.7840166669339</ele>
				<time>2024-07-13T18:41:13Z</time>
			</trkpt>
			<trkpt lat="45.511232480799634" lon="15.156619148012838">
				<ele>327.07441627047956</ele>
				<time>2024-07-13T18:41:15Z</time>
			</trkpt>
			<trkpt lat="45.5112094424749" lon="15.156647531840386">
				<ele>325.6628984641284</ele>
				<time>2024-07-13T18:41:17Z</time>
			</trkpt>
			<trkpt lat="45.51119036435045" lon="15.156669615931625">
				<ele>325.67207035422325</ele>
				<time>2024-07-13T18:41:19Z</time>
			</trkpt>
			<trkpt lat="45.51117109409564" lon="15.156687582451555">
				<ele>324.2956643551588</ele>
				<time>2024-07-13T18:41:21Z</time>
			</trkpt>
			<trkpt lat="45.51115526867935" lon="15.156718644628059">
				<ele>324.25475702248514</ele>
				<time>2024-07-13T18:41:23Z</time>
			</trkpt>
			<trkpt lat="45.511141569352105" lon="15.15674421598514">
				<ele>323.3421959010884</ele>
				<time>2024-07-13T18:41:25Z</time>
			</trkpt>
			<trkpt lat="45.51113213811138" lon="15.156770336714514">
				<ele>322.85373027343303</ele>
				<time>2024-07-13T18:41:27Z</time>
			</trkpt>
			<trkpt lat="45.511129039798945" lon="15.156796370750174">
				<ele>324.96647149603814</ele>
				<time>2024-07-13T18:41:31Z</time>
			</trkpt>
			<trkpt lat="45.51112096379946" lon="15.156836077321492">
				<ele>324.7337437272072</ele>
				<time>2024-07-13T18:41:33Z</time>
			</trkpt>
			<trkpt lat="45.51111422372635" lon="15.156861675365002">
				<ele>322.29598446842283</ele>
				<time>2024-07-13T18:41:35Z</time>
			</trkpt>
			<trkpt lat="45.511104553536406" lon="15.156886611395107">
				<ele>323.19181449338794</ele>
				<time>2024-07-13T18:41:37Z</time>
			</trkpt>
			<trkpt lat="45.51109611738814" lon="15.156942440949104">
				<ele>320.96157823409885</ele>
				<time>2024-07-13T18:41:39Z</time>
			</trkpt>
			<trkpt lat="45.51109655914159" lon="15.156983592879033">
				<ele>320.48373797442764</ele>
				<time>2024-07-13T18:41:41Z</time>
			</trkpt>
			<trkpt lat="45.51109181126798" lon="15.157009945624608">
				<ele>320.62632973492146</ele>
				<time>2024-07-13T18:41:44Z</time>
			</trkpt>
			<trkpt lat="45.511072665677155" lon="15.157043418893874">
				<ele>320.6711434368044</ele>
				<time>2024-07-13T18:41:46Z</time>
			</trkpt>
			<trkpt lat="45.511061969337256" lon="15.157087880027962">
				<ele>320.2669756533578</ele>
				<time>2024-07-13T18:41:48Z</time>
			</trkpt>
			<trkpt lat="45.511068181543884" lon="15.157115782229988">
				<ele>316.81808971613646</ele>
				<time>2024-07-13T18:41:51Z</time>
			</trkpt>
			<trkpt lat="45.511070650143665" lon="15.157145603618988">
				<ele>315.73363302554935</ele>
				<time>2024-07-13T18:41:53Z</time>
			</trkpt>
			<trkpt lat="45.511028316134556" lon="15.15715381736664">
				<ele>315.3127830149606</ele>
				<time>2024-07-13T18:41:56Z</time>
			</trkpt>
			<trkpt lat="45.51099573060114" lon="15.15716039152208">
				<ele>316.56396787893027</ele>
				<time>2024-07-13T18:41:58Z</time>
			</trkpt>
			<trkpt lat="45.51098073861236" lon="15.15717591245083">
				<ele>316.05013743415475</ele>
				<time>2024-07-13T18:41:59Z</time>
			</trkpt>
			<trkpt lat="45.510964025994085" lon="15.15719118183328">
				<ele>317.0360857611522</ele>
				<time>2024-07-13T18:42:00Z</time>
			</trkpt>
			<trkpt lat="45.51094718161044" lon="15.157202096462335">
				<ele>316.6922695338726</ele>
				<time>2024-07-13T18:42:01Z</time>
			</trkpt>
			<trkpt lat="45.5109361998136" lon="15.157231892398277">
				<ele>317.63750227354467</ele>
				<time>2024-07-13T18:42:03Z</time>
			</trkpt>
			<trkpt lat="45.51091833428322" lon="15.157265702926866">
				<ele>317.7715173019096</ele>
				<time>2024-07-13T18:42:05Z</time>
			</trkpt>
			<trkpt lat="45.510894532025944" lon="15.157289175507616">
				<ele>317.3411461589858</ele>
				<time>2024-07-13T18:42:07Z</time>
			</trkpt>
			<trkpt lat="45.510877558560026" lon="15.157300226630987">
				<ele>317.2783559411764</ele>
				<time>2024-07-13T18:42:09Z</time>
			</trkpt>
			<trkpt lat="45.51085581556483" lon="15.157331875221512">
				<ele>316.6703172894195</ele>
				<time>2024-07-13T18:42:11Z</time>
			</trkpt>
			<trkpt lat="45.51083686865924" lon="15.157350290900103">
				<ele>318.51502295583487</ele>
				<time>2024-07-13T18:42:13Z</time>
			</trkpt>
			<trkpt lat="45.51081085789722" lon="15.157357681366555">
				<ele>318.1556810848415</ele>
				<time>2024-07-13T18:42:15Z</time>
			</trkpt>
			<trkpt lat="45.51079448290032" lon="15.157388983473929">
				<ele>318.90520031936467</ele>
				<time>2024-07-13T18:42:17Z</time>
			</trkpt>
			<trkpt lat="45.51076702016106" lon="15.157404202969687">
				<ele>320.0949594480917</ele>
				<time>2024-07-13T18:42:22Z</time>
			</trkpt>
			<trkpt lat="45.51076023813491" lon="15.157430542072877">
				<ele>320.3926238818094</ele>
				<time>2024-07-13T18:42:27Z</time>
			</trkpt>
			<trkpt lat="45.51074448141738" lon="15.157444671085791">
				<ele>320.80113009922206</ele>
				<time>2024-07-13T18:42:31Z</time>
			</trkpt>
			<trkpt lat="45.51076530151629" lon="15.157461768891885">
				<ele>321.39028560370207</ele>
				<time>2024-07-13T18:42:32Z</time>
			</trkpt>
			<trkpt lat="45.51072728127937" lon="15.157451020507995">
				<ele>321.84987659566104</ele>
				<time>2024-07-13T18:42:34Z</time>
			</trkpt>
			<trkpt lat="45.510720684786904" lon="15.157478978998668">
				<ele>321.26563967578113</ele>
				<time>2024-07-13T18:42:38Z</time>
			</trkpt>
			<trkpt lat="45.51070007265275" lon="15.157491648610813">
				<ele>321.7105345353484</ele>
				<time>2024-07-13T18:42:40Z</time>
			</trkpt>
			<trkpt lat="45.51067805022416" lon="15.157493781184215">
				<ele>322.965644040145</ele>
				<time>2024-07-13T18:42:47Z</time>
			</trkpt>
			<trkpt lat="45.51067078175752" lon="15.15754397122814">
				<ele>323.0710884956643</ele>
				<time>2024-07-13T18:42:54Z</time>
			</trkpt>
			<trkpt lat="45.510661293785944" lon="15.157585544909034">
				<ele>323.68311234004796</ele>
				<time>2024-07-13T18:42:57Z</time>
			</trkpt>
			<trkpt lat="45.51065377798588" lon="15.157622478223702">
				<ele>324.02565549779683</ele>
				<time>2024-07-13T18:42:59Z</time>
			</trkpt>
			<trkpt lat="45.51064821750781" lon="15.15766175619647">
				<ele>323.86127175949514</ele>
				<time>2024-07-13T18:43:02Z</time>
			</trkpt>
			<trkpt lat="45.510637851048386" lon="15.157683147084475">
				<ele>323.6021383376792</ele>
				<time>2024-07-13T18:43:03Z</time>
			</trkpt>
			<trkpt lat="45.51062665395879" lon="15.15771384152307">
				<ele>324.35840958636254</ele>
				<time>2024-07-13T18:43:05Z</time>
			</trkpt>
			<trkpt lat="45.51062559058036" lon="15.157747110118907">
				<ele>324.85833570268005</ele>
				<time>2024-07-13T18:43:09Z</time>
			</trkpt>
			<trkpt lat="45.5106215768356" lon="15.157781776971738">
				<ele>324.1227808734402</ele>
				<time>2024-07-13T18:43:11Z</time>
			</trkpt>
			<trkpt lat="45.510616648154226" lon="15.157819757884464">
				<ele>326.7418533852324</ele>
				<time>2024-07-13T18:43:14Z</time>
			</trkpt>
			<trkpt lat="45.51059870880156" lon="15.157846765078162">
				<ele>326.548287127167</ele>
				<time>2024-07-13T18:43:16Z</time>
			</trkpt>
			<trkpt lat="45.510588997649876" lon="15.157876178724932">
				<ele>326.3677577106282</ele>
				<time>2024-07-13T18:43:17Z</time>
			</trkpt>
			<trkpt lat="45.510574334480054" lon="15.15789658916545">
				<ele>326.39506894070655</ele>
				<time>2024-07-13T18:43:19Z</time>
			</trkpt>
			<trkpt lat="45.51056656447763" lon="15.157924899259353">
				<ele>324.38309775386006</ele>
				<time>2024-07-13T18:43:22Z</time>
			</trkpt>
			<trkpt lat="45.51056264378534" lon="15.157958913219057">
				<ele>324.6875880006701</ele>
				<time>2024-07-13T18:43:24Z</time>
			</trkpt>
			<trkpt lat="45.5105459321586" lon="15.157976975580981">
				<ele>324.3938801167533</ele>
				<time>2024-07-13T18:43:26Z</time>
			</trkpt>
			<trkpt lat="45.51052658708384" lon="15.158012706654539">
				<ele>323.1382860504091</ele>
				<time>2024-07-13T18:43:28Z</time>
			</trkpt>
			<trkpt lat="45.51051582548145" lon="15.158044025359125">
				<ele>322.8081908468157</ele>
				<time>2024-07-13T18:43:30Z</time>
			</trkpt>
			<trkpt lat="45.51050609023655" lon="15.158071270528174">
				<ele>323.00599111709744</ele>
				<time>2024-07-13T18:43:32Z</time>
			</trkpt>
			<trkpt lat="45.51048396746622" lon="15.158084256919121">
				<ele>322.41115295980126</ele>
				<time>2024-07-13T18:43:34Z</time>
			</trkpt>
			<trkpt lat="45.510469650950654" lon="15.158100864921813">
				<ele>322.50371589604765</ele>
				<time>2024-07-13T18:43:35Z</time>
			</trkpt>
			<trkpt lat="45.51045096532877" lon="15.158142930422938">
				<ele>321.75259268376976</ele>
				<time>2024-07-13T18:43:39Z</time>
			</trkpt>
			<trkpt lat="45.51045274250596" lon="15.158180369088482">
				<ele>321.76582150440663</ele>
				<time>2024-07-13T18:43:41Z</time>
			</trkpt>
			<trkpt lat="45.51044305560891" lon="15.158205205540455">
				<ele>322.16145920939744</ele>
				<time>2024-07-13T18:43:43Z</time>
			</trkpt>
			<trkpt lat="45.51044876175799" lon="15.158252588533268">
				<ele>322.48582039028406</ele>
				<time>2024-07-13T18:43:46Z</time>
			</trkpt>
			<trkpt lat="45.510452564385346" lon="15.158280066098046">
				<ele>322.1140403551981</ele>
				<time>2024-07-13T18:43:48Z</time>
			</trkpt>
			<trkpt lat="45.51045638737381" lon="15.158318332662004">
				<ele>322.6020882744342</ele>
				<time>2024-07-13T18:43:50Z</time>
			</trkpt>
			<trkpt lat="45.51044459882612" lon="15.15834337932127">
				<ele>322.97857547271997</ele>
				<time>2024-07-13T18:43:52Z</time>
			</trkpt>
			<trkpt lat="45.5104465311987" lon="15.15837910530248">
				<ele>322.046573583968</ele>
				<time>2024-07-13T18:43:55Z</time>
			</trkpt>
			<trkpt lat="45.51044100546937" lon="15.158405121580723">
				<ele>320.84933445975184</ele>
				<time>2024-07-13T18:43:56Z</time>
			</trkpt>
			<trkpt lat="45.51042691738328" lon="15.158428546846189">
				<ele>320.3319340609014</ele>
				<time>2024-07-13T18:43:58Z</time>
			</trkpt>
			<trkpt lat="45.510418819979286" lon="15.158453817059193">
				<ele>322.14083529356867</ele>
				<time>2024-07-13T18:44:00Z</time>
			</trkpt>
			<trkpt lat="45.51041953141513" lon="15.158490026513563">
				<ele>322.0002810349688</ele>
				<time>2024-07-13T18:44:02Z</time>
			</trkpt>
			<trkpt lat="45.510427695055526" lon="15.158527405981996">
				<ele>320.0493044182658</ele>
				<time>2024-07-13T18:44:05Z</time>
			</trkpt>
			<trkpt lat="45.51043541329369" lon="15.158563073218758">
				<ele>320.41536083444953</ele>
				<time>2024-07-13T18:44:07Z</time>
			</trkpt>
			<trkpt lat="45.510441689963564" lon="15.15858710411541">
				<ele>320.5058013154194</ele>
				<time>2024-07-13T18:44:08Z</time>
			</trkpt>
			<trkpt lat="45.51045816100174" lon="15.158615334436666">
				<ele>319.39421582594514</ele>
				<time>2024-07-13T18:44:11Z</time>
			</trkpt>
			<trkpt lat="45.510462534996314" lon="15.15865323408478">
				<ele>319.9049968663603</ele>
				<time>2024-07-13T18:44:12Z</time>
			</trkpt>
			<trkpt lat="45.51047807662157" lon="15.158667600112937">
				<ele>320.094379206188</ele>
				<time>2024-07-13T18:44:14Z</time>
			</trkpt>
			<trkpt lat="45.51049925499938" lon="15.158699334707586">
				<ele>320.2311616167426</ele>
				<time>2024-07-13T18:44:18Z</time>
			</trkpt>
			<trkpt lat="45.510513619577" lon="15.158718753078277">
				<ele>319.8371468037367</ele>
				<time>2024-07-13T18:44:20Z</time>
			</trkpt>
			<trkpt lat="45.51051720754309" lon="15.158757461939352">
				<ele>320.52125536557287</ele>
				<time>2024-07-13T18:44:23Z</time>
			</trkpt>
			<trkpt lat="45.51051065468775" lon="15.158782531928631">
				<ele>319.4508095290512</ele>
				<time>2024-07-13T18:44:25Z</time>
			</trkpt>
			<trkpt lat="45.51051714819037" lon="15.158819292436846">
				<ele>318.19067707285285</ele>
				<time>2024-07-13T18:44:26Z</time>
			</trkpt>
			<trkpt lat="45.51052797161696" lon="15.158850621574482">
				<ele>317.582811716944</ele>
				<time>2024-07-13T18:44:28Z</time>
			</trkpt>
			<trkpt lat="45.51053409884983" lon="15.158877788150392">
				<ele>318.4920912468806</ele>
				<time>2024-07-13T18:44:30Z</time>
			</trkpt>
			<trkpt lat="45.510521908657076" lon="15.158900759699184">
				<ele>319.6936441324651</ele>
				<time>2024-07-13T18:44:32Z</time>
			</trkpt>
			<trkpt lat="45.510522014084806" lon="15.158930697702344">
				<ele>319.3878621282056</ele>
				<time>2024-07-13T18:44:33Z</time>
			</trkpt>
			<trkpt lat="45.51050947287964" lon="15.158967841997056">
				<ele>318.6377982208505</ele>
				<time>2024-07-13T18:44:37Z</time>
			</trkpt>
			<trkpt lat="45.510504335246" lon="15.158999684907423">
				<ele>317.8318473957479</ele>
				<time>2024-07-13T18:44:39Z</time>
			</trkpt>
			<trkpt lat="45.510500714114826" lon="15.15903263180444">
				<ele>319.21448519360274</ele>
				<time>2024-07-13T18:44:40Z</time>
			</trkpt>
			<trkpt lat="45.51048957143422" lon="15.159064463970887">
				<ele>320.0944191040471</ele>
				<time>2024-07-13T18:44:42Z</time>
			</trkpt>
			<trkpt lat="45.51048113423714" lon="15.159108379283603">
				<ele>319.9431783836335</ele>
				<time>2024-07-13T18:44:44Z</time>
			</trkpt>
			<trkpt lat="45.5104755373139" lon="15.1591460212063">
				<ele>319.73789421189576</ele>
				<time>2024-07-13T18:44:46Z</time>
			</trkpt>
			<trkpt lat="45.51047557134798" lon="15.15918144701541">
				<ele>319.52691254671663</ele>
				<time>2024-07-13T18:44:48Z</time>
			</trkpt>
			<trkpt lat="45.51046529315493" lon="15.159211110860948">
				<ele>319.29334027320147</ele>
				<time>2024-07-13T18:44:50Z</time>
			</trkpt>
			<trkpt lat="45.510456940291775" lon="15.159237345450602">
				<ele>319.6872972557321</ele>
				<time>2024-07-13T18:44:52Z</time>
			</trkpt>
			<trkpt lat="45.51043935046166" lon="15.159246673339428">
				<ele>316.2082628533244</ele>
				<time>2024-07-13T18:44:54Z</time>
			</trkpt>
			<trkpt lat="45.510418068214584" lon="15.15928180988296">
				<ele>314.6081421356648</ele>
				<time>2024-07-13T18:44:57Z</time>
			</trkpt>
			<trkpt lat="45.5104100888629" lon="15.159310924190649">
				<ele>314.2794097457081</ele>
				<time>2024-07-13T18:44:59Z</time>
			</trkpt>
			<trkpt lat="45.51038900437622" lon="15.159330156689274">
				<ele>314.0736596500501</ele>
				<time>2024-07-13T18:45:01Z</time>
			</trkpt>
			<trkpt lat="45.510388078302476" lon="15.159364906340457">
				<ele>313.30622776411474</ele>
				<time>2024-07-13T18:45:03Z</time>
			</trkpt>
			<trkpt lat="45.510370550214226" lon="15.159383978076276">
				<ele>311.60620085150003</ele>
				<time>2024-07-13T18:45:06Z</time>
			</trkpt>
			<trkpt lat="45.51035174512709" lon="15.159397986684587">
				<ele>311.98713560868055</ele>
				<time>2024-07-13T18:45:08Z</time>
			</trkpt>
			<trkpt lat="45.510349168274985" lon="15.159428982305892">
				<ele>311.9450884377584</ele>
				<time>2024-07-13T18:45:10Z</time>
			</trkpt>
			<trkpt lat="45.51033515231572" lon="15.159459239478256">
				<ele>314.1170445121825</ele>
				<time>2024-07-13T18:45:14Z</time>
			</trkpt>
			<trkpt lat="45.51032577360285" lon="15.159486338810622">
				<ele>313.0033375583589</ele>
				<time>2024-07-13T18:45:16Z</time>
			</trkpt>
			<trkpt lat="45.510310310924986" lon="15.159508377480668">
				<ele>313.3080319520086</ele>
				<time>2024-07-13T18:45:19Z</time>
			</trkpt>
			<trkpt lat="45.510287468541776" lon="15.159537938484473">
				<ele>313.0594407264143</ele>
				<time>2024-07-13T18:45:22Z</time>
			</trkpt>
			<trkpt lat="45.51026715166743" lon="15.15956225842444">
				<ele>311.9149199258536</ele>
				<time>2024-07-13T18:45:24Z</time>
			</trkpt>
			<trkpt lat="45.51027725916717" lon="15.159587343335405">
				<ele>309.8802340524271</ele>
				<time>2024-07-13T18:45:27Z</time>
			</trkpt>
			<trkpt lat="45.51027684975556" lon="15.159619889060341">
				<ele>311.1140670897439</ele>
				<time>2024-07-13T18:45:36Z</time>
			</trkpt>
			<trkpt lat="45.510270792087184" lon="15.15965173029284">
				<ele>312.62086478993297</ele>
				<time>2024-07-13T18:45:40Z</time>
			</trkpt>
			<trkpt lat="45.51026037930408" lon="15.159685084371102">
				<ele>314.9949587257579</ele>
				<time>2024-07-13T18:45:44Z</time>
			</trkpt>
			<trkpt lat="45.510257242048894" lon="15.159717024465898">
				<ele>317.37547308485955</ele>
				<time>2024-07-13T18:45:49Z</time>
			</trkpt>
			<trkpt lat="45.51027180259226" lon="15.15974693481083">
				<ele>315.6951960660517</ele>
				<time>2024-07-13T18:45:54Z</time>
			</trkpt>
			<trkpt lat="45.51025695791503" lon="15.159716853041234">
				<ele>312.6338971098885</ele>
				<time>2024-07-13T18:46:01Z</time>
			</trkpt>
			<trkpt lat="45.51024672393542" lon="15.159692203431819">
				<ele>311.68103170301765</ele>
				<time>2024-07-13T18:46:15Z</time>
			</trkpt>
			<trkpt lat="45.510231949978085" lon="15.159673241460224">
				<ele>312.481886183843</ele>
				<time>2024-07-13T18:46:43Z</time>
			</trkpt>
			<trkpt lat="45.51020043682698" lon="15.159665820514075">
				<ele>313.74918501544744</ele>
				<time>2024-07-13T18:47:05Z</time>
			</trkpt>
			<trkpt lat="45.510218564650366" lon="15.159685765484431">
				<ele>313.4593110252172</ele>
				<time>2024-07-13T18:47:14Z</time>
			</trkpt>
			<trkpt lat="45.510223998431655" lon="15.159721816440564">
				<ele>313.62166149914265</ele>
				<time>2024-07-13T18:47:17Z</time>
			</trkpt>
			<trkpt lat="45.51020558252996" lon="15.15970045005291">
				<ele>312.83530148584396</ele>
				<time>2024-07-13T18:47:19Z</time>
			</trkpt>
			<trkpt lat="45.51019148693391" lon="15.159682837239174">
				<ele>312.278728091158</ele>
				<time>2024-07-13T18:47:21Z</time>
			</trkpt>
			<trkpt lat="45.5101843816767" lon="15.159657577721715">
				<ele>314.6101518748328</ele>
				<time>2024-07-13T18:47:27Z</time>
			</trkpt>
			<trkpt lat="45.5101612958353" lon="15.159627066529325">
				<ele>314.9040886973962</ele>
				<time>2024-07-13T18:47:28Z</time>
			</trkpt>
			<trkpt lat="45.51013501882315" lon="15.159655101119831">
				<ele>313.2059699455276</ele>
				<time>2024-07-13T18:47:33Z</time>
			</trkpt>
			<trkpt lat="45.510108550138916" lon="15.159642877158785">
				<ele>314.5697929337621</ele>
				<time>2024-07-13T18:47:34Z</time>
			</trkpt>
			<trkpt lat="45.5100780712688" lon="15.159621308897902">
				<ele>313.5161792859435</ele>
				<time>2024-07-13T18:47:36Z</time>
			</trkpt>
			<trkpt lat="45.51006272108064" lon="15.159640115428106">
				<ele>313.7203610036522</ele>
				<time>2024-07-13T18:47:38Z</time>
			</trkpt>
			<trkpt lat="45.51004709941906" lon="15.159667948001832">
				<ele>313.72782803326845</ele>
				<time>2024-07-13T18:47:40Z</time>
			</trkpt>
			<trkpt lat="45.510025694959054" lon="15.159668375317391">
				<ele>311.8479611845687</ele>
				<time>2024-07-13T18:47:43Z</time>
			</trkpt>
			<trkpt lat="45.510000621931496" lon="15.15966703352348">
				<ele>312.8920274488628</ele>
				<time>2024-07-13T18:47:44Z</time>
			</trkpt>
			<trkpt lat="45.50997577305983" lon="15.159661015086211">
				<ele>311.8326518628746</ele>
				<time>2024-07-13T18:47:46Z</time>
			</trkpt>
			<trkpt lat="45.509943997865044" lon="15.159666284257934">
				<ele>312.4006329663098</ele>
				<time>2024-07-13T18:47:48Z</time>
			</trkpt>
			<trkpt lat="45.50992593419012" lon="15.159677050988414">
				<ele>312.6835037898272</ele>
				<time>2024-07-13T18:47:50Z</time>
			</trkpt>
			<trkpt lat="45.50991518940798" lon="15.159698013565762">
				<ele>312.229830856435</ele>
				<time>2024-07-13T18:47:52Z</time>
			</trkpt>
			<trkpt lat="45.50989214679439" lon="15.1596969488319">
				<ele>312.03578438889235</ele>
				<time>2024-07-13T18:47:54Z</time>
			</trkpt>
			<trkpt lat="45.509868466313435" lon="15.159709322440056">
				<ele>311.69092957116663</ele>
				<time>2024-07-13T18:47:56Z</time>
			</trkpt>
			<trkpt lat="45.50984963574833" lon="15.15972269256327">
				<ele>312.96790219657123</ele>
				<time>2024-07-13T18:47:59Z</time>
			</trkpt>
			<trkpt lat="45.5098276771331" lon="15.159734736376313">
				<ele>314.147147860378</ele>
				<time>2024-07-13T18:48:01Z</time>
			</trkpt>
			<trkpt lat="45.50980263350753" lon="15.159755424392989">
				<ele>312.71805685572326</ele>
				<time>2024-07-13T18:48:03Z</time>
			</trkpt>
			<trkpt lat="45.50978173008466" lon="15.159769053368407">
				<ele>311.99712887313217</ele>
				<time>2024-07-13T18:48:05Z</time>
			</trkpt>
			<trkpt lat="45.509761958061524" lon="15.15977110941421">
				<ele>312.4109012950212</ele>
				<time>2024-07-13T18:48:08Z</time>
			</trkpt>
			<trkpt lat="45.50973917999473" lon="15.15977308251809">
				<ele>313.1962693221867</ele>
				<time>2024-07-13T18:48:09Z</time>
			</trkpt>
			<trkpt lat="45.509708639064705" lon="15.1597707227762">
				<ele>314.0132272373885</ele>
				<time>2024-07-13T18:48:11Z</time>
			</trkpt>
			<trkpt lat="45.50968267581376" lon="15.159766863723693">
				<ele>313.1270200610161</ele>
				<time>2024-07-13T18:48:13Z</time>
			</trkpt>
			<trkpt lat="45.509665201935896" lon="15.159776729592902">
				<ele>311.22764885704964</ele>
				<time>2024-07-13T18:48:15Z</time>
			</trkpt>
			<trkpt lat="45.509662733751625" lon="15.159803749172584">
				<ele>311.20136386249214</ele>
				<time>2024-07-13T18:48:16Z</time>
			</trkpt>
			<trkpt lat="45.509660380832024" lon="15.15983549222571">
				<ele>310.71004373487085</ele>
				<time>2024-07-13T18:48:17Z</time>
			</trkpt>
			<trkpt lat="45.509634790091276" lon="15.159822136539022">
				<ele>311.1859373636544</ele>
				<time>2024-07-13T18:48:18Z</time>
			</trkpt>
			<trkpt lat="45.50961894322369" lon="15.159808436394446">
				<ele>310.06862421892583</ele>
				<time>2024-07-13T18:48:19Z</time>
			</trkpt>
			<trkpt lat="45.509594643447656" lon="15.159799542641926">
				<ele>307.9002478327602</ele>
				<time>2024-07-13T18:48:21Z</time>
			</trkpt>
			<trkpt lat="45.50956776039252" lon="15.159799980875247">
				<ele>307.4484424032271</ele>
				<time>2024-07-13T18:48:23Z</time>
			</trkpt>
			<trkpt lat="45.50954630936218" lon="15.159792388560534">
				<ele>307.1184077998623</ele>
				<time>2024-07-13T18:48:25Z</time>
			</trkpt>
			<trkpt lat="45.50951620346237" lon="15.159780012499672">
				<ele>306.63099518045783</ele>
				<time>2024-07-13T18:48:27Z</time>
			</trkpt>
			<trkpt lat="45.50949423200364" lon="15.159780146194333">
				<ele>305.2460962086916</ele>
				<time>2024-07-13T18:48:30Z</time>
			</trkpt>
			<trkpt lat="45.509479497814446" lon="15.159801394604104">
				<ele>305.2119700713083</ele>
				<time>2024-07-13T18:48:34Z</time>
			</trkpt>
			<trkpt lat="45.50944831312472" lon="15.159788254683132">
				<ele>307.5941876890138</ele>
				<time>2024-07-13T18:48:35Z</time>
			</trkpt>
			<trkpt lat="45.5094236220856" lon="15.159771367105918">
				<ele>306.34660590067506</ele>
				<time>2024-07-13T18:48:37Z</time>
			</trkpt>
			<trkpt lat="45.50939818815988" lon="15.159755559715094">
				<ele>302.6705634985119</ele>
				<time>2024-07-13T18:48:41Z</time>
			</trkpt>
			<trkpt lat="45.50938023394813" lon="15.159767550291228">
				<ele>303.04190989397466</ele>
				<time>2024-07-13T18:48:43Z</time>
			</trkpt>
			<trkpt lat="45.5093546625178" lon="15.159763123703847">
				<ele>302.20084686763585</ele>
				<time>2024-07-13T18:48:45Z</time>
			</trkpt>
			<trkpt lat="45.50933231689492" lon="15.159764432643763">
				<ele>302.6087504234165</ele>
				<time>2024-07-13T18:48:47Z</time>
			</trkpt>
			<trkpt lat="45.50931210092958" lon="15.159760157177612">
				<ele>305.6585790961981</ele>
				<time>2024-07-13T18:48:49Z</time>
			</trkpt>
			<trkpt lat="45.509294365530366" lon="15.159767239938068">
				<ele>305.82753855362535</ele>
				<time>2024-07-13T18:48:50Z</time>
			</trkpt>
			<trkpt lat="45.509262294107806" lon="15.15976159623381">
				<ele>306.54842690750957</ele>
				<time>2024-07-13T18:48:53Z</time>
			</trkpt>
			<trkpt lat="45.50924273821457" lon="15.15974928875201">
				<ele>307.74363076034933</ele>
				<time>2024-07-13T18:48:55Z</time>
			</trkpt>
			<trkpt lat="45.509222179792225" lon="15.159733500663842">
				<ele>307.3992113620043</ele>
				<time>2024-07-13T18:48:58Z</time>
			</trkpt>
			<trkpt lat="45.5092099194204" lon="15.159713838754618">
				<ele>305.9568275809288</ele>
				<time>2024-07-13T18:49:01Z</time>
			</trkpt>
			<trkpt lat="45.50919012840586" lon="15.15969098403035">
				<ele>307.2949868552387</ele>
				<time>2024-07-13T18:49:04Z</time>
			</trkpt>
			<trkpt lat="45.509173101880506" lon="15.159680799956018">
				<ele>306.9839696865529</ele>
				<time>2024-07-13T18:49:06Z</time>
			</trkpt>
			<trkpt lat="45.509165483473375" lon="15.15965043323864">
				<ele>305.97131030168384</ele>
				<time>2024-07-13T18:49:10Z</time>
			</trkpt>
			<trkpt lat="45.50915145256834" lon="15.15962389946232">
				<ele>305.842570239678</ele>
				<time>2024-07-13T18:49:12Z</time>
			</trkpt>
			<trkpt lat="45.509131091483454" lon="15.15960052161023">
				<ele>304.0633315620944</ele>
				<time>2024-07-13T18:49:16Z</time>
			</trkpt>
			<trkpt lat="45.50911597375368" lon="15.15957169401313">
				<ele>304.36861953139305</ele>
				<time>2024-07-13T18:49:19Z</time>
			</trkpt>
			<trkpt lat="45.50910937925604" lon="15.159545519148935">
				<ele>303.50933244265616</ele>
				<time>2024-07-13T18:49:22Z</time>
			</trkpt>
			<trkpt lat="45.509091718984095" lon="15.15952541206034">
				<ele>303.4781602146104</ele>
				<time>2024-07-13T18:49:25Z</time>
			</trkpt>
			<trkpt lat="45.509074209474946" lon="15.159498574630447">
				<ele>303.178564584814</ele>
				<time>2024-07-13T18:49:27Z</time>
			</trkpt>
			<trkpt lat="45.50904964166239" lon="15.159481688321415">
				<ele>304.6343638896942</ele>
				<time>2024-07-13T18:49:31Z</time>
			</trkpt>
			<trkpt lat="45.509031655469116" lon="15.159471591938892">
				<ele>304.7091659922153</ele>
				<time>2024-07-13T18:49:33Z</time>
			</trkpt>
			<trkpt lat="45.50901001051233" lon="15.159444502164186">
				<ele>304.1767018856481</ele>
				<time>2024-07-13T18:49:35Z</time>
			</trkpt>
			<trkpt lat="45.50899511025712" lon="15.159430032188444">
				<ele>302.75864820182323</ele>
				<time>2024-07-13T18:49:38Z</time>
			</trkpt>
			<trkpt lat="45.508975147028174" lon="15.159395974318171">
				<ele>301.80009944178164</ele>
				<time>2024-07-13T18:49:40Z</time>
			</trkpt>
			<trkpt lat="45.50894371238409" lon="15.159400302902071">
				<ele>301.630208353512</ele>
				<time>2024-07-13T18:49:42Z</time>
			</trkpt>
			<trkpt lat="45.50892156626058" lon="15.159389188857007">
				<ele>302.36634716484696</ele>
				<time>2024-07-13T18:49:45Z</time>
			</trkpt>
			<trkpt lat="45.508904279318806" lon="15.159373266640399">
				<ele>302.40617683995515</ele>
				<time>2024-07-13T18:49:47Z</time>
			</trkpt>
			<trkpt lat="45.50888538654415" lon="15.159364949380395">
				<ele>303.2950070099905</ele>
				<time>2024-07-13T18:49:49Z</time>
			</trkpt>
			<trkpt lat="45.50885637935171" lon="15.159345240618055">
				<ele>302.99960661958903</ele>
				<time>2024-07-13T18:49:51Z</time>
			</trkpt>
			<trkpt lat="45.508824820871034" lon="15.159332491544609">
				<ele>302.3609325643629</ele>
				<time>2024-07-13T18:49:53Z</time>
			</trkpt>
			<trkpt lat="45.50880234142668" lon="15.159300870695715">
				<ele>301.65459180623293</ele>
				<time>2024-07-13T18:49:55Z</time>
			</trkpt>
			<trkpt lat="45.50877877734369" lon="15.159289365184812">
				<ele>304.3764814818278</ele>
				<time>2024-07-13T18:49:57Z</time>
			</trkpt>
			<trkpt lat="45.50875030103057" lon="15.159284668177579">
				<ele>303.5721623217687</ele>
				<time>2024-07-13T18:49:59Z</time>
			</trkpt>
			<trkpt lat="45.508725600771065" lon="15.159266724639151">
				<ele>299.880890305154</ele>
				<time>2024-07-13T18:50:02Z</time>
			</trkpt>
			<trkpt lat="45.50869563139947" lon="15.159252979118392">
				<ele>299.5226669963449</ele>
				<time>2024-07-13T18:50:04Z</time>
			</trkpt>
			<trkpt lat="45.50867326275757" lon="15.15925587178147">
				<ele>298.0553146023303</ele>
				<time>2024-07-13T18:50:06Z</time>
			</trkpt>
			<trkpt lat="45.50865139912319" lon="15.159249370168057">
				<ele>296.9916059728712</ele>
				<time>2024-07-13T18:50:08Z</time>
			</trkpt>
			<trkpt lat="45.508635390573794" lon="15.159225253932238">
				<ele>296.7424795255065</ele>
				<time>2024-07-13T18:50:10Z</time>
			</trkpt>
			<trkpt lat="45.50861480498971" lon="15.159211938375092">
				<ele>297.19948699884117</ele>
				<time>2024-07-13T18:50:12Z</time>
			</trkpt>
			<trkpt lat="45.50859693701933" lon="15.159219358336141">
				<ele>296.4207448940724</ele>
				<time>2024-07-13T18:50:14Z</time>
			</trkpt>
			<trkpt lat="45.5086152995515" lon="15.15922025265174">
				<ele>297.86493993736804</ele>
				<time>2024-07-13T18:50:16Z</time>
			</trkpt>
			<trkpt lat="45.50859057217441" lon="15.15923807785151">
				<ele>298.11333352606744</ele>
				<time>2024-07-13T18:50:23Z</time>
			</trkpt>
			<trkpt lat="45.508571575364435" lon="15.15923131465221">
				<ele>298.13506496790797</ele>
				<time>2024-07-13T18:50:27Z</time>
			</trkpt>
			<trkpt lat="45.50855120275291" lon="15.159223296329458">
				<ele>298.2573075015098</ele>
				<time>2024-07-13T18:50:29Z</time>
			</trkpt>
			<trkpt lat="45.508532527925205" lon="15.15922745815742">
				<ele>298.85098076891154</ele>
				<time>2024-07-13T18:50:31Z</time>
			</trkpt>
			<trkpt lat="45.508513307973125" lon="15.159215567260606">
				<ele>298.56416343152523</ele>
				<time>2024-07-13T18:50:33Z</time>
			</trkpt>
			<trkpt lat="45.50848494418287" lon="15.159210939004794">
				<ele>298.43336176034063</ele>
				<time>2024-07-13T18:50:34Z</time>
			</trkpt>
			<trkpt lat="45.5084520446412" lon="15.15921036317506">
				<ele>298.575945825316</ele>
				<time>2024-07-13T18:50:37Z</time>
			</trkpt>
			<trkpt lat="45.508431441792354" lon="15.159184361868496">
				<ele>298.4120833398774</ele>
				<time>2024-07-13T18:50:41Z</time>
			</trkpt>
			<trkpt lat="45.50841547006579" lon="15.159172373870906">
				<ele>296.17720798403025</ele>
				<time>2024-07-13T18:50:43Z</time>
			</trkpt>
			<trkpt lat="45.508396640458066" lon="15.159164616452136">
				<ele>296.1777152335271</ele>
				<time>2024-07-13T18:50:45Z</time>
			</trkpt>
			<trkpt lat="45.508379516640645" lon="15.159147890983707">
				<ele>294.88357742875814</ele>
				<time>2024-07-13T18:50:47Z</time>
			</trkpt>
			<trkpt lat="45.50835490909237" lon="15.159140850802169">
				<ele>295.87575311306864</ele>
				<time>2024-07-13T18:50:49Z</time>
			</trkpt>
			<trkpt lat="45.50832975158838" lon="15.159135981734238">
				<ele>295.75688769761473</ele>
				<time>2024-07-13T18:50:51Z</time>
			</trkpt>
			<trkpt lat="45.508304996769" lon="15.159128453412583">
				<ele>294.72189736086875</ele>
				<time>2024-07-13T18:50:53Z</time>
			</trkpt>
			<trkpt lat="45.50828033136257" lon="15.159134870744987">
				<ele>295.6629701703787</ele>
				<time>2024-07-13T18:50:55Z</time>
			</trkpt>
			<trkpt lat="45.50825256678755" lon="15.159116967207492">
				<ele>295.66708942502737</ele>
				<time>2024-07-13T18:50:57Z</time>
			</trkpt>
			<trkpt lat="45.50822105779534" lon="15.159111579429954">
				<ele>296.8672988079488</ele>
				<time>2024-07-13T18:50:59Z</time>
			</trkpt>
			<trkpt lat="45.50819023394128" lon="15.15911961178041">
				<ele>295.9449517726898</ele>
				<time>2024-07-13T18:51:01Z</time>
			</trkpt>
			<trkpt lat="45.50816621505232" lon="15.159101765297399">
				<ele>295.79867769777775</ele>
				<time>2024-07-13T18:51:03Z</time>
			</trkpt>
			<trkpt lat="45.508146703220845" lon="15.15907976808747">
				<ele>295.6604379341006</ele>
				<time>2024-07-13T18:51:05Z</time>
			</trkpt>
			<trkpt lat="45.508118768633025" lon="15.159070490074484">
				<ele>293.70015677437186</ele>
				<time>2024-07-13T18:51:08Z</time>
			</trkpt>
			<trkpt lat="45.50810204430286" lon="15.159058511998255">
				<ele>292.0091470433399</ele>
				<time>2024-07-13T18:51:10Z</time>
			</trkpt>
			<trkpt lat="45.50808233366762" lon="15.159035674867464">
				<ele>291.6943771643564</ele>
				<time>2024-07-13T18:51:12Z</time>
			</trkpt>
			<trkpt lat="45.508067145935904" lon="15.15900867840769">
				<ele>292.23015039227903</ele>
				<time>2024-07-13T18:51:14Z</time>
			</trkpt>
			<trkpt lat="45.50804702905928" lon="15.158986465998085">
				<ele>293.2945523802191</ele>
				<time>2024-07-13T18:51:16Z</time>
			</trkpt>
			<trkpt lat="45.50802901163123" lon="15.158963446077925">
				<ele>292.75731915049255</ele>
				<time>2024-07-13T18:51:18Z</time>
			</trkpt>
			<trkpt lat="45.508020689665614" lon="15.158935803283653">
				<ele>290.33786393515766</ele>
				<time>2024-07-13T18:51:20Z</time>
			</trkpt>
			<trkpt lat="45.507993636425105" lon="15.158928040382303">
				<ele>292.5703103700653</ele>
				<time>2024-07-13T18:51:22Z</time>
			</trkpt>
			<trkpt lat="45.507978562831994" lon="15.158912597581322">
				<ele>294.02121176198125</ele>
				<time>2024-07-13T18:51:24Z</time>
			</trkpt>
			<trkpt lat="45.50795299302504" lon="15.158905652312384">
				<ele>293.42926951497793</ele>
				<time>2024-07-13T18:51:26Z</time>
			</trkpt>
			<trkpt lat="45.507937973842665" lon="15.158888269248687">
				<ele>293.2050954196602</ele>
				<time>2024-07-13T18:51:28Z</time>
			</trkpt>
			<trkpt lat="45.50791795334697" lon="15.158895378341992">
				<ele>291.9303242629394</ele>
				<time>2024-07-13T18:51:30Z</time>
			</trkpt>
			<trkpt lat="45.50789292054768" lon="15.15890476711632">
				<ele>292.1516472827643</ele>
				<time>2024-07-13T18:51:32Z</time>
			</trkpt>
			<trkpt lat="45.50786633108509" lon="15.158890707787576">
				<ele>289.92947433982044</ele>
				<time>2024-07-13T18:51:35Z</time>
			</trkpt>
			<trkpt lat="45.50784399344699" lon="15.158903170408374">
				<ele>290.26073711458594</ele>
				<time>2024-07-13T18:51:37Z</time>
			</trkpt>
			<trkpt lat="45.507825305556324" lon="15.15892668386565">
				<ele>290.3178147189319</ele>
				<time>2024-07-13T18:51:39Z</time>
			</trkpt>
			<trkpt lat="45.50779927040844" lon="15.158928866844844">
				<ele>291.35091174114496</ele>
				<time>2024-07-13T18:51:41Z</time>
			</trkpt>
			<trkpt lat="45.50779094135662" lon="15.158957799135994">
				<ele>292.1704425094649</ele>
				<time>2024-07-13T18:51:42Z</time>
			</trkpt>
			<trkpt lat="45.50776803634207" lon="15.158969861231592">
				<ele>292.4038428310305</ele>
				<time>2024-07-13T18:51:44Z</time>
			</trkpt>
			<trkpt lat="45.50775310791236" lon="15.158940631854021">
				<ele>293.185991005972</ele>
				<time>2024-07-13T18:51:48Z</time>
			</trkpt>
			<trkpt lat="45.50773108836675" lon="15.158959442981955">
				<ele>294.3737352350727</ele>
				<time>2024-07-13T18:51:50Z</time>
			</trkpt>
			<trkpt lat="45.507722626955776" lon="15.158992927777716">
				<ele>294.94177898578346</ele>
				<time>2024-07-13T18:51:52Z</time>
			</trkpt>
			<trkpt lat="45.50770885305272" lon="15.159021119294135">
				<ele>290.7886541914195</ele>
				<time>2024-07-13T18:51:56Z</time>
			</trkpt>
			<trkpt lat="45.507696643439324" lon="15.159041784380658">
				<ele>291.6120504811406</ele>
				<time>2024-07-13T18:51:57Z</time>
			</trkpt>
			<trkpt lat="45.50768055595884" lon="15.1590765030929">
				<ele>290.7326047522947</ele>
				<time>2024-07-13T18:51:59Z</time>
			</trkpt>
			<trkpt lat="45.50765844504982" lon="15.159087962893079">
				<ele>290.0562999434769</ele>
				<time>2024-07-13T18:52:01Z</time>
			</trkpt>
			<trkpt lat="45.507644538175015" lon="15.15911692376091">
				<ele>290.9500748710707</ele>
				<time>2024-07-13T18:52:03Z</time>
			</trkpt>
			<trkpt lat="45.50763265854079" lon="15.159142100803434">
				<ele>290.55282396264374</ele>
				<time>2024-07-13T18:52:05Z</time>
			</trkpt>
			<trkpt lat="45.50763077588053" lon="15.159177462981585">
				<ele>291.3700955444947</ele>
				<time>2024-07-13T18:52:07Z</time>
			</trkpt>
			<trkpt lat="45.50761018008496" lon="15.159204811964877">
				<ele>291.4120975313708</ele>
				<time>2024-07-13T18:52:09Z</time>
			</trkpt>
			<trkpt lat="45.50759802429341" lon="15.159231197262612">
				<ele>290.6983183454722</ele>
				<time>2024-07-13T18:52:11Z</time>
			</trkpt>
			<trkpt lat="45.50760167380835" lon="15.159263690932132">
				<ele>291.52811200078577</ele>
				<time>2024-07-13T18:52:13Z</time>
			</trkpt>
			<trkpt lat="45.50758870212202" lon="15.15928276133882">
				<ele>290.3682246534154</ele>
				<time>2024-07-13T18:52:15Z</time>
			</trkpt>
			<trkpt lat="45.50756611352423" lon="15.159302228868052">
				<ele>290.0605659382418</ele>
				<time>2024-07-13T18:52:17Z</time>
			</trkpt>
			<trkpt lat="45.507546366660286" lon="15.15931885259378">
				<ele>286.7153607280925</ele>
				<time>2024-07-13T18:52:20Z</time>
			</trkpt>
			<trkpt lat="45.50753524921965" lon="15.159348317910254">
				<ele>287.2239516917616</ele>
				<time>2024-07-13T18:52:21Z</time>
			</trkpt>
			<trkpt lat="45.50752393357827" lon="15.15937297396376">
				<ele>287.81006531231105</ele>
				<time>2024-07-13T18:52:23Z</time>
			</trkpt>
			<trkpt lat="45.50751254498489" lon="15.15939307169837">
				<ele>287.2769515058026</ele>
				<time>2024-07-13T18:52:25Z</time>
			</trkpt>
			<trkpt lat="45.507500514677126" lon="15.159429933142727">
				<ele>288.3612388037145</ele>
				<time>2024-07-13T18:52:43Z</time>
			</trkpt>
			<trkpt lat="45.507498748438444" lon="15.159468319039538">
				<ele>286.7717234576121</ele>
				<time>2024-07-13T18:52:46Z</time>
			</trkpt>
			<trkpt lat="45.50750328129785" lon="15.159506014258358">
				<ele>285.9435157775879</ele>
				<time>2024-07-13T18:52:49Z</time>
			</trkpt>
			<trkpt lat="45.507502583931455" lon="15.159532589254248">
				<ele>286.16224092431366</ele>
				<time>2024-07-13T18:52:52Z</time>
			</trkpt>
			<trkpt lat="45.50749740056988" lon="15.15956480736628">
				<ele>285.360352082178</ele>
				<time>2024-07-13T18:52:56Z</time>
			</trkpt>
			<trkpt lat="45.50749450147883" lon="15.15959808032023">
				<ele>284.4413601607084</ele>
				<time>2024-07-13T18:52:59Z</time>
			</trkpt>
			<trkpt lat="45.507489897029146" lon="15.159626127530515">
				<ele>281.9472320470959</ele>
				<time>2024-07-13T18:53:05Z</time>
			</trkpt>
			<trkpt lat="45.50748136235069" lon="15.159653039078599">
				<ele>280.58590011205524</ele>
				<time>2024-07-13T18:53:09Z</time>
			</trkpt>
			<trkpt lat="45.50748284836061" lon="15.159704715248015">
				<ele>281.541807429865</ele>
				<time>2024-07-13T18:53:12Z</time>
			</trkpt>
			<trkpt lat="45.50749734866246" lon="15.159736695932457">
				<ele>281.9521058294922</ele>
				<time>2024-07-13T18:53:14Z</time>
			</trkpt>
			<trkpt lat="45.50748746642287" lon="15.159760773214582">
				<ele>282.04297372698784</ele>
				<time>2024-07-13T18:53:16Z</time>
			</trkpt>
			<trkpt lat="45.507502781764686" lon="15.159779210738575">
				<ele>279.1030412763357</ele>
				<time>2024-07-13T18:53:18Z</time>
			</trkpt>
			<trkpt lat="45.50751444393095" lon="15.159802167251089">
				<ele>281.1340228356421</ele>
				<time>2024-07-13T18:53:19Z</time>
			</trkpt>
			<trkpt lat="45.507521080706766" lon="15.15984975747525">
				<ele>281.479832386598</ele>
				<time>2024-07-13T18:53:21Z</time>
			</trkpt>
			<trkpt lat="45.50751049334236" lon="15.15988218358341">
				<ele>280.8127992078662</ele>
				<time>2024-07-13T18:53:22Z</time>
			</trkpt>
			<trkpt lat="45.507499023129604" lon="15.159911816016114">
				<ele>281.3632884770632</ele>
				<time>2024-07-13T18:53:25Z</time>
			</trkpt>
			<trkpt lat="45.50749169480702" lon="15.159948265784562">
				<ele>282.5941658532247</ele>
				<time>2024-07-13T18:53:29Z</time>
			</trkpt>
			<trkpt lat="45.50749294774291" lon="15.159982385904495">
				<ele>282.8800353463739</ele>
				<time>2024-07-13T18:53:31Z</time>
			</trkpt>
			<trkpt lat="45.50749343767867" lon="15.160015348004917">
				<ele>281.2139935763553</ele>
				<time>2024-07-13T18:53:33Z</time>
			</trkpt>
			<trkpt lat="45.50748884691893" lon="15.160041204129785">
				<ele>282.957570024766</ele>
				<time>2024-07-13T18:53:34Z</time>
			</trkpt>
			<trkpt lat="45.50747196434098" lon="15.160074186435043">
				<ele>282.66689832881093</ele>
				<time>2024-07-13T18:53:36Z</time>
			</trkpt>
			<trkpt lat="45.507462674190194" lon="15.160112005981652">
				<ele>282.01245919894427</ele>
				<time>2024-07-13T18:53:38Z</time>
			</trkpt>
			<trkpt lat="45.507471778097425" lon="15.160140370489302">
				<ele>282.2487217653543</ele>
				<time>2024-07-13T18:53:44Z</time>
			</trkpt>
			<trkpt lat="45.50745749478456" lon="15.160164646158558">
				<ele>282.0162455094978</ele>
				<time>2024-07-13T18:53:51Z</time>
			</trkpt>
			<trkpt lat="45.507449261114715" lon="15.160190182838297">
				<ele>282.0830607721582</ele>
				<time>2024-07-13T18:53:56Z</time>
			</trkpt>
			<trkpt lat="45.507447916886115" lon="15.160216133270772">
				<ele>282.7795835258439</ele>
				<time>2024-07-13T18:54:00Z</time>
			</trkpt>
			<trkpt lat="45.50746402247027" lon="15.160252676547968">
				<ele>282.8195060910657</ele>
				<time>2024-07-13T18:54:05Z</time>
			</trkpt>
			<trkpt lat="45.50747498208989" lon="15.160274258098752">
				<ele>282.44868799299</ele>
				<time>2024-07-13T18:54:07Z</time>
			</trkpt>
			<trkpt lat="45.50748273684884" lon="15.160304896122975">
				<ele>282.97604308184236</ele>
				<time>2024-07-13T18:54:10Z</time>
			</trkpt>
			<trkpt lat="45.50750330481844" lon="15.160325358754802">
				<ele>283.6688591185957</ele>
				<time>2024-07-13T18:54:12Z</time>
			</trkpt>
			<trkpt lat="45.50751396741523" lon="15.160354940355127">
				<ele>281.7232149876654</ele>
				<time>2024-07-13T18:54:15Z</time>
			</trkpt>
			<trkpt lat="45.50753848750417" lon="15.160380141179516">
				<ele>282.51175306085497</ele>
				<time>2024-07-13T18:54:17Z</time>
			</trkpt>
			<trkpt lat="45.50754268059072" lon="15.160408990316025">
				<ele>279.8046000851318</ele>
				<time>2024-07-13T18:54:25Z</time>
			</trkpt>
			<trkpt lat="45.50752912917975" lon="15.160388230805802">
				<ele>279.49369210004807</ele>
				<time>2024-07-13T18:54:29Z</time>
			</trkpt>
			<trkpt lat="45.507512410461594" lon="15.160413309335812">
				<ele>279.6633137278259</ele>
				<time>2024-07-13T18:54:35Z</time>
			</trkpt>
			<trkpt lat="45.50753247748704" lon="15.160397264466287">
				<ele>279.81452543474734</ele>
				<time>2024-07-13T18:54:39Z</time>
			</trkpt>
			<trkpt lat="45.50755343779104" lon="15.160376532725508">
				<ele>279.38965263869613</ele>
				<time>2024-07-13T18:54:43Z</time>
			</trkpt>
			<trkpt lat="45.50757397444522" lon="15.160372824883323">
				<ele>278.6692915027961</ele>
				<time>2024-07-13T18:54:50Z</time>
			</trkpt>
			<trkpt lat="45.507593463664776" lon="15.16040984528517">
				<ele>278.61413528211415</ele>
				<time>2024-07-13T18:54:55Z</time>
			</trkpt>
			<trkpt lat="45.5076086106678" lon="15.160435095259471">
				<ele>279.40685088094324</ele>
				<time>2024-07-13T18:54:58Z</time>
			</trkpt>
			<trkpt lat="45.507618661387355" lon="15.160466409997422">
				<ele>279.0831888690591</ele>
				<time>2024-07-13T18:55:01Z</time>
			</trkpt>
			<trkpt lat="45.507640962389345" lon="15.160462989984987">
				<ele>278.38210185803473</ele>
				<time>2024-07-13T18:55:02Z</time>
			</trkpt>
			<trkpt lat="45.5076559903446" lon="15.160488097546054">
				<ele>279.00737035740167</ele>
				<time>2024-07-13T18:55:04Z</time>
			</trkpt>
			<trkpt lat="45.50767394546248" lon="15.16050607895828">
				<ele>278.69260251987725</ele>
				<time>2024-07-13T18:55:07Z</time>
			</trkpt>
			<trkpt lat="45.50769543716527" lon="15.160524621381523">
				<ele>278.7563822288066</ele>
				<time>2024-07-13T18:55:08Z</time>
			</trkpt>
			<trkpt lat="45.50769771533919" lon="15.160550869508917">
				<ele>278.19999295286834</ele>
				<time>2024-07-13T18:55:10Z</time>
			</trkpt>
			<trkpt lat="45.507705557287146" lon="15.160578511012693">
				<ele>277.97473791614175</ele>
				<time>2024-07-13T18:55:12Z</time>
			</trkpt>
			<trkpt lat="45.507718991878555" lon="15.160605298677174">
				<ele>278.746280237101</ele>
				<time>2024-07-13T18:55:14Z</time>
			</trkpt>
			<trkpt lat="45.50773696549839" lon="15.160622889341417">
				<ele>279.5250873314217</ele>
				<time>2024-07-13T18:55:16Z</time>
			</trkpt>
			<trkpt lat="45.50775174458468" lon="15.160644709889503">
				<ele>279.2923212964088</ele>
				<time>2024-07-13T18:55:18Z</time>
			</trkpt>
			<trkpt lat="45.50776204405946" lon="15.160677983332075">
				<ele>278.45831476990134</ele>
				<time>2024-07-13T18:55:21Z</time>
			</trkpt>
			<trkpt lat="45.50777917518479" lon="15.16070518707367">
				<ele>277.7434960035607</ele>
				<time>2024-07-13T18:55:23Z</time>
			</trkpt>
			<trkpt lat="45.5077943026198" lon="15.160740260902973">
				<ele>277.9551566457376</ele>
				<time>2024-07-13T18:55:25Z</time>
			</trkpt>
			<trkpt lat="45.50780913849507" lon="15.160761122437233">
				<ele>278.3040183065459</ele>
				<time>2024-07-13T18:55:27Z</time>
			</trkpt>
			<trkpt lat="45.50782657293014" lon="15.16079507619588">
				<ele>278.5380038432777</ele>
				<time>2024-07-13T18:55:30Z</time>
			</trkpt>
			<trkpt lat="45.50784561683394" lon="15.16082556159509">
				<ele>278.42348127812147</ele>
				<time>2024-07-13T18:55:32Z</time>
			</trkpt>
			<trkpt lat="45.50786046740998" lon="15.160855153112006">
				<ele>278.19441076926887</ele>
				<time>2024-07-13T18:55:34Z</time>
			</trkpt>
			<trkpt lat="45.507874566466754" lon="15.16087663282799">
				<ele>278.0849961480126</ele>
				<time>2024-07-13T18:55:36Z</time>
			</trkpt>
			<trkpt lat="45.50788570760994" lon="15.160899751806182">
				<ele>277.96470819599926</ele>
				<time>2024-07-13T18:55:38Z</time>
			</trkpt>
			<trkpt lat="45.50789906830257" lon="15.160922950149327">
				<ele>278.6643255613744</ele>
				<time>2024-07-13T18:55:40Z</time>
			</trkpt>
			<trkpt lat="45.507915940806164" lon="15.160944263017658">
				<ele>278.44324475247413</ele>
				<time>2024-07-13T18:55:42Z</time>
			</trkpt>
			<trkpt lat="45.50792804165245" lon="15.160968586137777">
				<ele>277.25428398139775</ele>
				<time>2024-07-13T18:55:44Z</time>
			</trkpt>
			<trkpt lat="45.50795083783755" lon="15.160977203010766">
				<ele>276.2870701774955</ele>
				<time>2024-07-13T18:55:46Z</time>
			</trkpt>
			<trkpt lat="45.50798122841958" lon="15.160983453054214">
				<ele>275.982130789198</ele>
				<time>2024-07-13T18:55:48Z</time>
			</trkpt>
			<trkpt lat="45.50799544453323" lon="15.161012371379291">
				<ele>275.8997569605708</ele>
				<time>2024-07-13T18:55:50Z</time>
			</trkpt>
			<trkpt lat="45.50801553023617" lon="15.16103431650442">
				<ele>277.29827219527215</ele>
				<time>2024-07-13T18:55:52Z</time>
			</trkpt>
			<trkpt lat="45.508036054713" lon="15.16104327275618">
				<ele>276.3681053603068</ele>
				<time>2024-07-13T18:55:53Z</time>
			</trkpt>
			<trkpt lat="45.508056716560745" lon="15.161063583646685">
				<ele>276.4942257748917</ele>
				<time>2024-07-13T18:55:55Z</time>
			</trkpt>
			<trkpt lat="45.508071184888166" lon="15.161086953057582">
				<ele>277.38560627773404</ele>
				<time>2024-07-13T18:55:57Z</time>
			</trkpt>
			<trkpt lat="45.50809082755134" lon="15.161100257571468">
				<ele>276.2393260486424</ele>
				<time>2024-07-13T18:56:00Z</time>
			</trkpt>
			<trkpt lat="45.50811635079506" lon="15.161116811949864">
				<ele>275.9753459012136</ele>
				<time>2024-07-13T18:56:02Z</time>
			</trkpt>
			<trkpt lat="45.508144289595215" lon="15.161151330706058">
				<ele>275.3640681402758</ele>
				<time>2024-07-13T18:56:05Z</time>
			</trkpt>
			<trkpt lat="45.50816040765839" lon="15.161173088478597">
				<ele>275.5854185866192</ele>
				<time>2024-07-13T18:56:07Z</time>
			</trkpt>
			<trkpt lat="45.50818224443975" lon="15.161196758147192">
				<ele>275.92375664785504</ele>
				<time>2024-07-13T18:56:09Z</time>
			</trkpt>
			<trkpt lat="45.50820161214898" lon="15.161205192929746">
				<ele>275.70807611197233</ele>
				<time>2024-07-13T18:56:11Z</time>
			</trkpt>
			<trkpt lat="45.50821847280663" lon="15.161237732123366">
				<ele>275.9566931184381</ele>
				<time>2024-07-13T18:56:14Z</time>
			</trkpt>
			<trkpt lat="45.5082402179026" lon="15.161265982526304">
				<ele>275.13749424926937</ele>
				<time>2024-07-13T18:56:16Z</time>
			</trkpt>
			<trkpt lat="45.508253162751615" lon="15.161289385669798">
				<ele>275.62279851641506</ele>
				<time>2024-07-13T18:56:18Z</time>
			</trkpt>
			<trkpt lat="45.50826962177578" lon="15.16130056286343">
				<ele>275.88792217802256</ele>
				<time>2024-07-13T18:56:21Z</time>
			</trkpt>
			<trkpt lat="45.50829045215405" lon="15.161325462280251">
				<ele>274.9799289694056</ele>
				<time>2024-07-13T18:56:23Z</time>
			</trkpt>
			<trkpt lat="45.50831200764733" lon="15.161361606514426">
				<ele>275.5566861713305</ele>
				<time>2024-07-13T18:56:25Z</time>
			</trkpt>
			<trkpt lat="45.508321602405644" lon="15.16138901280326">
				<ele>274.9987648865208</ele>
				<time>2024-07-13T18:56:27Z</time>
			</trkpt>
			<trkpt lat="45.508334694595916" lon="15.161423805570395">
				<ele>275.42790671344846</ele>
				<time>2024-07-13T18:56:29Z</time>
			</trkpt>
			<trkpt lat="45.50833717766409" lon="15.161458843804878">
				<ele>274.74377754330635</ele>
				<time>2024-07-13T18:56:31Z</time>
			</trkpt>
			<trkpt lat="45.508343167103924" lon="15.16148484029124">
				<ele>274.38570168055594</ele>
				<time>2024-07-13T18:56:33Z</time>
			</trkpt>
			<trkpt lat="45.508342051777035" lon="15.161522808480168">
				<ele>276.06536181643605</ele>
				<time>2024-07-13T18:56:36Z</time>
			</trkpt>
			<trkpt lat="45.50831772098422" lon="15.161576802302621">
				<ele>275.4835229413584</ele>
				<time>2024-07-13T18:56:37Z</time>
			</trkpt>
			<trkpt lat="45.508330405594286" lon="15.161603839468107">
				<ele>275.4796598944813</ele>
				<time>2024-07-13T18:56:39Z</time>
			</trkpt>
			<trkpt lat="45.508334553296656" lon="15.16163630267454">
				<ele>274.5370857063681</ele>
				<time>2024-07-13T18:56:42Z</time>
			</trkpt>
			<trkpt lat="45.50832402698532" lon="15.16167938766822">
				<ele>273.96186435222626</ele>
				<time>2024-07-13T18:56:44Z</time>
			</trkpt>
			<trkpt lat="45.508321090699305" lon="15.161712288260368">
				<ele>273.6799523094669</ele>
				<time>2024-07-13T18:56:48Z</time>
			</trkpt>
			<trkpt lat="45.508312935425195" lon="15.161760699125923">
				<ele>274.11722055636346</ele>
				<time>2024-07-13T18:56:50Z</time>
			</trkpt>
			<trkpt lat="45.50831642984998" lon="15.161788356376954">
				<ele>273.87314176466316</ele>
				<time>2024-07-13T18:56:52Z</time>
			</trkpt>
			<trkpt lat="45.508317525137954" lon="15.161830047920443">
				<ele>273.12366098258644</ele>
				<time>2024-07-13T18:56:56Z</time>
			</trkpt>
			<trkpt lat="45.50829328214941" lon="15.161849243119836">
				<ele>273.8248340683058</ele>
				<time>2024-07-13T18:56:58Z</time>
			</trkpt>
			<trkpt lat="45.508287521133184" lon="15.161887959178523">
				<ele>273.2381885042414</ele>
				<time>2024-07-13T18:57:00Z</time>
			</trkpt>
			<trkpt lat="45.508307043834236" lon="15.161920296185867">
				<ele>273.1968644410372</ele>
				<time>2024-07-13T18:57:02Z</time>
			</trkpt>
			<trkpt lat="45.50830918605443" lon="15.16195614232204">
				<ele>272.7311651390046</ele>
				<time>2024-07-13T18:57:06Z</time>
			</trkpt>
			<trkpt lat="45.50828867693107" lon="15.161996096717798">
				<ele>272.5394516773522</ele>
				<time>2024-07-13T18:57:08Z</time>
			</trkpt>
			<trkpt lat="45.50829552921756" lon="15.16201995911929">
				<ele>273.2828449103981</ele>
				<time>2024-07-13T18:57:10Z</time>
			</trkpt>
			<trkpt lat="45.50827376113825" lon="15.162053891709316">
				<ele>272.2816514354199</ele>
				<time>2024-07-13T18:57:12Z</time>
			</trkpt>
			<trkpt lat="45.50825296022742" lon="15.162091887562418">
				<ele>272.4470427464694</ele>
				<time>2024-07-13T18:57:14Z</time>
			</trkpt>
			<trkpt lat="45.50823903970004" lon="15.162124240016587">
				<ele>272.52988579310477</ele>
				<time>2024-07-13T18:57:18Z</time>
			</trkpt>
			<trkpt lat="45.50821136096255" lon="15.162163227680864">
				<ele>273.08517492190003</ele>
				<time>2024-07-13T18:57:21Z</time>
			</trkpt>
			<trkpt lat="45.508191918322076" lon="15.162171214559365">
				<ele>270.18475565779954</ele>
				<time>2024-07-13T18:57:24Z</time>
			</trkpt>
			<trkpt lat="45.508179030246524" lon="15.162192496604026">
				<ele>271.2430071923882</ele>
				<time>2024-07-13T18:57:26Z</time>
			</trkpt>
			<trkpt lat="45.508155380421705" lon="15.16222507850833">
				<ele>272.1848134845495</ele>
				<time>2024-07-13T18:57:28Z</time>
			</trkpt>
			<trkpt lat="45.50813630194181" lon="15.162264789480254">
				<ele>271.2084324033931</ele>
				<time>2024-07-13T18:57:30Z</time>
			</trkpt>
			<trkpt lat="45.50812299695487" lon="15.162301936647332">
				<ele>271.6630675373599</ele>
				<time>2024-07-13T18:57:32Z</time>
			</trkpt>
			<trkpt lat="45.50810115013725" lon="15.162326620375945">
				<ele>271.60880081821233</ele>
				<time>2024-07-13T18:57:34Z</time>
			</trkpt>
			<trkpt lat="45.508081799753576" lon="15.162329295807163">
				<ele>270.8308503944427</ele>
				<time>2024-07-13T18:57:37Z</time>
			</trkpt>
			<trkpt lat="45.508065647037064" lon="15.162360391863157">
				<ele>270.5135528286919</ele>
				<time>2024-07-13T18:57:38Z</time>
			</trkpt>
			<trkpt lat="45.50805885453484" lon="15.16239970670114">
				<ele>271.0469204550609</ele>
				<time>2024-07-13T18:57:40Z</time>
			</trkpt>
			<trkpt lat="45.50805852144631" lon="15.162441203951953">
				<ele>271.78420084156096</ele>
				<time>2024-07-13T18:57:42Z</time>
			</trkpt>
			<trkpt lat="45.50804260332706" lon="15.162453721733431">
				<ele>271.0519373230636</ele>
				<time>2024-07-13T18:57:43Z</time>
			</trkpt>
			<trkpt lat="45.508023300783044" lon="15.162471620323023">
				<ele>273.2985951323062</ele>
				<time>2024-07-13T18:57:45Z</time>
			</trkpt>
			<trkpt lat="45.50799739562012" lon="15.162493301501202">
				<ele>272.93590130563825</ele>
				<time>2024-07-13T18:57:47Z</time>
			</trkpt>
			<trkpt lat="45.50797319894844" lon="15.162514500394352">
				<ele>272.3469142848626</ele>
				<time>2024-07-13T18:57:49Z</time>
			</trkpt>
			<trkpt lat="45.507949647293756" lon="15.162536005067826">
				<ele>271.612863230519</ele>
				<time>2024-07-13T18:57:51Z</time>
			</trkpt>
			<trkpt lat="45.50794746036128" lon="15.162569165334324">
				<ele>270.29040273837745</ele>
				<time>2024-07-13T18:57:52Z</time>
			</trkpt>
			<trkpt lat="45.507932691438334" lon="15.162597067055298">
				<ele>271.1058996533975</ele>
				<time>2024-07-13T18:57:54Z</time>
			</trkpt>
			<trkpt lat="45.50790394979154" lon="15.162603923608355">
				<ele>271.42049753759056</ele>
				<time>2024-07-13T18:57:56Z</time>
			</trkpt>
			<trkpt lat="45.50788421237161" lon="15.16261860708639">
				<ele>270.67175858747214</ele>
				<time>2024-07-13T18:57:58Z</time>
			</trkpt>
			<trkpt lat="45.50786382691478" lon="15.162630549170693">
				<ele>271.237328145653</ele>
				<time>2024-07-13T18:58:00Z</time>
			</trkpt>
			<trkpt lat="45.507839450407246" lon="15.162644214317035">
				<ele>273.06097452901304</ele>
				<time>2024-07-13T18:58:03Z</time>
			</trkpt>
			<trkpt lat="45.50782805063645" lon="15.162670904230696">
				<ele>272.7693670410663</ele>
				<time>2024-07-13T18:58:05Z</time>
			</trkpt>
			<trkpt lat="45.507813201774404" lon="15.162700674538417">
				<ele>271.3541214745492</ele>
				<time>2024-07-13T18:58:06Z</time>
			</trkpt>
			<trkpt lat="45.50779811103319" lon="15.162719944152261">
				<ele>273.57083467859775</ele>
				<time>2024-07-13T18:58:09Z</time>
			</trkpt>
			<trkpt lat="45.50777293003457" lon="15.162735112241917">
				<ele>273.47805447131395</ele>
				<time>2024-07-13T18:58:11Z</time>
			</trkpt>
			<trkpt lat="45.507761681163785" lon="15.162771295946683">
				<ele>272.8935026284307</ele>
				<time>2024-07-13T18:58:13Z</time>
			</trkpt>
			<trkpt lat="45.50775747940878" lon="15.162797406416095">
				<ele>272.89471674058586</ele>
				<time>2024-07-13T18:58:15Z</time>
			</trkpt>
			<trkpt lat="45.50774939755051" lon="15.162830654476359">
				<ele>271.9831791454926</ele>
				<time>2024-07-13T18:58:17Z</time>
			</trkpt>
			<trkpt lat="45.50773621366068" lon="15.162860284395794">
				<ele>271.83659292571247</ele>
				<time>2024-07-13T18:58:19Z</time>
			</trkpt>
			<trkpt lat="45.50771674223069" lon="15.16287863327527">
				<ele>271.48496486153454</ele>
				<time>2024-07-13T18:58:21Z</time>
			</trkpt>
			<trkpt lat="45.50770849172863" lon="15.162917556348589">
				<ele>271.0839328151196</ele>
				<time>2024-07-13T18:58:24Z</time>
			</trkpt>
			<trkpt lat="45.507697520712895" lon="15.162940204072388">
				<ele>270.25207556411624</ele>
				<time>2024-07-13T18:58:26Z</time>
			</trkpt>
			<trkpt lat="45.50767603387151" lon="15.162969091384983">
				<ele>271.18472965154797</ele>
				<time>2024-07-13T18:58:29Z</time>
			</trkpt>
			<trkpt lat="45.507678627189875" lon="15.162995232561117">
				<ele>271.8911701561883</ele>
				<time>2024-07-13T18:58:30Z</time>
			</trkpt>
			<trkpt lat="45.50767149443367" lon="15.163024580238393">
				<ele>273.0043741976842</ele>
				<time>2024-07-13T18:58:32Z</time>
			</trkpt>
			<trkpt lat="45.5076488644456" lon="15.163042220935578">
				<ele>272.7155148508027</ele>
				<time>2024-07-13T18:58:35Z</time>
			</trkpt>
			<trkpt lat="45.507643081579545" lon="15.163090004125863">
				<ele>271.9343313621357</ele>
				<time>2024-07-13T18:58:37Z</time>
			</trkpt>
			<trkpt lat="45.50764825561126" lon="15.16313507417161">
				<ele>270.5908344304189</ele>
				<time>2024-07-13T18:58:39Z</time>
			</trkpt>
			<trkpt lat="45.50764126277524" lon="15.163169014095528">
				<ele>269.84954701550305</ele>
				<time>2024-07-13T18:58:41Z</time>
			</trkpt>
			<trkpt lat="45.507648591753636" lon="15.163199735384204">
				<ele>269.8594796555117</ele>
				<time>2024-07-13T18:58:43Z</time>
			</trkpt>
			<trkpt lat="45.50765452646866" lon="15.163243762389412">
				<ele>269.09811916481704</ele>
				<time>2024-07-13T18:58:49Z</time>
			</trkpt>
			<trkpt lat="45.50764100295358" lon="15.163274740816252">
				<ele>268.99456056114286</ele>
				<time>2024-07-13T18:58:51Z</time>
			</trkpt>
			<trkpt lat="45.50763540704537" lon="15.163310372703826">
				<ele>269.059914204292</ele>
				<time>2024-07-13T18:58:53Z</time>
			</trkpt>
			<trkpt lat="45.50763042446131" lon="15.163343073375051">
				<ele>268.8639201987535</ele>
				<time>2024-07-13T18:58:55Z</time>
			</trkpt>
			<trkpt lat="45.50762925445101" lon="15.163377035963494">
				<ele>269.2708116909489</ele>
				<time>2024-07-13T18:58:57Z</time>
			</trkpt>
			<trkpt lat="45.50763075829273" lon="15.163411380233203">
				<ele>269.09208324644715</ele>
				<time>2024-07-13T18:58:59Z</time>
			</trkpt>
			<trkpt lat="45.507631262974364" lon="15.163438453754496">
				<ele>268.35455408133566</ele>
				<time>2024-07-13T18:59:01Z</time>
			</trkpt>
			<trkpt lat="45.507629219584764" lon="15.163470208706046">
				<ele>267.86103599332273</ele>
				<time>2024-07-13T18:59:03Z</time>
			</trkpt>
			<trkpt lat="45.50764043311467" lon="15.163503902862423">
				<ele>267.5727395070717</ele>
				<time>2024-07-13T18:59:05Z</time>
			</trkpt>
			<trkpt lat="45.50764923834852" lon="15.163534958240342">
				<ele>267.5489625763148</ele>
				<time>2024-07-13T18:59:07Z</time>
			</trkpt>
			<trkpt lat="45.507658558044525" lon="15.163563998232664">
				<ele>267.12368698976934</ele>
				<time>2024-07-13T18:59:09Z</time>
			</trkpt>
			<trkpt lat="45.5076643190925" lon="15.163589414029476">
				<ele>266.65981103107333</ele>
				<time>2024-07-13T18:59:11Z</time>
			</trkpt>
			<trkpt lat="45.50768361082967" lon="15.163612195502843">
				<ele>266.3106053043157</ele>
				<time>2024-07-13T18:59:13Z</time>
			</trkpt>
			<trkpt lat="45.50769229928911" lon="15.163644171547997">
				<ele>266.5341533385217</ele>
				<time>2024-07-13T18:59:15Z</time>
			</trkpt>
			<trkpt lat="45.507708435990835" lon="15.163671314943672">
				<ele>266.81173833087087</ele>
				<time>2024-07-13T18:59:17Z</time>
			</trkpt>
			<trkpt lat="45.50771523285275" lon="15.163696755796785">
				<ele>266.6163481567055</ele>
				<time>2024-07-13T18:59:19Z</time>
			</trkpt>
			<trkpt lat="45.50772700558296" lon="15.163724809862504">
				<ele>266.16775471065193</ele>
				<time>2024-07-13T18:59:21Z</time>
			</trkpt>
			<trkpt lat="45.5077395779443" lon="15.163750955165682">
				<ele>266.48645679373294</ele>
				<time>2024-07-13T18:59:23Z</time>
			</trkpt>
			<trkpt lat="45.50775618135941" lon="15.163778639178261">
				<ele>266.5080969110131</ele>
				<time>2024-07-13T18:59:25Z</time>
			</trkpt>
			<trkpt lat="45.50776529078251" lon="15.16380723028985">
				<ele>266.6936960108578</ele>
				<time>2024-07-13T18:59:27Z</time>
			</trkpt>
			<trkpt lat="45.507767325781394" lon="15.1638425821655">
				<ele>267.1297254636884</ele>
				<time>2024-07-13T18:59:30Z</time>
			</trkpt>
			<trkpt lat="45.507787464495955" lon="15.163864963853307">
				<ele>267.18331050500274</ele>
				<time>2024-07-13T18:59:32Z</time>
			</trkpt>
			<trkpt lat="45.50780402170218" lon="15.163882287837774">
				<ele>267.635779033415</ele>
				<time>2024-07-13T18:59:34Z</time>
			</trkpt>
			<trkpt lat="45.507817188248275" lon="15.163910895294208">
				<ele>267.87879203259945</ele>
				<time>2024-07-13T18:59:37Z</time>
			</trkpt>
			<trkpt lat="45.50782792094612" lon="15.163937272071093">
				<ele>267.58071061130613</ele>
				<time>2024-07-13T18:59:39Z</time>
			</trkpt>
			<trkpt lat="45.50782042011203" lon="15.163967778249706">
				<ele>267.0971680255607</ele>
				<time>2024-07-13T18:59:48Z</time>
			</trkpt>
			<trkpt lat="45.507846392190785" lon="15.16397141029094">
				<ele>266.4091393407434</ele>
				<time>2024-07-13T18:59:53Z</time>
			</trkpt>
			<trkpt lat="45.50785568328603" lon="15.163993345812145">
				<ele>268.75503532774746</ele>
				<time>2024-07-13T19:00:08Z</time>
			</trkpt>
			<trkpt lat="45.507871984589045" lon="15.164007501366788">
				<ele>268.7129397718236</ele>
				<time>2024-07-13T19:00:12Z</time>
			</trkpt>
			<trkpt lat="45.50789378576373" lon="15.164006291891786">
				<ele>268.68063058517873</ele>
				<time>2024-07-13T19:00:14Z</time>
			</trkpt>
			<trkpt lat="45.50791082344498" lon="15.164014596048379">
				<ele>268.54188335873187</ele>
				<time>2024-07-13T19:00:16Z</time>
			</trkpt>
			<trkpt lat="45.5079334105284" lon="15.164016589231116">
				<ele>269.2949065566063</ele>
				<time>2024-07-13T19:00:20Z</time>
			</trkpt>
			<trkpt lat="45.50796232106357" lon="15.164019504991984">
				<ele>268.95159159973264</ele>
				<time>2024-07-13T19:00:22Z</time>
			</trkpt>
			<trkpt lat="45.50797900188148" lon="15.164037754806255">
				<ele>267.53252280224115</ele>
				<time>2024-07-13T19:00:25Z</time>
			</trkpt>
			<trkpt lat="45.508000285264366" lon="15.164032354414994">
				<ele>266.9785533817485</ele>
				<time>2024-07-13T19:00:27Z</time>
			</trkpt>
			<trkpt lat="45.508018301187924" lon="15.164021244196782">
				<ele>266.7318262960762</ele>
				<time>2024-07-13T19:00:29Z</time>
			</trkpt>
			<trkpt lat="45.50804060500561" lon="15.164020479057541">
				<ele>266.5088853575289</ele>
				<time>2024-07-13T19:00:31Z</time>
			</trkpt>
			<trkpt lat="45.508067513474245" lon="15.164010531506376">
				<ele>265.8498138040304</ele>
				<time>2024-07-13T19:00:33Z</time>
			</trkpt>
			<trkpt lat="45.508090699484825" lon="15.164005974942787">
				<ele>266.24919081199914</ele>
				<time>2024-07-13T19:00:35Z</time>
			</trkpt>
			<trkpt lat="45.50811103991757" lon="15.164010941320457">
				<ele>266.26782840210944</ele>
				<time>2024-07-13T19:00:37Z</time>
			</trkpt>
			<trkpt lat="45.50814049751393" lon="15.164024180809292">
				<ele>265.29365754313767</ele>
				<time>2024-07-13T19:00:39Z</time>
			</trkpt>
			<trkpt lat="45.50816231277219" lon="15.164030686980563">
				<ele>266.02711735945195</ele>
				<time>2024-07-13T19:00:40Z</time>
			</trkpt>
			<trkpt lat="45.508191302705576" lon="15.164033406601325">
				<ele>266.3123330064118</ele>
				<time>2024-07-13T19:00:42Z</time>
			</trkpt>
			<trkpt lat="45.5082201499648" lon="15.164051440019968">
				<ele>266.0733946915716</ele>
				<time>2024-07-13T19:00:44Z</time>
			</trkpt>
			<trkpt lat="45.50823882860114" lon="15.1640722651552">
				<ele>265.7345922905952</ele>
				<time>2024-07-13T19:00:46Z</time>
			</trkpt>
			<trkpt lat="45.508241555882535" lon="15.164105438554799">
				<ele>265.95160527247936</ele>
				<time>2024-07-13T19:00:48Z</time>
			</trkpt>
			<trkpt lat="45.50828549619211" lon="15.164111364998487">
				<ele>268.15742480475456</ele>
				<time>2024-07-13T19:00:53Z</time>
			</trkpt>
			<trkpt lat="45.508312487818024" lon="15.164093050263485">
				<ele>268.50523968040943</ele>
				<time>2024-07-13T19:00:55Z</time>
			</trkpt>
			<trkpt lat="45.50833313680186" lon="15.164100625541016">
				<ele>268.30566818173975</ele>
				<time>2024-07-13T19:00:57Z</time>
			</trkpt>
			<trkpt lat="45.50834774130236" lon="15.164071098320571">
				<ele>268.14664417039603</ele>
				<time>2024-07-13T19:01:00Z</time>
			</trkpt>
			<trkpt lat="45.50836788511698" lon="15.164039418647487">
				<ele>267.428651984781</ele>
				<time>2024-07-13T19:01:02Z</time>
			</trkpt>
			<trkpt lat="45.50838762129405" lon="15.164007942303657">
				<ele>269.00420494098216</ele>
				<time>2024-07-13T19:01:04Z</time>
			</trkpt>
			<trkpt lat="45.50841004056673" lon="15.163992214542663">
				<ele>268.88987311162055</ele>
				<time>2024-07-13T19:01:06Z</time>
			</trkpt>
			<trkpt lat="45.5084280641296" lon="15.163968038530738">
				<ele>268.74052587803453</ele>
				<time>2024-07-13T19:01:08Z</time>
			</trkpt>
			<trkpt lat="45.50844750159843" lon="15.163955753747393">
				<ele>267.9321049032733</ele>
				<time>2024-07-13T19:01:10Z</time>
			</trkpt>
			<trkpt lat="45.50846376692329" lon="15.163943129285318">
				<ele>267.43396433535963</ele>
				<time>2024-07-13T19:01:12Z</time>
			</trkpt>
			<trkpt lat="45.50847567577561" lon="15.163918080683478">
				<ele>267.08846302051097</ele>
				<time>2024-07-13T19:01:13Z</time>
			</trkpt>
			<trkpt lat="45.50849112022263" lon="15.163880033345254">
				<ele>268.31251320429146</ele>
				<time>2024-07-13T19:01:15Z</time>
			</trkpt>
			<trkpt lat="45.50850322705569" lon="15.163848882380991">
				<ele>266.84986698254943</ele>
				<time>2024-07-13T19:01:17Z</time>
			</trkpt>
			<trkpt lat="45.50851666181258" lon="15.163828242246577">
				<ele>267.22937369626015</ele>
				<time>2024-07-13T19:01:19Z</time>
			</trkpt>
			<trkpt lat="45.50853607817491" lon="15.163798010930435">
				<ele>268.7244369741529</ele>
				<time>2024-07-13T19:01:21Z</time>
			</trkpt>
			<trkpt lat="45.508560553813425" lon="15.163774025246154">
				<ele>269.69248381629586</ele>
				<time>2024-07-13T19:01:23Z</time>
			</trkpt>
			<trkpt lat="45.5085719326954" lon="15.163736618507231">
				<ele>269.50898818392307</ele>
				<time>2024-07-13T19:01:25Z</time>
			</trkpt>
			<trkpt lat="45.50858309001667" lon="15.163705593435743">
				<ele>269.75187499355525</ele>
				<time>2024-07-13T19:01:28Z</time>
			</trkpt>
			<trkpt lat="45.508590675653096" lon="15.163678820987391">
				<ele>269.8079341268167</ele>
				<time>2024-07-13T19:01:31Z</time>
			</trkpt>
			<trkpt lat="45.508600760070614" lon="15.163649685527345">
				<ele>268.556694354862</ele>
				<time>2024-07-13T19:01:33Z</time>
			</trkpt>
			<trkpt lat="45.50861708071085" lon="15.163618519457348">
				<ele>269.3152599511668</ele>
				<time>2024-07-13T19:01:36Z</time>
			</trkpt>
			<trkpt lat="45.50864097629665" lon="15.163603921649923">
				<ele>270.7451936788857</ele>
				<time>2024-07-13T19:01:38Z</time>
			</trkpt>
			<trkpt lat="45.50863582705498" lon="15.163568715550738">
				<ele>270.43865100014955</ele>
				<time>2024-07-13T19:01:40Z</time>
			</trkpt>
			<trkpt lat="45.50863893860814" lon="15.163532136423829">
				<ele>271.07346019521356</ele>
				<time>2024-07-13T19:01:43Z</time>
			</trkpt>
			<trkpt lat="45.5086451398706" lon="15.163490637647339">
				<ele>269.66059916000813</ele>
				<time>2024-07-13T19:01:45Z</time>
			</trkpt>
			<trkpt lat="45.508650947803005" lon="15.163453267094583">
				<ele>270.40422818716615</ele>
				<time>2024-07-13T19:01:47Z</time>
			</trkpt>
			<trkpt lat="45.50866213124472" lon="15.163425188963005">
				<ele>269.50182031840086</ele>
				<time>2024-07-13T19:01:49Z</time>
			</trkpt>
			<trkpt lat="45.508671119661415" lon="15.163387245276429">
				<ele>269.3109137294814</ele>
				<time>2024-07-13T19:01:52Z</time>
			</trkpt>
			<trkpt lat="45.508676187964056" lon="15.163361265385822">
				<ele>269.07654950302094</ele>
				<time>2024-07-13T19:01:53Z</time>
			</trkpt>
			<trkpt lat="45.50869884337084" lon="15.163346980853378">
				<ele>268.1199787296355</ele>
				<time>2024-07-13T19:01:55Z</time>
			</trkpt>
			<trkpt lat="45.50871707057737" lon="15.163327065876917">
				<ele>268.5806952463463</ele>
				<time>2024-07-13T19:01:57Z</time>
			</trkpt>
			<trkpt lat="45.50874184803669" lon="15.163303809643994">
				<ele>268.93095809035003</ele>
				<time>2024-07-13T19:02:01Z</time>
			</trkpt>
			<trkpt lat="45.50876155168817" lon="15.163282459480405">
				<ele>269.24211480654776</ele>
				<time>2024-07-13T19:02:03Z</time>
			</trkpt>
			<trkpt lat="45.50878085710323" lon="15.16329484570098">
				<ele>268.2430635811761</ele>
				<time>2024-07-13T19:02:05Z</time>
			</trkpt>
			<trkpt lat="45.50880711339986" lon="15.163303758244785">
				<ele>268.0375729724765</ele>
				<time>2024-07-13T19:02:07Z</time>
			</trkpt>
			<trkpt lat="45.50883014710459" lon="15.163311069774931">
				<ele>268.2918895529583</ele>
				<time>2024-07-13T19:02:09Z</time>
			</trkpt>
			<trkpt lat="45.50885374930009" lon="15.163309319265759">
				<ele>266.688901537098</ele>
				<time>2024-07-13T19:02:11Z</time>
			</trkpt>
			<trkpt lat="45.50888323374211" lon="15.16332684814045">
				<ele>267.8809918379411</ele>
				<time>2024-07-13T19:02:13Z</time>
			</trkpt>
			<trkpt lat="45.508902776113395" lon="15.163334167062555">
				<ele>267.0487030753866</ele>
				<time>2024-07-13T19:02:15Z</time>
			</trkpt>
			<trkpt lat="45.50891630125376" lon="15.16335670884175">
				<ele>267.1287072747946</ele>
				<time>2024-07-13T19:02:17Z</time>
			</trkpt>
			<trkpt lat="45.50893299083869" lon="15.163378683533947">
				<ele>267.6897485954687</ele>
				<time>2024-07-13T19:02:19Z</time>
			</trkpt>
			<trkpt lat="45.50895176524438" lon="15.16341726423906">
				<ele>268.0854811100289</ele>
				<time>2024-07-13T19:02:22Z</time>
			</trkpt>
			<trkpt lat="45.508969241558304" lon="15.163435679223214">
				<ele>267.9134676977992</ele>
				<time>2024-07-13T19:02:24Z</time>
			</trkpt>
			<trkpt lat="45.50900006741661" lon="15.163452855175446">
				<ele>266.9773222990334</ele>
				<time>2024-07-13T19:02:27Z</time>
			</trkpt>
			<trkpt lat="45.50902644449057" lon="15.163459620973553">
				<ele>266.11650491226465</ele>
				<time>2024-07-13T19:02:29Z</time>
			</trkpt>
			<trkpt lat="45.509048624498114" lon="15.163471921484785">
				<ele>267.28611704707146</ele>
				<time>2024-07-13T19:02:31Z</time>
			</trkpt>
			<trkpt lat="45.50907265202398" lon="15.16347924165472">
				<ele>268.991681038402</ele>
				<time>2024-07-13T19:02:33Z</time>
			</trkpt>
			<trkpt lat="45.509093750833344" lon="15.163504927347178">
				<ele>268.6409080615267</ele>
				<time>2024-07-13T19:02:35Z</time>
			</trkpt>
			<trkpt lat="45.50910144345811" lon="15.16353429385811">
				<ele>266.8533047894016</ele>
				<time>2024-07-13T19:02:36Z</time>
			</trkpt>
			<trkpt lat="45.509131511409954" lon="15.163543298748957">
				<ele>266.47835320886225</ele>
				<time>2024-07-13T19:02:39Z</time>
			</trkpt>
			<trkpt lat="45.50915255600944" lon="15.163574134684232">
				<ele>264.56714140437543</ele>
				<time>2024-07-13T19:02:42Z</time>
			</trkpt>
			<trkpt lat="45.50918183380545" lon="15.163606648212063">
				<ele>266.1250006314367</ele>
				<time>2024-07-13T19:02:43Z</time>
			</trkpt>
			<trkpt lat="45.509203543349564" lon="15.163618141414142">
				<ele>266.28650372009724</ele>
				<time>2024-07-13T19:02:45Z</time>
			</trkpt>
			<trkpt lat="45.509224018560545" lon="15.16363284913688">
				<ele>265.5079721380025</ele>
				<time>2024-07-13T19:02:47Z</time>
			</trkpt>
			<trkpt lat="45.509241494195116" lon="15.163651508535212">
				<ele>265.65993669629097</ele>
				<time>2024-07-13T19:02:49Z</time>
			</trkpt>
			<trkpt lat="45.50924871942251" lon="15.163684921358014">
				<ele>263.8719348302111</ele>
				<time>2024-07-13T19:02:52Z</time>
			</trkpt>
			<trkpt lat="45.509265012728946" lon="15.163719744332836">
				<ele>264.19098713062704</ele>
				<time>2024-07-13T19:02:54Z</time>
			</trkpt>
			<trkpt lat="45.509273744909706" lon="15.163747286285195">
				<ele>262.5765483370051</ele>
				<time>2024-07-13T19:02:56Z</time>
			</trkpt>
			<trkpt lat="45.509281027701775" lon="15.16377517764448">
				<ele>262.5488291233778</ele>
				<time>2024-07-13T19:02:57Z</time>
			</trkpt>
			<trkpt lat="45.509300862426" lon="15.163805643966416">
				<ele>262.5277646416798</ele>
				<time>2024-07-13T19:02:59Z</time>
			</trkpt>
			<trkpt lat="45.50931423918906" lon="15.163827131972715">
				<ele>261.98393841367215</ele>
				<time>2024-07-13T19:03:01Z</time>
			</trkpt>
			<trkpt lat="45.50932376790245" lon="15.163852811452642">
				<ele>265.6328053912148</ele>
				<time>2024-07-13T19:03:03Z</time>
			</trkpt>
			<trkpt lat="45.509342782647224" lon="15.163878625178233">
				<ele>265.18497160822153</ele>
				<time>2024-07-13T19:03:05Z</time>
			</trkpt>
			<trkpt lat="45.509362654217455" lon="15.163898306394348">
				<ele>264.6270460020751</ele>
				<time>2024-07-13T19:03:08Z</time>
			</trkpt>
			<trkpt lat="45.50936982382192" lon="15.163933019927567">
				<ele>265.7029154365882</ele>
				<time>2024-07-13T19:03:09Z</time>
			</trkpt>
			<trkpt lat="45.50938488550709" lon="15.163955124066522">
				<ele>264.44618193712085</ele>
				<time>2024-07-13T19:03:11Z</time>
			</trkpt>
			<trkpt lat="45.50941171538572" lon="15.163966351748948">
				<ele>265.53231863863766</ele>
				<time>2024-07-13T19:03:13Z</time>
			</trkpt>
			<trkpt lat="45.50943521594392" lon="15.16398838919562">
				<ele>264.47889407910407</ele>
				<time>2024-07-13T19:03:15Z</time>
			</trkpt>
			<trkpt lat="45.50945360216933" lon="15.163994516276597">
				<ele>262.57739339768887</ele>
				<time>2024-07-13T19:03:17Z</time>
			</trkpt>
			<trkpt lat="45.50947579581894" lon="15.164009870714297">
				<ele>262.2412770036608</ele>
				<time>2024-07-13T19:03:19Z</time>
			</trkpt>
			<trkpt lat="45.50950132195555" lon="15.164012415323675">
				<ele>261.6213978873566</ele>
				<time>2024-07-13T19:03:21Z</time>
			</trkpt>
			<trkpt lat="45.50952570610628" lon="15.164011925312984">
				<ele>261.3949743080884</ele>
				<time>2024-07-13T19:03:23Z</time>
			</trkpt>
			<trkpt lat="45.509548216011474" lon="15.164001966058933">
				<ele>260.8701193379238</ele>
				<time>2024-07-13T19:03:25Z</time>
			</trkpt>
			<trkpt lat="45.50957044437333" lon="15.163998986533745">
				<ele>259.1244597537443</ele>
				<time>2024-07-13T19:03:27Z</time>
			</trkpt>
			<trkpt lat="45.50959107428512" lon="15.164003548034266">
				<ele>257.97893438953906</ele>
				<time>2024-07-13T19:03:29Z</time>
			</trkpt>
			<trkpt lat="45.50961405235901" lon="15.164008906506877">
				<ele>259.55283826123923</ele>
				<time>2024-07-13T19:03:31Z</time>
			</trkpt>
			<trkpt lat="45.50963618242696" lon="15.164012758451504">
				<ele>259.9747417764738</ele>
				<time>2024-07-13T19:03:33Z</time>
			</trkpt>
			<trkpt lat="45.50966066133756" lon="15.16399818413941">
				<ele>258.33694231975824</ele>
				<time>2024-07-13T19:03:35Z</time>
			</trkpt>
			<trkpt lat="45.50968438977437" lon="15.16400939582866">
				<ele>259.807443539612</ele>
				<time>2024-07-13T19:03:37Z</time>
			</trkpt>
			<trkpt lat="45.50971455738296" lon="15.16400577368112">
				<ele>260.7574994461611</ele>
				<time>2024-07-13T19:03:40Z</time>
			</trkpt>
			<trkpt lat="45.50973115017627" lon="15.164025833348093">
				<ele>259.2389962868765</ele>
				<time>2024-07-13T19:03:42Z</time>
			</trkpt>
			<trkpt lat="45.50974126637144" lon="15.164062674494573">
				<ele>258.8507760250941</ele>
				<time>2024-07-13T19:03:44Z</time>
			</trkpt>
			<trkpt lat="45.50975875313018" lon="15.164080534976303">
				<ele>257.83687007799745</ele>
				<time>2024-07-13T19:03:47Z</time>
			</trkpt>
			<trkpt lat="45.50976837177665" lon="15.164104518697833">
				<ele>257.0968045955524</ele>
				<time>2024-07-13T19:03:49Z</time>
			</trkpt>
			<trkpt lat="45.50977764155992" lon="15.164137120056736">
				<ele>257.3134719794616</ele>
				<time>2024-07-13T19:03:51Z</time>
			</trkpt>
			<trkpt lat="45.50978724803309" lon="15.1641665864989">
				<ele>256.8581141261384</ele>
				<time>2024-07-13T19:03:53Z</time>
			</trkpt>
			<trkpt lat="45.50979757177569" lon="15.16419044905527">
				<ele>257.8683436764404</ele>
				<time>2024-07-13T19:03:55Z</time>
			</trkpt>
			<trkpt lat="45.50980386214057" lon="15.164217902407788">
				<ele>258.9763290192932</ele>
				<time>2024-07-13T19:03:57Z</time>
			</trkpt>
			<trkpt lat="45.50981249078364" lon="15.164247072068402">
				<ele>258.91937195695937</ele>
				<time>2024-07-13T19:03:59Z</time>
			</trkpt>
			<trkpt lat="45.50982292062458" lon="15.164273442536189">
				<ele>258.115447813645</ele>
				<time>2024-07-13T19:04:01Z</time>
			</trkpt>
			<trkpt lat="45.509830872997064" lon="15.16430357792861">
				<ele>257.7779846955091</ele>
				<time>2024-07-13T19:04:03Z</time>
			</trkpt>
			<trkpt lat="45.509861181157625" lon="15.16431466906894">
				<ele>257.8967233095318</ele>
				<time>2024-07-13T19:04:05Z</time>
			</trkpt>
			<trkpt lat="45.50989337511992" lon="15.164319172222875">
				<ele>257.5386246126145</ele>
				<time>2024-07-13T19:04:07Z</time>
			</trkpt>
			<trkpt lat="45.5099150055439" lon="15.164336325127737">
				<ele>258.4507784200832</ele>
				<time>2024-07-13T19:04:09Z</time>
			</trkpt>
			<trkpt lat="45.50992297755636" lon="15.164367820241877">
				<ele>257.20127702411264</ele>
				<time>2024-07-13T19:04:11Z</time>
			</trkpt>
			<trkpt lat="45.50993429670706" lon="15.16438868047078">
				<ele>255.24825378041714</ele>
				<time>2024-07-13T19:04:13Z</time>
			</trkpt>
			<trkpt lat="45.509947584974505" lon="15.164420327486864">
				<ele>256.88390858471394</ele>
				<time>2024-07-13T19:04:15Z</time>
			</trkpt>
			<trkpt lat="45.509965150498225" lon="15.164435363108312">
				<ele>255.07838086411357</ele>
				<time>2024-07-13T19:04:17Z</time>
			</trkpt>
			<trkpt lat="45.50996651797694" lon="15.16447637076977">
				<ele>254.15495107136667</ele>
				<time>2024-07-13T19:04:20Z</time>
			</trkpt>
			<trkpt lat="45.50997394107219" lon="15.164512486103611">
				<ele>256.1037512747571</ele>
				<time>2024-07-13T19:04:22Z</time>
			</trkpt>
			<trkpt lat="45.50998120768775" lon="15.164536635462165">
				<ele>255.63563124090433</ele>
				<time>2024-07-13T19:04:24Z</time>
			</trkpt>
			<trkpt lat="45.5099951727926" lon="15.164555670904452">
				<ele>255.18281840533018</ele>
				<time>2024-07-13T19:04:27Z</time>
			</trkpt>
			<trkpt lat="45.510015179512315" lon="15.164577246809191">
				<ele>257.3466416206211</ele>
				<time>2024-07-13T19:04:29Z</time>
			</trkpt>
			<trkpt lat="45.51002289123562" lon="15.164604625141846">
				<ele>255.52049891650677</ele>
				<time>2024-07-13T19:04:30Z</time>
			</trkpt>
			<trkpt lat="45.5100418612554" lon="15.164609123354312">
				<ele>256.1071194726974</ele>
				<time>2024-07-13T19:04:31Z</time>
			</trkpt>
			<trkpt lat="45.51006955089779" lon="15.164607101786881">
				<ele>257.89362626802176</ele>
				<time>2024-07-13T19:04:33Z</time>
			</trkpt>
			<trkpt lat="45.510091917681564" lon="15.164608401659946">
				<ele>257.1422227276489</ele>
				<time>2024-07-13T19:04:35Z</time>
			</trkpt>
			<trkpt lat="45.51011690111771" lon="15.164610218236602">
				<ele>256.2646309584379</ele>
				<time>2024-07-13T19:04:37Z</time>
			</trkpt>
			<trkpt lat="45.510142493105036" lon="15.164633813294458">
				<ele>255.80229438468814</ele>
				<time>2024-07-13T19:04:39Z</time>
			</trkpt>
			<trkpt lat="45.51016328443001" lon="15.164648948651749">
				<ele>255.0632966691628</ele>
				<time>2024-07-13T19:04:41Z</time>
			</trkpt>
			<trkpt lat="45.510183294126435" lon="15.164663296099818">
				<ele>255.77601631358266</ele>
				<time>2024-07-13T19:04:43Z</time>
			</trkpt>
			<trkpt lat="45.51020532677102" lon="15.16466291930798">
				<ele>256.9416292803362</ele>
				<time>2024-07-13T19:04:45Z</time>
			</trkpt>
			<trkpt lat="45.5102284229158" lon="15.164677072883126">
				<ele>255.83571122586727</ele>
				<time>2024-07-13T19:04:47Z</time>
			</trkpt>
			<trkpt lat="45.51025146313626" lon="15.164672379504003">
				<ele>256.09983046818525</ele>
				<time>2024-07-13T19:04:49Z</time>
			</trkpt>
			<trkpt lat="45.510276728600545" lon="15.164674580729121">
				<ele>256.8820656640455</ele>
				<time>2024-07-13T19:04:55Z</time>
			</trkpt>
			<trkpt lat="45.51029352201212" lon="15.164686465285072">
				<ele>256.72185492143035</ele>
				<time>2024-07-13T19:04:56Z</time>
			</trkpt>
			<trkpt lat="45.510310690819814" lon="15.164671093785653">
				<ele>256.1460541188717</ele>
				<time>2024-07-13T19:05:01Z</time>
			</trkpt>
			<trkpt lat="45.51033135552624" lon="15.164678219483896">
				<ele>255.0160843571648</ele>
				<time>2024-07-13T19:05:04Z</time>
			</trkpt>
			<trkpt lat="45.51035276675737" lon="15.164681724687158">
				<ele>254.39871987886727</ele>
				<time>2024-07-13T19:05:06Z</time>
			</trkpt>
			<trkpt lat="45.510384020590706" lon="15.164685043140416">
				<ele>252.82512131519616</ele>
				<time>2024-07-13T19:05:09Z</time>
			</trkpt>
			<trkpt lat="45.51042006460673" lon="15.164698152541721">
				<ele>252.52434876840562</ele>
				<time>2024-07-13T19:05:11Z</time>
			</trkpt>
			<trkpt lat="45.510441555150784" lon="15.164696341950357">
				<ele>252.3761133318767</ele>
				<time>2024-07-13T19:05:13Z</time>
			</trkpt>
			<trkpt lat="45.51046258454005" lon="15.16469900635647">
				<ele>251.77749737352133</ele>
				<time>2024-07-13T19:05:14Z</time>
			</trkpt>
			<trkpt lat="45.51048848465775" lon="15.164703098044413">
				<ele>253.0063456101343</ele>
				<time>2024-07-13T19:05:16Z</time>
			</trkpt>
			<trkpt lat="45.51051042027797" lon="15.164704815504873">
				<ele>251.501725201495</ele>
				<time>2024-07-13T19:05:18Z</time>
			</trkpt>
			<trkpt lat="45.510530113302714" lon="15.164693875312759">
				<ele>252.37097375188023</ele>
				<time>2024-07-13T19:05:21Z</time>
			</trkpt>
			<trkpt lat="45.510550371998136" lon="15.164695291753448">
				<ele>253.6178945498541</ele>
				<time>2024-07-13T19:05:22Z</time>
			</trkpt>
			<trkpt lat="45.510572935284394" lon="15.164690008912">
				<ele>253.6976349502802</ele>
				<time>2024-07-13T19:05:24Z</time>
			</trkpt>
			<trkpt lat="45.51059674213327" lon="15.164706002819889">
				<ele>252.8565648375079</ele>
				<time>2024-07-13T19:05:26Z</time>
			</trkpt>
			<trkpt lat="45.51062075986774" lon="15.164702429556138">
				<ele>252.23612269759178</ele>
				<time>2024-07-13T19:05:28Z</time>
			</trkpt>
			<trkpt lat="45.51064454310639" lon="15.164710070326093">
				<ele>251.026545451954</ele>
				<time>2024-07-13T19:05:30Z</time>
			</trkpt>
			<trkpt lat="45.510671260705976" lon="15.164706118232209">
				<ele>250.5946976132691</ele>
				<time>2024-07-13T19:05:32Z</time>
			</trkpt>
			<trkpt lat="45.5106960883626" lon="15.16471018395389">
				<ele>251.2599058765918</ele>
				<time>2024-07-13T19:05:35Z</time>
			</trkpt>
			<trkpt lat="45.510720908284206" lon="15.164715508809191">
				<ele>251.0172981582582</ele>
				<time>2024-07-13T19:05:38Z</time>
			</trkpt>
			<trkpt lat="45.51074661518701" lon="15.164724922643874">
				<ele>250.91261897515506</ele>
				<time>2024-07-13T19:05:41Z</time>
			</trkpt>
			<trkpt lat="45.510769965532226" lon="15.164731123026453">
				<ele>251.67535473406315</ele>
				<time>2024-07-13T19:05:44Z</time>
			</trkpt>
			<trkpt lat="45.51079434135193" lon="15.164744815791702">
				<ele>251.98421892058104</ele>
				<time>2024-07-13T19:05:46Z</time>
			</trkpt>
			<trkpt lat="45.51081193197621" lon="15.16475080738942">
				<ele>252.17744328826666</ele>
				<time>2024-07-13T19:05:49Z</time>
			</trkpt>
			<trkpt lat="45.51083457699873" lon="15.164760745272567">
				<ele>252.97189027257264</ele>
				<time>2024-07-13T19:05:51Z</time>
			</trkpt>
			<trkpt lat="45.51085994994899" lon="15.164751835148788">
				<ele>252.44944534730166</ele>
				<time>2024-07-13T19:05:53Z</time>
			</trkpt>
			<trkpt lat="45.510881139074215" lon="15.164743291302843">
				<ele>251.73283696733415</ele>
				<time>2024-07-13T19:05:55Z</time>
			</trkpt>
			<trkpt lat="45.51091060488136" lon="15.164747385609326">
				<ele>252.17390134185553</ele>
				<time>2024-07-13T19:05:58Z</time>
			</trkpt>
			<trkpt lat="45.51093117089275" lon="15.164745638645563">
				<ele>251.17789057921618</ele>
				<time>2024-07-13T19:06:00Z</time>
			</trkpt>
			<trkpt lat="45.510947201589445" lon="15.16475987856661">
				<ele>251.4254053151235</ele>
				<time>2024-07-13T19:06:02Z</time>
			</trkpt>
			<trkpt lat="45.51097074939792" lon="15.16475662902089">
				<ele>250.82063189521432</ele>
				<time>2024-07-13T19:06:04Z</time>
			</trkpt>
			<trkpt lat="45.510995382548884" lon="15.164758270118112">
				<ele>250.11504096537828</ele>
				<time>2024-07-13T19:06:06Z</time>
			</trkpt>
			<trkpt lat="45.511025495001135" lon="15.16475907832559">
				<ele>249.7640765570104</ele>
				<time>2024-07-13T19:06:08Z</time>
			</trkpt>
			<trkpt lat="45.511045172408245" lon="15.164759336284298">
				<ele>249.48207043670118</ele>
				<time>2024-07-13T19:06:09Z</time>
			</trkpt>
			<trkpt lat="45.5110723020316" lon="15.164759917962426">
				<ele>249.55535254441202</ele>
				<time>2024-07-13T19:06:12Z</time>
			</trkpt>
			<trkpt lat="45.51110160272001" lon="15.164765792613943">
				<ele>249.38519384339452</ele>
				<time>2024-07-13T19:06:15Z</time>
			</trkpt>
			<trkpt lat="45.511122505311825" lon="15.16479411054218">
				<ele>247.95811114739627</ele>
				<time>2024-07-13T19:06:18Z</time>
			</trkpt>
			<trkpt lat="45.511149563712195" lon="15.164809154303166">
				<ele>247.6966538866982</ele>
				<time>2024-07-13T19:06:21Z</time>
			</trkpt>
			<trkpt lat="45.51117017715693" lon="15.164808380885315">
				<ele>247.50977754872292</ele>
				<time>2024-07-13T19:06:23Z</time>
			</trkpt>
			<trkpt lat="45.511199356893236" lon="15.164816443112667">
				<ele>247.9393187155947</ele>
				<time>2024-07-13T19:06:26Z</time>
			</trkpt>
			<trkpt lat="45.51122266037148" lon="15.164825754860697">
				<ele>246.91549570579082</ele>
				<time>2024-07-13T19:06:28Z</time>
			</trkpt>
			<trkpt lat="45.51124279524163" lon="15.16483998713901">
				<ele>246.37504441849887</ele>
				<time>2024-07-13T19:06:31Z</time>
			</trkpt>
			<trkpt lat="45.51126269836991" lon="15.16483906006372">
				<ele>246.2180563453585</ele>
				<time>2024-07-13T19:06:33Z</time>
			</trkpt>
			<trkpt lat="45.511280677400684" lon="15.164845526438528">
				<ele>246.34270718786865</ele>
				<time>2024-07-13T19:06:35Z</time>
			</trkpt>
			<trkpt lat="45.51130021649418" lon="15.164855096909532">
				<ele>246.49170308094472</ele>
				<time>2024-07-13T19:06:37Z</time>
			</trkpt>
			<trkpt lat="45.511322795924016" lon="15.164866557897057">
				<ele>245.83670443296432</ele>
				<time>2024-07-13T19:06:39Z</time>
			</trkpt>
			<trkpt lat="45.5113463103957" lon="15.164876377852213">
				<ele>246.5317110568285</ele>
				<time>2024-07-13T19:06:41Z</time>
			</trkpt>
			<trkpt lat="45.511369560495694" lon="15.164884548933479">
				<ele>245.52388234995306</ele>
				<time>2024-07-13T19:06:43Z</time>
			</trkpt>
			<trkpt lat="45.51139224239868" lon="15.16489116761984">
				<ele>244.90524793416262</ele>
				<time>2024-07-13T19:06:46Z</time>
			</trkpt>
			<trkpt lat="45.51141030051292" lon="15.164905666486987">
				<ele>244.244737572968</ele>
				<time>2024-07-13T19:06:48Z</time>
			</trkpt>
			<trkpt lat="45.51143950816021" lon="15.16492623378477">
				<ele>242.83719068113714</ele>
				<time>2024-07-13T19:06:51Z</time>
			</trkpt>
			<trkpt lat="45.511456154627" lon="15.16494017648597">
				<ele>243.7775226002559</ele>
				<time>2024-07-13T19:06:54Z</time>
			</trkpt>
			<trkpt lat="45.51147779286819" lon="15.16494540428623">
				<ele>243.15177409909666</ele>
				<time>2024-07-13T19:06:56Z</time>
			</trkpt>
			<trkpt lat="45.511498660494524" lon="15.164944349669987">
				<ele>242.5258521726355</ele>
				<time>2024-07-13T19:06:59Z</time>
			</trkpt>
			<trkpt lat="45.5115132133852" lon="15.164963758006614">
				<ele>242.36587357521057</ele>
				<time>2024-07-13T19:07:01Z</time>
			</trkpt>
			<trkpt lat="45.5115322831567" lon="15.164971303026535">
				<ele>241.69886868074536</ele>
				<time>2024-07-13T19:07:03Z</time>
			</trkpt>
			<trkpt lat="45.511550680428684" lon="15.1649832556457">
				<ele>240.32650996092707</ele>
				<time>2024-07-13T19:07:05Z</time>
			</trkpt>
			<trkpt lat="45.51157062137384" lon="15.165001023531326">
				<ele>240.21643801033497</ele>
				<time>2024-07-13T19:07:07Z</time>
			</trkpt>
			<trkpt lat="45.51158828137666" lon="15.165021914122374">
				<ele>239.15184445492923</ele>
				<time>2024-07-13T19:07:09Z</time>
			</trkpt>
			<trkpt lat="45.5116055319743" lon="15.165047793407977">
				<ele>238.73816999047995</ele>
				<time>2024-07-13T19:07:12Z</time>
			</trkpt>
			<trkpt lat="45.511626447132684" lon="15.165063534842501">
				<ele>238.21748712658882</ele>
				<time>2024-07-13T19:07:14Z</time>
			</trkpt>
			<trkpt lat="45.51165749272844" lon="15.165078012977055">
				<ele>237.58348604291677</ele>
				<time>2024-07-13T19:07:17Z</time>
			</trkpt>
			<trkpt lat="45.5116825163616" lon="15.165102205569532">
				<ele>236.97941491939127</ele>
				<time>2024-07-13T19:07:20Z</time>
			</trkpt>
			<trkpt lat="45.51170847436909" lon="15.165124471415634">
				<ele>236.82661849725991</ele>
				<time>2024-07-13T19:07:22Z</time>
			</trkpt>
			<trkpt lat="45.51172729097056" lon="15.165128821568805">
				<ele>236.36808325443417</ele>
				<time>2024-07-13T19:07:25Z</time>
			</trkpt>
			<trkpt lat="45.51174572129401" lon="15.165126030719934">
				<ele>236.3127823015675</ele>
				<time>2024-07-13T19:07:27Z</time>
			</trkpt>
			<trkpt lat="45.51176507882792" lon="15.165130243686978">
				<ele>236.06095916125923</ele>
				<time>2024-07-13T19:07:30Z</time>
			</trkpt>
			<trkpt lat="45.51180159877058" lon="15.165136973160669">
				<ele>235.56042683217674</ele>
				<time>2024-07-13T19:07:32Z</time>
			</trkpt>
			<trkpt lat="45.5118261201367" lon="15.165133758107055">
				<ele>234.94052078109235</ele>
				<time>2024-07-13T19:07:35Z</time>
			</trkpt>
			<trkpt lat="45.511848661551575" lon="15.165140468685726">
				<ele>232.5774777913466</ele>
				<time>2024-07-13T19:07:37Z</time>
			</trkpt>
			<trkpt lat="45.511873713660094" lon="15.165130597691611">
				<ele>231.91309911292046</ele>
				<time>2024-07-13T19:07:39Z</time>
			</trkpt>
			<trkpt lat="45.5118908767573" lon="15.165122451527232">
				<ele>232.31486359797418</ele>
				<time>2024-07-13T19:07:40Z</time>
			</trkpt>
			<trkpt lat="45.511915787018786" lon="15.165128827176947">
				<ele>231.79418820887804</ele>
				<time>2024-07-13T19:07:43Z</time>
			</trkpt>
			<trkpt lat="45.51193577527081" lon="15.165124809318524">
				<ele>230.73153011035174</ele>
				<time>2024-07-13T19:07:45Z</time>
			</trkpt>
			<trkpt lat="45.51195535461937" lon="15.165137564028578">
				<ele>229.70794997084886</ele>
				<time>2024-07-13T19:07:47Z</time>
			</trkpt>
			<trkpt lat="45.51198104520553" lon="15.165138704075137">
				<ele>229.37005811277777</ele>
				<time>2024-07-13T19:07:50Z</time>
			</trkpt>
			<trkpt lat="45.512011654173655" lon="15.165146327673199">
				<ele>229.26721925474703</ele>
				<time>2024-07-13T19:07:52Z</time>
			</trkpt>
			<trkpt lat="45.512035160887585" lon="15.16514698511354">
				<ele>229.2544640833512</ele>
				<time>2024-07-13T19:07:54Z</time>
			</trkpt>
			<trkpt lat="45.51205650477041" lon="15.165160840345044">
				<ele>228.7234083460644</ele>
				<time>2024-07-13T19:07:56Z</time>
			</trkpt>
			<trkpt lat="45.512078136665316" lon="15.165165926008672">
				<ele>229.21000583749264</ele>
				<time>2024-07-13T19:07:57Z</time>
			</trkpt>
			<trkpt lat="45.512096343285016" lon="15.165191526443063">
				<ele>229.38410634268075</ele>
				<time>2024-07-13T19:07:59Z</time>
			</trkpt>
			<trkpt lat="45.51211389533321" lon="15.165200761046982">
				<ele>228.06262362748384</ele>
				<time>2024-07-13T19:08:01Z</time>
			</trkpt>
			<trkpt lat="45.512139794504776" lon="15.165195723124494">
				<ele>227.42545980866998</ele>
				<time>2024-07-13T19:08:04Z</time>
			</trkpt>
			<trkpt lat="45.5121655106855" lon="15.165201473958483">
				<ele>226.6162141673267</ele>
				<time>2024-07-13T19:08:06Z</time>
			</trkpt>
			<trkpt lat="45.512191508975135" lon="15.165213721422392">
				<ele>225.91551973298192</ele>
				<time>2024-07-13T19:08:08Z</time>
			</trkpt>
			<trkpt lat="45.51221092426018" lon="15.165226601808063">
				<ele>226.1193378502503</ele>
				<time>2024-07-13T19:08:10Z</time>
			</trkpt>
			<trkpt lat="45.51222968136879" lon="15.16522059436958">
				<ele>226.37169437948614</ele>
				<time>2024-07-13T19:08:11Z</time>
			</trkpt>
			<trkpt lat="45.51225088920203" lon="15.165232744882774">
				<ele>225.09505952242762</ele>
				<time>2024-07-13T19:08:13Z</time>
			</trkpt>
			<trkpt lat="45.512269474664244" lon="15.165231989514403">
				<ele>224.2496995134279</ele>
				<time>2024-07-13T19:08:16Z</time>
			</trkpt>
			<trkpt lat="45.51228980210247" lon="15.165226168949065">
				<ele>224.3235116088763</ele>
				<time>2024-07-13T19:08:18Z</time>
			</trkpt>
			<trkpt lat="45.512328114579994" lon="15.165234619806778">
				<ele>224.55584897380322</ele>
				<time>2024-07-13T19:08:20Z</time>
			</trkpt>
			<trkpt lat="45.51235644941711" lon="15.16522713355849">
				<ele>224.23877977207303</ele>
				<time>2024-07-13T19:08:22Z</time>
			</trkpt>
			<trkpt lat="45.51238886807936" lon="15.165225356543">
				<ele>223.38619698118418</ele>
				<time>2024-07-13T19:08:25Z</time>
			</trkpt>
			<trkpt lat="45.51240709263839" lon="15.165229107219231">
				<ele>223.102996093221</ele>
				<time>2024-07-13T19:08:27Z</time>
			</trkpt>
			<trkpt lat="45.51242975334735" lon="15.165228948455276">
				<ele>222.68035020586103</ele>
				<time>2024-07-13T19:08:29Z</time>
			</trkpt>
			<trkpt lat="45.512452713324286" lon="15.165222811808492">
				<ele>221.91535227000713</ele>
				<time>2024-07-13T19:08:31Z</time>
			</trkpt>
			<trkpt lat="45.512475451640846" lon="15.165209245010177">
				<ele>220.46130907069892</ele>
				<time>2024-07-13T19:08:33Z</time>
			</trkpt>
			<trkpt lat="45.512502369529926" lon="15.165202585414363">
				<ele>220.11451846081764</ele>
				<time>2024-07-13T19:08:35Z</time>
			</trkpt>
			<trkpt lat="45.51252717861526" lon="15.165201100773784">
				<ele>220.63581494241953</ele>
				<time>2024-07-13T19:08:37Z</time>
			</trkpt>
			<trkpt lat="45.512544515787056" lon="15.165188525404078">
				<ele>219.74913157429546</ele>
				<time>2024-07-13T19:08:39Z</time>
			</trkpt>
			<trkpt lat="45.51257013991297" lon="15.165189598913157">
				<ele>219.968501647003</ele>
				<time>2024-07-13T19:08:41Z</time>
			</trkpt>
			<trkpt lat="45.51259708922154" lon="15.16517635517334">
				<ele>219.37247809767723</ele>
				<time>2024-07-13T19:08:43Z</time>
			</trkpt>
			<trkpt lat="45.512620400049826" lon="15.165177329934743">
				<ele>219.29790209792554</ele>
				<time>2024-07-13T19:08:45Z</time>
			</trkpt>
			<trkpt lat="45.51264424543625" lon="15.165170277789384">
				<ele>218.9184498647228</ele>
				<time>2024-07-13T19:08:47Z</time>
			</trkpt>
			<trkpt lat="45.51266572365429" lon="15.165162852725402">
				<ele>219.03108767978847</ele>
				<time>2024-07-13T19:08:49Z</time>
			</trkpt>
			<trkpt lat="45.512684613918765" lon="15.165149317410963">
				<ele>218.83963074628264</ele>
				<time>2024-07-13T19:08:51Z</time>
			</trkpt>
			<trkpt lat="45.51270368635967" lon="15.165128189176942">
				<ele>219.22212155163288</ele>
				<time>2024-07-13T19:08:53Z</time>
			</trkpt>
			<trkpt lat="45.51272508036426" lon="15.165123348344025">
				<ele>218.8640291215852</ele>
				<time>2024-07-13T19:08:55Z</time>
			</trkpt>
			<trkpt lat="45.51274593915854" lon="15.165098241440827">
				<ele>219.19885024707764</ele>
				<time>2024-07-13T19:08:57Z</time>
			</trkpt>
			<trkpt lat="45.51276685310326" lon="15.165081151762333">
				<ele>218.98522178642452</ele>
				<time>2024-07-13T19:08:59Z</time>
			</trkpt>
			<trkpt lat="45.512786192090736" lon="15.165065447798243">
				<ele>218.80716760922223</ele>
				<time>2024-07-13T19:09:01Z</time>
			</trkpt>
			<trkpt lat="45.512802078502226" lon="15.16503743308786">
				<ele>218.42553421482444</ele>
				<time>2024-07-13T19:09:03Z</time>
			</trkpt>
			<trkpt lat="45.51281888771885" lon="15.165015803588135">
				<ele>218.0690280161798</ele>
				<time>2024-07-13T19:09:05Z</time>
			</trkpt>
			<trkpt lat="45.51283646857884" lon="15.164997862554168">
				<ele>216.80482496973127</ele>
				<time>2024-07-13T19:09:07Z</time>
			</trkpt>
			<trkpt lat="45.51285203627111" lon="15.164973088841766">
				<ele>216.68646421376616</ele>
				<time>2024-07-13T19:09:09Z</time>
			</trkpt>
			<trkpt lat="45.51287630040782" lon="15.164968129149331">
				<ele>216.24271253403276</ele>
				<time>2024-07-13T19:09:11Z</time>
			</trkpt>
			<trkpt lat="45.51290551214028" lon="15.16496947879574">
				<ele>216.32770216278732</ele>
				<time>2024-07-13T19:09:13Z</time>
			</trkpt>
			<trkpt lat="45.51293114117649" lon="15.164955354047763">
				<ele>216.59270866774023</ele>
				<time>2024-07-13T19:09:15Z</time>
			</trkpt>
			<trkpt lat="45.51295883815502" lon="15.164955933291134">
				<ele>216.91495454031974</ele>
				<time>2024-07-13T19:09:17Z</time>
			</trkpt>
			<trkpt lat="45.512978385661754" lon="15.164938068542748">
				<ele>216.2632769746706</ele>
				<time>2024-07-13T19:09:19Z</time>
			</trkpt>
			<trkpt lat="45.51300260993597" lon="15.164934937683215">
				<ele>218.0148941250518</ele>
				<time>2024-07-13T19:09:21Z</time>
			</trkpt>
			<trkpt lat="45.51302787055476" lon="15.164927184297529">
				<ele>218.74658765643835</ele>
				<time>2024-07-13T19:09:23Z</time>
			</trkpt>
			<trkpt lat="45.51305399142509" lon="15.164915291015568">
				<ele>218.26533102989197</ele>
				<time>2024-07-13T19:09:25Z</time>
			</trkpt>
			<trkpt lat="45.51308009337181" lon="15.164909511801563">
				<ele>218.62780640181154</ele>
				<time>2024-07-13T19:09:27Z</time>
			</trkpt>
			<trkpt lat="45.513103107101855" lon="15.164906703328313">
				<ele>217.46584139671177</ele>
				<time>2024-07-13T19:09:29Z</time>
			</trkpt>
			<trkpt lat="45.513124736188374" lon="15.164899280355131">
				<ele>217.60721384454519</ele>
				<time>2024-07-13T19:09:31Z</time>
			</trkpt>
			<trkpt lat="45.51314997456345" lon="15.164903587455688">
				<ele>217.24288139864802</ele>
				<time>2024-07-13T19:09:34Z</time>
			</trkpt>
			<trkpt lat="45.51316563601104" lon="15.16491652018148">
				<ele>216.43303800094873</ele>
				<time>2024-07-13T19:09:36Z</time>
			</trkpt>
			<trkpt lat="45.51318140429945" lon="15.164930077704629">
				<ele>215.99247071985155</ele>
				<time>2024-07-13T19:09:38Z</time>
			</trkpt>
			<trkpt lat="45.5132016820293" lon="15.164928030989929">
				<ele>215.60026348754764</ele>
				<time>2024-07-13T19:09:40Z</time>
			</trkpt>
			<trkpt lat="45.513227964335606" lon="15.164925057781682">
				<ele>215.55282394308597</ele>
				<time>2024-07-13T19:09:42Z</time>
			</trkpt>
			<trkpt lat="45.513252673434366" lon="15.164936623304229">
				<ele>215.26954493671656</ele>
				<time>2024-07-13T19:09:44Z</time>
			</trkpt>
			<trkpt lat="45.51327505073573" lon="15.164942065802446">
				<ele>215.66006414871663</ele>
				<time>2024-07-13T19:09:46Z</time>
			</trkpt>
			<trkpt lat="45.51329782459587" lon="15.16494219550253">
				<ele>215.26390227675438</ele>
				<time>2024-07-13T19:09:48Z</time>
			</trkpt>
			<trkpt lat="45.51331958960165" lon="15.16494423990742">
				<ele>214.55745413340628</ele>
				<time>2024-07-13T19:09:50Z</time>
			</trkpt>
			<trkpt lat="45.51333898863347" lon="15.16494372574559">
				<ele>214.89929664693773</ele>
				<time>2024-07-13T19:09:52Z</time>
			</trkpt>
			<trkpt lat="45.51336712472246" lon="15.164940988772916">
				<ele>215.27331992425025</ele>
				<time>2024-07-13T19:09:54Z</time>
			</trkpt>
			<trkpt lat="45.51338404547641" lon="15.164932052137535">
				<ele>214.12280447408557</ele>
				<time>2024-07-13T19:09:56Z</time>
			</trkpt>
			<trkpt lat="45.513406431344094" lon="15.16492202360889">
				<ele>214.27118723094463</ele>
				<time>2024-07-13T19:09:58Z</time>
			</trkpt>
			<trkpt lat="45.5134309397009" lon="15.16492416775559">
				<ele>214.6477781496942</ele>
				<time>2024-07-13T19:10:00Z</time>
			</trkpt>
			<trkpt lat="45.51345305190997" lon="15.16491902098807">
				<ele>214.50841838214546</ele>
				<time>2024-07-13T19:10:02Z</time>
			</trkpt>
			<trkpt lat="45.513471654801805" lon="15.164898047092933">
				<ele>213.42607961874455</ele>
				<time>2024-07-13T19:10:04Z</time>
			</trkpt>
			<trkpt lat="45.513493865525724" lon="15.164891979765308">
				<ele>212.23050306085497</ele>
				<time>2024-07-13T19:10:06Z</time>
			</trkpt>
			<trkpt lat="45.51352078716117" lon="15.164871946698243">
				<ele>211.52320727985352</ele>
				<time>2024-07-13T19:10:09Z</time>
			</trkpt>
			<trkpt lat="45.51354009774083" lon="15.16484686288265">
				<ele>212.10688537545502</ele>
				<time>2024-07-13T19:10:11Z</time>
			</trkpt>
			<trkpt lat="45.51356304655874" lon="15.164840765919728">
				<ele>212.144014894031</ele>
				<time>2024-07-13T19:10:13Z</time>
			</trkpt>
			<trkpt lat="45.51358161068605" lon="15.164815478260556">
				<ele>211.0449801888317</ele>
				<time>2024-07-13T19:10:16Z</time>
			</trkpt>
			<trkpt lat="45.51359425173817" lon="15.164784784788534">
				<ele>211.25504582189023</ele>
				<time>2024-07-13T19:10:18Z</time>
			</trkpt>
			<trkpt lat="45.513586987494385" lon="15.164759002746635">
				<ele>210.0977773554623</ele>
				<time>2024-07-13T19:10:20Z</time>
			</trkpt>
			<trkpt lat="45.51359968506934" lon="15.164733060473704">
				<ele>210.01735149044544</ele>
				<time>2024-07-13T19:10:22Z</time>
			</trkpt>
			<trkpt lat="45.51361090931487" lon="15.164703138892458">
				<ele>209.9232489131391</ele>
				<time>2024-07-13T19:10:25Z</time>
			</trkpt>
			<trkpt lat="45.51361011873722" lon="15.16466513180738">
				<ele>209.84891086351126</ele>
				<time>2024-07-13T19:10:28Z</time>
			</trkpt>
			<trkpt lat="45.51361249404869" lon="15.16463861408422">
				<ele>210.76478571631014</ele>
				<time>2024-07-13T19:10:31Z</time>
			</trkpt>
			<trkpt lat="45.51362740530887" lon="15.164608631912108">
				<ele>210.12264781538397</ele>
				<time>2024-07-13T19:10:33Z</time>
			</trkpt>
			<trkpt lat="45.51365173790373" lon="15.164598769505615">
				<ele>207.53971054311842</ele>
				<time>2024-07-13T19:10:35Z</time>
			</trkpt>
			<trkpt lat="45.51366427344057" lon="15.16457629752518">
				<ele>208.30109638068825</ele>
				<time>2024-07-13T19:10:36Z</time>
			</trkpt>
			<trkpt lat="45.513685285406744" lon="15.164564542179972">
				<ele>208.74858456104994</ele>
				<time>2024-07-13T19:10:38Z</time>
			</trkpt>
			<trkpt lat="45.513709542768474" lon="15.164575730190968">
				<ele>210.11857599113137</ele>
				<time>2024-07-13T19:10:40Z</time>
			</trkpt>
			<trkpt lat="45.513729335811114" lon="15.164546591804864">
				<ele>210.42162917274982</ele>
				<time>2024-07-13T19:10:42Z</time>
			</trkpt>
			<trkpt lat="45.513748095599986" lon="15.16454228500647">
				<ele>210.1121217859909</ele>
				<time>2024-07-13T19:10:45Z</time>
			</trkpt>
			<trkpt lat="45.51377357622118" lon="15.164528315126946">
				<ele>209.2672981992364</ele>
				<time>2024-07-13T19:10:47Z</time>
			</trkpt>
			<trkpt lat="45.51379672653414" lon="15.164525154999415">
				<ele>208.570554561913</ele>
				<time>2024-07-13T19:10:51Z</time>
			</trkpt>
			<trkpt lat="45.51382182866825" lon="15.164514318059355">
				<ele>207.9044993687421</ele>
				<time>2024-07-13T19:10:54Z</time>
			</trkpt>
			<trkpt lat="45.51384562074749" lon="15.16450087441804">
				<ele>207.2408854989335</ele>
				<time>2024-07-13T19:10:57Z</time>
			</trkpt>
			<trkpt lat="45.51386628423216" lon="15.164489337852068">
				<ele>207.72331761289388</ele>
				<time>2024-07-13T19:10:59Z</time>
			</trkpt>
			<trkpt lat="45.5138905019652" lon="15.164482987189672">
				<ele>208.04273941274732</ele>
				<time>2024-07-13T19:11:02Z</time>
			</trkpt>
			<trkpt lat="45.51391308018644" lon="15.164478039422825">
				<ele>207.91175081115216</ele>
				<time>2024-07-13T19:11:04Z</time>
			</trkpt>
			<trkpt lat="45.513929424105235" lon="15.164464698982421">
				<ele>207.24162910412997</ele>
				<time>2024-07-13T19:11:07Z</time>
			</trkpt>
			<trkpt lat="45.51394787025289" lon="15.164473417429098">
				<ele>207.97257398627698</ele>
				<time>2024-07-13T19:11:09Z</time>
			</trkpt>
			<trkpt lat="45.5139725405571" lon="15.164491453942745">
				<ele>207.02949181105942</ele>
				<time>2024-07-13T19:11:11Z</time>
			</trkpt>
			<trkpt lat="45.51399728284428" lon="15.164506333724322">
				<ele>206.43304744176567</ele>
				<time>2024-07-13T19:11:13Z</time>
			</trkpt>
			<trkpt lat="45.51401504711284" lon="15.16452620418307">
				<ele>205.65417247172445</ele>
				<time>2024-07-13T19:11:15Z</time>
			</trkpt>
			<trkpt lat="45.51403345933517" lon="15.164544339356897">
				<ele>205.01960430294275</ele>
				<time>2024-07-13T19:11:17Z</time>
			</trkpt>
			<trkpt lat="45.514049171018904" lon="15.164570370173283">
				<ele>204.91169904731214</ele>
				<time>2024-07-13T19:11:19Z</time>
			</trkpt>
			<trkpt lat="45.51406989867286" lon="15.164594768013176">
				<ele>204.87037881836295</ele>
				<time>2024-07-13T19:11:21Z</time>
			</trkpt>
			<trkpt lat="45.51408497041574" lon="15.164611937719956">
				<ele>204.5133619941771</ele>
				<time>2024-07-13T19:11:23Z</time>
			</trkpt>
			<trkpt lat="45.51410287883913" lon="15.164635417308276">
				<ele>203.05464331898838</ele>
				<time>2024-07-13T19:11:25Z</time>
			</trkpt>
			<trkpt lat="45.514132027733915" lon="15.164649324608906">
				<ele>203.46659473981708</ele>
				<time>2024-07-13T19:11:28Z</time>
			</trkpt>
			<trkpt lat="45.51415769835024" lon="15.164656207738872">
				<ele>203.18457869719714</ele>
				<time>2024-07-13T19:11:30Z</time>
			</trkpt>
			<trkpt lat="45.514195923573226" lon="15.164647226778595">
				<ele>201.90287066437304</ele>
				<time>2024-07-13T19:11:33Z</time>
			</trkpt>
			<trkpt lat="45.51421485646157" lon="15.16463891434729">
				<ele>201.34181018080562</ele>
				<time>2024-07-13T19:11:35Z</time>
			</trkpt>
			<trkpt lat="45.51423735439844" lon="15.164648320150274">
				<ele>201.34030119422823</ele>
				<time>2024-07-13T19:11:36Z</time>
			</trkpt>
			<trkpt lat="45.51422693164255" lon="15.164675248708777">
				<ele>198.57422694098204</ele>
				<time>2024-07-13T19:11:40Z</time>
			</trkpt>
			<trkpt lat="45.51425396294677" lon="15.164672927289597">
				<ele>198.45418431889266</ele>
				<time>2024-07-13T19:11:42Z</time>
			</trkpt>
			<trkpt lat="45.514284549803364" lon="15.164676556752905">
				<ele>197.77809861954302</ele>
				<time>2024-07-13T19:11:44Z</time>
			</trkpt>
			<trkpt lat="45.51431013746352" lon="15.164680413445021">
				<ele>197.1031085914001</ele>
				<time>2024-07-13T19:11:46Z</time>
			</trkpt>
			<trkpt lat="45.514331751125866" lon="15.164671141032736">
				<ele>198.34866151586175</ele>
				<time>2024-07-13T19:11:48Z</time>
			</trkpt>
			<trkpt lat="45.514359117386476" lon="15.164677559050931">
				<ele>195.88478831481189</ele>
				<time>2024-07-13T19:11:52Z</time>
			</trkpt>
			<trkpt lat="45.51438161577055" lon="15.16467823432779">
				<ele>196.34299508016557</ele>
				<time>2024-07-13T19:11:54Z</time>
			</trkpt>
			<trkpt lat="45.51441465380355" lon="15.164661661644395">
				<ele>195.83503766171634</ele>
				<time>2024-07-13T19:11:56Z</time>
			</trkpt>
			<trkpt lat="45.51443113398894" lon="15.164680181310718">
				<ele>196.22697580978274</ele>
				<time>2024-07-13T19:11:58Z</time>
			</trkpt>
			<trkpt lat="45.51444863313802" lon="15.164669273549807">
				<ele>195.7788823870942</ele>
				<time>2024-07-13T19:12:00Z</time>
			</trkpt>
			<trkpt lat="45.51447829473607" lon="15.164664616010771">
				<ele>194.8244418343529</ele>
				<time>2024-07-13T19:12:02Z</time>
			</trkpt>
			<trkpt lat="45.5144966792801" lon="15.164667998471726">
				<ele>195.370796459727</ele>
				<time>2024-07-13T19:12:03Z</time>
			</trkpt>
			<trkpt lat="45.51451952312459" lon="15.164651074328273">
				<ele>197.07054323423654</ele>
				<time>2024-07-13T19:12:05Z</time>
			</trkpt>
			<trkpt lat="45.5145421914271" lon="15.164651424628246">
				<ele>195.8065249659121</ele>
				<time>2024-07-13T19:12:07Z</time>
			</trkpt>
			<trkpt lat="45.51456469145238" lon="15.164650907283303">
				<ele>195.66621020436287</ele>
				<time>2024-07-13T19:12:09Z</time>
			</trkpt>
			<trkpt lat="45.51457985421472" lon="15.164670730151956">
				<ele>193.896590157412</ele>
				<time>2024-07-13T19:12:11Z</time>
			</trkpt>
			<trkpt lat="45.514599282365346" lon="15.164669433667276">
				<ele>194.08489152044058</ele>
				<time>2024-07-13T19:12:13Z</time>
			</trkpt>
			<trkpt lat="45.51461142482185" lon="15.164647801396887">
				<ele>195.06967942789197</ele>
				<time>2024-07-13T19:12:14Z</time>
			</trkpt>
			<trkpt lat="45.514636389338186" lon="15.164666466931163">
				<ele>194.20587645377964</ele>
				<time>2024-07-13T19:12:16Z</time>
			</trkpt>
			<trkpt lat="45.51465997586434" lon="15.164666622739981">
				<ele>193.29701344948262</ele>
				<time>2024-07-13T19:12:18Z</time>
			</trkpt>
			<trkpt lat="45.51467825889213" lon="15.16467879271539">
				<ele>192.37992356717587</ele>
				<time>2024-07-13T19:12:20Z</time>
			</trkpt>
			<trkpt lat="45.514700195919744" lon="15.164677376080427">
				<ele>191.83142508007586</ele>
				<time>2024-07-13T19:12:22Z</time>
			</trkpt>
			<trkpt lat="45.514722053380154" lon="15.16467649575256">
				<ele>192.01218670234084</ele>
				<time>2024-07-13T19:12:25Z</time>
			</trkpt>
			<trkpt lat="45.51473986645865" lon="15.1646821555993">
				<ele>190.9820670923218</ele>
				<time>2024-07-13T19:12:27Z</time>
			</trkpt>
			<trkpt lat="45.51475933882081" lon="15.164708516016399">
				<ele>189.84240062907338</ele>
				<time>2024-07-13T19:12:30Z</time>
			</trkpt>
			<trkpt lat="45.5147774867472" lon="15.164718254917679">
				<ele>188.97852458897978</ele>
				<time>2024-07-13T19:12:33Z</time>
			</trkpt>
			<trkpt lat="45.514798877979054" lon="15.164722752414765">
				<ele>188.9139419356361</ele>
				<time>2024-07-13T19:12:35Z</time>
			</trkpt>
			<trkpt lat="45.51482401972934" lon="15.164740110820109">
				<ele>188.34195178654045</ele>
				<time>2024-07-13T19:12:37Z</time>
			</trkpt>
			<trkpt lat="45.51484357029194" lon="15.164756275685038">
				<ele>187.84245061315596</ele>
				<time>2024-07-13T19:12:39Z</time>
			</trkpt>
			<trkpt lat="45.514860707721" lon="15.16478024252064">
				<ele>187.08122135326266</ele>
				<time>2024-07-13T19:12:41Z</time>
			</trkpt>
			<trkpt lat="45.514886595923585" lon="15.16478643244574">
				<ele>187.63736254535615</ele>
				<time>2024-07-13T19:12:43Z</time>
			</trkpt>
			<trkpt lat="45.51490684903969" lon="15.164797960887476">
				<ele>186.9562201052904</ele>
				<time>2024-07-13T19:12:45Z</time>
			</trkpt>
			<trkpt lat="45.51492182307012" lon="15.164825804885307">
				<ele>185.47994761168957</ele>
				<time>2024-07-13T19:12:47Z</time>
			</trkpt>
			<trkpt lat="45.514944060318776" lon="15.16483871640091">
				<ele>185.47995361499488</ele>
				<time>2024-07-13T19:12:49Z</time>
			</trkpt>
			<trkpt lat="45.51497032512436" lon="15.164840717311888">
				<ele>184.03744377102703</ele>
				<time>2024-07-13T19:12:51Z</time>
			</trkpt>
			<trkpt lat="45.51499156369417" lon="15.164858065757487">
				<ele>183.23902074899524</ele>
				<time>2024-07-13T19:12:53Z</time>
			</trkpt>
			<trkpt lat="45.51501143615726" lon="15.164875121954543">
				<ele>183.16309744864702</ele>
				<time>2024-07-13T19:12:55Z</time>
			</trkpt>
			<trkpt lat="45.51503573563162" lon="15.164889816926856">
				<ele>183.40248672943562</ele>
				<time>2024-07-13T19:12:57Z</time>
			</trkpt>
			<trkpt lat="45.51506357178289" lon="15.164891643367515">
				<ele>182.03006065264344</ele>
				<time>2024-07-13T19:12:59Z</time>
			</trkpt>
			<trkpt lat="45.51508890842241" lon="15.164887976053038">
				<ele>181.0436898265034</ele>
				<time>2024-07-13T19:13:01Z</time>
			</trkpt>
			<trkpt lat="45.51511621274929" lon="15.164884943341132">
				<ele>181.7366045229137</ele>
				<time>2024-07-13T19:13:03Z</time>
			</trkpt>
			<trkpt lat="45.5151414377703" lon="15.164900055834513">
				<ele>181.1076464317739</ele>
				<time>2024-07-13T19:13:05Z</time>
			</trkpt>
			<trkpt lat="45.51516609065471" lon="15.164912958036973">
				<ele>180.87673411145806</ele>
				<time>2024-07-13T19:13:07Z</time>
			</trkpt>
			<trkpt lat="45.51518607785184" lon="15.164929480544886">
				<ele>180.8523244895041</ele>
				<time>2024-07-13T19:13:09Z</time>
			</trkpt>
			<trkpt lat="45.5152058666815" lon="15.164942893287964">
				<ele>180.8947467468679</ele>
				<time>2024-07-13T19:13:11Z</time>
			</trkpt>
			<trkpt lat="45.515226248994246" lon="15.164962214248465">
				<ele>180.52665032073855</ele>
				<time>2024-07-13T19:13:13Z</time>
			</trkpt>
			<trkpt lat="45.51525085579805" lon="15.164972683849827">
				<ele>180.32654530089349</ele>
				<time>2024-07-13T19:13:15Z</time>
			</trkpt>
			<trkpt lat="45.5152761621948" lon="15.164971014821262">
				<ele>180.13603452872485</ele>
				<time>2024-07-13T19:13:17Z</time>
			</trkpt>
			<trkpt lat="45.51530183084026" lon="15.164955094682968">
				<ele>180.09018461685628</ele>
				<time>2024-07-13T19:13:19Z</time>
			</trkpt>
			<trkpt lat="45.51531553572261" lon="15.164923253225865">
				<ele>180.81919651292264</ele>
				<time>2024-07-13T19:13:22Z</time>
			</trkpt>
			<trkpt lat="45.51532800468948" lon="15.164892517533252">
				<ele>180.02287175506353</ele>
				<time>2024-07-13T19:13:24Z</time>
			</trkpt>
			<trkpt lat="45.51534765387686" lon="15.164862434985944">
				<ele>180.42054434400052</ele>
				<time>2024-07-13T19:13:27Z</time>
			</trkpt>
			<trkpt lat="45.51536154739715" lon="15.164842656899102">
				<ele>181.21608699206263</ele>
				<time>2024-07-13T19:13:30Z</time>
			</trkpt>
			<trkpt lat="45.51538228366227" lon="15.164825358307235">
				<ele>180.84681113809347</ele>
				<time>2024-07-13T19:13:33Z</time>
			</trkpt>
			<trkpt lat="45.51540611573796" lon="15.164831220641313">
				<ele>180.08472054637969</ele>
				<time>2024-07-13T19:13:36Z</time>
			</trkpt>
			<trkpt lat="45.51542464605659" lon="15.164835668508324">
				<ele>179.63096541259438</ele>
				<time>2024-07-13T19:13:38Z</time>
			</trkpt>
			<trkpt lat="45.515444323401326" lon="15.164858526251203">
				<ele>178.34368003718555</ele>
				<time>2024-07-13T19:13:41Z</time>
			</trkpt>
			<trkpt lat="45.515466446817946" lon="15.164870620539945">
				<ele>178.2914878791198</ele>
				<time>2024-07-13T19:13:43Z</time>
			</trkpt>
			<trkpt lat="45.515487565885586" lon="15.164871651166996">
				<ele>178.97166422195733</ele>
				<time>2024-07-13T19:13:45Z</time>
			</trkpt>
			<trkpt lat="45.51550755610489" lon="15.164866985501877">
				<ele>179.43411390017718</ele>
				<time>2024-07-13T19:13:47Z</time>
			</trkpt>
			<trkpt lat="45.51553048919652" lon="15.164858422261473">
				<ele>178.8492609122768</ele>
				<time>2024-07-13T19:13:50Z</time>
			</trkpt>
			<trkpt lat="45.515552246553455" lon="15.164848546440128">
				<ele>178.24216991569847</ele>
				<time>2024-07-13T19:13:52Z</time>
			</trkpt>
			<trkpt lat="45.51557278767813" lon="15.164831965439662">
				<ele>177.44972987100482</ele>
				<time>2024-07-13T19:13:54Z</time>
			</trkpt>
			<trkpt lat="45.51559524718435" lon="15.164821884283164">
				<ele>177.71480929665267</ele>
				<time>2024-07-13T19:13:56Z</time>
			</trkpt>
			<trkpt lat="45.515616104139966" lon="15.164812579886016">
				<ele>176.98684970196337</ele>
				<time>2024-07-13T19:13:59Z</time>
			</trkpt>
			<trkpt lat="45.515637721337335" lon="15.16479505130543">
				<ele>177.49501967988908</ele>
				<time>2024-07-13T19:14:01Z</time>
			</trkpt>
			<trkpt lat="45.51566222119765" lon="15.164785211426345">
				<ele>177.36213991511613</ele>
				<time>2024-07-13T19:14:02Z</time>
			</trkpt>
			<trkpt lat="45.51567568690718" lon="15.164759293096402">
				<ele>176.83977536670864</ele>
				<time>2024-07-13T19:14:05Z</time>
			</trkpt>
			<trkpt lat="45.51569428942648" lon="15.164740873781495">
				<ele>176.61699497699738</ele>
				<time>2024-07-13T19:14:07Z</time>
			</trkpt>
			<trkpt lat="45.515720186280966" lon="15.164750616575224">
				<ele>176.98284181393683</ele>
				<time>2024-07-13T19:14:10Z</time>
			</trkpt>
			<trkpt lat="45.51573987123055" lon="15.164745387787017">
				<ele>175.95725804567337</ele>
				<time>2024-07-13T19:14:13Z</time>
			</trkpt>
			<trkpt lat="45.51576869369493" lon="15.164730885730654">
				<ele>175.16781681589782</ele>
				<time>2024-07-13T19:14:16Z</time>
			</trkpt>
			<trkpt lat="45.51578880099637" lon="15.164724007957473">
				<ele>176.3168386593461</ele>
				<time>2024-07-13T19:14:17Z</time>
			</trkpt>
			<trkpt lat="45.51580644572683" lon="15.16473000857455">
				<ele>176.3116404497996</ele>
				<time>2024-07-13T19:14:20Z</time>
			</trkpt>
			<trkpt lat="45.515834399072475" lon="15.16474226907143">
				<ele>175.40818397607654</ele>
				<time>2024-07-13T19:14:23Z</time>
			</trkpt>
			<trkpt lat="45.51585574908982" lon="15.1647517826976">
				<ele>174.71376443933696</ele>
				<time>2024-07-13T19:14:26Z</time>
			</trkpt>
			<trkpt lat="45.51587839248538" lon="15.164754866983627">
				<ele>173.46195013914257</ele>
				<time>2024-07-13T19:14:28Z</time>
			</trkpt>
			<trkpt lat="45.5159069177003" lon="15.164763841520644">
				<ele>171.6796802189201</ele>
				<time>2024-07-13T19:14:31Z</time>
			</trkpt>
			<trkpt lat="45.515927976550806" lon="15.164772684906067">
				<ele>172.5050677806139</ele>
				<time>2024-07-13T19:14:33Z</time>
			</trkpt>
			<trkpt lat="45.515950262227335" lon="15.164781371177932">
				<ele>171.7075723251328</ele>
				<time>2024-07-13T19:14:44Z</time>
			</trkpt>
			<trkpt lat="45.51597494557965" lon="15.164772536079353">
				<ele>170.08608394674957</ele>
				<time>2024-07-13T19:14:47Z</time>
			</trkpt>
			<trkpt lat="45.515990183772914" lon="15.164786654220453">
				<ele>169.6505836788565</ele>
				<time>2024-07-13T19:14:50Z</time>
			</trkpt>
			<trkpt lat="45.516009864786575" lon="15.164785443792807">
				<ele>169.48038958758116</ele>
				<time>2024-07-13T19:14:54Z</time>
			</trkpt>
			<trkpt lat="45.51603218705576" lon="15.164801937233142">
				<ele>168.74048509355634</ele>
				<time>2024-07-13T19:14:57Z</time>
			</trkpt>
			<trkpt lat="45.516047735183214" lon="15.16481586570298">
				<ele>169.0862821340561</ele>
				<time>2024-07-13T19:14:59Z</time>
			</trkpt>
			<trkpt lat="45.51606968406246" lon="15.164824085474667">
				<ele>166.70528409909457</ele>
				<time>2024-07-13T19:15:02Z</time>
			</trkpt>
			<trkpt lat="45.51608909479423" lon="15.164830381606103">
				<ele>165.68473956082016</ele>
				<time>2024-07-13T19:15:04Z</time>
			</trkpt>
			<trkpt lat="45.51610656724044" lon="15.16484568590321">
				<ele>165.7624378139153</ele>
				<time>2024-07-13T19:15:06Z</time>
			</trkpt>
			<trkpt lat="45.516137296945594" lon="15.164864610348808">
				<ele>165.24987733457237</ele>
				<time>2024-07-13T19:15:09Z</time>
			</trkpt>
			<trkpt lat="45.51615941430339" lon="15.164867919817867">
				<ele>164.6990185379982</ele>
				<time>2024-07-13T19:15:11Z</time>
			</trkpt>
			<trkpt lat="45.51618083407515" lon="15.164873888378782">
				<ele>164.0688705323264</ele>
				<time>2024-07-13T19:15:13Z</time>
			</trkpt>
			<trkpt lat="45.51619850850968" lon="15.164867986681886">
				<ele>163.25069514848292</ele>
				<time>2024-07-13T19:15:15Z</time>
			</trkpt>
			<trkpt lat="45.51621745776046" lon="15.164853476221564">
				<ele>163.07949572056532</ele>
				<time>2024-07-13T19:15:17Z</time>
			</trkpt>
			<trkpt lat="45.516241131671016" lon="15.164843689781666">
				<ele>162.22010648343712</ele>
				<time>2024-07-13T19:15:20Z</time>
			</trkpt>
			<trkpt lat="45.51626807980868" lon="15.164861741640397">
				<ele>163.03368186485022</ele>
				<time>2024-07-13T19:15:24Z</time>
			</trkpt>
			<trkpt lat="45.516285290739866" lon="15.164883750947233">
				<ele>162.44797101058066</ele>
				<time>2024-07-13T19:15:26Z</time>
			</trkpt>
			<trkpt lat="45.516299621684304" lon="15.164902087548226">
				<ele>161.65914967097342</ele>
				<time>2024-07-13T19:15:28Z</time>
			</trkpt>
			<trkpt lat="45.516332256597686" lon="15.164908967378295">
				<ele>161.40042988862842</ele>
				<time>2024-07-13T19:15:30Z</time>
			</trkpt>
			<trkpt lat="45.516354651068646" lon="15.16491549365495">
				<ele>160.41740730591118</ele>
				<time>2024-07-13T19:15:32Z</time>
			</trkpt>
			<trkpt lat="45.51636218190652" lon="15.164946625675782">
				<ele>158.31652842555195</ele>
				<time>2024-07-13T19:15:35Z</time>
			</trkpt>
			<trkpt lat="45.51637664579922" lon="15.164967984325255">
				<ele>161.07643992453814</ele>
				<time>2024-07-13T19:15:37Z</time>
			</trkpt>
			<trkpt lat="45.516394706190205" lon="15.16496917951415">
				<ele>162.55503446049988</ele>
				<time>2024-07-13T19:15:39Z</time>
			</trkpt>
			<trkpt lat="45.51637963945774" lon="15.16494898826632">
				<ele>162.2304803133011</ele>
				<time>2024-07-13T19:15:43Z</time>
			</trkpt>
			<trkpt lat="45.51637740542906" lon="15.164917350506897">
				<ele>162.31001898366958</ele>
				<time>2024-07-13T19:15:48Z</time>
			</trkpt>
		</trkseg>
	</trk>
	<trk>
	</trk>
</gpx>
