<?xml version="1.0" encoding="UTF-8" standalone="no" ?>
<gpx xmlns="http://www.topografix.com/GPX/1/1"
creator="OCAD 2020.5.5.3227" version="1.1"
xmlns:xsi="http://www.w3.org/2001/XMLSchema-instance" 
xsi:schemaLocation="http://www.topografix.com/GPX/1/1 
http://www.topografix.com/GPX/1/1/gpx.xsd">

  <metadata>
    <name>Jožefov pohod</name>
    <desc>Bela krajina - pohodna pot 07</desc>
    <author><name>Kartografija d.o.o.</name></author>
    <link href="http://www.ocad.com">
      <text>OCAD AG</text>
    </link>
    <time>2020-11-05T08:39:03</time>
    <bounds maxlat="45.86687249" maxlon="15.60571704" minlat="45.32979540" minlon="14.93303760"/>
  </metadata>

  <rte>
    <name>rte1</name>
    <cmt>pohodne poti za izris profilov</cmt>
    <rtept lat="45.52564923" lon="15.18911054" >
      <name>rte1_0</name>
      <ele>161.00</ele>
    </rtept>
    <rtept lat="45.52567626" lon="15.18909143" >
      <name>rte1_1</name>
      <ele>161.00</ele>
    </rtept>
    <rtept lat="45.52570313" lon="15.18916833" >
      <name>rte1_2</name>
      <ele>161.00</ele>
    </rtept>
    <rtept lat="45.52573450" lon="15.18923885" >
      <name>rte1_3</name>
      <ele>163.00</ele>
    </rtept>
    <rtept lat="45.52576139" lon="15.18930295" >
      <name>rte1_4</name>
      <ele>163.00</ele>
    </rtept>
    <rtept lat="45.52578829" lon="15.18936065" >
      <name>rte1_5</name>
      <ele>163.00</ele>
    </rtept>
    <rtept lat="45.52582862" lon="15.18945680" >
      <name>rte1_6</name>
      <ele>163.00</ele>
    </rtept>
    <rtept lat="45.52586001" lon="15.18952091" >
      <name>rte1_7</name>
      <ele>165.00</ele>
    </rtept>
    <rtept lat="45.52589586" lon="15.18960425" >
      <name>rte1_8</name>
      <ele>165.00</ele>
    </rtept>
    <rtept lat="45.52592272" lon="15.18968755" >
      <name>rte1_9</name>
      <ele>165.00</ele>
    </rtept>
    <rtept lat="45.52594508" lon="15.18977084" >
      <name>rte1_10</name>
      <ele>165.00</ele>
    </rtept>
    <rtept lat="45.52596743" lon="15.18985413" >
      <name>rte1_11</name>
      <ele>165.00</ele>
    </rtept>
    <rtept lat="45.52599430" lon="15.18993103" >
      <name>rte1_12</name>
      <ele>165.00</ele>
    </rtept>
    <rtept lat="45.52602568" lon="15.19000155" >
      <name>rte1_13</name>
      <ele>165.00</ele>
    </rtept>
    <rtept lat="45.52607055" lon="15.19007211" >
      <name>rte1_14</name>
      <ele>165.00</ele>
    </rtept>
    <rtept lat="45.52612893" lon="15.19013632" >
      <name>rte1_15</name>
      <ele>165.00</ele>
    </rtept>
    <rtept lat="45.52618286" lon="15.19017491" >
      <name>rte1_16</name>
      <ele>165.00</ele>
    </rtept>
    <rtept lat="45.52623231" lon="15.19020068" >
      <name>rte1_17</name>
      <ele>165.00</ele>
    </rtept>
    <rtept lat="45.52628625" lon="15.19022647" >
      <name>rte1_18</name>
      <ele>165.00</ele>
    </rtept>
    <rtept lat="45.52633572" lon="15.19023944" >
      <name>rte1_19</name>
      <ele>165.00</ele>
    </rtept>
    <rtept lat="45.52638969" lon="15.19025242" >
      <name>rte1_20</name>
      <ele>165.00</ele>
    </rtept>
    <rtept lat="45.52644367" lon="15.19025901" >
      <name>rte1_21</name>
      <ele>165.00</ele>
    </rtept>
    <rtept lat="45.52650665" lon="15.19026562" >
      <name>rte1_22</name>
      <ele>165.00</ele>
    </rtept>
    <rtept lat="45.52657412" lon="15.19027865" >
      <name>rte1_23</name>
      <ele>165.00</ele>
    </rtept>
    <rtept lat="45.52663261" lon="15.19027885" >
      <name>rte1_24</name>
      <ele>165.00</ele>
    </rtept>
    <rtept lat="45.52669110" lon="15.19027905" >
      <name>rte1_25</name>
      <ele>165.00</ele>
    </rtept>
    <rtept lat="45.52674060" lon="15.19027282" >
      <name>rte1_26</name>
      <ele>165.00</ele>
    </rtept>
    <rtept lat="45.52679460" lon="15.19026660" >
      <name>rte1_27</name>
      <ele>165.00</ele>
    </rtept>
    <rtept lat="45.52684410" lon="15.19026037" >
      <name>rte1_28</name>
      <ele>165.00</ele>
    </rtept>
    <rtept lat="45.52689812" lon="15.19024775" >
      <name>rte1_29</name>
      <ele>165.00</ele>
    </rtept>
    <rtept lat="45.52695213" lon="15.19023513" >
      <name>rte1_30</name>
      <ele>165.00</ele>
    </rtept>
    <rtept lat="45.52701965" lon="15.19021616" >
      <name>rte1_31</name>
      <ele>165.00</ele>
    </rtept>
    <rtept lat="45.52718119" lon="15.19047275" >
      <name>rte1_32</name>
      <ele>165.00</ele>
    </rtept>
    <rtept lat="45.52719908" lon="15.19053683" >
      <name>rte1_33</name>
      <ele>165.00</ele>
    </rtept>
    <rtept lat="45.52721697" lon="15.19060090" >
      <name>rte1_34</name>
      <ele>165.00</ele>
    </rtept>
    <rtept lat="45.52723487" lon="15.19065857" >
      <name>rte1_35</name>
      <ele>165.00</ele>
    </rtept>
    <rtept lat="45.52725727" lon="15.19071625" >
      <name>rte1_36</name>
      <ele>165.00</ele>
    </rtept>
    <rtept lat="45.52729307" lon="15.19083160" >
      <name>rte1_37</name>
      <ele>165.00</ele>
    </rtept>
    <rtept lat="45.52733339" lon="15.19093415" >
      <name>rte1_38</name>
      <ele>165.00</ele>
    </rtept>
    <rtept lat="45.52737372" lon="15.19103031" >
      <name>rte1_39</name>
      <ele>165.00</ele>
    </rtept>
    <rtept lat="45.52741406" lon="15.19112006" >
      <name>rte1_40</name>
      <ele>165.00</ele>
    </rtept>
    <rtept lat="45.52745891" lon="15.19120343" >
      <name>rte1_41</name>
      <ele>165.00</ele>
    </rtept>
    <rtept lat="45.52750827" lon="15.19128041" >
      <name>rte1_42</name>
      <ele>165.00</ele>
    </rtept>
    <rtept lat="45.52756213" lon="15.19135741" >
      <name>rte1_43</name>
      <ele>165.00</ele>
    </rtept>
    <rtept lat="45.52761600" lon="15.19142800" >
      <name>rte1_44</name>
      <ele>165.00</ele>
    </rtept>
    <rtept lat="45.52767887" lon="15.19149863" >
      <name>rte1_45</name>
      <ele>165.00</ele>
    </rtept>
    <rtept lat="45.52774625" lon="15.19156287" >
      <name>rte1_46</name>
      <ele>161.80</ele>
    </rtept>
    <rtept lat="45.52781813" lon="15.19162713" >
      <name>rte1_47</name>
      <ele>161.80</ele>
    </rtept>
    <rtept lat="45.52785857" lon="15.19165928" >
      <name>rte1_48</name>
      <ele>161.80</ele>
    </rtept>
    <rtept lat="45.52789901" lon="15.19169142" >
      <name>rte1_49</name>
      <ele>161.80</ele>
    </rtept>
    <rtept lat="45.52793945" lon="15.19172356" >
      <name>rte1_50</name>
      <ele>161.80</ele>
    </rtept>
    <rtept lat="45.52798439" lon="15.19175572" >
      <name>rte1_51</name>
      <ele>160.00</ele>
    </rtept>
    <rtept lat="45.52803382" lon="15.19178790" >
      <name>rte1_52</name>
      <ele>160.00</ele>
    </rtept>
    <rtept lat="45.52808325" lon="15.19182648" >
      <name>rte1_53</name>
      <ele>160.00</ele>
    </rtept>
    <rtept lat="45.52814616" lon="15.19187150" >
      <name>rte1_54</name>
      <ele>160.00</ele>
    </rtept>
    <rtept lat="45.52821357" lon="15.19191654" >
      <name>rte1_55</name>
      <ele>160.00</ele>
    </rtept>
    <rtept lat="45.52827649" lon="15.19196156" >
      <name>rte1_56</name>
      <ele>160.00</ele>
    </rtept>
    <rtept lat="45.52833489" lon="15.19201297" >
      <name>rte1_57</name>
      <ele>160.00</ele>
    </rtept>
    <rtept lat="45.52838880" lon="15.19205797" >
      <name>rte1_58</name>
      <ele>160.00</ele>
    </rtept>
    <rtept lat="45.52844721" lon="15.19210938" >
      <name>rte1_59</name>
      <ele>155.00</ele>
    </rtept>
    <rtept lat="45.52849661" lon="15.19216076" >
      <name>rte1_60</name>
      <ele>155.00</ele>
    </rtept>
    <rtept lat="45.52854601" lon="15.19221854" >
      <name>rte1_61</name>
      <ele>155.00</ele>
    </rtept>
    <rtept lat="45.52859541" lon="15.19226992" >
      <name>rte1_62</name>
      <ele>155.00</ele>
    </rtept>
    <rtept lat="45.52864480" lon="15.19232770" >
      <name>rte1_63</name>
      <ele>155.00</ele>
    </rtept>
    <rtept lat="45.52868971" lon="15.19237906" >
      <name>rte1_64</name>
      <ele>155.00</ele>
    </rtept>
    <rtept lat="45.52873010" lon="15.19243681" >
      <name>rte1_65</name>
      <ele>155.00</ele>
    </rtept>
    <rtept lat="45.52877499" lon="15.19250098" >
      <name>rte1_66</name>
      <ele>155.00</ele>
    </rtept>
    <rtept lat="45.52881538" lon="15.19255873" >
      <name>rte1_67</name>
      <ele>155.00</ele>
    </rtept>
    <rtept lat="45.52885127" lon="15.19262287" >
      <name>rte1_68</name>
      <ele>155.00</ele>
    </rtept>
    <rtept lat="45.52889165" lon="15.19268702" >
      <name>rte1_69</name>
      <ele>155.00</ele>
    </rtept>
    <rtept lat="45.52892753" lon="15.19275116" >
      <name>rte1_70</name>
      <ele>155.00</ele>
    </rtept>
    <rtept lat="45.52896342" lon="15.19281529" >
      <name>rte1_71</name>
      <ele>155.00</ele>
    </rtept>
    <rtept lat="45.52899929" lon="15.19288583" >
      <name>rte1_72</name>
      <ele>155.00</ele>
    </rtept>
    <rtept lat="45.52903518" lon="15.19294997" >
      <name>rte1_73</name>
      <ele>155.00</ele>
    </rtept>
    <rtept lat="45.52907105" lon="15.19302051" >
      <name>rte1_74</name>
      <ele>155.00</ele>
    </rtept>
    <rtept lat="45.52910691" lon="15.19309745" >
      <name>rte1_75</name>
      <ele>152.00</ele>
    </rtept>
    <rtept lat="45.52913829" lon="15.19316797" >
      <name>rte1_76</name>
      <ele>152.00</ele>
    </rtept>
    <rtept lat="45.52917415" lon="15.19324491" >
      <name>rte1_77</name>
      <ele>152.00</ele>
    </rtept>
    <rtept lat="45.52921000" lon="15.19332825" >
      <name>rte1_78</name>
      <ele>152.00</ele>
    </rtept>
    <rtept lat="45.52924137" lon="15.19340517" >
      <name>rte1_79</name>
      <ele>150.00</ele>
    </rtept>
    <rtept lat="45.52927722" lon="15.19348851" >
      <name>rte1_80</name>
      <ele>150.00</ele>
    </rtept>
    <rtept lat="45.52931307" lon="15.19357186" >
      <name>rte1_81</name>
      <ele>150.00</ele>
    </rtept>
    <rtept lat="45.52934892" lon="15.19365520" >
      <name>rte1_82</name>
      <ele>150.00</ele>
    </rtept>
    <rtept lat="45.52938476" lon="15.19374494" >
      <name>rte1_83</name>
      <ele>150.00</ele>
    </rtept>
    <rtept lat="45.52942060" lon="15.19383468" >
      <name>rte1_84</name>
      <ele>150.00</ele>
    </rtept>
    <rtept lat="45.52946093" lon="15.19393084" >
      <name>rte1_85</name>
      <ele>150.00</ele>
    </rtept>
    <rtept lat="45.52950127" lon="15.19402060" >
      <name>rte1_86</name>
      <ele>147.70</ele>
    </rtept>
    <rtept lat="45.52954611" lon="15.19411038" >
      <name>rte1_87</name>
      <ele>146.50</ele>
    </rtept>
    <rtept lat="45.52959097" lon="15.19418735" >
      <name>rte1_88</name>
      <ele>146.50</ele>
    </rtept>
    <rtept lat="45.52964035" lon="15.19425153" >
      <name>rte1_89</name>
      <ele>146.50</ele>
    </rtept>
    <rtept lat="45.52968973" lon="15.19431572" >
      <name>rte1_90</name>
      <ele>146.50</ele>
    </rtept>
    <rtept lat="45.52973913" lon="15.19436710" >
      <name>rte1_91</name>
      <ele>145.70</ele>
    </rtept>
    <rtept lat="45.52979304" lon="15.19441850" >
      <name>rte1_92</name>
      <ele>145.00</ele>
    </rtept>
    <rtept lat="45.52985145" lon="15.19446351" >
      <name>rte1_93</name>
      <ele>145.00</ele>
    </rtept>
    <rtept lat="45.52990987" lon="15.19450212" >
      <name>rte1_94</name>
      <ele>145.00</ele>
    </rtept>
    <rtept lat="45.52996830" lon="15.19454073" >
      <name>rte1_95</name>
      <ele>145.00</ele>
    </rtept>
    <rtept lat="45.53003122" lon="15.19457936" >
      <name>rte1_96</name>
      <ele>145.00</ele>
    </rtept>
    <rtept lat="45.53009864" lon="15.19461800" >
      <name>rte1_97</name>
      <ele>145.00</ele>
    </rtept>
    <rtept lat="45.53016607" lon="15.19465025" >
      <name>rte1_98</name>
      <ele>145.00</ele>
    </rtept>
    <rtept lat="45.53023800" lon="15.19468891" >
      <name>rte1_99</name>
      <ele>145.00</ele>
    </rtept>
    <rtept lat="45.53030992" lon="15.19472756" >
      <name>rte1_100</name>
      <ele>145.00</ele>
    </rtept>
    <rtept lat="45.53038633" lon="15.19477264" >
      <name>rte1_101</name>
      <ele>145.00</ele>
    </rtept>
    <rtept lat="45.53043127" lon="15.19479840" >
      <name>rte1_102</name>
      <ele>145.00</ele>
    </rtept>
    <rtept lat="45.53047622" lon="15.19482417" >
      <name>rte1_103</name>
      <ele>145.00</ele>
    </rtept>
    <rtept lat="45.53052117" lon="15.19484993" >
      <name>rte1_104</name>
      <ele>145.00</ele>
    </rtept>
    <rtept lat="45.53056162" lon="15.19487568" >
      <name>rte1_105</name>
      <ele>145.00</ele>
    </rtept>
    <rtept lat="45.53064252" lon="15.19492717" >
      <name>rte1_106</name>
      <ele>145.00</ele>
    </rtept>
    <rtept lat="45.53071891" lon="15.19497865" >
      <name>rte1_107</name>
      <ele>145.00</ele>
    </rtept>
    <rtept lat="45.53079081" lon="15.19503011" >
      <name>rte1_108</name>
      <ele>145.00</ele>
    </rtept>
    <rtept lat="45.53086272" lon="15.19507517" >
      <name>rte1_109</name>
      <ele>145.00</ele>
    </rtept>
    <rtept lat="45.53093011" lon="15.19513302" >
      <name>rte1_110</name>
      <ele>145.00</ele>
    </rtept>
    <rtept lat="45.53099751" lon="15.19518447" >
      <name>rte1_111</name>
      <ele>145.00</ele>
    </rtept>
    <rtept lat="45.53106491" lon="15.19523591" >
      <name>rte1_112</name>
      <ele>145.00</ele>
    </rtept>
    <rtept lat="45.53113230" lon="15.19529376" >
      <name>rte1_113</name>
      <ele>145.00</ele>
    </rtept>
    <rtept lat="45.53119969" lon="15.19535161" >
      <name>rte1_114</name>
      <ele>145.00</ele>
    </rtept>
    <rtept lat="45.53126707" lon="15.19541586" >
      <name>rte1_115</name>
      <ele>145.00</ele>
    </rtept>
    <rtept lat="45.53133894" lon="15.19548013" >
      <name>rte1_116</name>
      <ele>145.00</ele>
    </rtept>
    <rtept lat="45.53141081" lon="15.19555080" >
      <name>rte1_117</name>
      <ele>145.00</ele>
    </rtept>
    <rtept lat="45.53145124" lon="15.19558935" >
      <name>rte1_118</name>
      <ele>145.00</ele>
    </rtept>
    <rtept lat="45.53148718" lon="15.19562148" >
      <name>rte1_119</name>
      <ele>145.31</ele>
    </rtept>
    <rtept lat="45.53152760" lon="15.19566003" >
      <name>rte1_120</name>
      <ele>145.31</ele>
    </rtept>
    <rtept lat="45.53157252" lon="15.19570500" >
      <name>rte1_121</name>
      <ele>146.25</ele>
    </rtept>
    <rtept lat="45.53162193" lon="15.19574999" >
      <name>rte1_122</name>
      <ele>146.25</ele>
    </rtept>
    <rtept lat="45.53167583" lon="15.19580139" >
      <name>rte1_123</name>
      <ele>146.25</ele>
    </rtept>
    <rtept lat="45.53172525" lon="15.19584637" >
      <name>rte1_124</name>
      <ele>146.25</ele>
    </rtept>
    <rtept lat="45.53177467" lon="15.19588495" >
      <name>rte1_125</name>
      <ele>146.25</ele>
    </rtept>
    <rtept lat="45.53182408" lon="15.19592994" >
      <name>rte1_126</name>
      <ele>149.29</ele>
    </rtept>
    <rtept lat="45.53187351" lon="15.19596852" >
      <name>rte1_127</name>
      <ele>149.29</ele>
    </rtept>
    <rtept lat="45.53191845" lon="15.19600069" >
      <name>rte1_128</name>
      <ele>149.29</ele>
    </rtept>
    <rtept lat="45.53196787" lon="15.19603927" >
      <name>rte1_129</name>
      <ele>149.29</ele>
    </rtept>
    <rtept lat="45.53201281" lon="15.19607144" >
      <name>rte1_130</name>
      <ele>150.00</ele>
    </rtept>
    <rtept lat="45.53205774" lon="15.19610360" >
      <name>rte1_131</name>
      <ele>150.00</ele>
    </rtept>
    <rtept lat="45.53210719" lon="15.19612938" >
      <name>rte1_132</name>
      <ele>150.00</ele>
    </rtept>
    <rtept lat="45.53215213" lon="15.19616155" >
      <name>rte1_133</name>
      <ele>150.00</ele>
    </rtept>
    <rtept lat="45.53219708" lon="15.19618731" >
      <name>rte1_134</name>
      <ele>150.00</ele>
    </rtept>
    <rtept lat="45.53224202" lon="15.19621308" >
      <name>rte1_135</name>
      <ele>150.00</ele>
    </rtept>
    <rtept lat="45.53228697" lon="15.19623884" >
      <name>rte1_136</name>
      <ele>150.00</ele>
    </rtept>
    <rtept lat="45.53233192" lon="15.19626461" >
      <name>rte1_137</name>
      <ele>150.00</ele>
    </rtept>
    <rtept lat="45.53238137" lon="15.19629039" >
      <name>rte1_138</name>
      <ele>150.00</ele>
    </rtept>
    <rtept lat="45.53242632" lon="15.19630975" >
      <name>rte1_139</name>
      <ele>150.00</ele>
    </rtept>
    <rtept lat="45.53247127" lon="15.19633551" >
      <name>rte1_140</name>
      <ele>150.00</ele>
    </rtept>
    <rtept lat="45.53252072" lon="15.19636129" >
      <name>rte1_141</name>
      <ele>150.00</ele>
    </rtept>
    <rtept lat="45.53256568" lon="15.19638066" >
      <name>rte1_142</name>
      <ele>150.00</ele>
    </rtept>
    <rtept lat="45.53261514" lon="15.19640004" >
      <name>rte1_143</name>
      <ele>150.00</ele>
    </rtept>
    <rtept lat="45.53266458" lon="15.19642582" >
      <name>rte1_144</name>
      <ele>150.00</ele>
    </rtept>
    <rtept lat="45.53271404" lon="15.19644519" >
      <name>rte1_145</name>
      <ele>150.00</ele>
    </rtept>
    <rtept lat="45.53276799" lon="15.19647099" >
      <name>rte1_146</name>
      <ele>150.00</ele>
    </rtept>
    <rtept lat="45.53282194" lon="15.19649039" >
      <name>rte1_147</name>
      <ele>150.00</ele>
    </rtept>
    <rtept lat="45.53287139" lon="15.19651617" >
      <name>rte1_148</name>
      <ele>150.00</ele>
    </rtept>
    <rtept lat="45.53292984" lon="15.19654198" >
      <name>rte1_149</name>
      <ele>150.00</ele>
    </rtept>
    <rtept lat="45.53298379" lon="15.19656137" >
      <name>rte1_150</name>
      <ele>150.00</ele>
    </rtept>
    <rtept lat="45.53304224" lon="15.19658719" >
      <name>rte1_151</name>
      <ele>154.50</ele>
    </rtept>
    <rtept lat="45.53310068" lon="15.19661300" >
      <name>rte1_152</name>
      <ele>154.50</ele>
    </rtept>
    <rtept lat="45.53316362" lon="15.19664523" >
      <name>rte1_153</name>
      <ele>156.40</ele>
    </rtept>
    <rtept lat="45.53324005" lon="15.19667751" >
      <name>rte1_154</name>
      <ele>156.40</ele>
    </rtept>
    <rtept lat="45.53331649" lon="15.19670338" >
      <name>rte1_155</name>
      <ele>156.40</ele>
    </rtept>
    <rtept lat="45.53339293" lon="15.19672926" >
      <name>rte1_156</name>
      <ele>160.00</ele>
    </rtept>
    <rtept lat="45.53346037" lon="15.19675510" >
      <name>rte1_157</name>
      <ele>160.00</ele>
    </rtept>
    <rtept lat="45.53352783" lon="15.19677455" >
      <name>rte1_158</name>
      <ele>160.00</ele>
    </rtept>
    <rtept lat="45.53359528" lon="15.19679399" >
      <name>rte1_159</name>
      <ele>161.22</ele>
    </rtept>
    <rtept lat="45.53366275" lon="15.19680703" >
      <name>rte1_160</name>
      <ele>161.22</ele>
    </rtept>
    <rtept lat="45.53372571" lon="15.19682646" >
      <name>rte1_161</name>
      <ele>161.22</ele>
    </rtept>
    <rtept lat="45.53378866" lon="15.19684588" >
      <name>rte1_162</name>
      <ele>161.22</ele>
    </rtept>
    <rtept lat="45.53385162" lon="15.19686531" >
      <name>rte1_163</name>
      <ele>165.65</ele>
    </rtept>
    <rtept lat="45.53391906" lon="15.19689116" >
      <name>rte1_164</name>
      <ele>165.65</ele>
    </rtept>
    <rtept lat="45.53398200" lon="15.19691699" >
      <name>rte1_165</name>
      <ele>167.88</ele>
    </rtept>
    <rtept lat="45.53405394" lon="15.19694925" >
      <name>rte1_166</name>
      <ele>170.00</ele>
    </rtept>
    <rtept lat="45.53412136" lon="15.19698790" >
      <name>rte1_167</name>
      <ele>170.00</ele>
    </rtept>
    <rtept lat="45.53419328" lon="15.19702656" >
      <name>rte1_168</name>
      <ele>170.00</ele>
    </rtept>
    <rtept lat="45.53427417" lon="15.19707806" >
      <name>rte1_169</name>
      <ele>170.00</ele>
    </rtept>
    <rtept lat="45.53435507" lon="15.19712956" >
      <name>rte1_170</name>
      <ele>170.00</ele>
    </rtept>
    <rtept lat="45.53443147" lon="15.19718105" >
      <name>rte1_171</name>
      <ele>170.00</ele>
    </rtept>
    <rtept lat="45.53450336" lon="15.19723892" >
      <name>rte1_172</name>
      <ele>165.00</ele>
    </rtept>
    <rtept lat="45.53457525" lon="15.19729039" >
      <name>rte1_173</name>
      <ele>165.00</ele>
    </rtept>
    <rtept lat="45.53463816" lon="15.19733542" >
      <name>rte1_174</name>
      <ele>165.00</ele>
    </rtept>
    <rtept lat="45.53470556" lon="15.19738688" >
      <name>rte1_175</name>
      <ele>165.00</ele>
    </rtept>
    <rtept lat="45.53476396" lon="15.19743830" >
      <name>rte1_176</name>
      <ele>165.00</ele>
    </rtept>
    <rtept lat="45.53482686" lon="15.19748973" >
      <name>rte1_177</name>
      <ele>165.00</ele>
    </rtept>
    <rtept lat="45.53488526" lon="15.19754116" >
      <name>rte1_178</name>
      <ele>165.00</ele>
    </rtept>
    <rtept lat="45.53494815" lon="15.19759900" >
      <name>rte1_179</name>
      <ele>163.10</ele>
    </rtept>
    <rtept lat="45.53500654" lon="15.19765682" >
      <name>rte1_180</name>
      <ele>163.10</ele>
    </rtept>
    <rtept lat="45.53506943" lon="15.19771466" >
      <name>rte1_181</name>
      <ele>163.10</ele>
    </rtept>
    <rtept lat="45.53513680" lon="15.19777892" >
      <name>rte1_182</name>
      <ele>163.10</ele>
    </rtept>
    <rtept lat="45.53520418" lon="15.19784318" >
      <name>rte1_183</name>
      <ele>160.00</ele>
    </rtept>
    <rtept lat="45.53527605" lon="15.19791385" >
      <name>rte1_184</name>
      <ele>160.00</ele>
    </rtept>
    <rtept lat="45.53531197" lon="15.19795239" >
      <name>rte1_185</name>
      <ele>160.00</ele>
    </rtept>
    <rtept lat="45.53535240" lon="15.19799095" >
      <name>rte1_186</name>
      <ele>160.00</ele>
    </rtept>
    <rtept lat="45.53541527" lon="15.19805519" >
      <name>rte1_187</name>
      <ele>160.00</ele>
    </rtept>
    <rtept lat="45.53547365" lon="15.19811942" >
      <name>rte1_188</name>
      <ele>160.00</ele>
    </rtept>
    <rtept lat="45.53553204" lon="15.19817724" >
      <name>rte1_189</name>
      <ele>160.00</ele>
    </rtept>
    <rtept lat="45.53558592" lon="15.19824145" >
      <name>rte1_190</name>
      <ele>158.60</ele>
    </rtept>
    <rtept lat="45.53563981" lon="15.19829926" >
      <name>rte1_191</name>
      <ele>160.00</ele>
    </rtept>
    <rtept lat="45.53568920" lon="15.19835706" >
      <name>rte1_192</name>
      <ele>160.00</ele>
    </rtept>
    <rtept lat="45.53573859" lon="15.19841485" >
      <name>rte1_193</name>
      <ele>160.00</ele>
    </rtept>
    <rtept lat="45.53578348" lon="15.19847263" >
      <name>rte1_194</name>
      <ele>160.00</ele>
    </rtept>
    <rtept lat="45.53582837" lon="15.19853041" >
      <name>rte1_195</name>
      <ele>158.98</ele>
    </rtept>
    <rtept lat="45.53587776" lon="15.19858820" >
      <name>rte1_196</name>
      <ele>160.00</ele>
    </rtept>
    <rtept lat="45.53592265" lon="15.19864598" >
      <name>rte1_197</name>
      <ele>160.00</ele>
    </rtept>
    <rtept lat="45.53596754" lon="15.19870376" >
      <name>rte1_198</name>
      <ele>160.00</ele>
    </rtept>
    <rtept lat="45.53601693" lon="15.19876155" >
      <name>rte1_199</name>
      <ele>160.00</ele>
    </rtept>
    <rtept lat="45.53606632" lon="15.19881935" >
      <name>rte1_200</name>
      <ele>160.00</ele>
    </rtept>
    <rtept lat="45.53611571" lon="15.19887714" >
      <name>rte1_201</name>
      <ele>160.00</ele>
    </rtept>
    <rtept lat="45.53616959" lon="15.19894135" >
      <name>rte1_202</name>
      <ele>160.00</ele>
    </rtept>
    <rtept lat="45.53651541" lon="15.19929470" >
      <name>rte1_203</name>
      <ele>150.69</ele>
    </rtept>
    <rtept lat="45.53656483" lon="15.19933329" >
      <name>rte1_204</name>
      <ele>150.69</ele>
    </rtept>
    <rtept lat="45.53662327" lon="15.19936551" >
      <name>rte1_205</name>
      <ele>150.69</ele>
    </rtept>
    <rtept lat="45.53668170" lon="15.19939773" >
      <name>rte1_206</name>
      <ele>150.69</ele>
    </rtept>
    <rtept lat="45.53674464" lon="15.19942356" >
      <name>rte1_207</name>
      <ele>149.80</ele>
    </rtept>
    <rtept lat="45.53680759" lon="15.19944939" >
      <name>rte1_208</name>
      <ele>149.80</ele>
    </rtept>
    <rtept lat="45.53687054" lon="15.19946883" >
      <name>rte1_209</name>
      <ele>148.40</ele>
    </rtept>
    <rtept lat="45.53693800" lon="15.19948827" >
      <name>rte1_210</name>
      <ele>148.40</ele>
    </rtept>
    <rtept lat="45.53700545" lon="15.19950772" >
      <name>rte1_211</name>
      <ele>147.70</ele>
    </rtept>
    <rtept lat="45.53705943" lon="15.19951431" >
      <name>rte1_212</name>
      <ele>147.70</ele>
    </rtept>
    <rtept lat="45.53711340" lon="15.19952731" >
      <name>rte1_213</name>
      <ele>147.70</ele>
    </rtept>
    <rtept lat="45.53716737" lon="15.19954031" >
      <name>rte1_214</name>
      <ele>147.70</ele>
    </rtept>
    <rtept lat="45.53721685" lon="15.19954689" >
      <name>rte1_215</name>
      <ele>150.00</ele>
    </rtept>
    <rtept lat="45.53727083" lon="15.19955348" >
      <name>rte1_216</name>
      <ele>150.00</ele>
    </rtept>
    <rtept lat="45.53732031" lon="15.19956006" >
      <name>rte1_217</name>
      <ele>150.00</ele>
    </rtept>
    <rtept lat="45.53736529" lon="15.19956662" >
      <name>rte1_218</name>
      <ele>150.00</ele>
    </rtept>
    <rtept lat="45.53741477" lon="15.19957320" >
      <name>rte1_219</name>
      <ele>150.00</ele>
    </rtept>
    <rtept lat="45.53745975" lon="15.19957977" >
      <name>rte1_220</name>
      <ele>150.00</ele>
    </rtept>
    <rtept lat="45.53750473" lon="15.19958633" >
      <name>rte1_221</name>
      <ele>150.00</ele>
    </rtept>
    <rtept lat="45.53754971" lon="15.19959289" >
      <name>rte1_222</name>
      <ele>150.00</ele>
    </rtept>
    <rtept lat="45.53759469" lon="15.19959945" >
      <name>rte1_223</name>
      <ele>150.00</ele>
    </rtept>
    <rtept lat="45.53763968" lon="15.19959962" >
      <name>rte1_224</name>
      <ele>150.00</ele>
    </rtept>
    <rtept lat="45.53768466" lon="15.19960618" >
      <name>rte1_225</name>
      <ele>150.00</ele>
    </rtept>
    <rtept lat="45.53777012" lon="15.19961929" >
      <name>rte1_226</name>
      <ele>150.00</ele>
    </rtept>
    <rtept lat="45.53785560" lon="15.19962600" >
      <name>rte1_227</name>
      <ele>150.00</ele>
    </rtept>
    <rtept lat="45.53790058" lon="15.19963256" >
      <name>rte1_228</name>
      <ele>150.00</ele>
    </rtept>
    <rtept lat="45.53794556" lon="15.19963912" >
      <name>rte1_229</name>
      <ele>150.00</ele>
    </rtept>
    <rtept lat="45.53803101" lon="15.19965863" >
      <name>rte1_230</name>
      <ele>150.00</ele>
    </rtept>
    <rtept lat="45.53807599" lon="15.19966520" >
      <name>rte1_231</name>
      <ele>150.00</ele>
    </rtept>
    <rtept lat="45.53812096" lon="15.19967816" >
      <name>rte1_232</name>
      <ele>150.00</ele>
    </rtept>
    <rtept lat="45.53817043" lon="15.19969114" >
      <name>rte1_233</name>
      <ele>150.00</ele>
    </rtept>
    <rtept lat="45.53821540" lon="15.19970411" >
      <name>rte1_234</name>
      <ele>150.00</ele>
    </rtept>
    <rtept lat="45.53826487" lon="15.19971709" >
      <name>rte1_235</name>
      <ele>150.00</ele>
    </rtept>
    <rtept lat="45.53831434" lon="15.19973007" >
      <name>rte1_236</name>
      <ele>150.00</ele>
    </rtept>
    <rtept lat="45.53836379" lon="15.19974945" >
      <name>rte1_237</name>
      <ele>150.00</ele>
    </rtept>
    <rtept lat="45.53841775" lon="15.19976885" >
      <name>rte1_238</name>
      <ele>150.00</ele>
    </rtept>
    <rtept lat="45.53846721" lon="15.19978824" >
      <name>rte1_239</name>
      <ele>150.00</ele>
    </rtept>
    <rtept lat="45.53852565" lon="15.19981406" >
      <name>rte1_240</name>
      <ele>146.09</ele>
    </rtept>
    <rtept lat="45.53857061" lon="15.19983342" >
      <name>rte1_241</name>
      <ele>148.65</ele>
    </rtept>
    <rtept lat="45.53862006" lon="15.19985921" >
      <name>rte1_242</name>
      <ele>148.65</ele>
    </rtept>
    <rtept lat="45.53866049" lon="15.19989137" >
      <name>rte1_243</name>
      <ele>148.65</ele>
    </rtept>
    <rtept lat="45.53870093" lon="15.19992352" >
      <name>rte1_244</name>
      <ele>148.65</ele>
    </rtept>
    <rtept lat="45.53877278" lon="15.20000061" >
      <name>rte1_245</name>
      <ele>150.00</ele>
    </rtept>
    <rtept lat="45.53880870" lon="15.20004555" >
      <name>rte1_246</name>
      <ele>150.00</ele>
    </rtept>
    <rtept lat="45.53883560" lon="15.20009687" >
      <name>rte1_247</name>
      <ele>150.00</ele>
    </rtept>
    <rtept lat="45.53888491" lon="15.20019949" >
      <name>rte1_248</name>
      <ele>149.18</ele>
    </rtept>
    <rtept lat="45.53890280" lon="15.20025717" >
      <name>rte1_249</name>
      <ele>149.18</ele>
    </rtept>
    <rtept lat="45.53892069" lon="15.20032126" >
      <name>rte1_250</name>
      <ele>149.18</ele>
    </rtept>
    <rtept lat="45.53893407" lon="15.20038533" >
      <name>rte1_251</name>
      <ele>149.18</ele>
    </rtept>
    <rtept lat="45.53894296" lon="15.20044939" >
      <name>rte1_252</name>
      <ele>148.86</ele>
    </rtept>
    <rtept lat="45.53894733" lon="15.20051983" >
      <name>rte1_253</name>
      <ele>148.86</ele>
    </rtept>
    <rtept lat="45.53895170" lon="15.20059667" >
      <name>rte1_254</name>
      <ele>148.86</ele>
    </rtept>
    <rtept lat="45.53894704" lon="15.20068629" >
      <name>rte1_255</name>
      <ele>148.86</ele>
    </rtept>
    <rtept lat="45.53893338" lon="15.20077588" >
      <name>rte1_256</name>
      <ele>146.27</ele>
    </rtept>
    <rtept lat="45.53891525" lon="15.20085264" >
      <name>rte1_257</name>
      <ele>146.27</ele>
    </rtept>
    <rtept lat="45.53888813" lon="15.20092297" >
      <name>rte1_258</name>
      <ele>146.27</ele>
    </rtept>
    <rtept lat="45.53885651" lon="15.20099328" >
      <name>rte1_259</name>
      <ele>146.27</ele>
    </rtept>
    <rtept lat="45.53882040" lon="15.20105718" >
      <name>rte1_260</name>
      <ele>146.27</ele>
    </rtept>
    <rtept lat="45.53877981" lon="15.20111465" >
      <name>rte1_261</name>
      <ele>148.46</ele>
    </rtept>
    <rtept lat="45.53873471" lon="15.20117211" >
      <name>rte1_262</name>
      <ele>147.23</ele>
    </rtept>
    <rtept lat="45.53863068" lon="15.20147905" >
      <name>rte1_263</name>
      <ele>148.78</ele>
    </rtept>
    <rtept lat="45.53863953" lon="15.20156231" >
      <name>rte1_264</name>
      <ele>148.78</ele>
    </rtept>
    <rtept lat="45.53864388" lon="15.20164556" >
      <name>rte1_265</name>
      <ele>148.78</ele>
    </rtept>
    <rtept lat="45.53865273" lon="15.20172882" >
      <name>rte1_266</name>
      <ele>150.00</ele>
    </rtept>
    <rtept lat="45.53866160" lon="15.20180568" >
      <name>rte1_267</name>
      <ele>150.00</ele>
    </rtept>
    <rtept lat="45.53866596" lon="15.20188253" >
      <name>rte1_268</name>
      <ele>150.00</ele>
    </rtept>
    <rtept lat="45.53867482" lon="15.20195939" >
      <name>rte1_269</name>
      <ele>150.00</ele>
    </rtept>
    <rtept lat="45.53867919" lon="15.20202983" >
      <name>rte1_270</name>
      <ele>150.00</ele>
    </rtept>
    <rtept lat="45.53868355" lon="15.20210667" >
      <name>rte1_271</name>
      <ele>150.00</ele>
    </rtept>
    <rtept lat="45.53868792" lon="15.20218352" >
      <name>rte1_272</name>
      <ele>150.00</ele>
    </rtept>
    <rtept lat="45.53868778" lon="15.20226035" >
      <name>rte1_273</name>
      <ele>150.00</ele>
    </rtept>
    <rtept lat="45.53869214" lon="15.20233719" >
      <name>rte1_274</name>
      <ele>150.00</ele>
    </rtept>
    <rtept lat="45.53869200" lon="15.20241402" >
      <name>rte1_275</name>
      <ele>150.00</ele>
    </rtept>
    <rtept lat="45.53869186" lon="15.20249725" >
      <name>rte1_276</name>
      <ele>150.00</ele>
    </rtept>
    <rtept lat="45.53868720" lon="15.20258687" >
      <name>rte1_277</name>
      <ele>150.00</ele>
    </rtept>
    <rtept lat="45.53868254" lon="15.20267648" >
      <name>rte1_278</name>
      <ele>151.99</ele>
    </rtept>
    <rtept lat="45.53868235" lon="15.20277892" >
      <name>rte1_279</name>
      <ele>151.99</ele>
    </rtept>
    <rtept lat="45.53867320" lon="15.20286212" >
      <name>rte1_280</name>
      <ele>151.99</ele>
    </rtept>
    <rtept lat="45.53866856" lon="15.20294533" >
      <name>rte1_281</name>
      <ele>151.99</ele>
    </rtept>
    <rtept lat="45.53865942" lon="15.20302213" >
      <name>rte1_282</name>
      <ele>156.22</ele>
    </rtept>
    <rtept lat="45.53865479" lon="15.20309254" >
      <name>rte1_283</name>
      <ele>156.22</ele>
    </rtept>
    <rtept lat="45.53865466" lon="15.20316936" >
      <name>rte1_284</name>
      <ele>156.22</ele>
    </rtept>
    <rtept lat="45.53865454" lon="15.20323339" >
      <name>rte1_285</name>
      <ele>156.22</ele>
    </rtept>
    <rtept lat="45.53865891" lon="15.20330383" >
      <name>rte1_286</name>
      <ele>156.22</ele>
    </rtept>
    <rtept lat="45.53867229" lon="15.20337430" >
      <name>rte1_287</name>
      <ele>162.31</ele>
    </rtept>
    <rtept lat="45.53890601" lon="15.20350320" >
      <name>rte1_288</name>
      <ele>162.45</ele>
    </rtept>
    <rtept lat="45.53895998" lon="15.20351620" >
      <name>rte1_289</name>
      <ele>162.45</ele>
    </rtept>
    <rtept lat="45.53900945" lon="15.20352919" >
      <name>rte1_290</name>
      <ele>157.20</ele>
    </rtept>
    <rtept lat="45.53905891" lon="15.20354858" >
      <name>rte1_291</name>
      <ele>157.20</ele>
    </rtept>
    <rtept lat="45.53910835" lon="15.20357437" >
      <name>rte1_292</name>
      <ele>157.20</ele>
    </rtept>
    <rtept lat="45.53915781" lon="15.20359375" >
      <name>rte1_293</name>
      <ele>157.20</ele>
    </rtept>
    <rtept lat="45.53920275" lon="15.20361953" >
      <name>rte1_294</name>
      <ele>156.36</ele>
    </rtept>
    <rtept lat="45.53924771" lon="15.20363890" >
      <name>rte1_295</name>
      <ele>163.60</ele>
    </rtept>
    <rtept lat="45.53929716" lon="15.20366469" >
      <name>rte1_296</name>
      <ele>163.60</ele>
    </rtept>
    <rtept lat="45.53934210" lon="15.20369046" >
      <name>rte1_297</name>
      <ele>163.60</ele>
    </rtept>
    <rtept lat="45.53939155" lon="15.20371625" >
      <name>rte1_298</name>
      <ele>163.60</ele>
    </rtept>
    <rtept lat="45.53944099" lon="15.20374204" >
      <name>rte1_299</name>
      <ele>158.56</ele>
    </rtept>
    <rtept lat="45.53949044" lon="15.20376783" >
      <name>rte1_300</name>
      <ele>158.56</ele>
    </rtept>
    <rtept lat="45.53954438" lon="15.20379364" >
      <name>rte1_301</name>
      <ele>158.56</ele>
    </rtept>
    <rtept lat="45.53959833" lon="15.20381944" >
      <name>rte1_302</name>
      <ele>158.56</ele>
    </rtept>
    <rtept lat="45.53965678" lon="15.20383887" >
      <name>rte1_303</name>
      <ele>159.11</ele>
    </rtept>
    <rtept lat="45.53971972" lon="15.20386470" >
      <name>rte1_304</name>
      <ele>159.11</ele>
    </rtept>
    <rtept lat="45.53977369" lon="15.20387771" >
      <name>rte1_305</name>
      <ele>159.11</ele>
    </rtept>
    <rtept lat="45.53982315" lon="15.20389709" >
      <name>rte1_306</name>
      <ele>159.11</ele>
    </rtept>
    <rtept lat="45.53986811" lon="15.20391647" >
      <name>rte1_307</name>
      <ele>159.11</ele>
    </rtept>
    <rtept lat="45.53991308" lon="15.20392943" >
      <name>rte1_308</name>
      <ele>160.00</ele>
    </rtept>
    <rtept lat="45.53995804" lon="15.20394240" >
      <name>rte1_309</name>
      <ele>160.00</ele>
    </rtept>
    <rtept lat="45.54000305" lon="15.20393617" >
      <name>rte1_310</name>
      <ele>160.00</ele>
    </rtept>
    <rtept lat="45.54005255" lon="15.20392994" >
      <name>rte1_311</name>
      <ele>160.00</ele>
    </rtept>
    <rtept lat="45.54010659" lon="15.20390453" >
      <name>rte1_312</name>
      <ele>160.90</ele>
    </rtept>
    <rtept lat="45.54015165" lon="15.20386628" >
      <name>rte1_313</name>
      <ele>160.90</ele>
    </rtept>
    <rtept lat="45.54019671" lon="15.20382803" >
      <name>rte1_314</name>
      <ele>160.90</ele>
    </rtept>
    <rtept lat="45.54023727" lon="15.20378976" >
      <name>rte1_315</name>
      <ele>160.90</ele>
    </rtept>
    <rtept lat="45.54027333" lon="15.20375148" >
      <name>rte1_316</name>
      <ele>160.90</ele>
    </rtept>
    <rtept lat="45.54030491" lon="15.20370677" >
      <name>rte1_317</name>
      <ele>160.90</ele>
    </rtept>
    <rtept lat="45.54033650" lon="15.20365567" >
      <name>rte1_318</name>
      <ele>160.90</ele>
    </rtept>
    <rtept lat="45.54036809" lon="15.20359816" >
      <name>rte1_319</name>
      <ele>160.00</ele>
    </rtept>
    <rtept lat="45.54039970" lon="15.20353425" >
      <name>rte1_320</name>
      <ele>160.00</ele>
    </rtept>
    <rtept lat="45.54043137" lon="15.20343833" >
      <name>rte1_321</name>
      <ele>160.00</ele>
    </rtept>
    <rtept lat="45.54046304" lon="15.20334240" >
      <name>rte1_322</name>
      <ele>160.00</ele>
    </rtept>
    <rtept lat="45.54048568" lon="15.20325925" >
      <name>rte1_323</name>
      <ele>160.00</ele>
    </rtept>
    <rtept lat="45.54050834" lon="15.20316970" >
      <name>rte1_324</name>
      <ele>160.00</ele>
    </rtept>
    <rtept lat="45.54053098" lon="15.20308655" >
      <name>rte1_325</name>
      <ele>160.00</ele>
    </rtept>
    <rtept lat="45.54054912" lon="15.20300978" >
      <name>rte1_326</name>
      <ele>160.00</ele>
    </rtept>
    <rtept lat="45.54056277" lon="15.20292660" >
      <name>rte1_327</name>
      <ele>160.00</ele>
    </rtept>
    <rtept lat="45.54058090" lon="15.20284983" >
      <name>rte1_328</name>
      <ele>160.00</ele>
    </rtept>
    <rtept lat="45.54059455" lon="15.20276665" >
      <name>rte1_329</name>
      <ele>160.00</ele>
    </rtept>
    <rtept lat="45.54060819" lon="15.20268346" >
      <name>rte1_330</name>
      <ele>160.00</ele>
    </rtept>
    <rtept lat="45.54062634" lon="15.20260030" >
      <name>rte1_331</name>
      <ele>160.00</ele>
    </rtept>
    <rtept lat="45.54063999" lon="15.20251711" >
      <name>rte1_332</name>
      <ele>160.00</ele>
    </rtept>
    <rtept lat="45.54065814" lon="15.20242754" >
      <name>rte1_333</name>
      <ele>160.00</ele>
    </rtept>
    <rtept lat="45.54068080" lon="15.20233799" >
      <name>rte1_334</name>
      <ele>160.00</ele>
    </rtept>
    <rtept lat="45.54070347" lon="15.20224203" >
      <name>rte1_335</name>
      <ele>160.00</ele>
    </rtept>
    <rtept lat="45.54073063" lon="15.20214609" >
      <name>rte1_336</name>
      <ele>160.00</ele>
    </rtept>
    <rtept lat="45.54074429" lon="15.20205650" >
      <name>rte1_337</name>
      <ele>160.00</ele>
    </rtept>
    <rtept lat="45.54076692" lon="15.20197975" >
      <name>rte1_338</name>
      <ele>155.00</ele>
    </rtept>
    <rtept lat="45.54080751" lon="15.20192868" >
      <name>rte1_339</name>
      <ele>154.95</ele>
    </rtept>
    <rtept lat="45.54086153" lon="15.20190966" >
      <name>rte1_340</name>
      <ele>154.95</ele>
    </rtept>
    <rtept lat="45.54092453" lon="15.20190349" >
      <name>rte1_341</name>
      <ele>154.95</ele>
    </rtept>
    <rtept lat="45.54098751" lon="15.20191012" >
      <name>rte1_342</name>
      <ele>154.95</ele>
    </rtept>
    <rtept lat="45.54104146" lon="15.20193592" >
      <name>rte1_343</name>
      <ele>150.00</ele>
    </rtept>
    <rtept lat="45.54109989" lon="15.20196815" >
      <name>rte1_344</name>
      <ele>150.00</ele>
    </rtept>
    <rtept lat="45.54114930" lon="15.20201315" >
      <name>rte1_345</name>
      <ele>150.00</ele>
    </rtept>
    <rtept lat="45.54119870" lon="15.20206455" >
      <name>rte1_346</name>
      <ele>151.67</ele>
    </rtept>
    <rtept lat="45.54124808" lon="15.20212875" >
      <name>rte1_347</name>
      <ele>145.00</ele>
    </rtept>
    <rtept lat="45.54129295" lon="15.20219294" >
      <name>rte1_348</name>
      <ele>145.00</ele>
    </rtept>
    <rtept lat="45.54133331" lon="15.20226992" >
      <name>rte1_349</name>
      <ele>145.00</ele>
    </rtept>
    <rtept lat="45.54137367" lon="15.20234690" >
      <name>rte1_350</name>
      <ele>145.00</ele>
    </rtept>
    <rtept lat="45.54141402" lon="15.20242387" >
      <name>rte1_351</name>
      <ele>145.00</ele>
    </rtept>
    <rtept lat="45.54145438" lon="15.20250085" >
      <name>rte1_352</name>
      <ele>145.00</ele>
    </rtept>
    <rtept lat="45.54149472" lon="15.20258423" >
      <name>rte1_353</name>
      <ele>145.00</ele>
    </rtept>
    <rtept lat="45.54153058" lon="15.20266120" >
      <name>rte1_354</name>
      <ele>145.00</ele>
    </rtept>
    <rtept lat="45.54156644" lon="15.20273176" >
      <name>rte1_355</name>
      <ele>145.00</ele>
    </rtept>
    <rtept lat="45.54160680" lon="15.20280874" >
      <name>rte1_356</name>
      <ele>145.00</ele>
    </rtept>
    <rtept lat="45.54165619" lon="15.20286654" >
      <name>rte1_357</name>
      <ele>145.00</ele>
    </rtept>
    <rtept lat="45.54169658" lon="15.20292431" >
      <name>rte1_358</name>
      <ele>145.00</ele>
    </rtept>
    <rtept lat="45.54172347" lon="15.20298203" >
      <name>rte1_359</name>
      <ele>145.00</ele>
    </rtept>
    <rtept lat="45.54175037" lon="15.20303335" >
      <name>rte1_360</name>
      <ele>148.70</ele>
    </rtept>
    <rtept lat="45.54180424" lon="15.20310398" >
      <name>rte1_361</name>
      <ele>148.70</ele>
    </rtept>
    <rtept lat="45.54184472" lon="15.20311053" >
      <name>rte1_362</name>
      <ele>148.70</ele>
    </rtept>
    <rtept lat="45.54190774" lon="15.20309155" >
      <name>rte1_363</name>
      <ele>160.00</ele>
    </rtept>
    <rtept lat="45.54194818" lon="15.20312371" >
      <name>rte1_364</name>
      <ele>160.00</ele>
    </rtept>
    <rtept lat="45.54195696" lon="15.20324539" >
      <name>rte1_365</name>
      <ele>160.00</ele>
    </rtept>
    <rtept lat="45.54195231" lon="15.20332861" >
      <name>rte1_366</name>
      <ele>155.48</ele>
    </rtept>
    <rtept lat="45.54194317" lon="15.20340541" >
      <name>rte1_367</name>
      <ele>155.48</ele>
    </rtept>
    <rtept lat="45.54193853" lon="15.20348223" >
      <name>rte1_368</name>
      <ele>155.48</ele>
    </rtept>
    <rtept lat="45.54193842" lon="15.20354626" >
      <name>rte1_369</name>
      <ele>155.48</ele>
    </rtept>
    <rtept lat="45.54184749" lon="15.20407095" >
      <name>rte1_370</name>
      <ele>155.13</ele>
    </rtept>
    <rtept lat="45.54178385" lon="15.20442927" >
      <name>rte1_371</name>
      <ele>150.00</ele>
    </rtept>
    <rtept lat="45.54171132" lon="15.20472993" >
      <name>rte1_372</name>
      <ele>162.99</ele>
    </rtept>
    <rtept lat="45.54152557" lon="15.20543995" >
      <name>rte1_373</name>
      <ele>156.05</ele>
    </rtept>
    <rtept lat="45.54128151" lon="15.20604731" >
      <name>rte1_374</name>
      <ele>151.24</ele>
    </rtept>
    <rtept lat="45.54110072" lon="15.20649483" >
      <name>rte1_375</name>
      <ele>148.31</ele>
    </rtept>
    <rtept lat="45.54094272" lon="15.20678236" >
      <name>rte1_376</name>
      <ele>151.28</ele>
    </rtept>
    <rtept lat="45.54087495" lon="15.20693578" >
      <name>rte1_377</name>
      <ele>160.59</ele>
    </rtept>
    <rtept lat="45.54076223" lon="15.20706982" >
      <name>rte1_378</name>
      <ele>155.51</ele>
    </rtept>
    <rtept lat="45.54057759" lon="15.20716517" >
      <name>rte1_379</name>
      <ele>168.34</ele>
    </rtept>
    <rtept lat="45.54035707" lon="15.20719637" >
      <name>rte1_380</name>
      <ele>167.51</ele>
    </rtept>
    <rtept lat="45.54017242" lon="15.20729172" >
      <name>rte1_381</name>
      <ele>170.00</ele>
    </rtept>
    <rtept lat="45.54011829" lon="15.20736835" >
      <name>rte1_382</name>
      <ele>170.00</ele>
    </rtept>
    <rtept lat="45.54007315" lon="15.20745142" >
      <name>rte1_383</name>
      <ele>173.00</ele>
    </rtept>
    <rtept lat="45.54003250" lon="15.20753450" >
      <name>rte1_384</name>
      <ele>186.55</ele>
    </rtept>
    <rtept lat="45.53999187" lon="15.20761118" >
      <name>rte1_385</name>
      <ele>186.55</ele>
    </rtept>
    <rtept lat="45.53995126" lon="15.20767505" >
      <name>rte1_386</name>
      <ele>186.55</ele>
    </rtept>
    <rtept lat="45.53990617" lon="15.20772610" >
      <name>rte1_387</name>
      <ele>186.55</ele>
    </rtept>
    <rtept lat="45.53985215" lon="15.20774511" >
      <name>rte1_388</name>
      <ele>190.00</ele>
    </rtept>
    <rtept lat="45.53978917" lon="15.20773847" >
      <name>rte1_389</name>
      <ele>190.00</ele>
    </rtept>
    <rtept lat="45.53922719" lon="15.20750590" >
      <name>rte1_390</name>
      <ele>190.00</ele>
    </rtept>
    <rtept lat="45.53915976" lon="15.20747364" >
      <name>rte1_391</name>
      <ele>180.00</ele>
    </rtept>
    <rtept lat="45.53909683" lon="15.20744139" >
      <name>rte1_392</name>
      <ele>180.00</ele>
    </rtept>
    <rtept lat="45.53902939" lon="15.20741553" >
      <name>rte1_393</name>
      <ele>180.00</ele>
    </rtept>
    <rtept lat="45.53895746" lon="15.20738325" >
      <name>rte1_394</name>
      <ele>170.00</ele>
    </rtept>
    <rtept lat="45.53888552" lon="15.20735738" >
      <name>rte1_395</name>
      <ele>170.00</ele>
    </rtept>
    <rtept lat="45.53881358" lon="15.20733150" >
      <name>rte1_396</name>
      <ele>170.00</ele>
    </rtept>
    <rtept lat="45.53873266" lon="15.20729919" >
      <name>rte1_397</name>
      <ele>170.00</ele>
    </rtept>
    <rtept lat="45.53865171" lon="15.20727968" >
      <name>rte1_398</name>
      <ele>170.00</ele>
    </rtept>
    <rtept lat="45.53858425" lon="15.20726022" >
      <name>rte1_399</name>
      <ele>170.00</ele>
    </rtept>
    <rtept lat="45.53852128" lon="15.20725359" >
      <name>rte1_400</name>
      <ele>170.00</ele>
    </rtept>
    <rtept lat="45.53846729" lon="15.20725339" >
      <name>rte1_401</name>
      <ele>175.79</ele>
    </rtept>
    <rtept lat="45.53841328" lon="15.20725959" >
      <name>rte1_402</name>
      <ele>175.79</ele>
    </rtept>
    <rtept lat="45.53835928" lon="15.20726579" >
      <name>rte1_403</name>
      <ele>175.79</ele>
    </rtept>
    <rtept lat="45.53830528" lon="15.20727199" >
      <name>rte1_404</name>
      <ele>175.79</ele>
    </rtept>
    <rtept lat="45.53824680" lon="15.20726537" >
      <name>rte1_405</name>
      <ele>176.20</ele>
    </rtept>
    <rtept lat="45.53818833" lon="15.20725235" >
      <name>rte1_406</name>
      <ele>176.20</ele>
    </rtept>
    <rtept lat="45.53813888" lon="15.20723296" >
      <name>rte1_407</name>
      <ele>176.20</ele>
    </rtept>
    <rtept lat="45.53809392" lon="15.20721359" >
      <name>rte1_408</name>
      <ele>176.20</ele>
    </rtept>
    <rtept lat="45.53804898" lon="15.20718781" >
      <name>rte1_409</name>
      <ele>177.38</ele>
    </rtept>
    <rtept lat="45.53800402" lon="15.20716844" >
      <name>rte1_410</name>
      <ele>177.38</ele>
    </rtept>
    <rtept lat="45.53792310" lon="15.20712973" >
      <name>rte1_411</name>
      <ele>163.82</ele>
    </rtept>
    <rtept lat="45.53784670" lon="15.20708463" >
      <name>rte1_412</name>
      <ele>163.82</ele>
    </rtept>
    <rtept lat="45.53777030" lon="15.20703953" >
      <name>rte1_413</name>
      <ele>162.77</ele>
    </rtept>
    <rtept lat="45.53769839" lon="15.20699445" >
      <name>rte1_414</name>
      <ele>162.77</ele>
    </rtept>
    <rtept lat="45.53763098" lon="15.20694938" >
      <name>rte1_415</name>
      <ele>162.77</ele>
    </rtept>
    <rtept lat="45.53756359" lon="15.20689791" >
      <name>rte1_416</name>
      <ele>170.12</ele>
    </rtept>
    <rtept lat="45.53749618" lon="15.20685285" >
      <name>rte1_417</name>
      <ele>170.12</ele>
    </rtept>
    <rtept lat="45.53742879" lon="15.20680138" >
      <name>rte1_418</name>
      <ele>159.52</ele>
    </rtept>
    <rtept lat="45.53736139" lon="15.20674991" >
      <name>rte1_419</name>
      <ele>169.06</ele>
    </rtept>
    <rtept lat="45.53728950" lon="15.20669843" >
      <name>rte1_420</name>
      <ele>169.06</ele>
    </rtept>
    <rtept lat="45.53721311" lon="15.20664693" >
      <name>rte1_421</name>
      <ele>169.06</ele>
    </rtept>
    <rtept lat="45.53713222" lon="15.20659541" >
      <name>rte1_422</name>
      <ele>175.27</ele>
    </rtept>
    <rtept lat="45.53705132" lon="15.20654390" >
      <name>rte1_423</name>
      <ele>175.27</ele>
    </rtept>
    <rtept lat="45.53700638" lon="15.20651812" >
      <name>rte1_424</name>
      <ele>175.27</ele>
    </rtept>
    <rtept lat="45.53696142" lon="15.20649875" >
      <name>rte1_425</name>
      <ele>169.73</ele>
    </rtept>
    <rtept lat="45.53691199" lon="15.20646656" >
      <name>rte1_426</name>
      <ele>173.47</ele>
    </rtept>
    <rtept lat="45.53686703" lon="15.20644718" >
      <name>rte1_427</name>
      <ele>173.47</ele>
    </rtept>
    <rtept lat="45.53678610" lon="15.20641487" >
      <name>rte1_428</name>
      <ele>173.47</ele>
    </rtept>
    <rtept lat="45.53670517" lon="15.20638897" >
      <name>rte1_429</name>
      <ele>175.00</ele>
    </rtept>
    <rtept lat="45.53661969" lon="15.20638225" >
      <name>rte1_430</name>
      <ele>175.00</ele>
    </rtept>
    <rtept lat="45.53655675" lon="15.20635641" >
      <name>rte1_431</name>
      <ele>175.00</ele>
    </rtept>
    <rtept lat="45.53651178" lon="15.20634344" >
      <name>rte1_432</name>
      <ele>175.00</ele>
    </rtept>
    <rtept lat="45.53636872" lon="15.20584355" >
      <name>rte1_433</name>
      <ele>175.00</ele>
    </rtept>
    <rtept lat="45.53635986" lon="15.20576669" >
      <name>rte1_434</name>
      <ele>175.00</ele>
    </rtept>
    <rtept lat="45.53635097" lon="15.20570263" >
      <name>rte1_435</name>
      <ele>175.00</ele>
    </rtept>
    <rtept lat="45.53634660" lon="15.20563219" >
      <name>rte1_436</name>
      <ele>175.00</ele>
    </rtept>
    <rtept lat="45.53633773" lon="15.20556174" >
      <name>rte1_437</name>
      <ele>175.00</ele>
    </rtept>
    <rtept lat="45.53633335" lon="15.20549770" >
      <name>rte1_438</name>
      <ele>170.00</ele>
    </rtept>
    <rtept lat="45.53632898" lon="15.20542726" >
      <name>rte1_439</name>
      <ele>170.00</ele>
    </rtept>
    <rtept lat="45.53631120" lon="15.20530556" >
      <name>rte1_440</name>
      <ele>170.00</ele>
    </rtept>
    <rtept lat="45.53628442" lon="15.20519022" >
      <name>rte1_441</name>
      <ele>168.33</ele>
    </rtept>
    <rtept lat="45.53624862" lon="15.20508125" >
      <name>rte1_442</name>
      <ele>164.40</ele>
    </rtept>
    <rtept lat="45.53618579" lon="15.20499139" >
      <name>rte1_443</name>
      <ele>164.40</ele>
    </rtept>
    <rtept lat="45.53614988" lon="15.20494645" >
      <name>rte1_444</name>
      <ele>164.40</ele>
    </rtept>
    <rtept lat="45.53610495" lon="15.20491427" >
      <name>rte1_445</name>
      <ele>164.40</ele>
    </rtept>
    <rtept lat="45.53603304" lon="15.20486919" >
      <name>rte1_446</name>
      <ele>170.00</ele>
    </rtept>
    <rtept lat="45.53597007" lon="15.20485616" >
      <name>rte1_447</name>
      <ele>170.00</ele>
    </rtept>
    <rtept lat="45.53590707" lon="15.20486233" >
      <name>rte1_448</name>
      <ele>170.00</ele>
    </rtept>
    <rtept lat="45.53584855" lon="15.20488132" >
      <name>rte1_449</name>
      <ele>170.00</ele>
    </rtept>
    <rtept lat="45.53578550" lon="15.20491310" >
      <name>rte1_450</name>
      <ele>172.00</ele>
    </rtept>
    <rtept lat="45.53572244" lon="15.20495128" >
      <name>rte1_451</name>
      <ele>172.00</ele>
    </rtept>
    <rtept lat="45.53565940" lon="15.20498306" >
      <name>rte1_452</name>
      <ele>172.00</ele>
    </rtept>
    <rtept lat="45.53559184" lon="15.20502123" >
      <name>rte1_453</name>
      <ele>173.90</ele>
    </rtept>
    <rtept lat="45.53553332" lon="15.20504022" >
      <name>rte1_454</name>
      <ele>173.90</ele>
    </rtept>
    <rtept lat="45.53547929" lon="15.20505923" >
      <name>rte1_455</name>
      <ele>173.90</ele>
    </rtept>
    <rtept lat="45.53543425" lon="15.20508467" >
      <name>rte1_456</name>
      <ele>173.90</ele>
    </rtept>
    <rtept lat="45.53538921" lon="15.20511011" >
      <name>rte1_457</name>
      <ele>173.90</ele>
    </rtept>
    <rtept lat="45.53534866" lon="15.20514197" >
      <name>rte1_458</name>
      <ele>175.00</ele>
    </rtept>
    <rtept lat="45.53530810" lon="15.20518024" >
      <name>rte1_459</name>
      <ele>175.00</ele>
    </rtept>
    <rtept lat="45.53526303" lon="15.20522488" >
      <name>rte1_460</name>
      <ele>175.00</ele>
    </rtept>
    <rtept lat="45.53521794" lon="15.20527593" >
      <name>rte1_461</name>
      <ele>175.00</ele>
    </rtept>
    <rtept lat="45.53514589" lon="15.20531408" >
      <name>rte1_462</name>
      <ele>175.00</ele>
    </rtept>
    <rtept lat="45.53508733" lon="15.20535228" >
      <name>rte1_463</name>
      <ele>175.00</ele>
    </rtept>
    <rtept lat="45.53503328" lon="15.20538409" >
      <name>rte1_464</name>
      <ele>175.00</ele>
    </rtept>
    <rtept lat="45.53497020" lon="15.20543507" >
      <name>rte1_465</name>
      <ele>175.00</ele>
    </rtept>
    <rtept lat="45.53490265" lon="15.20546684" >
      <name>rte1_466</name>
      <ele>176.10</ele>
    </rtept>
    <rtept lat="45.53484860" lon="15.20549865" >
      <name>rte1_467</name>
      <ele>176.10</ele>
    </rtept>
    <rtept lat="45.53479005" lon="15.20553044" >
      <name>rte1_468</name>
      <ele>176.10</ele>
    </rtept>
    <rtept lat="45.53473149" lon="15.20556864" >
      <name>rte1_469</name>
      <ele>178.00</ele>
    </rtept>
    <rtept lat="45.53450212" lon="15.20552298" >
      <name>rte1_470</name>
      <ele>177.20</ele>
    </rtept>
    <rtept lat="45.53443913" lon="15.20552275" >
      <name>rte1_471</name>
      <ele>177.00</ele>
    </rtept>
    <rtept lat="45.53438059" lon="15.20554814" >
      <name>rte1_472</name>
      <ele>180.00</ele>
    </rtept>
    <rtept lat="45.53432653" lon="15.20558635" >
      <name>rte1_473</name>
      <ele>180.00</ele>
    </rtept>
    <rtept lat="45.53427692" lon="15.20565019" >
      <name>rte1_474</name>
      <ele>180.00</ele>
    </rtept>
    <rtept lat="45.53423179" lon="15.20572685" >
      <name>rte1_475</name>
      <ele>180.00</ele>
    </rtept>
    <rtept lat="45.53421364" lon="15.20581001" >
      <name>rte1_476</name>
      <ele>180.00</ele>
    </rtept>
    <rtept lat="45.53421797" lon="15.20590605" >
      <name>rte1_477</name>
      <ele>180.00</ele>
    </rtept>
    <rtept lat="45.53423579" lon="15.20600214" >
      <name>rte1_478</name>
      <ele>180.00</ele>
    </rtept>
    <rtept lat="45.53425360" lon="15.20610464" >
      <name>rte1_479</name>
      <ele>180.00</ele>
    </rtept>
    <rtept lat="45.53426242" lon="15.20620070" >
      <name>rte1_480</name>
      <ele>186.36</ele>
    </rtept>
    <rtept lat="45.53426224" lon="15.20630313" >
      <name>rte1_481</name>
      <ele>186.36</ele>
    </rtept>
    <rtept lat="45.53423507" lon="15.20639906" >
      <name>rte1_482</name>
      <ele>190.00</ele>
    </rtept>
    <rtept lat="45.53418545" lon="15.20646929" >
      <name>rte1_483</name>
      <ele>190.00</ele>
    </rtept>
    <rtept lat="45.53413135" lon="15.20652671" >
      <name>rte1_484</name>
      <ele>190.00</ele>
    </rtept>
    <rtept lat="45.53407729" lon="15.20656492" >
      <name>rte1_485</name>
      <ele>190.00</ele>
    </rtept>
    <rtept lat="45.53401875" lon="15.20659031" >
      <name>rte1_486</name>
      <ele>190.00</ele>
    </rtept>
    <rtept lat="45.53396022" lon="15.20661571" >
      <name>rte1_487</name>
      <ele>190.00</ele>
    </rtept>
    <rtept lat="45.53389717" lon="15.20664748" >
      <name>rte1_488</name>
      <ele>190.00</ele>
    </rtept>
    <rtept lat="45.53383411" lon="15.20668566" >
      <name>rte1_489</name>
      <ele>190.00</ele>
    </rtept>
    <rtept lat="45.53377551" lon="15.20674946" >
      <name>rte1_490</name>
      <ele>190.00</ele>
    </rtept>
    <rtept lat="45.53372593" lon="15.20679409" >
      <name>rte1_491</name>
      <ele>190.00</ele>
    </rtept>
    <rtept lat="45.53368535" lon="15.20684516" >
      <name>rte1_492</name>
      <ele>190.00</ele>
    </rtept>
    <rtept lat="45.53365825" lon="15.20690267" >
      <name>rte1_493</name>
      <ele>190.00</ele>
    </rtept>
    <rtept lat="45.53363560" lon="15.20698581" >
      <name>rte1_494</name>
      <ele>190.00</ele>
    </rtept>
    <rtept lat="45.53345087" lon="15.20712597" >
      <name>rte1_495</name>
      <ele>190.00</ele>
    </rtept>
    <rtept lat="45.53297826" lon="15.20723305" >
      <name>rte1_496</name>
      <ele>192.90</ele>
    </rtept>
    <rtept lat="45.53281611" lon="15.20732847" >
      <name>rte1_497</name>
      <ele>192.70</ele>
    </rtept>
    <rtept lat="45.53273017" lon="15.20757782" >
      <name>rte1_498</name>
      <ele>195.00</ele>
    </rtept>
    <rtept lat="45.53261277" lon="15.20780784" >
      <name>rte1_499</name>
      <ele>197.20</ele>
    </rtept>
    <rtept lat="45.53245969" lon="15.20786489" >
      <name>rte1_500</name>
      <ele>197.20</ele>
    </rtept>
    <rtept lat="45.53220784" lon="15.20780634" >
      <name>rte1_501</name>
      <ele>200.00</ele>
    </rtept>
    <rtept lat="45.53198749" lon="15.20774150" >
      <name>rte1_502</name>
      <ele>190.00</ele>
    </rtept>
    <rtept lat="45.53185258" lon="15.20770900" >
      <name>rte1_503</name>
      <ele>190.00</ele>
    </rtept>
    <rtept lat="45.53160051" lon="15.20776567" >
      <name>rte1_504</name>
      <ele>191.09</ele>
    </rtept>
    <rtept lat="45.53137981" lon="15.20789929" >
      <name>rte1_505</name>
      <ele>202.30</ele>
    </rtept>
    <rtept lat="45.53117711" lon="15.20802656" >
      <name>rte1_506</name>
      <ele>202.62</ele>
    </rtept>
    <rtept lat="45.53095185" lon="15.20818576" >
      <name>rte1_507</name>
      <ele>207.32</ele>
    </rtept>
    <rtept lat="45.53078953" lon="15.20837720" >
      <name>rte1_508</name>
      <ele>208.36</ele>
    </rtept>
    <rtept lat="45.53065414" lon="15.20860075" >
      <name>rte1_509</name>
      <ele>211.77</ele>
    </rtept>
    <rtept lat="45.53050081" lon="15.20879222" >
      <name>rte1_510</name>
      <ele>215.00</ele>
    </rtept>
    <rtept lat="45.53034316" lon="15.20888766" >
      <name>rte1_511</name>
      <ele>215.00</ele>
    </rtept>
    <rtept lat="45.53011335" lon="15.20907884" >
      <name>rte1_512</name>
      <ele>216.67</ele>
    </rtept>
    <rtept lat="45.52991053" lon="15.20927012" >
      <name>rte1_513</name>
      <ele>217.37</ele>
    </rtept>
    <rtept lat="45.52973471" lon="15.20946151" >
      <name>rte1_514</name>
      <ele>220.00</ele>
    </rtept>
    <rtept lat="45.52955433" lon="15.20967848" >
      <name>rte1_515</name>
      <ele>220.00</ele>
    </rtept>
    <rtept lat="45.52943705" lon="15.20984447" >
      <name>rte1_516</name>
      <ele>220.00</ele>
    </rtept>
    <rtept lat="45.52919373" lon="15.21003560" >
      <name>rte1_517</name>
      <ele>222.40</ele>
    </rtept>
    <rtept lat="45.52899097" lon="15.21019487" >
      <name>rte1_518</name>
      <ele>222.73</ele>
    </rtept>
    <rtept lat="45.52876116" lon="15.21038604" >
      <name>rte1_519</name>
      <ele>225.00</ele>
    </rtept>
    <rtept lat="45.52843724" lon="15.21037202" >
      <name>rte1_520</name>
      <ele>224.66</ele>
    </rtept>
    <rtept lat="45.52835626" lon="15.21036532" >
      <name>rte1_521</name>
      <ele>224.40</ele>
    </rtept>
    <rtept lat="45.52827980" lon="15.21035223" >
      <name>rte1_522</name>
      <ele>224.40</ele>
    </rtept>
    <rtept lat="45.52821234" lon="15.21033917" >
      <name>rte1_523</name>
      <ele>224.40</ele>
    </rtept>
    <rtept lat="45.52814490" lon="15.21031331" >
      <name>rte1_524</name>
      <ele>220.00</ele>
    </rtept>
    <rtept lat="45.52808195" lon="15.21028747" >
      <name>rte1_525</name>
      <ele>220.00</ele>
    </rtept>
    <rtept lat="45.52802354" lon="15.21024885" >
      <name>rte1_526</name>
      <ele>220.00</ele>
    </rtept>
    <rtept lat="45.52796512" lon="15.21021022" >
      <name>rte1_527</name>
      <ele>220.00</ele>
    </rtept>
    <rtept lat="45.52790670" lon="15.21017159" >
      <name>rte1_528</name>
      <ele>214.50</ele>
    </rtept>
    <rtept lat="45.52785279" lon="15.21012658" >
      <name>rte1_529</name>
      <ele>214.50</ele>
    </rtept>
    <rtept lat="45.52779440" lon="15.21007515" >
      <name>rte1_530</name>
      <ele>214.50</ele>
    </rtept>
    <rtept lat="45.52774050" lon="15.21002374" >
      <name>rte1_531</name>
      <ele>214.50</ele>
    </rtept>
    <rtept lat="45.52768212" lon="15.20996591" >
      <name>rte1_532</name>
      <ele>210.00</ele>
    </rtept>
    <rtept lat="45.52762372" lon="15.20991448" >
      <name>rte1_533</name>
      <ele>210.00</ele>
    </rtept>
    <rtept lat="45.52756084" lon="15.20985664" >
      <name>rte1_534</name>
      <ele>210.00</ele>
    </rtept>
    <rtept lat="45.52749796" lon="15.20979879" >
      <name>rte1_535</name>
      <ele>210.00</ele>
    </rtept>
    <rtept lat="45.52743058" lon="15.20974093" >
      <name>rte1_536</name>
      <ele>210.00</ele>
    </rtept>
    <rtept lat="45.52737218" lon="15.20968950" >
      <name>rte1_537</name>
      <ele>210.00</ele>
    </rtept>
    <rtept lat="45.52731829" lon="15.20963809" >
      <name>rte1_538</name>
      <ele>199.00</ele>
    </rtept>
    <rtept lat="45.52726888" lon="15.20959310" >
      <name>rte1_539</name>
      <ele>199.00</ele>
    </rtept>
    <rtept lat="45.52721948" lon="15.20954170" >
      <name>rte1_540</name>
      <ele>194.10</ele>
    </rtept>
    <rtept lat="45.52717007" lon="15.20949671" >
      <name>rte1_541</name>
      <ele>194.10</ele>
    </rtept>
    <rtept lat="45.52712518" lon="15.20944534" >
      <name>rte1_542</name>
      <ele>194.10</ele>
    </rtept>
    <rtept lat="45.52708028" lon="15.20939396" >
      <name>rte1_543</name>
      <ele>194.10</ele>
    </rtept>
    <rtept lat="45.52703987" lon="15.20934900" >
      <name>rte1_544</name>
      <ele>188.16</ele>
    </rtept>
    <rtept lat="45.52699947" lon="15.20929764" >
      <name>rte1_545</name>
      <ele>186.55</ele>
    </rtept>
    <rtept lat="45.52695907" lon="15.20924628" >
      <name>rte1_546</name>
      <ele>186.55</ele>
    </rtept>
    <rtept lat="45.52692317" lon="15.20919494" >
      <name>rte1_547</name>
      <ele>186.55</ele>
    </rtept>
    <rtept lat="45.52688729" lon="15.20913719" >
      <name>rte1_548</name>
      <ele>186.55</ele>
    </rtept>
    <rtept lat="45.52685139" lon="15.20908585" >
      <name>rte1_549</name>
      <ele>186.55</ele>
    </rtept>
    <rtept lat="45.52681549" lon="15.20903451" >
      <name>rte1_550</name>
      <ele>186.55</ele>
    </rtept>
    <rtept lat="45.52678410" lon="15.20897678" >
      <name>rte1_551</name>
      <ele>177.00</ele>
    </rtept>
    <rtept lat="45.52675270" lon="15.20892546" >
      <name>rte1_552</name>
      <ele>177.00</ele>
    </rtept>
    <rtept lat="45.52672131" lon="15.20886773" >
      <name>rte1_553</name>
      <ele>177.00</ele>
    </rtept>
    <rtept lat="45.52668992" lon="15.20881000" >
      <name>rte1_554</name>
      <ele>177.00</ele>
    </rtept>
    <rtept lat="45.52665855" lon="15.20874588" >
      <name>rte1_555</name>
      <ele>177.00</ele>
    </rtept>
    <rtept lat="45.52662716" lon="15.20868815" >
      <name>rte1_556</name>
      <ele>171.60</ele>
    </rtept>
    <rtept lat="45.52659577" lon="15.20863043" >
      <name>rte1_557</name>
      <ele>171.60</ele>
    </rtept>
    <rtept lat="45.52656439" lon="15.20856630" >
      <name>rte1_558</name>
      <ele>170.00</ele>
    </rtept>
    <rtept lat="45.52653752" lon="15.20850219" >
      <name>rte1_559</name>
      <ele>170.00</ele>
    </rtept>
    <rtept lat="45.52650614" lon="15.20843806" >
      <name>rte1_560</name>
      <ele>170.00</ele>
    </rtept>
    <rtept lat="45.52647477" lon="15.20836753" >
      <name>rte1_561</name>
      <ele>168.95</ele>
    </rtept>
    <rtept lat="45.52644340" lon="15.20830341" >
      <name>rte1_562</name>
      <ele>168.95</ele>
    </rtept>
    <rtept lat="45.52641203" lon="15.20823288" >
      <name>rte1_563</name>
      <ele>168.95</ele>
    </rtept>
    <rtept lat="45.52638067" lon="15.20816235" >
      <name>rte1_564</name>
      <ele>168.95</ele>
    </rtept>
    <rtept lat="45.52634931" lon="15.20808542" >
      <name>rte1_565</name>
      <ele>170.00</ele>
    </rtept>
    <rtept lat="45.52631345" lon="15.20801488" >
      <name>rte1_566</name>
      <ele>172.86</ele>
    </rtept>
    <rtept lat="45.52627760" lon="15.20793793" >
      <name>rte1_567</name>
      <ele>172.86</ele>
    </rtept>
    <rtept lat="45.52624624" lon="15.20786101" >
      <name>rte1_568</name>
      <ele>172.86</ele>
    </rtept>
    <rtept lat="45.52621039" lon="15.20778406" >
      <name>rte1_569</name>
      <ele>172.86</ele>
    </rtept>
    <rtept lat="45.52617454" lon="15.20770712" >
      <name>rte1_570</name>
      <ele>175.00</ele>
    </rtept>
    <rtept lat="45.52613867" lon="15.20763657" >
      <name>rte1_571</name>
      <ele>175.00</ele>
    </rtept>
    <rtept lat="45.52610730" lon="15.20757245" >
      <name>rte1_572</name>
      <ele>175.00</ele>
    </rtept>
    <rtept lat="45.52607143" lon="15.20750190" >
      <name>rte1_573</name>
      <ele>175.00</ele>
    </rtept>
    <rtept lat="45.52604006" lon="15.20743778" >
      <name>rte1_574</name>
      <ele>175.00</ele>
    </rtept>
    <rtept lat="45.52600417" lon="15.20738003" >
      <name>rte1_575</name>
      <ele>175.00</ele>
    </rtept>
    <rtept lat="45.52597279" lon="15.20731591" >
      <name>rte1_576</name>
      <ele>175.00</ele>
    </rtept>
    <rtept lat="45.52593690" lon="15.20725817" >
      <name>rte1_577</name>
      <ele>175.00</ele>
    </rtept>
    <rtept lat="45.52590551" lon="15.20720044" >
      <name>rte1_578</name>
      <ele>175.00</ele>
    </rtept>
    <rtept lat="45.52587412" lon="15.20714272" >
      <name>rte1_579</name>
      <ele>175.00</ele>
    </rtept>
    <rtept lat="45.52584272" lon="15.20709139" >
      <name>rte1_580</name>
      <ele>176.86</ele>
    </rtept>
    <rtept lat="45.52580683" lon="15.20703365" >
      <name>rte1_581</name>
      <ele>176.86</ele>
    </rtept>
    <rtept lat="45.52577993" lon="15.20698235" >
      <name>rte1_582</name>
      <ele>176.86</ele>
    </rtept>
    <rtept lat="45.52574854" lon="15.20692462" >
      <name>rte1_583</name>
      <ele>176.86</ele>
    </rtept>
    <rtept lat="45.52571715" lon="15.20686690" >
      <name>rte1_584</name>
      <ele>176.86</ele>
    </rtept>
    <rtept lat="45.52568575" lon="15.20681557" >
      <name>rte1_585</name>
      <ele>175.00</ele>
    </rtept>
    <rtept lat="45.52565886" lon="15.20675787" >
      <name>rte1_586</name>
      <ele>176.25</ele>
    </rtept>
    <rtept lat="45.52562747" lon="15.20670014" >
      <name>rte1_587</name>
      <ele>176.25</ele>
    </rtept>
    <rtept lat="45.52560058" lon="15.20664244" >
      <name>rte1_588</name>
      <ele>176.25</ele>
    </rtept>
    <rtept lat="45.52557369" lon="15.20658473" >
      <name>rte1_589</name>
      <ele>176.25</ele>
    </rtept>
    <rtept lat="45.52554680" lon="15.20652702" >
      <name>rte1_590</name>
      <ele>176.25</ele>
    </rtept>
    <rtept lat="45.52551993" lon="15.20646291" >
      <name>rte1_591</name>
      <ele>175.94</ele>
    </rtept>
    <rtept lat="45.52549305" lon="15.20639880" >
      <name>rte1_592</name>
      <ele>175.94</ele>
    </rtept>
    <rtept lat="45.52546617" lon="15.20633470" >
      <name>rte1_593</name>
      <ele>175.00</ele>
    </rtept>
    <rtept lat="45.52544380" lon="15.20626420" >
      <name>rte1_594</name>
      <ele>175.00</ele>
    </rtept>
    <rtept lat="45.52541693" lon="15.20619370" >
      <name>rte1_595</name>
      <ele>175.00</ele>
    </rtept>
    <rtept lat="45.52539457" lon="15.20612320" >
      <name>rte1_596</name>
      <ele>175.10</ele>
    </rtept>
    <rtept lat="45.52537221" lon="15.20604631" >
      <name>rte1_597</name>
      <ele>175.10</ele>
    </rtept>
    <rtept lat="45.52534985" lon="15.20596942" >
      <name>rte1_598</name>
      <ele>175.10</ele>
    </rtept>
    <rtept lat="45.52532751" lon="15.20588612" >
      <name>rte1_599</name>
      <ele>175.10</ele>
    </rtept>
    <rtept lat="45.52530966" lon="15.20580285" >
      <name>rte1_600</name>
      <ele>175.00</ele>
    </rtept>
    <rtept lat="45.52515830" lon="15.20491257" >
      <name>rte1_601</name>
      <ele>175.00</ele>
    </rtept>
    <rtept lat="45.52515843" lon="15.20484216" >
      <name>rte1_602</name>
      <ele>175.00</ele>
    </rtept>
    <rtept lat="45.52515853" lon="15.20478456" >
      <name>rte1_603</name>
      <ele>175.00</ele>
    </rtept>
    <rtept lat="45.52514971" lon="15.20468851" >
      <name>rte1_604</name>
      <ele>175.00</ele>
    </rtept>
    <rtept lat="45.52513637" lon="15.20459885" >
      <name>rte1_605</name>
      <ele>175.00</ele>
    </rtept>
    <rtept lat="45.52512304" lon="15.20450919" >
      <name>rte1_606</name>
      <ele>170.00</ele>
    </rtept>
    <rtept lat="45.52510070" lon="15.20441950" >
      <name>rte1_607</name>
      <ele>170.00</ele>
    </rtept>
    <rtept lat="45.52507386" lon="15.20433619" >
      <name>rte1_608</name>
      <ele>170.00</ele>
    </rtept>
    <rtept lat="45.52504253" lon="15.20424646" >
      <name>rte1_609</name>
      <ele>170.00</ele>
    </rtept>
    <rtept lat="45.52500668" lon="15.20416312" >
      <name>rte1_610</name>
      <ele>170.00</ele>
    </rtept>
    <rtept lat="45.52496634" lon="15.20407976" >
      <name>rte1_611</name>
      <ele>170.00</ele>
    </rtept>
    <rtept lat="45.52489442" lon="15.20404110" >
      <name>rte1_612</name>
      <ele>170.00</ele>
    </rtept>
    <rtept lat="45.52482700" lon="15.20400244" >
      <name>rte1_613</name>
      <ele>170.00</ele>
    </rtept>
    <rtept lat="45.52475961" lon="15.20395099" >
      <name>rte1_614</name>
      <ele>171.10</ele>
    </rtept>
    <rtept lat="45.52470120" lon="15.20390597" >
      <name>rte1_615</name>
      <ele>171.10</ele>
    </rtept>
    <rtept lat="45.52464730" lon="15.20385457" >
      <name>rte1_616</name>
      <ele>170.00</ele>
    </rtept>
    <rtept lat="45.52459790" lon="15.20380318" >
      <name>rte1_617</name>
      <ele>170.00</ele>
    </rtept>
    <rtept lat="45.52454849" lon="15.20375820" >
      <name>rte1_618</name>
      <ele>170.90</ele>
    </rtept>
    <rtept lat="45.52450359" lon="15.20370683" >
      <name>rte1_619</name>
      <ele>170.90</ele>
    </rtept>
    <rtept lat="45.52445869" lon="15.20365546" >
      <name>rte1_620</name>
      <ele>170.90</ele>
    </rtept>
    <rtept lat="45.52441829" lon="15.20360411" >
      <name>rte1_621</name>
      <ele>170.90</ele>
    </rtept>
    <rtept lat="45.52437790" lon="15.20354635" >
      <name>rte1_622</name>
      <ele>170.40</ele>
    </rtept>
    <rtept lat="45.52433751" lon="15.20348860" >
      <name>rte1_623</name>
      <ele>170.40</ele>
    </rtept>
    <rtept lat="45.52429712" lon="15.20343085" >
      <name>rte1_624</name>
      <ele>170.40</ele>
    </rtept>
    <rtept lat="45.52425674" lon="15.20336669" >
      <name>rte1_625</name>
      <ele>170.40</ele>
    </rtept>
    <rtept lat="45.52421636" lon="15.20330254" >
      <name>rte1_626</name>
      <ele>170.40</ele>
    </rtept>
    <rtept lat="45.52417150" lon="15.20323197" >
      <name>rte1_627</name>
      <ele>170.00</ele>
    </rtept>
    <rtept lat="45.52412663" lon="15.20316139" >
      <name>rte1_628</name>
      <ele>170.00</ele>
    </rtept>
    <rtept lat="45.52408177" lon="15.20309082" >
      <name>rte1_629</name>
      <ele>170.00</ele>
    </rtept>
    <rtept lat="45.52402344" lon="15.20300100" >
      <name>rte1_630</name>
      <ele>170.00</ele>
    </rtept>
    <rtept lat="45.52396960" lon="15.20291760" >
      <name>rte1_631</name>
      <ele>170.00</ele>
    </rtept>
    <rtept lat="45.52391573" lon="15.20284699" >
      <name>rte1_632</name>
      <ele>170.00</ele>
    </rtept>
    <rtept lat="45.52386637" lon="15.20277641" >
      <name>rte1_633</name>
      <ele>170.00</ele>
    </rtept>
    <rtept lat="45.52381700" lon="15.20270582" >
      <name>rte1_634</name>
      <ele>170.00</ele>
    </rtept>
    <rtept lat="45.52377212" lon="15.20264165" >
      <name>rte1_635</name>
      <ele>170.00</ele>
    </rtept>
    <rtept lat="45.52373173" lon="15.20258390" >
      <name>rte1_636</name>
      <ele>170.00</ele>
    </rtept>
    <rtept lat="45.52369136" lon="15.20251975" >
      <name>rte1_637</name>
      <ele>170.00</ele>
    </rtept>
    <rtept lat="45.52365098" lon="15.20245559" >
      <name>rte1_638</name>
      <ele>170.00</ele>
    </rtept>
    <rtept lat="45.52361060" lon="15.20239144" >
      <name>rte1_639</name>
      <ele>170.00</ele>
    </rtept>
    <rtept lat="45.52357473" lon="15.20232090" >
      <name>rte1_640</name>
      <ele>170.00</ele>
    </rtept>
    <rtept lat="45.52353886" lon="15.20225037" >
      <name>rte1_641</name>
      <ele>170.00</ele>
    </rtept>
    <rtept lat="45.52350302" lon="15.20216703" >
      <name>rte1_642</name>
      <ele>170.00</ele>
    </rtept>
    <rtept lat="45.52347167" lon="15.20208371" >
      <name>rte1_643</name>
      <ele>170.00</ele>
    </rtept>
    <rtept lat="45.52344035" lon="15.20198758" >
      <name>rte1_644</name>
      <ele>170.00</ele>
    </rtept>
    <rtept lat="45.52340903" lon="15.20189146" >
      <name>rte1_645</name>
      <ele>170.00</ele>
    </rtept>
    <rtept lat="45.52316233" lon="15.20146173" >
      <name>rte1_646</name>
      <ele>170.00</ele>
    </rtept>
    <rtept lat="45.52310396" lon="15.20139751" >
      <name>rte1_647</name>
      <ele>170.00</ele>
    </rtept>
    <rtept lat="45.52304558" lon="15.20133330" >
      <name>rte1_648</name>
      <ele>170.00</ele>
    </rtept>
    <rtept lat="45.52299169" lon="15.20127550" >
      <name>rte1_649</name>
      <ele>170.00</ele>
    </rtept>
    <rtept lat="45.52293782" lon="15.20121130" >
      <name>rte1_650</name>
      <ele>170.00</ele>
    </rtept>
    <rtept lat="45.52288393" lon="15.20115350" >
      <name>rte1_651</name>
      <ele>170.00</ele>
    </rtept>
    <rtept lat="45.52283454" lon="15.20109571" >
      <name>rte1_652</name>
      <ele>170.00</ele>
    </rtept>
    <rtept lat="45.52278515" lon="15.20103793" >
      <name>rte1_653</name>
      <ele>170.00</ele>
    </rtept>
    <rtept lat="45.52273576" lon="15.20098015" >
      <name>rte1_654</name>
      <ele>170.00</ele>
    </rtept>
    <rtept lat="45.52269086" lon="15.20092878" >
      <name>rte1_655</name>
      <ele>170.00</ele>
    </rtept>
    <rtept lat="45.52265046" lon="15.20087743" >
      <name>rte1_656</name>
      <ele>170.00</ele>
    </rtept>
    <rtept lat="45.52260556" lon="15.20082607" >
      <name>rte1_657</name>
      <ele>170.00</ele>
    </rtept>
    <rtept lat="45.52256515" lon="15.20077472" >
      <name>rte1_658</name>
      <ele>170.00</ele>
    </rtept>
    <rtept lat="45.52252924" lon="15.20072979" >
      <name>rte1_659</name>
      <ele>170.00</ele>
    </rtept>
    <rtept lat="45.52249331" lon="15.20069125" >
      <name>rte1_660</name>
      <ele>170.00</ele>
    </rtept>
    <rtept lat="45.52243496" lon="15.20061424" >
      <name>rte1_661</name>
      <ele>170.00</ele>
    </rtept>
    <rtept lat="45.52239008" lon="15.20055007" >
      <name>rte1_662</name>
      <ele>170.00</ele>
    </rtept>
    <rtept lat="45.52235419" lon="15.20049234" >
      <name>rte1_663</name>
      <ele>170.00</ele>
    </rtept>
    <rtept lat="45.52232730" lon="15.20043464" >
      <name>rte1_664</name>
      <ele>170.00</ele>
    </rtept>
    <rtept lat="45.52230490" lon="15.20037695" >
      <name>rte1_665</name>
      <ele>170.00</ele>
    </rtept>
    <rtept lat="45.52219706" lon="15.20029976" >
      <name>rte1_666</name>
      <ele>170.00</ele>
    </rtept>
    <rtept lat="45.52212049" lon="15.20034429" >
      <name>rte1_667</name>
      <ele>170.00</ele>
    </rtept>
    <rtept lat="45.52204843" lon="15.20038883" >
      <name>rte1_668</name>
      <ele>170.00</ele>
    </rtept>
    <rtept lat="45.52198087" lon="15.20042699" >
      <name>rte1_669</name>
      <ele>170.00</ele>
    </rtept>
    <rtept lat="45.52190880" lon="15.20047154" >
      <name>rte1_670</name>
      <ele>170.00</ele>
    </rtept>
    <rtept lat="45.52183225" lon="15.20050967" >
      <name>rte1_671</name>
      <ele>170.00</ele>
    </rtept>
    <rtept lat="45.52175569" lon="15.20054780" >
      <name>rte1_672</name>
      <ele>170.00</ele>
    </rtept>
    <rtept lat="45.52171515" lon="15.20057325" >
      <name>rte1_673</name>
      <ele>170.00</ele>
    </rtept>
    <rtept lat="45.52167013" lon="15.20059229" >
      <name>rte1_674</name>
      <ele>170.00</ele>
    </rtept>
    <rtept lat="45.52162509" lon="15.20061773" >
      <name>rte1_675</name>
      <ele>170.00</ele>
    </rtept>
    <rtept lat="45.52158005" lon="15.20064317" >
      <name>rte1_676</name>
      <ele>170.00</ele>
    </rtept>
    <rtept lat="45.52151251" lon="15.20067493" >
      <name>rte1_677</name>
      <ele>170.00</ele>
    </rtept>
    <rtept lat="45.52145395" lon="15.20071313" >
      <name>rte1_678</name>
      <ele>170.00</ele>
    </rtept>
    <rtept lat="45.52139538" lon="15.20075772" >
      <name>rte1_679</name>
      <ele>170.00</ele>
    </rtept>
    <rtept lat="45.52134582" lon="15.20079594" >
      <name>rte1_680</name>
      <ele>170.00</ele>
    </rtept>
    <rtept lat="45.52129624" lon="15.20084697" >
      <name>rte1_681</name>
      <ele>170.00</ele>
    </rtept>
    <rtept lat="45.52125117" lon="15.20089161" >
      <name>rte1_682</name>
      <ele>170.00</ele>
    </rtept>
    <rtept lat="45.52120608" lon="15.20094265" >
      <name>rte1_683</name>
      <ele>170.00</ele>
    </rtept>
    <rtept lat="45.52116550" lon="15.20099371" >
      <name>rte1_684</name>
      <ele>170.00</ele>
    </rtept>
    <rtept lat="45.52112491" lon="15.20105117" >
      <name>rte1_685</name>
      <ele>170.00</ele>
    </rtept>
    <rtept lat="45.52108431" lon="15.20110862" >
      <name>rte1_686</name>
      <ele>170.00</ele>
    </rtept>
    <rtept lat="45.52104372" lon="15.20116608" >
      <name>rte1_687</name>
      <ele>170.00</ele>
    </rtept>
    <rtept lat="45.52100311" lon="15.20122994" >
      <name>rte1_688</name>
      <ele>170.00</ele>
    </rtept>
    <rtept lat="45.52095800" lon="15.20129378" >
      <name>rte1_689</name>
      <ele>170.00</ele>
    </rtept>
    <rtept lat="45.52091289" lon="15.20136402" >
      <name>rte1_690</name>
      <ele>170.00</ele>
    </rtept>
    <rtept lat="45.52086778" lon="15.20142786" >
      <name>rte1_691</name>
      <ele>170.00</ele>
    </rtept>
    <rtept lat="45.52081815" lon="15.20150449" >
      <name>rte1_692</name>
      <ele>170.00</ele>
    </rtept>
    <rtept lat="45.52048009" lon="15.20184889" >
      <name>rte1_693</name>
      <ele>170.00</ele>
    </rtept>
    <rtept lat="45.52043056" lon="15.20187431" >
      <name>rte1_694</name>
      <ele>170.00</ele>
    </rtept>
    <rtept lat="45.52038553" lon="15.20189335" >
      <name>rte1_695</name>
      <ele>170.00</ele>
    </rtept>
    <rtept lat="45.52034050" lon="15.20191239" >
      <name>rte1_696</name>
      <ele>170.00</ele>
    </rtept>
    <rtept lat="45.52029548" lon="15.20193143" >
      <name>rte1_697</name>
      <ele>170.00</ele>
    </rtept>
    <rtept lat="45.52025046" lon="15.20194406" >
      <name>rte1_698</name>
      <ele>170.00</ele>
    </rtept>
    <rtept lat="45.52020545" lon="15.20195670" >
      <name>rte1_699</name>
      <ele>170.00</ele>
    </rtept>
    <rtept lat="45.52015593" lon="15.20196932" >
      <name>rte1_700</name>
      <ele>170.00</ele>
    </rtept>
    <rtept lat="45.52011093" lon="15.20197556" >
      <name>rte1_701</name>
      <ele>170.00</ele>
    </rtept>
    <rtept lat="45.52006142" lon="15.20198818" >
      <name>rte1_702</name>
      <ele>170.00</ele>
    </rtept>
    <rtept lat="45.52001641" lon="15.20199442" >
      <name>rte1_703</name>
      <ele>170.00</ele>
    </rtept>
    <rtept lat="45.51996241" lon="15.20200063" >
      <name>rte1_704</name>
      <ele>170.00</ele>
    </rtept>
    <rtept lat="45.51991291" lon="15.20200685" >
      <name>rte1_705</name>
      <ele>170.00</ele>
    </rtept>
    <rtept lat="45.51985891" lon="15.20201305" >
      <name>rte1_706</name>
      <ele>170.00</ele>
    </rtept>
    <rtept lat="45.51980491" lon="15.20201286" >
      <name>rte1_707</name>
      <ele>170.00</ele>
    </rtept>
    <rtept lat="45.51975091" lon="15.20201906" >
      <name>rte1_708</name>
      <ele>170.00</ele>
    </rtept>
    <rtept lat="45.51969240" lon="15.20203165" >
      <name>rte1_709</name>
      <ele>170.00</ele>
    </rtept>
    <rtept lat="45.51960691" lon="15.20203134" >
      <name>rte1_710</name>
      <ele>175.00</ele>
    </rtept>
    <rtept lat="45.51953043" lon="15.20203107" >
      <name>rte1_711</name>
      <ele>175.00</ele>
    </rtept>
    <rtept lat="45.51945396" lon="15.20201799" >
      <name>rte1_712</name>
      <ele>175.00</ele>
    </rtept>
    <rtept lat="45.51938200" lon="15.20200493" >
      <name>rte1_713</name>
      <ele>180.00</ele>
    </rtept>
    <rtept lat="45.51931455" lon="15.20198549" >
      <name>rte1_714</name>
      <ele>180.00</ele>
    </rtept>
    <rtept lat="45.51925159" lon="15.20196606" >
      <name>rte1_715</name>
      <ele>180.00</ele>
    </rtept>
    <rtept lat="45.51918865" lon="15.20194023" >
      <name>rte1_716</name>
      <ele>170.00</ele>
    </rtept>
    <rtept lat="45.51912570" lon="15.20191440" >
      <name>rte1_717</name>
      <ele>174.30</ele>
    </rtept>
    <rtept lat="45.51906276" lon="15.20188857" >
      <name>rte1_718</name>
      <ele>174.30</ele>
    </rtept>
    <rtept lat="45.51899982" lon="15.20186275" >
      <name>rte1_719</name>
      <ele>174.30</ele>
    </rtept>
    <rtept lat="45.51893236" lon="15.20184330" >
      <name>rte1_720</name>
      <ele>174.40</ele>
    </rtept>
    <rtept lat="45.51886492" lon="15.20181746" >
      <name>rte1_721</name>
      <ele>174.40</ele>
    </rtept>
    <rtept lat="45.51879747" lon="15.20179802" >
      <name>rte1_722</name>
      <ele>174.40</ele>
    </rtept>
    <rtept lat="45.51872551" lon="15.20177856" >
      <name>rte1_723</name>
      <ele>173.90</ele>
    </rtept>
    <rtept lat="45.51864904" lon="15.20177188" >
      <name>rte1_724</name>
      <ele>173.90</ele>
    </rtept>
    <rtept lat="45.51856806" lon="15.20176519" >
      <name>rte1_725</name>
      <ele>173.90</ele>
    </rtept>
    <rtept lat="45.51851858" lon="15.20175861" >
      <name>rte1_726</name>
      <ele>173.90</ele>
    </rtept>
    <rtept lat="45.51847359" lon="15.20175845" >
      <name>rte1_727</name>
      <ele>174.10</ele>
    </rtept>
    <rtept lat="45.51839258" lon="15.20177095" >
      <name>rte1_728</name>
      <ele>174.10</ele>
    </rtept>
    <rtept lat="45.51832056" lon="15.20178990" >
      <name>rte1_729</name>
      <ele>174.10</ele>
    </rtept>
    <rtept lat="45.51824854" lon="15.20180884" >
      <name>rte1_730</name>
      <ele>180.00</ele>
    </rtept>
    <rtept lat="45.51817649" lon="15.20184058" >
      <name>rte1_731</name>
      <ele>180.00</ele>
    </rtept>
    <rtept lat="45.51810446" lon="15.20186592" >
      <name>rte1_732</name>
      <ele>180.00</ele>
    </rtept>
    <rtept lat="45.51802342" lon="15.20189762" >
      <name>rte1_733</name>
      <ele>180.00</ele>
    </rtept>
    <rtept lat="45.51793788" lon="15.20192932" >
      <name>rte1_734</name>
      <ele>180.00</ele>
    </rtept>
    <rtept lat="45.51788386" lon="15.20194192" >
      <name>rte1_735</name>
      <ele>180.00</ele>
    </rtept>
    <rtept lat="45.51783885" lon="15.20195456" >
      <name>rte1_736</name>
      <ele>180.00</ele>
    </rtept>
    <rtept lat="45.51778933" lon="15.20196718" >
      <name>rte1_737</name>
      <ele>180.00</ele>
    </rtept>
    <rtept lat="45.51774431" lon="15.20198622" >
      <name>rte1_738</name>
      <ele>180.00</ele>
    </rtept>
    <rtept lat="45.51765875" lon="15.20202431" >
      <name>rte1_739</name>
      <ele>180.00</ele>
    </rtept>
    <rtept lat="45.51758219" lon="15.20206883" >
      <name>rte1_740</name>
      <ele>180.00</ele>
    </rtept>
    <rtept lat="45.51750562" lon="15.20211335" >
      <name>rte1_741</name>
      <ele>180.00</ele>
    </rtept>
    <rtept lat="45.51743354" lon="15.20216429" >
      <name>rte1_742</name>
      <ele>180.00</ele>
    </rtept>
    <rtept lat="45.51736146" lon="15.20221523" >
      <name>rte1_743</name>
      <ele>180.00</ele>
    </rtept>
    <rtept lat="45.51729387" lon="15.20227259" >
      <name>rte1_744</name>
      <ele>180.00</ele>
    </rtept>
    <rtept lat="45.51722628" lon="15.20232994" >
      <name>rte1_745</name>
      <ele>180.00</ele>
    </rtept>
    <rtept lat="45.51715869" lon="15.20238730" >
      <name>rte1_746</name>
      <ele>180.00</ele>
    </rtept>
    <rtept lat="45.51709110" lon="15.20244465" >
      <name>rte1_747</name>
      <ele>180.00</ele>
    </rtept>
    <rtept lat="45.51701899" lon="15.20250839" >
      <name>rte1_748</name>
      <ele>180.00</ele>
    </rtept>
    <rtept lat="45.51694690" lon="15.20256573" >
      <name>rte1_749</name>
      <ele>180.00</ele>
    </rtept>
    <rtept lat="45.51687031" lon="15.20262305" >
      <name>rte1_750</name>
      <ele>182.58</ele>
    </rtept>
    <rtept lat="45.51682978" lon="15.20264851" >
      <name>rte1_751</name>
      <ele>182.58</ele>
    </rtept>
    <rtept lat="45.51678923" lon="15.20268036" >
      <name>rte1_752</name>
      <ele>182.58</ele>
    </rtept>
    <rtept lat="45.51674419" lon="15.20270579" >
      <name>rte1_753</name>
      <ele>182.58</ele>
    </rtept>
    <rtept lat="45.51670364" lon="15.20273765" >
      <name>rte1_754</name>
      <ele>182.58</ele>
    </rtept>
    <rtept lat="45.51665410" lon="15.20276307" >
      <name>rte1_755</name>
      <ele>180.00</ele>
    </rtept>
    <rtept lat="45.51660906" lon="15.20278850" >
      <name>rte1_756</name>
      <ele>180.00</ele>
    </rtept>
    <rtept lat="45.51652352" lon="15.20282019" >
      <name>rte1_757</name>
      <ele>180.00</ele>
    </rtept>
    <rtept lat="45.51645147" lon="15.20285193" >
      <name>rte1_758</name>
      <ele>180.00</ele>
    </rtept>
    <rtept lat="45.51638395" lon="15.20287089" >
      <name>rte1_759</name>
      <ele>180.00</ele>
    </rtept>
    <rtept lat="45.51631643" lon="15.20288984" >
      <name>rte1_760</name>
      <ele>180.00</ele>
    </rtept>
    <rtept lat="45.51624892" lon="15.20290239" >
      <name>rte1_761</name>
      <ele>180.00</ele>
    </rtept>
    <rtept lat="45.51617692" lon="15.20290853" >
      <name>rte1_762</name>
      <ele>180.00</ele>
    </rtept>
    <rtept lat="45.51610043" lon="15.20290826" >
      <name>rte1_763</name>
      <ele>180.00</ele>
    </rtept>
    <rtept lat="45.51601945" lon="15.20290796" >
      <name>rte1_764</name>
      <ele>170.00</ele>
    </rtept>
    <rtept lat="45.51537569" lon="15.20311042" >
      <name>rte1_765</name>
      <ele>182.16</ele>
    </rtept>
    <rtept lat="45.51529015" lon="15.20314211" >
      <name>rte1_766</name>
      <ele>180.00</ele>
    </rtept>
    <rtept lat="45.51520909" lon="15.20318021" >
      <name>rte1_767</name>
      <ele>180.00</ele>
    </rtept>
    <rtept lat="45.51513704" lon="15.20321835" >
      <name>rte1_768</name>
      <ele>180.00</ele>
    </rtept>
    <rtept lat="45.51506498" lon="15.20325648" >
      <name>rte1_769</name>
      <ele>184.07</ele>
    </rtept>
    <rtept lat="45.51499291" lon="15.20330102" >
      <name>rte1_770</name>
      <ele>184.07</ele>
    </rtept>
    <rtept lat="45.51491634" lon="15.20334554" >
      <name>rte1_771</name>
      <ele>184.07</ele>
    </rtept>
    <rtept lat="45.51483527" lon="15.20339644" >
      <name>rte1_772</name>
      <ele>180.00</ele>
    </rtept>
    <rtept lat="45.51479022" lon="15.20342828" >
      <name>rte1_773</name>
      <ele>180.00</ele>
    </rtept>
    <rtept lat="45.51474967" lon="15.20346013" >
      <name>rte1_774</name>
      <ele>180.00</ele>
    </rtept>
    <rtept lat="45.51469556" lon="15.20352393" >
      <name>rte1_775</name>
      <ele>180.00</ele>
    </rtept>
    <rtept lat="45.51469990" lon="15.20361354" >
      <name>rte1_776</name>
      <ele>186.23</ele>
    </rtept>
    <rtept lat="45.51469525" lon="15.20369672" >
      <name>rte1_777</name>
      <ele>186.23</ele>
    </rtept>
    <rtept lat="45.51467260" lon="15.20377983" >
      <name>rte1_778</name>
      <ele>180.00</ele>
    </rtept>
    <rtept lat="45.51462746" lon="15.20386286" >
      <name>rte1_779</name>
      <ele>180.00</ele>
    </rtept>
    <rtept lat="45.51455086" lon="15.20392658" >
      <name>rte1_780</name>
      <ele>190.34</ele>
    </rtept>
    <rtept lat="45.51447434" lon="15.20394550" >
      <name>rte1_781</name>
      <ele>190.34</ele>
    </rtept>
    <rtept lat="45.51439788" lon="15.20393242" >
      <name>rte1_782</name>
      <ele>190.00</ele>
    </rtept>
    <rtept lat="45.51432145" lon="15.20390015" >
      <name>rte1_783</name>
      <ele>190.00</ele>
    </rtept>
    <rtept lat="45.51423603" lon="15.20386144" >
      <name>rte1_784</name>
      <ele>180.00</ele>
    </rtept>
    <rtept lat="45.51415060" lon="15.20382913" >
      <name>rte1_785</name>
      <ele>186.00</ele>
    </rtept>
    <rtept lat="45.51406514" lon="15.20381602" >
      <name>rte1_786</name>
      <ele>186.00</ele>
    </rtept>
    <rtept lat="45.51402015" lon="15.20381585" >
      <name>rte1_787</name>
      <ele>186.00</ele>
    </rtept>
    <rtept lat="45.51397512" lon="15.20383489" >
      <name>rte1_788</name>
      <ele>191.82</ele>
    </rtept>
    <rtept lat="45.51388959" lon="15.20386017" >
      <name>rte1_789</name>
      <ele>191.82</ele>
    </rtept>
    <rtept lat="45.51381305" lon="15.20389189" >
      <name>rte1_790</name>
      <ele>195.00</ele>
    </rtept>
    <rtept lat="45.51374101" lon="15.20391723" >
      <name>rte1_791</name>
      <ele>195.63</ele>
    </rtept>
    <rtept lat="45.51367347" lon="15.20394898" >
      <name>rte1_792</name>
      <ele>195.63</ele>
    </rtept>
    <rtept lat="45.51360592" lon="15.20398073" >
      <name>rte1_793</name>
      <ele>195.63</ele>
    </rtept>
    <rtept lat="45.51354287" lon="15.20401250" >
      <name>rte1_794</name>
      <ele>200.00</ele>
    </rtept>
    <rtept lat="45.51347983" lon="15.20404427" >
      <name>rte1_795</name>
      <ele>200.00</ele>
    </rtept>
    <rtept lat="45.51342128" lon="15.20407605" >
      <name>rte1_796</name>
      <ele>200.00</ele>
    </rtept>
    <rtept lat="45.51336272" lon="15.20411424" >
      <name>rte1_797</name>
      <ele>200.00</ele>
    </rtept>
    <rtept lat="45.51330416" lon="15.20415242" >
      <name>rte1_798</name>
      <ele>200.00</ele>
    </rtept>
    <rtept lat="45.51324560" lon="15.20419060" >
      <name>rte1_799</name>
      <ele>203.40</ele>
    </rtept>
    <rtept lat="45.51318253" lon="15.20423517" >
      <name>rte1_800</name>
      <ele>203.40</ele>
    </rtept>
    <rtept lat="45.51312396" lon="15.20427975" >
      <name>rte1_801</name>
      <ele>203.40</ele>
    </rtept>
    <rtept lat="45.51306088" lon="15.20433072" >
      <name>rte1_802</name>
      <ele>210.00</ele>
    </rtept>
    <rtept lat="45.51299780" lon="15.20438168" >
      <name>rte1_803</name>
      <ele>210.00</ele>
    </rtept>
    <rtept lat="45.51293469" lon="15.20444545" >
      <name>rte1_804</name>
      <ele>210.00</ele>
    </rtept>
    <rtept lat="45.51275004" lon="15.20454716" >
      <name>rte1_805</name>
      <ele>210.00</ele>
    </rtept>
    <rtept lat="45.51269621" lon="15.20445737" >
      <name>rte1_806</name>
      <ele>210.00</ele>
    </rtept>
    <rtept lat="45.51259742" lon="15.20434822" >
      <name>rte1_807</name>
      <ele>210.00</ele>
    </rtept>
    <rtept lat="45.51245806" lon="15.20428372" >
      <name>rte1_808</name>
      <ele>210.00</ele>
    </rtept>
    <rtept lat="45.51231896" lon="15.20407843" >
      <name>rte1_809</name>
      <ele>209.80</ele>
    </rtept>
    <rtept lat="45.51222461" lon="15.20400129" >
      <name>rte1_810</name>
      <ele>209.80</ele>
    </rtept>
    <rtept lat="45.51212125" lon="15.20393692" >
      <name>rte1_811</name>
      <ele>210.00</ele>
    </rtept>
    <rtept lat="45.51196390" lon="15.20386596" >
      <name>rte1_812</name>
      <ele>210.00</ele>
    </rtept>
    <rtept lat="45.51180659" lon="15.20377579" >
      <name>rte1_813</name>
      <ele>208.80</ele>
    </rtept>
    <rtept lat="45.51163122" lon="15.20371756" >
      <name>rte1_814</name>
      <ele>208.40</ele>
    </rtept>
    <rtept lat="45.51148737" lon="15.20364665" >
      <name>rte1_815</name>
      <ele>210.00</ele>
    </rtept>
    <rtept lat="45.51135257" lon="15.20355017" >
      <name>rte1_816</name>
      <ele>210.00</ele>
    </rtept>
    <rtept lat="45.51122668" lon="15.20349851" >
      <name>rte1_817</name>
      <ele>210.00</ele>
    </rtept>
    <rtept lat="45.51079521" lon="15.20324738" >
      <name>rte1_818</name>
      <ele>210.00</ele>
    </rtept>
    <rtept lat="45.51072779" lon="15.20320874" >
      <name>rte1_819</name>
      <ele>210.00</ele>
    </rtept>
    <rtept lat="45.51066037" lon="15.20317010" >
      <name>rte1_820</name>
      <ele>210.00</ele>
    </rtept>
    <rtept lat="45.51059294" lon="15.20313785" >
      <name>rte1_821</name>
      <ele>210.00</ele>
    </rtept>
    <rtept lat="45.51052552" lon="15.20309921" >
      <name>rte1_822</name>
      <ele>210.00</ele>
    </rtept>
    <rtept lat="45.51045359" lon="15.20306696" >
      <name>rte1_823</name>
      <ele>210.00</ele>
    </rtept>
    <rtept lat="45.51037717" lon="15.20302829" >
      <name>rte1_824</name>
      <ele>203.50</ele>
    </rtept>
    <rtept lat="45.51030075" lon="15.20298961" >
      <name>rte1_825</name>
      <ele>203.50</ele>
    </rtept>
    <rtept lat="45.51021533" lon="15.20295091" >
      <name>rte1_826</name>
      <ele>203.50</ele>
    </rtept>
    <rtept lat="45.51013895" lon="15.20289304" >
      <name>rte1_827</name>
      <ele>201.70</ele>
    </rtept>
    <rtept lat="45.51007157" lon="15.20283520" >
      <name>rte1_828</name>
      <ele>201.10</ele>
    </rtept>
    <rtept lat="45.51001312" lon="15.20280939" >
      <name>rte1_829</name>
      <ele>201.10</ele>
    </rtept>
    <rtept lat="45.50995906" lon="15.20284759" >
      <name>rte1_830</name>
      <ele>201.10</ele>
    </rtept>
    <rtept lat="45.50989142" lon="15.20293054" >
      <name>rte1_831</name>
      <ele>200.00</ele>
    </rtept>
    <rtept lat="45.50984176" lon="15.20302634" >
      <name>rte1_832</name>
      <ele>200.00</ele>
    </rtept>
    <rtept lat="45.50980110" lon="15.20312218" >
      <name>rte1_833</name>
      <ele>200.00</ele>
    </rtept>
    <rtept lat="45.50976943" lon="15.20321805" >
      <name>rte1_834</name>
      <ele>200.00</ele>
    </rtept>
    <rtept lat="45.50973775" lon="15.20332032" >
      <name>rte1_835</name>
      <ele>200.00</ele>
    </rtept>
    <rtept lat="45.50970158" lon="15.20341618" >
      <name>rte1_836</name>
      <ele>200.00</ele>
    </rtept>
    <rtept lat="45.50965641" lon="15.20351840" >
      <name>rte1_837</name>
      <ele>200.00</ele>
    </rtept>
    <rtept lat="45.50962932" lon="15.20356949" >
      <name>rte1_838</name>
      <ele>200.00</ele>
    </rtept>
    <rtept lat="45.50959773" lon="15.20362057" >
      <name>rte1_839</name>
      <ele>200.00</ele>
    </rtept>
    <rtept lat="45.50955716" lon="15.20366522" >
      <name>rte1_840</name>
      <ele>200.00</ele>
    </rtept>
    <rtept lat="45.50951660" lon="15.20370347" >
      <name>rte1_841</name>
      <ele>200.00</ele>
    </rtept>
    <rtept lat="45.50944000" lon="15.20376718" >
      <name>rte1_842</name>
      <ele>201.00</ele>
    </rtept>
    <rtept lat="45.50936342" lon="15.20381809" >
      <name>rte1_843</name>
      <ele>201.00</ele>
    </rtept>
    <rtept lat="45.50928685" lon="15.20386261" >
      <name>rte1_844</name>
      <ele>203.20</ele>
    </rtept>
    <rtept lat="45.50921029" lon="15.20390072" >
      <name>rte1_845</name>
      <ele>200.00</ele>
    </rtept>
    <rtept lat="45.50913370" lon="15.20395803" >
      <name>rte1_846</name>
      <ele>200.00</ele>
    </rtept>
    <rtept lat="45.50909765" lon="15.20398990" >
      <name>rte1_847</name>
      <ele>200.00</ele>
    </rtept>
    <rtept lat="45.50905709" lon="15.20402814" >
      <name>rte1_848</name>
      <ele>200.00</ele>
    </rtept>
    <rtept lat="45.50902103" lon="15.20406641" >
      <name>rte1_849</name>
      <ele>200.00</ele>
    </rtept>
    <rtept lat="45.50898943" lon="15.20412388" >
      <name>rte1_850</name>
      <ele>200.00</ele>
    </rtept>
    <rtept lat="45.50893530" lon="15.20420047" >
      <name>rte1_851</name>
      <ele>200.00</ele>
    </rtept>
    <rtept lat="45.50889018" lon="15.20427070" >
      <name>rte1_852</name>
      <ele>200.00</ele>
    </rtept>
    <rtept lat="45.50884956" lon="15.20434094" >
      <name>rte1_853</name>
      <ele>200.00</ele>
    </rtept>
    <rtept lat="45.50881794" lon="15.20441121" >
      <name>rte1_854</name>
      <ele>200.00</ele>
    </rtept>
    <rtept lat="45.50878630" lon="15.20448788" >
      <name>rte1_855</name>
      <ele>200.00</ele>
    </rtept>
    <rtept lat="45.50875466" lon="15.20457095" >
      <name>rte1_856</name>
      <ele>200.00</ele>
    </rtept>
    <rtept lat="45.50872750" lon="15.20466044" >
      <name>rte1_857</name>
      <ele>200.00</ele>
    </rtept>
    <rtept lat="45.50870482" lon="15.20476274" >
      <name>rte1_858</name>
      <ele>200.00</ele>
    </rtept>
    <rtept lat="45.50868214" lon="15.20486504" >
      <name>rte1_859</name>
      <ele>200.00</ele>
    </rtept>
    <rtept lat="45.50868644" lon="15.20497384" >
      <name>rte1_860</name>
      <ele>200.00</ele>
    </rtept>
    <rtept lat="45.50870424" lon="15.20508269" >
      <name>rte1_861</name>
      <ele>200.00</ele>
    </rtept>
    <rtept lat="45.50873103" lon="15.20519797" >
      <name>rte1_862</name>
      <ele>200.00</ele>
    </rtept>
    <rtept lat="45.50876231" lon="15.20531327" >
      <name>rte1_863</name>
      <ele>200.00</ele>
    </rtept>
    <rtept lat="45.50877571" lon="15.20537091" >
      <name>rte1_864</name>
      <ele>200.00</ele>
    </rtept>
    <rtept lat="45.50879359" lon="15.20543496" >
      <name>rte1_865</name>
      <ele>200.00</ele>
    </rtept>
    <rtept lat="45.50882037" lon="15.20555024" >
      <name>rte1_866</name>
      <ele>200.00</ele>
    </rtept>
    <rtept lat="45.50883816" lon="15.20566549" >
      <name>rte1_867</name>
      <ele>205.00</ele>
    </rtept>
    <rtept lat="45.50884249" lon="15.20576149" >
      <name>rte1_868</name>
      <ele>205.00</ele>
    </rtept>
    <rtept lat="45.50884231" lon="15.20585747" >
      <name>rte1_869</name>
      <ele>202.60</ele>
    </rtept>
    <rtept lat="45.50884666" lon="15.20594068" >
      <name>rte1_870</name>
      <ele>202.60</ele>
    </rtept>
    <rtept lat="45.50884651" lon="15.20602386" >
      <name>rte1_871</name>
      <ele>202.60</ele>
    </rtept>
    <rtept lat="45.50885087" lon="15.20610067" >
      <name>rte1_872</name>
      <ele>200.00</ele>
    </rtept>
    <rtept lat="45.50885073" lon="15.20617745" >
      <name>rte1_873</name>
      <ele>200.00</ele>
    </rtept>
    <rtept lat="45.50884610" lon="15.20624783" >
      <name>rte1_874</name>
      <ele>200.00</ele>
    </rtept>
    <rtept lat="45.50884596" lon="15.20632461" >
      <name>rte1_875</name>
      <ele>200.00</ele>
    </rtept>
    <rtept lat="45.50884133" lon="15.20639499" >
      <name>rte1_876</name>
      <ele>200.00</ele>
    </rtept>
    <rtept lat="45.50883670" lon="15.20647176" >
      <name>rte1_877</name>
      <ele>200.00</ele>
    </rtept>
    <rtept lat="45.50883206" lon="15.20654853" >
      <name>rte1_878</name>
      <ele>200.00</ele>
    </rtept>
    <rtept lat="45.50882291" lon="15.20663168" >
      <name>rte1_879</name>
      <ele>200.00</ele>
    </rtept>
    <rtept lat="45.50881824" lon="15.20672125" >
      <name>rte1_880</name>
      <ele>200.00</ele>
    </rtept>
    <rtept lat="45.50880907" lon="15.20681720" >
      <name>rte1_881</name>
      <ele>195.80</ele>
    </rtept>
    <rtept lat="45.50879537" lon="15.20692593" >
      <name>rte1_882</name>
      <ele>195.80</ele>
    </rtept>
    <rtept lat="45.50878616" lon="15.20704108" >
      <name>rte1_883</name>
      <ele>195.80</ele>
    </rtept>
    <rtept lat="45.50876345" lon="15.20716258" >
      <name>rte1_884</name>
      <ele>194.30</ele>
    </rtept>
    <rtept lat="45.50873624" lon="15.20727766" >
      <name>rte1_885</name>
      <ele>194.30</ele>
    </rtept>
    <rtept lat="45.50870455" lon="15.20738632" >
      <name>rte1_886</name>
      <ele>200.00</ele>
    </rtept>
    <rtept lat="45.50866389" lon="15.20747576" >
      <name>rte1_887</name>
      <ele>200.00</ele>
    </rtept>
    <rtept lat="45.50861424" lon="15.20755876" >
      <name>rte1_888</name>
      <ele>200.00</ele>
    </rtept>
    <rtept lat="45.50855113" lon="15.20762892" >
      <name>rte1_889</name>
      <ele>194.80</ele>
    </rtept>
    <rtept lat="45.50847903" lon="15.20768624" >
      <name>rte1_890</name>
      <ele>193.70</ele>
    </rtept>
    <rtept lat="45.50839795" lon="15.20773713" >
      <name>rte1_891</name>
      <ele>193.70</ele>
    </rtept>
    <rtept lat="45.50834844" lon="15.20774974" >
      <name>rte1_892</name>
      <ele>191.00</ele>
    </rtept>
    <rtept lat="45.50830342" lon="15.20776237" >
      <name>rte1_893</name>
      <ele>191.00</ele>
    </rtept>
    <rtept lat="45.50822242" lon="15.20776847" >
      <name>rte1_894</name>
      <ele>191.00</ele>
    </rtept>
    <rtept lat="45.50814596" lon="15.20775539" >
      <name>rte1_895</name>
      <ele>191.00</ele>
    </rtept>
    <rtept lat="45.50806951" lon="15.20773591" >
      <name>rte1_896</name>
      <ele>190.00</ele>
    </rtept>
    <rtept lat="45.50799758" lon="15.20770365" >
      <name>rte1_897</name>
      <ele>190.00</ele>
    </rtept>
    <rtept lat="45.50792116" lon="15.20766497" >
      <name>rte1_898</name>
      <ele>190.00</ele>
    </rtept>
    <rtept lat="45.50784476" lon="15.20761990" >
      <name>rte1_899</name>
      <ele>190.00</ele>
    </rtept>
    <rtept lat="45.50776386" lon="15.20757480" >
      <name>rte1_900</name>
      <ele>190.00</ele>
    </rtept>
    <rtept lat="45.50771442" lon="15.20754263" >
      <name>rte1_901</name>
      <ele>190.00</ele>
    </rtept>
    <rtept lat="45.50766498" lon="15.20751685" >
      <name>rte1_902</name>
      <ele>182.60</ele>
    </rtept>
    <rtept lat="45.50762003" lon="15.20749109" >
      <name>rte1_903</name>
      <ele>182.60</ele>
    </rtept>
    <rtept lat="45.50757510" lon="15.20745893" >
      <name>rte1_904</name>
      <ele>182.60</ele>
    </rtept>
    <rtept lat="45.50749421" lon="15.20740744" >
      <name>rte1_905</name>
      <ele>182.60</ele>
    </rtept>
    <rtept lat="45.50741784" lon="15.20734316" >
      <name>rte1_906</name>
      <ele>180.00</ele>
    </rtept>
    <rtept lat="45.50735049" lon="15.20726613" >
      <name>rte1_907</name>
      <ele>180.00</ele>
    </rtept>
    <rtept lat="45.50730115" lon="15.20718276" >
      <name>rte1_908</name>
      <ele>180.00</ele>
    </rtept>
    <rtept lat="45.50726536" lon="15.20707385" >
      <name>rte1_909</name>
      <ele>180.00</ele>
    </rtept>
    <rtept lat="45.50724758" lon="15.20695221" >
      <name>rte1_910</name>
      <ele>180.00</ele>
    </rtept>
    <rtept lat="45.50724315" lon="15.20691380" >
      <name>rte1_911</name>
      <ele>180.00</ele>
    </rtept>
    <rtept lat="45.50723872" lon="15.20687539" >
      <name>rte1_912</name>
      <ele>180.00</ele>
    </rtept>
    <rtept lat="45.50707237" lon="15.20681078" >
      <name>rte1_913</name>
      <ele>180.00</ele>
    </rtept>
    <rtept lat="45.50688305" lon="15.20700205" >
      <name>rte1_914</name>
      <ele>180.00</ele>
    </rtept>
    <rtept lat="45.50665749" lon="15.20732755" >
      <name>rte1_915</name>
      <ele>180.00</ele>
    </rtept>
    <rtept lat="45.50649493" lon="15.20764688" >
      <name>rte1_916</name>
      <ele>180.00</ele>
    </rtept>
    <rtept lat="45.50631876" lon="15.20803015" >
      <name>rte1_917</name>
      <ele>180.00</ele>
    </rtept>
    <rtept lat="45.50613844" lon="15.20822144" >
      <name>rte1_918</name>
      <ele>180.00</ele>
    </rtept>
    <rtept lat="45.50595374" lon="15.20834233" >
      <name>rte1_919</name>
      <ele>180.00</ele>
    </rtept>
    <rtept lat="45.50573321" lon="15.20837990" >
      <name>rte1_920</name>
      <ele>180.00</ele>
    </rtept>
    <rtept lat="45.50550814" lon="15.20843665" >
      <name>rte1_921</name>
      <ele>185.20</ele>
    </rtept>
    <rtept lat="45.50526051" lon="15.20853171" >
      <name>rte1_922</name>
      <ele>185.50</ele>
    </rtept>
    <rtept lat="45.50507591" lon="15.20860141" >
      <name>rte1_923</name>
      <ele>182.50</ele>
    </rtept>
    <rtept lat="45.50492264" lon="15.20876080" >
      <name>rte1_924</name>
      <ele>185.60</ele>
    </rtept>
    <rtept lat="45.50485469" lon="15.20901009" >
      <name>rte1_925</name>
      <ele>190.00</ele>
    </rtept>
    <rtept lat="45.50476405" lon="15.20936807" >
      <name>rte1_926</name>
      <ele>190.00</ele>
    </rtept>
    <rtept lat="45.50462831" lon="15.20977707" >
      <name>rte1_927</name>
      <ele>190.00</ele>
    </rtept>
    <rtept lat="45.50444732" lon="15.21032666" >
      <name>rte1_928</name>
      <ele>195.29</ele>
    </rtept>
    <rtept lat="45.50435694" lon="15.21054387" >
      <name>rte1_929</name>
      <ele>195.29</ele>
    </rtept>
    <rtept lat="45.50422160" lon="15.21073531" >
      <name>rte1_930</name>
      <ele>200.00</ele>
    </rtept>
    <rtept lat="45.50404120" lon="15.21096498" >
      <name>rte1_931</name>
      <ele>205.00</ele>
    </rtept>
    <rtept lat="45.50377078" lon="15.21121350" >
      <name>rte1_932</name>
      <ele>205.00</ele>
    </rtept>
    <rtept lat="45.50361306" lon="15.21134727" >
      <name>rte1_933</name>
      <ele>205.00</ele>
    </rtept>
    <rtept lat="45.50331557" lon="15.21163408" >
      <name>rte1_934</name>
      <ele>206.70</ele>
    </rtept>
    <rtept lat="45.50323896" lon="15.21170417" >
      <name>rte1_935</name>
      <ele>206.70</ele>
    </rtept>
    <rtept lat="45.50316653" lon="15.21194063" >
      <name>rte1_936</name>
      <ele>210.00</ele>
    </rtept>
    <rtept lat="45.50312143" lon="15.21199805" >
      <name>rte1_937</name>
      <ele>210.00</ele>
    </rtept>
    <rtept lat="45.50308082" lon="15.21205548" >
      <name>rte1_938</name>
      <ele>210.00</ele>
    </rtept>
    <rtept lat="45.50304024" lon="15.21210651" >
      <name>rte1_939</name>
      <ele>210.00</ele>
    </rtept>
    <rtept lat="45.50300413" lon="15.21216396" >
      <name>rte1_940</name>
      <ele>212.72</ele>
    </rtept>
    <rtept lat="45.50296804" lon="15.21221501" >
      <name>rte1_941</name>
      <ele>212.72</ele>
    </rtept>
    <rtept lat="45.50293194" lon="15.21227246" >
      <name>rte1_942</name>
      <ele>210.00</ele>
    </rtept>
    <rtept lat="45.50290035" lon="15.21232353" >
      <name>rte1_943</name>
      <ele>210.00</ele>
    </rtept>
    <rtept lat="45.50286875" lon="15.21238099" >
      <name>rte1_944</name>
      <ele>210.00</ele>
    </rtept>
    <rtept lat="45.50283716" lon="15.21243206" >
      <name>rte1_945</name>
      <ele>210.00</ele>
    </rtept>
    <rtept lat="45.50280556" lon="15.21248952" >
      <name>rte1_946</name>
      <ele>211.58</ele>
    </rtept>
    <rtept lat="45.50277394" lon="15.21255338" >
      <name>rte1_947</name>
      <ele>211.58</ele>
    </rtept>
    <rtept lat="45.50274233" lon="15.21261725" >
      <name>rte1_948</name>
      <ele>211.58</ele>
    </rtept>
    <rtept lat="45.50270621" lon="15.21268109" >
      <name>rte1_949</name>
      <ele>210.00</ele>
    </rtept>
    <rtept lat="45.50267459" lon="15.21275136" >
      <name>rte1_950</name>
      <ele>210.00</ele>
    </rtept>
    <rtept lat="45.50263846" lon="15.21282160" >
      <name>rte1_951</name>
      <ele>210.00</ele>
    </rtept>
    <rtept lat="45.50260681" lon="15.21290466" >
      <name>rte1_952</name>
      <ele>210.00</ele>
    </rtept>
    <rtept lat="45.50257972" lon="15.21295574" >
      <name>rte1_953</name>
      <ele>210.00</ele>
    </rtept>
    <rtept lat="45.50255261" lon="15.21301322" >
      <name>rte1_954</name>
      <ele>210.00</ele>
    </rtept>
    <rtept lat="45.50250743" lon="15.21311542" >
      <name>rte1_955</name>
      <ele>210.00</ele>
    </rtept>
    <rtept lat="45.50247125" lon="15.21321126" >
      <name>rte1_956</name>
      <ele>210.00</ele>
    </rtept>
    <rtept lat="45.50243958" lon="15.21330711" >
      <name>rte1_957</name>
      <ele>210.00</ele>
    </rtept>
    <rtept lat="45.50241239" lon="15.21340938" >
      <name>rte1_958</name>
      <ele>210.00</ele>
    </rtept>
    <rtept lat="45.50238519" lon="15.21351805" >
      <name>rte1_959</name>
      <ele>211.15</ele>
    </rtept>
    <rtept lat="45.50236248" lon="15.21363313" >
      <name>rte1_960</name>
      <ele>211.15</ele>
    </rtept>
    <rtept lat="45.50235336" lon="15.21369708" >
      <name>rte1_961</name>
      <ele>211.15</ele>
    </rtept>
    <rtept lat="45.50234423" lon="15.21376742" >
      <name>rte1_962</name>
      <ele>214.40</ele>
    </rtept>
    <rtept lat="45.50220900" lon="15.21390127" >
      <name>rte1_963</name>
      <ele>210.00</ele>
    </rtept>
    <rtept lat="45.50214151" lon="15.21390101" >
      <name>rte1_964</name>
      <ele>210.00</ele>
    </rtept>
    <rtept lat="45.50200184" lon="15.21400285" >
      <name>rte1_965</name>
      <ele>210.00</ele>
    </rtept>
    <rtept lat="45.50189368" lon="15.21409841" >
      <name>rte1_966</name>
      <ele>210.00</ele>
    </rtept>
    <rtept lat="45.50176754" lon="15.21418111" >
      <name>rte1_967</name>
      <ele>210.00</ele>
    </rtept>
    <rtept lat="45.50154784" lon="15.21377718" >
      <name>rte1_968</name>
      <ele>200.00</ele>
    </rtept>
    <rtept lat="45.50152546" lon="15.21371311" >
      <name>rte1_969</name>
      <ele>200.00</ele>
    </rtept>
    <rtept lat="45.50150308" lon="15.21365544" >
      <name>rte1_970</name>
      <ele>200.00</ele>
    </rtept>
    <rtept lat="45.50148519" lon="15.21359779" >
      <name>rte1_971</name>
      <ele>200.00</ele>
    </rtept>
    <rtept lat="45.50146280" lon="15.21354012" >
      <name>rte1_972</name>
      <ele>200.00</ele>
    </rtept>
    <rtept lat="45.50142251" lon="15.21343120" >
      <name>rte1_973</name>
      <ele>200.00</ele>
    </rtept>
    <rtept lat="45.50138221" lon="15.21332868" >
      <name>rte1_974</name>
      <ele>191.80</ele>
    </rtept>
    <rtept lat="45.50133741" lon="15.21322614" >
      <name>rte1_975</name>
      <ele>191.80</ele>
    </rtept>
    <rtept lat="45.50129710" lon="15.21313001" >
      <name>rte1_976</name>
      <ele>191.80</ele>
    </rtept>
    <rtept lat="45.50125229" lon="15.21303387" >
      <name>rte1_977</name>
      <ele>190.00</ele>
    </rtept>
    <rtept lat="45.50120748" lon="15.21293773" >
      <name>rte1_978</name>
      <ele>190.00</ele>
    </rtept>
    <rtept lat="45.50116716" lon="15.21284160" >
      <name>rte1_979</name>
      <ele>190.00</ele>
    </rtept>
    <rtept lat="45.50112235" lon="15.21274546" >
      <name>rte1_980</name>
      <ele>185.00</ele>
    </rtept>
    <rtept lat="45.50107755" lon="15.21264292" >
      <name>rte1_981</name>
      <ele>185.00</ele>
    </rtept>
    <rtept lat="45.50103276" lon="15.21253398" >
      <name>rte1_982</name>
      <ele>185.00</ele>
    </rtept>
    <rtept lat="45.50098798" lon="15.21242504" >
      <name>rte1_983</name>
      <ele>182.98</ele>
    </rtept>
    <rtept lat="45.50096559" lon="15.21236737" >
      <name>rte1_984</name>
      <ele>182.98</ele>
    </rtept>
    <rtept lat="45.50094320" lon="15.21230971" >
      <name>rte1_985</name>
      <ele>182.98</ele>
    </rtept>
    <rtept lat="45.50092082" lon="15.21224564" >
      <name>rte1_986</name>
      <ele>180.00</ele>
    </rtept>
    <rtept lat="45.50089845" lon="15.21218158" >
      <name>rte1_987</name>
      <ele>180.00</ele>
    </rtept>
    <rtept lat="45.50087607" lon="15.21211751" >
      <name>rte1_988</name>
      <ele>180.00</ele>
    </rtept>
    <rtept lat="45.50085819" lon="15.21205346" >
      <name>rte1_989</name>
      <ele>180.00</ele>
    </rtept>
    <rtept lat="45.50082689" lon="15.21195097" >
      <name>rte1_990</name>
      <ele>180.00</ele>
    </rtept>
    <rtept lat="45.50080459" lon="15.21184852" >
      <name>rte1_991</name>
      <ele>180.00</ele>
    </rtept>
    <rtept lat="45.50078676" lon="15.21175888" >
      <name>rte1_992</name>
      <ele>177.40</ele>
    </rtept>
    <rtept lat="45.50077793" lon="15.21166927" >
      <name>rte1_993</name>
      <ele>177.40</ele>
    </rtept>
    <rtept lat="45.50072477" lon="15.21122121" >
      <name>rte1_994</name>
      <ele>170.00</ele>
    </rtept>
    <rtept lat="45.50071142" lon="15.21114438" >
      <name>rte1_995</name>
      <ele>175.00</ele>
    </rtept>
    <rtept lat="45.50070257" lon="15.21106117" >
      <name>rte1_996</name>
      <ele>175.00</ele>
    </rtept>
    <rtept lat="45.50070274" lon="15.21097160" >
      <name>rte1_997</name>
      <ele>175.00</ele>
    </rtept>
    <rtept lat="45.50070743" lon="15.21086925" >
      <name>rte1_998</name>
      <ele>175.00</ele>
    </rtept>
    <rtept lat="45.50072561" lon="15.21077334" >
      <name>rte1_999</name>
      <ele>164.76</ele>
    </rtept>
    <rtept lat="45.50075279" lon="15.21067108" >
      <name>rte1_1000</name>
      <ele>164.76</ele>
    </rtept>
    <rtept lat="45.50079796" lon="15.21057527" >
      <name>rte1_1001</name>
      <ele>164.76</ele>
    </rtept>
    <rtept lat="45.50086112" lon="15.21048594" >
      <name>rte1_1002</name>
      <ele>160.26</ele>
    </rtept>
    <rtept lat="45.50090171" lon="15.21043491" >
      <name>rte1_1003</name>
      <ele>160.26</ele>
    </rtept>
    <rtept lat="45.50094228" lon="15.21039027" >
      <name>rte1_1004</name>
      <ele>161.56</ele>
    </rtept>
    <rtept lat="45.50097835" lon="15.21035202" >
      <name>rte1_1005</name>
      <ele>161.56</ele>
    </rtept>
    <rtept lat="45.50101891" lon="15.21031378" >
      <name>rte1_1006</name>
      <ele>161.56</ele>
    </rtept>
    <rtept lat="45.50109552" lon="15.21025009" >
      <name>rte1_1007</name>
      <ele>161.56</ele>
    </rtept>
    <rtept lat="45.50117210" lon="15.21019919" >
      <name>rte1_1008</name>
      <ele>160.69</ele>
    </rtept>
    <rtept lat="45.50124868" lon="15.21014829" >
      <name>rte1_1009</name>
      <ele>160.69</ele>
    </rtept>
    <rtept lat="45.50132976" lon="15.21009741" >
      <name>rte1_1010</name>
      <ele>160.69</ele>
    </rtept>
    <rtept lat="45.50137481" lon="15.21006559" >
      <name>rte1_1011</name>
      <ele>160.69</ele>
    </rtept>
    <rtept lat="45.50141987" lon="15.21003377" >
      <name>rte1_1012</name>
      <ele>161.34</ele>
    </rtept>
    <rtept lat="45.50146492" lon="15.21000195" >
      <name>rte1_1013</name>
      <ele>161.34</ele>
    </rtept>
    <rtept lat="45.50151447" lon="15.20997014" >
      <name>rte1_1014</name>
      <ele>161.34</ele>
    </rtept>
    <rtept lat="45.50156855" lon="15.20991916" >
      <name>rte1_1015</name>
      <ele>161.34</ele>
    </rtept>
    <rtept lat="45.50161365" lon="15.20986175" >
      <name>rte1_1016</name>
      <ele>150.00</ele>
    </rtept>
    <rtept lat="45.50165425" lon="15.20980431" >
      <name>rte1_1017</name>
      <ele>150.00</ele>
    </rtept>
    <rtept lat="45.50168588" lon="15.20973405" >
      <name>rte1_1018</name>
      <ele>150.00</ele>
    </rtept>
    <rtept lat="45.50170852" lon="15.20965736" >
      <name>rte1_1019</name>
      <ele>150.00</ele>
    </rtept>
    <rtept lat="45.50172665" lon="15.20958065" >
      <name>rte1_1020</name>
      <ele>150.00</ele>
    </rtept>
    <rtept lat="45.50173131" lon="15.20949749" >
      <name>rte1_1021</name>
      <ele>150.00</ele>
    </rtept>
    <rtept lat="45.50173597" lon="15.20940793" >
      <name>rte1_1022</name>
      <ele>150.00</ele>
    </rtept>
    <rtept lat="45.50169113" lon="15.20932459" >
      <name>rte1_1023</name>
      <ele>150.00</ele>
    </rtept>
    <rtept lat="45.50165074" lon="15.20927325" >
      <name>rte1_1024</name>
      <ele>150.00</ele>
    </rtept>
    <rtept lat="45.50158784" lon="15.20922183" >
      <name>rte1_1025</name>
      <ele>151.40</ele>
    </rtept>
    <rtept lat="45.50153385" lon="15.20922163" >
      <name>rte1_1026</name>
      <ele>151.40</ele>
    </rtept>
    <rtept lat="45.50149331" lon="15.20924707" >
      <name>rte1_1027</name>
      <ele>151.40</ele>
    </rtept>
    <rtept lat="45.50143024" lon="15.20929162" >
      <name>rte1_1028</name>
      <ele>150.00</ele>
    </rtept>
    <rtept lat="45.50137167" lon="15.20933619" >
      <name>rte1_1029</name>
      <ele>152.20</ele>
    </rtept>
    <rtept lat="45.50131759" lon="15.20938078" >
      <name>rte1_1030</name>
      <ele>152.20</ele>
    </rtept>
    <rtept lat="45.50126802" lon="15.20942538" >
      <name>rte1_1031</name>
      <ele>152.20</ele>
    </rtept>
    <rtept lat="45.50121843" lon="15.20947638" >
      <name>rte1_1032</name>
      <ele>152.20</ele>
    </rtept>
    <rtept lat="45.50117336" lon="15.20952100" >
      <name>rte1_1033</name>
      <ele>152.20</ele>
    </rtept>
    <rtept lat="45.50113278" lon="15.20956563" >
      <name>rte1_1034</name>
      <ele>157.70</ele>
    </rtept>
    <rtept lat="45.50109222" lon="15.20960387" >
      <name>rte1_1035</name>
      <ele>158.40</ele>
    </rtept>
    <rtept lat="45.50105164" lon="15.20964850" >
      <name>rte1_1036</name>
      <ele>158.40</ele>
    </rtept>
    <rtept lat="45.50101106" lon="15.20969314" >
      <name>rte1_1037</name>
      <ele>158.40</ele>
    </rtept>
    <rtept lat="45.50097500" lon="15.20973139" >
      <name>rte1_1038</name>
      <ele>158.40</ele>
    </rtept>
    <rtept lat="45.50093892" lon="15.20977604" >
      <name>rte1_1039</name>
      <ele>160.00</ele>
    </rtept>
    <rtept lat="45.50089836" lon="15.20981428" >
      <name>rte1_1040</name>
      <ele>160.00</ele>
    </rtept>
    <rtept lat="45.50086229" lon="15.20985253" >
      <name>rte1_1041</name>
      <ele>160.00</ele>
    </rtept>
    <rtept lat="45.50082173" lon="15.20989077" >
      <name>rte1_1042</name>
      <ele>160.00</ele>
    </rtept>
    <rtept lat="45.50078116" lon="15.20992901" >
      <name>rte1_1043</name>
      <ele>160.00</ele>
    </rtept>
    <rtept lat="45.50070459" lon="15.20997350" >
      <name>rte1_1044</name>
      <ele>162.81</ele>
    </rtept>
    <rtept lat="45.50063254" lon="15.21001162" >
      <name>rte1_1045</name>
      <ele>162.81</ele>
    </rtept>
    <rtept lat="45.50056500" lon="15.21003696" >
      <name>rte1_1046</name>
      <ele>162.81</ele>
    </rtept>
    <rtept lat="45.50049746" lon="15.21006230" >
      <name>rte1_1047</name>
      <ele>162.81</ele>
    </rtept>
    <rtept lat="45.50042994" lon="15.21008124" >
      <name>rte1_1048</name>
      <ele>165.00</ele>
    </rtept>
    <rtept lat="45.50036242" lon="15.21010018" >
      <name>rte1_1049</name>
      <ele>165.00</ele>
    </rtept>
    <rtept lat="45.50029037" lon="15.21013190" >
      <name>rte1_1050</name>
      <ele>165.00</ele>
    </rtept>
    <rtept lat="45.50021379" lon="15.21018280" >
      <name>rte1_1051</name>
      <ele>165.00</ele>
    </rtept>
    <rtept lat="45.50014176" lon="15.21020172" >
      <name>rte1_1052</name>
      <ele>165.00</ele>
    </rtept>
    <rtept lat="45.50008787" lon="15.21015034" >
      <name>rte1_1053</name>
      <ele>165.00</ele>
    </rtept>
    <rtept lat="45.50003397" lon="15.21009895" >
      <name>rte1_1054</name>
      <ele>168.50</ele>
    </rtept>
    <rtept lat="45.49998006" lon="15.21005396" >
      <name>rte1_1055</name>
      <ele>168.50</ele>
    </rtept>
    <rtept lat="45.49992617" lon="15.21000258" >
      <name>rte1_1056</name>
      <ele>168.50</ele>
    </rtept>
    <rtept lat="45.49986776" lon="15.20995757" >
      <name>rte1_1057</name>
      <ele>168.50</ele>
    </rtept>
    <rtept lat="45.49980487" lon="15.20990615" >
      <name>rte1_1058</name>
      <ele>172.13</ele>
    </rtept>
    <rtept lat="45.49974196" lon="15.20986113" >
      <name>rte1_1059</name>
      <ele>168.72</ele>
    </rtept>
    <rtept lat="45.49967457" lon="15.20980969" >
      <name>rte1_1060</name>
      <ele>168.72</ele>
    </rtept>
    <rtept lat="45.49961167" lon="15.20975827" >
      <name>rte1_1061</name>
      <ele>168.72</ele>
    </rtept>
    <rtept lat="45.49954877" lon="15.20971325" >
      <name>rte1_1062</name>
      <ele>175.50</ele>
    </rtept>
    <rtept lat="45.49949036" lon="15.20966825" >
      <name>rte1_1063</name>
      <ele>175.50</ele>
    </rtept>
    <rtept lat="45.49943643" lon="15.20963606" >
      <name>rte1_1064</name>
      <ele>175.50</ele>
    </rtept>
    <rtept lat="45.49938250" lon="15.20960387" >
      <name>rte1_1065</name>
      <ele>175.50</ele>
    </rtept>
    <rtept lat="45.49932856" lon="15.20957167" >
      <name>rte1_1066</name>
      <ele>180.00</ele>
    </rtept>
    <rtept lat="45.49927462" lon="15.20954588" >
      <name>rte1_1067</name>
      <ele>180.00</ele>
    </rtept>
    <rtept lat="45.49922067" lon="15.20952649" >
      <name>rte1_1068</name>
      <ele>180.00</ele>
    </rtept>
    <rtept lat="45.49916672" lon="15.20950069" >
      <name>rte1_1069</name>
      <ele>180.00</ele>
    </rtept>
    <rtept lat="45.49911276" lon="15.20948769" >
      <name>rte1_1070</name>
      <ele>180.00</ele>
    </rtept>
    <rtept lat="45.49905429" lon="15.20947468" >
      <name>rte1_1071</name>
      <ele>180.00</ele>
    </rtept>
    <rtept lat="45.49899582" lon="15.20946166" >
      <name>rte1_1072</name>
      <ele>180.00</ele>
    </rtept>
    <rtept lat="45.49893736" lon="15.20944865" >
      <name>rte1_1073</name>
      <ele>180.00</ele>
    </rtept>
    <rtept lat="45.49887438" lon="15.20944202" >
      <name>rte1_1074</name>
      <ele>185.00</ele>
    </rtept>
    <rtept lat="45.49880690" lon="15.20943537" >
      <name>rte1_1075</name>
      <ele>185.00</ele>
    </rtept>
    <rtept lat="45.49873941" lon="15.20943511" >
      <name>rte1_1076</name>
      <ele>185.00</ele>
    </rtept>
    <rtept lat="45.49866297" lon="15.20940924" >
      <name>rte1_1077</name>
      <ele>185.00</ele>
    </rtept>
    <rtept lat="45.49859102" lon="15.20938977" >
      <name>rte1_1078</name>
      <ele>185.00</ele>
    </rtept>
    <rtept lat="45.49852355" lon="15.20938312" >
      <name>rte1_1079</name>
      <ele>185.00</ele>
    </rtept>
    <rtept lat="45.49846056" lon="15.20938289" >
      <name>rte1_1080</name>
      <ele>190.00</ele>
    </rtept>
    <rtept lat="45.49840205" lon="15.20938907" >
      <name>rte1_1081</name>
      <ele>190.00</ele>
    </rtept>
    <rtept lat="45.49833905" lon="15.20939523" >
      <name>rte1_1082</name>
      <ele>190.00</ele>
    </rtept>
    <rtept lat="45.49828053" lon="15.20941420" >
      <name>rte1_1083</name>
      <ele>190.00</ele>
    </rtept>
    <rtept lat="45.49822200" lon="15.20943318" >
      <name>rte1_1084</name>
      <ele>190.00</ele>
    </rtept>
    <rtept lat="45.49801079" lon="15.20929804" >
      <name>rte1_1085</name>
      <ele>190.00</ele>
    </rtept>
    <rtept lat="45.49800198" lon="15.20919564" >
      <name>rte1_1086</name>
      <ele>190.00</ele>
    </rtept>
    <rtept lat="45.49800668" lon="15.20908689" >
      <name>rte1_1087</name>
      <ele>190.00</ele>
    </rtept>
    <rtept lat="45.49796186" lon="15.20899076" >
      <name>rte1_1088</name>
      <ele>190.00</ele>
    </rtept>
    <rtept lat="45.49792602" lon="15.20890746" >
      <name>rte1_1089</name>
      <ele>190.00</ele>
    </rtept>
    <rtept lat="45.49789468" lon="15.20882417" >
      <name>rte1_1090</name>
      <ele>190.00</ele>
    </rtept>
    <rtept lat="45.49787233" lon="15.20874731" >
      <name>rte1_1091</name>
      <ele>190.00</ele>
    </rtept>
    <rtept lat="45.49784998" lon="15.20866406" >
      <name>rte1_1092</name>
      <ele>190.00</ele>
    </rtept>
    <rtept lat="45.49783215" lon="15.20857442" >
      <name>rte1_1093</name>
      <ele>187.81</ele>
    </rtept>
    <rtept lat="45.49781883" lon="15.20847841" >
      <name>rte1_1094</name>
      <ele>187.81</ele>
    </rtept>
    <rtept lat="45.49780552" lon="15.20837599" >
      <name>rte1_1095</name>
      <ele>187.81</ele>
    </rtept>
    <rtept lat="45.49778775" lon="15.20825437" >
      <name>rte1_1096</name>
      <ele>188.75</ele>
    </rtept>
    <rtept lat="45.49777446" lon="15.20813916" >
      <name>rte1_1097</name>
      <ele>188.75</ele>
    </rtept>
    <rtept lat="45.49776565" lon="15.20803676" >
      <name>rte1_1098</name>
      <ele>188.75</ele>
    </rtept>
    <rtept lat="45.49775684" lon="15.20793437" >
      <name>rte1_1099</name>
      <ele>188.93</ele>
    </rtept>
    <rtept lat="45.49774803" lon="15.20783197" >
      <name>rte1_1100</name>
      <ele>188.93</ele>
    </rtept>
    <rtept lat="45.49773921" lon="15.20773597" >
      <name>rte1_1101</name>
      <ele>188.93</ele>
    </rtept>
    <rtept lat="45.49773487" lon="15.20764639" >
      <name>rte1_1102</name>
      <ele>188.93</ele>
    </rtept>
    <rtept lat="45.49773055" lon="15.20755041" >
      <name>rte1_1103</name>
      <ele>190.00</ele>
    </rtept>
    <rtept lat="45.49772621" lon="15.20746082" >
      <name>rte1_1104</name>
      <ele>190.00</ele>
    </rtept>
    <rtept lat="45.49772639" lon="15.20736486" >
      <name>rte1_1105</name>
      <ele>190.00</ele>
    </rtept>
    <rtept lat="45.49772657" lon="15.20726889" >
      <name>rte1_1106</name>
      <ele>190.00</ele>
    </rtept>
    <rtept lat="45.49772674" lon="15.20717293" >
      <name>rte1_1107</name>
      <ele>190.00</ele>
    </rtept>
    <rtept lat="45.49772693" lon="15.20707056" >
      <name>rte1_1108</name>
      <ele>190.00</ele>
    </rtept>
    <rtept lat="45.49773163" lon="15.20696182" >
      <name>rte1_1109</name>
      <ele>188.39</ele>
    </rtept>
    <rtept lat="45.49773183" lon="15.20685306" >
      <name>rte1_1110</name>
      <ele>188.39</ele>
    </rtept>
    <rtept lat="45.49774103" lon="15.20673793" >
      <name>rte1_1111</name>
      <ele>188.39</ele>
    </rtept>
    <rtept lat="45.49774121" lon="15.20664197" >
      <name>rte1_1112</name>
      <ele>185.00</ele>
    </rtept>
    <rtept lat="45.49774134" lon="15.20657159" >
      <name>rte1_1113</name>
      <ele>185.00</ele>
    </rtept>
    <rtept lat="45.49790822" lon="15.20634829" >
      <name>rte1_1114</name>
      <ele>179.46</ele>
    </rtept>
    <rtept lat="45.49797121" lon="15.20634852" >
      <name>rte1_1115</name>
      <ele>179.46</ele>
    </rtept>
    <rtept lat="45.49803419" lon="15.20635515" >
      <name>rte1_1116</name>
      <ele>177.64</ele>
    </rtept>
    <rtept lat="45.49809714" lon="15.20637457" >
      <name>rte1_1117</name>
      <ele>180.00</ele>
    </rtept>
    <rtept lat="45.49816460" lon="15.20638762" >
      <name>rte1_1118</name>
      <ele>180.00</ele>
    </rtept>
    <rtept lat="45.49822755" lon="15.20641344" >
      <name>rte1_1119</name>
      <ele>180.00</ele>
    </rtept>
    <rtept lat="45.49829950" lon="15.20643290" >
      <name>rte1_1120</name>
      <ele>180.00</ele>
    </rtept>
    <rtept lat="45.49837144" lon="15.20645876" >
      <name>rte1_1121</name>
      <ele>180.00</ele>
    </rtept>
    <rtept lat="45.49844787" lon="15.20649103" >
      <name>rte1_1122</name>
      <ele>180.00</ele>
    </rtept>
    <rtept lat="45.49850632" lon="15.20651044" >
      <name>rte1_1123</name>
      <ele>175.00</ele>
    </rtept>
    <rtept lat="45.49856480" lon="15.20651705" >
      <name>rte1_1124</name>
      <ele>175.00</ele>
    </rtept>
    <rtept lat="45.49861878" lon="15.20652365" >
      <name>rte1_1125</name>
      <ele>175.00</ele>
    </rtept>
    <rtept lat="45.49867278" lon="15.20651745" >
      <name>rte1_1126</name>
      <ele>175.00</ele>
    </rtept>
    <rtept lat="45.49872229" lon="15.20651123" >
      <name>rte1_1127</name>
      <ele>175.00</ele>
    </rtept>
    <rtept lat="45.49877630" lon="15.20649864" >
      <name>rte1_1128</name>
      <ele>175.00</ele>
    </rtept>
    <rtept lat="45.49883483" lon="15.20647966" >
      <name>rte1_1129</name>
      <ele>175.00</ele>
    </rtept>
    <rtept lat="45.49889784" lon="15.20646709" >
      <name>rte1_1130</name>
      <ele>175.00</ele>
    </rtept>
    <rtept lat="45.49895187" lon="15.20644810" >
      <name>rte1_1131</name>
      <ele>172.08</ele>
    </rtept>
    <rtept lat="45.49900139" lon="15.20642909" >
      <name>rte1_1132</name>
      <ele>172.08</ele>
    </rtept>
    <rtept lat="45.49905092" lon="15.20641008" >
      <name>rte1_1133</name>
      <ele>172.08</ele>
    </rtept>
    <rtept lat="45.49910046" lon="15.20638467" >
      <name>rte1_1134</name>
      <ele>172.08</ele>
    </rtept>
    <rtept lat="45.49914548" lon="15.20636564" >
      <name>rte1_1135</name>
      <ele>171.40</ele>
    </rtept>
    <rtept lat="45.49919052" lon="15.20634022" >
      <name>rte1_1136</name>
      <ele>170.00</ele>
    </rtept>
    <rtept lat="45.49923556" lon="15.20631479" >
      <name>rte1_1137</name>
      <ele>170.00</ele>
    </rtept>
    <rtept lat="45.49927610" lon="15.20628935" >
      <name>rte1_1138</name>
      <ele>170.00</ele>
    </rtept>
    <rtept lat="45.49932114" lon="15.20626392" >
      <name>rte1_1139</name>
      <ele>170.00</ele>
    </rtept>
    <rtept lat="45.49936168" lon="15.20623848" >
      <name>rte1_1140</name>
      <ele>170.00</ele>
    </rtept>
    <rtept lat="45.49943827" lon="15.20618118" >
      <name>rte1_1141</name>
      <ele>169.14</ele>
    </rtept>
    <rtept lat="45.49951486" lon="15.20612388" >
      <name>rte1_1142</name>
      <ele>169.14</ele>
    </rtept>
    <rtept lat="45.49958697" lon="15.20606017" >
      <name>rte1_1143</name>
      <ele>169.14</ele>
    </rtept>
    <rtept lat="45.49965907" lon="15.20599645" >
      <name>rte1_1144</name>
      <ele>170.00</ele>
    </rtept>
    <rtept lat="45.49973568" lon="15.20593275" >
      <name>rte1_1145</name>
      <ele>170.00</ele>
    </rtept>
    <rtept lat="45.49980778" lon="15.20586904" >
      <name>rte1_1146</name>
      <ele>170.00</ele>
    </rtept>
    <rtept lat="45.49984834" lon="15.20583080" >
      <name>rte1_1147</name>
      <ele>165.00</ele>
    </rtept>
    <rtept lat="45.49988889" lon="15.20579896" >
      <name>rte1_1148</name>
      <ele>165.00</ele>
    </rtept>
    <rtept lat="45.49992945" lon="15.20576712" >
      <name>rte1_1149</name>
      <ele>165.00</ele>
    </rtept>
    <rtept lat="45.49997000" lon="15.20573528" >
      <name>rte1_1150</name>
      <ele>165.00</ele>
    </rtept>
    <rtept lat="45.50001056" lon="15.20569704" >
      <name>rte1_1151</name>
      <ele>166.60</ele>
    </rtept>
    <rtept lat="45.50005561" lon="15.20566522" >
      <name>rte1_1152</name>
      <ele>164.60</ele>
    </rtept>
    <rtept lat="45.50010066" lon="15.20563339" >
      <name>rte1_1153</name>
      <ele>164.60</ele>
    </rtept>
    <rtept lat="45.50014571" lon="15.20560157" >
      <name>rte1_1154</name>
      <ele>164.60</ele>
    </rtept>
    <rtept lat="45.50019526" lon="15.20556976" >
      <name>rte1_1155</name>
      <ele>164.60</ele>
    </rtept>
    <rtept lat="45.50024931" lon="15.20553797" >
      <name>rte1_1156</name>
      <ele>164.60</ele>
    </rtept>
    <rtept lat="45.50033038" lon="15.20549348" >
      <name>rte1_1157</name>
      <ele>165.00</ele>
    </rtept>
    <rtept lat="45.50040240" lon="15.20547455" >
      <name>rte1_1158</name>
      <ele>165.00</ele>
    </rtept>
    <rtept lat="45.50047892" lon="15.20545563" >
      <name>rte1_1159</name>
      <ele>165.00</ele>
    </rtept>
    <rtept lat="45.50055998" lon="15.20541754" >
      <name>rte1_1160</name>
      <ele>165.00</ele>
    </rtept>
    <rtept lat="45.50060955" lon="15.20537294" >
      <name>rte1_1161</name>
      <ele>164.90</ele>
    </rtept>
    <rtept lat="45.50066361" lon="15.20533475" >
      <name>rte1_1162</name>
      <ele>164.90</ele>
    </rtept>
    <rtept lat="45.50071317" lon="15.20529654" >
      <name>rte1_1163</name>
      <ele>164.90</ele>
    </rtept>
    <rtept lat="45.50076273" lon="15.20525834" >
      <name>rte1_1164</name>
      <ele>165.00</ele>
    </rtept>
    <rtept lat="45.50081228" lon="15.20522653" >
      <name>rte1_1165</name>
      <ele>165.00</ele>
    </rtept>
    <rtept lat="45.50085734" lon="15.20518830" >
      <name>rte1_1166</name>
      <ele>165.00</ele>
    </rtept>
    <rtept lat="45.50090241" lon="15.20515008" >
      <name>rte1_1167</name>
      <ele>165.00</ele>
    </rtept>
    <rtept lat="45.50094296" lon="15.20511824" >
      <name>rte1_1168</name>
      <ele>165.00</ele>
    </rtept>
    <rtept lat="45.50098802" lon="15.20508001" >
      <name>rte1_1169</name>
      <ele>164.30</ele>
    </rtept>
    <rtept lat="45.50102857" lon="15.20504817" >
      <name>rte1_1170</name>
      <ele>164.30</ele>
    </rtept>
    <rtept lat="45.50106913" lon="15.20500993" >
      <name>rte1_1171</name>
      <ele>164.30</ele>
    </rtept>
    <rtept lat="45.50110969" lon="15.20497169" >
      <name>rte1_1172</name>
      <ele>164.30</ele>
    </rtept>
    <rtept lat="45.50115025" lon="15.20493985" >
      <name>rte1_1173</name>
      <ele>164.30</ele>
    </rtept>
    <rtept lat="45.50119081" lon="15.20490161" >
      <name>rte1_1174</name>
      <ele>164.00</ele>
    </rtept>
    <rtept lat="45.50122686" lon="15.20486975" >
      <name>rte1_1175</name>
      <ele>164.00</ele>
    </rtept>
    <rtept lat="45.50126742" lon="15.20483151" >
      <name>rte1_1176</name>
      <ele>164.00</ele>
    </rtept>
    <rtept lat="45.50130349" lon="15.20479325" >
      <name>rte1_1177</name>
      <ele>164.00</ele>
    </rtept>
    <rtept lat="45.50134405" lon="15.20475501" >
      <name>rte1_1178</name>
      <ele>164.30</ele>
    </rtept>
    <rtept lat="45.50138011" lon="15.20471676" >
      <name>rte1_1179</name>
      <ele>164.30</ele>
    </rtept>
    <rtept lat="45.50142067" lon="15.20467852" >
      <name>rte1_1180</name>
      <ele>164.39</ele>
    </rtept>
    <rtept lat="45.50145675" lon="15.20463386" >
      <name>rte1_1181</name>
      <ele>164.39</ele>
    </rtept>
    <rtept lat="45.50149731" lon="15.20459562" >
      <name>rte1_1182</name>
      <ele>164.39</ele>
    </rtept>
    <rtept lat="45.50153339" lon="15.20455096" >
      <name>rte1_1183</name>
      <ele>164.39</ele>
    </rtept>
    <rtept lat="45.50157396" lon="15.20450633" >
      <name>rte1_1184</name>
      <ele>164.39</ele>
    </rtept>
    <rtept lat="45.50161453" lon="15.20446169" >
      <name>rte1_1185</name>
      <ele>164.39</ele>
    </rtept>
    <rtept lat="45.50165061" lon="15.20441703" >
      <name>rte1_1186</name>
      <ele>164.10</ele>
    </rtept>
    <rtept lat="45.50169119" lon="15.20436599" >
      <name>rte1_1187</name>
      <ele>164.10</ele>
    </rtept>
    <rtept lat="45.50173628" lon="15.20431497" >
      <name>rte1_1188</name>
      <ele>164.10</ele>
    </rtept>
    <rtept lat="45.50177686" lon="15.20426393" >
      <name>rte1_1189</name>
      <ele>164.10</ele>
    </rtept>
    <rtept lat="45.50182195" lon="15.20421291" >
      <name>rte1_1190</name>
      <ele>164.10</ele>
    </rtept>
    <rtept lat="45.50186255" lon="15.20415548" >
      <name>rte1_1191</name>
      <ele>161.82</ele>
    </rtept>
    <rtept lat="45.50191213" lon="15.20410447" >
      <name>rte1_1192</name>
      <ele>165.00</ele>
    </rtept>
    <rtept lat="45.50195273" lon="15.20404704" >
      <name>rte1_1193</name>
      <ele>165.00</ele>
    </rtept>
    <rtept lat="45.50198430" lon="15.20400236" >
      <name>rte1_1194</name>
      <ele>165.00</ele>
    </rtept>
    <rtept lat="45.50201590" lon="15.20394490" >
      <name>rte1_1195</name>
      <ele>165.00</ele>
    </rtept>
    <rtept lat="45.50204750" lon="15.20388743" >
      <name>rte1_1196</name>
      <ele>165.00</ele>
    </rtept>
    <rtept lat="45.50207010" lon="15.20382993" >
      <name>rte1_1197</name>
      <ele>165.00</ele>
    </rtept>
    <rtept lat="45.50209719" lon="15.20377884" >
      <name>rte1_1198</name>
      <ele>165.00</ele>
    </rtept>
    <rtept lat="45.50215136" lon="15.20367666" >
      <name>rte1_1199</name>
      <ele>165.00</ele>
    </rtept>
    <rtept lat="45.50220103" lon="15.20358087" >
      <name>rte1_1200</name>
      <ele>165.00</ele>
    </rtept>
    <rtept lat="45.50225067" lon="15.20349787" >
      <name>rte1_1201</name>
      <ele>164.20</ele>
    </rtept>
    <rtept lat="45.50229582" lon="15.20340846" >
      <name>rte1_1202</name>
      <ele>164.20</ele>
    </rtept>
    <rtept lat="45.50234546" lon="15.20332547" >
      <name>rte1_1203</name>
      <ele>165.00</ele>
    </rtept>
    <rtept lat="45.50239060" lon="15.20324245" >
      <name>rte1_1204</name>
      <ele>165.00</ele>
    </rtept>
    <rtept lat="45.50244023" lon="15.20316585" >
      <name>rte1_1205</name>
      <ele>165.00</ele>
    </rtept>
    <rtept lat="45.50247183" lon="15.20310838" >
      <name>rte1_1206</name>
      <ele>165.00</ele>
    </rtept>
    <rtept lat="45.50250790" lon="15.20306373" >
      <name>rte1_1207</name>
      <ele>165.00</ele>
    </rtept>
    <rtept lat="45.50257104" lon="15.20298078" >
      <name>rte1_1208</name>
      <ele>165.00</ele>
    </rtept>
    <rtept lat="45.50263415" lon="15.20291702" >
      <name>rte1_1209</name>
      <ele>165.00</ele>
    </rtept>
    <rtept lat="45.50269724" lon="15.20285967" >
      <name>rte1_1210</name>
      <ele>162.40</ele>
    </rtept>
    <rtept lat="45.50276033" lon="15.20280231" >
      <name>rte1_1211</name>
      <ele>165.40</ele>
    </rtept>
    <rtept lat="45.50283242" lon="15.20274499" >
      <name>rte1_1212</name>
      <ele>165.40</ele>
    </rtept>
    <rtept lat="45.50290902" lon="15.20268128" >
      <name>rte1_1213</name>
      <ele>165.40</ele>
    </rtept>
    <rtept lat="45.50294957" lon="15.20264944" >
      <name>rte1_1214</name>
      <ele>165.40</ele>
    </rtept>
    <rtept lat="45.50299463" lon="15.20261121" >
      <name>rte1_1215</name>
      <ele>167.83</ele>
    </rtept>
    <rtept lat="45.50303521" lon="15.20256657" >
      <name>rte1_1216</name>
      <ele>167.83</ele>
    </rtept>
    <rtept lat="45.50308027" lon="15.20252834" >
      <name>rte1_1217</name>
      <ele>165.00</ele>
    </rtept>
    <rtept lat="45.50312083" lon="15.20249010" >
      <name>rte1_1218</name>
      <ele>165.00</ele>
    </rtept>
    <rtept lat="45.50316139" lon="15.20245185" >
      <name>rte1_1219</name>
      <ele>165.00</ele>
    </rtept>
    <rtept lat="45.50320194" lon="15.20242001" >
      <name>rte1_1220</name>
      <ele>165.00</ele>
    </rtept>
    <rtept lat="45.50323801" lon="15.20238175" >
      <name>rte1_1221</name>
      <ele>167.12</ele>
    </rtept>
    <rtept lat="45.50331461" lon="15.20231804" >
      <name>rte1_1222</name>
      <ele>167.12</ele>
    </rtept>
    <rtept lat="45.50338222" lon="15.20224790" >
      <name>rte1_1223</name>
      <ele>167.12</ele>
    </rtept>
    <rtept lat="45.50345432" lon="15.20218418" >
      <name>rte1_1224</name>
      <ele>164.60</ele>
    </rtept>
    <rtept lat="45.50351743" lon="15.20212043" >
      <name>rte1_1225</name>
      <ele>164.60</ele>
    </rtept>
    <rtept lat="45.50358502" lon="15.20206308" >
      <name>rte1_1226</name>
      <ele>164.60</ele>
    </rtept>
    <rtept lat="45.50365262" lon="15.20199934" >
      <name>rte1_1227</name>
      <ele>164.60</ele>
    </rtept>
    <rtept lat="45.50372022" lon="15.20193560" >
      <name>rte1_1228</name>
      <ele>166.70</ele>
    </rtept>
    <rtept lat="45.50378784" lon="15.20186546" >
      <name>rte1_1229</name>
      <ele>162.90</ele>
    </rtept>
    <rtept lat="45.50385544" lon="15.20180172" >
      <name>rte1_1230</name>
      <ele>162.90</ele>
    </rtept>
    <rtept lat="45.50392755" lon="15.20173160" >
      <name>rte1_1231</name>
      <ele>165.00</ele>
    </rtept>
    <rtept lat="45.50396811" lon="15.20169336" >
      <name>rte1_1232</name>
      <ele>165.00</ele>
    </rtept>
    <rtept lat="45.50400418" lon="15.20165510" >
      <name>rte1_1233</name>
      <ele>165.00</ele>
    </rtept>
    <rtept lat="45.50404474" lon="15.20161685" >
      <name>rte1_1234</name>
      <ele>165.00</ele>
    </rtept>
    <rtept lat="45.50408530" lon="15.20157861" >
      <name>rte1_1235</name>
      <ele>163.00</ele>
    </rtept>
    <rtept lat="45.50412587" lon="15.20153396" >
      <name>rte1_1236</name>
      <ele>164.50</ele>
    </rtept>
    <rtept lat="45.50417093" lon="15.20149574" >
      <name>rte1_1237</name>
      <ele>164.50</ele>
    </rtept>
    <rtept lat="45.50423404" lon="15.20143198" >
      <name>rte1_1238</name>
      <ele>164.50</ele>
    </rtept>
    <rtept lat="45.50430163" lon="15.20137463" >
      <name>rte1_1239</name>
      <ele>164.50</ele>
    </rtept>
    <rtept lat="45.50434218" lon="15.20134279" >
      <name>rte1_1240</name>
      <ele>165.00</ele>
    </rtept>
    <rtept lat="45.50438272" lon="15.20131734" >
      <name>rte1_1241</name>
      <ele>165.00</ele>
    </rtept>
    <rtept lat="45.50441877" lon="15.20128548" >
      <name>rte1_1242</name>
      <ele>165.00</ele>
    </rtept>
    <rtept lat="45.50446380" lon="15.20126005" >
      <name>rte1_1243</name>
      <ele>162.60</ele>
    </rtept>
    <rtept lat="45.50450435" lon="15.20122820" >
      <name>rte1_1244</name>
      <ele>162.60</ele>
    </rtept>
    <rtept lat="45.50454939" lon="15.20120277" >
      <name>rte1_1245</name>
      <ele>162.60</ele>
    </rtept>
    <rtept lat="45.50459444" lon="15.20117094" >
      <name>rte1_1246</name>
      <ele>160.00</ele>
    </rtept>
    <rtept lat="45.50463948" lon="15.20114550" >
      <name>rte1_1247</name>
      <ele>160.00</ele>
    </rtept>
    <rtept lat="45.50468452" lon="15.20112007" >
      <name>rte1_1248</name>
      <ele>160.00</ele>
    </rtept>
    <rtept lat="45.50472955" lon="15.20109464" >
      <name>rte1_1249</name>
      <ele>160.00</ele>
    </rtept>
    <rtept lat="45.50477910" lon="15.20106282" >
      <name>rte1_1250</name>
      <ele>160.00</ele>
    </rtept>
    <rtept lat="45.50482414" lon="15.20103739" >
      <name>rte1_1251</name>
      <ele>160.00</ele>
    </rtept>
    <rtept lat="45.50486918" lon="15.20101196" >
      <name>rte1_1252</name>
      <ele>160.00</ele>
    </rtept>
    <rtept lat="45.50491871" lon="15.20098654" >
      <name>rte1_1253</name>
      <ele>160.00</ele>
    </rtept>
    <rtept lat="45.50496375" lon="15.20096111" >
      <name>rte1_1254</name>
      <ele>160.00</ele>
    </rtept>
    <rtept lat="45.50501329" lon="15.20093569" >
      <name>rte1_1255</name>
      <ele>160.00</ele>
    </rtept>
    <rtept lat="45.50505833" lon="15.20091026" >
      <name>rte1_1256</name>
      <ele>160.00</ele>
    </rtept>
    <rtept lat="45.50510337" lon="15.20088483" >
      <name>rte1_1257</name>
      <ele>160.00</ele>
    </rtept>
    <rtept lat="45.50514840" lon="15.20085940" >
      <name>rte1_1258</name>
      <ele>160.00</ele>
    </rtept>
    <rtept lat="45.50519343" lon="15.20084036" >
      <name>rte1_1259</name>
      <ele>160.00</ele>
    </rtept>
    <rtept lat="45.50523397" lon="15.20081491" >
      <name>rte1_1260</name>
      <ele>160.00</ele>
    </rtept>
    <rtept lat="45.50527901" lon="15.20078948" >
      <name>rte1_1261</name>
      <ele>160.00</ele>
    </rtept>
    <rtept lat="45.50536007" lon="15.20074498" >
      <name>rte1_1262</name>
      <ele>160.00</ele>
    </rtept>
    <rtept lat="45.50543664" lon="15.20070047" >
      <name>rte1_1263</name>
      <ele>160.00</ele>
    </rtept>
    <rtept lat="45.50550870" lon="15.20065593" >
      <name>rte1_1264</name>
      <ele>160.00</ele>
    </rtept>
    <rtept lat="45.50559426" lon="15.20061785" >
      <name>rte1_1265</name>
      <ele>158.50</ele>
    </rtept>
    <rtept lat="45.50567979" lon="15.20059256" >
      <name>rte1_1266</name>
      <ele>158.50</ele>
    </rtept>
    <rtept lat="45.50576533" lon="15.20056087" >
      <name>rte1_1267</name>
      <ele>155.00</ele>
    </rtept>
    <rtept lat="45.50581488" lon="15.20052906" >
      <name>rte1_1268</name>
      <ele>155.00</ele>
    </rtept>
    <rtept lat="45.50586893" lon="15.20049726" >
      <name>rte1_1269</name>
      <ele>155.00</ele>
    </rtept>
    <rtept lat="45.50590500" lon="15.20045260" >
      <name>rte1_1270</name>
      <ele>155.00</ele>
    </rtept>
    <rtept lat="45.50593209" lon="15.20040150" >
      <name>rte1_1271</name>
      <ele>156.51</ele>
    </rtept>
    <rtept lat="45.50595479" lon="15.20028641" >
      <name>rte1_1272</name>
      <ele>155.00</ele>
    </rtept>
    <rtept lat="45.50627871" lon="15.20030037" >
      <name>rte1_1273</name>
      <ele>156.10</ele>
    </rtept>
    <rtept lat="45.50634171" lon="15.20029419" >
      <name>rte1_1274</name>
      <ele>156.10</ele>
    </rtept>
    <rtept lat="45.50640470" lon="15.20029442" >
      <name>rte1_1275</name>
      <ele>157.13</ele>
    </rtept>
    <rtept lat="45.50646319" lon="15.20029463" >
      <name>rte1_1276</name>
      <ele>157.13</ele>
    </rtept>
    <rtept lat="45.50652618" lon="15.20029485" >
      <name>rte1_1277</name>
      <ele>157.13</ele>
    </rtept>
    <rtept lat="45.50658914" lon="15.20030788" >
      <name>rte1_1278</name>
      <ele>156.03</ele>
    </rtept>
    <rtept lat="45.50665211" lon="15.20032090" >
      <name>rte1_1279</name>
      <ele>160.00</ele>
    </rtept>
    <rtept lat="45.50671955" lon="15.20034674" >
      <name>rte1_1280</name>
      <ele>160.00</ele>
    </rtept>
    <rtept lat="45.50679596" lon="15.20039180" >
      <name>rte1_1281</name>
      <ele>160.00</ele>
    </rtept>
    <rtept lat="45.50683641" lon="15.20041754" >
      <name>rte1_1282</name>
      <ele>155.00</ele>
    </rtept>
    <rtept lat="45.50688135" lon="15.20044330" >
      <name>rte1_1283</name>
      <ele>155.00</ele>
    </rtept>
    <rtept lat="45.50695774" lon="15.20050116" >
      <name>rte1_1284</name>
      <ele>155.00</ele>
    </rtept>
    <rtept lat="45.50702960" lon="15.20057180" >
      <name>rte1_1285</name>
      <ele>155.00</ele>
    </rtept>
    <rtept lat="45.50709247" lon="15.20064242" >
      <name>rte1_1286</name>
      <ele>155.00</ele>
    </rtept>
    <rtept lat="45.50714631" lon="15.20072579" >
      <name>rte1_1287</name>
      <ele>155.00</ele>
    </rtept>
    <rtept lat="45.50720013" lon="15.20082197" >
      <name>rte1_1288</name>
      <ele>155.00</ele>
    </rtept>
    <rtept lat="45.50722252" lon="15.20087964" >
      <name>rte1_1289</name>
      <ele>155.00</ele>
    </rtept>
    <rtept lat="45.50724492" lon="15.20093731" >
      <name>rte1_1290</name>
      <ele>155.00</ele>
    </rtept>
    <rtept lat="45.50726730" lon="15.20100138" >
      <name>rte1_1291</name>
      <ele>151.43</ele>
    </rtept>
    <rtept lat="45.50728967" lon="15.20107184" >
      <name>rte1_1292</name>
      <ele>151.43</ele>
    </rtept>
    <rtept lat="45.50730304" lon="15.20114228" >
      <name>rte1_1293</name>
      <ele>151.43</ele>
    </rtept>
    <rtept lat="45.50731192" lon="15.20121270" >
      <name>rte1_1294</name>
      <ele>151.43</ele>
    </rtept>
    <rtept lat="45.50731179" lon="15.20128308" >
      <name>rte1_1295</name>
      <ele>150.00</ele>
    </rtept>
    <rtept lat="45.50730718" lon="15.20134706" >
      <name>rte1_1296</name>
      <ele>150.00</ele>
    </rtept>
    <rtept lat="45.50730256" lon="15.20141743" >
      <name>rte1_1297</name>
      <ele>150.00</ele>
    </rtept>
    <rtept lat="45.50728894" lon="15.20148137" >
      <name>rte1_1298</name>
      <ele>150.00</ele>
    </rtept>
    <rtept lat="45.50727533" lon="15.20154530" >
      <name>rte1_1299</name>
      <ele>150.00</ele>
    </rtept>
    <rtept lat="45.50726172" lon="15.20160924" >
      <name>rte1_1300</name>
      <ele>150.00</ele>
    </rtept>
    <rtept lat="45.50724811" lon="15.20167318" >
      <name>rte1_1301</name>
      <ele>153.18</ele>
    </rtept>
    <rtept lat="45.50723450" lon="15.20173712" >
      <name>rte1_1302</name>
      <ele>153.18</ele>
    </rtept>
    <rtept lat="45.50722087" lon="15.20180746" >
      <name>rte1_1303</name>
      <ele>153.18</ele>
    </rtept>
    <rtept lat="45.50720726" lon="15.20187140" >
      <name>rte1_1304</name>
      <ele>153.18</ele>
    </rtept>
    <rtept lat="45.50720264" lon="15.20194177" >
      <name>rte1_1305</name>
      <ele>150.00</ele>
    </rtept>
    <rtept lat="45.50720250" lon="15.20201855" >
      <name>rte1_1306</name>
      <ele>150.00</ele>
    </rtept>
    <rtept lat="45.50720236" lon="15.20209534" >
      <name>rte1_1307</name>
      <ele>150.00</ele>
    </rtept>
    <rtept lat="45.50721571" lon="15.20217857" >
      <name>rte1_1308</name>
      <ele>150.00</ele>
    </rtept>
    <rtept lat="45.50727405" lon="15.20226197" >
      <name>rte1_1309</name>
      <ele>150.00</ele>
    </rtept>
    <rtept lat="45.50732801" lon="15.20228136" >
      <name>rte1_1310</name>
      <ele>150.00</ele>
    </rtept>
    <rtept lat="45.50738648" lon="15.20229437" >
      <name>rte1_1311</name>
      <ele>150.00</ele>
    </rtept>
    <rtept lat="45.50758923" lon="15.20213513" >
      <name>rte1_1312</name>
      <ele>150.00</ele>
    </rtept>
    <rtept lat="45.50762087" lon="15.20205206" >
      <name>rte1_1313</name>
      <ele>150.00</ele>
    </rtept>
    <rtept lat="45.50765250" lon="15.20197539" >
      <name>rte1_1314</name>
      <ele>150.00</ele>
    </rtept>
    <rtept lat="45.50768862" lon="15.20190513" >
      <name>rte1_1315</name>
      <ele>150.00</ele>
    </rtept>
    <rtept lat="45.50772024" lon="15.20183486" >
      <name>rte1_1316</name>
      <ele>150.00</ele>
    </rtept>
    <rtept lat="45.50775185" lon="15.20177098" >
      <name>rte1_1317</name>
      <ele>150.00</ele>
    </rtept>
    <rtept lat="45.50777896" lon="15.20170709" >
      <name>rte1_1318</name>
      <ele>150.00</ele>
    </rtept>
    <rtept lat="45.50781056" lon="15.20164961" >
      <name>rte1_1319</name>
      <ele>150.00</ele>
    </rtept>
    <rtept lat="45.50784216" lon="15.20159214" >
      <name>rte1_1320</name>
      <ele>150.00</ele>
    </rtept>
    <rtept lat="45.50786925" lon="15.20153465" >
      <name>rte1_1321</name>
      <ele>150.00</ele>
    </rtept>
    <rtept lat="45.50790084" lon="15.20148357" >
      <name>rte1_1322</name>
      <ele>150.00</ele>
    </rtept>
    <rtept lat="45.50795950" lon="15.20138780" >
      <name>rte1_1323</name>
      <ele>150.00</ele>
    </rtept>
    <rtept lat="45.50801815" lon="15.20129842" >
      <name>rte1_1324</name>
      <ele>150.00</ele>
    </rtept>
    <rtept lat="45.50807679" lon="15.20121545" >
      <name>rte1_1325</name>
      <ele>150.00</ele>
    </rtept>
    <rtept lat="45.50813991" lon="15.20113889" >
      <name>rte1_1326</name>
      <ele>150.00</ele>
    </rtept>
    <rtept lat="45.50820303" lon="15.20106873" >
      <name>rte1_1327</name>
      <ele>150.00</ele>
    </rtept>
    <rtept lat="45.50826614" lon="15.20099856" >
      <name>rte1_1328</name>
      <ele>150.00</ele>
    </rtept>
    <rtept lat="45.50833374" lon="15.20093482" >
      <name>rte1_1329</name>
      <ele>150.00</ele>
    </rtept>
    <rtept lat="45.50840584" lon="15.20087109" >
      <name>rte1_1330</name>
      <ele>150.00</ele>
    </rtept>
    <rtept lat="45.50848244" lon="15.20080737" >
      <name>rte1_1331</name>
      <ele>150.00</ele>
    </rtept>
    <rtept lat="45.50852299" lon="15.20077552" >
      <name>rte1_1332</name>
      <ele>150.00</ele>
    </rtept>
    <rtept lat="45.50856356" lon="15.20073728" >
      <name>rte1_1333</name>
      <ele>150.00</ele>
    </rtept>
    <rtept lat="45.50860411" lon="15.20070543" >
      <name>rte1_1334</name>
      <ele>150.00</ele>
    </rtept>
    <rtept lat="45.50864915" lon="15.20067359" >
      <name>rte1_1335</name>
      <ele>160.00</ele>
    </rtept>
    <rtept lat="45.50870324" lon="15.20062259" >
      <name>rte1_1336</name>
      <ele>152.90</ele>
    </rtept>
    <rtept lat="45.50876179" lon="15.20058441" >
      <name>rte1_1337</name>
      <ele>152.90</ele>
    </rtept>
    <rtept lat="45.50881584" lon="15.20055261" >
      <name>rte1_1338</name>
      <ele>152.90</ele>
    </rtept>
    <rtept lat="45.50886989" lon="15.20052081" >
      <name>rte1_1339</name>
      <ele>159.00</ele>
    </rtept>
    <rtept lat="45.50891943" lon="15.20049539" >
      <name>rte1_1340</name>
      <ele>159.00</ele>
    </rtept>
    <rtept lat="45.50897345" lon="15.20047639" >
      <name>rte1_1341</name>
      <ele>159.00</ele>
    </rtept>
    <rtept lat="45.50902298" lon="15.20045737" >
      <name>rte1_1342</name>
      <ele>159.00</ele>
    </rtept>
    <rtept lat="45.50907250" lon="15.20043835" >
      <name>rte1_1343</name>
      <ele>163.00</ele>
    </rtept>
    <rtept lat="45.50912653" lon="15.20041934" >
      <name>rte1_1344</name>
      <ele>163.00</ele>
    </rtept>
    <rtept lat="45.50917604" lon="15.20040672" >
      <name>rte1_1345</name>
      <ele>163.00</ele>
    </rtept>
    <rtept lat="45.50923006" lon="15.20038772" >
      <name>rte1_1346</name>
      <ele>163.00</ele>
    </rtept>
    <rtept lat="45.50928409" lon="15.20036872" >
      <name>rte1_1347</name>
      <ele>170.00</ele>
    </rtept>
    <rtept lat="45.50934261" lon="15.20034973" >
      <name>rte1_1348</name>
      <ele>170.00</ele>
    </rtept>
    <rtept lat="45.50940115" lon="15.20032434" >
      <name>rte1_1349</name>
      <ele>160.00</ele>
    </rtept>
    <rtept lat="45.50945968" lon="15.20029895" >
      <name>rte1_1350</name>
      <ele>160.00</ele>
    </rtept>
    <rtept lat="45.50952723" lon="15.20026720" >
      <name>rte1_1351</name>
      <ele>160.00</ele>
    </rtept>
    <rtept lat="45.50958129" lon="15.20022900" >
      <name>rte1_1352</name>
      <ele>160.00</ele>
    </rtept>
    <rtept lat="45.50963086" lon="15.20018438" >
      <name>rte1_1353</name>
      <ele>160.00</ele>
    </rtept>
    <rtept lat="45.50967142" lon="15.20014613" >
      <name>rte1_1354</name>
      <ele>160.00</ele>
    </rtept>
    <rtept lat="45.50971649" lon="15.20010150" >
      <name>rte1_1355</name>
      <ele>160.00</ele>
    </rtept>
    <rtept lat="45.50975705" lon="15.20006325" >
      <name>rte1_1356</name>
      <ele>170.00</ele>
    </rtept>
    <rtept lat="45.50980212" lon="15.20001862" >
      <name>rte1_1357</name>
      <ele>170.00</ele>
    </rtept>
    <rtept lat="45.50985168" lon="15.19998040" >
      <name>rte1_1358</name>
      <ele>160.00</ele>
    </rtept>
    <rtept lat="45.50991023" lon="15.19994862" >
      <name>rte1_1359</name>
      <ele>160.00</ele>
    </rtept>
    <rtept lat="45.50997329" lon="15.19991045" >
      <name>rte1_1360</name>
      <ele>160.00</ele>
    </rtept>
    <rtept lat="45.51003633" lon="15.19987868" >
      <name>rte1_1361</name>
      <ele>160.00</ele>
    </rtept>
    <rtept lat="45.51009038" lon="15.19984687" >
      <name>rte1_1362</name>
      <ele>160.00</ele>
    </rtept>
    <rtept lat="45.51014891" lon="15.19982149" >
      <name>rte1_1363</name>
      <ele>160.00</ele>
    </rtept>
    <rtept lat="45.51020294" lon="15.19980248" >
      <name>rte1_1364</name>
      <ele>160.00</ele>
    </rtept>
    <rtept lat="45.51026146" lon="15.19978349" >
      <name>rte1_1365</name>
      <ele>160.00</ele>
    </rtept>
    <rtept lat="45.51032897" lon="15.19977094" >
      <name>rte1_1366</name>
      <ele>160.00</ele>
    </rtept>
    <rtept lat="45.51040548" lon="15.19975841" >
      <name>rte1_1367</name>
      <ele>160.00</ele>
    </rtept>
    <rtept lat="45.51046399" lon="15.19974582" >
      <name>rte1_1368</name>
      <ele>160.00</ele>
    </rtept>
    <rtept lat="45.51051800" lon="15.19973961" >
      <name>rte1_1369</name>
      <ele>160.00</ele>
    </rtept>
    <rtept lat="45.51057199" lon="15.19973981" >
      <name>rte1_1370</name>
      <ele>160.00</ele>
    </rtept>
    <rtept lat="45.51062148" lon="15.19973998" >
      <name>rte1_1371</name>
      <ele>160.00</ele>
    </rtept>
    <rtept lat="45.51067096" lon="15.19974656" >
      <name>rte1_1372</name>
      <ele>160.00</ele>
    </rtept>
    <rtept lat="45.51072044" lon="15.19975314" >
      <name>rte1_1373</name>
      <ele>160.00</ele>
    </rtept>
    <rtept lat="45.51076541" lon="15.19976609" >
      <name>rte1_1374</name>
      <ele>160.00</ele>
    </rtept>
    <rtept lat="45.51081488" lon="15.19977907" >
      <name>rte1_1375</name>
      <ele>160.00</ele>
    </rtept>
    <rtept lat="45.51085984" lon="15.19979843" >
      <name>rte1_1376</name>
      <ele>160.00</ele>
    </rtept>
    <rtept lat="45.51090479" lon="15.19981779" >
      <name>rte1_1377</name>
      <ele>160.00</ele>
    </rtept>
    <rtept lat="45.51095425" lon="15.19983716" >
      <name>rte1_1378</name>
      <ele>160.00</ele>
    </rtept>
    <rtept lat="45.51099920" lon="15.19986292" >
      <name>rte1_1379</name>
      <ele>160.00</ele>
    </rtept>
    <rtept lat="45.51104865" lon="15.19988869" >
      <name>rte1_1380</name>
      <ele>160.00</ele>
    </rtept>
    <rtept lat="45.51110258" lon="15.19992088" >
      <name>rte1_1381</name>
      <ele>160.00</ele>
    </rtept>
    <rtept lat="45.51115651" lon="15.19995307" >
      <name>rte1_1382</name>
      <ele>160.00</ele>
    </rtept>
    <rtept lat="45.51121495" lon="15.19998527" >
      <name>rte1_1383</name>
      <ele>160.00</ele>
    </rtept>
    <rtept lat="45.51125989" lon="15.20001103" >
      <name>rte1_1384</name>
      <ele>160.00</ele>
    </rtept>
    <rtept lat="45.51130484" lon="15.20003679" >
      <name>rte1_1385</name>
      <ele>160.00</ele>
    </rtept>
    <rtept lat="45.51134978" lon="15.20006895" >
      <name>rte1_1386</name>
      <ele>160.00</ele>
    </rtept>
    <rtept lat="45.51139022" lon="15.20009469" >
      <name>rte1_1387</name>
      <ele>160.00</ele>
    </rtept>
    <rtept lat="45.51146660" lon="15.20015895" >
      <name>rte1_1388</name>
      <ele>160.00</ele>
    </rtept>
    <rtept lat="45.51153848" lon="15.20021681" >
      <name>rte1_1389</name>
      <ele>157.83</ele>
    </rtept>
    <rtept lat="45.51161036" lon="15.20028106" >
      <name>rte1_1390</name>
      <ele>157.83</ele>
    </rtept>
    <rtept lat="45.51168673" lon="15.20034532" >
      <name>rte1_1391</name>
      <ele>163.94</ele>
    </rtept>
    <rtept lat="45.51172717" lon="15.20037746" >
      <name>rte1_1392</name>
      <ele>163.94</ele>
    </rtept>
    <rtept lat="45.51176762" lon="15.20040321" >
      <name>rte1_1393</name>
      <ele>159.73</ele>
    </rtept>
    <rtept lat="45.51181255" lon="15.20043536" >
      <name>rte1_1394</name>
      <ele>159.73</ele>
    </rtept>
    <rtept lat="45.51186649" lon="15.20046755" >
      <name>rte1_1395</name>
      <ele>159.73</ele>
    </rtept>
    <rtept lat="45.51192942" lon="15.20049978" >
      <name>rte1_1396</name>
      <ele>159.73</ele>
    </rtept>
    <rtept lat="45.51199685" lon="15.20053201" >
      <name>rte1_1397</name>
      <ele>152.70</ele>
    </rtept>
    <rtept lat="45.51205529" lon="15.20055782" >
      <name>rte1_1398</name>
      <ele>152.70</ele>
    </rtept>
    <rtept lat="45.51211375" lon="15.20057723" >
      <name>rte1_1399</name>
      <ele>152.70</ele>
    </rtept>
    <rtept lat="45.51217221" lon="15.20059664" >
      <name>rte1_1400</name>
      <ele>152.70</ele>
    </rtept>
    <rtept lat="45.51223066" lon="15.20061604" >
      <name>rte1_1401</name>
      <ele>150.00</ele>
    </rtept>
    <rtept lat="45.51228462" lon="15.20063544" >
      <name>rte1_1402</name>
      <ele>150.00</ele>
    </rtept>
    <rtept lat="45.51233858" lon="15.20065483" >
      <name>rte1_1403</name>
      <ele>150.00</ele>
    </rtept>
    <rtept lat="45.51239254" lon="15.20066782" >
      <name>rte1_1404</name>
      <ele>154.88</ele>
    </rtept>
    <rtept lat="45.51245100" lon="15.20068723" >
      <name>rte1_1405</name>
      <ele>150.00</ele>
    </rtept>
    <rtept lat="45.51250494" lon="15.20071302" >
      <name>rte1_1406</name>
      <ele>150.00</ele>
    </rtept>
    <rtept lat="45.51256340" lon="15.20073243" >
      <name>rte1_1407</name>
      <ele>150.00</ele>
    </rtept>
    <rtept lat="45.51262183" lon="15.20076463" >
      <name>rte1_1408</name>
      <ele>150.00</ele>
    </rtept>
    <rtept lat="45.51268027" lon="15.20079684" >
      <name>rte1_1409</name>
      <ele>150.00</ele>
    </rtept>
    <rtept lat="45.51274319" lon="15.20083546" >
      <name>rte1_1410</name>
      <ele>150.00</ele>
    </rtept>
    <rtept lat="45.51281060" lon="15.20088050" >
      <name>rte1_1411</name>
      <ele>150.00</ele>
    </rtept>
    <rtept lat="45.51287801" lon="15.20092554" >
      <name>rte1_1412</name>
      <ele>150.00</ele>
    </rtept>
    <rtept lat="45.51294090" lon="15.20097696" >
      <name>rte1_1413</name>
      <ele>150.56</ele>
    </rtept>
    <rtept lat="45.51300380" lon="15.20102838" >
      <name>rte1_1414</name>
      <ele>150.00</ele>
    </rtept>
    <rtept lat="45.51305770" lon="15.20107977" >
      <name>rte1_1415</name>
      <ele>150.00</ele>
    </rtept>
    <rtept lat="45.51311160" lon="15.20113116" >
      <name>rte1_1416</name>
      <ele>150.00</ele>
    </rtept>
    <rtept lat="45.51316550" lon="15.20118255" >
      <name>rte1_1417</name>
      <ele>150.00</ele>
    </rtept>
    <rtept lat="45.51321490" lon="15.20123392" >
      <name>rte1_1418</name>
      <ele>150.00</ele>
    </rtept>
    <rtept lat="45.51326430" lon="15.20128530" >
      <name>rte1_1419</name>
      <ele>150.00</ele>
    </rtept>
    <rtept lat="45.51331370" lon="15.20133667" >
      <name>rte1_1420</name>
      <ele>150.00</ele>
    </rtept>
    <rtept lat="45.51336310" lon="15.20138805" >
      <name>rte1_1421</name>
      <ele>150.00</ele>
    </rtept>
    <rtept lat="45.51341700" lon="15.20143944" >
      <name>rte1_1422</name>
      <ele>150.00</ele>
    </rtept>
    <rtept lat="45.51347090" lon="15.20149083" >
      <name>rte1_1423</name>
      <ele>150.00</ele>
    </rtept>
    <rtept lat="45.51352480" lon="15.20154222" >
      <name>rte1_1424</name>
      <ele>150.00</ele>
    </rtept>
    <rtept lat="45.51358770" lon="15.20159364" >
      <name>rte1_1425</name>
      <ele>150.00</ele>
    </rtept>
    <rtept lat="45.51365511" lon="15.20163868" >
      <name>rte1_1426</name>
      <ele>150.00</ele>
    </rtept>
    <rtept lat="45.51372700" lon="15.20169013" >
      <name>rte1_1427</name>
      <ele>150.00</ele>
    </rtept>
    <rtept lat="45.51378544" lon="15.20172234" >
      <name>rte1_1428</name>
      <ele>150.00</ele>
    </rtept>
    <rtept lat="45.51384387" lon="15.20175455" >
      <name>rte1_1429</name>
      <ele>150.00</ele>
    </rtept>
    <rtept lat="45.51390231" lon="15.20178036" >
      <name>rte1_1430</name>
      <ele>150.00</ele>
    </rtept>
    <rtept lat="45.51395628" lon="15.20179335" >
      <name>rte1_1431</name>
      <ele>150.00</ele>
    </rtept>
    <rtept lat="45.51401024" lon="15.20181275" >
      <name>rte1_1432</name>
      <ele>150.00</ele>
    </rtept>
    <rtept lat="45.51406422" lon="15.20181934" >
      <name>rte1_1433</name>
      <ele>150.00</ele>
    </rtept>
    <rtept lat="45.51412718" lon="15.20183237" >
      <name>rte1_1434</name>
      <ele>150.00</ele>
    </rtept>
    <rtept lat="45.51419915" lon="15.20184543" >
      <name>rte1_1435</name>
      <ele>150.00</ele>
    </rtept>
    <rtept lat="45.51424864" lon="15.20184561" >
      <name>rte1_1436</name>
      <ele>150.00</ele>
    </rtept>
    <rtept lat="45.51429363" lon="15.20184577" >
      <name>rte1_1437</name>
      <ele>150.00</ele>
    </rtept>
    <rtept lat="45.51433864" lon="15.20183953" >
      <name>rte1_1438</name>
      <ele>150.00</ele>
    </rtept>
    <rtept lat="45.51438364" lon="15.20183329" >
      <name>rte1_1439</name>
      <ele>150.00</ele>
    </rtept>
    <rtept lat="45.51446467" lon="15.20180799" >
      <name>rte1_1440</name>
      <ele>150.00</ele>
    </rtept>
    <rtept lat="45.51454573" lon="15.20176988" >
      <name>rte1_1441</name>
      <ele>150.00</ele>
    </rtept>
    <rtept lat="45.51461780" lon="15.20171894" >
      <name>rte1_1442</name>
      <ele>150.00</ele>
    </rtept>
    <rtept lat="45.51468540" lon="15.20166159" >
      <name>rte1_1443</name>
      <ele>156.08</ele>
    </rtept>
    <rtept lat="45.51475300" lon="15.20159784" >
      <name>rte1_1444</name>
      <ele>152.65</ele>
    </rtept>
    <rtept lat="45.51482061" lon="15.20152768" >
      <name>rte1_1445</name>
      <ele>152.65</ele>
    </rtept>
    <rtept lat="45.51488373" lon="15.20145752" >
      <name>rte1_1446</name>
      <ele>152.65</ele>
    </rtept>
    <rtept lat="45.51494685" lon="15.20138095" >
      <name>rte1_1447</name>
      <ele>154.04</ele>
    </rtept>
    <rtept lat="45.51501448" lon="15.20130439" >
      <name>rte1_1448</name>
      <ele>153.43</ele>
    </rtept>
    <rtept lat="45.51505055" lon="15.20125973" >
      <name>rte1_1449</name>
      <ele>153.43</ele>
    </rtept>
    <rtept lat="45.51508661" lon="15.20122146" >
      <name>rte1_1450</name>
      <ele>153.43</ele>
    </rtept>
    <rtept lat="45.51515873" lon="15.20115132" >
      <name>rte1_1451</name>
      <ele>156.52</ele>
    </rtept>
    <rtept lat="45.51519929" lon="15.20111307" >
      <name>rte1_1452</name>
      <ele>156.52</ele>
    </rtept>
    <rtept lat="45.51523984" lon="15.20108121" >
      <name>rte1_1453</name>
      <ele>156.52</ele>
    </rtept>
    <rtept lat="45.51528039" lon="15.20104936" >
      <name>rte1_1454</name>
      <ele>156.52</ele>
    </rtept>
    <rtept lat="45.51532094" lon="15.20101751" >
      <name>rte1_1455</name>
      <ele>156.52</ele>
    </rtept>
    <rtept lat="45.51536598" lon="15.20098567" >
      <name>rte1_1456</name>
      <ele>159.27</ele>
    </rtept>
    <rtept lat="45.51541552" lon="15.20096025" >
      <name>rte1_1457</name>
      <ele>159.27</ele>
    </rtept>
    <rtept lat="45.51549210" lon="15.20090933" >
      <name>rte1_1458</name>
      <ele>159.27</ele>
    </rtept>
    <rtept lat="45.51556867" lon="15.20086480" >
      <name>rte1_1459</name>
      <ele>159.27</ele>
    </rtept>
    <rtept lat="45.51563622" lon="15.20082665" >
      <name>rte1_1460</name>
      <ele>160.00</ele>
    </rtept>
    <rtept lat="45.51570828" lon="15.20078851" >
      <name>rte1_1461</name>
      <ele>160.00</ele>
    </rtept>
    <rtept lat="45.51577132" lon="15.20075674" >
      <name>rte1_1462</name>
      <ele>160.00</ele>
    </rtept>
    <rtept lat="45.51583887" lon="15.20072498" >
      <name>rte1_1463</name>
      <ele>160.00</ele>
    </rtept>
    <rtept lat="45.51590191" lon="15.20069321" >
      <name>rte1_1464</name>
      <ele>160.00</ele>
    </rtept>
    <rtept lat="45.51596495" lon="15.20066783" >
      <name>rte1_1465</name>
      <ele>155.50</ele>
    </rtept>
    <rtept lat="45.51602798" lon="15.20064246" >
      <name>rte1_1466</name>
      <ele>155.50</ele>
    </rtept>
    <rtept lat="45.51609552" lon="15.20061710" >
      <name>rte1_1467</name>
      <ele>150.00</ele>
    </rtept>
    <rtept lat="45.51616305" lon="15.20059175" >
      <name>rte1_1468</name>
      <ele>150.00</ele>
    </rtept>
    <rtept lat="45.51623058" lon="15.20056639" >
      <name>rte1_1469</name>
      <ele>150.00</ele>
    </rtept>
    <rtept lat="45.51630261" lon="15.20054745" >
      <name>rte1_1470</name>
      <ele>150.00</ele>
    </rtept>
    <rtept lat="45.51637913" lon="15.20052852" >
      <name>rte1_1471</name>
      <ele>150.00</ele>
    </rtept>
    <rtept lat="45.51646016" lon="15.20050321" >
      <name>rte1_1472</name>
      <ele>150.00</ele>
    </rtept>
    <rtept lat="45.51654568" lon="15.20048432" >
      <name>rte1_1473</name>
      <ele>150.00</ele>
    </rtept>
    <rtept lat="45.51675716" lon="15.20047228" >
      <name>rte1_1474</name>
      <ele>150.00</ele>
    </rtept>
    <rtept lat="45.51683368" lon="15.20045335" >
      <name>rte1_1475</name>
      <ele>150.00</ele>
    </rtept>
    <rtept lat="45.51691020" lon="15.20043443" >
      <name>rte1_1476</name>
      <ele>150.00</ele>
    </rtept>
    <rtept lat="45.51698224" lon="15.20040909" >
      <name>rte1_1477</name>
      <ele>150.00</ele>
    </rtept>
    <rtept lat="45.51705429" lon="15.20037094" >
      <name>rte1_1478</name>
      <ele>150.00</ele>
    </rtept>
    <rtept lat="45.51712637" lon="15.20032000" >
      <name>rte1_1479</name>
      <ele>150.00</ele>
    </rtept>
    <rtept lat="45.51719845" lon="15.20026906" >
      <name>rte1_1480</name>
      <ele>150.00</ele>
    </rtept>
    <rtept lat="45.51723900" lon="15.20023721" >
      <name>rte1_1481</name>
      <ele>150.00</ele>
    </rtept>
    <rtept lat="45.51727506" lon="15.20019894" >
      <name>rte1_1482</name>
      <ele>150.00</ele>
    </rtept>
    <rtept lat="45.51731561" lon="15.20016708" >
      <name>rte1_1483</name>
      <ele>150.00</ele>
    </rtept>
    <rtept lat="45.51735617" lon="15.20012883" >
      <name>rte1_1484</name>
      <ele>150.00</ele>
    </rtept>
    <rtept lat="45.51739224" lon="15.20008416" >
      <name>rte1_1485</name>
      <ele>150.00</ele>
    </rtept>
    <rtept lat="45.51743282" lon="15.20003950" >
      <name>rte1_1486</name>
      <ele>150.00</ele>
    </rtept>
    <rtept lat="45.51749596" lon="15.19995013" >
      <name>rte1_1487</name>
      <ele>150.00</ele>
    </rtept>
    <rtept lat="45.51755462" lon="15.19985434" >
      <name>rte1_1488</name>
      <ele>150.00</ele>
    </rtept>
    <rtept lat="45.51759980" lon="15.19975210" >
      <name>rte1_1489</name>
      <ele>150.00</ele>
    </rtept>
    <rtept lat="45.51763597" lon="15.19964983" >
      <name>rte1_1490</name>
      <ele>150.00</ele>
    </rtept>
    <rtept lat="45.51766767" lon="15.19953474" >
      <name>rte1_1491</name>
      <ele>150.00</ele>
    </rtept>
    <rtept lat="45.51768128" lon="15.19947079" >
      <name>rte1_1492</name>
      <ele>150.00</ele>
    </rtept>
    <rtept lat="45.51769489" lon="15.19940684" >
      <name>rte1_1493</name>
      <ele>150.00</ele>
    </rtept>
    <rtept lat="45.51770401" lon="15.19933647" >
      <name>rte1_1494</name>
      <ele>150.00</ele>
    </rtept>
    <rtept lat="45.51771313" lon="15.19926610" >
      <name>rte1_1495</name>
      <ele>150.00</ele>
    </rtept>
    <rtept lat="45.51772323" lon="15.19863894" >
      <name>rte1_1496</name>
      <ele>150.00</ele>
    </rtept>
    <rtept lat="45.51816067" lon="15.19806449" >
      <name>rte1_1497</name>
      <ele>150.00</ele>
    </rtept>
    <rtept lat="45.51821507" lon="15.19782788" >
      <name>rte1_1498</name>
      <ele>150.00</ele>
    </rtept>
    <rtept lat="45.51832356" lon="15.19754026" >
      <name>rte1_1499</name>
      <ele>150.00</ele>
    </rtept>
    <rtept lat="45.51850846" lon="15.19729131" >
      <name>rte1_1500</name>
      <ele>150.00</ele>
    </rtept>
    <rtept lat="45.51871143" lon="15.19700402" >
      <name>rte1_1501</name>
      <ele>150.00</ele>
    </rtept>
    <rtept lat="45.51889156" lon="15.19690865" >
      <name>rte1_1502</name>
      <ele>150.00</ele>
    </rtept>
    <rtept lat="45.51904920" lon="15.19681320" >
      <name>rte1_1503</name>
      <ele>150.80</ele>
    </rtept>
    <rtept lat="45.51920224" lon="15.19677534" >
      <name>rte1_1504</name>
      <ele>152.70</ele>
    </rtept>
    <rtept lat="45.51933715" lon="15.19681422" >
      <name>rte1_1505</name>
      <ele>152.70</ele>
    </rtept>
    <rtept lat="45.51947180" lon="15.19700670" >
      <name>rte1_1506</name>
      <ele>155.00</ele>
    </rtept>
    <rtept lat="45.51956606" lon="15.19713503" >
      <name>rte1_1507</name>
      <ele>155.00</ele>
    </rtept>
    <rtept lat="45.51976396" lon="15.19717413" >
      <name>rte1_1508</name>
      <ele>155.00</ele>
    </rtept>
    <rtept lat="45.51982241" lon="15.19719354" >
      <name>rte1_1509</name>
      <ele>155.00</ele>
    </rtept>
    <rtept lat="45.51988090" lon="15.19719374" >
      <name>rte1_1510</name>
      <ele>160.00</ele>
    </rtept>
    <rtept lat="45.51993493" lon="15.19717473" >
      <name>rte1_1511</name>
      <ele>160.00</ele>
    </rtept>
    <rtept lat="45.51998447" lon="15.19714291" >
      <name>rte1_1512</name>
      <ele>160.00</ele>
    </rtept>
    <rtept lat="45.52003405" lon="15.19709188" >
      <name>rte1_1513</name>
      <ele>160.00</ele>
    </rtept>
    <rtept lat="45.52007916" lon="15.19702804" >
      <name>rte1_1514</name>
      <ele>160.00</ele>
    </rtept>
    <rtept lat="45.52011978" lon="15.19695138" >
      <name>rte1_1515</name>
      <ele>160.00</ele>
    </rtept>
    <rtept lat="45.52015591" lon="15.19687470" >
      <name>rte1_1516</name>
      <ele>160.00</ele>
    </rtept>
    <rtept lat="45.52030058" lon="15.19647839" >
      <name>rte1_1517</name>
      <ele>158.70</ele>
    </rtept>
    <rtept lat="45.52035031" lon="15.19633776" >
      <name>rte1_1518</name>
      <ele>159.40</ele>
    </rtept>
    <rtept lat="45.52044524" lon="15.19608208" >
      <name>rte1_1519</name>
      <ele>159.00</ele>
    </rtept>
    <rtept lat="45.52062154" lon="15.19560267" >
      <name>rte1_1520</name>
      <ele>160.00</ele>
    </rtept>
    <rtept lat="45.52073914" lon="15.19524466" >
      <name>rte1_1521</name>
      <ele>160.00</ele>
    </rtept>
    <rtept lat="45.52085221" lon="15.19489944" >
      <name>rte1_1522</name>
      <ele>160.00</ele>
    </rtept>
    <rtept lat="45.52098792" lon="15.19447749" >
      <name>rte1_1523</name>
      <ele>160.00</ele>
    </rtept>
    <rtept lat="45.52107840" lon="15.19418979" >
      <name>rte1_1524</name>
      <ele>160.00</ele>
    </rtept>
    <rtept lat="45.52119153" lon="15.19380615" >
      <name>rte1_1525</name>
      <ele>160.00</ele>
    </rtept>
    <rtept lat="45.52130001" lon="15.19351851" >
      <name>rte1_1526</name>
      <ele>160.00</ele>
    </rtept>
    <rtept lat="45.52146247" lon="15.19323106" >
      <name>rte1_1527</name>
      <ele>160.00</ele>
    </rtept>
    <rtept lat="45.52163827" lon="15.19303965" >
      <name>rte1_1528</name>
      <ele>160.00</ele>
    </rtept>
    <rtept lat="45.52186799" lon="15.19288683" >
      <name>rte1_1529</name>
      <ele>158.28</ele>
    </rtept>
    <rtept lat="45.52207078" lon="15.19269552" >
      <name>rte1_1530</name>
      <ele>160.00</ele>
    </rtept>
    <rtept lat="45.52231401" lon="15.19253634" >
      <name>rte1_1531</name>
      <ele>158.50</ele>
    </rtept>
    <rtept lat="45.52254392" lon="15.19227471" >
      <name>rte1_1532</name>
      <ele>155.00</ele>
    </rtept>
    <rtept lat="45.52276925" lon="15.19205787" >
      <name>rte1_1533</name>
      <ele>155.00</ele>
    </rtept>
    <rtept lat="45.52297210" lon="15.19183454" >
      <name>rte1_1534</name>
      <ele>150.00</ele>
    </rtept>
    <rtept lat="45.52330986" lon="15.19164368" >
      <name>rte1_1535</name>
      <ele>150.00</ele>
    </rtept>
    <rtept lat="45.52364747" lon="15.19154883" >
      <name>rte1_1536</name>
      <ele>150.00</ele>
    </rtept>
    <rtept lat="45.52380080" lon="15.19133813" >
      <name>rte1_1537</name>
      <ele>150.00</ele>
    </rtept>
    <rtept lat="45.52386836" lon="15.19129356" >
      <name>rte1_1538</name>
      <ele>150.00</ele>
    </rtept>
    <rtept lat="45.52395385" lon="15.19129385" >
      <name>rte1_1539</name>
      <ele>150.00</ele>
    </rtept>
    <rtept lat="45.52399885" lon="15.19128760" >
      <name>rte1_1540</name>
      <ele>150.00</ele>
    </rtept>
    <rtept lat="45.52404385" lon="15.19128136" >
      <name>rte1_1541</name>
      <ele>150.00</ele>
    </rtept>
    <rtept lat="45.52412493" lon="15.19123043" >
      <name>rte1_1542</name>
      <ele>150.00</ele>
    </rtept>
    <rtept lat="45.52417909" lon="15.19112820" >
      <name>rte1_1543</name>
      <ele>150.00</ele>
    </rtept>
    <rtept lat="45.52421975" lon="15.19102593" >
      <name>rte1_1544</name>
      <ele>150.00</ele>
    </rtept>
    <rtept lat="45.52424242" lon="15.19092359" >
      <name>rte1_1545</name>
      <ele>150.00</ele>
    </rtept>
    <rtept lat="45.52425611" lon="15.19081483" >
      <name>rte1_1546</name>
      <ele>150.00</ele>
    </rtept>
    <rtept lat="45.52426980" lon="15.19069966" >
      <name>rte1_1547</name>
      <ele>150.00</ele>
    </rtept>
    <rtept lat="45.52429248" lon="15.19059093" >
      <name>rte1_1548</name>
      <ele>150.00</ele>
    </rtept>
    <rtept lat="45.52432864" lon="15.19048864" >
      <name>rte1_1549</name>
      <ele>150.00</ele>
    </rtept>
    <rtept lat="45.52438281" lon="15.19038641" >
      <name>rte1_1550</name>
      <ele>150.00</ele>
    </rtept>
    <rtept lat="45.52442793" lon="15.19030975" >
      <name>rte1_1551</name>
      <ele>150.00</ele>
    </rtept>
    <rtept lat="45.52447753" lon="15.19024591" >
      <name>rte1_1552</name>
      <ele>150.00</ele>
    </rtept>
    <rtept lat="45.52452710" lon="15.19019488" >
      <name>rte1_1553</name>
      <ele>150.00</ele>
    </rtept>
    <rtept lat="45.52457668" lon="15.19014384" >
      <name>rte1_1554</name>
      <ele>150.00</ele>
    </rtept>
    <rtept lat="45.52462625" lon="15.19009920" >
      <name>rte1_1555</name>
      <ele>160.00</ele>
    </rtept>
    <rtept lat="45.52467580" lon="15.19006097" >
      <name>rte1_1556</name>
      <ele>160.00</ele>
    </rtept>
    <rtept lat="45.52472536" lon="15.19002273" >
      <name>rte1_1557</name>
      <ele>160.00</ele>
    </rtept>
    <rtept lat="45.52477490" lon="15.18999089" >
      <name>rte1_1558</name>
      <ele>160.00</ele>
    </rtept>
    <rtept lat="45.52482446" lon="15.18995266" >
      <name>rte1_1559</name>
      <ele>160.00</ele>
    </rtept>
    <rtept lat="45.52487402" lon="15.18991442" >
      <name>rte1_1560</name>
      <ele>160.00</ele>
    </rtept>
    <rtept lat="45.52492357" lon="15.18987619" >
      <name>rte1_1561</name>
      <ele>160.00</ele>
    </rtept>
    <rtept lat="45.52497314" lon="15.18983155" >
      <name>rte1_1562</name>
      <ele>160.00</ele>
    </rtept>
    <rtept lat="45.52502271" lon="15.18978691" >
      <name>rte1_1563</name>
      <ele>160.00</ele>
    </rtept>
    <rtept lat="45.52507229" lon="15.18972947" >
      <name>rte1_1564</name>
      <ele>160.00</ele>
    </rtept>
    <rtept lat="45.52512189" lon="15.18966563" >
      <name>rte1_1565</name>
      <ele>160.00</ele>
    </rtept>
    <rtept lat="45.52517150" lon="15.18959539" >
      <name>rte1_1566</name>
      <ele>160.00</ele>
    </rtept>
    <rtept lat="45.52521214" lon="15.18950592" >
      <name>rte1_1567</name>
      <ele>160.00</ele>
    </rtept>
    <rtept lat="45.52524829" lon="15.18941643" >
      <name>rte1_1568</name>
      <ele>160.00</ele>
    </rtept>
    <rtept lat="45.52527542" lon="15.18933331" >
      <name>rte1_1569</name>
      <ele>160.00</ele>
    </rtept>
    <rtept lat="45.52529806" lon="15.18925017" >
      <name>rte1_1570</name>
      <ele>160.00</ele>
    </rtept>
  </rte>
</gpx>
