<?xml version="1.0" encoding="UTF-8" standalone="no" ?>
<gpx xmlns="http://www.topografix.com/GPX/1/1"
creator="OCAD 2020.5.5.3227" version="1.1"
xmlns:xsi="http://www.w3.org/2001/XMLSchema-instance" 
xsi:schemaLocation="http://www.topografix.com/GPX/1/1 
http://www.topografix.com/GPX/1/1/gpx.xsd">

  <metadata>
    <name>Kraška učna pot od Lebice do Krupe</name>
    <desc>Bela krajina - Kraška učna pot od Lebice do Krupe</desc>
    <time>2020-11-05T08:42:15</time>
    <bounds maxlat="45.86687249" maxlon="15.60571704" minlat="45.32979540" minlon="14.93303760"/>
  </metadata>

  <rte>
    <name>rte1</name>
    <cmt>pohodne poti za izris profilov</cmt>
    <rtept lat="45.65162158" lon="15.18119194" >
      <name>rte1_0</name>
      <ele>235.30</ele>
    </rtept>
    <rtept lat="45.65162596" lon="15.18126252" >
      <name>rte1_1</name>
      <ele>235.30</ele>
    </rtept>
    <rtept lat="45.65163936" lon="15.18132672" >
      <name>rte1_2</name>
      <ele>233.00</ele>
    </rtept>
    <rtept lat="45.65165275" lon="15.18139092" >
      <name>rte1_3</name>
      <ele>233.00</ele>
    </rtept>
    <rtept lat="45.65167516" lon="15.18144873" >
      <name>rte1_4</name>
      <ele>233.00</ele>
    </rtept>
    <rtept lat="45.65169756" lon="15.18150654" >
      <name>rte1_5</name>
      <ele>233.00</ele>
    </rtept>
    <rtept lat="45.65172897" lon="15.18155796" >
      <name>rte1_6</name>
      <ele>236.00</ele>
    </rtept>
    <rtept lat="45.65179182" lon="15.18164156" >
      <name>rte1_7</name>
      <ele>232.50</ele>
    </rtept>
    <rtept lat="45.65186372" lon="15.18169954" >
      <name>rte1_8</name>
      <ele>232.50</ele>
    </rtept>
    <rtept lat="45.65194011" lon="15.18175752" >
      <name>rte1_9</name>
      <ele>234.30</ele>
    </rtept>
    <rtept lat="45.65201652" lon="15.18180268" >
      <name>rte1_10</name>
      <ele>234.30</ele>
    </rtept>
    <rtept lat="45.65209291" lon="15.18186067" >
      <name>rte1_11</name>
      <ele>234.30</ele>
    </rtept>
    <rtept lat="45.65213335" lon="15.18189288" >
      <name>rte1_12</name>
      <ele>234.30</ele>
    </rtept>
    <rtept lat="45.65216929" lon="15.18193148" >
      <name>rte1_13</name>
      <ele>230.00</ele>
    </rtept>
    <rtept lat="45.65220971" lon="15.18197652" >
      <name>rte1_14</name>
      <ele>230.00</ele>
    </rtept>
    <rtept lat="45.65224562" lon="15.18202796" >
      <name>rte1_15</name>
      <ele>230.00</ele>
    </rtept>
    <rtept lat="45.65230395" lon="15.18212438" >
      <name>rte1_16</name>
      <ele>230.00</ele>
    </rtept>
    <rtept lat="45.65235329" lon="15.18221436" >
      <name>rte1_17</name>
      <ele>230.00</ele>
    </rtept>
    <rtept lat="45.65239814" lon="15.18230432" >
      <name>rte1_18</name>
      <ele>230.00</ele>
    </rtept>
    <rtept lat="45.65243848" lon="15.18240068" >
      <name>rte1_19</name>
      <ele>230.00</ele>
    </rtept>
    <rtept lat="45.65246982" lon="15.18249702" >
      <name>rte1_20</name>
      <ele>230.00</ele>
    </rtept>
    <rtept lat="45.65249665" lon="15.18259975" >
      <name>rte1_21</name>
      <ele>225.00</ele>
    </rtept>
    <rtept lat="45.65251897" lon="15.18270888" >
      <name>rte1_22</name>
      <ele>225.00</ele>
    </rtept>
    <rtept lat="45.65254126" lon="15.18283085" >
      <name>rte1_23</name>
      <ele>225.00</ele>
    </rtept>
    <rtept lat="45.65267599" lon="15.18298526" >
      <name>rte1_24</name>
      <ele>226.10</ele>
    </rtept>
    <rtept lat="45.65271185" lon="15.18306878" >
      <name>rte1_25</name>
      <ele>226.10</ele>
    </rtept>
    <rtept lat="45.65274771" lon="15.18314588" >
      <name>rte1_26</name>
      <ele>226.10</ele>
    </rtept>
    <rtept lat="45.65278358" lon="15.18322298" >
      <name>rte1_27</name>
      <ele>225.00</ele>
    </rtept>
    <rtept lat="45.65281946" lon="15.18329367" >
      <name>rte1_28</name>
      <ele>225.00</ele>
    </rtept>
    <rtept lat="45.65285533" lon="15.18337077" >
      <name>rte1_29</name>
      <ele>225.00</ele>
    </rtept>
    <rtept lat="45.65288672" lon="15.18343503" >
      <name>rte1_30</name>
      <ele>225.00</ele>
    </rtept>
    <rtept lat="45.65291810" lon="15.18350570" >
      <name>rte1_31</name>
      <ele>225.00</ele>
    </rtept>
    <rtept lat="45.65294949" lon="15.18356996" >
      <name>rte1_32</name>
      <ele>225.00</ele>
    </rtept>
    <rtept lat="45.65298088" lon="15.18363422" >
      <name>rte1_33</name>
      <ele>225.00</ele>
    </rtept>
    <rtept lat="45.65301227" lon="15.18369848" >
      <name>rte1_34</name>
      <ele>225.00</ele>
    </rtept>
    <rtept lat="45.65304816" lon="15.18376275" >
      <name>rte1_35</name>
      <ele>225.00</ele>
    </rtept>
    <rtept lat="45.65307955" lon="15.18382701" >
      <name>rte1_36</name>
      <ele>230.00</ele>
    </rtept>
    <rtept lat="45.65311094" lon="15.18389126" >
      <name>rte1_37</name>
      <ele>227.08</ele>
    </rtept>
    <rtept lat="45.65314233" lon="15.18395552" >
      <name>rte1_38</name>
      <ele>227.08</ele>
    </rtept>
    <rtept lat="45.65317821" lon="15.18401979" >
      <name>rte1_39</name>
      <ele>227.08</ele>
    </rtept>
    <rtept lat="45.65321409" lon="15.18409048" >
      <name>rte1_40</name>
      <ele>227.08</ele>
    </rtept>
    <rtept lat="45.65306008" lon="15.18473151" >
      <name>rte1_41</name>
      <ele>221.05</ele>
    </rtept>
    <rtept lat="45.65309574" lon="15.18493051" >
      <name>rte1_42</name>
      <ele>220.00</ele>
    </rtept>
    <rtept lat="45.65315828" lon="15.18520658" >
      <name>rte1_43</name>
      <ele>215.00</ele>
    </rtept>
    <rtept lat="45.65322539" lon="15.18543776" >
      <name>rte1_44</name>
      <ele>215.00</ele>
    </rtept>
    <rtept lat="45.65332365" lon="15.18587434" >
      <name>rte1_45</name>
      <ele>215.00</ele>
    </rtept>
    <rtept lat="45.65329598" lon="15.18628483" >
      <name>rte1_46</name>
      <ele>215.00</ele>
    </rtept>
    <rtept lat="45.65326829" lon="15.18670816" >
      <name>rte1_47</name>
      <ele>210.00</ele>
    </rtept>
    <rtept lat="45.65327254" lon="15.18686214" >
      <name>rte1_48</name>
      <ele>210.00</ele>
    </rtept>
    <rtept lat="45.65327229" lon="15.18700969" >
      <name>rte1_49</name>
      <ele>210.00</ele>
    </rtept>
    <rtept lat="45.65329438" lon="15.18725355" >
      <name>rte1_50</name>
      <ele>210.00</ele>
    </rtept>
    <rtept lat="45.65332111" lon="15.18741403" >
      <name>rte1_51</name>
      <ele>210.00</ele>
    </rtept>
    <rtept lat="45.65341939" lon="15.18783778" >
      <name>rte1_52</name>
      <ele>210.00</ele>
    </rtept>
    <rtept lat="45.65345065" lon="15.18797903" >
      <name>rte1_53</name>
      <ele>210.00</ele>
    </rtept>
    <rtept lat="45.65347271" lon="15.18824213" >
      <name>rte1_54</name>
      <ele>205.00</ele>
    </rtept>
    <rtept lat="45.65342266" lon="15.18857557" >
      <name>rte1_55</name>
      <ele>205.00</ele>
    </rtept>
    <rtept lat="45.65326908" lon="15.18894073" >
      <name>rte1_56</name>
      <ele>202.40</ele>
    </rtept>
    <rtept lat="45.65306632" lon="15.18911967" >
      <name>rte1_57</name>
      <ele>200.00</ele>
    </rtept>
    <rtept lat="45.65283214" lon="15.18925360" >
      <name>rte1_58</name>
      <ele>200.00</ele>
    </rtept>
    <rtept lat="45.65266556" lon="15.18932360" >
      <name>rte1_59</name>
      <ele>201.79</ele>
    </rtept>
    <rtept lat="45.65261154" lon="15.18934266" >
      <name>rte1_60</name>
      <ele>201.79</ele>
    </rtept>
    <rtept lat="45.65256201" lon="15.18936174" >
      <name>rte1_61</name>
      <ele>202.95</ele>
    </rtept>
    <rtept lat="45.65251698" lon="15.18938725" >
      <name>rte1_62</name>
      <ele>202.95</ele>
    </rtept>
    <rtept lat="45.65247196" lon="15.18940634" >
      <name>rte1_63</name>
      <ele>202.95</ele>
    </rtept>
    <rtept lat="45.65242693" lon="15.18942543" >
      <name>rte1_64</name>
      <ele>202.95</ele>
    </rtept>
    <rtept lat="45.65238190" lon="15.18945094" >
      <name>rte1_65</name>
      <ele>202.95</ele>
    </rtept>
    <rtept lat="45.65233686" lon="15.18947645" >
      <name>rte1_66</name>
      <ele>204.89</ele>
    </rtept>
    <rtept lat="45.65229634" lon="15.18949556" >
      <name>rte1_67</name>
      <ele>204.89</ele>
    </rtept>
    <rtept lat="45.65225131" lon="15.18952106" >
      <name>rte1_68</name>
      <ele>204.89</ele>
    </rtept>
    <rtept lat="45.65220626" lon="15.18955299" >
      <name>rte1_69</name>
      <ele>204.89</ele>
    </rtept>
    <rtept lat="45.65216123" lon="15.18957849" >
      <name>rte1_70</name>
      <ele>204.89</ele>
    </rtept>
    <rtept lat="45.65211618" lon="15.18961042" >
      <name>rte1_71</name>
      <ele>201.98</ele>
    </rtept>
    <rtept lat="45.65207114" lon="15.18964234" >
      <name>rte1_72</name>
      <ele>201.41</ele>
    </rtept>
    <rtept lat="45.65202159" lon="15.18967425" >
      <name>rte1_73</name>
      <ele>201.41</ele>
    </rtept>
    <rtept lat="45.65196754" lon="15.18971256" >
      <name>rte1_74</name>
      <ele>201.41</ele>
    </rtept>
    <rtept lat="45.65191798" lon="15.18975088" >
      <name>rte1_75</name>
      <ele>198.72</ele>
    </rtept>
    <rtept lat="45.65187295" lon="15.18977639" >
      <name>rte1_76</name>
      <ele>198.72</ele>
    </rtept>
    <rtept lat="45.65183240" lon="15.18980832" >
      <name>rte1_77</name>
      <ele>198.72</ele>
    </rtept>
    <rtept lat="45.65176929" lon="15.18988509" >
      <name>rte1_78</name>
      <ele>198.72</ele>
    </rtept>
    <rtept lat="45.65161602" lon="15.19006420" >
      <name>rte1_79</name>
      <ele>195.00</ele>
    </rtept>
    <rtept lat="45.65154391" lon="15.19013452" >
      <name>rte1_80</name>
      <ele>195.00</ele>
    </rtept>
    <rtept lat="45.65149887" lon="15.19016644" >
      <name>rte1_81</name>
      <ele>195.00</ele>
    </rtept>
    <rtept lat="45.65145831" lon="15.19020479" >
      <name>rte1_82</name>
      <ele>195.00</ele>
    </rtept>
    <rtept lat="45.65137725" lon="15.19024942" >
      <name>rte1_83</name>
      <ele>195.00</ele>
    </rtept>
    <rtept lat="45.65130070" lon="15.19028765" >
      <name>rte1_84</name>
      <ele>195.00</ele>
    </rtept>
    <rtept lat="45.65122416" lon="15.19031946" >
      <name>rte1_85</name>
      <ele>195.00</ele>
    </rtept>
    <rtept lat="45.65115663" lon="15.19034489" >
      <name>rte1_86</name>
      <ele>195.00</ele>
    </rtept>
    <rtept lat="45.65108910" lon="15.19037032" >
      <name>rte1_87</name>
      <ele>195.00</ele>
    </rtept>
    <rtept lat="45.65102158" lon="15.19038934" >
      <name>rte1_88</name>
      <ele>197.62</ele>
    </rtept>
    <rtept lat="45.65095405" lon="15.19041477" >
      <name>rte1_89</name>
      <ele>197.62</ele>
    </rtept>
    <rtept lat="45.65089101" lon="15.19044663" >
      <name>rte1_90</name>
      <ele>197.62</ele>
    </rtept>
    <rtept lat="45.65078746" lon="15.19049118" >
      <name>rte1_91</name>
      <ele>200.00</ele>
    </rtept>
    <rtept lat="45.65072441" lon="15.19052304" >
      <name>rte1_92</name>
      <ele>200.00</ele>
    </rtept>
    <rtept lat="45.65066136" lon="15.19056131" >
      <name>rte1_93</name>
      <ele>200.00</ele>
    </rtept>
    <rtept lat="45.65060279" lon="15.19061244" >
      <name>rte1_94</name>
      <ele>197.63</ele>
    </rtept>
    <rtept lat="45.65053968" lon="15.19068279" >
      <name>rte1_95</name>
      <ele>200.00</ele>
    </rtept>
    <rtept lat="45.65047205" lon="15.19076595" >
      <name>rte1_96</name>
      <ele>200.00</ele>
    </rtept>
    <rtept lat="45.65041791" lon="15.19085558" >
      <name>rte1_97</name>
      <ele>200.00</ele>
    </rtept>
    <rtept lat="45.65038175" lon="15.19095809" >
      <name>rte1_98</name>
      <ele>200.00</ele>
    </rtept>
    <rtept lat="45.65035457" lon="15.19106706" >
      <name>rte1_99</name>
      <ele>200.00</ele>
    </rtept>
    <rtept lat="45.65033189" lon="15.19117604" >
      <name>rte1_100</name>
      <ele>200.00</ele>
    </rtept>
    <rtept lat="45.65031820" lon="15.19129146" >
      <name>rte1_101</name>
      <ele>200.00</ele>
    </rtept>
    <rtept lat="45.65030900" lon="15.19140690" >
      <name>rte1_102</name>
      <ele>200.00</ele>
    </rtept>
    <rtept lat="45.65029981" lon="15.19152234" >
      <name>rte1_103</name>
      <ele>200.00</ele>
    </rtept>
    <rtept lat="45.65029061" lon="15.19163778" >
      <name>rte1_104</name>
      <ele>200.00</ele>
    </rtept>
    <rtept lat="45.65028142" lon="15.19175322" >
      <name>rte1_105</name>
      <ele>200.00</ele>
    </rtept>
    <rtept lat="45.65026324" lon="15.19186221" >
      <name>rte1_106</name>
      <ele>200.33</ele>
    </rtept>
    <rtept lat="45.65024057" lon="15.19196478" >
      <name>rte1_107</name>
      <ele>200.33</ele>
    </rtept>
    <rtept lat="45.65020890" lon="15.19206731" >
      <name>rte1_108</name>
      <ele>200.33</ele>
    </rtept>
    <rtept lat="45.65016377" lon="15.19215055" >
      <name>rte1_109</name>
      <ele>200.33</ele>
    </rtept>
    <rtept lat="45.65010964" lon="15.19223376" >
      <name>rte1_110</name>
      <ele>202.94</ele>
    </rtept>
    <rtept lat="45.65003753" lon="15.19230407" >
      <name>rte1_111</name>
      <ele>202.94</ele>
    </rtept>
    <rtept lat="45.64998349" lon="15.19233596" >
      <name>rte1_112</name>
      <ele>202.94</ele>
    </rtept>
    <rtept lat="45.64993394" lon="15.19236787" >
      <name>rte1_113</name>
      <ele>202.94</ele>
    </rtept>
    <rtept lat="45.64988441" lon="15.19239336" >
      <name>rte1_114</name>
      <ele>202.43</ele>
    </rtept>
    <rtept lat="45.64983939" lon="15.19241245" >
      <name>rte1_115</name>
      <ele>202.43</ele>
    </rtept>
    <rtept lat="45.64979436" lon="15.19243153" >
      <name>rte1_116</name>
      <ele>202.43</ele>
    </rtept>
    <rtept lat="45.64974934" lon="15.19245062" >
      <name>rte1_117</name>
      <ele>202.43</ele>
    </rtept>
    <rtept lat="45.64970432" lon="15.19246330" >
      <name>rte1_118</name>
      <ele>202.43</ele>
    </rtept>
    <rtept lat="45.64965931" lon="15.19247597" >
      <name>rte1_119</name>
      <ele>202.47</ele>
    </rtept>
    <rtept lat="45.64961430" lon="15.19248865" >
      <name>rte1_120</name>
      <ele>202.47</ele>
    </rtept>
    <rtept lat="45.64956930" lon="15.19249491" >
      <name>rte1_121</name>
      <ele>205.88</ele>
    </rtept>
    <rtept lat="45.64952429" lon="15.19250117" >
      <name>rte1_122</name>
      <ele>205.88</ele>
    </rtept>
    <rtept lat="45.64947478" lon="15.19251382" >
      <name>rte1_123</name>
      <ele>205.88</ele>
    </rtept>
    <rtept lat="45.64942978" lon="15.19252008" >
      <name>rte1_124</name>
      <ele>205.00</ele>
    </rtept>
    <rtept lat="45.64937578" lon="15.19252631" >
      <name>rte1_125</name>
      <ele>205.00</ele>
    </rtept>
    <rtept lat="45.64932178" lon="15.19253254" >
      <name>rte1_126</name>
      <ele>205.00</ele>
    </rtept>
    <rtept lat="45.64926777" lon="15.19254518" >
      <name>rte1_127</name>
      <ele>205.00</ele>
    </rtept>
    <rtept lat="45.64919577" lon="15.19255135" >
      <name>rte1_128</name>
      <ele>205.00</ele>
    </rtept>
    <rtept lat="45.64913277" lon="15.19255755" >
      <name>rte1_129</name>
      <ele>205.00</ele>
    </rtept>
    <rtept lat="45.64906976" lon="15.19257016" >
      <name>rte1_130</name>
      <ele>205.00</ele>
    </rtept>
    <rtept lat="45.64901126" lon="15.19257637" >
      <name>rte1_131</name>
      <ele>205.00</ele>
    </rtept>
    <rtept lat="45.64895278" lon="15.19257617" >
      <name>rte1_132</name>
      <ele>203.00</ele>
    </rtept>
    <rtept lat="45.64889878" lon="15.19258240" >
      <name>rte1_133</name>
      <ele>203.00</ele>
    </rtept>
    <rtept lat="45.64884477" lon="15.19258862" >
      <name>rte1_134</name>
      <ele>203.00</ele>
    </rtept>
    <rtept lat="45.64879528" lon="15.19258845" >
      <name>rte1_135</name>
      <ele>203.00</ele>
    </rtept>
    <rtept lat="45.64874129" lon="15.19258827" >
      <name>rte1_136</name>
      <ele>200.00</ele>
    </rtept>
    <rtept lat="45.64868731" lon="15.19258808" >
      <name>rte1_137</name>
      <ele>200.00</ele>
    </rtept>
    <rtept lat="45.64863332" lon="15.19258789" >
      <name>rte1_138</name>
      <ele>200.00</ele>
    </rtept>
    <rtept lat="45.64857933" lon="15.19258771" >
      <name>rte1_139</name>
      <ele>200.00</ele>
    </rtept>
    <rtept lat="45.64852084" lon="15.19258750" >
      <name>rte1_140</name>
      <ele>200.00</ele>
    </rtept>
    <rtept lat="45.64846236" lon="15.19258089" >
      <name>rte1_141</name>
      <ele>200.00</ele>
    </rtept>
    <rtept lat="45.64839937" lon="15.19258067" >
      <name>rte1_142</name>
      <ele>200.00</ele>
    </rtept>
    <rtept lat="45.64833639" lon="15.19258045" >
      <name>rte1_143</name>
      <ele>200.00</ele>
    </rtept>
    <rtept lat="45.64799503" lon="15.19223928" >
      <name>rte1_144</name>
      <ele>203.20</ele>
    </rtept>
    <rtept lat="45.64793661" lon="15.19220059" >
      <name>rte1_145</name>
      <ele>203.20</ele>
    </rtept>
    <rtept lat="45.64770715" lon="15.19219980" >
      <name>rte1_146</name>
      <ele>205.00</ele>
    </rtept>
    <rtept lat="45.64750481" lon="15.19212854" >
      <name>rte1_147</name>
      <ele>205.00</ele>
    </rtept>
    <rtept lat="45.64712705" lon="15.19203102" >
      <name>rte1_148</name>
      <ele>208.40</ele>
    </rtept>
    <rtept lat="45.64694713" lon="15.19200474" >
      <name>rte1_149</name>
      <ele>210.00</ele>
    </rtept>
    <rtept lat="45.64658720" lon="15.19200349" >
      <name>rte1_150</name>
      <ele>210.00</ele>
    </rtept>
    <rtept lat="45.64645213" lon="15.19206076" >
      <name>rte1_151</name>
      <ele>210.00</ele>
    </rtept>
    <rtept lat="45.64629005" lon="15.19212435" >
      <name>rte1_152</name>
      <ele>210.00</ele>
    </rtept>
    <rtept lat="45.64604698" lon="15.19219407" >
      <name>rte1_153</name>
      <ele>210.80</ele>
    </rtept>
    <rtept lat="45.64595250" lon="15.19219374" >
      <name>rte1_154</name>
      <ele>210.80</ele>
    </rtept>
    <rtept lat="45.64575020" lon="15.19209683" >
      <name>rte1_155</name>
      <ele>210.60</ele>
    </rtept>
    <rtept lat="45.64553012" lon="15.19187156" >
      <name>rte1_156</name>
      <ele>211.10</ele>
    </rtept>
    <rtept lat="45.64530539" lon="15.19173608" >
      <name>rte1_157</name>
      <ele>210.00</ele>
    </rtept>
    <rtept lat="45.64510310" lon="15.19163916" >
      <name>rte1_158</name>
      <ele>210.00</ele>
    </rtept>
    <rtept lat="45.64490090" lon="15.19148452" >
      <name>rte1_159</name>
      <ele>210.00</ele>
    </rtept>
    <rtept lat="45.64465377" lon="15.19129124" >
      <name>rte1_160</name>
      <ele>210.00</ele>
    </rtept>
    <rtept lat="45.64426705" lon="15.19116804" >
      <name>rte1_161</name>
      <ele>208.35</ele>
    </rtept>
    <rtept lat="45.64419508" lon="15.19116137" >
      <name>rte1_162</name>
      <ele>208.35</ele>
    </rtept>
    <rtept lat="45.64412758" lon="15.19116756" >
      <name>rte1_163</name>
      <ele>208.35</ele>
    </rtept>
    <rtept lat="45.64406459" lon="15.19116734" >
      <name>rte1_164</name>
      <ele>208.35</ele>
    </rtept>
    <rtept lat="45.64400608" lon="15.19117997" >
      <name>rte1_165</name>
      <ele>208.86</ele>
    </rtept>
    <rtept lat="45.64394758" lon="15.19118618" >
      <name>rte1_166</name>
      <ele>208.86</ele>
    </rtept>
    <rtept lat="45.64389357" lon="15.19119882" >
      <name>rte1_167</name>
      <ele>210.00</ele>
    </rtept>
    <rtept lat="45.64383956" lon="15.19121147" >
      <name>rte1_168</name>
      <ele>210.00</ele>
    </rtept>
    <rtept lat="45.64378555" lon="15.19122411" >
      <name>rte1_169</name>
      <ele>210.00</ele>
    </rtept>
    <rtept lat="45.64373153" lon="15.19124317" >
      <name>rte1_170</name>
      <ele>210.00</ele>
    </rtept>
    <rtept lat="45.64367752" lon="15.19125581" >
      <name>rte1_171</name>
      <ele>210.00</ele>
    </rtept>
    <rtept lat="45.64361899" lon="15.19127485" >
      <name>rte1_172</name>
      <ele>210.00</ele>
    </rtept>
    <rtept lat="45.64356498" lon="15.19128750" >
      <name>rte1_173</name>
      <ele>210.00</ele>
    </rtept>
    <rtept lat="45.64350196" lon="15.19130652" >
      <name>rte1_174</name>
      <ele>210.00</ele>
    </rtept>
    <rtept lat="45.64344344" lon="15.19132556" >
      <name>rte1_175</name>
      <ele>210.00</ele>
    </rtept>
    <rtept lat="45.64337593" lon="15.19133816" >
      <name>rte1_176</name>
      <ele>210.00</ele>
    </rtept>
    <rtept lat="45.64330841" lon="15.19135717" >
      <name>rte1_177</name>
      <ele>210.00</ele>
    </rtept>
    <rtept lat="45.64238115" lon="15.19161697" >
      <name>rte1_178</name>
      <ele>210.00</ele>
    </rtept>
    <rtept lat="45.64230459" lon="15.19166160" >
      <name>rte1_179</name>
      <ele>210.00</ele>
    </rtept>
    <rtept lat="45.64222353" lon="15.19170622" >
      <name>rte1_180</name>
      <ele>210.00</ele>
    </rtept>
    <rtept lat="45.64218298" lon="15.19173815" >
      <name>rte1_181</name>
      <ele>210.00</ele>
    </rtept>
    <rtept lat="45.64214244" lon="15.19177008" >
      <name>rte1_182</name>
      <ele>210.00</ele>
    </rtept>
    <rtept lat="45.64210188" lon="15.19180843" >
      <name>rte1_183</name>
      <ele>210.00</ele>
    </rtept>
    <rtept lat="45.64206580" lon="15.19185962" >
      <name>rte1_184</name>
      <ele>213.33</ele>
    </rtept>
    <rtept lat="45.64202972" lon="15.19191081" >
      <name>rte1_185</name>
      <ele>213.33</ele>
    </rtept>
    <rtept lat="45.64199814" lon="15.19196201" >
      <name>rte1_186</name>
      <ele>215.00</ele>
    </rtept>
    <rtept lat="45.64194847" lon="15.19206447" >
      <name>rte1_187</name>
      <ele>215.00</ele>
    </rtept>
    <rtept lat="45.64190331" lon="15.19216694" >
      <name>rte1_188</name>
      <ele>215.00</ele>
    </rtept>
    <rtept lat="45.64186264" lon="15.19226942" >
      <name>rte1_189</name>
      <ele>215.00</ele>
    </rtept>
    <rtept lat="45.64182197" lon="15.19237191" >
      <name>rte1_190</name>
      <ele>215.00</ele>
    </rtept>
    <rtept lat="45.64178131" lon="15.19247439" >
      <name>rte1_191</name>
      <ele>211.25</ele>
    </rtept>
    <rtept lat="45.64172714" lon="15.19257683" >
      <name>rte1_192</name>
      <ele>211.25</ele>
    </rtept>
    <rtept lat="45.64169106" lon="15.19262802" >
      <name>rte1_193</name>
      <ele>211.25</ele>
    </rtept>
    <rtept lat="45.64165947" lon="15.19268564" >
      <name>rte1_194</name>
      <ele>211.25</ele>
    </rtept>
    <rtept lat="45.64158738" lon="15.19274953" >
      <name>rte1_195</name>
      <ele>211.25</ele>
    </rtept>
    <rtept lat="45.64151981" lon="15.19279419" >
      <name>rte1_196</name>
      <ele>210.00</ele>
    </rtept>
    <rtept lat="45.64145228" lon="15.19281962" >
      <name>rte1_197</name>
      <ele>210.00</ele>
    </rtept>
    <rtept lat="45.64138473" lon="15.19285787" >
      <name>rte1_198</name>
      <ele>210.00</ele>
    </rtept>
    <rtept lat="45.64124508" lon="15.19296001" >
      <name>rte1_199</name>
      <ele>210.00</ele>
    </rtept>
    <rtept lat="45.64120001" lon="15.19300475" >
      <name>rte1_200</name>
      <ele>210.00</ele>
    </rtept>
    <rtept lat="45.64116394" lon="15.19304952" >
      <name>rte1_201</name>
      <ele>210.00</ele>
    </rtept>
    <rtept lat="45.64112787" lon="15.19309430" >
      <name>rte1_202</name>
      <ele>210.00</ele>
    </rtept>
    <rtept lat="45.64109179" lon="15.19314548" >
      <name>rte1_203</name>
      <ele>215.00</ele>
    </rtept>
    <rtept lat="45.64105574" lon="15.19318384" >
      <name>rte1_204</name>
      <ele>215.00</ele>
    </rtept>
    <rtept lat="45.64101517" lon="15.19322860" >
      <name>rte1_205</name>
      <ele>215.00</ele>
    </rtept>
    <rtept lat="45.64097011" lon="15.19326693" >
      <name>rte1_206</name>
      <ele>215.00</ele>
    </rtept>
    <rtept lat="45.64091607" lon="15.19329881" >
      <name>rte1_207</name>
      <ele>215.00</ele>
    </rtept>
    <rtept lat="45.64083953" lon="15.19333061" >
      <name>rte1_208</name>
      <ele>215.00</ele>
    </rtept>
    <rtept lat="45.64076748" lon="15.19336243" >
      <name>rte1_209</name>
      <ele>215.00</ele>
    </rtept>
    <rtept lat="45.64069544" lon="15.19339425" >
      <name>rte1_210</name>
      <ele>215.00</ele>
    </rtept>
    <rtept lat="45.64062341" lon="15.19341966" >
      <name>rte1_211</name>
      <ele>215.00</ele>
    </rtept>
    <rtept lat="45.64055587" lon="15.19345149" >
      <name>rte1_212</name>
      <ele>215.00</ele>
    </rtept>
    <rtept lat="45.64049284" lon="15.19347693" >
      <name>rte1_213</name>
      <ele>215.00</ele>
    </rtept>
    <rtept lat="45.64042532" lon="15.19349594" >
      <name>rte1_214</name>
      <ele>215.00</ele>
    </rtept>
    <rtept lat="45.64036229" lon="15.19352138" >
      <name>rte1_215</name>
      <ele>215.00</ele>
    </rtept>
    <rtept lat="45.64029927" lon="15.19354040" >
      <name>rte1_216</name>
      <ele>215.00</ele>
    </rtept>
    <rtept lat="45.64024075" lon="15.19355944" >
      <name>rte1_217</name>
      <ele>215.00</ele>
    </rtept>
    <rtept lat="45.64017773" lon="15.19357846" >
      <name>rte1_218</name>
      <ele>215.00</ele>
    </rtept>
    <rtept lat="45.64011921" lon="15.19359750" >
      <name>rte1_219</name>
      <ele>215.00</ele>
    </rtept>
    <rtept lat="45.64005618" lon="15.19361652" >
      <name>rte1_220</name>
      <ele>215.00</ele>
    </rtept>
    <rtept lat="45.63999766" lon="15.19363556" >
      <name>rte1_221</name>
      <ele>215.00</ele>
    </rtept>
    <rtept lat="45.63993915" lon="15.19364818" >
      <name>rte1_222</name>
      <ele>215.00</ele>
    </rtept>
    <rtept lat="45.63988063" lon="15.19366722" >
      <name>rte1_223</name>
      <ele>215.00</ele>
    </rtept>
    <rtept lat="45.63982212" lon="15.19367985" >
      <name>rte1_224</name>
      <ele>215.00</ele>
    </rtept>
    <rtept lat="45.63976360" lon="15.19369888" >
      <name>rte1_225</name>
      <ele>215.00</ele>
    </rtept>
    <rtept lat="45.63970058" lon="15.19371791" >
      <name>rte1_226</name>
      <ele>215.00</ele>
    </rtept>
    <rtept lat="45.63964207" lon="15.19373053" >
      <name>rte1_227</name>
      <ele>215.00</ele>
    </rtept>
    <rtept lat="45.63958355" lon="15.19374957" >
      <name>rte1_228</name>
      <ele>215.50</ele>
    </rtept>
    <rtept lat="45.63952054" lon="15.19376218" >
      <name>rte1_229</name>
      <ele>215.00</ele>
    </rtept>
    <rtept lat="45.63945752" lon="15.19378120" >
      <name>rte1_230</name>
      <ele>215.00</ele>
    </rtept>
    <rtept lat="45.63939449" lon="15.19380022" >
      <name>rte1_231</name>
      <ele>215.00</ele>
    </rtept>
    <rtept lat="45.63933147" lon="15.19381924" >
      <name>rte1_232</name>
      <ele>215.00</ele>
    </rtept>
    <rtept lat="45.63926844" lon="15.19384468" >
      <name>rte1_233</name>
      <ele>214.32</ele>
    </rtept>
    <rtept lat="45.63920092" lon="15.19386369" >
      <name>rte1_234</name>
      <ele>214.32</ele>
    </rtept>
    <rtept lat="45.63913339" lon="15.19388911" >
      <name>rte1_235</name>
      <ele>214.32</ele>
    </rtept>
    <rtept lat="45.63906137" lon="15.19390810" >
      <name>rte1_236</name>
      <ele>210.34</ele>
    </rtept>
    <rtept lat="45.63899383" lon="15.19393993" >
      <name>rte1_237</name>
      <ele>210.34</ele>
    </rtept>
    <rtept lat="45.63891730" lon="15.19396532" >
      <name>rte1_238</name>
      <ele>210.34</ele>
    </rtept>
    <rtept lat="45.63884526" lon="15.19399714" >
      <name>rte1_239</name>
      <ele>206.52</ele>
    </rtept>
    <rtept lat="45.63878674" lon="15.19401617" >
      <name>rte1_240</name>
      <ele>206.52</ele>
    </rtept>
    <rtept lat="45.63873271" lon="15.19404164" >
      <name>rte1_241</name>
      <ele>206.52</ele>
    </rtept>
    <rtept lat="45.63867868" lon="15.19406069" >
      <name>rte1_242</name>
      <ele>205.00</ele>
    </rtept>
    <rtept lat="45.63863365" lon="15.19408619" >
      <name>rte1_243</name>
      <ele>207.31</ele>
    </rtept>
    <rtept lat="45.63858861" lon="15.19411169" >
      <name>rte1_244</name>
      <ele>207.31</ele>
    </rtept>
    <rtept lat="45.63854357" lon="15.19414360" >
      <name>rte1_245</name>
      <ele>207.31</ele>
    </rtept>
    <rtept lat="45.63849853" lon="15.19416910" >
      <name>rte1_246</name>
      <ele>207.31</ele>
    </rtept>
    <rtept lat="45.63845800" lon="15.19419461" >
      <name>rte1_247</name>
      <ele>207.31</ele>
    </rtept>
    <rtept lat="45.63841296" lon="15.19422011" >
      <name>rte1_248</name>
      <ele>209.37</ele>
    </rtept>
    <rtept lat="45.63837241" lon="15.19425204" >
      <name>rte1_249</name>
      <ele>209.37</ele>
    </rtept>
    <rtept lat="45.63832738" lon="15.19427754" >
      <name>rte1_250</name>
      <ele>209.37</ele>
    </rtept>
    <rtept lat="45.63828234" lon="15.19430303" >
      <name>rte1_251</name>
      <ele>209.37</ele>
    </rtept>
    <rtept lat="45.63823731" lon="15.19432853" >
      <name>rte1_252</name>
      <ele>209.37</ele>
    </rtept>
    <rtept lat="45.63818777" lon="15.19435401" >
      <name>rte1_253</name>
      <ele>210.00</ele>
    </rtept>
    <rtept lat="45.63813374" lon="15.19437948" >
      <name>rte1_254</name>
      <ele>215.00</ele>
    </rtept>
    <rtept lat="45.63807971" lon="15.19440495" >
      <name>rte1_255</name>
      <ele>215.00</ele>
    </rtept>
    <rtept lat="45.63800319" lon="15.19442392" >
      <name>rte1_256</name>
      <ele>215.00</ele>
    </rtept>
    <rtept lat="45.63793119" lon="15.19443008" >
      <name>rte1_257</name>
      <ele>215.00</ele>
    </rtept>
    <rtept lat="45.63786821" lon="15.19442345" >
      <name>rte1_258</name>
      <ele>215.00</ele>
    </rtept>
    <rtept lat="45.63780077" lon="15.19439756" >
      <name>rte1_259</name>
      <ele>215.00</ele>
    </rtept>
    <rtept lat="45.63774234" lon="15.19436529" >
      <name>rte1_260</name>
      <ele>210.00</ele>
    </rtept>
    <rtept lat="45.63768393" lon="15.19432019" >
      <name>rte1_261</name>
      <ele>210.00</ele>
    </rtept>
    <rtept lat="45.63763005" lon="15.19425586" >
      <name>rte1_262</name>
      <ele>210.00</ele>
    </rtept>
    <rtept lat="45.63758068" lon="15.19418514" >
      <name>rte1_263</name>
      <ele>210.00</ele>
    </rtept>
    <rtept lat="45.63752655" lon="15.19426192" >
      <name>rte1_264</name>
      <ele>210.00</ele>
    </rtept>
    <rtept lat="45.63746793" lon="15.19433867" >
      <name>rte1_265</name>
      <ele>210.00</ele>
    </rtept>
    <rtept lat="45.63741832" lon="15.19440905" >
      <name>rte1_266</name>
      <ele>211.30</ele>
    </rtept>
    <rtept lat="45.63736871" lon="15.19447943" >
      <name>rte1_267</name>
      <ele>211.30</ele>
    </rtept>
    <rtept lat="45.63731910" lon="15.19454980" >
      <name>rte1_268</name>
      <ele>211.30</ele>
    </rtept>
    <rtept lat="45.63726950" lon="15.19461377" >
      <name>rte1_269</name>
      <ele>210.00</ele>
    </rtept>
    <rtept lat="45.63722440" lon="15.19467775" >
      <name>rte1_270</name>
      <ele>210.00</ele>
    </rtept>
    <rtept lat="45.63717930" lon="15.19474172" >
      <name>rte1_271</name>
      <ele>208.85</ele>
    </rtept>
    <rtept lat="45.63713419" lon="15.19480570" >
      <name>rte1_272</name>
      <ele>208.85</ele>
    </rtept>
    <rtept lat="45.63708909" lon="15.19486968" >
      <name>rte1_273</name>
      <ele>208.85</ele>
    </rtept>
    <rtept lat="45.63704400" lon="15.19492724" >
      <name>rte1_274</name>
      <ele>209.17</ele>
    </rtept>
    <rtept lat="45.63699439" lon="15.19499762" >
      <name>rte1_275</name>
      <ele>209.17</ele>
    </rtept>
    <rtept lat="45.63694929" lon="15.19506160" >
      <name>rte1_276</name>
      <ele>207.11</ele>
    </rtept>
    <rtept lat="45.63689518" lon="15.19513196" >
      <name>rte1_277</name>
      <ele>207.11</ele>
    </rtept>
    <rtept lat="45.63684107" lon="15.19520232" >
      <name>rte1_278</name>
      <ele>210.00</ele>
    </rtept>
    <rtept lat="45.63678694" lon="15.19527909" >
      <name>rte1_279</name>
      <ele>210.00</ele>
    </rtept>
    <rtept lat="45.63672831" lon="15.19536226" >
      <name>rte1_280</name>
      <ele>210.00</ele>
    </rtept>
    <rtept lat="45.63668771" lon="15.19542625" >
      <name>rte1_281</name>
      <ele>210.00</ele>
    </rtept>
    <rtept lat="45.63665160" lon="15.19549026" >
      <name>rte1_282</name>
      <ele>210.00</ele>
    </rtept>
    <rtept lat="45.63661551" lon="15.19554786" >
      <name>rte1_283</name>
      <ele>210.00</ele>
    </rtept>
    <rtept lat="45.63658391" lon="15.19561188" >
      <name>rte1_284</name>
      <ele>210.00</ele>
    </rtept>
    <rtept lat="45.63655231" lon="15.19566949" >
      <name>rte1_285</name>
      <ele>207.89</ele>
    </rtept>
    <rtept lat="45.63652072" lon="15.19572710" >
      <name>rte1_286</name>
      <ele>207.89</ele>
    </rtept>
    <rtept lat="45.63648913" lon="15.19578471" >
      <name>rte1_287</name>
      <ele>207.89</ele>
    </rtept>
    <rtept lat="45.63645753" lon="15.19584232" >
      <name>rte1_288</name>
      <ele>207.89</ele>
    </rtept>
    <rtept lat="45.63643044" lon="15.19589995" >
      <name>rte1_289</name>
      <ele>207.89</ele>
    </rtept>
    <rtept lat="45.63639885" lon="15.19595115" >
      <name>rte1_290</name>
      <ele>207.89</ele>
    </rtept>
    <rtept lat="45.63637176" lon="15.19600877" >
      <name>rte1_291</name>
      <ele>202.50</ele>
    </rtept>
    <rtept lat="45.63634468" lon="15.19605998" >
      <name>rte1_292</name>
      <ele>202.50</ele>
    </rtept>
    <rtept lat="45.63631759" lon="15.19611120" >
      <name>rte1_293</name>
      <ele>202.50</ele>
    </rtept>
    <rtept lat="45.63629050" lon="15.19616882" >
      <name>rte1_294</name>
      <ele>202.50</ele>
    </rtept>
    <rtept lat="45.63624083" lon="15.19627126" >
      <name>rte1_295</name>
      <ele>202.50</ele>
    </rtept>
    <rtept lat="45.63621373" lon="15.19632889" >
      <name>rte1_296</name>
      <ele>198.51</ele>
    </rtept>
    <rtept lat="45.63619115" lon="15.19638012" >
      <name>rte1_297</name>
      <ele>198.51</ele>
    </rtept>
    <rtept lat="45.63616405" lon="15.19643774" >
      <name>rte1_298</name>
      <ele>200.20</ele>
    </rtept>
    <rtept lat="45.63614147" lon="15.19648897" >
      <name>rte1_299</name>
      <ele>200.20</ele>
    </rtept>
    <rtept lat="45.63611437" lon="15.19654660" >
      <name>rte1_300</name>
      <ele>200.20</ele>
    </rtept>
    <rtept lat="45.63608728" lon="15.19660422" >
      <name>rte1_301</name>
      <ele>200.20</ele>
    </rtept>
    <rtept lat="45.63606468" lon="15.19666186" >
      <name>rte1_302</name>
      <ele>197.38</ele>
    </rtept>
    <rtept lat="45.63603759" lon="15.19671949" >
      <name>rte1_303</name>
      <ele>197.38</ele>
    </rtept>
    <rtept lat="45.63601048" lon="15.19678353" >
      <name>rte1_304</name>
      <ele>197.38</ele>
    </rtept>
    <rtept lat="45.63598789" lon="15.19684117" >
      <name>rte1_305</name>
      <ele>197.38</ele>
    </rtept>
    <rtept lat="45.63596078" lon="15.19690521" >
      <name>rte1_306</name>
      <ele>197.38</ele>
    </rtept>
    <rtept lat="45.63593367" lon="15.19696925" >
      <name>rte1_307</name>
      <ele>200.50</ele>
    </rtept>
    <rtept lat="45.63590656" lon="15.19703970" >
      <name>rte1_308</name>
      <ele>200.50</ele>
    </rtept>
    <rtept lat="45.63587494" lon="15.19711014" >
      <name>rte1_309</name>
      <ele>200.50</ele>
    </rtept>
    <rtept lat="45.63584782" lon="15.19718059" >
      <name>rte1_310</name>
      <ele>200.50</ele>
    </rtept>
    <rtept lat="45.63582069" lon="15.19725745" >
      <name>rte1_311</name>
      <ele>201.10</ele>
    </rtept>
    <rtept lat="45.63577552" lon="15.19735991" >
      <name>rte1_312</name>
      <ele>201.10</ele>
    </rtept>
    <rtept lat="45.63573935" lon="15.19746239" >
      <name>rte1_313</name>
      <ele>201.10</ele>
    </rtept>
    <rtept lat="45.63570768" lon="15.19756490" >
      <name>rte1_314</name>
      <ele>205.00</ele>
    </rtept>
    <rtept lat="45.63568052" lon="15.19766100" >
      <name>rte1_315</name>
      <ele>203.26</ele>
    </rtept>
    <rtept lat="45.63565785" lon="15.19775712" >
      <name>rte1_316</name>
      <ele>203.26</ele>
    </rtept>
    <rtept lat="45.63563519" lon="15.19785324" >
      <name>rte1_317</name>
      <ele>203.26</ele>
    </rtept>
    <rtept lat="45.63561252" lon="15.19794936" >
      <name>rte1_318</name>
      <ele>202.07</ele>
    </rtept>
    <rtept lat="45.63559437" lon="15.19803909" >
      <name>rte1_319</name>
      <ele>202.07</ele>
    </rtept>
    <rtept lat="45.63557172" lon="15.19812879" >
      <name>rte1_320</name>
      <ele>202.07</ele>
    </rtept>
    <rtept lat="45.63554905" lon="15.19822491" >
      <name>rte1_321</name>
      <ele>201.57</ele>
    </rtept>
    <rtept lat="45.63552190" lon="15.19831461" >
      <name>rte1_322</name>
      <ele>201.57</ele>
    </rtept>
    <rtept lat="45.63549474" lon="15.19841071" >
      <name>rte1_323</name>
      <ele>201.57</ele>
    </rtept>
    <rtept lat="45.63545859" lon="15.19850037" >
      <name>rte1_324</name>
      <ele>205.00</ele>
    </rtept>
    <rtept lat="45.63542243" lon="15.19859644" >
      <name>rte1_325</name>
      <ele>205.60</ele>
    </rtept>
    <rtept lat="45.63537727" lon="15.19869248" >
      <name>rte1_326</name>
      <ele>205.60</ele>
    </rtept>
    <rtept lat="45.63532760" lon="15.19879492" >
      <name>rte1_327</name>
      <ele>205.60</ele>
    </rtept>
    <rtept lat="45.63529151" lon="15.19884610" >
      <name>rte1_328</name>
      <ele>205.60</ele>
    </rtept>
    <rtept lat="45.63525994" lon="15.19889088" >
      <name>rte1_329</name>
      <ele>206.30</ele>
    </rtept>
    <rtept lat="45.63519679" lon="15.19898044" >
      <name>rte1_330</name>
      <ele>206.30</ele>
    </rtept>
    <rtept lat="45.63512917" lon="15.19905716" >
      <name>rte1_331</name>
      <ele>206.30</ele>
    </rtept>
    <rtept lat="45.63506157" lon="15.19912105" >
      <name>rte1_332</name>
      <ele>206.30</ele>
    </rtept>
    <rtept lat="45.63499398" lon="15.19917853" >
      <name>rte1_333</name>
      <ele>205.00</ele>
    </rtept>
    <rtept lat="45.63492192" lon="15.19922316" >
      <name>rte1_334</name>
      <ele>205.00</ele>
    </rtept>
    <rtept lat="45.63485435" lon="15.19926781" >
      <name>rte1_335</name>
      <ele>205.00</ele>
    </rtept>
    <rtept lat="45.63478229" lon="15.19931245" >
      <name>rte1_336</name>
      <ele>205.00</ele>
    </rtept>
    <rtept lat="45.63471023" lon="15.19935067" >
      <name>rte1_337</name>
      <ele>205.00</ele>
    </rtept>
    <rtept lat="45.63463367" lon="15.19939529" >
      <name>rte1_338</name>
      <ele>205.00</ele>
    </rtept>
    <rtept lat="45.63456162" lon="15.19943351" >
      <name>rte1_339</name>
      <ele>205.00</ele>
    </rtept>
    <rtept lat="45.63448504" lon="15.19948454" >
      <name>rte1_340</name>
      <ele>205.00</ele>
    </rtept>
    <rtept lat="45.63440846" lon="15.19953558" >
      <name>rte1_341</name>
      <ele>198.34</ele>
    </rtept>
    <rtept lat="45.63433187" lon="15.19959943" >
      <name>rte1_342</name>
      <ele>200.00</ele>
    </rtept>
    <rtept lat="45.63429132" lon="15.19963136" >
      <name>rte1_343</name>
      <ele>200.00</ele>
    </rtept>
    <rtept lat="45.63425526" lon="15.19966971" >
      <name>rte1_344</name>
      <ele>200.00</ele>
    </rtept>
    <rtept lat="45.63421470" lon="15.19970804" >
      <name>rte1_345</name>
      <ele>200.00</ele>
    </rtept>
    <rtept lat="45.63417862" lon="15.19975280" >
      <name>rte1_346</name>
      <ele>200.00</ele>
    </rtept>
    <rtept lat="45.63414252" lon="15.19981681" >
      <name>rte1_347</name>
      <ele>200.00</ele>
    </rtept>
    <rtept lat="45.63413338" lon="15.19989373" >
      <name>rte1_348</name>
      <ele>193.67</ele>
    </rtept>
    <rtept lat="45.63413324" lon="15.19997710" >
      <name>rte1_349</name>
      <ele>193.67</ele>
    </rtept>
    <rtept lat="45.63411058" lon="15.20006681" >
      <name>rte1_350</name>
      <ele>193.67</ele>
    </rtept>
    <rtept lat="45.63407449" lon="15.20012440" >
      <name>rte1_351</name>
      <ele>193.67</ele>
    </rtept>
    <rtept lat="45.63404290" lon="15.20017559" >
      <name>rte1_352</name>
      <ele>197.44</ele>
    </rtept>
    <rtept lat="45.63398426" lon="15.20026516" >
      <name>rte1_353</name>
      <ele>197.44</ele>
    </rtept>
    <rtept lat="45.63391663" lon="15.20034188" >
      <name>rte1_354</name>
      <ele>197.44</ele>
    </rtept>
    <rtept lat="45.63388057" lon="15.20038023" >
      <name>rte1_355</name>
      <ele>190.00</ele>
    </rtept>
    <rtept lat="45.63384000" lon="15.20042498" >
      <name>rte1_356</name>
      <ele>190.00</ele>
    </rtept>
    <rtept lat="45.63378144" lon="15.20046325" >
      <name>rte1_357</name>
      <ele>200.00</ele>
    </rtept>
    <rtept lat="45.63373186" lon="15.20051437" >
      <name>rte1_358</name>
      <ele>200.00</ele>
    </rtept>
    <rtept lat="45.63369128" lon="15.20056553" >
      <name>rte1_359</name>
      <ele>200.00</ele>
    </rtept>
    <rtept lat="45.63365515" lon="15.20064236" >
      <name>rte1_360</name>
      <ele>195.80</ele>
    </rtept>
    <rtept lat="45.63361904" lon="15.20070636" >
      <name>rte1_361</name>
      <ele>195.80</ele>
    </rtept>
    <rtept lat="45.63358742" lon="15.20077679" >
      <name>rte1_362</name>
      <ele>200.00</ele>
    </rtept>
    <rtept lat="45.63356031" lon="15.20084083" >
      <name>rte1_363</name>
      <ele>200.00</ele>
    </rtept>
    <rtept lat="45.63353322" lon="15.20089845" >
      <name>rte1_364</name>
      <ele>200.00</ele>
    </rtept>
    <rtept lat="45.63351061" lon="15.20096250" >
      <name>rte1_365</name>
      <ele>200.00</ele>
    </rtept>
    <rtept lat="45.63348351" lon="15.20102012" >
      <name>rte1_366</name>
      <ele>200.00</ele>
    </rtept>
    <rtept lat="45.63346091" lon="15.20107776" >
      <name>rte1_367</name>
      <ele>200.00</ele>
    </rtept>
    <rtept lat="45.63344281" lon="15.20113541" >
      <name>rte1_368</name>
      <ele>200.00</ele>
    </rtept>
    <rtept lat="45.63342022" lon="15.20119305" >
      <name>rte1_369</name>
      <ele>200.00</ele>
    </rtept>
    <rtept lat="45.63339762" lon="15.20125068" >
      <name>rte1_370</name>
      <ele>200.00</ele>
    </rtept>
    <rtept lat="45.63337051" lon="15.20131472" >
      <name>rte1_371</name>
      <ele>200.00</ele>
    </rtept>
    <rtept lat="45.63334791" lon="15.20137235" >
      <name>rte1_372</name>
      <ele>200.00</ele>
    </rtept>
    <rtept lat="45.63332080" lon="15.20143639" >
      <name>rte1_373</name>
      <ele>200.00</ele>
    </rtept>
    <rtept lat="45.63329369" lon="15.20150042" >
      <name>rte1_374</name>
      <ele>200.00</ele>
    </rtept>
    <rtept lat="45.63326207" lon="15.20157085" >
      <name>rte1_375</name>
      <ele>200.00</ele>
    </rtept>
    <rtept lat="45.63323045" lon="15.20164128" >
      <name>rte1_376</name>
      <ele>205.00</ele>
    </rtept>
    <rtept lat="45.63318984" lon="15.20171168" >
      <name>rte1_377</name>
      <ele>205.00</ele>
    </rtept>
    <rtept lat="45.63315372" lon="15.20178209" >
      <name>rte1_378</name>
      <ele>203.59</ele>
    </rtept>
    <rtept lat="45.63311761" lon="15.20184609" >
      <name>rte1_379</name>
      <ele>203.59</ele>
    </rtept>
    <rtept lat="45.63308150" lon="15.20191009" >
      <name>rte1_380</name>
      <ele>203.59</ele>
    </rtept>
    <rtept lat="45.63304541" lon="15.20196768" >
      <name>rte1_381</name>
      <ele>203.59</ele>
    </rtept>
    <rtept lat="45.63300931" lon="15.20202527" >
      <name>rte1_382</name>
      <ele>203.59</ele>
    </rtept>
    <rtept lat="45.63297772" lon="15.20207646" >
      <name>rte1_383</name>
      <ele>205.00</ele>
    </rtept>
    <rtept lat="45.63294163" lon="15.20213404" >
      <name>rte1_384</name>
      <ele>205.00</ele>
    </rtept>
    <rtept lat="45.63291004" lon="15.20218523" >
      <name>rte1_385</name>
      <ele>205.00</ele>
    </rtept>
    <rtept lat="45.63287395" lon="15.20224282" >
      <name>rte1_386</name>
      <ele>205.00</ele>
    </rtept>
    <rtept lat="45.63284236" lon="15.20229401" >
      <name>rte1_387</name>
      <ele>205.00</ele>
    </rtept>
    <rtept lat="45.63280625" lon="15.20235801" >
      <name>rte1_388</name>
      <ele>205.00</ele>
    </rtept>
    <rtept lat="45.63277016" lon="15.20241560" >
      <name>rte1_389</name>
      <ele>210.00</ele>
    </rtept>
    <rtept lat="45.63273854" lon="15.20248603" >
      <name>rte1_390</name>
      <ele>210.00</ele>
    </rtept>
    <rtept lat="45.63270242" lon="15.20255644" >
      <name>rte1_391</name>
      <ele>210.00</ele>
    </rtept>
    <rtept lat="45.63266629" lon="15.20263327" >
      <name>rte1_392</name>
      <ele>210.00</ele>
    </rtept>
    <rtept lat="45.63263919" lon="15.20269088" >
      <name>rte1_393</name>
      <ele>210.00</ele>
    </rtept>
    <rtept lat="45.63261659" lon="15.20274852" >
      <name>rte1_394</name>
      <ele>210.00</ele>
    </rtept>
    <rtept lat="45.63258490" lon="15.20285743" >
      <name>rte1_395</name>
      <ele>210.00</ele>
    </rtept>
    <rtept lat="45.63255321" lon="15.20296633" >
      <name>rte1_396</name>
      <ele>206.62</ele>
    </rtept>
    <rtept lat="45.63253061" lon="15.20302397" >
      <name>rte1_397</name>
      <ele>207.16</ele>
    </rtept>
    <rtept lat="45.63250351" lon="15.20308159" >
      <name>rte1_398</name>
      <ele>207.16</ele>
    </rtept>
    <rtept lat="45.63245842" lon="15.20313914" >
      <name>rte1_399</name>
      <ele>207.16</ele>
    </rtept>
    <rtept lat="45.63240885" lon="15.20318385" >
      <name>rte1_400</name>
      <ele>207.16</ele>
    </rtept>
    <rtept lat="45.63235929" lon="15.20322215" >
      <name>rte1_401</name>
      <ele>207.16</ele>
    </rtept>
    <rtept lat="45.63230525" lon="15.20324760" >
      <name>rte1_402</name>
      <ele>205.00</ele>
    </rtept>
    <rtept lat="45.63225572" lon="15.20327307" >
      <name>rte1_403</name>
      <ele>205.00</ele>
    </rtept>
    <rtept lat="45.63220616" lon="15.20331137" >
      <name>rte1_404</name>
      <ele>205.00</ele>
    </rtept>
    <rtept lat="45.63216109" lon="15.20335610" >
      <name>rte1_405</name>
      <ele>204.00</ele>
    </rtept>
    <rtept lat="45.63212497" lon="15.20342651" >
      <name>rte1_406</name>
      <ele>204.00</ele>
    </rtept>
    <rtept lat="45.63207530" lon="15.20352252" >
      <name>rte1_407</name>
      <ele>205.00</ele>
    </rtept>
    <rtept lat="45.63203464" lon="15.20361857" >
      <name>rte1_408</name>
      <ele>205.00</ele>
    </rtept>
    <rtept lat="45.63199848" lon="15.20370822" >
      <name>rte1_409</name>
      <ele>203.16</ele>
    </rtept>
    <rtept lat="45.63196233" lon="15.20379787" >
      <name>rte1_410</name>
      <ele>203.16</ele>
    </rtept>
    <rtept lat="45.63193518" lon="15.20388114" >
      <name>rte1_411</name>
      <ele>203.16</ele>
    </rtept>
    <rtept lat="45.63190804" lon="15.20396441" >
      <name>rte1_412</name>
      <ele>203.16</ele>
    </rtept>
    <rtept lat="45.63188089" lon="15.20404768" >
      <name>rte1_413</name>
      <ele>203.32</ele>
    </rtept>
    <rtept lat="45.63186275" lon="15.20413098" >
      <name>rte1_414</name>
      <ele>209.08</ele>
    </rtept>
    <rtept lat="45.63184009" lon="15.20422068" >
      <name>rte1_415</name>
      <ele>209.08</ele>
    </rtept>
    <rtept lat="45.63182194" lon="15.20430398" >
      <name>rte1_416</name>
      <ele>209.30</ele>
    </rtept>
    <rtept lat="45.63180828" lon="15.20439371" >
      <name>rte1_417</name>
      <ele>209.30</ele>
    </rtept>
    <rtept lat="45.63179011" lon="15.20448984" >
      <name>rte1_418</name>
      <ele>209.30</ele>
    </rtept>
    <rtept lat="45.63177194" lon="15.20458597" >
      <name>rte1_419</name>
      <ele>209.30</ele>
    </rtept>
    <rtept lat="45.63175826" lon="15.20468853" >
      <name>rte1_420</name>
      <ele>208.88</ele>
    </rtept>
    <rtept lat="45.63174007" lon="15.20479748" >
      <name>rte1_421</name>
      <ele>208.88</ele>
    </rtept>
    <rtept lat="45.63172635" lon="15.20491928" >
      <name>rte1_422</name>
      <ele>208.88</ele>
    </rtept>
    <rtept lat="45.63171271" lon="15.20499618" >
      <name>rte1_423</name>
      <ele>210.00</ele>
    </rtept>
    <rtept lat="45.63169458" lon="15.20507307" >
      <name>rte1_424</name>
      <ele>210.00</ele>
    </rtept>
    <rtept lat="45.63166744" lon="15.20514993" >
      <name>rte1_425</name>
      <ele>210.00</ele>
    </rtept>
    <rtept lat="45.63164032" lon="15.20522037" >
      <name>rte1_426</name>
      <ele>210.60</ele>
    </rtept>
    <rtept lat="45.63182426" lon="15.20550963" >
      <name>rte1_427</name>
      <ele>210.00</ele>
    </rtept>
    <rtept lat="45.63186015" lon="15.20556748" >
      <name>rte1_428</name>
      <ele>210.00</ele>
    </rtept>
    <rtept lat="45.63190055" lon="15.20561893" >
      <name>rte1_429</name>
      <ele>208.42</ele>
    </rtept>
    <rtept lat="45.63194096" lon="15.20566397" >
      <name>rte1_430</name>
      <ele>208.42</ele>
    </rtept>
    <rtept lat="45.63198138" lon="15.20570260" >
      <name>rte1_431</name>
      <ele>208.42</ele>
    </rtept>
    <rtept lat="45.63202631" lon="15.20573483" >
      <name>rte1_432</name>
      <ele>208.42</ele>
    </rtept>
    <rtept lat="45.63207127" lon="15.20575424" >
      <name>rte1_433</name>
      <ele>208.42</ele>
    </rtept>
    <rtept lat="45.63211623" lon="15.20577364" >
      <name>rte1_434</name>
      <ele>200.00</ele>
    </rtept>
    <rtept lat="45.63216119" lon="15.20578663" >
      <name>rte1_435</name>
      <ele>200.00</ele>
    </rtept>
    <rtept lat="45.63221067" lon="15.20579323" >
      <name>rte1_436</name>
      <ele>200.00</ele>
    </rtept>
    <rtept lat="45.63226016" lon="15.20579341" >
      <name>rte1_437</name>
      <ele>200.00</ele>
    </rtept>
    <rtept lat="45.63231414" lon="15.20580002" >
      <name>rte1_438</name>
      <ele>200.00</ele>
    </rtept>
    <rtept lat="45.63236813" lon="15.20580022" >
      <name>rte1_439</name>
      <ele>199.18</ele>
    </rtept>
    <rtept lat="45.63242213" lon="15.20579401" >
      <name>rte1_440</name>
      <ele>199.18</ele>
    </rtept>
    <rtept lat="45.63248062" lon="15.20579423" >
      <name>rte1_441</name>
      <ele>199.18</ele>
    </rtept>
    <rtept lat="45.63253461" lon="15.20579442" >
      <name>rte1_442</name>
      <ele>199.18</ele>
    </rtept>
    <rtept lat="45.63259760" lon="15.20579466" >
      <name>rte1_443</name>
      <ele>196.25</ele>
    </rtept>
    <rtept lat="45.63266059" lon="15.20579489" >
      <name>rte1_444</name>
      <ele>196.25</ele>
    </rtept>
    <rtept lat="45.63272357" lon="15.20579512" >
      <name>rte1_445</name>
      <ele>196.25</ele>
    </rtept>
    <rtept lat="45.63278656" lon="15.20579535" >
      <name>rte1_446</name>
      <ele>195.00</ele>
    </rtept>
    <rtept lat="45.63284504" lon="15.20580198" >
      <name>rte1_447</name>
      <ele>195.00</ele>
    </rtept>
    <rtept lat="45.63289902" lon="15.20580860" >
      <name>rte1_448</name>
      <ele>195.00</ele>
    </rtept>
    <rtept lat="45.63295299" lon="15.20581521" >
      <name>rte1_449</name>
      <ele>195.00</ele>
    </rtept>
    <rtept lat="45.63300696" lon="15.20582823" >
      <name>rte1_450</name>
      <ele>191.06</ele>
    </rtept>
    <rtept lat="45.63305643" lon="15.20584124" >
      <name>rte1_451</name>
      <ele>191.06</ele>
    </rtept>
    <rtept lat="45.63311038" lon="15.20586068" >
      <name>rte1_452</name>
      <ele>191.06</ele>
    </rtept>
    <rtept lat="45.63315984" lon="15.20588010" >
      <name>rte1_453</name>
      <ele>191.06</ele>
    </rtept>
    <rtept lat="45.63320928" lon="15.20590594" >
      <name>rte1_454</name>
      <ele>190.00</ele>
    </rtept>
    <rtept lat="45.63326322" lon="15.20593179" >
      <name>rte1_455</name>
      <ele>191.53</ele>
    </rtept>
    <rtept lat="45.63331266" lon="15.20596404" >
      <name>rte1_456</name>
      <ele>191.53</ele>
    </rtept>
    <rtept lat="45.63336657" lon="15.20600272" >
      <name>rte1_457</name>
      <ele>191.53</ele>
    </rtept>
    <rtept lat="45.63342048" lon="15.20604781" >
      <name>rte1_458</name>
      <ele>191.53</ele>
    </rtept>
    <rtept lat="45.63347888" lon="15.20609933" >
      <name>rte1_459</name>
      <ele>194.02</ele>
    </rtept>
    <rtept lat="45.63352380" lon="15.20613798" >
      <name>rte1_460</name>
      <ele>194.02</ele>
    </rtept>
    <rtept lat="45.63356420" lon="15.20618943" >
      <name>rte1_461</name>
      <ele>194.02</ele>
    </rtept>
    <rtept lat="45.63360460" lon="15.20624089" >
      <name>rte1_462</name>
      <ele>196.43</ele>
    </rtept>
    <rtept lat="45.63363600" lon="15.20629231" >
      <name>rte1_463</name>
      <ele>196.43</ele>
    </rtept>
    <rtept lat="45.63366739" lon="15.20635014" >
      <name>rte1_464</name>
      <ele>196.43</ele>
    </rtept>
    <rtept lat="45.63368978" lon="15.20640794" >
      <name>rte1_465</name>
      <ele>200.00</ele>
    </rtept>
    <rtept lat="45.63371217" lon="15.20646575" >
      <name>rte1_466</name>
      <ele>200.00</ele>
    </rtept>
    <rtept lat="45.63373005" lon="15.20652994" >
      <name>rte1_467</name>
      <ele>200.00</ele>
    </rtept>
    <rtept lat="45.63374341" lon="15.20660054" >
      <name>rte1_468</name>
      <ele>200.00</ele>
    </rtept>
    <rtept lat="45.63375230" lon="15.20666470" >
      <name>rte1_469</name>
      <ele>200.00</ele>
    </rtept>
    <rtept lat="45.63376117" lon="15.20673528" >
      <name>rte1_470</name>
      <ele>200.00</ele>
    </rtept>
    <rtept lat="45.63376554" lon="15.20680584" >
      <name>rte1_471</name>
      <ele>200.00</ele>
    </rtept>
    <rtept lat="45.63376540" lon="15.20688280" >
      <name>rte1_472</name>
      <ele>200.60</ele>
    </rtept>
    <rtept lat="45.63376076" lon="15.20695974" >
      <name>rte1_473</name>
      <ele>200.60</ele>
    </rtept>
    <rtept lat="45.63375612" lon="15.20703668" >
      <name>rte1_474</name>
      <ele>200.60</ele>
    </rtept>
    <rtept lat="45.63375146" lon="15.20712004" >
      <name>rte1_475</name>
      <ele>200.60</ele>
    </rtept>
    <rtept lat="45.63374230" lon="15.20720979" >
      <name>rte1_476</name>
      <ele>200.00</ele>
    </rtept>
    <rtept lat="45.63373313" lon="15.20730595" >
      <name>rte1_477</name>
      <ele>200.00</ele>
    </rtept>
    <rtept lat="45.63373296" lon="15.20739574" >
      <name>rte1_478</name>
      <ele>200.00</ele>
    </rtept>
    <rtept lat="45.63373730" lon="15.20748554" >
      <name>rte1_479</name>
      <ele>200.00</ele>
    </rtept>
    <rtept lat="45.63374613" lon="15.20757535" >
      <name>rte1_480</name>
      <ele>200.00</ele>
    </rtept>
    <rtept lat="45.63375948" lon="15.20765878" >
      <name>rte1_481</name>
      <ele>200.00</ele>
    </rtept>
    <rtept lat="45.63377732" lon="15.20774221" >
      <name>rte1_482</name>
      <ele>200.00</ele>
    </rtept>
    <rtept lat="45.63379967" lon="15.20781926" >
      <name>rte1_483</name>
      <ele>200.00</ele>
    </rtept>
    <rtept lat="45.63382204" lon="15.20788988" >
      <name>rte1_484</name>
      <ele>199.29</ele>
    </rtept>
    <rtept lat="45.63385340" lon="15.20796055" >
      <name>rte1_485</name>
      <ele>199.29</ele>
    </rtept>
    <rtept lat="45.63388927" lon="15.20803123" >
      <name>rte1_486</name>
      <ele>199.29</ele>
    </rtept>
    <rtept lat="45.63392965" lon="15.20808910" >
      <name>rte1_487</name>
      <ele>198.23</ele>
    </rtept>
    <rtept lat="45.63397454" lon="15.20814698" >
      <name>rte1_488</name>
      <ele>198.23</ele>
    </rtept>
    <rtept lat="45.63402843" lon="15.20819849" >
      <name>rte1_489</name>
      <ele>190.72</ele>
    </rtept>
    <rtept lat="45.63408234" lon="15.20824358" >
      <name>rte1_490</name>
      <ele>190.72</ele>
    </rtept>
    <rtept lat="45.63414525" lon="15.20828871" >
      <name>rte1_491</name>
      <ele>188.53</ele>
    </rtept>
    <rtept lat="45.63419019" lon="15.20831453" >
      <name>rte1_492</name>
      <ele>188.53</ele>
    </rtept>
    <rtept lat="45.63423064" lon="15.20834034" >
      <name>rte1_493</name>
      <ele>188.53</ele>
    </rtept>
    <rtept lat="45.63427559" lon="15.20835974" >
      <name>rte1_494</name>
      <ele>188.53</ele>
    </rtept>
    <rtept lat="45.63431604" lon="15.20838555" >
      <name>rte1_495</name>
      <ele>188.53</ele>
    </rtept>
    <rtept lat="45.63436098" lon="15.20841137" >
      <name>rte1_496</name>
      <ele>186.81</ele>
    </rtept>
    <rtept lat="45.63440144" lon="15.20843076" >
      <name>rte1_497</name>
      <ele>186.81</ele>
    </rtept>
    <rtept lat="45.63447784" lon="15.20847594" >
      <name>rte1_498</name>
      <ele>181.74</ele>
    </rtept>
    <rtept lat="45.63455424" lon="15.20852112" >
      <name>rte1_499</name>
      <ele>181.74</ele>
    </rtept>
    <rtept lat="45.63462614" lon="15.20856628" >
      <name>rte1_500</name>
      <ele>184.14</ele>
    </rtept>
    <rtept lat="45.63469355" lon="15.20861143" >
      <name>rte1_501</name>
      <ele>184.14</ele>
    </rtept>
    <rtept lat="45.63476545" lon="15.20865659" >
      <name>rte1_502</name>
      <ele>184.14</ele>
    </rtept>
    <rtept lat="45.63483284" lon="15.20870815" >
      <name>rte1_503</name>
      <ele>185.00</ele>
    </rtept>
    <rtept lat="45.63489573" lon="15.20876610" >
      <name>rte1_504</name>
      <ele>185.00</ele>
    </rtept>
    <rtept lat="45.63496311" lon="15.20882407" >
      <name>rte1_505</name>
      <ele>181.36</ele>
    </rtept>
    <rtept lat="45.63503048" lon="15.20888846" >
      <name>rte1_506</name>
      <ele>183.65</ele>
    </rtept>
    <rtept lat="45.63509333" lon="15.20895924" >
      <name>rte1_507</name>
      <ele>183.65</ele>
    </rtept>
    <rtept lat="45.63516068" lon="15.20903646" >
      <name>rte1_508</name>
      <ele>183.65</ele>
    </rtept>
    <rtept lat="45.63519659" lon="15.20908148" >
      <name>rte1_509</name>
      <ele>183.65</ele>
    </rtept>
    <rtept lat="45.63522800" lon="15.20912650" >
      <name>rte1_510</name>
      <ele>178.65</ele>
    </rtept>
    <rtept lat="45.63526391" lon="15.20917152" >
      <name>rte1_511</name>
      <ele>182.14</ele>
    </rtept>
    <rtept lat="45.63529981" lon="15.20922297" >
      <name>rte1_512</name>
      <ele>182.14</ele>
    </rtept>
    <rtept lat="45.63535364" lon="15.20930654" >
      <name>rte1_513</name>
      <ele>182.14</ele>
    </rtept>
    <rtept lat="45.63539847" lon="15.20939650" >
      <name>rte1_514</name>
      <ele>182.14</ele>
    </rtept>
    <rtept lat="45.63543431" lon="15.20948001" >
      <name>rte1_515</name>
      <ele>180.00</ele>
    </rtept>
    <rtept lat="45.63546562" lon="15.20957632" >
      <name>rte1_516</name>
      <ele>180.00</ele>
    </rtept>
    <rtept lat="45.63548795" lon="15.20966620" >
      <name>rte1_517</name>
      <ele>180.00</ele>
    </rtept>
    <rtept lat="45.63550577" lon="15.20976246" >
      <name>rte1_518</name>
      <ele>180.00</ele>
    </rtept>
    <rtept lat="45.63551910" lon="15.20985230" >
      <name>rte1_519</name>
      <ele>180.00</ele>
    </rtept>
    <rtept lat="45.63552341" lon="15.20995493" >
      <name>rte1_520</name>
      <ele>180.00</ele>
    </rtept>
    <rtept lat="45.63552323" lon="15.21005113" >
      <name>rte1_521</name>
      <ele>180.00</ele>
    </rtept>
    <rtept lat="45.63551854" lon="15.21015373" >
      <name>rte1_522</name>
      <ele>176.88</ele>
    </rtept>
    <rtept lat="45.63550935" lon="15.21025631" >
      <name>rte1_523</name>
      <ele>176.88</ele>
    </rtept>
    <rtept lat="45.63550016" lon="15.21035889" >
      <name>rte1_524</name>
      <ele>176.88</ele>
    </rtept>
    <rtept lat="45.63548646" lon="15.21046786" >
      <name>rte1_525</name>
      <ele>175.00</ele>
    </rtept>
    <rtept lat="45.63546827" lon="15.21057682" >
      <name>rte1_526</name>
      <ele>175.00</ele>
    </rtept>
    <rtept lat="45.63545005" lon="15.21069220" >
      <name>rte1_527</name>
      <ele>177.40</ele>
    </rtept>
    <rtept lat="45.63543184" lon="15.21080757" >
      <name>rte1_528</name>
      <ele>175.00</ele>
    </rtept>
    <rtept lat="45.63541369" lon="15.21089087" >
      <name>rte1_529</name>
      <ele>175.00</ele>
    </rtept>
    <rtept lat="45.63539553" lon="15.21098059" >
      <name>rte1_530</name>
      <ele>175.00</ele>
    </rtept>
    <rtept lat="45.63537736" lon="15.21107031" >
      <name>rte1_531</name>
      <ele>175.00</ele>
    </rtept>
    <rtept lat="45.63536371" lon="15.21115363" >
      <name>rte1_532</name>
      <ele>175.00</ele>
    </rtept>
    <rtept lat="45.63534556" lon="15.21123694" >
      <name>rte1_533</name>
      <ele>175.00</ele>
    </rtept>
    <rtept lat="45.63533642" lon="15.21131386" >
      <name>rte1_534</name>
      <ele>175.00</ele>
    </rtept>
    <rtept lat="45.63532276" lon="15.21139719" >
      <name>rte1_535</name>
      <ele>174.20</ele>
    </rtept>
    <rtept lat="45.63531812" lon="15.21147413" >
      <name>rte1_536</name>
      <ele>174.20</ele>
    </rtept>
    <rtept lat="45.63531348" lon="15.21155107" >
      <name>rte1_537</name>
      <ele>174.20</ele>
    </rtept>
    <rtept lat="45.63531785" lon="15.21162164" >
      <name>rte1_538</name>
      <ele>174.20</ele>
    </rtept>
    <rtept lat="45.63532220" lon="15.21169861" >
      <name>rte1_539</name>
      <ele>172.40</ele>
    </rtept>
    <rtept lat="45.63533557" lon="15.21176921" >
      <name>rte1_540</name>
      <ele>172.40</ele>
    </rtept>
    <rtept lat="45.63535343" lon="15.21183983" >
      <name>rte1_541</name>
      <ele>172.40</ele>
    </rtept>
    <rtept lat="45.63538029" lon="15.21191048" >
      <name>rte1_542</name>
      <ele>172.40</ele>
    </rtept>
    <rtept lat="45.63541617" lon="15.21197475" >
      <name>rte1_543</name>
      <ele>172.40</ele>
    </rtept>
    <rtept lat="45.63546103" lon="15.21204546" >
      <name>rte1_544</name>
      <ele>170.00</ele>
    </rtept>
    <rtept lat="45.63598188" lon="15.21260542" >
      <name>rte1_545</name>
      <ele>168.33</ele>
    </rtept>
    <rtept lat="45.63603576" lon="15.21266334" >
      <name>rte1_546</name>
      <ele>165.00</ele>
    </rtept>
    <rtept lat="45.63608514" lon="15.21272125" >
      <name>rte1_547</name>
      <ele>165.00</ele>
    </rtept>
    <rtept lat="45.63613002" lon="15.21277914" >
      <name>rte1_548</name>
      <ele>165.00</ele>
    </rtept>
    <rtept lat="45.63617492" lon="15.21283062" >
      <name>rte1_549</name>
      <ele>165.00</ele>
    </rtept>
    <rtept lat="45.63621082" lon="15.21288207" >
      <name>rte1_550</name>
      <ele>165.00</ele>
    </rtept>
    <rtept lat="45.63624672" lon="15.21292710" >
      <name>rte1_551</name>
      <ele>165.00</ele>
    </rtept>
    <rtept lat="45.63627813" lon="15.21297211" >
      <name>rte1_552</name>
      <ele>165.00</ele>
    </rtept>
    <rtept lat="45.63631403" lon="15.21302356" >
      <name>rte1_553</name>
      <ele>165.00</ele>
    </rtept>
    <rtept lat="45.63634544" lon="15.21306857" >
      <name>rte1_554</name>
      <ele>165.00</ele>
    </rtept>
    <rtept lat="45.63637684" lon="15.21312000" >
      <name>rte1_555</name>
      <ele>165.58</ele>
    </rtept>
    <rtept lat="45.63641272" lon="15.21317786" >
      <name>rte1_556</name>
      <ele>165.58</ele>
    </rtept>
    <rtept lat="45.63644861" lon="15.21323572" >
      <name>rte1_557</name>
      <ele>165.58</ele>
    </rtept>
    <rtept lat="45.63649348" lon="15.21330003" >
      <name>rte1_558</name>
      <ele>168.39</ele>
    </rtept>
    <rtept lat="45.63653833" lon="15.21337075" >
      <name>rte1_559</name>
      <ele>168.39</ele>
    </rtept>
    <rtept lat="45.63658769" lon="15.21344148" >
      <name>rte1_560</name>
      <ele>169.47</ele>
    </rtept>
    <rtept lat="45.63664601" lon="15.21353150" >
      <name>rte1_561</name>
      <ele>169.47</ele>
    </rtept>
    <rtept lat="45.63669537" lon="15.21360223" >
      <name>rte1_562</name>
      <ele>169.47</ele>
    </rtept>
    <rtept lat="45.63674924" lon="15.21366658" >
      <name>rte1_563</name>
      <ele>170.00</ele>
    </rtept>
    <rtept lat="45.63680762" lon="15.21372452" >
      <name>rte1_564</name>
      <ele>170.00</ele>
    </rtept>
    <rtept lat="45.63687948" lon="15.21378893" >
      <name>rte1_565</name>
      <ele>166.92</ele>
    </rtept>
    <rtept lat="45.63704087" lon="15.21409740" >
      <name>rte1_566</name>
      <ele>165.00</ele>
    </rtept>
    <rtept lat="45.63707977" lon="15.21493773" >
      <name>rte1_567</name>
      <ele>165.00</ele>
    </rtept>
    <rtept lat="45.63708407" lon="15.21504037" >
      <name>rte1_568</name>
      <ele>165.00</ele>
    </rtept>
    <rtept lat="45.63708835" lon="15.21515583" >
      <name>rte1_569</name>
      <ele>165.00</ele>
    </rtept>
    <rtept lat="45.63708812" lon="15.21527768" >
      <name>rte1_570</name>
      <ele>165.00</ele>
    </rtept>
    <rtept lat="45.63708800" lon="15.21534182" >
      <name>rte1_571</name>
      <ele>165.00</ele>
    </rtept>
    <rtept lat="45.63709237" lon="15.21541239" >
      <name>rte1_572</name>
      <ele>165.00</ele>
    </rtept>
    <rtept lat="45.63711894" lon="15.21563055" >
      <name>rte1_573</name>
      <ele>165.00</ele>
    </rtept>
    <rtept lat="45.63709174" lon="15.21573948" >
      <name>rte1_574</name>
      <ele>165.00</ele>
    </rtept>
    <rtept lat="45.63708712" lon="15.21580359" >
      <name>rte1_575</name>
      <ele>165.00</ele>
    </rtept>
    <rtept lat="45.63707800" lon="15.21586769" >
      <name>rte1_576</name>
      <ele>165.00</ele>
    </rtept>
    <rtept lat="45.63707338" lon="15.21593181" >
      <name>rte1_577</name>
      <ele>165.00</ele>
    </rtept>
    <rtept lat="45.63706425" lon="15.21600233" >
      <name>rte1_578</name>
      <ele>165.00</ele>
    </rtept>
    <rtept lat="45.63705513" lon="15.21606643" >
      <name>rte1_579</name>
      <ele>165.00</ele>
    </rtept>
    <rtept lat="45.63704599" lon="15.21613694" >
      <name>rte1_580</name>
      <ele>165.00</ele>
    </rtept>
    <rtept lat="45.63703237" lon="15.21620102" >
      <name>rte1_581</name>
      <ele>165.00</ele>
    </rtept>
    <rtept lat="45.63701874" lon="15.21627152" >
      <name>rte1_582</name>
      <ele>162.29</ele>
    </rtept>
    <rtept lat="45.63698706" lon="15.21636760" >
      <name>rte1_583</name>
      <ele>162.29</ele>
    </rtept>
    <rtept lat="45.63696440" lon="15.21645730" >
      <name>rte1_584</name>
      <ele>162.29</ele>
    </rtept>
    <rtept lat="45.63693724" lon="15.21654057" >
      <name>rte1_585</name>
      <ele>160.00</ele>
    </rtept>
    <rtept lat="45.63689657" lon="15.21663662" >
      <name>rte1_586</name>
      <ele>160.00</ele>
    </rtept>
    <rtept lat="45.63686048" lon="15.21668779" >
      <name>rte1_587</name>
      <ele>160.00</ele>
    </rtept>
    <rtept lat="45.63682887" lon="15.21674539" >
      <name>rte1_588</name>
      <ele>160.00</ele>
    </rtept>
    <rtept lat="45.63679728" lon="15.21679657" >
      <name>rte1_589</name>
      <ele>157.50</ele>
    </rtept>
    <rtept lat="45.63677019" lon="15.21684777" >
      <name>rte1_590</name>
      <ele>156.70</ele>
    </rtept>
    <rtept lat="45.63671151" lon="15.21694375" >
      <name>rte1_591</name>
      <ele>156.70</ele>
    </rtept>
    <rtept lat="45.63665735" lon="15.21703333" >
      <name>rte1_592</name>
      <ele>156.70</ele>
    </rtept>
    <rtept lat="45.63637387" lon="15.21705146" >
      <name>rte1_593</name>
      <ele>156.60</ele>
    </rtept>
    <rtept lat="45.63632439" lon="15.21704486" >
      <name>rte1_594</name>
      <ele>160.00</ele>
    </rtept>
    <rtept lat="45.63627489" lon="15.21705108" >
      <name>rte1_595</name>
      <ele>160.00</ele>
    </rtept>
    <rtept lat="45.63622990" lon="15.21705090" >
      <name>rte1_596</name>
      <ele>160.00</ele>
    </rtept>
    <rtept lat="45.63618490" lon="15.21705714" >
      <name>rte1_597</name>
      <ele>160.00</ele>
    </rtept>
    <rtept lat="45.63613988" lon="15.21706979" >
      <name>rte1_598</name>
      <ele>160.00</ele>
    </rtept>
    <rtept lat="45.63609036" lon="15.21708243" >
      <name>rte1_599</name>
      <ele>160.00</ele>
    </rtept>
    <rtept lat="45.63604084" lon="15.21710148" >
      <name>rte1_600</name>
      <ele>160.00</ele>
    </rtept>
    <rtept lat="45.63598680" lon="15.21712692" >
      <name>rte1_601</name>
      <ele>160.00</ele>
    </rtept>
    <rtept lat="45.63591926" lon="15.21715231" >
      <name>rte1_602</name>
      <ele>155.00</ele>
    </rtept>
    <rtept lat="45.63585623" lon="15.21717772" >
      <name>rte1_603</name>
      <ele>155.00</ele>
    </rtept>
    <rtept lat="45.63579768" lon="15.21720956" >
      <name>rte1_604</name>
      <ele>155.00</ele>
    </rtept>
    <rtept lat="45.63574362" lon="15.21724141" >
      <name>rte1_605</name>
      <ele>155.00</ele>
    </rtept>
    <rtept lat="45.63569407" lon="15.21727329" >
      <name>rte1_606</name>
      <ele>155.00</ele>
    </rtept>
    <rtept lat="45.63564451" lon="15.21731157" >
      <name>rte1_607</name>
      <ele>155.00</ele>
    </rtept>
    <rtept lat="45.63559496" lon="15.21734345" >
      <name>rte1_608</name>
      <ele>155.00</ele>
    </rtept>
    <rtept lat="45.63554989" lon="15.21738175" >
      <name>rte1_609</name>
      <ele>155.00</ele>
    </rtept>
    <rtept lat="45.63550034" lon="15.21741363" >
      <name>rte1_610</name>
      <ele>155.00</ele>
    </rtept>
    <rtept lat="45.63545079" lon="15.21744550" >
      <name>rte1_611</name>
      <ele>152.67</ele>
    </rtept>
    <rtept lat="45.63540124" lon="15.21747737" >
      <name>rte1_612</name>
      <ele>152.86</ele>
    </rtept>
    <rtept lat="45.63535168" lon="15.21750925" >
      <name>rte1_613</name>
      <ele>152.86</ele>
    </rtept>
    <rtept lat="45.63529765" lon="15.21753469" >
      <name>rte1_614</name>
      <ele>152.86</ele>
    </rtept>
    <rtept lat="45.63523911" lon="15.21756012" >
      <name>rte1_615</name>
      <ele>152.86</ele>
    </rtept>
    <rtept lat="45.63518057" lon="15.21758554" >
      <name>rte1_616</name>
      <ele>151.22</ele>
    </rtept>
    <rtept lat="45.63511755" lon="15.21760453" >
      <name>rte1_617</name>
      <ele>151.22</ele>
    </rtept>
    <rtept lat="45.63503656" lon="15.21760422" >
      <name>rte1_618</name>
      <ele>151.22</ele>
    </rtept>
    <rtept lat="45.63496460" lon="15.21759111" >
      <name>rte1_619</name>
      <ele>150.00</ele>
    </rtept>
    <rtept lat="45.63490165" lon="15.21757163" >
      <name>rte1_620</name>
      <ele>150.00</ele>
    </rtept>
    <rtept lat="45.63483872" lon="15.21753931" >
      <name>rte1_621</name>
      <ele>150.00</ele>
    </rtept>
    <rtept lat="45.63478028" lon="15.21751343" >
      <name>rte1_622</name>
      <ele>150.00</ele>
    </rtept>
    <rtept lat="45.63471733" lon="15.21749395" >
      <name>rte1_623</name>
      <ele>147.08</ele>
    </rtept>
    <rtept lat="45.63464986" lon="15.21748727" >
      <name>rte1_624</name>
      <ele>147.08</ele>
    </rtept>
    <rtept lat="45.63457784" lon="15.21750623" >
      <name>rte1_625</name>
      <ele>147.08</ele>
    </rtept>
    <rtept lat="45.63450574" lon="15.21756367" >
      <name>rte1_626</name>
      <ele>147.31</ele>
    </rtept>
    <rtept lat="45.63447413" lon="15.21762126" >
      <name>rte1_627</name>
      <ele>147.31</ele>
    </rtept>
    <rtept lat="45.63444250" lon="15.21769169" >
      <name>rte1_628</name>
      <ele>147.31</ele>
    </rtept>
    <rtept lat="45.63441537" lon="15.21776213" >
      <name>rte1_629</name>
      <ele>147.31</ele>
    </rtept>
    <rtept lat="45.63438824" lon="15.21783257" >
      <name>rte1_630</name>
      <ele>153.95</ele>
    </rtept>
    <rtept lat="45.63436101" lon="15.21795431" >
      <name>rte1_631</name>
      <ele>153.95</ele>
    </rtept>
    <rtept lat="45.63429758" lon="15.21818494" >
      <name>rte1_632</name>
      <ele>160.00</ele>
    </rtept>
    <rtept lat="45.63402733" lon="15.21834421" >
      <name>rte1_633</name>
      <ele>146.26</ele>
    </rtept>
    <rtept lat="45.63356015" lon="15.21796401" >
      <name>rte1_634</name>
      <ele>144.62</ele>
    </rtept>
    <rtept lat="45.63344703" lon="15.21829705" >
      <name>rte1_635</name>
      <ele>144.13</ele>
    </rtept>
    <rtept lat="45.63345058" lon="15.21878446" >
      <name>rte1_636</name>
      <ele>141.50</ele>
    </rtept>
    <rtept lat="45.63341003" lon="15.21881637" >
      <name>rte1_637</name>
      <ele>146.76</ele>
    </rtept>
    <rtept lat="45.63336948" lon="15.21884828" >
      <name>rte1_638</name>
      <ele>146.76</ele>
    </rtept>
    <rtept lat="45.63331995" lon="15.21886732" >
      <name>rte1_639</name>
      <ele>146.76</ele>
    </rtept>
    <rtept lat="45.63327042" lon="15.21888637" >
      <name>rte1_640</name>
      <ele>146.76</ele>
    </rtept>
    <rtept lat="45.63322091" lon="15.21889900" >
      <name>rte1_641</name>
      <ele>146.76</ele>
    </rtept>
    <rtept lat="45.63316690" lon="15.21890520" >
      <name>rte1_642</name>
      <ele>154.39</ele>
    </rtept>
    <rtept lat="45.63311741" lon="15.21890501" >
      <name>rte1_643</name>
      <ele>154.39</ele>
    </rtept>
    <rtept lat="45.63306792" lon="15.21890481" >
      <name>rte1_644</name>
      <ele>154.39</ele>
    </rtept>
    <rtept lat="45.63300495" lon="15.21889815" >
      <name>rte1_645</name>
      <ele>154.39</ele>
    </rtept>
    <rtept lat="45.63295097" lon="15.21889153" >
      <name>rte1_646</name>
      <ele>154.47</ele>
    </rtept>
    <rtept lat="45.63289699" lon="15.21888490" >
      <name>rte1_647</name>
      <ele>154.47</ele>
    </rtept>
    <rtept lat="45.63284752" lon="15.21887829" >
      <name>rte1_648</name>
      <ele>154.47</ele>
    </rtept>
    <rtept lat="45.63279803" lon="15.21887810" >
      <name>rte1_649</name>
      <ele>154.47</ele>
    </rtept>
    <rtept lat="45.63274855" lon="15.21887149" >
      <name>rte1_650</name>
      <ele>155.45</ele>
    </rtept>
    <rtept lat="45.63270357" lon="15.21886490" >
      <name>rte1_651</name>
      <ele>155.45</ele>
    </rtept>
    <rtept lat="45.63265858" lon="15.21886473" >
      <name>rte1_652</name>
      <ele>155.45</ele>
    </rtept>
    <rtept lat="45.63260910" lon="15.21885812" >
      <name>rte1_653</name>
      <ele>155.45</ele>
    </rtept>
    <rtept lat="45.63256411" lon="15.21885794" >
      <name>rte1_654</name>
      <ele>155.45</ele>
    </rtept>
    <rtept lat="45.63251463" lon="15.21885133" >
      <name>rte1_655</name>
      <ele>151.36</ele>
    </rtept>
    <rtept lat="45.63246514" lon="15.21885114" >
      <name>rte1_656</name>
      <ele>151.36</ele>
    </rtept>
    <rtept lat="45.63241566" lon="15.21884453" >
      <name>rte1_657</name>
      <ele>151.36</ele>
    </rtept>
    <rtept lat="45.63236167" lon="15.21884432" >
      <name>rte1_658</name>
      <ele>151.36</ele>
    </rtept>
    <rtept lat="45.63230770" lon="15.21883770" >
      <name>rte1_659</name>
      <ele>151.36</ele>
    </rtept>
    <rtept lat="45.63224921" lon="15.21883747" >
      <name>rte1_660</name>
      <ele>149.66</ele>
    </rtept>
    <rtept lat="45.63216821" lon="15.21884356" >
      <name>rte1_661</name>
      <ele>149.66</ele>
    </rtept>
    <rtept lat="45.63210514" lon="15.21888821" >
      <name>rte1_662</name>
      <ele>149.66</ele>
    </rtept>
    <rtept lat="45.63205551" lon="15.21895855" >
      <name>rte1_663</name>
      <ele>152.66</ele>
    </rtept>
    <rtept lat="45.63201933" lon="15.21905461" >
      <name>rte1_664</name>
      <ele>142.32</ele>
    </rtept>
    <rtept lat="45.63199214" lon="15.21915711" >
      <name>rte1_665</name>
      <ele>142.32</ele>
    </rtept>
    <rtept lat="45.63196941" lon="15.21927887" >
      <name>rte1_666</name>
      <ele>142.32</ele>
    </rtept>
    <rtept lat="45.63195117" lon="15.21940064" >
      <name>rte1_667</name>
      <ele>140.89</ele>
    </rtept>
    <rtept lat="45.63194655" lon="15.21946475" >
      <name>rte1_668</name>
      <ele>140.89</ele>
    </rtept>
    <rtept lat="45.63194193" lon="15.21952886" >
      <name>rte1_669</name>
      <ele>140.89</ele>
    </rtept>
    <rtept lat="45.63192819" lon="15.21965066" >
      <name>rte1_670</name>
      <ele>140.89</ele>
    </rtept>
    <rtept lat="45.63192346" lon="15.21977249" >
      <name>rte1_671</name>
      <ele>140.98</ele>
    </rtept>
    <rtept lat="45.63191874" lon="15.21988790" >
      <name>rte1_672</name>
      <ele>140.98</ele>
    </rtept>
    <rtept lat="45.63191852" lon="15.21999692" >
      <name>rte1_673</name>
      <ele>140.98</ele>
    </rtept>
    <rtept lat="45.63191831" lon="15.22010594" >
      <name>rte1_674</name>
      <ele>141.19</ele>
    </rtept>
    <rtept lat="45.63192711" lon="15.22020858" >
      <name>rte1_675</name>
      <ele>141.19</ele>
    </rtept>
    <rtept lat="45.63193591" lon="15.22031123" >
      <name>rte1_676</name>
      <ele>141.19</ele>
    </rtept>
    <rtept lat="45.63194472" lon="15.22040746" >
      <name>rte1_677</name>
      <ele>141.62</ele>
    </rtept>
    <rtept lat="45.63195802" lon="15.22051012" >
      <name>rte1_678</name>
      <ele>141.62</ele>
    </rtept>
    <rtept lat="45.63197583" lon="15.22060638" >
      <name>rte1_679</name>
      <ele>141.62</ele>
    </rtept>
    <rtept lat="45.63199812" lon="15.22070908" >
      <name>rte1_680</name>
      <ele>140.00</ele>
    </rtept>
    <rtept lat="45.63202042" lon="15.22081177" >
      <name>rte1_681</name>
      <ele>140.00</ele>
    </rtept>
    <rtept lat="45.63204271" lon="15.22091447" >
      <name>rte1_682</name>
      <ele>140.00</ele>
    </rtept>
    <rtept lat="45.63207400" lon="15.22102361" >
      <name>rte1_683</name>
      <ele>140.00</ele>
    </rtept>
    <rtept lat="45.63210077" lon="15.22113915" >
      <name>rte1_684</name>
      <ele>140.00</ele>
    </rtept>
    <rtept lat="45.63211865" lon="15.22119694" >
      <name>rte1_685</name>
      <ele>140.00</ele>
    </rtept>
    <rtept lat="45.63213652" lon="15.22126114" >
      <name>rte1_686</name>
      <ele>140.00</ele>
    </rtept>
    <rtept lat="45.63216333" lon="15.22135745" >
      <name>rte1_687</name>
      <ele>140.00</ele>
    </rtept>
    <rtept lat="45.63219012" lon="15.22146016" >
      <name>rte1_688</name>
      <ele>140.00</ele>
    </rtept>
    <rtept lat="45.63221693" lon="15.22155646" >
      <name>rte1_689</name>
      <ele>140.00</ele>
    </rtept>
    <rtept lat="45.63224825" lon="15.22164637" >
      <name>rte1_690</name>
      <ele>141.52</ele>
    </rtept>
    <rtept lat="45.63227507" lon="15.22173626" >
      <name>rte1_691</name>
      <ele>141.52</ele>
    </rtept>
    <rtept lat="45.63230190" lon="15.22181973" >
      <name>rte1_692</name>
      <ele>140.00</ele>
    </rtept>
    <rtept lat="45.63232872" lon="15.22190962" >
      <name>rte1_693</name>
      <ele>140.00</ele>
    </rtept>
    <rtept lat="45.63235556" lon="15.22198669" >
      <name>rte1_694</name>
      <ele>150.00</ele>
    </rtept>
    <rtept lat="45.63238239" lon="15.22207016" >
      <name>rte1_695</name>
      <ele>150.00</ele>
    </rtept>
    <rtept lat="45.63240924" lon="15.22214723" >
      <name>rte1_696</name>
      <ele>150.00</ele>
    </rtept>
    <rtept lat="45.63243607" lon="15.22223070" >
      <name>rte1_697</name>
      <ele>150.00</ele>
    </rtept>
    <rtept lat="45.63246291" lon="15.22230777" >
      <name>rte1_698</name>
      <ele>143.44</ele>
    </rtept>
    <rtept lat="45.63248977" lon="15.22237842" >
      <name>rte1_699</name>
      <ele>143.44</ele>
    </rtept>
    <rtept lat="45.63251661" lon="15.22245548" >
      <name>rte1_700</name>
      <ele>143.44</ele>
    </rtept>
    <rtept lat="45.63253895" lon="15.22253253" >
      <name>rte1_701</name>
      <ele>140.00</ele>
    </rtept>
    <rtept lat="45.63256581" lon="15.22260318" >
      <name>rte1_702</name>
      <ele>143.00</ele>
    </rtept>
    <rtept lat="45.63259265" lon="15.22268024" >
      <name>rte1_703</name>
      <ele>143.00</ele>
    </rtept>
    <rtept lat="45.63261950" lon="15.22275731" >
      <name>rte1_704</name>
      <ele>143.00</ele>
    </rtept>
    <rtept lat="45.63264635" lon="15.22282796" >
      <name>rte1_705</name>
      <ele>143.00</ele>
    </rtept>
    <rtept lat="45.63267320" lon="15.22290502" >
      <name>rte1_706</name>
      <ele>150.00</ele>
    </rtept>
    <rtept lat="45.63270004" lon="15.22298208" >
      <name>rte1_707</name>
      <ele>150.00</ele>
    </rtept>
    <rtept lat="45.63272688" lon="15.22305915" >
      <name>rte1_708</name>
      <ele>150.00</ele>
    </rtept>
    <rtept lat="45.63275371" lon="15.22314263" >
      <name>rte1_709</name>
      <ele>141.71</ele>
    </rtept>
    <rtept lat="45.63278056" lon="15.22321969" >
      <name>rte1_710</name>
      <ele>140.00</ele>
    </rtept>
    <rtept lat="45.63281189" lon="15.22330319" >
      <name>rte1_711</name>
      <ele>140.00</ele>
    </rtept>
    <rtept lat="45.63283872" lon="15.22338666" >
      <name>rte1_712</name>
      <ele>140.00</ele>
    </rtept>
    <rtept lat="45.63286553" lon="15.22347656" >
      <name>rte1_713</name>
      <ele>140.00</ele>
    </rtept>
    <rtept lat="45.63289237" lon="15.22356003" >
      <name>rte1_714</name>
      <ele>140.00</ele>
    </rtept>
    <rtept lat="45.63292367" lon="15.22365636" >
      <name>rte1_715</name>
      <ele>140.00</ele>
    </rtept>
    <rtept lat="45.63295047" lon="15.22375266" >
      <name>rte1_716</name>
      <ele>140.00</ele>
    </rtept>
    <rtept lat="45.63298178" lon="15.22384898" >
      <name>rte1_717</name>
      <ele>143.40</ele>
    </rtept>
    <rtept lat="45.63301307" lon="15.22395172" >
      <name>rte1_718</name>
      <ele>140.00</ele>
    </rtept>
    <rtept lat="45.63303985" lon="15.22406085" >
      <name>rte1_719</name>
      <ele>140.00</ele>
    </rtept>
    <rtept lat="45.63305763" lon="15.22416994" >
      <name>rte1_720</name>
      <ele>140.00</ele>
    </rtept>
    <rtept lat="45.63307092" lon="15.22427261" >
      <name>rte1_721</name>
      <ele>141.65</ele>
    </rtept>
    <rtept lat="45.63307523" lon="15.22436882" >
      <name>rte1_722</name>
      <ele>141.65</ele>
    </rtept>
    <rtept lat="45.63307053" lon="15.22447141" >
      <name>rte1_723</name>
      <ele>141.65</ele>
    </rtept>
    <rtept lat="45.63305683" lon="15.22457397" >
      <name>rte1_724</name>
      <ele>144.17</ele>
    </rtept>
    <rtept lat="45.63303413" lon="15.22467648" >
      <name>rte1_725</name>
      <ele>144.17</ele>
    </rtept>
    <rtept lat="45.63301139" lon="15.22479824" >
      <name>rte1_726</name>
      <ele>144.17</ele>
    </rtept>
    <rtept lat="45.63297967" lon="15.22491355" >
      <name>rte1_727</name>
      <ele>143.69</ele>
    </rtept>
    <rtept lat="45.63293897" lon="15.22501599" >
      <name>rte1_728</name>
      <ele>146.58</ele>
    </rtept>
    <rtept lat="45.63289829" lon="15.22511203" >
      <name>rte1_729</name>
      <ele>146.58</ele>
    </rtept>
    <rtept lat="45.63285313" lon="15.22519522" >
      <name>rte1_730</name>
      <ele>145.88</ele>
    </rtept>
    <rtept lat="45.63280800" lon="15.22526558" >
      <name>rte1_731</name>
      <ele>145.88</ele>
    </rtept>
    <rtept lat="45.63276740" lon="15.22532313" >
      <name>rte1_732</name>
      <ele>145.88</ele>
    </rtept>
    <rtept lat="45.63269526" lon="15.22539980" >
      <name>rte1_733</name>
      <ele>151.52</ele>
    </rtept>
    <rtept lat="45.63261866" lon="15.22545720" >
      <name>rte1_734</name>
      <ele>151.52</ele>
    </rtept>
    <rtept lat="45.63254206" lon="15.22551461" >
      <name>rte1_735</name>
      <ele>147.83</ele>
    </rtept>
    <rtept lat="45.63246997" lon="15.22556563" >
      <name>rte1_736</name>
      <ele>151.83</ele>
    </rtept>
    <rtept lat="45.63240239" lon="15.22561024" >
      <name>rte1_737</name>
      <ele>151.83</ele>
    </rtept>
    <rtept lat="45.63233482" lon="15.22565486" >
      <name>rte1_738</name>
      <ele>151.83</ele>
    </rtept>
    <rtept lat="45.63226725" lon="15.22569307" >
      <name>rte1_739</name>
      <ele>154.30</ele>
    </rtept>
    <rtept lat="45.63220419" lon="15.22573129" >
      <name>rte1_740</name>
      <ele>154.30</ele>
    </rtept>
    <rtept lat="45.63213661" lon="15.22577591" >
      <name>rte1_741</name>
      <ele>154.30</ele>
    </rtept>
    <rtept lat="45.63207355" lon="15.22581413" >
      <name>rte1_742</name>
      <ele>149.19</ele>
    </rtept>
    <rtept lat="45.63200597" lon="15.22585875" >
      <name>rte1_743</name>
      <ele>150.01</ele>
    </rtept>
    <rtept lat="45.63194288" lon="15.22590979" >
      <name>rte1_744</name>
      <ele>150.01</ele>
    </rtept>
    <rtept lat="45.63187529" lon="15.22596082" >
      <name>rte1_745</name>
      <ele>150.01</ele>
    </rtept>
    <rtept lat="45.63180769" lon="15.22601827" >
      <name>rte1_746</name>
      <ele>153.21</ele>
    </rtept>
    <rtept lat="45.63173558" lon="15.22608211" >
      <name>rte1_747</name>
      <ele>153.21</ele>
    </rtept>
    <rtept lat="45.63166344" lon="15.22615877" >
      <name>rte1_748</name>
      <ele>151.35</ele>
    </rtept>
    <rtept lat="45.63162737" lon="15.22619710" >
      <name>rte1_749</name>
      <ele>151.35</ele>
    </rtept>
    <rtept lat="45.63159129" lon="15.22624184" >
      <name>rte1_750</name>
      <ele>155.00</ele>
    </rtept>
    <rtept lat="45.63154619" lon="15.22629296" >
      <name>rte1_751</name>
      <ele>155.00</ele>
    </rtept>
    <rtept lat="45.63150557" lon="15.22635693" >
      <name>rte1_752</name>
      <ele>155.00</ele>
    </rtept>
    <rtept lat="45.63147394" lon="15.22642734" >
      <name>rte1_753</name>
      <ele>149.02</ele>
    </rtept>
    <rtept lat="45.63144678" lon="15.22651060" >
      <name>rte1_754</name>
      <ele>149.02</ele>
    </rtept>
    <rtept lat="45.63142411" lon="15.22659388" >
      <name>rte1_755</name>
      <ele>149.02</ele>
    </rtept>
    <rtept lat="45.63141044" lon="15.22668360" >
      <name>rte1_756</name>
      <ele>149.02</ele>
    </rtept>
    <rtept lat="45.63140576" lon="15.22677336" >
      <name>rte1_757</name>
      <ele>142.00</ele>
    </rtept>
    <rtept lat="45.63140558" lon="15.22686315" >
      <name>rte1_758</name>
      <ele>142.00</ele>
    </rtept>
    <rtept lat="45.63151705" lon="15.22736381" >
      <name>rte1_759</name>
      <ele>146.21</ele>
    </rtept>
    <rtept lat="45.63159347" lon="15.22739618" >
      <name>rte1_760</name>
      <ele>152.52</ele>
    </rtept>
    <rtept lat="45.63166092" lon="15.22741570" >
      <name>rte1_761</name>
      <ele>153.47</ele>
    </rtept>
    <rtept lat="45.63171489" lon="15.22742874" >
      <name>rte1_762</name>
      <ele>153.47</ele>
    </rtept>
    <rtept lat="45.63175986" lon="15.22743534" >
      <name>rte1_763</name>
      <ele>153.47</ele>
    </rtept>
    <rtept lat="45.63182738" lon="15.22742279" >
      <name>rte1_764</name>
      <ele>153.47</ele>
    </rtept>
    <rtept lat="45.63189040" lon="15.22740381" >
      <name>rte1_765</name>
      <ele>155.00</ele>
    </rtept>
    <rtept lat="45.63193545" lon="15.22737834" >
      <name>rte1_766</name>
      <ele>152.24</ele>
    </rtept>
    <rtept lat="45.63198499" lon="15.22735289" >
      <name>rte1_767</name>
      <ele>152.24</ele>
    </rtept>
    <rtept lat="45.63202554" lon="15.22732099" >
      <name>rte1_768</name>
      <ele>152.24</ele>
    </rtept>
    <rtept lat="45.63206609" lon="15.22729550" >
      <name>rte1_769</name>
      <ele>157.79</ele>
    </rtept>
    <rtept lat="45.63213820" lon="15.22723167" >
      <name>rte1_770</name>
      <ele>157.79</ele>
    </rtept>
    <rtept lat="45.63220583" lon="15.22716140" >
      <name>rte1_771</name>
      <ele>157.79</ele>
    </rtept>
    <rtept lat="45.63226896" lon="15.22709111" >
      <name>rte1_772</name>
      <ele>157.79</ele>
    </rtept>
    <rtept lat="45.63233661" lon="15.22700802" >
      <name>rte1_773</name>
      <ele>158.86</ele>
    </rtept>
    <rtept lat="45.63237268" lon="15.22696969" >
      <name>rte1_774</name>
      <ele>158.86</ele>
    </rtept>
    <rtept lat="45.63240877" lon="15.22692494" >
      <name>rte1_775</name>
      <ele>158.86</ele>
    </rtept>
    <rtept lat="45.63244934" lon="15.22688663" >
      <name>rte1_776</name>
      <ele>158.86</ele>
    </rtept>
    <rtept lat="45.63249442" lon="15.22684192" >
      <name>rte1_777</name>
      <ele>158.86</ele>
    </rtept>
    <rtept lat="45.63254853" lon="15.22677801" >
      <name>rte1_778</name>
      <ele>160.00</ele>
    </rtept>
    <rtept lat="45.63260263" lon="15.22672693" >
      <name>rte1_779</name>
      <ele>157.67</ele>
    </rtept>
    <rtept lat="45.63265672" lon="15.22667584" >
      <name>rte1_780</name>
      <ele>157.67</ele>
    </rtept>
    <rtept lat="45.63270631" lon="15.22662474" >
      <name>rte1_781</name>
      <ele>157.67</ele>
    </rtept>
    <rtept lat="45.63275589" lon="15.22658005" >
      <name>rte1_782</name>
      <ele>158.49</ele>
    </rtept>
    <rtept lat="45.63280547" lon="15.22653536" >
      <name>rte1_783</name>
      <ele>158.49</ele>
    </rtept>
    <rtept lat="45.63285055" lon="15.22649065" >
      <name>rte1_784</name>
      <ele>158.49</ele>
    </rtept>
    <rtept lat="45.63289563" lon="15.22644594" >
      <name>rte1_785</name>
      <ele>158.49</ele>
    </rtept>
    <rtept lat="45.63294070" lon="15.22640765" >
      <name>rte1_786</name>
      <ele>150.61</ele>
    </rtept>
    <rtept lat="45.63299028" lon="15.22636296" >
      <name>rte1_787</name>
      <ele>155.78</ele>
    </rtept>
    <rtept lat="45.63303537" lon="15.22631183" >
      <name>rte1_788</name>
      <ele>155.78</ele>
    </rtept>
    <rtept lat="45.63308046" lon="15.22626712" >
      <name>rte1_789</name>
      <ele>155.78</ele>
    </rtept>
    <rtept lat="45.63313005" lon="15.22621602" >
      <name>rte1_790</name>
      <ele>155.78</ele>
    </rtept>
    <rtept lat="45.63318415" lon="15.22615852" >
      <name>rte1_791</name>
      <ele>155.78</ele>
    </rtept>
    <rtept lat="45.63323376" lon="15.22610100" >
      <name>rte1_792</name>
      <ele>149.29</ele>
    </rtept>
    <rtept lat="45.63329238" lon="15.22603711" >
      <name>rte1_793</name>
      <ele>149.29</ele>
    </rtept>
    <rtept lat="45.63333298" lon="15.22597956" >
      <name>rte1_794</name>
      <ele>149.29</ele>
    </rtept>
    <rtept lat="45.63337358" lon="15.22592842" >
      <name>rte1_795</name>
      <ele>149.29</ele>
    </rtept>
    <rtept lat="45.63340968" lon="15.22587084" >
      <name>rte1_796</name>
      <ele>149.29</ele>
    </rtept>
    <rtept lat="45.63344128" lon="15.22581967" >
      <name>rte1_797</name>
      <ele>152.38</ele>
    </rtept>
    <rtept lat="45.63346839" lon="15.22576206" >
      <name>rte1_798</name>
      <ele>149.01</ele>
    </rtept>
    <rtept lat="45.63349550" lon="15.22570445" >
      <name>rte1_799</name>
      <ele>149.01</ele>
    </rtept>
    <rtept lat="45.63351811" lon="15.22564682" >
      <name>rte1_800</name>
      <ele>149.01</ele>
    </rtept>
    <rtept lat="45.63354072" lon="15.22558920" >
      <name>rte1_801</name>
      <ele>149.01</ele>
    </rtept>
    <rtept lat="45.63355883" lon="15.22553155" >
      <name>rte1_802</name>
      <ele>149.01</ele>
    </rtept>
    <rtept lat="45.63357696" lon="15.22546749" >
      <name>rte1_803</name>
      <ele>149.01</ele>
    </rtept>
    <rtept lat="45.63359058" lon="15.22540341" >
      <name>rte1_804</name>
      <ele>147.65</ele>
    </rtept>
    <rtept lat="45.63360872" lon="15.22533294" >
      <name>rte1_805</name>
      <ele>147.65</ele>
    </rtept>
    <rtept lat="45.63362236" lon="15.22526245" >
      <name>rte1_806</name>
      <ele>147.65</ele>
    </rtept>
    <rtept lat="45.63363599" lon="15.22519196" >
      <name>rte1_807</name>
      <ele>147.65</ele>
    </rtept>
    <rtept lat="45.63364964" lon="15.22511506" >
      <name>rte1_808</name>
      <ele>156.60</ele>
    </rtept>
    <rtept lat="45.63366779" lon="15.22503817" >
      <name>rte1_809</name>
      <ele>156.60</ele>
    </rtept>
    <rtept lat="45.63367694" lon="15.22496125" >
      <name>rte1_810</name>
      <ele>156.60</ele>
    </rtept>
    <rtept lat="45.63368608" lon="15.22489075" >
      <name>rte1_811</name>
      <ele>156.60</ele>
    </rtept>
    <rtept lat="45.63369071" lon="15.22482663" >
      <name>rte1_812</name>
      <ele>156.60</ele>
    </rtept>
    <rtept lat="45.63369084" lon="15.22476250" >
      <name>rte1_813</name>
      <ele>155.00</ele>
    </rtept>
    <rtept lat="45.63368208" lon="15.22464061" >
      <name>rte1_814</name>
      <ele>155.00</ele>
    </rtept>
    <rtept lat="45.63366431" lon="15.22452511" >
      <name>rte1_815</name>
      <ele>155.00</ele>
    </rtept>
    <rtept lat="45.63363755" lon="15.22440956" >
      <name>rte1_816</name>
      <ele>159.22</ele>
    </rtept>
    <rtept lat="45.63362416" lon="15.22435179" >
      <name>rte1_817</name>
      <ele>159.22</ele>
    </rtept>
    <rtept lat="45.63360629" lon="15.22428758" >
      <name>rte1_818</name>
      <ele>159.22</ele>
    </rtept>
    <rtept lat="45.63358391" lon="15.22422978" >
      <name>rte1_819</name>
      <ele>159.22</ele>
    </rtept>
    <rtept lat="45.63356604" lon="15.22416557" >
      <name>rte1_820</name>
      <ele>156.54</ele>
    </rtept>
    <rtept lat="45.63354369" lon="15.22409494" >
      <name>rte1_821</name>
      <ele>156.54</ele>
    </rtept>
    <rtept lat="45.63352582" lon="15.22403073" >
      <name>rte1_822</name>
      <ele>156.54</ele>
    </rtept>
    <rtept lat="45.63349899" lon="15.22394725" >
      <name>rte1_823</name>
      <ele>156.54</ele>
    </rtept>
    <rtept lat="45.63348113" lon="15.22387664" >
      <name>rte1_824</name>
      <ele>156.54</ele>
    </rtept>
    <rtept lat="45.63346329" lon="15.22379961" >
      <name>rte1_825</name>
      <ele>160.00</ele>
    </rtept>
    <rtept lat="45.63344993" lon="15.22372901" >
      <name>rte1_826</name>
      <ele>160.00</ele>
    </rtept>
    <rtept lat="45.63344106" lon="15.22366484" >
      <name>rte1_827</name>
      <ele>160.00</ele>
    </rtept>
    <rtept lat="45.63342770" lon="15.22359424" >
      <name>rte1_828</name>
      <ele>160.00</ele>
    </rtept>
    <rtept lat="45.63342332" lon="15.22353010" >
      <name>rte1_829</name>
      <ele>160.00</ele>
    </rtept>
    <rtept lat="45.63341445" lon="15.22346593" >
      <name>rte1_830</name>
      <ele>157.60</ele>
    </rtept>
    <rtept lat="45.63340558" lon="15.22340176" >
      <name>rte1_831</name>
      <ele>157.60</ele>
    </rtept>
    <rtept lat="45.63340122" lon="15.22333120" >
      <name>rte1_832</name>
      <ele>157.60</ele>
    </rtept>
    <rtept lat="45.63339685" lon="15.22326705" >
      <name>rte1_833</name>
      <ele>157.60</ele>
    </rtept>
    <rtept lat="45.63338799" lon="15.22319647" >
      <name>rte1_834</name>
      <ele>160.00</ele>
    </rtept>
    <rtept lat="45.63338363" lon="15.22312591" >
      <name>rte1_835</name>
      <ele>160.00</ele>
    </rtept>
    <rtept lat="45.63337478" lon="15.22304891" >
      <name>rte1_836</name>
      <ele>160.00</ele>
    </rtept>
    <rtept lat="45.63336595" lon="15.22296551" >
      <name>rte1_837</name>
      <ele>160.00</ele>
    </rtept>
    <rtept lat="45.63335710" lon="15.22288851" >
      <name>rte1_838</name>
      <ele>156.40</ele>
    </rtept>
    <rtept lat="45.63333478" lon="15.22279864" >
      <name>rte1_839</name>
      <ele>156.40</ele>
    </rtept>
    <rtept lat="45.63331694" lon="15.22272161" >
      <name>rte1_840</name>
      <ele>156.40</ele>
    </rtept>
    <rtept lat="45.63329909" lon="15.22264458" >
      <name>rte1_841</name>
      <ele>156.40</ele>
    </rtept>
    <rtept lat="45.63328123" lon="15.22257397" >
      <name>rte1_842</name>
      <ele>160.00</ele>
    </rtept>
    <rtept lat="45.63326336" lon="15.22250976" >
      <name>rte1_843</name>
      <ele>160.00</ele>
    </rtept>
    <rtept lat="45.63324548" lon="15.22245198" >
      <name>rte1_844</name>
      <ele>160.00</ele>
    </rtept>
    <rtept lat="45.63320970" lon="15.22234281" >
      <name>rte1_845</name>
      <ele>160.00</ele>
    </rtept>
    <rtept lat="45.63317390" lon="15.22224647" >
      <name>rte1_846</name>
      <ele>154.60</ele>
    </rtept>
    <rtept lat="45.63313808" lon="15.22215654" >
      <name>rte1_847</name>
      <ele>154.60</ele>
    </rtept>
    <rtept lat="45.63310228" lon="15.22206020" >
      <name>rte1_848</name>
      <ele>154.60</ele>
    </rtept>
    <rtept lat="45.63307096" lon="15.22197030" >
      <name>rte1_849</name>
      <ele>154.60</ele>
    </rtept>
    <rtept lat="45.63303067" lon="15.22186752" >
      <name>rte1_850</name>
      <ele>160.00</ele>
    </rtept>
    <rtept lat="45.63299934" lon="15.22178403" >
      <name>rte1_851</name>
      <ele>160.00</ele>
    </rtept>
    <rtept lat="45.63297249" lon="15.22170697" >
      <name>rte1_852</name>
      <ele>160.00</ele>
    </rtept>
    <rtept lat="45.63294564" lon="15.22163631" >
      <name>rte1_853</name>
      <ele>150.00</ele>
    </rtept>
    <rtept lat="45.63292328" lon="15.22156568" >
      <name>rte1_854</name>
      <ele>160.00</ele>
    </rtept>
    <rtept lat="45.63289643" lon="15.22148862" >
      <name>rte1_855</name>
      <ele>160.00</ele>
    </rtept>
    <rtept lat="45.63287409" lon="15.22141157" >
      <name>rte1_856</name>
      <ele>160.00</ele>
    </rtept>
    <rtept lat="45.63284726" lon="15.22132810" >
      <name>rte1_857</name>
      <ele>160.00</ele>
    </rtept>
    <rtept lat="45.63294238" lon="15.22100140" >
      <name>rte1_858</name>
      <ele>160.00</ele>
    </rtept>
    <rtept lat="45.63295605" lon="15.22091167" >
      <name>rte1_859</name>
      <ele>160.00</ele>
    </rtept>
    <rtept lat="45.63296971" lon="15.22082836" >
      <name>rte1_860</name>
      <ele>160.00</ele>
    </rtept>
    <rtept lat="45.63299234" lon="15.22075790" >
      <name>rte1_861</name>
      <ele>160.00</ele>
    </rtept>
    <rtept lat="45.63301496" lon="15.22069386" >
      <name>rte1_862</name>
      <ele>160.00</ele>
    </rtept>
    <rtept lat="45.63304658" lon="15.22062986" >
      <name>rte1_863</name>
      <ele>160.00</ele>
    </rtept>
    <rtept lat="45.63307820" lon="15.22056585" >
      <name>rte1_864</name>
      <ele>160.00</ele>
    </rtept>
    <rtept lat="45.63311882" lon="15.22050188" >
      <name>rte1_865</name>
      <ele>160.00</ele>
    </rtept>
    <rtept lat="45.63316842" lon="15.22044436" >
      <name>rte1_866</name>
      <ele>160.00</ele>
    </rtept>
    <rtept lat="45.63322255" lon="15.22037403" >
      <name>rte1_867</name>
      <ele>160.00</ele>
    </rtept>
    <rtept lat="45.63327215" lon="15.22031650" >
      <name>rte1_868</name>
      <ele>160.00</ele>
    </rtept>
    <rtept lat="45.63332173" lon="15.22027181" >
      <name>rte1_869</name>
      <ele>160.00</ele>
    </rtept>
    <rtept lat="45.63337579" lon="15.22023354" >
      <name>rte1_870</name>
      <ele>160.00</ele>
    </rtept>
    <rtept lat="45.63342536" lon="15.22019526" >
      <name>rte1_871</name>
      <ele>160.00</ele>
    </rtept>
    <rtept lat="45.63347942" lon="15.22015699" >
      <name>rte1_872</name>
      <ele>160.00</ele>
    </rtept>
    <rtept lat="45.63353801" lon="15.22010592" >
      <name>rte1_873</name>
      <ele>160.00</ele>
    </rtept>
    <rtept lat="45.63360110" lon="15.22005486" >
      <name>rte1_874</name>
      <ele>160.00</ele>
    </rtept>
    <rtept lat="45.63365522" lon="15.21998453" >
      <name>rte1_875</name>
      <ele>160.00</ele>
    </rtept>
    <rtept lat="45.63370935" lon="15.21991420" >
      <name>rte1_876</name>
      <ele>160.00</ele>
    </rtept>
    <rtept lat="45.63374554" lon="15.21981173" >
      <name>rte1_877</name>
      <ele>160.00</ele>
    </rtept>
    <rtept lat="45.63394901" lon="15.21929306" >
      <name>rte1_878</name>
      <ele>148.74</ele>
    </rtept>
    <rtept lat="45.63413424" lon="15.21889617" >
      <name>rte1_879</name>
      <ele>155.24</ele>
    </rtept>
    <rtept lat="45.63410317" lon="15.21867800" >
      <name>rte1_880</name>
      <ele>160.00</ele>
    </rtept>
    <rtept lat="45.63391070" lon="15.21816419" >
      <name>rte1_881</name>
      <ele>146.26</ele>
    </rtept>
    <rtept lat="45.63405522" lon="15.21787616" >
      <name>rte1_882</name>
      <ele>145.30</ele>
    </rtept>
    <rtept lat="45.63414112" lon="15.21765844" >
      <name>rte1_883</name>
      <ele>143.21</ele>
    </rtept>
    <rtept lat="45.63432585" lon="15.21752449" >
      <name>rte1_884</name>
      <ele>143.21</ele>
    </rtept>
    <rtept lat="45.63434853" lon="15.21742837" >
      <name>rte1_885</name>
      <ele>140.00</ele>
    </rtept>
    <rtept lat="45.63439365" lon="15.21735800" >
      <name>rte1_886</name>
      <ele>140.00</ele>
    </rtept>
    <rtept lat="45.63445672" lon="15.21731977" >
      <name>rte1_887</name>
      <ele>140.00</ele>
    </rtept>
    <rtept lat="45.63453325" lon="15.21729442" >
      <name>rte1_888</name>
      <ele>140.00</ele>
    </rtept>
    <rtept lat="45.63460527" lon="15.21727546" >
      <name>rte1_889</name>
      <ele>140.00</ele>
    </rtept>
    <rtept lat="45.63467276" lon="15.21727572" >
      <name>rte1_890</name>
      <ele>140.00</ele>
    </rtept>
    <rtept lat="45.63474021" lon="15.21729522" >
      <name>rte1_891</name>
      <ele>140.00</ele>
    </rtept>
    <rtept lat="45.63480315" lon="15.21732112" >
      <name>rte1_892</name>
      <ele>142.25</ele>
    </rtept>
    <rtept lat="45.63486607" lon="15.21735343" >
      <name>rte1_893</name>
      <ele>142.25</ele>
    </rtept>
    <rtept lat="45.63493352" lon="15.21737294" >
      <name>rte1_894</name>
      <ele>142.25</ele>
    </rtept>
    <rtept lat="45.63500999" lon="15.21738606" >
      <name>rte1_895</name>
      <ele>148.68</ele>
    </rtept>
    <rtept lat="45.63509547" lon="15.21738639" >
      <name>rte1_896</name>
      <ele>148.68</ele>
    </rtept>
    <rtept lat="45.63515849" lon="15.21736740" >
      <name>rte1_897</name>
      <ele>148.68</ele>
    </rtept>
    <rtept lat="45.63521703" lon="15.21734197" >
      <name>rte1_898</name>
      <ele>148.68</ele>
    </rtept>
    <rtept lat="45.63527107" lon="15.21731653" >
      <name>rte1_899</name>
      <ele>152.67</ele>
    </rtept>
    <rtept lat="45.63532511" lon="15.21729109" >
      <name>rte1_900</name>
      <ele>152.67</ele>
    </rtept>
    <rtept lat="45.63537466" lon="15.21725922" >
      <name>rte1_901</name>
      <ele>152.67</ele>
    </rtept>
    <rtept lat="45.63541971" lon="15.21722732" >
      <name>rte1_902</name>
      <ele>152.67</ele>
    </rtept>
    <rtept lat="45.63546926" lon="15.21719545" >
      <name>rte1_903</name>
      <ele>155.00</ele>
    </rtept>
    <rtept lat="45.63551432" lon="15.21716356" >
      <name>rte1_904</name>
      <ele>155.00</ele>
    </rtept>
    <rtept lat="45.63556388" lon="15.21712527" >
      <name>rte1_905</name>
      <ele>157.88</ele>
    </rtept>
    <rtept lat="45.63560893" lon="15.21709338" >
      <name>rte1_906</name>
      <ele>157.88</ele>
    </rtept>
    <rtept lat="45.63565849" lon="15.21706151" >
      <name>rte1_907</name>
      <ele>157.88</ele>
    </rtept>
    <rtept lat="45.63570804" lon="15.21702963" >
      <name>rte1_908</name>
      <ele>160.00</ele>
    </rtept>
    <rtept lat="45.63576209" lon="15.21699777" >
      <name>rte1_909</name>
      <ele>160.00</ele>
    </rtept>
    <rtept lat="45.63582064" lon="15.21696594" >
      <name>rte1_910</name>
      <ele>160.00</ele>
    </rtept>
    <rtept lat="45.63587919" lon="15.21693410" >
      <name>rte1_911</name>
      <ele>160.00</ele>
    </rtept>
    <rtept lat="45.63594671" lon="15.21691512" >
      <name>rte1_912</name>
      <ele>160.00</ele>
    </rtept>
    <rtept lat="45.63600075" lon="15.21688967" >
      <name>rte1_913</name>
      <ele>160.00</ele>
    </rtept>
    <rtept lat="45.63605478" lon="15.21687064" >
      <name>rte1_914</name>
      <ele>160.00</ele>
    </rtept>
    <rtept lat="45.63610430" lon="15.21685160" >
      <name>rte1_915</name>
      <ele>160.00</ele>
    </rtept>
    <rtept lat="45.63615382" lon="15.21683896" >
      <name>rte1_916</name>
      <ele>160.00</ele>
    </rtept>
    <rtept lat="45.63620332" lon="15.21683274" >
      <name>rte1_917</name>
      <ele>160.00</ele>
    </rtept>
    <rtept lat="45.63625282" lon="15.21682652" >
      <name>rte1_918</name>
      <ele>160.00</ele>
    </rtept>
    <rtept lat="45.63630231" lon="15.21682671" >
      <name>rte1_919</name>
      <ele>160.00</ele>
    </rtept>
    <rtept lat="45.63635629" lon="15.21683334" >
      <name>rte1_920</name>
      <ele>156.60</ele>
    </rtept>
    <rtept lat="45.63659025" lon="15.21683425" >
      <name>rte1_921</name>
      <ele>156.70</ele>
    </rtept>
    <rtept lat="45.63662639" lon="15.21675742" >
      <name>rte1_922</name>
      <ele>157.50</ele>
    </rtept>
    <rtept lat="45.63667152" lon="15.21668064" >
      <name>rte1_923</name>
      <ele>157.50</ele>
    </rtept>
    <rtept lat="45.63671218" lon="15.21659742" >
      <name>rte1_924</name>
      <ele>157.50</ele>
    </rtept>
    <rtept lat="45.63676633" lon="15.21651425" >
      <name>rte1_925</name>
      <ele>157.50</ele>
    </rtept>
    <rtept lat="45.63679798" lon="15.21643100" >
      <name>rte1_926</name>
      <ele>156.90</ele>
    </rtept>
    <rtept lat="45.63682062" lon="15.21635413" >
      <name>rte1_927</name>
      <ele>162.29</ele>
    </rtept>
    <rtept lat="45.63683875" lon="15.21628365" >
      <name>rte1_928</name>
      <ele>162.29</ele>
    </rtept>
    <rtept lat="45.63687041" lon="15.21620039" >
      <name>rte1_929</name>
      <ele>162.29</ele>
    </rtept>
    <rtept lat="45.63687954" lon="15.21612988" >
      <name>rte1_930</name>
      <ele>165.00</ele>
    </rtept>
    <rtept lat="45.63689316" lon="15.21606580" >
      <name>rte1_931</name>
      <ele>165.00</ele>
    </rtept>
    <rtept lat="45.63690679" lon="15.21599530" >
      <name>rte1_932</name>
      <ele>165.00</ele>
    </rtept>
    <rtept lat="45.63691591" lon="15.21593120" >
      <name>rte1_933</name>
      <ele>165.00</ele>
    </rtept>
    <rtept lat="45.63692503" lon="15.21586710" >
      <name>rte1_934</name>
      <ele>165.00</ele>
    </rtept>
    <rtept lat="45.63692965" lon="15.21580298" >
      <name>rte1_935</name>
      <ele>165.00</ele>
    </rtept>
    <rtept lat="45.63694338" lon="15.21568118" >
      <name>rte1_936</name>
      <ele>165.00</ele>
    </rtept>
    <rtept lat="45.63695701" lon="15.21561068" >
      <name>rte1_937</name>
      <ele>165.00</ele>
    </rtept>
    <rtept lat="45.63693936" lon="15.21543103" >
      <name>rte1_938</name>
      <ele>165.00</ele>
    </rtept>
    <rtept lat="45.63693499" lon="15.21536047" >
      <name>rte1_939</name>
      <ele>165.00</ele>
    </rtept>
    <rtept lat="45.63693513" lon="15.21528992" >
      <name>rte1_940</name>
      <ele>165.00</ele>
    </rtept>
    <rtept lat="45.63693536" lon="15.21516806" >
      <name>rte1_941</name>
      <ele>166.90</ele>
    </rtept>
    <rtept lat="45.63693108" lon="15.21505260" >
      <name>rte1_942</name>
      <ele>166.90</ele>
    </rtept>
    <rtept lat="45.63692679" lon="15.21494356" >
      <name>rte1_943</name>
      <ele>166.90</ele>
    </rtept>
    <rtept lat="45.63688775" lon="15.21417378" >
      <name>rte1_944</name>
      <ele>167.59</ele>
    </rtept>
    <rtept lat="45.63676672" lon="15.21393601" >
      <name>rte1_945</name>
      <ele>170.00</ele>
    </rtept>
    <rtept lat="45.63669486" lon="15.21387160" >
      <name>rte1_946</name>
      <ele>170.00</ele>
    </rtept>
    <rtept lat="45.63664097" lon="15.21382009" >
      <name>rte1_947</name>
      <ele>170.00</ele>
    </rtept>
    <rtept lat="45.63659159" lon="15.21376217" >
      <name>rte1_948</name>
      <ele>170.00</ele>
    </rtept>
    <rtept lat="45.63654223" lon="15.21369144" >
      <name>rte1_949</name>
      <ele>170.00</ele>
    </rtept>
    <rtept lat="45.63648391" lon="15.21360142" >
      <name>rte1_950</name>
      <ele>168.39</ele>
    </rtept>
    <rtept lat="45.63643455" lon="15.21353069" >
      <name>rte1_951</name>
      <ele>168.39</ele>
    </rtept>
    <rtept lat="45.63638969" lon="15.21345997" >
      <name>rte1_952</name>
      <ele>168.39</ele>
    </rtept>
    <rtept lat="45.63634482" lon="15.21339566" >
      <name>rte1_953</name>
      <ele>167.50</ele>
    </rtept>
    <rtept lat="45.63630894" lon="15.21333780" >
      <name>rte1_954</name>
      <ele>167.50</ele>
    </rtept>
    <rtept lat="45.63627306" lon="15.21327994" >
      <name>rte1_955</name>
      <ele>165.00</ele>
    </rtept>
    <rtept lat="45.63624166" lon="15.21322851" >
      <name>rte1_956</name>
      <ele>165.00</ele>
    </rtept>
    <rtept lat="45.63621025" lon="15.21318350" >
      <name>rte1_957</name>
      <ele>165.00</ele>
    </rtept>
    <rtept lat="45.63617435" lon="15.21313205" >
      <name>rte1_958</name>
      <ele>165.00</ele>
    </rtept>
    <rtept lat="45.63614294" lon="15.21308704" >
      <name>rte1_959</name>
      <ele>165.00</ele>
    </rtept>
    <rtept lat="45.63610703" lon="15.21304201" >
      <name>rte1_960</name>
      <ele>165.00</ele>
    </rtept>
    <rtept lat="45.63607114" lon="15.21299056" >
      <name>rte1_961</name>
      <ele>165.00</ele>
    </rtept>
    <rtept lat="45.63602624" lon="15.21293908" >
      <name>rte1_962</name>
      <ele>165.00</ele>
    </rtept>
    <rtept lat="45.63598136" lon="15.21288119" >
      <name>rte1_963</name>
      <ele>165.00</ele>
    </rtept>
    <rtept lat="45.63593198" lon="15.21282328" >
      <name>rte1_964</name>
      <ele>165.00</ele>
    </rtept>
    <rtept lat="45.63587810" lon="15.21276536" >
      <name>rte1_965</name>
      <ele>168.00</ele>
    </rtept>
    <rtept lat="45.63532137" lon="15.21214113" >
      <name>rte1_966</name>
      <ele>170.00</ele>
    </rtept>
    <rtept lat="45.63527201" lon="15.21207040" >
      <name>rte1_967</name>
      <ele>170.00</ele>
    </rtept>
    <rtept lat="45.63523617" lon="15.21199330" >
      <name>rte1_968</name>
      <ele>172.40</ele>
    </rtept>
    <rtept lat="45.63520480" lon="15.21192263" >
      <name>rte1_969</name>
      <ele>172.40</ele>
    </rtept>
    <rtept lat="45.63518695" lon="15.21184561" >
      <name>rte1_970</name>
      <ele>172.40</ele>
    </rtept>
    <rtept lat="45.63516910" lon="15.21176858" >
      <name>rte1_971</name>
      <ele>172.40</ele>
    </rtept>
    <rtept lat="45.63516024" lon="15.21169158" >
      <name>rte1_972</name>
      <ele>172.40</ele>
    </rtept>
    <rtept lat="45.63516040" lon="15.21160821" >
      <name>rte1_973</name>
      <ele>175.00</ele>
    </rtept>
    <rtept lat="45.63516054" lon="15.21153125" >
      <name>rte1_974</name>
      <ele>175.00</ele>
    </rtept>
    <rtept lat="45.63516520" lon="15.21144790" >
      <name>rte1_975</name>
      <ele>175.00</ele>
    </rtept>
    <rtept lat="45.63517885" lon="15.21136457" >
      <name>rte1_976</name>
      <ele>175.00</ele>
    </rtept>
    <rtept lat="45.63518802" lon="15.21127482" >
      <name>rte1_977</name>
      <ele>174.61</ele>
    </rtept>
    <rtept lat="45.63520618" lon="15.21118510" >
      <name>rte1_978</name>
      <ele>174.61</ele>
    </rtept>
    <rtept lat="45.63521985" lon="15.21109537" >
      <name>rte1_979</name>
      <ele>174.61</ele>
    </rtept>
    <rtept lat="45.63523801" lon="15.21100565" >
      <name>rte1_980</name>
      <ele>173.35</ele>
    </rtept>
    <rtept lat="45.63525619" lon="15.21090952" >
      <name>rte1_981</name>
      <ele>175.00</ele>
    </rtept>
    <rtept lat="45.63527885" lon="15.21081982" >
      <name>rte1_982</name>
      <ele>175.00</ele>
    </rtept>
    <rtept lat="45.63529705" lon="15.21071086" >
      <name>rte1_983</name>
      <ele>177.40</ele>
    </rtept>
    <rtept lat="45.63531075" lon="15.21060188" >
      <name>rte1_984</name>
      <ele>177.40</ele>
    </rtept>
    <rtept lat="45.63532894" lon="15.21049934" >
      <name>rte1_985</name>
      <ele>177.40</ele>
    </rtept>
    <rtept lat="45.63534261" lon="15.21040319" >
      <name>rte1_986</name>
      <ele>177.40</ele>
    </rtept>
    <rtept lat="45.63535630" lon="15.21030063" >
      <name>rte1_987</name>
      <ele>180.00</ele>
    </rtept>
    <rtept lat="45.63536098" lon="15.21020444" >
      <name>rte1_988</name>
      <ele>180.00</ele>
    </rtept>
    <rtept lat="45.63536566" lon="15.21010826" >
      <name>rte1_989</name>
      <ele>180.00</ele>
    </rtept>
    <rtept lat="45.63537032" lon="15.21001849" >
      <name>rte1_990</name>
      <ele>180.00</ele>
    </rtept>
    <rtept lat="45.63536599" lon="15.20992869" >
      <name>rte1_991</name>
      <ele>180.00</ele>
    </rtept>
    <rtept lat="45.63535716" lon="15.20983886" >
      <name>rte1_992</name>
      <ele>180.00</ele>
    </rtept>
    <rtept lat="45.63534383" lon="15.20974903" >
      <name>rte1_993</name>
      <ele>180.00</ele>
    </rtept>
    <rtept lat="45.63532148" lon="15.20966557" >
      <name>rte1_994</name>
      <ele>180.00</ele>
    </rtept>
    <rtept lat="45.63529464" lon="15.20958209" >
      <name>rte1_995</name>
      <ele>180.00</ele>
    </rtept>
    <rtept lat="45.63525880" lon="15.20949859" >
      <name>rte1_996</name>
      <ele>180.00</ele>
    </rtept>
    <rtept lat="45.63521847" lon="15.20941506" >
      <name>rte1_997</name>
      <ele>178.65</ele>
    </rtept>
    <rtept lat="45.63516912" lon="15.20933791" >
      <name>rte1_998</name>
      <ele>178.65</ele>
    </rtept>
    <rtept lat="45.63513322" lon="15.20928647" >
      <name>rte1_999</name>
      <ele>178.65</ele>
    </rtept>
    <rtept lat="45.63509731" lon="15.20924144" >
      <name>rte1_1000</name>
      <ele>178.65</ele>
    </rtept>
    <rtept lat="45.63506590" lon="15.20919643" >
      <name>rte1_1001</name>
      <ele>178.65</ele>
    </rtept>
    <rtept lat="45.63502999" lon="15.20915141" >
      <name>rte1_1002</name>
      <ele>178.65</ele>
    </rtept>
    <rtept lat="45.63496713" lon="15.20908062" >
      <name>rte1_1003</name>
      <ele>181.36</ele>
    </rtept>
    <rtept lat="45.63489978" lon="15.20900982" >
      <name>rte1_1004</name>
      <ele>181.36</ele>
    </rtept>
    <rtept lat="45.63483691" lon="15.20894545" >
      <name>rte1_1005</name>
      <ele>181.36</ele>
    </rtept>
    <rtept lat="45.63476953" lon="15.20888748" >
      <name>rte1_1006</name>
      <ele>180.00</ele>
    </rtept>
    <rtept lat="45.63470663" lon="15.20883594" >
      <name>rte1_1007</name>
      <ele>180.00</ele>
    </rtept>
    <rtept lat="45.63463923" lon="15.20879079" >
      <name>rte1_1008</name>
      <ele>184.14</ele>
    </rtept>
    <rtept lat="45.63457182" lon="15.20874565" >
      <name>rte1_1009</name>
      <ele>184.14</ele>
    </rtept>
    <rtept lat="45.63450442" lon="15.20870050" >
      <name>rte1_1010</name>
      <ele>181.74</ele>
    </rtept>
    <rtept lat="45.63443251" lon="15.20866175" >
      <name>rte1_1011</name>
      <ele>181.74</ele>
    </rtept>
    <rtept lat="45.63435610" lon="15.20861658" >
      <name>rte1_1012</name>
      <ele>181.74</ele>
    </rtept>
    <rtept lat="45.63427969" lon="15.20857781" >
      <name>rte1_1013</name>
      <ele>181.27</ele>
    </rtept>
    <rtept lat="45.63419879" lon="15.20853261" >
      <name>rte1_1014</name>
      <ele>181.27</ele>
    </rtept>
    <rtept lat="45.63411790" lon="15.20848101" >
      <name>rte1_1015</name>
      <ele>184.63</ele>
    </rtept>
    <rtept lat="45.63407294" lon="15.20846160" >
      <name>rte1_1016</name>
      <ele>190.72</ele>
    </rtept>
    <rtept lat="45.63403250" lon="15.20843579" >
      <name>rte1_1017</name>
      <ele>190.72</ele>
    </rtept>
    <rtept lat="45.63396509" lon="15.20839065" >
      <name>rte1_1018</name>
      <ele>190.72</ele>
    </rtept>
    <rtept lat="45.63390670" lon="15.20833912" >
      <name>rte1_1019</name>
      <ele>190.72</ele>
    </rtept>
    <rtept lat="45.63385280" lon="15.20828762" >
      <name>rte1_1020</name>
      <ele>195.38</ele>
    </rtept>
    <rtept lat="45.63380343" lon="15.20822330" >
      <name>rte1_1021</name>
      <ele>195.38</ele>
    </rtept>
    <rtept lat="45.63375856" lon="15.20815900" >
      <name>rte1_1022</name>
      <ele>195.38</ele>
    </rtept>
    <rtept lat="45.63372269" lon="15.20808832" >
      <name>rte1_1023</name>
      <ele>199.29</ele>
    </rtept>
    <rtept lat="45.63368683" lon="15.20801764" >
      <name>rte1_1024</name>
      <ele>199.29</ele>
    </rtept>
    <rtept lat="45.63365998" lon="15.20794058" >
      <name>rte1_1025</name>
      <ele>200.00</ele>
    </rtept>
    <rtept lat="45.63363314" lon="15.20785711" >
      <name>rte1_1026</name>
      <ele>200.00</ele>
    </rtept>
    <rtept lat="45.63361530" lon="15.20776726" >
      <name>rte1_1027</name>
      <ele>200.00</ele>
    </rtept>
    <rtept lat="45.63360196" lon="15.20768384" >
      <name>rte1_1028</name>
      <ele>200.00</ele>
    </rtept>
    <rtept lat="45.63359314" lon="15.20758761" >
      <name>rte1_1029</name>
      <ele>200.00</ele>
    </rtept>
    <rtept lat="45.63358880" lon="15.20749781" >
      <name>rte1_1030</name>
      <ele>200.00</ele>
    </rtept>
    <rtept lat="45.63358898" lon="15.20740161" >
      <name>rte1_1031</name>
      <ele>200.00</ele>
    </rtept>
    <rtept lat="45.63359367" lon="15.20729902" >
      <name>rte1_1032</name>
      <ele>200.00</ele>
    </rtept>
    <rtept lat="45.63360734" lon="15.20720287" >
      <name>rte1_1033</name>
      <ele>200.00</ele>
    </rtept>
    <rtept lat="45.63361198" lon="15.20712593" >
      <name>rte1_1034</name>
      <ele>199.05</ele>
    </rtept>
    <rtept lat="45.63361661" lon="15.20705540" >
      <name>rte1_1035</name>
      <ele>199.05</ele>
    </rtept>
    <rtept lat="45.63362124" lon="15.20698488" >
      <name>rte1_1036</name>
      <ele>199.05</ele>
    </rtept>
    <rtept lat="45.63362136" lon="15.20691433" >
      <name>rte1_1037</name>
      <ele>199.05</ele>
    </rtept>
    <rtept lat="45.63362149" lon="15.20684379" >
      <name>rte1_1038</name>
      <ele>197.94</ele>
    </rtept>
    <rtept lat="45.63361261" lon="15.20677962" >
      <name>rte1_1039</name>
      <ele>197.94</ele>
    </rtept>
    <rtept lat="45.63359484" lon="15.20665771" >
      <name>rte1_1040</name>
      <ele>197.94</ele>
    </rtept>
    <rtept lat="45.63356355" lon="15.20654215" >
      <name>rte1_1041</name>
      <ele>196.43</ele>
    </rtept>
    <rtept lat="45.63354116" lon="15.20648435" >
      <name>rte1_1042</name>
      <ele>196.43</ele>
    </rtept>
    <rtept lat="45.63351426" lon="15.20643295" >
      <name>rte1_1043</name>
      <ele>196.43</ele>
    </rtept>
    <rtept lat="45.63348735" lon="15.20638795" >
      <name>rte1_1044</name>
      <ele>196.43</ele>
    </rtept>
    <rtept lat="45.63345145" lon="15.20633652" >
      <name>rte1_1045</name>
      <ele>196.43</ele>
    </rtept>
    <rtept lat="45.63341553" lon="15.20629790" >
      <name>rte1_1046</name>
      <ele>195.00</ele>
    </rtept>
    <rtept lat="45.63337511" lon="15.20625928" >
      <name>rte1_1047</name>
      <ele>195.00</ele>
    </rtept>
    <rtept lat="45.63332121" lon="15.20620777" >
      <name>rte1_1048</name>
      <ele>191.53</ele>
    </rtept>
    <rtept lat="45.63327179" lon="15.20616911" >
      <name>rte1_1049</name>
      <ele>191.53</ele>
    </rtept>
    <rtept lat="45.63322236" lon="15.20613686" >
      <name>rte1_1050</name>
      <ele>190.00</ele>
    </rtept>
    <rtept lat="45.63317291" lon="15.20611103" >
      <name>rte1_1051</name>
      <ele>190.00</ele>
    </rtept>
    <rtept lat="45.63312347" lon="15.20608519" >
      <name>rte1_1052</name>
      <ele>190.00</ele>
    </rtept>
    <rtept lat="45.63307851" lon="15.20606578" >
      <name>rte1_1053</name>
      <ele>190.00</ele>
    </rtept>
    <rtept lat="45.63302906" lon="15.20604636" >
      <name>rte1_1054</name>
      <ele>190.00</ele>
    </rtept>
    <rtept lat="45.63298409" lon="15.20603337" >
      <name>rte1_1055</name>
      <ele>195.00</ele>
    </rtept>
    <rtept lat="45.63293462" lon="15.20602036" >
      <name>rte1_1056</name>
      <ele>195.00</ele>
    </rtept>
    <rtept lat="45.63288514" lon="15.20601376" >
      <name>rte1_1057</name>
      <ele>195.00</ele>
    </rtept>
    <rtept lat="45.63283567" lon="15.20600717" >
      <name>rte1_1058</name>
      <ele>195.00</ele>
    </rtept>
    <rtept lat="45.63278168" lon="15.20600697" >
      <name>rte1_1059</name>
      <ele>195.00</ele>
    </rtept>
    <rtept lat="45.63272769" lon="15.20600677" >
      <name>rte1_1060</name>
      <ele>197.57</ele>
    </rtept>
    <rtept lat="45.63267370" lon="15.20600657" >
      <name>rte1_1061</name>
      <ele>197.57</ele>
    </rtept>
    <rtept lat="45.63261521" lon="15.20600635" >
      <name>rte1_1062</name>
      <ele>197.57</ele>
    </rtept>
    <rtept lat="45.63255672" lon="15.20600614" >
      <name>rte1_1063</name>
      <ele>197.57</ele>
    </rtept>
    <rtept lat="45.63249373" lon="15.20600590" >
      <name>rte1_1064</name>
      <ele>200.00</ele>
    </rtept>
    <rtept lat="45.63243074" lon="15.20600567" >
      <name>rte1_1065</name>
      <ele>200.00</ele>
    </rtept>
    <rtept lat="45.63237226" lon="15.20600546" >
      <name>rte1_1066</name>
      <ele>200.00</ele>
    </rtept>
    <rtept lat="45.63231377" lon="15.20600524" >
      <name>rte1_1067</name>
      <ele>200.00</ele>
    </rtept>
    <rtept lat="45.63225978" lon="15.20600504" >
      <name>rte1_1068</name>
      <ele>200.00</ele>
    </rtept>
    <rtept lat="45.63220129" lon="15.20600482" >
      <name>rte1_1069</name>
      <ele>200.00</ele>
    </rtept>
    <rtept lat="45.63215181" lon="15.20599823" >
      <name>rte1_1070</name>
      <ele>200.00</ele>
    </rtept>
    <rtept lat="45.63209783" lon="15.20599161" >
      <name>rte1_1071</name>
      <ele>205.71</ele>
    </rtept>
    <rtept lat="45.63204837" lon="15.20597861" >
      <name>rte1_1072</name>
      <ele>205.71</ele>
    </rtept>
    <rtept lat="45.63199891" lon="15.20595918" >
      <name>rte1_1073</name>
      <ele>205.71</ele>
    </rtept>
    <rtept lat="45.63195397" lon="15.20593337" >
      <name>rte1_1074</name>
      <ele>205.71</ele>
    </rtept>
    <rtept lat="45.63190903" lon="15.20590114" >
      <name>rte1_1075</name>
      <ele>205.71</ele>
    </rtept>
    <rtept lat="45.63186411" lon="15.20586249" >
      <name>rte1_1076</name>
      <ele>209.56</ele>
    </rtept>
    <rtept lat="45.63181920" lon="15.20581743" >
      <name>rte1_1077</name>
      <ele>209.56</ele>
    </rtept>
    <rtept lat="45.63177881" lon="15.20575957" >
      <name>rte1_1078</name>
      <ele>209.56</ele>
    </rtept>
    <rtept lat="45.63174294" lon="15.20569531" >
      <name>rte1_1079</name>
      <ele>209.56</ele>
    </rtept>
    <rtept lat="45.63148728" lon="15.20525828" >
      <name>rte1_1080</name>
      <ele>210.10</ele>
    </rtept>
    <rtept lat="45.63152346" lon="15.20515581" >
      <name>rte1_1081</name>
      <ele>210.60</ele>
    </rtept>
    <rtept lat="45.63155064" lon="15.20505330" >
      <name>rte1_1082</name>
      <ele>210.60</ele>
    </rtept>
    <rtept lat="45.63156883" lon="15.20494435" >
      <name>rte1_1083</name>
      <ele>210.60</ele>
    </rtept>
    <rtept lat="45.63158253" lon="15.20483538" >
      <name>rte1_1084</name>
      <ele>210.00</ele>
    </rtept>
    <rtept lat="45.63158714" lon="15.20477127" >
      <name>rte1_1085</name>
      <ele>210.00</ele>
    </rtept>
    <rtept lat="45.63159626" lon="15.20470717" >
      <name>rte1_1086</name>
      <ele>210.00</ele>
    </rtept>
    <rtept lat="45.63161445" lon="15.20459822" >
      <name>rte1_1087</name>
      <ele>210.00</ele>
    </rtept>
    <rtept lat="45.63163264" lon="15.20448926" >
      <name>rte1_1088</name>
      <ele>210.00</ele>
    </rtept>
    <rtept lat="45.63164633" lon="15.20438671" >
      <name>rte1_1089</name>
      <ele>210.00</ele>
    </rtept>
    <rtept lat="45.63166450" lon="15.20429058" >
      <name>rte1_1090</name>
      <ele>209.08</ele>
    </rtept>
    <rtept lat="45.63168267" lon="15.20419445" >
      <name>rte1_1091</name>
      <ele>209.08</ele>
    </rtept>
    <rtept lat="45.63170082" lon="15.20410474" >
      <name>rte1_1092</name>
      <ele>209.08</ele>
    </rtept>
    <rtept lat="45.63172348" lon="15.20401504" >
      <name>rte1_1093</name>
      <ele>209.08</ele>
    </rtept>
    <rtept lat="45.63174613" lon="15.20393175" >
      <name>rte1_1094</name>
      <ele>208.02</ele>
    </rtept>
    <rtept lat="45.63177328" lon="15.20384207" >
      <name>rte1_1095</name>
      <ele>208.02</ele>
    </rtept>
    <rtept lat="45.63180044" lon="15.20375239" >
      <name>rte1_1096</name>
      <ele>208.02</ele>
    </rtept>
    <rtept lat="45.63183208" lon="15.20366913" >
      <name>rte1_1097</name>
      <ele>208.02</ele>
    </rtept>
    <rtept lat="45.63186824" lon="15.20357948" >
      <name>rte1_1098</name>
      <ele>208.17</ele>
    </rtept>
    <rtept lat="45.63190890" lon="15.20348344" >
      <name>rte1_1099</name>
      <ele>205.00</ele>
    </rtept>
    <rtept lat="45.63195407" lon="15.20338741" >
      <name>rte1_1100</name>
      <ele>205.00</ele>
    </rtept>
    <rtept lat="45.63200374" lon="15.20328498" >
      <name>rte1_1101</name>
      <ele>205.00</ele>
    </rtept>
    <rtept lat="45.63203986" lon="15.20321457" >
      <name>rte1_1102</name>
      <ele>205.00</ele>
    </rtept>
    <rtept lat="45.63208495" lon="15.20316343" >
      <name>rte1_1103</name>
      <ele>205.00</ele>
    </rtept>
    <rtept lat="45.63213451" lon="15.20312513" >
      <name>rte1_1104</name>
      <ele>205.00</ele>
    </rtept>
    <rtept lat="45.63218854" lon="15.20309968" >
      <name>rte1_1105</name>
      <ele>205.00</ele>
    </rtept>
    <rtept lat="45.63223808" lon="15.20307421" >
      <name>rte1_1106</name>
      <ele>205.00</ele>
    </rtept>
    <rtept lat="45.63228764" lon="15.20303591" >
      <name>rte1_1107</name>
      <ele>205.00</ele>
    </rtept>
    <rtept lat="45.63233721" lon="15.20299120" >
      <name>rte1_1108</name>
      <ele>206.62</ele>
    </rtept>
    <rtept lat="45.63238680" lon="15.20293366" >
      <name>rte1_1109</name>
      <ele>206.62</ele>
    </rtept>
    <rtept lat="45.63243199" lon="15.20282480" >
      <name>rte1_1110</name>
      <ele>206.62</ele>
    </rtept>
    <rtept lat="45.63245917" lon="15.20272229" >
      <name>rte1_1111</name>
      <ele>206.62</ele>
    </rtept>
    <rtept lat="45.63249084" lon="15.20261980" >
      <name>rte1_1112</name>
      <ele>207.00</ele>
    </rtept>
    <rtept lat="45.63253603" lon="15.20251094" >
      <name>rte1_1113</name>
      <ele>207.00</ele>
    </rtept>
    <rtept lat="45.63257217" lon="15.20242770" >
      <name>rte1_1114</name>
      <ele>210.00</ele>
    </rtept>
    <rtept lat="45.63260829" lon="15.20235729" >
      <name>rte1_1115</name>
      <ele>210.00</ele>
    </rtept>
    <rtept lat="45.63263990" lon="15.20229328" >
      <name>rte1_1116</name>
      <ele>210.00</ele>
    </rtept>
    <rtept lat="45.63267601" lon="15.20222928" >
      <name>rte1_1117</name>
      <ele>210.00</ele>
    </rtept>
    <rtept lat="45.63271210" lon="15.20217169" >
      <name>rte1_1118</name>
      <ele>210.00</ele>
    </rtept>
    <rtept lat="45.63274370" lon="15.20211409" >
      <name>rte1_1119</name>
      <ele>210.00</ele>
    </rtept>
    <rtept lat="45.63277980" lon="15.20205650" >
      <name>rte1_1120</name>
      <ele>210.00</ele>
    </rtept>
    <rtept lat="45.63281138" lon="15.20200531" >
      <name>rte1_1121</name>
      <ele>205.00</ele>
    </rtept>
    <rtept lat="45.63284748" lon="15.20194772" >
      <name>rte1_1122</name>
      <ele>205.00</ele>
    </rtept>
    <rtept lat="45.63288356" lon="15.20189655" >
      <name>rte1_1123</name>
      <ele>205.00</ele>
    </rtept>
    <rtept lat="45.63291516" lon="15.20183895" >
      <name>rte1_1124</name>
      <ele>205.00</ele>
    </rtept>
    <rtept lat="45.63295126" lon="15.20178136" >
      <name>rte1_1125</name>
      <ele>205.00</ele>
    </rtept>
    <rtept lat="45.63298736" lon="15.20171736" >
      <name>rte1_1126</name>
      <ele>205.00</ele>
    </rtept>
    <rtept lat="45.63302347" lon="15.20165336" >
      <name>rte1_1127</name>
      <ele>205.00</ele>
    </rtept>
    <rtept lat="45.63306409" lon="15.20158296" >
      <name>rte1_1128</name>
      <ele>205.00</ele>
    </rtept>
    <rtept lat="45.63310471" lon="15.20151256" >
      <name>rte1_1129</name>
      <ele>205.00</ele>
    </rtept>
    <rtept lat="45.63313634" lon="15.20143572" >
      <name>rte1_1130</name>
      <ele>205.00</ele>
    </rtept>
    <rtept lat="45.63316796" lon="15.20136529" >
      <name>rte1_1131</name>
      <ele>203.72</ele>
    </rtept>
    <rtept lat="45.63319507" lon="15.20130126" >
      <name>rte1_1132</name>
      <ele>203.72</ele>
    </rtept>
    <rtept lat="45.63322217" lon="15.20123722" >
      <name>rte1_1133</name>
      <ele>203.72</ele>
    </rtept>
    <rtept lat="45.63324928" lon="15.20117319" >
      <name>rte1_1134</name>
      <ele>200.00</ele>
    </rtept>
    <rtept lat="45.63327188" lon="15.20111555" >
      <name>rte1_1135</name>
      <ele>200.00</ele>
    </rtept>
    <rtept lat="45.63329449" lon="15.20105150" >
      <name>rte1_1136</name>
      <ele>200.00</ele>
    </rtept>
    <rtept lat="45.63331709" lon="15.20099387" >
      <name>rte1_1137</name>
      <ele>200.00</ele>
    </rtept>
    <rtept lat="45.63333969" lon="15.20093623" >
      <name>rte1_1138</name>
      <ele>200.00</ele>
    </rtept>
    <rtept lat="45.63336228" lon="15.20087859" >
      <name>rte1_1139</name>
      <ele>200.00</ele>
    </rtept>
    <rtept lat="45.63338939" lon="15.20081456" >
      <name>rte1_1140</name>
      <ele>200.00</ele>
    </rtept>
    <rtept lat="45.63341199" lon="15.20075692" >
      <name>rte1_1141</name>
      <ele>194.50</ele>
    </rtept>
    <rtept lat="45.63343910" lon="15.20069289" >
      <name>rte1_1142</name>
      <ele>194.50</ele>
    </rtept>
    <rtept lat="45.63347071" lon="15.20062887" >
      <name>rte1_1143</name>
      <ele>195.80</ele>
    </rtept>
    <rtept lat="45.63350233" lon="15.20055844" >
      <name>rte1_1144</name>
      <ele>195.80</ele>
    </rtept>
    <rtept lat="45.63353843" lon="15.20049444" >
      <name>rte1_1145</name>
      <ele>195.80</ele>
    </rtept>
    <rtept lat="45.63357457" lon="15.20041120" >
      <name>rte1_1146</name>
      <ele>188.97</ele>
    </rtept>
    <rtept lat="45.63361968" lon="15.20034723" >
      <name>rte1_1147</name>
      <ele>188.97</ele>
    </rtept>
    <rtept lat="45.63366926" lon="15.20029610" >
      <name>rte1_1148</name>
      <ele>188.97</ele>
    </rtept>
    <rtept lat="45.63373681" lon="15.20025786" >
      <name>rte1_1149</name>
      <ele>190.00</ele>
    </rtept>
    <rtept lat="45.63380444" lon="15.20018115" >
      <name>rte1_1150</name>
      <ele>190.00</ele>
    </rtept>
    <rtept lat="45.63386304" lon="15.20011723" >
      <name>rte1_1151</name>
      <ele>187.86</ele>
    </rtept>
    <rtept lat="45.63392166" lon="15.20004048" >
      <name>rte1_1152</name>
      <ele>193.67</ele>
    </rtept>
    <rtept lat="45.63398032" lon="15.19994449" >
      <name>rte1_1153</name>
      <ele>193.67</ele>
    </rtept>
    <rtept lat="45.63400299" lon="15.19984837" >
      <name>rte1_1154</name>
      <ele>193.67</ele>
    </rtept>
    <rtept lat="45.63400315" lon="15.19975859" >
      <name>rte1_1155</name>
      <ele>192.63</ele>
    </rtept>
    <rtept lat="45.63401679" lon="15.19967526" >
      <name>rte1_1156</name>
      <ele>192.63</ele>
    </rtept>
    <rtept lat="45.63405740" lon="15.19961128" >
      <name>rte1_1157</name>
      <ele>192.63</ele>
    </rtept>
    <rtept lat="45.63409347" lon="15.19956651" >
      <name>rte1_1158</name>
      <ele>192.63</ele>
    </rtept>
    <rtept lat="45.63413404" lon="15.19952177" >
      <name>rte1_1159</name>
      <ele>192.63</ele>
    </rtept>
    <rtept lat="45.63417009" lon="15.19948983" >
      <name>rte1_1160</name>
      <ele>205.00</ele>
    </rtept>
    <rtept lat="45.63421065" lon="15.19945150" >
      <name>rte1_1161</name>
      <ele>205.00</ele>
    </rtept>
    <rtept lat="45.63428724" lon="15.19939405" >
      <name>rte1_1162</name>
      <ele>205.00</ele>
    </rtept>
    <rtept lat="45.63436382" lon="15.19933661" >
      <name>rte1_1163</name>
      <ele>205.00</ele>
    </rtept>
    <rtept lat="45.63444039" lon="15.19929199" >
      <name>rte1_1164</name>
      <ele>205.00</ele>
    </rtept>
    <rtept lat="45.63451245" lon="15.19924735" >
      <name>rte1_1165</name>
      <ele>205.00</ele>
    </rtept>
    <rtept lat="45.63458902" lon="15.19920273" >
      <name>rte1_1166</name>
      <ele>205.00</ele>
    </rtept>
    <rtept lat="45.63466107" lon="15.19916451" >
      <name>rte1_1167</name>
      <ele>205.00</ele>
    </rtept>
    <rtept lat="45.63473314" lon="15.19911987" >
      <name>rte1_1168</name>
      <ele>205.00</ele>
    </rtept>
    <rtept lat="45.63480519" lon="15.19908165" >
      <name>rte1_1169</name>
      <ele>205.00</ele>
    </rtept>
    <rtept lat="45.63487277" lon="15.19903059" >
      <name>rte1_1170</name>
      <ele>207.30</ele>
    </rtept>
    <rtept lat="45.63494485" lon="15.19897312" >
      <name>rte1_1171</name>
      <ele>207.30</ele>
    </rtept>
    <rtept lat="45.63501245" lon="15.19890923" >
      <name>rte1_1172</name>
      <ele>207.30</ele>
    </rtept>
    <rtept lat="45.63507558" lon="15.19883250" >
      <name>rte1_1173</name>
      <ele>210.00</ele>
    </rtept>
    <rtept lat="45.63511165" lon="15.19878773" >
      <name>rte1_1174</name>
      <ele>210.00</ele>
    </rtept>
    <rtept lat="45.63514322" lon="15.19874295" >
      <name>rte1_1175</name>
      <ele>210.00</ele>
    </rtept>
    <rtept lat="45.63517479" lon="15.19869817" >
      <name>rte1_1176</name>
      <ele>210.00</ele>
    </rtept>
    <rtept lat="45.63521088" lon="15.19864699" >
      <name>rte1_1177</name>
      <ele>210.00</ele>
    </rtept>
    <rtept lat="45.63526055" lon="15.19854456" >
      <name>rte1_1178</name>
      <ele>210.00</ele>
    </rtept>
    <rtept lat="45.63530120" lon="15.19845491" >
      <name>rte1_1179</name>
      <ele>205.00</ele>
    </rtept>
    <rtept lat="45.63533736" lon="15.19835884" >
      <name>rte1_1180</name>
      <ele>205.00</ele>
    </rtept>
    <rtept lat="45.63536901" lon="15.19826917" >
      <name>rte1_1181</name>
      <ele>205.00</ele>
    </rtept>
    <rtept lat="45.63540066" lon="15.19817949" >
      <name>rte1_1182</name>
      <ele>205.00</ele>
    </rtept>
    <rtept lat="45.63542331" lon="15.19808979" >
      <name>rte1_1183</name>
      <ele>205.00</ele>
    </rtept>
    <rtept lat="45.63544597" lon="15.19800008" >
      <name>rte1_1184</name>
      <ele>205.00</ele>
    </rtept>
    <rtept lat="45.63546412" lon="15.19791036" >
      <name>rte1_1185</name>
      <ele>205.00</ele>
    </rtept>
    <rtept lat="45.63548227" lon="15.19782063" >
      <name>rte1_1186</name>
      <ele>207.00</ele>
    </rtept>
    <rtept lat="45.63550494" lon="15.19772451" >
      <name>rte1_1187</name>
      <ele>203.26</ele>
    </rtept>
    <rtept lat="45.63552759" lon="15.19763481" >
      <name>rte1_1188</name>
      <ele>203.26</ele>
    </rtept>
    <rtept lat="45.63555025" lon="15.19753868" >
      <name>rte1_1189</name>
      <ele>205.00</ele>
    </rtept>
    <rtept lat="45.63557742" lon="15.19744258" >
      <name>rte1_1190</name>
      <ele>205.00</ele>
    </rtept>
    <rtept lat="45.63560458" lon="15.19734647" >
      <name>rte1_1191</name>
      <ele>205.00</ele>
    </rtept>
    <rtept lat="45.63564074" lon="15.19725040" >
      <name>rte1_1192</name>
      <ele>205.00</ele>
    </rtept>
    <rtept lat="45.63568591" lon="15.19714795" >
      <name>rte1_1193</name>
      <ele>205.00</ele>
    </rtept>
    <rtept lat="45.63571304" lon="15.19707108" >
      <name>rte1_1194</name>
      <ele>205.00</ele>
    </rtept>
    <rtept lat="45.63574467" lon="15.19699423" >
      <name>rte1_1195</name>
      <ele>200.50</ele>
    </rtept>
    <rtept lat="45.63577178" lon="15.19692378" >
      <name>rte1_1196</name>
      <ele>200.00</ele>
    </rtept>
    <rtept lat="45.63579890" lon="15.19685333" >
      <name>rte1_1197</name>
      <ele>200.00</ele>
    </rtept>
    <rtept lat="45.63582601" lon="15.19678929" >
      <name>rte1_1198</name>
      <ele>200.00</ele>
    </rtept>
    <rtept lat="45.63585311" lon="15.19672525" >
      <name>rte1_1199</name>
      <ele>200.00</ele>
    </rtept>
    <rtept lat="45.63588022" lon="15.19666121" >
      <name>rte1_1200</name>
      <ele>200.00</ele>
    </rtept>
    <rtept lat="45.63590733" lon="15.19659717" >
      <name>rte1_1201</name>
      <ele>203.16</ele>
    </rtept>
    <rtept lat="45.63593442" lon="15.19653955" >
      <name>rte1_1202</name>
      <ele>203.16</ele>
    </rtept>
    <rtept lat="45.63595702" lon="15.19648191" >
      <name>rte1_1203</name>
      <ele>200.20</ele>
    </rtept>
    <rtept lat="45.63598412" lon="15.19641787" >
      <name>rte1_1204</name>
      <ele>200.20</ele>
    </rtept>
    <rtept lat="45.63600671" lon="15.19636664" >
      <name>rte1_1205</name>
      <ele>200.20</ele>
    </rtept>
    <rtept lat="45.63603380" lon="15.19630902" >
      <name>rte1_1206</name>
      <ele>200.20</ele>
    </rtept>
    <rtept lat="45.63606090" lon="15.19625139" >
      <name>rte1_1207</name>
      <ele>204.49</ele>
    </rtept>
    <rtept lat="45.63608348" lon="15.19620016" >
      <name>rte1_1208</name>
      <ele>204.49</ele>
    </rtept>
    <rtept lat="45.63611058" lon="15.19614254" >
      <name>rte1_1209</name>
      <ele>204.49</ele>
    </rtept>
    <rtept lat="45.63613766" lon="15.19609132" >
      <name>rte1_1210</name>
      <ele>204.49</ele>
    </rtept>
    <rtept lat="45.63616476" lon="15.19603370" >
      <name>rte1_1211</name>
      <ele>204.49</ele>
    </rtept>
    <rtept lat="45.63618734" lon="15.19598247" >
      <name>rte1_1212</name>
      <ele>202.50</ele>
    </rtept>
    <rtept lat="45.63621893" lon="15.19592486" >
      <name>rte1_1213</name>
      <ele>208.19</ele>
    </rtept>
    <rtept lat="45.63624602" lon="15.19587365" >
      <name>rte1_1214</name>
      <ele>208.19</ele>
    </rtept>
    <rtept lat="45.63627311" lon="15.19581602" >
      <name>rte1_1215</name>
      <ele>208.19</ele>
    </rtept>
    <rtept lat="45.63630020" lon="15.19576481" >
      <name>rte1_1216</name>
      <ele>208.19</ele>
    </rtept>
    <rtept lat="45.63633179" lon="15.19570720" >
      <name>rte1_1217</name>
      <ele>208.19</ele>
    </rtept>
    <rtept lat="45.63636338" lon="15.19564959" >
      <name>rte1_1218</name>
      <ele>210.00</ele>
    </rtept>
    <rtept lat="45.63639498" lon="15.19559198" >
      <name>rte1_1219</name>
      <ele>210.00</ele>
    </rtept>
    <rtept lat="45.63642657" lon="15.19553437" >
      <name>rte1_1220</name>
      <ele>210.00</ele>
    </rtept>
    <rtept lat="45.63645817" lon="15.19547034" >
      <name>rte1_1221</name>
      <ele>210.00</ele>
    </rtept>
    <rtept lat="45.63649427" lon="15.19541275" >
      <name>rte1_1222</name>
      <ele>210.00</ele>
    </rtept>
    <rtept lat="45.63653037" lon="15.19534874" >
      <name>rte1_1223</name>
      <ele>210.00</ele>
    </rtept>
    <rtept lat="45.63656647" lon="15.19528473" >
      <name>rte1_1224</name>
      <ele>212.00</ele>
    </rtept>
    <rtept lat="45.63660708" lon="15.19522074" >
      <name>rte1_1225</name>
      <ele>212.00</ele>
    </rtept>
    <rtept lat="45.63667022" lon="15.19513117" >
      <name>rte1_1226</name>
      <ele>210.00</ele>
    </rtept>
    <rtept lat="45.63670629" lon="15.19508640" >
      <name>rte1_1227</name>
      <ele>210.00</ele>
    </rtept>
    <rtept lat="45.63674237" lon="15.19503522" >
      <name>rte1_1228</name>
      <ele>210.00</ele>
    </rtept>
    <rtept lat="45.63677845" lon="15.19498404" >
      <name>rte1_1229</name>
      <ele>210.00</ele>
    </rtept>
    <rtept lat="45.63681903" lon="15.19493287" >
      <name>rte1_1230</name>
      <ele>210.00</ele>
    </rtept>
    <rtept lat="45.63685961" lon="15.19488170" >
      <name>rte1_1231</name>
      <ele>209.17</ele>
    </rtept>
    <rtept lat="45.63690019" lon="15.19483054" >
      <name>rte1_1232</name>
      <ele>209.17</ele>
    </rtept>
    <rtept lat="45.63694079" lon="15.19477296" >
      <name>rte1_1233</name>
      <ele>209.17</ele>
    </rtept>
    <rtept lat="45.63698587" lon="15.19472181" >
      <name>rte1_1234</name>
      <ele>209.17</ele>
    </rtept>
    <rtept lat="45.63702646" lon="15.19466423" >
      <name>rte1_1235</name>
      <ele>212.50</ele>
    </rtept>
    <rtept lat="45.63707155" lon="15.19460666" >
      <name>rte1_1236</name>
      <ele>210.00</ele>
    </rtept>
    <rtept lat="45.63711214" lon="15.19454908" >
      <name>rte1_1237</name>
      <ele>210.00</ele>
    </rtept>
    <rtept lat="45.63715723" lon="15.19449152" >
      <name>rte1_1238</name>
      <ele>210.00</ele>
    </rtept>
    <rtept lat="45.63720233" lon="15.19442754" >
      <name>rte1_1239</name>
      <ele>210.00</ele>
    </rtept>
    <rtept lat="45.63724292" lon="15.19436996" >
      <name>rte1_1240</name>
      <ele>212.50</ele>
    </rtept>
    <rtept lat="45.63728801" lon="15.19431239" >
      <name>rte1_1241</name>
      <ele>212.50</ele>
    </rtept>
    <rtept lat="45.63733311" lon="15.19424841" >
      <name>rte1_1242</name>
      <ele>210.00</ele>
    </rtept>
    <rtept lat="45.63737372" lon="15.19418442" >
      <name>rte1_1243</name>
      <ele>210.00</ele>
    </rtept>
    <rtept lat="45.63741881" lon="15.19412685" >
      <name>rte1_1244</name>
      <ele>210.00</ele>
    </rtept>
    <rtept lat="45.63745941" lon="15.19406286" >
      <name>rte1_1245</name>
      <ele>210.00</ele>
    </rtept>
    <rtept lat="45.63750000" lon="15.19400528" >
      <name>rte1_1246</name>
      <ele>210.00</ele>
    </rtept>
    <rtept lat="45.63754060" lon="15.19394128" >
      <name>rte1_1247</name>
      <ele>207.63</ele>
    </rtept>
    <rtept lat="45.63757669" lon="15.19388369" >
      <name>rte1_1248</name>
      <ele>207.63</ele>
    </rtept>
    <rtept lat="45.63761730" lon="15.19381969" >
      <name>rte1_1249</name>
      <ele>207.63</ele>
    </rtept>
    <rtept lat="45.63765339" lon="15.19376209" >
      <name>rte1_1250</name>
      <ele>207.63</ele>
    </rtept>
    <rtept lat="45.63768949" lon="15.19369808" >
      <name>rte1_1251</name>
      <ele>207.48</ele>
    </rtept>
    <rtept lat="45.63772108" lon="15.19364047" >
      <name>rte1_1252</name>
      <ele>207.48</ele>
    </rtept>
    <rtept lat="45.63775268" lon="15.19358286" >
      <name>rte1_1253</name>
      <ele>205.16</ele>
    </rtept>
    <rtept lat="45.63778428" lon="15.19351883" >
      <name>rte1_1254</name>
      <ele>205.16</ele>
    </rtept>
    <rtept lat="45.63781587" lon="15.19346122" >
      <name>rte1_1255</name>
      <ele>205.16</ele>
    </rtept>
    <rtept lat="45.63784295" lon="15.19341000" >
      <name>rte1_1256</name>
      <ele>207.67</ele>
    </rtept>
    <rtept lat="45.63786559" lon="15.19332670" >
      <name>rte1_1257</name>
      <ele>207.67</ele>
    </rtept>
    <rtept lat="45.63789272" lon="15.19324983" >
      <name>rte1_1258</name>
      <ele>207.67</ele>
    </rtept>
    <rtept lat="45.63792436" lon="15.19316656" >
      <name>rte1_1259</name>
      <ele>207.67</ele>
    </rtept>
    <rtept lat="45.63796500" lon="15.19307691" >
      <name>rte1_1260</name>
      <ele>210.00</ele>
    </rtept>
    <rtept lat="45.63801016" lon="15.19298087" >
      <name>rte1_1261</name>
      <ele>210.00</ele>
    </rtept>
    <rtept lat="45.63804174" lon="15.19292967" >
      <name>rte1_1262</name>
      <ele>210.00</ele>
    </rtept>
    <rtept lat="45.63807332" lon="15.19287847" >
      <name>rte1_1263</name>
      <ele>210.00</ele>
    </rtept>
    <rtept lat="45.63810942" lon="15.19281445" >
      <name>rte1_1264</name>
      <ele>210.00</ele>
    </rtept>
    <rtept lat="45.63814551" lon="15.19275686" >
      <name>rte1_1265</name>
      <ele>210.00</ele>
    </rtept>
    <rtept lat="45.63819062" lon="15.19268646" >
      <name>rte1_1266</name>
      <ele>210.00</ele>
    </rtept>
    <rtept lat="45.63824023" lon="15.19261608" >
      <name>rte1_1267</name>
      <ele>210.00</ele>
    </rtept>
    <rtept lat="45.63821363" lon="15.19238510" >
      <name>rte1_1268</name>
      <ele>210.00</ele>
    </rtept>
    <rtept lat="45.63817379" lon="15.19200014" >
      <name>rte1_1269</name>
      <ele>210.00</ele>
    </rtept>
    <rtept lat="45.63810684" lon="15.19168563" >
      <name>rte1_1270</name>
      <ele>210.00</ele>
    </rtept>
    <rtept lat="45.63810738" lon="15.19136495" >
      <name>rte1_1271</name>
      <ele>212.63</ele>
    </rtept>
    <rtept lat="45.63810794" lon="15.19103786" >
      <name>rte1_1272</name>
      <ele>212.65</ele>
    </rtept>
    <rtept lat="45.63810847" lon="15.19072359" >
      <name>rte1_1273</name>
      <ele>213.86</ele>
    </rtept>
    <rtept lat="45.63808710" lon="15.19005007" >
      <name>rte1_1274</name>
      <ele>215.00</ele>
    </rtept>
    <rtept lat="45.63815507" lon="15.18976169" >
      <name>rte1_1275</name>
      <ele>215.00</ele>
    </rtept>
    <rtept lat="45.63822300" lon="15.18949896" >
      <name>rte1_1276</name>
      <ele>215.00</ele>
    </rtept>
    <rtept lat="45.63831379" lon="15.18901824" >
      <name>rte1_1277</name>
      <ele>215.00</ele>
    </rtept>
    <rtept lat="45.63835958" lon="15.18853737" >
      <name>rte1_1278</name>
      <ele>212.75</ele>
    </rtept>
    <rtept lat="45.63840076" lon="15.18812703" >
      <name>rte1_1279</name>
      <ele>213.04</ele>
    </rtept>
    <rtept lat="45.63846857" lon="15.18793484" >
      <name>rte1_1280</name>
      <ele>215.00</ele>
    </rtept>
    <rtept lat="45.63860407" lon="15.18761461" >
      <name>rte1_1281</name>
      <ele>215.00</ele>
    </rtept>
    <rtept lat="45.63876631" lon="15.18745482" >
      <name>rte1_1282</name>
      <ele>212.04</ele>
    </rtept>
    <rtept lat="45.63890156" lon="15.18728851" >
      <name>rte1_1283</name>
      <ele>211.10</ele>
    </rtept>
    <rtept lat="45.63907738" lon="15.18707104" >
      <name>rte1_1284</name>
      <ele>211.10</ele>
    </rtept>
    <rtept lat="45.63910507" lon="15.18665423" >
      <name>rte1_1285</name>
      <ele>215.00</ele>
    </rtept>
    <rtept lat="45.63930311" lon="15.18660358" >
      <name>rte1_1286</name>
      <ele>210.80</ele>
    </rtept>
    <rtept lat="45.63934798" lon="15.18668070" >
      <name>rte1_1287</name>
      <ele>207.86</ele>
    </rtept>
    <rtept lat="45.63938834" lon="15.18675780" >
      <name>rte1_1288</name>
      <ele>206.32</ele>
    </rtept>
    <rtept lat="45.63943322" lon="15.18682851" >
      <name>rte1_1289</name>
      <ele>206.32</ele>
    </rtept>
    <rtept lat="45.63946909" lon="15.18689918" >
      <name>rte1_1290</name>
      <ele>206.32</ele>
    </rtept>
    <rtept lat="45.63950498" lon="15.18696344" >
      <name>rte1_1291</name>
      <ele>206.32</ele>
    </rtept>
    <rtept lat="45.63954087" lon="15.18702770" >
      <name>rte1_1292</name>
      <ele>205.71</ele>
    </rtept>
    <rtept lat="45.63957675" lon="15.18709196" >
      <name>rte1_1293</name>
      <ele>205.00</ele>
    </rtept>
    <rtept lat="45.63961264" lon="15.18715621" >
      <name>rte1_1294</name>
      <ele>205.00</ele>
    </rtept>
    <rtept lat="45.63964403" lon="15.18722046" >
      <name>rte1_1295</name>
      <ele>205.00</ele>
    </rtept>
    <rtept lat="45.63967992" lon="15.18728472" >
      <name>rte1_1296</name>
      <ele>205.00</ele>
    </rtept>
    <rtept lat="45.63971580" lon="15.18734898" >
      <name>rte1_1297</name>
      <ele>200.00</ele>
    </rtept>
    <rtept lat="45.63975169" lon="15.18741324" >
      <name>rte1_1298</name>
      <ele>200.00</ele>
    </rtept>
    <rtept lat="45.63979206" lon="15.18748393" >
      <name>rte1_1299</name>
      <ele>201.10</ele>
    </rtept>
    <rtept lat="45.63983244" lon="15.18755461" >
      <name>rte1_1300</name>
      <ele>201.10</ele>
    </rtept>
    <rtept lat="45.63987731" lon="15.18762532" >
      <name>rte1_1301</name>
      <ele>201.10</ele>
    </rtept>
    <rtept lat="45.63992667" lon="15.18770887" >
      <name>rte1_1302</name>
      <ele>200.00</ele>
    </rtept>
    <rtept lat="45.64022722" lon="15.18824224" >
      <name>rte1_1303</name>
      <ele>200.00</ele>
    </rtept>
    <rtept lat="45.64026763" lon="15.18829368" >
      <name>rte1_1304</name>
      <ele>205.00</ele>
    </rtept>
    <rtept lat="45.64030804" lon="15.18834513" >
      <name>rte1_1305</name>
      <ele>205.00</ele>
    </rtept>
    <rtept lat="45.64034845" lon="15.18839017" >
      <name>rte1_1306</name>
      <ele>205.00</ele>
    </rtept>
    <rtept lat="45.64038436" lon="15.18844160" >
      <name>rte1_1307</name>
      <ele>205.00</ele>
    </rtept>
    <rtept lat="45.64042478" lon="15.18848663" >
      <name>rte1_1308</name>
      <ele>205.00</ele>
    </rtept>
    <rtept lat="45.64046070" lon="15.18853165" >
      <name>rte1_1309</name>
      <ele>205.52</ele>
    </rtept>
    <rtept lat="45.64050111" lon="15.18857669" >
      <name>rte1_1310</name>
      <ele>205.52</ele>
    </rtept>
    <rtept lat="45.64053704" lon="15.18861529" >
      <name>rte1_1311</name>
      <ele>209.18</ele>
    </rtept>
    <rtept lat="45.64057746" lon="15.18866033" >
      <name>rte1_1312</name>
      <ele>209.18</ele>
    </rtept>
    <rtept lat="45.64061338" lon="15.18870535" >
      <name>rte1_1313</name>
      <ele>209.18</ele>
    </rtept>
    <rtept lat="45.64065381" lon="15.18874397" >
      <name>rte1_1314</name>
      <ele>209.18</ele>
    </rtept>
    <rtept lat="45.64069422" lon="15.18878900" >
      <name>rte1_1315</name>
      <ele>209.70</ele>
    </rtept>
    <rtept lat="45.64073464" lon="15.18883404" >
      <name>rte1_1316</name>
      <ele>209.70</ele>
    </rtept>
    <rtept lat="45.64077506" lon="15.18887907" >
      <name>rte1_1317</name>
      <ele>209.70</ele>
    </rtept>
    <rtept lat="45.64081997" lon="15.18892413" >
      <name>rte1_1318</name>
      <ele>209.70</ele>
    </rtept>
    <rtept lat="45.64086938" lon="15.18897561" >
      <name>rte1_1319</name>
      <ele>210.00</ele>
    </rtept>
    <rtept lat="45.64103620" lon="15.18876451" >
      <name>rte1_1320</name>
      <ele>209.10</ele>
    </rtept>
    <rtept lat="45.64107230" lon="15.18870049" >
      <name>rte1_1321</name>
      <ele>209.10</ele>
    </rtept>
    <rtept lat="45.64110839" lon="15.18864289" >
      <name>rte1_1322</name>
      <ele>209.10</ele>
    </rtept>
    <rtept lat="45.64113998" lon="15.18858527" >
      <name>rte1_1323</name>
      <ele>205.00</ele>
    </rtept>
    <rtept lat="45.64117607" lon="15.18852766" >
      <name>rte1_1324</name>
      <ele>205.00</ele>
    </rtept>
    <rtept lat="45.64120766" lon="15.18847004" >
      <name>rte1_1325</name>
      <ele>205.00</ele>
    </rtept>
    <rtept lat="45.64123924" lon="15.18841884" >
      <name>rte1_1326</name>
      <ele>205.00</ele>
    </rtept>
    <rtept lat="45.64126633" lon="15.18836120" >
      <name>rte1_1327</name>
      <ele>205.00</ele>
    </rtept>
    <rtept lat="45.64129341" lon="15.18830998" >
      <name>rte1_1328</name>
      <ele>205.00</ele>
    </rtept>
    <rtept lat="45.64132500" lon="15.18825236" >
      <name>rte1_1329</name>
      <ele>205.00</ele>
    </rtept>
    <rtept lat="45.64135208" lon="15.18820114" >
      <name>rte1_1330</name>
      <ele>205.00</ele>
    </rtept>
    <rtept lat="45.64140174" lon="15.18809868" >
      <name>rte1_1331</name>
      <ele>205.00</ele>
    </rtept>
    <rtept lat="45.64145590" lon="15.18799624" >
      <name>rte1_1332</name>
      <ele>205.00</ele>
    </rtept>
    <rtept lat="45.64150556" lon="15.18789378" >
      <name>rte1_1333</name>
      <ele>205.00</ele>
    </rtept>
    <rtept lat="45.64155522" lon="15.18779133" >
      <name>rte1_1334</name>
      <ele>205.00</ele>
    </rtept>
    <rtept lat="45.64160938" lon="15.18768888" >
      <name>rte1_1335</name>
      <ele>205.00</ele>
    </rtept>
    <rtept lat="45.64163646" lon="15.18763766" >
      <name>rte1_1336</name>
      <ele>205.00</ele>
    </rtept>
    <rtept lat="45.64166804" lon="15.18758646" >
      <name>rte1_1337</name>
      <ele>205.00</ele>
    </rtept>
    <rtept lat="45.64169512" lon="15.18753523" >
      <name>rte1_1338</name>
      <ele>205.00</ele>
    </rtept>
    <rtept lat="45.64172670" lon="15.18748403" >
      <name>rte1_1339</name>
      <ele>205.00</ele>
    </rtept>
    <rtept lat="45.64175829" lon="15.18742641" >
      <name>rte1_1340</name>
      <ele>205.00</ele>
    </rtept>
    <rtept lat="45.64178987" lon="15.18737520" >
      <name>rte1_1341</name>
      <ele>205.00</ele>
    </rtept>
    <rtept lat="45.64182146" lon="15.18731758" >
      <name>rte1_1342</name>
      <ele>210.00</ele>
    </rtept>
    <rtept lat="45.64185753" lon="15.18726639" >
      <name>rte1_1343</name>
      <ele>210.00</ele>
    </rtept>
    <rtept lat="45.64189362" lon="15.18720878" >
      <name>rte1_1344</name>
      <ele>210.00</ele>
    </rtept>
    <rtept lat="45.64193421" lon="15.18715119" >
      <name>rte1_1345</name>
      <ele>210.00</ele>
    </rtept>
    <rtept lat="45.64197480" lon="15.18709360" >
      <name>rte1_1346</name>
      <ele>210.00</ele>
    </rtept>
    <rtept lat="45.64201989" lon="15.18703603" >
      <name>rte1_1347</name>
      <ele>210.00</ele>
    </rtept>
    <rtept lat="45.64206951" lon="15.18695281" >
      <name>rte1_1348</name>
      <ele>210.00</ele>
    </rtept>
    <rtept lat="45.64212362" lon="15.18688243" >
      <name>rte1_1349</name>
      <ele>210.00</ele>
    </rtept>
    <rtept lat="45.64217323" lon="15.18681205" >
      <name>rte1_1350</name>
      <ele>210.00</ele>
    </rtept>
    <rtept lat="45.64222281" lon="15.18675448" >
      <name>rte1_1351</name>
      <ele>210.00</ele>
    </rtept>
    <rtept lat="45.64227690" lon="15.18669694" >
      <name>rte1_1352</name>
      <ele>212.50</ele>
    </rtept>
    <rtept lat="45.64232647" lon="15.18664579" >
      <name>rte1_1353</name>
      <ele>212.89</ele>
    </rtept>
    <rtept lat="45.64237605" lon="15.18659464" >
      <name>rte1_1354</name>
      <ele>212.89</ele>
    </rtept>
    <rtept lat="45.64243011" lon="15.18654993" >
      <name>rte1_1355</name>
      <ele>212.89</ele>
    </rtept>
    <rtept lat="45.64247967" lon="15.18650519" >
      <name>rte1_1356</name>
      <ele>212.89</ele>
    </rtept>
    <rtept lat="45.64253823" lon="15.18646690" >
      <name>rte1_1357</name>
      <ele>213.58</ele>
    </rtept>
    <rtept lat="45.64259228" lon="15.18642860" >
      <name>rte1_1358</name>
      <ele>213.58</ele>
    </rtept>
    <rtept lat="45.64265533" lon="15.18639033" >
      <name>rte1_1359</name>
      <ele>213.58</ele>
    </rtept>
    <rtept lat="45.64271388" lon="15.18635204" >
      <name>rte1_1360</name>
      <ele>214.66</ele>
    </rtept>
    <rtept lat="45.64278143" lon="15.18631378" >
      <name>rte1_1361</name>
      <ele>214.66</ele>
    </rtept>
    <rtept lat="45.64284897" lon="15.18628193" >
      <name>rte1_1362</name>
      <ele>214.66</ele>
    </rtept>
    <rtept lat="45.64292552" lon="15.18624370" >
      <name>rte1_1363</name>
      <ele>214.66</ele>
    </rtept>
    <rtept lat="45.64299307" lon="15.18620544" >
      <name>rte1_1364</name>
      <ele>215.00</ele>
    </rtept>
    <rtept lat="45.64306061" lon="15.18617360" >
      <name>rte1_1365</name>
      <ele>215.00</ele>
    </rtept>
    <rtept lat="45.64313714" lon="15.18614820" >
      <name>rte1_1366</name>
      <ele>215.00</ele>
    </rtept>
    <rtept lat="45.64320916" lon="15.18612919" >
      <name>rte1_1367</name>
      <ele>215.00</ele>
    </rtept>
    <rtept lat="45.64328118" lon="15.18610378" >
      <name>rte1_1368</name>
      <ele>215.00</ele>
    </rtept>
    <rtept lat="45.64335322" lon="15.18607195" >
      <name>rte1_1369</name>
      <ele>215.00</ele>
    </rtept>
    <rtept lat="45.64342078" lon="15.18602727" >
      <name>rte1_1370</name>
      <ele>216.50</ele>
    </rtept>
    <rtept lat="45.64348836" lon="15.18597619" >
      <name>rte1_1371</name>
      <ele>216.50</ele>
    </rtept>
    <rtept lat="45.64354696" lon="15.18590582" >
      <name>rte1_1372</name>
      <ele>216.50</ele>
    </rtept>
    <rtept lat="45.64360107" lon="15.18583545" >
      <name>rte1_1373</name>
      <ele>216.50</ele>
    </rtept>
    <rtept lat="45.64365067" lon="15.18576505" >
      <name>rte1_1374</name>
      <ele>216.95</ele>
    </rtept>
    <rtept lat="45.64369578" lon="15.18569465" >
      <name>rte1_1375</name>
      <ele>217.50</ele>
    </rtept>
    <rtept lat="45.64373638" lon="15.18563064" >
      <name>rte1_1376</name>
      <ele>217.50</ele>
    </rtept>
    <rtept lat="45.64377698" lon="15.18556022" >
      <name>rte1_1377</name>
      <ele>217.50</ele>
    </rtept>
    <rtept lat="45.64380858" lon="15.18549618" >
      <name>rte1_1378</name>
      <ele>217.50</ele>
    </rtept>
    <rtept lat="45.64384468" lon="15.18543216" >
      <name>rte1_1379</name>
      <ele>217.50</ele>
    </rtept>
    <rtept lat="45.64387178" lon="15.18536810" >
      <name>rte1_1380</name>
      <ele>217.50</ele>
    </rtept>
    <rtept lat="45.64389889" lon="15.18529764" >
      <name>rte1_1381</name>
      <ele>217.50</ele>
    </rtept>
    <rtept lat="45.64392599" lon="15.18523358" >
      <name>rte1_1382</name>
      <ele>217.50</ele>
    </rtept>
    <rtept lat="45.64395309" lon="15.18516953" >
      <name>rte1_1383</name>
      <ele>217.50</ele>
    </rtept>
    <rtept lat="45.64397569" lon="15.18510546" >
      <name>rte1_1384</name>
      <ele>217.50</ele>
    </rtept>
    <rtept lat="45.64399829" lon="15.18504139" >
      <name>rte1_1385</name>
      <ele>216.76</ele>
    </rtept>
    <rtept lat="45.64401640" lon="15.18497089" >
      <name>rte1_1386</name>
      <ele>216.76</ele>
    </rtept>
    <rtept lat="45.64403900" lon="15.18490683" >
      <name>rte1_1387</name>
      <ele>216.76</ele>
    </rtept>
    <rtept lat="45.64406160" lon="15.18484276" >
      <name>rte1_1388</name>
      <ele>217.50</ele>
    </rtept>
    <rtept lat="45.64407971" lon="15.18477867" >
      <name>rte1_1389</name>
      <ele>217.50</ele>
    </rtept>
    <rtept lat="45.64410231" lon="15.18471460" >
      <name>rte1_1390</name>
      <ele>215.40</ele>
    </rtept>
    <rtept lat="45.64412492" lon="15.18464412" >
      <name>rte1_1391</name>
      <ele>215.40</ele>
    </rtept>
    <rtept lat="45.64414752" lon="15.18458005" >
      <name>rte1_1392</name>
      <ele>215.40</ele>
    </rtept>
    <rtept lat="45.64417462" lon="15.18451600" >
      <name>rte1_1393</name>
      <ele>215.40</ele>
    </rtept>
    <rtept lat="45.64420173" lon="15.18444553" >
      <name>rte1_1394</name>
      <ele>214.37</ele>
    </rtept>
    <rtept lat="45.64422883" lon="15.18438148" >
      <name>rte1_1395</name>
      <ele>214.37</ele>
    </rtept>
    <rtept lat="45.64426044" lon="15.18431102" >
      <name>rte1_1396</name>
      <ele>214.37</ele>
    </rtept>
    <rtept lat="45.64429654" lon="15.18424058" >
      <name>rte1_1397</name>
      <ele>215.00</ele>
    </rtept>
    <rtept lat="45.64433265" lon="15.18417014" >
      <name>rte1_1398</name>
      <ele>215.00</ele>
    </rtept>
    <rtept lat="45.64437325" lon="15.18410613" >
      <name>rte1_1399</name>
      <ele>213.96</ele>
    </rtept>
    <rtept lat="45.64441836" lon="15.18402931" >
      <name>rte1_1400</name>
      <ele>213.96</ele>
    </rtept>
    <rtept lat="45.64446347" lon="15.18395890" >
      <name>rte1_1401</name>
      <ele>213.96</ele>
    </rtept>
    <rtept lat="45.64451757" lon="15.18388852" >
      <name>rte1_1402</name>
      <ele>215.00</ele>
    </rtept>
    <rtept lat="45.64457618" lon="15.18381816" >
      <name>rte1_1403</name>
      <ele>215.00</ele>
    </rtept>
    <rtept lat="45.64463029" lon="15.18374136" >
      <name>rte1_1404</name>
      <ele>215.00</ele>
    </rtept>
    <rtept lat="45.64468887" lon="15.18368383" >
      <name>rte1_1405</name>
      <ele>215.00</ele>
    </rtept>
    <rtept lat="45.64474294" lon="15.18363910" >
      <name>rte1_1406</name>
      <ele>215.00</ele>
    </rtept>
    <rtept lat="45.64480148" lon="15.18360722" >
      <name>rte1_1407</name>
      <ele>215.00</ele>
    </rtept>
    <rtept lat="45.64486002" lon="15.18357534" >
      <name>rte1_1408</name>
      <ele>215.00</ele>
    </rtept>
    <rtept lat="45.64491854" lon="15.18355629" >
      <name>rte1_1409</name>
      <ele>215.00</ele>
    </rtept>
    <rtept lat="45.64498155" lon="15.18354367" >
      <name>rte1_1410</name>
      <ele>215.00</ele>
    </rtept>
    <rtept lat="45.64504006" lon="15.18353104" >
      <name>rte1_1411</name>
      <ele>215.00</ele>
    </rtept>
    <rtept lat="45.64510306" lon="15.18351842" >
      <name>rte1_1412</name>
      <ele>215.00</ele>
    </rtept>
    <rtept lat="45.64516607" lon="15.18350579" >
      <name>rte1_1413</name>
      <ele>215.00</ele>
    </rtept>
    <rtept lat="45.64522908" lon="15.18349317" >
      <name>rte1_1414</name>
      <ele>215.00</ele>
    </rtept>
    <rtept lat="45.64529210" lon="15.18347414" >
      <name>rte1_1415</name>
      <ele>215.00</ele>
    </rtept>
    <rtept lat="45.64535962" lon="15.18345512" >
      <name>rte1_1416</name>
      <ele>215.00</ele>
    </rtept>
    <rtept lat="45.64542716" lon="15.18342327" >
      <name>rte1_1417</name>
      <ele>215.00</ele>
    </rtept>
    <rtept lat="45.64549021" lon="15.18338499" >
      <name>rte1_1418</name>
      <ele>215.00</ele>
    </rtept>
    <rtept lat="45.64556227" lon="15.18334032" >
      <name>rte1_1419</name>
      <ele>215.00</ele>
    </rtept>
    <rtept lat="45.64562085" lon="15.18328279" >
      <name>rte1_1420</name>
      <ele>215.00</ele>
    </rtept>
    <rtept lat="45.64567943" lon="15.18322525" >
      <name>rte1_1421</name>
      <ele>215.00</ele>
    </rtept>
    <rtept lat="45.64572900" lon="15.18317409" >
      <name>rte1_1422</name>
      <ele>215.00</ele>
    </rtept>
    <rtept lat="45.64577409" lon="15.18311651" >
      <name>rte1_1423</name>
      <ele>215.00</ele>
    </rtept>
    <rtept lat="45.64581916" lon="15.18306534" >
      <name>rte1_1424</name>
      <ele>215.00</ele>
    </rtept>
    <rtept lat="45.64585975" lon="15.18300775" >
      <name>rte1_1425</name>
      <ele>215.00</ele>
    </rtept>
    <rtept lat="45.64589582" lon="15.18295655" >
      <name>rte1_1426</name>
      <ele>215.00</ele>
    </rtept>
    <rtept lat="45.64593641" lon="15.18289895" >
      <name>rte1_1427</name>
      <ele>215.00</ele>
    </rtept>
    <rtept lat="45.64597250" lon="15.18284134" >
      <name>rte1_1428</name>
      <ele>215.00</ele>
    </rtept>
    <rtept lat="45.64601308" lon="15.18278374" >
      <name>rte1_1429</name>
      <ele>215.00</ele>
    </rtept>
    <rtept lat="45.64605817" lon="15.18272616" >
      <name>rte1_1430</name>
      <ele>215.00</ele>
    </rtept>
    <rtept lat="45.64610326" lon="15.18266216" >
      <name>rte1_1431</name>
      <ele>215.00</ele>
    </rtept>
    <rtept lat="45.64615734" lon="15.18260460" >
      <name>rte1_1432</name>
      <ele>215.00</ele>
    </rtept>
    <rtept lat="45.64621594" lon="15.18254065" >
      <name>rte1_1433</name>
      <ele>215.00</ele>
    </rtept>
    <rtept lat="45.64627904" lon="15.18247030" >
      <name>rte1_1434</name>
      <ele>215.00</ele>
    </rtept>
    <rtept lat="45.64635563" lon="15.18240640" >
      <name>rte1_1435</name>
      <ele>215.00</ele>
    </rtept>
    <rtept lat="45.64709833" lon="15.18219073" >
      <name>rte1_1436</name>
      <ele>219.90</ele>
    </rtept>
    <rtept lat="45.64713885" lon="15.18217804" >
      <name>rte1_1437</name>
      <ele>219.90</ele>
    </rtept>
    <rtept lat="45.64788178" lon="15.18182124" >
      <name>rte1_1438</name>
      <ele>220.00</ele>
    </rtept>
    <rtept lat="45.64857541" lon="15.18134881" >
      <name>rte1_1439</name>
      <ele>225.00</ele>
    </rtept>
    <rtept lat="45.64866997" lon="15.18129780" >
      <name>rte1_1440</name>
      <ele>225.00</ele>
    </rtept>
    <rtept lat="45.64880510" lon="15.18120201" >
      <name>rte1_1441</name>
      <ele>225.00</ele>
    </rtept>
    <rtept lat="45.64905726" lon="15.18106812" >
      <name>rte1_1442</name>
      <ele>223.90</ele>
    </rtept>
    <rtept lat="45.64921043" lon="15.18094673" >
      <name>rte1_1443</name>
      <ele>223.90</ele>
    </rtept>
    <rtept lat="45.64939520" lon="15.18075489" >
      <name>rte1_1444</name>
      <ele>225.00</ele>
    </rtept>
    <rtept lat="45.64961608" lon="15.18049259" >
      <name>rte1_1445</name>
      <ele>220.00</ele>
    </rtept>
    <rtept lat="45.64980079" lon="15.18033923" >
      <name>rte1_1446</name>
      <ele>223.82</ele>
    </rtept>
    <rtept lat="45.65003020" lon="15.18036563" >
      <name>rte1_1447</name>
      <ele>226.91</ele>
    </rtept>
    <rtept lat="45.65035417" lon="15.18034744" >
      <name>rte1_1448</name>
      <ele>230.00</ele>
    </rtept>
    <rtept lat="45.65041261" lon="15.18037970" >
      <name>rte1_1449</name>
      <ele>230.00</ele>
    </rtept>
    <rtept lat="45.65047554" lon="15.18041198" >
      <name>rte1_1450</name>
      <ele>230.00</ele>
    </rtept>
    <rtept lat="45.65054298" lon="15.18044427" >
      <name>rte1_1451</name>
      <ele>230.00</ele>
    </rtept>
    <rtept lat="45.65060593" lon="15.18047014" >
      <name>rte1_1452</name>
      <ele>229.90</ele>
    </rtept>
    <rtept lat="45.65067337" lon="15.18049602" >
      <name>rte1_1453</name>
      <ele>229.90</ele>
    </rtept>
    <rtept lat="45.65074082" lon="15.18052190" >
      <name>rte1_1454</name>
      <ele>229.90</ele>
    </rtept>
    <rtept lat="45.65080826" lon="15.18054778" >
      <name>rte1_1455</name>
      <ele>229.90</ele>
    </rtept>
    <rtept lat="45.65087572" lon="15.18056724" >
      <name>rte1_1456</name>
      <ele>231.40</ele>
    </rtept>
    <rtept lat="45.65093868" lon="15.18058669" >
      <name>rte1_1457</name>
      <ele>231.40</ele>
    </rtept>
    <rtept lat="45.65100613" lon="15.18060616" >
      <name>rte1_1458</name>
      <ele>231.40</ele>
    </rtept>
    <rtept lat="45.65106910" lon="15.18061919" >
      <name>rte1_1459</name>
      <ele>233.10</ele>
    </rtept>
    <rtept lat="45.65113206" lon="15.18063864" >
      <name>rte1_1460</name>
      <ele>232.00</ele>
    </rtept>
    <rtept lat="45.65119502" lon="15.18065168" >
      <name>rte1_1461</name>
      <ele>232.00</ele>
    </rtept>
    <rtept lat="45.65125348" lon="15.18067111" >
      <name>rte1_1462</name>
      <ele>232.00</ele>
    </rtept>
    <rtept lat="45.65131195" lon="15.18068413" >
      <name>rte1_1463</name>
      <ele>234.80</ele>
    </rtept>
    <rtept lat="45.65137041" lon="15.18070357" >
      <name>rte1_1464</name>
      <ele>234.80</ele>
    </rtept>
  </rte>
</gpx>
