<?xml version="1.0" encoding="UTF-8" standalone="no" ?>
<gpx xmlns="http://www.topografix.com/GPX/1/1"
creator="OCAD 2020.5.5.3227" version="1.1"
xmlns:xsi="http://www.w3.org/2001/XMLSchema-instance" 
xsi:schemaLocation="http://www.topografix.com/GPX/1/1 
http://www.topografix.com/GPX/1/1/gpx.xsd">

  <metadata>
    <name>Martinov pohod</name>
    <desc>Bela krajina - pohodna pot 16</desc>
    <author><name>Kartografija d.o.o.</name></author>
    <link href="http://www.ocad.com">
      <text>OCAD AG</text>
    </link>
    <time>2020-11-05T08:43:40</time>
    <bounds maxlat="45.86687249" maxlon="15.60571704" minlat="45.32979540" minlon="14.93303760"/>
  </metadata>

  <rte>
    <name>rte1</name>
    <cmt>pohodne poti za izris profilov</cmt>
    <rtept lat="45.65152331" lon="15.18074897" >
      <name>rte1_0</name>
      <ele>238.60</ele>
    </rtept>
    <rtept lat="45.65146485" lon="15.18072953" >
      <name>rte1_1</name>
      <ele>234.80</ele>
    </rtept>
    <rtept lat="45.65140189" lon="15.18071008" >
      <name>rte1_2</name>
      <ele>234.80</ele>
    </rtept>
    <rtept lat="45.65133442" lon="15.18069704" >
      <name>rte1_3</name>
      <ele>234.80</ele>
    </rtept>
    <rtept lat="45.65126247" lon="15.18067756" >
      <name>rte1_4</name>
      <ele>232.00</ele>
    </rtept>
    <rtept lat="45.65118601" lon="15.18065806" >
      <name>rte1_5</name>
      <ele>232.00</ele>
    </rtept>
    <rtept lat="45.65110957" lon="15.18063215" >
      <name>rte1_6</name>
      <ele>232.00</ele>
    </rtept>
    <rtept lat="45.65102862" lon="15.18061264" >
      <name>rte1_7</name>
      <ele>231.40</ele>
    </rtept>
    <rtept lat="45.65095217" lon="15.18058674" >
      <name>rte1_8</name>
      <ele>231.40</ele>
    </rtept>
    <rtept lat="45.65086673" lon="15.18056080" >
      <name>rte1_9</name>
      <ele>231.40</ele>
    </rtept>
    <rtept lat="45.65079029" lon="15.18053489" >
      <name>rte1_10</name>
      <ele>229.90</ele>
    </rtept>
    <rtept lat="45.65070934" lon="15.18050897" >
      <name>rte1_11</name>
      <ele>229.90</ele>
    </rtept>
    <rtept lat="45.65063291" lon="15.18047664" >
      <name>rte1_12</name>
      <ele>229.90</ele>
    </rtept>
    <rtept lat="45.65055647" lon="15.18045073" >
      <name>rte1_13</name>
      <ele>230.00</ele>
    </rtept>
    <rtept lat="45.65048453" lon="15.18041842" >
      <name>rte1_14</name>
      <ele>230.00</ele>
    </rtept>
    <rtept lat="45.65041711" lon="15.18037972" >
      <name>rte1_15</name>
      <ele>230.00</ele>
    </rtept>
    <rtept lat="45.65035417" lon="15.18034744" >
      <name>rte1_16</name>
      <ele>230.00</ele>
    </rtept>
    <rtept lat="45.65003020" lon="15.18036563" >
      <name>rte1_17</name>
      <ele>226.91</ele>
    </rtept>
    <rtept lat="45.64980079" lon="15.18033923" >
      <name>rte1_18</name>
      <ele>223.82</ele>
    </rtept>
    <rtept lat="45.64961608" lon="15.18049259" >
      <name>rte1_19</name>
      <ele>220.00</ele>
    </rtept>
    <rtept lat="45.64939520" lon="15.18075489" >
      <name>rte1_20</name>
      <ele>225.00</ele>
    </rtept>
    <rtept lat="45.64921043" lon="15.18094673" >
      <name>rte1_21</name>
      <ele>223.90</ele>
    </rtept>
    <rtept lat="45.64905726" lon="15.18106812" >
      <name>rte1_22</name>
      <ele>223.90</ele>
    </rtept>
    <rtept lat="45.64880510" lon="15.18120201" >
      <name>rte1_23</name>
      <ele>225.00</ele>
    </rtept>
    <rtept lat="45.64866997" lon="15.18129780" >
      <name>rte1_24</name>
      <ele>225.00</ele>
    </rtept>
    <rtept lat="45.64857541" lon="15.18134881" >
      <name>rte1_25</name>
      <ele>225.00</ele>
    </rtept>
    <rtept lat="45.64788178" lon="15.18182124" >
      <name>rte1_26</name>
      <ele>220.00</ele>
    </rtept>
    <rtept lat="45.64713885" lon="15.18217804" >
      <name>rte1_27</name>
      <ele>219.90</ele>
    </rtept>
    <rtept lat="45.64709833" lon="15.18219073" >
      <name>rte1_28</name>
      <ele>219.90</ele>
    </rtept>
    <rtept lat="45.64635563" lon="15.18240640" >
      <name>rte1_29</name>
      <ele>215.00</ele>
    </rtept>
    <rtept lat="45.64627904" lon="15.18247030" >
      <name>rte1_30</name>
      <ele>215.00</ele>
    </rtept>
    <rtept lat="45.64621594" lon="15.18254065" >
      <name>rte1_31</name>
      <ele>215.00</ele>
    </rtept>
    <rtept lat="45.64615734" lon="15.18260460" >
      <name>rte1_32</name>
      <ele>215.00</ele>
    </rtept>
    <rtept lat="45.64610326" lon="15.18266216" >
      <name>rte1_33</name>
      <ele>215.00</ele>
    </rtept>
    <rtept lat="45.64605817" lon="15.18272616" >
      <name>rte1_34</name>
      <ele>215.00</ele>
    </rtept>
    <rtept lat="45.64601308" lon="15.18278374" >
      <name>rte1_35</name>
      <ele>215.00</ele>
    </rtept>
    <rtept lat="45.64597250" lon="15.18284134" >
      <name>rte1_36</name>
      <ele>215.00</ele>
    </rtept>
    <rtept lat="45.64593641" lon="15.18289895" >
      <name>rte1_37</name>
      <ele>215.00</ele>
    </rtept>
    <rtept lat="45.64589582" lon="15.18295655" >
      <name>rte1_38</name>
      <ele>215.00</ele>
    </rtept>
    <rtept lat="45.64585975" lon="15.18300775" >
      <name>rte1_39</name>
      <ele>215.00</ele>
    </rtept>
    <rtept lat="45.64581916" lon="15.18306534" >
      <name>rte1_40</name>
      <ele>215.00</ele>
    </rtept>
    <rtept lat="45.64577409" lon="15.18311651" >
      <name>rte1_41</name>
      <ele>215.00</ele>
    </rtept>
    <rtept lat="45.64572900" lon="15.18317409" >
      <name>rte1_42</name>
      <ele>215.00</ele>
    </rtept>
    <rtept lat="45.64567943" lon="15.18322525" >
      <name>rte1_43</name>
      <ele>215.00</ele>
    </rtept>
    <rtept lat="45.64562085" lon="15.18328279" >
      <name>rte1_44</name>
      <ele>215.00</ele>
    </rtept>
    <rtept lat="45.64556227" lon="15.18334032" >
      <name>rte1_45</name>
      <ele>215.00</ele>
    </rtept>
    <rtept lat="45.64549021" lon="15.18338499" >
      <name>rte1_46</name>
      <ele>215.00</ele>
    </rtept>
    <rtept lat="45.64542716" lon="15.18342327" >
      <name>rte1_47</name>
      <ele>215.00</ele>
    </rtept>
    <rtept lat="45.64535962" lon="15.18345512" >
      <name>rte1_48</name>
      <ele>215.00</ele>
    </rtept>
    <rtept lat="45.64529210" lon="15.18347414" >
      <name>rte1_49</name>
      <ele>215.00</ele>
    </rtept>
    <rtept lat="45.64522908" lon="15.18349317" >
      <name>rte1_50</name>
      <ele>215.00</ele>
    </rtept>
    <rtept lat="45.64516607" lon="15.18350579" >
      <name>rte1_51</name>
      <ele>215.00</ele>
    </rtept>
    <rtept lat="45.64510306" lon="15.18351842" >
      <name>rte1_52</name>
      <ele>215.00</ele>
    </rtept>
    <rtept lat="45.64504006" lon="15.18353104" >
      <name>rte1_53</name>
      <ele>215.00</ele>
    </rtept>
    <rtept lat="45.64498155" lon="15.18354367" >
      <name>rte1_54</name>
      <ele>215.00</ele>
    </rtept>
    <rtept lat="45.64491854" lon="15.18355629" >
      <name>rte1_55</name>
      <ele>215.00</ele>
    </rtept>
    <rtept lat="45.64486002" lon="15.18357534" >
      <name>rte1_56</name>
      <ele>215.00</ele>
    </rtept>
    <rtept lat="45.64480148" lon="15.18360722" >
      <name>rte1_57</name>
      <ele>215.00</ele>
    </rtept>
    <rtept lat="45.64474294" lon="15.18363910" >
      <name>rte1_58</name>
      <ele>215.00</ele>
    </rtept>
    <rtept lat="45.64468887" lon="15.18368383" >
      <name>rte1_59</name>
      <ele>215.00</ele>
    </rtept>
    <rtept lat="45.64463029" lon="15.18374136" >
      <name>rte1_60</name>
      <ele>215.00</ele>
    </rtept>
    <rtept lat="45.64457618" lon="15.18381816" >
      <name>rte1_61</name>
      <ele>215.00</ele>
    </rtept>
    <rtept lat="45.64451757" lon="15.18388852" >
      <name>rte1_62</name>
      <ele>215.00</ele>
    </rtept>
    <rtept lat="45.64446347" lon="15.18395890" >
      <name>rte1_63</name>
      <ele>213.96</ele>
    </rtept>
    <rtept lat="45.64441836" lon="15.18402931" >
      <name>rte1_64</name>
      <ele>213.96</ele>
    </rtept>
    <rtept lat="45.64437326" lon="15.18409972" >
      <name>rte1_65</name>
      <ele>213.96</ele>
    </rtept>
    <rtept lat="45.64433265" lon="15.18417014" >
      <name>rte1_66</name>
      <ele>215.00</ele>
    </rtept>
    <rtept lat="45.64429654" lon="15.18424058" >
      <name>rte1_67</name>
      <ele>215.00</ele>
    </rtept>
    <rtept lat="45.64426044" lon="15.18431102" >
      <name>rte1_68</name>
      <ele>214.37</ele>
    </rtept>
    <rtept lat="45.64422883" lon="15.18438148" >
      <name>rte1_69</name>
      <ele>214.37</ele>
    </rtept>
    <rtept lat="45.64420173" lon="15.18444553" >
      <name>rte1_70</name>
      <ele>214.37</ele>
    </rtept>
    <rtept lat="45.64417462" lon="15.18451600" >
      <name>rte1_71</name>
      <ele>215.40</ele>
    </rtept>
    <rtept lat="45.64414752" lon="15.18458005" >
      <name>rte1_72</name>
      <ele>215.40</ele>
    </rtept>
    <rtept lat="45.64412492" lon="15.18464412" >
      <name>rte1_73</name>
      <ele>215.40</ele>
    </rtept>
    <rtept lat="45.64410231" lon="15.18471460" >
      <name>rte1_74</name>
      <ele>215.40</ele>
    </rtept>
    <rtept lat="45.64407971" lon="15.18477867" >
      <name>rte1_75</name>
      <ele>217.50</ele>
    </rtept>
    <rtept lat="45.64406160" lon="15.18484276" >
      <name>rte1_76</name>
      <ele>217.50</ele>
    </rtept>
    <rtept lat="45.64403900" lon="15.18490683" >
      <name>rte1_77</name>
      <ele>216.76</ele>
    </rtept>
    <rtept lat="45.64401640" lon="15.18497089" >
      <name>rte1_78</name>
      <ele>216.76</ele>
    </rtept>
    <rtept lat="45.64399829" lon="15.18504139" >
      <name>rte1_79</name>
      <ele>216.76</ele>
    </rtept>
    <rtept lat="45.64397569" lon="15.18510546" >
      <name>rte1_80</name>
      <ele>217.50</ele>
    </rtept>
    <rtept lat="45.64395309" lon="15.18516953" >
      <name>rte1_81</name>
      <ele>217.50</ele>
    </rtept>
    <rtept lat="45.64392599" lon="15.18523358" >
      <name>rte1_82</name>
      <ele>217.50</ele>
    </rtept>
    <rtept lat="45.64389889" lon="15.18529764" >
      <name>rte1_83</name>
      <ele>217.50</ele>
    </rtept>
    <rtept lat="45.64387178" lon="15.18536810" >
      <name>rte1_84</name>
      <ele>217.50</ele>
    </rtept>
    <rtept lat="45.64384468" lon="15.18543216" >
      <name>rte1_85</name>
      <ele>217.50</ele>
    </rtept>
    <rtept lat="45.64380858" lon="15.18549618" >
      <name>rte1_86</name>
      <ele>217.50</ele>
    </rtept>
    <rtept lat="45.64377697" lon="15.18556663" >
      <name>rte1_87</name>
      <ele>217.50</ele>
    </rtept>
    <rtept lat="45.64373638" lon="15.18563064" >
      <name>rte1_88</name>
      <ele>217.50</ele>
    </rtept>
    <rtept lat="45.64369578" lon="15.18569465" >
      <name>rte1_89</name>
      <ele>217.50</ele>
    </rtept>
    <rtept lat="45.64365067" lon="15.18576505" >
      <name>rte1_90</name>
      <ele>216.95</ele>
    </rtept>
    <rtept lat="45.64360107" lon="15.18583545" >
      <name>rte1_91</name>
      <ele>216.50</ele>
    </rtept>
    <rtept lat="45.64354696" lon="15.18590582" >
      <name>rte1_92</name>
      <ele>216.50</ele>
    </rtept>
    <rtept lat="45.64348836" lon="15.18597619" >
      <name>rte1_93</name>
      <ele>216.50</ele>
    </rtept>
    <rtept lat="45.64342078" lon="15.18602727" >
      <name>rte1_94</name>
      <ele>216.50</ele>
    </rtept>
    <rtept lat="45.64335322" lon="15.18607195" >
      <name>rte1_95</name>
      <ele>215.00</ele>
    </rtept>
    <rtept lat="45.64328118" lon="15.18610378" >
      <name>rte1_96</name>
      <ele>215.00</ele>
    </rtept>
    <rtept lat="45.64320916" lon="15.18612919" >
      <name>rte1_97</name>
      <ele>215.00</ele>
    </rtept>
    <rtept lat="45.64313714" lon="15.18614820" >
      <name>rte1_98</name>
      <ele>215.00</ele>
    </rtept>
    <rtept lat="45.64306061" lon="15.18617360" >
      <name>rte1_99</name>
      <ele>215.00</ele>
    </rtept>
    <rtept lat="45.64299307" lon="15.18620544" >
      <name>rte1_100</name>
      <ele>215.00</ele>
    </rtept>
    <rtept lat="45.64292552" lon="15.18624370" >
      <name>rte1_101</name>
      <ele>214.66</ele>
    </rtept>
    <rtept lat="45.64284897" lon="15.18628193" >
      <name>rte1_102</name>
      <ele>214.66</ele>
    </rtept>
    <rtept lat="45.64278143" lon="15.18631378" >
      <name>rte1_103</name>
      <ele>214.66</ele>
    </rtept>
    <rtept lat="45.64271388" lon="15.18635204" >
      <name>rte1_104</name>
      <ele>214.66</ele>
    </rtept>
    <rtept lat="45.64265533" lon="15.18639033" >
      <name>rte1_105</name>
      <ele>213.58</ele>
    </rtept>
    <rtept lat="45.64259228" lon="15.18642860" >
      <name>rte1_106</name>
      <ele>213.58</ele>
    </rtept>
    <rtept lat="45.64253823" lon="15.18646690" >
      <name>rte1_107</name>
      <ele>213.58</ele>
    </rtept>
    <rtept lat="45.64247967" lon="15.18650519" >
      <name>rte1_108</name>
      <ele>212.89</ele>
    </rtept>
    <rtept lat="45.64243011" lon="15.18654993" >
      <name>rte1_109</name>
      <ele>212.89</ele>
    </rtept>
    <rtept lat="45.64237605" lon="15.18659464" >
      <name>rte1_110</name>
      <ele>212.89</ele>
    </rtept>
    <rtept lat="45.64232647" lon="15.18664579" >
      <name>rte1_111</name>
      <ele>212.89</ele>
    </rtept>
    <rtept lat="45.64227690" lon="15.18669694" >
      <name>rte1_112</name>
      <ele>212.50</ele>
    </rtept>
    <rtept lat="45.64222281" lon="15.18675448" >
      <name>rte1_113</name>
      <ele>210.00</ele>
    </rtept>
    <rtept lat="45.64217323" lon="15.18681205" >
      <name>rte1_114</name>
      <ele>210.00</ele>
    </rtept>
    <rtept lat="45.64212362" lon="15.18688243" >
      <name>rte1_115</name>
      <ele>210.00</ele>
    </rtept>
    <rtept lat="45.64206951" lon="15.18695281" >
      <name>rte1_116</name>
      <ele>210.00</ele>
    </rtept>
    <rtept lat="45.64201989" lon="15.18703603" >
      <name>rte1_117</name>
      <ele>210.00</ele>
    </rtept>
    <rtept lat="45.64197480" lon="15.18709360" >
      <name>rte1_118</name>
      <ele>210.00</ele>
    </rtept>
    <rtept lat="45.64193421" lon="15.18715119" >
      <name>rte1_119</name>
      <ele>210.00</ele>
    </rtept>
    <rtept lat="45.64189362" lon="15.18720878" >
      <name>rte1_120</name>
      <ele>210.00</ele>
    </rtept>
    <rtept lat="45.64185753" lon="15.18726639" >
      <name>rte1_121</name>
      <ele>210.00</ele>
    </rtept>
    <rtept lat="45.64182146" lon="15.18731758" >
      <name>rte1_122</name>
      <ele>210.00</ele>
    </rtept>
    <rtept lat="45.64178987" lon="15.18737520" >
      <name>rte1_123</name>
      <ele>205.00</ele>
    </rtept>
    <rtept lat="45.64175829" lon="15.18742641" >
      <name>rte1_124</name>
      <ele>205.00</ele>
    </rtept>
    <rtept lat="45.64172670" lon="15.18748403" >
      <name>rte1_125</name>
      <ele>205.00</ele>
    </rtept>
    <rtept lat="45.64169512" lon="15.18753523" >
      <name>rte1_126</name>
      <ele>205.00</ele>
    </rtept>
    <rtept lat="45.64166804" lon="15.18758646" >
      <name>rte1_127</name>
      <ele>205.00</ele>
    </rtept>
    <rtept lat="45.64163646" lon="15.18763766" >
      <name>rte1_128</name>
      <ele>205.00</ele>
    </rtept>
    <rtept lat="45.64160938" lon="15.18768888" >
      <name>rte1_129</name>
      <ele>205.00</ele>
    </rtept>
    <rtept lat="45.64155522" lon="15.18779133" >
      <name>rte1_130</name>
      <ele>205.00</ele>
    </rtept>
    <rtept lat="45.64150556" lon="15.18789378" >
      <name>rte1_131</name>
      <ele>205.00</ele>
    </rtept>
    <rtept lat="45.64145590" lon="15.18799624" >
      <name>rte1_132</name>
      <ele>205.00</ele>
    </rtept>
    <rtept lat="45.64140174" lon="15.18809868" >
      <name>rte1_133</name>
      <ele>205.00</ele>
    </rtept>
    <rtept lat="45.64135208" lon="15.18820114" >
      <name>rte1_134</name>
      <ele>205.00</ele>
    </rtept>
    <rtept lat="45.64132500" lon="15.18825236" >
      <name>rte1_135</name>
      <ele>205.00</ele>
    </rtept>
    <rtept lat="45.64129341" lon="15.18830998" >
      <name>rte1_136</name>
      <ele>205.00</ele>
    </rtept>
    <rtept lat="45.64126633" lon="15.18836120" >
      <name>rte1_137</name>
      <ele>205.00</ele>
    </rtept>
    <rtept lat="45.64123924" lon="15.18841884" >
      <name>rte1_138</name>
      <ele>205.00</ele>
    </rtept>
    <rtept lat="45.64120766" lon="15.18847004" >
      <name>rte1_139</name>
      <ele>205.00</ele>
    </rtept>
    <rtept lat="45.64117607" lon="15.18852766" >
      <name>rte1_140</name>
      <ele>205.00</ele>
    </rtept>
    <rtept lat="45.64113998" lon="15.18858527" >
      <name>rte1_141</name>
      <ele>205.00</ele>
    </rtept>
    <rtept lat="45.64110839" lon="15.18864289" >
      <name>rte1_142</name>
      <ele>209.10</ele>
    </rtept>
    <rtept lat="45.64107230" lon="15.18870049" >
      <name>rte1_143</name>
      <ele>209.10</ele>
    </rtept>
    <rtept lat="45.64103620" lon="15.18876451" >
      <name>rte1_144</name>
      <ele>209.10</ele>
    </rtept>
    <rtept lat="45.64086938" lon="15.18897561" >
      <name>rte1_145</name>
      <ele>210.00</ele>
    </rtept>
    <rtept lat="45.64062973" lon="15.18968674" >
      <name>rte1_146</name>
      <ele>210.00</ele>
    </rtept>
    <rtept lat="45.64058460" lon="15.18976997" >
      <name>rte1_147</name>
      <ele>210.00</ele>
    </rtept>
    <rtept lat="45.64053945" lon="15.18986603" >
      <name>rte1_148</name>
      <ele>210.00</ele>
    </rtept>
    <rtept lat="45.64049884" lon="15.18993644" >
      <name>rte1_149</name>
      <ele>210.00</ele>
    </rtept>
    <rtept lat="45.64045823" lon="15.19000686" >
      <name>rte1_150</name>
      <ele>210.00</ele>
    </rtept>
    <rtept lat="45.64041763" lon="15.19007086" >
      <name>rte1_151</name>
      <ele>209.90</ele>
    </rtept>
    <rtept lat="45.64038152" lon="15.19014129" >
      <name>rte1_152</name>
      <ele>209.90</ele>
    </rtept>
    <rtept lat="45.64034093" lon="15.19019888" >
      <name>rte1_153</name>
      <ele>209.90</ele>
    </rtept>
    <rtept lat="45.64030483" lon="15.19026289" >
      <name>rte1_154</name>
      <ele>210.00</ele>
    </rtept>
    <rtept lat="45.64026874" lon="15.19032049" >
      <name>rte1_155</name>
      <ele>210.00</ele>
    </rtept>
    <rtept lat="45.64023265" lon="15.19037810" >
      <name>rte1_156</name>
      <ele>210.00</ele>
    </rtept>
    <rtept lat="45.64019207" lon="15.19042927" >
      <name>rte1_157</name>
      <ele>208.80</ele>
    </rtept>
    <rtept lat="45.64015599" lon="15.19048046" >
      <name>rte1_158</name>
      <ele>208.80</ele>
    </rtept>
    <rtept lat="45.64011991" lon="15.19053164" >
      <name>rte1_159</name>
      <ele>208.80</ele>
    </rtept>
    <rtept lat="45.64008383" lon="15.19058283" >
      <name>rte1_160</name>
      <ele>206.35</ele>
    </rtept>
    <rtept lat="45.64004325" lon="15.19063400" >
      <name>rte1_161</name>
      <ele>206.35</ele>
    </rtept>
    <rtept lat="45.64000718" lon="15.19067878" >
      <name>rte1_162</name>
      <ele>206.35</ele>
    </rtept>
    <rtept lat="45.63997110" lon="15.19072997" >
      <name>rte1_163</name>
      <ele>205.00</ele>
    </rtept>
    <rtept lat="45.63993054" lon="15.19077472" >
      <name>rte1_164</name>
      <ele>205.00</ele>
    </rtept>
    <rtept lat="45.63988997" lon="15.19081948" >
      <name>rte1_165</name>
      <ele>205.00</ele>
    </rtept>
    <rtept lat="45.63985390" lon="15.19086426" >
      <name>rte1_166</name>
      <ele>206.28</ele>
    </rtept>
    <rtept lat="45.63981334" lon="15.19090260" >
      <name>rte1_167</name>
      <ele>206.28</ele>
    </rtept>
    <rtept lat="45.63977277" lon="15.19094736" >
      <name>rte1_168</name>
      <ele>205.00</ele>
    </rtept>
    <rtept lat="45.63972771" lon="15.19099210" >
      <name>rte1_169</name>
      <ele>205.00</ele>
    </rtept>
    <rtept lat="45.63968714" lon="15.19103686" >
      <name>rte1_170</name>
      <ele>205.00</ele>
    </rtept>
    <rtept lat="45.63964208" lon="15.19107519" >
      <name>rte1_171</name>
      <ele>205.00</ele>
    </rtept>
    <rtept lat="45.63960152" lon="15.19111995" >
      <name>rte1_172</name>
      <ele>205.00</ele>
    </rtept>
    <rtept lat="45.63955645" lon="15.19116469" >
      <name>rte1_173</name>
      <ele>205.00</ele>
    </rtept>
    <rtept lat="45.63950688" lon="15.19120942" >
      <name>rte1_174</name>
      <ele>205.70</ele>
    </rtept>
    <rtept lat="45.63946181" lon="15.19125416" >
      <name>rte1_175</name>
      <ele>205.70</ele>
    </rtept>
    <rtept lat="45.63941225" lon="15.19129888" >
      <name>rte1_176</name>
      <ele>205.70</ele>
    </rtept>
    <rtept lat="45.63936267" lon="15.19135002" >
      <name>rte1_177</name>
      <ele>205.70</ele>
    </rtept>
    <rtept lat="45.63930861" lon="15.19139474" >
      <name>rte1_178</name>
      <ele>205.35</ele>
    </rtept>
    <rtept lat="45.63925903" lon="15.19144588" >
      <name>rte1_179</name>
      <ele>205.35</ele>
    </rtept>
    <rtept lat="45.63920495" lon="15.19149700" >
      <name>rte1_180</name>
      <ele>208.45</ele>
    </rtept>
    <rtept lat="45.63912836" lon="15.19156087" >
      <name>rte1_181</name>
      <ele>208.45</ele>
    </rtept>
    <rtept lat="45.63905625" lon="15.19163118" >
      <name>rte1_182</name>
      <ele>205.00</ele>
    </rtept>
    <rtept lat="45.63898866" lon="15.19169508" >
      <name>rte1_183</name>
      <ele>205.00</ele>
    </rtept>
    <rtept lat="45.63892556" lon="15.19175900" >
      <name>rte1_184</name>
      <ele>205.00</ele>
    </rtept>
    <rtept lat="45.63886246" lon="15.19182293" >
      <name>rte1_185</name>
      <ele>208.98</ele>
    </rtept>
    <rtept lat="45.63880388" lon="15.19188045" >
      <name>rte1_186</name>
      <ele>208.98</ele>
    </rtept>
    <rtept lat="45.63874978" lon="15.19194440" >
      <name>rte1_187</name>
      <ele>208.98</ele>
    </rtept>
    <rtept lat="45.63869568" lon="15.19200835" >
      <name>rte1_188</name>
      <ele>208.98</ele>
    </rtept>
    <rtept lat="45.63863708" lon="15.19207229" >
      <name>rte1_189</name>
      <ele>207.54</ele>
    </rtept>
    <rtept lat="45.63858748" lon="15.19213625" >
      <name>rte1_190</name>
      <ele>210.00</ele>
    </rtept>
    <rtept lat="45.63853338" lon="15.19220662" >
      <name>rte1_191</name>
      <ele>210.00</ele>
    </rtept>
    <rtept lat="45.63847477" lon="15.19227696" >
      <name>rte1_192</name>
      <ele>210.00</ele>
    </rtept>
    <rtept lat="45.63842065" lon="15.19235374" >
      <name>rte1_193</name>
      <ele>210.00</ele>
    </rtept>
    <rtept lat="45.63836202" lon="15.19243692" >
      <name>rte1_194</name>
      <ele>210.00</ele>
    </rtept>
    <rtept lat="45.63830339" lon="15.19252009" >
      <name>rte1_195</name>
      <ele>210.00</ele>
    </rtept>
    <rtept lat="45.63827182" lon="15.19256488" >
      <name>rte1_196</name>
      <ele>210.00</ele>
    </rtept>
    <rtept lat="45.63824023" lon="15.19261608" >
      <name>rte1_197</name>
      <ele>210.00</ele>
    </rtept>
    <rtept lat="45.63820866" lon="15.19266087" >
      <name>rte1_198</name>
      <ele>210.00</ele>
    </rtept>
    <rtept lat="45.63818610" lon="15.19269927" >
      <name>rte1_199</name>
      <ele>210.00</ele>
    </rtept>
    <rtept lat="45.63814551" lon="15.19275686" >
      <name>rte1_200</name>
      <ele>210.00</ele>
    </rtept>
    <rtept lat="45.63810942" lon="15.19281445" >
      <name>rte1_201</name>
      <ele>210.00</ele>
    </rtept>
    <rtept lat="45.63807333" lon="15.19287205" >
      <name>rte1_202</name>
      <ele>210.00</ele>
    </rtept>
    <rtept lat="45.63804625" lon="15.19292327" >
      <name>rte1_203</name>
      <ele>210.00</ele>
    </rtept>
    <rtept lat="45.63799209" lon="15.19301929" >
      <name>rte1_204</name>
      <ele>210.00</ele>
    </rtept>
    <rtept lat="45.63795146" lon="15.19310252" >
      <name>rte1_205</name>
      <ele>207.67</ele>
    </rtept>
    <rtept lat="45.63791532" lon="15.19318577" >
      <name>rte1_206</name>
      <ele>207.67</ele>
    </rtept>
    <rtept lat="45.63788821" lon="15.19325623" >
      <name>rte1_207</name>
      <ele>207.67</ele>
    </rtept>
    <rtept lat="45.63786108" lon="15.19333310" >
      <name>rte1_208</name>
      <ele>207.67</ele>
    </rtept>
    <rtept lat="45.63784295" lon="15.19341000" >
      <name>rte1_209</name>
      <ele>207.67</ele>
    </rtept>
    <rtept lat="45.63781587" lon="15.19346122" >
      <name>rte1_210</name>
      <ele>205.16</ele>
    </rtept>
    <rtept lat="45.63778428" lon="15.19351883" >
      <name>rte1_211</name>
      <ele>205.16</ele>
    </rtept>
    <rtept lat="45.63775268" lon="15.19358286" >
      <name>rte1_212</name>
      <ele>205.16</ele>
    </rtept>
    <rtept lat="45.63772108" lon="15.19364047" >
      <name>rte1_213</name>
      <ele>207.48</ele>
    </rtept>
    <rtept lat="45.63768949" lon="15.19369808" >
      <name>rte1_214</name>
      <ele>207.48</ele>
    </rtept>
    <rtept lat="45.63765339" lon="15.19376209" >
      <name>rte1_215</name>
      <ele>207.63</ele>
    </rtept>
    <rtept lat="45.63761730" lon="15.19381969" >
      <name>rte1_216</name>
      <ele>207.63</ele>
    </rtept>
    <rtept lat="45.63757669" lon="15.19388369" >
      <name>rte1_217</name>
      <ele>207.63</ele>
    </rtept>
    <rtept lat="45.63754060" lon="15.19394128" >
      <name>rte1_218</name>
      <ele>207.63</ele>
    </rtept>
    <rtept lat="45.63750000" lon="15.19400528" >
      <name>rte1_219</name>
      <ele>210.00</ele>
    </rtept>
    <rtept lat="45.63745941" lon="15.19406286" >
      <name>rte1_220</name>
      <ele>210.00</ele>
    </rtept>
    <rtept lat="45.63741881" lon="15.19412685" >
      <name>rte1_221</name>
      <ele>210.00</ele>
    </rtept>
    <rtept lat="45.63737372" lon="15.19418442" >
      <name>rte1_222</name>
      <ele>210.00</ele>
    </rtept>
    <rtept lat="45.63733311" lon="15.19424841" >
      <name>rte1_223</name>
      <ele>210.00</ele>
    </rtept>
    <rtept lat="45.63728801" lon="15.19431239" >
      <name>rte1_224</name>
      <ele>212.50</ele>
    </rtept>
    <rtept lat="45.63724292" lon="15.19436996" >
      <name>rte1_225</name>
      <ele>212.50</ele>
    </rtept>
    <rtept lat="45.63720233" lon="15.19442754" >
      <name>rte1_226</name>
      <ele>210.00</ele>
    </rtept>
    <rtept lat="45.63715723" lon="15.19449152" >
      <name>rte1_227</name>
      <ele>210.00</ele>
    </rtept>
    <rtept lat="45.63711214" lon="15.19454908" >
      <name>rte1_228</name>
      <ele>210.00</ele>
    </rtept>
    <rtept lat="45.63707155" lon="15.19460666" >
      <name>rte1_229</name>
      <ele>210.00</ele>
    </rtept>
    <rtept lat="45.63702646" lon="15.19466423" >
      <name>rte1_230</name>
      <ele>212.50</ele>
    </rtept>
    <rtept lat="45.63698587" lon="15.19472181" >
      <name>rte1_231</name>
      <ele>209.17</ele>
    </rtept>
    <rtept lat="45.63694079" lon="15.19477296" >
      <name>rte1_232</name>
      <ele>209.17</ele>
    </rtept>
    <rtept lat="45.63690019" lon="15.19483054" >
      <name>rte1_233</name>
      <ele>209.17</ele>
    </rtept>
    <rtept lat="45.63685961" lon="15.19488170" >
      <name>rte1_234</name>
      <ele>209.17</ele>
    </rtept>
    <rtept lat="45.63681903" lon="15.19493287" >
      <name>rte1_235</name>
      <ele>210.00</ele>
    </rtept>
    <rtept lat="45.63677845" lon="15.19498404" >
      <name>rte1_236</name>
      <ele>210.00</ele>
    </rtept>
    <rtept lat="45.63674237" lon="15.19503522" >
      <name>rte1_237</name>
      <ele>210.00</ele>
    </rtept>
    <rtept lat="45.63670629" lon="15.19508640" >
      <name>rte1_238</name>
      <ele>210.00</ele>
    </rtept>
    <rtept lat="45.63667022" lon="15.19513117" >
      <name>rte1_239</name>
      <ele>210.00</ele>
    </rtept>
    <rtept lat="45.63660708" lon="15.19522074" >
      <name>rte1_240</name>
      <ele>212.00</ele>
    </rtept>
    <rtept lat="45.63656647" lon="15.19528473" >
      <name>rte1_241</name>
      <ele>212.00</ele>
    </rtept>
    <rtept lat="45.63653037" lon="15.19534874" >
      <name>rte1_242</name>
      <ele>210.00</ele>
    </rtept>
    <rtept lat="45.63649427" lon="15.19541275" >
      <name>rte1_243</name>
      <ele>210.00</ele>
    </rtept>
    <rtept lat="45.63645817" lon="15.19547034" >
      <name>rte1_244</name>
      <ele>210.00</ele>
    </rtept>
    <rtept lat="45.63642657" lon="15.19553437" >
      <name>rte1_245</name>
      <ele>210.00</ele>
    </rtept>
    <rtept lat="45.63639498" lon="15.19559198" >
      <name>rte1_246</name>
      <ele>210.00</ele>
    </rtept>
    <rtept lat="45.63636338" lon="15.19564959" >
      <name>rte1_247</name>
      <ele>210.00</ele>
    </rtept>
    <rtept lat="45.63633179" lon="15.19570720" >
      <name>rte1_248</name>
      <ele>208.19</ele>
    </rtept>
    <rtept lat="45.63630020" lon="15.19576481" >
      <name>rte1_249</name>
      <ele>208.19</ele>
    </rtept>
    <rtept lat="45.63627311" lon="15.19581602" >
      <name>rte1_250</name>
      <ele>208.19</ele>
    </rtept>
    <rtept lat="45.63624602" lon="15.19587365" >
      <name>rte1_251</name>
      <ele>208.19</ele>
    </rtept>
    <rtept lat="45.63621893" lon="15.19592486" >
      <name>rte1_252</name>
      <ele>208.19</ele>
    </rtept>
    <rtept lat="45.63618734" lon="15.19598247" >
      <name>rte1_253</name>
      <ele>202.50</ele>
    </rtept>
    <rtept lat="45.63616476" lon="15.19603370" >
      <name>rte1_254</name>
      <ele>204.49</ele>
    </rtept>
    <rtept lat="45.63613766" lon="15.19609132" >
      <name>rte1_255</name>
      <ele>204.49</ele>
    </rtept>
    <rtept lat="45.63611058" lon="15.19614254" >
      <name>rte1_256</name>
      <ele>204.49</ele>
    </rtept>
    <rtept lat="45.63608348" lon="15.19620016" >
      <name>rte1_257</name>
      <ele>204.49</ele>
    </rtept>
    <rtept lat="45.63606090" lon="15.19625139" >
      <name>rte1_258</name>
      <ele>204.49</ele>
    </rtept>
    <rtept lat="45.63603380" lon="15.19630902" >
      <name>rte1_259</name>
      <ele>200.20</ele>
    </rtept>
    <rtept lat="45.63600671" lon="15.19636664" >
      <name>rte1_260</name>
      <ele>200.20</ele>
    </rtept>
    <rtept lat="45.63598412" lon="15.19641787" >
      <name>rte1_261</name>
      <ele>200.20</ele>
    </rtept>
    <rtept lat="45.63595702" lon="15.19648191" >
      <name>rte1_262</name>
      <ele>200.20</ele>
    </rtept>
    <rtept lat="45.63593442" lon="15.19653955" >
      <name>rte1_263</name>
      <ele>203.16</ele>
    </rtept>
    <rtept lat="45.63590733" lon="15.19659717" >
      <name>rte1_264</name>
      <ele>203.16</ele>
    </rtept>
    <rtept lat="45.63588022" lon="15.19666121" >
      <name>rte1_265</name>
      <ele>200.00</ele>
    </rtept>
    <rtept lat="45.63585311" lon="15.19672525" >
      <name>rte1_266</name>
      <ele>200.00</ele>
    </rtept>
    <rtept lat="45.63582601" lon="15.19678929" >
      <name>rte1_267</name>
      <ele>200.00</ele>
    </rtept>
    <rtept lat="45.63579890" lon="15.19685333" >
      <name>rte1_268</name>
      <ele>200.00</ele>
    </rtept>
    <rtept lat="45.63577178" lon="15.19692378" >
      <name>rte1_269</name>
      <ele>200.00</ele>
    </rtept>
    <rtept lat="45.63574467" lon="15.19699423" >
      <name>rte1_270</name>
      <ele>200.50</ele>
    </rtept>
    <rtept lat="45.63571304" lon="15.19707108" >
      <name>rte1_271</name>
      <ele>205.00</ele>
    </rtept>
    <rtept lat="45.63568591" lon="15.19714795" >
      <name>rte1_272</name>
      <ele>205.00</ele>
    </rtept>
    <rtept lat="45.63564074" lon="15.19725040" >
      <name>rte1_273</name>
      <ele>205.00</ele>
    </rtept>
    <rtept lat="45.63560458" lon="15.19734647" >
      <name>rte1_274</name>
      <ele>205.00</ele>
    </rtept>
    <rtept lat="45.63557742" lon="15.19744258" >
      <name>rte1_275</name>
      <ele>205.00</ele>
    </rtept>
    <rtept lat="45.63555025" lon="15.19753868" >
      <name>rte1_276</name>
      <ele>205.00</ele>
    </rtept>
    <rtept lat="45.63552759" lon="15.19763481" >
      <name>rte1_277</name>
      <ele>203.26</ele>
    </rtept>
    <rtept lat="45.63550494" lon="15.19772451" >
      <name>rte1_278</name>
      <ele>203.26</ele>
    </rtept>
    <rtept lat="45.63548227" lon="15.19782063" >
      <name>rte1_279</name>
      <ele>207.00</ele>
    </rtept>
    <rtept lat="45.63546412" lon="15.19791036" >
      <name>rte1_280</name>
      <ele>205.00</ele>
    </rtept>
    <rtept lat="45.63544597" lon="15.19800008" >
      <name>rte1_281</name>
      <ele>205.00</ele>
    </rtept>
    <rtept lat="45.63542331" lon="15.19808979" >
      <name>rte1_282</name>
      <ele>205.00</ele>
    </rtept>
    <rtept lat="45.63540066" lon="15.19817949" >
      <name>rte1_283</name>
      <ele>205.00</ele>
    </rtept>
    <rtept lat="45.63536901" lon="15.19826917" >
      <name>rte1_284</name>
      <ele>205.00</ele>
    </rtept>
    <rtept lat="45.63533736" lon="15.19835884" >
      <name>rte1_285</name>
      <ele>205.00</ele>
    </rtept>
    <rtept lat="45.63530120" lon="15.19845491" >
      <name>rte1_286</name>
      <ele>205.00</ele>
    </rtept>
    <rtept lat="45.63526055" lon="15.19854456" >
      <name>rte1_287</name>
      <ele>210.00</ele>
    </rtept>
    <rtept lat="45.63521088" lon="15.19864699" >
      <name>rte1_288</name>
      <ele>210.00</ele>
    </rtept>
    <rtept lat="45.63517479" lon="15.19869817" >
      <name>rte1_289</name>
      <ele>210.00</ele>
    </rtept>
    <rtept lat="45.63514322" lon="15.19874295" >
      <name>rte1_290</name>
      <ele>210.00</ele>
    </rtept>
    <rtept lat="45.63511165" lon="15.19878773" >
      <name>rte1_291</name>
      <ele>210.00</ele>
    </rtept>
    <rtept lat="45.63507558" lon="15.19883250" >
      <name>rte1_292</name>
      <ele>210.00</ele>
    </rtept>
    <rtept lat="45.63501245" lon="15.19890923" >
      <name>rte1_293</name>
      <ele>207.30</ele>
    </rtept>
    <rtept lat="45.63494485" lon="15.19897312" >
      <name>rte1_294</name>
      <ele>207.30</ele>
    </rtept>
    <rtept lat="45.63487277" lon="15.19903059" >
      <name>rte1_295</name>
      <ele>207.30</ele>
    </rtept>
    <rtept lat="45.63480519" lon="15.19908165" >
      <name>rte1_296</name>
      <ele>205.00</ele>
    </rtept>
    <rtept lat="45.63473314" lon="15.19911987" >
      <name>rte1_297</name>
      <ele>205.00</ele>
    </rtept>
    <rtept lat="45.63466107" lon="15.19916451" >
      <name>rte1_298</name>
      <ele>205.00</ele>
    </rtept>
    <rtept lat="45.63458902" lon="15.19920273" >
      <name>rte1_299</name>
      <ele>205.00</ele>
    </rtept>
    <rtept lat="45.63451245" lon="15.19924735" >
      <name>rte1_300</name>
      <ele>205.00</ele>
    </rtept>
    <rtept lat="45.63444039" lon="15.19929199" >
      <name>rte1_301</name>
      <ele>205.00</ele>
    </rtept>
    <rtept lat="45.63436382" lon="15.19933661" >
      <name>rte1_302</name>
      <ele>205.00</ele>
    </rtept>
    <rtept lat="45.63428724" lon="15.19939405" >
      <name>rte1_303</name>
      <ele>205.00</ele>
    </rtept>
    <rtept lat="45.63421065" lon="15.19945150" >
      <name>rte1_304</name>
      <ele>205.00</ele>
    </rtept>
    <rtept lat="45.63417009" lon="15.19948983" >
      <name>rte1_305</name>
      <ele>205.00</ele>
    </rtept>
    <rtept lat="45.63413404" lon="15.19952177" >
      <name>rte1_306</name>
      <ele>192.63</ele>
    </rtept>
    <rtept lat="45.63409347" lon="15.19956651" >
      <name>rte1_307</name>
      <ele>192.63</ele>
    </rtept>
    <rtept lat="45.63405740" lon="15.19961128" >
      <name>rte1_308</name>
      <ele>192.63</ele>
    </rtept>
    <rtept lat="45.63401679" lon="15.19967526" >
      <name>rte1_309</name>
      <ele>192.63</ele>
    </rtept>
    <rtept lat="45.63400315" lon="15.19975859" >
      <name>rte1_310</name>
      <ele>192.63</ele>
    </rtept>
    <rtept lat="45.63400299" lon="15.19984837" >
      <name>rte1_311</name>
      <ele>193.67</ele>
    </rtept>
    <rtept lat="45.63398032" lon="15.19994449" >
      <name>rte1_312</name>
      <ele>193.67</ele>
    </rtept>
    <rtept lat="45.63392166" lon="15.20004048" >
      <name>rte1_313</name>
      <ele>193.67</ele>
    </rtept>
    <rtept lat="45.63386304" lon="15.20011723" >
      <name>rte1_314</name>
      <ele>187.86</ele>
    </rtept>
    <rtept lat="45.63380444" lon="15.20018115" >
      <name>rte1_315</name>
      <ele>190.00</ele>
    </rtept>
    <rtept lat="45.63373681" lon="15.20025786" >
      <name>rte1_316</name>
      <ele>190.00</ele>
    </rtept>
    <rtept lat="45.63366926" lon="15.20029610" >
      <name>rte1_317</name>
      <ele>188.97</ele>
    </rtept>
    <rtept lat="45.63361968" lon="15.20034723" >
      <name>rte1_318</name>
      <ele>188.97</ele>
    </rtept>
    <rtept lat="45.63357457" lon="15.20041120" >
      <name>rte1_319</name>
      <ele>188.97</ele>
    </rtept>
    <rtept lat="45.63353843" lon="15.20049444" >
      <name>rte1_320</name>
      <ele>195.80</ele>
    </rtept>
    <rtept lat="45.63350233" lon="15.20055844" >
      <name>rte1_321</name>
      <ele>195.80</ele>
    </rtept>
    <rtept lat="45.63347071" lon="15.20062887" >
      <name>rte1_322</name>
      <ele>195.80</ele>
    </rtept>
    <rtept lat="45.63343910" lon="15.20069289" >
      <name>rte1_323</name>
      <ele>194.50</ele>
    </rtept>
    <rtept lat="45.63341199" lon="15.20075692" >
      <name>rte1_324</name>
      <ele>194.50</ele>
    </rtept>
    <rtept lat="45.63338939" lon="15.20081456" >
      <name>rte1_325</name>
      <ele>200.00</ele>
    </rtept>
    <rtept lat="45.63336228" lon="15.20087859" >
      <name>rte1_326</name>
      <ele>200.00</ele>
    </rtept>
    <rtept lat="45.63333969" lon="15.20093623" >
      <name>rte1_327</name>
      <ele>200.00</ele>
    </rtept>
    <rtept lat="45.63331709" lon="15.20099387" >
      <name>rte1_328</name>
      <ele>200.00</ele>
    </rtept>
    <rtept lat="45.63329449" lon="15.20105150" >
      <name>rte1_329</name>
      <ele>200.00</ele>
    </rtept>
    <rtept lat="45.63327188" lon="15.20111555" >
      <name>rte1_330</name>
      <ele>200.00</ele>
    </rtept>
    <rtept lat="45.63324928" lon="15.20117319" >
      <name>rte1_331</name>
      <ele>200.00</ele>
    </rtept>
    <rtept lat="45.63322217" lon="15.20123722" >
      <name>rte1_332</name>
      <ele>203.72</ele>
    </rtept>
    <rtept lat="45.63319507" lon="15.20130126" >
      <name>rte1_333</name>
      <ele>203.72</ele>
    </rtept>
    <rtept lat="45.63316796" lon="15.20136529" >
      <name>rte1_334</name>
      <ele>203.72</ele>
    </rtept>
    <rtept lat="45.63313634" lon="15.20143572" >
      <name>rte1_335</name>
      <ele>205.00</ele>
    </rtept>
    <rtept lat="45.63310471" lon="15.20151256" >
      <name>rte1_336</name>
      <ele>205.00</ele>
    </rtept>
    <rtept lat="45.63306409" lon="15.20158296" >
      <name>rte1_337</name>
      <ele>205.00</ele>
    </rtept>
    <rtept lat="45.63302347" lon="15.20165336" >
      <name>rte1_338</name>
      <ele>205.00</ele>
    </rtept>
    <rtept lat="45.63298736" lon="15.20171736" >
      <name>rte1_339</name>
      <ele>205.00</ele>
    </rtept>
    <rtept lat="45.63295126" lon="15.20178136" >
      <name>rte1_340</name>
      <ele>205.00</ele>
    </rtept>
    <rtept lat="45.63291516" lon="15.20183895" >
      <name>rte1_341</name>
      <ele>205.00</ele>
    </rtept>
    <rtept lat="45.63288356" lon="15.20189655" >
      <name>rte1_342</name>
      <ele>205.00</ele>
    </rtept>
    <rtept lat="45.63284748" lon="15.20194772" >
      <name>rte1_343</name>
      <ele>205.00</ele>
    </rtept>
    <rtept lat="45.63281138" lon="15.20200531" >
      <name>rte1_344</name>
      <ele>205.00</ele>
    </rtept>
    <rtept lat="45.63277980" lon="15.20205650" >
      <name>rte1_345</name>
      <ele>210.00</ele>
    </rtept>
    <rtept lat="45.63274370" lon="15.20211409" >
      <name>rte1_346</name>
      <ele>210.00</ele>
    </rtept>
    <rtept lat="45.63271210" lon="15.20217169" >
      <name>rte1_347</name>
      <ele>210.00</ele>
    </rtept>
    <rtept lat="45.63267601" lon="15.20222928" >
      <name>rte1_348</name>
      <ele>210.00</ele>
    </rtept>
    <rtept lat="45.63263990" lon="15.20229328" >
      <name>rte1_349</name>
      <ele>210.00</ele>
    </rtept>
    <rtept lat="45.63260829" lon="15.20235729" >
      <name>rte1_350</name>
      <ele>210.00</ele>
    </rtept>
    <rtept lat="45.63257217" lon="15.20242770" >
      <name>rte1_351</name>
      <ele>210.00</ele>
    </rtept>
    <rtept lat="45.63253603" lon="15.20251094" >
      <name>rte1_352</name>
      <ele>207.00</ele>
    </rtept>
    <rtept lat="45.63249084" lon="15.20261980" >
      <name>rte1_353</name>
      <ele>207.00</ele>
    </rtept>
    <rtept lat="45.63245917" lon="15.20272229" >
      <name>rte1_354</name>
      <ele>206.62</ele>
    </rtept>
    <rtept lat="45.63243199" lon="15.20282480" >
      <name>rte1_355</name>
      <ele>206.62</ele>
    </rtept>
    <rtept lat="45.63238680" lon="15.20293366" >
      <name>rte1_356</name>
      <ele>206.62</ele>
    </rtept>
    <rtept lat="45.63233721" lon="15.20299120" >
      <name>rte1_357</name>
      <ele>206.62</ele>
    </rtept>
    <rtept lat="45.63228764" lon="15.20303591" >
      <name>rte1_358</name>
      <ele>205.00</ele>
    </rtept>
    <rtept lat="45.63223808" lon="15.20307421" >
      <name>rte1_359</name>
      <ele>205.00</ele>
    </rtept>
    <rtept lat="45.63218854" lon="15.20309968" >
      <name>rte1_360</name>
      <ele>205.00</ele>
    </rtept>
    <rtept lat="45.63213451" lon="15.20312513" >
      <name>rte1_361</name>
      <ele>205.00</ele>
    </rtept>
    <rtept lat="45.63208495" lon="15.20316343" >
      <name>rte1_362</name>
      <ele>205.00</ele>
    </rtept>
    <rtept lat="45.63203986" lon="15.20321457" >
      <name>rte1_363</name>
      <ele>205.00</ele>
    </rtept>
    <rtept lat="45.63200374" lon="15.20328498" >
      <name>rte1_364</name>
      <ele>205.00</ele>
    </rtept>
    <rtept lat="45.63195407" lon="15.20338741" >
      <name>rte1_365</name>
      <ele>205.00</ele>
    </rtept>
    <rtept lat="45.63190890" lon="15.20348344" >
      <name>rte1_366</name>
      <ele>205.00</ele>
    </rtept>
    <rtept lat="45.63186824" lon="15.20357948" >
      <name>rte1_367</name>
      <ele>208.17</ele>
    </rtept>
    <rtept lat="45.63183208" lon="15.20366913" >
      <name>rte1_368</name>
      <ele>208.02</ele>
    </rtept>
    <rtept lat="45.63180044" lon="15.20375239" >
      <name>rte1_369</name>
      <ele>208.02</ele>
    </rtept>
    <rtept lat="45.63177328" lon="15.20384207" >
      <name>rte1_370</name>
      <ele>208.02</ele>
    </rtept>
    <rtept lat="45.63174613" lon="15.20393175" >
      <name>rte1_371</name>
      <ele>208.02</ele>
    </rtept>
    <rtept lat="45.63172348" lon="15.20401504" >
      <name>rte1_372</name>
      <ele>209.08</ele>
    </rtept>
    <rtept lat="45.63170082" lon="15.20410474" >
      <name>rte1_373</name>
      <ele>209.08</ele>
    </rtept>
    <rtept lat="45.63168267" lon="15.20419445" >
      <name>rte1_374</name>
      <ele>209.08</ele>
    </rtept>
    <rtept lat="45.63166450" lon="15.20429058" >
      <name>rte1_375</name>
      <ele>209.08</ele>
    </rtept>
    <rtept lat="45.63164633" lon="15.20438671" >
      <name>rte1_376</name>
      <ele>210.00</ele>
    </rtept>
    <rtept lat="45.63163264" lon="15.20448926" >
      <name>rte1_377</name>
      <ele>210.00</ele>
    </rtept>
    <rtept lat="45.63161445" lon="15.20459822" >
      <name>rte1_378</name>
      <ele>210.00</ele>
    </rtept>
    <rtept lat="45.63159626" lon="15.20470717" >
      <name>rte1_379</name>
      <ele>210.00</ele>
    </rtept>
    <rtept lat="45.63158714" lon="15.20477127" >
      <name>rte1_380</name>
      <ele>210.00</ele>
    </rtept>
    <rtept lat="45.63158253" lon="15.20483538" >
      <name>rte1_381</name>
      <ele>210.00</ele>
    </rtept>
    <rtept lat="45.63156883" lon="15.20494435" >
      <name>rte1_382</name>
      <ele>210.60</ele>
    </rtept>
    <rtept lat="45.63155064" lon="15.20505330" >
      <name>rte1_383</name>
      <ele>210.60</ele>
    </rtept>
    <rtept lat="45.63152346" lon="15.20515581" >
      <name>rte1_384</name>
      <ele>210.60</ele>
    </rtept>
    <rtept lat="45.63148728" lon="15.20525828" >
      <name>rte1_385</name>
      <ele>210.10</ele>
    </rtept>
    <rtept lat="45.63174294" lon="15.20569531" >
      <name>rte1_386</name>
      <ele>209.56</ele>
    </rtept>
    <rtept lat="45.63177881" lon="15.20575957" >
      <name>rte1_387</name>
      <ele>209.56</ele>
    </rtept>
    <rtept lat="45.63181920" lon="15.20581743" >
      <name>rte1_388</name>
      <ele>209.56</ele>
    </rtept>
    <rtept lat="45.63186411" lon="15.20586249" >
      <name>rte1_389</name>
      <ele>209.56</ele>
    </rtept>
    <rtept lat="45.63190903" lon="15.20590114" >
      <name>rte1_390</name>
      <ele>205.71</ele>
    </rtept>
    <rtept lat="45.63195397" lon="15.20593337" >
      <name>rte1_391</name>
      <ele>205.71</ele>
    </rtept>
    <rtept lat="45.63199891" lon="15.20595918" >
      <name>rte1_392</name>
      <ele>205.71</ele>
    </rtept>
    <rtept lat="45.63204837" lon="15.20597861" >
      <name>rte1_393</name>
      <ele>205.71</ele>
    </rtept>
    <rtept lat="45.63209783" lon="15.20599161" >
      <name>rte1_394</name>
      <ele>205.71</ele>
    </rtept>
    <rtept lat="45.63215181" lon="15.20599823" >
      <name>rte1_395</name>
      <ele>200.00</ele>
    </rtept>
    <rtept lat="45.63220129" lon="15.20600482" >
      <name>rte1_396</name>
      <ele>200.00</ele>
    </rtept>
    <rtept lat="45.63225978" lon="15.20600504" >
      <name>rte1_397</name>
      <ele>200.00</ele>
    </rtept>
    <rtept lat="45.63231377" lon="15.20600524" >
      <name>rte1_398</name>
      <ele>200.00</ele>
    </rtept>
    <rtept lat="45.63237226" lon="15.20600546" >
      <name>rte1_399</name>
      <ele>200.00</ele>
    </rtept>
    <rtept lat="45.63243074" lon="15.20600567" >
      <name>rte1_400</name>
      <ele>200.00</ele>
    </rtept>
    <rtept lat="45.63249373" lon="15.20600590" >
      <name>rte1_401</name>
      <ele>200.00</ele>
    </rtept>
    <rtept lat="45.63255672" lon="15.20600614" >
      <name>rte1_402</name>
      <ele>197.57</ele>
    </rtept>
    <rtept lat="45.63261521" lon="15.20600635" >
      <name>rte1_403</name>
      <ele>197.57</ele>
    </rtept>
    <rtept lat="45.63267370" lon="15.20600657" >
      <name>rte1_404</name>
      <ele>197.57</ele>
    </rtept>
    <rtept lat="45.63272769" lon="15.20600677" >
      <name>rte1_405</name>
      <ele>197.57</ele>
    </rtept>
    <rtept lat="45.63278168" lon="15.20600697" >
      <name>rte1_406</name>
      <ele>195.00</ele>
    </rtept>
    <rtept lat="45.63283567" lon="15.20600717" >
      <name>rte1_407</name>
      <ele>195.00</ele>
    </rtept>
    <rtept lat="45.63288514" lon="15.20601376" >
      <name>rte1_408</name>
      <ele>195.00</ele>
    </rtept>
    <rtept lat="45.63293462" lon="15.20602036" >
      <name>rte1_409</name>
      <ele>195.00</ele>
    </rtept>
    <rtept lat="45.63298409" lon="15.20603337" >
      <name>rte1_410</name>
      <ele>195.00</ele>
    </rtept>
    <rtept lat="45.63302906" lon="15.20604636" >
      <name>rte1_411</name>
      <ele>190.00</ele>
    </rtept>
    <rtept lat="45.63307851" lon="15.20606578" >
      <name>rte1_412</name>
      <ele>190.00</ele>
    </rtept>
    <rtept lat="45.63312347" lon="15.20608519" >
      <name>rte1_413</name>
      <ele>190.00</ele>
    </rtept>
    <rtept lat="45.63317291" lon="15.20611103" >
      <name>rte1_414</name>
      <ele>190.00</ele>
    </rtept>
    <rtept lat="45.63322236" lon="15.20613686" >
      <name>rte1_415</name>
      <ele>190.00</ele>
    </rtept>
    <rtept lat="45.63327179" lon="15.20616911" >
      <name>rte1_416</name>
      <ele>191.53</ele>
    </rtept>
    <rtept lat="45.63332121" lon="15.20620777" >
      <name>rte1_417</name>
      <ele>191.53</ele>
    </rtept>
    <rtept lat="45.63337511" lon="15.20625928" >
      <name>rte1_418</name>
      <ele>195.00</ele>
    </rtept>
    <rtept lat="45.63341553" lon="15.20629790" >
      <name>rte1_419</name>
      <ele>195.00</ele>
    </rtept>
    <rtept lat="45.63345145" lon="15.20633652" >
      <name>rte1_420</name>
      <ele>196.43</ele>
    </rtept>
    <rtept lat="45.63348735" lon="15.20638795" >
      <name>rte1_421</name>
      <ele>196.43</ele>
    </rtept>
    <rtept lat="45.63351426" lon="15.20643295" >
      <name>rte1_422</name>
      <ele>196.43</ele>
    </rtept>
    <rtept lat="45.63354116" lon="15.20648435" >
      <name>rte1_423</name>
      <ele>196.43</ele>
    </rtept>
    <rtept lat="45.63356355" lon="15.20654215" >
      <name>rte1_424</name>
      <ele>196.43</ele>
    </rtept>
    <rtept lat="45.63359484" lon="15.20665771" >
      <name>rte1_425</name>
      <ele>197.94</ele>
    </rtept>
    <rtept lat="45.63361261" lon="15.20677962" >
      <name>rte1_426</name>
      <ele>197.94</ele>
    </rtept>
    <rtept lat="45.63362149" lon="15.20684379" >
      <name>rte1_427</name>
      <ele>197.94</ele>
    </rtept>
    <rtept lat="45.63362136" lon="15.20691433" >
      <name>rte1_428</name>
      <ele>199.05</ele>
    </rtept>
    <rtept lat="45.63362124" lon="15.20698488" >
      <name>rte1_429</name>
      <ele>199.05</ele>
    </rtept>
    <rtept lat="45.63361661" lon="15.20705540" >
      <name>rte1_430</name>
      <ele>199.05</ele>
    </rtept>
    <rtept lat="45.63361198" lon="15.20712593" >
      <name>rte1_431</name>
      <ele>199.05</ele>
    </rtept>
    <rtept lat="45.63360734" lon="15.20720287" >
      <name>rte1_432</name>
      <ele>200.00</ele>
    </rtept>
    <rtept lat="45.63359367" lon="15.20729902" >
      <name>rte1_433</name>
      <ele>200.00</ele>
    </rtept>
    <rtept lat="45.63358898" lon="15.20740161" >
      <name>rte1_434</name>
      <ele>200.00</ele>
    </rtept>
    <rtept lat="45.63358880" lon="15.20749781" >
      <name>rte1_435</name>
      <ele>200.00</ele>
    </rtept>
    <rtept lat="45.63359314" lon="15.20758761" >
      <name>rte1_436</name>
      <ele>200.00</ele>
    </rtept>
    <rtept lat="45.63360196" lon="15.20768384" >
      <name>rte1_437</name>
      <ele>200.00</ele>
    </rtept>
    <rtept lat="45.63361530" lon="15.20776726" >
      <name>rte1_438</name>
      <ele>200.00</ele>
    </rtept>
    <rtept lat="45.63363314" lon="15.20785711" >
      <name>rte1_439</name>
      <ele>200.00</ele>
    </rtept>
    <rtept lat="45.63365998" lon="15.20794058" >
      <name>rte1_440</name>
      <ele>200.00</ele>
    </rtept>
    <rtept lat="45.63368683" lon="15.20801764" >
      <name>rte1_441</name>
      <ele>199.29</ele>
    </rtept>
    <rtept lat="45.63372269" lon="15.20808832" >
      <name>rte1_442</name>
      <ele>199.29</ele>
    </rtept>
    <rtept lat="45.63375856" lon="15.20815900" >
      <name>rte1_443</name>
      <ele>195.38</ele>
    </rtept>
    <rtept lat="45.63380343" lon="15.20822330" >
      <name>rte1_444</name>
      <ele>195.38</ele>
    </rtept>
    <rtept lat="45.63385280" lon="15.20828762" >
      <name>rte1_445</name>
      <ele>195.38</ele>
    </rtept>
    <rtept lat="45.63390670" lon="15.20833912" >
      <name>rte1_446</name>
      <ele>190.72</ele>
    </rtept>
    <rtept lat="45.63396509" lon="15.20839065" >
      <name>rte1_447</name>
      <ele>190.72</ele>
    </rtept>
    <rtept lat="45.63403250" lon="15.20843579" >
      <name>rte1_448</name>
      <ele>190.72</ele>
    </rtept>
    <rtept lat="45.63407294" lon="15.20846160" >
      <name>rte1_449</name>
      <ele>190.72</ele>
    </rtept>
    <rtept lat="45.63411790" lon="15.20848101" >
      <name>rte1_450</name>
      <ele>184.63</ele>
    </rtept>
    <rtept lat="45.63419879" lon="15.20853261" >
      <name>rte1_451</name>
      <ele>181.27</ele>
    </rtept>
    <rtept lat="45.63427969" lon="15.20857781" >
      <name>rte1_452</name>
      <ele>181.27</ele>
    </rtept>
    <rtept lat="45.63435610" lon="15.20861658" >
      <name>rte1_453</name>
      <ele>181.74</ele>
    </rtept>
    <rtept lat="45.63443251" lon="15.20866175" >
      <name>rte1_454</name>
      <ele>181.74</ele>
    </rtept>
    <rtept lat="45.63450442" lon="15.20870050" >
      <name>rte1_455</name>
      <ele>181.74</ele>
    </rtept>
    <rtept lat="45.63457182" lon="15.20874565" >
      <name>rte1_456</name>
      <ele>184.14</ele>
    </rtept>
    <rtept lat="45.63463923" lon="15.20879079" >
      <name>rte1_457</name>
      <ele>184.14</ele>
    </rtept>
    <rtept lat="45.63470663" lon="15.20883594" >
      <name>rte1_458</name>
      <ele>180.00</ele>
    </rtept>
    <rtept lat="45.63476953" lon="15.20888748" >
      <name>rte1_459</name>
      <ele>180.00</ele>
    </rtept>
    <rtept lat="45.63483691" lon="15.20894545" >
      <name>rte1_460</name>
      <ele>181.36</ele>
    </rtept>
    <rtept lat="45.63489978" lon="15.20900982" >
      <name>rte1_461</name>
      <ele>181.36</ele>
    </rtept>
    <rtept lat="45.63496713" lon="15.20908062" >
      <name>rte1_462</name>
      <ele>181.36</ele>
    </rtept>
    <rtept lat="45.63502999" lon="15.20915141" >
      <name>rte1_463</name>
      <ele>178.65</ele>
    </rtept>
    <rtept lat="45.63506590" lon="15.20919643" >
      <name>rte1_464</name>
      <ele>178.65</ele>
    </rtept>
    <rtept lat="45.63509731" lon="15.20924144" >
      <name>rte1_465</name>
      <ele>178.65</ele>
    </rtept>
    <rtept lat="45.63513322" lon="15.20928647" >
      <name>rte1_466</name>
      <ele>178.65</ele>
    </rtept>
    <rtept lat="45.63516912" lon="15.20933791" >
      <name>rte1_467</name>
      <ele>178.65</ele>
    </rtept>
    <rtept lat="45.63521847" lon="15.20941506" >
      <name>rte1_468</name>
      <ele>178.65</ele>
    </rtept>
    <rtept lat="45.63525880" lon="15.20949859" >
      <name>rte1_469</name>
      <ele>180.00</ele>
    </rtept>
    <rtept lat="45.63529464" lon="15.20958209" >
      <name>rte1_470</name>
      <ele>180.00</ele>
    </rtept>
    <rtept lat="45.63532148" lon="15.20966557" >
      <name>rte1_471</name>
      <ele>180.00</ele>
    </rtept>
    <rtept lat="45.63534383" lon="15.20974903" >
      <name>rte1_472</name>
      <ele>180.00</ele>
    </rtept>
    <rtept lat="45.63535716" lon="15.20983886" >
      <name>rte1_473</name>
      <ele>180.00</ele>
    </rtept>
    <rtept lat="45.63536599" lon="15.20992869" >
      <name>rte1_474</name>
      <ele>180.00</ele>
    </rtept>
    <rtept lat="45.63537032" lon="15.21001849" >
      <name>rte1_475</name>
      <ele>180.00</ele>
    </rtept>
    <rtept lat="45.63536566" lon="15.21010826" >
      <name>rte1_476</name>
      <ele>180.00</ele>
    </rtept>
    <rtept lat="45.63536098" lon="15.21020444" >
      <name>rte1_477</name>
      <ele>180.00</ele>
    </rtept>
    <rtept lat="45.63535630" lon="15.21030063" >
      <name>rte1_478</name>
      <ele>180.00</ele>
    </rtept>
    <rtept lat="45.63534261" lon="15.21040319" >
      <name>rte1_479</name>
      <ele>177.40</ele>
    </rtept>
    <rtept lat="45.63532894" lon="15.21049934" >
      <name>rte1_480</name>
      <ele>177.40</ele>
    </rtept>
    <rtept lat="45.63531075" lon="15.21060188" >
      <name>rte1_481</name>
      <ele>177.40</ele>
    </rtept>
    <rtept lat="45.63529705" lon="15.21071086" >
      <name>rte1_482</name>
      <ele>177.40</ele>
    </rtept>
    <rtept lat="45.63527885" lon="15.21081982" >
      <name>rte1_483</name>
      <ele>175.00</ele>
    </rtept>
    <rtept lat="45.63525619" lon="15.21090952" >
      <name>rte1_484</name>
      <ele>175.00</ele>
    </rtept>
    <rtept lat="45.63523801" lon="15.21100565" >
      <name>rte1_485</name>
      <ele>173.35</ele>
    </rtept>
    <rtept lat="45.63521985" lon="15.21109537" >
      <name>rte1_486</name>
      <ele>174.61</ele>
    </rtept>
    <rtept lat="45.63520618" lon="15.21118510" >
      <name>rte1_487</name>
      <ele>174.61</ele>
    </rtept>
    <rtept lat="45.63518802" lon="15.21127482" >
      <name>rte1_488</name>
      <ele>174.61</ele>
    </rtept>
    <rtept lat="45.63517885" lon="15.21136457" >
      <name>rte1_489</name>
      <ele>175.00</ele>
    </rtept>
    <rtept lat="45.63516520" lon="15.21144790" >
      <name>rte1_490</name>
      <ele>175.00</ele>
    </rtept>
    <rtept lat="45.63516054" lon="15.21153125" >
      <name>rte1_491</name>
      <ele>175.00</ele>
    </rtept>
    <rtept lat="45.63516040" lon="15.21160821" >
      <name>rte1_492</name>
      <ele>175.00</ele>
    </rtept>
    <rtept lat="45.63516024" lon="15.21169158" >
      <name>rte1_493</name>
      <ele>172.40</ele>
    </rtept>
    <rtept lat="45.63516910" lon="15.21176858" >
      <name>rte1_494</name>
      <ele>172.40</ele>
    </rtept>
    <rtept lat="45.63518695" lon="15.21184561" >
      <name>rte1_495</name>
      <ele>172.40</ele>
    </rtept>
    <rtept lat="45.63520480" lon="15.21192263" >
      <name>rte1_496</name>
      <ele>172.40</ele>
    </rtept>
    <rtept lat="45.63523617" lon="15.21199330" >
      <name>rte1_497</name>
      <ele>172.40</ele>
    </rtept>
    <rtept lat="45.63527201" lon="15.21207040" >
      <name>rte1_498</name>
      <ele>170.00</ele>
    </rtept>
    <rtept lat="45.63532137" lon="15.21214113" >
      <name>rte1_499</name>
      <ele>170.00</ele>
    </rtept>
    <rtept lat="45.63587810" lon="15.21276536" >
      <name>rte1_500</name>
      <ele>168.00</ele>
    </rtept>
    <rtept lat="45.63593198" lon="15.21282328" >
      <name>rte1_501</name>
      <ele>165.00</ele>
    </rtept>
    <rtept lat="45.63598136" lon="15.21288119" >
      <name>rte1_502</name>
      <ele>165.00</ele>
    </rtept>
    <rtept lat="45.63602624" lon="15.21293908" >
      <name>rte1_503</name>
      <ele>165.00</ele>
    </rtept>
    <rtept lat="45.63607114" lon="15.21299056" >
      <name>rte1_504</name>
      <ele>165.00</ele>
    </rtept>
    <rtept lat="45.63610703" lon="15.21304201" >
      <name>rte1_505</name>
      <ele>165.00</ele>
    </rtept>
    <rtept lat="45.63614294" lon="15.21308704" >
      <name>rte1_506</name>
      <ele>165.00</ele>
    </rtept>
    <rtept lat="45.63617435" lon="15.21313205" >
      <name>rte1_507</name>
      <ele>165.00</ele>
    </rtept>
    <rtept lat="45.63621025" lon="15.21318350" >
      <name>rte1_508</name>
      <ele>165.00</ele>
    </rtept>
    <rtept lat="45.63624166" lon="15.21322851" >
      <name>rte1_509</name>
      <ele>165.00</ele>
    </rtept>
    <rtept lat="45.63627306" lon="15.21327994" >
      <name>rte1_510</name>
      <ele>165.00</ele>
    </rtept>
    <rtept lat="45.63630894" lon="15.21333780" >
      <name>rte1_511</name>
      <ele>167.50</ele>
    </rtept>
    <rtept lat="45.63634482" lon="15.21339566" >
      <name>rte1_512</name>
      <ele>167.50</ele>
    </rtept>
    <rtept lat="45.63638969" lon="15.21345997" >
      <name>rte1_513</name>
      <ele>168.39</ele>
    </rtept>
    <rtept lat="45.63643455" lon="15.21353069" >
      <name>rte1_514</name>
      <ele>168.39</ele>
    </rtept>
    <rtept lat="45.63648391" lon="15.21360142" >
      <name>rte1_515</name>
      <ele>168.39</ele>
    </rtept>
    <rtept lat="45.63654223" lon="15.21369144" >
      <name>rte1_516</name>
      <ele>170.00</ele>
    </rtept>
    <rtept lat="45.63659159" lon="15.21376217" >
      <name>rte1_517</name>
      <ele>170.00</ele>
    </rtept>
    <rtept lat="45.63664097" lon="15.21382009" >
      <name>rte1_518</name>
      <ele>170.00</ele>
    </rtept>
    <rtept lat="45.63669486" lon="15.21387160" >
      <name>rte1_519</name>
      <ele>170.00</ele>
    </rtept>
    <rtept lat="45.63676672" lon="15.21393601" >
      <name>rte1_520</name>
      <ele>170.00</ele>
    </rtept>
    <rtept lat="45.63688775" lon="15.21417378" >
      <name>rte1_521</name>
      <ele>167.59</ele>
    </rtept>
    <rtept lat="45.63692679" lon="15.21494356" >
      <name>rte1_522</name>
      <ele>166.90</ele>
    </rtept>
    <rtept lat="45.63693108" lon="15.21505260" >
      <name>rte1_523</name>
      <ele>166.90</ele>
    </rtept>
    <rtept lat="45.63693536" lon="15.21516806" >
      <name>rte1_524</name>
      <ele>166.90</ele>
    </rtept>
    <rtept lat="45.63693513" lon="15.21528992" >
      <name>rte1_525</name>
      <ele>165.00</ele>
    </rtept>
    <rtept lat="45.63693499" lon="15.21536047" >
      <name>rte1_526</name>
      <ele>165.00</ele>
    </rtept>
    <rtept lat="45.63693936" lon="15.21543103" >
      <name>rte1_527</name>
      <ele>165.00</ele>
    </rtept>
    <rtept lat="45.63695701" lon="15.21561068" >
      <name>rte1_528</name>
      <ele>165.00</ele>
    </rtept>
    <rtept lat="45.63694338" lon="15.21568118" >
      <name>rte1_529</name>
      <ele>165.00</ele>
    </rtept>
    <rtept lat="45.63692965" lon="15.21580298" >
      <name>rte1_530</name>
      <ele>165.00</ele>
    </rtept>
    <rtept lat="45.63692503" lon="15.21586710" >
      <name>rte1_531</name>
      <ele>165.00</ele>
    </rtept>
    <rtept lat="45.63691591" lon="15.21593120" >
      <name>rte1_532</name>
      <ele>165.00</ele>
    </rtept>
    <rtept lat="45.63690679" lon="15.21599530" >
      <name>rte1_533</name>
      <ele>165.00</ele>
    </rtept>
    <rtept lat="45.63689316" lon="15.21606580" >
      <name>rte1_534</name>
      <ele>165.00</ele>
    </rtept>
    <rtept lat="45.63687954" lon="15.21612988" >
      <name>rte1_535</name>
      <ele>165.00</ele>
    </rtept>
    <rtept lat="45.63687041" lon="15.21620039" >
      <name>rte1_536</name>
      <ele>162.29</ele>
    </rtept>
    <rtept lat="45.63683875" lon="15.21628365" >
      <name>rte1_537</name>
      <ele>162.29</ele>
    </rtept>
    <rtept lat="45.63682062" lon="15.21635413" >
      <name>rte1_538</name>
      <ele>162.29</ele>
    </rtept>
    <rtept lat="45.63679798" lon="15.21643100" >
      <name>rte1_539</name>
      <ele>156.90</ele>
    </rtept>
    <rtept lat="45.63676633" lon="15.21651425" >
      <name>rte1_540</name>
      <ele>157.50</ele>
    </rtept>
    <rtept lat="45.63671218" lon="15.21659742" >
      <name>rte1_541</name>
      <ele>157.50</ele>
    </rtept>
    <rtept lat="45.63667152" lon="15.21668064" >
      <name>rte1_542</name>
      <ele>157.50</ele>
    </rtept>
    <rtept lat="45.63662639" lon="15.21675742" >
      <name>rte1_543</name>
      <ele>157.50</ele>
    </rtept>
    <rtept lat="45.63659025" lon="15.21683425" >
      <name>rte1_544</name>
      <ele>156.70</ele>
    </rtept>
    <rtept lat="45.63656325" lon="15.21683414" >
      <name>rte1_545</name>
      <ele>156.60</ele>
    </rtept>
    <rtept lat="45.63590421" lon="15.21796034" >
      <name>rte1_546</name>
      <ele>157.65</ele>
    </rtept>
    <rtept lat="45.63589059" lon="15.21802443" >
      <name>rte1_547</name>
      <ele>157.07</ele>
    </rtept>
    <rtept lat="45.63587697" lon="15.21808851" >
      <name>rte1_548</name>
      <ele>157.07</ele>
    </rtept>
    <rtept lat="45.63585874" lon="15.21821029" >
      <name>rte1_549</name>
      <ele>160.00</ele>
    </rtept>
    <rtept lat="45.63583601" lon="15.21833206" >
      <name>rte1_550</name>
      <ele>160.00</ele>
    </rtept>
    <rtept lat="45.63581328" lon="15.21845382" >
      <name>rte1_551</name>
      <ele>160.00</ele>
    </rtept>
    <rtept lat="45.63579056" lon="15.21856918" >
      <name>rte1_552</name>
      <ele>160.00</ele>
    </rtept>
    <rtept lat="45.63578144" lon="15.21863327" >
      <name>rte1_553</name>
      <ele>160.00</ele>
    </rtept>
    <rtept lat="45.63576782" lon="15.21869736" >
      <name>rte1_554</name>
      <ele>160.00</ele>
    </rtept>
    <rtept lat="45.63575420" lon="15.21876144" >
      <name>rte1_555</name>
      <ele>160.00</ele>
    </rtept>
    <rtept lat="45.63574506" lon="15.21883195" >
      <name>rte1_556</name>
      <ele>160.00</ele>
    </rtept>
    <rtept lat="45.63573142" lon="15.21890886" >
      <name>rte1_557</name>
      <ele>160.00</ele>
    </rtept>
    <rtept lat="45.63571777" lon="15.21898576" >
      <name>rte1_558</name>
      <ele>160.00</ele>
    </rtept>
    <rtept lat="45.63569963" lon="15.21906265" >
      <name>rte1_559</name>
      <ele>160.00</ele>
    </rtept>
    <rtept lat="45.63569498" lon="15.21913960" >
      <name>rte1_560</name>
      <ele>160.00</ele>
    </rtept>
    <rtept lat="45.63569034" lon="15.21921013" >
      <name>rte1_561</name>
      <ele>160.00</ele>
    </rtept>
    <rtept lat="45.63567671" lon="15.21928062" >
      <name>rte1_562</name>
      <ele>160.00</ele>
    </rtept>
    <rtept lat="45.63551861" lon="15.21960708" >
      <name>rte1_563</name>
      <ele>165.00</ele>
    </rtept>
    <rtept lat="45.63552296" lon="15.21968406" >
      <name>rte1_564</name>
      <ele>165.00</ele>
    </rtept>
    <rtept lat="45.63554078" lon="15.21977392" >
      <name>rte1_565</name>
      <ele>165.00</ele>
    </rtept>
    <rtept lat="45.63556309" lon="15.21987021" >
      <name>rte1_566</name>
      <ele>165.00</ele>
    </rtept>
    <rtept lat="45.63558540" lon="15.21996649" >
      <name>rte1_567</name>
      <ele>165.00</ele>
    </rtept>
    <rtept lat="45.63560772" lon="15.22005637" >
      <name>rte1_568</name>
      <ele>165.00</ele>
    </rtept>
    <rtept lat="45.63563004" lon="15.22014625" >
      <name>rte1_569</name>
      <ele>165.00</ele>
    </rtept>
    <rtept lat="45.63565237" lon="15.22022971" >
      <name>rte1_570</name>
      <ele>165.00</ele>
    </rtept>
    <rtept lat="45.63567472" lon="15.22030676" >
      <name>rte1_571</name>
      <ele>160.00</ele>
    </rtept>
    <rtept lat="45.63569706" lon="15.22038381" >
      <name>rte1_572</name>
      <ele>161.92</ele>
    </rtept>
    <rtept lat="45.63572391" lon="15.22046087" >
      <name>rte1_573</name>
      <ele>161.92</ele>
    </rtept>
    <rtept lat="45.63574625" lon="15.22053792" >
      <name>rte1_574</name>
      <ele>161.92</ele>
    </rtept>
    <rtept lat="45.63577760" lon="15.22061501" >
      <name>rte1_575</name>
      <ele>161.92</ele>
    </rtept>
    <rtept lat="45.63580894" lon="15.22069209" >
      <name>rte1_576</name>
      <ele>164.64</ele>
    </rtept>
    <rtept lat="45.63584029" lon="15.22076918" >
      <name>rte1_577</name>
      <ele>164.64</ele>
    </rtept>
    <rtept lat="45.63587613" lon="15.22084628" >
      <name>rte1_578</name>
      <ele>164.64</ele>
    </rtept>
    <rtept lat="45.63591647" lon="15.22092340" >
      <name>rte1_579</name>
      <ele>161.39</ele>
    </rtept>
    <rtept lat="45.63595680" lon="15.22100694" >
      <name>rte1_580</name>
      <ele>165.00</ele>
    </rtept>
    <rtept lat="45.63600612" lon="15.22109692" >
      <name>rte1_581</name>
      <ele>165.00</ele>
    </rtept>
    <rtept lat="45.63605547" lon="15.22116767" >
      <name>rte1_582</name>
      <ele>165.00</ele>
    </rtept>
    <rtept lat="45.63610483" lon="15.22123200" >
      <name>rte1_583</name>
      <ele>165.00</ele>
    </rtept>
    <rtept lat="45.63615872" lon="15.22128352" >
      <name>rte1_584</name>
      <ele>164.13</ele>
    </rtept>
    <rtept lat="45.63621264" lon="15.22132221" >
      <name>rte1_585</name>
      <ele>166.34</ele>
    </rtept>
    <rtept lat="45.63626654" lon="15.22136732" >
      <name>rte1_586</name>
      <ele>166.34</ele>
    </rtept>
    <rtept lat="45.63632043" lon="15.22141884" >
      <name>rte1_587</name>
      <ele>166.34</ele>
    </rtept>
    <rtept lat="45.63637880" lon="15.22147680" >
      <name>rte1_588</name>
      <ele>165.00</ele>
    </rtept>
    <rtept lat="45.63643714" lon="15.22155399" >
      <name>rte1_589</name>
      <ele>165.00</ele>
    </rtept>
    <rtept lat="45.63649545" lon="15.22164401" >
      <name>rte1_590</name>
      <ele>165.00</ele>
    </rtept>
    <rtept lat="45.63655375" lon="15.22174045" >
      <name>rte1_591</name>
      <ele>165.00</ele>
    </rtept>
    <rtept lat="45.63660757" lon="15.22183045" >
      <name>rte1_592</name>
      <ele>167.05</ele>
    </rtept>
    <rtept lat="45.63665688" lon="15.22192043" >
      <name>rte1_593</name>
      <ele>167.05</ele>
    </rtept>
    <rtept lat="45.63670171" lon="15.22200399" >
      <name>rte1_594</name>
      <ele>170.00</ele>
    </rtept>
    <rtept lat="45.63674653" lon="15.22209396" >
      <name>rte1_595</name>
      <ele>170.00</ele>
    </rtept>
    <rtept lat="45.63678685" lon="15.22217749" >
      <name>rte1_596</name>
      <ele>170.00</ele>
    </rtept>
    <rtept lat="45.63682718" lon="15.22226103" >
      <name>rte1_597</name>
      <ele>170.00</ele>
    </rtept>
    <rtept lat="45.63687201" lon="15.22234459" >
      <name>rte1_598</name>
      <ele>169.47</ele>
    </rtept>
    <rtept lat="45.63691234" lon="15.22242812" >
      <name>rte1_599</name>
      <ele>169.47</ele>
    </rtept>
    <rtept lat="45.63695717" lon="15.22251168" >
      <name>rte1_600</name>
      <ele>169.47</ele>
    </rtept>
    <rtept lat="45.63700648" lon="15.22260166" >
      <name>rte1_601</name>
      <ele>165.75</ele>
    </rtept>
    <rtept lat="45.63705581" lon="15.22268524" >
      <name>rte1_602</name>
      <ele>166.30</ele>
    </rtept>
    <rtept lat="45.63711412" lon="15.22277526" >
      <name>rte1_603</name>
      <ele>166.30</ele>
    </rtept>
    <rtept lat="45.63717243" lon="15.22286528" >
      <name>rte1_604</name>
      <ele>166.30</ele>
    </rtept>
    <rtept lat="45.63720834" lon="15.22291032" >
      <name>rte1_605</name>
      <ele>166.30</ele>
    </rtept>
    <rtept lat="45.63724423" lon="15.22296178" >
      <name>rte1_606</name>
      <ele>165.40</ele>
    </rtept>
    <rtept lat="45.63729359" lon="15.22302611" >
      <name>rte1_607</name>
      <ele>165.40</ele>
    </rtept>
    <rtept lat="45.63734296" lon="15.22309044" >
      <name>rte1_608</name>
      <ele>165.40</ele>
    </rtept>
    <rtept lat="45.63738783" lon="15.22314834" >
      <name>rte1_609</name>
      <ele>165.40</ele>
    </rtept>
    <rtept lat="45.63743272" lon="15.22319983" >
      <name>rte1_610</name>
      <ele>165.40</ele>
    </rtept>
    <rtept lat="45.63747761" lon="15.22325132" >
      <name>rte1_611</name>
      <ele>165.00</ele>
    </rtept>
    <rtept lat="45.63752250" lon="15.22330281" >
      <name>rte1_612</name>
      <ele>165.00</ele>
    </rtept>
    <rtept lat="45.63756739" lon="15.22335430" >
      <name>rte1_613</name>
      <ele>165.00</ele>
    </rtept>
    <rtept lat="45.63761230" lon="15.22339937" >
      <name>rte1_614</name>
      <ele>165.00</ele>
    </rtept>
    <rtept lat="45.63765270" lon="15.22344443" >
      <name>rte1_615</name>
      <ele>165.00</ele>
    </rtept>
    <rtept lat="45.63770210" lon="15.22348953" >
      <name>rte1_616</name>
      <ele>165.00</ele>
    </rtept>
    <rtept lat="45.63774700" lon="15.22353460" >
      <name>rte1_617</name>
      <ele>165.00</ele>
    </rtept>
    <rtept lat="45.63779641" lon="15.22357969" >
      <name>rte1_618</name>
      <ele>165.00</ele>
    </rtept>
    <rtept lat="45.63784579" lon="15.22363120" >
      <name>rte1_619</name>
      <ele>165.00</ele>
    </rtept>
    <rtept lat="45.63789968" lon="15.22368273" >
      <name>rte1_620</name>
      <ele>165.00</ele>
    </rtept>
    <rtept lat="45.63795807" lon="15.22373427" >
      <name>rte1_621</name>
      <ele>164.18</ele>
    </rtept>
    <rtept lat="45.63802094" lon="15.22379225" >
      <name>rte1_622</name>
      <ele>164.18</ele>
    </rtept>
    <rtept lat="45.63809280" lon="15.22385667" >
      <name>rte1_623</name>
      <ele>164.18</ele>
    </rtept>
    <rtept lat="45.63816467" lon="15.22391468" >
      <name>rte1_624</name>
      <ele>165.00</ele>
    </rtept>
    <rtept lat="45.63823206" lon="15.22396626" >
      <name>rte1_625</name>
      <ele>165.00</ele>
    </rtept>
    <rtept lat="45.63829946" lon="15.22401143" >
      <name>rte1_626</name>
      <ele>165.00</ele>
    </rtept>
    <rtept lat="45.63837137" lon="15.22405020" >
      <name>rte1_627</name>
      <ele>165.00</ele>
    </rtept>
    <rtept lat="45.63844329" lon="15.22408256" >
      <name>rte1_628</name>
      <ele>165.00</ele>
    </rtept>
    <rtept lat="45.63852424" lon="15.22410213" >
      <name>rte1_629</name>
      <ele>165.00</ele>
    </rtept>
    <rtept lat="45.63856920" lon="15.22411513" >
      <name>rte1_630</name>
      <ele>165.00</ele>
    </rtept>
    <rtept lat="45.63861867" lon="15.22412816" >
      <name>rte1_631</name>
      <ele>169.41</ele>
    </rtept>
    <rtept lat="45.63870414" lon="15.22413492" >
      <name>rte1_632</name>
      <ele>169.41</ele>
    </rtept>
    <rtept lat="45.63878962" lon="15.22413526" >
      <name>rte1_633</name>
      <ele>169.41</ele>
    </rtept>
    <rtept lat="45.63886612" lon="15.22412916" >
      <name>rte1_634</name>
      <ele>170.00</ele>
    </rtept>
    <rtept lat="45.63894263" lon="15.22411664" >
      <name>rte1_635</name>
      <ele>170.00</ele>
    </rtept>
    <rtept lat="45.63901465" lon="15.22409768" >
      <name>rte1_636</name>
      <ele>170.00</ele>
    </rtept>
    <rtept lat="45.63908668" lon="15.22407873" >
      <name>rte1_637</name>
      <ele>170.00</ele>
    </rtept>
    <rtept lat="45.63915420" lon="15.22405976" >
      <name>rte1_638</name>
      <ele>170.00</ele>
    </rtept>
    <rtept lat="45.63922624" lon="15.22403440" >
      <name>rte1_639</name>
      <ele>170.00</ele>
    </rtept>
    <rtept lat="45.63929378" lon="15.22400901" >
      <name>rte1_640</name>
      <ele>170.00</ele>
    </rtept>
    <rtept lat="45.63936580" lon="15.22399006" >
      <name>rte1_641</name>
      <ele>170.00</ele>
    </rtept>
    <rtept lat="45.63943334" lon="15.22396468" >
      <name>rte1_642</name>
      <ele>170.00</ele>
    </rtept>
    <rtept lat="45.63950986" lon="15.22394574" >
      <name>rte1_643</name>
      <ele>170.00</ele>
    </rtept>
    <rtept lat="45.63958638" lon="15.22392681" >
      <name>rte1_644</name>
      <ele>170.00</ele>
    </rtept>
    <rtept lat="45.63966739" lon="15.22391430" >
      <name>rte1_645</name>
      <ele>170.00</ele>
    </rtept>
    <rtept lat="45.63975289" lon="15.22390823" >
      <name>rte1_646</name>
      <ele>170.00</ele>
    </rtept>
    <rtept lat="45.63984287" lon="15.22390860" >
      <name>rte1_647</name>
      <ele>170.00</ele>
    </rtept>
    <rtept lat="45.63992835" lon="15.22390894" >
      <name>rte1_648</name>
      <ele>170.00</ele>
    </rtept>
    <rtept lat="45.64001382" lon="15.22391570" >
      <name>rte1_649</name>
      <ele>175.00</ele>
    </rtept>
    <rtept lat="45.64009030" lon="15.22392242" >
      <name>rte1_650</name>
      <ele>175.00</ele>
    </rtept>
    <rtept lat="45.64016224" lon="15.22394195" >
      <name>rte1_651</name>
      <ele>175.00</ele>
    </rtept>
    <rtept lat="45.64022969" lon="15.22396146" >
      <name>rte1_652</name>
      <ele>175.00</ele>
    </rtept>
    <rtept lat="45.64030163" lon="15.22398741" >
      <name>rte1_653</name>
      <ele>175.00</ele>
    </rtept>
    <rtept lat="45.64037355" lon="15.22401976" >
      <name>rte1_654</name>
      <ele>175.00</ele>
    </rtept>
    <rtept lat="45.64044995" lon="15.22406497" >
      <name>rte1_655</name>
      <ele>175.00</ele>
    </rtept>
    <rtept lat="45.64047211" lon="15.22423182" >
      <name>rte1_656</name>
      <ele>175.00</ele>
    </rtept>
    <rtept lat="45.64046295" lon="15.22431517" >
      <name>rte1_657</name>
      <ele>175.00</ele>
    </rtept>
    <rtept lat="45.64047627" lon="15.22440501" >
      <name>rte1_658</name>
      <ele>175.00</ele>
    </rtept>
    <rtept lat="45.64050755" lon="15.22451418" >
      <name>rte1_659</name>
      <ele>175.00</ele>
    </rtept>
    <rtept lat="45.64054336" lon="15.22460412" >
      <name>rte1_660</name>
      <ele>175.00</ele>
    </rtept>
    <rtept lat="45.64058369" lon="15.22468766" >
      <name>rte1_661</name>
      <ele>175.00</ele>
    </rtept>
    <rtept lat="45.64062853" lon="15.22476481" >
      <name>rte1_662</name>
      <ele>175.00</ele>
    </rtept>
    <rtept lat="45.64068239" lon="15.22482917" >
      <name>rte1_663</name>
      <ele>175.00</ele>
    </rtept>
    <rtept lat="45.64074074" lon="15.22489996" >
      <name>rte1_664</name>
      <ele>175.00</ele>
    </rtept>
    <rtept lat="45.64080359" lon="15.22497076" >
      <name>rte1_665</name>
      <ele>175.00</ele>
    </rtept>
    <rtept lat="45.64083951" lon="15.22500298" >
      <name>rte1_666</name>
      <ele>175.00</ele>
    </rtept>
    <rtept lat="45.64087992" lon="15.22504804" >
      <name>rte1_667</name>
      <ele>175.00</ele>
    </rtept>
    <rtept lat="45.64092482" lon="15.22509312" >
      <name>rte1_668</name>
      <ele>175.00</ele>
    </rtept>
    <rtept lat="45.64096973" lon="15.22513179" >
      <name>rte1_669</name>
      <ele>175.00</ele>
    </rtept>
    <rtept lat="45.64101464" lon="15.22517686" >
      <name>rte1_670</name>
      <ele>175.00</ele>
    </rtept>
    <rtept lat="45.64105955" lon="15.22521553" >
      <name>rte1_671</name>
      <ele>175.00</ele>
    </rtept>
    <rtept lat="45.64110448" lon="15.22524778" >
      <name>rte1_672</name>
      <ele>175.00</ele>
    </rtept>
    <rtept lat="45.64114491" lon="15.22528002" >
      <name>rte1_673</name>
      <ele>175.00</ele>
    </rtept>
    <rtept lat="45.64118983" lon="15.22531227" >
      <name>rte1_674</name>
      <ele>175.00</ele>
    </rtept>
    <rtept lat="45.64123027" lon="15.22533809" >
      <name>rte1_675</name>
      <ele>175.00</ele>
    </rtept>
    <rtept lat="45.64127521" lon="15.22536392" >
      <name>rte1_676</name>
      <ele>175.00</ele>
    </rtept>
    <rtept lat="45.64131566" lon="15.22538974" >
      <name>rte1_677</name>
      <ele>175.00</ele>
    </rtept>
    <rtept lat="45.64140106" lon="15.22542857" >
      <name>rte1_678</name>
      <ele>175.00</ele>
    </rtept>
    <rtept lat="45.64148197" lon="15.22546739" >
      <name>rte1_679</name>
      <ele>175.00</ele>
    </rtept>
    <rtept lat="45.64156738" lon="15.22550622" >
      <name>rte1_680</name>
      <ele>175.00</ele>
    </rtept>
    <rtept lat="45.64165280" lon="15.22553863" >
      <name>rte1_681</name>
      <ele>175.00</ele>
    </rtept>
    <rtept lat="45.64173822" lon="15.22557105" >
      <name>rte1_682</name>
      <ele>175.00</ele>
    </rtept>
    <rtept lat="45.64178317" lon="15.22559047" >
      <name>rte1_683</name>
      <ele>175.00</ele>
    </rtept>
    <rtept lat="45.64182812" lon="15.22560990" >
      <name>rte1_684</name>
      <ele>175.00</ele>
    </rtept>
    <rtept lat="45.64187307" lon="15.22562932" >
      <name>rte1_685</name>
      <ele>175.00</ele>
    </rtept>
    <rtept lat="45.64191803" lon="15.22564874" >
      <name>rte1_686</name>
      <ele>175.00</ele>
    </rtept>
    <rtept lat="45.64196298" lon="15.22566817" >
      <name>rte1_687</name>
      <ele>175.00</ele>
    </rtept>
    <rtept lat="45.64200793" lon="15.22568759" >
      <name>rte1_688</name>
      <ele>175.00</ele>
    </rtept>
    <rtept lat="45.64205737" lon="15.22571345" >
      <name>rte1_689</name>
      <ele>175.00</ele>
    </rtept>
    <rtept lat="45.64210682" lon="15.22573289" >
      <name>rte1_690</name>
      <ele>175.00</ele>
    </rtept>
    <rtept lat="45.64215626" lon="15.22575875" >
      <name>rte1_691</name>
      <ele>175.00</ele>
    </rtept>
    <rtept lat="45.64220569" lon="15.22579102" >
      <name>rte1_692</name>
      <ele>175.00</ele>
    </rtept>
    <rtept lat="45.64225963" lon="15.22581690" >
      <name>rte1_693</name>
      <ele>175.00</ele>
    </rtept>
    <rtept lat="45.64231354" lon="15.22585560" >
      <name>rte1_694</name>
      <ele>177.50</ele>
    </rtept>
    <rtept lat="45.64234949" lon="15.22587499" >
      <name>rte1_695</name>
      <ele>177.50</ele>
    </rtept>
    <rtept lat="45.64240341" lon="15.22591369" >
      <name>rte1_696</name>
      <ele>177.50</ele>
    </rtept>
    <rtept lat="45.64247978" lon="15.22597173" >
      <name>rte1_697</name>
      <ele>177.70</ele>
    </rtept>
    <rtept lat="45.64252470" lon="15.22600398" >
      <name>rte1_698</name>
      <ele>177.70</ele>
    </rtept>
    <rtept lat="45.64256963" lon="15.22603623" >
      <name>rte1_699</name>
      <ele>177.70</ele>
    </rtept>
    <rtept lat="45.64261904" lon="15.22607492" >
      <name>rte1_700</name>
      <ele>177.70</ele>
    </rtept>
    <rtept lat="45.64267296" lon="15.22611362" >
      <name>rte1_701</name>
      <ele>178.16</ele>
    </rtept>
    <rtept lat="45.64272687" lon="15.22615233" >
      <name>rte1_702</name>
      <ele>180.00</ele>
    </rtept>
    <rtept lat="45.64278527" lon="15.22619746" >
      <name>rte1_703</name>
      <ele>180.00</ele>
    </rtept>
    <rtept lat="45.64284367" lon="15.22624260" >
      <name>rte1_704</name>
      <ele>180.00</ele>
    </rtept>
    <rtept lat="45.64290657" lon="15.22628776" >
      <name>rte1_705</name>
      <ele>178.67</ele>
    </rtept>
    <rtept lat="45.64297396" lon="15.22633293" >
      <name>rte1_706</name>
      <ele>178.67</ele>
    </rtept>
    <rtept lat="45.64303685" lon="15.22638450" >
      <name>rte1_707</name>
      <ele>178.67</ele>
    </rtept>
    <rtept lat="45.64310424" lon="15.22642967" >
      <name>rte1_708</name>
      <ele>178.57</ele>
    </rtept>
    <rtept lat="45.64317163" lon="15.22648126" >
      <name>rte1_709</name>
      <ele>180.70</ele>
    </rtept>
    <rtept lat="45.64323901" lon="15.22653285" >
      <name>rte1_710</name>
      <ele>180.70</ele>
    </rtept>
    <rtept lat="45.64330641" lon="15.22657802" >
      <name>rte1_711</name>
      <ele>180.70</ele>
    </rtept>
    <rtept lat="45.64337829" lon="15.22662963" >
      <name>rte1_712</name>
      <ele>183.30</ele>
    </rtept>
    <rtept lat="45.64344569" lon="15.22667480" >
      <name>rte1_713</name>
      <ele>183.30</ele>
    </rtept>
    <rtept lat="45.64351307" lon="15.22672639" >
      <name>rte1_714</name>
      <ele>183.30</ele>
    </rtept>
    <rtept lat="45.64358047" lon="15.22677157" >
      <name>rte1_715</name>
      <ele>185.00</ele>
    </rtept>
    <rtept lat="45.64364787" lon="15.22681674" >
      <name>rte1_716</name>
      <ele>185.00</ele>
    </rtept>
    <rtept lat="45.64371076" lon="15.22686190" >
      <name>rte1_717</name>
      <ele>185.00</ele>
    </rtept>
    <rtept lat="45.64377816" lon="15.22690707" >
      <name>rte1_718</name>
      <ele>185.00</ele>
    </rtept>
    <rtept lat="45.64383657" lon="15.22694579" >
      <name>rte1_719</name>
      <ele>185.00</ele>
    </rtept>
    <rtept lat="45.64389947" lon="15.22699095" >
      <name>rte1_720</name>
      <ele>185.00</ele>
    </rtept>
    <rtept lat="45.64395789" lon="15.22702326" >
      <name>rte1_721</name>
      <ele>185.00</ele>
    </rtept>
    <rtept lat="45.64401181" lon="15.22706197" >
      <name>rte1_722</name>
      <ele>184.22</ele>
    </rtept>
    <rtept lat="45.64406573" lon="15.22709426" >
      <name>rte1_723</name>
      <ele>184.22</ele>
    </rtept>
    <rtept lat="45.64411517" lon="15.22712012" >
      <name>rte1_724</name>
      <ele>184.72</ele>
    </rtept>
    <rtept lat="45.64416461" lon="15.22714598" >
      <name>rte1_725</name>
      <ele>184.72</ele>
    </rtept>
    <rtept lat="45.64421405" lon="15.22717183" >
      <name>rte1_726</name>
      <ele>182.71</ele>
    </rtept>
    <rtept lat="45.64425899" lon="15.22719768" >
      <name>rte1_727</name>
      <ele>182.71</ele>
    </rtept>
    <rtept lat="45.64430394" lon="15.22721710" >
      <name>rte1_728</name>
      <ele>182.71</ele>
    </rtept>
    <rtept lat="45.64435339" lon="15.22723655" >
      <name>rte1_729</name>
      <ele>182.71</ele>
    </rtept>
    <rtept lat="45.64443880" lon="15.22727538" >
      <name>rte1_730</name>
      <ele>178.39</ele>
    </rtept>
    <rtept lat="45.64452420" lon="15.22731422" >
      <name>rte1_731</name>
      <ele>178.39</ele>
    </rtept>
    <rtept lat="45.64460962" lon="15.22734664" >
      <name>rte1_732</name>
      <ele>178.39</ele>
    </rtept>
    <rtept lat="45.64469054" lon="15.22737904" >
      <name>rte1_733</name>
      <ele>178.68</ele>
    </rtept>
    <rtept lat="45.64477596" lon="15.22741146" >
      <name>rte1_734</name>
      <ele>178.68</ele>
    </rtept>
    <rtept lat="45.64485688" lon="15.22744386" >
      <name>rte1_735</name>
      <ele>182.02</ele>
    </rtept>
    <rtept lat="45.64493780" lon="15.22747626" >
      <name>rte1_736</name>
      <ele>184.03</ele>
    </rtept>
    <rtept lat="45.64502321" lon="15.22751510" >
      <name>rte1_737</name>
      <ele>184.03</ele>
    </rtept>
    <rtept lat="45.64510410" lon="15.22756033" >
      <name>rte1_738</name>
      <ele>184.03</ele>
    </rtept>
    <rtept lat="45.64514905" lon="15.22757976" >
      <name>rte1_739</name>
      <ele>185.00</ele>
    </rtept>
    <rtept lat="45.64519399" lon="15.22760560" >
      <name>rte1_740</name>
      <ele>185.00</ele>
    </rtept>
    <rtept lat="45.64523893" lon="15.22763144" >
      <name>rte1_741</name>
      <ele>185.00</ele>
    </rtept>
    <rtept lat="45.64528386" lon="15.22766370" >
      <name>rte1_742</name>
      <ele>185.00</ele>
    </rtept>
    <rtept lat="45.64532880" lon="15.22768954" >
      <name>rte1_743</name>
      <ele>185.00</ele>
    </rtept>
    <rtept lat="45.64537822" lon="15.22772181" >
      <name>rte1_744</name>
      <ele>185.60</ele>
    </rtept>
    <rtept lat="45.64542314" lon="15.22776048" >
      <name>rte1_745</name>
      <ele>184.70</ele>
    </rtept>
    <rtept lat="45.64547705" lon="15.22779919" >
      <name>rte1_746</name>
      <ele>184.70</ele>
    </rtept>
    <rtept lat="45.64554443" lon="15.22785078" >
      <name>rte1_747</name>
      <ele>184.70</ele>
    </rtept>
    <rtept lat="45.64561179" lon="15.22791520" >
      <name>rte1_748</name>
      <ele>183.66</ele>
    </rtept>
    <rtept lat="45.64567015" lon="15.22797959" >
      <name>rte1_749</name>
      <ele>183.66</ele>
    </rtept>
    <rtept lat="45.64572401" lon="15.22804395" >
      <name>rte1_750</name>
      <ele>183.66</ele>
    </rtept>
    <rtept lat="45.64577337" lon="15.22810830" >
      <name>rte1_751</name>
      <ele>184.79</ele>
    </rtept>
    <rtept lat="45.64582272" lon="15.22817906" >
      <name>rte1_752</name>
      <ele>182.42</ele>
    </rtept>
    <rtept lat="45.64586308" lon="15.22824337" >
      <name>rte1_753</name>
      <ele>182.42</ele>
    </rtept>
    <rtept lat="45.64590792" lon="15.22832053" >
      <name>rte1_754</name>
      <ele>182.42</ele>
    </rtept>
    <rtept lat="45.64594827" lon="15.22839126" >
      <name>rte1_755</name>
      <ele>182.42</ele>
    </rtept>
    <rtept lat="45.64598861" lon="15.22846840" >
      <name>rte1_756</name>
      <ele>185.00</ele>
    </rtept>
    <rtept lat="45.64602894" lon="15.22854554" >
      <name>rte1_757</name>
      <ele>185.00</ele>
    </rtept>
    <rtept lat="45.64607378" lon="15.22862270" >
      <name>rte1_758</name>
      <ele>185.00</ele>
    </rtept>
    <rtept lat="45.64611861" lon="15.22869986" >
      <name>rte1_759</name>
      <ele>185.00</ele>
    </rtept>
    <rtept lat="45.64616345" lon="15.22877702" >
      <name>rte1_760</name>
      <ele>185.00</ele>
    </rtept>
    <rtept lat="45.64621277" lon="15.22886061" >
      <name>rte1_761</name>
      <ele>185.00</ele>
    </rtept>
    <rtept lat="45.64627109" lon="15.22894424" >
      <name>rte1_762</name>
      <ele>185.00</ele>
    </rtept>
    <rtept lat="45.64654508" lon="15.22916988" >
      <name>rte1_763</name>
      <ele>185.00</ele>
    </rtept>
    <rtept lat="45.64660810" lon="15.22915731" >
      <name>rte1_764</name>
      <ele>185.00</ele>
    </rtept>
    <rtept lat="45.64667558" lon="15.22915758" >
      <name>rte1_765</name>
      <ele>185.00</ele>
    </rtept>
    <rtept lat="45.64674760" lon="15.22914505" >
      <name>rte1_766</name>
      <ele>182.37</ele>
    </rtept>
    <rtept lat="45.64683310" lon="15.22913257" >
      <name>rte1_767</name>
      <ele>182.37</ele>
    </rtept>
    <rtept lat="45.64690068" lon="15.22908795" >
      <name>rte1_768</name>
      <ele>182.37</ele>
    </rtept>
    <rtept lat="45.64696376" lon="15.22904330" >
      <name>rte1_769</name>
      <ele>187.06</ele>
    </rtept>
    <rtept lat="45.64702684" lon="15.22899866" >
      <name>rte1_770</name>
      <ele>187.06</ele>
    </rtept>
    <rtept lat="45.64711237" lon="15.22897335" >
      <name>rte1_771</name>
      <ele>187.06</ele>
    </rtept>
    <rtept lat="45.64717090" lon="15.22895435" >
      <name>rte1_772</name>
      <ele>185.60</ele>
    </rtept>
    <rtept lat="45.64722489" lon="15.22895457" >
      <name>rte1_773</name>
      <ele>185.60</ele>
    </rtept>
    <rtept lat="45.64728337" lon="15.22896123" >
      <name>rte1_774</name>
      <ele>185.60</ele>
    </rtept>
    <rtept lat="45.64735083" lon="15.22897433" >
      <name>rte1_775</name>
      <ele>185.60</ele>
    </rtept>
    <rtept lat="45.64740930" lon="15.22898099" >
      <name>rte1_776</name>
      <ele>185.00</ele>
    </rtept>
    <rtept lat="45.64746326" lon="15.22899404" >
      <name>rte1_777</name>
      <ele>185.00</ele>
    </rtept>
    <rtept lat="45.64751722" lon="15.22901350" >
      <name>rte1_778</name>
      <ele>185.00</ele>
    </rtept>
    <rtept lat="45.64756667" lon="15.22903295" >
      <name>rte1_779</name>
      <ele>185.00</ele>
    </rtept>
    <rtept lat="45.64761161" lon="15.22905880" >
      <name>rte1_780</name>
      <ele>185.00</ele>
    </rtept>
    <rtept lat="45.64765654" lon="15.22908464" >
      <name>rte1_781</name>
      <ele>185.00</ele>
    </rtept>
    <rtept lat="45.64770148" lon="15.22911048" >
      <name>rte1_782</name>
      <ele>185.00</ele>
    </rtept>
    <rtept lat="45.64774641" lon="15.22914274" >
      <name>rte1_783</name>
      <ele>185.00</ele>
    </rtept>
    <rtept lat="45.64778685" lon="15.22916857" >
      <name>rte1_784</name>
      <ele>185.00</ele>
    </rtept>
    <rtept lat="45.64783178" lon="15.22920083" >
      <name>rte1_785</name>
      <ele>183.80</ele>
    </rtept>
    <rtept lat="45.64787672" lon="15.22922667" >
      <name>rte1_786</name>
      <ele>183.80</ele>
    </rtept>
    <rtept lat="45.64792164" lon="15.22925893" >
      <name>rte1_787</name>
      <ele>183.80</ele>
    </rtept>
    <rtept lat="45.64797108" lon="15.22928479" >
      <name>rte1_788</name>
      <ele>183.80</ele>
    </rtept>
    <rtept lat="45.64802502" lon="15.22931067" >
      <name>rte1_789</name>
      <ele>183.80</ele>
    </rtept>
    <rtept lat="45.64807895" lon="15.22933655" >
      <name>rte1_790</name>
      <ele>185.00</ele>
    </rtept>
    <rtept lat="45.64814189" lon="15.22936247" >
      <name>rte1_791</name>
      <ele>185.00</ele>
    </rtept>
    <rtept lat="45.64818687" lon="15.22936907" >
      <name>rte1_792</name>
      <ele>185.00</ele>
    </rtept>
    <rtept lat="45.64823185" lon="15.22937567" >
      <name>rte1_793</name>
      <ele>185.00</ele>
    </rtept>
    <rtept lat="45.64831733" lon="15.22937602" >
      <name>rte1_794</name>
      <ele>185.00</ele>
    </rtept>
    <rtept lat="45.64839834" lon="15.22936353" >
      <name>rte1_795</name>
      <ele>185.00</ele>
    </rtept>
    <rtept lat="45.64847935" lon="15.22935103" >
      <name>rte1_796</name>
      <ele>185.00</ele>
    </rtept>
    <rtept lat="45.64855586" lon="15.22933851" >
      <name>rte1_797</name>
      <ele>185.00</ele>
    </rtept>
    <rtept lat="45.64863683" lon="15.22934526" >
      <name>rte1_798</name>
      <ele>185.00</ele>
    </rtept>
    <rtept lat="45.64871776" lon="15.22937126" >
      <name>rte1_799</name>
      <ele>188.96</ele>
    </rtept>
    <rtept lat="45.64876272" lon="15.22939069" >
      <name>rte1_800</name>
      <ele>190.00</ele>
    </rtept>
    <rtept lat="45.64881214" lon="15.22942296" >
      <name>rte1_801</name>
      <ele>190.00</ele>
    </rtept>
    <rtept lat="45.64885257" lon="15.22945520" >
      <name>rte1_802</name>
      <ele>190.00</ele>
    </rtept>
    <rtept lat="45.64889299" lon="15.22948745" >
      <name>rte1_803</name>
      <ele>190.00</ele>
    </rtept>
    <rtept lat="45.64895581" lon="15.22957110" >
      <name>rte1_804</name>
      <ele>190.00</ele>
    </rtept>
    <rtept lat="45.64900512" lon="15.22966111" >
      <name>rte1_805</name>
      <ele>190.00</ele>
    </rtept>
    <rtept lat="45.64904992" lon="15.22975752" >
      <name>rte1_806</name>
      <ele>187.70</ele>
    </rtept>
    <rtept lat="45.64909020" lon="15.22986032" >
      <name>rte1_807</name>
      <ele>187.70</ele>
    </rtept>
    <rtept lat="45.64913948" lon="15.22996317" >
      <name>rte1_808</name>
      <ele>187.70</ele>
    </rtept>
    <rtept lat="45.64919326" lon="15.23006603" >
      <name>rte1_809</name>
      <ele>185.60</ele>
    </rtept>
    <rtept lat="45.64922464" lon="15.23012389" >
      <name>rte1_810</name>
      <ele>185.60</ele>
    </rtept>
    <rtept lat="45.64926503" lon="15.23017538" >
      <name>rte1_811</name>
      <ele>185.60</ele>
    </rtept>
    <rtept lat="45.64932336" lon="15.23025260" >
      <name>rte1_812</name>
      <ele>185.60</ele>
    </rtept>
    <rtept lat="45.64937719" lon="15.23032980" >
      <name>rte1_813</name>
      <ele>185.00</ele>
    </rtept>
    <rtept lat="45.64943105" lon="15.23039417" >
      <name>rte1_814</name>
      <ele>185.00</ele>
    </rtept>
    <rtept lat="45.64948491" lon="15.23045855" >
      <name>rte1_815</name>
      <ele>185.00</ele>
    </rtept>
    <rtept lat="45.64954330" lon="15.23051011" >
      <name>rte1_816</name>
      <ele>185.00</ele>
    </rtept>
    <rtept lat="45.64960618" lon="15.23056169" >
      <name>rte1_817</name>
      <ele>185.00</ele>
    </rtept>
    <rtept lat="45.64967359" lon="15.23060046" >
      <name>rte1_818</name>
      <ele>185.00</ele>
    </rtept>
    <rtept lat="45.64971403" lon="15.23062628" >
      <name>rte1_819</name>
      <ele>185.00</ele>
    </rtept>
    <rtept lat="45.64975898" lon="15.23064571" >
      <name>rte1_820</name>
      <ele>185.00</ele>
    </rtept>
    <rtept lat="45.64982195" lon="15.23065239" >
      <name>rte1_821</name>
      <ele>185.00</ele>
    </rtept>
    <rtept lat="45.64987597" lon="15.23063978" >
      <name>rte1_822</name>
      <ele>185.00</ele>
    </rtept>
    <rtept lat="45.64993001" lon="15.23061435" >
      <name>rte1_823</name>
      <ele>185.00</ele>
    </rtept>
    <rtept lat="45.64998408" lon="15.23057608" >
      <name>rte1_824</name>
      <ele>185.00</ele>
    </rtept>
    <rtept lat="45.65003365" lon="15.23053779" >
      <name>rte1_825</name>
      <ele>185.00</ele>
    </rtept>
    <rtept lat="45.65008770" lon="15.23050594" >
      <name>rte1_826</name>
      <ele>185.00</ele>
    </rtept>
    <rtept lat="45.65015073" lon="15.23048696" >
      <name>rte1_827</name>
      <ele>185.00</ele>
    </rtept>
    <rtept lat="45.65022270" lon="15.23049367" >
      <name>rte1_828</name>
      <ele>185.00</ele>
    </rtept>
    <rtept lat="45.65027218" lon="15.23050029" >
      <name>rte1_829</name>
      <ele>185.00</ele>
    </rtept>
    <rtept lat="45.65032165" lon="15.23050691" >
      <name>rte1_830</name>
      <ele>185.00</ele>
    </rtept>
    <rtept lat="45.65037112" lon="15.23051995" >
      <name>rte1_831</name>
      <ele>185.00</ele>
    </rtept>
    <rtept lat="45.65041608" lon="15.23053296" >
      <name>rte1_832</name>
      <ele>185.00</ele>
    </rtept>
    <rtept lat="45.65046103" lon="15.23055239" >
      <name>rte1_833</name>
      <ele>185.00</ele>
    </rtept>
    <rtept lat="45.65050600" lon="15.23056541" >
      <name>rte1_834</name>
      <ele>185.00</ele>
    </rtept>
    <rtept lat="45.65059140" lon="15.23060425" >
      <name>rte1_835</name>
      <ele>185.00</ele>
    </rtept>
    <rtept lat="45.65067231" lon="15.23064308" >
      <name>rte1_836</name>
      <ele>185.00</ele>
    </rtept>
    <rtept lat="45.65074872" lon="15.23068189" >
      <name>rte1_837</name>
      <ele>189.72</ele>
    </rtept>
    <rtept lat="45.65082511" lon="15.23072711" >
      <name>rte1_838</name>
      <ele>189.72</ele>
    </rtept>
    <rtept lat="45.65090150" lon="15.23077233" >
      <name>rte1_839</name>
      <ele>189.72</ele>
    </rtept>
    <rtept lat="45.65097788" lon="15.23082397" >
      <name>rte1_840</name>
      <ele>190.00</ele>
    </rtept>
    <rtept lat="45.65105428" lon="15.23086919" >
      <name>rte1_841</name>
      <ele>190.00</ele>
    </rtept>
    <rtept lat="45.65113067" lon="15.23091441" >
      <name>rte1_842</name>
      <ele>190.00</ele>
    </rtept>
    <rtept lat="45.65121156" lon="15.23095965" >
      <name>rte1_843</name>
      <ele>190.00</ele>
    </rtept>
    <rtept lat="45.65129697" lon="15.23099850" >
      <name>rte1_844</name>
      <ele>186.80</ele>
    </rtept>
    <rtept lat="45.65134192" lon="15.23101793" >
      <name>rte1_845</name>
      <ele>186.80</ele>
    </rtept>
    <rtept lat="45.65138687" lon="15.23103736" >
      <name>rte1_846</name>
      <ele>186.80</ele>
    </rtept>
    <rtept lat="45.65143632" lon="15.23105681" >
      <name>rte1_847</name>
      <ele>186.78</ele>
    </rtept>
    <rtept lat="45.65148577" lon="15.23107626" >
      <name>rte1_848</name>
      <ele>186.78</ele>
    </rtept>
    <rtept lat="45.65153524" lon="15.23108930" >
      <name>rte1_849</name>
      <ele>186.78</ele>
    </rtept>
    <rtept lat="45.65158919" lon="15.23110877" >
      <name>rte1_850</name>
      <ele>186.78</ele>
    </rtept>
    <rtept lat="45.65165217" lon="15.23110903" >
      <name>rte1_851</name>
      <ele>186.21</ele>
    </rtept>
    <rtept lat="45.65171068" lon="15.23110286" >
      <name>rte1_852</name>
      <ele>186.21</ele>
    </rtept>
    <rtept lat="45.65176469" lon="15.23109025" >
      <name>rte1_853</name>
      <ele>186.21</ele>
    </rtept>
    <rtept lat="45.65181872" lon="15.23107123" >
      <name>rte1_854</name>
      <ele>186.21</ele>
    </rtept>
    <rtept lat="45.65186826" lon="15.23104577" >
      <name>rte1_855</name>
      <ele>185.00</ele>
    </rtept>
    <rtept lat="45.65192679" lon="15.23102677" >
      <name>rte1_856</name>
      <ele>185.00</ele>
    </rtept>
    <rtept lat="45.65198980" lon="15.23101420" >
      <name>rte1_857</name>
      <ele>185.00</ele>
    </rtept>
    <rtept lat="45.65206179" lon="15.23101450" >
      <name>rte1_858</name>
      <ele>185.00</ele>
    </rtept>
    <rtept lat="45.65211128" lon="15.23101470" >
      <name>rte1_859</name>
      <ele>185.00</ele>
    </rtept>
    <rtept lat="45.65215623" lon="15.23103414" >
      <name>rte1_860</name>
      <ele>185.00</ele>
    </rtept>
    <rtept lat="45.65220118" lon="15.23105357" >
      <name>rte1_861</name>
      <ele>185.00</ele>
    </rtept>
    <rtept lat="45.65224161" lon="15.23108581" >
      <name>rte1_862</name>
      <ele>185.00</ele>
    </rtept>
    <rtept lat="45.65228655" lon="15.23111166" >
      <name>rte1_863</name>
      <ele>185.00</ele>
    </rtept>
    <rtept lat="45.65233149" lon="15.23113751" >
      <name>rte1_864</name>
      <ele>185.89</ele>
    </rtept>
    <rtept lat="45.65238094" lon="15.23115696" >
      <name>rte1_865</name>
      <ele>185.89</ele>
    </rtept>
    <rtept lat="45.65243939" lon="15.23117645" >
      <name>rte1_866</name>
      <ele>185.89</ele>
    </rtept>
    <rtept lat="45.65248888" lon="15.23117665" >
      <name>rte1_867</name>
      <ele>185.89</ele>
    </rtept>
    <rtept lat="45.65253835" lon="15.23118327" >
      <name>rte1_868</name>
      <ele>188.38</ele>
    </rtept>
    <rtept lat="45.65262834" lon="15.23118365" >
      <name>rte1_869</name>
      <ele>188.38</ele>
    </rtept>
    <rtept lat="45.65277674" lon="15.23121634" >
      <name>rte1_870</name>
      <ele>190.00</ele>
    </rtept>
    <rtept lat="45.65280809" lon="15.23128704" >
      <name>rte1_871</name>
      <ele>190.00</ele>
    </rtept>
    <rtept lat="45.65284393" lon="15.23136417" >
      <name>rte1_872</name>
      <ele>185.00</ele>
    </rtept>
    <rtept lat="45.65287975" lon="15.23144772" >
      <name>rte1_873</name>
      <ele>185.00</ele>
    </rtept>
    <rtept lat="45.65291558" lon="15.23152485" >
      <name>rte1_874</name>
      <ele>185.00</ele>
    </rtept>
    <rtept lat="45.65295141" lon="15.23160840" >
      <name>rte1_875</name>
      <ele>185.00</ele>
    </rtept>
    <rtept lat="45.65299171" lon="15.23169838" >
      <name>rte1_876</name>
      <ele>186.80</ele>
    </rtept>
    <rtept lat="45.65303202" lon="15.23178837" >
      <name>rte1_877</name>
      <ele>186.80</ele>
    </rtept>
    <rtept lat="45.65307680" lon="15.23189120" >
      <name>rte1_878</name>
      <ele>186.80</ele>
    </rtept>
    <rtept lat="45.65323339" lon="15.23232168" >
      <name>rte1_879</name>
      <ele>190.00</ele>
    </rtept>
    <rtept lat="45.65343540" lon="15.23254065" >
      <name>rte1_880</name>
      <ele>185.80</ele>
    </rtept>
    <rtept lat="45.65348032" lon="15.23257933" >
      <name>rte1_881</name>
      <ele>185.80</ele>
    </rtept>
    <rtept lat="45.65352971" lon="15.23262445" >
      <name>rte1_882</name>
      <ele>189.63</ele>
    </rtept>
    <rtept lat="45.65357011" lon="15.23266952" >
      <name>rte1_883</name>
      <ele>189.63</ele>
    </rtept>
    <rtept lat="45.65361050" lon="15.23272101" >
      <name>rte1_884</name>
      <ele>189.63</ele>
    </rtept>
    <rtept lat="45.65406006" lon="15.23289611" >
      <name>rte1_885</name>
      <ele>182.17</ele>
    </rtept>
    <rtept lat="45.65413188" lon="15.23297340" >
      <name>rte1_886</name>
      <ele>189.24</ele>
    </rtept>
    <rtept lat="45.65416328" lon="15.23301844" >
      <name>rte1_887</name>
      <ele>189.24</ele>
    </rtept>
    <rtept lat="45.65419919" lon="15.23306350" >
      <name>rte1_888</name>
      <ele>189.24</ele>
    </rtept>
    <rtept lat="45.65425749" lon="15.23315356" >
      <name>rte1_889</name>
      <ele>189.24</ele>
    </rtept>
    <rtept lat="45.65428438" lon="15.23320499" >
      <name>rte1_890</name>
      <ele>189.24</ele>
    </rtept>
    <rtept lat="45.65431577" lon="15.23325645" >
      <name>rte1_891</name>
      <ele>195.00</ele>
    </rtept>
    <rtept lat="45.65434265" lon="15.23330789" >
      <name>rte1_892</name>
      <ele>198.01</ele>
    </rtept>
    <rtept lat="45.65436953" lon="15.23336574" >
      <name>rte1_893</name>
      <ele>198.01</ele>
    </rtept>
    <rtept lat="45.65439642" lon="15.23341718" >
      <name>rte1_894</name>
      <ele>198.01</ele>
    </rtept>
    <rtept lat="45.65442328" lon="15.23348144" >
      <name>rte1_895</name>
      <ele>198.01</ele>
    </rtept>
    <rtept lat="45.65445016" lon="15.23353930" >
      <name>rte1_896</name>
      <ele>198.01</ele>
    </rtept>
    <rtept lat="45.65447702" lon="15.23360356" >
      <name>rte1_897</name>
      <ele>198.57</ele>
    </rtept>
    <rtept lat="45.65450837" lon="15.23367427" >
      <name>rte1_898</name>
      <ele>198.57</ele>
    </rtept>
    <rtept lat="45.65453972" lon="15.23374497" >
      <name>rte1_899</name>
      <ele>198.57</ele>
    </rtept>
    <rtept lat="45.65456209" lon="15.23380280" >
      <name>rte1_900</name>
      <ele>207.78</ele>
    </rtept>
    <rtept lat="45.65458897" lon="15.23386066" >
      <name>rte1_901</name>
      <ele>207.78</ele>
    </rtept>
    <rtept lat="45.65461134" lon="15.23391849" >
      <name>rte1_902</name>
      <ele>203.46</ele>
    </rtept>
    <rtept lat="45.65463372" lon="15.23397633" >
      <name>rte1_903</name>
      <ele>203.46</ele>
    </rtept>
    <rtept lat="45.65466061" lon="15.23402776" >
      <name>rte1_904</name>
      <ele>203.46</ele>
    </rtept>
    <rtept lat="45.65468299" lon="15.23408560" >
      <name>rte1_905</name>
      <ele>203.46</ele>
    </rtept>
    <rtept lat="45.65473226" lon="15.23418845" >
      <name>rte1_906</name>
      <ele>203.46</ele>
    </rtept>
    <rtept lat="45.65478154" lon="15.23429131" >
      <name>rte1_907</name>
      <ele>200.00</ele>
    </rtept>
    <rtept lat="45.65483083" lon="15.23438775" >
      <name>rte1_908</name>
      <ele>200.00</ele>
    </rtept>
    <rtept lat="45.65488464" lon="15.23447780" >
      <name>rte1_909</name>
      <ele>200.00</ele>
    </rtept>
    <rtept lat="45.65493845" lon="15.23456143" >
      <name>rte1_910</name>
      <ele>200.00</ele>
    </rtept>
    <rtept lat="45.65499228" lon="15.23463864" >
      <name>rte1_911</name>
      <ele>201.67</ele>
    </rtept>
    <rtept lat="45.65505512" lon="15.23470948" >
      <name>rte1_912</name>
      <ele>201.67</ele>
    </rtept>
    <rtept lat="45.65511798" lon="15.23477390" >
      <name>rte1_913</name>
      <ele>201.67</ele>
    </rtept>
    <rtept lat="45.65518985" lon="15.23483194" >
      <name>rte1_914</name>
      <ele>201.67</ele>
    </rtept>
    <rtept lat="45.65526624" lon="15.23487717" >
      <name>rte1_915</name>
      <ele>200.70</ele>
    </rtept>
    <rtept lat="45.65534713" lon="15.23492242" >
      <name>rte1_916</name>
      <ele>200.70</ele>
    </rtept>
    <rtept lat="45.65543254" lon="15.23495486" >
      <name>rte1_917</name>
      <ele>200.70</ele>
    </rtept>
    <rtept lat="45.65548201" lon="15.23496790" >
      <name>rte1_918</name>
      <ele>201.67</ele>
    </rtept>
    <rtept lat="45.65553147" lon="15.23498094" >
      <name>rte1_919</name>
      <ele>201.67</ele>
    </rtept>
    <rtept lat="45.65560793" lon="15.23499409" >
      <name>rte1_920</name>
      <ele>201.67</ele>
    </rtept>
    <rtept lat="45.65567989" lon="15.23500723" >
      <name>rte1_921</name>
      <ele>200.00</ele>
    </rtept>
    <rtept lat="45.65575183" lon="15.23502678" >
      <name>rte1_922</name>
      <ele>200.00</ele>
    </rtept>
    <rtept lat="45.65581928" lon="15.23504631" >
      <name>rte1_923</name>
      <ele>200.00</ele>
    </rtept>
    <rtept lat="45.65588673" lon="15.23506584" >
      <name>rte1_924</name>
      <ele>200.00</ele>
    </rtept>
    <rtept lat="45.65594967" lon="15.23508535" >
      <name>rte1_925</name>
      <ele>202.80</ele>
    </rtept>
    <rtept lat="45.65601261" lon="15.23511128" >
      <name>rte1_926</name>
      <ele>202.80</ele>
    </rtept>
    <rtept lat="45.65607106" lon="15.23513078" >
      <name>rte1_927</name>
      <ele>202.80</ele>
    </rtept>
    <rtept lat="45.65612949" lon="15.23515669" >
      <name>rte1_928</name>
      <ele>205.00</ele>
    </rtept>
    <rtept lat="45.65619244" lon="15.23517620" >
      <name>rte1_929</name>
      <ele>205.00</ele>
    </rtept>
    <rtept lat="45.65625087" lon="15.23520211" >
      <name>rte1_930</name>
      <ele>202.93</ele>
    </rtept>
    <rtept lat="45.65630932" lon="15.23522160" >
      <name>rte1_931</name>
      <ele>202.93</ele>
    </rtept>
    <rtept lat="45.65637226" lon="15.23524753" >
      <name>rte1_932</name>
      <ele>206.28</ele>
    </rtept>
    <rtept lat="45.65643520" lon="15.23526704" >
      <name>rte1_933</name>
      <ele>206.28</ele>
    </rtept>
    <rtept lat="45.65649815" lon="15.23528656" >
      <name>rte1_934</name>
      <ele>206.28</ele>
    </rtept>
    <rtept lat="45.65656559" lon="15.23531251" >
      <name>rte1_935</name>
      <ele>209.90</ele>
    </rtept>
    <rtept lat="45.65662855" lon="15.23532560" >
      <name>rte1_936</name>
      <ele>209.90</ele>
    </rtept>
    <rtept lat="45.65669599" lon="15.23534513" >
      <name>rte1_937</name>
      <ele>209.90</ele>
    </rtept>
    <rtept lat="45.65676794" lon="15.23536469" >
      <name>rte1_938</name>
      <ele>209.90</ele>
    </rtept>
    <rtept lat="45.65684438" lon="15.23538426" >
      <name>rte1_939</name>
      <ele>214.02</ele>
    </rtept>
    <rtept lat="45.65692984" lon="15.23539745" >
      <name>rte1_940</name>
      <ele>214.02</ele>
    </rtept>
    <rtept lat="45.65701530" lon="15.23541064" >
      <name>rte1_941</name>
      <ele>216.60</ele>
    </rtept>
    <rtept lat="45.65709175" lon="15.23542380" >
      <name>rte1_942</name>
      <ele>216.60</ele>
    </rtept>
    <rtept lat="45.65716820" lon="15.23544337" >
      <name>rte1_943</name>
      <ele>216.60</ele>
    </rtept>
    <rtept lat="45.65724016" lon="15.23545650" >
      <name>rte1_944</name>
      <ele>216.80</ele>
    </rtept>
    <rtept lat="45.65731210" lon="15.23547605" >
      <name>rte1_945</name>
      <ele>216.80</ele>
    </rtept>
    <rtept lat="45.65737955" lon="15.23549559" >
      <name>rte1_946</name>
      <ele>216.80</ele>
    </rtept>
    <rtept lat="45.65745148" lon="15.23552155" >
      <name>rte1_947</name>
      <ele>215.00</ele>
    </rtept>
    <rtept lat="45.65751442" lon="15.23554748" >
      <name>rte1_948</name>
      <ele>215.00</ele>
    </rtept>
    <rtept lat="45.65758185" lon="15.23557343" >
      <name>rte1_949</name>
      <ele>215.00</ele>
    </rtept>
    <rtept lat="45.65764925" lon="15.23561221" >
      <name>rte1_950</name>
      <ele>215.00</ele>
    </rtept>
    <rtept lat="45.65771666" lon="15.23565099" >
      <name>rte1_951</name>
      <ele>215.00</ele>
    </rtept>
    <rtept lat="45.65778405" lon="15.23569619" >
      <name>rte1_952</name>
      <ele>215.00</ele>
    </rtept>
    <rtept lat="45.65785593" lon="15.23574782" >
      <name>rte1_953</name>
      <ele>215.00</ele>
    </rtept>
    <rtept lat="45.65792780" lon="15.23580587" >
      <name>rte1_954</name>
      <ele>215.00</ele>
    </rtept>
    <rtept lat="45.65796372" lon="15.23583810" >
      <name>rte1_955</name>
      <ele>215.00</ele>
    </rtept>
    <rtept lat="45.65800414" lon="15.23587677" >
      <name>rte1_956</name>
      <ele>215.00</ele>
    </rtept>
    <rtept lat="45.65805803" lon="15.23592191" >
      <name>rte1_957</name>
      <ele>215.00</ele>
    </rtept>
    <rtept lat="45.65811644" lon="15.23596065" >
      <name>rte1_958</name>
      <ele>215.00</ele>
    </rtept>
    <rtept lat="45.65817035" lon="15.23599937" >
      <name>rte1_959</name>
      <ele>214.39</ele>
    </rtept>
    <rtept lat="45.65822427" lon="15.23603168" >
      <name>rte1_960</name>
      <ele>214.39</ele>
    </rtept>
    <rtept lat="45.65827822" lon="15.23605116" >
      <name>rte1_961</name>
      <ele>214.39</ele>
    </rtept>
    <rtept lat="45.65833216" lon="15.23607705" >
      <name>rte1_962</name>
      <ele>214.39</ele>
    </rtept>
    <rtept lat="45.65838612" lon="15.23609011" >
      <name>rte1_963</name>
      <ele>213.75</ele>
    </rtept>
    <rtept lat="45.65844008" lon="15.23610317" >
      <name>rte1_964</name>
      <ele>213.75</ele>
    </rtept>
    <rtept lat="45.65849404" lon="15.23611623" >
      <name>rte1_965</name>
      <ele>213.75</ele>
    </rtept>
    <rtept lat="45.65854353" lon="15.23611644" >
      <name>rte1_966</name>
      <ele>213.75</ele>
    </rtept>
    <rtept lat="45.65859751" lon="15.23612309" >
      <name>rte1_967</name>
      <ele>215.29</ele>
    </rtept>
    <rtept lat="45.65865150" lon="15.23612332" >
      <name>rte1_968</name>
      <ele>215.29</ele>
    </rtept>
    <rtept lat="45.65870549" lon="15.23612354" >
      <name>rte1_969</name>
      <ele>215.29</ele>
    </rtept>
    <rtept lat="45.65875949" lon="15.23611736" >
      <name>rte1_970</name>
      <ele>215.29</ele>
    </rtept>
    <rtept lat="45.65881799" lon="15.23611119" >
      <name>rte1_971</name>
      <ele>220.00</ele>
    </rtept>
    <rtept lat="45.65887648" lon="15.23611144" >
      <name>rte1_972</name>
      <ele>220.00</ele>
    </rtept>
    <rtept lat="45.65892150" lon="15.23609880" >
      <name>rte1_973</name>
      <ele>220.00</ele>
    </rtept>
    <rtept lat="45.65897100" lon="15.23609259" >
      <name>rte1_974</name>
      <ele>220.00</ele>
    </rtept>
    <rtept lat="45.65902500" lon="15.23608640" >
      <name>rte1_975</name>
      <ele>220.00</ele>
    </rtept>
    <rtept lat="45.65907451" lon="15.23608020" >
      <name>rte1_976</name>
      <ele>220.00</ele>
    </rtept>
    <rtept lat="45.65912851" lon="15.23607401" >
      <name>rte1_977</name>
      <ele>220.00</ele>
    </rtept>
    <rtept lat="45.65918250" lon="15.23607424" >
      <name>rte1_978</name>
      <ele>220.00</ele>
    </rtept>
    <rtept lat="45.65923650" lon="15.23606805" >
      <name>rte1_979</name>
      <ele>220.00</ele>
    </rtept>
    <rtept lat="45.65929499" lon="15.23606830" >
      <name>rte1_980</name>
      <ele>217.59</ele>
    </rtept>
    <rtept lat="45.65938050" lon="15.23605583" >
      <name>rte1_981</name>
      <ele>217.59</ele>
    </rtept>
    <rtept lat="45.65946600" lon="15.23604977" >
      <name>rte1_982</name>
      <ele>217.59</ele>
    </rtept>
    <rtept lat="45.65954699" lon="15.23604370" >
      <name>rte1_983</name>
      <ele>213.61</ele>
    </rtept>
    <rtept lat="45.65962349" lon="15.23603761" >
      <name>rte1_984</name>
      <ele>213.61</ele>
    </rtept>
    <rtept lat="45.65969549" lon="15.23603150" >
      <name>rte1_985</name>
      <ele>213.61</ele>
    </rtept>
    <rtept lat="45.65976748" lon="15.23603180" >
      <name>rte1_986</name>
      <ele>215.01</ele>
    </rtept>
    <rtept lat="45.65983946" lon="15.23603211" >
      <name>rte1_987</name>
      <ele>215.01</ele>
    </rtept>
    <rtept lat="45.65990695" lon="15.23603239" >
      <name>rte1_988</name>
      <ele>215.01</ele>
    </rtept>
    <rtept lat="45.65997442" lon="15.23603909" >
      <name>rte1_989</name>
      <ele>218.23</ele>
    </rtept>
    <rtept lat="45.66004639" lon="15.23604581" >
      <name>rte1_990</name>
      <ele>218.23</ele>
    </rtept>
    <rtept lat="45.66011835" lon="15.23605895" >
      <name>rte1_991</name>
      <ele>218.23</ele>
    </rtept>
    <rtept lat="45.66019030" lon="15.23607850" >
      <name>rte1_992</name>
      <ele>225.00</ele>
    </rtept>
    <rtept lat="45.66026223" lon="15.23610447" >
      <name>rte1_993</name>
      <ele>225.00</ele>
    </rtept>
    <rtept lat="45.66033866" lon="15.23613046" >
      <name>rte1_994</name>
      <ele>225.00</ele>
    </rtept>
    <rtept lat="45.66042408" lon="15.23616291" >
      <name>rte1_995</name>
      <ele>225.00</ele>
    </rtept>
    <rtept lat="45.66046453" lon="15.23618233" >
      <name>rte1_996</name>
      <ele>225.00</ele>
    </rtept>
    <rtept lat="45.66050947" lon="15.23620818" >
      <name>rte1_997</name>
      <ele>225.00</ele>
    </rtept>
    <rtept lat="45.66056790" lon="15.23623409" >
      <name>rte1_998</name>
      <ele>225.00</ele>
    </rtept>
    <rtept lat="45.66062184" lon="15.23625999" >
      <name>rte1_999</name>
      <ele>225.00</ele>
    </rtept>
    <rtept lat="45.66068027" lon="15.23628590" >
      <name>rte1_1000</name>
      <ele>225.00</ele>
    </rtept>
    <rtept lat="45.66073421" lon="15.23631179" >
      <name>rte1_1001</name>
      <ele>225.00</ele>
    </rtept>
    <rtept lat="45.66078364" lon="15.23633767" >
      <name>rte1_1002</name>
      <ele>225.00</ele>
    </rtept>
    <rtept lat="45.66083758" lon="15.23636356" >
      <name>rte1_1003</name>
      <ele>225.00</ele>
    </rtept>
    <rtept lat="45.66088703" lon="15.23638302" >
      <name>rte1_1004</name>
      <ele>225.00</ele>
    </rtept>
    <rtept lat="45.66093646" lon="15.23640890" >
      <name>rte1_1005</name>
      <ele>225.00</ele>
    </rtept>
    <rtept lat="45.66098591" lon="15.23642836" >
      <name>rte1_1006</name>
      <ele>225.00</ele>
    </rtept>
    <rtept lat="45.66103087" lon="15.23644779" >
      <name>rte1_1007</name>
      <ele>225.00</ele>
    </rtept>
    <rtept lat="45.66108030" lon="15.23647367" >
      <name>rte1_1008</name>
      <ele>225.00</ele>
    </rtept>
    <rtept lat="45.66112525" lon="15.23649311" >
      <name>rte1_1009</name>
      <ele>224.50</ele>
    </rtept>
    <rtept lat="45.66117470" lon="15.23651257" >
      <name>rte1_1010</name>
      <ele>224.50</ele>
    </rtept>
    <rtept lat="45.66121965" lon="15.23653201" >
      <name>rte1_1011</name>
      <ele>224.50</ele>
    </rtept>
    <rtept lat="45.66126460" lon="15.23655145" >
      <name>rte1_1012</name>
      <ele>224.50</ele>
    </rtept>
    <rtept lat="45.66130956" lon="15.23657089" >
      <name>rte1_1013</name>
      <ele>225.00</ele>
    </rtept>
    <rtept lat="45.66135451" lon="15.23659033" >
      <name>rte1_1014</name>
      <ele>225.00</ele>
    </rtept>
    <rtept lat="45.66139946" lon="15.23660977" >
      <name>rte1_1015</name>
      <ele>225.00</ele>
    </rtept>
    <rtept lat="45.66144891" lon="15.23662923" >
      <name>rte1_1016</name>
      <ele>225.00</ele>
    </rtept>
    <rtept lat="45.66149386" lon="15.23664867" >
      <name>rte1_1017</name>
      <ele>225.00</ele>
    </rtept>
    <rtept lat="45.66153881" lon="15.23666811" >
      <name>rte1_1018</name>
      <ele>225.00</ele>
    </rtept>
    <rtept lat="45.66158824" lon="15.23669398" >
      <name>rte1_1019</name>
      <ele>225.00</ele>
    </rtept>
    <rtept lat="45.66163769" lon="15.23671344" >
      <name>rte1_1020</name>
      <ele>225.00</ele>
    </rtept>
    <rtept lat="45.66168265" lon="15.23673288" >
      <name>rte1_1021</name>
      <ele>225.00</ele>
    </rtept>
    <rtept lat="45.66173658" lon="15.23675878" >
      <name>rte1_1022</name>
      <ele>230.00</ele>
    </rtept>
    <rtept lat="45.66178602" lon="15.23678465" >
      <name>rte1_1023</name>
      <ele>230.00</ele>
    </rtept>
    <rtept lat="45.66183545" lon="15.23681053" >
      <name>rte1_1024</name>
      <ele>230.00</ele>
    </rtept>
    <rtept lat="45.66188939" lon="15.23683642" >
      <name>rte1_1025</name>
      <ele>230.00</ele>
    </rtept>
    <rtept lat="45.66194332" lon="15.23686232" >
      <name>rte1_1026</name>
      <ele>230.00</ele>
    </rtept>
    <rtept lat="45.66200176" lon="15.23688823" >
      <name>rte1_1027</name>
      <ele>230.00</ele>
    </rtept>
    <rtept lat="45.66205568" lon="15.23692054" >
      <name>rte1_1028</name>
      <ele>230.00</ele>
    </rtept>
    <rtept lat="45.66211860" lon="15.23695289" >
      <name>rte1_1029</name>
      <ele>230.00</ele>
    </rtept>
    <rtept lat="45.66215905" lon="15.23697231" >
      <name>rte1_1030</name>
      <ele>230.00</ele>
    </rtept>
    <rtept lat="45.66220399" lon="15.23699817" >
      <name>rte1_1031</name>
      <ele>230.00</ele>
    </rtept>
    <rtept lat="45.66224893" lon="15.23702403" >
      <name>rte1_1032</name>
      <ele>230.00</ele>
    </rtept>
    <rtept lat="45.66228937" lon="15.23704986" >
      <name>rte1_1033</name>
      <ele>230.00</ele>
    </rtept>
    <rtept lat="45.66237026" lon="15.23709512" >
      <name>rte1_1034</name>
      <ele>230.00</ele>
    </rtept>
    <rtept lat="45.66244663" lon="15.23714678" >
      <name>rte1_1035</name>
      <ele>236.55</ele>
    </rtept>
    <rtept lat="45.66252302" lon="15.23719202" >
      <name>rte1_1036</name>
      <ele>236.55</ele>
    </rtept>
    <rtept lat="45.66259491" lon="15.23723724" >
      <name>rte1_1037</name>
      <ele>236.55</ele>
    </rtept>
    <rtept lat="45.66266681" lon="15.23728246" >
      <name>rte1_1038</name>
      <ele>240.00</ele>
    </rtept>
    <rtept lat="45.66273871" lon="15.23732127" >
      <name>rte1_1039</name>
      <ele>240.00</ele>
    </rtept>
    <rtept lat="45.66281063" lon="15.23735366" >
      <name>rte1_1040</name>
      <ele>240.00</ele>
    </rtept>
    <rtept lat="45.66288705" lon="15.23738607" >
      <name>rte1_1041</name>
      <ele>240.00</ele>
    </rtept>
    <rtept lat="45.66295899" lon="15.23740562" >
      <name>rte1_1042</name>
      <ele>240.00</ele>
    </rtept>
    <rtept lat="45.66303995" lon="15.23741880" >
      <name>rte1_1043</name>
      <ele>240.00</ele>
    </rtept>
    <rtept lat="45.66311642" lon="15.23742554" >
      <name>rte1_1044</name>
      <ele>243.80</ele>
    </rtept>
    <rtept lat="45.66320190" lon="15.23742591" >
      <name>rte1_1045</name>
      <ele>243.80</ele>
    </rtept>
    <rtept lat="45.66324691" lon="15.23741968" >
      <name>rte1_1046</name>
      <ele>243.80</ele>
    </rtept>
    <rtept lat="45.66329191" lon="15.23741346" >
      <name>rte1_1047</name>
      <ele>243.80</ele>
    </rtept>
    <rtept lat="45.66333692" lon="15.23740723" >
      <name>rte1_1048</name>
      <ele>250.00</ele>
    </rtept>
    <rtept lat="45.66338643" lon="15.23739461" >
      <name>rte1_1049</name>
      <ele>250.00</ele>
    </rtept>
    <rtept lat="45.66346298" lon="15.23736285" >
      <name>rte1_1050</name>
      <ele>250.00</ele>
    </rtept>
    <rtept lat="45.66353505" lon="15.23732466" >
      <name>rte1_1051</name>
      <ele>253.18</ele>
    </rtept>
    <rtept lat="45.66360262" lon="15.23728645" >
      <name>rte1_1052</name>
      <ele>253.18</ele>
    </rtept>
    <rtept lat="45.66367018" lon="15.23724824" >
      <name>rte1_1053</name>
      <ele>253.18</ele>
    </rtept>
    <rtept lat="45.66372877" lon="15.23720357" >
      <name>rte1_1054</name>
      <ele>253.18</ele>
    </rtept>
    <rtept lat="45.66378286" lon="15.23715247" >
      <name>rte1_1055</name>
      <ele>255.00</ele>
    </rtept>
    <rtept lat="45.66384146" lon="15.23710138" >
      <name>rte1_1056</name>
      <ele>253.21</ele>
    </rtept>
    <rtept lat="45.66389554" lon="15.23705670" >
      <name>rte1_1057</name>
      <ele>253.21</ele>
    </rtept>
    <rtept lat="45.66394964" lon="15.23700559" >
      <name>rte1_1058</name>
      <ele>253.21</ele>
    </rtept>
    <rtept lat="45.66400374" lon="15.23695449" >
      <name>rte1_1059</name>
      <ele>251.77</ele>
    </rtept>
    <rtept lat="45.66406233" lon="15.23690341" >
      <name>rte1_1060</name>
      <ele>251.77</ele>
    </rtept>
    <rtept lat="45.66412093" lon="15.23685232" >
      <name>rte1_1061</name>
      <ele>251.77</ele>
    </rtept>
    <rtept lat="45.66417951" lon="15.23680765" >
      <name>rte1_1062</name>
      <ele>250.87</ele>
    </rtept>
    <rtept lat="45.66424709" lon="15.23676302" >
      <name>rte1_1063</name>
      <ele>251.24</ele>
    </rtept>
    <rtept lat="45.66431917" lon="15.23671841" >
      <name>rte1_1064</name>
      <ele>251.24</ele>
    </rtept>
    <rtept lat="45.66440022" lon="15.23668667" >
      <name>rte1_1065</name>
      <ele>251.24</ele>
    </rtept>
    <rtept lat="45.66445877" lon="15.23665484" >
      <name>rte1_1066</name>
      <ele>251.16</ele>
    </rtept>
    <rtept lat="45.66451733" lon="15.23662300" >
      <name>rte1_1067</name>
      <ele>251.16</ele>
    </rtept>
    <rtept lat="45.66458038" lon="15.23659119" >
      <name>rte1_1068</name>
      <ele>251.16</ele>
    </rtept>
    <rtept lat="45.66464342" lon="15.23656579" >
      <name>rte1_1069</name>
      <ele>251.16</ele>
    </rtept>
    <rtept lat="45.66470198" lon="15.23653395" >
      <name>rte1_1070</name>
      <ele>250.00</ele>
    </rtept>
    <rtept lat="45.66476501" lon="15.23651497" >
      <name>rte1_1071</name>
      <ele>250.00</ele>
    </rtept>
    <rtept lat="45.66482353" lon="15.23649597" >
      <name>rte1_1072</name>
      <ele>254.64</ele>
    </rtept>
    <rtept lat="45.66488205" lon="15.23648338" >
      <name>rte1_1073</name>
      <ele>254.64</ele>
    </rtept>
    <rtept lat="45.66494055" lon="15.23647722" >
      <name>rte1_1074</name>
      <ele>251.90</ele>
    </rtept>
    <rtept lat="45.66499454" lon="15.23647744" >
      <name>rte1_1075</name>
      <ele>251.90</ele>
    </rtept>
    <rtept lat="45.66504400" lon="15.23649049" >
      <name>rte1_1076</name>
      <ele>251.90</ele>
    </rtept>
    <rtept lat="45.66508895" lon="15.23650993" >
      <name>rte1_1077</name>
      <ele>250.78</ele>
    </rtept>
    <rtept lat="45.66512938" lon="15.23654218" >
      <name>rte1_1078</name>
      <ele>256.95</ele>
    </rtept>
    <rtept lat="45.66516528" lon="15.23658725" >
      <name>rte1_1079</name>
      <ele>256.95</ele>
    </rtept>
    <rtept lat="45.66519214" lon="15.23665154" >
      <name>rte1_1080</name>
      <ele>256.95</ele>
    </rtept>
    <rtept lat="45.66521897" lon="15.23672865" >
      <name>rte1_1081</name>
      <ele>256.95</ele>
    </rtept>
    <rtept lat="45.66523679" lon="15.23681215" >
      <name>rte1_1082</name>
      <ele>256.95</ele>
    </rtept>
    <rtept lat="45.66525462" lon="15.23689564" >
      <name>rte1_1083</name>
      <ele>257.69</ele>
    </rtept>
    <rtept lat="45.66527694" lon="15.23697915" >
      <name>rte1_1084</name>
      <ele>257.69</ele>
    </rtept>
    <rtept lat="45.66529927" lon="15.23705625" >
      <name>rte1_1085</name>
      <ele>257.69</ele>
    </rtept>
    <rtept lat="45.66532161" lon="15.23713335" >
      <name>rte1_1086</name>
      <ele>257.69</ele>
    </rtept>
    <rtept lat="45.66534394" lon="15.23721044" >
      <name>rte1_1087</name>
      <ele>260.00</ele>
    </rtept>
    <rtept lat="45.66537080" lon="15.23727473" >
      <name>rte1_1088</name>
      <ele>260.00</ele>
    </rtept>
    <rtept lat="45.66540215" lon="15.23734544" >
      <name>rte1_1089</name>
      <ele>260.00</ele>
    </rtept>
    <rtept lat="45.66542902" lon="15.23740331" >
      <name>rte1_1090</name>
      <ele>260.00</ele>
    </rtept>
    <rtept lat="45.66546489" lon="15.23746121" >
      <name>rte1_1091</name>
      <ele>260.00</ele>
    </rtept>
    <rtept lat="45.66550528" lon="15.23751272" >
      <name>rte1_1092</name>
      <ele>260.00</ele>
    </rtept>
    <rtept lat="45.66554567" lon="15.23755781" >
      <name>rte1_1093</name>
      <ele>260.00</ele>
    </rtept>
    <rtept lat="45.66559058" lon="15.23759650" >
      <name>rte1_1094</name>
      <ele>261.90</ele>
    </rtept>
    <rtept lat="45.66564001" lon="15.23762880" >
      <name>rte1_1095</name>
      <ele>261.90</ele>
    </rtept>
    <rtept lat="45.66569844" lon="15.23765471" >
      <name>rte1_1096</name>
      <ele>261.90</ele>
    </rtept>
    <rtept lat="45.66576138" lon="15.23768065" >
      <name>rte1_1097</name>
      <ele>261.90</ele>
    </rtept>
    <rtept lat="45.66583782" lon="15.23770023" >
      <name>rte1_1098</name>
      <ele>265.00</ele>
    </rtept>
    <rtept lat="45.66591428" lon="15.23771339" >
      <name>rte1_1099</name>
      <ele>265.00</ele>
    </rtept>
    <rtept lat="45.66598622" lon="15.23773294" >
      <name>rte1_1100</name>
      <ele>265.00</ele>
    </rtept>
    <rtept lat="45.66605368" lon="15.23774607" >
      <name>rte1_1101</name>
      <ele>265.00</ele>
    </rtept>
    <rtept lat="45.66612113" lon="15.23776560" >
      <name>rte1_1102</name>
      <ele>265.00</ele>
    </rtept>
    <rtept lat="45.66618407" lon="15.23778512" >
      <name>rte1_1103</name>
      <ele>265.00</ele>
    </rtept>
    <rtept lat="45.66624702" lon="15.23780464" >
      <name>rte1_1104</name>
      <ele>265.00</ele>
    </rtept>
    <rtept lat="45.66630997" lon="15.23782416" >
      <name>rte1_1105</name>
      <ele>265.00</ele>
    </rtept>
    <rtept lat="45.66637290" lon="15.23785010" >
      <name>rte1_1106</name>
      <ele>265.00</ele>
    </rtept>
    <rtept lat="45.66643132" lon="15.23788243" >
      <name>rte1_1107</name>
      <ele>265.00</ele>
    </rtept>
    <rtept lat="45.66648974" lon="15.23791477" >
      <name>rte1_1108</name>
      <ele>265.00</ele>
    </rtept>
    <rtept lat="45.66655265" lon="15.23795354" >
      <name>rte1_1109</name>
      <ele>265.00</ele>
    </rtept>
    <rtept lat="45.66661554" lon="15.23799872" >
      <name>rte1_1110</name>
      <ele>265.00</ele>
    </rtept>
    <rtept lat="45.66667392" lon="15.23805031" >
      <name>rte1_1111</name>
      <ele>265.00</ele>
    </rtept>
    <rtept lat="45.66674129" lon="15.23810835" >
      <name>rte1_1112</name>
      <ele>265.00</ele>
    </rtept>
    <rtept lat="45.66680863" lon="15.23817922" >
      <name>rte1_1113</name>
      <ele>258.89</ele>
    </rtept>
    <rtept lat="45.66684904" lon="15.23821790" >
      <name>rte1_1114</name>
      <ele>258.89</ele>
    </rtept>
    <rtept lat="45.66688943" lon="15.23826299" >
      <name>rte1_1115</name>
      <ele>258.89</ele>
    </rtept>
    <rtept lat="45.66692985" lon="15.23830166" >
      <name>rte1_1116</name>
      <ele>258.17</ele>
    </rtept>
    <rtept lat="45.66696576" lon="15.23834032" >
      <name>rte1_1117</name>
      <ele>258.17</ele>
    </rtept>
    <rtept lat="45.66700615" lon="15.23838541" >
      <name>rte1_1118</name>
      <ele>258.17</ele>
    </rtept>
    <rtept lat="45.66704207" lon="15.23842407" >
      <name>rte1_1119</name>
      <ele>258.17</ele>
    </rtept>
    <rtept lat="45.66711390" lon="15.23849496" >
      <name>rte1_1120</name>
      <ele>255.52</ele>
    </rtept>
    <rtept lat="45.66718124" lon="15.23856584" >
      <name>rte1_1121</name>
      <ele>257.58</ele>
    </rtept>
    <rtept lat="45.66724408" lon="15.23863669" >
      <name>rte1_1122</name>
      <ele>257.58</ele>
    </rtept>
    <rtept lat="45.66731142" lon="15.23870757" >
      <name>rte1_1123</name>
      <ele>257.58</ele>
    </rtept>
    <rtept lat="45.66737426" lon="15.23877843" >
      <name>rte1_1124</name>
      <ele>256.03</ele>
    </rtept>
    <rtept lat="45.66744161" lon="15.23884288" >
      <name>rte1_1125</name>
      <ele>256.03</ele>
    </rtept>
    <rtept lat="45.66750445" lon="15.23891374" >
      <name>rte1_1126</name>
      <ele>256.03</ele>
    </rtept>
    <rtept lat="45.66757180" lon="15.23897820" >
      <name>rte1_1127</name>
      <ele>256.03</ele>
    </rtept>
    <rtept lat="45.66764363" lon="15.23904910" >
      <name>rte1_1128</name>
      <ele>252.50</ele>
    </rtept>
    <rtept lat="45.66771547" lon="15.23911999" >
      <name>rte1_1129</name>
      <ele>252.73</ele>
    </rtept>
    <rtept lat="45.66775588" lon="15.23915867" >
      <name>rte1_1130</name>
      <ele>252.73</ele>
    </rtept>
    <rtept lat="45.66779629" lon="15.23919734" >
      <name>rte1_1131</name>
      <ele>252.73</ele>
    </rtept>
    <rtept lat="45.66783670" lon="15.23923602" >
      <name>rte1_1132</name>
      <ele>250.00</ele>
    </rtept>
    <rtept lat="45.66787711" lon="15.23927470" >
      <name>rte1_1133</name>
      <ele>250.00</ele>
    </rtept>
    <rtept lat="45.66792202" lon="15.23931339" >
      <name>rte1_1134</name>
      <ele>250.00</ele>
    </rtept>
    <rtept lat="45.66796692" lon="15.23935850" >
      <name>rte1_1135</name>
      <ele>250.00</ele>
    </rtept>
    <rtept lat="45.66802081" lon="15.23940366" >
      <name>rte1_1136</name>
      <ele>250.00</ele>
    </rtept>
    <rtept lat="45.66807472" lon="15.23944239" >
      <name>rte1_1137</name>
      <ele>250.00</ele>
    </rtept>
    <rtept lat="45.66813311" lon="15.23948756" >
      <name>rte1_1138</name>
      <ele>250.00</ele>
    </rtept>
    <rtept lat="45.66819152" lon="15.23952631" >
      <name>rte1_1139</name>
      <ele>250.00</ele>
    </rtept>
    <rtept lat="45.66824993" lon="15.23956507" >
      <name>rte1_1140</name>
      <ele>250.00</ele>
    </rtept>
    <rtept lat="45.66830833" lon="15.23960382" >
      <name>rte1_1141</name>
      <ele>250.00</ele>
    </rtept>
    <rtept lat="45.66836223" lon="15.23964897" >
      <name>rte1_1142</name>
      <ele>250.00</ele>
    </rtept>
    <rtept lat="45.66841164" lon="15.23968769" >
      <name>rte1_1143</name>
      <ele>250.00</ele>
    </rtept>
    <rtept lat="45.66846103" lon="15.23973282" >
      <name>rte1_1144</name>
      <ele>250.00</ele>
    </rtept>
    <rtept lat="45.66850142" lon="15.23978433" >
      <name>rte1_1145</name>
      <ele>250.00</ele>
    </rtept>
    <rtept lat="45.66853730" lon="15.23983582" >
      <name>rte1_1146</name>
      <ele>250.00</ele>
    </rtept>
    <rtept lat="45.66856866" lon="15.23990013" >
      <name>rte1_1147</name>
      <ele>250.00</ele>
    </rtept>
    <rtept lat="45.66859102" lon="15.23996440" >
      <name>rte1_1148</name>
      <ele>250.00</ele>
    </rtept>
    <rtept lat="45.66860886" lon="15.24003506" >
      <name>rte1_1149</name>
      <ele>250.00</ele>
    </rtept>
    <rtept lat="45.66861319" lon="15.24011851" >
      <name>rte1_1150</name>
      <ele>250.00</ele>
    </rtept>
    <rtept lat="45.66861300" lon="15.24020835" >
      <name>rte1_1151</name>
      <ele>250.00</ele>
    </rtept>
    <rtept lat="45.66859924" lon="15.24033021" >
      <name>rte1_1152</name>
      <ele>250.00</ele>
    </rtept>
    <rtept lat="45.66858998" lon="15.24045210" >
      <name>rte1_1153</name>
      <ele>252.03</ele>
    </rtept>
    <rtept lat="45.66858523" lon="15.24057401" >
      <name>rte1_1154</name>
      <ele>252.03</ele>
    </rtept>
    <rtept lat="45.66858947" lon="15.24069595" >
      <name>rte1_1155</name>
      <ele>253.80</ele>
    </rtept>
    <rtept lat="45.66859372" lon="15.24081148" >
      <name>rte1_1156</name>
      <ele>253.80</ele>
    </rtept>
    <rtept lat="45.66860699" lon="15.24092063" >
      <name>rte1_1157</name>
      <ele>253.80</ele>
    </rtept>
    <rtept lat="45.66862025" lon="15.24102978" >
      <name>rte1_1158</name>
      <ele>254.75</ele>
    </rtept>
    <rtept lat="45.66864251" lon="15.24113897" >
      <name>rte1_1159</name>
      <ele>254.75</ele>
    </rtept>
    <rtept lat="45.66866479" lon="15.24124174" >
      <name>rte1_1160</name>
      <ele>254.75</ele>
    </rtept>
    <rtept lat="45.66869607" lon="15.24134455" >
      <name>rte1_1161</name>
      <ele>254.01</ele>
    </rtept>
    <rtept lat="45.66873187" lon="15.24143454" >
      <name>rte1_1162</name>
      <ele>257.88</ele>
    </rtept>
    <rtept lat="45.66877215" lon="15.24153098" >
      <name>rte1_1163</name>
      <ele>257.88</ele>
    </rtept>
    <rtept lat="45.66882145" lon="15.24162103" >
      <name>rte1_1164</name>
      <ele>257.88</ele>
    </rtept>
    <rtept lat="45.66887077" lon="15.24170467" >
      <name>rte1_1165</name>
      <ele>258.96</ele>
    </rtept>
    <rtept lat="45.66892909" lon="15.24178193" >
      <name>rte1_1166</name>
      <ele>270.00</ele>
    </rtept>
    <rtept lat="45.66899191" lon="15.24185921" >
      <name>rte1_1167</name>
      <ele>270.00</ele>
    </rtept>
    <rtept lat="45.66924303" lon="15.24225175" >
      <name>rte1_1168</name>
      <ele>270.00</ele>
    </rtept>
    <rtept lat="45.66930600" lon="15.24225844" >
      <name>rte1_1169</name>
      <ele>270.00</ele>
    </rtept>
    <rtept lat="45.66936894" lon="15.24227796" >
      <name>rte1_1170</name>
      <ele>270.00</ele>
    </rtept>
    <rtept lat="45.66943640" lon="15.24229109" >
      <name>rte1_1171</name>
      <ele>272.40</ele>
    </rtept>
    <rtept lat="45.66950386" lon="15.24230422" >
      <name>rte1_1172</name>
      <ele>270.00</ele>
    </rtept>
    <rtept lat="45.66957134" lon="15.24231093" >
      <name>rte1_1173</name>
      <ele>270.00</ele>
    </rtept>
    <rtept lat="45.66964332" lon="15.24231124" >
      <name>rte1_1174</name>
      <ele>270.00</ele>
    </rtept>
    <rtept lat="45.66971082" lon="15.24230512" >
      <name>rte1_1175</name>
      <ele>270.00</ele>
    </rtept>
    <rtept lat="45.66978735" lon="15.24228620" >
      <name>rte1_1176</name>
      <ele>280.00</ele>
    </rtept>
    <rtept lat="45.66983241" lon="15.24225431" >
      <name>rte1_1177</name>
      <ele>280.00</ele>
    </rtept>
    <rtept lat="45.66987748" lon="15.24221600" >
      <name>rte1_1178</name>
      <ele>280.00</ele>
    </rtept>
    <rtept lat="45.66991358" lon="15.24216482" >
      <name>rte1_1179</name>
      <ele>280.00</ele>
    </rtept>
    <rtept lat="45.66994967" lon="15.24212006" >
      <name>rte1_1180</name>
      <ele>280.00</ele>
    </rtept>
    <rtept lat="45.66998576" lon="15.24207529" >
      <name>rte1_1181</name>
      <ele>280.00</ele>
    </rtept>
    <rtept lat="45.67002633" lon="15.24203696" >
      <name>rte1_1182</name>
      <ele>280.00</ele>
    </rtept>
    <rtept lat="45.67007138" lon="15.24201149" >
      <name>rte1_1183</name>
      <ele>280.00</ele>
    </rtept>
    <rtept lat="45.67012538" lon="15.24200531" >
      <name>rte1_1184</name>
      <ele>280.00</ele>
    </rtept>
    <rtept lat="45.67019738" lon="15.24199920" >
      <name>rte1_1185</name>
      <ele>280.00</ele>
    </rtept>
    <rtept lat="45.67026485" lon="15.24200591" >
      <name>rte1_1186</name>
      <ele>280.00</ele>
    </rtept>
    <rtept lat="45.67033231" lon="15.24201904" >
      <name>rte1_1187</name>
      <ele>281.60</ele>
    </rtept>
    <rtept lat="45.67039077" lon="15.24203213" >
      <name>rte1_1188</name>
      <ele>281.60</ele>
    </rtept>
    <rtept lat="45.67045370" lon="15.24205807" >
      <name>rte1_1189</name>
      <ele>281.60</ele>
    </rtept>
    <rtept lat="45.67050764" lon="15.24208398" >
      <name>rte1_1190</name>
      <ele>285.80</ele>
    </rtept>
    <rtept lat="45.67056156" lon="15.24211630" >
      <name>rte1_1191</name>
      <ele>285.80</ele>
    </rtept>
    <rtept lat="45.67061998" lon="15.24214864" >
      <name>rte1_1192</name>
      <ele>285.80</ele>
    </rtept>
    <rtept lat="45.67067389" lon="15.24218738" >
      <name>rte1_1193</name>
      <ele>285.80</ele>
    </rtept>
    <rtept lat="45.67072781" lon="15.24221970" >
      <name>rte1_1194</name>
      <ele>290.00</ele>
    </rtept>
    <rtept lat="45.67078621" lon="15.24225846" >
      <name>rte1_1195</name>
      <ele>290.00</ele>
    </rtept>
    <rtept lat="45.67084463" lon="15.24229080" >
      <name>rte1_1196</name>
      <ele>290.00</ele>
    </rtept>
    <rtept lat="45.67090755" lon="15.24232316" >
      <name>rte1_1197</name>
      <ele>290.00</ele>
    </rtept>
    <rtept lat="45.67097048" lon="15.24234910" >
      <name>rte1_1198</name>
      <ele>290.00</ele>
    </rtept>
    <rtept lat="45.67104241" lon="15.24237508" >
      <name>rte1_1199</name>
      <ele>290.00</ele>
    </rtept>
    <rtept lat="45.67111884" lon="15.24240109" >
      <name>rte1_1200</name>
      <ele>290.00</ele>
    </rtept>
    <rtept lat="45.67118183" lon="15.24240136" >
      <name>rte1_1201</name>
      <ele>290.00</ele>
    </rtept>
    <rtept lat="45.67124033" lon="15.24239520" >
      <name>rte1_1202</name>
      <ele>290.00</ele>
    </rtept>
    <rtept lat="45.67129435" lon="15.24238260" >
      <name>rte1_1203</name>
      <ele>290.00</ele>
    </rtept>
    <rtept lat="45.67135289" lon="15.24235718" >
      <name>rte1_1204</name>
      <ele>290.00</ele>
    </rtept>
    <rtept lat="45.67151110" lon="15.24201132" >
      <name>rte1_1205</name>
      <ele>291.20</ele>
    </rtept>
    <rtept lat="45.67148431" lon="15.24191495" >
      <name>rte1_1206</name>
      <ele>290.00</ele>
    </rtept>
    <rtept lat="45.67146201" lon="15.24182500" >
      <name>rte1_1207</name>
      <ele>290.00</ele>
    </rtept>
    <rtept lat="45.67144869" lon="15.24174152" >
      <name>rte1_1208</name>
      <ele>290.00</ele>
    </rtept>
    <rtept lat="45.67143535" lon="15.24166445" >
      <name>rte1_1209</name>
      <ele>290.00</ele>
    </rtept>
    <rtept lat="45.67142203" lon="15.24158096" >
      <name>rte1_1210</name>
      <ele>290.00</ele>
    </rtept>
    <rtept lat="45.67141771" lon="15.24149752" >
      <name>rte1_1211</name>
      <ele>290.00</ele>
    </rtept>
    <rtept lat="45.67141341" lon="15.24140766" >
      <name>rte1_1212</name>
      <ele>290.00</ele>
    </rtept>
    <rtept lat="45.67141361" lon="15.24131139" >
      <name>rte1_1213</name>
      <ele>283.70</ele>
    </rtept>
    <rtept lat="45.67140926" lon="15.24124078" >
      <name>rte1_1214</name>
      <ele>283.70</ele>
    </rtept>
    <rtept lat="45.67141390" lon="15.24117663" >
      <name>rte1_1215</name>
      <ele>283.70</ele>
    </rtept>
    <rtept lat="45.67145912" lon="15.24106773" >
      <name>rte1_1216</name>
      <ele>283.70</ele>
    </rtept>
    <rtept lat="45.67148625" lon="15.24100367" >
      <name>rte1_1217</name>
      <ele>280.00</ele>
    </rtept>
    <rtept lat="45.67151787" lon="15.24094605" >
      <name>rte1_1218</name>
      <ele>280.00</ele>
    </rtept>
    <rtept lat="45.67154947" lon="15.24089484" >
      <name>rte1_1219</name>
      <ele>280.00</ele>
    </rtept>
    <rtept lat="45.67158556" lon="15.24085008" >
      <name>rte1_1220</name>
      <ele>280.00</ele>
    </rtept>
    <rtept lat="45.67162165" lon="15.24080531" >
      <name>rte1_1221</name>
      <ele>280.00</ele>
    </rtept>
    <rtept lat="45.67165772" lon="15.24076696" >
      <name>rte1_1222</name>
      <ele>280.00</ele>
    </rtept>
    <rtept lat="45.67169829" lon="15.24072863" >
      <name>rte1_1223</name>
      <ele>280.00</ele>
    </rtept>
    <rtept lat="45.67173435" lon="15.24069670" >
      <name>rte1_1224</name>
      <ele>275.83</ele>
    </rtept>
    <rtept lat="45.67177491" lon="15.24066479" >
      <name>rte1_1225</name>
      <ele>275.83</ele>
    </rtept>
    <rtept lat="45.67181546" lon="15.24063929" >
      <name>rte1_1226</name>
      <ele>275.83</ele>
    </rtept>
    <rtept lat="45.67185601" lon="15.24061380" >
      <name>rte1_1227</name>
      <ele>278.30</ele>
    </rtept>
    <rtept lat="45.67190105" lon="15.24058832" >
      <name>rte1_1228</name>
      <ele>278.30</ele>
    </rtept>
    <rtept lat="45.67198213" lon="15.24054375" >
      <name>rte1_1229</name>
      <ele>278.30</ele>
    </rtept>
    <rtept lat="45.67202268" lon="15.24051825" >
      <name>rte1_1230</name>
      <ele>278.30</ele>
    </rtept>
    <rtept lat="45.67206771" lon="15.24049919" >
      <name>rte1_1231</name>
      <ele>278.30</ele>
    </rtept>
    <rtept lat="45.67214429" lon="15.24045460" >
      <name>rte1_1232</name>
      <ele>280.00</ele>
    </rtept>
    <rtept lat="45.67222088" lon="15.24040359" >
      <name>rte1_1233</name>
      <ele>280.00</ele>
    </rtept>
    <rtept lat="45.67229298" lon="15.24035256" >
      <name>rte1_1234</name>
      <ele>270.00</ele>
    </rtept>
    <rtept lat="45.67236060" lon="15.24028868" >
      <name>rte1_1235</name>
      <ele>275.80</ele>
    </rtept>
    <rtept lat="45.67242375" lon="15.24021194" >
      <name>rte1_1236</name>
      <ele>275.80</ele>
    </rtept>
    <rtept lat="45.67247793" lon="15.24012233" >
      <name>rte1_1237</name>
      <ele>275.80</ele>
    </rtept>
    <rtept lat="45.67252764" lon="15.24001986" >
      <name>rte1_1238</name>
      <ele>276.50</ele>
    </rtept>
    <rtept lat="45.67254575" lon="15.23996218" >
      <name>rte1_1239</name>
      <ele>276.50</ele>
    </rtept>
    <rtept lat="45.67256839" lon="15.23989810" >
      <name>rte1_1240</name>
      <ele>276.50</ele>
    </rtept>
    <rtept lat="45.67259113" lon="15.23978268" >
      <name>rte1_1241</name>
      <ele>276.50</ele>
    </rtept>
    <rtept lat="45.67260935" lon="15.23967366" >
      <name>rte1_1242</name>
      <ele>274.60</ele>
    </rtept>
    <rtept lat="45.67262757" lon="15.23957105" >
      <name>rte1_1243</name>
      <ele>274.60</ele>
    </rtept>
    <rtept lat="45.67263677" lon="15.23947483" >
      <name>rte1_1244</name>
      <ele>274.60</ele>
    </rtept>
    <rtept lat="45.67264147" lon="15.23937858" >
      <name>rte1_1245</name>
      <ele>270.00</ele>
    </rtept>
    <rtept lat="45.67264617" lon="15.23928234" >
      <name>rte1_1246</name>
      <ele>270.00</ele>
    </rtept>
    <rtept lat="45.67265086" lon="15.23919251" >
      <name>rte1_1247</name>
      <ele>270.00</ele>
    </rtept>
    <rtept lat="45.67265106" lon="15.23909625" >
      <name>rte1_1248</name>
      <ele>270.00</ele>
    </rtept>
    <rtept lat="45.67265125" lon="15.23900640" >
      <name>rte1_1249</name>
      <ele>270.00</ele>
    </rtept>
    <rtept lat="45.67265146" lon="15.23891014" >
      <name>rte1_1250</name>
      <ele>270.00</ele>
    </rtept>
    <rtept lat="45.67265614" lon="15.23882031" >
      <name>rte1_1251</name>
      <ele>270.00</ele>
    </rtept>
    <rtept lat="45.67265635" lon="15.23872405" >
      <name>rte1_1252</name>
      <ele>270.00</ele>
    </rtept>
    <rtept lat="45.67266106" lon="15.23862139" >
      <name>rte1_1253</name>
      <ele>270.00</ele>
    </rtept>
    <rtept lat="45.67267028" lon="15.23851874" >
      <name>rte1_1254</name>
      <ele>270.00</ele>
    </rtept>
    <rtept lat="45.67268400" lon="15.23840970" >
      <name>rte1_1255</name>
      <ele>270.00</ele>
    </rtept>
    <rtept lat="45.67270223" lon="15.23830068" >
      <name>rte1_1256</name>
      <ele>270.00</ele>
    </rtept>
    <rtept lat="45.67271138" lon="15.23823013" >
      <name>rte1_1257</name>
      <ele>270.00</ele>
    </rtept>
    <rtept lat="45.67272501" lon="15.23816601" >
      <name>rte1_1258</name>
      <ele>270.00</ele>
    </rtept>
    <rtept lat="45.67274776" lon="15.23804417" >
      <name>rte1_1259</name>
      <ele>270.00</ele>
    </rtept>
    <rtept lat="45.67277050" lon="15.23792875" >
      <name>rte1_1260</name>
      <ele>280.00</ele>
    </rtept>
    <rtept lat="45.67279322" lon="15.23781975" >
      <name>rte1_1261</name>
      <ele>280.00</ele>
    </rtept>
    <rtept lat="45.67281143" lon="15.23771714" >
      <name>rte1_1262</name>
      <ele>280.00</ele>
    </rtept>
    <rtept lat="45.67283412" lon="15.23762739" >
      <name>rte1_1263</name>
      <ele>280.00</ele>
    </rtept>
    <rtept lat="45.67285232" lon="15.23753120" >
      <name>rte1_1264</name>
      <ele>280.00</ele>
    </rtept>
    <rtept lat="45.67287499" lon="15.23744787" >
      <name>rte1_1265</name>
      <ele>274.78</ele>
    </rtept>
    <rtept lat="45.67289317" lon="15.23735810" >
      <name>rte1_1266</name>
      <ele>274.78</ele>
    </rtept>
    <rtept lat="45.67290684" lon="15.23727473" >
      <name>rte1_1267</name>
      <ele>274.78</ele>
    </rtept>
    <rtept lat="45.67292501" lon="15.23719138" >
      <name>rte1_1268</name>
      <ele>274.78</ele>
    </rtept>
    <rtept lat="45.67293870" lon="15.23710159" >
      <name>rte1_1269</name>
      <ele>270.00</ele>
    </rtept>
    <rtept lat="45.67295688" lon="15.23701182" >
      <name>rte1_1270</name>
      <ele>270.00</ele>
    </rtept>
    <rtept lat="45.67296608" lon="15.23691559" >
      <name>rte1_1271</name>
      <ele>270.00</ele>
    </rtept>
    <rtept lat="45.67297978" lon="15.23681938" >
      <name>rte1_1272</name>
      <ele>270.00</ele>
    </rtept>
    <rtept lat="45.67299349" lon="15.23671676" >
      <name>rte1_1273</name>
      <ele>280.00</ele>
    </rtept>
    <rtept lat="45.67311072" lon="15.23659532" >
      <name>rte1_1274</name>
      <ele>280.00</ele>
    </rtept>
    <rtept lat="45.67317382" lon="15.23654425" >
      <name>rte1_1275</name>
      <ele>280.00</ele>
    </rtept>
    <rtept lat="45.67323240" lon="15.23649957" >
      <name>rte1_1276</name>
      <ele>275.60</ele>
    </rtept>
    <rtept lat="45.67328200" lon="15.23644844" >
      <name>rte1_1277</name>
      <ele>275.60</ele>
    </rtept>
    <rtept lat="45.67333158" lon="15.23640373" >
      <name>rte1_1278</name>
      <ele>275.60</ele>
    </rtept>
    <rtept lat="45.67338118" lon="15.23635260" >
      <name>rte1_1279</name>
      <ele>275.60</ele>
    </rtept>
    <rtept lat="45.67343527" lon="15.23630148" >
      <name>rte1_1280</name>
      <ele>280.00</ele>
    </rtept>
    <rtept lat="45.67349387" lon="15.23625039" >
      <name>rte1_1281</name>
      <ele>280.00</ele>
    </rtept>
    <rtept lat="45.67356146" lon="15.23619934" >
      <name>rte1_1282</name>
      <ele>273.45</ele>
    </rtept>
    <rtept lat="45.67360653" lon="15.23616102" >
      <name>rte1_1283</name>
      <ele>273.45</ele>
    </rtept>
    <rtept lat="45.67364709" lon="15.23612910" >
      <name>rte1_1284</name>
      <ele>273.45</ele>
    </rtept>
    <rtept lat="45.67369213" lon="15.23610362" >
      <name>rte1_1285</name>
      <ele>277.39</ele>
    </rtept>
    <rtept lat="45.67373267" lon="15.23608454" >
      <name>rte1_1286</name>
      <ele>277.39</ele>
    </rtept>
    <rtept lat="45.67381374" lon="15.23603996" >
      <name>rte1_1287</name>
      <ele>277.39</ele>
    </rtept>
    <rtept lat="45.67389479" lon="15.23600822" >
      <name>rte1_1288</name>
      <ele>280.00</ele>
    </rtept>
    <rtept lat="45.67397137" lon="15.23596362" >
      <name>rte1_1289</name>
      <ele>280.00</ele>
    </rtept>
    <rtept lat="45.67404796" lon="15.23591260" >
      <name>rte1_1290</name>
      <ele>280.00</ele>
    </rtept>
    <rtept lat="45.67412458" lon="15.23584874" >
      <name>rte1_1291</name>
      <ele>280.00</ele>
    </rtept>
    <rtept lat="45.67416515" lon="15.23581041" >
      <name>rte1_1292</name>
      <ele>280.00</ele>
    </rtept>
    <rtept lat="45.67420574" lon="15.23576566" >
      <name>rte1_1293</name>
      <ele>280.00</ele>
    </rtept>
    <rtept lat="45.67423734" lon="15.23571445" >
      <name>rte1_1294</name>
      <ele>280.00</ele>
    </rtept>
    <rtept lat="45.67427343" lon="15.23566967" >
      <name>rte1_1295</name>
      <ele>280.00</ele>
    </rtept>
    <rtept lat="45.67430951" lon="15.23562490" >
      <name>rte1_1296</name>
      <ele>280.00</ele>
    </rtept>
    <rtept lat="45.67434110" lon="15.23558011" >
      <name>rte1_1297</name>
      <ele>280.00</ele>
    </rtept>
    <rtept lat="45.67437720" lon="15.23552892" >
      <name>rte1_1298</name>
      <ele>280.00</ele>
    </rtept>
    <rtept lat="45.67441328" lon="15.23548415" >
      <name>rte1_1299</name>
      <ele>280.00</ele>
    </rtept>
    <rtept lat="45.67444488" lon="15.23543294" >
      <name>rte1_1300</name>
      <ele>280.00</ele>
    </rtept>
    <rtept lat="45.67448097" lon="15.23538817" >
      <name>rte1_1301</name>
      <ele>280.00</ele>
    </rtept>
    <rtept lat="45.67451257" lon="15.23533696" >
      <name>rte1_1302</name>
      <ele>280.00</ele>
    </rtept>
    <rtept lat="45.67454416" lon="15.23529217" >
      <name>rte1_1303</name>
      <ele>280.00</ele>
    </rtept>
    <rtept lat="45.67458026" lon="15.23524098" >
      <name>rte1_1304</name>
      <ele>280.00</ele>
    </rtept>
    <rtept lat="45.67461186" lon="15.23518977" >
      <name>rte1_1305</name>
      <ele>280.00</ele>
    </rtept>
    <rtept lat="45.67464347" lon="15.23513214" >
      <name>rte1_1306</name>
      <ele>280.00</ele>
    </rtept>
    <rtept lat="45.67467507" lon="15.23508093" >
      <name>rte1_1307</name>
      <ele>280.00</ele>
    </rtept>
    <rtept lat="45.67470668" lon="15.23502330" >
      <name>rte1_1308</name>
      <ele>280.00</ele>
    </rtept>
    <rtept lat="45.67473830" lon="15.23496567" >
      <name>rte1_1309</name>
      <ele>280.00</ele>
    </rtept>
    <rtept lat="45.67476991" lon="15.23490805" >
      <name>rte1_1310</name>
      <ele>280.00</ele>
    </rtept>
    <rtept lat="45.67479702" lon="15.23485040" >
      <name>rte1_1311</name>
      <ele>285.26</ele>
    </rtept>
    <rtept lat="45.67482865" lon="15.23478635" >
      <name>rte1_1312</name>
      <ele>285.26</ele>
    </rtept>
    <rtept lat="45.67486028" lon="15.23472231" >
      <name>rte1_1313</name>
      <ele>285.26</ele>
    </rtept>
    <rtept lat="45.67488740" lon="15.23465824" >
      <name>rte1_1314</name>
      <ele>285.26</ele>
    </rtept>
    <rtept lat="45.67491453" lon="15.23459418" >
      <name>rte1_1315</name>
      <ele>280.00</ele>
    </rtept>
    <rtept lat="45.67494167" lon="15.23452370" >
      <name>rte1_1316</name>
      <ele>280.00</ele>
    </rtept>
    <rtept lat="45.67496881" lon="15.23445321" >
      <name>rte1_1317</name>
      <ele>280.00</ele>
    </rtept>
    <rtept lat="45.67499597" lon="15.23437631" >
      <name>rte1_1318</name>
      <ele>280.00</ele>
    </rtept>
    <rtept lat="45.67502312" lon="15.23429941" >
      <name>rte1_1319</name>
      <ele>290.00</ele>
    </rtept>
    <rtept lat="45.67505027" lon="15.23422251" >
      <name>rte1_1320</name>
      <ele>280.00</ele>
    </rtept>
    <rtept lat="45.67507294" lon="15.23413917" >
      <name>rte1_1321</name>
      <ele>280.00</ele>
    </rtept>
    <rtept lat="45.67509561" lon="15.23405584" >
      <name>rte1_1322</name>
      <ele>280.00</ele>
    </rtept>
    <rtept lat="45.67512279" lon="15.23396610" >
      <name>rte1_1323</name>
      <ele>280.00</ele>
    </rtept>
    <rtept lat="45.67514547" lon="15.23387634" >
      <name>rte1_1324</name>
      <ele>280.00</ele>
    </rtept>
    <rtept lat="45.67516815" lon="15.23378659" >
      <name>rte1_1325</name>
      <ele>280.00</ele>
    </rtept>
    <rtept lat="45.67523316" lon="15.23280492" >
      <name>rte1_1326</name>
      <ele>271.40</ele>
    </rtept>
    <rtept lat="45.67526486" lon="15.23270236" >
      <name>rte1_1327</name>
      <ele>273.80</ele>
    </rtept>
    <rtept lat="45.67529654" lon="15.23261264" >
      <name>rte1_1328</name>
      <ele>270.00</ele>
    </rtept>
    <rtept lat="45.67532371" lon="15.23252932" >
      <name>rte1_1329</name>
      <ele>270.00</ele>
    </rtept>
    <rtept lat="45.67535087" lon="15.23244600" >
      <name>rte1_1330</name>
      <ele>270.00</ele>
    </rtept>
    <rtept lat="45.67537801" lon="15.23237552" >
      <name>rte1_1331</name>
      <ele>270.00</ele>
    </rtept>
    <rtept lat="45.67540514" lon="15.23231145" >
      <name>rte1_1332</name>
      <ele>270.00</ele>
    </rtept>
    <rtept lat="45.67542775" lon="15.23225379" >
      <name>rte1_1333</name>
      <ele>270.00</ele>
    </rtept>
    <rtept lat="45.67544587" lon="15.23219610" >
      <name>rte1_1334</name>
      <ele>270.00</ele>
    </rtept>
    <rtept lat="45.67549105" lon="15.23210002" >
      <name>rte1_1335</name>
      <ele>270.00</ele>
    </rtept>
    <rtept lat="45.67553170" lon="15.23202317" >
      <name>rte1_1336</name>
      <ele>270.00</ele>
    </rtept>
    <rtept lat="45.67557233" lon="15.23195916" >
      <name>rte1_1337</name>
      <ele>270.00</ele>
    </rtept>
    <rtept lat="45.67561742" lon="15.23190801" >
      <name>rte1_1338</name>
      <ele>270.00</ele>
    </rtept>
    <rtept lat="45.67566251" lon="15.23186327" >
      <name>rte1_1339</name>
      <ele>270.00</ele>
    </rtept>
    <rtept lat="45.67572107" lon="15.23182500" >
      <name>rte1_1340</name>
      <ele>270.00</ele>
    </rtept>
    <rtept lat="45.67578413" lon="15.23179318" >
      <name>rte1_1341</name>
      <ele>270.00</ele>
    </rtept>
    <rtept lat="45.67585619" lon="15.23175497" >
      <name>rte1_1342</name>
      <ele>270.00</ele>
    </rtept>
    <rtept lat="45.67594174" lon="15.23172323" >
      <name>rte1_1343</name>
      <ele>270.00</ele>
    </rtept>
    <rtept lat="45.67598677" lon="15.23170417" >
      <name>rte1_1344</name>
      <ele>270.00</ele>
    </rtept>
    <rtept lat="45.67604081" lon="15.23167872" >
      <name>rte1_1345</name>
      <ele>270.00</ele>
    </rtept>
    <rtept lat="45.67609484" lon="15.23165969" >
      <name>rte1_1346</name>
      <ele>270.00</ele>
    </rtept>
    <rtept lat="45.67615338" lon="15.23163426" >
      <name>rte1_1347</name>
      <ele>270.00</ele>
    </rtept>
    <rtept lat="45.67621643" lon="15.23160243" >
      <name>rte1_1348</name>
      <ele>270.00</ele>
    </rtept>
    <rtept lat="45.67628847" lon="15.23157706" >
      <name>rte1_1349</name>
      <ele>270.00</ele>
    </rtept>
    <rtept lat="45.67635154" lon="15.23153882" >
      <name>rte1_1350</name>
      <ele>270.00</ele>
    </rtept>
    <rtept lat="45.67641012" lon="15.23149413" >
      <name>rte1_1351</name>
      <ele>276.00</ele>
    </rtept>
    <rtept lat="45.67646868" lon="15.23145587" >
      <name>rte1_1352</name>
      <ele>276.00</ele>
    </rtept>
    <rtept lat="45.67652276" lon="15.23141117" >
      <name>rte1_1353</name>
      <ele>270.00</ele>
    </rtept>
    <rtept lat="45.67657236" lon="15.23136003" >
      <name>rte1_1354</name>
      <ele>270.00</ele>
    </rtept>
    <rtept lat="45.67662194" lon="15.23131531" >
      <name>rte1_1355</name>
      <ele>280.00</ele>
    </rtept>
    <rtept lat="45.67666255" lon="15.23125771" >
      <name>rte1_1356</name>
      <ele>280.00</ele>
    </rtept>
    <rtept lat="45.67670316" lon="15.23120012" >
      <name>rte1_1357</name>
      <ele>280.00</ele>
    </rtept>
    <rtept lat="45.67674377" lon="15.23114252" >
      <name>rte1_1358</name>
      <ele>280.00</ele>
    </rtept>
    <rtept lat="45.67677539" lon="15.23107847" >
      <name>rte1_1359</name>
      <ele>270.00</ele>
    </rtept>
    <rtept lat="45.67681153" lon="15.23100802" >
      <name>rte1_1360</name>
      <ele>270.00</ele>
    </rtept>
    <rtept lat="45.67683868" lon="15.23093112" >
      <name>rte1_1361</name>
      <ele>280.00</ele>
    </rtept>
    <rtept lat="45.67687033" lon="15.23085423" >
      <name>rte1_1362</name>
      <ele>280.00</ele>
    </rtept>
    <rtept lat="45.67689300" lon="15.23077089" >
      <name>rte1_1363</name>
      <ele>272.90</ele>
    </rtept>
    <rtept lat="45.67692017" lon="15.23068115" >
      <name>rte1_1364</name>
      <ele>272.90</ele>
    </rtept>
    <rtept lat="45.67694285" lon="15.23059139" >
      <name>rte1_1365</name>
      <ele>272.90</ele>
    </rtept>
    <rtept lat="45.67697004" lon="15.23049523" >
      <name>rte1_1366</name>
      <ele>272.90</ele>
    </rtept>
    <rtept lat="45.67700619" lon="15.23041836" >
      <name>rte1_1367</name>
      <ele>270.00</ele>
    </rtept>
    <rtept lat="45.67705130" lon="15.23036079" >
      <name>rte1_1368</name>
      <ele>270.00</ele>
    </rtept>
    <rtept lat="45.67710089" lon="15.23030965" >
      <name>rte1_1369</name>
      <ele>270.00</ele>
    </rtept>
    <rtept lat="45.67715947" lon="15.23026496" >
      <name>rte1_1370</name>
      <ele>270.00</ele>
    </rtept>
    <rtept lat="45.67721805" lon="15.23022028" >
      <name>rte1_1371</name>
      <ele>270.00</ele>
    </rtept>
    <rtept lat="45.67727665" lon="15.23016917" >
      <name>rte1_1372</name>
      <ele>273.10</ele>
    </rtept>
    <rtept lat="45.67733975" lon="15.23011167" >
      <name>rte1_1373</name>
      <ele>268.78</ele>
    </rtept>
    <rtept lat="45.67738937" lon="15.23004769" >
      <name>rte1_1374</name>
      <ele>268.78</ele>
    </rtept>
    <rtept lat="45.67744348" lon="15.22999015" >
      <name>rte1_1375</name>
      <ele>268.78</ele>
    </rtept>
    <rtept lat="45.67749308" lon="15.22993259" >
      <name>rte1_1376</name>
      <ele>268.78</ele>
    </rtept>
    <rtept lat="45.67753819" lon="15.22987502" >
      <name>rte1_1377</name>
      <ele>270.00</ele>
    </rtept>
    <rtept lat="45.67758330" lon="15.22981744" >
      <name>rte1_1378</name>
      <ele>270.00</ele>
    </rtept>
    <rtept lat="45.67762391" lon="15.22975984" >
      <name>rte1_1379</name>
      <ele>266.22</ele>
    </rtept>
    <rtept lat="45.67766452" lon="15.22970225" >
      <name>rte1_1380</name>
      <ele>266.22</ele>
    </rtept>
    <rtept lat="45.67770063" lon="15.22964463" >
      <name>rte1_1381</name>
      <ele>266.22</ele>
    </rtept>
    <rtept lat="45.67773225" lon="15.22958058" >
      <name>rte1_1382</name>
      <ele>265.00</ele>
    </rtept>
    <rtept lat="45.67776387" lon="15.22951653" >
      <name>rte1_1383</name>
      <ele>265.00</ele>
    </rtept>
    <rtept lat="45.67778651" lon="15.22944602" >
      <name>rte1_1384</name>
      <ele>265.00</ele>
    </rtept>
    <rtept lat="45.67780916" lon="15.22936910" >
      <name>rte1_1385</name>
      <ele>265.00</ele>
    </rtept>
    <rtept lat="45.67782732" lon="15.22929215" >
      <name>rte1_1386</name>
      <ele>265.00</ele>
    </rtept>
    <rtept lat="45.67784098" lon="15.22920877" >
      <name>rte1_1387</name>
      <ele>265.00</ele>
    </rtept>
    <rtept lat="45.67785016" lon="15.22911895" >
      <name>rte1_1388</name>
      <ele>266.52</ele>
    </rtept>
    <rtept lat="45.67785934" lon="15.22902914" >
      <name>rte1_1389</name>
      <ele>266.52</ele>
    </rtept>
    <rtept lat="45.67785950" lon="15.22895212" >
      <name>rte1_1390</name>
      <ele>266.52</ele>
    </rtept>
    <rtept lat="45.67786414" lon="15.22888154" >
      <name>rte1_1391</name>
      <ele>266.52</ele>
    </rtept>
    <rtept lat="45.67786428" lon="15.22881094" >
      <name>rte1_1392</name>
      <ele>269.52</ele>
    </rtept>
    <rtept lat="45.67786892" lon="15.22874035" >
      <name>rte1_1393</name>
      <ele>269.52</ele>
    </rtept>
    <rtept lat="45.67787355" lon="15.22867619" >
      <name>rte1_1394</name>
      <ele>269.52</ele>
    </rtept>
    <rtept lat="45.67787818" lon="15.22861203" >
      <name>rte1_1395</name>
      <ele>269.52</ele>
    </rtept>
    <rtept lat="45.67789192" lon="15.22849014" >
      <name>rte1_1396</name>
      <ele>270.00</ele>
    </rtept>
    <rtept lat="45.67790117" lon="15.22836823" >
      <name>rte1_1397</name>
      <ele>270.00</ele>
    </rtept>
    <rtept lat="45.67791490" lon="15.22825276" >
      <name>rte1_1398</name>
      <ele>270.00</ele>
    </rtept>
    <rtept lat="45.67792861" lon="15.22814370" >
      <name>rte1_1399</name>
      <ele>266.41</ele>
    </rtept>
    <rtept lat="45.67794233" lon="15.22803465" >
      <name>rte1_1400</name>
      <ele>266.41</ele>
    </rtept>
    <rtept lat="45.67795606" lon="15.22791918" >
      <name>rte1_1401</name>
      <ele>268.55</ele>
    </rtept>
    <rtept lat="45.67796528" lon="15.22781010" >
      <name>rte1_1402</name>
      <ele>266.36</ele>
    </rtept>
    <rtept lat="45.67797901" lon="15.22769463" >
      <name>rte1_1403</name>
      <ele>266.36</ele>
    </rtept>
    <rtept lat="45.67798825" lon="15.22757272" >
      <name>rte1_1404</name>
      <ele>266.36</ele>
    </rtept>
    <rtept lat="45.67799749" lon="15.22745081" >
      <name>rte1_1405</name>
      <ele>268.81</ele>
    </rtept>
    <rtept lat="45.67800212" lon="15.22738665" >
      <name>rte1_1406</name>
      <ele>268.81</ele>
    </rtept>
    <rtept lat="45.67800225" lon="15.22732247" >
      <name>rte1_1407</name>
      <ele>268.81</ele>
    </rtept>
    <rtept lat="45.67800689" lon="15.22725189" >
      <name>rte1_1408</name>
      <ele>268.81</ele>
    </rtept>
    <rtept lat="45.67800703" lon="15.22718129" >
      <name>rte1_1409</name>
      <ele>270.00</ele>
    </rtept>
    <rtept lat="45.67800717" lon="15.22711069" >
      <name>rte1_1410</name>
      <ele>270.00</ele>
    </rtept>
    <rtept lat="45.67801181" lon="15.22704010" >
      <name>rte1_1411</name>
      <ele>270.00</ele>
    </rtept>
    <rtept lat="45.67800746" lon="15.22696949" >
      <name>rte1_1412</name>
      <ele>270.00</ele>
    </rtept>
    <rtept lat="45.67800759" lon="15.22690530" >
      <name>rte1_1413</name>
      <ele>271.70</ele>
    </rtept>
    <rtept lat="45.67799882" lon="15.22678974" >
      <name>rte1_1414</name>
      <ele>271.70</ele>
    </rtept>
    <rtept lat="45.67799005" lon="15.22667418" >
      <name>rte1_1415</name>
      <ele>271.70</ele>
    </rtept>
    <rtept lat="45.67797677" lon="15.22656501" >
      <name>rte1_1416</name>
      <ele>272.50</ele>
    </rtept>
    <rtept lat="45.67795898" lon="15.22646225" >
      <name>rte1_1417</name>
      <ele>272.50</ele>
    </rtept>
    <rtept lat="45.67793669" lon="15.22635946" >
      <name>rte1_1418</name>
      <ele>270.00</ele>
    </rtept>
    <rtept lat="45.67791889" lon="15.22626312" >
      <name>rte1_1419</name>
      <ele>270.00</ele>
    </rtept>
    <rtept lat="45.67789658" lon="15.22616675" >
      <name>rte1_1420</name>
      <ele>270.00</ele>
    </rtept>
    <rtept lat="45.67787428" lon="15.22607039" >
      <name>rte1_1421</name>
      <ele>270.00</ele>
    </rtept>
    <rtept lat="45.67785199" lon="15.22596761" >
      <name>rte1_1422</name>
      <ele>270.00</ele>
    </rtept>
    <rtept lat="45.67783419" lon="15.22587126" >
      <name>rte1_1423</name>
      <ele>275.00</ele>
    </rtept>
    <rtept lat="45.67781639" lon="15.22576850" >
      <name>rte1_1424</name>
      <ele>275.00</ele>
    </rtept>
    <rtept lat="45.67779861" lon="15.22565932" >
      <name>rte1_1425</name>
      <ele>275.00</ele>
    </rtept>
    <rtept lat="45.67778535" lon="15.22554373" >
      <name>rte1_1426</name>
      <ele>275.00</ele>
    </rtept>
    <rtept lat="45.67777659" lon="15.22542175" >
      <name>rte1_1427</name>
      <ele>275.00</ele>
    </rtept>
    <rtept lat="45.67777234" lon="15.22529979" >
      <name>rte1_1428</name>
      <ele>275.00</ele>
    </rtept>
    <rtept lat="45.67776801" lon="15.22520992" >
      <name>rte1_1429</name>
      <ele>275.00</ele>
    </rtept>
    <rtept lat="45.67776368" lon="15.22512646" >
      <name>rte1_1430</name>
      <ele>275.00</ele>
    </rtept>
    <rtept lat="45.67775935" lon="15.22504301" >
      <name>rte1_1431</name>
      <ele>275.00</ele>
    </rtept>
    <rtept lat="45.67775501" lon="15.22495955" >
      <name>rte1_1432</name>
      <ele>275.00</ele>
    </rtept>
    <rtept lat="45.67775068" lon="15.22487610" >
      <name>rte1_1433</name>
      <ele>275.00</ele>
    </rtept>
    <rtept lat="45.67774635" lon="15.22479264" >
      <name>rte1_1434</name>
      <ele>275.00</ele>
    </rtept>
    <rtept lat="45.67773750" lon="15.22471559" >
      <name>rte1_1435</name>
      <ele>275.00</ele>
    </rtept>
    <rtept lat="45.67773317" lon="15.22463214" >
      <name>rte1_1436</name>
      <ele>275.00</ele>
    </rtept>
    <rtept lat="45.67772882" lon="15.22455510" >
      <name>rte1_1437</name>
      <ele>275.00</ele>
    </rtept>
    <rtept lat="45.67771998" lon="15.22447805" >
      <name>rte1_1438</name>
      <ele>275.00</ele>
    </rtept>
    <rtept lat="45.67771563" lon="15.22440101" >
      <name>rte1_1439</name>
      <ele>275.00</ele>
    </rtept>
    <rtept lat="45.67771127" lon="15.22433039" >
      <name>rte1_1440</name>
      <ele>275.00</ele>
    </rtept>
    <rtept lat="45.67771142" lon="15.22425337" >
      <name>rte1_1441</name>
      <ele>275.00</ele>
    </rtept>
    <rtept lat="45.67770706" lon="15.22418276" >
      <name>rte1_1442</name>
      <ele>275.00</ele>
    </rtept>
    <rtept lat="45.67770722" lon="15.22410574" >
      <name>rte1_1443</name>
      <ele>275.00</ele>
    </rtept>
    <rtept lat="45.67770736" lon="15.22403514" >
      <name>rte1_1444</name>
      <ele>275.76</ele>
    </rtept>
    <rtept lat="45.67770750" lon="15.22396454" >
      <name>rte1_1445</name>
      <ele>275.76</ele>
    </rtept>
    <rtept lat="45.67771213" lon="15.22389396" >
      <name>rte1_1446</name>
      <ele>275.76</ele>
    </rtept>
    <rtept lat="45.67771676" lon="15.22382979" >
      <name>rte1_1447</name>
      <ele>275.76</ele>
    </rtept>
    <rtept lat="45.67772590" lon="15.22375923" >
      <name>rte1_1448</name>
      <ele>275.76</ele>
    </rtept>
    <rtept lat="45.67773502" lon="15.22369508" >
      <name>rte1_1449</name>
      <ele>281.54</ele>
    </rtept>
    <rtept lat="45.67774416" lon="15.22362452" >
      <name>rte1_1450</name>
      <ele>281.54</ele>
    </rtept>
    <rtept lat="45.67775778" lon="15.22356039" >
      <name>rte1_1451</name>
      <ele>281.54</ele>
    </rtept>
    <rtept lat="45.67777591" lon="15.22349628" >
      <name>rte1_1452</name>
      <ele>281.54</ele>
    </rtept>
    <rtept lat="45.67779403" lon="15.22343217" >
      <name>rte1_1453</name>
      <ele>281.54</ele>
    </rtept>
    <rtept lat="45.67781665" lon="15.22336808" >
      <name>rte1_1454</name>
      <ele>287.80</ele>
    </rtept>
    <rtept lat="45.67783927" lon="15.22330399" >
      <name>rte1_1455</name>
      <ele>287.80</ele>
    </rtept>
    <rtept lat="45.67787089" lon="15.22323993" >
      <name>rte1_1456</name>
      <ele>287.80</ele>
    </rtept>
    <rtept lat="45.67790250" lon="15.22318230" >
      <name>rte1_1457</name>
      <ele>287.80</ele>
    </rtept>
    <rtept lat="45.67793412" lon="15.22311824" >
      <name>rte1_1458</name>
      <ele>287.80</ele>
    </rtept>
    <rtept lat="45.67797473" lon="15.22306064" >
      <name>rte1_1459</name>
      <ele>289.52</ele>
    </rtept>
    <rtept lat="45.67801983" lon="15.22300306" >
      <name>rte1_1460</name>
      <ele>289.52</ele>
    </rtept>
    <rtept lat="45.67805143" lon="15.22295184" >
      <name>rte1_1461</name>
      <ele>289.52</ele>
    </rtept>
    <rtept lat="45.67808751" lon="15.22290705" >
      <name>rte1_1462</name>
      <ele>289.52</ele>
    </rtept>
    <rtept lat="45.67815067" lon="15.22281745" >
      <name>rte1_1463</name>
      <ele>289.52</ele>
    </rtept>
    <rtept lat="45.67821383" lon="15.22272785" >
      <name>rte1_1464</name>
      <ele>285.00</ele>
    </rtept>
    <rtept lat="45.67826799" lon="15.22264463" >
      <name>rte1_1465</name>
      <ele>285.00</ele>
    </rtept>
    <rtept lat="45.67832663" lon="15.22256784" >
      <name>rte1_1466</name>
      <ele>285.00</ele>
    </rtept>
    <rtept lat="45.67838077" lon="15.22249104" >
      <name>rte1_1467</name>
      <ele>285.00</ele>
    </rtept>
    <rtept lat="45.67843041" lon="15.22241422" >
      <name>rte1_1468</name>
      <ele>281.79</ele>
    </rtept>
    <rtept lat="45.67848455" lon="15.22233741" >
      <name>rte1_1469</name>
      <ele>281.79</ele>
    </rtept>
    <rtept lat="45.67853868" lon="15.22226703" >
      <name>rte1_1470</name>
      <ele>281.79</ele>
    </rtept>
    <rtept lat="45.67859282" lon="15.22219022" >
      <name>rte1_1471</name>
      <ele>281.79</ele>
    </rtept>
    <rtept lat="45.67865144" lon="15.22211986" >
      <name>rte1_1472</name>
      <ele>282.59</ele>
    </rtept>
    <rtept lat="45.67871007" lon="15.22204949" >
      <name>rte1_1473</name>
      <ele>285.98</ele>
    </rtept>
    <rtept lat="45.67877321" lon="15.22197272" >
      <name>rte1_1474</name>
      <ele>285.98</ele>
    </rtept>
    <rtept lat="45.67884533" lon="15.22190241" >
      <name>rte1_1475</name>
      <ele>285.98</ele>
    </rtept>
    <rtept lat="45.67891747" lon="15.22182567" >
      <name>rte1_1476</name>
      <ele>287.61</ele>
    </rtept>
    <rtept lat="45.67895354" lon="15.22178731" >
      <name>rte1_1477</name>
      <ele>290.00</ele>
    </rtept>
    <rtept lat="45.67899859" lon="15.22175539" >
      <name>rte1_1478</name>
      <ele>290.00</ele>
    </rtept>
    <rtept lat="45.67906623" lon="15.22167864" >
      <name>rte1_1479</name>
      <ele>290.00</ele>
    </rtept>
    <rtept lat="45.67912489" lon="15.22158902" >
      <name>rte1_1480</name>
      <ele>291.41</ele>
    </rtept>
    <rtept lat="45.67917007" lon="15.22149292" >
      <name>rte1_1481</name>
      <ele>291.41</ele>
    </rtept>
    <rtept lat="45.67920176" lon="15.22139036" >
      <name>rte1_1482</name>
      <ele>295.00</ele>
    </rtept>
    <rtept lat="45.67921999" lon="15.22127490" >
      <name>rte1_1483</name>
      <ele>295.00</ele>
    </rtept>
    <rtept lat="45.67922021" lon="15.22115937" >
      <name>rte1_1484</name>
      <ele>295.00</ele>
    </rtept>
    <rtept lat="45.67920694" lon="15.22104378" >
      <name>rte1_1485</name>
      <ele>300.00</ele>
    </rtept>
    <rtept lat="45.67918017" lon="15.22092815" >
      <name>rte1_1486</name>
      <ele>300.00</ele>
    </rtept>
    <rtept lat="45.67915779" lon="15.22087029" >
      <name>rte1_1487</name>
      <ele>300.00</ele>
    </rtept>
    <rtept lat="45.67913990" lon="15.22081246" >
      <name>rte1_1488</name>
      <ele>298.92</ele>
    </rtept>
    <rtept lat="45.67909961" lon="15.22070960" >
      <name>rte1_1489</name>
      <ele>298.92</ele>
    </rtept>
    <rtept lat="45.67905932" lon="15.22060675" >
      <name>rte1_1490</name>
      <ele>298.79</ele>
    </rtept>
    <rtept lat="45.67901903" lon="15.22050389" >
      <name>rte1_1491</name>
      <ele>300.00</ele>
    </rtept>
    <rtept lat="45.67897872" lon="15.22040746" >
      <name>rte1_1492</name>
      <ele>300.00</ele>
    </rtept>
    <rtept lat="45.67893842" lon="15.22031102" >
      <name>rte1_1493</name>
      <ele>300.00</ele>
    </rtept>
    <rtept lat="45.67890711" lon="15.22021463" >
      <name>rte1_1494</name>
      <ele>300.00</ele>
    </rtept>
    <rtept lat="45.67887579" lon="15.22012464" >
      <name>rte1_1495</name>
      <ele>300.00</ele>
    </rtept>
    <rtept lat="45.67884899" lon="15.22002826" >
      <name>rte1_1496</name>
      <ele>310.00</ele>
    </rtept>
    <rtept lat="45.67883118" lon="15.21993192" >
      <name>rte1_1497</name>
      <ele>310.00</ele>
    </rtept>
    <rtept lat="45.67881787" lon="15.21983559" >
      <name>rte1_1498</name>
      <ele>310.00</ele>
    </rtept>
    <rtept lat="45.67880906" lon="15.21973928" >
      <name>rte1_1499</name>
      <ele>310.00</ele>
    </rtept>
    <rtept lat="45.67881375" lon="15.21963660" >
      <name>rte1_1500</name>
      <ele>310.00</ele>
    </rtept>
    <rtept lat="45.67882295" lon="15.21953395" >
      <name>rte1_1501</name>
      <ele>310.00</ele>
    </rtept>
    <rtept lat="45.67884564" lon="15.21943134" >
      <name>rte1_1502</name>
      <ele>310.00</ele>
    </rtept>
    <rtept lat="45.67888185" lon="15.21932237" >
      <name>rte1_1503</name>
      <ele>310.00</ele>
    </rtept>
    <rtept lat="45.67889997" lon="15.21925826" >
      <name>rte1_1504</name>
      <ele>310.00</ele>
    </rtept>
    <rtept lat="45.67891808" lon="15.21920057" >
      <name>rte1_1505</name>
      <ele>310.00</ele>
    </rtept>
    <rtept lat="45.67895429" lon="15.21908518" >
      <name>rte1_1506</name>
      <ele>310.00</ele>
    </rtept>
    <rtept lat="45.67898151" lon="15.21896976" >
      <name>rte1_1507</name>
      <ele>310.00</ele>
    </rtept>
    <rtept lat="45.67900423" lon="15.21885432" >
      <name>rte1_1508</name>
      <ele>310.00</ele>
    </rtept>
    <rtept lat="45.67901794" lon="15.21874526" >
      <name>rte1_1509</name>
      <ele>310.00</ele>
    </rtept>
    <rtept lat="45.67903165" lon="15.21863620" >
      <name>rte1_1510</name>
      <ele>310.00</ele>
    </rtept>
    <rtept lat="45.67904085" lon="15.21852712" >
      <name>rte1_1511</name>
      <ele>310.00</ele>
    </rtept>
    <rtept lat="45.67904105" lon="15.21842443" >
      <name>rte1_1512</name>
      <ele>310.00</ele>
    </rtept>
    <rtept lat="45.67904126" lon="15.21831532" >
      <name>rte1_1513</name>
      <ele>310.00</ele>
    </rtept>
    <rtept lat="45.67903696" lon="15.21821261" >
      <name>rte1_1514</name>
      <ele>310.00</ele>
    </rtept>
    <rtept lat="45.67902817" lon="15.21810346" >
      <name>rte1_1515</name>
      <ele>310.00</ele>
    </rtept>
    <rtept lat="45.67901937" lon="15.21800073" >
      <name>rte1_1516</name>
      <ele>310.00</ele>
    </rtept>
    <rtept lat="45.67900609" lon="15.21789157" >
      <name>rte1_1517</name>
      <ele>310.00</ele>
    </rtept>
    <rtept lat="45.67898829" lon="15.21778880" >
      <name>rte1_1518</name>
      <ele>310.00</ele>
    </rtept>
    <rtept lat="45.67896600" lon="15.21767961" >
      <name>rte1_1519</name>
      <ele>310.00</ele>
    </rtept>
    <rtept lat="45.67894820" lon="15.21757684" >
      <name>rte1_1520</name>
      <ele>310.00</ele>
    </rtept>
    <rtept lat="45.67865387" lon="15.21621501" >
      <name>rte1_1521</name>
      <ele>309.84</ele>
    </rtept>
    <rtept lat="45.67859998" lon="15.21616345" >
      <name>rte1_1522</name>
      <ele>309.60</ele>
    </rtept>
    <rtept lat="45.67855507" lon="15.21611835" >
      <name>rte1_1523</name>
      <ele>309.60</ele>
    </rtept>
    <rtept lat="45.67851017" lon="15.21607325" >
      <name>rte1_1524</name>
      <ele>309.60</ele>
    </rtept>
    <rtept lat="45.67846526" lon="15.21602814" >
      <name>rte1_1525</name>
      <ele>309.60</ele>
    </rtept>
    <rtept lat="45.67842487" lon="15.21597664" >
      <name>rte1_1526</name>
      <ele>312.79</ele>
    </rtept>
    <rtept lat="45.67838447" lon="15.21592514" >
      <name>rte1_1527</name>
      <ele>310.00</ele>
    </rtept>
    <rtept lat="45.67834857" lon="15.21588007" >
      <name>rte1_1528</name>
      <ele>310.00</ele>
    </rtept>
    <rtept lat="45.67830818" lon="15.21582215" >
      <name>rte1_1529</name>
      <ele>310.00</ele>
    </rtept>
    <rtept lat="45.67827679" lon="15.21577068" >
      <name>rte1_1530</name>
      <ele>310.00</ele>
    </rtept>
    <rtept lat="45.67824091" lon="15.21571278" >
      <name>rte1_1531</name>
      <ele>310.00</ele>
    </rtept>
    <rtept lat="45.67820952" lon="15.21565489" >
      <name>rte1_1532</name>
      <ele>314.08</ele>
    </rtept>
    <rtept lat="45.67817815" lon="15.21559059" >
      <name>rte1_1533</name>
      <ele>310.98</ele>
    </rtept>
    <rtept lat="45.67814678" lon="15.21552628" >
      <name>rte1_1534</name>
      <ele>310.98</ele>
    </rtept>
    <rtept lat="45.67811541" lon="15.21546198" >
      <name>rte1_1535</name>
      <ele>310.98</ele>
    </rtept>
    <rtept lat="45.67808855" lon="15.21539127" >
      <name>rte1_1536</name>
      <ele>310.98</ele>
    </rtept>
    <rtept lat="45.67806169" lon="15.21532057" >
      <name>rte1_1537</name>
      <ele>314.58</ele>
    </rtept>
    <rtept lat="45.67803546" lon="15.21491612" >
      <name>rte1_1538</name>
      <ele>321.70</ele>
    </rtept>
    <rtept lat="45.67805809" lon="15.21484560" >
      <name>rte1_1539</name>
      <ele>321.70</ele>
    </rtept>
    <rtept lat="45.67808522" lon="15.21477511" >
      <name>rte1_1540</name>
      <ele>321.70</ele>
    </rtept>
    <rtept lat="45.67810784" lon="15.21471101" >
      <name>rte1_1541</name>
      <ele>326.20</ele>
    </rtept>
    <rtept lat="45.67813496" lon="15.21464052" >
      <name>rte1_1542</name>
      <ele>326.20</ele>
    </rtept>
    <rtept lat="45.67815761" lon="15.21456358" >
      <name>rte1_1543</name>
      <ele>326.20</ele>
    </rtept>
    <rtept lat="45.67818475" lon="15.21448667" >
      <name>rte1_1544</name>
      <ele>326.20</ele>
    </rtept>
    <rtept lat="45.67820740" lon="15.21440332" >
      <name>rte1_1545</name>
      <ele>330.00</ele>
    </rtept>
    <rtept lat="45.67823906" lon="15.21431358" >
      <name>rte1_1546</name>
      <ele>330.00</ele>
    </rtept>
    <rtept lat="45.67823928" lon="15.21419806" >
      <name>rte1_1547</name>
      <ele>330.00</ele>
    </rtept>
    <rtept lat="45.67822148" lon="15.21409530" >
      <name>rte1_1548</name>
      <ele>330.00</ele>
    </rtept>
    <rtept lat="45.67820815" lon="15.21400539" >
      <name>rte1_1549</name>
      <ele>330.00</ele>
    </rtept>
    <rtept lat="45.67823980" lon="15.21392207" >
      <name>rte1_1550</name>
      <ele>330.00</ele>
    </rtept>
    <rtept lat="45.67830741" lon="15.21385815" >
      <name>rte1_1551</name>
      <ele>330.00</ele>
    </rtept>
    <rtept lat="45.67838390" lon="15.21385844" >
      <name>rte1_1552</name>
      <ele>330.00</ele>
    </rtept>
    <rtept lat="45.67842887" lon="15.21386503" >
      <name>rte1_1553</name>
      <ele>336.00</ele>
    </rtept>
    <rtept lat="45.67847385" lon="15.21387163" >
      <name>rte1_1554</name>
      <ele>336.00</ele>
    </rtept>
    <rtept lat="45.67851884" lon="15.21387180" >
      <name>rte1_1555</name>
      <ele>336.00</ele>
    </rtept>
    <rtept lat="45.67856836" lon="15.21385915" >
      <name>rte1_1556</name>
      <ele>336.00</ele>
    </rtept>
    <rtept lat="45.67863594" lon="15.21380807" >
      <name>rte1_1557</name>
      <ele>336.00</ele>
    </rtept>
    <rtept lat="45.67869901" lon="15.21376338" >
      <name>rte1_1558</name>
      <ele>340.00</ele>
    </rtept>
    <rtept lat="45.67875309" lon="15.21371866" >
      <name>rte1_1559</name>
      <ele>340.00</ele>
    </rtept>
    <rtept lat="45.67880716" lon="15.21367394" >
      <name>rte1_1560</name>
      <ele>340.00</ele>
    </rtept>
    <rtept lat="45.67885675" lon="15.21362278" >
      <name>rte1_1561</name>
      <ele>340.00</ele>
    </rtept>
    <rtept lat="45.67891083" lon="15.21357164" >
      <name>rte1_1562</name>
      <ele>340.00</ele>
    </rtept>
    <rtept lat="45.67896944" lon="15.21350768" >
      <name>rte1_1563</name>
      <ele>340.00</ele>
    </rtept>
    <rtept lat="45.67903255" lon="15.21344374" >
      <name>rte1_1564</name>
      <ele>350.00</ele>
    </rtept>
    <rtept lat="45.67909999" lon="15.21346967" >
      <name>rte1_1565</name>
      <ele>340.00</ele>
    </rtept>
    <rtept lat="45.67916744" lon="15.21348919" >
      <name>rte1_1566</name>
      <ele>350.00</ele>
    </rtept>
    <rtept lat="45.67923039" lon="15.21350868" >
      <name>rte1_1567</name>
      <ele>350.00</ele>
    </rtept>
    <rtept lat="45.67928885" lon="15.21352175" >
      <name>rte1_1568</name>
      <ele>350.00</ele>
    </rtept>
    <rtept lat="45.67935182" lon="15.21353482" >
      <name>rte1_1569</name>
      <ele>350.00</ele>
    </rtept>
    <rtept lat="45.67941029" lon="15.21354147" >
      <name>rte1_1570</name>
      <ele>350.00</ele>
    </rtept>
    <rtept lat="45.67946427" lon="15.21354809" >
      <name>rte1_1571</name>
      <ele>350.00</ele>
    </rtept>
    <rtept lat="45.67952276" lon="15.21354832" >
      <name>rte1_1572</name>
      <ele>350.00</ele>
    </rtept>
    <rtept lat="45.67958125" lon="15.21354854" >
      <name>rte1_1573</name>
      <ele>352.40</ele>
    </rtept>
    <rtept lat="45.67963975" lon="15.21354235" >
      <name>rte1_1574</name>
      <ele>352.40</ele>
    </rtept>
    <rtept lat="45.67969825" lon="15.21353615" >
      <name>rte1_1575</name>
      <ele>352.40</ele>
    </rtept>
    <rtept lat="45.67976126" lon="15.21352356" >
      <name>rte1_1576</name>
      <ele>352.40</ele>
    </rtept>
    <rtept lat="45.67981978" lon="15.21350453" >
      <name>rte1_1577</name>
      <ele>353.57</ele>
    </rtept>
    <rtept lat="45.67988730" lon="15.21348553" >
      <name>rte1_1578</name>
      <ele>353.57</ele>
    </rtept>
    <rtept lat="45.67995483" lon="15.21346653" >
      <name>rte1_1579</name>
      <ele>353.57</ele>
    </rtept>
    <rtept lat="45.68002686" lon="15.21344114" >
      <name>rte1_1580</name>
      <ele>355.00</ele>
    </rtept>
    <rtept lat="45.68008992" lon="15.21340287" >
      <name>rte1_1581</name>
      <ele>355.00</ele>
    </rtept>
    <rtept lat="45.68014401" lon="15.21335173" >
      <name>rte1_1582</name>
      <ele>355.00</ele>
    </rtept>
    <rtept lat="45.68018461" lon="15.21329412" >
      <name>rte1_1583</name>
      <ele>355.00</ele>
    </rtept>
    <rtept lat="45.68022522" lon="15.21323009" >
      <name>rte1_1584</name>
      <ele>355.00</ele>
    </rtept>
    <rtept lat="45.68026135" lon="15.21315962" >
      <name>rte1_1585</name>
      <ele>355.00</ele>
    </rtept>
    <rtept lat="45.68030197" lon="15.21308917" >
      <name>rte1_1586</name>
      <ele>355.00</ele>
    </rtept>
    <rtept lat="45.68035161" lon="15.21301234" >
      <name>rte1_1587</name>
      <ele>355.00</ele>
    </rtept>
    <rtept lat="45.68041021" lon="15.21294838" >
      <name>rte1_1588</name>
      <ele>355.00</ele>
    </rtept>
    <rtept lat="45.68044630" lon="15.21289717" >
      <name>rte1_1589</name>
      <ele>355.00</ele>
    </rtept>
    <rtept lat="45.68048686" lon="15.21286523" >
      <name>rte1_1590</name>
      <ele>355.00</ele>
    </rtept>
    <rtept lat="45.68052740" lon="15.21283971" >
      <name>rte1_1591</name>
      <ele>355.00</ele>
    </rtept>
    <rtept lat="45.68058140" lon="15.21283350" >
      <name>rte1_1592</name>
      <ele>355.00</ele>
    </rtept>
    <rtept lat="45.68064005" lon="15.21274387" >
      <name>rte1_1593</name>
      <ele>355.00</ele>
    </rtept>
    <rtept lat="45.68069867" lon="15.21267349" >
      <name>rte1_1594</name>
      <ele>355.00</ele>
    </rtept>
    <rtept lat="45.68075280" lon="15.21260309" >
      <name>rte1_1595</name>
      <ele>355.00</ele>
    </rtept>
    <rtept lat="45.68080689" lon="15.21254553" >
      <name>rte1_1596</name>
      <ele>355.00</ele>
    </rtept>
    <rtept lat="45.68086099" lon="15.21248797" >
      <name>rte1_1597</name>
      <ele>355.00</ele>
    </rtept>
    <rtept lat="45.68092407" lon="15.21243686" >
      <name>rte1_1598</name>
      <ele>360.00</ele>
    </rtept>
    <rtept lat="45.68099166" lon="15.21238577" >
      <name>rte1_1599</name>
      <ele>360.00</ele>
    </rtept>
    <rtept lat="45.68106825" lon="15.21232829" >
      <name>rte1_1600</name>
      <ele>360.00</ele>
    </rtept>
    <rtept lat="45.68110430" lon="15.21229634" >
      <name>rte1_1601</name>
      <ele>360.00</ele>
    </rtept>
    <rtept lat="45.68114481" lon="15.21229007" >
      <name>rte1_1602</name>
      <ele>360.00</ele>
    </rtept>
    <rtept lat="45.68129365" lon="15.21209166" >
      <name>rte1_1603</name>
      <ele>366.54</ele>
    </rtept>
    <rtept lat="45.68130283" lon="15.21199542" >
      <name>rte1_1604</name>
      <ele>366.54</ele>
    </rtept>
    <rtept lat="45.68131648" lon="15.21191203" >
      <name>rte1_1605</name>
      <ele>366.54</ele>
    </rtept>
    <rtept lat="45.68132565" lon="15.21182220" >
      <name>rte1_1606</name>
      <ele>371.05</ele>
    </rtept>
    <rtept lat="45.68133480" lon="15.21173880" >
      <name>rte1_1607</name>
      <ele>371.05</ele>
    </rtept>
    <rtept lat="45.68134394" lon="15.21166181" >
      <name>rte1_1608</name>
      <ele>371.05</ele>
    </rtept>
    <rtept lat="45.68135310" lon="15.21157840" >
      <name>rte1_1609</name>
      <ele>371.05</ele>
    </rtept>
    <rtept lat="45.68135774" lon="15.21150139" >
      <name>rte1_1610</name>
      <ele>380.00</ele>
    </rtept>
    <rtept lat="45.68136688" lon="15.21142441" >
      <name>rte1_1611</name>
      <ele>380.00</ele>
    </rtept>
    <rtept lat="45.68137153" lon="15.21134740" >
      <name>rte1_1612</name>
      <ele>380.00</ele>
    </rtept>
    <rtept lat="45.68137616" lon="15.21127681" >
      <name>rte1_1613</name>
      <ele>380.00</ele>
    </rtept>
    <rtept lat="45.68138080" lon="15.21119981" >
      <name>rte1_1614</name>
      <ele>380.00</ele>
    </rtept>
    <rtept lat="45.68138543" lon="15.21112922" >
      <name>rte1_1615</name>
      <ele>380.00</ele>
    </rtept>
    <rtept lat="45.68139006" lon="15.21105863" >
      <name>rte1_1616</name>
      <ele>380.00</ele>
    </rtept>
    <rtept lat="45.68139469" lon="15.21098804" >
      <name>rte1_1617</name>
      <ele>380.00</ele>
    </rtept>
    <rtept lat="45.68139482" lon="15.21091744" >
      <name>rte1_1618</name>
      <ele>380.00</ele>
    </rtept>
    <rtept lat="45.68139945" lon="15.21084685" >
      <name>rte1_1619</name>
      <ele>380.00</ele>
    </rtept>
    <rtept lat="45.68139958" lon="15.21077625" >
      <name>rte1_1620</name>
      <ele>380.00</ele>
    </rtept>
    <rtept lat="45.68139972" lon="15.21070564" >
      <name>rte1_1621</name>
      <ele>380.00</ele>
    </rtept>
    <rtept lat="45.68139985" lon="15.21063504" >
      <name>rte1_1622</name>
      <ele>380.00</ele>
    </rtept>
    <rtept lat="45.68139999" lon="15.21055802" >
      <name>rte1_1623</name>
      <ele>380.00</ele>
    </rtept>
    <rtept lat="45.68140012" lon="15.21048741" >
      <name>rte1_1624</name>
      <ele>380.00</ele>
    </rtept>
    <rtept lat="45.68140025" lon="15.21041681" >
      <name>rte1_1625</name>
      <ele>380.00</ele>
    </rtept>
    <rtept lat="45.68140040" lon="15.21033978" >
      <name>rte1_1626</name>
      <ele>380.00</ele>
    </rtept>
    <rtept lat="45.68140054" lon="15.21026276" >
      <name>rte1_1627</name>
      <ele>380.00</ele>
    </rtept>
    <rtept lat="45.68139618" lon="15.21018572" >
      <name>rte1_1628</name>
      <ele>384.80</ele>
    </rtept>
    <rtept lat="45.68139633" lon="15.21010870" >
      <name>rte1_1629</name>
      <ele>384.80</ele>
    </rtept>
    <rtept lat="45.68139198" lon="15.21002524" >
      <name>rte1_1630</name>
      <ele>384.80</ele>
    </rtept>
    <rtept lat="45.68139214" lon="15.20994180" >
      <name>rte1_1631</name>
      <ele>384.80</ele>
    </rtept>
    <rtept lat="45.68138779" lon="15.20985834" >
      <name>rte1_1632</name>
      <ele>390.00</ele>
    </rtept>
    <rtept lat="45.68138345" lon="15.20977488" >
      <name>rte1_1633</name>
      <ele>390.00</ele>
    </rtept>
    <rtept lat="45.68137911" lon="15.20968500" >
      <name>rte1_1634</name>
      <ele>390.00</ele>
    </rtept>
    <rtept lat="45.68137928" lon="15.20959514" >
      <name>rte1_1635</name>
      <ele>390.00</ele>
    </rtept>
    <rtept lat="45.68137494" lon="15.20951168" >
      <name>rte1_1636</name>
      <ele>390.00</ele>
    </rtept>
    <rtept lat="45.68137058" lon="15.20943464" >
      <name>rte1_1637</name>
      <ele>390.00</ele>
    </rtept>
    <rtept lat="45.68136622" lon="15.20935760" >
      <name>rte1_1638</name>
      <ele>390.00</ele>
    </rtept>
    <rtept lat="45.68136185" lon="15.20928698" >
      <name>rte1_1639</name>
      <ele>393.30</ele>
    </rtept>
    <rtept lat="45.68135750" lon="15.20920994" >
      <name>rte1_1640</name>
      <ele>388.30</ele>
    </rtept>
    <rtept lat="45.68135312" lon="15.20914574" >
      <name>rte1_1641</name>
      <ele>388.30</ele>
    </rtept>
    <rtept lat="45.68134875" lon="15.20907512" >
      <name>rte1_1642</name>
      <ele>388.30</ele>
    </rtept>
    <rtept lat="45.68134438" lon="15.20900450" >
      <name>rte1_1643</name>
      <ele>388.30</ele>
    </rtept>
    <rtept lat="45.68134000" lon="15.20894029" >
      <name>rte1_1644</name>
      <ele>390.80</ele>
    </rtept>
    <rtept lat="45.68133112" lon="15.20887607" >
      <name>rte1_1645</name>
      <ele>390.80</ele>
    </rtept>
    <rtept lat="45.68132674" lon="15.20881187" >
      <name>rte1_1646</name>
      <ele>390.80</ele>
    </rtept>
    <rtept lat="45.68132236" lon="15.20874767" >
      <name>rte1_1647</name>
      <ele>390.80</ele>
    </rtept>
    <rtept lat="45.68130908" lon="15.20862566" >
      <name>rte1_1648</name>
      <ele>390.00</ele>
    </rtept>
    <rtept lat="45.68129581" lon="15.20850366" >
      <name>rte1_1649</name>
      <ele>390.00</ele>
    </rtept>
    <rtept lat="45.68128253" lon="15.20838808" >
      <name>rte1_1650</name>
      <ele>390.00</ele>
    </rtept>
    <rtept lat="45.68126925" lon="15.20826607" >
      <name>rte1_1651</name>
      <ele>390.00</ele>
    </rtept>
    <rtept lat="45.68125148" lon="15.20814405" >
      <name>rte1_1652</name>
      <ele>390.00</ele>
    </rtept>
    <rtept lat="45.68124260" lon="15.20807983" >
      <name>rte1_1653</name>
      <ele>390.00</ele>
    </rtept>
    <rtept lat="45.68123372" lon="15.20801561" >
      <name>rte1_1654</name>
      <ele>390.00</ele>
    </rtept>
    <rtept lat="45.68122483" lon="15.20795781" >
      <name>rte1_1655</name>
      <ele>400.00</ele>
    </rtept>
    <rtept lat="45.68121596" lon="15.20788717" >
      <name>rte1_1656</name>
      <ele>400.00</ele>
    </rtept>
    <rtept lat="45.68120708" lon="15.20782295" >
      <name>rte1_1657</name>
      <ele>400.00</ele>
    </rtept>
    <rtept lat="45.68119370" lon="15.20775872" >
      <name>rte1_1658</name>
      <ele>400.00</ele>
    </rtept>
    <rtept lat="45.68118483" lon="15.20768808" >
      <name>rte1_1659</name>
      <ele>400.00</ele>
    </rtept>
    <rtept lat="45.68117596" lon="15.20761744" >
      <name>rte1_1660</name>
      <ele>400.00</ele>
    </rtept>
    <rtept lat="45.68116260" lon="15.20754679" >
      <name>rte1_1661</name>
      <ele>400.00</ele>
    </rtept>
    <rtept lat="45.68115373" lon="15.20747615" >
      <name>rte1_1662</name>
      <ele>400.00</ele>
    </rtept>
    <rtept lat="45.68113209" lon="15.20700751" >
      <name>rte1_1663</name>
      <ele>405.23</ele>
    </rtept>
    <rtept lat="45.68110963" lon="15.20698817" >
      <name>rte1_1664</name>
      <ele>405.23</ele>
    </rtept>
    <rtept lat="45.68109167" lon="15.20696885" >
      <name>rte1_1665</name>
      <ele>405.23</ele>
    </rtept>
    <rtept lat="45.68104677" lon="15.20691733" >
      <name>rte1_1666</name>
      <ele>405.23</ele>
    </rtept>
    <rtept lat="45.68100636" lon="15.20687225" >
      <name>rte1_1667</name>
      <ele>405.23</ele>
    </rtept>
    <rtept lat="45.68097045" lon="15.20682719" >
      <name>rte1_1668</name>
      <ele>405.23</ele>
    </rtept>
    <rtept lat="45.68093004" lon="15.20678211" >
      <name>rte1_1669</name>
      <ele>405.23</ele>
    </rtept>
    <rtept lat="45.68089863" lon="15.20673706" >
      <name>rte1_1670</name>
      <ele>399.55</ele>
    </rtept>
    <rtept lat="45.68086272" lon="15.20669200" >
      <name>rte1_1671</name>
      <ele>402.76</ele>
    </rtept>
    <rtept lat="45.68079990" lon="15.20660190" >
      <name>rte1_1672</name>
      <ele>402.76</ele>
    </rtept>
    <rtept lat="45.68074157" lon="15.20651183" >
      <name>rte1_1673</name>
      <ele>402.76</ele>
    </rtept>
    <rtept lat="45.68068325" lon="15.20642175" >
      <name>rte1_1674</name>
      <ele>395.58</ele>
    </rtept>
    <rtept lat="45.68062941" lon="15.20633811" >
      <name>rte1_1675</name>
      <ele>405.14</ele>
    </rtept>
    <rtept lat="45.68057558" lon="15.20624805" >
      <name>rte1_1676</name>
      <ele>405.14</ele>
    </rtept>
    <rtept lat="45.68052175" lon="15.20616441" >
      <name>rte1_1677</name>
      <ele>405.14</ele>
    </rtept>
    <rtept lat="45.68046791" lon="15.20608077" >
      <name>rte1_1678</name>
      <ele>405.14</ele>
    </rtept>
    <rtept lat="45.68040957" lon="15.20599711" >
      <name>rte1_1679</name>
      <ele>406.07</ele>
    </rtept>
    <rtept lat="45.68035124" lon="15.20591346" >
      <name>rte1_1680</name>
      <ele>406.07</ele>
    </rtept>
    <rtept lat="45.68028389" lon="15.20583619" >
      <name>rte1_1681</name>
      <ele>406.07</ele>
    </rtept>
    <rtept lat="45.68021205" lon="15.20575890" >
      <name>rte1_1682</name>
      <ele>403.24</ele>
    </rtept>
    <rtept lat="45.68017612" lon="15.20572025" >
      <name>rte1_1683</name>
      <ele>410.00</ele>
    </rtept>
    <rtept lat="45.68013570" lon="15.20568159" >
      <name>rte1_1684</name>
      <ele>410.00</ele>
    </rtept>
    <rtept lat="45.68009078" lon="15.20564292" >
      <name>rte1_1685</name>
      <ele>410.00</ele>
    </rtept>
    <rtept lat="45.68005035" lon="15.20561067" >
      <name>rte1_1686</name>
      <ele>410.00</ele>
    </rtept>
    <rtept lat="45.68000993" lon="15.20557201" >
      <name>rte1_1687</name>
      <ele>410.00</ele>
    </rtept>
    <rtept lat="45.67996948" lon="15.20554619" >
      <name>rte1_1688</name>
      <ele>410.00</ele>
    </rtept>
    <rtept lat="45.67989310" lon="15.20548814" >
      <name>rte1_1689</name>
      <ele>410.00</ele>
    </rtept>
    <rtept lat="45.67982120" lon="15.20544295" >
      <name>rte1_1690</name>
      <ele>410.00</ele>
    </rtept>
    <rtept lat="45.67974929" lon="15.20539775" >
      <name>rte1_1691</name>
      <ele>410.00</ele>
    </rtept>
    <rtept lat="45.67967738" lon="15.20535898" >
      <name>rte1_1692</name>
      <ele>410.00</ele>
    </rtept>
    <rtept lat="45.67960994" lon="15.20533305" >
      <name>rte1_1693</name>
      <ele>410.00</ele>
    </rtept>
    <rtept lat="45.67954251" lon="15.20530071" >
      <name>rte1_1694</name>
      <ele>404.33</ele>
    </rtept>
    <rtept lat="45.67947506" lon="15.20528121" >
      <name>rte1_1695</name>
      <ele>404.33</ele>
    </rtept>
    <rtept lat="45.67940312" lon="15.20525527" >
      <name>rte1_1696</name>
      <ele>404.33</ele>
    </rtept>
    <rtept lat="45.67933567" lon="15.20523577" >
      <name>rte1_1697</name>
      <ele>400.00</ele>
    </rtept>
    <rtept lat="45.67926372" lon="15.20521625" >
      <name>rte1_1698</name>
      <ele>400.00</ele>
    </rtept>
    <rtept lat="45.67918727" lon="15.20519671" >
      <name>rte1_1699</name>
      <ele>400.00</ele>
    </rtept>
    <rtept lat="45.67911082" lon="15.20517717" >
      <name>rte1_1700</name>
      <ele>398.68</ele>
    </rtept>
    <rtept lat="45.67903437" lon="15.20515763" >
      <name>rte1_1701</name>
      <ele>398.68</ele>
    </rtept>
    <rtept lat="45.67894892" lon="15.20513806" >
      <name>rte1_1702</name>
      <ele>398.68</ele>
    </rtept>
    <rtept lat="45.67886348" lon="15.20511208" >
      <name>rte1_1703</name>
      <ele>397.50</ele>
    </rtept>
    <rtept lat="45.67880503" lon="15.20509261" >
      <name>rte1_1704</name>
      <ele>404.10</ele>
    </rtept>
    <rtept lat="45.67875108" lon="15.20507315" >
      <name>rte1_1705</name>
      <ele>404.10</ele>
    </rtept>
    <rtept lat="45.67870161" lon="15.20506013" >
      <name>rte1_1706</name>
      <ele>404.10</ele>
    </rtept>
    <rtept lat="45.67865214" lon="15.20504711" >
      <name>rte1_1707</name>
      <ele>403.64</ele>
    </rtept>
    <rtept lat="45.67860268" lon="15.20503409" >
      <name>rte1_1708</name>
      <ele>403.64</ele>
    </rtept>
    <rtept lat="45.67855321" lon="15.20502108" >
      <name>rte1_1709</name>
      <ele>403.64</ele>
    </rtept>
    <rtept lat="45.67850373" lon="15.20501447" >
      <name>rte1_1710</name>
      <ele>403.64</ele>
    </rtept>
    <rtept lat="45.67845876" lon="15.20500147" >
      <name>rte1_1711</name>
      <ele>403.64</ele>
    </rtept>
    <rtept lat="45.67841378" lon="15.20499489" >
      <name>rte1_1712</name>
      <ele>405.43</ele>
    </rtept>
    <rtept lat="45.67836880" lon="15.20498830" >
      <name>rte1_1713</name>
      <ele>405.43</ele>
    </rtept>
    <rtept lat="45.67828336" lon="15.20496873" >
      <name>rte1_1714</name>
      <ele>405.43</ele>
    </rtept>
    <rtept lat="45.67819790" lon="15.20495558" >
      <name>rte1_1715</name>
      <ele>410.00</ele>
    </rtept>
    <rtept lat="45.67811244" lon="15.20494243" >
      <name>rte1_1716</name>
      <ele>410.00</ele>
    </rtept>
    <rtept lat="45.67802698" lon="15.20492928" >
      <name>rte1_1717</name>
      <ele>410.00</ele>
    </rtept>
    <rtept lat="45.67794152" lon="15.20491613" >
      <name>rte1_1718</name>
      <ele>404.64</ele>
    </rtept>
    <rtept lat="45.67785607" lon="15.20489656" >
      <name>rte1_1719</name>
      <ele>404.64</ele>
    </rtept>
    <rtept lat="45.67777062" lon="15.20487699" >
      <name>rte1_1720</name>
      <ele>404.64</ele>
    </rtept>
    <rtept lat="45.67772565" lon="15.20486399" >
      <name>rte1_1721</name>
      <ele>400.00</ele>
    </rtept>
    <rtept lat="45.67767618" lon="15.20485739" >
      <name>rte1_1722</name>
      <ele>400.00</ele>
    </rtept>
    <rtept lat="45.67763121" lon="15.20484439" >
      <name>rte1_1723</name>
      <ele>400.00</ele>
    </rtept>
    <rtept lat="45.67758175" lon="15.20482495" >
      <name>rte1_1724</name>
      <ele>400.00</ele>
    </rtept>
    <rtept lat="45.67753679" lon="15.20481195" >
      <name>rte1_1725</name>
      <ele>390.00</ele>
    </rtept>
    <rtept lat="45.67748733" lon="15.20479251" >
      <name>rte1_1726</name>
      <ele>390.00</ele>
    </rtept>
    <rtept lat="45.67743336" lon="15.20477948" >
      <name>rte1_1727</name>
      <ele>410.00</ele>
    </rtept>
    <rtept lat="45.67738391" lon="15.20476004" >
      <name>rte1_1728</name>
      <ele>410.00</ele>
    </rtept>
    <rtept lat="45.67733447" lon="15.20473418" >
      <name>rte1_1729</name>
      <ele>410.00</ele>
    </rtept>
    <rtept lat="45.67728950" lon="15.20472118" >
      <name>rte1_1730</name>
      <ele>400.00</ele>
    </rtept>
    <rtept lat="45.67724004" lon="15.20470175" >
      <name>rte1_1731</name>
      <ele>400.00</ele>
    </rtept>
    <rtept lat="45.67719959" lon="15.20468234" >
      <name>rte1_1732</name>
      <ele>400.00</ele>
    </rtept>
    <rtept lat="45.67711416" lon="15.20464994" >
      <name>rte1_1733</name>
      <ele>400.00</ele>
    </rtept>
    <rtept lat="45.67703324" lon="15.20461755" >
      <name>rte1_1734</name>
      <ele>400.00</ele>
    </rtept>
    <rtept lat="45.67695231" lon="15.20458516" >
      <name>rte1_1735</name>
      <ele>400.00</ele>
    </rtept>
    <rtept lat="45.67687588" lon="15.20455279" >
      <name>rte1_1736</name>
      <ele>400.00</ele>
    </rtept>
    <rtept lat="45.67680396" lon="15.20452043" >
      <name>rte1_1737</name>
      <ele>400.00</ele>
    </rtept>
    <rtept lat="45.67673204" lon="15.20448166" >
      <name>rte1_1738</name>
      <ele>400.00</ele>
    </rtept>
    <rtept lat="45.67666012" lon="15.20444289" >
      <name>rte1_1739</name>
      <ele>402.17</ele>
    </rtept>
    <rtept lat="45.67658821" lon="15.20440412" >
      <name>rte1_1740</name>
      <ele>400.00</ele>
    </rtept>
    <rtept lat="45.67651630" lon="15.20435893" >
      <name>rte1_1741</name>
      <ele>400.00</ele>
    </rtept>
    <rtept lat="45.67644440" lon="15.20431373" >
      <name>rte1_1742</name>
      <ele>400.00</ele>
    </rtept>
    <rtept lat="45.67637252" lon="15.20425571" >
      <name>rte1_1743</name>
      <ele>400.00</ele>
    </rtept>
    <rtept lat="45.67629614" lon="15.20419767" >
      <name>rte1_1744</name>
      <ele>400.00</ele>
    </rtept>
    <rtept lat="45.67621977" lon="15.20413320" >
      <name>rte1_1745</name>
      <ele>400.00</ele>
    </rtept>
    <rtept lat="45.67618385" lon="15.20409456" >
      <name>rte1_1746</name>
      <ele>400.00</ele>
    </rtept>
    <rtept lat="45.67614341" lon="15.20406233" >
      <name>rte1_1747</name>
      <ele>400.00</ele>
    </rtept>
    <rtept lat="45.67608503" lon="15.20400435" >
      <name>rte1_1748</name>
      <ele>400.00</ele>
    </rtept>
    <rtept lat="45.67603114" lon="15.20394639" >
      <name>rte1_1749</name>
      <ele>400.00</ele>
    </rtept>
    <rtept lat="45.67598176" lon="15.20388845" >
      <name>rte1_1750</name>
      <ele>400.00</ele>
    </rtept>
    <rtept lat="45.67593687" lon="15.20383052" >
      <name>rte1_1751</name>
      <ele>400.00</ele>
    </rtept>
    <rtept lat="45.67589197" lon="15.20377901" >
      <name>rte1_1752</name>
      <ele>400.00</ele>
    </rtept>
    <rtept lat="45.67585158" lon="15.20372110" >
      <name>rte1_1753</name>
      <ele>400.00</ele>
    </rtept>
    <rtept lat="45.67581569" lon="15.20366321" >
      <name>rte1_1754</name>
      <ele>400.00</ele>
    </rtept>
    <rtept lat="45.67577981" lon="15.20360531" >
      <name>rte1_1755</name>
      <ele>400.00</ele>
    </rtept>
    <rtept lat="45.67574392" lon="15.20354742" >
      <name>rte1_1756</name>
      <ele>400.00</ele>
    </rtept>
    <rtept lat="45.67570804" lon="15.20348311" >
      <name>rte1_1757</name>
      <ele>405.19</ele>
    </rtept>
    <rtept lat="45.67567666" lon="15.20341882" >
      <name>rte1_1758</name>
      <ele>405.19</ele>
    </rtept>
    <rtept lat="45.67564078" lon="15.20335450" >
      <name>rte1_1759</name>
      <ele>405.19</ele>
    </rtept>
    <rtept lat="45.67560491" lon="15.20329019" >
      <name>rte1_1760</name>
      <ele>405.19</ele>
    </rtept>
    <rtept lat="45.67556905" lon="15.20321305" >
      <name>rte1_1761</name>
      <ele>405.19</ele>
    </rtept>
    <rtept lat="45.67552869" lon="15.20314230" >
      <name>rte1_1762</name>
      <ele>415.29</ele>
    </rtept>
    <rtept lat="45.67549283" lon="15.20306516" >
      <name>rte1_1763</name>
      <ele>410.17</ele>
    </rtept>
    <rtept lat="45.67545249" lon="15.20298157" >
      <name>rte1_1764</name>
      <ele>410.17</ele>
    </rtept>
    <rtept lat="45.67541663" lon="15.20290443" >
      <name>rte1_1765</name>
      <ele>410.17</ele>
    </rtept>
    <rtept lat="45.67538978" lon="15.20282732" >
      <name>rte1_1766</name>
      <ele>415.34</ele>
    </rtept>
    <rtept lat="45.67536742" lon="15.20275022" >
      <name>rte1_1767</name>
      <ele>415.34</ele>
    </rtept>
    <rtept lat="45.67534506" lon="15.20267312" >
      <name>rte1_1768</name>
      <ele>415.34</ele>
    </rtept>
    <rtept lat="45.67532719" lon="15.20260246" >
      <name>rte1_1769</name>
      <ele>415.34</ele>
    </rtept>
    <rtept lat="45.67530484" lon="15.20252536" >
      <name>rte1_1770</name>
      <ele>422.74</ele>
    </rtept>
    <rtept lat="45.67528697" lon="15.20245470" >
      <name>rte1_1771</name>
      <ele>416.38</ele>
    </rtept>
    <rtept lat="45.67526910" lon="15.20238404" >
      <name>rte1_1772</name>
      <ele>416.38</ele>
    </rtept>
    <rtept lat="45.67525122" lon="15.20231338" >
      <name>rte1_1773</name>
      <ele>416.38</ele>
    </rtept>
    <rtept lat="45.67522884" lon="15.20224911" >
      <name>rte1_1774</name>
      <ele>416.38</ele>
    </rtept>
    <rtept lat="45.67520198" lon="15.20217842" >
      <name>rte1_1775</name>
      <ele>422.25</ele>
    </rtept>
    <rtept lat="45.67517060" lon="15.20211413" >
      <name>rte1_1776</name>
      <ele>422.25</ele>
    </rtept>
    <rtept lat="45.67513472" lon="15.20204982" >
      <name>rte1_1777</name>
      <ele>422.25</ele>
    </rtept>
    <rtept lat="45.67508983" lon="15.20199189" >
      <name>rte1_1778</name>
      <ele>422.25</ele>
    </rtept>
    <rtept lat="45.67504494" lon="15.20193397" >
      <name>rte1_1779</name>
      <ele>419.55</ele>
    </rtept>
    <rtept lat="45.67497757" lon="15.20186954" >
      <name>rte1_1780</name>
      <ele>429.75</ele>
    </rtept>
    <rtept lat="45.67491016" lon="15.20182437" >
      <name>rte1_1781</name>
      <ele>429.75</ele>
    </rtept>
    <rtept lat="45.67484723" lon="15.20179206" >
      <name>rte1_1782</name>
      <ele>420.00</ele>
    </rtept>
    <rtept lat="45.67477977" lon="15.20177898" >
      <name>rte1_1783</name>
      <ele>420.00</ele>
    </rtept>
    <rtept lat="45.67471679" lon="15.20177233" >
      <name>rte1_1784</name>
      <ele>420.00</ele>
    </rtept>
    <rtept lat="45.67465380" lon="15.20177852" >
      <name>rte1_1785</name>
      <ele>420.00</ele>
    </rtept>
    <rtept lat="45.67458628" lon="15.20179753" >
      <name>rte1_1786</name>
      <ele>420.00</ele>
    </rtept>
    <rtept lat="45.67452325" lon="15.20181655" >
      <name>rte1_1787</name>
      <ele>420.00</ele>
    </rtept>
    <rtept lat="45.67445572" lon="15.20184198" >
      <name>rte1_1788</name>
      <ele>420.00</ele>
    </rtept>
    <rtept lat="45.67438819" lon="15.20186741" >
      <name>rte1_1789</name>
      <ele>415.45</ele>
    </rtept>
    <rtept lat="45.67431616" lon="15.20189282" >
      <name>rte1_1790</name>
      <ele>409.52</ele>
    </rtept>
    <rtept lat="45.67424863" lon="15.20191824" >
      <name>rte1_1791</name>
      <ele>409.52</ele>
    </rtept>
    <rtept lat="45.67417661" lon="15.20193723" >
      <name>rte1_1792</name>
      <ele>409.52</ele>
    </rtept>
    <rtept lat="45.67410010" lon="15.20194979" >
      <name>rte1_1793</name>
      <ele>403.42</ele>
    </rtept>
    <rtept lat="45.67402360" lon="15.20195593" >
      <name>rte1_1794</name>
      <ele>403.42</ele>
    </rtept>
    <rtept lat="45.67394712" lon="15.20195565" >
      <name>rte1_1795</name>
      <ele>396.43</ele>
    </rtept>
    <rtept lat="45.67387519" lon="15.20192330" >
      <name>rte1_1796</name>
      <ele>396.43</ele>
    </rtept>
    <rtept lat="45.67382129" lon="15.20187177" >
      <name>rte1_1797</name>
      <ele>410.00</ele>
    </rtept>
    <rtept lat="45.67377192" lon="15.20180741" >
      <name>rte1_1798</name>
      <ele>410.00</ele>
    </rtept>
    <rtept lat="45.67372254" lon="15.20174305" >
      <name>rte1_1799</name>
      <ele>399.40</ele>
    </rtept>
    <rtept lat="45.67365069" lon="15.20166578" >
      <name>rte1_1800</name>
      <ele>399.40</ele>
    </rtept>
    <rtept lat="45.67358333" lon="15.20159494" >
      <name>rte1_1801</name>
      <ele>399.40</ele>
    </rtept>
    <rtept lat="45.67352497" lon="15.20152413" >
      <name>rte1_1802</name>
      <ele>410.00</ele>
    </rtept>
    <rtept lat="45.67347111" lon="15.20145334" >
      <name>rte1_1803</name>
      <ele>400.00</ele>
    </rtept>
    <rtept lat="45.67341724" lon="15.20138255" >
      <name>rte1_1804</name>
      <ele>400.00</ele>
    </rtept>
    <rtept lat="45.67336787" lon="15.20131820" >
      <name>rte1_1805</name>
      <ele>400.00</ele>
    </rtept>
    <rtept lat="45.67331850" lon="15.20124742" >
      <name>rte1_1806</name>
      <ele>400.00</ele>
    </rtept>
    <rtept lat="45.67327364" lon="15.20117667" >
      <name>rte1_1807</name>
      <ele>405.20</ele>
    </rtept>
    <rtept lat="45.67322877" lon="15.20110591" >
      <name>rte1_1808</name>
      <ele>405.20</ele>
    </rtept>
    <rtept lat="45.67317939" lon="15.20104155" >
      <name>rte1_1809</name>
      <ele>405.20</ele>
    </rtept>
    <rtept lat="45.67313004" lon="15.20096436" >
      <name>rte1_1810</name>
      <ele>405.20</ele>
    </rtept>
    <rtept lat="45.67308068" lon="15.20089359" >
      <name>rte1_1811</name>
      <ele>413.81</ele>
    </rtept>
    <rtept lat="45.67303131" lon="15.20082282" >
      <name>rte1_1812</name>
      <ele>400.00</ele>
    </rtept>
    <rtept lat="45.67297296" lon="15.20074560" >
      <name>rte1_1813</name>
      <ele>400.00</ele>
    </rtept>
    <rtept lat="45.67291461" lon="15.20066837" >
      <name>rte1_1814</name>
      <ele>400.00</ele>
    </rtept>
    <rtept lat="45.67285176" lon="15.20059113" >
      <name>rte1_1815</name>
      <ele>409.08</ele>
    </rtept>
    <rtept lat="45.67279339" lon="15.20052033" >
      <name>rte1_1816</name>
      <ele>403.55</ele>
    </rtept>
    <rtept lat="45.67273952" lon="15.20045596" >
      <name>rte1_1817</name>
      <ele>403.55</ele>
    </rtept>
    <rtept lat="45.67269013" lon="15.20039802" >
      <name>rte1_1818</name>
      <ele>403.55</ele>
    </rtept>
    <rtept lat="45.67263625" lon="15.20033365" >
      <name>rte1_1819</name>
      <ele>403.55</ele>
    </rtept>
    <rtept lat="45.67258687" lon="15.20027572" >
      <name>rte1_1820</name>
      <ele>400.00</ele>
    </rtept>
    <rtept lat="45.67254198" lon="15.20021780" >
      <name>rte1_1821</name>
      <ele>410.00</ele>
    </rtept>
    <rtept lat="45.67249258" lon="15.20016628" >
      <name>rte1_1822</name>
      <ele>410.00</ele>
    </rtept>
    <rtept lat="45.67244769" lon="15.20010836" >
      <name>rte1_1823</name>
      <ele>410.00</ele>
    </rtept>
    <rtept lat="45.67240279" lon="15.20005685" >
      <name>rte1_1824</name>
      <ele>410.00</ele>
    </rtept>
    <rtept lat="45.67235789" lon="15.20000535" >
      <name>rte1_1825</name>
      <ele>397.73</ele>
    </rtept>
    <rtept lat="45.67231298" lon="15.19996027" >
      <name>rte1_1826</name>
      <ele>397.73</ele>
    </rtept>
    <rtept lat="45.67226808" lon="15.19990877" >
      <name>rte1_1827</name>
      <ele>410.00</ele>
    </rtept>
    <rtept lat="45.67222768" lon="15.19985728" >
      <name>rte1_1828</name>
      <ele>410.00</ele>
    </rtept>
    <rtept lat="45.67218276" lon="15.19981219" >
      <name>rte1_1829</name>
      <ele>410.00</ele>
    </rtept>
    <rtept lat="45.67213786" lon="15.19976069" >
      <name>rte1_1830</name>
      <ele>406.09</ele>
    </rtept>
    <rtept lat="45.67209745" lon="15.19971562" >
      <name>rte1_1831</name>
      <ele>406.09</ele>
    </rtept>
    <rtept lat="45.67205704" lon="15.19967056" >
      <name>rte1_1832</name>
      <ele>406.09</ele>
    </rtept>
    <rtept lat="45.67201214" lon="15.19961906" >
      <name>rte1_1833</name>
      <ele>412.22</ele>
    </rtept>
    <rtept lat="45.67196723" lon="15.19957397" >
      <name>rte1_1834</name>
      <ele>412.22</ele>
    </rtept>
    <rtept lat="45.67192681" lon="15.19952890" >
      <name>rte1_1835</name>
      <ele>408.72</ele>
    </rtept>
    <rtept lat="45.67188191" lon="15.19947740" >
      <name>rte1_1836</name>
      <ele>408.72</ele>
    </rtept>
    <rtept lat="45.67183701" lon="15.19942590" >
      <name>rte1_1837</name>
      <ele>408.72</ele>
    </rtept>
    <rtept lat="45.67179210" lon="15.19938082" >
      <name>rte1_1838</name>
      <ele>408.72</ele>
    </rtept>
    <rtept lat="45.67174720" lon="15.19932932" >
      <name>rte1_1839</name>
      <ele>408.72</ele>
    </rtept>
    <rtept lat="45.67170230" lon="15.19927781" >
      <name>rte1_1840</name>
      <ele>402.68</ele>
    </rtept>
    <rtept lat="45.67165290" lon="15.19922630" >
      <name>rte1_1841</name>
      <ele>402.68</ele>
    </rtept>
    <rtept lat="45.67160800" lon="15.19917480" >
      <name>rte1_1842</name>
      <ele>402.68</ele>
    </rtept>
    <rtept lat="45.67155861" lon="15.19911686" >
      <name>rte1_1843</name>
      <ele>402.68</ele>
    </rtept>
    <rtept lat="45.67150472" lon="15.19905891" >
      <name>rte1_1844</name>
      <ele>402.68</ele>
    </rtept>
    <rtept lat="45.67145534" lon="15.19900098" >
      <name>rte1_1845</name>
      <ele>395.88</ele>
    </rtept>
    <rtept lat="45.67140145" lon="15.19894303" >
      <name>rte1_1846</name>
      <ele>405.85</ele>
    </rtept>
    <rtept lat="45.67134756" lon="15.19888508" >
      <name>rte1_1847</name>
      <ele>405.85</ele>
    </rtept>
    <rtept lat="45.67128021" lon="15.19880783" >
      <name>rte1_1848</name>
      <ele>405.85</ele>
    </rtept>
    <rtept lat="45.67121285" lon="15.19873699" >
      <name>rte1_1849</name>
      <ele>403.91</ele>
    </rtept>
    <rtept lat="45.67114998" lon="15.19866618" >
      <name>rte1_1850</name>
      <ele>403.91</ele>
    </rtept>
    <rtept lat="45.67108711" lon="15.19860178" >
      <name>rte1_1851</name>
      <ele>405.15</ele>
    </rtept>
    <rtept lat="45.67102423" lon="15.19853738" >
      <name>rte1_1852</name>
      <ele>399.17</ele>
    </rtept>
    <rtept lat="45.67096585" lon="15.19847941" >
      <name>rte1_1853</name>
      <ele>399.17</ele>
    </rtept>
    <rtept lat="45.67090746" lon="15.19842145" >
      <name>rte1_1854</name>
      <ele>399.17</ele>
    </rtept>
    <rtept lat="45.67084907" lon="15.19836348" >
      <name>rte1_1855</name>
      <ele>399.17</ele>
    </rtept>
    <rtept lat="45.67079067" lon="15.19831194" >
      <name>rte1_1856</name>
      <ele>400.00</ele>
    </rtept>
    <rtept lat="45.67073229" lon="15.19825397" >
      <name>rte1_1857</name>
      <ele>400.00</ele>
    </rtept>
    <rtept lat="45.67067839" lon="15.19820244" >
      <name>rte1_1858</name>
      <ele>400.00</ele>
    </rtept>
    <rtept lat="45.67062449" lon="15.19815091" >
      <name>rte1_1859</name>
      <ele>400.00</ele>
    </rtept>
    <rtept lat="45.67056608" lon="15.19810578" >
      <name>rte1_1860</name>
      <ele>400.00</ele>
    </rtept>
    <rtept lat="45.67051218" lon="15.19805425" >
      <name>rte1_1861</name>
      <ele>400.00</ele>
    </rtept>
    <rtept lat="45.67045828" lon="15.19800272" >
      <name>rte1_1862</name>
      <ele>403.14</ele>
    </rtept>
    <rtept lat="45.67040437" lon="15.19795760" >
      <name>rte1_1863</name>
      <ele>403.14</ele>
    </rtept>
    <rtept lat="45.67035047" lon="15.19790607" >
      <name>rte1_1864</name>
      <ele>395.93</ele>
    </rtept>
    <rtept lat="45.67029656" lon="15.19786096" >
      <name>rte1_1865</name>
      <ele>395.93</ele>
    </rtept>
    <rtept lat="45.67024266" lon="15.19780943" >
      <name>rte1_1866</name>
      <ele>395.93</ele>
    </rtept>
    <rtept lat="45.67018876" lon="15.19775790" >
      <name>rte1_1867</name>
      <ele>395.93</ele>
    </rtept>
    <rtept lat="45.67013486" lon="15.19770637" >
      <name>rte1_1868</name>
      <ele>395.93</ele>
    </rtept>
    <rtept lat="45.67008096" lon="15.19765484" >
      <name>rte1_1869</name>
      <ele>400.00</ele>
    </rtept>
    <rtept lat="45.67002256" lon="15.19760329" >
      <name>rte1_1870</name>
      <ele>400.00</ele>
    </rtept>
    <rtept lat="45.66996867" lon="15.19754534" >
      <name>rte1_1871</name>
      <ele>400.00</ele>
    </rtept>
    <rtept lat="45.66991029" lon="15.19748738" >
      <name>rte1_1872</name>
      <ele>400.00</ele>
    </rtept>
    <rtept lat="45.66985190" lon="15.19742942" >
      <name>rte1_1873</name>
      <ele>394.64</ele>
    </rtept>
    <rtept lat="45.66979352" lon="15.19736504" >
      <name>rte1_1874</name>
      <ele>399.50</ele>
    </rtept>
    <rtept lat="45.66973513" lon="15.19730707" >
      <name>rte1_1875</name>
      <ele>399.50</ele>
    </rtept>
    <rtept lat="45.66967677" lon="15.19723628" >
      <name>rte1_1876</name>
      <ele>392.50</ele>
    </rtept>
    <rtept lat="45.66961391" lon="15.19716546" >
      <name>rte1_1877</name>
      <ele>392.50</ele>
    </rtept>
    <rtept lat="45.66955104" lon="15.19709465" >
      <name>rte1_1878</name>
      <ele>392.50</ele>
    </rtept>
    <rtept lat="45.66948818" lon="15.19702384" >
      <name>rte1_1879</name>
      <ele>394.27</ele>
    </rtept>
    <rtept lat="45.66942535" lon="15.19693377" >
      <name>rte1_1880</name>
      <ele>387.65</ele>
    </rtept>
    <rtept lat="45.66937601" lon="15.19684376" >
      <name>rte1_1881</name>
      <ele>387.65</ele>
    </rtept>
    <rtept lat="45.66933566" lon="15.19676019" >
      <name>rte1_1882</name>
      <ele>387.65</ele>
    </rtept>
    <rtept lat="45.66930433" lon="15.19667024" >
      <name>rte1_1883</name>
      <ele>399.53</ele>
    </rtept>
    <rtept lat="45.66926848" lon="15.19658669" >
      <name>rte1_1884</name>
      <ele>399.53</ele>
    </rtept>
    <rtept lat="45.66923264" lon="15.19649672" >
      <name>rte1_1885</name>
      <ele>390.00</ele>
    </rtept>
    <rtept lat="45.66918780" lon="15.19641313" >
      <name>rte1_1886</name>
      <ele>390.00</ele>
    </rtept>
    <rtept lat="45.66913395" lon="15.19632952" >
      <name>rte1_1887</name>
      <ele>390.00</ele>
    </rtept>
    <rtept lat="45.66908457" lon="15.19626517" >
      <name>rte1_1888</name>
      <ele>390.00</ele>
    </rtept>
    <rtept lat="45.66903519" lon="15.19620083" >
      <name>rte1_1889</name>
      <ele>390.00</ele>
    </rtept>
    <rtept lat="45.66899031" lon="15.19613650" >
      <name>rte1_1890</name>
      <ele>390.00</ele>
    </rtept>
    <rtept lat="45.66894542" lon="15.19607858" >
      <name>rte1_1891</name>
      <ele>402.62</ele>
    </rtept>
    <rtept lat="45.66890053" lon="15.19602067" >
      <name>rte1_1892</name>
      <ele>402.62</ele>
    </rtept>
    <rtept lat="45.66886014" lon="15.19596277" >
      <name>rte1_1893</name>
      <ele>402.62</ele>
    </rtept>
    <rtept lat="45.66881524" lon="15.19591128" >
      <name>rte1_1894</name>
      <ele>402.62</ele>
    </rtept>
    <rtept lat="45.66877485" lon="15.19585338" >
      <name>rte1_1895</name>
      <ele>385.25</ele>
    </rtept>
    <rtept lat="45.66873444" lon="15.19580190" >
      <name>rte1_1896</name>
      <ele>385.25</ele>
    </rtept>
    <rtept lat="45.66869404" lon="15.19575042" >
      <name>rte1_1897</name>
      <ele>393.45</ele>
    </rtept>
    <rtept lat="45.66865814" lon="15.19569896" >
      <name>rte1_1898</name>
      <ele>393.45</ele>
    </rtept>
    <rtept lat="45.66861773" lon="15.19564748" >
      <name>rte1_1899</name>
      <ele>393.45</ele>
    </rtept>
    <rtept lat="45.66857732" lon="15.19560242" >
      <name>rte1_1900</name>
      <ele>393.45</ele>
    </rtept>
    <rtept lat="45.66854141" lon="15.19555095" >
      <name>rte1_1901</name>
      <ele>380.00</ele>
    </rtept>
    <rtept lat="45.66850550" lon="15.19550591" >
      <name>rte1_1902</name>
      <ele>380.00</ele>
    </rtept>
    <rtept lat="45.66846510" lon="15.19545443" >
      <name>rte1_1903</name>
      <ele>380.00</ele>
    </rtept>
    <rtept lat="45.66842918" lon="15.19540938" >
      <name>rte1_1904</name>
      <ele>390.00</ele>
    </rtept>
    <rtept lat="45.66839327" lon="15.19536433" >
      <name>rte1_1905</name>
      <ele>390.00</ele>
    </rtept>
    <rtept lat="45.66835285" lon="15.19531927" >
      <name>rte1_1906</name>
      <ele>390.00</ele>
    </rtept>
    <rtept lat="45.66831695" lon="15.19526781" >
      <name>rte1_1907</name>
      <ele>390.00</ele>
    </rtept>
    <rtept lat="45.66828103" lon="15.19522276" >
      <name>rte1_1908</name>
      <ele>390.00</ele>
    </rtept>
    <rtept lat="45.66824062" lon="15.19517770" >
      <name>rte1_1909</name>
      <ele>390.00</ele>
    </rtept>
    <rtept lat="45.66820470" lon="15.19513266" >
      <name>rte1_1910</name>
      <ele>390.00</ele>
    </rtept>
    <rtept lat="45.66816429" lon="15.19508759" >
      <name>rte1_1911</name>
      <ele>395.20</ele>
    </rtept>
    <rtept lat="45.66812387" lon="15.19504253" >
      <name>rte1_1912</name>
      <ele>395.20</ele>
    </rtept>
    <rtept lat="45.66808796" lon="15.19499749" >
      <name>rte1_1913</name>
      <ele>385.84</ele>
    </rtept>
    <rtept lat="45.66804754" lon="15.19495242" >
      <name>rte1_1914</name>
      <ele>385.84</ele>
    </rtept>
    <rtept lat="45.66800714" lon="15.19490095" >
      <name>rte1_1915</name>
      <ele>385.84</ele>
    </rtept>
    <rtept lat="45.66796223" lon="15.19485587" >
      <name>rte1_1916</name>
      <ele>385.84</ele>
    </rtept>
    <rtept lat="45.66792181" lon="15.19481081" >
      <name>rte1_1917</name>
      <ele>385.84</ele>
    </rtept>
    <rtept lat="45.66787691" lon="15.19475931" >
      <name>rte1_1918</name>
      <ele>383.47</ele>
    </rtept>
    <rtept lat="45.66783649" lon="15.19471425" >
      <name>rte1_1919</name>
      <ele>383.47</ele>
    </rtept>
    <rtept lat="45.66758074" lon="15.19430908" >
      <name>rte1_1920</name>
      <ele>385.00</ele>
    </rtept>
    <rtept lat="45.66754492" lon="15.19420628" >
      <name>rte1_1921</name>
      <ele>385.00</ele>
    </rtept>
    <rtept lat="45.66751358" lon="15.19411634" >
      <name>rte1_1922</name>
      <ele>389.76</ele>
    </rtept>
    <rtept lat="45.66748224" lon="15.19402639" >
      <name>rte1_1923</name>
      <ele>389.76</ele>
    </rtept>
    <rtept lat="45.66745089" lon="15.19394286" >
      <name>rte1_1924</name>
      <ele>389.76</ele>
    </rtept>
    <rtept lat="45.66741953" lon="15.19386574" >
      <name>rte1_1925</name>
      <ele>380.27</ele>
    </rtept>
    <rtept lat="45.66738816" lon="15.19379505" >
      <name>rte1_1926</name>
      <ele>389.59</ele>
    </rtept>
    <rtept lat="45.66735679" lon="15.19372435" >
      <name>rte1_1927</name>
      <ele>389.59</ele>
    </rtept>
    <rtept lat="45.66732542" lon="15.19364724" >
      <name>rte1_1928</name>
      <ele>389.59</ele>
    </rtept>
    <rtept lat="45.66729405" lon="15.19357654" >
      <name>rte1_1929</name>
      <ele>389.59</ele>
    </rtept>
    <rtept lat="45.66726718" lon="15.19350586" >
      <name>rte1_1930</name>
      <ele>400.00</ele>
    </rtept>
    <rtept lat="45.66723581" lon="15.19342875" >
      <name>rte1_1931</name>
      <ele>400.00</ele>
    </rtept>
    <rtept lat="45.66720895" lon="15.19335165" >
      <name>rte1_1932</name>
      <ele>382.26</ele>
    </rtept>
    <rtept lat="45.66718660" lon="15.19326815" >
      <name>rte1_1933</name>
      <ele>382.26</ele>
    </rtept>
    <rtept lat="45.66715975" lon="15.19318464" >
      <name>rte1_1934</name>
      <ele>391.17</ele>
    </rtept>
    <rtept lat="45.66713742" lon="15.19308830" >
      <name>rte1_1935</name>
      <ele>391.17</ele>
    </rtept>
    <rtept lat="45.66711958" lon="15.19299199" >
      <name>rte1_1936</name>
      <ele>391.17</ele>
    </rtept>
    <rtept lat="45.66710177" lon="15.19288283" >
      <name>rte1_1937</name>
      <ele>391.17</ele>
    </rtept>
    <rtept lat="45.66709294" lon="15.19278655" >
      <name>rte1_1938</name>
      <ele>392.38</ele>
    </rtept>
    <rtept lat="45.66709310" lon="15.19269029" >
      <name>rte1_1939</name>
      <ele>392.38</ele>
    </rtept>
    <rtept lat="45.66709774" lon="15.19260689" >
      <name>rte1_1940</name>
      <ele>392.38</ele>
    </rtept>
    <rtept lat="45.66710689" lon="15.19251708" >
      <name>rte1_1941</name>
      <ele>390.00</ele>
    </rtept>
    <rtept lat="45.66711605" lon="15.19242728" >
      <name>rte1_1942</name>
      <ele>390.00</ele>
    </rtept>
    <rtept lat="45.66712070" lon="15.19233745" >
      <name>rte1_1943</name>
      <ele>390.00</ele>
    </rtept>
    <rtept lat="45.66712087" lon="15.19223478" >
      <name>rte1_1944</name>
      <ele>390.00</ele>
    </rtept>
    <rtept lat="45.66709856" lon="15.19212562" >
      <name>rte1_1945</name>
      <ele>410.00</ele>
    </rtept>
    <rtept lat="45.66706722" lon="15.19203567" >
      <name>rte1_1946</name>
      <ele>410.00</ele>
    </rtept>
    <rtept lat="45.66704037" lon="15.19195216" >
      <name>rte1_1947</name>
      <ele>410.00</ele>
    </rtept>
    <rtept lat="45.66703153" lon="15.19185587" >
      <name>rte1_1948</name>
      <ele>415.43</ele>
    </rtept>
    <rtept lat="45.66703171" lon="15.19175320" >
      <name>rte1_1949</name>
      <ele>415.43</ele>
    </rtept>
    <rtept lat="45.66703187" lon="15.19165695" >
      <name>rte1_1950</name>
      <ele>415.43</ele>
    </rtept>
    <rtept lat="45.66704101" lon="15.19157356" >
      <name>rte1_1951</name>
      <ele>424.78</ele>
    </rtept>
    <rtept lat="45.66704566" lon="15.19148373" >
      <name>rte1_1952</name>
      <ele>424.78</ele>
    </rtept>
    <rtept lat="45.66705929" lon="15.19140678" >
      <name>rte1_1953</name>
      <ele>424.78</ele>
    </rtept>
    <rtept lat="45.66706843" lon="15.19132339" >
      <name>rte1_1954</name>
      <ele>424.78</ele>
    </rtept>
    <rtept lat="45.66707756" lon="15.19124642" >
      <name>rte1_1955</name>
      <ele>430.00</ele>
    </rtept>
    <rtept lat="45.66709117" lon="15.19117587" >
      <name>rte1_1956</name>
      <ele>430.00</ele>
    </rtept>
    <rtept lat="45.66710030" lon="15.19109890" >
      <name>rte1_1957</name>
      <ele>430.00</ele>
    </rtept>
    <rtept lat="45.66710943" lon="15.19102193" >
      <name>rte1_1958</name>
      <ele>430.00</ele>
    </rtept>
    <rtept lat="45.66711406" lon="15.19094494" >
      <name>rte1_1959</name>
      <ele>440.00</ele>
    </rtept>
    <rtept lat="45.66711870" lon="15.19086154" >
      <name>rte1_1960</name>
      <ele>440.00</ele>
    </rtept>
    <rtept lat="45.66711883" lon="15.19078453" >
      <name>rte1_1961</name>
      <ele>440.00</ele>
    </rtept>
    <rtept lat="45.66711898" lon="15.19069469" >
      <name>rte1_1962</name>
      <ele>440.00</ele>
    </rtept>
    <rtept lat="45.66711013" lon="15.19060483" >
      <name>rte1_1963</name>
      <ele>440.00</ele>
    </rtept>
    <rtept lat="45.66710129" lon="15.19051496" >
      <name>rte1_1964</name>
      <ele>440.00</ele>
    </rtept>
    <rtept lat="45.66708791" lon="15.19044433" >
      <name>rte1_1965</name>
      <ele>440.00</ele>
    </rtept>
    <rtept lat="45.66707901" lon="15.19038654" >
      <name>rte1_1966</name>
      <ele>440.00</ele>
    </rtept>
    <rtept lat="45.66705221" lon="15.19027094" >
      <name>rte1_1967</name>
      <ele>444.62</ele>
    </rtept>
    <rtept lat="45.66702089" lon="15.19016175" >
      <name>rte1_1968</name>
      <ele>444.62</ele>
    </rtept>
    <rtept lat="45.66698957" lon="15.19005897" >
      <name>rte1_1969</name>
      <ele>436.56</ele>
    </rtept>
    <rtept lat="45.66695373" lon="15.18996901" >
      <name>rte1_1970</name>
      <ele>440.00</ele>
    </rtept>
    <rtept lat="45.66691339" lon="15.18987903" >
      <name>rte1_1971</name>
      <ele>440.00</ele>
    </rtept>
    <rtept lat="45.66687304" lon="15.18979547" >
      <name>rte1_1972</name>
      <ele>440.00</ele>
    </rtept>
    <rtept lat="45.66683269" lon="15.18971192" >
      <name>rte1_1973</name>
      <ele>440.00</ele>
    </rtept>
    <rtept lat="45.66679233" lon="15.18962836" >
      <name>rte1_1974</name>
      <ele>444.60</ele>
    </rtept>
    <rtept lat="45.66674748" lon="15.18954478" >
      <name>rte1_1975</name>
      <ele>435.93</ele>
    </rtept>
    <rtept lat="45.66670713" lon="15.18946123" >
      <name>rte1_1976</name>
      <ele>435.93</ele>
    </rtept>
    <rtept lat="45.66666229" lon="15.18937124" >
      <name>rte1_1977</name>
      <ele>435.93</ele>
    </rtept>
    <rtept lat="45.66662196" lon="15.18927484" >
      <name>rte1_1978</name>
      <ele>440.00</ele>
    </rtept>
    <rtept lat="45.66658163" lon="15.18917845" >
      <name>rte1_1979</name>
      <ele>440.00</ele>
    </rtept>
    <rtept lat="45.66654582" lon="15.18906924" >
      <name>rte1_1980</name>
      <ele>434.55</ele>
    </rtept>
    <rtept lat="45.66651452" lon="15.18895363" >
      <name>rte1_1981</name>
      <ele>440.00</ele>
    </rtept>
    <rtept lat="45.66649214" lon="15.18888297" >
      <name>rte1_1982</name>
      <ele>440.00</ele>
    </rtept>
    <rtept lat="45.66647875" lon="15.18881876" >
      <name>rte1_1983</name>
      <ele>440.00</ele>
    </rtept>
    <rtept lat="45.66646086" lon="15.18875453" >
      <name>rte1_1984</name>
      <ele>440.00</ele>
    </rtept>
    <rtept lat="45.66644746" lon="15.18869673" >
      <name>rte1_1985</name>
      <ele>442.57</ele>
    </rtept>
    <rtept lat="45.66642516" lon="15.18858115" >
      <name>rte1_1986</name>
      <ele>442.57</ele>
    </rtept>
    <rtept lat="45.66641185" lon="15.18846560" >
      <name>rte1_1987</name>
      <ele>442.57</ele>
    </rtept>
    <rtept lat="45.66640303" lon="15.18835648" >
      <name>rte1_1988</name>
      <ele>445.93</ele>
    </rtept>
    <rtept lat="45.66639424" lon="15.18823453" >
      <name>rte1_1989</name>
      <ele>445.93</ele>
    </rtept>
    <rtept lat="45.66639444" lon="15.18811261" >
      <name>rte1_1990</name>
      <ele>445.93</ele>
    </rtept>
    <rtept lat="45.66639906" lon="15.18804204" >
      <name>rte1_1991</name>
      <ele>450.00</ele>
    </rtept>
    <rtept lat="45.66640366" lon="15.18797788" >
      <name>rte1_1992</name>
      <ele>450.00</ele>
    </rtept>
    <rtept lat="45.66640828" lon="15.18790731" >
      <name>rte1_1993</name>
      <ele>450.00</ele>
    </rtept>
    <rtept lat="45.66641289" lon="15.18784316" >
      <name>rte1_1994</name>
      <ele>450.00</ele>
    </rtept>
    <rtept lat="45.66642208" lon="15.18772769" >
      <name>rte1_1995</name>
      <ele>450.00</ele>
    </rtept>
    <rtept lat="45.66642676" lon="15.18761861" >
      <name>rte1_1996</name>
      <ele>450.00</ele>
    </rtept>
    <rtept lat="45.66643143" lon="15.18751596" >
      <name>rte1_1997</name>
      <ele>450.00</ele>
    </rtept>
    <rtept lat="45.66642710" lon="15.18741327" >
      <name>rte1_1998</name>
      <ele>459.80</ele>
    </rtept>
    <rtept lat="45.66642278" lon="15.18730417" >
      <name>rte1_1999</name>
      <ele>459.80</ele>
    </rtept>
    <rtept lat="45.66641397" lon="15.18718864" >
      <name>rte1_2000</name>
      <ele>459.80</ele>
    </rtept>
    <rtept lat="45.66640517" lon="15.18706668" >
      <name>rte1_2001</name>
      <ele>470.00</ele>
    </rtept>
    <rtept lat="45.66639180" lon="15.18698964" >
      <name>rte1_2002</name>
      <ele>470.00</ele>
    </rtept>
    <rtept lat="45.66638292" lon="15.18691902" >
      <name>rte1_2003</name>
      <ele>470.00</ele>
    </rtept>
    <rtept lat="45.66636954" lon="15.18684839" >
      <name>rte1_2004</name>
      <ele>470.00</ele>
    </rtept>
    <rtept lat="45.66636065" lon="15.18678419" >
      <name>rte1_2005</name>
      <ele>470.00</ele>
    </rtept>
    <rtept lat="45.66633386" lon="15.18666218" >
      <name>rte1_2006</name>
      <ele>474.21</ele>
    </rtept>
    <rtept lat="45.66630705" lon="15.18654658" >
      <name>rte1_2007</name>
      <ele>472.22</ele>
    </rtept>
    <rtept lat="45.66628025" lon="15.18643099" >
      <name>rte1_2008</name>
      <ele>470.31</ele>
    </rtept>
    <rtept lat="45.66625343" lon="15.18632181" >
      <name>rte1_2009</name>
      <ele>470.31</ele>
    </rtept>
    <rtept lat="45.66622662" lon="15.18621264" >
      <name>rte1_2010</name>
      <ele>470.31</ele>
    </rtept>
    <rtept lat="45.66620430" lon="15.18610347" >
      <name>rte1_2011</name>
      <ele>473.03</ele>
    </rtept>
    <rtept lat="45.66605168" lon="15.18589121" >
      <name>rte1_2012</name>
      <ele>470.57</ele>
    </rtept>
    <rtept lat="45.66598425" lon="15.18585890" >
      <name>rte1_2013</name>
      <ele>470.57</ele>
    </rtept>
    <rtept lat="45.66591680" lon="15.18583300" >
      <name>rte1_2014</name>
      <ele>470.57</ele>
    </rtept>
    <rtept lat="45.66585386" lon="15.18580713" >
      <name>rte1_2015</name>
      <ele>470.00</ele>
    </rtept>
    <rtept lat="45.66579542" lon="15.18577485" >
      <name>rte1_2016</name>
      <ele>470.00</ele>
    </rtept>
    <rtept lat="45.66573248" lon="15.18574897" >
      <name>rte1_2017</name>
      <ele>470.00</ele>
    </rtept>
    <rtept lat="45.66567853" lon="15.18572312" >
      <name>rte1_2018</name>
      <ele>470.00</ele>
    </rtept>
    <rtept lat="45.66562009" lon="15.18569084" >
      <name>rte1_2019</name>
      <ele>468.60</ele>
    </rtept>
    <rtept lat="45.66556615" lon="15.18566499" >
      <name>rte1_2020</name>
      <ele>468.60</ele>
    </rtept>
    <rtept lat="45.66551221" lon="15.18563273" >
      <name>rte1_2021</name>
      <ele>468.60</ele>
    </rtept>
    <rtept lat="45.66546277" lon="15.18560048" >
      <name>rte1_2022</name>
      <ele>468.60</ele>
    </rtept>
    <rtept lat="45.66540883" lon="15.18557463" >
      <name>rte1_2023</name>
      <ele>470.70</ele>
    </rtept>
    <rtept lat="45.66535939" lon="15.18554238" >
      <name>rte1_2024</name>
      <ele>470.70</ele>
    </rtept>
    <rtept lat="45.66530995" lon="15.18551014" >
      <name>rte1_2025</name>
      <ele>470.70</ele>
    </rtept>
    <rtept lat="45.66526051" lon="15.18547789" >
      <name>rte1_2026</name>
      <ele>473.86</ele>
    </rtept>
    <rtept lat="45.66521557" lon="15.18544565" >
      <name>rte1_2027</name>
      <ele>473.86</ele>
    </rtept>
    <rtept lat="45.66516615" lon="15.18540699" >
      <name>rte1_2028</name>
      <ele>478.21</ele>
    </rtept>
    <rtept lat="45.66511671" lon="15.18537474" >
      <name>rte1_2029</name>
      <ele>478.21</ele>
    </rtept>
    <rtept lat="45.66507178" lon="15.18533609" >
      <name>rte1_2030</name>
      <ele>478.21</ele>
    </rtept>
    <rtept lat="45.66502234" lon="15.18530384" >
      <name>rte1_2031</name>
      <ele>478.21</ele>
    </rtept>
    <rtept lat="45.66497742" lon="15.18526519" >
      <name>rte1_2032</name>
      <ele>480.00</ele>
    </rtept>
    <rtept lat="45.66492799" lon="15.18522652" >
      <name>rte1_2033</name>
      <ele>480.00</ele>
    </rtept>
    <rtept lat="45.66487856" lon="15.18518786" >
      <name>rte1_2034</name>
      <ele>480.00</ele>
    </rtept>
    <rtept lat="45.66483364" lon="15.18514279" >
      <name>rte1_2035</name>
      <ele>480.00</ele>
    </rtept>
    <rtept lat="45.66478422" lon="15.18510413" >
      <name>rte1_2036</name>
      <ele>480.00</ele>
    </rtept>
    <rtept lat="45.66473480" lon="15.18505905" >
      <name>rte1_2037</name>
      <ele>485.00</ele>
    </rtept>
    <rtept lat="45.66468088" lon="15.18501395" >
      <name>rte1_2038</name>
      <ele>485.00</ele>
    </rtept>
    <rtept lat="45.66463147" lon="15.18496887" >
      <name>rte1_2039</name>
      <ele>485.00</ele>
    </rtept>
    <rtept lat="45.66457756" lon="15.18491735" >
      <name>rte1_2040</name>
      <ele>485.00</ele>
    </rtept>
    <rtept lat="45.66452365" lon="15.18487226" >
      <name>rte1_2041</name>
      <ele>485.00</ele>
    </rtept>
    <rtept lat="45.66446524" lon="15.18482073" >
      <name>rte1_2042</name>
      <ele>485.00</ele>
    </rtept>
    <rtept lat="45.66441134" lon="15.18476922" >
      <name>rte1_2043</name>
      <ele>485.00</ele>
    </rtept>
    <rtept lat="45.66435293" lon="15.18471769" >
      <name>rte1_2044</name>
      <ele>485.00</ele>
    </rtept>
    <rtept lat="45.66433946" lon="15.18470481" >
      <name>rte1_2045</name>
      <ele>485.00</ele>
    </rtept>
    <rtept lat="45.66433047" lon="15.18469837" >
      <name>rte1_2046</name>
      <ele>485.00</ele>
    </rtept>
    <rtept lat="45.66427207" lon="15.18464042" >
      <name>rte1_2047</name>
      <ele>490.00</ele>
    </rtept>
    <rtept lat="45.66421817" lon="15.18458891" >
      <name>rte1_2048</name>
      <ele>490.00</ele>
    </rtept>
    <rtept lat="45.66416426" lon="15.18453740" >
      <name>rte1_2049</name>
      <ele>490.00</ele>
    </rtept>
    <rtept lat="45.66411035" lon="15.18449230" >
      <name>rte1_2050</name>
      <ele>490.74</ele>
    </rtept>
    <rtept lat="45.66406094" lon="15.18444080" >
      <name>rte1_2051</name>
      <ele>494.01</ele>
    </rtept>
    <rtept lat="45.66401603" lon="15.18438932" >
      <name>rte1_2052</name>
      <ele>494.01</ele>
    </rtept>
    <rtept lat="45.66396662" lon="15.18434424" >
      <name>rte1_2053</name>
      <ele>494.01</ele>
    </rtept>
    <rtept lat="45.66392171" lon="15.18429276" >
      <name>rte1_2054</name>
      <ele>494.01</ele>
    </rtept>
    <rtept lat="45.66387679" lon="15.18424769" >
      <name>rte1_2055</name>
      <ele>494.01</ele>
    </rtept>
    <rtept lat="45.66383187" lon="15.18420263" >
      <name>rte1_2056</name>
      <ele>495.00</ele>
    </rtept>
    <rtept lat="45.66378696" lon="15.18415115" >
      <name>rte1_2057</name>
      <ele>495.00</ele>
    </rtept>
    <rtept lat="45.66374655" lon="15.18410610" >
      <name>rte1_2058</name>
      <ele>495.00</ele>
    </rtept>
    <rtept lat="45.66370613" lon="15.18406105" >
      <name>rte1_2059</name>
      <ele>495.00</ele>
    </rtept>
    <rtept lat="45.66366122" lon="15.18400956" >
      <name>rte1_2060</name>
      <ele>495.00</ele>
    </rtept>
    <rtept lat="45.66362080" lon="15.18396451" >
      <name>rte1_2061</name>
      <ele>495.00</ele>
    </rtept>
    <rtept lat="45.66358038" lon="15.18391946" >
      <name>rte1_2062</name>
      <ele>495.00</ele>
    </rtept>
    <rtept lat="45.66353997" lon="15.18386800" >
      <name>rte1_2063</name>
      <ele>495.00</ele>
    </rtept>
    <rtept lat="45.66349955" lon="15.18382295" >
      <name>rte1_2064</name>
      <ele>495.00</ele>
    </rtept>
    <rtept lat="45.66345915" lon="15.18377148" >
      <name>rte1_2065</name>
      <ele>495.00</ele>
    </rtept>
    <rtept lat="45.66341874" lon="15.18372002" >
      <name>rte1_2066</name>
      <ele>495.00</ele>
    </rtept>
    <rtept lat="45.66337832" lon="15.18367497" >
      <name>rte1_2067</name>
      <ele>496.80</ele>
    </rtept>
    <rtept lat="45.66333341" lon="15.18362349" >
      <name>rte1_2068</name>
      <ele>496.80</ele>
    </rtept>
    <rtept lat="45.66329300" lon="15.18357202" >
      <name>rte1_2069</name>
      <ele>496.80</ele>
    </rtept>
    <rtept lat="45.66324809" lon="15.18352054" >
      <name>rte1_2070</name>
      <ele>497.58</ele>
    </rtept>
    <rtept lat="45.66320320" lon="15.18346264" >
      <name>rte1_2071</name>
      <ele>497.58</ele>
    </rtept>
    <rtept lat="45.66315829" lon="15.18341116" >
      <name>rte1_2072</name>
      <ele>500.00</ele>
    </rtept>
    <rtept lat="45.66311339" lon="15.18335326" >
      <name>rte1_2073</name>
      <ele>500.00</ele>
    </rtept>
    <rtept lat="45.66306848" lon="15.18330178" >
      <name>rte1_2074</name>
      <ele>500.00</ele>
    </rtept>
    <rtept lat="45.66301909" lon="15.18324387" >
      <name>rte1_2075</name>
      <ele>500.00</ele>
    </rtept>
    <rtept lat="45.66296969" lon="15.18318596" >
      <name>rte1_2076</name>
      <ele>505.24</ele>
    </rtept>
    <rtept lat="45.66291580" lon="15.18312162" >
      <name>rte1_2077</name>
      <ele>510.00</ele>
    </rtept>
    <rtept lat="45.66286641" lon="15.18306371" >
      <name>rte1_2078</name>
      <ele>510.00</ele>
    </rtept>
    <rtept lat="45.66280802" lon="15.18299935" >
      <name>rte1_2079</name>
      <ele>510.00</ele>
    </rtept>
    <rtept lat="45.66275414" lon="15.18293501" >
      <name>rte1_2080</name>
      <ele>510.00</ele>
    </rtept>
    <rtept lat="45.66270024" lon="15.18287708" >
      <name>rte1_2081</name>
      <ele>510.00</ele>
    </rtept>
    <rtept lat="45.66264634" lon="15.18282557" >
      <name>rte1_2082</name>
      <ele>510.00</ele>
    </rtept>
    <rtept lat="45.66259693" lon="15.18277408" >
      <name>rte1_2083</name>
      <ele>510.00</ele>
    </rtept>
    <rtept lat="45.66254302" lon="15.18272257" >
      <name>rte1_2084</name>
      <ele>510.00</ele>
    </rtept>
    <rtept lat="45.66249360" lon="15.18267749" >
      <name>rte1_2085</name>
      <ele>510.00</ele>
    </rtept>
    <rtept lat="45.66244419" lon="15.18263241" >
      <name>rte1_2086</name>
      <ele>510.00</ele>
    </rtept>
    <rtept lat="45.66239477" lon="15.18258733" >
      <name>rte1_2087</name>
      <ele>515.90</ele>
    </rtept>
    <rtept lat="45.66234535" lon="15.18254226" >
      <name>rte1_2088</name>
      <ele>515.90</ele>
    </rtept>
    <rtept lat="45.66229592" lon="15.18250360" >
      <name>rte1_2089</name>
      <ele>515.90</ele>
    </rtept>
    <rtept lat="45.66224651" lon="15.18245852" >
      <name>rte1_2090</name>
      <ele>510.00</ele>
    </rtept>
    <rtept lat="45.66220158" lon="15.18241987" >
      <name>rte1_2091</name>
      <ele>510.00</ele>
    </rtept>
    <rtept lat="45.66215215" lon="15.18238121" >
      <name>rte1_2092</name>
      <ele>510.00</ele>
    </rtept>
    <rtept lat="45.66210722" lon="15.18234257" >
      <name>rte1_2093</name>
      <ele>510.00</ele>
    </rtept>
    <rtept lat="45.66205779" lon="15.18230391" >
      <name>rte1_2094</name>
      <ele>510.00</ele>
    </rtept>
    <rtept lat="45.66201286" lon="15.18226526" >
      <name>rte1_2095</name>
      <ele>522.36</ele>
    </rtept>
    <rtept lat="45.66196344" lon="15.18222018" >
      <name>rte1_2096</name>
      <ele>522.36</ele>
    </rtept>
    <rtept lat="45.66191852" lon="15.18218154" >
      <name>rte1_2097</name>
      <ele>522.36</ele>
    </rtept>
    <rtept lat="45.66186909" lon="15.18214288" >
      <name>rte1_2098</name>
      <ele>522.36</ele>
    </rtept>
    <rtept lat="45.66182417" lon="15.18209781" >
      <name>rte1_2099</name>
      <ele>520.00</ele>
    </rtept>
    <rtept lat="45.66177475" lon="15.18205274" >
      <name>rte1_2100</name>
      <ele>520.00</ele>
    </rtept>
    <rtept lat="45.66172983" lon="15.18200768" >
      <name>rte1_2101</name>
      <ele>520.00</ele>
    </rtept>
    <rtept lat="45.66168041" lon="15.18196260" >
      <name>rte1_2102</name>
      <ele>520.00</ele>
    </rtept>
    <rtept lat="45.66163101" lon="15.18191111" >
      <name>rte1_2103</name>
      <ele>525.85</ele>
    </rtept>
    <rtept lat="45.66158610" lon="15.18185963" >
      <name>rte1_2104</name>
      <ele>525.51</ele>
    </rtept>
    <rtept lat="45.66153669" lon="15.18180814" >
      <name>rte1_2105</name>
      <ele>525.51</ele>
    </rtept>
    <rtept lat="45.66148729" lon="15.18175023" >
      <name>rte1_2106</name>
      <ele>525.51</ele>
    </rtept>
    <rtept lat="45.66143789" lon="15.18169232" >
      <name>rte1_2107</name>
      <ele>525.51</ele>
    </rtept>
    <rtept lat="45.66138401" lon="15.18162798" >
      <name>rte1_2108</name>
      <ele>521.65</ele>
    </rtept>
    <rtept lat="45.66133462" lon="15.18156366" >
      <name>rte1_2109</name>
      <ele>529.78</ele>
    </rtept>
    <rtept lat="45.66128523" lon="15.18149933" >
      <name>rte1_2110</name>
      <ele>529.78</ele>
    </rtept>
    <rtept lat="45.66123586" lon="15.18142859" >
      <name>rte1_2111</name>
      <ele>529.78</ele>
    </rtept>
    <rtept lat="45.66119998" lon="15.18135789" >
      <name>rte1_2112</name>
      <ele>529.78</ele>
    </rtept>
    <rtept lat="45.66116860" lon="15.18128721" >
      <name>rte1_2113</name>
      <ele>537.84</ele>
    </rtept>
    <rtept lat="45.66114621" lon="15.18121656" >
      <name>rte1_2114</name>
      <ele>530.00</ele>
    </rtept>
    <rtept lat="45.66112834" lon="15.18113950" >
      <name>rte1_2115</name>
      <ele>530.00</ele>
    </rtept>
    <rtept lat="45.66111497" lon="15.18106246" >
      <name>rte1_2116</name>
      <ele>530.00</ele>
    </rtept>
    <rtept lat="45.66110609" lon="15.18098544" >
      <name>rte1_2117</name>
      <ele>530.00</ele>
    </rtept>
    <rtept lat="45.66110623" lon="15.18090203" >
      <name>rte1_2118</name>
      <ele>540.00</ele>
    </rtept>
    <rtept lat="45.66110635" lon="15.18082503" >
      <name>rte1_2119</name>
      <ele>540.00</ele>
    </rtept>
    <rtept lat="45.66111548" lon="15.18074165" >
      <name>rte1_2120</name>
      <ele>540.00</ele>
    </rtept>
    <rtept lat="45.66112461" lon="15.18065827" >
      <name>rte1_2121</name>
      <ele>540.00</ele>
    </rtept>
    <rtept lat="45.66114274" lon="15.18057491" >
      <name>rte1_2122</name>
      <ele>540.00</ele>
    </rtept>
    <rtept lat="45.66116088" lon="15.18048514" >
      <name>rte1_2123</name>
      <ele>540.00</ele>
    </rtept>
    <rtept lat="45.66117901" lon="15.18040179" >
      <name>rte1_2124</name>
      <ele>543.11</ele>
    </rtept>
    <rtept lat="45.66120614" lon="15.18031847" >
      <name>rte1_2125</name>
      <ele>545.00</ele>
    </rtept>
    <rtept lat="45.66123327" lon="15.18023514" >
      <name>rte1_2126</name>
      <ele>545.00</ele>
    </rtept>
    <rtept lat="45.66124780" lon="15.17958072" >
      <name>rte1_2127</name>
      <ele>545.00</ele>
    </rtept>
    <rtept lat="45.66120748" lon="15.17947793" >
      <name>rte1_2128</name>
      <ele>545.00</ele>
    </rtept>
    <rtept lat="45.66117163" lon="15.17938799" >
      <name>rte1_2129</name>
      <ele>545.00</ele>
    </rtept>
    <rtept lat="45.66113126" lon="15.17931086" >
      <name>rte1_2130</name>
      <ele>540.00</ele>
    </rtept>
    <rtept lat="45.66109088" lon="15.17924015" >
      <name>rte1_2131</name>
      <ele>540.00</ele>
    </rtept>
    <rtept lat="45.66104150" lon="15.17916941" >
      <name>rte1_2132</name>
      <ele>540.00</ele>
    </rtept>
    <rtept lat="45.66099211" lon="15.17910509" >
      <name>rte1_2133</name>
      <ele>540.00</ele>
    </rtept>
    <rtept lat="45.66093823" lon="15.17903434" >
      <name>rte1_2134</name>
      <ele>533.10</ele>
    </rtept>
    <rtept lat="45.66088436" lon="15.17895717" >
      <name>rte1_2135</name>
      <ele>533.10</ele>
    </rtept>
    <rtept lat="45.66044445" lon="15.17832054" >
      <name>rte1_2136</name>
      <ele>520.00</ele>
    </rtept>
    <rtept lat="45.65952473" lon="15.17666223" >
      <name>rte1_2137</name>
      <ele>511.44</ele>
    </rtept>
    <rtept lat="45.65947537" lon="15.17657866" >
      <name>rte1_2138</name>
      <ele>511.44</ele>
    </rtept>
    <rtept lat="45.65944854" lon="15.17647592" >
      <name>rte1_2139</name>
      <ele>510.51</ele>
    </rtept>
    <rtept lat="45.65942171" lon="15.17637318" >
      <name>rte1_2140</name>
      <ele>510.51</ele>
    </rtept>
    <rtept lat="45.65937684" lon="15.17628963" >
      <name>rte1_2141</name>
      <ele>510.51</ele>
    </rtept>
    <rtept lat="45.65931397" lon="15.17621885" >
      <name>rte1_2142</name>
      <ele>510.00</ele>
    </rtept>
    <rtept lat="45.65925556" lon="15.17616734" >
      <name>rte1_2143</name>
      <ele>510.00</ele>
    </rtept>
    <rtept lat="45.65920164" lon="15.17612225" >
      <name>rte1_2144</name>
      <ele>512.86</ele>
    </rtept>
    <rtept lat="45.65915221" lon="15.17608360" >
      <name>rte1_2145</name>
      <ele>512.86</ele>
    </rtept>
    <rtept lat="45.65909827" lon="15.17605135" >
      <name>rte1_2146</name>
      <ele>510.00</ele>
    </rtept>
    <rtept lat="45.65903982" lon="15.17602550" >
      <name>rte1_2147</name>
      <ele>510.00</ele>
    </rtept>
    <rtept lat="45.65898137" lon="15.17599965" >
      <name>rte1_2148</name>
      <ele>510.00</ele>
    </rtept>
    <rtept lat="45.65891842" lon="15.17597379" >
      <name>rte1_2149</name>
      <ele>506.90</ele>
    </rtept>
    <rtept lat="45.65883300" lon="15.17593502" >
      <name>rte1_2150</name>
      <ele>506.90</ele>
    </rtept>
    <rtept lat="45.65875205" lon="15.17591551" >
      <name>rte1_2151</name>
      <ele>506.90</ele>
    </rtept>
    <rtept lat="45.65867108" lon="15.17590243" >
      <name>rte1_2152</name>
      <ele>503.33</ele>
    </rtept>
    <rtept lat="45.65859461" lon="15.17589577" >
      <name>rte1_2153</name>
      <ele>503.33</ele>
    </rtept>
    <rtept lat="45.65852261" lon="15.17590196" >
      <name>rte1_2154</name>
      <ele>503.33</ele>
    </rtept>
    <rtept lat="45.65845062" lon="15.17590814" >
      <name>rte1_2155</name>
      <ele>497.98</ele>
    </rtept>
    <rtept lat="45.65837861" lon="15.17592075" >
      <name>rte1_2156</name>
      <ele>497.98</ele>
    </rtept>
    <rtept lat="45.65830660" lon="15.17593335" >
      <name>rte1_2157</name>
      <ele>497.98</ele>
    </rtept>
    <rtept lat="45.65823911" lon="15.17593955" >
      <name>rte1_2158</name>
      <ele>495.00</ele>
    </rtept>
    <rtept lat="45.65816711" lon="15.17594574" >
      <name>rte1_2159</name>
      <ele>495.00</ele>
    </rtept>
    <rtept lat="45.65809962" lon="15.17595195" >
      <name>rte1_2160</name>
      <ele>495.00</ele>
    </rtept>
    <rtept lat="45.65802764" lon="15.17594530" >
      <name>rte1_2161</name>
      <ele>495.00</ele>
    </rtept>
    <rtept lat="45.65795567" lon="15.17593224" >
      <name>rte1_2162</name>
      <ele>490.00</ele>
    </rtept>
    <rtept lat="45.65788373" lon="15.17590635" >
      <name>rte1_2163</name>
      <ele>490.00</ele>
    </rtept>
    <rtept lat="45.65780730" lon="15.17586761" >
      <name>rte1_2164</name>
      <ele>490.00</ele>
    </rtept>
    <rtept lat="45.65773539" lon="15.17582247" >
      <name>rte1_2165</name>
      <ele>486.92</ele>
    </rtept>
    <rtept lat="45.65768596" lon="15.17578382" >
      <name>rte1_2166</name>
      <ele>486.92</ele>
    </rtept>
    <rtept lat="45.65764103" lon="15.17574518" >
      <name>rte1_2167</name>
      <ele>486.92</ele>
    </rtept>
    <rtept lat="45.65760060" lon="15.17570015" >
      <name>rte1_2168</name>
      <ele>486.92</ele>
    </rtept>
    <rtept lat="45.65756017" lon="15.17566152" >
      <name>rte1_2169</name>
      <ele>478.62</ele>
    </rtept>
    <rtept lat="45.65752425" lon="15.17561650" >
      <name>rte1_2170</name>
      <ele>478.62</ele>
    </rtept>
    <rtept lat="45.65748832" lon="15.17557147" >
      <name>rte1_2171</name>
      <ele>478.62</ele>
    </rtept>
    <rtept lat="45.65745240" lon="15.17552645" >
      <name>rte1_2172</name>
      <ele>478.62</ele>
    </rtept>
    <rtept lat="45.65742098" lon="15.17548144" >
      <name>rte1_2173</name>
      <ele>475.64</ele>
    </rtept>
    <rtept lat="45.65736263" lon="15.17539143" >
      <name>rte1_2174</name>
      <ele>475.64</ele>
    </rtept>
    <rtept lat="45.65730429" lon="15.17529501" >
      <name>rte1_2175</name>
      <ele>471.01</ele>
    </rtept>
    <rtept lat="45.65725495" lon="15.17519861" >
      <name>rte1_2176</name>
      <ele>471.01</ele>
    </rtept>
    <rtept lat="45.65720111" lon="15.17510221" >
      <name>rte1_2177</name>
      <ele>473.32</ele>
    </rtept>
    <rtept lat="45.65715177" lon="15.17500581" >
      <name>rte1_2178</name>
      <ele>473.32</ele>
    </rtept>
    <rtept lat="45.65709792" lon="15.17491582" >
      <name>rte1_2179</name>
      <ele>470.00</ele>
    </rtept>
    <rtept lat="45.65703957" lon="15.17482582" >
      <name>rte1_2180</name>
      <ele>470.00</ele>
    </rtept>
    <rtept lat="45.65697671" lon="15.17474221" >
      <name>rte1_2181</name>
      <ele>470.00</ele>
    </rtept>
    <rtept lat="45.65691385" lon="15.17465861" >
      <name>rte1_2182</name>
      <ele>470.00</ele>
    </rtept>
    <rtept lat="45.65687341" lon="15.17462640" >
      <name>rte1_2183</name>
      <ele>468.73</ele>
    </rtept>
    <rtept lat="45.65683747" lon="15.17458779" >
      <name>rte1_2184</name>
      <ele>468.73</ele>
    </rtept>
    <rtept lat="45.65679703" lon="15.17455559" >
      <name>rte1_2185</name>
      <ele>468.73</ele>
    </rtept>
    <rtept lat="45.65675209" lon="15.17452337" >
      <name>rte1_2186</name>
      <ele>470.00</ele>
    </rtept>
    <rtept lat="45.65670715" lon="15.17449115" >
      <name>rte1_2187</name>
      <ele>470.00</ele>
    </rtept>
    <rtept lat="45.65666220" lon="15.17446534" >
      <name>rte1_2188</name>
      <ele>470.00</ele>
    </rtept>
    <rtept lat="45.65659475" lon="15.17443947" >
      <name>rte1_2189</name>
      <ele>470.00</ele>
    </rtept>
    <rtept lat="45.65653627" lon="15.17443287" >
      <name>rte1_2190</name>
      <ele>470.00</ele>
    </rtept>
    <rtept lat="45.65647775" lon="15.17445193" >
      <name>rte1_2191</name>
      <ele>470.00</ele>
    </rtept>
    <rtept lat="45.65642371" lon="15.17448384" >
      <name>rte1_2192</name>
      <ele>470.00</ele>
    </rtept>
    <rtept lat="45.65637416" lon="15.17452218" >
      <name>rte1_2193</name>
      <ele>470.00</ele>
    </rtept>
    <rtept lat="45.65632010" lon="15.17456692" >
      <name>rte1_2194</name>
      <ele>465.13</ele>
    </rtept>
    <rtept lat="45.65626605" lon="15.17461166" >
      <name>rte1_2195</name>
      <ele>465.13</ele>
    </rtept>
    <rtept lat="45.65621200" lon="15.17464999" >
      <name>rte1_2196</name>
      <ele>468.26</ele>
    </rtept>
    <rtept lat="45.65615326" lon="15.17481020" >
      <name>rte1_2197</name>
      <ele>468.26</ele>
    </rtept>
    <rtept lat="45.65622041" lon="15.17502854" >
      <name>rte1_2198</name>
      <ele>461.71</ele>
    </rtept>
    <rtept lat="45.65635488" lon="15.17535617" >
      <name>rte1_2199</name>
      <ele>450.00</ele>
    </rtept>
    <rtept lat="45.65648946" lon="15.17560681" >
      <name>rte1_2200</name>
      <ele>450.00</ele>
    </rtept>
    <rtept lat="45.65657458" lon="15.17583805" >
      <name>rte1_2201</name>
      <ele>445.71</ele>
    </rtept>
    <rtept lat="45.65664172" lon="15.17606282" >
      <name>rte1_2202</name>
      <ele>445.71</ele>
    </rtept>
    <rtept lat="45.65669096" lon="15.17622337" >
      <name>rte1_2203</name>
      <ele>451.21</ele>
    </rtept>
    <rtept lat="45.65657390" lon="15.17628074" >
      <name>rte1_2204</name>
      <ele>435.88</ele>
    </rtept>
    <rtept lat="45.65646596" lon="15.17625473" >
      <name>rte1_2205</name>
      <ele>435.88</ele>
    </rtept>
    <rtept lat="45.65633103" lon="15.17622223" >
      <name>rte1_2206</name>
      <ele>435.24</ele>
    </rtept>
    <rtept lat="45.65608368" lon="15.17615729" >
      <name>rte1_2207</name>
      <ele>422.24</ele>
    </rtept>
    <rtept lat="45.65589927" lon="15.17612462" >
      <name>rte1_2208</name>
      <ele>424.48</ele>
    </rtept>
    <rtept lat="45.65572386" lon="15.17608557" >
      <name>rte1_2209</name>
      <ele>420.00</ele>
    </rtept>
    <rtept lat="45.65549445" lon="15.17605918" >
      <name>rte1_2210</name>
      <ele>420.00</ele>
    </rtept>
    <rtept lat="45.65535497" lon="15.17605874" >
      <name>rte1_2211</name>
      <ele>420.00</ele>
    </rtept>
    <rtept lat="45.65477969" lon="15.17567198" >
      <name>rte1_2212</name>
      <ele>400.00</ele>
    </rtept>
    <rtept lat="45.65457723" lon="15.17567134" >
      <name>rte1_2213</name>
      <ele>400.00</ele>
    </rtept>
    <rtept lat="45.65434803" lon="15.17550382" >
      <name>rte1_2214</name>
      <ele>386.25</ele>
    </rtept>
    <rtept lat="45.65412776" lon="15.17538123" >
      <name>rte1_2215</name>
      <ele>385.36</ele>
    </rtept>
    <rtept lat="45.65376818" lon="15.17515555" >
      <name>rte1_2216</name>
      <ele>386.70</ele>
    </rtept>
    <rtept lat="45.65356582" lon="15.17509076" >
      <name>rte1_2217</name>
      <ele>370.00</ele>
    </rtept>
    <rtept lat="45.65318350" lon="15.17501898" >
      <name>rte1_2218</name>
      <ele>360.30</ele>
    </rtept>
    <rtept lat="45.65286411" lon="15.17499232" >
      <name>rte1_2219</name>
      <ele>350.00</ele>
    </rtept>
    <rtept lat="45.65281008" lon="15.17501781" >
      <name>rte1_2220</name>
      <ele>350.00</ele>
    </rtept>
    <rtept lat="45.65264359" lon="15.17503012" >
      <name>rte1_2221</name>
      <ele>350.00</ele>
    </rtept>
    <rtept lat="45.65258523" lon="15.17494653" >
      <name>rte1_2222</name>
      <ele>330.00</ele>
    </rtept>
    <rtept lat="45.65253134" lon="15.17488221" >
      <name>rte1_2223</name>
      <ele>330.00</ele>
    </rtept>
    <rtept lat="45.65247745" lon="15.17481789" >
      <name>rte1_2224</name>
      <ele>350.00</ele>
    </rtept>
    <rtept lat="45.65242355" lon="15.17475998" >
      <name>rte1_2225</name>
      <ele>350.00</ele>
    </rtept>
    <rtept lat="45.65236964" lon="15.17470849" >
      <name>rte1_2226</name>
      <ele>350.00</ele>
    </rtept>
    <rtept lat="45.65231123" lon="15.17465698" >
      <name>rte1_2227</name>
      <ele>350.00</ele>
    </rtept>
    <rtept lat="45.65225731" lon="15.17461190" >
      <name>rte1_2228</name>
      <ele>350.00</ele>
    </rtept>
    <rtept lat="45.65220338" lon="15.17457324" >
      <name>rte1_2229</name>
      <ele>350.00</ele>
    </rtept>
    <rtept lat="45.65195140" lon="15.17459170" >
      <name>rte1_2230</name>
      <ele>340.00</ele>
    </rtept>
    <rtept lat="45.65187936" lon="15.17462996" >
      <name>rte1_2231</name>
      <ele>340.00</ele>
    </rtept>
    <rtept lat="45.65182528" lon="15.17468753" >
      <name>rte1_2232</name>
      <ele>340.00</ele>
    </rtept>
    <rtept lat="45.65178018" lon="15.17475796" >
      <name>rte1_2233</name>
      <ele>340.00</ele>
    </rtept>
    <rtept lat="45.65173958" lon="15.17482840" >
      <name>rte1_2234</name>
      <ele>340.00</ele>
    </rtept>
    <rtept lat="45.65169896" lon="15.17490525" >
      <name>rte1_2235</name>
      <ele>319.15</ele>
    </rtept>
    <rtept lat="45.65165387" lon="15.17496926" >
      <name>rte1_2236</name>
      <ele>319.15</ele>
    </rtept>
    <rtept lat="45.65159532" lon="15.17501399" >
      <name>rte1_2237</name>
      <ele>319.15</ele>
    </rtept>
    <rtept lat="45.65152778" lon="15.17504585" >
      <name>rte1_2238</name>
      <ele>319.15</ele>
    </rtept>
    <rtept lat="45.65119022" lon="15.17512818" >
      <name>rte1_2239</name>
      <ele>312.29</ele>
    </rtept>
    <rtept lat="45.65114529" lon="15.17508314" >
      <name>rte1_2240</name>
      <ele>312.29</ele>
    </rtept>
    <rtept lat="45.65110036" lon="15.17504450" >
      <name>rte1_2241</name>
      <ele>312.29</ele>
    </rtept>
    <rtept lat="45.65105094" lon="15.17499944" >
      <name>rte1_2242</name>
      <ele>312.29</ele>
    </rtept>
    <rtept lat="45.65100602" lon="15.17495439" >
      <name>rte1_2243</name>
      <ele>302.97</ele>
    </rtept>
    <rtept lat="45.65095661" lon="15.17490292" >
      <name>rte1_2244</name>
      <ele>302.97</ele>
    </rtept>
    <rtept lat="45.65091169" lon="15.17485787" >
      <name>rte1_2245</name>
      <ele>302.97</ele>
    </rtept>
    <rtept lat="45.65086228" lon="15.17480639" >
      <name>rte1_2246</name>
      <ele>310.00</ele>
    </rtept>
    <rtept lat="45.65081287" lon="15.17475492" >
      <name>rte1_2247</name>
      <ele>296.25</ele>
    </rtept>
    <rtept lat="45.65077694" lon="15.17470990" >
      <name>rte1_2248</name>
      <ele>296.25</ele>
    </rtept>
    <rtept lat="45.65074552" lon="15.17466489" >
      <name>rte1_2249</name>
      <ele>296.25</ele>
    </rtept>
    <rtept lat="45.65070065" lon="15.17458136" >
      <name>rte1_2250</name>
      <ele>296.25</ele>
    </rtept>
    <rtept lat="45.65065578" lon="15.17450423" >
      <name>rte1_2251</name>
      <ele>307.50</ele>
    </rtept>
    <rtept lat="45.65059289" lon="15.17443988" >
      <name>rte1_2252</name>
      <ele>303.61</ele>
    </rtept>
    <rtept lat="45.65053446" lon="15.17440121" >
      <name>rte1_2253</name>
      <ele>303.61</ele>
    </rtept>
    <rtept lat="45.65048049" lon="15.17438821" >
      <name>rte1_2254</name>
      <ele>303.61</ele>
    </rtept>
    <rtept lat="45.65043099" lon="15.17439447" >
      <name>rte1_2255</name>
      <ele>303.61</ele>
    </rtept>
    <rtept lat="45.65038146" lon="15.17441998" >
      <name>rte1_2256</name>
      <ele>303.61</ele>
    </rtept>
    <rtept lat="45.65033192" lon="15.17445190" >
      <name>rte1_2257</name>
      <ele>300.00</ele>
    </rtept>
    <rtept lat="45.65027788" lon="15.17449022" >
      <name>rte1_2258</name>
      <ele>300.00</ele>
    </rtept>
    <rtept lat="45.65022383" lon="15.17452854" >
      <name>rte1_2259</name>
      <ele>300.00</ele>
    </rtept>
    <rtept lat="45.65016528" lon="15.17456684" >
      <name>rte1_2260</name>
      <ele>292.27</ele>
    </rtept>
    <rtept lat="45.65007974" lon="15.17460507" >
      <name>rte1_2261</name>
      <ele>290.00</ele>
    </rtept>
    <rtept lat="45.65001217" lon="15.17465617" >
      <name>rte1_2262</name>
      <ele>290.00</ele>
    </rtept>
    <rtept lat="45.65003851" lon="15.17507965" >
      <name>rte1_2263</name>
      <ele>290.00</ele>
    </rtept>
    <rtept lat="45.65007895" lon="15.17511185" >
      <name>rte1_2264</name>
      <ele>290.00</ele>
    </rtept>
    <rtept lat="45.65011939" lon="15.17515047" >
      <name>rte1_2265</name>
      <ele>290.00</ele>
    </rtept>
    <rtept lat="45.65015531" lon="15.17519549" >
      <name>rte1_2266</name>
      <ele>280.00</ele>
    </rtept>
    <rtept lat="45.65019123" lon="15.17524051" >
      <name>rte1_2267</name>
      <ele>280.00</ele>
    </rtept>
    <rtept lat="45.65022714" lon="15.17529836" >
      <name>rte1_2268</name>
      <ele>280.00</ele>
    </rtept>
    <rtept lat="45.65026304" lon="15.17535621" >
      <name>rte1_2269</name>
      <ele>280.00</ele>
    </rtept>
    <rtept lat="45.65029893" lon="15.17542047" >
      <name>rte1_2270</name>
      <ele>280.00</ele>
    </rtept>
    <rtept lat="45.65033481" lon="15.17549756" >
      <name>rte1_2271</name>
      <ele>280.00</ele>
    </rtept>
    <rtept lat="45.65037066" lon="15.17558749" >
      <name>rte1_2272</name>
      <ele>280.00</ele>
    </rtept>
    <rtept lat="45.65039752" lon="15.17567097" >
      <name>rte1_2273</name>
      <ele>282.70</ele>
    </rtept>
    <rtept lat="45.65041538" lon="15.17576084" >
      <name>rte1_2274</name>
      <ele>282.70</ele>
    </rtept>
    <rtept lat="45.65042874" lon="15.17585069" >
      <name>rte1_2275</name>
      <ele>275.40</ele>
    </rtept>
    <rtept lat="45.65043761" lon="15.17593412" >
      <name>rte1_2276</name>
      <ele>275.40</ele>
    </rtept>
    <rtept lat="45.65043296" lon="15.17603033" >
      <name>rte1_2277</name>
      <ele>275.40</ele>
    </rtept>
    <rtept lat="45.65042830" lon="15.17613295" >
      <name>rte1_2278</name>
      <ele>275.40</ele>
    </rtept>
    <rtept lat="45.65041463" lon="15.17624197" >
      <name>rte1_2279</name>
      <ele>270.00</ele>
    </rtept>
    <rtept lat="45.65043703" lon="15.17630619" >
      <name>rte1_2280</name>
      <ele>270.00</ele>
    </rtept>
    <rtept lat="45.65045941" lon="15.17637683" >
      <name>rte1_2281</name>
      <ele>270.00</ele>
    </rtept>
    <rtept lat="45.65048632" lon="15.17643465" >
      <name>rte1_2282</name>
      <ele>270.00</ele>
    </rtept>
    <rtept lat="45.65051322" lon="15.17649247" >
      <name>rte1_2283</name>
      <ele>270.00</ele>
    </rtept>
    <rtept lat="45.65056705" lon="15.17659528" >
      <name>rte1_2284</name>
      <ele>270.00</ele>
    </rtept>
    <rtept lat="45.65062088" lon="15.17669810" >
      <name>rte1_2285</name>
      <ele>270.00</ele>
    </rtept>
    <rtept lat="45.65067021" lon="15.17680089" >
      <name>rte1_2286</name>
      <ele>270.00</ele>
    </rtept>
    <rtept lat="45.65069262" lon="15.17685870" >
      <name>rte1_2287</name>
      <ele>270.00</ele>
    </rtept>
    <rtept lat="45.65071052" lon="15.17691649" >
      <name>rte1_2288</name>
      <ele>270.00</ele>
    </rtept>
    <rtept lat="45.65072843" lon="15.17697429" >
      <name>rte1_2289</name>
      <ele>270.00</ele>
    </rtept>
    <rtept lat="45.65074182" lon="15.17704490" >
      <name>rte1_2290</name>
      <ele>270.00</ele>
    </rtept>
    <rtept lat="45.65075070" lon="15.17711549" >
      <name>rte1_2291</name>
      <ele>260.00</ele>
    </rtept>
    <rtept lat="45.65075957" lon="15.17719892" >
      <name>rte1_2292</name>
      <ele>260.00</ele>
    </rtept>
    <rtept lat="45.65075944" lon="15.17728231" >
      <name>rte1_2293</name>
      <ele>260.00</ele>
    </rtept>
    <rtept lat="45.65076381" lon="15.17736572" >
      <name>rte1_2294</name>
      <ele>260.00</ele>
    </rtept>
    <rtept lat="45.65076368" lon="15.17744912" >
      <name>rte1_2295</name>
      <ele>260.00</ele>
    </rtept>
    <rtept lat="45.65076356" lon="15.17752610" >
      <name>rte1_2296</name>
      <ele>260.00</ele>
    </rtept>
    <rtept lat="45.65076793" lon="15.17760310" >
      <name>rte1_2297</name>
      <ele>260.00</ele>
    </rtept>
    <rtept lat="45.65076781" lon="15.17768008" >
      <name>rte1_2298</name>
      <ele>260.00</ele>
    </rtept>
    <rtept lat="45.65076770" lon="15.17775064" >
      <name>rte1_2299</name>
      <ele>250.00</ele>
    </rtept>
    <rtept lat="45.65076759" lon="15.17782121" >
      <name>rte1_2300</name>
      <ele>250.00</ele>
    </rtept>
    <rtept lat="45.65076748" lon="15.17789178" >
      <name>rte1_2301</name>
      <ele>250.00</ele>
    </rtept>
    <rtept lat="45.65077187" lon="15.17796236" >
      <name>rte1_2302</name>
      <ele>250.00</ele>
    </rtept>
    <rtept lat="45.65077176" lon="15.17803292" >
      <name>rte1_2303</name>
      <ele>250.00</ele>
    </rtept>
    <rtept lat="45.65077616" lon="15.17809709" >
      <name>rte1_2304</name>
      <ele>250.00</ele>
    </rtept>
    <rtept lat="45.65078054" lon="15.17816767" >
      <name>rte1_2305</name>
      <ele>250.00</ele>
    </rtept>
    <rtept lat="45.65078493" lon="15.17823825" >
      <name>rte1_2306</name>
      <ele>250.00</ele>
    </rtept>
    <rtept lat="45.65078932" lon="15.17830883" >
      <name>rte1_2307</name>
      <ele>250.00</ele>
    </rtept>
    <rtept lat="45.65079820" lon="15.17838584" >
      <name>rte1_2308</name>
      <ele>250.00</ele>
    </rtept>
    <rtept lat="45.65086475" lon="15.17897625" >
      <name>rte1_2309</name>
      <ele>250.00</ele>
    </rtept>
    <rtept lat="45.65090069" lon="15.17900844" >
      <name>rte1_2310</name>
      <ele>250.00</ele>
    </rtept>
    <rtept lat="45.65094112" lon="15.17904706" >
      <name>rte1_2311</name>
      <ele>235.29</ele>
    </rtept>
    <rtept lat="45.65098156" lon="15.17908568" >
      <name>rte1_2312</name>
      <ele>235.29</ele>
    </rtept>
    <rtept lat="45.65102199" lon="15.17912430" >
      <name>rte1_2313</name>
      <ele>235.29</ele>
    </rtept>
    <rtept lat="45.65106240" lon="15.17917576" >
      <name>rte1_2314</name>
      <ele>240.00</ele>
    </rtept>
    <rtept lat="45.65110281" lon="15.17922721" >
      <name>rte1_2315</name>
      <ele>240.00</ele>
    </rtept>
    <rtept lat="45.65114321" lon="15.17928507" >
      <name>rte1_2316</name>
      <ele>240.00</ele>
    </rtept>
    <rtept lat="45.65118360" lon="15.17934936" >
      <name>rte1_2317</name>
      <ele>240.00</ele>
    </rtept>
    <rtept lat="45.65123293" lon="15.17945216" >
      <name>rte1_2318</name>
      <ele>240.00</ele>
    </rtept>
    <rtept lat="45.65126876" lon="15.17955492" >
      <name>rte1_2319</name>
      <ele>240.00</ele>
    </rtept>
    <rtept lat="45.65130008" lon="15.17966408" >
      <name>rte1_2320</name>
      <ele>240.00</ele>
    </rtept>
    <rtept lat="45.65132249" lon="15.17971547" >
      <name>rte1_2321</name>
      <ele>240.00</ele>
    </rtept>
    <rtept lat="45.65135388" lon="15.17977972" >
      <name>rte1_2322</name>
      <ele>240.00</ele>
    </rtept>
    <rtept lat="45.65139877" lon="15.17984402" >
      <name>rte1_2323</name>
      <ele>240.00</ele>
    </rtept>
    <rtept lat="45.65146165" lon="15.17991479" >
      <name>rte1_2324</name>
      <ele>240.00</ele>
    </rtept>
    <rtept lat="45.65149759" lon="15.17994698" >
      <name>rte1_2325</name>
      <ele>240.00</ele>
    </rtept>
    <rtept lat="45.65153802" lon="15.17998561" >
      <name>rte1_2326</name>
      <ele>240.00</ele>
    </rtept>
    <rtept lat="45.65158294" lon="15.18003066" >
      <name>rte1_2327</name>
      <ele>240.00</ele>
    </rtept>
    <rtept lat="45.65162337" lon="15.18006928" >
      <name>rte1_2328</name>
      <ele>240.00</ele>
    </rtept>
    <rtept lat="45.65166829" lon="15.18011433" >
      <name>rte1_2329</name>
      <ele>240.00</ele>
    </rtept>
    <rtept lat="45.65171320" lon="15.18016580" >
      <name>rte1_2330</name>
      <ele>240.00</ele>
    </rtept>
    <rtept lat="45.65175811" lon="15.18021727" >
      <name>rte1_2331</name>
      <ele>240.00</ele>
    </rtept>
    <rtept lat="45.65179852" lon="15.18026872" >
      <name>rte1_2332</name>
      <ele>240.00</ele>
    </rtept>
    <rtept lat="45.65183892" lon="15.18032659" >
      <name>rte1_2333</name>
      <ele>240.00</ele>
    </rtept>
    <rtept lat="45.65187931" lon="15.18039087" >
      <name>rte1_2334</name>
      <ele>240.00</ele>
    </rtept>
    <rtept lat="45.65191520" lon="15.18045514" >
      <name>rte1_2335</name>
      <ele>240.00</ele>
    </rtept>
    <rtept lat="45.65194657" lon="15.18053223" >
      <name>rte1_2336</name>
      <ele>243.20</ele>
    </rtept>
  </rte>
</gpx>
