<?xml version="1.0" encoding="UTF-8" standalone="no" ?>
<gpx xmlns="http://www.topografix.com/GPX/1/1"
creator="OCAD 2020.5.5.3227" version="1.1"
xmlns:xsi="http://www.w3.org/2001/XMLSchema-instance" 
xsi:schemaLocation="http://www.topografix.com/GPX/1/1 
http://www.topografix.com/GPX/1/1/gpx.xsd">

  <metadata>
    <name>Mlinarska pot</name>
    <desc>Bela krajina - pohodna pot 04</desc>
    <author><name>Kartografija d.o.o.</name></author>
    <link href="http://www.ocad.com">
      <text>OCAD AG</text>
    </link>
    <time>2020-11-05T08:35:49</time>
    <bounds maxlat="45.86687249" maxlon="15.60571704" minlat="45.32979540" minlon="14.93303760"/>
  </metadata>

  <rte>
    <name>rte1</name>
    <cmt>pohodne poti za izris profilov</cmt>
    <rtept lat="45.43457144" lon="15.18573566" >
      <name>rte1_0</name>
      <ele>205.00</ele>
    </rtept>
    <rtept lat="45.43458479" lon="15.18582517" >
      <name>rte1_1</name>
      <ele>205.00</ele>
    </rtept>
    <rtept lat="45.43459814" lon="15.18591468" >
      <name>rte1_2</name>
      <ele>205.00</ele>
    </rtept>
    <rtept lat="45.43460249" lon="15.18600417" >
      <name>rte1_3</name>
      <ele>198.14</ele>
    </rtept>
    <rtept lat="45.43460235" lon="15.18609364" >
      <name>rte1_4</name>
      <ele>198.14</ele>
    </rtept>
    <rtept lat="45.43460220" lon="15.18618310" >
      <name>rte1_5</name>
      <ele>198.14</ele>
    </rtept>
    <rtept lat="45.43459305" lon="15.18627254" >
      <name>rte1_6</name>
      <ele>198.14</ele>
    </rtept>
    <rtept lat="45.43457939" lon="15.18637475" >
      <name>rte1_7</name>
      <ele>197.66</ele>
    </rtept>
    <rtept lat="45.43456571" lon="15.18648334" >
      <name>rte1_8</name>
      <ele>197.66</ele>
    </rtept>
    <rtept lat="45.43455211" lon="15.18654720" >
      <name>rte1_9</name>
      <ele>197.66</ele>
    </rtept>
    <rtept lat="45.43454300" lon="15.18661108" >
      <name>rte1_10</name>
      <ele>197.66</ele>
    </rtept>
    <rtept lat="45.43453390" lon="15.18667495" >
      <name>rte1_11</name>
      <ele>204.16</ele>
    </rtept>
    <rtept lat="45.43452480" lon="15.18673883" >
      <name>rte1_12</name>
      <ele>204.16</ele>
    </rtept>
    <rtept lat="45.43452010" lon="15.18686023" >
      <name>rte1_13</name>
      <ele>204.16</ele>
    </rtept>
    <rtept lat="45.43452441" lon="15.18697528" >
      <name>rte1_14</name>
      <ele>210.00</ele>
    </rtept>
    <rtept lat="45.43453772" lon="15.18708396" >
      <name>rte1_15</name>
      <ele>210.00</ele>
    </rtept>
    <rtept lat="45.43456003" lon="15.18719907" >
      <name>rte1_16</name>
      <ele>210.00</ele>
    </rtept>
    <rtept lat="45.43459133" lon="15.18731420" >
      <name>rte1_17</name>
      <ele>210.00</ele>
    </rtept>
    <rtept lat="45.43461374" lon="15.18737179" >
      <name>rte1_18</name>
      <ele>210.00</ele>
    </rtept>
    <rtept lat="45.43464063" lon="15.18743579" >
      <name>rte1_19</name>
      <ele>215.00</ele>
    </rtept>
    <rtept lat="45.43466303" lon="15.18749338" >
      <name>rte1_20</name>
      <ele>215.00</ele>
    </rtept>
    <rtept lat="45.43468543" lon="15.18755097" >
      <name>rte1_21</name>
      <ele>215.00</ele>
    </rtept>
    <rtept lat="45.43472124" lon="15.18765973" >
      <name>rte1_22</name>
      <ele>215.00</ele>
    </rtept>
    <rtept lat="45.43474356" lon="15.18776845" >
      <name>rte1_23</name>
      <ele>215.00</ele>
    </rtept>
    <rtept lat="45.43476587" lon="15.18787716" >
      <name>rte1_24</name>
      <ele>215.00</ele>
    </rtept>
    <rtept lat="45.43477919" lon="15.18798585" >
      <name>rte1_25</name>
      <ele>214.47</ele>
    </rtept>
    <rtept lat="45.43479250" lon="15.18810092" >
      <name>rte1_26</name>
      <ele>214.47</ele>
    </rtept>
    <rtept lat="45.43480579" lon="15.18822239" >
      <name>rte1_27</name>
      <ele>214.47</ele>
    </rtept>
    <rtept lat="45.43481468" lon="15.18829272" >
      <name>rte1_28</name>
      <ele>214.55</ele>
    </rtept>
    <rtept lat="45.43482356" lon="15.18836304" >
      <name>rte1_29</name>
      <ele>214.55</ele>
    </rtept>
    <rtept lat="45.43483243" lon="15.18843976" >
      <name>rte1_30</name>
      <ele>214.55</ele>
    </rtept>
    <rtept lat="45.43484131" lon="15.18851009" >
      <name>rte1_31</name>
      <ele>215.00</ele>
    </rtept>
    <rtept lat="45.43485468" lon="15.18858682" >
      <name>rte1_32</name>
      <ele>215.00</ele>
    </rtept>
    <rtept lat="45.43486356" lon="15.18865715" >
      <name>rte1_33</name>
      <ele>215.00</ele>
    </rtept>
    <rtept lat="45.43487695" lon="15.18872110" >
      <name>rte1_34</name>
      <ele>215.00</ele>
    </rtept>
    <rtept lat="45.43489033" lon="15.18879144" >
      <name>rte1_35</name>
      <ele>215.00</ele>
    </rtept>
    <rtept lat="45.43490372" lon="15.18885539" >
      <name>rte1_36</name>
      <ele>215.00</ele>
    </rtept>
    <rtept lat="45.43491711" lon="15.18891934" >
      <name>rte1_37</name>
      <ele>207.91</ele>
    </rtept>
    <rtept lat="45.43493052" lon="15.18897690" >
      <name>rte1_38</name>
      <ele>207.91</ele>
    </rtept>
    <rtept lat="45.43494841" lon="15.18904087" >
      <name>rte1_39</name>
      <ele>207.91</ele>
    </rtept>
    <rtept lat="45.43497971" lon="15.18915601" >
      <name>rte1_40</name>
      <ele>207.91</ele>
    </rtept>
    <rtept lat="45.43499761" lon="15.18921358" >
      <name>rte1_41</name>
      <ele>200.04</ele>
    </rtept>
    <rtept lat="45.43502001" lon="15.18927117" >
      <name>rte1_42</name>
      <ele>200.04</ele>
    </rtept>
    <rtept lat="45.43506032" lon="15.18937995" >
      <name>rte1_43</name>
      <ele>200.04</ele>
    </rtept>
    <rtept lat="45.43510065" lon="15.18948234" >
      <name>rte1_44</name>
      <ele>206.69</ele>
    </rtept>
    <rtept lat="45.43512306" lon="15.18953354" >
      <name>rte1_45</name>
      <ele>196.17</ele>
    </rtept>
    <rtept lat="45.43514996" lon="15.18959115" >
      <name>rte1_46</name>
      <ele>196.17</ele>
    </rtept>
    <rtept lat="45.43519928" lon="15.18969356" >
      <name>rte1_47</name>
      <ele>196.17</ele>
    </rtept>
    <rtept lat="45.43525310" lon="15.18979600" >
      <name>rte1_48</name>
      <ele>196.17</ele>
    </rtept>
    <rtept lat="45.43528451" lon="15.18984723" >
      <name>rte1_49</name>
      <ele>184.25</ele>
    </rtept>
    <rtept lat="45.43531140" lon="15.18990484" >
      <name>rte1_50</name>
      <ele>196.53</ele>
    </rtept>
    <rtept lat="45.43534281" lon="15.18995607" >
      <name>rte1_51</name>
      <ele>196.53</ele>
    </rtept>
    <rtept lat="45.43537871" lon="15.19001370" >
      <name>rte1_52</name>
      <ele>196.53</ele>
    </rtept>
    <rtept lat="45.43541012" lon="15.19006494" >
      <name>rte1_53</name>
      <ele>196.53</ele>
    </rtept>
    <rtept lat="45.43544602" lon="15.19012257" >
      <name>rte1_54</name>
      <ele>196.53</ele>
    </rtept>
    <rtept lat="45.43547742" lon="15.19018020" >
      <name>rte1_55</name>
      <ele>187.20</ele>
    </rtept>
    <rtept lat="45.43551780" lon="15.19024424" >
      <name>rte1_56</name>
      <ele>199.88</ele>
    </rtept>
    <rtept lat="45.43555370" lon="15.19030188" >
      <name>rte1_57</name>
      <ele>199.88</ele>
    </rtept>
    <rtept lat="45.43558960" lon="15.19035952" >
      <name>rte1_58</name>
      <ele>199.88</ele>
    </rtept>
    <rtept lat="45.43562550" lon="15.19041716" >
      <name>rte1_59</name>
      <ele>199.88</ele>
    </rtept>
    <rtept lat="45.43566140" lon="15.19046840" >
      <name>rte1_60</name>
      <ele>199.88</ele>
    </rtept>
    <rtept lat="45.43569731" lon="15.19051965" >
      <name>rte1_61</name>
      <ele>189.76</ele>
    </rtept>
    <rtept lat="45.43573322" lon="15.19057090" >
      <name>rte1_62</name>
      <ele>189.76</ele>
    </rtept>
    <rtept lat="45.43576913" lon="15.19062215" >
      <name>rte1_63</name>
      <ele>198.69</ele>
    </rtept>
    <rtept lat="45.43580055" lon="15.19066699" >
      <name>rte1_64</name>
      <ele>198.69</ele>
    </rtept>
    <rtept lat="45.43583196" lon="15.19071822" >
      <name>rte1_65</name>
      <ele>198.69</ele>
    </rtept>
    <rtept lat="45.43586788" lon="15.19076308" >
      <name>rte1_66</name>
      <ele>198.69</ele>
    </rtept>
    <rtept lat="45.43593071" lon="15.19085276" >
      <name>rte1_67</name>
      <ele>184.19</ele>
    </rtept>
    <rtept lat="45.43599355" lon="15.19094245" >
      <name>rte1_68</name>
      <ele>191.84</ele>
    </rtept>
    <rtept lat="45.43605640" lon="15.19102574" >
      <name>rte1_69</name>
      <ele>191.84</ele>
    </rtept>
    <rtept lat="45.43611474" lon="15.19111541" >
      <name>rte1_70</name>
      <ele>191.84</ele>
    </rtept>
    <rtept lat="45.43617308" lon="15.19120508" >
      <name>rte1_71</name>
      <ele>180.70</ele>
    </rtept>
    <rtept lat="45.43620449" lon="15.19125631" >
      <name>rte1_72</name>
      <ele>187.39</ele>
    </rtept>
    <rtept lat="45.43623591" lon="15.19130116" >
      <name>rte1_73</name>
      <ele>187.39</ele>
    </rtept>
    <rtept lat="45.43626282" lon="15.19135238" >
      <name>rte1_74</name>
      <ele>187.39</ele>
    </rtept>
    <rtept lat="45.43629423" lon="15.19140361" >
      <name>rte1_75</name>
      <ele>187.39</ele>
    </rtept>
    <rtept lat="45.43632114" lon="15.19145483" >
      <name>rte1_76</name>
      <ele>179.09</ele>
    </rtept>
    <rtept lat="45.43635254" lon="15.19151245" >
      <name>rte1_77</name>
      <ele>179.09</ele>
    </rtept>
    <rtept lat="45.43637944" lon="15.19156367" >
      <name>rte1_78</name>
      <ele>179.09</ele>
    </rtept>
    <rtept lat="45.43641084" lon="15.19162129" >
      <name>rte1_79</name>
      <ele>186.43</ele>
    </rtept>
    <rtept lat="45.43643773" lon="15.19168529" >
      <name>rte1_80</name>
      <ele>186.43</ele>
    </rtept>
    <rtept lat="45.43646912" lon="15.19174931" >
      <name>rte1_81</name>
      <ele>186.43</ele>
    </rtept>
    <rtept lat="45.43650050" lon="15.19181333" >
      <name>rte1_82</name>
      <ele>179.22</ele>
    </rtept>
    <rtept lat="45.43653188" lon="15.19188373" >
      <name>rte1_83</name>
      <ele>179.22</ele>
    </rtept>
    <rtept lat="45.43656325" lon="15.19195414" >
      <name>rte1_84</name>
      <ele>179.22</ele>
    </rtept>
    <rtept lat="45.43659913" lon="15.19202456" >
      <name>rte1_85</name>
      <ele>179.22</ele>
    </rtept>
    <rtept lat="45.43663052" lon="15.19208858" >
      <name>rte1_86</name>
      <ele>174.40</ele>
    </rtept>
    <rtept lat="45.43666190" lon="15.19215259" >
      <name>rte1_87</name>
      <ele>183.19</ele>
    </rtept>
    <rtept lat="45.43669330" lon="15.19221022" >
      <name>rte1_88</name>
      <ele>183.19</ele>
    </rtept>
    <rtept lat="45.43672471" lon="15.19226145" >
      <name>rte1_89</name>
      <ele>183.19</ele>
    </rtept>
    <rtept lat="45.43676060" lon="15.19231909" >
      <name>rte1_90</name>
      <ele>183.19</ele>
    </rtept>
    <rtept lat="45.43679201" lon="15.19237033" >
      <name>rte1_91</name>
      <ele>183.19</ele>
    </rtept>
    <rtept lat="45.43682342" lon="15.19242156" >
      <name>rte1_92</name>
      <ele>176.13</ele>
    </rtept>
    <rtept lat="45.43685933" lon="15.19247281" >
      <name>rte1_93</name>
      <ele>180.00</ele>
    </rtept>
    <rtept lat="45.43689074" lon="15.19252405" >
      <name>rte1_94</name>
      <ele>180.00</ele>
    </rtept>
    <rtept lat="45.43692663" lon="15.19258169" >
      <name>rte1_95</name>
      <ele>180.00</ele>
    </rtept>
    <rtept lat="45.43696253" lon="15.19263933" >
      <name>rte1_96</name>
      <ele>180.00</ele>
    </rtept>
    <rtept lat="45.43699841" lon="15.19270336" >
      <name>rte1_97</name>
      <ele>180.00</ele>
    </rtept>
    <rtept lat="45.43703880" lon="15.19276741" >
      <name>rte1_98</name>
      <ele>180.00</ele>
    </rtept>
    <rtept lat="45.43707917" lon="15.19283785" >
      <name>rte1_99</name>
      <ele>180.00</ele>
    </rtept>
    <rtept lat="45.43711057" lon="15.19289547" >
      <name>rte1_100</name>
      <ele>182.04</ele>
    </rtept>
    <rtept lat="45.43713747" lon="15.19295308" >
      <name>rte1_101</name>
      <ele>182.04</ele>
    </rtept>
    <rtept lat="45.43716886" lon="15.19301071" >
      <name>rte1_102</name>
      <ele>182.04</ele>
    </rtept>
    <rtept lat="45.43719576" lon="15.19306832" >
      <name>rte1_103</name>
      <ele>180.00</ele>
    </rtept>
    <rtept lat="45.43721816" lon="15.19312591" >
      <name>rte1_104</name>
      <ele>180.00</ele>
    </rtept>
    <rtept lat="45.43724056" lon="15.19318351" >
      <name>rte1_105</name>
      <ele>180.00</ele>
    </rtept>
    <rtept lat="45.43727186" lon="15.19329865" >
      <name>rte1_106</name>
      <ele>180.00</ele>
    </rtept>
    <rtept lat="45.43729415" lon="15.19342016" >
      <name>rte1_107</name>
      <ele>180.00</ele>
    </rtept>
    <rtept lat="45.43729844" lon="15.19354160" >
      <name>rte1_108</name>
      <ele>180.00</ele>
    </rtept>
    <rtept lat="45.43729383" lon="15.19360549" >
      <name>rte1_109</name>
      <ele>180.00</ele>
    </rtept>
    <rtept lat="45.43728472" lon="15.19366937" >
      <name>rte1_110</name>
      <ele>180.00</ele>
    </rtept>
    <rtept lat="45.43727110" lon="15.19373962" >
      <name>rte1_111</name>
      <ele>180.00</ele>
    </rtept>
    <rtept lat="45.43725748" lon="15.19380988" >
      <name>rte1_112</name>
      <ele>180.00</ele>
    </rtept>
    <rtept lat="45.43723036" lon="15.19388647" >
      <name>rte1_113</name>
      <ele>180.00</ele>
    </rtept>
    <rtept lat="45.43721223" lon="15.19396310" >
      <name>rte1_114</name>
      <ele>180.00</ele>
    </rtept>
    <rtept lat="45.43718961" lon="15.19403332" >
      <name>rte1_115</name>
      <ele>183.18</ele>
    </rtept>
    <rtept lat="45.43716699" lon="15.19410354" >
      <name>rte1_116</name>
      <ele>183.18</ele>
    </rtept>
    <rtept lat="45.43714888" lon="15.19417378" >
      <name>rte1_117</name>
      <ele>183.18</ele>
    </rtept>
    <rtept lat="45.43712627" lon="15.19423761" >
      <name>rte1_118</name>
      <ele>183.18</ele>
    </rtept>
    <rtept lat="45.43710368" lon="15.19429505" >
      <name>rte1_119</name>
      <ele>183.18</ele>
    </rtept>
    <rtept lat="45.43708107" lon="15.19435888" >
      <name>rte1_120</name>
      <ele>183.66</ele>
    </rtept>
    <rtept lat="45.43705847" lon="15.19441632" >
      <name>rte1_121</name>
      <ele>174.41</ele>
    </rtept>
    <rtept lat="45.43703138" lon="15.19447375" >
      <name>rte1_122</name>
      <ele>174.41</ele>
    </rtept>
    <rtept lat="45.43700429" lon="15.19453117" >
      <name>rte1_123</name>
      <ele>174.41</ele>
    </rtept>
    <rtept lat="45.43697718" lon="15.19459498" >
      <name>rte1_124</name>
      <ele>174.41</ele>
    </rtept>
    <rtept lat="45.43694559" lon="15.19465239" >
      <name>rte1_125</name>
      <ele>179.46</ele>
    </rtept>
    <rtept lat="45.43690948" lon="15.19471618" >
      <name>rte1_126</name>
      <ele>179.46</ele>
    </rtept>
    <rtept lat="45.43687339" lon="15.19477357" >
      <name>rte1_127</name>
      <ele>179.46</ele>
    </rtept>
    <rtept lat="45.43683277" lon="15.19484373" >
      <name>rte1_128</name>
      <ele>170.00</ele>
    </rtept>
    <rtept lat="45.43678767" lon="15.19490748" >
      <name>rte1_129</name>
      <ele>170.00</ele>
    </rtept>
    <rtept lat="45.43674707" lon="15.19497125" >
      <name>rte1_130</name>
      <ele>173.77</ele>
    </rtept>
    <rtept lat="45.43670647" lon="15.19502862" >
      <name>rte1_131</name>
      <ele>173.77</ele>
    </rtept>
    <rtept lat="45.43666589" lon="15.19507961" >
      <name>rte1_132</name>
      <ele>173.77</ele>
    </rtept>
    <rtept lat="45.43662980" lon="15.19513700" >
      <name>rte1_133</name>
      <ele>173.77</ele>
    </rtept>
    <rtept lat="45.43659372" lon="15.19518800" >
      <name>rte1_134</name>
      <ele>170.00</ele>
    </rtept>
    <rtept lat="45.43656213" lon="15.19523902" >
      <name>rte1_135</name>
      <ele>170.00</ele>
    </rtept>
    <rtept lat="45.43652606" lon="15.19528363" >
      <name>rte1_136</name>
      <ele>174.63</ele>
    </rtept>
    <rtept lat="45.43648998" lon="15.19533463" >
      <name>rte1_137</name>
      <ele>174.63</ele>
    </rtept>
    <rtept lat="45.43645840" lon="15.19538565" >
      <name>rte1_138</name>
      <ele>174.63</ele>
    </rtept>
    <rtept lat="45.43642231" lon="15.19543665" >
      <name>rte1_139</name>
      <ele>174.63</ele>
    </rtept>
    <rtept lat="45.43638622" lon="15.19549404" >
      <name>rte1_140</name>
      <ele>173.24</ele>
    </rtept>
    <rtept lat="45.43635013" lon="15.19555143" >
      <name>rte1_141</name>
      <ele>173.24</ele>
    </rtept>
    <rtept lat="45.43631402" lon="15.19561521" >
      <name>rte1_142</name>
      <ele>175.37</ele>
    </rtept>
    <rtept lat="45.43627342" lon="15.19567898" >
      <name>rte1_143</name>
      <ele>175.37</ele>
    </rtept>
    <rtept lat="45.43623730" lon="15.19574915" >
      <name>rte1_144</name>
      <ele>175.37</ele>
    </rtept>
    <rtept lat="45.43584091" lon="15.19600979" >
      <name>rte1_145</name>
      <ele>174.14</ele>
    </rtept>
    <rtept lat="45.43575534" lon="15.19606061" >
      <name>rte1_146</name>
      <ele>174.14</ele>
    </rtept>
    <rtept lat="45.43566975" lon="15.19611783" >
      <name>rte1_147</name>
      <ele>170.00</ele>
    </rtept>
    <rtept lat="45.43558866" lon="15.19617506" >
      <name>rte1_148</name>
      <ele>170.00</ele>
    </rtept>
    <rtept lat="45.43551209" lon="15.19622592" >
      <name>rte1_149</name>
      <ele>170.00</ele>
    </rtept>
    <rtept lat="45.43543551" lon="15.19627678" >
      <name>rte1_150</name>
      <ele>172.86</ele>
    </rtept>
    <rtept lat="45.43536342" lon="15.19633404" >
      <name>rte1_151</name>
      <ele>172.86</ele>
    </rtept>
    <rtept lat="45.43529134" lon="15.19638492" >
      <name>rte1_152</name>
      <ele>172.86</ele>
    </rtept>
    <rtept lat="45.43521928" lon="15.19642940" >
      <name>rte1_153</name>
      <ele>170.00</ele>
    </rtept>
    <rtept lat="45.43515170" lon="15.19648029" >
      <name>rte1_154</name>
      <ele>170.00</ele>
    </rtept>
    <rtept lat="45.43508412" lon="15.19653118" >
      <name>rte1_155</name>
      <ele>170.00</ele>
    </rtept>
    <rtept lat="45.43502104" lon="15.19658208" >
      <name>rte1_156</name>
      <ele>180.00</ele>
    </rtept>
    <rtept lat="45.43495348" lon="15.19662658" >
      <name>rte1_157</name>
      <ele>180.00</ele>
    </rtept>
    <rtept lat="45.43489040" lon="15.19667748" >
      <name>rte1_158</name>
      <ele>180.00</ele>
    </rtept>
    <rtept lat="45.43482732" lon="15.19672839" >
      <name>rte1_159</name>
      <ele>180.00</ele>
    </rtept>
    <rtept lat="45.43476425" lon="15.19677290" >
      <name>rte1_160</name>
      <ele>176.40</ele>
    </rtept>
    <rtept lat="45.43470117" lon="15.19682380" >
      <name>rte1_161</name>
      <ele>176.40</ele>
    </rtept>
    <rtept lat="45.43463359" lon="15.19687469" >
      <name>rte1_162</name>
      <ele>173.21</ele>
    </rtept>
    <rtept lat="45.43457053" lon="15.19691920" >
      <name>rte1_163</name>
      <ele>170.00</ele>
    </rtept>
    <rtept lat="45.43450745" lon="15.19697011" >
      <name>rte1_164</name>
      <ele>170.00</ele>
    </rtept>
    <rtept lat="45.43444437" lon="15.19702101" >
      <name>rte1_165</name>
      <ele>170.00</ele>
    </rtept>
    <rtept lat="45.43438129" lon="15.19707191" >
      <name>rte1_166</name>
      <ele>170.00</ele>
    </rtept>
    <rtept lat="45.43431371" lon="15.19712280" >
      <name>rte1_167</name>
      <ele>170.00</ele>
    </rtept>
    <rtept lat="45.43424613" lon="15.19717369" >
      <name>rte1_168</name>
      <ele>170.00</ele>
    </rtept>
    <rtept lat="45.43417855" lon="15.19722457" >
      <name>rte1_169</name>
      <ele>170.00</ele>
    </rtept>
    <rtept lat="45.43411098" lon="15.19727546" >
      <name>rte1_170</name>
      <ele>170.00</ele>
    </rtept>
    <rtept lat="45.43403889" lon="15.19733272" >
      <name>rte1_171</name>
      <ele>170.00</ele>
    </rtept>
    <rtept lat="45.43396681" lon="15.19738359" >
      <name>rte1_172</name>
      <ele>170.00</ele>
    </rtept>
    <rtept lat="45.43389472" lon="15.19744085" >
      <name>rte1_173</name>
      <ele>170.00</ele>
    </rtept>
    <rtept lat="45.43381813" lon="15.19749810" >
      <name>rte1_174</name>
      <ele>170.00</ele>
    </rtept>
    <rtept lat="45.43373704" lon="15.19755533" >
      <name>rte1_175</name>
      <ele>170.00</ele>
    </rtept>
    <rtept lat="45.43365595" lon="15.19761895" >
      <name>rte1_176</name>
      <ele>170.00</ele>
    </rtept>
    <rtept lat="45.43357485" lon="15.19768257" >
      <name>rte1_177</name>
      <ele>170.00</ele>
    </rtept>
    <rtept lat="45.43352981" lon="15.19770797" >
      <name>rte1_178</name>
      <ele>170.00</ele>
    </rtept>
    <rtept lat="45.43349376" lon="15.19773980" >
      <name>rte1_179</name>
      <ele>170.00</ele>
    </rtept>
    <rtept lat="45.43341268" lon="15.19779063" >
      <name>rte1_180</name>
      <ele>170.00</ele>
    </rtept>
    <rtept lat="45.43334062" lon="15.19783511" >
      <name>rte1_181</name>
      <ele>170.00</ele>
    </rtept>
    <rtept lat="45.43326854" lon="15.19788598" >
      <name>rte1_182</name>
      <ele>170.00</ele>
    </rtept>
    <rtept lat="45.43320098" lon="15.19792409" >
      <name>rte1_183</name>
      <ele>170.00</ele>
    </rtept>
    <rtept lat="45.43313341" lon="15.19796858" >
      <name>rte1_184</name>
      <ele>170.00</ele>
    </rtept>
    <rtept lat="45.43306586" lon="15.19800669" >
      <name>rte1_185</name>
      <ele>170.00</ele>
    </rtept>
    <rtept lat="45.43300279" lon="15.19805120" >
      <name>rte1_186</name>
      <ele>170.50</ele>
    </rtept>
    <rtept lat="45.43293973" lon="15.19808932" >
      <name>rte1_187</name>
      <ele>170.50</ele>
    </rtept>
    <rtept lat="45.43287215" lon="15.19814020" >
      <name>rte1_188</name>
      <ele>172.12</ele>
    </rtept>
    <rtept lat="45.43280908" lon="15.19818471" >
      <name>rte1_189</name>
      <ele>172.12</ele>
    </rtept>
    <rtept lat="45.43274599" lon="15.19824200" >
      <name>rte1_190</name>
      <ele>170.00</ele>
    </rtept>
    <rtept lat="45.43268290" lon="15.19829929" >
      <name>rte1_191</name>
      <ele>170.00</ele>
    </rtept>
    <rtept lat="45.43261530" lon="15.19836296" >
      <name>rte1_192</name>
      <ele>170.00</ele>
    </rtept>
    <rtept lat="45.43254768" lon="15.19843940" >
      <name>rte1_193</name>
      <ele>170.90</ele>
    </rtept>
    <rtept lat="45.43248004" lon="15.19852224" >
      <name>rte1_194</name>
      <ele>170.00</ele>
    </rtept>
    <rtept lat="45.43243497" lon="15.19856681" >
      <name>rte1_195</name>
      <ele>170.00</ele>
    </rtept>
    <rtept lat="45.43239439" lon="15.19861779" >
      <name>rte1_196</name>
      <ele>170.00</ele>
    </rtept>
    <rtept lat="45.43235383" lon="15.19865599" >
      <name>rte1_197</name>
      <ele>170.00</ele>
    </rtept>
    <rtept lat="45.43231327" lon="15.19869419" >
      <name>rte1_198</name>
      <ele>171.60</ele>
    </rtept>
    <rtept lat="45.43227271" lon="15.19873238" >
      <name>rte1_199</name>
      <ele>171.60</ele>
    </rtept>
    <rtept lat="45.43223216" lon="15.19876419" >
      <name>rte1_200</name>
      <ele>171.60</ele>
    </rtept>
    <rtept lat="45.43219162" lon="15.19878961" >
      <name>rte1_201</name>
      <ele>178.10</ele>
    </rtept>
    <rtept lat="45.43215107" lon="15.19882142" >
      <name>rte1_202</name>
      <ele>178.10</ele>
    </rtept>
    <rtept lat="45.43207000" lon="15.19886586" >
      <name>rte1_203</name>
      <ele>176.60</ele>
    </rtept>
    <rtept lat="45.43202498" lon="15.19888487" >
      <name>rte1_204</name>
      <ele>176.60</ele>
    </rtept>
    <rtept lat="45.43197995" lon="15.19890389" >
      <name>rte1_205</name>
      <ele>176.60</ele>
    </rtept>
    <rtept lat="45.43193042" lon="15.19892288" >
      <name>rte1_206</name>
      <ele>176.60</ele>
    </rtept>
    <rtept lat="45.43188090" lon="15.19894188" >
      <name>rte1_207</name>
      <ele>173.80</ele>
    </rtept>
    <rtept lat="45.43183138" lon="15.19895448" >
      <name>rte1_208</name>
      <ele>173.80</ele>
    </rtept>
    <rtept lat="45.43177736" lon="15.19897346" >
      <name>rte1_209</name>
      <ele>173.80</ele>
    </rtept>
    <rtept lat="45.43170983" lon="15.19899239" >
      <name>rte1_210</name>
      <ele>173.80</ele>
    </rtept>
    <rtept lat="45.43164681" lon="15.19901134" >
      <name>rte1_211</name>
      <ele>171.30</ele>
    </rtept>
    <rtept lat="45.43158828" lon="15.19903669" >
      <name>rte1_212</name>
      <ele>171.30</ele>
    </rtept>
    <rtept lat="45.43152974" lon="15.19906205" >
      <name>rte1_213</name>
      <ele>171.30</ele>
    </rtept>
    <rtept lat="45.43148020" lon="15.19908743" >
      <name>rte1_214</name>
      <ele>171.30</ele>
    </rtept>
    <rtept lat="45.43142615" lon="15.19911919" >
      <name>rte1_215</name>
      <ele>170.00</ele>
    </rtept>
    <rtept lat="45.43138111" lon="15.19915098" >
      <name>rte1_216</name>
      <ele>170.00</ele>
    </rtept>
    <rtept lat="45.43133156" lon="15.19918276" >
      <name>rte1_217</name>
      <ele>170.00</ele>
    </rtept>
    <rtept lat="45.43128200" lon="15.19922092" >
      <name>rte1_218</name>
      <ele>170.00</ele>
    </rtept>
    <rtept lat="45.43123694" lon="15.19925910" >
      <name>rte1_219</name>
      <ele>170.00</ele>
    </rtept>
    <rtept lat="45.43118738" lon="15.19929727" >
      <name>rte1_220</name>
      <ele>170.80</ele>
    </rtept>
    <rtept lat="45.43113781" lon="15.19934183" >
      <name>rte1_221</name>
      <ele>170.80</ele>
    </rtept>
    <rtept lat="45.43108824" lon="15.19938638" >
      <name>rte1_222</name>
      <ele>170.80</ele>
    </rtept>
    <rtept lat="45.43103866" lon="15.19943094" >
      <name>rte1_223</name>
      <ele>172.16</ele>
    </rtept>
    <rtept lat="45.43098008" lon="15.19948185" >
      <name>rte1_224</name>
      <ele>170.00</ele>
    </rtept>
    <rtept lat="45.43092600" lon="15.19953278" >
      <name>rte1_225</name>
      <ele>170.00</ele>
    </rtept>
    <rtept lat="45.43085392" lon="15.19958364" >
      <name>rte1_226</name>
      <ele>170.00</ele>
    </rtept>
    <rtept lat="45.43078634" lon="15.19963452" >
      <name>rte1_227</name>
      <ele>170.00</ele>
    </rtept>
    <rtept lat="45.43072327" lon="15.19967903" >
      <name>rte1_228</name>
      <ele>173.30</ele>
    </rtept>
    <rtept lat="45.43066021" lon="15.19972354" >
      <name>rte1_229</name>
      <ele>173.30</ele>
    </rtept>
    <rtept lat="45.43060166" lon="15.19975528" >
      <name>rte1_230</name>
      <ele>177.62</ele>
    </rtept>
    <rtept lat="45.43053861" lon="15.19978701" >
      <name>rte1_231</name>
      <ele>173.24</ele>
    </rtept>
    <rtept lat="45.43048007" lon="15.19981875" >
      <name>rte1_232</name>
      <ele>173.24</ele>
    </rtept>
    <rtept lat="45.43042153" lon="15.19984410" >
      <name>rte1_233</name>
      <ele>173.24</ele>
    </rtept>
    <rtept lat="45.43036299" lon="15.19986945" >
      <name>rte1_234</name>
      <ele>173.24</ele>
    </rtept>
    <rtept lat="45.43030445" lon="15.19990119" >
      <name>rte1_235</name>
      <ele>175.20</ele>
    </rtept>
    <rtept lat="45.43024141" lon="15.19992653" >
      <name>rte1_236</name>
      <ele>175.20</ele>
    </rtept>
    <rtept lat="45.43017836" lon="15.19995826" >
      <name>rte1_237</name>
      <ele>175.20</ele>
    </rtept>
    <rtept lat="45.43011531" lon="15.19999637" >
      <name>rte1_238</name>
      <ele>175.20</ele>
    </rtept>
    <rtept lat="45.43004775" lon="15.20003447" >
      <name>rte1_239</name>
      <ele>173.60</ele>
    </rtept>
    <rtept lat="45.42998018" lon="15.20007896" >
      <name>rte1_240</name>
      <ele>172.97</ele>
    </rtept>
    <rtept lat="45.42990810" lon="15.20012983" >
      <name>rte1_241</name>
      <ele>172.97</ele>
    </rtept>
    <rtept lat="45.42982702" lon="15.20018066" >
      <name>rte1_242</name>
      <ele>174.18</ele>
    </rtept>
    <rtept lat="45.42974595" lon="15.20023149" >
      <name>rte1_243</name>
      <ele>174.18</ele>
    </rtept>
    <rtept lat="45.42967388" lon="15.20027596" >
      <name>rte1_244</name>
      <ele>174.18</ele>
    </rtept>
    <rtept lat="45.42960182" lon="15.20031404" >
      <name>rte1_245</name>
      <ele>175.50</ele>
    </rtept>
    <rtept lat="45.42953427" lon="15.20035214" >
      <name>rte1_246</name>
      <ele>175.50</ele>
    </rtept>
    <rtept lat="45.42946672" lon="15.20038385" >
      <name>rte1_247</name>
      <ele>180.30</ele>
    </rtept>
    <rtept lat="45.42939917" lon="15.20041556" >
      <name>rte1_248</name>
      <ele>171.89</ele>
    </rtept>
    <rtept lat="45.42933164" lon="15.20044088" >
      <name>rte1_249</name>
      <ele>171.89</ele>
    </rtept>
    <rtept lat="45.42926410" lon="15.20046620" >
      <name>rte1_250</name>
      <ele>171.89</ele>
    </rtept>
    <rtept lat="45.42919656" lon="15.20049791" >
      <name>rte1_251</name>
      <ele>171.89</ele>
    </rtept>
    <rtept lat="45.42912452" lon="15.20052321" >
      <name>rte1_252</name>
      <ele>170.00</ele>
    </rtept>
    <rtept lat="45.42905249" lon="15.20054851" >
      <name>rte1_253</name>
      <ele>170.00</ele>
    </rtept>
    <rtept lat="45.42898045" lon="15.20058021" >
      <name>rte1_254</name>
      <ele>170.00</ele>
    </rtept>
    <rtept lat="45.42890390" lon="15.20061188" >
      <name>rte1_255</name>
      <ele>171.40</ele>
    </rtept>
    <rtept lat="45.42881836" lon="15.20064353" >
      <name>rte1_256</name>
      <ele>171.40</ele>
    </rtept>
    <rtept lat="45.42873729" lon="15.20068796" >
      <name>rte1_257</name>
      <ele>170.00</ele>
    </rtept>
    <rtept lat="45.42866976" lon="15.20071328" >
      <name>rte1_258</name>
      <ele>170.00</ele>
    </rtept>
    <rtept lat="45.42860671" lon="15.20074501" >
      <name>rte1_259</name>
      <ele>170.00</ele>
    </rtept>
    <rtept lat="45.42854816" lon="15.20077675" >
      <name>rte1_260</name>
      <ele>170.00</ele>
    </rtept>
    <rtept lat="45.42848962" lon="15.20080849" >
      <name>rte1_261</name>
      <ele>170.00</ele>
    </rtept>
    <rtept lat="45.42843107" lon="15.20084023" >
      <name>rte1_262</name>
      <ele>170.00</ele>
    </rtept>
    <rtept lat="45.42837702" lon="15.20087198" >
      <name>rte1_263</name>
      <ele>170.00</ele>
    </rtept>
    <rtept lat="45.42832297" lon="15.20090374" >
      <name>rte1_264</name>
      <ele>170.00</ele>
    </rtept>
    <rtept lat="45.42826892" lon="15.20093550" >
      <name>rte1_265</name>
      <ele>170.10</ele>
    </rtept>
    <rtept lat="45.42821937" lon="15.20096727" >
      <name>rte1_266</name>
      <ele>170.10</ele>
    </rtept>
    <rtept lat="45.42816533" lon="15.20099902" >
      <name>rte1_267</name>
      <ele>170.00</ele>
    </rtept>
    <rtept lat="45.42812026" lon="15.20103720" >
      <name>rte1_268</name>
      <ele>170.00</ele>
    </rtept>
    <rtept lat="45.42807072" lon="15.20106897" >
      <name>rte1_269</name>
      <ele>170.00</ele>
    </rtept>
    <rtept lat="45.42802566" lon="15.20110715" >
      <name>rte1_270</name>
      <ele>170.00</ele>
    </rtept>
    <rtept lat="45.42797609" lon="15.20114531" >
      <name>rte1_271</name>
      <ele>170.00</ele>
    </rtept>
    <rtept lat="45.42793103" lon="15.20118349" >
      <name>rte1_272</name>
      <ele>170.00</ele>
    </rtept>
    <rtept lat="45.42788597" lon="15.20122167" >
      <name>rte1_273</name>
      <ele>170.00</ele>
    </rtept>
    <rtept lat="45.42784091" lon="15.20125984" >
      <name>rte1_274</name>
      <ele>170.50</ele>
    </rtept>
    <rtept lat="45.42780034" lon="15.20130443" >
      <name>rte1_275</name>
      <ele>170.50</ele>
    </rtept>
    <rtept lat="45.42775527" lon="15.20134900" >
      <name>rte1_276</name>
      <ele>170.00</ele>
    </rtept>
    <rtept lat="45.42771019" lon="15.20139356" >
      <name>rte1_277</name>
      <ele>170.00</ele>
    </rtept>
    <rtept lat="45.42766962" lon="15.20143815" >
      <name>rte1_278</name>
      <ele>170.00</ele>
    </rtept>
    <rtept lat="45.42762455" lon="15.20148271" >
      <name>rte1_279</name>
      <ele>170.00</ele>
    </rtept>
    <rtept lat="45.42757946" lon="15.20153367" >
      <name>rte1_280</name>
      <ele>170.30</ele>
    </rtept>
    <rtept lat="45.42753888" lon="15.20158464" >
      <name>rte1_281</name>
      <ele>170.30</ele>
    </rtept>
    <rtept lat="45.42749380" lon="15.20163560" >
      <name>rte1_282</name>
      <ele>170.00</ele>
    </rtept>
    <rtept lat="45.42744870" lon="15.20169294" >
      <name>rte1_283</name>
      <ele>170.00</ele>
    </rtept>
    <rtept lat="45.42740362" lon="15.20174390" >
      <name>rte1_284</name>
      <ele>170.00</ele>
    </rtept>
    <rtept lat="45.42735851" lon="15.20180764" >
      <name>rte1_285</name>
      <ele>170.90</ele>
    </rtept>
    <rtept lat="45.42731341" lon="15.20186498" >
      <name>rte1_286</name>
      <ele>170.90</ele>
    </rtept>
    <rtept lat="45.42726381" lon="15.20192870" >
      <name>rte1_287</name>
      <ele>170.90</ele>
    </rtept>
    <rtept lat="45.42721420" lon="15.20199242" >
      <name>rte1_288</name>
      <ele>170.00</ele>
    </rtept>
    <rtept lat="45.42716908" lon="15.20206255" >
      <name>rte1_289</name>
      <ele>170.00</ele>
    </rtept>
    <rtept lat="45.42711948" lon="15.20212626" >
      <name>rte1_290</name>
      <ele>170.00</ele>
    </rtept>
    <rtept lat="45.42707887" lon="15.20219002" >
      <name>rte1_291</name>
      <ele>170.00</ele>
    </rtept>
    <rtept lat="45.42703826" lon="15.20225377" >
      <name>rte1_292</name>
      <ele>170.00</ele>
    </rtept>
    <rtept lat="45.42700215" lon="15.20231753" >
      <name>rte1_293</name>
      <ele>170.00</ele>
    </rtept>
    <rtept lat="45.42697054" lon="15.20238132" >
      <name>rte1_294</name>
      <ele>170.00</ele>
    </rtept>
    <rtept lat="45.42693893" lon="15.20244510" >
      <name>rte1_295</name>
      <ele>170.00</ele>
    </rtept>
    <rtept lat="45.42691182" lon="15.20250890" >
      <name>rte1_296</name>
      <ele>170.00</ele>
    </rtept>
    <rtept lat="45.42688921" lon="15.20257272" >
      <name>rte1_297</name>
      <ele>170.00</ele>
    </rtept>
    <rtept lat="45.42686210" lon="15.20263652" >
      <name>rte1_298</name>
      <ele>170.00</ele>
    </rtept>
    <rtept lat="45.42683948" lon="15.20270672" >
      <name>rte1_299</name>
      <ele>170.00</ele>
    </rtept>
    <rtept lat="45.42682136" lon="15.20277694" >
      <name>rte1_300</name>
      <ele>170.00</ele>
    </rtept>
    <rtept lat="45.42679872" lon="15.20285354" >
      <name>rte1_301</name>
      <ele>170.00</ele>
    </rtept>
    <rtept lat="45.42677609" lon="15.20293013" >
      <name>rte1_302</name>
      <ele>170.00</ele>
    </rtept>
    <rtept lat="45.42675796" lon="15.20300674" >
      <name>rte1_303</name>
      <ele>170.00</ele>
    </rtept>
    <rtept lat="45.42673530" lon="15.20309612" >
      <name>rte1_304</name>
      <ele>170.00</ele>
    </rtept>
    <rtept lat="45.42671264" lon="15.20318549" >
      <name>rte1_305</name>
      <ele>170.00</ele>
    </rtept>
    <rtept lat="45.42668547" lon="15.20328124" >
      <name>rte1_306</name>
      <ele>170.00</ele>
    </rtept>
    <rtept lat="45.42665829" lon="15.20338338" >
      <name>rte1_307</name>
      <ele>170.00</ele>
    </rtept>
    <rtept lat="45.42663113" lon="15.20347912" >
      <name>rte1_308</name>
      <ele>170.00</ele>
    </rtept>
    <rtept lat="45.42660847" lon="15.20356850" >
      <name>rte1_309</name>
      <ele>170.00</ele>
    </rtept>
    <rtept lat="45.42658131" lon="15.20365785" >
      <name>rte1_310</name>
      <ele>170.00</ele>
    </rtept>
    <rtept lat="45.42655866" lon="15.20374723" >
      <name>rte1_311</name>
      <ele>170.00</ele>
    </rtept>
    <rtept lat="45.42653601" lon="15.20383021" >
      <name>rte1_312</name>
      <ele>170.00</ele>
    </rtept>
    <rtept lat="45.42650885" lon="15.20391957" >
      <name>rte1_313</name>
      <ele>173.90</ele>
    </rtept>
    <rtept lat="45.42648622" lon="15.20399616" >
      <name>rte1_314</name>
      <ele>172.00</ele>
    </rtept>
    <rtept lat="45.42646357" lon="15.20407915" >
      <name>rte1_315</name>
      <ele>172.00</ele>
    </rtept>
    <rtept lat="45.42644093" lon="15.20416213" >
      <name>rte1_316</name>
      <ele>172.00</ele>
    </rtept>
    <rtept lat="45.42641829" lon="15.20423872" >
      <name>rte1_317</name>
      <ele>170.00</ele>
    </rtept>
    <rtept lat="45.42640015" lon="15.20431533" >
      <name>rte1_318</name>
      <ele>170.00</ele>
    </rtept>
    <rtept lat="45.42637752" lon="15.20439193" >
      <name>rte1_319</name>
      <ele>170.00</ele>
    </rtept>
    <rtept lat="45.42635489" lon="15.20446852" >
      <name>rte1_320</name>
      <ele>170.00</ele>
    </rtept>
    <rtept lat="45.42633675" lon="15.20454513" >
      <name>rte1_321</name>
      <ele>170.00</ele>
    </rtept>
    <rtept lat="45.42631411" lon="15.20462172" >
      <name>rte1_322</name>
      <ele>170.00</ele>
    </rtept>
    <rtept lat="45.42629598" lon="15.20469833" >
      <name>rte1_323</name>
      <ele>170.00</ele>
    </rtept>
    <rtept lat="45.42627333" lon="15.20478132" >
      <name>rte1_324</name>
      <ele>170.00</ele>
    </rtept>
    <rtept lat="45.42625520" lon="15.20485793" >
      <name>rte1_325</name>
      <ele>170.00</ele>
    </rtept>
    <rtept lat="45.42623706" lon="15.20493454" >
      <name>rte1_326</name>
      <ele>170.00</ele>
    </rtept>
    <rtept lat="45.42621891" lon="15.20501754" >
      <name>rte1_327</name>
      <ele>170.00</ele>
    </rtept>
    <rtept lat="45.42619627" lon="15.20510052" >
      <name>rte1_328</name>
      <ele>170.00</ele>
    </rtept>
    <rtept lat="45.42617812" lon="15.20518352" >
      <name>rte1_329</name>
      <ele>170.00</ele>
    </rtept>
    <rtept lat="45.42615996" lon="15.20527291" >
      <name>rte1_330</name>
      <ele>170.00</ele>
    </rtept>
    <rtept lat="45.42614181" lon="15.20535591" >
      <name>rte1_331</name>
      <ele>170.00</ele>
    </rtept>
    <rtept lat="45.42612365" lon="15.20544529" >
      <name>rte1_332</name>
      <ele>170.00</ele>
    </rtept>
    <rtept lat="45.42610548" lon="15.20554107" >
      <name>rte1_333</name>
      <ele>170.00</ele>
    </rtept>
    <rtept lat="45.42608731" lon="15.20563685" >
      <name>rte1_334</name>
      <ele>170.00</ele>
    </rtept>
    <rtept lat="45.42606914" lon="15.20573263" >
      <name>rte1_335</name>
      <ele>170.00</ele>
    </rtept>
    <rtept lat="45.42605095" lon="15.20583480" >
      <name>rte1_336</name>
      <ele>176.50</ele>
    </rtept>
    <rtept lat="45.42603726" lon="15.20594337" >
      <name>rte1_337</name>
      <ele>176.50</ele>
    </rtept>
    <rtept lat="45.42602365" lon="15.20600722" >
      <name>rte1_338</name>
      <ele>170.00</ele>
    </rtept>
    <rtept lat="45.42601453" lon="15.20607108" >
      <name>rte1_339</name>
      <ele>170.00</ele>
    </rtept>
    <rtept lat="45.42599631" lon="15.20619242" >
      <name>rte1_340</name>
      <ele>175.24</ele>
    </rtept>
    <rtept lat="45.42597812" lon="15.20630097" >
      <name>rte1_341</name>
      <ele>175.24</ele>
    </rtept>
    <rtept lat="45.42596892" lon="15.20640956" >
      <name>rte1_342</name>
      <ele>175.24</ele>
    </rtept>
    <rtept lat="45.42595972" lon="15.20651815" >
      <name>rte1_343</name>
      <ele>171.29</ele>
    </rtept>
    <rtept lat="45.42595501" lon="15.20663315" >
      <name>rte1_344</name>
      <ele>171.29</ele>
    </rtept>
    <rtept lat="45.42595479" lon="15.20675455" >
      <name>rte1_345</name>
      <ele>180.00</ele>
    </rtept>
    <rtept lat="45.42595466" lon="15.20682484" >
      <name>rte1_346</name>
      <ele>180.00</ele>
    </rtept>
    <rtept lat="45.42595904" lon="15.20689514" >
      <name>rte1_347</name>
      <ele>180.00</ele>
    </rtept>
    <rtept lat="45.42599395" lon="15.20748311" >
      <name>rte1_348</name>
      <ele>177.82</ele>
    </rtept>
    <rtept lat="45.42598934" lon="15.20754699" >
      <name>rte1_349</name>
      <ele>177.82</ele>
    </rtept>
    <rtept lat="45.42598416" lon="15.20791757" >
      <name>rte1_350</name>
      <ele>175.75</ele>
    </rtept>
    <rtept lat="45.42597953" lon="15.20798784" >
      <name>rte1_351</name>
      <ele>175.75</ele>
    </rtept>
    <rtept lat="45.42597040" lon="15.20805809" >
      <name>rte1_352</name>
      <ele>184.20</ele>
    </rtept>
    <rtept lat="45.42596577" lon="15.20812836" >
      <name>rte1_353</name>
      <ele>184.20</ele>
    </rtept>
    <rtept lat="45.42596115" lon="15.20819863" >
      <name>rte1_354</name>
      <ele>184.20</ele>
    </rtept>
    <rtept lat="45.42595203" lon="15.20826249" >
      <name>rte1_355</name>
      <ele>184.20</ele>
    </rtept>
    <rtept lat="45.42594291" lon="15.20832635" >
      <name>rte1_356</name>
      <ele>184.20</ele>
    </rtept>
    <rtept lat="45.42593380" lon="15.20839022" >
      <name>rte1_357</name>
      <ele>182.86</ele>
    </rtept>
    <rtept lat="45.42592468" lon="15.20845408" >
      <name>rte1_358</name>
      <ele>182.86</ele>
    </rtept>
    <rtept lat="45.42590196" lon="15.20857540" >
      <name>rte1_359</name>
      <ele>182.86</ele>
    </rtept>
    <rtept lat="45.42587925" lon="15.20869033" >
      <name>rte1_360</name>
      <ele>180.00</ele>
    </rtept>
    <rtept lat="45.42585654" lon="15.20880525" >
      <name>rte1_361</name>
      <ele>180.00</ele>
    </rtept>
    <rtept lat="45.42583833" lon="15.20892020" >
      <name>rte1_362</name>
      <ele>180.00</ele>
    </rtept>
    <rtept lat="45.42582013" lon="15.20903514" >
      <name>rte1_363</name>
      <ele>183.43</ele>
    </rtept>
    <rtept lat="45.42580192" lon="15.20915009" >
      <name>rte1_364</name>
      <ele>174.46</ele>
    </rtept>
    <rtept lat="45.42579270" lon="15.20926507" >
      <name>rte1_365</name>
      <ele>174.46</ele>
    </rtept>
    <rtept lat="45.42578348" lon="15.20938644" >
      <name>rte1_366</name>
      <ele>176.13</ele>
    </rtept>
    <rtept lat="45.42578325" lon="15.20951423" >
      <name>rte1_367</name>
      <ele>176.13</ele>
    </rtept>
    <rtept lat="45.42578313" lon="15.20957812" >
      <name>rte1_368</name>
      <ele>176.13</ele>
    </rtept>
    <rtept lat="45.42578751" lon="15.20964204" >
      <name>rte1_369</name>
      <ele>182.10</ele>
    </rtept>
    <rtept lat="45.42579188" lon="15.20971234" >
      <name>rte1_370</name>
      <ele>182.10</ele>
    </rtept>
    <rtept lat="45.42579625" lon="15.20978264" >
      <name>rte1_371</name>
      <ele>182.10</ele>
    </rtept>
    <rtept lat="45.42580511" lon="15.20985296" >
      <name>rte1_372</name>
      <ele>190.00</ele>
    </rtept>
    <rtept lat="45.42581847" lon="15.20992968" >
      <name>rte1_373</name>
      <ele>190.00</ele>
    </rtept>
    <rtept lat="45.42582737" lon="15.20998083" >
      <name>rte1_374</name>
      <ele>190.00</ele>
    </rtept>
    <rtept lat="45.42584077" lon="15.21003839" >
      <name>rte1_375</name>
      <ele>190.00</ele>
    </rtept>
    <rtept lat="45.42588443" lon="15.21075419" >
      <name>rte1_376</name>
      <ele>185.42</ele>
    </rtept>
    <rtept lat="45.42599936" lon="15.21185364" >
      <name>rte1_377</name>
      <ele>177.50</ele>
    </rtept>
    <rtept lat="45.42602078" lon="15.21242879" >
      <name>rte1_378</name>
      <ele>176.43</ele>
    </rtept>
    <rtept lat="45.42601934" lon="15.21319554" >
      <name>rte1_379</name>
      <ele>170.00</ele>
    </rtept>
    <rtept lat="45.42601821" lon="15.21379616" >
      <name>rte1_380</name>
      <ele>172.35</ele>
    </rtept>
    <rtept lat="45.42601686" lon="15.21450540" >
      <name>rte1_381</name>
      <ele>179.09</ele>
    </rtept>
    <rtept lat="45.42599291" lon="15.21527207" >
      <name>rte1_382</name>
      <ele>180.87</ele>
    </rtept>
    <rtept lat="45.42592404" lon="15.21600022" >
      <name>rte1_383</name>
      <ele>186.19</ele>
    </rtept>
    <rtept lat="45.42589587" lon="15.21661352" >
      <name>rte1_384</name>
      <ele>184.93</ele>
    </rtept>
    <rtept lat="45.42594334" lon="15.21766799" >
      <name>rte1_385</name>
      <ele>182.77</ele>
    </rtept>
    <rtept lat="45.42595994" lon="15.21839647" >
      <name>rte1_386</name>
      <ele>178.29</ele>
    </rtept>
    <rtept lat="45.42598550" lon="15.21913777" >
      <name>rte1_387</name>
      <ele>183.45</ele>
    </rtept>
    <rtept lat="45.42598530" lon="15.21924000" >
      <name>rte1_388</name>
      <ele>180.00</ele>
    </rtept>
    <rtept lat="45.42598960" lon="15.21934225" >
      <name>rte1_389</name>
      <ele>180.00</ele>
    </rtept>
    <rtept lat="45.42598941" lon="15.21944448" >
      <name>rte1_390</name>
      <ele>180.00</ele>
    </rtept>
    <rtept lat="45.42599372" lon="15.21954034" >
      <name>rte1_391</name>
      <ele>170.00</ele>
    </rtept>
    <rtept lat="45.42599353" lon="15.21963619" >
      <name>rte1_392</name>
      <ele>170.00</ele>
    </rtept>
    <rtept lat="45.42599786" lon="15.21972566" >
      <name>rte1_393</name>
      <ele>170.00</ele>
    </rtept>
    <rtept lat="45.42599769" lon="15.21981511" >
      <name>rte1_394</name>
      <ele>170.00</ele>
    </rtept>
    <rtept lat="45.42600201" lon="15.21990459" >
      <name>rte1_395</name>
      <ele>170.00</ele>
    </rtept>
    <rtept lat="45.42600184" lon="15.21999404" >
      <name>rte1_396</name>
      <ele>170.00</ele>
    </rtept>
    <rtept lat="45.42600168" lon="15.22007710" >
      <name>rte1_397</name>
      <ele>170.00</ele>
    </rtept>
    <rtept lat="45.42600601" lon="15.22016019" >
      <name>rte1_398</name>
      <ele>180.00</ele>
    </rtept>
    <rtept lat="45.42600585" lon="15.22024325" >
      <name>rte1_399</name>
      <ele>180.00</ele>
    </rtept>
    <rtept lat="45.42601019" lon="15.22032633" >
      <name>rte1_400</name>
      <ele>184.76</ele>
    </rtept>
    <rtept lat="45.42601003" lon="15.22040940" >
      <name>rte1_401</name>
      <ele>184.76</ele>
    </rtept>
    <rtept lat="45.42601438" lon="15.22048609" >
      <name>rte1_402</name>
      <ele>180.00</ele>
    </rtept>
    <rtept lat="45.42601872" lon="15.22056917" >
      <name>rte1_403</name>
      <ele>180.00</ele>
    </rtept>
    <rtept lat="45.42602307" lon="15.22064587" >
      <name>rte1_404</name>
      <ele>180.00</ele>
    </rtept>
    <rtept lat="45.42602740" lon="15.22072895" >
      <name>rte1_405</name>
      <ele>180.00</ele>
    </rtept>
    <rtept lat="45.42603174" lon="15.22081203" >
      <name>rte1_406</name>
      <ele>180.00</ele>
    </rtept>
    <rtept lat="45.42603609" lon="15.22088872" >
      <name>rte1_407</name>
      <ele>180.00</ele>
    </rtept>
    <rtept lat="45.42604043" lon="15.22097181" >
      <name>rte1_408</name>
      <ele>180.00</ele>
    </rtept>
    <rtept lat="45.42604927" lon="15.22105491" >
      <name>rte1_409</name>
      <ele>180.00</ele>
    </rtept>
    <rtept lat="45.42605360" lon="15.22113799" >
      <name>rte1_410</name>
      <ele>178.18</ele>
    </rtept>
    <rtept lat="45.42606243" lon="15.22122748" >
      <name>rte1_411</name>
      <ele>178.18</ele>
    </rtept>
    <rtept lat="45.42607126" lon="15.22131058" >
      <name>rte1_412</name>
      <ele>178.18</ele>
    </rtept>
    <rtept lat="45.42608009" lon="15.22140007" >
      <name>rte1_413</name>
      <ele>178.18</ele>
    </rtept>
    <rtept lat="45.42608891" lon="15.22148956" >
      <name>rte1_414</name>
      <ele>175.00</ele>
    </rtept>
    <rtept lat="45.42610222" lon="15.22158545" >
      <name>rte1_415</name>
      <ele>175.00</ele>
    </rtept>
    <rtept lat="45.42611553" lon="15.22168135" >
      <name>rte1_416</name>
      <ele>175.00</ele>
    </rtept>
    <rtept lat="45.42612884" lon="15.22177725" >
      <name>rte1_417</name>
      <ele>171.67</ele>
    </rtept>
    <rtept lat="45.42614215" lon="15.22187315" >
      <name>rte1_418</name>
      <ele>171.67</ele>
    </rtept>
    <rtept lat="45.42615994" lon="15.22198184" >
      <name>rte1_419</name>
      <ele>171.67</ele>
    </rtept>
    <rtept lat="45.42617325" lon="15.22207774" >
      <name>rte1_420</name>
      <ele>170.00</ele>
    </rtept>
    <rtept lat="45.42619104" lon="15.22218004" >
      <name>rte1_421</name>
      <ele>170.00</ele>
    </rtept>
    <rtept lat="45.42620437" lon="15.22226955" >
      <name>rte1_422</name>
      <ele>170.00</ele>
    </rtept>
    <rtept lat="45.42622217" lon="15.22236547" >
      <name>rte1_423</name>
      <ele>170.00</ele>
    </rtept>
    <rtept lat="45.42624000" lon="15.22245499" >
      <name>rte1_424</name>
      <ele>170.00</ele>
    </rtept>
    <rtept lat="45.42625783" lon="15.22253813" >
      <name>rte1_425</name>
      <ele>170.00</ele>
    </rtept>
    <rtept lat="45.42627566" lon="15.22262126" >
      <name>rte1_426</name>
      <ele>170.00</ele>
    </rtept>
    <rtept lat="45.42629350" lon="15.22270440" >
      <name>rte1_427</name>
      <ele>170.00</ele>
    </rtept>
    <rtept lat="45.42631133" lon="15.22278754" >
      <name>rte1_428</name>
      <ele>172.86</ele>
    </rtept>
    <rtept lat="45.42632918" lon="15.22286428" >
      <name>rte1_429</name>
      <ele>172.86</ele>
    </rtept>
    <rtept lat="45.42634702" lon="15.22294103" >
      <name>rte1_430</name>
      <ele>172.86</ele>
    </rtept>
    <rtept lat="45.42636937" lon="15.22301779" >
      <name>rte1_431</name>
      <ele>172.86</ele>
    </rtept>
    <rtept lat="45.42638722" lon="15.22309454" >
      <name>rte1_432</name>
      <ele>176.67</ele>
    </rtept>
    <rtept lat="45.42640957" lon="15.22316492" >
      <name>rte1_433</name>
      <ele>176.67</ele>
    </rtept>
    <rtept lat="45.42642742" lon="15.22324166" >
      <name>rte1_434</name>
      <ele>176.67</ele>
    </rtept>
    <rtept lat="45.42644978" lon="15.22331204" >
      <name>rte1_435</name>
      <ele>176.67</ele>
    </rtept>
    <rtept lat="45.42647212" lon="15.22338880" >
      <name>rte1_436</name>
      <ele>178.80</ele>
    </rtept>
    <rtept lat="45.42649448" lon="15.22345918" >
      <name>rte1_437</name>
      <ele>178.80</ele>
    </rtept>
    <rtept lat="45.42651684" lon="15.22352956" >
      <name>rte1_438</name>
      <ele>178.80</ele>
    </rtept>
    <rtept lat="45.42653918" lon="15.22360632" >
      <name>rte1_439</name>
      <ele>178.80</ele>
    </rtept>
    <rtept lat="45.42656154" lon="15.22367670" >
      <name>rte1_440</name>
      <ele>174.15</ele>
    </rtept>
    <rtept lat="45.42658389" lon="15.22375346" >
      <name>rte1_441</name>
      <ele>174.15</ele>
    </rtept>
    <rtept lat="45.42661073" lon="15.22383024" >
      <name>rte1_442</name>
      <ele>174.15</ele>
    </rtept>
    <rtept lat="45.42663308" lon="15.22390701" >
      <name>rte1_443</name>
      <ele>174.15</ele>
    </rtept>
    <rtept lat="45.42665992" lon="15.22398379" >
      <name>rte1_444</name>
      <ele>174.15</ele>
    </rtept>
    <rtept lat="45.42668225" lon="15.22406695" >
      <name>rte1_445</name>
      <ele>175.93</ele>
    </rtept>
    <rtept lat="45.42670908" lon="15.22415012" >
      <name>rte1_446</name>
      <ele>175.93</ele>
    </rtept>
    <rtept lat="45.42673591" lon="15.22423330" >
      <name>rte1_447</name>
      <ele>175.93</ele>
    </rtept>
    <rtept lat="45.42676273" lon="15.22432286" >
      <name>rte1_448</name>
      <ele>170.00</ele>
    </rtept>
    <rtept lat="45.42679406" lon="15.22440605" >
      <name>rte1_449</name>
      <ele>170.00</ele>
    </rtept>
    <rtept lat="45.42682087" lon="15.22450200" >
      <name>rte1_450</name>
      <ele>170.00</ele>
    </rtept>
    <rtept lat="45.42685217" lon="15.22459797" >
      <name>rte1_451</name>
      <ele>170.00</ele>
    </rtept>
    <rtept lat="45.42687453" lon="15.22466835" >
      <name>rte1_452</name>
      <ele>170.00</ele>
    </rtept>
    <rtept lat="45.42689688" lon="15.22474512" >
      <name>rte1_453</name>
      <ele>170.00</ele>
    </rtept>
    <rtept lat="45.42691922" lon="15.22482188" >
      <name>rte1_454</name>
      <ele>170.00</ele>
    </rtept>
    <rtept lat="45.42694158" lon="15.22489226" >
      <name>rte1_455</name>
      <ele>170.00</ele>
    </rtept>
    <rtept lat="45.42696393" lon="15.22496264" >
      <name>rte1_456</name>
      <ele>170.00</ele>
    </rtept>
    <rtept lat="45.42698629" lon="15.22503301" >
      <name>rte1_457</name>
      <ele>170.00</ele>
    </rtept>
    <rtept lat="45.42700866" lon="15.22509700" >
      <name>rte1_458</name>
      <ele>170.00</ele>
    </rtept>
    <rtept lat="45.42703103" lon="15.22516099" >
      <name>rte1_459</name>
      <ele>170.00</ele>
    </rtept>
    <rtept lat="45.42705340" lon="15.22522497" >
      <name>rte1_460</name>
      <ele>170.00</ele>
    </rtept>
    <rtept lat="45.42707577" lon="15.22528896" >
      <name>rte1_461</name>
      <ele>170.00</ele>
    </rtept>
    <rtept lat="45.42710264" lon="15.22535297" >
      <name>rte1_462</name>
      <ele>170.00</ele>
    </rtept>
    <rtept lat="45.42712502" lon="15.22541056" >
      <name>rte1_463</name>
      <ele>170.00</ele>
    </rtept>
    <rtept lat="45.42715190" lon="15.22546818" >
      <name>rte1_464</name>
      <ele>170.00</ele>
    </rtept>
    <rtept lat="45.42717428" lon="15.22552578" >
      <name>rte1_465</name>
      <ele>170.00</ele>
    </rtept>
    <rtept lat="45.42720116" lon="15.22558339" >
      <name>rte1_466</name>
      <ele>170.00</ele>
    </rtept>
    <rtept lat="45.42722805" lon="15.22564101" >
      <name>rte1_467</name>
      <ele>170.00</ele>
    </rtept>
    <rtept lat="45.42725494" lon="15.22569224" >
      <name>rte1_468</name>
      <ele>170.00</ele>
    </rtept>
    <rtept lat="45.42728633" lon="15.22574348" >
      <name>rte1_469</name>
      <ele>170.00</ele>
    </rtept>
    <rtept lat="45.42731323" lon="15.22579471" >
      <name>rte1_470</name>
      <ele>170.00</ele>
    </rtept>
    <rtept lat="45.42734462" lon="15.22584595" >
      <name>rte1_471</name>
      <ele>170.00</ele>
    </rtept>
    <rtept lat="45.42738052" lon="15.22589082" >
      <name>rte1_472</name>
      <ele>170.00</ele>
    </rtept>
    <rtept lat="45.42741193" lon="15.22593568" >
      <name>rte1_473</name>
      <ele>170.00</ele>
    </rtept>
    <rtept lat="45.42744782" lon="15.22598694" >
      <name>rte1_474</name>
      <ele>170.00</ele>
    </rtept>
    <rtept lat="45.42748373" lon="15.22603181" >
      <name>rte1_475</name>
      <ele>170.00</ele>
    </rtept>
    <rtept lat="45.42752414" lon="15.22607032" >
      <name>rte1_476</name>
      <ele>170.00</ele>
    </rtept>
    <rtept lat="45.42756455" lon="15.22611521" >
      <name>rte1_477</name>
      <ele>170.00</ele>
    </rtept>
    <rtept lat="45.42760497" lon="15.22615371" >
      <name>rte1_478</name>
      <ele>170.00</ele>
    </rtept>
    <rtept lat="45.42764988" lon="15.22619223" >
      <name>rte1_479</name>
      <ele>170.00</ele>
    </rtept>
    <rtept lat="45.42769930" lon="15.22623077" >
      <name>rte1_480</name>
      <ele>170.00</ele>
    </rtept>
    <rtept lat="45.42774421" lon="15.22626929" >
      <name>rte1_481</name>
      <ele>170.00</ele>
    </rtept>
    <rtept lat="45.42779813" lon="15.22630784" >
      <name>rte1_482</name>
      <ele>170.00</ele>
    </rtept>
    <rtept lat="45.42785204" lon="15.22634640" >
      <name>rte1_483</name>
      <ele>170.00</ele>
    </rtept>
    <rtept lat="45.42791946" lon="15.22638501" >
      <name>rte1_484</name>
      <ele>170.00</ele>
    </rtept>
    <rtept lat="45.42798236" lon="15.22642999" >
      <name>rte1_485</name>
      <ele>170.00</ele>
    </rtept>
    <rtept lat="45.42804977" lon="15.22646860" >
      <name>rte1_486</name>
      <ele>171.70</ele>
    </rtept>
    <rtept lat="45.42811268" lon="15.22650720" >
      <name>rte1_487</name>
      <ele>171.70</ele>
    </rtept>
    <rtept lat="45.42817561" lon="15.22653940" >
      <name>rte1_488</name>
      <ele>171.70</ele>
    </rtept>
    <rtept lat="45.42823402" lon="15.22657797" >
      <name>rte1_489</name>
      <ele>170.00</ele>
    </rtept>
    <rtept lat="45.42829245" lon="15.22661016" >
      <name>rte1_490</name>
      <ele>170.00</ele>
    </rtept>
    <rtept lat="45.42835088" lon="15.22664234" >
      <name>rte1_491</name>
      <ele>170.00</ele>
    </rtept>
    <rtept lat="45.42840930" lon="15.22667453" >
      <name>rte1_492</name>
      <ele>170.00</ele>
    </rtept>
    <rtept lat="45.42846774" lon="15.22670032" >
      <name>rte1_493</name>
      <ele>170.00</ele>
    </rtept>
    <rtept lat="45.42852167" lon="15.22673249" >
      <name>rte1_494</name>
      <ele>170.00</ele>
    </rtept>
    <rtept lat="45.42857561" lon="15.22675827" >
      <name>rte1_495</name>
      <ele>170.00</ele>
    </rtept>
    <rtept lat="45.42863405" lon="15.22678406" >
      <name>rte1_496</name>
      <ele>170.00</ele>
    </rtept>
    <rtept lat="45.42868799" lon="15.22680984" >
      <name>rte1_497</name>
      <ele>170.00</ele>
    </rtept>
    <rtept lat="45.42874193" lon="15.22683562" >
      <name>rte1_498</name>
      <ele>170.00</ele>
    </rtept>
    <rtept lat="45.42879587" lon="15.22686140" >
      <name>rte1_499</name>
      <ele>170.00</ele>
    </rtept>
    <rtept lat="45.42884982" lon="15.22688078" >
      <name>rte1_500</name>
      <ele>170.00</ele>
    </rtept>
    <rtept lat="45.42890826" lon="15.22690658" >
      <name>rte1_501</name>
      <ele>170.00</ele>
    </rtept>
    <rtept lat="45.42896222" lon="15.22692597" >
      <name>rte1_502</name>
      <ele>170.00</ele>
    </rtept>
    <rtept lat="45.42902066" lon="15.22695176" >
      <name>rte1_503</name>
      <ele>170.00</ele>
    </rtept>
    <rtept lat="45.42907461" lon="15.22697115" >
      <name>rte1_504</name>
      <ele>170.00</ele>
    </rtept>
    <rtept lat="45.42913305" lon="15.22699695" >
      <name>rte1_505</name>
      <ele>170.00</ele>
    </rtept>
    <rtept lat="45.42919150" lon="15.22701635" >
      <name>rte1_506</name>
      <ele>170.00</ele>
    </rtept>
    <rtept lat="45.42924994" lon="15.22704215" >
      <name>rte1_507</name>
      <ele>170.00</ele>
    </rtept>
    <rtept lat="45.42931289" lon="15.22706157" >
      <name>rte1_508</name>
      <ele>170.00</ele>
    </rtept>
    <rtept lat="45.42937133" lon="15.22708737" >
      <name>rte1_509</name>
      <ele>170.00</ele>
    </rtept>
    <rtept lat="45.42943427" lon="15.22711319" >
      <name>rte1_510</name>
      <ele>170.00</ele>
    </rtept>
    <rtept lat="45.42950172" lon="15.22713263" >
      <name>rte1_511</name>
      <ele>170.00</ele>
    </rtept>
    <rtept lat="45.42956916" lon="15.22715846" >
      <name>rte1_512</name>
      <ele>170.00</ele>
    </rtept>
    <rtept lat="45.42963660" lon="15.22718429" >
      <name>rte1_513</name>
      <ele>173.20</ele>
    </rtept>
    <rtept lat="45.42970403" lon="15.22721013" >
      <name>rte1_514</name>
      <ele>170.00</ele>
    </rtept>
    <rtept lat="45.42978046" lon="15.22724239" >
      <name>rte1_515</name>
      <ele>170.00</ele>
    </rtept>
    <rtept lat="45.42984341" lon="15.22726181" >
      <name>rte1_516</name>
      <ele>170.00</ele>
    </rtept>
    <rtept lat="45.42990635" lon="15.22728763" >
      <name>rte1_517</name>
      <ele>170.00</ele>
    </rtept>
    <rtept lat="45.42996929" lon="15.22731344" >
      <name>rte1_518</name>
      <ele>170.00</ele>
    </rtept>
    <rtept lat="45.43002774" lon="15.22733285" >
      <name>rte1_519</name>
      <ele>170.00</ele>
    </rtept>
    <rtept lat="45.43008618" lon="15.22735864" >
      <name>rte1_520</name>
      <ele>170.00</ele>
    </rtept>
    <rtept lat="45.43014013" lon="15.22737803" >
      <name>rte1_521</name>
      <ele>170.00</ele>
    </rtept>
    <rtept lat="45.43019857" lon="15.22740383" >
      <name>rte1_522</name>
      <ele>170.00</ele>
    </rtept>
    <rtept lat="45.43025252" lon="15.22742322" >
      <name>rte1_523</name>
      <ele>170.00</ele>
    </rtept>
    <rtept lat="45.43030648" lon="15.22744261" >
      <name>rte1_524</name>
      <ele>170.00</ele>
    </rtept>
    <rtept lat="45.43036043" lon="15.22746200" >
      <name>rte1_525</name>
      <ele>170.00</ele>
    </rtept>
    <rtept lat="45.43040988" lon="15.22748137" >
      <name>rte1_526</name>
      <ele>170.00</ele>
    </rtept>
    <rtept lat="45.43046384" lon="15.22750076" >
      <name>rte1_527</name>
      <ele>170.00</ele>
    </rtept>
    <rtept lat="45.43051330" lon="15.22751374" >
      <name>rte1_528</name>
      <ele>170.00</ele>
    </rtept>
    <rtept lat="45.43056726" lon="15.22753313" >
      <name>rte1_529</name>
      <ele>170.00</ele>
    </rtept>
    <rtept lat="45.43061672" lon="15.22754611" >
      <name>rte1_530</name>
      <ele>170.00</ele>
    </rtept>
    <rtept lat="45.43066618" lon="15.22756548" >
      <name>rte1_531</name>
      <ele>170.00</ele>
    </rtept>
    <rtept lat="45.43071564" lon="15.22757846" >
      <name>rte1_532</name>
      <ele>170.00</ele>
    </rtept>
    <rtept lat="45.43076961" lon="15.22759146" >
      <name>rte1_533</name>
      <ele>170.00</ele>
    </rtept>
    <rtept lat="45.43081909" lon="15.22759805" >
      <name>rte1_534</name>
      <ele>170.00</ele>
    </rtept>
    <rtept lat="45.43087305" lon="15.22761105" >
      <name>rte1_535</name>
      <ele>170.00</ele>
    </rtept>
    <rtept lat="45.43092252" lon="15.22762403" >
      <name>rte1_536</name>
      <ele>170.00</ele>
    </rtept>
    <rtept lat="45.43097650" lon="15.22763064" >
      <name>rte1_537</name>
      <ele>170.00</ele>
    </rtept>
    <rtept lat="45.43103048" lon="15.22763725" >
      <name>rte1_538</name>
      <ele>170.00</ele>
    </rtept>
    <rtept lat="45.43108445" lon="15.22764385" >
      <name>rte1_539</name>
      <ele>170.00</ele>
    </rtept>
    <rtept lat="45.43114293" lon="15.22765048" >
      <name>rte1_540</name>
      <ele>170.00</ele>
    </rtept>
    <rtept lat="45.43119691" lon="15.22765709" >
      <name>rte1_541</name>
      <ele>170.00</ele>
    </rtept>
    <rtept lat="45.43125540" lon="15.22765733" >
      <name>rte1_542</name>
      <ele>170.00</ele>
    </rtept>
    <rtept lat="45.43131839" lon="15.22765758" >
      <name>rte1_543</name>
      <ele>170.00</ele>
    </rtept>
    <rtept lat="45.43137687" lon="15.22766421" >
      <name>rte1_544</name>
      <ele>170.00</ele>
    </rtept>
    <rtept lat="45.43143987" lon="15.22765808" >
      <name>rte1_545</name>
      <ele>170.00</ele>
    </rtept>
    <rtept lat="45.43150736" lon="15.22765835" >
      <name>rte1_546</name>
      <ele>170.00</ele>
    </rtept>
    <rtept lat="45.43157485" lon="15.22765862" >
      <name>rte1_547</name>
      <ele>170.00</ele>
    </rtept>
    <rtept lat="45.43169636" lon="15.22764633" >
      <name>rte1_548</name>
      <ele>174.20</ele>
    </rtept>
    <rtept lat="45.43182235" lon="15.22764045" >
      <name>rte1_549</name>
      <ele>174.20</ele>
    </rtept>
    <rtept lat="45.43193936" lon="15.22762815" >
      <name>rte1_550</name>
      <ele>176.40</ele>
    </rtept>
    <rtept lat="45.43205635" lon="15.22762223" >
      <name>rte1_551</name>
      <ele>176.40</ele>
    </rtept>
    <rtept lat="45.43216436" lon="15.22760989" >
      <name>rte1_552</name>
      <ele>180.00</ele>
    </rtept>
    <rtept lat="45.43227685" lon="15.22760395" >
      <name>rte1_553</name>
      <ele>180.00</ele>
    </rtept>
    <rtept lat="45.43238486" lon="15.22759161" >
      <name>rte1_554</name>
      <ele>173.70</ele>
    </rtept>
    <rtept lat="45.43248836" lon="15.22758564" >
      <name>rte1_555</name>
      <ele>173.70</ele>
    </rtept>
    <rtept lat="45.43259187" lon="15.22757328" >
      <name>rte1_556</name>
      <ele>175.31</ele>
    </rtept>
    <rtept lat="45.43269086" lon="15.22756729" >
      <name>rte1_557</name>
      <ele>175.31</ele>
    </rtept>
    <rtept lat="45.43278987" lon="15.22755491" >
      <name>rte1_558</name>
      <ele>176.00</ele>
    </rtept>
    <rtept lat="45.43288888" lon="15.22754253" >
      <name>rte1_559</name>
      <ele>176.00</ele>
    </rtept>
    <rtept lat="45.43298788" lon="15.22753654" >
      <name>rte1_560</name>
      <ele>171.96</ele>
    </rtept>
    <rtept lat="45.43308239" lon="15.22752414" >
      <name>rte1_561</name>
      <ele>176.80</ele>
    </rtept>
    <rtept lat="45.43317689" lon="15.22751813" >
      <name>rte1_562</name>
      <ele>176.80</ele>
    </rtept>
    <rtept lat="45.43327590" lon="15.22750576" >
      <name>rte1_563</name>
      <ele>170.00</ele>
    </rtept>
    <rtept lat="45.43337040" lon="15.22749975" >
      <name>rte1_564</name>
      <ele>170.00</ele>
    </rtept>
    <rtept lat="45.43346491" lon="15.22748735" >
      <name>rte1_565</name>
      <ele>173.43</ele>
    </rtept>
    <rtept lat="45.43355940" lon="15.22748134" >
      <name>rte1_566</name>
      <ele>173.43</ele>
    </rtept>
    <rtept lat="45.43365840" lon="15.22747535" >
      <name>rte1_567</name>
      <ele>172.64</ele>
    </rtept>
    <rtept lat="45.43375741" lon="15.22746297" >
      <name>rte1_568</name>
      <ele>172.64</ele>
    </rtept>
    <rtept lat="45.43385641" lon="15.22745698" >
      <name>rte1_569</name>
      <ele>172.64</ele>
    </rtept>
    <rtept lat="45.43395540" lon="15.22745099" >
      <name>rte1_570</name>
      <ele>176.00</ele>
    </rtept>
    <rtept lat="45.43405890" lon="15.22744502" >
      <name>rte1_571</name>
      <ele>176.00</ele>
    </rtept>
    <rtept lat="45.43416240" lon="15.22743905" >
      <name>rte1_572</name>
      <ele>180.00</ele>
    </rtept>
    <rtept lat="45.43427039" lon="15.22743310" >
      <name>rte1_573</name>
      <ele>180.00</ele>
    </rtept>
    <rtept lat="45.43438289" lon="15.22742716" >
      <name>rte1_574</name>
      <ele>178.90</ele>
    </rtept>
    <rtept lat="45.43449088" lon="15.22742121" >
      <name>rte1_575</name>
      <ele>178.90</ele>
    </rtept>
    <rtept lat="45.43460788" lon="15.22741529" >
      <name>rte1_576</name>
      <ele>178.20</ele>
    </rtept>
    <rtept lat="45.43472487" lon="15.22740937" >
      <name>rte1_577</name>
      <ele>178.20</ele>
    </rtept>
    <rtept lat="45.43485085" lon="15.22740988" >
      <name>rte1_578</name>
      <ele>175.60</ele>
    </rtept>
    <rtept lat="45.43497683" lon="15.22741039" >
      <name>rte1_579</name>
      <ele>175.60</ele>
    </rtept>
    <rtept lat="45.43503982" lon="15.22741065" >
      <name>rte1_580</name>
      <ele>170.00</ele>
    </rtept>
    <rtept lat="45.43510281" lon="15.22741090" >
      <name>rte1_581</name>
      <ele>170.00</ele>
    </rtept>
    <rtept lat="45.43516130" lon="15.22741114" >
      <name>rte1_582</name>
      <ele>170.00</ele>
    </rtept>
    <rtept lat="45.43521979" lon="15.22741138" >
      <name>rte1_583</name>
      <ele>170.00</ele>
    </rtept>
    <rtept lat="45.43527828" lon="15.22741161" >
      <name>rte1_584</name>
      <ele>170.00</ele>
    </rtept>
    <rtept lat="45.43532779" lon="15.22740542" >
      <name>rte1_585</name>
      <ele>170.00</ele>
    </rtept>
    <rtept lat="45.43538179" lon="15.22739925" >
      <name>rte1_586</name>
      <ele>170.00</ele>
    </rtept>
    <rtept lat="45.43543580" lon="15.22739308" >
      <name>rte1_587</name>
      <ele>170.00</ele>
    </rtept>
    <rtept lat="45.43548531" lon="15.22738050" >
      <name>rte1_588</name>
      <ele>175.11</ele>
    </rtept>
    <rtept lat="45.43553483" lon="15.22736792" >
      <name>rte1_589</name>
      <ele>175.11</ele>
    </rtept>
    <rtept lat="45.43558886" lon="15.22734897" >
      <name>rte1_590</name>
      <ele>175.11</ele>
    </rtept>
    <rtept lat="45.43563840" lon="15.22732360" >
      <name>rte1_591</name>
      <ele>175.11</ele>
    </rtept>
    <rtept lat="45.43569245" lon="15.22729826" >
      <name>rte1_592</name>
      <ele>177.10</ele>
    </rtept>
    <rtept lat="45.43574650" lon="15.22726652" >
      <name>rte1_593</name>
      <ele>177.10</ele>
    </rtept>
    <rtept lat="45.43580057" lon="15.22722840" >
      <name>rte1_594</name>
      <ele>177.10</ele>
    </rtept>
    <rtept lat="45.43585915" lon="15.22718390" >
      <name>rte1_595</name>
      <ele>180.00</ele>
    </rtept>
    <rtept lat="45.43639933" lon="15.22705188" >
      <name>rte1_596</name>
      <ele>190.00</ele>
    </rtept>
    <rtept lat="45.43644875" lon="15.22709042" >
      <name>rte1_597</name>
      <ele>190.00</ele>
    </rtept>
    <rtept lat="45.43650266" lon="15.22712899" >
      <name>rte1_598</name>
      <ele>190.00</ele>
    </rtept>
    <rtept lat="45.43655208" lon="15.22716753" >
      <name>rte1_599</name>
      <ele>190.00</ele>
    </rtept>
    <rtept lat="45.43660149" lon="15.22720608" >
      <name>rte1_600</name>
      <ele>195.00</ele>
    </rtept>
    <rtept lat="45.43665092" lon="15.22723823" >
      <name>rte1_601</name>
      <ele>190.00</ele>
    </rtept>
    <rtept lat="45.43670034" lon="15.22727677" >
      <name>rte1_602</name>
      <ele>190.00</ele>
    </rtept>
    <rtept lat="45.43674975" lon="15.22731532" >
      <name>rte1_603</name>
      <ele>190.00</ele>
    </rtept>
    <rtept lat="45.43679917" lon="15.22735386" >
      <name>rte1_604</name>
      <ele>191.33</ele>
    </rtept>
    <rtept lat="45.43684859" lon="15.22738602" >
      <name>rte1_605</name>
      <ele>191.33</ele>
    </rtept>
    <rtept lat="45.43689351" lon="15.22742455" >
      <name>rte1_606</name>
      <ele>191.33</ele>
    </rtept>
    <rtept lat="45.43694292" lon="15.22746309" >
      <name>rte1_607</name>
      <ele>191.33</ele>
    </rtept>
    <rtept lat="45.43698785" lon="15.22749523" >
      <name>rte1_608</name>
      <ele>191.33</ele>
    </rtept>
    <rtept lat="45.43703727" lon="15.22753377" >
      <name>rte1_609</name>
      <ele>193.17</ele>
    </rtept>
    <rtept lat="45.43708668" lon="15.22757232" >
      <name>rte1_610</name>
      <ele>190.52</ele>
    </rtept>
    <rtept lat="45.43713160" lon="15.22761085" >
      <name>rte1_611</name>
      <ele>190.52</ele>
    </rtept>
    <rtept lat="45.43718103" lon="15.22764300" >
      <name>rte1_612</name>
      <ele>190.52</ele>
    </rtept>
    <rtept lat="45.43723044" lon="15.22768155" >
      <name>rte1_613</name>
      <ele>190.52</ele>
    </rtept>
    <rtept lat="45.43727536" lon="15.22772007" >
      <name>rte1_614</name>
      <ele>194.69</ele>
    </rtept>
    <rtept lat="45.43732477" lon="15.22775862" >
      <name>rte1_615</name>
      <ele>194.69</ele>
    </rtept>
    <rtept lat="45.43737419" lon="15.22779717" >
      <name>rte1_616</name>
      <ele>194.69</ele>
    </rtept>
    <rtept lat="45.43742810" lon="15.22783573" >
      <name>rte1_617</name>
      <ele>194.69</ele>
    </rtept>
    <rtept lat="45.43747750" lon="15.22788067" >
      <name>rte1_618</name>
      <ele>200.00</ele>
    </rtept>
    <rtept lat="45.43752692" lon="15.22791921" >
      <name>rte1_619</name>
      <ele>200.00</ele>
    </rtept>
    <rtept lat="45.43758082" lon="15.22796417" >
      <name>rte1_620</name>
      <ele>200.00</ele>
    </rtept>
    <rtept lat="45.43763473" lon="15.22800273" >
      <name>rte1_621</name>
      <ele>200.00</ele>
    </rtept>
    <rtept lat="45.43768864" lon="15.22804769" >
      <name>rte1_622</name>
      <ele>200.00</ele>
    </rtept>
    <rtept lat="45.43774704" lon="15.22809266" >
      <name>rte1_623</name>
      <ele>204.07</ele>
    </rtept>
    <rtept lat="45.43780094" lon="15.22813762" >
      <name>rte1_624</name>
      <ele>204.07</ele>
    </rtept>
    <rtept lat="45.43785932" lon="15.22818898" >
      <name>rte1_625</name>
      <ele>204.07</ele>
    </rtept>
    <rtept lat="45.43791773" lon="15.22823396" >
      <name>rte1_626</name>
      <ele>205.00</ele>
    </rtept>
    <rtept lat="45.43798061" lon="15.22828534" >
      <name>rte1_627</name>
      <ele>205.00</ele>
    </rtept>
    <rtept lat="45.43804350" lon="15.22833672" >
      <name>rte1_628</name>
      <ele>205.00</ele>
    </rtept>
    <rtept lat="45.43811087" lon="15.22839452" >
      <name>rte1_629</name>
      <ele>205.00</ele>
    </rtept>
    <rtept lat="45.43817376" lon="15.22844590" >
      <name>rte1_630</name>
      <ele>206.47</ele>
    </rtept>
    <rtept lat="45.43823665" lon="15.22849728" >
      <name>rte1_631</name>
      <ele>206.47</ele>
    </rtept>
    <rtept lat="45.43829505" lon="15.22854226" >
      <name>rte1_632</name>
      <ele>202.95</ele>
    </rtept>
    <rtept lat="45.43834895" lon="15.22858722" >
      <name>rte1_633</name>
      <ele>202.95</ele>
    </rtept>
    <rtept lat="45.43840285" lon="15.22863217" >
      <name>rte1_634</name>
      <ele>205.00</ele>
    </rtept>
    <rtept lat="45.43845676" lon="15.22867074" >
      <name>rte1_635</name>
      <ele>205.00</ele>
    </rtept>
    <rtept lat="45.43850618" lon="15.22870929" >
      <name>rte1_636</name>
      <ele>205.00</ele>
    </rtept>
    <rtept lat="45.43856009" lon="15.22874785" >
      <name>rte1_637</name>
      <ele>205.00</ele>
    </rtept>
    <rtept lat="45.43861399" lon="15.22879281" >
      <name>rte1_638</name>
      <ele>206.30</ele>
    </rtept>
    <rtept lat="45.43866791" lon="15.22883137" >
      <name>rte1_639</name>
      <ele>206.30</ele>
    </rtept>
    <rtept lat="45.43872632" lon="15.22886996" >
      <name>rte1_640</name>
      <ele>203.10</ele>
    </rtept>
    <rtept lat="45.43878472" lon="15.22891493" >
      <name>rte1_641</name>
      <ele>203.10</ele>
    </rtept>
    <rtept lat="45.43884762" lon="15.22895993" >
      <name>rte1_642</name>
      <ele>205.00</ele>
    </rtept>
    <rtept lat="45.43891500" lon="15.22901133" >
      <name>rte1_643</name>
      <ele>205.00</ele>
    </rtept>
    <rtept lat="45.43899139" lon="15.22906277" >
      <name>rte1_644</name>
      <ele>205.00</ele>
    </rtept>
    <rtept lat="45.43904980" lon="15.22910136" >
      <name>rte1_645</name>
      <ele>205.00</ele>
    </rtept>
    <rtept lat="45.43910371" lon="15.22913992" >
      <name>rte1_646</name>
      <ele>205.00</ele>
    </rtept>
    <rtept lat="45.43915763" lon="15.22917849" >
      <name>rte1_647</name>
      <ele>203.55</ele>
    </rtept>
    <rtept lat="45.43920704" lon="15.22921704" >
      <name>rte1_648</name>
      <ele>203.55</ele>
    </rtept>
    <rtept lat="45.43925646" lon="15.22925559" >
      <name>rte1_649</name>
      <ele>203.55</ele>
    </rtept>
    <rtept lat="45.43930139" lon="15.22928773" >
      <name>rte1_650</name>
      <ele>203.28</ele>
    </rtept>
    <rtept lat="45.43934630" lon="15.22932626" >
      <name>rte1_651</name>
      <ele>203.28</ele>
    </rtept>
    <rtept lat="45.43939572" lon="15.22936480" >
      <name>rte1_652</name>
      <ele>203.28</ele>
    </rtept>
    <rtept lat="45.43944064" lon="15.22939694" >
      <name>rte1_653</name>
      <ele>203.28</ele>
    </rtept>
    <rtept lat="45.43948557" lon="15.22942908" >
      <name>rte1_654</name>
      <ele>203.28</ele>
    </rtept>
    <rtept lat="45.43953500" lon="15.22946124" >
      <name>rte1_655</name>
      <ele>200.74</ele>
    </rtept>
    <rtept lat="45.43958441" lon="15.22949979" >
      <name>rte1_656</name>
      <ele>200.00</ele>
    </rtept>
    <rtept lat="45.43963834" lon="15.22953197" >
      <name>rte1_657</name>
      <ele>200.00</ele>
    </rtept>
    <rtept lat="45.43969227" lon="15.22956414" >
      <name>rte1_658</name>
      <ele>200.00</ele>
    </rtept>
    <rtept lat="45.43975069" lon="15.22959634" >
      <name>rte1_659</name>
      <ele>200.00</ele>
    </rtept>
    <rtept lat="45.43981362" lon="15.22962855" >
      <name>rte1_660</name>
      <ele>200.00</ele>
    </rtept>
    <rtept lat="45.44007774" lon="15.23028793" >
      <name>rte1_661</name>
      <ele>191.28</ele>
    </rtept>
    <rtept lat="45.44049910" lon="15.23106300" >
      <name>rte1_662</name>
      <ele>192.65</ele>
    </rtept>
    <rtept lat="45.44053501" lon="15.23110149" >
      <name>rte1_663</name>
      <ele>190.00</ele>
    </rtept>
    <rtept lat="45.44057541" lon="15.23114640" >
      <name>rte1_664</name>
      <ele>190.00</ele>
    </rtept>
    <rtept lat="45.44061133" lon="15.23118489" >
      <name>rte1_665</name>
      <ele>190.93</ele>
    </rtept>
    <rtept lat="45.44064723" lon="15.23122978" >
      <name>rte1_666</name>
      <ele>190.93</ele>
    </rtept>
    <rtept lat="45.44071455" lon="15.23131314" >
      <name>rte1_667</name>
      <ele>190.93</ele>
    </rtept>
    <rtept lat="45.44077739" lon="15.23139010" >
      <name>rte1_668</name>
      <ele>190.93</ele>
    </rtept>
    <rtept lat="45.44084022" lon="15.23146705" >
      <name>rte1_669</name>
      <ele>184.29</ele>
    </rtept>
    <rtept lat="45.44090305" lon="15.23154401" >
      <name>rte1_670</name>
      <ele>184.29</ele>
    </rtept>
    <rtept lat="45.44096590" lon="15.23161457" >
      <name>rte1_671</name>
      <ele>184.29</ele>
    </rtept>
    <rtept lat="45.44102874" lon="15.23168513" >
      <name>rte1_672</name>
      <ele>184.29</ele>
    </rtept>
    <rtept lat="45.44109162" lon="15.23174292" >
      <name>rte1_673</name>
      <ele>180.00</ele>
    </rtept>
    <rtept lat="45.44115897" lon="15.23180711" >
      <name>rte1_674</name>
      <ele>180.00</ele>
    </rtept>
    <rtept lat="45.44123086" lon="15.23185853" >
      <name>rte1_675</name>
      <ele>180.00</ele>
    </rtept>
    <rtept lat="45.44130275" lon="15.23190357" >
      <name>rte1_676</name>
      <ele>180.00</ele>
    </rtept>
    <rtept lat="45.44138365" lon="15.23194864" >
      <name>rte1_677</name>
      <ele>180.00</ele>
    </rtept>
    <rtept lat="45.44146906" lon="15.23198735" >
      <name>rte1_678</name>
      <ele>180.00</ele>
    </rtept>
    <rtept lat="45.44151402" lon="15.23200031" >
      <name>rte1_679</name>
      <ele>180.00</ele>
    </rtept>
    <rtept lat="45.44155899" lon="15.23201328" >
      <name>rte1_680</name>
      <ele>180.00</ele>
    </rtept>
    <rtept lat="45.44160846" lon="15.23202627" >
      <name>rte1_681</name>
      <ele>180.00</ele>
    </rtept>
    <rtept lat="45.44166242" lon="15.23203928" >
      <name>rte1_682</name>
      <ele>180.00</ele>
    </rtept>
    <rtept lat="45.44172090" lon="15.23204591" >
      <name>rte1_683</name>
      <ele>175.50</ele>
    </rtept>
    <rtept lat="45.44177488" lon="15.23205252" >
      <name>rte1_684</name>
      <ele>175.40</ele>
    </rtept>
    <rtept lat="45.44182886" lon="15.23205914" >
      <name>rte1_685</name>
      <ele>175.40</ele>
    </rtept>
    <rtept lat="45.44187833" lon="15.23206573" >
      <name>rte1_686</name>
      <ele>175.40</ele>
    </rtept>
    <rtept lat="45.44193233" lon="15.23206596" >
      <name>rte1_687</name>
      <ele>175.40</ele>
    </rtept>
    <rtept lat="45.44198633" lon="15.23205979" >
      <name>rte1_688</name>
      <ele>180.00</ele>
    </rtept>
    <rtept lat="45.44204033" lon="15.23205362" >
      <name>rte1_689</name>
      <ele>180.00</ele>
    </rtept>
    <rtept lat="45.44210785" lon="15.23204112" >
      <name>rte1_690</name>
      <ele>181.10</ele>
    </rtept>
    <rtept lat="45.44216639" lon="15.23201579" >
      <name>rte1_691</name>
      <ele>181.10</ele>
    </rtept>
    <rtept lat="45.44222494" lon="15.23199047" >
      <name>rte1_692</name>
      <ele>182.06</ele>
    </rtept>
    <rtept lat="45.44227899" lon="15.23195873" >
      <name>rte1_693</name>
      <ele>182.06</ele>
    </rtept>
    <rtept lat="45.44232405" lon="15.23192696" >
      <name>rte1_694</name>
      <ele>182.06</ele>
    </rtept>
    <rtept lat="45.44237361" lon="15.23189521" >
      <name>rte1_695</name>
      <ele>182.06</ele>
    </rtept>
    <rtept lat="45.44241868" lon="15.23185705" >
      <name>rte1_696</name>
      <ele>183.09</ele>
    </rtept>
    <rtept lat="45.44246825" lon="15.23181890" >
      <name>rte1_697</name>
      <ele>183.09</ele>
    </rtept>
    <rtept lat="45.44251781" lon="15.23178715" >
      <name>rte1_698</name>
      <ele>183.09</ele>
    </rtept>
    <rtept lat="45.44260263" lon="15.23211347" >
      <name>rte1_699</name>
      <ele>180.00</ele>
    </rtept>
    <rtept lat="45.44244900" lon="15.23243241" >
      <name>rte1_700</name>
      <ele>180.00</ele>
    </rtept>
    <rtept lat="45.44235849" lon="15.23268769" >
      <name>rte1_701</name>
      <ele>170.00</ele>
    </rtept>
    <rtept lat="45.44212797" lon="15.23319805" >
      <name>rte1_702</name>
      <ele>170.00</ele>
    </rtept>
    <rtept lat="45.44255482" lon="15.23348105" >
      <name>rte1_703</name>
      <ele>170.00</ele>
    </rtept>
    <rtept lat="45.44266716" lon="15.23355182" >
      <name>rte1_704</name>
      <ele>170.00</ele>
    </rtept>
    <rtept lat="45.44309863" lon="15.23377732" >
      <name>rte1_705</name>
      <ele>170.00</ele>
    </rtept>
    <rtept lat="45.44332326" lon="15.23393805" >
      <name>rte1_706</name>
      <ele>170.00</ele>
    </rtept>
    <rtept lat="45.44354341" lon="15.23409236" >
      <name>rte1_707</name>
      <ele>170.20</ele>
    </rtept>
    <rtept lat="45.44399724" lon="15.23438188" >
      <name>rte1_708</name>
      <ele>170.10</ele>
    </rtept>
    <rtept lat="45.44448712" lon="15.23464598" >
      <name>rte1_709</name>
      <ele>170.00</ele>
    </rtept>
    <rtept lat="45.44473875" lon="15.23480683" >
      <name>rte1_710</name>
      <ele>170.00</ele>
    </rtept>
    <rtept lat="45.44495889" lon="15.23496115" >
      <name>rte1_711</name>
      <ele>170.20</ele>
    </rtept>
    <rtept lat="45.44518792" lon="15.23517304" >
      <name>rte1_712</name>
      <ele>170.00</ele>
    </rtept>
    <rtept lat="45.44615829" lon="15.23588661" >
      <name>rte1_713</name>
      <ele>170.00</ele>
    </rtept>
    <rtept lat="45.44622120" lon="15.23592522" >
      <name>rte1_714</name>
      <ele>170.70</ele>
    </rtept>
    <rtept lat="45.44627959" lon="15.23597021" >
      <name>rte1_715</name>
      <ele>170.00</ele>
    </rtept>
    <rtept lat="45.44633800" lon="15.23600881" >
      <name>rte1_716</name>
      <ele>170.00</ele>
    </rtept>
    <rtept lat="45.44639641" lon="15.23604740" >
      <name>rte1_717</name>
      <ele>170.00</ele>
    </rtept>
    <rtept lat="45.44645031" lon="15.23609237" >
      <name>rte1_718</name>
      <ele>170.00</ele>
    </rtept>
    <rtept lat="45.44650422" lon="15.23613095" >
      <name>rte1_719</name>
      <ele>170.00</ele>
    </rtept>
    <rtept lat="45.44655813" lon="15.23616953" >
      <name>rte1_720</name>
      <ele>170.00</ele>
    </rtept>
    <rtept lat="45.44660755" lon="15.23620809" >
      <name>rte1_721</name>
      <ele>170.00</ele>
    </rtept>
    <rtept lat="45.44666146" lon="15.23624667" >
      <name>rte1_722</name>
      <ele>170.00</ele>
    </rtept>
    <rtept lat="45.44670637" lon="15.23628521" >
      <name>rte1_723</name>
      <ele>170.40</ele>
    </rtept>
    <rtept lat="45.44675578" lon="15.23632377" >
      <name>rte1_724</name>
      <ele>170.40</ele>
    </rtept>
    <rtept lat="45.44680519" lon="15.23636233" >
      <name>rte1_725</name>
      <ele>170.40</ele>
    </rtept>
    <rtept lat="45.44685009" lon="15.23640726" >
      <name>rte1_726</name>
      <ele>170.40</ele>
    </rtept>
    <rtept lat="45.44689501" lon="15.23644580" >
      <name>rte1_727</name>
      <ele>170.40</ele>
    </rtept>
    <rtept lat="45.44693992" lon="15.23648434" >
      <name>rte1_728</name>
      <ele>170.30</ele>
    </rtept>
    <rtept lat="45.44698483" lon="15.23652288" >
      <name>rte1_729</name>
      <ele>170.30</ele>
    </rtept>
    <rtept lat="45.44702973" lon="15.23656782" >
      <name>rte1_730</name>
      <ele>170.30</ele>
    </rtept>
    <rtept lat="45.44707464" lon="15.23660636" >
      <name>rte1_731</name>
      <ele>170.30</ele>
    </rtept>
    <rtept lat="45.44711954" lon="15.23665129" >
      <name>rte1_732</name>
      <ele>170.30</ele>
    </rtept>
    <rtept lat="45.44716444" lon="15.23669623" >
      <name>rte1_733</name>
      <ele>170.00</ele>
    </rtept>
    <rtept lat="45.44720934" lon="15.23674116" >
      <name>rte1_734</name>
      <ele>170.00</ele>
    </rtept>
    <rtept lat="45.44725424" lon="15.23678609" >
      <name>rte1_735</name>
      <ele>170.00</ele>
    </rtept>
    <rtept lat="45.44729914" lon="15.23683103" >
      <name>rte1_736</name>
      <ele>170.00</ele>
    </rtept>
    <rtept lat="45.44734403" lon="15.23688235" >
      <name>rte1_737</name>
      <ele>171.50</ele>
    </rtept>
    <rtept lat="45.44739342" lon="15.23692730" >
      <name>rte1_738</name>
      <ele>170.00</ele>
    </rtept>
    <rtept lat="45.44743831" lon="15.23697863" >
      <name>rte1_739</name>
      <ele>170.00</ele>
    </rtept>
    <rtept lat="45.44748769" lon="15.23702998" >
      <name>rte1_740</name>
      <ele>170.00</ele>
    </rtept>
    <rtept lat="45.44753707" lon="15.23708771" >
      <name>rte1_741</name>
      <ele>170.00</ele>
    </rtept>
    <rtept lat="45.44759095" lon="15.23713908" >
      <name>rte1_742</name>
      <ele>170.00</ele>
    </rtept>
    <rtept lat="45.44764032" lon="15.23719681" >
      <name>rte1_743</name>
      <ele>170.10</ele>
    </rtept>
    <rtept lat="45.44769419" lon="15.23725457" >
      <name>rte1_744</name>
      <ele>170.10</ele>
    </rtept>
    <rtept lat="45.44775255" lon="15.23731874" >
      <name>rte1_745</name>
      <ele>170.10</ele>
    </rtept>
    <rtept lat="45.44783336" lon="15.23740218" >
      <name>rte1_746</name>
      <ele>170.00</ele>
    </rtept>
    <rtept lat="45.44791417" lon="15.23748561" >
      <name>rte1_747</name>
      <ele>170.00</ele>
    </rtept>
    <rtept lat="45.44799499" lon="15.23756905" >
      <name>rte1_748</name>
      <ele>170.90</ele>
    </rtept>
    <rtept lat="45.44807130" lon="15.23765247" >
      <name>rte1_749</name>
      <ele>171.40</ele>
    </rtept>
    <rtept lat="45.44814313" lon="15.23772948" >
      <name>rte1_750</name>
      <ele>171.40</ele>
    </rtept>
    <rtept lat="45.44821945" lon="15.23780651" >
      <name>rte1_751</name>
      <ele>171.40</ele>
    </rtept>
    <rtept lat="45.44828678" lon="15.23788350" >
      <name>rte1_752</name>
      <ele>170.20</ele>
    </rtept>
    <rtept lat="45.44835861" lon="15.23796051" >
      <name>rte1_753</name>
      <ele>170.20</ele>
    </rtept>
    <rtept lat="45.44842595" lon="15.23803111" >
      <name>rte1_754</name>
      <ele>170.20</ele>
    </rtept>
    <rtept lat="45.44849329" lon="15.23810171" >
      <name>rte1_755</name>
      <ele>170.50</ele>
    </rtept>
    <rtept lat="45.44855613" lon="15.23817229" >
      <name>rte1_756</name>
      <ele>170.40</ele>
    </rtept>
    <rtept lat="45.44862348" lon="15.23824289" >
      <name>rte1_757</name>
      <ele>170.40</ele>
    </rtept>
    <rtept lat="45.44868632" lon="15.23831347" >
      <name>rte1_758</name>
      <ele>170.40</ele>
    </rtept>
    <rtept lat="45.44874916" lon="15.23838405" >
      <name>rte1_759</name>
      <ele>170.00</ele>
    </rtept>
    <rtept lat="45.44881200" lon="15.23845463" >
      <name>rte1_760</name>
      <ele>170.00</ele>
    </rtept>
    <rtept lat="45.44887484" lon="15.23852522" >
      <name>rte1_761</name>
      <ele>170.10</ele>
    </rtept>
    <rtept lat="45.44893768" lon="15.23859580" >
      <name>rte1_762</name>
      <ele>170.00</ele>
    </rtept>
    <rtept lat="45.44900053" lon="15.23866638" >
      <name>rte1_763</name>
      <ele>170.00</ele>
    </rtept>
    <rtept lat="45.44906337" lon="15.23873696" >
      <name>rte1_764</name>
      <ele>170.00</ele>
    </rtept>
    <rtept lat="45.44912621" lon="15.23880754" >
      <name>rte1_765</name>
      <ele>170.00</ele>
    </rtept>
    <rtept lat="45.44918904" lon="15.23888452" >
      <name>rte1_766</name>
      <ele>170.00</ele>
    </rtept>
    <rtept lat="45.44925188" lon="15.23895510" >
      <name>rte1_767</name>
      <ele>170.00</ele>
    </rtept>
    <rtept lat="45.44931921" lon="15.23903209" >
      <name>rte1_768</name>
      <ele>170.00</ele>
    </rtept>
    <rtept lat="45.44938203" lon="15.23910907" >
      <name>rte1_769</name>
      <ele>170.00</ele>
    </rtept>
    <rtept lat="45.44944936" lon="15.23918606" >
      <name>rte1_770</name>
      <ele>170.00</ele>
    </rtept>
    <rtept lat="45.44951667" lon="15.23926945" >
      <name>rte1_771</name>
      <ele>170.00</ele>
    </rtept>
    <rtept lat="45.44958849" lon="15.23935285" >
      <name>rte1_772</name>
      <ele>170.00</ele>
    </rtept>
    <rtept lat="45.44966030" lon="15.23943626" >
      <name>rte1_773</name>
      <ele>170.00</ele>
    </rtept>
    <rtept lat="45.44973210" lon="15.23952606" >
      <name>rte1_774</name>
      <ele>170.00</ele>
    </rtept>
    <rtept lat="45.44980840" lon="15.23961588" >
      <name>rte1_775</name>
      <ele>170.00</ele>
    </rtept>
    <rtept lat="45.44988470" lon="15.23970569" >
      <name>rte1_776</name>
      <ele>170.40</ele>
    </rtept>
    <rtept lat="45.44996547" lon="15.23980832" >
      <name>rte1_777</name>
      <ele>170.20</ele>
    </rtept>
    <rtept lat="45.45001931" lon="15.23987886" >
      <name>rte1_778</name>
      <ele>170.20</ele>
    </rtept>
    <rtept lat="45.45007766" lon="15.23994303" >
      <name>rte1_779</name>
      <ele>170.40</ele>
    </rtept>
    <rtept lat="45.45013151" lon="15.24001358" >
      <name>rte1_780</name>
      <ele>170.40</ele>
    </rtept>
    <rtept lat="45.45018536" lon="15.24007773" >
      <name>rte1_781</name>
      <ele>168.80</ele>
    </rtept>
    <rtept lat="45.45023922" lon="15.24014189" >
      <name>rte1_782</name>
      <ele>168.80</ele>
    </rtept>
    <rtept lat="45.45028859" lon="15.24019963" >
      <name>rte1_783</name>
      <ele>170.00</ele>
    </rtept>
    <rtept lat="45.45034246" lon="15.24025739" >
      <name>rte1_784</name>
      <ele>170.00</ele>
    </rtept>
    <rtept lat="45.45039183" lon="15.24031513" >
      <name>rte1_785</name>
      <ele>170.00</ele>
    </rtept>
    <rtept lat="45.45043670" lon="15.24037286" >
      <name>rte1_786</name>
      <ele>170.00</ele>
    </rtept>
    <rtept lat="45.45048608" lon="15.24042421" >
      <name>rte1_787</name>
      <ele>167.80</ele>
    </rtept>
    <rtept lat="45.45053545" lon="15.24048195" >
      <name>rte1_788</name>
      <ele>167.50</ele>
    </rtept>
    <rtept lat="45.45058033" lon="15.24053328" >
      <name>rte1_789</name>
      <ele>167.50</ele>
    </rtept>
    <rtept lat="45.45062972" lon="15.24058463" >
      <name>rte1_790</name>
      <ele>167.50</ele>
    </rtept>
    <rtept lat="45.45067460" lon="15.24063597" >
      <name>rte1_791</name>
      <ele>167.50</ele>
    </rtept>
    <rtept lat="45.45072399" lon="15.24068732" >
      <name>rte1_792</name>
      <ele>167.60</ele>
    </rtept>
    <rtept lat="45.45076888" lon="15.24073226" >
      <name>rte1_793</name>
      <ele>165.00</ele>
    </rtept>
    <rtept lat="45.45081827" lon="15.24078361" >
      <name>rte1_794</name>
      <ele>165.00</ele>
    </rtept>
    <rtept lat="45.45086316" lon="15.24082855" >
      <name>rte1_795</name>
      <ele>165.00</ele>
    </rtept>
    <rtept lat="45.45091255" lon="15.24087990" >
      <name>rte1_796</name>
      <ele>165.00</ele>
    </rtept>
    <rtept lat="45.45096194" lon="15.24092486" >
      <name>rte1_797</name>
      <ele>165.00</ele>
    </rtept>
    <rtept lat="45.45101134" lon="15.24096982" >
      <name>rte1_798</name>
      <ele>165.00</ele>
    </rtept>
    <rtept lat="45.45106072" lon="15.24102117" >
      <name>rte1_799</name>
      <ele>165.00</ele>
    </rtept>
    <rtept lat="45.45111462" lon="15.24106615" >
      <name>rte1_800</name>
      <ele>165.00</ele>
    </rtept>
    <rtept lat="45.45116850" lon="15.24111752" >
      <name>rte1_801</name>
      <ele>165.00</ele>
    </rtept>
    <rtept lat="45.45122240" lon="15.24116250" >
      <name>rte1_802</name>
      <ele>165.00</ele>
    </rtept>
    <rtept lat="45.45127628" lon="15.24121387" >
      <name>rte1_803</name>
      <ele>165.00</ele>
    </rtept>
    <rtept lat="45.45133468" lon="15.24125887" >
      <name>rte1_804</name>
      <ele>165.00</ele>
    </rtept>
    <rtept lat="45.45139306" lon="15.24131026" >
      <name>rte1_805</name>
      <ele>167.59</ele>
    </rtept>
    <rtept lat="45.45145144" lon="15.24136165" >
      <name>rte1_806</name>
      <ele>165.00</ele>
    </rtept>
    <rtept lat="45.45151432" lon="15.24141306" >
      <name>rte1_807</name>
      <ele>165.00</ele>
    </rtept>
    <rtept lat="45.45158170" lon="15.24146449" >
      <name>rte1_808</name>
      <ele>165.00</ele>
    </rtept>
    <rtept lat="45.45164907" lon="15.24152231" >
      <name>rte1_809</name>
      <ele>165.00</ele>
    </rtept>
    <rtept lat="45.45321256" lon="15.24258383" >
      <name>rte1_810</name>
      <ele>182.21</ele>
    </rtept>
    <rtept lat="45.45327988" lon="15.24266083" >
      <name>rte1_811</name>
      <ele>169.60</ele>
    </rtept>
    <rtept lat="45.45331578" lon="15.24270574" >
      <name>rte1_812</name>
      <ele>169.60</ele>
    </rtept>
    <rtept lat="45.45335169" lon="15.24274425" >
      <name>rte1_813</name>
      <ele>169.60</ele>
    </rtept>
    <rtept lat="45.45341900" lon="15.24282765" >
      <name>rte1_814</name>
      <ele>176.74</ele>
    </rtept>
    <rtept lat="45.45345490" lon="15.24287255" >
      <name>rte1_815</name>
      <ele>176.74</ele>
    </rtept>
    <rtept lat="45.45349081" lon="15.24291106" >
      <name>rte1_816</name>
      <ele>176.74</ele>
    </rtept>
    <rtept lat="45.45352671" lon="15.24295597" >
      <name>rte1_817</name>
      <ele>176.74</ele>
    </rtept>
    <rtept lat="45.45356259" lon="15.24300726" >
      <name>rte1_818</name>
      <ele>176.00</ele>
    </rtept>
    <rtept lat="45.45359849" lon="15.24305217" >
      <name>rte1_819</name>
      <ele>176.00</ele>
    </rtept>
    <rtept lat="45.45363438" lon="15.24310347" >
      <name>rte1_820</name>
      <ele>185.93</ele>
    </rtept>
    <rtept lat="45.45367475" lon="15.24316117" >
      <name>rte1_821</name>
      <ele>185.93</ele>
    </rtept>
    <rtept lat="45.45371063" lon="15.24321247" >
      <name>rte1_822</name>
      <ele>185.93</ele>
    </rtept>
    <rtept lat="45.45375099" lon="15.24327657" >
      <name>rte1_823</name>
      <ele>185.93</ele>
    </rtept>
    <rtept lat="45.45379134" lon="15.24334068" >
      <name>rte1_824</name>
      <ele>179.06</ele>
    </rtept>
    <rtept lat="45.45384514" lon="15.24343041" >
      <name>rte1_825</name>
      <ele>179.06</ele>
    </rtept>
    <rtept lat="45.45389446" lon="15.24351373" >
      <name>rte1_826</name>
      <ele>185.14</ele>
    </rtept>
    <rtept lat="45.45394377" lon="15.24359705" >
      <name>rte1_827</name>
      <ele>185.14</ele>
    </rtept>
    <rtept lat="45.45399310" lon="15.24367398" >
      <name>rte1_828</name>
      <ele>179.17</ele>
    </rtept>
    <rtept lat="45.45403792" lon="15.24375088" >
      <name>rte1_829</name>
      <ele>179.17</ele>
    </rtept>
    <rtept lat="45.45408275" lon="15.24382779" >
      <name>rte1_830</name>
      <ele>190.00</ele>
    </rtept>
    <rtept lat="45.45412759" lon="15.24389831" >
      <name>rte1_831</name>
      <ele>190.00</ele>
    </rtept>
    <rtept lat="45.45417243" lon="15.24396882" >
      <name>rte1_832</name>
      <ele>188.42</ele>
    </rtept>
    <rtept lat="45.45421276" lon="15.24404571" >
      <name>rte1_833</name>
      <ele>188.42</ele>
    </rtept>
    <rtept lat="45.45425760" lon="15.24411623" >
      <name>rte1_834</name>
      <ele>188.42</ele>
    </rtept>
    <rtept lat="45.45430243" lon="15.24419314" >
      <name>rte1_835</name>
      <ele>188.42</ele>
    </rtept>
    <rtept lat="45.45434724" lon="15.24427644" >
      <name>rte1_836</name>
      <ele>190.00</ele>
    </rtept>
    <rtept lat="45.45439206" lon="15.24435974" >
      <name>rte1_837</name>
      <ele>190.00</ele>
    </rtept>
    <rtept lat="45.45444137" lon="15.24444306" >
      <name>rte1_838</name>
      <ele>190.00</ele>
    </rtept>
    <rtept lat="45.45449065" lon="15.24453917" >
      <name>rte1_839</name>
      <ele>190.00</ele>
    </rtept>
    <rtept lat="45.45454443" lon="15.24464169" >
      <name>rte1_840</name>
      <ele>190.00</ele>
    </rtept>
    <rtept lat="45.45458474" lon="15.24472497" >
      <name>rte1_841</name>
      <ele>190.00</ele>
    </rtept>
    <rtept lat="45.45462504" lon="15.24481465" >
      <name>rte1_842</name>
      <ele>190.00</ele>
    </rtept>
    <rtept lat="45.45466085" lon="15.24489791" >
      <name>rte1_843</name>
      <ele>178.34</ele>
    </rtept>
    <rtept lat="45.45469218" lon="15.24497476" >
      <name>rte1_844</name>
      <ele>178.34</ele>
    </rtept>
    <rtept lat="45.45472350" lon="15.24505801" >
      <name>rte1_845</name>
      <ele>178.34</ele>
    </rtept>
    <rtept lat="45.45475033" lon="15.24513484" >
      <name>rte1_846</name>
      <ele>178.34</ele>
    </rtept>
    <rtept lat="45.45477716" lon="15.24521167" >
      <name>rte1_847</name>
      <ele>179.09</ele>
    </rtept>
    <rtept lat="45.45480399" lon="15.24528850" >
      <name>rte1_848</name>
      <ele>179.09</ele>
    </rtept>
    <rtept lat="45.45483082" lon="15.24536533" >
      <name>rte1_849</name>
      <ele>179.09</ele>
    </rtept>
    <rtept lat="45.45485765" lon="15.24544217" >
      <name>rte1_850</name>
      <ele>179.09</ele>
    </rtept>
    <rtept lat="45.45488899" lon="15.24551262" >
      <name>rte1_851</name>
      <ele>179.09</ele>
    </rtept>
    <rtept lat="45.45492032" lon="15.24558948" >
      <name>rte1_852</name>
      <ele>175.74</ele>
    </rtept>
    <rtept lat="45.45496063" lon="15.24567276" >
      <name>rte1_853</name>
      <ele>175.74</ele>
    </rtept>
    <rtept lat="45.45500096" lon="15.24574965" >
      <name>rte1_854</name>
      <ele>179.61</ele>
    </rtept>
    <rtept lat="45.45504577" lon="15.24583296" >
      <name>rte1_855</name>
      <ele>179.61</ele>
    </rtept>
    <rtept lat="45.45509958" lon="15.24591630" >
      <name>rte1_856</name>
      <ele>170.00</ele>
    </rtept>
    <rtept lat="45.45513995" lon="15.24597401" >
      <name>rte1_857</name>
      <ele>170.00</ele>
    </rtept>
    <rtept lat="45.45518480" lon="15.24603814" >
      <name>rte1_858</name>
      <ele>170.00</ele>
    </rtept>
    <rtept lat="45.45522968" lon="15.24608948" >
      <name>rte1_859</name>
      <ele>170.00</ele>
    </rtept>
    <rtept lat="45.45527457" lon="15.24614082" >
      <name>rte1_860</name>
      <ele>170.00</ele>
    </rtept>
    <rtept lat="45.45531946" lon="15.24618577" >
      <name>rte1_861</name>
      <ele>170.00</ele>
    </rtept>
    <rtept lat="45.45536437" lon="15.24622432" >
      <name>rte1_862</name>
      <ele>170.00</ele>
    </rtept>
    <rtept lat="45.45540928" lon="15.24626287" >
      <name>rte1_863</name>
      <ele>170.00</ele>
    </rtept>
    <rtept lat="45.45545422" lon="15.24628864" >
      <name>rte1_864</name>
      <ele>170.00</ele>
    </rtept>
    <rtept lat="45.45550364" lon="15.24632082" >
      <name>rte1_865</name>
      <ele>170.00</ele>
    </rtept>
    <rtept lat="45.45555309" lon="15.24634022" >
      <name>rte1_866</name>
      <ele>170.00</ele>
    </rtept>
    <rtept lat="45.45560254" lon="15.24635962" >
      <name>rte1_867</name>
      <ele>170.00</ele>
    </rtept>
    <rtept lat="45.45565650" lon="15.24637264" >
      <name>rte1_868</name>
      <ele>170.00</ele>
    </rtept>
    <rtept lat="45.45571047" lon="15.24638566" >
      <name>rte1_869</name>
      <ele>170.00</ele>
    </rtept>
    <rtept lat="45.45576894" lon="15.24639231" >
      <name>rte1_870</name>
      <ele>170.00</ele>
    </rtept>
    <rtept lat="45.45582742" lon="15.24639896" >
      <name>rte1_871</name>
      <ele>170.00</ele>
    </rtept>
    <rtept lat="45.45589041" lon="15.24639924" >
      <name>rte1_872</name>
      <ele>170.00</ele>
    </rtept>
    <rtept lat="45.45618668" lon="15.24671380" >
      <name>rte1_873</name>
      <ele>170.00</ele>
    </rtept>
    <rtept lat="45.45620909" lon="15.24675225" >
      <name>rte1_874</name>
      <ele>170.00</ele>
    </rtept>
    <rtept lat="45.45637966" lon="15.24693840" >
      <name>rte1_875</name>
      <ele>171.06</ele>
    </rtept>
    <rtept lat="45.45655920" lon="15.24713738" >
      <name>rte1_876</name>
      <ele>176.83</ele>
    </rtept>
    <rtept lat="45.45690901" lon="15.24765676" >
      <name>rte1_877</name>
      <ele>178.62</ele>
    </rtept>
    <rtept lat="45.45707431" lon="15.24819451" >
      <name>rte1_878</name>
      <ele>176.48</ele>
    </rtept>
    <rtept lat="45.45727616" lon="15.24847670" >
      <name>rte1_879</name>
      <ele>183.85</ele>
    </rtept>
    <rtept lat="45.45733447" lon="15.24856007" >
      <name>rte1_880</name>
      <ele>183.85</ele>
    </rtept>
    <rtept lat="45.45739279" lon="15.24863705" >
      <name>rte1_881</name>
      <ele>183.85</ele>
    </rtept>
    <rtept lat="45.45744660" lon="15.24872040" >
      <name>rte1_882</name>
      <ele>191.05</ele>
    </rtept>
    <rtept lat="45.45750042" lon="15.24879735" >
      <name>rte1_883</name>
      <ele>188.35</ele>
    </rtept>
    <rtept lat="45.45754974" lon="15.24887429" >
      <name>rte1_884</name>
      <ele>188.35</ele>
    </rtept>
    <rtept lat="45.45760358" lon="15.24894485" >
      <name>rte1_885</name>
      <ele>188.35</ele>
    </rtept>
    <rtept lat="45.45764840" lon="15.24902177" >
      <name>rte1_886</name>
      <ele>188.35</ele>
    </rtept>
    <rtept lat="45.45769773" lon="15.24909871" >
      <name>rte1_887</name>
      <ele>187.07</ele>
    </rtept>
    <rtept lat="45.45774705" lon="15.24917565" >
      <name>rte1_888</name>
      <ele>187.07</ele>
    </rtept>
    <rtept lat="45.45779636" lon="15.24925898" >
      <name>rte1_889</name>
      <ele>187.07</ele>
    </rtept>
    <rtept lat="45.45784567" lon="15.24934231" >
      <name>rte1_890</name>
      <ele>187.07</ele>
    </rtept>
    <rtept lat="45.45789498" lon="15.24942564" >
      <name>rte1_891</name>
      <ele>186.96</ele>
    </rtept>
    <rtept lat="45.45794877" lon="15.24951538" >
      <name>rte1_892</name>
      <ele>186.96</ele>
    </rtept>
    <rtept lat="45.45800255" lon="15.24961152" >
      <name>rte1_893</name>
      <ele>186.96</ele>
    </rtept>
    <rtept lat="45.45805633" lon="15.24970766" >
      <name>rte1_894</name>
      <ele>182.45</ele>
    </rtept>
    <rtept lat="45.45808771" lon="15.24975894" >
      <name>rte1_895</name>
      <ele>182.45</ele>
    </rtept>
    <rtept lat="45.45811908" lon="15.24981662" >
      <name>rte1_896</name>
      <ele>184.30</ele>
    </rtept>
    <rtept lat="45.45815044" lon="15.24988069" >
      <name>rte1_897</name>
      <ele>184.30</ele>
    </rtept>
    <rtept lat="45.45818629" lon="15.24994479" >
      <name>rte1_898</name>
      <ele>184.30</ele>
    </rtept>
    <rtept lat="45.45822216" lon="15.25000249" >
      <name>rte1_899</name>
      <ele>184.30</ele>
    </rtept>
    <rtept lat="45.45825352" lon="15.25006017" >
      <name>rte1_900</name>
      <ele>180.00</ele>
    </rtept>
    <rtept lat="45.45828489" lon="15.25011784" >
      <name>rte1_901</name>
      <ele>180.00</ele>
    </rtept>
    <rtept lat="45.45831626" lon="15.25017552" >
      <name>rte1_902</name>
      <ele>180.00</ele>
    </rtept>
    <rtept lat="45.45834763" lon="15.25023320" >
      <name>rte1_903</name>
      <ele>180.14</ele>
    </rtept>
    <rtept lat="45.45837899" lon="15.25029088" >
      <name>rte1_904</name>
      <ele>180.14</ele>
    </rtept>
    <rtept lat="45.45840588" lon="15.25034215" >
      <name>rte1_905</name>
      <ele>181.60</ele>
    </rtept>
    <rtept lat="45.45843726" lon="15.25039343" >
      <name>rte1_906</name>
      <ele>181.60</ele>
    </rtept>
    <rtept lat="45.45849102" lon="15.25049597" >
      <name>rte1_907</name>
      <ele>181.60</ele>
    </rtept>
    <rtept lat="45.45852241" lon="15.25054725" >
      <name>rte1_908</name>
      <ele>181.60</ele>
    </rtept>
    <rtept lat="45.45854929" lon="15.25059852" >
      <name>rte1_909</name>
      <ele>181.60</ele>
    </rtept>
    <rtept lat="45.45857617" lon="15.25064979" >
      <name>rte1_910</name>
      <ele>183.66</ele>
    </rtept>
    <rtept lat="45.45859854" lon="15.25070743" >
      <name>rte1_911</name>
      <ele>185.00</ele>
    </rtept>
    <rtept lat="45.45865230" lon="15.25080996" >
      <name>rte1_912</name>
      <ele>185.00</ele>
    </rtept>
    <rtept lat="45.45870157" lon="15.25091247" >
      <name>rte1_913</name>
      <ele>185.00</ele>
    </rtept>
    <rtept lat="45.45872844" lon="15.25097013" >
      <name>rte1_914</name>
      <ele>185.00</ele>
    </rtept>
    <rtept lat="45.45875531" lon="15.25102779" >
      <name>rte1_915</name>
      <ele>184.77</ele>
    </rtept>
    <rtept lat="45.45877769" lon="15.25107904" >
      <name>rte1_916</name>
      <ele>184.77</ele>
    </rtept>
    <rtept lat="45.45880454" lon="15.25114309" >
      <name>rte1_917</name>
      <ele>185.00</ele>
    </rtept>
    <rtept lat="45.45883141" lon="15.25120075" >
      <name>rte1_918</name>
      <ele>185.00</ele>
    </rtept>
    <rtept lat="45.45885378" lon="15.25125839" >
      <name>rte1_919</name>
      <ele>185.00</ele>
    </rtept>
    <rtept lat="45.45888063" lon="15.25132245" >
      <name>rte1_920</name>
      <ele>185.00</ele>
    </rtept>
    <rtept lat="45.45890749" lon="15.25138650" >
      <name>rte1_921</name>
      <ele>185.00</ele>
    </rtept>
    <rtept lat="45.45893433" lon="15.25145695" >
      <name>rte1_922</name>
      <ele>185.00</ele>
    </rtept>
    <rtept lat="45.45895667" lon="15.25152737" >
      <name>rte1_923</name>
      <ele>185.00</ele>
    </rtept>
    <rtept lat="45.45898351" lon="15.25159782" >
      <name>rte1_924</name>
      <ele>185.00</ele>
    </rtept>
    <rtept lat="45.45901483" lon="15.25167468" >
      <name>rte1_925</name>
      <ele>188.53</ele>
    </rtept>
    <rtept lat="45.45904163" lon="15.25176431" >
      <name>rte1_926</name>
      <ele>188.53</ele>
    </rtept>
    <rtept lat="45.45907294" lon="15.25184756" >
      <name>rte1_927</name>
      <ele>188.53</ele>
    </rtept>
    <rtept lat="45.45909974" lon="15.25193719" >
      <name>rte1_928</name>
      <ele>189.39</ele>
    </rtept>
    <rtept lat="45.45912205" lon="15.25202040" >
      <name>rte1_929</name>
      <ele>189.39</ele>
    </rtept>
    <rtept lat="45.45913986" lon="15.25210360" >
      <name>rte1_930</name>
      <ele>189.39</ele>
    </rtept>
    <rtept lat="45.45916217" lon="15.25218681" >
      <name>rte1_931</name>
      <ele>189.39</ele>
    </rtept>
    <rtept lat="45.45917548" lon="15.25226999" >
      <name>rte1_932</name>
      <ele>190.00</ele>
    </rtept>
    <rtept lat="45.45919330" lon="15.25235318" >
      <name>rte1_933</name>
      <ele>190.00</ele>
    </rtept>
    <rtept lat="45.45920212" lon="15.25242994" >
      <name>rte1_934</name>
      <ele>190.00</ele>
    </rtept>
    <rtept lat="45.45921544" lon="15.25251311" >
      <name>rte1_935</name>
      <ele>190.00</ele>
    </rtept>
    <rtept lat="45.45922426" lon="15.25258987" >
      <name>rte1_936</name>
      <ele>186.48</ele>
    </rtept>
    <rtept lat="45.45923309" lon="15.25266663" >
      <name>rte1_937</name>
      <ele>186.48</ele>
    </rtept>
    <rtept lat="45.45924190" lon="15.25274979" >
      <name>rte1_938</name>
      <ele>188.94</ele>
    </rtept>
    <rtept lat="45.45924623" lon="15.25282653" >
      <name>rte1_939</name>
      <ele>188.94</ele>
    </rtept>
    <rtept lat="45.45925506" lon="15.25290329" >
      <name>rte1_940</name>
      <ele>185.15</ele>
    </rtept>
    <rtept lat="45.45925939" lon="15.25298003" >
      <name>rte1_941</name>
      <ele>185.15</ele>
    </rtept>
    <rtept lat="45.45926370" lon="15.25306316" >
      <name>rte1_942</name>
      <ele>185.15</ele>
    </rtept>
    <rtept lat="45.45926803" lon="15.25313990" >
      <name>rte1_943</name>
      <ele>185.15</ele>
    </rtept>
    <rtept lat="45.45927236" lon="15.25321664" >
      <name>rte1_944</name>
      <ele>186.80</ele>
    </rtept>
    <rtept lat="45.45927667" lon="15.25329978" >
      <name>rte1_945</name>
      <ele>186.80</ele>
    </rtept>
    <rtept lat="45.45927649" lon="15.25338289" >
      <name>rte1_946</name>
      <ele>186.80</ele>
    </rtept>
    <rtept lat="45.45928080" lon="15.25346602" >
      <name>rte1_947</name>
      <ele>186.80</ele>
    </rtept>
    <rtept lat="45.45928961" lon="15.25354918" >
      <name>rte1_948</name>
      <ele>188.87</ele>
    </rtept>
    <rtept lat="45.45929393" lon="15.25363231" >
      <name>rte1_949</name>
      <ele>188.87</ele>
    </rtept>
    <rtept lat="45.45929822" lon="15.25372184" >
      <name>rte1_950</name>
      <ele>188.87</ele>
    </rtept>
    <rtept lat="45.45930704" lon="15.25380499" >
      <name>rte1_951</name>
      <ele>188.87</ele>
    </rtept>
    <rtept lat="45.45931584" lon="15.25389454" >
      <name>rte1_952</name>
      <ele>188.90</ele>
    </rtept>
    <rtept lat="45.45932462" lon="15.25399048" >
      <name>rte1_953</name>
      <ele>188.90</ele>
    </rtept>
    <rtept lat="45.45933342" lon="15.25408003" >
      <name>rte1_954</name>
      <ele>188.90</ele>
    </rtept>
    <rtept lat="45.45934670" lon="15.25417599" >
      <name>rte1_955</name>
      <ele>187.10</ele>
    </rtept>
    <rtept lat="45.45935997" lon="15.25427834" >
      <name>rte1_956</name>
      <ele>187.10</ele>
    </rtept>
    <rtept lat="45.45937774" lon="15.25438072" >
      <name>rte1_957</name>
      <ele>187.10</ele>
    </rtept>
    <rtept lat="45.45939102" lon="15.25447668" >
      <name>rte1_958</name>
      <ele>187.10</ele>
    </rtept>
    <rtept lat="45.45940880" lon="15.25457266" >
      <name>rte1_959</name>
      <ele>185.00</ele>
    </rtept>
    <rtept lat="45.45943560" lon="15.25466229" >
      <name>rte1_960</name>
      <ele>185.00</ele>
    </rtept>
    <rtept lat="45.45948487" lon="15.25475841" >
      <name>rte1_961</name>
      <ele>185.00</ele>
    </rtept>
    <rtept lat="45.45954772" lon="15.25482263" >
      <name>rte1_962</name>
      <ele>183.50</ele>
    </rtept>
    <rtept lat="45.45958818" lon="15.25483560" >
      <name>rte1_963</name>
      <ele>183.50</ele>
    </rtept>
    <rtept lat="45.45963764" lon="15.25484861" >
      <name>rte1_964</name>
      <ele>183.50</ele>
    </rtept>
    <rtept lat="45.45968264" lon="15.25484882" >
      <name>rte1_965</name>
      <ele>183.70</ele>
    </rtept>
    <rtept lat="45.45973213" lon="15.25484904" >
      <name>rte1_966</name>
      <ele>183.70</ele>
    </rtept>
    <rtept lat="45.45981761" lon="15.25484943" >
      <name>rte1_967</name>
      <ele>183.70</ele>
    </rtept>
    <rtept lat="45.45990310" lon="15.25484982" >
      <name>rte1_968</name>
      <ele>183.70</ele>
    </rtept>
    <rtept lat="45.45997960" lon="15.25484377" >
      <name>rte1_969</name>
      <ele>183.40</ele>
    </rtept>
    <rtept lat="45.46005612" lon="15.25483133" >
      <name>rte1_970</name>
      <ele>183.40</ele>
    </rtept>
    <rtept lat="45.46013263" lon="15.25481889" >
      <name>rte1_971</name>
      <ele>182.30</ele>
    </rtept>
    <rtept lat="45.46021816" lon="15.25480010" >
      <name>rte1_972</name>
      <ele>183.50</ele>
    </rtept>
    <rtept lat="45.46025868" lon="15.25478750" >
      <name>rte1_973</name>
      <ele>183.50</ele>
    </rtept>
    <rtept lat="45.46030819" lon="15.25478133" >
      <name>rte1_974</name>
      <ele>183.50</ele>
    </rtept>
  </rte>
</gpx>
