<?xml version="1.0" encoding="UTF-8" standalone="no" ?>
<gpx xmlns="http://www.topografix.com/GPX/1/1"
creator="OCAD 2020.5.5.3227" version="1.1"
xmlns:xsi="http://www.w3.org/2001/XMLSchema-instance" 
xsi:schemaLocation="http://www.topografix.com/GPX/1/1 
http://www.topografix.com/GPX/1/1/gpx.xsd">

  <metadata>
    <name>Najjužnejša slovenska pešpot od Radencev do Damlja</name>
    <desc>Bela krajina - Najjužnejša slovenska pešpot od Radencev do Damlja</desc>
    <time>2020-11-05T08:35:19</time>
    <bounds maxlat="45.86687249" maxlon="15.60571704" minlat="45.32979540" minlon="14.93303760"/>
  </metadata>

  <rte>
    <name>rte1</name>
    <cmt>pohodne poti za izris profilov</cmt>
    <rtept lat="45.46741935" lon="15.09196332" >
      <name>rte1_0</name>
      <ele>200.00</ele>
    </rtept>
    <rtept lat="45.46741032" lon="15.09199528" >
      <name>rte1_1</name>
      <ele>200.00</ele>
    </rtept>
    <rtept lat="45.46736966" lon="15.09219983" >
      <name>rte1_2</name>
      <ele>200.00</ele>
    </rtept>
    <rtept lat="45.46734696" lon="15.09244278" >
      <name>rte1_3</name>
      <ele>200.00</ele>
    </rtept>
    <rtept lat="45.46731977" lon="15.09268571" >
      <name>rte1_4</name>
      <ele>200.00</ele>
    </rtept>
    <rtept lat="45.46727460" lon="15.09290304" >
      <name>rte1_5</name>
      <ele>199.20</ele>
    </rtept>
    <rtept lat="45.46719796" lon="15.09307556" >
      <name>rte1_6</name>
      <ele>198.70</ele>
    </rtept>
    <rtept lat="45.46711234" lon="15.09324167" >
      <name>rte1_7</name>
      <ele>195.20</ele>
    </rtept>
    <rtept lat="45.46692778" lon="15.09335006" >
      <name>rte1_8</name>
      <ele>195.20</ele>
    </rtept>
    <rtept lat="45.46681524" lon="15.09341381" >
      <name>rte1_9</name>
      <ele>193.60</ele>
    </rtept>
    <rtept lat="45.46671623" lon="15.09345201" >
      <name>rte1_10</name>
      <ele>193.60</ele>
    </rtept>
    <rtept lat="45.46665750" lon="15.09373326" >
      <name>rte1_11</name>
      <ele>190.70</ele>
    </rtept>
    <rtept lat="45.46662594" lon="15.09381633" >
      <name>rte1_12</name>
      <ele>190.70</ele>
    </rtept>
    <rtept lat="45.46659437" lon="15.09390580" >
      <name>rte1_13</name>
      <ele>190.70</ele>
    </rtept>
    <rtept lat="45.46656730" lon="15.09399527" >
      <name>rte1_14</name>
      <ele>190.70</ele>
    </rtept>
    <rtept lat="45.46653573" lon="15.09407834" >
      <name>rte1_15</name>
      <ele>190.00</ele>
    </rtept>
    <rtept lat="45.46649966" lon="15.09416780" >
      <name>rte1_16</name>
      <ele>190.00</ele>
    </rtept>
    <rtept lat="45.46646809" lon="15.09426366" >
      <name>rte1_17</name>
      <ele>190.00</ele>
    </rtept>
    <rtept lat="45.46642751" lon="15.09436590" >
      <name>rte1_18</name>
      <ele>190.00</ele>
    </rtept>
    <rtept lat="45.46639142" lon="15.09448093" >
      <name>rte1_19</name>
      <ele>190.00</ele>
    </rtept>
    <rtept lat="45.46635988" lon="15.09453203" >
      <name>rte1_20</name>
      <ele>190.00</ele>
    </rtept>
    <rtept lat="45.46632834" lon="15.09457674" >
      <name>rte1_21</name>
      <ele>190.00</ele>
    </rtept>
    <rtept lat="45.46626528" lon="15.09465975" >
      <name>rte1_22</name>
      <ele>190.00</ele>
    </rtept>
    <rtept lat="45.46621572" lon="15.09474279" >
      <name>rte1_23</name>
      <ele>189.50</ele>
    </rtept>
    <rtept lat="45.46619312" lon="15.09486424" >
      <name>rte1_24</name>
      <ele>189.50</ele>
    </rtept>
    <rtept lat="45.46618406" lon="15.09493456" >
      <name>rte1_25</name>
      <ele>189.50</ele>
    </rtept>
    <rtept lat="45.46617951" lon="15.09499850" >
      <name>rte1_26</name>
      <ele>190.00</ele>
    </rtept>
    <rtept lat="45.46617046" lon="15.09506242" >
      <name>rte1_27</name>
      <ele>190.00</ele>
    </rtept>
    <rtept lat="45.46617040" lon="15.09512637" >
      <name>rte1_28</name>
      <ele>190.00</ele>
    </rtept>
    <rtept lat="45.46616131" lon="15.09524144" >
      <name>rte1_29</name>
      <ele>190.00</ele>
    </rtept>
    <rtept lat="45.46616121" lon="15.09535654" >
      <name>rte1_30</name>
      <ele>190.00</ele>
    </rtept>
    <rtept lat="45.46615661" lon="15.09547163" >
      <name>rte1_31</name>
      <ele>190.00</ele>
    </rtept>
    <rtept lat="45.46616101" lon="15.09559312" >
      <name>rte1_32</name>
      <ele>190.00</ele>
    </rtept>
    <rtept lat="45.46616090" lon="15.09572101" >
      <name>rte1_33</name>
      <ele>190.00</ele>
    </rtept>
    <rtept lat="45.46616534" lon="15.09579135" >
      <name>rte1_34</name>
      <ele>190.00</ele>
    </rtept>
    <rtept lat="45.46616977" lon="15.09586809" >
      <name>rte1_35</name>
      <ele>190.00</ele>
    </rtept>
    <rtept lat="45.46617419" lon="15.09596401" >
      <name>rte1_36</name>
      <ele>190.00</ele>
    </rtept>
    <rtept lat="45.46618311" lon="15.09605354" >
      <name>rte1_37</name>
      <ele>190.00</ele>
    </rtept>
    <rtept lat="45.46619654" lon="15.09613669" >
      <name>rte1_38</name>
      <ele>190.00</ele>
    </rtept>
    <rtept lat="45.46621446" lon="15.09621984" >
      <name>rte1_39</name>
      <ele>190.00</ele>
    </rtept>
    <rtept lat="45.46622790" lon="15.09629660" >
      <name>rte1_40</name>
      <ele>190.00</ele>
    </rtept>
    <rtept lat="45.46624132" lon="15.09637975" >
      <name>rte1_41</name>
      <ele>190.00</ele>
    </rtept>
    <rtept lat="45.46625474" lon="15.09646929" >
      <name>rte1_42</name>
      <ele>190.00</ele>
    </rtept>
    <rtept lat="45.46626365" lon="15.09657800" >
      <name>rte1_43</name>
      <ele>190.00</ele>
    </rtept>
    <rtept lat="45.46626359" lon="15.09664834" >
      <name>rte1_44</name>
      <ele>191.10</ele>
    </rtept>
    <rtept lat="45.46626802" lon="15.09672508" >
      <name>rte1_45</name>
      <ele>191.10</ele>
    </rtept>
    <rtept lat="45.46626796" lon="15.09679541" >
      <name>rte1_46</name>
      <ele>191.10</ele>
    </rtept>
    <rtept lat="45.46626790" lon="15.09686575" >
      <name>rte1_47</name>
      <ele>191.10</ele>
    </rtept>
    <rtept lat="45.46627234" lon="15.09692970" >
      <name>rte1_48</name>
      <ele>190.00</ele>
    </rtept>
    <rtept lat="45.46627228" lon="15.09700003" >
      <name>rte1_49</name>
      <ele>190.00</ele>
    </rtept>
    <rtept lat="45.46627217" lon="15.09712792" >
      <name>rte1_50</name>
      <ele>190.00</ele>
    </rtept>
    <rtept lat="45.46627207" lon="15.09724941" >
      <name>rte1_51</name>
      <ele>190.00</ele>
    </rtept>
    <rtept lat="45.46627196" lon="15.09737090" >
      <name>rte1_52</name>
      <ele>190.00</ele>
    </rtept>
    <rtept lat="45.46626736" lon="15.09748598" >
      <name>rte1_53</name>
      <ele>190.00</ele>
    </rtept>
    <rtept lat="45.46626726" lon="15.09760108" >
      <name>rte1_54</name>
      <ele>190.00</ele>
    </rtept>
    <rtept lat="45.46626716" lon="15.09772257" >
      <name>rte1_55</name>
      <ele>190.00</ele>
    </rtept>
    <rtept lat="45.46626256" lon="15.09783766" >
      <name>rte1_56</name>
      <ele>190.00</ele>
    </rtept>
    <rtept lat="45.46626245" lon="15.09795914" >
      <name>rte1_57</name>
      <ele>190.00</ele>
    </rtept>
    <rtept lat="45.46625784" lon="15.09808063" >
      <name>rte1_58</name>
      <ele>190.00</ele>
    </rtept>
    <rtept lat="45.46625773" lon="15.09820851" >
      <name>rte1_59</name>
      <ele>190.00</ele>
    </rtept>
    <rtept lat="45.46625762" lon="15.09833639" >
      <name>rte1_60</name>
      <ele>190.00</ele>
    </rtept>
    <rtept lat="45.46625756" lon="15.09840673" >
      <name>rte1_61</name>
      <ele>190.00</ele>
    </rtept>
    <rtept lat="45.46625750" lon="15.09847706" >
      <name>rte1_62</name>
      <ele>190.00</ele>
    </rtept>
    <rtept lat="45.46625743" lon="15.09855379" >
      <name>rte1_63</name>
      <ele>189.12</ele>
    </rtept>
    <rtept lat="45.46626186" lon="15.09863053" >
      <name>rte1_64</name>
      <ele>189.12</ele>
    </rtept>
    <rtept lat="45.46590619" lon="15.09889206" >
      <name>rte1_65</name>
      <ele>185.00</ele>
    </rtept>
    <rtept lat="45.46560932" lon="15.09879562" >
      <name>rte1_66</name>
      <ele>185.00</ele>
    </rtept>
    <rtept lat="45.46549224" lon="15.09890411" >
      <name>rte1_67</name>
      <ele>185.00</ele>
    </rtept>
    <rtept lat="45.46549632" lon="15.09937728" >
      <name>rte1_68</name>
      <ele>185.00</ele>
    </rtept>
    <rtept lat="45.46548273" lon="15.09947956" >
      <name>rte1_69</name>
      <ele>185.00</ele>
    </rtept>
    <rtept lat="45.46546913" lon="15.09959463" >
      <name>rte1_70</name>
      <ele>185.00</ele>
    </rtept>
    <rtept lat="45.46545103" lon="15.09971609" >
      <name>rte1_71</name>
      <ele>185.00</ele>
    </rtept>
    <rtept lat="45.46544197" lon="15.09978001" >
      <name>rte1_72</name>
      <ele>185.00</ele>
    </rtept>
    <rtept lat="45.46543291" lon="15.09985033" >
      <name>rte1_73</name>
      <ele>185.00</ele>
    </rtept>
    <rtept lat="45.46541032" lon="15.09995259" >
      <name>rte1_74</name>
      <ele>185.00</ele>
    </rtept>
    <rtept lat="45.46538324" lon="15.10004846" >
      <name>rte1_75</name>
      <ele>185.00</ele>
    </rtept>
    <rtept lat="45.46536066" lon="15.10014433" >
      <name>rte1_76</name>
      <ele>185.00</ele>
    </rtept>
    <rtept lat="45.46532909" lon="15.10022739" >
      <name>rte1_77</name>
      <ele>185.00</ele>
    </rtept>
    <rtept lat="45.46530202" lon="15.10031047" >
      <name>rte1_78</name>
      <ele>184.80</ele>
    </rtept>
    <rtept lat="45.46527496" lon="15.10038715" >
      <name>rte1_79</name>
      <ele>184.80</ele>
    </rtept>
    <rtept lat="45.46524339" lon="15.10046382" >
      <name>rte1_80</name>
      <ele>185.20</ele>
    </rtept>
    <rtept lat="45.46521183" lon="15.10054049" >
      <name>rte1_81</name>
      <ele>185.20</ele>
    </rtept>
    <rtept lat="45.46518027" lon="15.10061077" >
      <name>rte1_82</name>
      <ele>185.20</ele>
    </rtept>
    <rtept lat="45.46514871" lon="15.10068744" >
      <name>rte1_83</name>
      <ele>185.20</ele>
    </rtept>
    <rtept lat="45.46511265" lon="15.10076410" >
      <name>rte1_84</name>
      <ele>185.00</ele>
    </rtept>
    <rtept lat="45.46508108" lon="15.10084717" >
      <name>rte1_85</name>
      <ele>185.30</ele>
    </rtept>
    <rtept lat="45.46504951" lon="15.10093023" >
      <name>rte1_86</name>
      <ele>185.30</ele>
    </rtept>
    <rtept lat="45.46501793" lon="15.10101969" >
      <name>rte1_87</name>
      <ele>185.30</ele>
    </rtept>
    <rtept lat="45.46498635" lon="15.10111555" >
      <name>rte1_88</name>
      <ele>186.28</ele>
    </rtept>
    <rtept lat="45.46495926" lon="15.10122419" >
      <name>rte1_89</name>
      <ele>186.28</ele>
    </rtept>
    <rtept lat="45.46493668" lon="15.10131367" >
      <name>rte1_90</name>
      <ele>186.28</ele>
    </rtept>
    <rtept lat="45.46493210" lon="15.10140318" >
      <name>rte1_91</name>
      <ele>190.76</ele>
    </rtept>
    <rtept lat="45.46492752" lon="15.10148629" >
      <name>rte1_92</name>
      <ele>190.76</ele>
    </rtept>
    <rtept lat="45.46493195" lon="15.10156942" >
      <name>rte1_93</name>
      <ele>190.76</ele>
    </rtept>
    <rtept lat="45.46493187" lon="15.10165254" >
      <name>rte1_94</name>
      <ele>190.76</ele>
    </rtept>
    <rtept lat="45.46492280" lon="15.10173565" >
      <name>rte1_95</name>
      <ele>200.44</ele>
    </rtept>
    <rtept lat="45.46490023" lon="15.10181234" >
      <name>rte1_96</name>
      <ele>200.44</ele>
    </rtept>
    <rtept lat="45.46486416" lon="15.10189539" >
      <name>rte1_97</name>
      <ele>195.58</ele>
    </rtept>
    <rtept lat="45.46479660" lon="15.10197839" >
      <name>rte1_98</name>
      <ele>195.58</ele>
    </rtept>
    <rtept lat="45.46473354" lon="15.10205500" >
      <name>rte1_99</name>
      <ele>207.11</ele>
    </rtept>
    <rtept lat="45.46466600" lon="15.10210603" >
      <name>rte1_100</name>
      <ele>207.11</ele>
    </rtept>
    <rtept lat="45.46460297" lon="15.10215707" >
      <name>rte1_101</name>
      <ele>203.64</ele>
    </rtept>
    <rtept lat="45.46453543" lon="15.10220810" >
      <name>rte1_102</name>
      <ele>203.64</ele>
    </rtept>
    <rtept lat="45.46446789" lon="15.10225912" >
      <name>rte1_103</name>
      <ele>203.64</ele>
    </rtept>
    <rtept lat="45.46439585" lon="15.10231654" >
      <name>rte1_104</name>
      <ele>195.02</ele>
    </rtept>
    <rtept lat="45.46435982" lon="15.10235483" >
      <name>rte1_105</name>
      <ele>201.80</ele>
    </rtept>
    <rtept lat="45.46432379" lon="15.10239953" >
      <name>rte1_106</name>
      <ele>201.80</ele>
    </rtept>
    <rtept lat="45.46426075" lon="15.10245695" >
      <name>rte1_107</name>
      <ele>201.80</ele>
    </rtept>
    <rtept lat="45.46420670" lon="15.10252079" >
      <name>rte1_108</name>
      <ele>201.80</ele>
    </rtept>
    <rtept lat="45.46415715" lon="15.10257825" >
      <name>rte1_109</name>
      <ele>197.37</ele>
    </rtept>
    <rtept lat="45.46410761" lon="15.10263570" >
      <name>rte1_110</name>
      <ele>197.37</ele>
    </rtept>
    <rtept lat="45.46406257" lon="15.10268677" >
      <name>rte1_111</name>
      <ele>211.51</ele>
    </rtept>
    <rtept lat="45.46401752" lon="15.10274423" >
      <name>rte1_112</name>
      <ele>211.51</ele>
    </rtept>
    <rtept lat="45.46397248" lon="15.10279530" >
      <name>rte1_113</name>
      <ele>211.51</ele>
    </rtept>
    <rtept lat="45.46393194" lon="15.10284638" >
      <name>rte1_114</name>
      <ele>198.57</ele>
    </rtept>
    <rtept lat="45.46388690" lon="15.10290384" >
      <name>rte1_115</name>
      <ele>198.57</ele>
    </rtept>
    <rtept lat="45.46384186" lon="15.10295491" >
      <name>rte1_116</name>
      <ele>198.57</ele>
    </rtept>
    <rtept lat="45.46379682" lon="15.10300597" >
      <name>rte1_117</name>
      <ele>212.77</ele>
    </rtept>
    <rtept lat="45.46375177" lon="15.10306344" >
      <name>rte1_118</name>
      <ele>212.77</ele>
    </rtept>
    <rtept lat="45.46370223" lon="15.10312089" >
      <name>rte1_119</name>
      <ele>201.80</ele>
    </rtept>
    <rtept lat="45.46365268" lon="15.10317834" >
      <name>rte1_120</name>
      <ele>201.80</ele>
    </rtept>
    <rtept lat="45.46359864" lon="15.10323579" >
      <name>rte1_121</name>
      <ele>201.80</ele>
    </rtept>
    <rtept lat="45.46354009" lon="15.10329962" >
      <name>rte1_122</name>
      <ele>220.00</ele>
    </rtept>
    <rtept lat="45.46349506" lon="15.10333790" >
      <name>rte1_123</name>
      <ele>197.78</ele>
    </rtept>
    <rtept lat="45.46345453" lon="15.10337618" >
      <name>rte1_124</name>
      <ele>197.78</ele>
    </rtept>
    <rtept lat="45.46341401" lon="15.10340808" >
      <name>rte1_125</name>
      <ele>197.78</ele>
    </rtept>
    <rtept lat="45.46337348" lon="15.10343997" >
      <name>rte1_126</name>
      <ele>197.78</ele>
    </rtept>
    <rtept lat="45.46329694" lon="15.10349737" >
      <name>rte1_127</name>
      <ele>197.78</ele>
    </rtept>
    <rtept lat="45.46322491" lon="15.10354839" >
      <name>rte1_128</name>
      <ele>188.49</ele>
    </rtept>
    <rtept lat="45.46315287" lon="15.10360580" >
      <name>rte1_129</name>
      <ele>188.49</ele>
    </rtept>
    <rtept lat="45.46308082" lon="15.10366321" >
      <name>rte1_130</name>
      <ele>191.07</ele>
    </rtept>
    <rtept lat="45.46300877" lon="15.10373980" >
      <name>rte1_131</name>
      <ele>187.73</ele>
    </rtept>
    <rtept lat="45.46296823" lon="15.10378448" >
      <name>rte1_132</name>
      <ele>187.73</ele>
    </rtept>
    <rtept lat="45.46293219" lon="15.10383557" >
      <name>rte1_133</name>
      <ele>187.73</ele>
    </rtept>
    <rtept lat="45.46289615" lon="15.10388026" >
      <name>rte1_134</name>
      <ele>187.73</ele>
    </rtept>
    <rtept lat="45.46286011" lon="15.10393134" >
      <name>rte1_135</name>
      <ele>187.73</ele>
    </rtept>
    <rtept lat="45.46280153" lon="15.10402714" >
      <name>rte1_136</name>
      <ele>186.70</ele>
    </rtept>
    <rtept lat="45.46275195" lon="15.10412934" >
      <name>rte1_137</name>
      <ele>186.70</ele>
    </rtept>
    <rtept lat="45.46270686" lon="15.10422517" >
      <name>rte1_138</name>
      <ele>186.70</ele>
    </rtept>
    <rtept lat="45.46266627" lon="15.10432739" >
      <name>rte1_139</name>
      <ele>190.00</ele>
    </rtept>
    <rtept lat="45.46263468" lon="15.10442963" >
      <name>rte1_140</name>
      <ele>190.00</ele>
    </rtept>
    <rtept lat="45.46259860" lon="15.10453186" >
      <name>rte1_141</name>
      <ele>187.11</ele>
    </rtept>
    <rtept lat="45.46256700" lon="15.10463410" >
      <name>rte1_142</name>
      <ele>189.41</ele>
    </rtept>
    <rtept lat="45.46253541" lon="15.10473634" >
      <name>rte1_143</name>
      <ele>189.41</ele>
    </rtept>
    <rtept lat="45.46250382" lon="15.10483859" >
      <name>rte1_144</name>
      <ele>189.41</ele>
    </rtept>
    <rtept lat="45.46246324" lon="15.10493442" >
      <name>rte1_145</name>
      <ele>201.02</ele>
    </rtept>
    <rtept lat="45.46242265" lon="15.10503664" >
      <name>rte1_146</name>
      <ele>201.02</ele>
    </rtept>
    <rtept lat="45.46237757" lon="15.10513246" >
      <name>rte1_147</name>
      <ele>193.92</ele>
    </rtept>
    <rtept lat="45.46232349" lon="15.10522187" >
      <name>rte1_148</name>
      <ele>208.77</ele>
    </rtept>
    <rtept lat="45.46229196" lon="15.10526657" >
      <name>rte1_149</name>
      <ele>208.77</ele>
    </rtept>
    <rtept lat="45.46226041" lon="15.10531766" >
      <name>rte1_150</name>
      <ele>208.77</ele>
    </rtept>
    <rtept lat="45.46222438" lon="15.10536234" >
      <name>rte1_151</name>
      <ele>208.77</ele>
    </rtept>
    <rtept lat="45.46218834" lon="15.10540703" >
      <name>rte1_152</name>
      <ele>208.77</ele>
    </rtept>
    <rtept lat="45.46211628" lon="15.10548362" >
      <name>rte1_153</name>
      <ele>193.41</ele>
    </rtept>
    <rtept lat="45.46204423" lon="15.10555381" >
      <name>rte1_154</name>
      <ele>208.71</ele>
    </rtept>
    <rtept lat="45.46197666" lon="15.10563041" >
      <name>rte1_155</name>
      <ele>208.71</ele>
    </rtept>
    <rtept lat="45.46190911" lon="15.10570061" >
      <name>rte1_156</name>
      <ele>201.13</ele>
    </rtept>
    <rtept lat="45.46184606" lon="15.10576443" >
      <name>rte1_157</name>
      <ele>201.13</ele>
    </rtept>
    <rtept lat="45.46178300" lon="15.10583464" >
      <name>rte1_158</name>
      <ele>201.13</ele>
    </rtept>
    <rtept lat="45.46171995" lon="15.10589846" >
      <name>rte1_159</name>
      <ele>209.84</ele>
    </rtept>
    <rtept lat="45.46165691" lon="15.10595588" >
      <name>rte1_160</name>
      <ele>196.08</ele>
    </rtept>
    <rtept lat="45.46159836" lon="15.10601970" >
      <name>rte1_161</name>
      <ele>196.08</ele>
    </rtept>
    <rtept lat="45.46153531" lon="15.10607713" >
      <name>rte1_162</name>
      <ele>196.08</ele>
    </rtept>
    <rtept lat="45.46147677" lon="15.10612816" >
      <name>rte1_163</name>
      <ele>190.40</ele>
    </rtept>
    <rtept lat="45.46141823" lon="15.10618559" >
      <name>rte1_164</name>
      <ele>201.47</ele>
    </rtept>
    <rtept lat="45.46135969" lon="15.10623663" >
      <name>rte1_165</name>
      <ele>201.47</ele>
    </rtept>
    <rtept lat="45.46130114" lon="15.10629406" >
      <name>rte1_166</name>
      <ele>201.47</ele>
    </rtept>
    <rtept lat="45.46124261" lon="15.10634510" >
      <name>rte1_167</name>
      <ele>190.00</ele>
    </rtept>
    <rtept lat="45.46118407" lon="15.10638974" >
      <name>rte1_168</name>
      <ele>190.00</ele>
    </rtept>
    <rtept lat="45.46112553" lon="15.10644078" >
      <name>rte1_169</name>
      <ele>190.00</ele>
    </rtept>
    <rtept lat="45.46106249" lon="15.10649181" >
      <name>rte1_170</name>
      <ele>203.23</ele>
    </rtept>
    <rtept lat="45.46100396" lon="15.10653645" >
      <name>rte1_171</name>
      <ele>195.32</ele>
    </rtept>
    <rtept lat="45.46094093" lon="15.10658108" >
      <name>rte1_172</name>
      <ele>195.32</ele>
    </rtept>
    <rtept lat="45.46088239" lon="15.10663212" >
      <name>rte1_173</name>
      <ele>195.32</ele>
    </rtept>
    <rtept lat="45.46081936" lon="15.10667675" >
      <name>rte1_174</name>
      <ele>195.32</ele>
    </rtept>
    <rtept lat="45.46075632" lon="15.10672139" >
      <name>rte1_175</name>
      <ele>186.10</ele>
    </rtept>
    <rtept lat="45.46068879" lon="15.10676601" >
      <name>rte1_176</name>
      <ele>186.10</ele>
    </rtept>
    <rtept lat="45.46062125" lon="15.10681703" >
      <name>rte1_177</name>
      <ele>199.06</ele>
    </rtept>
    <rtept lat="45.46055372" lon="15.10686166" >
      <name>rte1_178</name>
      <ele>192.51</ele>
    </rtept>
    <rtept lat="45.46048619" lon="15.10690628" >
      <name>rte1_179</name>
      <ele>192.51</ele>
    </rtept>
    <rtept lat="45.46041416" lon="15.10695090" >
      <name>rte1_180</name>
      <ele>192.51</ele>
    </rtept>
    <rtept lat="45.46033762" lon="15.10700190" >
      <name>rte1_181</name>
      <ele>186.21</ele>
    </rtept>
    <rtept lat="45.46026559" lon="15.10704652" >
      <name>rte1_182</name>
      <ele>186.21</ele>
    </rtept>
    <rtept lat="45.46018456" lon="15.10709751" >
      <name>rte1_183</name>
      <ele>186.21</ele>
    </rtept>
    <rtept lat="45.46010802" lon="15.10714851" >
      <name>rte1_184</name>
      <ele>199.46</ele>
    </rtept>
    <rtept lat="45.46004049" lon="15.10719313" >
      <name>rte1_185</name>
      <ele>199.46</ele>
    </rtept>
    <rtept lat="45.45997745" lon="15.10723777" >
      <name>rte1_186</name>
      <ele>199.46</ele>
    </rtept>
    <rtept lat="45.45991892" lon="15.10728241" >
      <name>rte1_187</name>
      <ele>199.46</ele>
    </rtept>
    <rtept lat="45.45986039" lon="15.10732705" >
      <name>rte1_188</name>
      <ele>190.34</ele>
    </rtept>
    <rtept lat="45.45981085" lon="15.10737810" >
      <name>rte1_189</name>
      <ele>190.34</ele>
    </rtept>
    <rtept lat="45.45976131" lon="15.10742276" >
      <name>rte1_190</name>
      <ele>190.34</ele>
    </rtept>
    <rtept lat="45.45971177" lon="15.10747381" >
      <name>rte1_191</name>
      <ele>202.84</ele>
    </rtept>
    <rtept lat="45.45966673" lon="15.10752487" >
      <name>rte1_192</name>
      <ele>197.83</ele>
    </rtept>
    <rtept lat="45.45962169" lon="15.10757593" >
      <name>rte1_193</name>
      <ele>197.83</ele>
    </rtept>
    <rtept lat="45.45957664" lon="15.10763338" >
      <name>rte1_194</name>
      <ele>197.83</ele>
    </rtept>
    <rtept lat="45.45953159" lon="15.10769084" >
      <name>rte1_195</name>
      <ele>197.83</ele>
    </rtept>
    <rtept lat="45.45949104" lon="15.10775469" >
      <name>rte1_196</name>
      <ele>197.83</ele>
    </rtept>
    <rtept lat="45.45944598" lon="15.10782493" >
      <name>rte1_197</name>
      <ele>192.23</ele>
    </rtept>
    <rtept lat="45.45940541" lon="15.10790158" >
      <name>rte1_198</name>
      <ele>192.23</ele>
    </rtept>
    <rtept lat="45.45936034" lon="15.10797821" >
      <name>rte1_199</name>
      <ele>192.23</ele>
    </rtept>
    <rtept lat="45.45931976" lon="15.10806764" >
      <name>rte1_200</name>
      <ele>192.23</ele>
    </rtept>
    <rtept lat="45.45926568" lon="15.10816343" >
      <name>rte1_201</name>
      <ele>206.07</ele>
    </rtept>
    <rtept lat="45.45922059" lon="15.10825925" >
      <name>rte1_202</name>
      <ele>191.44</ele>
    </rtept>
    <rtept lat="45.45917101" lon="15.10834866" >
      <name>rte1_203</name>
      <ele>191.44</ele>
    </rtept>
    <rtept lat="45.45912594" lon="15.10843808" >
      <name>rte1_204</name>
      <ele>195.82</ele>
    </rtept>
    <rtept lat="45.45908086" lon="15.10852750" >
      <name>rte1_205</name>
      <ele>195.82</ele>
    </rtept>
    <rtept lat="45.45903578" lon="15.10861052" >
      <name>rte1_206</name>
      <ele>195.82</ele>
    </rtept>
    <rtept lat="45.45899071" lon="15.10869355" >
      <name>rte1_207</name>
      <ele>191.71</ele>
    </rtept>
    <rtept lat="45.45894564" lon="15.10877018" >
      <name>rte1_208</name>
      <ele>200.49</ele>
    </rtept>
    <rtept lat="45.45890057" lon="15.10885321" >
      <name>rte1_209</name>
      <ele>200.49</ele>
    </rtept>
    <rtept lat="45.45885551" lon="15.10892344" >
      <name>rte1_210</name>
      <ele>200.49</ele>
    </rtept>
    <rtept lat="45.45881044" lon="15.10900008" >
      <name>rte1_211</name>
      <ele>200.49</ele>
    </rtept>
    <rtept lat="45.45876988" lon="15.10907032" >
      <name>rte1_212</name>
      <ele>199.78</ele>
    </rtept>
    <rtept lat="45.45872482" lon="15.10914056" >
      <name>rte1_213</name>
      <ele>199.78</ele>
    </rtept>
    <rtept lat="45.45867976" lon="15.10921080" >
      <name>rte1_214</name>
      <ele>199.78</ele>
    </rtept>
    <rtept lat="45.45863470" lon="15.10928104" >
      <name>rte1_215</name>
      <ele>199.78</ele>
    </rtept>
    <rtept lat="45.45858964" lon="15.10934488" >
      <name>rte1_216</name>
      <ele>199.78</ele>
    </rtept>
    <rtept lat="45.45854008" lon="15.10941511" >
      <name>rte1_217</name>
      <ele>202.67</ele>
    </rtept>
    <rtept lat="45.45849502" lon="15.10947896" >
      <name>rte1_218</name>
      <ele>202.67</ele>
    </rtept>
    <rtept lat="45.45844547" lon="15.10954279" >
      <name>rte1_219</name>
      <ele>202.67</ele>
    </rtept>
    <rtept lat="45.45839592" lon="15.10960023" >
      <name>rte1_220</name>
      <ele>202.67</ele>
    </rtept>
    <rtept lat="45.45834637" lon="15.10966407" >
      <name>rte1_221</name>
      <ele>202.67</ele>
    </rtept>
    <rtept lat="45.45829231" lon="15.10972789" >
      <name>rte1_222</name>
      <ele>197.68</ele>
    </rtept>
    <rtept lat="45.45823827" lon="15.10978533" >
      <name>rte1_223</name>
      <ele>197.68</ele>
    </rtept>
    <rtept lat="45.45818421" lon="15.10984915" >
      <name>rte1_224</name>
      <ele>197.68</ele>
    </rtept>
    <rtept lat="45.45812567" lon="15.10990658" >
      <name>rte1_225</name>
      <ele>197.68</ele>
    </rtept>
    <rtept lat="45.45806711" lon="15.10997039" >
      <name>rte1_226</name>
      <ele>189.78</ele>
    </rtept>
    <rtept lat="45.45800856" lon="15.11002782" >
      <name>rte1_227</name>
      <ele>202.53</ele>
    </rtept>
    <rtept lat="45.45794551" lon="15.11009163" >
      <name>rte1_228</name>
      <ele>202.53</ele>
    </rtept>
    <rtept lat="45.45787797" lon="15.11014903" >
      <name>rte1_229</name>
      <ele>197.64</ele>
    </rtept>
    <rtept lat="45.45781041" lon="15.11021283" >
      <name>rte1_230</name>
      <ele>197.64</ele>
    </rtept>
    <rtept lat="45.45774286" lon="15.11027663" >
      <name>rte1_231</name>
      <ele>197.64</ele>
    </rtept>
    <rtept lat="45.45767081" lon="15.11034042" >
      <name>rte1_232</name>
      <ele>205.98</ele>
    </rtept>
    <rtept lat="45.45758976" lon="15.11040419" >
      <name>rte1_233</name>
      <ele>194.98</ele>
    </rtept>
    <rtept lat="45.45751771" lon="15.11046798" >
      <name>rte1_234</name>
      <ele>194.98</ele>
    </rtept>
    <rtept lat="45.45744566" lon="15.11052537" >
      <name>rte1_235</name>
      <ele>194.98</ele>
    </rtept>
    <rtept lat="45.45737361" lon="15.11058916" >
      <name>rte1_236</name>
      <ele>190.88</ele>
    </rtept>
    <rtept lat="45.45730607" lon="15.11064657" >
      <name>rte1_237</name>
      <ele>198.07</ele>
    </rtept>
    <rtept lat="45.45723852" lon="15.11070397" >
      <name>rte1_238</name>
      <ele>198.07</ele>
    </rtept>
    <rtept lat="45.45717547" lon="15.11076138" >
      <name>rte1_239</name>
      <ele>185.13</ele>
    </rtept>
    <rtept lat="45.45710793" lon="15.11081879" >
      <name>rte1_240</name>
      <ele>185.13</ele>
    </rtept>
    <rtept lat="45.45704939" lon="15.11086981" >
      <name>rte1_241</name>
      <ele>185.13</ele>
    </rtept>
    <rtept lat="45.45698634" lon="15.11092723" >
      <name>rte1_242</name>
      <ele>183.17</ele>
    </rtept>
    <rtept lat="45.45692780" lon="15.11097826" >
      <name>rte1_243</name>
      <ele>188.12</ele>
    </rtept>
    <rtept lat="45.45686475" lon="15.11103567" >
      <name>rte1_244</name>
      <ele>188.12</ele>
    </rtept>
    <rtept lat="45.45680621" lon="15.11108670" >
      <name>rte1_245</name>
      <ele>188.12</ele>
    </rtept>
    <rtept lat="45.45675217" lon="15.11113773" >
      <name>rte1_246</name>
      <ele>185.93</ele>
    </rtept>
    <rtept lat="45.45669362" lon="15.11119515" >
      <name>rte1_247</name>
      <ele>185.93</ele>
    </rtept>
    <rtept lat="45.45663508" lon="15.11124618" >
      <name>rte1_248</name>
      <ele>185.93</ele>
    </rtept>
    <rtept lat="45.45658103" lon="15.11130361" >
      <name>rte1_249</name>
      <ele>199.58</ele>
    </rtept>
    <rtept lat="45.45652249" lon="15.11135464" >
      <name>rte1_250</name>
      <ele>186.86</ele>
    </rtept>
    <rtept lat="45.45646844" lon="15.11141207" >
      <name>rte1_251</name>
      <ele>186.86</ele>
    </rtept>
    <rtept lat="45.45640989" lon="15.11146949" >
      <name>rte1_252</name>
      <ele>186.86</ele>
    </rtept>
    <rtept lat="45.45635135" lon="15.11152691" >
      <name>rte1_253</name>
      <ele>186.86</ele>
    </rtept>
    <rtept lat="45.45629280" lon="15.11158433" >
      <name>rte1_254</name>
      <ele>180.00</ele>
    </rtept>
    <rtept lat="45.45623874" lon="15.11164815" >
      <name>rte1_255</name>
      <ele>195.63</ele>
    </rtept>
    <rtept lat="45.45617569" lon="15.11171196" >
      <name>rte1_256</name>
      <ele>195.63</ele>
    </rtept>
    <rtept lat="45.45611714" lon="15.11177577" >
      <name>rte1_257</name>
      <ele>195.63</ele>
    </rtept>
    <rtept lat="45.45605858" lon="15.11183958" >
      <name>rte1_258</name>
      <ele>184.87</ele>
    </rtept>
    <rtept lat="45.45599552" lon="15.11190978" >
      <name>rte1_259</name>
      <ele>184.87</ele>
    </rtept>
    <rtept lat="45.45593246" lon="15.11197997" >
      <name>rte1_260</name>
      <ele>198.84</ele>
    </rtept>
    <rtept lat="45.45586940" lon="15.11205017" >
      <name>rte1_261</name>
      <ele>198.84</ele>
    </rtept>
    <rtept lat="45.45580183" lon="15.11212675" >
      <name>rte1_262</name>
      <ele>185.57</ele>
    </rtept>
    <rtept lat="45.45573427" lon="15.11220333" >
      <name>rte1_263</name>
      <ele>185.57</ele>
    </rtept>
    <rtept lat="45.45566670" lon="15.11228630" >
      <name>rte1_264</name>
      <ele>198.28</ele>
    </rtept>
    <rtept lat="45.45559013" lon="15.11236926" >
      <name>rte1_265</name>
      <ele>184.91</ele>
    </rtept>
    <rtept lat="45.45552255" lon="15.11245223" >
      <name>rte1_266</name>
      <ele>184.91</ele>
    </rtept>
    <rtept lat="45.45545048" lon="15.11253519" >
      <name>rte1_267</name>
      <ele>184.91</ele>
    </rtept>
    <rtept lat="45.45538741" lon="15.11261178" >
      <name>rte1_268</name>
      <ele>185.94</ele>
    </rtept>
    <rtept lat="45.45531984" lon="15.11269475" >
      <name>rte1_269</name>
      <ele>185.94</ele>
    </rtept>
    <rtept lat="45.45526127" lon="15.11277135" >
      <name>rte1_270</name>
      <ele>185.94</ele>
    </rtept>
    <rtept lat="45.45519821" lon="15.11284793" >
      <name>rte1_271</name>
      <ele>185.94</ele>
    </rtept>
    <rtept lat="45.45513965" lon="15.11291814" >
      <name>rte1_272</name>
      <ele>185.96</ele>
    </rtept>
    <rtept lat="45.45508108" lon="15.11299473" >
      <name>rte1_273</name>
      <ele>185.96</ele>
    </rtept>
    <rtept lat="45.45502701" lon="15.11307134" >
      <name>rte1_274</name>
      <ele>185.96</ele>
    </rtept>
    <rtept lat="45.45497295" lon="15.11314155" >
      <name>rte1_275</name>
      <ele>185.96</ele>
    </rtept>
    <rtept lat="45.45491888" lon="15.11321816" >
      <name>rte1_276</name>
      <ele>190.00</ele>
    </rtept>
    <rtept lat="45.45486482" lon="15.11328837" >
      <name>rte1_277</name>
      <ele>190.00</ele>
    </rtept>
    <rtept lat="45.45481525" lon="15.11336498" >
      <name>rte1_278</name>
      <ele>190.00</ele>
    </rtept>
    <rtept lat="45.45476118" lon="15.11343519" >
      <name>rte1_279</name>
      <ele>190.00</ele>
    </rtept>
    <rtept lat="45.45471161" lon="15.11351181" >
      <name>rte1_280</name>
      <ele>185.34</ele>
    </rtept>
    <rtept lat="45.45466205" lon="15.11358203" >
      <name>rte1_281</name>
      <ele>185.34</ele>
    </rtept>
    <rtept lat="45.45461248" lon="15.11365864" >
      <name>rte1_282</name>
      <ele>185.34</ele>
    </rtept>
    <rtept lat="45.45456291" lon="15.11373525" >
      <name>rte1_283</name>
      <ele>185.34</ele>
    </rtept>
    <rtept lat="45.45451334" lon="15.11381187" >
      <name>rte1_284</name>
      <ele>185.34</ele>
    </rtept>
    <rtept lat="45.45446826" lon="15.11389488" >
      <name>rte1_285</name>
      <ele>192.67</ele>
    </rtept>
    <rtept lat="45.45441869" lon="15.11397789" >
      <name>rte1_286</name>
      <ele>192.67</ele>
    </rtept>
    <rtept lat="45.45436912" lon="15.11405450" >
      <name>rte1_287</name>
      <ele>192.67</ele>
    </rtept>
    <rtept lat="45.45431954" lon="15.11414390" >
      <name>rte1_288</name>
      <ele>192.67</ele>
    </rtept>
    <rtept lat="45.45426546" lon="15.11422689" >
      <name>rte1_289</name>
      <ele>183.52</ele>
    </rtept>
    <rtept lat="45.45421588" lon="15.11431629" >
      <name>rte1_290</name>
      <ele>183.52</ele>
    </rtept>
    <rtept lat="45.45416629" lon="15.11441208" >
      <name>rte1_291</name>
      <ele>183.52</ele>
    </rtept>
    <rtept lat="45.45411220" lon="15.11450147" >
      <name>rte1_292</name>
      <ele>203.05</ele>
    </rtept>
    <rtept lat="45.45405811" lon="15.11460364" >
      <name>rte1_293</name>
      <ele>180.00</ele>
    </rtept>
    <rtept lat="45.45400402" lon="15.11469942" >
      <name>rte1_294</name>
      <ele>180.00</ele>
    </rtept>
    <rtept lat="45.45394542" lon="15.11480798" >
      <name>rte1_295</name>
      <ele>180.00</ele>
    </rtept>
    <rtept lat="45.45389132" lon="15.11491655" >
      <name>rte1_296</name>
      <ele>180.00</ele>
    </rtept>
    <rtept lat="45.45378313" lon="15.11511450" >
      <name>rte1_297</name>
      <ele>180.81</ele>
    </rtept>
    <rtept lat="45.45367945" lon="15.11530607" >
      <name>rte1_298</name>
      <ele>180.81</ele>
    </rtept>
    <rtept lat="45.45358027" lon="15.11549125" >
      <name>rte1_299</name>
      <ele>185.96</ele>
    </rtept>
    <rtept lat="45.45348110" lon="15.11567644" >
      <name>rte1_300</name>
      <ele>185.96</ele>
    </rtept>
    <rtept lat="45.45338643" lon="15.11585524" >
      <name>rte1_301</name>
      <ele>190.00</ele>
    </rtept>
    <rtept lat="45.45329177" lon="15.11602764" >
      <name>rte1_302</name>
      <ele>190.00</ele>
    </rtept>
    <rtept lat="45.45319710" lon="15.11620005" >
      <name>rte1_303</name>
      <ele>190.00</ele>
    </rtept>
    <rtept lat="45.45310695" lon="15.11636607" >
      <name>rte1_304</name>
      <ele>186.40</ele>
    </rtept>
    <rtept lat="45.45301680" lon="15.11652570" >
      <name>rte1_305</name>
      <ele>185.79</ele>
    </rtept>
    <rtept lat="45.45293114" lon="15.11668534" >
      <name>rte1_306</name>
      <ele>180.00</ele>
    </rtept>
    <rtept lat="45.45284100" lon="15.11683857" >
      <name>rte1_307</name>
      <ele>181.33</ele>
    </rtept>
    <rtept lat="45.45275085" lon="15.11699181" >
      <name>rte1_308</name>
      <ele>181.33</ele>
    </rtept>
    <rtept lat="45.45266521" lon="15.11714505" >
      <name>rte1_309</name>
      <ele>190.00</ele>
    </rtept>
    <rtept lat="45.45257507" lon="15.11729189" >
      <name>rte1_310</name>
      <ele>190.00</ele>
    </rtept>
    <rtept lat="45.45248493" lon="15.11743873" >
      <name>rte1_311</name>
      <ele>190.00</ele>
    </rtept>
    <rtept lat="45.45239929" lon="15.11757919" >
      <name>rte1_312</name>
      <ele>189.30</ele>
    </rtept>
    <rtept lat="45.45230466" lon="15.11771962" >
      <name>rte1_313</name>
      <ele>194.50</ele>
    </rtept>
    <rtept lat="45.45221453" lon="15.11786007" >
      <name>rte1_314</name>
      <ele>184.74</ele>
    </rtept>
    <rtept lat="45.45211990" lon="15.11800051" >
      <name>rte1_315</name>
      <ele>183.50</ele>
    </rtept>
    <rtept lat="45.45202527" lon="15.11813455" >
      <name>rte1_316</name>
      <ele>180.00</ele>
    </rtept>
    <rtept lat="45.45192614" lon="15.11827498" >
      <name>rte1_317</name>
      <ele>180.00</ele>
    </rtept>
    <rtept lat="45.45182251" lon="15.11840900" >
      <name>rte1_318</name>
      <ele>190.00</ele>
    </rtept>
    <rtept lat="45.45171888" lon="15.11854942" >
      <name>rte1_319</name>
      <ele>190.00</ele>
    </rtept>
    <rtept lat="45.45161076" lon="15.11868343" >
      <name>rte1_320</name>
      <ele>190.00</ele>
    </rtept>
    <rtept lat="45.45150263" lon="15.11881744" >
      <name>rte1_321</name>
      <ele>187.90</ele>
    </rtept>
    <rtept lat="45.45138550" lon="15.11895783" >
      <name>rte1_322</name>
      <ele>193.14</ele>
    </rtept>
    <rtept lat="45.45126838" lon="15.11909182" >
      <name>rte1_323</name>
      <ele>183.60</ele>
    </rtept>
    <rtept lat="45.45114675" lon="15.11923219" >
      <name>rte1_324</name>
      <ele>183.60</ele>
    </rtept>
    <rtept lat="45.45102062" lon="15.11937256" >
      <name>rte1_325</name>
      <ele>180.00</ele>
    </rtept>
    <rtept lat="45.45088999" lon="15.11951291" >
      <name>rte1_326</name>
      <ele>183.00</ele>
    </rtept>
    <rtept lat="45.45075036" lon="15.11965964" >
      <name>rte1_327</name>
      <ele>184.35</ele>
    </rtept>
    <rtept lat="45.45061072" lon="15.11980636" >
      <name>rte1_328</name>
      <ele>180.00</ele>
    </rtept>
    <rtept lat="45.45048011" lon="15.11992754" >
      <name>rte1_329</name>
      <ele>182.83</ele>
    </rtept>
    <rtept lat="45.45035850" lon="15.12005512" >
      <name>rte1_330</name>
      <ele>180.00</ele>
    </rtept>
    <rtept lat="45.45023689" lon="15.12017632" >
      <name>rte1_331</name>
      <ele>180.00</ele>
    </rtept>
    <rtept lat="45.45011528" lon="15.12029112" >
      <name>rte1_332</name>
      <ele>180.00</ele>
    </rtept>
    <rtept lat="45.44999818" lon="15.12040593" >
      <name>rte1_333</name>
      <ele>180.00</ele>
    </rtept>
    <rtept lat="45.44988557" lon="15.12052075" >
      <name>rte1_334</name>
      <ele>180.00</ele>
    </rtept>
    <rtept lat="45.44977297" lon="15.12062917" >
      <name>rte1_335</name>
      <ele>180.00</ele>
    </rtept>
    <rtept lat="45.44966487" lon="15.12074400" >
      <name>rte1_336</name>
      <ele>180.00</ele>
    </rtept>
    <rtept lat="45.44956127" lon="15.12085244" >
      <name>rte1_337</name>
      <ele>180.00</ele>
    </rtept>
    <rtept lat="45.44945317" lon="15.12096088" >
      <name>rte1_338</name>
      <ele>181.28</ele>
    </rtept>
    <rtept lat="45.44935407" lon="15.12106933" >
      <name>rte1_339</name>
      <ele>181.28</ele>
    </rtept>
    <rtept lat="45.44925496" lon="15.12117778" >
      <name>rte1_340</name>
      <ele>187.05</ele>
    </rtept>
    <rtept lat="45.44915586" lon="15.12128624" >
      <name>rte1_341</name>
      <ele>187.05</ele>
    </rtept>
    <rtept lat="45.44906125" lon="15.12140109" >
      <name>rte1_342</name>
      <ele>183.14</ele>
    </rtept>
    <rtept lat="45.44896665" lon="15.12150955" >
      <name>rte1_343</name>
      <ele>189.48</ele>
    </rtept>
    <rtept lat="45.44887654" lon="15.12162442" >
      <name>rte1_344</name>
      <ele>183.18</ele>
    </rtept>
    <rtept lat="45.44879092" lon="15.12174568" >
      <name>rte1_345</name>
      <ele>183.18</ele>
    </rtept>
    <rtept lat="45.44870081" lon="15.12186694" >
      <name>rte1_346</name>
      <ele>187.11</ele>
    </rtept>
    <rtept lat="45.44861969" lon="15.12198821" >
      <name>rte1_347</name>
      <ele>181.69</ele>
    </rtept>
    <rtept lat="45.44853406" lon="15.12211587" >
      <name>rte1_348</name>
      <ele>181.69</ele>
    </rtept>
    <rtept lat="45.44845294" lon="15.12224353" >
      <name>rte1_349</name>
      <ele>189.05</ele>
    </rtept>
    <rtept lat="45.44837630" lon="15.12237760" >
      <name>rte1_350</name>
      <ele>180.00</ele>
    </rtept>
    <rtept lat="45.44829966" lon="15.12251806" >
      <name>rte1_351</name>
      <ele>186.13</ele>
    </rtept>
    <rtept lat="45.44822301" lon="15.12266491" >
      <name>rte1_352</name>
      <ele>186.13</ele>
    </rtept>
    <rtept lat="45.44815086" lon="15.12281816" >
      <name>rte1_353</name>
      <ele>184.45</ele>
    </rtept>
    <rtept lat="45.44807870" lon="15.12297141" >
      <name>rte1_354</name>
      <ele>184.45</ele>
    </rtept>
    <rtept lat="45.44800653" lon="15.12313745" >
      <name>rte1_355</name>
      <ele>189.76</ele>
    </rtept>
    <rtept lat="45.44793886" lon="15.12330350" >
      <name>rte1_356</name>
      <ele>182.31</ele>
    </rtept>
    <rtept lat="45.44787117" lon="15.12348233" >
      <name>rte1_357</name>
      <ele>182.50</ele>
    </rtept>
    <rtept lat="45.44780798" lon="15.12366756" >
      <name>rte1_358</name>
      <ele>182.50</ele>
    </rtept>
    <rtept lat="45.44774028" lon="15.12385917" >
      <name>rte1_359</name>
      <ele>180.00</ele>
    </rtept>
    <rtept lat="45.44768156" lon="15.12406358" >
      <name>rte1_360</name>
      <ele>182.82</ele>
    </rtept>
    <rtept lat="45.44722105" lon="15.12548798" >
      <name>rte1_361</name>
      <ele>180.00</ele>
    </rtept>
    <rtept lat="45.44709012" lon="15.12589678" >
      <name>rte1_362</name>
      <ele>184.06</ele>
    </rtept>
    <rtept lat="45.44693643" lon="15.12652924" >
      <name>rte1_363</name>
      <ele>180.00</ele>
    </rtept>
    <rtept lat="45.44687298" lon="15.12693818" >
      <name>rte1_364</name>
      <ele>188.42</ele>
    </rtept>
    <rtept lat="45.44693551" lon="15.12734741" >
      <name>rte1_365</name>
      <ele>192.69</ele>
    </rtept>
    <rtept lat="45.44693529" lon="15.12753917" >
      <name>rte1_366</name>
      <ele>192.69</ele>
    </rtept>
    <rtept lat="45.44683564" lon="15.12812700" >
      <name>rte1_367</name>
      <ele>180.00</ele>
    </rtept>
    <rtept lat="45.44668164" lon="15.12902153" >
      <name>rte1_368</name>
      <ele>194.63</ele>
    </rtept>
    <rtept lat="45.44661360" lon="15.12950716" >
      <name>rte1_369</name>
      <ele>187.47</ele>
    </rtept>
    <rtept lat="45.44656385" lon="15.12973076" >
      <name>rte1_370</name>
      <ele>187.47</ele>
    </rtept>
    <rtept lat="45.44646840" lon="15.13056788" >
      <name>rte1_371</name>
      <ele>197.65</ele>
    </rtept>
    <rtept lat="45.44645026" lon="15.13068929" >
      <name>rte1_372</name>
      <ele>197.65</ele>
    </rtept>
    <rtept lat="45.44642762" lon="15.13081068" >
      <name>rte1_373</name>
      <ele>203.69</ele>
    </rtept>
    <rtept lat="45.44640948" lon="15.13093208" >
      <name>rte1_374</name>
      <ele>203.69</ele>
    </rtept>
    <rtept lat="45.44638684" lon="15.13105348" >
      <name>rte1_375</name>
      <ele>189.70</ele>
    </rtept>
    <rtept lat="45.44637327" lon="15.13111737" >
      <name>rte1_376</name>
      <ele>194.64</ele>
    </rtept>
    <rtept lat="45.44635969" lon="15.13118765" >
      <name>rte1_377</name>
      <ele>194.64</ele>
    </rtept>
    <rtept lat="45.44634612" lon="15.13125153" >
      <name>rte1_378</name>
      <ele>194.64</ele>
    </rtept>
    <rtept lat="45.44633254" lon="15.13132181" >
      <name>rte1_379</name>
      <ele>194.64</ele>
    </rtept>
    <rtept lat="45.44631896" lon="15.13139209" >
      <name>rte1_380</name>
      <ele>201.67</ele>
    </rtept>
    <rtept lat="45.44630087" lon="15.13146875" >
      <name>rte1_381</name>
      <ele>201.67</ele>
    </rtept>
    <rtept lat="45.44628279" lon="15.13153902" >
      <name>rte1_382</name>
      <ele>201.67</ele>
    </rtept>
    <rtept lat="45.44626920" lon="15.13162208" >
      <name>rte1_383</name>
      <ele>201.67</ele>
    </rtept>
    <rtept lat="45.44624209" lon="15.13171790" >
      <name>rte1_384</name>
      <ele>207.65</ele>
    </rtept>
    <rtept lat="45.44621048" lon="15.13181370" >
      <name>rte1_385</name>
      <ele>207.65</ele>
    </rtept>
    <rtept lat="45.44617889" lon="15.13189672" >
      <name>rte1_386</name>
      <ele>207.65</ele>
    </rtept>
    <rtept lat="45.44614280" lon="15.13197973" >
      <name>rte1_387</name>
      <ele>192.02</ele>
    </rtept>
    <rtept lat="45.44611121" lon="15.13205636" >
      <name>rte1_388</name>
      <ele>200.92</ele>
    </rtept>
    <rtept lat="45.44607514" lon="15.13212659" >
      <name>rte1_389</name>
      <ele>200.92</ele>
    </rtept>
    <rtept lat="45.44603905" lon="15.13220320" >
      <name>rte1_390</name>
      <ele>200.92</ele>
    </rtept>
    <rtept lat="45.44600298" lon="15.13227343" >
      <name>rte1_391</name>
      <ele>200.92</ele>
    </rtept>
    <rtept lat="45.44596690" lon="15.13234365" >
      <name>rte1_392</name>
      <ele>200.92</ele>
    </rtept>
    <rtept lat="45.44593532" lon="15.13241389" >
      <name>rte1_393</name>
      <ele>195.81</ele>
    </rtept>
    <rtept lat="45.44590374" lon="15.13249052" >
      <name>rte1_394</name>
      <ele>195.81</ele>
    </rtept>
    <rtept lat="45.44587664" lon="15.13257355" >
      <name>rte1_395</name>
      <ele>195.81</ele>
    </rtept>
    <rtept lat="45.44584955" lon="15.13265658" >
      <name>rte1_396</name>
      <ele>195.81</ele>
    </rtept>
    <rtept lat="45.44582695" lon="15.13274601" >
      <name>rte1_397</name>
      <ele>203.25</ele>
    </rtept>
    <rtept lat="45.44580883" lon="15.13284824" >
      <name>rte1_398</name>
      <ele>203.25</ele>
    </rtept>
    <rtept lat="45.44579970" lon="15.13295688" >
      <name>rte1_399</name>
      <ele>203.25</ele>
    </rtept>
    <rtept lat="45.44579061" lon="15.13303995" >
      <name>rte1_400</name>
      <ele>205.16</ele>
    </rtept>
    <rtept lat="45.44578150" lon="15.13312941" >
      <name>rte1_401</name>
      <ele>205.16</ele>
    </rtept>
    <rtept lat="45.44577241" lon="15.13320609" >
      <name>rte1_402</name>
      <ele>205.16</ele>
    </rtept>
    <rtept lat="45.44576782" lon="15.13328918" >
      <name>rte1_403</name>
      <ele>205.16</ele>
    </rtept>
    <rtept lat="45.44575873" lon="15.13336586" >
      <name>rte1_404</name>
      <ele>206.72</ele>
    </rtept>
    <rtept lat="45.44575414" lon="15.13343616" >
      <name>rte1_405</name>
      <ele>206.72</ele>
    </rtept>
    <rtept lat="45.44574955" lon="15.13351285" >
      <name>rte1_406</name>
      <ele>206.72</ele>
    </rtept>
    <rtept lat="45.44574047" lon="15.13358314" >
      <name>rte1_407</name>
      <ele>206.72</ele>
    </rtept>
    <rtept lat="45.44573590" lon="15.13364704" >
      <name>rte1_408</name>
      <ele>205.85</ele>
    </rtept>
    <rtept lat="45.44573131" lon="15.13371734" >
      <name>rte1_409</name>
      <ele>205.85</ele>
    </rtept>
    <rtept lat="45.44572674" lon="15.13378125" >
      <name>rte1_410</name>
      <ele>205.85</ele>
    </rtept>
    <rtept lat="45.44572216" lon="15.13384516" >
      <name>rte1_411</name>
      <ele>205.85</ele>
    </rtept>
    <rtept lat="45.44571759" lon="15.13390907" >
      <name>rte1_412</name>
      <ele>205.85</ele>
    </rtept>
    <rtept lat="45.44571301" lon="15.13397297" >
      <name>rte1_413</name>
      <ele>188.54</ele>
    </rtept>
    <rtept lat="45.44570844" lon="15.13403688" >
      <name>rte1_414</name>
      <ele>188.54</ele>
    </rtept>
    <rtept lat="45.44570386" lon="15.13410079" >
      <name>rte1_415</name>
      <ele>188.54</ele>
    </rtept>
    <rtept lat="45.44569472" lon="15.13422221" >
      <name>rte1_416</name>
      <ele>188.54</ele>
    </rtept>
    <rtept lat="45.44569014" lon="15.13428612" >
      <name>rte1_417</name>
      <ele>188.37</ele>
    </rtept>
    <rtept lat="45.44568557" lon="15.13435003" >
      <name>rte1_418</name>
      <ele>188.37</ele>
    </rtept>
    <rtept lat="45.44567649" lon="15.13441392" >
      <name>rte1_419</name>
      <ele>188.37</ele>
    </rtept>
    <rtept lat="45.44567192" lon="15.13447783" >
      <name>rte1_420</name>
      <ele>188.37</ele>
    </rtept>
    <rtept lat="45.44566734" lon="15.13454813" >
      <name>rte1_421</name>
      <ele>188.37</ele>
    </rtept>
    <rtept lat="45.44566276" lon="15.13461204" >
      <name>rte1_422</name>
      <ele>195.40</ele>
    </rtept>
    <rtept lat="45.44565818" lon="15.13468234" >
      <name>rte1_423</name>
      <ele>195.40</ele>
    </rtept>
    <rtept lat="45.44565359" lon="15.13475903" >
      <name>rte1_424</name>
      <ele>195.40</ele>
    </rtept>
    <rtept lat="45.44564450" lon="15.13482932" >
      <name>rte1_425</name>
      <ele>195.40</ele>
    </rtept>
    <rtept lat="45.44563991" lon="15.13490601" >
      <name>rte1_426</name>
      <ele>191.58</ele>
    </rtept>
    <rtept lat="45.44563081" lon="15.13498908" >
      <name>rte1_427</name>
      <ele>191.58</ele>
    </rtept>
    <rtept lat="45.44562622" lon="15.13506577" >
      <name>rte1_428</name>
      <ele>191.58</ele>
    </rtept>
    <rtept lat="45.44561712" lon="15.13515524" >
      <name>rte1_429</name>
      <ele>191.58</ele>
    </rtept>
    <rtept lat="45.44561251" lon="15.13524471" >
      <name>rte1_430</name>
      <ele>192.25</ele>
    </rtept>
    <rtept lat="45.44559438" lon="15.13535333" >
      <name>rte1_431</name>
      <ele>192.25</ele>
    </rtept>
    <rtept lat="45.44557625" lon="15.13546834" >
      <name>rte1_432</name>
      <ele>192.25</ele>
    </rtept>
    <rtept lat="45.44555363" lon="15.13557055" >
      <name>rte1_433</name>
      <ele>190.00</ele>
    </rtept>
    <rtept lat="45.44553100" lon="15.13567916" >
      <name>rte1_434</name>
      <ele>190.00</ele>
    </rtept>
    <rtept lat="45.44551287" lon="15.13578778" >
      <name>rte1_435</name>
      <ele>190.00</ele>
    </rtept>
    <rtept lat="45.44549474" lon="15.13589639" >
      <name>rte1_436</name>
      <ele>190.00</ele>
    </rtept>
    <rtept lat="45.44548111" lon="15.13601141" >
      <name>rte1_437</name>
      <ele>180.00</ele>
    </rtept>
    <rtept lat="45.44547646" lon="15.13613285" >
      <name>rte1_438</name>
      <ele>180.00</ele>
    </rtept>
    <rtept lat="45.44526868" lon="15.13680348" >
      <name>rte1_439</name>
      <ele>181.86</ele>
    </rtept>
    <rtept lat="45.44523255" lon="15.13691844" >
      <name>rte1_440</name>
      <ele>180.00</ele>
    </rtept>
    <rtept lat="45.44520541" lon="15.13703343" >
      <name>rte1_441</name>
      <ele>180.00</ele>
    </rtept>
    <rtept lat="45.44517828" lon="15.13714841" >
      <name>rte1_442</name>
      <ele>180.00</ele>
    </rtept>
    <rtept lat="45.44515114" lon="15.13726340" >
      <name>rte1_443</name>
      <ele>180.00</ele>
    </rtept>
    <rtept lat="45.44512850" lon="15.13737840" >
      <name>rte1_444</name>
      <ele>180.00</ele>
    </rtept>
    <rtept lat="45.44510587" lon="15.13749339" >
      <name>rte1_445</name>
      <ele>180.00</ele>
    </rtept>
    <rtept lat="45.44508773" lon="15.13760840" >
      <name>rte1_446</name>
      <ele>180.00</ele>
    </rtept>
    <rtept lat="45.44506509" lon="15.13772340" >
      <name>rte1_447</name>
      <ele>180.00</ele>
    </rtept>
    <rtept lat="45.44504696" lon="15.13783201" >
      <name>rte1_448</name>
      <ele>184.83</ele>
    </rtept>
    <rtept lat="45.44502883" lon="15.13794063" >
      <name>rte1_449</name>
      <ele>180.00</ele>
    </rtept>
    <rtept lat="45.44500620" lon="15.13804923" >
      <name>rte1_450</name>
      <ele>180.00</ele>
    </rtept>
    <rtept lat="45.44498807" lon="15.13815785" >
      <name>rte1_451</name>
      <ele>180.85</ele>
    </rtept>
    <rtept lat="45.44496994" lon="15.13826646" >
      <name>rte1_452</name>
      <ele>180.85</ele>
    </rtept>
    <rtept lat="45.44494732" lon="15.13836868" >
      <name>rte1_453</name>
      <ele>180.85</ele>
    </rtept>
    <rtept lat="45.44492470" lon="15.13847089" >
      <name>rte1_454</name>
      <ele>185.22</ele>
    </rtept>
    <rtept lat="45.44490208" lon="15.13856671" >
      <name>rte1_455</name>
      <ele>185.22</ele>
    </rtept>
    <rtept lat="45.44487947" lon="15.13866253" >
      <name>rte1_456</name>
      <ele>185.22</ele>
    </rtept>
    <rtept lat="45.44485236" lon="15.13875834" >
      <name>rte1_457</name>
      <ele>200.58</ele>
    </rtept>
    <rtept lat="45.44482075" lon="15.13884774" >
      <name>rte1_458</name>
      <ele>200.58</ele>
    </rtept>
    <rtept lat="45.44479364" lon="15.13893716" >
      <name>rte1_459</name>
      <ele>186.28</ele>
    </rtept>
    <rtept lat="45.44475754" lon="15.13902656" >
      <name>rte1_460</name>
      <ele>186.28</ele>
    </rtept>
    <rtept lat="45.44472144" lon="15.13910956" >
      <name>rte1_461</name>
      <ele>192.90</ele>
    </rtept>
    <rtept lat="45.44468085" lon="15.13919255" >
      <name>rte1_462</name>
      <ele>192.90</ele>
    </rtept>
    <rtept lat="45.44464026" lon="15.13926915" >
      <name>rte1_463</name>
      <ele>192.90</ele>
    </rtept>
    <rtept lat="45.44459068" lon="15.13933933" >
      <name>rte1_464</name>
      <ele>192.90</ele>
    </rtept>
    <rtept lat="45.44454110" lon="15.13940952" >
      <name>rte1_465</name>
      <ele>191.40</ele>
    </rtept>
    <rtept lat="45.44448703" lon="15.13947330" >
      <name>rte1_466</name>
      <ele>191.40</ele>
    </rtept>
    <rtept lat="45.44442846" lon="15.13953707" >
      <name>rte1_467</name>
      <ele>191.40</ele>
    </rtept>
    <rtept lat="45.44436090" lon="15.13959443" >
      <name>rte1_468</name>
      <ele>191.40</ele>
    </rtept>
    <rtept lat="45.44429334" lon="15.13965179" >
      <name>rte1_469</name>
      <ele>183.64</ele>
    </rtept>
    <rtept lat="45.44421680" lon="15.13969634" >
      <name>rte1_470</name>
      <ele>195.20</ele>
    </rtept>
    <rtept lat="45.44414024" lon="15.13974728" >
      <name>rte1_471</name>
      <ele>195.20</ele>
    </rtept>
    <rtept lat="45.44407721" lon="15.13977908" >
      <name>rte1_472</name>
      <ele>188.22</ele>
    </rtept>
    <rtept lat="45.44401419" lon="15.13980449" >
      <name>rte1_473</name>
      <ele>188.22</ele>
    </rtept>
    <rtept lat="45.44395566" lon="15.13983630" >
      <name>rte1_474</name>
      <ele>188.22</ele>
    </rtept>
    <rtept lat="45.44389714" lon="15.13986172" >
      <name>rte1_475</name>
      <ele>182.72</ele>
    </rtept>
    <rtept lat="45.44383862" lon="15.13988714" >
      <name>rte1_476</name>
      <ele>182.72</ele>
    </rtept>
    <rtept lat="45.44378459" lon="15.13991257" >
      <name>rte1_477</name>
      <ele>182.72</ele>
    </rtept>
    <rtept lat="45.44373057" lon="15.13993800" >
      <name>rte1_478</name>
      <ele>182.72</ele>
    </rtept>
    <rtept lat="45.44367655" lon="15.13996343" >
      <name>rte1_479</name>
      <ele>181.63</ele>
    </rtept>
    <rtept lat="45.44362253" lon="15.13998247" >
      <name>rte1_480</name>
      <ele>181.63</ele>
    </rtept>
    <rtept lat="45.44356852" lon="15.14000151" >
      <name>rte1_481</name>
      <ele>181.63</ele>
    </rtept>
    <rtept lat="45.44351900" lon="15.14002056" >
      <name>rte1_482</name>
      <ele>189.99</ele>
    </rtept>
    <rtept lat="45.44346948" lon="15.14003961" >
      <name>rte1_483</name>
      <ele>189.99</ele>
    </rtept>
    <rtept lat="45.44341547" lon="15.14005865" >
      <name>rte1_484</name>
      <ele>185.88</ele>
    </rtept>
    <rtept lat="45.44336596" lon="15.14007131" >
      <name>rte1_485</name>
      <ele>185.88</ele>
    </rtept>
    <rtept lat="45.44331644" lon="15.14009036" >
      <name>rte1_486</name>
      <ele>185.88</ele>
    </rtept>
    <rtept lat="45.44326694" lon="15.14010302" >
      <name>rte1_487</name>
      <ele>185.88</ele>
    </rtept>
    <rtept lat="45.44321743" lon="15.14011568" >
      <name>rte1_488</name>
      <ele>182.87</ele>
    </rtept>
    <rtept lat="45.44316342" lon="15.14012833" >
      <name>rte1_489</name>
      <ele>182.87</ele>
    </rtept>
    <rtept lat="45.44311391" lon="15.14014099" >
      <name>rte1_490</name>
      <ele>182.87</ele>
    </rtept>
    <rtept lat="45.44305991" lon="15.14014724" >
      <name>rte1_491</name>
      <ele>182.87</ele>
    </rtept>
    <rtept lat="45.44301041" lon="15.14015990" >
      <name>rte1_492</name>
      <ele>182.87</ele>
    </rtept>
    <rtept lat="45.44295640" lon="15.14017255" >
      <name>rte1_493</name>
      <ele>180.00</ele>
    </rtept>
    <rtept lat="45.44290240" lon="15.14017881" >
      <name>rte1_494</name>
      <ele>180.00</ele>
    </rtept>
    <rtept lat="45.44284840" lon="15.14018506" >
      <name>rte1_495</name>
      <ele>180.00</ele>
    </rtept>
    <rtept lat="45.44278989" lon="15.14019770" >
      <name>rte1_496</name>
      <ele>180.00</ele>
    </rtept>
    <rtept lat="45.44273589" lon="15.14020396" >
      <name>rte1_497</name>
      <ele>180.00</ele>
    </rtept>
    <rtept lat="45.44267739" lon="15.14021020" >
      <name>rte1_498</name>
      <ele>180.00</ele>
    </rtept>
    <rtept lat="45.44261890" lon="15.14021644" >
      <name>rte1_499</name>
      <ele>180.00</ele>
    </rtept>
    <rtept lat="45.44255590" lon="15.14022268" >
      <name>rte1_500</name>
      <ele>180.00</ele>
    </rtept>
    <rtept lat="45.44249290" lon="15.14022891" >
      <name>rte1_501</name>
      <ele>180.00</ele>
    </rtept>
    <rtept lat="45.44242540" lon="15.14023513" >
      <name>rte1_502</name>
      <ele>180.00</ele>
    </rtept>
    <rtept lat="45.44236240" lon="15.14024137" >
      <name>rte1_503</name>
      <ele>180.00</ele>
    </rtept>
    <rtept lat="45.44229491" lon="15.14024120" >
      <name>rte1_504</name>
      <ele>180.00</ele>
    </rtept>
    <rtept lat="45.44223641" lon="15.14025383" >
      <name>rte1_505</name>
      <ele>180.00</ele>
    </rtept>
    <rtept lat="45.44217341" lon="15.14026007" >
      <name>rte1_506</name>
      <ele>180.00</ele>
    </rtept>
    <rtept lat="45.44211040" lon="15.14027269" >
      <name>rte1_507</name>
      <ele>180.00</ele>
    </rtept>
    <rtept lat="45.44205190" lon="15.14028533" >
      <name>rte1_508</name>
      <ele>180.00</ele>
    </rtept>
    <rtept lat="45.44199339" lon="15.14029796" >
      <name>rte1_509</name>
      <ele>180.00</ele>
    </rtept>
    <rtept lat="45.44193488" lon="15.14031060" >
      <name>rte1_510</name>
      <ele>180.00</ele>
    </rtept>
    <rtept lat="45.44187637" lon="15.14032963" >
      <name>rte1_511</name>
      <ele>180.00</ele>
    </rtept>
    <rtept lat="45.44181785" lon="15.14034865" >
      <name>rte1_512</name>
      <ele>180.00</ele>
    </rtept>
    <rtept lat="45.44176384" lon="15.14036769" >
      <name>rte1_513</name>
      <ele>180.00</ele>
    </rtept>
    <rtept lat="45.44170532" lon="15.14038672" >
      <name>rte1_514</name>
      <ele>180.00</ele>
    </rtept>
    <rtept lat="45.44165131" lon="15.14040576" >
      <name>rte1_515</name>
      <ele>182.20</ele>
    </rtept>
    <rtept lat="45.44159279" lon="15.14043118" >
      <name>rte1_516</name>
      <ele>182.20</ele>
    </rtept>
    <rtept lat="45.44153876" lon="15.14045661" >
      <name>rte1_517</name>
      <ele>182.20</ele>
    </rtept>
    <rtept lat="45.44148474" lon="15.14048204" >
      <name>rte1_518</name>
      <ele>182.20</ele>
    </rtept>
    <rtept lat="45.44143072" lon="15.14050747" >
      <name>rte1_519</name>
      <ele>181.80</ele>
    </rtept>
    <rtept lat="45.44137219" lon="15.14053288" >
      <name>rte1_520</name>
      <ele>181.80</ele>
    </rtept>
    <rtept lat="45.44131816" lon="15.14056471" >
      <name>rte1_521</name>
      <ele>181.80</ele>
    </rtept>
    <rtept lat="45.44126413" lon="15.14059653" >
      <name>rte1_522</name>
      <ele>181.80</ele>
    </rtept>
    <rtept lat="45.44121011" lon="15.14062196" >
      <name>rte1_523</name>
      <ele>181.80</ele>
    </rtept>
    <rtept lat="45.44115608" lon="15.14065378" >
      <name>rte1_524</name>
      <ele>180.00</ele>
    </rtept>
    <rtept lat="45.44110204" lon="15.14069199" >
      <name>rte1_525</name>
      <ele>180.00</ele>
    </rtept>
    <rtept lat="45.44104800" lon="15.14072381" >
      <name>rte1_526</name>
      <ele>180.00</ele>
    </rtept>
    <rtept lat="45.44099397" lon="15.14075563" >
      <name>rte1_527</name>
      <ele>180.00</ele>
    </rtept>
    <rtept lat="45.44093993" lon="15.14079384" >
      <name>rte1_528</name>
      <ele>182.20</ele>
    </rtept>
    <rtept lat="45.44088589" lon="15.14083205" >
      <name>rte1_529</name>
      <ele>182.20</ele>
    </rtept>
    <rtept lat="45.44083186" lon="15.14087026" >
      <name>rte1_530</name>
      <ele>182.20</ele>
    </rtept>
    <rtept lat="45.44077332" lon="15.14090207" >
      <name>rte1_531</name>
      <ele>182.20</ele>
    </rtept>
    <rtept lat="45.44071928" lon="15.14094668" >
      <name>rte1_532</name>
      <ele>180.20</ele>
    </rtept>
    <rtept lat="45.44066524" lon="15.14098489" >
      <name>rte1_533</name>
      <ele>180.00</ele>
    </rtept>
    <rtept lat="45.44060670" lon="15.14102309" >
      <name>rte1_534</name>
      <ele>180.00</ele>
    </rtept>
    <rtept lat="45.44055265" lon="15.14106769" >
      <name>rte1_535</name>
      <ele>180.00</ele>
    </rtept>
    <rtept lat="45.44048961" lon="15.14110588" >
      <name>rte1_536</name>
      <ele>180.00</ele>
    </rtept>
    <rtept lat="45.44043557" lon="15.14115048" >
      <name>rte1_537</name>
      <ele>180.00</ele>
    </rtept>
    <rtept lat="45.44037703" lon="15.14118868" >
      <name>rte1_538</name>
      <ele>180.00</ele>
    </rtept>
    <rtept lat="45.44032748" lon="15.14123329" >
      <name>rte1_539</name>
      <ele>180.00</ele>
    </rtept>
    <rtept lat="45.44027344" lon="15.14127151" >
      <name>rte1_540</name>
      <ele>181.00</ele>
    </rtept>
    <rtept lat="45.44022390" lon="15.14130973" >
      <name>rte1_541</name>
      <ele>185.00</ele>
    </rtept>
    <rtept lat="45.44017436" lon="15.14134795" >
      <name>rte1_542</name>
      <ele>185.00</ele>
    </rtept>
    <rtept lat="45.44012932" lon="15.14138618" >
      <name>rte1_543</name>
      <ele>185.00</ele>
    </rtept>
    <rtept lat="45.44007978" lon="15.14142441" >
      <name>rte1_544</name>
      <ele>180.00</ele>
    </rtept>
    <rtept lat="45.44003474" lon="15.14146264" >
      <name>rte1_545</name>
      <ele>180.00</ele>
    </rtept>
    <rtept lat="45.43999419" lon="15.14150088" >
      <name>rte1_546</name>
      <ele>180.00</ele>
    </rtept>
    <rtept lat="45.43994916" lon="15.14153273" >
      <name>rte1_547</name>
      <ele>180.00</ele>
    </rtept>
    <rtept lat="45.43990412" lon="15.14157096" >
      <name>rte1_548</name>
      <ele>180.00</ele>
    </rtept>
    <rtept lat="45.43986358" lon="15.14160920" >
      <name>rte1_549</name>
      <ele>183.12</ele>
    </rtept>
    <rtept lat="45.43982304" lon="15.14164745" >
      <name>rte1_550</name>
      <ele>182.75</ele>
    </rtept>
    <rtept lat="45.43978249" lon="15.14168569" >
      <name>rte1_551</name>
      <ele>182.75</ele>
    </rtept>
    <rtept lat="45.43974195" lon="15.14172394" >
      <name>rte1_552</name>
      <ele>182.75</ele>
    </rtept>
    <rtept lat="45.43970141" lon="15.14176218" >
      <name>rte1_553</name>
      <ele>182.75</ele>
    </rtept>
    <rtept lat="45.43965637" lon="15.14180041" >
      <name>rte1_554</name>
      <ele>182.75</ele>
    </rtept>
    <rtept lat="45.43961583" lon="15.14183866" >
      <name>rte1_555</name>
      <ele>182.08</ele>
    </rtept>
    <rtept lat="45.43957528" lon="15.14188329" >
      <name>rte1_556</name>
      <ele>182.08</ele>
    </rtept>
    <rtept lat="45.43953473" lon="15.14192793" >
      <name>rte1_557</name>
      <ele>182.22</ele>
    </rtept>
    <rtept lat="45.43948969" lon="15.14196616" >
      <name>rte1_558</name>
      <ele>182.22</ele>
    </rtept>
    <rtept lat="45.43944914" lon="15.14201079" >
      <name>rte1_559</name>
      <ele>182.22</ele>
    </rtept>
    <rtept lat="45.43940409" lon="15.14205542" >
      <name>rte1_560</name>
      <ele>180.62</ele>
    </rtept>
    <rtept lat="45.43935903" lon="15.14210643" >
      <name>rte1_561</name>
      <ele>180.62</ele>
    </rtept>
    <rtept lat="45.43930948" lon="15.14215105" >
      <name>rte1_562</name>
      <ele>180.62</ele>
    </rtept>
    <rtept lat="45.43926442" lon="15.14220206" >
      <name>rte1_563</name>
      <ele>180.62</ele>
    </rtept>
    <rtept lat="45.43921487" lon="15.14225306" >
      <name>rte1_564</name>
      <ele>186.93</ele>
    </rtept>
    <rtept lat="45.43916531" lon="15.14230407" >
      <name>rte1_565</name>
      <ele>185.22</ele>
    </rtept>
    <rtept lat="45.43911125" lon="15.14236145" >
      <name>rte1_566</name>
      <ele>185.22</ele>
    </rtept>
    <rtept lat="45.43906168" lon="15.14241884" >
      <name>rte1_567</name>
      <ele>185.22</ele>
    </rtept>
    <rtept lat="45.43897608" lon="15.14250810" >
      <name>rte1_568</name>
      <ele>185.22</ele>
    </rtept>
    <rtept lat="45.43889499" lon="15.14259098" >
      <name>rte1_569</name>
      <ele>181.48</ele>
    </rtept>
    <rtept lat="45.43881389" lon="15.14268024" >
      <name>rte1_570</name>
      <ele>181.48</ele>
    </rtept>
    <rtept lat="45.43874179" lon="15.14276314" >
      <name>rte1_571</name>
      <ele>181.48</ele>
    </rtept>
    <rtept lat="45.43866970" lon="15.14284604" >
      <name>rte1_572</name>
      <ele>180.00</ele>
    </rtept>
    <rtept lat="45.43860211" lon="15.14292256" >
      <name>rte1_573</name>
      <ele>192.17</ele>
    </rtept>
    <rtept lat="45.43853452" lon="15.14300547" >
      <name>rte1_574</name>
      <ele>192.17</ele>
    </rtept>
    <rtept lat="45.43847143" lon="15.14308201" >
      <name>rte1_575</name>
      <ele>183.79</ele>
    </rtept>
    <rtept lat="45.43840834" lon="15.14315854" >
      <name>rte1_576</name>
      <ele>183.79</ele>
    </rtept>
    <rtept lat="45.43834526" lon="15.14323507" >
      <name>rte1_577</name>
      <ele>187.85</ele>
    </rtept>
    <rtept lat="45.43828668" lon="15.14330522" >
      <name>rte1_578</name>
      <ele>187.85</ele>
    </rtept>
    <rtept lat="45.43822809" lon="15.14338176" >
      <name>rte1_579</name>
      <ele>190.00</ele>
    </rtept>
    <rtept lat="45.43816951" lon="15.14345191" >
      <name>rte1_580</name>
      <ele>190.00</ele>
    </rtept>
    <rtept lat="45.43811543" lon="15.14352207" >
      <name>rte1_581</name>
      <ele>188.93</ele>
    </rtept>
    <rtept lat="45.43805685" lon="15.14359222" >
      <name>rte1_582</name>
      <ele>188.93</ele>
    </rtept>
    <rtept lat="45.43800276" lon="15.14366878" >
      <name>rte1_583</name>
      <ele>180.00</ele>
    </rtept>
    <rtept lat="45.43794418" lon="15.14373893" >
      <name>rte1_584</name>
      <ele>180.00</ele>
    </rtept>
    <rtept lat="45.43788560" lon="15.14380908" >
      <name>rte1_585</name>
      <ele>180.00</ele>
    </rtept>
    <rtept lat="45.43783152" lon="15.14387924" >
      <name>rte1_586</name>
      <ele>191.20</ele>
    </rtept>
    <rtept lat="45.43777294" lon="15.14394939" >
      <name>rte1_587</name>
      <ele>185.38</ele>
    </rtept>
    <rtept lat="45.43770986" lon="15.14401953" >
      <name>rte1_588</name>
      <ele>185.38</ele>
    </rtept>
    <rtept lat="45.43765127" lon="15.14408968" >
      <name>rte1_589</name>
      <ele>185.38</ele>
    </rtept>
    <rtept lat="45.43758819" lon="15.14415981" >
      <name>rte1_590</name>
      <ele>182.37</ele>
    </rtept>
    <rtept lat="45.43752062" lon="15.14422994" >
      <name>rte1_591</name>
      <ele>182.37</ele>
    </rtept>
    <rtept lat="45.43745754" lon="15.14430008" >
      <name>rte1_592</name>
      <ele>182.37</ele>
    </rtept>
    <rtept lat="45.43738545" lon="15.14437658" >
      <name>rte1_593</name>
      <ele>182.37</ele>
    </rtept>
    <rtept lat="45.43731336" lon="15.14445309" >
      <name>rte1_594</name>
      <ele>180.00</ele>
    </rtept>
    <rtept lat="45.43724128" lon="15.14452320" >
      <name>rte1_595</name>
      <ele>181.91</ele>
    </rtept>
    <rtept lat="45.43716020" lon="15.14459968" >
      <name>rte1_596</name>
      <ele>181.91</ele>
    </rtept>
    <rtept lat="45.43707911" lon="15.14467616" >
      <name>rte1_597</name>
      <ele>180.00</ele>
    </rtept>
    <rtept lat="45.43699352" lon="15.14475902" >
      <name>rte1_598</name>
      <ele>180.00</ele>
    </rtept>
    <rtept lat="45.43690792" lon="15.14484188" >
      <name>rte1_599</name>
      <ele>181.84</ele>
    </rtept>
    <rtept lat="45.43684937" lon="15.14489286" >
      <name>rte1_600</name>
      <ele>181.84</ele>
    </rtept>
    <rtept lat="45.43679532" lon="15.14493745" >
      <name>rte1_601</name>
      <ele>181.84</ele>
    </rtept>
    <rtept lat="45.43674126" lon="15.14498844" >
      <name>rte1_602</name>
      <ele>181.84</ele>
    </rtept>
    <rtept lat="45.43668720" lon="15.14503943" >
      <name>rte1_603</name>
      <ele>180.00</ele>
    </rtept>
    <rtept lat="45.43663765" lon="15.14509042" >
      <name>rte1_604</name>
      <ele>180.00</ele>
    </rtept>
    <rtept lat="45.43658810" lon="15.14513503" >
      <name>rte1_605</name>
      <ele>182.34</ele>
    </rtept>
    <rtept lat="45.43653854" lon="15.14518603" >
      <name>rte1_606</name>
      <ele>182.34</ele>
    </rtept>
    <rtept lat="45.43648899" lon="15.14523064" >
      <name>rte1_607</name>
      <ele>182.34</ele>
    </rtept>
    <rtept lat="45.43644394" lon="15.14527525" >
      <name>rte1_608</name>
      <ele>180.00</ele>
    </rtept>
    <rtept lat="45.43639439" lon="15.14531986" >
      <name>rte1_609</name>
      <ele>180.00</ele>
    </rtept>
    <rtept lat="45.43634934" lon="15.14536448" >
      <name>rte1_610</name>
      <ele>180.00</ele>
    </rtept>
    <rtept lat="45.43630429" lon="15.14540910" >
      <name>rte1_611</name>
      <ele>180.00</ele>
    </rtept>
    <rtept lat="45.43625924" lon="15.14544733" >
      <name>rte1_612</name>
      <ele>181.49</ele>
    </rtept>
    <rtept lat="45.43621419" lon="15.14549194" >
      <name>rte1_613</name>
      <ele>180.53</ele>
    </rtept>
    <rtept lat="45.43616915" lon="15.14553017" >
      <name>rte1_614</name>
      <ele>180.53</ele>
    </rtept>
    <rtept lat="45.43612411" lon="15.14556840" >
      <name>rte1_615</name>
      <ele>180.53</ele>
    </rtept>
    <rtept lat="45.43607458" lon="15.14560022" >
      <name>rte1_616</name>
      <ele>180.53</ele>
    </rtept>
    <rtept lat="45.43602953" lon="15.14563845" >
      <name>rte1_617</name>
      <ele>180.53</ele>
    </rtept>
    <rtept lat="45.43598450" lon="15.14567029" >
      <name>rte1_618</name>
      <ele>180.00</ele>
    </rtept>
    <rtept lat="45.43593497" lon="15.14570211" >
      <name>rte1_619</name>
      <ele>180.00</ele>
    </rtept>
    <rtept lat="45.43588543" lon="15.14573394" >
      <name>rte1_620</name>
      <ele>180.00</ele>
    </rtept>
    <rtept lat="45.43583591" lon="15.14575937" >
      <name>rte1_621</name>
      <ele>185.47</ele>
    </rtept>
    <rtept lat="45.43578638" lon="15.14578480" >
      <name>rte1_622</name>
      <ele>182.03</ele>
    </rtept>
    <rtept lat="45.43573236" lon="15.14581023" >
      <name>rte1_623</name>
      <ele>182.03</ele>
    </rtept>
    <rtept lat="45.43568283" lon="15.14583566" >
      <name>rte1_624</name>
      <ele>182.03</ele>
    </rtept>
    <rtept lat="45.43562432" lon="15.14585468" >
      <name>rte1_625</name>
      <ele>182.03</ele>
    </rtept>
    <rtept lat="45.43557030" lon="15.14587371" >
      <name>rte1_626</name>
      <ele>187.92</ele>
    </rtept>
    <rtept lat="45.43551179" lon="15.14588634" >
      <name>rte1_627</name>
      <ele>187.92</ele>
    </rtept>
    <rtept lat="45.43544878" lon="15.14590535" >
      <name>rte1_628</name>
      <ele>187.92</ele>
    </rtept>
    <rtept lat="45.43539027" lon="15.14591798" >
      <name>rte1_629</name>
      <ele>187.92</ele>
    </rtept>
    <rtept lat="45.43532277" lon="15.14592419" >
      <name>rte1_630</name>
      <ele>183.10</ele>
    </rtept>
    <rtept lat="45.43525977" lon="15.14593681" >
      <name>rte1_631</name>
      <ele>183.10</ele>
    </rtept>
    <rtept lat="45.43509327" lon="15.14594915" >
      <name>rte1_632</name>
      <ele>183.43</ele>
    </rtept>
    <rtept lat="45.43493577" lon="15.14596792" >
      <name>rte1_633</name>
      <ele>183.43</ele>
    </rtept>
    <rtept lat="45.43478277" lon="15.14598669" >
      <name>rte1_634</name>
      <ele>181.87</ele>
    </rtept>
    <rtept lat="45.43462977" lon="15.14600546" >
      <name>rte1_635</name>
      <ele>180.00</ele>
    </rtept>
    <rtept lat="45.43448127" lon="15.14602424" >
      <name>rte1_636</name>
      <ele>180.00</ele>
    </rtept>
    <rtept lat="45.43433727" lon="15.14604304" >
      <name>rte1_637</name>
      <ele>180.00</ele>
    </rtept>
    <rtept lat="45.43419776" lon="15.14606824" >
      <name>rte1_638</name>
      <ele>185.73</ele>
    </rtept>
    <rtept lat="45.43405825" lon="15.14609344" >
      <name>rte1_639</name>
      <ele>185.73</ele>
    </rtept>
    <rtept lat="45.43392323" lon="15.14611864" >
      <name>rte1_640</name>
      <ele>182.37</ele>
    </rtept>
    <rtept lat="45.43378821" lon="15.14615024" >
      <name>rte1_641</name>
      <ele>182.37</ele>
    </rtept>
    <rtept lat="45.43365769" lon="15.14618186" >
      <name>rte1_642</name>
      <ele>181.08</ele>
    </rtept>
    <rtept lat="45.43352717" lon="15.14621347" >
      <name>rte1_643</name>
      <ele>180.00</ele>
    </rtept>
    <rtept lat="45.43340114" lon="15.14625148" >
      <name>rte1_644</name>
      <ele>180.00</ele>
    </rtept>
    <rtept lat="45.43327510" lon="15.14629588" >
      <name>rte1_645</name>
      <ele>180.00</ele>
    </rtept>
    <rtept lat="45.43314906" lon="15.14634029" >
      <name>rte1_646</name>
      <ele>180.00</ele>
    </rtept>
    <rtept lat="45.43302752" lon="15.14639109" >
      <name>rte1_647</name>
      <ele>190.15</ele>
    </rtept>
    <rtept lat="45.43290147" lon="15.14644189" >
      <name>rte1_648</name>
      <ele>190.15</ele>
    </rtept>
    <rtept lat="45.43278441" lon="15.14649909" >
      <name>rte1_649</name>
      <ele>187.55</ele>
    </rtept>
    <rtept lat="45.43266286" lon="15.14655629" >
      <name>rte1_650</name>
      <ele>187.55</ele>
    </rtept>
    <rtept lat="45.43254129" lon="15.14661987" >
      <name>rte1_651</name>
      <ele>184.79</ele>
    </rtept>
    <rtept lat="45.43241972" lon="15.14668985" >
      <name>rte1_652</name>
      <ele>180.61</ele>
    </rtept>
    <rtept lat="45.43230264" lon="15.14676623" >
      <name>rte1_653</name>
      <ele>186.81</ele>
    </rtept>
    <rtept lat="45.43218105" lon="15.14684898" >
      <name>rte1_654</name>
      <ele>182.55</ele>
    </rtept>
    <rtept lat="45.43205946" lon="15.14693174" >
      <name>rte1_655</name>
      <ele>182.55</ele>
    </rtept>
    <rtept lat="45.43193785" lon="15.14702727" >
      <name>rte1_656</name>
      <ele>185.07</ele>
    </rtept>
    <rtept lat="45.43181625" lon="15.14712280" >
      <name>rte1_657</name>
      <ele>185.07</ele>
    </rtept>
    <rtept lat="45.43169013" lon="15.14722472" >
      <name>rte1_658</name>
      <ele>180.00</ele>
    </rtept>
    <rtept lat="45.43156851" lon="15.14733303" >
      <name>rte1_659</name>
      <ele>188.14</ele>
    </rtept>
    <rtept lat="45.43144238" lon="15.14744772" >
      <name>rte1_660</name>
      <ele>185.50</ele>
    </rtept>
    <rtept lat="45.43131173" lon="15.14757518" >
      <name>rte1_661</name>
      <ele>185.50</ele>
    </rtept>
    <rtept lat="45.43118559" lon="15.14770266" >
      <name>rte1_662</name>
      <ele>184.71</ele>
    </rtept>
    <rtept lat="45.43105492" lon="15.14784290" >
      <name>rte1_663</name>
      <ele>184.74</ele>
    </rtept>
    <rtept lat="45.43096481" lon="15.14793851" >
      <name>rte1_664</name>
      <ele>184.74</ele>
    </rtept>
    <rtept lat="45.43087920" lon="15.14803414" >
      <name>rte1_665</name>
      <ele>189.15</ele>
    </rtept>
    <rtept lat="45.43079809" lon="15.14812977" >
      <name>rte1_666</name>
      <ele>184.00</ele>
    </rtept>
    <rtept lat="45.43072147" lon="15.14822542" >
      <name>rte1_667</name>
      <ele>184.00</ele>
    </rtept>
    <rtept lat="45.43064936" lon="15.14832108" >
      <name>rte1_668</name>
      <ele>194.88</ele>
    </rtept>
    <rtept lat="45.43058174" lon="15.14841676" >
      <name>rte1_669</name>
      <ele>184.56</ele>
    </rtept>
    <rtept lat="45.43051413" lon="15.14851243" >
      <name>rte1_670</name>
      <ele>184.56</ele>
    </rtept>
    <rtept lat="45.43045101" lon="15.14860811" >
      <name>rte1_671</name>
      <ele>193.33</ele>
    </rtept>
    <rtept lat="45.43038789" lon="15.14870380" >
      <name>rte1_672</name>
      <ele>180.00</ele>
    </rtept>
    <rtept lat="45.43032928" lon="15.14879950" >
      <name>rte1_673</name>
      <ele>180.00</ele>
    </rtept>
    <rtept lat="45.43027066" lon="15.14889519" >
      <name>rte1_674</name>
      <ele>180.00</ele>
    </rtept>
    <rtept lat="45.43021204" lon="15.14899089" >
      <name>rte1_675</name>
      <ele>200.00</ele>
    </rtept>
    <rtept lat="45.43015792" lon="15.14908659" >
      <name>rte1_676</name>
      <ele>190.80</ele>
    </rtept>
    <rtept lat="45.43010380" lon="15.14918230" >
      <name>rte1_677</name>
      <ele>190.80</ele>
    </rtept>
    <rtept lat="45.43004969" lon="15.14927801" >
      <name>rte1_678</name>
      <ele>195.80</ele>
    </rtept>
    <rtept lat="45.42999557" lon="15.14937371" >
      <name>rte1_679</name>
      <ele>195.80</ele>
    </rtept>
    <rtept lat="45.42994145" lon="15.14946942" >
      <name>rte1_680</name>
      <ele>180.00</ele>
    </rtept>
    <rtept lat="45.42988733" lon="15.14956513" >
      <name>rte1_681</name>
      <ele>186.81</ele>
    </rtept>
    <rtept lat="45.42983321" lon="15.14966083" >
      <name>rte1_682</name>
      <ele>186.81</ele>
    </rtept>
    <rtept lat="45.42977909" lon="15.14975654" >
      <name>rte1_683</name>
      <ele>186.81</ele>
    </rtept>
    <rtept lat="45.42972497" lon="15.14985225" >
      <name>rte1_684</name>
      <ele>186.81</ele>
    </rtept>
    <rtept lat="45.42966636" lon="15.14994794" >
      <name>rte1_685</name>
      <ele>186.86</ele>
    </rtept>
    <rtept lat="45.42960774" lon="15.15004363" >
      <name>rte1_686</name>
      <ele>186.86</ele>
    </rtept>
    <rtept lat="45.42954462" lon="15.15013931" >
      <name>rte1_687</name>
      <ele>186.86</ele>
    </rtept>
    <rtept lat="45.42948149" lon="15.15024139" >
      <name>rte1_688</name>
      <ele>180.00</ele>
    </rtept>
    <rtept lat="45.42941388" lon="15.15033705" >
      <name>rte1_689</name>
      <ele>180.00</ele>
    </rtept>
    <rtept lat="45.42934626" lon="15.15043272" >
      <name>rte1_690</name>
      <ele>180.00</ele>
    </rtept>
    <rtept lat="45.42927413" lon="15.15053477" >
      <name>rte1_691</name>
      <ele>202.81</ele>
    </rtept>
    <rtept lat="45.42920202" lon="15.15063042" >
      <name>rte1_692</name>
      <ele>191.21</ele>
    </rtept>
    <rtept lat="45.42912090" lon="15.15072606" >
      <name>rte1_693</name>
      <ele>191.21</ele>
    </rtept>
    <rtept lat="45.42903978" lon="15.15082808" >
      <name>rte1_694</name>
      <ele>185.24</ele>
    </rtept>
    <rtept lat="45.42895415" lon="15.15093009" >
      <name>rte1_695</name>
      <ele>188.80</ele>
    </rtept>
    <rtept lat="45.42886855" lon="15.15101931" >
      <name>rte1_696</name>
      <ele>188.80</ele>
    </rtept>
    <rtept lat="45.42878744" lon="15.15110855" >
      <name>rte1_697</name>
      <ele>181.26</ele>
    </rtept>
    <rtept lat="45.42871084" lon="15.15119142" >
      <name>rte1_698</name>
      <ele>182.13</ele>
    </rtept>
    <rtept lat="45.42863424" lon="15.15127428" >
      <name>rte1_699</name>
      <ele>182.13</ele>
    </rtept>
    <rtept lat="45.42855764" lon="15.15135714" >
      <name>rte1_700</name>
      <ele>180.00</ele>
    </rtept>
    <rtept lat="45.42848554" lon="15.15144001" >
      <name>rte1_701</name>
      <ele>180.00</ele>
    </rtept>
    <rtept lat="45.42841345" lon="15.15151650" >
      <name>rte1_702</name>
      <ele>187.74</ele>
    </rtept>
    <rtept lat="45.42834586" lon="15.15159299" >
      <name>rte1_703</name>
      <ele>181.61</ele>
    </rtept>
    <rtept lat="45.42827826" lon="15.15166949" >
      <name>rte1_704</name>
      <ele>181.61</ele>
    </rtept>
    <rtept lat="45.42821067" lon="15.15174598" >
      <name>rte1_705</name>
      <ele>181.61</ele>
    </rtept>
    <rtept lat="45.42814758" lon="15.15182249" >
      <name>rte1_706</name>
      <ele>188.96</ele>
    </rtept>
    <rtept lat="45.42807999" lon="15.15189899" >
      <name>rte1_707</name>
      <ele>183.68</ele>
    </rtept>
    <rtept lat="45.42802140" lon="15.15196912" >
      <name>rte1_708</name>
      <ele>183.68</ele>
    </rtept>
    <rtept lat="45.42795831" lon="15.15204562" >
      <name>rte1_709</name>
      <ele>183.68</ele>
    </rtept>
    <rtept lat="45.42789521" lon="15.15212213" >
      <name>rte1_710</name>
      <ele>187.72</ele>
    </rtept>
    <rtept lat="45.42783662" lon="15.15219865" >
      <name>rte1_711</name>
      <ele>187.72</ele>
    </rtept>
    <rtept lat="45.42777802" lon="15.15228156" >
      <name>rte1_712</name>
      <ele>187.72</ele>
    </rtept>
    <rtept lat="45.42771942" lon="15.15235808" >
      <name>rte1_713</name>
      <ele>187.72</ele>
    </rtept>
    <rtept lat="45.42766532" lon="15.15244100" >
      <name>rte1_714</name>
      <ele>180.39</ele>
    </rtept>
    <rtept lat="45.42760671" lon="15.15252390" >
      <name>rte1_715</name>
      <ele>180.39</ele>
    </rtept>
    <rtept lat="45.42755261" lon="15.15260682" >
      <name>rte1_716</name>
      <ele>180.39</ele>
    </rtept>
    <rtept lat="45.42749400" lon="15.15269612" >
      <name>rte1_717</name>
      <ele>180.39</ele>
    </rtept>
    <rtept lat="45.42743989" lon="15.15278543" >
      <name>rte1_718</name>
      <ele>184.55</ele>
    </rtept>
    <rtept lat="45.42738576" lon="15.15288113" >
      <name>rte1_719</name>
      <ele>184.55</ele>
    </rtept>
    <rtept lat="45.42733164" lon="15.15297683" >
      <name>rte1_720</name>
      <ele>184.55</ele>
    </rtept>
    <rtept lat="45.42727752" lon="15.15307253" >
      <name>rte1_721</name>
      <ele>196.82</ele>
    </rtept>
    <rtept lat="45.42722338" lon="15.15318101" >
      <name>rte1_722</name>
      <ele>187.00</ele>
    </rtept>
    <rtept lat="45.42716475" lon="15.15328308" >
      <name>rte1_723</name>
      <ele>187.00</ele>
    </rtept>
    <rtept lat="45.42711061" lon="15.15339795" >
      <name>rte1_724</name>
      <ele>185.42</ele>
    </rtept>
    <rtept lat="45.42705646" lon="15.15351282" >
      <name>rte1_725</name>
      <ele>185.42</ele>
    </rtept>
    <rtept lat="45.42700230" lon="15.15363407" >
      <name>rte1_726</name>
      <ele>180.00</ele>
    </rtept>
    <rtept lat="45.42694813" lon="15.15376172" >
      <name>rte1_727</name>
      <ele>180.00</ele>
    </rtept>
    <rtept lat="45.42688947" lon="15.15388935" >
      <name>rte1_728</name>
      <ele>180.00</ele>
    </rtept>
    <rtept lat="45.42683530" lon="15.15401700" >
      <name>rte1_729</name>
      <ele>180.00</ele>
    </rtept>
    <rtept lat="45.42678115" lon="15.15413825" >
      <name>rte1_730</name>
      <ele>180.00</ele>
    </rtept>
    <rtept lat="45.42672699" lon="15.15425951" >
      <name>rte1_731</name>
      <ele>180.00</ele>
    </rtept>
    <rtept lat="45.42667734" lon="15.15437439" >
      <name>rte1_732</name>
      <ele>182.77</ele>
    </rtept>
    <rtept lat="45.42662769" lon="15.15448926" >
      <name>rte1_733</name>
      <ele>182.77</ele>
    </rtept>
    <rtept lat="45.42658255" lon="15.15459776" >
      <name>rte1_734</name>
      <ele>182.77</ele>
    </rtept>
    <rtept lat="45.42653291" lon="15.15470625" >
      <name>rte1_735</name>
      <ele>181.73</ele>
    </rtept>
    <rtept lat="45.42648776" lon="15.15481475" >
      <name>rte1_736</name>
      <ele>181.73</ele>
    </rtept>
    <rtept lat="45.42644263" lon="15.15491686" >
      <name>rte1_737</name>
      <ele>181.73</ele>
    </rtept>
    <rtept lat="45.42639749" lon="15.15502536" >
      <name>rte1_738</name>
      <ele>187.09</ele>
    </rtept>
    <rtept lat="45.42635236" lon="15.15512747" >
      <name>rte1_739</name>
      <ele>187.09</ele>
    </rtept>
    <rtept lat="45.42631172" lon="15.15522959" >
      <name>rte1_740</name>
      <ele>181.65</ele>
    </rtept>
    <rtept lat="45.42627109" lon="15.15533172" >
      <name>rte1_741</name>
      <ele>187.11</ele>
    </rtept>
    <rtept lat="45.42622595" lon="15.15543382" >
      <name>rte1_742</name>
      <ele>187.11</ele>
    </rtept>
    <rtept lat="45.42618533" lon="15.15552956" >
      <name>rte1_743</name>
      <ele>187.11</ele>
    </rtept>
    <rtept lat="45.42614469" lon="15.15563168" >
      <name>rte1_744</name>
      <ele>193.00</ele>
    </rtept>
    <rtept lat="45.42610406" lon="15.15573380" >
      <name>rte1_745</name>
      <ele>180.00</ele>
    </rtept>
    <rtept lat="45.42606342" lon="15.15583592" >
      <name>rte1_746</name>
      <ele>180.00</ele>
    </rtept>
    <rtept lat="45.42602728" lon="15.15594444" >
      <name>rte1_747</name>
      <ele>180.00</ele>
    </rtept>
    <rtept lat="45.42598664" lon="15.15604656" >
      <name>rte1_748</name>
      <ele>180.00</ele>
    </rtept>
    <rtept lat="45.42594600" lon="15.15615507" >
      <name>rte1_749</name>
      <ele>180.00</ele>
    </rtept>
    <rtept lat="45.42590536" lon="15.15626358" >
      <name>rte1_750</name>
      <ele>190.37</ele>
    </rtept>
    <rtept lat="45.42586471" lon="15.15637209" >
      <name>rte1_751</name>
      <ele>182.07</ele>
    </rtept>
    <rtept lat="45.42582406" lon="15.15648699" >
      <name>rte1_752</name>
      <ele>182.07</ele>
    </rtept>
    <rtept lat="45.42577891" lon="15.15660188" >
      <name>rte1_753</name>
      <ele>183.95</ele>
    </rtept>
    <rtept lat="45.42573824" lon="15.15672317" >
      <name>rte1_754</name>
      <ele>183.95</ele>
    </rtept>
    <rtept lat="45.42569758" lon="15.15684446" >
      <name>rte1_755</name>
      <ele>183.95</ele>
    </rtept>
    <rtept lat="45.42565241" lon="15.15697212" >
      <name>rte1_756</name>
      <ele>175.45</ele>
    </rtept>
    <rtept lat="45.42561173" lon="15.15710619" >
      <name>rte1_757</name>
      <ele>175.45</ele>
    </rtept>
    <rtept lat="45.42556655" lon="15.15724025" >
      <name>rte1_758</name>
      <ele>179.20</ele>
    </rtept>
    <rtept lat="45.42552136" lon="15.15738069" >
      <name>rte1_759</name>
      <ele>179.20</ele>
    </rtept>
    <rtept lat="45.42548071" lon="15.15749559" >
      <name>rte1_760</name>
      <ele>179.20</ele>
    </rtept>
    <rtept lat="45.42544454" lon="15.15761689" >
      <name>rte1_761</name>
      <ele>182.77</ele>
    </rtept>
    <rtept lat="45.42541289" lon="15.15773181" >
      <name>rte1_762</name>
      <ele>171.17</ele>
    </rtept>
    <rtept lat="45.42538123" lon="15.15784673" >
      <name>rte1_763</name>
      <ele>171.17</ele>
    </rtept>
    <rtept lat="45.42534959" lon="15.15795527" >
      <name>rte1_764</name>
      <ele>173.64</ele>
    </rtept>
    <rtept lat="45.42532694" lon="15.15806382" >
      <name>rte1_765</name>
      <ele>173.64</ele>
    </rtept>
    <rtept lat="45.42529979" lon="15.15817237" >
      <name>rte1_766</name>
      <ele>173.64</ele>
    </rtept>
    <rtept lat="45.42527714" lon="15.15828093" >
      <name>rte1_767</name>
      <ele>179.22</ele>
    </rtept>
    <rtept lat="45.42525900" lon="15.15838311" >
      <name>rte1_768</name>
      <ele>179.22</ele>
    </rtept>
    <rtept lat="45.42523636" lon="15.15848528" >
      <name>rte1_769</name>
      <ele>179.22</ele>
    </rtept>
    <rtept lat="45.42521822" lon="15.15858746" >
      <name>rte1_770</name>
      <ele>184.55</ele>
    </rtept>
    <rtept lat="45.42520008" lon="15.15868964" >
      <name>rte1_771</name>
      <ele>174.76</ele>
    </rtept>
    <rtept lat="45.42518644" lon="15.15879184" >
      <name>rte1_772</name>
      <ele>174.76</ele>
    </rtept>
    <rtept lat="45.42516830" lon="15.15888763" >
      <name>rte1_773</name>
      <ele>175.07</ele>
    </rtept>
    <rtept lat="45.42515466" lon="15.15898982" >
      <name>rte1_774</name>
      <ele>175.07</ele>
    </rtept>
    <rtept lat="45.42513652" lon="15.15909200" >
      <name>rte1_775</name>
      <ele>175.07</ele>
    </rtept>
    <rtept lat="45.42512289" lon="15.15918781" >
      <name>rte1_776</name>
      <ele>177.92</ele>
    </rtept>
    <rtept lat="45.42510925" lon="15.15929000" >
      <name>rte1_777</name>
      <ele>177.92</ele>
    </rtept>
    <rtept lat="45.42509111" lon="15.15939218" >
      <name>rte1_778</name>
      <ele>177.92</ele>
    </rtept>
    <rtept lat="45.42507747" lon="15.15948799" >
      <name>rte1_779</name>
      <ele>183.04</ele>
    </rtept>
    <rtept lat="45.42505933" lon="15.15959017" >
      <name>rte1_780</name>
      <ele>183.04</ele>
    </rtept>
    <rtept lat="45.42504119" lon="15.15969235" >
      <name>rte1_781</name>
      <ele>183.04</ele>
    </rtept>
    <rtept lat="45.42502304" lon="15.15980092" >
      <name>rte1_782</name>
      <ele>189.19</ele>
    </rtept>
    <rtept lat="45.42500490" lon="15.15990310" >
      <name>rte1_783</name>
      <ele>189.19</ele>
    </rtept>
    <rtept lat="45.42498674" lon="15.16001167" >
      <name>rte1_784</name>
      <ele>189.19</ele>
    </rtept>
    <rtept lat="45.42496409" lon="15.16012022" >
      <name>rte1_785</name>
      <ele>180.23</ele>
    </rtept>
    <rtept lat="45.42494144" lon="15.16022878" >
      <name>rte1_786</name>
      <ele>180.23</ele>
    </rtept>
    <rtept lat="45.42491428" lon="15.16034371" >
      <name>rte1_787</name>
      <ele>180.23</ele>
    </rtept>
    <rtept lat="45.42488713" lon="15.16045865" >
      <name>rte1_788</name>
      <ele>190.00</ele>
    </rtept>
    <rtept lat="45.42485547" lon="15.16057357" >
      <name>rte1_789</name>
      <ele>190.00</ele>
    </rtept>
    <rtept lat="45.42482380" lon="15.16069488" >
      <name>rte1_790</name>
      <ele>190.00</ele>
    </rtept>
    <rtept lat="45.42479212" lon="15.16082258" >
      <name>rte1_791</name>
      <ele>197.52</ele>
    </rtept>
    <rtept lat="45.42474692" lon="15.16096941" >
      <name>rte1_792</name>
      <ele>170.00</ele>
    </rtept>
    <rtept lat="45.42470172" lon="15.16111623" >
      <name>rte1_793</name>
      <ele>183.97</ele>
    </rtept>
    <rtept lat="45.42466102" lon="15.16125669" >
      <name>rte1_794</name>
      <ele>183.97</ele>
    </rtept>
    <rtept lat="45.42461584" lon="15.16139073" >
      <name>rte1_795</name>
      <ele>194.30</ele>
    </rtept>
    <rtept lat="45.42457515" lon="15.16152480" >
      <name>rte1_796</name>
      <ele>194.30</ele>
    </rtept>
    <rtept lat="45.42453448" lon="15.16165247" >
      <name>rte1_797</name>
      <ele>194.30</ele>
    </rtept>
    <rtept lat="45.42449380" lon="15.16178014" >
      <name>rte1_798</name>
      <ele>185.80</ele>
    </rtept>
    <rtept lat="45.42445313" lon="15.16190142" >
      <name>rte1_799</name>
      <ele>185.80</ele>
    </rtept>
    <rtept lat="45.42440796" lon="15.16202269" >
      <name>rte1_800</name>
      <ele>189.05</ele>
    </rtept>
    <rtept lat="45.42436731" lon="15.16213758" >
      <name>rte1_801</name>
      <ele>189.05</ele>
    </rtept>
    <rtept lat="45.42432665" lon="15.16225248" >
      <name>rte1_802</name>
      <ele>189.05</ele>
    </rtept>
    <rtept lat="45.42428599" lon="15.16236737" >
      <name>rte1_803</name>
      <ele>187.80</ele>
    </rtept>
    <rtept lat="45.42424533" lon="15.16248226" >
      <name>rte1_804</name>
      <ele>187.80</ele>
    </rtept>
    <rtept lat="45.42420018" lon="15.16259075" >
      <name>rte1_805</name>
      <ele>187.80</ele>
    </rtept>
    <rtept lat="45.42415953" lon="15.16269925" >
      <name>rte1_806</name>
      <ele>195.65</ele>
    </rtept>
    <rtept lat="45.42411438" lon="15.16280774" >
      <name>rte1_807</name>
      <ele>195.65</ele>
    </rtept>
    <rtept lat="45.42406923" lon="15.16291623" >
      <name>rte1_808</name>
      <ele>181.16</ele>
    </rtept>
    <rtept lat="45.42402859" lon="15.16301834" >
      <name>rte1_809</name>
      <ele>188.37</ele>
    </rtept>
    <rtept lat="45.42397894" lon="15.16312682" >
      <name>rte1_810</name>
      <ele>188.37</ele>
    </rtept>
    <rtept lat="45.42393379" lon="15.16323530" >
      <name>rte1_811</name>
      <ele>188.37</ele>
    </rtept>
    <rtept lat="45.42388414" lon="15.16334378" >
      <name>rte1_812</name>
      <ele>180.00</ele>
    </rtept>
    <rtept lat="45.42383449" lon="15.16345225" >
      <name>rte1_813</name>
      <ele>176.86</ele>
    </rtept>
    <rtept lat="45.42378484" lon="15.16356073" >
      <name>rte1_814</name>
      <ele>176.86</ele>
    </rtept>
    <rtept lat="45.42373518" lon="15.16367559" >
      <name>rte1_815</name>
      <ele>184.83</ele>
    </rtept>
    <rtept lat="45.42368103" lon="15.16378405" >
      <name>rte1_816</name>
      <ele>184.83</ele>
    </rtept>
    <rtept lat="45.42362687" lon="15.16389890" >
      <name>rte1_817</name>
      <ele>181.62</ele>
    </rtept>
    <rtept lat="45.42356821" lon="15.16402013" >
      <name>rte1_818</name>
      <ele>186.86</ele>
    </rtept>
    <rtept lat="45.42350954" lon="15.16414136" >
      <name>rte1_819</name>
      <ele>186.86</ele>
    </rtept>
    <rtept lat="45.42345087" lon="15.16426258" >
      <name>rte1_820</name>
      <ele>200.00</ele>
    </rtept>
    <rtept lat="45.42338771" lon="15.16438379" >
      <name>rte1_821</name>
      <ele>182.70</ele>
    </rtept>
    <rtept lat="45.42332452" lon="15.16451778" >
      <name>rte1_822</name>
      <ele>182.70</ele>
    </rtept>
    <rtept lat="45.42326133" lon="15.16465177" >
      <name>rte1_823</name>
      <ele>192.91</ele>
    </rtept>
    <rtept lat="45.42320720" lon="15.16474746" >
      <name>rte1_824</name>
      <ele>192.91</ele>
    </rtept>
    <rtept lat="45.42316206" lon="15.16484955" >
      <name>rte1_825</name>
      <ele>170.00</ele>
    </rtept>
    <rtept lat="45.42311243" lon="15.16494524" >
      <name>rte1_826</name>
      <ele>186.26</ele>
    </rtept>
    <rtept lat="45.42306729" lon="15.16504734" >
      <name>rte1_827</name>
      <ele>186.26</ele>
    </rtept>
    <rtept lat="45.42302215" lon="15.16514305" >
      <name>rte1_828</name>
      <ele>186.26</ele>
    </rtept>
    <rtept lat="45.42298152" lon="15.16523877" >
      <name>rte1_829</name>
      <ele>188.36</ele>
    </rtept>
    <rtept lat="45.42294088" lon="15.16534088" >
      <name>rte1_830</name>
      <ele>174.55</ele>
    </rtept>
    <rtept lat="45.42290474" lon="15.16543661" >
      <name>rte1_831</name>
      <ele>174.55</ele>
    </rtept>
    <rtept lat="45.42286411" lon="15.16553233" >
      <name>rte1_832</name>
      <ele>180.46</ele>
    </rtept>
    <rtept lat="45.42283247" lon="15.16562807" >
      <name>rte1_833</name>
      <ele>180.46</ele>
    </rtept>
    <rtept lat="45.42279633" lon="15.16573019" >
      <name>rte1_834</name>
      <ele>180.46</ele>
    </rtept>
    <rtept lat="45.42276919" lon="15.16582595" >
      <name>rte1_835</name>
      <ele>180.46</ele>
    </rtept>
    <rtept lat="45.42274205" lon="15.16592171" >
      <name>rte1_836</name>
      <ele>184.39</ele>
    </rtept>
    <rtept lat="45.42271492" lon="15.16601747" >
      <name>rte1_837</name>
      <ele>172.47</ele>
    </rtept>
    <rtept lat="45.42269227" lon="15.16611963" >
      <name>rte1_838</name>
      <ele>172.47</ele>
    </rtept>
    <rtept lat="45.42266963" lon="15.16621540" >
      <name>rte1_839</name>
      <ele>175.09</ele>
    </rtept>
    <rtept lat="45.42265150" lon="15.16631119" >
      <name>rte1_840</name>
      <ele>175.09</ele>
    </rtept>
    <rtept lat="45.42263785" lon="15.16641338" >
      <name>rte1_841</name>
      <ele>175.09</ele>
    </rtept>
    <rtept lat="45.42262421" lon="15.16650917" >
      <name>rte1_842</name>
      <ele>175.33</ele>
    </rtept>
    <rtept lat="45.42261506" lon="15.16661137" >
      <name>rte1_843</name>
      <ele>175.33</ele>
    </rtept>
    <rtept lat="45.42261041" lon="15.16671359" >
      <name>rte1_844</name>
      <ele>175.33</ele>
    </rtept>
    <rtept lat="45.42261027" lon="15.16680943" >
      <name>rte1_845</name>
      <ele>172.83</ele>
    </rtept>
    <rtept lat="45.42261012" lon="15.16691165" >
      <name>rte1_846</name>
      <ele>172.83</ele>
    </rtept>
    <rtept lat="45.42261446" lon="15.16701390" >
      <name>rte1_847</name>
      <ele>172.83</ele>
    </rtept>
    <rtept lat="45.42261880" lon="15.16712253" >
      <name>rte1_848</name>
      <ele>170.00</ele>
    </rtept>
    <rtept lat="45.42263215" lon="15.16722479" >
      <name>rte1_849</name>
      <ele>170.00</ele>
    </rtept>
    <rtept lat="45.42264550" lon="15.16732706" >
      <name>rte1_850</name>
      <ele>170.00</ele>
    </rtept>
    <rtept lat="45.42266333" lon="15.16743573" >
      <name>rte1_851</name>
      <ele>170.00</ele>
    </rtept>
    <rtept lat="45.42268567" lon="15.16754442" >
      <name>rte1_852</name>
      <ele>170.00</ele>
    </rtept>
    <rtept lat="45.42271250" lon="15.16765311" >
      <name>rte1_853</name>
      <ele>170.00</ele>
    </rtept>
    <rtept lat="45.42274384" lon="15.16776183" >
      <name>rte1_854</name>
      <ele>170.00</ele>
    </rtept>
    <rtept lat="45.42277966" lon="15.16787694" >
      <name>rte1_855</name>
      <ele>170.00</ele>
    </rtept>
    <rtept lat="45.42282444" lon="15.16801764" >
      <name>rte1_856</name>
      <ele>170.00</ele>
    </rtept>
    <rtept lat="45.42287373" lon="15.16815835" >
      <name>rte1_857</name>
      <ele>170.00</ele>
    </rtept>
    <rtept lat="45.42292301" lon="15.16829906" >
      <name>rte1_858</name>
      <ele>170.00</ele>
    </rtept>
    <rtept lat="45.42297230" lon="15.16843338" >
      <name>rte1_859</name>
      <ele>170.00</ele>
    </rtept>
    <rtept lat="45.42302160" lon="15.16856771" >
      <name>rte1_860</name>
      <ele>170.00</ele>
    </rtept>
    <rtept lat="45.42307090" lon="15.16869564" >
      <name>rte1_861</name>
      <ele>170.00</ele>
    </rtept>
    <rtept lat="45.42311570" lon="15.16882356" >
      <name>rte1_862</name>
      <ele>170.00</ele>
    </rtept>
    <rtept lat="45.42316501" lon="15.16894511" >
      <name>rte1_863</name>
      <ele>170.00</ele>
    </rtept>
    <rtept lat="45.42320981" lon="15.16907303" >
      <name>rte1_864</name>
      <ele>176.29</ele>
    </rtept>
    <rtept lat="45.42325462" lon="15.16919456" >
      <name>rte1_865</name>
      <ele>176.29</ele>
    </rtept>
    <rtept lat="45.42329943" lon="15.16931610" >
      <name>rte1_866</name>
      <ele>176.29</ele>
    </rtept>
    <rtept lat="45.42334426" lon="15.16943124" >
      <name>rte1_867</name>
      <ele>175.30</ele>
    </rtept>
    <rtept lat="45.42338457" lon="15.16955276" >
      <name>rte1_868</name>
      <ele>175.30</ele>
    </rtept>
    <rtept lat="45.42342489" lon="15.16966789" >
      <name>rte1_869</name>
      <ele>180.00</ele>
    </rtept>
    <rtept lat="45.42346070" lon="15.16978939" >
      <name>rte1_870</name>
      <ele>178.10</ele>
    </rtept>
    <rtept lat="45.42349652" lon="15.16990451" >
      <name>rte1_871</name>
      <ele>178.10</ele>
    </rtept>
    <rtept lat="45.42352783" lon="15.17002600" >
      <name>rte1_872</name>
      <ele>175.56</ele>
    </rtept>
    <rtept lat="45.42355915" lon="15.17014750" >
      <name>rte1_873</name>
      <ele>175.56</ele>
    </rtept>
    <rtept lat="45.42358597" lon="15.17026259" >
      <name>rte1_874</name>
      <ele>175.56</ele>
    </rtept>
    <rtept lat="45.42360828" lon="15.17038405" >
      <name>rte1_875</name>
      <ele>172.26</ele>
    </rtept>
    <rtept lat="45.42363059" lon="15.17051191" >
      <name>rte1_876</name>
      <ele>184.65</ele>
    </rtept>
    <rtept lat="45.42364840" lon="15.17063336" >
      <name>rte1_877</name>
      <ele>184.02</ele>
    </rtept>
    <rtept lat="45.42366620" lon="15.17076120" >
      <name>rte1_878</name>
      <ele>184.02</ele>
    </rtept>
    <rtept lat="45.42367501" lon="15.17088901" >
      <name>rte1_879</name>
      <ele>184.02</ele>
    </rtept>
    <rtept lat="45.42368381" lon="15.17102322" >
      <name>rte1_880</name>
      <ele>180.07</ele>
    </rtept>
    <rtept lat="45.42368811" lon="15.17115102" >
      <name>rte1_881</name>
      <ele>180.07</ele>
    </rtept>
    <rtept lat="45.42368790" lon="15.17129158" >
      <name>rte1_882</name>
      <ele>183.04</ele>
    </rtept>
    <rtept lat="45.42368319" lon="15.17143214" >
      <name>rte1_883</name>
      <ele>183.04</ele>
    </rtept>
    <rtept lat="45.42367397" lon="15.17157267" >
      <name>rte1_884</name>
      <ele>183.04</ele>
    </rtept>
    <rtept lat="45.42366475" lon="15.17171960" >
      <name>rte1_885</name>
      <ele>181.31</ele>
    </rtept>
    <rtept lat="45.42364652" lon="15.17187289" >
      <name>rte1_886</name>
      <ele>181.31</ele>
    </rtept>
    <rtept lat="45.42362378" lon="15.17203255" >
      <name>rte1_887</name>
      <ele>188.33</ele>
    </rtept>
    <rtept lat="45.42361017" lon="15.17210919" >
      <name>rte1_888</name>
      <ele>179.30</ele>
    </rtept>
    <rtept lat="45.42359204" lon="15.17219219" >
      <name>rte1_889</name>
      <ele>179.30</ele>
    </rtept>
    <rtept lat="45.42357843" lon="15.17226882" >
      <name>rte1_890</name>
      <ele>184.46</ele>
    </rtept>
    <rtept lat="45.42356481" lon="15.17234545" >
      <name>rte1_891</name>
      <ele>184.46</ele>
    </rtept>
    <rtept lat="45.42355121" lon="15.17241569" >
      <name>rte1_892</name>
      <ele>184.46</ele>
    </rtept>
    <rtept lat="45.42353760" lon="15.17248593" >
      <name>rte1_893</name>
      <ele>184.46</ele>
    </rtept>
    <rtept lat="45.42352400" lon="15.17255618" >
      <name>rte1_894</name>
      <ele>188.96</ele>
    </rtept>
    <rtept lat="45.42351040" lon="15.17262003" >
      <name>rte1_895</name>
      <ele>188.96</ele>
    </rtept>
    <rtept lat="45.42349680" lon="15.17269027" >
      <name>rte1_896</name>
      <ele>188.96</ele>
    </rtept>
    <rtept lat="45.42347870" lon="15.17275411" >
      <name>rte1_897</name>
      <ele>188.96</ele>
    </rtept>
    <rtept lat="45.42346511" lon="15.17281796" >
      <name>rte1_898</name>
      <ele>188.96</ele>
    </rtept>
    <rtept lat="45.42344702" lon="15.17287541" >
      <name>rte1_899</name>
      <ele>194.44</ele>
    </rtept>
    <rtept lat="45.42343343" lon="15.17293926" >
      <name>rte1_900</name>
      <ele>194.44</ele>
    </rtept>
    <rtept lat="45.42341533" lon="15.17300309" >
      <name>rte1_901</name>
      <ele>194.44</ele>
    </rtept>
    <rtept lat="45.42337916" lon="15.17311799" >
      <name>rte1_902</name>
      <ele>176.74</ele>
    </rtept>
    <rtept lat="45.42336107" lon="15.17318183" >
      <name>rte1_903</name>
      <ele>176.74</ele>
    </rtept>
    <rtept lat="45.42334298" lon="15.17323928" >
      <name>rte1_904</name>
      <ele>188.35</ele>
    </rtept>
    <rtept lat="45.42332490" lon="15.17329672" >
      <name>rte1_905</name>
      <ele>188.35</ele>
    </rtept>
    <rtept lat="45.42330231" lon="15.17335416" >
      <name>rte1_906</name>
      <ele>188.35</ele>
    </rtept>
    <rtept lat="45.42327973" lon="15.17341159" >
      <name>rte1_907</name>
      <ele>188.35</ele>
    </rtept>
    <rtept lat="45.42326163" lon="15.17347543" >
      <name>rte1_908</name>
      <ele>188.35</ele>
    </rtept>
    <rtept lat="45.42323905" lon="15.17353286" >
      <name>rte1_909</name>
      <ele>204.80</ele>
    </rtept>
    <rtept lat="45.42321195" lon="15.17359667" >
      <name>rte1_910</name>
      <ele>204.80</ele>
    </rtept>
    <rtept lat="45.42318937" lon="15.17365411" >
      <name>rte1_911</name>
      <ele>204.80</ele>
    </rtept>
    <rtept lat="45.42316227" lon="15.17371792" >
      <name>rte1_912</name>
      <ele>200.00</ele>
    </rtept>
    <rtept lat="45.42313968" lon="15.17378174" >
      <name>rte1_913</name>
      <ele>200.00</ele>
    </rtept>
    <rtept lat="45.42311259" lon="15.17384555" >
      <name>rte1_914</name>
      <ele>204.81</ele>
    </rtept>
    <rtept lat="45.42308098" lon="15.17391573" >
      <name>rte1_915</name>
      <ele>204.81</ele>
    </rtept>
    <rtept lat="45.42305389" lon="15.17397954" >
      <name>rte1_916</name>
      <ele>204.81</ele>
    </rtept>
    <rtept lat="45.42302228" lon="15.17404973" >
      <name>rte1_917</name>
      <ele>204.81</ele>
    </rtept>
    <rtept lat="45.42299517" lon="15.17412631" >
      <name>rte1_918</name>
      <ele>204.81</ele>
    </rtept>
    <rtept lat="45.42295907" lon="15.17419648" >
      <name>rte1_919</name>
      <ele>211.65</ele>
    </rtept>
    <rtept lat="45.42293196" lon="15.17426668" >
      <name>rte1_920</name>
      <ele>170.00</ele>
    </rtept>
    <rtept lat="45.42290036" lon="15.17433686" >
      <name>rte1_921</name>
      <ele>170.00</ele>
    </rtept>
    <rtept lat="45.42287327" lon="15.17440067" >
      <name>rte1_922</name>
      <ele>170.00</ele>
    </rtept>
    <rtept lat="45.42284617" lon="15.17446448" >
      <name>rte1_923</name>
      <ele>202.69</ele>
    </rtept>
    <rtept lat="45.42282358" lon="15.17452830" >
      <name>rte1_924</name>
      <ele>202.69</ele>
    </rtept>
    <rtept lat="45.42280099" lon="15.17458574" >
      <name>rte1_925</name>
      <ele>202.69</ele>
    </rtept>
    <rtept lat="45.42277841" lon="15.17464317" >
      <name>rte1_926</name>
      <ele>202.69</ele>
    </rtept>
    <rtept lat="45.42274224" lon="15.17475168" >
      <name>rte1_927</name>
      <ele>202.69</ele>
    </rtept>
    <rtept lat="45.42270609" lon="15.17485379" >
      <name>rte1_928</name>
      <ele>195.68</ele>
    </rtept>
    <rtept lat="45.42267444" lon="15.17495592" >
      <name>rte1_929</name>
      <ele>195.68</ele>
    </rtept>
    <rtept lat="45.42264278" lon="15.17505805" >
      <name>rte1_930</name>
      <ele>195.68</ele>
    </rtept>
    <rtept lat="45.42261564" lon="15.17515380" >
      <name>rte1_931</name>
      <ele>195.55</ele>
    </rtept>
    <rtept lat="45.42259298" lon="15.17526235" >
      <name>rte1_932</name>
      <ele>195.55</ele>
    </rtept>
    <rtept lat="45.42256581" lon="15.17537088" >
      <name>rte1_933</name>
      <ele>195.55</ele>
    </rtept>
    <rtept lat="45.42253864" lon="15.17548580" >
      <name>rte1_934</name>
      <ele>201.84</ele>
    </rtept>
    <rtept lat="45.42252504" lon="15.17554965" >
      <name>rte1_935</name>
      <ele>201.84</ele>
    </rtept>
    <rtept lat="45.42251144" lon="15.17561350" >
      <name>rte1_936</name>
      <ele>201.84</ele>
    </rtept>
    <rtept lat="45.42249785" lon="15.17567735" >
      <name>rte1_937</name>
      <ele>201.84</ele>
    </rtept>
    <rtept lat="45.42247974" lon="15.17574758" >
      <name>rte1_938</name>
      <ele>191.24</ele>
    </rtept>
    <rtept lat="45.42246612" lon="15.17582421" >
      <name>rte1_939</name>
      <ele>191.24</ele>
    </rtept>
    <rtept lat="45.42244801" lon="15.17590082" >
      <name>rte1_940</name>
      <ele>191.24</ele>
    </rtept>
    <rtept lat="45.42243439" lon="15.17597745" >
      <name>rte1_941</name>
      <ele>191.24</ele>
    </rtept>
    <rtept lat="45.42241625" lon="15.17606684" >
      <name>rte1_942</name>
      <ele>192.66</ele>
    </rtept>
    <rtept lat="45.42227115" lon="15.17678836" >
      <name>rte1_943</name>
      <ele>186.86</ele>
    </rtept>
    <rtept lat="45.42227552" lon="15.17687144" >
      <name>rte1_944</name>
      <ele>186.86</ele>
    </rtept>
    <rtept lat="45.42228440" lon="15.17694175" >
      <name>rte1_945</name>
      <ele>186.86</ele>
    </rtept>
    <rtept lat="45.42230229" lon="15.17701209" >
      <name>rte1_946</name>
      <ele>186.86</ele>
    </rtept>
    <rtept lat="45.42232468" lon="15.17708244" >
      <name>rte1_947</name>
      <ele>180.95</ele>
    </rtept>
    <rtept lat="45.42234707" lon="15.17714640" >
      <name>rte1_948</name>
      <ele>180.95</ele>
    </rtept>
    <rtept lat="45.42237396" lon="15.17721677" >
      <name>rte1_949</name>
      <ele>180.95</ele>
    </rtept>
    <rtept lat="45.42240984" lon="15.17728716" >
      <name>rte1_950</name>
      <ele>180.95</ele>
    </rtept>
    <rtept lat="45.42244571" lon="15.17737034" >
      <name>rte1_951</name>
      <ele>180.00</ele>
    </rtept>
    <rtept lat="45.42250397" lon="15.17751747" >
      <name>rte1_952</name>
      <ele>180.00</ele>
    </rtept>
    <rtept lat="45.42256674" lon="15.17765823" >
      <name>rte1_953</name>
      <ele>180.00</ele>
    </rtept>
    <rtept lat="45.42262952" lon="15.17779261" >
      <name>rte1_954</name>
      <ele>180.00</ele>
    </rtept>
    <rtept lat="45.42268780" lon="15.17792697" >
      <name>rte1_955</name>
      <ele>180.00</ele>
    </rtept>
    <rtept lat="45.42275059" lon="15.17805495" >
      <name>rte1_956</name>
      <ele>180.00</ele>
    </rtept>
    <rtept lat="45.42280888" lon="15.17818292" >
      <name>rte1_957</name>
      <ele>180.00</ele>
    </rtept>
    <rtept lat="45.42286718" lon="15.17830450" >
      <name>rte1_958</name>
      <ele>180.00</ele>
    </rtept>
    <rtept lat="45.42292549" lon="15.17841970" >
      <name>rte1_959</name>
      <ele>180.00</ele>
    </rtept>
    <rtept lat="45.42298379" lon="15.17853489" >
      <name>rte1_960</name>
      <ele>184.00</ele>
    </rtept>
    <rtept lat="45.42304210" lon="15.17865008" >
      <name>rte1_961</name>
      <ele>180.00</ele>
    </rtept>
    <rtept lat="45.42310042" lon="15.17875889" >
      <name>rte1_962</name>
      <ele>180.00</ele>
    </rtept>
    <rtept lat="45.42315424" lon="15.17886768" >
      <name>rte1_963</name>
      <ele>180.00</ele>
    </rtept>
    <rtept lat="45.42321257" lon="15.17897009" >
      <name>rte1_964</name>
      <ele>180.00</ele>
    </rtept>
    <rtept lat="45.42327089" lon="15.17907890" >
      <name>rte1_965</name>
      <ele>180.00</ele>
    </rtept>
    <rtept lat="45.42332922" lon="15.17918131" >
      <name>rte1_966</name>
      <ele>180.00</ele>
    </rtept>
    <rtept lat="45.42338754" lon="15.17929012" >
      <name>rte1_967</name>
      <ele>180.00</ele>
    </rtept>
    <rtept lat="45.42344587" lon="15.17939253" >
      <name>rte1_968</name>
      <ele>180.00</ele>
    </rtept>
    <rtept lat="45.42350420" lon="15.17949495" >
      <name>rte1_969</name>
      <ele>180.00</ele>
    </rtept>
    <rtept lat="45.42356252" lon="15.17959736" >
      <name>rte1_970</name>
      <ele>180.00</ele>
    </rtept>
    <rtept lat="45.42362084" lon="15.17970617" >
      <name>rte1_971</name>
      <ele>183.49</ele>
    </rtept>
    <rtept lat="45.42367916" lon="15.17981498" >
      <name>rte1_972</name>
      <ele>183.49</ele>
    </rtept>
    <rtept lat="45.42374198" lon="15.17992380" >
      <name>rte1_973</name>
      <ele>180.00</ele>
    </rtept>
    <rtept lat="45.42380030" lon="15.18003260" >
      <name>rte1_974</name>
      <ele>180.00</ele>
    </rtept>
    <rtept lat="45.42386311" lon="15.18014143" >
      <name>rte1_975</name>
      <ele>180.00</ele>
    </rtept>
    <rtept lat="45.42392592" lon="15.18025664" >
      <name>rte1_976</name>
      <ele>180.00</ele>
    </rtept>
    <rtept lat="45.42398872" lon="15.18037824" >
      <name>rte1_977</name>
      <ele>180.00</ele>
    </rtept>
    <rtept lat="45.42405151" lon="15.18049984" >
      <name>rte1_978</name>
      <ele>180.00</ele>
    </rtept>
    <rtept lat="45.42411880" lon="15.18062784" >
      <name>rte1_979</name>
      <ele>192.13</ele>
    </rtept>
    <rtept lat="45.42418608" lon="15.18075585" >
      <name>rte1_980</name>
      <ele>192.13</ele>
    </rtept>
    <rtept lat="45.42425336" lon="15.18089024" >
      <name>rte1_981</name>
      <ele>190.00</ele>
    </rtept>
    <rtept lat="45.42432063" lon="15.18102464" >
      <name>rte1_982</name>
      <ele>190.00</ele>
    </rtept>
    <rtept lat="45.42439239" lon="15.18117183" >
      <name>rte1_983</name>
      <ele>190.00</ele>
    </rtept>
    <rtept lat="45.42442826" lon="15.18124862" >
      <name>rte1_984</name>
      <ele>187.74</ele>
    </rtept>
    <rtept lat="45.42445962" lon="15.18133178" >
      <name>rte1_985</name>
      <ele>187.74</ele>
    </rtept>
    <rtept lat="45.42449099" lon="15.18140856" >
      <name>rte1_986</name>
      <ele>187.74</ele>
    </rtept>
    <rtept lat="45.42452238" lon="15.18147894" >
      <name>rte1_987</name>
      <ele>196.54</ele>
    </rtept>
    <rtept lat="45.42454475" lon="15.18155569" >
      <name>rte1_988</name>
      <ele>191.15</ele>
    </rtept>
    <rtept lat="45.42457163" lon="15.18162606" >
      <name>rte1_989</name>
      <ele>191.15</ele>
    </rtept>
    <rtept lat="45.42459402" lon="15.18169642" >
      <name>rte1_990</name>
      <ele>191.15</ele>
    </rtept>
    <rtept lat="45.42462090" lon="15.18176679" >
      <name>rte1_991</name>
      <ele>191.15</ele>
    </rtept>
    <rtept lat="45.42464328" lon="15.18183714" >
      <name>rte1_992</name>
      <ele>192.14</ele>
    </rtept>
    <rtept lat="45.42466567" lon="15.18190750" >
      <name>rte1_993</name>
      <ele>192.14</ele>
    </rtept>
    <rtept lat="45.42469255" lon="15.18197787" >
      <name>rte1_994</name>
      <ele>192.14</ele>
    </rtept>
    <rtept lat="45.42471942" lon="15.18205463" >
      <name>rte1_995</name>
      <ele>192.14</ele>
    </rtept>
    <rtept lat="45.42475080" lon="15.18212502" >
      <name>rte1_996</name>
      <ele>198.75</ele>
    </rtept>
    <rtept lat="45.42478216" lon="15.18220818" >
      <name>rte1_997</name>
      <ele>189.43</ele>
    </rtept>
    <rtept lat="45.42481803" lon="15.18228498" >
      <name>rte1_998</name>
      <ele>189.43</ele>
    </rtept>
    <rtept lat="45.42486288" lon="15.18237457" >
      <name>rte1_999</name>
      <ele>189.43</ele>
    </rtept>
    <rtept lat="45.42489875" lon="15.18245136" >
      <name>rte1_1000</name>
      <ele>189.43</ele>
    </rtept>
    <rtept lat="45.42493912" lon="15.18252817" >
      <name>rte1_1001</name>
      <ele>185.93</ele>
    </rtept>
    <rtept lat="45.42497950" lon="15.18259859" >
      <name>rte1_1002</name>
      <ele>193.39</ele>
    </rtept>
    <rtept lat="45.42501539" lon="15.18266899" >
      <name>rte1_1003</name>
      <ele>193.39</ele>
    </rtept>
    <rtept lat="45.42505577" lon="15.18273940" >
      <name>rte1_1004</name>
      <ele>193.39</ele>
    </rtept>
    <rtept lat="45.42509616" lon="15.18280343" >
      <name>rte1_1005</name>
      <ele>183.02</ele>
    </rtept>
    <rtept lat="45.42513205" lon="15.18286744" >
      <name>rte1_1006</name>
      <ele>183.02</ele>
    </rtept>
    <rtept lat="45.42516794" lon="15.18293146" >
      <name>rte1_1007</name>
      <ele>183.02</ele>
    </rtept>
    <rtept lat="45.42520834" lon="15.18298909" >
      <name>rte1_1008</name>
      <ele>198.20</ele>
    </rtept>
    <rtept lat="45.42524424" lon="15.18304672" >
      <name>rte1_1009</name>
      <ele>198.20</ele>
    </rtept>
    <rtept lat="45.42528464" lon="15.18310435" >
      <name>rte1_1010</name>
      <ele>187.05</ele>
    </rtept>
    <rtept lat="45.42532054" lon="15.18316198" >
      <name>rte1_1011</name>
      <ele>187.05</ele>
    </rtept>
    <rtept lat="45.42535645" lon="15.18321321" >
      <name>rte1_1012</name>
      <ele>187.05</ele>
    </rtept>
    <rtept lat="45.42539686" lon="15.18326446" >
      <name>rte1_1013</name>
      <ele>187.05</ele>
    </rtept>
    <rtept lat="45.42543277" lon="15.18332208" >
      <name>rte1_1014</name>
      <ele>198.68</ele>
    </rtept>
    <rtept lat="45.42546868" lon="15.18337332" >
      <name>rte1_1015</name>
      <ele>198.68</ele>
    </rtept>
    <rtept lat="45.42550909" lon="15.18342457" >
      <name>rte1_1016</name>
      <ele>196.15</ele>
    </rtept>
    <rtept lat="45.42554499" lon="15.18348219" >
      <name>rte1_1017</name>
      <ele>196.15</ele>
    </rtept>
    <rtept lat="45.42558540" lon="15.18353344" >
      <name>rte1_1018</name>
      <ele>196.15</ele>
    </rtept>
    <rtept lat="45.42562131" lon="15.18358467" >
      <name>rte1_1019</name>
      <ele>196.15</ele>
    </rtept>
    <rtept lat="45.42566171" lon="15.18364231" >
      <name>rte1_1020</name>
      <ele>205.09</ele>
    </rtept>
    <rtept lat="45.42569761" lon="15.18369994" >
      <name>rte1_1021</name>
      <ele>205.09</ele>
    </rtept>
    <rtept lat="45.42573802" lon="15.18375118" >
      <name>rte1_1022</name>
      <ele>190.89</ele>
    </rtept>
    <rtept lat="45.42577841" lon="15.18381521" >
      <name>rte1_1023</name>
      <ele>190.89</ele>
    </rtept>
    <rtept lat="45.42581881" lon="15.18387285" >
      <name>rte1_1024</name>
      <ele>190.89</ele>
    </rtept>
    <rtept lat="45.42585920" lon="15.18393688" >
      <name>rte1_1025</name>
      <ele>202.18</ele>
    </rtept>
    <rtept lat="45.42589959" lon="15.18400091" >
      <name>rte1_1026</name>
      <ele>202.18</ele>
    </rtept>
    <rtept lat="45.42593998" lon="15.18406494" >
      <name>rte1_1027</name>
      <ele>199.67</ele>
    </rtept>
    <rtept lat="45.42598486" lon="15.18413537" >
      <name>rte1_1028</name>
      <ele>199.67</ele>
    </rtept>
    <rtept lat="45.42602524" lon="15.18420579" >
      <name>rte1_1029</name>
      <ele>199.67</ele>
    </rtept>
    <rtept lat="45.42607012" lon="15.18427622" >
      <name>rte1_1030</name>
      <ele>199.67</ele>
    </rtept>
    <rtept lat="45.42611498" lon="15.18435944" >
      <name>rte1_1031</name>
      <ele>220.86</ele>
    </rtept>
    <rtept lat="45.42615087" lon="15.18442345" >
      <name>rte1_1032</name>
      <ele>218.23</ele>
    </rtept>
    <rtept lat="45.42618226" lon="15.18448745" >
      <name>rte1_1033</name>
      <ele>218.23</ele>
    </rtept>
    <rtept lat="45.42621815" lon="15.18455147" >
      <name>rte1_1034</name>
      <ele>218.23</ele>
    </rtept>
    <rtept lat="45.42624954" lon="15.18461546" >
      <name>rte1_1035</name>
      <ele>218.23</ele>
    </rtept>
    <rtept lat="45.42628093" lon="15.18467946" >
      <name>rte1_1036</name>
      <ele>218.23</ele>
    </rtept>
    <rtept lat="45.42630782" lon="15.18474345" >
      <name>rte1_1037</name>
      <ele>217.78</ele>
    </rtept>
    <rtept lat="45.42633922" lon="15.18480106" >
      <name>rte1_1038</name>
      <ele>217.78</ele>
    </rtept>
    <rtept lat="45.42636611" lon="15.18486505" >
      <name>rte1_1039</name>
      <ele>217.78</ele>
    </rtept>
    <rtept lat="45.42639301" lon="15.18492264" >
      <name>rte1_1040</name>
      <ele>217.78</ele>
    </rtept>
    <rtept lat="45.42641542" lon="15.18498022" >
      <name>rte1_1041</name>
      <ele>217.78</ele>
    </rtept>
    <rtept lat="45.42644232" lon="15.18503782" >
      <name>rte1_1042</name>
      <ele>210.32</ele>
    </rtept>
    <rtept lat="45.42646471" lon="15.18510179" >
      <name>rte1_1043</name>
      <ele>210.32</ele>
    </rtept>
    <rtept lat="45.42649161" lon="15.18515939" >
      <name>rte1_1044</name>
      <ele>210.32</ele>
    </rtept>
    <rtept lat="45.42651401" lon="15.18521697" >
      <name>rte1_1045</name>
      <ele>210.32</ele>
    </rtept>
    <rtept lat="45.42653643" lon="15.18526816" >
      <name>rte1_1046</name>
      <ele>222.48</ele>
    </rtept>
    <rtept lat="45.42656333" lon="15.18532575" >
      <name>rte1_1047</name>
      <ele>222.48</ele>
    </rtept>
    <rtept lat="45.42658573" lon="15.18538334" >
      <name>rte1_1048</name>
      <ele>209.78</ele>
    </rtept>
    <rtept lat="45.42660813" lon="15.18544092" >
      <name>rte1_1049</name>
      <ele>209.78</ele>
    </rtept>
    <rtept lat="45.42663503" lon="15.18549851" >
      <name>rte1_1050</name>
      <ele>209.78</ele>
    </rtept>
    <rtept lat="45.42665744" lon="15.18555609" >
      <name>rte1_1051</name>
      <ele>209.78</ele>
    </rtept>
    <rtept lat="45.42668434" lon="15.18561369" >
      <name>rte1_1052</name>
      <ele>209.78</ele>
    </rtept>
    <rtept lat="45.42670674" lon="15.18567127" >
      <name>rte1_1053</name>
      <ele>193.67</ele>
    </rtept>
    <rtept lat="45.42673363" lon="15.18573526" >
      <name>rte1_1054</name>
      <ele>193.67</ele>
    </rtept>
    <rtept lat="45.42676053" lon="15.18579286" >
      <name>rte1_1055</name>
      <ele>209.32</ele>
    </rtept>
    <rtept lat="45.42679193" lon="15.18585047" >
      <name>rte1_1056</name>
      <ele>209.32</ele>
    </rtept>
    <rtept lat="45.42681882" lon="15.18591445" >
      <name>rte1_1057</name>
      <ele>209.32</ele>
    </rtept>
    <rtept lat="45.42685022" lon="15.18597206" >
      <name>rte1_1058</name>
      <ele>209.32</ele>
    </rtept>
    <rtept lat="45.42688161" lon="15.18603607" >
      <name>rte1_1059</name>
      <ele>197.57</ele>
    </rtept>
    <rtept lat="45.42691750" lon="15.18610008" >
      <name>rte1_1060</name>
      <ele>197.57</ele>
    </rtept>
    <rtept lat="45.42695339" lon="15.18616410" >
      <name>rte1_1061</name>
      <ele>197.57</ele>
    </rtept>
    <rtept lat="45.42698928" lon="15.18622812" >
      <name>rte1_1062</name>
      <ele>210.00</ele>
    </rtept>
    <rtept lat="45.42702966" lon="15.18629854" >
      <name>rte1_1063</name>
      <ele>198.25</ele>
    </rtept>
    <rtept lat="45.42706106" lon="15.18635615" >
      <name>rte1_1064</name>
      <ele>198.25</ele>
    </rtept>
    <rtept lat="45.42709247" lon="15.18640737" >
      <name>rte1_1065</name>
      <ele>198.25</ele>
    </rtept>
    <rtept lat="45.42712387" lon="15.18646498" >
      <name>rte1_1066</name>
      <ele>198.25</ele>
    </rtept>
    <rtept lat="45.42715528" lon="15.18651621" >
      <name>rte1_1067</name>
      <ele>198.25</ele>
    </rtept>
    <rtept lat="45.42721363" lon="15.18660586" >
      <name>rte1_1068</name>
      <ele>208.26</ele>
    </rtept>
    <rtept lat="45.42727197" lon="15.18669551" >
      <name>rte1_1069</name>
      <ele>194.12</ele>
    </rtept>
    <rtept lat="45.42733932" lon="15.18677880" >
      <name>rte1_1070</name>
      <ele>194.12</ele>
    </rtept>
    <rtept lat="45.42740667" lon="15.18686209" >
      <name>rte1_1071</name>
      <ele>194.12</ele>
    </rtept>
    <rtept lat="45.42744710" lon="15.18690056" >
      <name>rte1_1072</name>
      <ele>199.95</ele>
    </rtept>
    <rtept lat="45.42748753" lon="15.18693904" >
      <name>rte1_1073</name>
      <ele>188.81</ele>
    </rtept>
    <rtept lat="45.42753696" lon="15.18697754" >
      <name>rte1_1074</name>
      <ele>188.81</ele>
    </rtept>
    <rtept lat="45.42758639" lon="15.18701604" >
      <name>rte1_1075</name>
      <ele>188.81</ele>
    </rtept>
    <rtept lat="45.42766732" lon="15.18705465" >
      <name>rte1_1076</name>
      <ele>193.00</ele>
    </rtept>
    <rtept lat="45.42771230" lon="15.18706119" >
      <name>rte1_1077</name>
      <ele>193.00</ele>
    </rtept>
    <rtept lat="45.42777078" lon="15.18706778" >
      <name>rte1_1078</name>
      <ele>193.00</ele>
    </rtept>
    <rtept lat="45.42782028" lon="15.18706155" >
      <name>rte1_1079</name>
      <ele>193.00</ele>
    </rtept>
    <rtept lat="45.42786978" lon="15.18705533" >
      <name>rte1_1080</name>
      <ele>193.14</ele>
    </rtept>
    <rtept lat="45.42791929" lon="15.18704910" >
      <name>rte1_1081</name>
      <ele>193.14</ele>
    </rtept>
    <rtept lat="45.42796429" lon="15.18704286" >
      <name>rte1_1082</name>
      <ele>193.14</ele>
    </rtept>
    <rtept lat="45.42804981" lon="15.18702398" >
      <name>rte1_1083</name>
      <ele>193.14</ele>
    </rtept>
    <rtept lat="45.42813534" lon="15.18699871" >
      <name>rte1_1084</name>
      <ele>194.51</ele>
    </rtept>
    <rtept lat="45.42821637" lon="15.18697342" >
      <name>rte1_1085</name>
      <ele>194.51</ele>
    </rtept>
    <rtept lat="45.42826137" lon="15.18696718" >
      <name>rte1_1086</name>
      <ele>194.51</ele>
    </rtept>
    <rtept lat="45.42830638" lon="15.18695455" >
      <name>rte1_1087</name>
      <ele>194.51</ele>
    </rtept>
    <rtept lat="45.42835139" lon="15.18694831" >
      <name>rte1_1088</name>
      <ele>195.35</ele>
    </rtept>
    <rtept lat="45.42840089" lon="15.18694208" >
      <name>rte1_1089</name>
      <ele>195.35</ele>
    </rtept>
    <rtept lat="45.42845039" lon="15.18693586" >
      <name>rte1_1090</name>
      <ele>207.97</ele>
    </rtept>
    <rtept lat="45.42850888" lon="15.18693605" >
      <name>rte1_1091</name>
      <ele>207.97</ele>
    </rtept>
    <rtept lat="45.42856289" lon="15.18692984" >
      <name>rte1_1092</name>
      <ele>209.36</ele>
    </rtept>
    <rtept lat="45.42861238" lon="15.18693001" >
      <name>rte1_1093</name>
      <ele>209.36</ele>
    </rtept>
    <rtept lat="45.42866187" lon="15.18693017" >
      <name>rte1_1094</name>
      <ele>209.36</ele>
    </rtept>
    <rtept lat="45.42870685" lon="15.18693671" >
      <name>rte1_1095</name>
      <ele>209.36</ele>
    </rtept>
    <rtept lat="45.42875184" lon="15.18694325" >
      <name>rte1_1096</name>
      <ele>196.27</ele>
    </rtept>
    <rtept lat="45.42879682" lon="15.18694979" >
      <name>rte1_1097</name>
      <ele>199.71</ele>
    </rtept>
    <rtept lat="45.42888228" lon="15.18696286" >
      <name>rte1_1098</name>
      <ele>199.71</ele>
    </rtept>
    <rtept lat="45.42896775" lon="15.18697592" >
      <name>rte1_1099</name>
      <ele>199.71</ele>
    </rtept>
    <rtept lat="45.42901273" lon="15.18698246" >
      <name>rte1_1100</name>
      <ele>202.85</ele>
    </rtept>
    <rtept lat="45.42905772" lon="15.18698261" >
      <name>rte1_1101</name>
      <ele>202.85</ele>
    </rtept>
    <rtept lat="45.42910271" lon="15.18698915" >
      <name>rte1_1102</name>
      <ele>202.85</ele>
    </rtept>
    <rtept lat="45.42915221" lon="15.18698293" >
      <name>rte1_1103</name>
      <ele>202.85</ele>
    </rtept>
    <rtept lat="45.42920620" lon="15.18698311" >
      <name>rte1_1104</name>
      <ele>202.85</ele>
    </rtept>
    <rtept lat="45.42926470" lon="15.18697691" >
      <name>rte1_1105</name>
      <ele>195.81</ele>
    </rtept>
    <rtept lat="45.42933672" lon="15.18695798" >
      <name>rte1_1106</name>
      <ele>195.81</ele>
    </rtept>
    <rtept lat="45.42940875" lon="15.18693266" >
      <name>rte1_1107</name>
      <ele>210.41</ele>
    </rtept>
    <rtept lat="45.42948077" lon="15.18691373" >
      <name>rte1_1108</name>
      <ele>202.13</ele>
    </rtept>
    <rtept lat="45.42954381" lon="15.18688838" >
      <name>rte1_1109</name>
      <ele>202.13</ele>
    </rtept>
    <rtept lat="45.42961135" lon="15.18685666" >
      <name>rte1_1110</name>
      <ele>202.13</ele>
    </rtept>
    <rtept lat="45.42967438" lon="15.18683131" >
      <name>rte1_1111</name>
      <ele>200.00</ele>
    </rtept>
    <rtept lat="45.42973292" lon="15.18679955" >
      <name>rte1_1112</name>
      <ele>200.00</ele>
    </rtept>
    <rtept lat="45.42979147" lon="15.18676780" >
      <name>rte1_1113</name>
      <ele>200.00</ele>
    </rtept>
    <rtept lat="45.42985002" lon="15.18672965" >
      <name>rte1_1114</name>
      <ele>200.00</ele>
    </rtept>
    <rtept lat="45.42990857" lon="15.18669790" >
      <name>rte1_1115</name>
      <ele>196.76</ele>
    </rtept>
    <rtept lat="45.42996262" lon="15.18665973" >
      <name>rte1_1116</name>
      <ele>196.76</ele>
    </rtept>
    <rtept lat="45.43001667" lon="15.18662157" >
      <name>rte1_1117</name>
      <ele>203.78</ele>
    </rtept>
    <rtept lat="45.43007073" lon="15.18658341" >
      <name>rte1_1118</name>
      <ele>203.78</ele>
    </rtept>
    <rtept lat="45.43012029" lon="15.18654524" >
      <name>rte1_1119</name>
      <ele>200.00</ele>
    </rtept>
    <rtept lat="45.43017434" lon="15.18650708" >
      <name>rte1_1120</name>
      <ele>200.00</ele>
    </rtept>
    <rtept lat="45.43022839" lon="15.18646892" >
      <name>rte1_1121</name>
      <ele>200.00</ele>
    </rtept>
    <rtept lat="45.43027796" lon="15.18642435" >
      <name>rte1_1122</name>
      <ele>200.00</ele>
    </rtept>
    <rtept lat="45.43033202" lon="15.18638619" >
      <name>rte1_1123</name>
      <ele>200.00</ele>
    </rtept>
    <rtept lat="45.43038157" lon="15.18634801" >
      <name>rte1_1124</name>
      <ele>200.00</ele>
    </rtept>
    <rtept lat="45.43043563" lon="15.18630985" >
      <name>rte1_1125</name>
      <ele>200.00</ele>
    </rtept>
    <rtept lat="45.43048968" lon="15.18627169" >
      <name>rte1_1126</name>
      <ele>203.78</ele>
    </rtept>
    <rtept lat="45.43054373" lon="15.18623353" >
      <name>rte1_1127</name>
      <ele>203.78</ele>
    </rtept>
    <rtept lat="45.43060229" lon="15.18619538" >
      <name>rte1_1128</name>
      <ele>200.94</ele>
    </rtept>
    <rtept lat="45.43066084" lon="15.18615724" >
      <name>rte1_1129</name>
      <ele>200.94</ele>
    </rtept>
    <rtept lat="45.43071939" lon="15.18612548" >
      <name>rte1_1130</name>
      <ele>200.94</ele>
    </rtept>
    <rtept lat="45.43077794" lon="15.18608733" >
      <name>rte1_1131</name>
      <ele>200.94</ele>
    </rtept>
    <rtept lat="45.43084098" lon="15.18605559" >
      <name>rte1_1132</name>
      <ele>198.40</ele>
    </rtept>
    <rtept lat="45.43090852" lon="15.18602386" >
      <name>rte1_1133</name>
      <ele>198.40</ele>
    </rtept>
    <rtept lat="45.43097156" lon="15.18599851" >
      <name>rte1_1134</name>
      <ele>198.40</ele>
    </rtept>
    <rtept lat="45.43104359" lon="15.18597319" >
      <name>rte1_1135</name>
      <ele>207.91</ele>
    </rtept>
    <rtept lat="45.43111562" lon="15.18594787" >
      <name>rte1_1136</name>
      <ele>207.91</ele>
    </rtept>
    <rtept lat="45.43119214" lon="15.18592895" >
      <name>rte1_1137</name>
      <ele>207.91</ele>
    </rtept>
    <rtept lat="45.43126867" lon="15.18590365" >
      <name>rte1_1138</name>
      <ele>207.32</ele>
    </rtept>
    <rtept lat="45.43134520" lon="15.18587834" >
      <name>rte1_1139</name>
      <ele>207.32</ele>
    </rtept>
    <rtept lat="45.43141722" lon="15.18585941" >
      <name>rte1_1140</name>
      <ele>207.32</ele>
    </rtept>
    <rtept lat="45.43148925" lon="15.18583408" >
      <name>rte1_1141</name>
      <ele>203.24</ele>
    </rtept>
    <rtept lat="45.43155676" lon="15.18582153" >
      <name>rte1_1142</name>
      <ele>203.24</ele>
    </rtept>
    <rtept lat="45.43162428" lon="15.18580258" >
      <name>rte1_1143</name>
      <ele>203.24</ele>
    </rtept>
    <rtept lat="45.43168729" lon="15.18579001" >
      <name>rte1_1144</name>
      <ele>203.24</ele>
    </rtept>
    <rtept lat="45.43175479" lon="15.18578384" >
      <name>rte1_1145</name>
      <ele>203.70</ele>
    </rtept>
    <rtept lat="45.43181780" lon="15.18577127" >
      <name>rte1_1146</name>
      <ele>203.70</ele>
    </rtept>
    <rtept lat="45.43188080" lon="15.18576509" >
      <name>rte1_1147</name>
      <ele>203.70</ele>
    </rtept>
    <rtept lat="45.43194830" lon="15.18575892" >
      <name>rte1_1148</name>
      <ele>203.08</ele>
    </rtept>
    <rtept lat="45.43202029" lon="15.18575916" >
      <name>rte1_1149</name>
      <ele>203.08</ele>
    </rtept>
    <rtept lat="45.43209228" lon="15.18575940" >
      <name>rte1_1150</name>
      <ele>203.08</ele>
    </rtept>
    <rtept lat="45.43216427" lon="15.18575964" >
      <name>rte1_1151</name>
      <ele>200.00</ele>
    </rtept>
    <rtept lat="45.43224524" lon="15.18576630" >
      <name>rte1_1152</name>
      <ele>200.00</ele>
    </rtept>
    <rtept lat="45.43233072" lon="15.18577297" >
      <name>rte1_1153</name>
      <ele>200.00</ele>
    </rtept>
    <rtept lat="45.43240270" lon="15.18577960" >
      <name>rte1_1154</name>
      <ele>200.85</ele>
    </rtept>
    <rtept lat="45.43247014" lon="15.18581177" >
      <name>rte1_1155</name>
      <ele>200.85</ele>
    </rtept>
    <rtept lat="45.43252855" lon="15.18585670" >
      <name>rte1_1156</name>
      <ele>200.85</ele>
    </rtept>
    <rtept lat="45.43258696" lon="15.18590802" >
      <name>rte1_1157</name>
      <ele>200.85</ele>
    </rtept>
    <rtept lat="45.43264537" lon="15.18595933" >
      <name>rte1_1158</name>
      <ele>208.90</ele>
    </rtept>
    <rtept lat="45.43270829" lon="15.18599788" >
      <name>rte1_1159</name>
      <ele>202.34</ele>
    </rtept>
    <rtept lat="45.43277574" lon="15.18602367" >
      <name>rte1_1160</name>
      <ele>202.34</ele>
    </rtept>
    <rtept lat="45.43285672" lon="15.18603033" >
      <name>rte1_1161</name>
      <ele>208.33</ele>
    </rtept>
    <rtept lat="45.43291974" lon="15.18601137" >
      <name>rte1_1162</name>
      <ele>208.33</ele>
    </rtept>
    <rtept lat="45.43298275" lon="15.18599879" >
      <name>rte1_1163</name>
      <ele>208.33</ele>
    </rtept>
    <rtept lat="45.43304128" lon="15.18597343" >
      <name>rte1_1164</name>
      <ele>210.00</ele>
    </rtept>
    <rtept lat="45.43309532" lon="15.18594804" >
      <name>rte1_1165</name>
      <ele>210.00</ele>
    </rtept>
    <rtept lat="45.43314935" lon="15.18592266" >
      <name>rte1_1166</name>
      <ele>210.00</ele>
    </rtept>
    <rtept lat="45.43319889" lon="15.18589087" >
      <name>rte1_1167</name>
      <ele>210.00</ele>
    </rtept>
    <rtept lat="45.43324844" lon="15.18585909" >
      <name>rte1_1168</name>
      <ele>210.00</ele>
    </rtept>
    <rtept lat="45.43329798" lon="15.18582730" >
      <name>rte1_1169</name>
      <ele>210.00</ele>
    </rtept>
    <rtept lat="45.43334303" lon="15.18579549" >
      <name>rte1_1170</name>
      <ele>210.00</ele>
    </rtept>
    <rtept lat="45.43339258" lon="15.18575732" >
      <name>rte1_1171</name>
      <ele>210.00</ele>
    </rtept>
    <rtept lat="45.43344213" lon="15.18572553" >
      <name>rte1_1172</name>
      <ele>210.00</ele>
    </rtept>
    <rtept lat="45.43349617" lon="15.18569375" >
      <name>rte1_1173</name>
      <ele>206.10</ele>
    </rtept>
    <rtept lat="45.43355022" lon="15.18566198" >
      <name>rte1_1174</name>
      <ele>210.00</ele>
    </rtept>
    <rtept lat="45.43360876" lon="15.18563022" >
      <name>rte1_1175</name>
      <ele>210.00</ele>
    </rtept>
    <rtept lat="45.43367179" lon="15.18560487" >
      <name>rte1_1176</name>
      <ele>210.00</ele>
    </rtept>
    <rtept lat="45.43373931" lon="15.18558592" >
      <name>rte1_1177</name>
      <ele>210.00</ele>
    </rtept>
    <rtept lat="45.43382485" lon="15.18555425" >
      <name>rte1_1178</name>
      <ele>210.00</ele>
    </rtept>
    <rtept lat="45.43390138" lon="15.18552894" >
      <name>rte1_1179</name>
      <ele>210.00</ele>
    </rtept>
    <rtept lat="45.43397790" lon="15.18551002" >
      <name>rte1_1180</name>
      <ele>210.00</ele>
    </rtept>
    <rtept lat="45.43404991" lon="15.18549748" >
      <name>rte1_1181</name>
      <ele>210.00</ele>
    </rtept>
    <rtept lat="45.43412191" lon="15.18549133" >
      <name>rte1_1182</name>
      <ele>210.00</ele>
    </rtept>
    <rtept lat="45.43419390" lon="15.18549157" >
      <name>rte1_1183</name>
      <ele>210.00</ele>
    </rtept>
    <rtept lat="45.43427488" lon="15.18549823" >
      <name>rte1_1184</name>
      <ele>210.00</ele>
    </rtept>
    <rtept lat="45.43431537" lon="15.18549836" >
      <name>rte1_1185</name>
      <ele>210.00</ele>
    </rtept>
    <rtept lat="45.43436484" lon="15.18551130" >
      <name>rte1_1186</name>
      <ele>210.00</ele>
    </rtept>
  </rte>
</gpx>
