<?xml version="1.0" encoding="UTF-8" standalone="no" ?>
<gpx xmlns="http://www.topografix.com/GPX/1/1"
creator="OCAD 2020.5.5.3227" version="1.1"
xmlns:xsi="http://www.w3.org/2001/XMLSchema-instance" 
xsi:schemaLocation="http://www.topografix.com/GPX/1/1 
http://www.topografix.com/GPX/1/1/gpx.xsd">

  <metadata>
    <name>Obkolpska grajska pot</name>
    <desc>Bela krajina - pohodna pot 02</desc>
    <author><name>Kartografija d.o.o.</name></author>
    <link href="http://www.ocad.com">
      <text>OCAD AG</text>
    </link>
    <time>2020-11-05T08:33:54</time>
    <bounds maxlat="45.86687249" maxlon="15.60571704" minlat="45.32979540" minlon="14.93303760"/>
  </metadata>

  <rte>
    <name>rte1</name>
    <cmt>pohodne poti za izris profilov</cmt>
    <rtept lat="45.48129253" lon="15.35966665" >
      <name>rte1_0</name>
      <ele>200.00</ele>
    </rtept>
    <rtept lat="45.48118929" lon="15.35958924" >
      <name>rte1_1</name>
      <ele>200.78</ele>
    </rtept>
    <rtept lat="45.48108605" lon="15.35951183" >
      <name>rte1_2</name>
      <ele>200.78</ele>
    </rtept>
    <rtept lat="45.48096052" lon="15.35937032" >
      <name>rte1_3</name>
      <ele>204.26</ele>
    </rtept>
    <rtept lat="45.48062873" lon="15.35900364" >
      <name>rte1_4</name>
      <ele>205.00</ele>
    </rtept>
    <rtept lat="45.48046765" lon="15.35872120" >
      <name>rte1_5</name>
      <ele>200.83</ele>
    </rtept>
    <rtept lat="45.48032441" lon="15.35849004" >
      <name>rte1_6</name>
      <ele>203.48</ele>
    </rtept>
    <rtept lat="45.48024850" lon="15.35830407" >
      <name>rte1_7</name>
      <ele>200.00</ele>
    </rtept>
    <rtept lat="45.48019496" lon="15.35816303" >
      <name>rte1_8</name>
      <ele>202.00</ele>
    </rtept>
    <rtept lat="45.48014609" lon="15.35796445" >
      <name>rte1_9</name>
      <ele>202.00</ele>
    </rtept>
    <rtept lat="45.48011512" lon="15.35779796" >
      <name>rte1_10</name>
      <ele>204.10</ele>
    </rtept>
    <rtept lat="45.48009769" lon="15.35761877" >
      <name>rte1_11</name>
      <ele>203.12</ele>
    </rtept>
    <rtept lat="45.48007598" lon="15.35736920" >
      <name>rte1_12</name>
      <ele>205.00</ele>
    </rtept>
    <rtept lat="45.48004950" lon="15.35720274" >
      <name>rte1_13</name>
      <ele>205.00</ele>
    </rtept>
    <rtept lat="45.48005069" lon="15.35682540" >
      <name>rte1_14</name>
      <ele>205.00</ele>
    </rtept>
    <rtept lat="45.48005185" lon="15.35645445" >
      <name>rte1_15</name>
      <ele>205.00</ele>
    </rtept>
    <rtept lat="45.48007589" lon="15.35596213" >
      <name>rte1_16</name>
      <ele>205.00</ele>
    </rtept>
    <rtept lat="45.48005458" lon="15.35558465" >
      <name>rte1_17</name>
      <ele>201.04</ele>
    </rtept>
    <rtept lat="45.48005508" lon="15.35542476" >
      <name>rte1_18</name>
      <ele>201.04</ele>
    </rtept>
    <rtept lat="45.48003750" lon="15.35529034" >
      <name>rte1_19</name>
      <ele>203.51</ele>
    </rtept>
    <rtept lat="45.48001557" lon="15.35511112" >
      <name>rte1_20</name>
      <ele>203.51</ele>
    </rtept>
    <rtept lat="45.47995354" lon="15.35480373" >
      <name>rte1_21</name>
      <ele>206.00</ele>
    </rtept>
    <rtept lat="45.47982024" lon="15.35426565" >
      <name>rte1_22</name>
      <ele>205.00</ele>
    </rtept>
    <rtept lat="45.47975382" lon="15.35391987" >
      <name>rte1_23</name>
      <ele>205.00</ele>
    </rtept>
    <rtept lat="45.47966484" lon="15.35359952" >
      <name>rte1_24</name>
      <ele>201.47</ele>
    </rtept>
    <rtept lat="45.47962492" lon="15.35341379" >
      <name>rte1_25</name>
      <ele>203.48</ele>
    </rtept>
    <rtept lat="45.47952237" lon="15.35311255" >
      <name>rte1_26</name>
      <ele>202.78</ele>
    </rtept>
    <rtept lat="45.47941075" lon="15.35283684" >
      <name>rte1_27</name>
      <ele>204.43</ele>
    </rtept>
    <rtept lat="45.47928558" lon="15.35257383" >
      <name>rte1_28</name>
      <ele>201.89</ele>
    </rtept>
    <rtept lat="45.47923185" lon="15.35249035" >
      <name>rte1_29</name>
      <ele>201.89</ele>
    </rtept>
    <rtept lat="45.47949023" lon="15.35187159" >
      <name>rte1_30</name>
      <ele>206.19</ele>
    </rtept>
    <rtept lat="45.47950836" lon="15.35182693" >
      <name>rte1_31</name>
      <ele>206.19</ele>
    </rtept>
    <rtept lat="45.47953568" lon="15.35172477" >
      <name>rte1_32</name>
      <ele>211.85</ele>
    </rtept>
    <rtept lat="45.47956745" lon="15.35163543" >
      <name>rte1_33</name>
      <ele>211.85</ele>
    </rtept>
    <rtept lat="45.47960372" lon="15.35154612" >
      <name>rte1_34</name>
      <ele>211.85</ele>
    </rtept>
    <rtept lat="45.47966698" lon="15.35145698" >
      <name>rte1_35</name>
      <ele>215.00</ele>
    </rtept>
    <rtept lat="45.47972573" lon="15.35137420" >
      <name>rte1_36</name>
      <ele>214.18</ele>
    </rtept>
    <rtept lat="45.47978886" lon="15.35132982" >
      <name>rte1_37</name>
      <ele>214.18</ele>
    </rtept>
    <rtept lat="45.47985198" lon="15.35128545" >
      <name>rte1_38</name>
      <ele>214.18</ele>
    </rtept>
    <rtept lat="45.47992417" lon="15.35122194" >
      <name>rte1_39</name>
      <ele>213.31</ele>
    </rtept>
    <rtept lat="45.47996936" lon="15.35115827" >
      <name>rte1_40</name>
      <ele>216.15</ele>
    </rtept>
    <rtept lat="45.48000555" lon="15.35109454" >
      <name>rte1_41</name>
      <ele>216.15</ele>
    </rtept>
    <rtept lat="45.48004172" lon="15.35103720" >
      <name>rte1_42</name>
      <ele>216.15</ele>
    </rtept>
    <rtept lat="45.48007339" lon="15.35097984" >
      <name>rte1_43</name>
      <ele>216.15</ele>
    </rtept>
    <rtept lat="45.48010506" lon="15.35092247" >
      <name>rte1_44</name>
      <ele>216.15</ele>
    </rtept>
    <rtept lat="45.48014122" lon="15.35087153" >
      <name>rte1_45</name>
      <ele>213.81</ele>
    </rtept>
    <rtept lat="45.48018637" lon="15.35082065" >
      <name>rte1_46</name>
      <ele>215.00</ele>
    </rtept>
    <rtept lat="45.48024051" lon="15.35076982" >
      <name>rte1_47</name>
      <ele>215.00</ele>
    </rtept>
    <rtept lat="45.48028115" lon="15.35072530" >
      <name>rte1_48</name>
      <ele>215.00</ele>
    </rtept>
    <rtept lat="45.48032622" lon="15.35070000" >
      <name>rte1_49</name>
      <ele>215.00</ele>
    </rtept>
    <rtept lat="45.48040730" lon="15.35066853" >
      <name>rte1_50</name>
      <ele>215.00</ele>
    </rtept>
    <rtept lat="45.48049288" lon="15.35063708" >
      <name>rte1_51</name>
      <ele>215.00</ele>
    </rtept>
    <rtept lat="45.48053346" lon="15.35061175" >
      <name>rte1_52</name>
      <ele>215.00</ele>
    </rtept>
    <rtept lat="45.48057855" lon="15.35058005" >
      <name>rte1_53</name>
      <ele>215.00</ele>
    </rtept>
    <rtept lat="45.48061922" lon="15.35052274" >
      <name>rte1_54</name>
      <ele>215.00</ele>
    </rtept>
    <rtept lat="45.48065537" lon="15.35047180" >
      <name>rte1_55</name>
      <ele>215.00</ele>
    </rtept>
    <rtept lat="45.48068702" lon="15.35042083" >
      <name>rte1_56</name>
      <ele>215.00</ele>
    </rtept>
    <rtept lat="45.48071417" lon="15.35036984" >
      <name>rte1_57</name>
      <ele>215.00</ele>
    </rtept>
    <rtept lat="45.48076848" lon="15.35026784" >
      <name>rte1_58</name>
      <ele>215.00</ele>
    </rtept>
    <rtept lat="45.48079115" lon="15.35021042" >
      <name>rte1_59</name>
      <ele>215.00</ele>
    </rtept>
    <rtept lat="45.48082284" lon="15.35014666" >
      <name>rte1_60</name>
      <ele>215.00</ele>
    </rtept>
    <rtept lat="45.48098537" lon="15.34996859" >
      <name>rte1_61</name>
      <ele>215.00</ele>
    </rtept>
    <rtept lat="45.48102598" lon="15.34993047" >
      <name>rte1_62</name>
      <ele>215.00</ele>
    </rtept>
    <rtept lat="45.48106659" lon="15.34989234" >
      <name>rte1_63</name>
      <ele>215.00</ele>
    </rtept>
    <rtept lat="45.48110718" lon="15.34986062" >
      <name>rte1_64</name>
      <ele>216.22</ele>
    </rtept>
    <rtept lat="45.48115225" lon="15.34983531" >
      <name>rte1_65</name>
      <ele>216.22</ele>
    </rtept>
    <rtept lat="45.48119734" lon="15.34980361" >
      <name>rte1_66</name>
      <ele>216.22</ele>
    </rtept>
    <rtept lat="45.48124693" lon="15.34977194" >
      <name>rte1_67</name>
      <ele>216.22</ele>
    </rtept>
    <rtept lat="45.48130102" lon="15.34974030" >
      <name>rte1_68</name>
      <ele>218.55</ele>
    </rtept>
    <rtept lat="45.48135961" lon="15.34970869" >
      <name>rte1_69</name>
      <ele>218.55</ele>
    </rtept>
    <rtept lat="45.48143165" lon="15.34968995" >
      <name>rte1_70</name>
      <ele>218.55</ele>
    </rtept>
    <rtept lat="45.48147207" lon="15.34971578" >
      <name>rte1_71</name>
      <ele>218.55</ele>
    </rtept>
    <rtept lat="45.48151696" lon="15.34974804" >
      <name>rte1_72</name>
      <ele>216.84</ele>
    </rtept>
    <rtept lat="45.48156635" lon="15.34978033" >
      <name>rte1_73</name>
      <ele>216.84</ele>
    </rtept>
    <rtept lat="45.48160217" lon="15.34983811" >
      <name>rte1_74</name>
      <ele>216.84</ele>
    </rtept>
    <rtept lat="45.48162895" lon="15.34990863" >
      <name>rte1_75</name>
      <ele>215.00</ele>
    </rtept>
    <rtept lat="45.48165117" lon="15.34999832" >
      <name>rte1_76</name>
      <ele>215.00</ele>
    </rtept>
    <rtept lat="45.48166439" lon="15.35008794" >
      <name>rte1_77</name>
      <ele>215.00</ele>
    </rtept>
    <rtept lat="45.48167761" lon="15.35017757" >
      <name>rte1_78</name>
      <ele>215.00</ele>
    </rtept>
    <rtept lat="45.48169083" lon="15.35026719" >
      <name>rte1_79</name>
      <ele>215.00</ele>
    </rtept>
    <rtept lat="45.48170859" lon="15.35034405" >
      <name>rte1_80</name>
      <ele>215.00</ele>
    </rtept>
    <rtept lat="45.48211707" lon="15.35065360" >
      <name>rte1_81</name>
      <ele>214.23</ele>
    </rtept>
    <rtept lat="45.48216200" lon="15.35067307" >
      <name>rte1_82</name>
      <ele>214.40</ele>
    </rtept>
    <rtept lat="45.48220696" lon="15.35068615" >
      <name>rte1_83</name>
      <ele>214.40</ele>
    </rtept>
    <rtept lat="45.48225191" lon="15.35069922" >
      <name>rte1_84</name>
      <ele>214.40</ele>
    </rtept>
    <rtept lat="45.48230138" lon="15.35070592" >
      <name>rte1_85</name>
      <ele>214.40</ele>
    </rtept>
    <rtept lat="45.48235085" lon="15.35071263" >
      <name>rte1_86</name>
      <ele>214.40</ele>
    </rtept>
    <rtept lat="45.48240482" lon="15.35071936" >
      <name>rte1_87</name>
      <ele>211.15</ele>
    </rtept>
    <rtept lat="45.48245881" lon="15.35071970" >
      <name>rte1_88</name>
      <ele>211.15</ele>
    </rtept>
    <rtept lat="45.48252178" lon="15.35072648" >
      <name>rte1_89</name>
      <ele>211.15</ele>
    </rtept>
    <rtept lat="45.48260279" lon="15.35072059" >
      <name>rte1_90</name>
      <ele>210.32</ele>
    </rtept>
    <rtept lat="45.48267931" lon="15.35070828" >
      <name>rte1_91</name>
      <ele>210.32</ele>
    </rtept>
    <rtept lat="45.48275584" lon="15.35069596" >
      <name>rte1_92</name>
      <ele>210.32</ele>
    </rtept>
    <rtept lat="45.48282339" lon="15.35067720" >
      <name>rte1_93</name>
      <ele>213.46</ele>
    </rtept>
    <rtept lat="45.48289095" lon="15.35065203" >
      <name>rte1_94</name>
      <ele>213.46</ele>
    </rtept>
    <rtept lat="45.48295850" lon="15.35063327" >
      <name>rte1_95</name>
      <ele>213.46</ele>
    </rtept>
    <rtept lat="45.48302157" lon="15.35060808" >
      <name>rte1_96</name>
      <ele>213.46</ele>
    </rtept>
    <rtept lat="45.48308463" lon="15.35058289" >
      <name>rte1_97</name>
      <ele>215.00</ele>
    </rtept>
    <rtept lat="45.48314770" lon="15.35055769" >
      <name>rte1_98</name>
      <ele>215.00</ele>
    </rtept>
    <rtept lat="45.48321075" lon="15.35053890" >
      <name>rte1_99</name>
      <ele>215.00</ele>
    </rtept>
    <rtept lat="45.48327830" lon="15.35052013" >
      <name>rte1_100</name>
      <ele>215.00</ele>
    </rtept>
    <rtept lat="45.48334582" lon="15.35050776" >
      <name>rte1_101</name>
      <ele>215.00</ele>
    </rtept>
    <rtept lat="45.48341335" lon="15.35049539" >
      <name>rte1_102</name>
      <ele>215.00</ele>
    </rtept>
    <rtept lat="45.48348984" lon="15.35049587" >
      <name>rte1_103</name>
      <ele>215.00</ele>
    </rtept>
    <rtept lat="45.48356630" lon="15.35050274" >
      <name>rte1_104</name>
      <ele>220.00</ele>
    </rtept>
    <rtept lat="45.48365175" lon="15.35051606" >
      <name>rte1_105</name>
      <ele>220.00</ele>
    </rtept>
    <rtept lat="45.48372370" lon="15.35052930" >
      <name>rte1_106</name>
      <ele>220.00</ele>
    </rtept>
    <rtept lat="45.48378661" lon="15.35055528" >
      <name>rte1_107</name>
      <ele>217.92</ele>
    </rtept>
    <rtept lat="45.48384950" lon="15.35058765" >
      <name>rte1_108</name>
      <ele>217.92</ele>
    </rtept>
    <rtept lat="45.48390785" lon="15.35063279" >
      <name>rte1_109</name>
      <ele>217.92</ele>
    </rtept>
    <rtept lat="45.48395720" lon="15.35067787" >
      <name>rte1_110</name>
      <ele>220.57</ele>
    </rtept>
    <rtept lat="45.48400649" lon="15.35074214" >
      <name>rte1_111</name>
      <ele>220.57</ele>
    </rtept>
    <rtept lat="45.48405127" lon="15.35081278" >
      <name>rte1_112</name>
      <ele>220.57</ele>
    </rtept>
    <rtept lat="45.48409598" lon="15.35090260" >
      <name>rte1_113</name>
      <ele>220.00</ele>
    </rtept>
    <rtept lat="45.48442926" lon="15.35079595" >
      <name>rte1_114</name>
      <ele>226.53</ele>
    </rtept>
    <rtept lat="45.48448781" lon="15.35077713" >
      <name>rte1_115</name>
      <ele>226.53</ele>
    </rtept>
    <rtept lat="45.48455536" lon="15.35075836" >
      <name>rte1_116</name>
      <ele>226.53</ele>
    </rtept>
    <rtept lat="45.48462738" lon="15.35074601" >
      <name>rte1_117</name>
      <ele>228.55</ele>
    </rtept>
    <rtept lat="45.48470839" lon="15.35074012" >
      <name>rte1_118</name>
      <ele>228.55</ele>
    </rtept>
    <rtept lat="45.48475340" lon="15.35073401" >
      <name>rte1_119</name>
      <ele>228.55</ele>
    </rtept>
    <rtept lat="45.48479841" lon="15.35072789" >
      <name>rte1_120</name>
      <ele>228.55</ele>
    </rtept>
    <rtept lat="45.48488388" lon="15.35073482" >
      <name>rte1_121</name>
      <ele>230.00</ele>
    </rtept>
    <rtept lat="45.48496480" lon="15.35075452" >
      <name>rte1_122</name>
      <ele>230.00</ele>
    </rtept>
    <rtept lat="45.48504123" lon="15.35077418" >
      <name>rte1_123</name>
      <ele>230.00</ele>
    </rtept>
    <rtept lat="45.48511764" lon="15.35080024" >
      <name>rte1_124</name>
      <ele>230.00</ele>
    </rtept>
    <rtept lat="45.48519856" lon="15.35081994" >
      <name>rte1_125</name>
      <ele>230.00</ele>
    </rtept>
    <rtept lat="45.48528401" lon="15.35083326" >
      <name>rte1_126</name>
      <ele>230.00</ele>
    </rtept>
    <rtept lat="45.48532898" lon="15.35083994" >
      <name>rte1_127</name>
      <ele>229.40</ele>
    </rtept>
    <rtept lat="45.48538297" lon="15.35084028" >
      <name>rte1_128</name>
      <ele>229.40</ele>
    </rtept>
    <rtept lat="45.48543698" lon="15.35083422" >
      <name>rte1_129</name>
      <ele>229.40</ele>
    </rtept>
    <rtept lat="45.48549099" lon="15.35082816" >
      <name>rte1_130</name>
      <ele>229.40</ele>
    </rtept>
    <rtept lat="45.48554050" lon="15.35082207" >
      <name>rte1_131</name>
      <ele>224.00</ele>
    </rtept>
    <rtept lat="45.48559001" lon="15.35081598" >
      <name>rte1_132</name>
      <ele>224.00</ele>
    </rtept>
    <rtept lat="45.48563952" lon="15.35080990" >
      <name>rte1_133</name>
      <ele>224.00</ele>
    </rtept>
    <rtept lat="45.48568453" lon="15.35080378" >
      <name>rte1_134</name>
      <ele>224.00</ele>
    </rtept>
    <rtept lat="45.48572955" lon="15.35079767" >
      <name>rte1_135</name>
      <ele>224.00</ele>
    </rtept>
    <rtept lat="45.48577456" lon="15.35079155" >
      <name>rte1_136</name>
      <ele>221.40</ele>
    </rtept>
    <rtept lat="45.48586012" lon="15.35076650" >
      <name>rte1_137</name>
      <ele>221.40</ele>
    </rtept>
    <rtept lat="45.48590513" lon="15.35076038" >
      <name>rte1_138</name>
      <ele>221.40</ele>
    </rtept>
    <rtept lat="45.48595016" lon="15.35074787" >
      <name>rte1_139</name>
      <ele>221.40</ele>
    </rtept>
    <rtept lat="45.48599521" lon="15.35072896" >
      <name>rte1_140</name>
      <ele>220.00</ele>
    </rtept>
    <rtept lat="45.48604475" lon="15.35071648" >
      <name>rte1_141</name>
      <ele>220.00</ele>
    </rtept>
    <rtept lat="45.48609430" lon="15.35069760" >
      <name>rte1_142</name>
      <ele>220.00</ele>
    </rtept>
    <rtept lat="45.48614833" lon="15.35068514" >
      <name>rte1_143</name>
      <ele>220.00</ele>
    </rtept>
    <rtept lat="45.48641843" lon="15.35063566" >
      <name>rte1_144</name>
      <ele>220.00</ele>
    </rtept>
    <rtept lat="45.48646343" lon="15.35063594" >
      <name>rte1_145</name>
      <ele>220.00</ele>
    </rtept>
    <rtept lat="45.48651292" lon="15.35063624" >
      <name>rte1_146</name>
      <ele>220.00</ele>
    </rtept>
    <rtept lat="45.48655787" lon="15.35064932" >
      <name>rte1_147</name>
      <ele>220.00</ele>
    </rtept>
    <rtept lat="45.48660280" lon="15.35066879" >
      <name>rte1_148</name>
      <ele>220.00</ele>
    </rtept>
    <rtept lat="45.48664322" lon="15.35069463" >
      <name>rte1_149</name>
      <ele>220.00</ele>
    </rtept>
    <rtept lat="45.48668359" lon="15.35073326" >
      <name>rte1_150</name>
      <ele>220.00</ele>
    </rtept>
    <rtept lat="45.48671945" lon="15.35077826" >
      <name>rte1_151</name>
      <ele>220.00</ele>
    </rtept>
    <rtept lat="45.48675976" lon="15.35083608" >
      <name>rte1_152</name>
      <ele>220.00</ele>
    </rtept>
    <rtept lat="45.48680006" lon="15.35090029" >
      <name>rte1_153</name>
      <ele>216.89</ele>
    </rtept>
    <rtept lat="45.48684935" lon="15.35096456" >
      <name>rte1_154</name>
      <ele>216.89</ele>
    </rtept>
    <rtept lat="45.48689416" lon="15.35102241" >
      <name>rte1_155</name>
      <ele>216.93</ele>
    </rtept>
    <rtept lat="45.48693902" lon="15.35106747" >
      <name>rte1_156</name>
      <ele>216.93</ele>
    </rtept>
    <rtept lat="45.48698837" lon="15.35111255" >
      <name>rte1_157</name>
      <ele>216.93</ele>
    </rtept>
    <rtept lat="45.48703774" lon="15.35115124" >
      <name>rte1_158</name>
      <ele>216.93</ele>
    </rtept>
    <rtept lat="45.48708713" lon="15.35118353" >
      <name>rte1_159</name>
      <ele>216.93</ele>
    </rtept>
    <rtept lat="45.48713655" lon="15.35120943" >
      <name>rte1_160</name>
      <ele>215.00</ele>
    </rtept>
    <rtept lat="45.48719046" lon="15.35123535" >
      <name>rte1_161</name>
      <ele>215.00</ele>
    </rtept>
    <rtept lat="45.48724441" lon="15.35124848" >
      <name>rte1_162</name>
      <ele>215.00</ele>
    </rtept>
    <rtept lat="45.48730286" lon="15.35126164" >
      <name>rte1_163</name>
      <ele>215.00</ele>
    </rtept>
    <rtept lat="45.48736133" lon="15.35126840" >
      <name>rte1_164</name>
      <ele>213.15</ele>
    </rtept>
    <rtept lat="45.48741980" lon="15.35127516" >
      <name>rte1_165</name>
      <ele>213.15</ele>
    </rtept>
    <rtept lat="45.48748279" lon="15.35127555" >
      <name>rte1_166</name>
      <ele>213.15</ele>
    </rtept>
    <rtept lat="45.48754577" lon="15.35127595" >
      <name>rte1_167</name>
      <ele>210.36</ele>
    </rtept>
    <rtept lat="45.48761328" lon="15.35126997" >
      <name>rte1_168</name>
      <ele>210.36</ele>
    </rtept>
    <rtept lat="45.48768531" lon="15.35125763" >
      <name>rte1_169</name>
      <ele>210.36</ele>
    </rtept>
    <rtept lat="45.48775730" lon="15.35125808" >
      <name>rte1_170</name>
      <ele>210.36</ele>
    </rtept>
    <rtept lat="45.48782928" lon="15.35125853" >
      <name>rte1_171</name>
      <ele>210.00</ele>
    </rtept>
    <rtept lat="45.48789675" lon="15.35126535" >
      <name>rte1_172</name>
      <ele>210.00</ele>
    </rtept>
    <rtept lat="45.48796420" lon="15.35127856" >
      <name>rte1_173</name>
      <ele>210.00</ele>
    </rtept>
    <rtept lat="45.48803163" lon="15.35129817" >
      <name>rte1_174</name>
      <ele>212.62</ele>
    </rtept>
    <rtept lat="45.48809454" lon="15.35132415" >
      <name>rte1_175</name>
      <ele>212.62</ele>
    </rtept>
    <rtept lat="45.48815743" lon="15.35135653" >
      <name>rte1_176</name>
      <ele>212.62</ele>
    </rtept>
    <rtept lat="45.48821582" lon="15.35138888" >
      <name>rte1_177</name>
      <ele>212.62</ele>
    </rtept>
    <rtept lat="45.48826967" lon="15.35143399" >
      <name>rte1_178</name>
      <ele>215.38</ele>
    </rtept>
    <rtept lat="45.48831898" lon="15.35149187" >
      <name>rte1_179</name>
      <ele>215.38</ele>
    </rtept>
    <rtept lat="45.48836380" lon="15.35154972" >
      <name>rte1_180</name>
      <ele>218.19</ele>
    </rtept>
    <rtept lat="45.48840407" lon="15.35162034" >
      <name>rte1_181</name>
      <ele>218.19</ele>
    </rtept>
    <rtept lat="45.48843533" lon="15.35169729" >
      <name>rte1_182</name>
      <ele>218.19</ele>
    </rtept>
    <rtept lat="45.48846654" lon="15.35178704" >
      <name>rte1_183</name>
      <ele>220.00</ele>
    </rtept>
    <rtept lat="45.48848874" lon="15.35188313" >
      <name>rte1_184</name>
      <ele>220.00</ele>
    </rtept>
    <rtept lat="45.48850202" lon="15.35195358" >
      <name>rte1_185</name>
      <ele>220.00</ele>
    </rtept>
    <rtept lat="45.48851530" lon="15.35202402" >
      <name>rte1_186</name>
      <ele>220.00</ele>
    </rtept>
    <rtept lat="45.48852858" lon="15.35209447" >
      <name>rte1_187</name>
      <ele>220.00</ele>
    </rtept>
    <rtept lat="45.48854186" lon="15.35216492" >
      <name>rte1_188</name>
      <ele>220.00</ele>
    </rtept>
    <rtept lat="45.48855516" lon="15.35222897" >
      <name>rte1_189</name>
      <ele>220.00</ele>
    </rtept>
    <rtept lat="45.48856846" lon="15.35229302" >
      <name>rte1_190</name>
      <ele>220.00</ele>
    </rtept>
    <rtept lat="45.48858626" lon="15.35235710" >
      <name>rte1_191</name>
      <ele>220.00</ele>
    </rtept>
    <rtept lat="45.48859956" lon="15.35242115" >
      <name>rte1_192</name>
      <ele>220.00</ele>
    </rtept>
    <rtept lat="45.48861736" lon="15.35248523" >
      <name>rte1_193</name>
      <ele>220.00</ele>
    </rtept>
    <rtept lat="45.48863517" lon="15.35254291" >
      <name>rte1_194</name>
      <ele>223.60</ele>
    </rtept>
    <rtept lat="45.48866631" lon="15.35265824" >
      <name>rte1_195</name>
      <ele>226.34</ele>
    </rtept>
    <rtept lat="45.48870647" lon="15.35276724" >
      <name>rte1_196</name>
      <ele>226.34</ele>
    </rtept>
    <rtept lat="45.48874662" lon="15.35287624" >
      <name>rte1_197</name>
      <ele>229.14</ele>
    </rtept>
    <rtept lat="45.48879130" lon="15.35297886" >
      <name>rte1_198</name>
      <ele>229.14</ele>
    </rtept>
    <rtept lat="45.48884499" lon="15.35307515" >
      <name>rte1_199</name>
      <ele>229.14</ele>
    </rtept>
    <rtept lat="45.48889870" lon="15.35316504" >
      <name>rte1_200</name>
      <ele>233.57</ele>
    </rtept>
    <rtept lat="45.48896141" lon="15.35325499" >
      <name>rte1_201</name>
      <ele>233.57</ele>
    </rtept>
    <rtept lat="45.48902864" lon="15.35333857" >
      <name>rte1_202</name>
      <ele>233.57</ele>
    </rtept>
    <rtept lat="45.48906451" lon="15.35337718" >
      <name>rte1_203</name>
      <ele>233.57</ele>
    </rtept>
    <rtept lat="45.48910037" lon="15.35342218" >
      <name>rte1_204</name>
      <ele>233.57</ele>
    </rtept>
    <rtept lat="45.48914074" lon="15.35346082" >
      <name>rte1_205</name>
      <ele>232.47</ele>
    </rtept>
    <rtept lat="45.48918561" lon="15.35349948" >
      <name>rte1_206</name>
      <ele>232.47</ele>
    </rtept>
    <rtept lat="45.48922599" lon="15.35353811" >
      <name>rte1_207</name>
      <ele>232.47</ele>
    </rtept>
    <rtept lat="45.48927536" lon="15.35357680" >
      <name>rte1_208</name>
      <ele>232.47</ele>
    </rtept>
    <rtept lat="45.48932923" lon="15.35361552" >
      <name>rte1_209</name>
      <ele>232.47</ele>
    </rtept>
    <rtept lat="45.48937862" lon="15.35364782" >
      <name>rte1_210</name>
      <ele>230.00</ele>
    </rtept>
    <rtept lat="45.48943251" lon="15.35368014" >
      <name>rte1_211</name>
      <ele>230.00</ele>
    </rtept>
    <rtept lat="45.48948192" lon="15.35370604" >
      <name>rte1_212</name>
      <ele>230.00</ele>
    </rtept>
    <rtept lat="45.48953133" lon="15.35373194" >
      <name>rte1_213</name>
      <ele>230.00</ele>
    </rtept>
    <rtept lat="45.48957625" lon="15.35375781" >
      <name>rte1_214</name>
      <ele>230.33</ele>
    </rtept>
    <rtept lat="45.48962566" lon="15.35378371" >
      <name>rte1_215</name>
      <ele>231.12</ele>
    </rtept>
    <rtept lat="45.48967057" lon="15.35380958" >
      <name>rte1_216</name>
      <ele>231.12</ele>
    </rtept>
    <rtept lat="45.48971548" lon="15.35383545" >
      <name>rte1_217</name>
      <ele>231.12</ele>
    </rtept>
    <rtept lat="45.48976039" lon="15.35386132" >
      <name>rte1_218</name>
      <ele>231.12</ele>
    </rtept>
    <rtept lat="45.48980531" lon="15.35388719" >
      <name>rte1_219</name>
      <ele>235.07</ele>
    </rtept>
    <rtept lat="45.48984570" lon="15.35391942" >
      <name>rte1_220</name>
      <ele>235.07</ele>
    </rtept>
    <rtept lat="45.48989057" lon="15.35395809" >
      <name>rte1_221</name>
      <ele>235.07</ele>
    </rtept>
    <rtept lat="45.48993092" lon="15.35400312" >
      <name>rte1_222</name>
      <ele>235.07</ele>
    </rtept>
    <rtept lat="45.48997128" lon="15.35404815" >
      <name>rte1_223</name>
      <ele>235.07</ele>
    </rtept>
    <rtept lat="45.49001609" lon="15.35410601" >
      <name>rte1_224</name>
      <ele>240.92</ele>
    </rtept>
    <rtept lat="45.49000169" lon="15.35439377" >
      <name>rte1_225</name>
      <ele>239.13</ele>
    </rtept>
    <rtept lat="45.48997442" lon="15.35448316" >
      <name>rte1_226</name>
      <ele>240.94</ele>
    </rtept>
    <rtept lat="45.48994713" lon="15.35457894" >
      <name>rte1_227</name>
      <ele>240.94</ele>
    </rtept>
    <rtept lat="45.48991983" lon="15.35467472" >
      <name>rte1_228</name>
      <ele>240.94</ele>
    </rtept>
    <rtept lat="45.48989704" lon="15.35477053" >
      <name>rte1_229</name>
      <ele>240.41</ele>
    </rtept>
    <rtept lat="45.48986972" lon="15.35487271" >
      <name>rte1_230</name>
      <ele>240.41</ele>
    </rtept>
    <rtept lat="45.48984689" lon="15.35498131" >
      <name>rte1_231</name>
      <ele>240.41</ele>
    </rtept>
    <rtept lat="45.48981953" lon="15.35509628" >
      <name>rte1_232</name>
      <ele>240.28</ele>
    </rtept>
    <rtept lat="45.48980583" lon="15.35516016" >
      <name>rte1_233</name>
      <ele>240.28</ele>
    </rtept>
    <rtept lat="45.48979664" lon="15.35522407" >
      <name>rte1_234</name>
      <ele>240.28</ele>
    </rtept>
    <rtept lat="45.48977840" lon="15.35530072" >
      <name>rte1_235</name>
      <ele>236.56</ele>
    </rtept>
    <rtept lat="45.48976466" lon="15.35537739" >
      <name>rte1_236</name>
      <ele>236.56</ele>
    </rtept>
    <rtept lat="45.48975094" lon="15.35544767" >
      <name>rte1_237</name>
      <ele>238.38</ele>
    </rtept>
    <rtept lat="45.48974622" lon="15.35551801" >
      <name>rte1_238</name>
      <ele>238.38</ele>
    </rtept>
    <rtept lat="45.48973701" lon="15.35558831" >
      <name>rte1_239</name>
      <ele>238.38</ele>
    </rtept>
    <rtept lat="45.48973229" lon="15.35565865" >
      <name>rte1_240</name>
      <ele>238.38</ele>
    </rtept>
    <rtept lat="45.48973203" lon="15.35574181" >
      <name>rte1_241</name>
      <ele>240.00</ele>
    </rtept>
    <rtept lat="45.48972725" lon="15.35583133" >
      <name>rte1_242</name>
      <ele>240.00</ele>
    </rtept>
    <rtept lat="45.48970445" lon="15.35592714" >
      <name>rte1_243</name>
      <ele>240.00</ele>
    </rtept>
    <rtept lat="45.48972665" lon="15.35602323" >
      <name>rte1_244</name>
      <ele>240.00</ele>
    </rtept>
    <rtept lat="45.48979853" lon="15.35605567" >
      <name>rte1_245</name>
      <ele>250.00</ele>
    </rtept>
    <rtept lat="45.48987954" lon="15.35604979" >
      <name>rte1_246</name>
      <ele>250.00</ele>
    </rtept>
    <rtept lat="45.48995600" lon="15.35605667" >
      <name>rte1_247</name>
      <ele>250.00</ele>
    </rtept>
    <rtept lat="45.49002329" lon="15.35612106" >
      <name>rte1_248</name>
      <ele>250.00</ele>
    </rtept>
    <rtept lat="45.49004561" lon="15.35617878" >
      <name>rte1_249</name>
      <ele>250.00</ele>
    </rtept>
    <rtept lat="45.49006340" lon="15.35624286" >
      <name>rte1_250</name>
      <ele>250.00</ele>
    </rtept>
    <rtept lat="45.49006752" lon="15.35636443" >
      <name>rte1_251</name>
      <ele>250.00</ele>
    </rtept>
    <rtept lat="45.49056185" lon="15.35655307" >
      <name>rte1_252</name>
      <ele>255.00</ele>
    </rtept>
    <rtept lat="45.49060692" lon="15.35652777" >
      <name>rte1_253</name>
      <ele>255.00</ele>
    </rtept>
    <rtept lat="45.49065201" lon="15.35649607" >
      <name>rte1_254</name>
      <ele>255.00</ele>
    </rtept>
    <rtept lat="45.49069259" lon="15.35647074" >
      <name>rte1_255</name>
      <ele>255.00</ele>
    </rtept>
    <rtept lat="45.49073320" lon="15.35643261" >
      <name>rte1_256</name>
      <ele>255.00</ele>
    </rtept>
    <rtept lat="45.49077381" lon="15.35639449" >
      <name>rte1_257</name>
      <ele>255.00</ele>
    </rtept>
    <rtept lat="45.49081444" lon="15.35634997" >
      <name>rte1_258</name>
      <ele>255.00</ele>
    </rtept>
    <rtept lat="45.49085510" lon="15.35629905" >
      <name>rte1_259</name>
      <ele>258.84</ele>
    </rtept>
    <rtept lat="45.49090025" lon="15.35624816" >
      <name>rte1_260</name>
      <ele>258.84</ele>
    </rtept>
    <rtept lat="45.49095452" lon="15.35615895" >
      <name>rte1_261</name>
      <ele>258.75</ele>
    </rtept>
    <rtept lat="45.49100427" lon="15.35607610" >
      <name>rte1_262</name>
      <ele>258.75</ele>
    </rtept>
    <rtept lat="45.49104950" lon="15.35599963" >
      <name>rte1_263</name>
      <ele>263.72</ele>
    </rtept>
    <rtept lat="45.49108576" lon="15.35591669" >
      <name>rte1_264</name>
      <ele>263.72</ele>
    </rtept>
    <rtept lat="45.49112201" lon="15.35583376" >
      <name>rte1_265</name>
      <ele>263.72</ele>
    </rtept>
    <rtept lat="45.49115377" lon="15.35575080" >
      <name>rte1_266</name>
      <ele>263.26</ele>
    </rtept>
    <rtept lat="45.49118552" lon="15.35566784" >
      <name>rte1_267</name>
      <ele>265.00</ele>
    </rtept>
    <rtept lat="45.49121278" lon="15.35558485" >
      <name>rte1_268</name>
      <ele>265.00</ele>
    </rtept>
    <rtept lat="45.49124003" lon="15.35550187" >
      <name>rte1_269</name>
      <ele>265.00</ele>
    </rtept>
    <rtept lat="45.49127179" lon="15.35541890" >
      <name>rte1_270</name>
      <ele>265.00</ele>
    </rtept>
    <rtept lat="45.49129904" lon="15.35533592" >
      <name>rte1_271</name>
      <ele>265.00</ele>
    </rtept>
    <rtept lat="45.49133530" lon="15.35525298" >
      <name>rte1_272</name>
      <ele>265.00</ele>
    </rtept>
    <rtept lat="45.49137155" lon="15.35517005" >
      <name>rte1_273</name>
      <ele>266.45</ele>
    </rtept>
    <rtept lat="45.49141232" lon="15.35508075" >
      <name>rte1_274</name>
      <ele>266.45</ele>
    </rtept>
    <rtept lat="45.49145759" lon="15.35499148" >
      <name>rte1_275</name>
      <ele>265.00</ele>
    </rtept>
    <rtept lat="45.49151184" lon="15.35490866" >
      <name>rte1_276</name>
      <ele>265.00</ele>
    </rtept>
    <rtept lat="45.49156161" lon="15.35481942" >
      <name>rte1_277</name>
      <ele>265.00</ele>
    </rtept>
    <rtept lat="45.49161134" lon="15.35474296" >
      <name>rte1_278</name>
      <ele>261.96</ele>
    </rtept>
    <rtept lat="45.49165656" lon="15.35467288" >
      <name>rte1_279</name>
      <ele>261.96</ele>
    </rtept>
    <rtept lat="45.49170177" lon="15.35460280" >
      <name>rte1_280</name>
      <ele>261.96</ele>
    </rtept>
    <rtept lat="45.49174696" lon="15.35453911" >
      <name>rte1_281</name>
      <ele>261.96</ele>
    </rtept>
    <rtept lat="45.49179213" lon="15.35448183" >
      <name>rte1_282</name>
      <ele>261.96</ele>
    </rtept>
    <rtept lat="45.49183730" lon="15.35442454" >
      <name>rte1_283</name>
      <ele>260.00</ele>
    </rtept>
    <rtept lat="45.49188247" lon="15.35436725" >
      <name>rte1_284</name>
      <ele>260.00</ele>
    </rtept>
    <rtept lat="45.49193212" lon="15.35431638" >
      <name>rte1_285</name>
      <ele>260.00</ele>
    </rtept>
    <rtept lat="45.49197727" lon="15.35426549" >
      <name>rte1_286</name>
      <ele>260.00</ele>
    </rtept>
    <rtept lat="45.49202692" lon="15.35421463" >
      <name>rte1_287</name>
      <ele>260.00</ele>
    </rtept>
    <rtept lat="45.49208107" lon="15.35416379" >
      <name>rte1_288</name>
      <ele>264.34</ele>
    </rtept>
    <rtept lat="45.49213522" lon="15.35411296" >
      <name>rte1_289</name>
      <ele>259.73</ele>
    </rtept>
    <rtept lat="45.49219389" lon="15.35405575" >
      <name>rte1_290</name>
      <ele>259.73</ele>
    </rtept>
    <rtept lat="45.49225704" lon="15.35400497" >
      <name>rte1_291</name>
      <ele>259.73</ele>
    </rtept>
    <rtept lat="45.49232469" lon="15.35395422" >
      <name>rte1_292</name>
      <ele>261.52</ele>
    </rtept>
    <rtept lat="45.49246858" lon="15.35398072" >
      <name>rte1_293</name>
      <ele>261.52</ele>
    </rtept>
    <rtept lat="45.49248624" lon="15.35408958" >
      <name>rte1_294</name>
      <ele>261.81</ele>
    </rtept>
    <rtept lat="45.49251290" lon="15.35419850" >
      <name>rte1_295</name>
      <ele>265.00</ele>
    </rtept>
    <rtept lat="45.49253951" lon="15.35432021" >
      <name>rte1_296</name>
      <ele>265.00</ele>
    </rtept>
    <rtept lat="45.49256613" lon="15.35444193" >
      <name>rte1_297</name>
      <ele>262.68</ele>
    </rtept>
    <rtept lat="45.49257939" lon="15.35451878" >
      <name>rte1_298</name>
      <ele>262.68</ele>
    </rtept>
    <rtept lat="45.49259712" lon="15.35460205" >
      <name>rte1_299</name>
      <ele>262.68</ele>
    </rtept>
    <rtept lat="45.49261036" lon="15.35468530" >
      <name>rte1_300</name>
      <ele>262.68</ele>
    </rtept>
    <rtept lat="45.49262362" lon="15.35476215" >
      <name>rte1_301</name>
      <ele>258.81</ele>
    </rtept>
    <rtept lat="45.49263688" lon="15.35483900" >
      <name>rte1_302</name>
      <ele>258.81</ele>
    </rtept>
    <rtept lat="45.49265014" lon="15.35491585" >
      <name>rte1_303</name>
      <ele>258.81</ele>
    </rtept>
    <rtept lat="45.49265889" lon="15.35499267" >
      <name>rte1_304</name>
      <ele>258.81</ele>
    </rtept>
    <rtept lat="45.49266765" lon="15.35506949" >
      <name>rte1_305</name>
      <ele>258.81</ele>
    </rtept>
    <rtept lat="45.49268091" lon="15.35514634" >
      <name>rte1_306</name>
      <ele>257.86</ele>
    </rtept>
    <rtept lat="45.49268969" lon="15.35521676" >
      <name>rte1_307</name>
      <ele>257.86</ele>
    </rtept>
    <rtept lat="45.49269845" lon="15.35529358" >
      <name>rte1_308</name>
      <ele>257.86</ele>
    </rtept>
    <rtept lat="45.49270271" lon="15.35537038" >
      <name>rte1_309</name>
      <ele>257.86</ele>
    </rtept>
    <rtept lat="45.49271148" lon="15.35544080" >
      <name>rte1_310</name>
      <ele>260.56</ele>
    </rtept>
    <rtept lat="45.49272026" lon="15.35551123" >
      <name>rte1_311</name>
      <ele>260.56</ele>
    </rtept>
    <rtept lat="45.49272902" lon="15.35558805" >
      <name>rte1_312</name>
      <ele>260.56</ele>
    </rtept>
    <rtept lat="45.49273780" lon="15.35565847" >
      <name>rte1_313</name>
      <ele>260.56</ele>
    </rtept>
    <rtept lat="45.49274658" lon="15.35572890" >
      <name>rte1_314</name>
      <ele>265.00</ele>
    </rtept>
    <rtept lat="45.49275536" lon="15.35579932" >
      <name>rte1_315</name>
      <ele>265.00</ele>
    </rtept>
    <rtept lat="45.49276863" lon="15.35586977" >
      <name>rte1_316</name>
      <ele>265.00</ele>
    </rtept>
    <rtept lat="45.49277741" lon="15.35594020" >
      <name>rte1_317</name>
      <ele>265.00</ele>
    </rtept>
    <rtept lat="45.49279069" lon="15.35601065" >
      <name>rte1_318</name>
      <ele>265.00</ele>
    </rtept>
    <rtept lat="45.49280394" lon="15.35608750" >
      <name>rte1_319</name>
      <ele>268.03</ele>
    </rtept>
    <rtept lat="45.49281722" lon="15.35615795" >
      <name>rte1_320</name>
      <ele>268.03</ele>
    </rtept>
    <rtept lat="45.49283500" lon="15.35622844" >
      <name>rte1_321</name>
      <ele>268.03</ele>
    </rtept>
    <rtept lat="45.49284827" lon="15.35629889" >
      <name>rte1_322</name>
      <ele>268.03</ele>
    </rtept>
    <rtept lat="45.49287055" lon="15.35636940" >
      <name>rte1_323</name>
      <ele>270.67</ele>
    </rtept>
    <rtept lat="45.49288833" lon="15.35643988" >
      <name>rte1_324</name>
      <ele>270.67</ele>
    </rtept>
    <rtept lat="45.49291058" lon="15.35651679" >
      <name>rte1_325</name>
      <ele>270.67</ele>
    </rtept>
    <rtept lat="45.49293286" lon="15.35658730" >
      <name>rte1_326</name>
      <ele>267.49</ele>
    </rtept>
    <rtept lat="45.49295963" lon="15.35665784" >
      <name>rte1_327</name>
      <ele>267.49</ele>
    </rtept>
    <rtept lat="45.49299088" lon="15.35673480" >
      <name>rte1_328</name>
      <ele>272.22</ele>
    </rtept>
    <rtept lat="45.49302214" lon="15.35681177" >
      <name>rte1_329</name>
      <ele>272.22</ele>
    </rtept>
    <rtept lat="45.49318748" lon="15.35717106" >
      <name>rte1_330</name>
      <ele>270.00</ele>
    </rtept>
    <rtept lat="45.49322323" lon="15.35724806" >
      <name>rte1_331</name>
      <ele>270.00</ele>
    </rtept>
    <rtept lat="45.49326346" lon="15.35733148" >
      <name>rte1_332</name>
      <ele>270.00</ele>
    </rtept>
    <rtept lat="45.49330370" lon="15.35741490" >
      <name>rte1_333</name>
      <ele>270.00</ele>
    </rtept>
    <rtept lat="45.49334391" lon="15.35750471" >
      <name>rte1_334</name>
      <ele>270.00</ele>
    </rtept>
    <rtept lat="45.49337962" lon="15.35759450" >
      <name>rte1_335</name>
      <ele>269.31</ele>
    </rtept>
    <rtept lat="45.49342431" lon="15.35769074" >
      <name>rte1_336</name>
      <ele>265.31</ele>
    </rtept>
    <rtept lat="45.49346446" lon="15.35779975" >
      <name>rte1_337</name>
      <ele>265.31</ele>
    </rtept>
    <rtept lat="45.49348679" lon="15.35785107" >
      <name>rte1_338</name>
      <ele>265.31</ele>
    </rtept>
    <rtept lat="45.49351359" lon="15.35791522" >
      <name>rte1_339</name>
      <ele>265.31</ele>
    </rtept>
    <rtept lat="45.49354030" lon="15.35800495" >
      <name>rte1_340</name>
      <ele>262.05</ele>
    </rtept>
    <rtept lat="45.49355352" lon="15.35809459" >
      <name>rte1_341</name>
      <ele>262.05</ele>
    </rtept>
    <rtept lat="45.49355769" lon="15.35819698" >
      <name>rte1_342</name>
      <ele>262.05</ele>
    </rtept>
    <rtept lat="45.49356181" lon="15.35831855" >
      <name>rte1_343</name>
      <ele>260.00</ele>
    </rtept>
    <rtept lat="45.49354807" lon="15.35839523" >
      <name>rte1_344</name>
      <ele>260.00</ele>
    </rtept>
    <rtept lat="45.49352985" lon="15.35846549" >
      <name>rte1_345</name>
      <ele>260.00</ele>
    </rtept>
    <rtept lat="45.49350267" lon="15.35852289" >
      <name>rte1_346</name>
      <ele>260.00</ele>
    </rtept>
    <rtept lat="45.49346652" lon="15.35857383" >
      <name>rte1_347</name>
      <ele>260.00</ele>
    </rtept>
    <rtept lat="45.49342590" lon="15.35861196" >
      <name>rte1_348</name>
      <ele>260.00</ele>
    </rtept>
    <rtept lat="45.49338079" lon="15.35865005" >
      <name>rte1_349</name>
      <ele>260.00</ele>
    </rtept>
    <rtept lat="45.49333122" lon="15.35867533" >
      <name>rte1_350</name>
      <ele>260.00</ele>
    </rtept>
    <rtept lat="45.49327713" lon="15.35870697" >
      <name>rte1_351</name>
      <ele>260.00</ele>
    </rtept>
    <rtept lat="45.49322306" lon="15.35873221" >
      <name>rte1_352</name>
      <ele>260.00</ele>
    </rtept>
    <rtept lat="45.49316449" lon="15.35875743" >
      <name>rte1_353</name>
      <ele>260.00</ele>
    </rtept>
    <rtept lat="45.49311040" lon="15.35878907" >
      <name>rte1_354</name>
      <ele>258.17</ele>
    </rtept>
    <rtept lat="45.49305631" lon="15.35882071" >
      <name>rte1_355</name>
      <ele>258.17</ele>
    </rtept>
    <rtept lat="45.49300667" lon="15.35886517" >
      <name>rte1_356</name>
      <ele>258.17</ele>
    </rtept>
    <rtept lat="45.49295704" lon="15.35890964" >
      <name>rte1_357</name>
      <ele>258.17</ele>
    </rtept>
    <rtept lat="45.49291635" lon="15.35897335" >
      <name>rte1_358</name>
      <ele>255.00</ele>
    </rtept>
    <rtept lat="45.49288013" lon="15.35904349" >
      <name>rte1_359</name>
      <ele>255.00</ele>
    </rtept>
    <rtept lat="45.49284837" lon="15.35912645" >
      <name>rte1_360</name>
      <ele>255.00</ele>
    </rtept>
    <rtept lat="45.49284359" lon="15.35921598" >
      <name>rte1_361</name>
      <ele>255.00</ele>
    </rtept>
    <rtept lat="45.49285681" lon="15.35930562" >
      <name>rte1_362</name>
      <ele>254.35</ele>
    </rtept>
    <rtept lat="45.49287900" lon="15.35940172" >
      <name>rte1_363</name>
      <ele>254.35</ele>
    </rtept>
    <rtept lat="45.49290121" lon="15.35949142" >
      <name>rte1_364</name>
      <ele>254.35</ele>
    </rtept>
    <rtept lat="45.49291442" lon="15.35958107" >
      <name>rte1_365</name>
      <ele>251.28</ele>
    </rtept>
    <rtept lat="45.49290516" lon="15.35966417" >
      <name>rte1_366</name>
      <ele>251.28</ele>
    </rtept>
    <rtept lat="45.49287788" lon="15.35975356" >
      <name>rte1_367</name>
      <ele>251.28</ele>
    </rtept>
    <rtept lat="45.49281463" lon="15.35983632" >
      <name>rte1_368</name>
      <ele>251.28</ele>
    </rtept>
    <rtept lat="45.49275144" lon="15.35989989" >
      <name>rte1_369</name>
      <ele>250.00</ele>
    </rtept>
    <rtept lat="45.49269277" lon="15.35995709" >
      <name>rte1_370</name>
      <ele>250.00</ele>
    </rtept>
    <rtept lat="45.49262964" lon="15.36000146" >
      <name>rte1_371</name>
      <ele>251.62</ele>
    </rtept>
    <rtept lat="45.49256203" lon="15.36003941" >
      <name>rte1_372</name>
      <ele>251.62</ele>
    </rtept>
    <rtept lat="45.49248992" lon="15.36007733" >
      <name>rte1_373</name>
      <ele>251.62</ele>
    </rtept>
    <rtept lat="45.49241333" lon="15.36010883" >
      <name>rte1_374</name>
      <ele>255.00</ele>
    </rtept>
    <rtept lat="45.49233221" lon="15.36015309" >
      <name>rte1_375</name>
      <ele>255.00</ele>
    </rtept>
    <rtept lat="45.49228266" lon="15.36017196" >
      <name>rte1_376</name>
      <ele>255.00</ele>
    </rtept>
    <rtept lat="45.49223312" lon="15.36018444" >
      <name>rte1_377</name>
      <ele>252.56</ele>
    </rtept>
    <rtept lat="45.49214754" lon="15.36021588" >
      <name>rte1_378</name>
      <ele>247.24</ele>
    </rtept>
    <rtept lat="45.49206197" lon="15.36024092" >
      <name>rte1_379</name>
      <ele>247.24</ele>
    </rtept>
    <rtept lat="45.49198543" lon="15.36025962" >
      <name>rte1_380</name>
      <ele>246.86</ele>
    </rtept>
    <rtept lat="45.49190438" lon="15.36027829" >
      <name>rte1_381</name>
      <ele>246.86</ele>
    </rtept>
    <rtept lat="45.49181884" lon="15.36029693" >
      <name>rte1_382</name>
      <ele>246.86</ele>
    </rtept>
    <rtept lat="45.49173329" lon="15.36031557" >
      <name>rte1_383</name>
      <ele>247.11</ele>
    </rtept>
    <rtept lat="45.49168376" lon="15.36032805" >
      <name>rte1_384</name>
      <ele>247.11</ele>
    </rtept>
    <rtept lat="45.49163421" lon="15.36034692" >
      <name>rte1_385</name>
      <ele>247.11</ele>
    </rtept>
    <rtept lat="45.49155318" lon="15.36035920" >
      <name>rte1_386</name>
      <ele>243.06</ele>
    </rtept>
    <rtept lat="45.49147216" lon="15.36037147" >
      <name>rte1_387</name>
      <ele>243.06</ele>
    </rtept>
    <rtept lat="45.49142712" lon="15.36038398" >
      <name>rte1_388</name>
      <ele>243.06</ele>
    </rtept>
    <rtept lat="45.49137757" lon="15.36040285" >
      <name>rte1_389</name>
      <ele>243.06</ele>
    </rtept>
    <rtept lat="45.49132352" lon="15.36042170" >
      <name>rte1_390</name>
      <ele>240.00</ele>
    </rtept>
    <rtept lat="45.49126493" lon="15.36045331" >
      <name>rte1_391</name>
      <ele>240.00</ele>
    </rtept>
    <rtept lat="45.49157010" lon="15.36069835" >
      <name>rte1_392</name>
      <ele>237.36</ele>
    </rtept>
    <rtept lat="45.49164659" lon="15.36069884" >
      <name>rte1_393</name>
      <ele>237.36</ele>
    </rtept>
    <rtept lat="45.49171857" lon="15.36069930" >
      <name>rte1_394</name>
      <ele>237.36</ele>
    </rtept>
    <rtept lat="45.49179504" lon="15.36070619" >
      <name>rte1_395</name>
      <ele>239.17</ele>
    </rtept>
    <rtept lat="45.49187151" lon="15.36071308" >
      <name>rte1_396</name>
      <ele>239.17</ele>
    </rtept>
    <rtept lat="45.49195245" lon="15.36072639" >
      <name>rte1_397</name>
      <ele>239.17</ele>
    </rtept>
    <rtept lat="45.49203340" lon="15.36073971" >
      <name>rte1_398</name>
      <ele>240.00</ele>
    </rtept>
    <rtept lat="45.49207837" lon="15.36074639" >
      <name>rte1_399</name>
      <ele>240.00</ele>
    </rtept>
    <rtept lat="45.49212334" lon="15.36075308" >
      <name>rte1_400</name>
      <ele>240.00</ele>
    </rtept>
    <rtept lat="45.49217281" lon="15.36075979" >
      <name>rte1_401</name>
      <ele>240.00</ele>
    </rtept>
    <rtept lat="45.49222226" lon="15.36077290" >
      <name>rte1_402</name>
      <ele>240.00</ele>
    </rtept>
    <rtept lat="45.49245418" lon="15.36141411" >
      <name>rte1_403</name>
      <ele>228.33</ele>
    </rtept>
    <rtept lat="45.49248999" lon="15.36147191" >
      <name>rte1_404</name>
      <ele>230.00</ele>
    </rtept>
    <rtept lat="45.49253032" lon="15.36152335" >
      <name>rte1_405</name>
      <ele>226.52</ele>
    </rtept>
    <rtept lat="45.49256613" lon="15.36158115" >
      <name>rte1_406</name>
      <ele>226.52</ele>
    </rtept>
    <rtept lat="45.49260197" lon="15.36163256" >
      <name>rte1_407</name>
      <ele>226.52</ele>
    </rtept>
    <rtept lat="45.49263778" lon="15.36169036" >
      <name>rte1_408</name>
      <ele>226.52</ele>
    </rtept>
    <rtept lat="45.49267361" lon="15.36174177" >
      <name>rte1_409</name>
      <ele>226.52</ele>
    </rtept>
    <rtept lat="45.49270494" lon="15.36179315" >
      <name>rte1_410</name>
      <ele>228.28</ele>
    </rtept>
    <rtept lat="45.49273629" lon="15.36183813" >
      <name>rte1_411</name>
      <ele>222.50</ele>
    </rtept>
    <rtept lat="45.49277212" lon="15.36188954" >
      <name>rte1_412</name>
      <ele>222.50</ele>
    </rtept>
    <rtept lat="45.49280347" lon="15.36193452" >
      <name>rte1_413</name>
      <ele>222.50</ele>
    </rtept>
    <rtept lat="45.49286165" lon="15.36203086" >
      <name>rte1_414</name>
      <ele>222.50</ele>
    </rtept>
    <rtept lat="45.49289299" lon="15.36208223" >
      <name>rte1_415</name>
      <ele>222.50</ele>
    </rtept>
    <rtept lat="45.49292434" lon="15.36212722" >
      <name>rte1_416</name>
      <ele>218.85</ele>
    </rtept>
    <rtept lat="45.49298252" lon="15.36222355" >
      <name>rte1_417</name>
      <ele>218.85</ele>
    </rtept>
    <rtept lat="45.49304522" lon="15.36231351" >
      <name>rte1_418</name>
      <ele>218.85</ele>
    </rtept>
    <rtept lat="45.49310341" lon="15.36240985" >
      <name>rte1_419</name>
      <ele>218.85</ele>
    </rtept>
    <rtept lat="45.49313474" lon="15.36246123" >
      <name>rte1_420</name>
      <ele>210.52</ele>
    </rtept>
    <rtept lat="45.49316607" lon="15.36251261" >
      <name>rte1_421</name>
      <ele>210.52</ele>
    </rtept>
    <rtept lat="45.49319740" lon="15.36256399" >
      <name>rte1_422</name>
      <ele>210.52</ele>
    </rtept>
    <rtept lat="45.49322873" lon="15.36261537" >
      <name>rte1_423</name>
      <ele>210.52</ele>
    </rtept>
    <rtept lat="45.49326006" lon="15.36266675" >
      <name>rte1_424</name>
      <ele>210.52</ele>
    </rtept>
    <rtept lat="45.49329139" lon="15.36271813" >
      <name>rte1_425</name>
      <ele>210.52</ele>
    </rtept>
    <rtept lat="45.49332720" lon="15.36277593" >
      <name>rte1_426</name>
      <ele>208.93</ele>
    </rtept>
    <rtept lat="45.49336301" lon="15.36283374" >
      <name>rte1_427</name>
      <ele>205.70</ele>
    </rtept>
    <rtept lat="45.49339432" lon="15.36289152" >
      <name>rte1_428</name>
      <ele>205.70</ele>
    </rtept>
    <rtept lat="45.49343463" lon="15.36294935" >
      <name>rte1_429</name>
      <ele>205.70</ele>
    </rtept>
    <rtept lat="45.49347042" lon="15.36301356" >
      <name>rte1_430</name>
      <ele>205.70</ele>
    </rtept>
    <rtept lat="45.49351071" lon="15.36307779" >
      <name>rte1_431</name>
      <ele>205.70</ele>
    </rtept>
    <rtept lat="45.49354652" lon="15.36313560" >
      <name>rte1_432</name>
      <ele>207.08</ele>
    </rtept>
    <rtept lat="45.49357783" lon="15.36319337" >
      <name>rte1_433</name>
      <ele>207.08</ele>
    </rtept>
    <rtept lat="45.49360012" lon="15.36325749" >
      <name>rte1_434</name>
      <ele>201.15</ele>
    </rtept>
    <rtept lat="45.49361785" lon="15.36334077" >
      <name>rte1_435</name>
      <ele>201.15</ele>
    </rtept>
    <rtept lat="45.49362213" lon="15.36341117" >
      <name>rte1_436</name>
      <ele>200.00</ele>
    </rtept>
    <rtept lat="45.49362642" lon="15.36347517" >
      <name>rte1_437</name>
      <ele>200.00</ele>
    </rtept>
    <rtept lat="45.49360808" lon="15.36358380" >
      <name>rte1_438</name>
      <ele>200.00</ele>
    </rtept>
    <rtept lat="45.49356728" lon="15.36367950" >
      <name>rte1_439</name>
      <ele>210.00</ele>
    </rtept>
    <rtept lat="45.49350402" lon="15.36376225" >
      <name>rte1_440</name>
      <ele>205.00</ele>
    </rtept>
    <rtept lat="45.49342733" lon="15.36382573" >
      <name>rte1_441</name>
      <ele>205.00</ele>
    </rtept>
    <rtept lat="45.49338674" lon="15.36385745" >
      <name>rte1_442</name>
      <ele>205.00</ele>
    </rtept>
    <rtept lat="45.49333716" lon="15.36388272" >
      <name>rte1_443</name>
      <ele>210.00</ele>
    </rtept>
    <rtept lat="45.49329209" lon="15.36390802" >
      <name>rte1_444</name>
      <ele>210.00</ele>
    </rtept>
    <rtept lat="45.49324252" lon="15.36393329" >
      <name>rte1_445</name>
      <ele>210.00</ele>
    </rtept>
    <rtept lat="45.49318844" lon="15.36395852" >
      <name>rte1_446</name>
      <ele>210.00</ele>
    </rtept>
    <rtept lat="45.49313437" lon="15.36398376" >
      <name>rte1_447</name>
      <ele>210.00</ele>
    </rtept>
    <rtept lat="45.49308032" lon="15.36400261" >
      <name>rte1_448</name>
      <ele>210.00</ele>
    </rtept>
    <rtept lat="45.49303075" lon="15.36402787" >
      <name>rte1_449</name>
      <ele>210.00</ele>
    </rtept>
    <rtept lat="45.49297668" lon="15.36405311" >
      <name>rte1_450</name>
      <ele>198.77</ele>
    </rtept>
    <rtept lat="45.49292260" lon="15.36407835" >
      <name>rte1_451</name>
      <ele>198.77</ele>
    </rtept>
    <rtept lat="45.49287301" lon="15.36411002" >
      <name>rte1_452</name>
      <ele>197.93</ele>
    </rtept>
    <rtept lat="45.49282344" lon="15.36413528" >
      <name>rte1_453</name>
      <ele>197.93</ele>
    </rtept>
    <rtept lat="45.49277382" lon="15.36417334" >
      <name>rte1_454</name>
      <ele>197.93</ele>
    </rtept>
    <rtept lat="45.49272873" lon="15.36420504" >
      <name>rte1_455</name>
      <ele>197.93</ele>
    </rtept>
    <rtept lat="45.49268811" lon="15.36424316" >
      <name>rte1_456</name>
      <ele>197.93</ele>
    </rtept>
    <rtept lat="45.49264748" lon="15.36428768" >
      <name>rte1_457</name>
      <ele>197.11</ele>
    </rtept>
    <rtept lat="45.49261584" lon="15.36433225" >
      <name>rte1_458</name>
      <ele>197.11</ele>
    </rtept>
    <rtept lat="45.49258418" lon="15.36438322" >
      <name>rte1_459</name>
      <ele>195.00</ele>
    </rtept>
    <rtept lat="45.49255700" lon="15.36444062" >
      <name>rte1_460</name>
      <ele>195.00</ele>
    </rtept>
    <rtept lat="45.49253880" lon="15.36450447" >
      <name>rte1_461</name>
      <ele>195.00</ele>
    </rtept>
    <rtept lat="45.49252060" lon="15.36456833" >
      <name>rte1_462</name>
      <ele>195.00</ele>
    </rtept>
    <rtept lat="45.49251585" lon="15.36464506" >
      <name>rte1_463</name>
      <ele>195.00</ele>
    </rtept>
    <rtept lat="45.49251109" lon="15.36472819" >
      <name>rte1_464</name>
      <ele>195.00</ele>
    </rtept>
    <rtept lat="45.49251534" lon="15.36480499" >
      <name>rte1_465</name>
      <ele>195.00</ele>
    </rtept>
    <rtept lat="45.49253311" lon="15.36487547" >
      <name>rte1_466</name>
      <ele>195.00</ele>
    </rtept>
    <rtept lat="45.49255982" lon="15.36496521" >
      <name>rte1_467</name>
      <ele>195.00</ele>
    </rtept>
    <rtept lat="45.49258209" lon="15.36503572" >
      <name>rte1_468</name>
      <ele>195.00</ele>
    </rtept>
    <rtept lat="45.49260888" lon="15.36509986" >
      <name>rte1_469</name>
      <ele>195.00</ele>
    </rtept>
    <rtept lat="45.49263119" lon="15.36515758" >
      <name>rte1_470</name>
      <ele>195.00</ele>
    </rtept>
    <rtept lat="45.49265800" lon="15.36521533" >
      <name>rte1_471</name>
      <ele>195.00</ele>
    </rtept>
    <rtept lat="45.49270264" lon="15.36532437" >
      <name>rte1_472</name>
      <ele>192.83</ele>
    </rtept>
    <rtept lat="45.49275180" lon="15.36542705" >
      <name>rte1_473</name>
      <ele>192.83</ele>
    </rtept>
    <rtept lat="45.49280096" lon="15.36552972" >
      <name>rte1_474</name>
      <ele>192.83</ele>
    </rtept>
    <rtept lat="45.49282779" lon="15.36558108" >
      <name>rte1_475</name>
      <ele>192.83</ele>
    </rtept>
    <rtept lat="45.49285460" lon="15.36563882" >
      <name>rte1_476</name>
      <ele>194.68</ele>
    </rtept>
    <rtept lat="45.49288141" lon="15.36569657" >
      <name>rte1_477</name>
      <ele>194.68</ele>
    </rtept>
    <rtept lat="45.49290372" lon="15.36575429" >
      <name>rte1_478</name>
      <ele>191.38</ele>
    </rtept>
    <rtept lat="45.49293051" lon="15.36581844" >
      <name>rte1_479</name>
      <ele>191.38</ele>
    </rtept>
    <rtept lat="45.49296176" lon="15.36589541" >
      <name>rte1_480</name>
      <ele>191.38</ele>
    </rtept>
    <rtept lat="45.49330787" lon="15.36600002" >
      <name>rte1_481</name>
      <ele>180.00</ele>
    </rtept>
    <rtept lat="45.49335738" lon="15.36599394" >
      <name>rte1_482</name>
      <ele>177.20</ele>
    </rtept>
    <rtept lat="45.49340237" lon="15.36599424" >
      <name>rte1_483</name>
      <ele>177.20</ele>
    </rtept>
    <rtept lat="45.49345188" lon="15.36598816" >
      <name>rte1_484</name>
      <ele>177.20</ele>
    </rtept>
    <rtept lat="45.49349687" lon="15.36598845" >
      <name>rte1_485</name>
      <ele>177.20</ele>
    </rtept>
    <rtept lat="45.49358242" lon="15.36596982" >
      <name>rte1_486</name>
      <ele>170.00</ele>
    </rtept>
    <rtept lat="45.49365901" lon="15.36593833" >
      <name>rte1_487</name>
      <ele>170.00</ele>
    </rtept>
    <rtept lat="45.49373564" lon="15.36589405" >
      <name>rte1_488</name>
      <ele>170.00</ele>
    </rtept>
    <rtept lat="45.49380783" lon="15.36583055" >
      <name>rte1_489</name>
      <ele>160.00</ele>
    </rtept>
    <rtept lat="45.49387557" lon="15.36575422" >
      <name>rte1_490</name>
      <ele>160.00</ele>
    </rtept>
    <rtept lat="45.49391170" lon="15.36570967" >
      <name>rte1_491</name>
      <ele>160.00</ele>
    </rtept>
    <rtept lat="45.49394786" lon="15.36565873" >
      <name>rte1_492</name>
      <ele>160.00</ele>
    </rtept>
    <rtept lat="45.49397956" lon="15.36559496" >
      <name>rte1_493</name>
      <ele>162.97</ele>
    </rtept>
    <rtept lat="45.49401572" lon="15.36554402" >
      <name>rte1_494</name>
      <ele>162.97</ele>
    </rtept>
    <rtept lat="45.49405190" lon="15.36548668" >
      <name>rte1_495</name>
      <ele>156.30</ele>
    </rtept>
    <rtept lat="45.49408356" lon="15.36543571" >
      <name>rte1_496</name>
      <ele>156.30</ele>
    </rtept>
    <rtept lat="45.49411524" lon="15.36537834" >
      <name>rte1_497</name>
      <ele>156.30</ele>
    </rtept>
    <rtept lat="45.49414240" lon="15.36532733" >
      <name>rte1_498</name>
      <ele>156.30</ele>
    </rtept>
    <rtept lat="45.49416956" lon="15.36527633" >
      <name>rte1_499</name>
      <ele>152.38</ele>
    </rtept>
    <rtept lat="45.49419674" lon="15.36521893" >
      <name>rte1_500</name>
      <ele>152.38</ele>
    </rtept>
    <rtept lat="45.49423308" lon="15.36511041" >
      <name>rte1_501</name>
      <ele>152.38</ele>
    </rtept>
    <rtept lat="45.49425597" lon="15.36498901" >
      <name>rte1_502</name>
      <ele>150.00</ele>
    </rtept>
    <rtept lat="45.49426517" lon="15.36492510" >
      <name>rte1_503</name>
      <ele>150.00</ele>
    </rtept>
    <rtept lat="45.49426539" lon="15.36485473" >
      <name>rte1_504</name>
      <ele>150.00</ele>
    </rtept>
    <rtept lat="45.49426112" lon="15.36478433" >
      <name>rte1_505</name>
      <ele>150.00</ele>
    </rtept>
    <rtept lat="45.49425685" lon="15.36471393" >
      <name>rte1_506</name>
      <ele>150.00</ele>
    </rtept>
    <rtept lat="45.49423922" lon="15.36459866" >
      <name>rte1_507</name>
      <ele>151.63</ele>
    </rtept>
    <rtept lat="45.49422157" lon="15.36448980" >
      <name>rte1_508</name>
      <ele>151.63</ele>
    </rtept>
    <rtept lat="45.49420842" lon="15.36438096" >
      <name>rte1_509</name>
      <ele>151.63</ele>
    </rtept>
    <rtept lat="45.49419975" lon="15.36427854" >
      <name>rte1_510</name>
      <ele>153.98</ele>
    </rtept>
    <rtept lat="45.49418656" lon="15.36418250" >
      <name>rte1_511</name>
      <ele>153.98</ele>
    </rtept>
    <rtept lat="45.49418237" lon="15.36408651" >
      <name>rte1_512</name>
      <ele>153.98</ele>
    </rtept>
    <rtept lat="45.49417366" lon="15.36399689" >
      <name>rte1_513</name>
      <ele>154.26</ele>
    </rtept>
    <rtept lat="45.49416947" lon="15.36390090" >
      <name>rte1_514</name>
      <ele>154.26</ele>
    </rtept>
    <rtept lat="45.49416976" lon="15.36381134" >
      <name>rte1_515</name>
      <ele>154.26</ele>
    </rtept>
    <rtept lat="45.49417454" lon="15.36372181" >
      <name>rte1_516</name>
      <ele>167.00</ele>
    </rtept>
    <rtept lat="45.49417935" lon="15.36362588" >
      <name>rte1_517</name>
      <ele>167.00</ele>
    </rtept>
    <rtept lat="45.49418865" lon="15.36352998" >
      <name>rte1_518</name>
      <ele>167.00</ele>
    </rtept>
    <rtept lat="45.49419798" lon="15.36342768" >
      <name>rte1_519</name>
      <ele>167.00</ele>
    </rtept>
    <rtept lat="45.49421628" lon="15.36333184" >
      <name>rte1_520</name>
      <ele>150.00</ele>
    </rtept>
    <rtept lat="45.49423463" lon="15.36322321" >
      <name>rte1_521</name>
      <ele>150.00</ele>
    </rtept>
    <rtept lat="45.49426197" lon="15.36311463" >
      <name>rte1_522</name>
      <ele>150.00</ele>
    </rtept>
    <rtept lat="45.49428029" lon="15.36301239" >
      <name>rte1_523</name>
      <ele>150.00</ele>
    </rtept>
    <rtept lat="45.49430309" lon="15.36291658" >
      <name>rte1_524</name>
      <ele>150.00</ele>
    </rtept>
    <rtept lat="45.49432588" lon="15.36282716" >
      <name>rte1_525</name>
      <ele>150.00</ele>
    </rtept>
    <rtept lat="45.49434418" lon="15.36273132" >
      <name>rte1_526</name>
      <ele>150.00</ele>
    </rtept>
    <rtept lat="45.49436696" lon="15.36264190" >
      <name>rte1_527</name>
      <ele>150.00</ele>
    </rtept>
    <rtept lat="45.49438522" lon="15.36255885" >
      <name>rte1_528</name>
      <ele>150.00</ele>
    </rtept>
    <rtept lat="45.49440798" lon="15.36247583" >
      <name>rte1_529</name>
      <ele>150.00</ele>
    </rtept>
    <rtept lat="45.49442627" lon="15.36238639" >
      <name>rte1_530</name>
      <ele>150.00</ele>
    </rtept>
    <rtept lat="45.49444451" lon="15.36230974" >
      <name>rte1_531</name>
      <ele>150.00</ele>
    </rtept>
    <rtept lat="45.49446727" lon="15.36222672" >
      <name>rte1_532</name>
      <ele>150.00</ele>
    </rtept>
    <rtept lat="45.49448551" lon="15.36215007" >
      <name>rte1_533</name>
      <ele>150.00</ele>
    </rtept>
    <rtept lat="45.49450825" lon="15.36207345" >
      <name>rte1_534</name>
      <ele>150.00</ele>
    </rtept>
    <rtept lat="45.49453099" lon="15.36199682" >
      <name>rte1_535</name>
      <ele>150.00</ele>
    </rtept>
    <rtept lat="45.49455373" lon="15.36192020" >
      <name>rte1_536</name>
      <ele>150.00</ele>
    </rtept>
    <rtept lat="45.49457647" lon="15.36184358" >
      <name>rte1_537</name>
      <ele>150.00</ele>
    </rtept>
    <rtept lat="45.49459919" lon="15.36177336" >
      <name>rte1_538</name>
      <ele>150.00</ele>
    </rtept>
    <rtept lat="45.49462641" lon="15.36170316" >
      <name>rte1_539</name>
      <ele>150.00</ele>
    </rtept>
    <rtept lat="45.49465363" lon="15.36163296" >
      <name>rte1_540</name>
      <ele>150.00</ele>
    </rtept>
    <rtept lat="45.49468085" lon="15.36156277" >
      <name>rte1_541</name>
      <ele>150.00</ele>
    </rtept>
    <rtept lat="45.49470807" lon="15.36149257" >
      <name>rte1_542</name>
      <ele>150.00</ele>
    </rtept>
    <rtept lat="45.49473979" lon="15.36142240" >
      <name>rte1_543</name>
      <ele>150.00</ele>
    </rtept>
    <rtept lat="45.49477148" lon="15.36135863" >
      <name>rte1_544</name>
      <ele>150.00</ele>
    </rtept>
    <rtept lat="45.49480770" lon="15.36128849" >
      <name>rte1_545</name>
      <ele>150.00</ele>
    </rtept>
    <rtept lat="45.49484390" lon="15.36122475" >
      <name>rte1_546</name>
      <ele>150.00</ele>
    </rtept>
    <rtept lat="45.49488011" lon="15.36115461" >
      <name>rte1_547</name>
      <ele>175.70</ele>
    </rtept>
    <rtept lat="45.49492081" lon="15.36109090" >
      <name>rte1_548</name>
      <ele>175.70</ele>
    </rtept>
    <rtept lat="45.49496151" lon="15.36102719" >
      <name>rte1_549</name>
      <ele>150.00</ele>
    </rtept>
    <rtept lat="45.49500672" lon="15.36095711" >
      <name>rte1_550</name>
      <ele>150.00</ele>
    </rtept>
    <rtept lat="45.49505192" lon="15.36089342" >
      <name>rte1_551</name>
      <ele>150.00</ele>
    </rtept>
    <rtept lat="45.49510163" lon="15.36082337" >
      <name>rte1_552</name>
      <ele>173.91</ele>
    </rtept>
    <rtept lat="45.49515132" lon="15.36075971" >
      <name>rte1_553</name>
      <ele>173.91</ele>
    </rtept>
    <rtept lat="45.49521002" lon="15.36069612" >
      <name>rte1_554</name>
      <ele>150.00</ele>
    </rtept>
    <rtept lat="45.49529585" lon="15.36058791" >
      <name>rte1_555</name>
      <ele>150.00</ele>
    </rtept>
    <rtept lat="45.49538615" lon="15.36048613" >
      <name>rte1_556</name>
      <ele>200.00</ele>
    </rtept>
    <rtept lat="45.49547196" lon="15.36038432" >
      <name>rte1_557</name>
      <ele>150.00</ele>
    </rtept>
    <rtept lat="45.49555775" lon="15.36028891" >
      <name>rte1_558</name>
      <ele>150.00</ele>
    </rtept>
    <rtept lat="45.49564352" lon="15.36019989" >
      <name>rte1_559</name>
      <ele>164.29</ele>
    </rtept>
    <rtept lat="45.49572479" lon="15.36011085" >
      <name>rte1_560</name>
      <ele>164.29</ele>
    </rtept>
    <rtept lat="45.49581054" lon="15.36002823" >
      <name>rte1_561</name>
      <ele>164.29</ele>
    </rtept>
    <rtept lat="45.49589179" lon="15.35994558" >
      <name>rte1_562</name>
      <ele>150.00</ele>
    </rtept>
    <rtept lat="45.49597303" lon="15.35986293" >
      <name>rte1_563</name>
      <ele>159.17</ele>
    </rtept>
    <rtept lat="45.49605426" lon="15.35978668" >
      <name>rte1_564</name>
      <ele>159.17</ele>
    </rtept>
    <rtept lat="45.49613101" lon="15.35970401" >
      <name>rte1_565</name>
      <ele>150.00</ele>
    </rtept>
    <rtept lat="45.49621224" lon="15.35962776" >
      <name>rte1_566</name>
      <ele>150.00</ele>
    </rtept>
    <rtept lat="45.49629347" lon="15.35955150" >
      <name>rte1_567</name>
      <ele>150.00</ele>
    </rtept>
    <rtept lat="45.49637468" lon="15.35948165" >
      <name>rte1_568</name>
      <ele>150.00</ele>
    </rtept>
    <rtept lat="45.49645590" lon="15.35940540" >
      <name>rte1_569</name>
      <ele>150.00</ele>
    </rtept>
    <rtept lat="45.49653713" lon="15.35932915" >
      <name>rte1_570</name>
      <ele>150.00</ele>
    </rtept>
    <rtept lat="45.49661834" lon="15.35925929" >
      <name>rte1_571</name>
      <ele>171.40</ele>
    </rtept>
    <rtept lat="45.49669957" lon="15.35918304" >
      <name>rte1_572</name>
      <ele>171.40</ele>
    </rtept>
    <rtept lat="45.49678079" lon="15.35910679" >
      <name>rte1_573</name>
      <ele>150.00</ele>
    </rtept>
    <rtept lat="45.49686202" lon="15.35903053" >
      <name>rte1_574</name>
      <ele>150.00</ele>
    </rtept>
    <rtept lat="45.49694777" lon="15.35894791" >
      <name>rte1_575</name>
      <ele>150.00</ele>
    </rtept>
    <rtept lat="45.49703350" lon="15.35887169" >
      <name>rte1_576</name>
      <ele>156.55</ele>
    </rtept>
    <rtept lat="45.49711924" lon="15.35878907" >
      <name>rte1_577</name>
      <ele>156.55</ele>
    </rtept>
    <rtept lat="45.49720951" lon="15.35870007" >
      <name>rte1_578</name>
      <ele>150.00</ele>
    </rtept>
    <rtept lat="45.49729978" lon="15.35861108" >
      <name>rte1_579</name>
      <ele>150.00</ele>
    </rtept>
    <rtept lat="45.49739004" lon="15.35852209" >
      <name>rte1_580</name>
      <ele>150.00</ele>
    </rtept>
    <rtept lat="45.49748483" lon="15.35842673" >
      <name>rte1_581</name>
      <ele>150.00</ele>
    </rtept>
    <rtept lat="45.49757961" lon="15.35833137" >
      <name>rte1_582</name>
      <ele>150.00</ele>
    </rtept>
    <rtept lat="45.49767892" lon="15.35822964" >
      <name>rte1_583</name>
      <ele>150.00</ele>
    </rtept>
    <rtept lat="45.49777822" lon="15.35812791" >
      <name>rte1_584</name>
      <ele>150.00</ele>
    </rtept>
    <rtept lat="45.49787757" lon="15.35801338" >
      <name>rte1_585</name>
      <ele>150.00</ele>
    </rtept>
    <rtept lat="45.49798589" lon="15.35790531" >
      <name>rte1_586</name>
      <ele>160.00</ele>
    </rtept>
    <rtept lat="45.49808975" lon="15.35778441" >
      <name>rte1_587</name>
      <ele>160.00</ele>
    </rtept>
    <rtept lat="45.49819358" lon="15.35767631" >
      <name>rte1_588</name>
      <ele>156.36</ele>
    </rtept>
    <rtept lat="45.49829292" lon="15.35756178" >
      <name>rte1_589</name>
      <ele>162.81</ele>
    </rtept>
    <rtept lat="45.49838774" lon="15.35745362" >
      <name>rte1_590</name>
      <ele>154.13</ele>
    </rtept>
    <rtept lat="45.49848257" lon="15.35734546" >
      <name>rte1_591</name>
      <ele>167.20</ele>
    </rtept>
    <rtept lat="45.49857289" lon="15.35723727" >
      <name>rte1_592</name>
      <ele>153.72</ele>
    </rtept>
    <rtept lat="45.49865870" lon="15.35713545" >
      <name>rte1_593</name>
      <ele>153.72</ele>
    </rtept>
    <rtept lat="45.49874003" lon="15.35702721" >
      <name>rte1_594</name>
      <ele>166.00</ele>
    </rtept>
    <rtept lat="45.49882583" lon="15.35692539" >
      <name>rte1_595</name>
      <ele>160.00</ele>
    </rtept>
    <rtept lat="45.49890264" lon="15.35682351" >
      <name>rte1_596</name>
      <ele>160.00</ele>
    </rtept>
    <rtept lat="45.49897947" lon="15.35671523" >
      <name>rte1_597</name>
      <ele>161.91</ele>
    </rtept>
    <rtept lat="45.49905628" lon="15.35661335" >
      <name>rte1_598</name>
      <ele>161.92</ele>
    </rtept>
    <rtept lat="45.49913308" lon="15.35651147" >
      <name>rte1_599</name>
      <ele>161.92</ele>
    </rtept>
    <rtept lat="45.49920541" lon="15.35640317" >
      <name>rte1_600</name>
      <ele>161.92</ele>
    </rtept>
    <rtept lat="45.49927772" lon="15.35630126" >
      <name>rte1_601</name>
      <ele>164.00</ele>
    </rtept>
    <rtept lat="45.49934555" lon="15.35619293" >
      <name>rte1_602</name>
      <ele>164.00</ele>
    </rtept>
    <rtept lat="45.49941787" lon="15.35608462" >
      <name>rte1_603</name>
      <ele>164.00</ele>
    </rtept>
    <rtept lat="45.49948570" lon="15.35597628" >
      <name>rte1_604</name>
      <ele>152.38</ele>
    </rtept>
    <rtept lat="45.49955803" lon="15.35586798" >
      <name>rte1_605</name>
      <ele>152.38</ele>
    </rtept>
    <rtept lat="45.49962586" lon="15.35575964" >
      <name>rte1_606</name>
      <ele>159.57</ele>
    </rtept>
    <rtept lat="45.49969371" lon="15.35564491" >
      <name>rte1_607</name>
      <ele>152.75</ele>
    </rtept>
    <rtept lat="45.49976605" lon="15.35553020" >
      <name>rte1_608</name>
      <ele>152.75</ele>
    </rtept>
    <rtept lat="45.49983392" lon="15.35540907" >
      <name>rte1_609</name>
      <ele>158.60</ele>
    </rtept>
    <rtept lat="45.49990629" lon="15.35528797" >
      <name>rte1_610</name>
      <ele>153.24</ele>
    </rtept>
    <rtept lat="45.49997416" lon="15.35516683" >
      <name>rte1_611</name>
      <ele>153.24</ele>
    </rtept>
    <rtept lat="45.50004654" lon="15.35503933" >
      <name>rte1_612</name>
      <ele>159.23</ele>
    </rtept>
    <rtept lat="45.50012345" lon="15.35490546" >
      <name>rte1_613</name>
      <ele>159.23</ele>
    </rtept>
    <rtept lat="45.50020035" lon="15.35477158" >
      <name>rte1_614</name>
      <ele>154.16</ele>
    </rtept>
    <rtept lat="45.50027726" lon="15.35463771" >
      <name>rte1_615</name>
      <ele>154.16</ele>
    </rtept>
    <rtept lat="45.50035418" lon="15.35449744" >
      <name>rte1_616</name>
      <ele>154.16</ele>
    </rtept>
    <rtept lat="45.50043563" lon="15.35435080" >
      <name>rte1_617</name>
      <ele>154.43</ele>
    </rtept>
    <rtept lat="45.50052157" lon="15.35420419" >
      <name>rte1_618</name>
      <ele>154.43</ele>
    </rtept>
    <rtept lat="45.50062567" lon="15.35400650" >
      <name>rte1_619</name>
      <ele>152.08</ele>
    </rtept>
    <rtept lat="45.50072975" lon="15.35381521" >
      <name>rte1_620</name>
      <ele>160.00</ele>
    </rtept>
    <rtept lat="45.50082931" lon="15.35363030" >
      <name>rte1_621</name>
      <ele>155.00</ele>
    </rtept>
    <rtept lat="45.50092437" lon="15.35344535" >
      <name>rte1_622</name>
      <ele>154.66</ele>
    </rtept>
    <rtept lat="45.50101491" lon="15.35326677" >
      <name>rte1_623</name>
      <ele>154.66</ele>
    </rtept>
    <rtept lat="45.50110095" lon="15.35308817" >
      <name>rte1_624</name>
      <ele>152.21</ele>
    </rtept>
    <rtept lat="45.50118247" lon="15.35291593" >
      <name>rte1_625</name>
      <ele>152.21</ele>
    </rtept>
    <rtept lat="45.50126399" lon="15.35274369" >
      <name>rte1_626</name>
      <ele>157.20</ele>
    </rtept>
    <rtept lat="45.50134100" lon="15.35257782" >
      <name>rte1_627</name>
      <ele>157.20</ele>
    </rtept>
    <rtept lat="45.50141352" lon="15.35240553" >
      <name>rte1_628</name>
      <ele>157.23</ele>
    </rtept>
    <rtept lat="45.50149052" lon="15.35223966" >
      <name>rte1_629</name>
      <ele>154.38</ele>
    </rtept>
    <rtept lat="45.50155852" lon="15.35207373" >
      <name>rte1_630</name>
      <ele>154.38</ele>
    </rtept>
    <rtept lat="45.50162653" lon="15.35190780" >
      <name>rte1_631</name>
      <ele>160.76</ele>
    </rtept>
    <rtept lat="45.50169453" lon="15.35174188" >
      <name>rte1_632</name>
      <ele>160.76</ele>
    </rtept>
    <rtept lat="45.50176251" lon="15.35158235" >
      <name>rte1_633</name>
      <ele>154.09</ele>
    </rtept>
    <rtept lat="45.50183051" lon="15.35141642" >
      <name>rte1_634</name>
      <ele>154.09</ele>
    </rtept>
    <rtept lat="45.50189402" lon="15.35125046" >
      <name>rte1_635</name>
      <ele>158.32</ele>
    </rtept>
    <rtept lat="45.50196202" lon="15.35108454" >
      <name>rte1_636</name>
      <ele>150.00</ele>
    </rtept>
    <rtept lat="45.50202552" lon="15.35091858" >
      <name>rte1_637</name>
      <ele>160.00</ele>
    </rtept>
    <rtept lat="45.50209352" lon="15.35075265" >
      <name>rte1_638</name>
      <ele>160.00</ele>
    </rtept>
    <rtept lat="45.50216154" lon="15.35058032" >
      <name>rte1_639</name>
      <ele>158.44</ele>
    </rtept>
    <rtept lat="45.50222956" lon="15.35040799" >
      <name>rte1_640</name>
      <ele>150.00</ele>
    </rtept>
    <rtept lat="45.50229758" lon="15.35023566" >
      <name>rte1_641</name>
      <ele>154.78</ele>
    </rtept>
    <rtept lat="45.50237012" lon="15.35005696" >
      <name>rte1_642</name>
      <ele>154.78</ele>
    </rtept>
    <rtept lat="45.50244266" lon="15.34987826" >
      <name>rte1_643</name>
      <ele>155.60</ele>
    </rtept>
    <rtept lat="45.50251520" lon="15.34969956" >
      <name>rte1_644</name>
      <ele>153.27</ele>
    </rtept>
    <rtept lat="45.50259227" lon="15.34950810" >
      <name>rte1_645</name>
      <ele>153.27</ele>
    </rtept>
    <rtept lat="45.50267383" lon="15.34932305" >
      <name>rte1_646</name>
      <ele>150.00</ele>
    </rtept>
    <rtept lat="45.50275992" lon="15.34912524" >
      <name>rte1_647</name>
      <ele>150.00</ele>
    </rtept>
    <rtept lat="45.50284602" lon="15.34892743" >
      <name>rte1_648</name>
      <ele>152.63</ele>
    </rtept>
    <rtept lat="45.50293663" lon="15.34872324" >
      <name>rte1_649</name>
      <ele>153.07</ele>
    </rtept>
    <rtept lat="45.50303174" lon="15.34851909" >
      <name>rte1_650</name>
      <ele>153.07</ele>
    </rtept>
    <rtept lat="45.50311329" lon="15.34833404" >
      <name>rte1_651</name>
      <ele>150.00</ele>
    </rtept>
    <rtept lat="45.50319031" lon="15.34816176" >
      <name>rte1_652</name>
      <ele>150.00</ele>
    </rtept>
    <rtept lat="45.50326733" lon="15.34798948" >
      <name>rte1_653</name>
      <ele>150.69</ele>
    </rtept>
    <rtept lat="45.50333982" lon="15.34782357" >
      <name>rte1_654</name>
      <ele>150.00</ele>
    </rtept>
    <rtept lat="45.50341232" lon="15.34765767" >
      <name>rte1_655</name>
      <ele>150.00</ele>
    </rtept>
    <rtept lat="45.50348029" lon="15.34749813" >
      <name>rte1_656</name>
      <ele>150.00</ele>
    </rtept>
    <rtept lat="45.50354825" lon="15.34734498" >
      <name>rte1_657</name>
      <ele>150.00</ele>
    </rtept>
    <rtept lat="45.50361171" lon="15.34719182" >
      <name>rte1_658</name>
      <ele>150.00</ele>
    </rtept>
    <rtept lat="45.50367517" lon="15.34703865" >
      <name>rte1_659</name>
      <ele>150.00</ele>
    </rtept>
    <rtept lat="45.50373862" lon="15.34688548" >
      <name>rte1_660</name>
      <ele>150.00</ele>
    </rtept>
    <rtept lat="45.50379756" lon="15.34673868" >
      <name>rte1_661</name>
      <ele>151.82</ele>
    </rtept>
    <rtept lat="45.50385648" lon="15.34659827" >
      <name>rte1_662</name>
      <ele>151.82</ele>
    </rtept>
    <rtept lat="45.50391542" lon="15.34645147" >
      <name>rte1_663</name>
      <ele>154.23</ele>
    </rtept>
    <rtept lat="45.50396986" lon="15.34630464" >
      <name>rte1_664</name>
      <ele>154.23</ele>
    </rtept>
    <rtept lat="45.50402878" lon="15.34616424" >
      <name>rte1_665</name>
      <ele>163.47</ele>
    </rtept>
    <rtept lat="45.50408321" lon="15.34601741" >
      <name>rte1_666</name>
      <ele>163.47</ele>
    </rtept>
    <rtept lat="45.50413765" lon="15.34587058" >
      <name>rte1_667</name>
      <ele>162.48</ele>
    </rtept>
    <rtept lat="45.50419207" lon="15.34573015" >
      <name>rte1_668</name>
      <ele>162.48</ele>
    </rtept>
    <rtept lat="45.50424651" lon="15.34558332" >
      <name>rte1_669</name>
      <ele>150.00</ele>
    </rtept>
    <rtept lat="45.50430095" lon="15.34543649" >
      <name>rte1_670</name>
      <ele>157.38</ele>
    </rtept>
    <rtept lat="45.50435540" lon="15.34528326" >
      <name>rte1_671</name>
      <ele>157.38</ele>
    </rtept>
    <rtept lat="45.50440986" lon="15.34513003" >
      <name>rte1_672</name>
      <ele>162.51</ele>
    </rtept>
    <rtept lat="45.50446432" lon="15.34497680" >
      <name>rte1_673</name>
      <ele>153.37</ele>
    </rtept>
    <rtept lat="45.50452327" lon="15.34482360" >
      <name>rte1_674</name>
      <ele>155.31</ele>
    </rtept>
    <rtept lat="45.50457775" lon="15.34466397" >
      <name>rte1_675</name>
      <ele>155.31</ele>
    </rtept>
    <rtept lat="45.50463674" lon="15.34449797" >
      <name>rte1_676</name>
      <ele>156.41</ele>
    </rtept>
    <rtept lat="45.50469573" lon="15.34433197" >
      <name>rte1_677</name>
      <ele>151.83</ele>
    </rtept>
    <rtept lat="45.50475925" lon="15.34415960" >
      <name>rte1_678</name>
      <ele>156.34</ele>
    </rtept>
    <rtept lat="45.50482278" lon="15.34398083" >
      <name>rte1_679</name>
      <ele>156.34</ele>
    </rtept>
    <rtept lat="45.50488631" lon="15.34380206" >
      <name>rte1_680</name>
      <ele>160.33</ele>
    </rtept>
    <rtept lat="45.50494986" lon="15.34361689" >
      <name>rte1_681</name>
      <ele>150.98</ele>
    </rtept>
    <rtept lat="45.50502242" lon="15.34342538" >
      <name>rte1_682</name>
      <ele>150.98</ele>
    </rtept>
    <rtept lat="45.50510414" lon="15.34318273" >
      <name>rte1_683</name>
      <ele>159.05</ele>
    </rtept>
    <rtept lat="45.50519032" lon="15.34295291" >
      <name>rte1_684</name>
      <ele>150.63</ele>
    </rtept>
    <rtept lat="45.50526749" lon="15.34272943" >
      <name>rte1_685</name>
      <ele>150.63</ele>
    </rtept>
    <rtept lat="45.50534915" lon="15.34250598" >
      <name>rte1_686</name>
      <ele>150.00</ele>
    </rtept>
    <rtept lat="45.50542627" lon="15.34229529" >
      <name>rte1_687</name>
      <ele>150.00</ele>
    </rtept>
    <rtept lat="45.50549887" lon="15.34209098" >
      <name>rte1_688</name>
      <ele>150.00</ele>
    </rtept>
    <rtept lat="45.50557597" lon="15.34188669" >
      <name>rte1_689</name>
      <ele>150.00</ele>
    </rtept>
    <rtept lat="45.50564856" lon="15.34168878" >
      <name>rte1_690</name>
      <ele>150.00</ele>
    </rtept>
    <rtept lat="45.50571662" lon="15.34149723" >
      <name>rte1_691</name>
      <ele>150.00</ele>
    </rtept>
    <rtept lat="45.50578919" lon="15.34130571" >
      <name>rte1_692</name>
      <ele>175.80</ele>
    </rtept>
    <rtept lat="45.50585723" lon="15.34112057" >
      <name>rte1_693</name>
      <ele>150.00</ele>
    </rtept>
    <rtept lat="45.50592978" lon="15.34093545" >
      <name>rte1_694</name>
      <ele>150.00</ele>
    </rtept>
    <rtept lat="45.50599782" lon="15.34075030" >
      <name>rte1_695</name>
      <ele>176.60</ele>
    </rtept>
    <rtept lat="45.50606584" lon="15.34057155" >
      <name>rte1_696</name>
      <ele>150.00</ele>
    </rtept>
    <rtept lat="45.50613837" lon="15.34039282" >
      <name>rte1_697</name>
      <ele>150.00</ele>
    </rtept>
    <rtept lat="45.50620639" lon="15.34021407" >
      <name>rte1_698</name>
      <ele>150.00</ele>
    </rtept>
    <rtept lat="45.50627442" lon="15.34003532" >
      <name>rte1_699</name>
      <ele>150.00</ele>
    </rtept>
    <rtept lat="45.50634694" lon="15.33985659" >
      <name>rte1_700</name>
      <ele>150.00</ele>
    </rtept>
    <rtept lat="45.50641946" lon="15.33967787" >
      <name>rte1_701</name>
      <ele>187.02</ele>
    </rtept>
    <rtept lat="45.50649200" lon="15.33949274" >
      <name>rte1_702</name>
      <ele>154.18</ele>
    </rtept>
    <rtept lat="45.50656453" lon="15.33931402" >
      <name>rte1_703</name>
      <ele>164.46</ele>
    </rtept>
    <rtept lat="45.50663707" lon="15.33912889" >
      <name>rte1_704</name>
      <ele>180.06</ele>
    </rtept>
    <rtept lat="45.50671411" lon="15.33894379" >
      <name>rte1_705</name>
      <ele>163.73</ele>
    </rtept>
    <rtept lat="45.50679116" lon="15.33875230" >
      <name>rte1_706</name>
      <ele>181.94</ele>
    </rtept>
    <rtept lat="45.50687272" lon="15.33856082" >
      <name>rte1_707</name>
      <ele>181.94</ele>
    </rtept>
    <rtept lat="45.50695428" lon="15.33836935" >
      <name>rte1_708</name>
      <ele>170.95</ele>
    </rtept>
    <rtept lat="45.50704037" lon="15.33816511" >
      <name>rte1_709</name>
      <ele>176.75</ele>
    </rtept>
    <rtept lat="45.50712647" lon="15.33796087" >
      <name>rte1_710</name>
      <ele>176.75</ele>
    </rtept>
    <rtept lat="45.50721708" lon="15.33775025" >
      <name>rte1_711</name>
      <ele>162.43</ele>
    </rtept>
    <rtept lat="45.50730771" lon="15.33753323" >
      <name>rte1_712</name>
      <ele>170.64</ele>
    </rtept>
    <rtept lat="45.50740286" lon="15.33730985" >
      <name>rte1_713</name>
      <ele>152.65</ele>
    </rtept>
    <rtept lat="45.50750250" lon="15.33708649" >
      <name>rte1_714</name>
      <ele>162.54</ele>
    </rtept>
    <rtept lat="45.50754784" lon="15.33697158" >
      <name>rte1_715</name>
      <ele>162.54</ele>
    </rtept>
    <rtept lat="45.50759315" lon="15.33686307" >
      <name>rte1_716</name>
      <ele>166.53</ele>
    </rtept>
    <rtept lat="45.50763397" lon="15.33675453" >
      <name>rte1_717</name>
      <ele>154.88</ele>
    </rtept>
    <rtept lat="45.50767476" lon="15.33665240" >
      <name>rte1_718</name>
      <ele>154.88</ele>
    </rtept>
    <rtept lat="45.50771106" lon="15.33655023" >
      <name>rte1_719</name>
      <ele>160.37</ele>
    </rtept>
    <rtept lat="45.50774735" lon="15.33644807" >
      <name>rte1_720</name>
      <ele>160.37</ele>
    </rtept>
    <rtept lat="45.50777915" lon="15.33634588" >
      <name>rte1_721</name>
      <ele>160.37</ele>
    </rtept>
    <rtept lat="45.50781095" lon="15.33624368" >
      <name>rte1_722</name>
      <ele>171.16</ele>
    </rtept>
    <rtept lat="45.50784273" lon="15.33614789" >
      <name>rte1_723</name>
      <ele>151.36</ele>
    </rtept>
    <rtept lat="45.50787451" lon="15.33605210" >
      <name>rte1_724</name>
      <ele>151.36</ele>
    </rtept>
    <rtept lat="45.50790178" lon="15.33595628" >
      <name>rte1_725</name>
      <ele>152.73</ele>
    </rtept>
    <rtept lat="45.50793356" lon="15.33586049" >
      <name>rte1_726</name>
      <ele>152.73</ele>
    </rtept>
    <rtept lat="45.50796082" lon="15.33577106" >
      <name>rte1_727</name>
      <ele>152.73</ele>
    </rtept>
    <rtept lat="45.50798810" lon="15.33567524" >
      <name>rte1_728</name>
      <ele>152.73</ele>
    </rtept>
    <rtept lat="45.50801536" lon="15.33558582" >
      <name>rte1_729</name>
      <ele>157.33</ele>
    </rtept>
    <rtept lat="45.50804262" lon="15.33549640" >
      <name>rte1_730</name>
      <ele>157.33</ele>
    </rtept>
    <rtept lat="45.50807440" lon="15.33540061" >
      <name>rte1_731</name>
      <ele>150.00</ele>
    </rtept>
    <rtept lat="45.50810166" lon="15.33531118" >
      <name>rte1_732</name>
      <ele>160.00</ele>
    </rtept>
    <rtept lat="45.50812892" lon="15.33522176" >
      <name>rte1_733</name>
      <ele>160.00</ele>
    </rtept>
    <rtept lat="45.50816069" lon="15.33512597" >
      <name>rte1_734</name>
      <ele>160.00</ele>
    </rtept>
    <rtept lat="45.50819245" lon="15.33503657" >
      <name>rte1_735</name>
      <ele>160.00</ele>
    </rtept>
    <rtept lat="45.50822421" lon="15.33494718" >
      <name>rte1_736</name>
      <ele>164.21</ele>
    </rtept>
    <rtept lat="45.50826049" lon="15.33485141" >
      <name>rte1_737</name>
      <ele>164.21</ele>
    </rtept>
    <rtept lat="45.50829675" lon="15.33476204" >
      <name>rte1_738</name>
      <ele>150.00</ele>
    </rtept>
    <rtept lat="45.50833302" lon="15.33466627" >
      <name>rte1_739</name>
      <ele>152.81</ele>
    </rtept>
    <rtept lat="45.50837380" lon="15.33457053" >
      <name>rte1_740</name>
      <ele>152.81</ele>
    </rtept>
    <rtept lat="45.50841457" lon="15.33447479" >
      <name>rte1_741</name>
      <ele>152.81</ele>
    </rtept>
    <rtept lat="45.50845985" lon="15.33437907" >
      <name>rte1_742</name>
      <ele>157.78</ele>
    </rtept>
    <rtept lat="45.50850512" lon="15.33428336" >
      <name>rte1_743</name>
      <ele>157.78</ele>
    </rtept>
    <rtept lat="45.50855491" lon="15.33418127" >
      <name>rte1_744</name>
      <ele>150.00</ele>
    </rtept>
    <rtept lat="45.50860920" lon="15.33407921" >
      <name>rte1_745</name>
      <ele>150.00</ele>
    </rtept>
    <rtept lat="45.50866798" lon="15.33398358" >
      <name>rte1_746</name>
      <ele>153.02</ele>
    </rtept>
    <rtept lat="45.50873584" lon="15.33385600" >
      <name>rte1_747</name>
      <ele>153.02</ele>
    </rtept>
    <rtept lat="45.50880820" lon="15.33372845" >
      <name>rte1_748</name>
      <ele>150.00</ele>
    </rtept>
    <rtept lat="45.50887603" lon="15.33361367" >
      <name>rte1_749</name>
      <ele>150.00</ele>
    </rtept>
    <rtept lat="45.50893935" lon="15.33349887" >
      <name>rte1_750</name>
      <ele>150.00</ele>
    </rtept>
    <rtept lat="45.50900718" lon="15.33338409" >
      <name>rte1_751</name>
      <ele>150.00</ele>
    </rtept>
    <rtept lat="45.50907049" lon="15.33327568" >
      <name>rte1_752</name>
      <ele>150.00</ele>
    </rtept>
    <rtept lat="45.50913378" lon="15.33317367" >
      <name>rte1_753</name>
      <ele>150.00</ele>
    </rtept>
    <rtept lat="45.50919259" lon="15.33306524" >
      <name>rte1_754</name>
      <ele>150.00</ele>
    </rtept>
    <rtept lat="45.50925587" lon="15.33296323" >
      <name>rte1_755</name>
      <ele>150.00</ele>
    </rtept>
    <rtept lat="45.50931464" lon="15.33286759" >
      <name>rte1_756</name>
      <ele>150.00</ele>
    </rtept>
    <rtept lat="45.50937342" lon="15.33277195" >
      <name>rte1_757</name>
      <ele>151.80</ele>
    </rtept>
    <rtept lat="45.50943219" lon="15.33267631" >
      <name>rte1_758</name>
      <ele>152.70</ele>
    </rtept>
    <rtept lat="45.50949096" lon="15.33258068" >
      <name>rte1_759</name>
      <ele>152.70</ele>
    </rtept>
    <rtept lat="45.50954973" lon="15.33248504" >
      <name>rte1_760</name>
      <ele>152.70</ele>
    </rtept>
    <rtept lat="45.50960848" lon="15.33239580" >
      <name>rte1_761</name>
      <ele>154.35</ele>
    </rtept>
    <rtept lat="45.50966725" lon="15.33230016" >
      <name>rte1_762</name>
      <ele>150.00</ele>
    </rtept>
    <rtept lat="45.50972600" lon="15.33221092" >
      <name>rte1_763</name>
      <ele>150.00</ele>
    </rtept>
    <rtept lat="45.50978475" lon="15.33212168" >
      <name>rte1_764</name>
      <ele>157.42</ele>
    </rtept>
    <rtept lat="45.50984352" lon="15.33202604" >
      <name>rte1_765</name>
      <ele>157.42</ele>
    </rtept>
    <rtept lat="45.50990677" lon="15.33193683" >
      <name>rte1_766</name>
      <ele>158.10</ele>
    </rtept>
    <rtept lat="45.50996554" lon="15.33184119" >
      <name>rte1_767</name>
      <ele>158.10</ele>
    </rtept>
    <rtept lat="45.51002881" lon="15.33174557" >
      <name>rte1_768</name>
      <ele>160.00</ele>
    </rtept>
    <rtept lat="45.51009206" lon="15.33165636" >
      <name>rte1_769</name>
      <ele>160.00</ele>
    </rtept>
    <rtept lat="45.51015533" lon="15.33156075" >
      <name>rte1_770</name>
      <ele>160.60</ele>
    </rtept>
    <rtept lat="45.51022311" lon="15.33145876" >
      <name>rte1_771</name>
      <ele>164.00</ele>
    </rtept>
    <rtept lat="45.51029088" lon="15.33136317" >
      <name>rte1_772</name>
      <ele>164.00</ele>
    </rtept>
    <rtept lat="45.51036317" lon="15.33126121" >
      <name>rte1_773</name>
      <ele>158.20</ele>
    </rtept>
    <rtept lat="45.51043097" lon="15.33115283" >
      <name>rte1_774</name>
      <ele>157.07</ele>
    </rtept>
    <rtept lat="45.51050776" lon="15.33105089" >
      <name>rte1_775</name>
      <ele>157.07</ele>
    </rtept>
    <rtept lat="45.51058008" lon="15.33093613" >
      <name>rte1_776</name>
      <ele>154.02</ele>
    </rtept>
    <rtept lat="45.51066138" lon="15.33082783" >
      <name>rte1_777</name>
      <ele>157.38</ele>
    </rtept>
    <rtept lat="45.51074270" lon="15.33071312" >
      <name>rte1_778</name>
      <ele>157.38</ele>
    </rtept>
    <rtept lat="45.51081952" lon="15.33059838" >
      <name>rte1_779</name>
      <ele>154.21</ele>
    </rtept>
    <rtept lat="45.51089634" lon="15.33048365" >
      <name>rte1_780</name>
      <ele>157.03</ele>
    </rtept>
    <rtept lat="45.51097315" lon="15.33037532" >
      <name>rte1_781</name>
      <ele>157.03</ele>
    </rtept>
    <rtept lat="45.51104543" lon="15.33027335" >
      <name>rte1_782</name>
      <ele>150.00</ele>
    </rtept>
    <rtept lat="45.51111772" lon="15.33017139" >
      <name>rte1_783</name>
      <ele>163.85</ele>
    </rtept>
    <rtept lat="45.51118998" lon="15.33007583" >
      <name>rte1_784</name>
      <ele>163.85</ele>
    </rtept>
    <rtept lat="45.51125775" lon="15.32998024" >
      <name>rte1_785</name>
      <ele>150.00</ele>
    </rtept>
    <rtept lat="45.51132551" lon="15.32988464" >
      <name>rte1_786</name>
      <ele>161.29</ele>
    </rtept>
    <rtept lat="45.51139326" lon="15.32979545" >
      <name>rte1_787</name>
      <ele>161.29</ele>
    </rtept>
    <rtept lat="45.51146103" lon="15.32969986" >
      <name>rte1_788</name>
      <ele>153.11</ele>
    </rtept>
    <rtept lat="45.51152426" lon="15.32961704" >
      <name>rte1_789</name>
      <ele>153.11</ele>
    </rtept>
    <rtept lat="45.51158751" lon="15.32952782" >
      <name>rte1_790</name>
      <ele>161.27</ele>
    </rtept>
    <rtept lat="45.51165525" lon="15.32943863" >
      <name>rte1_791</name>
      <ele>161.27</ele>
    </rtept>
    <rtept lat="45.51171848" lon="15.32935581" >
      <name>rte1_792</name>
      <ele>150.00</ele>
    </rtept>
    <rtept lat="45.51177721" lon="15.32927296" >
      <name>rte1_793</name>
      <ele>156.41</ele>
    </rtept>
    <rtept lat="45.51184046" lon="15.32918374" >
      <name>rte1_794</name>
      <ele>156.41</ele>
    </rtept>
    <rtept lat="45.51190369" lon="15.32910092" >
      <name>rte1_795</name>
      <ele>156.41</ele>
    </rtept>
    <rtept lat="45.51196692" lon="15.32901810" >
      <name>rte1_796</name>
      <ele>156.74</ele>
    </rtept>
    <rtept lat="45.51203017" lon="15.32892888" >
      <name>rte1_797</name>
      <ele>164.68</ele>
    </rtept>
    <rtept lat="45.51209340" lon="15.32884606" >
      <name>rte1_798</name>
      <ele>164.68</ele>
    </rtept>
    <rtept lat="45.51215665" lon="15.32875684" >
      <name>rte1_799</name>
      <ele>150.00</ele>
    </rtept>
    <rtept lat="45.51222439" lon="15.32866764" >
      <name>rte1_800</name>
      <ele>150.00</ele>
    </rtept>
    <rtept lat="45.51228764" lon="15.32857842" >
      <name>rte1_801</name>
      <ele>163.55</ele>
    </rtept>
    <rtept lat="45.51235541" lon="15.32848283" >
      <name>rte1_802</name>
      <ele>163.55</ele>
    </rtept>
    <rtept lat="45.51242317" lon="15.32838723" >
      <name>rte1_803</name>
      <ele>155.95</ele>
    </rtept>
    <rtept lat="45.51249094" lon="15.32829164" >
      <name>rte1_804</name>
      <ele>167.87</ele>
    </rtept>
    <rtept lat="45.51256320" lon="15.32819607" >
      <name>rte1_805</name>
      <ele>167.87</ele>
    </rtept>
    <rtept lat="45.51263548" lon="15.32809410" >
      <name>rte1_806</name>
      <ele>160.66</ele>
    </rtept>
    <rtept lat="45.51270778" lon="15.32798573" >
      <name>rte1_807</name>
      <ele>172.87</ele>
    </rtept>
    <rtept lat="45.51278458" lon="15.32787739" >
      <name>rte1_808</name>
      <ele>172.87</ele>
    </rtept>
    <rtept lat="45.51286138" lon="15.32776905" >
      <name>rte1_809</name>
      <ele>161.03</ele>
    </rtept>
    <rtept lat="45.51294270" lon="15.32765433" >
      <name>rte1_810</name>
      <ele>178.46</ele>
    </rtept>
    <rtept lat="45.51297434" lon="15.32760332" >
      <name>rte1_811</name>
      <ele>178.46</ele>
    </rtept>
    <rtept lat="45.51300597" lon="15.32755871" >
      <name>rte1_812</name>
      <ele>178.46</ele>
    </rtept>
    <rtept lat="45.51306920" lon="15.32747589" >
      <name>rte1_813</name>
      <ele>167.48</ele>
    </rtept>
    <rtept lat="45.51313242" lon="15.32739306" >
      <name>rte1_814</name>
      <ele>167.48</ele>
    </rtept>
    <rtept lat="45.51319112" lon="15.32732301" >
      <name>rte1_815</name>
      <ele>183.89</ele>
    </rtept>
    <rtept lat="45.51325429" lon="15.32725938" >
      <name>rte1_816</name>
      <ele>183.89</ele>
    </rtept>
    <rtept lat="45.51331744" lon="15.32720215" >
      <name>rte1_817</name>
      <ele>180.86</ele>
    </rtept>
    <rtept lat="45.51337610" lon="15.32714490" >
      <name>rte1_818</name>
      <ele>180.86</ele>
    </rtept>
    <rtept lat="45.51344373" lon="15.32709410" >
      <name>rte1_819</name>
      <ele>180.86</ele>
    </rtept>
    <rtept lat="45.51350687" lon="15.32704327" >
      <name>rte1_820</name>
      <ele>187.38</ele>
    </rtept>
    <rtept lat="45.51357449" lon="15.32699887" >
      <name>rte1_821</name>
      <ele>187.38</ele>
    </rtept>
    <rtept lat="45.51364208" lon="15.32696086" >
      <name>rte1_822</name>
      <ele>187.38</ele>
    </rtept>
    <rtept lat="45.51371420" lon="15.32691649" >
      <name>rte1_823</name>
      <ele>183.03</ele>
    </rtept>
    <rtept lat="45.51378632" lon="15.32687211" >
      <name>rte1_824</name>
      <ele>183.03</ele>
    </rtept>
    <rtept lat="45.51386741" lon="15.32683418" >
      <name>rte1_825</name>
      <ele>183.03</ele>
    </rtept>
    <rtept lat="45.51394853" lon="15.32678986" >
      <name>rte1_826</name>
      <ele>161.25</ele>
    </rtept>
    <rtept lat="45.51399357" lon="15.32677092" >
      <name>rte1_827</name>
      <ele>161.25</ele>
    </rtept>
    <rtept lat="45.51403862" lon="15.32675199" >
      <name>rte1_828</name>
      <ele>161.25</ele>
    </rtept>
    <rtept lat="45.51411072" lon="15.32671401" >
      <name>rte1_829</name>
      <ele>183.28</ele>
    </rtept>
    <rtept lat="45.51418281" lon="15.32667603" >
      <name>rte1_830</name>
      <ele>182.17</ele>
    </rtept>
    <rtept lat="45.51425489" lon="15.32664445" >
      <name>rte1_831</name>
      <ele>182.17</ele>
    </rtept>
    <rtept lat="45.51432247" lon="15.32661285" >
      <name>rte1_832</name>
      <ele>182.17</ele>
    </rtept>
    <rtept lat="45.51439005" lon="15.32658124" >
      <name>rte1_833</name>
      <ele>181.74</ele>
    </rtept>
    <rtept lat="45.51445761" lon="15.32655604" >
      <name>rte1_834</name>
      <ele>181.74</ele>
    </rtept>
    <rtept lat="45.51452069" lon="15.32652441" >
      <name>rte1_835</name>
      <ele>181.74</ele>
    </rtept>
    <rtept lat="45.51458376" lon="15.32649917" >
      <name>rte1_836</name>
      <ele>181.74</ele>
    </rtept>
    <rtept lat="45.51464682" lon="15.32647394" >
      <name>rte1_837</name>
      <ele>168.85</ele>
    </rtept>
    <rtept lat="45.51470988" lon="15.32644871" >
      <name>rte1_838</name>
      <ele>168.85</ele>
    </rtept>
    <rtept lat="45.51476844" lon="15.32642345" >
      <name>rte1_839</name>
      <ele>168.85</ele>
    </rtept>
    <rtept lat="45.51483149" lon="15.32640462" >
      <name>rte1_840</name>
      <ele>181.98</ele>
    </rtept>
    <rtept lat="45.51489003" lon="15.32638576" >
      <name>rte1_841</name>
      <ele>179.03</ele>
    </rtept>
    <rtept lat="45.51494858" lon="15.32636690" >
      <name>rte1_842</name>
      <ele>179.03</ele>
    </rtept>
    <rtept lat="45.51500712" lon="15.32634804" >
      <name>rte1_843</name>
      <ele>179.03</ele>
    </rtept>
    <rtept lat="45.51506566" lon="15.32632918" >
      <name>rte1_844</name>
      <ele>175.86</ele>
    </rtept>
    <rtept lat="45.51512871" lon="15.32631035" >
      <name>rte1_845</name>
      <ele>175.86</ele>
    </rtept>
    <rtept lat="45.51518723" lon="15.32629789" >
      <name>rte1_846</name>
      <ele>175.86</ele>
    </rtept>
    <rtept lat="45.51524576" lon="15.32628543" >
      <name>rte1_847</name>
      <ele>175.86</ele>
    </rtept>
    <rtept lat="45.51530878" lon="15.32627300" >
      <name>rte1_848</name>
      <ele>172.11</ele>
    </rtept>
    <rtept lat="45.51536731" lon="15.32626054" >
      <name>rte1_849</name>
      <ele>172.11</ele>
    </rtept>
    <rtept lat="45.51543034" lon="15.32624811" >
      <name>rte1_850</name>
      <ele>172.11</ele>
    </rtept>
    <rtept lat="45.51549334" lon="15.32624207" >
      <name>rte1_851</name>
      <ele>172.11</ele>
    </rtept>
    <rtept lat="45.51556087" lon="15.32622967" >
      <name>rte1_852</name>
      <ele>167.37</ele>
    </rtept>
    <rtept lat="45.51562387" lon="15.32622363" >
      <name>rte1_853</name>
      <ele>167.37</ele>
    </rtept>
    <rtept lat="45.51569138" lon="15.32621762" >
      <name>rte1_854</name>
      <ele>167.37</ele>
    </rtept>
    <rtept lat="45.51576339" lon="15.32621164" >
      <name>rte1_855</name>
      <ele>167.31</ele>
    </rtept>
    <rtept lat="45.51583089" lon="15.32620564" >
      <name>rte1_856</name>
      <ele>167.31</ele>
    </rtept>
    <rtept lat="45.51590288" lon="15.32620605" >
      <name>rte1_857</name>
      <ele>167.31</ele>
    </rtept>
    <rtept lat="45.51597938" lon="15.32620010" >
      <name>rte1_858</name>
      <ele>166.83</ele>
    </rtept>
    <rtept lat="45.51605587" lon="15.32620054" >
      <name>rte1_859</name>
      <ele>166.83</ele>
    </rtept>
    <rtept lat="45.51613685" lon="15.32620101" >
      <name>rte1_860</name>
      <ele>166.83</ele>
    </rtept>
    <rtept lat="45.51627185" lon="15.32619540" >
      <name>rte1_861</name>
      <ele>161.79</ele>
    </rtept>
    <rtept lat="45.51640232" lon="15.32619616" >
      <name>rte1_862</name>
      <ele>161.79</ele>
    </rtept>
    <rtept lat="45.51653280" lon="15.32619691" >
      <name>rte1_863</name>
      <ele>161.71</ele>
    </rtept>
    <rtept lat="45.51666326" lon="15.32620407" >
      <name>rte1_864</name>
      <ele>164.73</ele>
    </rtept>
    <rtept lat="45.51678923" lon="15.32620480" >
      <name>rte1_865</name>
      <ele>164.73</ele>
    </rtept>
    <rtept lat="45.51691071" lon="15.32620551" >
      <name>rte1_866</name>
      <ele>162.33</ele>
    </rtept>
    <rtept lat="45.51703219" lon="15.32620622" >
      <name>rte1_867</name>
      <ele>162.33</ele>
    </rtept>
    <rtept lat="45.51714917" lon="15.32620690" >
      <name>rte1_868</name>
      <ele>159.22</ele>
    </rtept>
    <rtept lat="45.51726616" lon="15.32620118" >
      <name>rte1_869</name>
      <ele>159.22</ele>
    </rtept>
    <rtept lat="45.51738314" lon="15.32620186" >
      <name>rte1_870</name>
      <ele>155.36</ele>
    </rtept>
    <rtept lat="45.51749564" lon="15.32619611" >
      <name>rte1_871</name>
      <ele>155.36</ele>
    </rtept>
    <rtept lat="45.51760814" lon="15.32619036" >
      <name>rte1_872</name>
      <ele>151.16</ele>
    </rtept>
    <rtept lat="45.51771616" lon="15.32617819" >
      <name>rte1_873</name>
      <ele>151.16</ele>
    </rtept>
    <rtept lat="45.51782417" lon="15.32616602" >
      <name>rte1_874</name>
      <ele>151.18</ele>
    </rtept>
    <rtept lat="45.51793219" lon="15.32615385" >
      <name>rte1_875</name>
      <ele>151.18</ele>
    </rtept>
    <rtept lat="45.51804022" lon="15.32613527" >
      <name>rte1_876</name>
      <ele>150.00</ele>
    </rtept>
    <rtept lat="45.51814826" lon="15.32611670" >
      <name>rte1_877</name>
      <ele>154.79</ele>
    </rtept>
    <rtept lat="45.51825181" lon="15.32609170" >
      <name>rte1_878</name>
      <ele>152.36</ele>
    </rtept>
    <rtept lat="45.51835539" lon="15.32606030" >
      <name>rte1_879</name>
      <ele>152.36</ele>
    </rtept>
    <rtept lat="45.51845898" lon="15.32602250" >
      <name>rte1_880</name>
      <ele>150.00</ele>
    </rtept>
    <rtept lat="45.51856707" lon="15.32598473" >
      <name>rte1_881</name>
      <ele>150.00</ele>
    </rtept>
    <rtept lat="45.51867068" lon="15.32594053" >
      <name>rte1_882</name>
      <ele>150.00</ele>
    </rtept>
    <rtept lat="45.51877431" lon="15.32588993" >
      <name>rte1_883</name>
      <ele>150.00</ele>
    </rtept>
    <rtept lat="45.51887795" lon="15.32583293" >
      <name>rte1_884</name>
      <ele>150.00</ele>
    </rtept>
    <rtept lat="45.51898162" lon="15.32576953" >
      <name>rte1_885</name>
      <ele>153.60</ele>
    </rtept>
    <rtept lat="45.51908530" lon="15.32569973" >
      <name>rte1_886</name>
      <ele>153.60</ele>
    </rtept>
    <rtept lat="45.51918900" lon="15.32562353" >
      <name>rte1_887</name>
      <ele>151.70</ele>
    </rtept>
    <rtept lat="45.51929272" lon="15.32554093" >
      <name>rte1_888</name>
      <ele>151.70</ele>
    </rtept>
    <rtept lat="45.51940096" lon="15.32545196" >
      <name>rte1_889</name>
      <ele>150.00</ele>
    </rtept>
    <rtept lat="45.51950471" lon="15.32535656" >
      <name>rte1_890</name>
      <ele>150.00</ele>
    </rtept>
    <rtept lat="45.51961301" lon="15.32524838" >
      <name>rte1_891</name>
      <ele>150.20</ele>
    </rtept>
    <rtept lat="45.51972580" lon="15.32514023" >
      <name>rte1_892</name>
      <ele>150.00</ele>
    </rtept>
    <rtept lat="45.51977545" lon="15.32508291" >
      <name>rte1_893</name>
      <ele>150.00</ele>
    </rtept>
    <rtept lat="45.51982511" lon="15.32502560" >
      <name>rte1_894</name>
      <ele>151.30</ele>
    </rtept>
    <rtept lat="45.51987475" lon="15.32497469" >
      <name>rte1_895</name>
      <ele>151.30</ele>
    </rtept>
    <rtept lat="45.51992438" lon="15.32492377" >
      <name>rte1_896</name>
      <ele>151.30</ele>
    </rtept>
    <rtept lat="45.51996950" lon="15.32487923" >
      <name>rte1_897</name>
      <ele>151.30</ele>
    </rtept>
    <rtept lat="45.52001914" lon="15.32482832" >
      <name>rte1_898</name>
      <ele>151.80</ele>
    </rtept>
    <rtept lat="45.52006428" lon="15.32477737" >
      <name>rte1_899</name>
      <ele>151.80</ele>
    </rtept>
    <rtept lat="45.52010940" lon="15.32473283" >
      <name>rte1_900</name>
      <ele>151.80</ele>
    </rtept>
    <rtept lat="45.52015452" lon="15.32468829" >
      <name>rte1_901</name>
      <ele>151.80</ele>
    </rtept>
    <rtept lat="45.52019516" lon="15.32463733" >
      <name>rte1_902</name>
      <ele>151.80</ele>
    </rtept>
    <rtept lat="45.52023578" lon="15.32459276" >
      <name>rte1_903</name>
      <ele>151.80</ele>
    </rtept>
    <rtept lat="45.52028090" lon="15.32454822" >
      <name>rte1_904</name>
      <ele>151.40</ele>
    </rtept>
    <rtept lat="45.52031702" lon="15.32450362" >
      <name>rte1_905</name>
      <ele>150.00</ele>
    </rtept>
    <rtept lat="45.52035766" lon="15.32445266" >
      <name>rte1_906</name>
      <ele>150.00</ele>
    </rtept>
    <rtept lat="45.52039828" lon="15.32440809" >
      <name>rte1_907</name>
      <ele>150.00</ele>
    </rtept>
    <rtept lat="45.52043442" lon="15.32435710" >
      <name>rte1_908</name>
      <ele>150.00</ele>
    </rtept>
    <rtept lat="45.52047056" lon="15.32430610" >
      <name>rte1_909</name>
      <ele>150.60</ele>
    </rtept>
    <rtept lat="45.52050670" lon="15.32425511" >
      <name>rte1_910</name>
      <ele>150.60</ele>
    </rtept>
    <rtept lat="45.52054284" lon="15.32420411" >
      <name>rte1_911</name>
      <ele>150.20</ele>
    </rtept>
    <rtept lat="45.52057448" lon="15.32415309" >
      <name>rte1_912</name>
      <ele>150.20</ele>
    </rtept>
    <rtept lat="45.52061063" lon="15.32409570" >
      <name>rte1_913</name>
      <ele>150.20</ele>
    </rtept>
    <rtept lat="45.52064229" lon="15.32403828" >
      <name>rte1_914</name>
      <ele>150.20</ele>
    </rtept>
    <rtept lat="45.52067395" lon="15.32398086" >
      <name>rte1_915</name>
      <ele>150.20</ele>
    </rtept>
    <rtept lat="45.52070111" lon="15.32392341" >
      <name>rte1_916</name>
      <ele>150.00</ele>
    </rtept>
    <rtept lat="45.52073279" lon="15.32385959" >
      <name>rte1_917</name>
      <ele>150.50</ele>
    </rtept>
    <rtept lat="45.52075998" lon="15.32378935" >
      <name>rte1_918</name>
      <ele>150.50</ele>
    </rtept>
    <rtept lat="45.52078716" lon="15.32372550" >
      <name>rte1_919</name>
      <ele>150.50</ele>
    </rtept>
    <rtept lat="45.52081437" lon="15.32364885" >
      <name>rte1_920</name>
      <ele>150.50</ele>
    </rtept>
    <rtept lat="45.52084157" lon="15.32357860" >
      <name>rte1_921</name>
      <ele>150.50</ele>
    </rtept>
    <rtept lat="45.52086878" lon="15.32350196" >
      <name>rte1_922</name>
      <ele>150.00</ele>
    </rtept>
    <rtept lat="45.52089152" lon="15.32341888" >
      <name>rte1_923</name>
      <ele>150.00</ele>
    </rtept>
    <rtept lat="45.52091875" lon="15.32333584" >
      <name>rte1_924</name>
      <ele>150.00</ele>
    </rtept>
    <rtept lat="45.52095061" lon="15.32320801" >
      <name>rte1_925</name>
      <ele>150.00</ele>
    </rtept>
    <rtept lat="45.52098245" lon="15.32308659" >
      <name>rte1_926</name>
      <ele>150.00</ele>
    </rtept>
    <rtept lat="45.52101429" lon="15.32296516" >
      <name>rte1_927</name>
      <ele>150.00</ele>
    </rtept>
    <rtept lat="45.52104161" lon="15.32285011" >
      <name>rte1_928</name>
      <ele>150.00</ele>
    </rtept>
    <rtept lat="45.52106891" lon="15.32274146" >
      <name>rte1_929</name>
      <ele>150.00</ele>
    </rtept>
    <rtept lat="45.52109624" lon="15.32262641" >
      <name>rte1_930</name>
      <ele>150.00</ele>
    </rtept>
    <rtept lat="45.52112354" lon="15.32251776" >
      <name>rte1_931</name>
      <ele>150.00</ele>
    </rtept>
    <rtept lat="45.52114633" lon="15.32241549" >
      <name>rte1_932</name>
      <ele>150.00</ele>
    </rtept>
    <rtept lat="45.52116913" lon="15.32230681" >
      <name>rte1_933</name>
      <ele>150.20</ele>
    </rtept>
    <rtept lat="45.52119192" lon="15.32220454" >
      <name>rte1_934</name>
      <ele>152.50</ele>
    </rtept>
    <rtept lat="45.52121470" lon="15.32210226" >
      <name>rte1_935</name>
      <ele>152.50</ele>
    </rtept>
    <rtept lat="45.52123299" lon="15.32199996" >
      <name>rte1_936</name>
      <ele>152.50</ele>
    </rtept>
    <rtept lat="45.52125128" lon="15.32189766" >
      <name>rte1_937</name>
      <ele>151.70</ele>
    </rtept>
    <rtept lat="45.52126955" lon="15.32180176" >
      <name>rte1_938</name>
      <ele>151.70</ele>
    </rtept>
    <rtept lat="45.52128333" lon="15.32169943" >
      <name>rte1_939</name>
      <ele>151.70</ele>
    </rtept>
    <rtept lat="45.52130162" lon="15.32159713" >
      <name>rte1_940</name>
      <ele>151.90</ele>
    </rtept>
    <rtept lat="45.52131541" lon="15.32149480" >
      <name>rte1_941</name>
      <ele>151.90</ele>
    </rtept>
    <rtept lat="45.52132468" lon="15.32139885" >
      <name>rte1_942</name>
      <ele>151.90</ele>
    </rtept>
    <rtept lat="45.52133847" lon="15.32129652" >
      <name>rte1_943</name>
      <ele>150.00</ele>
    </rtept>
    <rtept lat="45.52134777" lon="15.32118777" >
      <name>rte1_944</name>
      <ele>150.00</ele>
    </rtept>
    <rtept lat="45.52136156" lon="15.32108544" >
      <name>rte1_945</name>
      <ele>150.00</ele>
    </rtept>
    <rtept lat="45.52137085" lon="15.32098309" >
      <name>rte1_946</name>
      <ele>152.60</ele>
    </rtept>
    <rtept lat="45.52137565" lon="15.32087431" >
      <name>rte1_947</name>
      <ele>152.60</ele>
    </rtept>
    <rtept lat="45.52138496" lon="15.32076555" >
      <name>rte1_948</name>
      <ele>150.60</ele>
    </rtept>
    <rtept lat="45.52138978" lon="15.32065037" >
      <name>rte1_949</name>
      <ele>150.60</ele>
    </rtept>
    <rtept lat="45.52139461" lon="15.32053519" >
      <name>rte1_950</name>
      <ele>150.60</ele>
    </rtept>
    <rtept lat="45.52139943" lon="15.32042001" >
      <name>rte1_951</name>
      <ele>150.60</ele>
    </rtept>
    <rtept lat="45.52140426" lon="15.32030483" >
      <name>rte1_952</name>
      <ele>151.20</ele>
    </rtept>
    <rtept lat="45.52140912" lon="15.32017685" >
      <name>rte1_953</name>
      <ele>151.20</ele>
    </rtept>
    <rtept lat="45.52140946" lon="15.32005525" >
      <name>rte1_954</name>
      <ele>151.90</ele>
    </rtept>
    <rtept lat="45.52140984" lon="15.31992084" >
      <name>rte1_955</name>
      <ele>151.90</ele>
    </rtept>
    <rtept lat="45.52141470" lon="15.31979286" >
      <name>rte1_956</name>
      <ele>151.90</ele>
    </rtept>
    <rtept lat="45.52141497" lon="15.31969685" >
      <name>rte1_957</name>
      <ele>152.00</ele>
    </rtept>
    <rtept lat="45.52141522" lon="15.31960725" >
      <name>rte1_958</name>
      <ele>152.00</ele>
    </rtept>
    <rtept lat="45.52141547" lon="15.31951764" >
      <name>rte1_959</name>
      <ele>152.00</ele>
    </rtept>
    <rtept lat="45.52141571" lon="15.31943444" >
      <name>rte1_960</name>
      <ele>152.00</ele>
    </rtept>
    <rtept lat="45.52141594" lon="15.31935124" >
      <name>rte1_961</name>
      <ele>151.00</ele>
    </rtept>
    <rtept lat="45.52141617" lon="15.31926803" >
      <name>rte1_962</name>
      <ele>151.00</ele>
    </rtept>
    <rtept lat="45.52141639" lon="15.31919123" >
      <name>rte1_963</name>
      <ele>151.00</ele>
    </rtept>
    <rtept lat="45.52141661" lon="15.31911442" >
      <name>rte1_964</name>
      <ele>151.00</ele>
    </rtept>
    <rtept lat="45.52141682" lon="15.31903762" >
      <name>rte1_965</name>
      <ele>150.00</ele>
    </rtept>
    <rtept lat="45.52141702" lon="15.31896722" >
      <name>rte1_966</name>
      <ele>150.00</ele>
    </rtept>
    <rtept lat="45.52141723" lon="15.31889041" >
      <name>rte1_967</name>
      <ele>150.00</ele>
    </rtept>
    <rtept lat="45.52141743" lon="15.31882001" >
      <name>rte1_968</name>
      <ele>150.00</ele>
    </rtept>
    <rtept lat="45.52141763" lon="15.31874961" >
      <name>rte1_969</name>
      <ele>150.70</ele>
    </rtept>
    <rtept lat="45.52141783" lon="15.31867920" >
      <name>rte1_970</name>
      <ele>150.70</ele>
    </rtept>
    <rtept lat="45.52141802" lon="15.31860880" >
      <name>rte1_971</name>
      <ele>150.70</ele>
    </rtept>
    <rtept lat="45.52141822" lon="15.31853839" >
      <name>rte1_972</name>
      <ele>150.70</ele>
    </rtept>
    <rtept lat="45.52141844" lon="15.31846159" >
      <name>rte1_973</name>
      <ele>150.70</ele>
    </rtept>
    <rtept lat="45.52141864" lon="15.31839119" >
      <name>rte1_974</name>
      <ele>151.50</ele>
    </rtept>
    <rtept lat="45.52141883" lon="15.31832078" >
      <name>rte1_975</name>
      <ele>151.50</ele>
    </rtept>
    <rtept lat="45.52141903" lon="15.31825038" >
      <name>rte1_976</name>
      <ele>151.50</ele>
    </rtept>
    <rtept lat="45.52141923" lon="15.31817998" >
      <name>rte1_977</name>
      <ele>151.50</ele>
    </rtept>
    <rtept lat="45.52141944" lon="15.31810317" >
      <name>rte1_978</name>
      <ele>154.80</ele>
    </rtept>
    <rtept lat="45.52141964" lon="15.31803277" >
      <name>rte1_979</name>
      <ele>154.80</ele>
    </rtept>
    <rtept lat="45.52141985" lon="15.31795597" >
      <name>rte1_980</name>
      <ele>154.80</ele>
    </rtept>
    <rtept lat="45.52142007" lon="15.31787916" >
      <name>rte1_981</name>
      <ele>154.80</ele>
    </rtept>
    <rtept lat="45.52142028" lon="15.31780236" >
      <name>rte1_982</name>
      <ele>153.80</ele>
    </rtept>
    <rtept lat="45.52142052" lon="15.31771915" >
      <name>rte1_983</name>
      <ele>153.80</ele>
    </rtept>
    <rtept lat="45.52142075" lon="15.31763595" >
      <name>rte1_984</name>
      <ele>153.80</ele>
    </rtept>
    <rtept lat="45.52142098" lon="15.31755274" >
      <name>rte1_985</name>
      <ele>153.80</ele>
    </rtept>
    <rtept lat="45.52142123" lon="15.31746314" >
      <name>rte1_986</name>
      <ele>150.00</ele>
    </rtept>
    <rtept lat="45.52142148" lon="15.31737354" >
      <name>rte1_987</name>
      <ele>150.00</ele>
    </rtept>
    <rtept lat="45.52142173" lon="15.31728393" >
      <name>rte1_988</name>
      <ele>150.00</ele>
    </rtept>
    <rtept lat="45.52142198" lon="15.31719433" >
      <name>rte1_989</name>
      <ele>150.00</ele>
    </rtept>
    <rtept lat="45.52142223" lon="15.31710472" >
      <name>rte1_990</name>
      <ele>150.00</ele>
    </rtept>
    <rtept lat="45.52142248" lon="15.31701512" >
      <name>rte1_991</name>
      <ele>150.00</ele>
    </rtept>
    <rtept lat="45.52142272" lon="15.31693191" >
      <name>rte1_992</name>
      <ele>150.00</ele>
    </rtept>
    <rtept lat="45.52142745" lon="15.31684873" >
      <name>rte1_993</name>
      <ele>154.60</ele>
    </rtept>
    <rtept lat="45.52143218" lon="15.31676556" >
      <name>rte1_994</name>
      <ele>154.60</ele>
    </rtept>
    <rtept lat="45.52143241" lon="15.31668235" >
      <name>rte1_995</name>
      <ele>154.60</ele>
    </rtept>
    <rtept lat="45.52144162" lon="15.31660560" >
      <name>rte1_996</name>
      <ele>154.60</ele>
    </rtept>
    <rtept lat="45.52144635" lon="15.31652242" >
      <name>rte1_997</name>
      <ele>155.40</ele>
    </rtept>
    <rtept lat="45.52145107" lon="15.31644564" >
      <name>rte1_998</name>
      <ele>155.40</ele>
    </rtept>
    <rtept lat="45.52146028" lon="15.31636889" >
      <name>rte1_999</name>
      <ele>155.40</ele>
    </rtept>
    <rtept lat="45.52146949" lon="15.31629213" >
      <name>rte1_1000</name>
      <ele>155.40</ele>
    </rtept>
    <rtept lat="45.52148319" lon="15.31622181" >
      <name>rte1_1001</name>
      <ele>155.40</ele>
    </rtept>
    <rtept lat="45.52149690" lon="15.31614508" >
      <name>rte1_1002</name>
      <ele>154.68</ele>
    </rtept>
    <rtept lat="45.52151059" lon="15.31607475" >
      <name>rte1_1003</name>
      <ele>154.68</ele>
    </rtept>
    <rtept lat="45.52152428" lon="15.31600442" >
      <name>rte1_1004</name>
      <ele>154.68</ele>
    </rtept>
    <rtept lat="45.52154248" lon="15.31593412" >
      <name>rte1_1005</name>
      <ele>154.68</ele>
    </rtept>
    <rtept lat="45.52156065" lon="15.31587022" >
      <name>rte1_1006</name>
      <ele>156.82</ele>
    </rtept>
    <rtept lat="45.52158334" lon="15.31579994" >
      <name>rte1_1007</name>
      <ele>156.82</ele>
    </rtept>
    <rtept lat="45.52160602" lon="15.31573607" >
      <name>rte1_1008</name>
      <ele>156.82</ele>
    </rtept>
    <rtept lat="45.52162869" lon="15.31567219" >
      <name>rte1_1009</name>
      <ele>154.35</ele>
    </rtept>
    <rtept lat="45.52165585" lon="15.31561474" >
      <name>rte1_1010</name>
      <ele>154.35</ele>
    </rtept>
    <rtept lat="45.52168752" lon="15.31555091" >
      <name>rte1_1011</name>
      <ele>159.21</ele>
    </rtept>
    <rtept lat="45.52171467" lon="15.31549346" >
      <name>rte1_1012</name>
      <ele>159.21</ele>
    </rtept>
    <rtept lat="45.52175083" lon="15.31543606" >
      <name>rte1_1013</name>
      <ele>159.21</ele>
    </rtept>
    <rtept lat="45.52178698" lon="15.31537866" >
      <name>rte1_1014</name>
      <ele>159.21</ele>
    </rtept>
    <rtept lat="45.52182761" lon="15.31532768" >
      <name>rte1_1015</name>
      <ele>159.21</ele>
    </rtept>
    <rtept lat="45.52186827" lon="15.31527031" >
      <name>rte1_1016</name>
      <ele>150.00</ele>
    </rtept>
    <rtept lat="45.52190890" lon="15.31521933" >
      <name>rte1_1017</name>
      <ele>160.26</ele>
    </rtept>
    <rtept lat="45.52195854" lon="15.31516841" >
      <name>rte1_1018</name>
      <ele>160.26</ele>
    </rtept>
    <rtept lat="45.52200815" lon="15.31512388" >
      <name>rte1_1019</name>
      <ele>160.26</ele>
    </rtept>
    <rtept lat="45.52206226" lon="15.31507938" >
      <name>rte1_1020</name>
      <ele>160.26</ele>
    </rtept>
    <rtept lat="45.52214796" lon="15.31500306" >
      <name>rte1_1021</name>
      <ele>162.43</ele>
    </rtept>
    <rtept lat="45.52223814" lon="15.31493316" >
      <name>rte1_1022</name>
      <ele>169.46</ele>
    </rtept>
    <rtept lat="45.52231932" lon="15.31486321" >
      <name>rte1_1023</name>
      <ele>161.26</ele>
    </rtept>
    <rtept lat="45.52240500" lon="15.31479328" >
      <name>rte1_1024</name>
      <ele>161.26</ele>
    </rtept>
    <rtept lat="45.52248166" lon="15.31472971" >
      <name>rte1_1025</name>
      <ele>161.26</ele>
    </rtept>
    <rtept lat="45.52255835" lon="15.31465973" >
      <name>rte1_1026</name>
      <ele>154.57</ele>
    </rtept>
    <rtept lat="45.52263501" lon="15.31459615" >
      <name>rte1_1027</name>
      <ele>172.91</ele>
    </rtept>
    <rtept lat="45.52270717" lon="15.31453255" >
      <name>rte1_1028</name>
      <ele>172.91</ele>
    </rtept>
    <rtept lat="45.52277935" lon="15.31446255" >
      <name>rte1_1029</name>
      <ele>159.84</ele>
    </rtept>
    <rtept lat="45.52284700" lon="15.31440532" >
      <name>rte1_1030</name>
      <ele>159.84</ele>
    </rtept>
    <rtept lat="45.52291917" lon="15.31434172" >
      <name>rte1_1031</name>
      <ele>159.84</ele>
    </rtept>
    <rtept lat="45.52298683" lon="15.31427810" >
      <name>rte1_1032</name>
      <ele>162.11</ele>
    </rtept>
    <rtept lat="45.52305449" lon="15.31421447" >
      <name>rte1_1033</name>
      <ele>162.11</ele>
    </rtept>
    <rtept lat="45.52312214" lon="15.31415724" >
      <name>rte1_1034</name>
      <ele>162.11</ele>
    </rtept>
    <rtept lat="45.52318981" lon="15.31409362" >
      <name>rte1_1035</name>
      <ele>162.11</ele>
    </rtept>
    <rtept lat="45.52325295" lon="15.31403636" >
      <name>rte1_1036</name>
      <ele>156.42</ele>
    </rtept>
    <rtept lat="45.52332060" lon="15.31397914" >
      <name>rte1_1037</name>
      <ele>165.95</ele>
    </rtept>
    <rtept lat="45.52338827" lon="15.31391551" >
      <name>rte1_1038</name>
      <ele>165.95</ele>
    </rtept>
    <rtept lat="45.52345591" lon="15.31385828" >
      <name>rte1_1039</name>
      <ele>162.19</ele>
    </rtept>
    <rtept lat="45.52352806" lon="15.31380108" >
      <name>rte1_1040</name>
      <ele>162.19</ele>
    </rtept>
    <rtept lat="45.52359571" lon="15.31374385" >
      <name>rte1_1041</name>
      <ele>162.19</ele>
    </rtept>
    <rtept lat="45.52366783" lon="15.31369305" >
      <name>rte1_1042</name>
      <ele>154.47</ele>
    </rtept>
    <rtept lat="45.52373998" lon="15.31363585" >
      <name>rte1_1043</name>
      <ele>173.19</ele>
    </rtept>
    <rtept lat="45.52381662" lon="15.31357867" >
      <name>rte1_1044</name>
      <ele>173.19</ele>
    </rtept>
    <rtept lat="45.52389327" lon="15.31352149" >
      <name>rte1_1045</name>
      <ele>165.92</ele>
    </rtept>
    <rtept lat="45.52396990" lon="15.31347071" >
      <name>rte1_1046</name>
      <ele>165.92</ele>
    </rtept>
    <rtept lat="45.52405104" lon="15.31341356" >
      <name>rte1_1047</name>
      <ele>165.92</ele>
    </rtept>
    <rtept lat="45.52413668" lon="15.31335643" >
      <name>rte1_1048</name>
      <ele>153.73</ele>
    </rtept>
    <rtept lat="45.52422231" lon="15.31330570" >
      <name>rte1_1049</name>
      <ele>170.17</ele>
    </rtept>
    <rtept lat="45.52431245" lon="15.31324860" >
      <name>rte1_1050</name>
      <ele>170.17</ele>
    </rtept>
    <rtept lat="45.52440258" lon="15.31319790" >
      <name>rte1_1051</name>
      <ele>163.54</ele>
    </rtept>
    <rtept lat="45.52450170" lon="15.31314724" >
      <name>rte1_1052</name>
      <ele>163.54</ele>
    </rtept>
    <rtept lat="45.52458733" lon="15.31309651" >
      <name>rte1_1053</name>
      <ele>153.30</ele>
    </rtept>
    <rtept lat="45.52466843" lon="15.31305216" >
      <name>rte1_1054</name>
      <ele>153.30</ele>
    </rtept>
    <rtept lat="45.52474954" lon="15.31300781" >
      <name>rte1_1055</name>
      <ele>172.28</ele>
    </rtept>
    <rtept lat="45.52483065" lon="15.31296346" >
      <name>rte1_1056</name>
      <ele>166.94</ele>
    </rtept>
    <rtept lat="45.52490726" lon="15.31291908" >
      <name>rte1_1057</name>
      <ele>166.94</ele>
    </rtept>
    <rtept lat="45.52498385" lon="15.31288110" >
      <name>rte1_1058</name>
      <ele>166.94</ele>
    </rtept>
    <rtept lat="45.52506044" lon="15.31284312" >
      <name>rte1_1059</name>
      <ele>165.02</ele>
    </rtept>
    <rtept lat="45.52513254" lon="15.31280512" >
      <name>rte1_1060</name>
      <ele>165.02</ele>
    </rtept>
    <rtept lat="45.52520463" lon="15.31276711" >
      <name>rte1_1061</name>
      <ele>165.02</ele>
    </rtept>
    <rtept lat="45.52527672" lon="15.31272911" >
      <name>rte1_1062</name>
      <ele>158.63</ele>
    </rtept>
    <rtept lat="45.52534430" lon="15.31269748" >
      <name>rte1_1063</name>
      <ele>182.58</ele>
    </rtept>
    <rtept lat="45.52541637" lon="15.31266588" >
      <name>rte1_1064</name>
      <ele>182.58</ele>
    </rtept>
    <rtept lat="45.52548395" lon="15.31263425" >
      <name>rte1_1065</name>
      <ele>178.67</ele>
    </rtept>
    <rtept lat="45.52555602" lon="15.31260265" >
      <name>rte1_1066</name>
      <ele>178.67</ele>
    </rtept>
    <rtept lat="45.52562358" lon="15.31257742" >
      <name>rte1_1067</name>
      <ele>178.67</ele>
    </rtept>
    <rtept lat="45.52569114" lon="15.31255220" >
      <name>rte1_1068</name>
      <ele>174.16</ele>
    </rtept>
    <rtept lat="45.52576320" lon="15.31252699" >
      <name>rte1_1069</name>
      <ele>174.16</ele>
    </rtept>
    <rtept lat="45.52583074" lon="15.31250817" >
      <name>rte1_1070</name>
      <ele>174.16</ele>
    </rtept>
    <rtept lat="45.52590278" lon="15.31248937" >
      <name>rte1_1071</name>
      <ele>172.33</ele>
    </rtept>
    <rtept lat="45.52597032" lon="15.31247054" >
      <name>rte1_1072</name>
      <ele>172.33</ele>
    </rtept>
    <rtept lat="45.52604236" lon="15.31245174" >
      <name>rte1_1073</name>
      <ele>172.33</ele>
    </rtept>
    <rtept lat="45.52611438" lon="15.31243934" >
      <name>rte1_1074</name>
      <ele>172.33</ele>
    </rtept>
    <rtept lat="45.52619090" lon="15.31242696" >
      <name>rte1_1075</name>
      <ele>173.54</ele>
    </rtept>
    <rtept lat="45.52626292" lon="15.31241456" >
      <name>rte1_1076</name>
      <ele>173.54</ele>
    </rtept>
    <rtept lat="45.52633943" lon="15.31240858" >
      <name>rte1_1077</name>
      <ele>173.54</ele>
    </rtept>
    <rtept lat="45.52642043" lon="15.31240263" >
      <name>rte1_1078</name>
      <ele>185.57</ele>
    </rtept>
    <rtept lat="45.52649691" lon="15.31240306" >
      <name>rte1_1079</name>
      <ele>185.57</ele>
    </rtept>
    <rtept lat="45.52658240" lon="15.31240354" >
      <name>rte1_1080</name>
      <ele>188.09</ele>
    </rtept>
    <rtept lat="45.52666338" lon="15.31240399" >
      <name>rte1_1081</name>
      <ele>188.09</ele>
    </rtept>
    <rtept lat="45.52674887" lon="15.31240446" >
      <name>rte1_1082</name>
      <ele>188.09</ele>
    </rtept>
    <rtept lat="45.52683883" lon="15.31241137" >
      <name>rte1_1083</name>
      <ele>163.33</ele>
    </rtept>
    <rtept lat="45.52693328" lon="15.31242469" >
      <name>rte1_1084</name>
      <ele>163.33</ele>
    </rtept>
    <rtept lat="45.52698275" lon="15.31243137" >
      <name>rte1_1085</name>
      <ele>163.33</ele>
    </rtept>
    <rtept lat="45.52703223" lon="15.31243805" >
      <name>rte1_1086</name>
      <ele>167.27</ele>
    </rtept>
    <rtept lat="45.52708168" lon="15.31245112" >
      <name>rte1_1087</name>
      <ele>167.27</ele>
    </rtept>
    <rtept lat="45.52713116" lon="15.31245780" >
      <name>rte1_1088</name>
      <ele>167.27</ele>
    </rtept>
    <rtept lat="45.52717611" lon="15.31247085" >
      <name>rte1_1089</name>
      <ele>167.27</ele>
    </rtept>
    <rtept lat="45.52722105" lon="15.31249031" >
      <name>rte1_1090</name>
      <ele>167.27</ele>
    </rtept>
    <rtept lat="45.52730647" lon="15.31251639" >
      <name>rte1_1091</name>
      <ele>169.54</ele>
    </rtept>
    <rtept lat="45.52739184" lon="15.31255527" >
      <name>rte1_1092</name>
      <ele>169.54</ele>
    </rtept>
    <rtept lat="45.52747274" lon="15.31258772" >
      <name>rte1_1093</name>
      <ele>169.54</ele>
    </rtept>
    <rtept lat="45.52754912" lon="15.31262656" >
      <name>rte1_1094</name>
      <ele>170.68</ele>
    </rtept>
    <rtept lat="45.52763000" lon="15.31266541" >
      <name>rte1_1095</name>
      <ele>170.68</ele>
    </rtept>
    <rtept lat="45.52770640" lon="15.31269785" >
      <name>rte1_1096</name>
      <ele>174.59</ele>
    </rtept>
    <rtept lat="45.52778730" lon="15.31273030" >
      <name>rte1_1097</name>
      <ele>174.59</ele>
    </rtept>
    <rtept lat="45.52786369" lon="15.31276273" >
      <name>rte1_1098</name>
      <ele>157.40</ele>
    </rtept>
    <rtept lat="45.52794911" lon="15.31278881" >
      <name>rte1_1099</name>
      <ele>159.47</ele>
    </rtept>
    <rtept lat="45.52803454" lon="15.31280849" >
      <name>rte1_1100</name>
      <ele>159.47</ele>
    </rtept>
    <rtept lat="45.52808401" lon="15.31281517" >
      <name>rte1_1101</name>
      <ele>159.47</ele>
    </rtept>
    <rtept lat="45.52812899" lon="15.31282182" >
      <name>rte1_1102</name>
      <ele>159.47</ele>
    </rtept>
    <rtept lat="45.52817398" lon="15.31282207" >
      <name>rte1_1103</name>
      <ele>158.26</ele>
    </rtept>
    <rtept lat="45.52822347" lon="15.31282235" >
      <name>rte1_1104</name>
      <ele>158.26</ele>
    </rtept>
    <rtept lat="45.52827746" lon="15.31282265" >
      <name>rte1_1105</name>
      <ele>158.26</ele>
    </rtept>
    <rtept lat="45.52833145" lon="15.31282295" >
      <name>rte1_1106</name>
      <ele>158.26</ele>
    </rtept>
    <rtept lat="45.52906956" lon="15.31273745" >
      <name>rte1_1107</name>
      <ele>176.10</ele>
    </rtept>
    <rtept lat="45.52911910" lon="15.31271852" >
      <name>rte1_1108</name>
      <ele>176.10</ele>
    </rtept>
    <rtept lat="45.52917763" lon="15.31270605" >
      <name>rte1_1109</name>
      <ele>176.10</ele>
    </rtept>
    <rtept lat="45.52923165" lon="15.31269354" >
      <name>rte1_1110</name>
      <ele>176.10</ele>
    </rtept>
    <rtept lat="45.52928566" lon="15.31268744" >
      <name>rte1_1111</name>
      <ele>170.00</ele>
    </rtept>
    <rtept lat="45.52933967" lon="15.31268134" >
      <name>rte1_1112</name>
      <ele>170.00</ele>
    </rtept>
    <rtept lat="45.52938918" lon="15.31267522" >
      <name>rte1_1113</name>
      <ele>170.00</ele>
    </rtept>
    <rtept lat="45.52947018" lon="15.31266927" >
      <name>rte1_1114</name>
      <ele>170.00</ele>
    </rtept>
    <rtept lat="45.52955122" lon="15.31265052" >
      <name>rte1_1115</name>
      <ele>170.00</ele>
    </rtept>
    <rtept lat="45.52962770" lon="15.31265094" >
      <name>rte1_1116</name>
      <ele>170.00</ele>
    </rtept>
    <rtept lat="45.52969965" lon="15.31266415" >
      <name>rte1_1117</name>
      <ele>170.00</ele>
    </rtept>
    <rtept lat="45.52976709" lon="15.31268373" >
      <name>rte1_1118</name>
      <ele>170.00</ele>
    </rtept>
    <rtept lat="45.52982551" lon="15.31270966" >
      <name>rte1_1119</name>
      <ele>170.00</ele>
    </rtept>
    <rtept lat="45.52988391" lon="15.31274199" >
      <name>rte1_1120</name>
      <ele>170.00</ele>
    </rtept>
    <rtept lat="45.52994231" lon="15.31277432" >
      <name>rte1_1121</name>
      <ele>164.55</ele>
    </rtept>
    <rtept lat="45.52999621" lon="15.31280663" >
      <name>rte1_1122</name>
      <ele>169.28</ele>
    </rtept>
    <rtept lat="45.53005013" lon="15.31283254" >
      <name>rte1_1123</name>
      <ele>169.28</ele>
    </rtept>
    <rtept lat="45.53010405" lon="15.31285844" >
      <name>rte1_1124</name>
      <ele>169.28</ele>
    </rtept>
    <rtept lat="45.53016249" lon="15.31287797" >
      <name>rte1_1125</name>
      <ele>169.28</ele>
    </rtept>
    <rtept lat="45.53021646" lon="15.31288467" >
      <name>rte1_1126</name>
      <ele>166.57</ele>
    </rtept>
    <rtept lat="45.53027947" lon="15.31287862" >
      <name>rte1_1127</name>
      <ele>166.57</ele>
    </rtept>
    <rtept lat="45.53034251" lon="15.31285977" >
      <name>rte1_1128</name>
      <ele>166.57</ele>
    </rtept>
    <rtept lat="45.53040560" lon="15.31282172" >
      <name>rte1_1129</name>
      <ele>170.00</ele>
    </rtept>
    <rtept lat="45.53048223" lon="15.31277093" >
      <name>rte1_1130</name>
      <ele>170.00</ele>
    </rtept>
    <rtept lat="45.53100964" lon="15.31240899" >
      <name>rte1_1131</name>
      <ele>170.00</ele>
    </rtept>
    <rtept lat="45.53102779" lon="15.31235147" >
      <name>rte1_1132</name>
      <ele>170.00</ele>
    </rtept>
    <rtept lat="45.53105044" lon="15.31229399" >
      <name>rte1_1133</name>
      <ele>170.00</ele>
    </rtept>
    <rtept lat="45.53109122" lon="15.31219179" >
      <name>rte1_1134</name>
      <ele>170.00</ele>
    </rtept>
    <rtept lat="45.53113198" lon="15.31209599" >
      <name>rte1_1135</name>
      <ele>170.00</ele>
    </rtept>
    <rtept lat="45.53117271" lon="15.31200660" >
      <name>rte1_1136</name>
      <ele>170.00</ele>
    </rtept>
    <rtept lat="45.53121345" lon="15.31191720" >
      <name>rte1_1137</name>
      <ele>170.00</ele>
    </rtept>
    <rtept lat="45.53125419" lon="15.31182781" >
      <name>rte1_1138</name>
      <ele>170.00</ele>
    </rtept>
    <rtept lat="45.53129043" lon="15.31173839" >
      <name>rte1_1139</name>
      <ele>170.00</ele>
    </rtept>
    <rtept lat="45.53132215" lon="15.31165534" >
      <name>rte1_1140</name>
      <ele>166.54</ele>
    </rtept>
    <rtept lat="45.53135389" lon="15.31156590" >
      <name>rte1_1141</name>
      <ele>166.54</ele>
    </rtept>
    <rtept lat="45.53138112" lon="15.31148283" >
      <name>rte1_1142</name>
      <ele>166.54</ele>
    </rtept>
    <rtept lat="45.53140838" lon="15.31138696" >
      <name>rte1_1143</name>
      <ele>163.32</ele>
    </rtept>
    <rtept lat="45.53142664" lon="15.31129103" >
      <name>rte1_1144</name>
      <ele>163.32</ele>
    </rtept>
    <rtept lat="45.53144491" lon="15.31118871" >
      <name>rte1_1145</name>
      <ele>163.32</ele>
    </rtept>
    <rtept lat="45.53145869" lon="15.31108636" >
      <name>rte1_1146</name>
      <ele>150.00</ele>
    </rtept>
    <rtept lat="45.53146351" lon="15.31097116" >
      <name>rte1_1147</name>
      <ele>150.00</ele>
    </rtept>
    <rtept lat="45.53146834" lon="15.31084956" >
      <name>rte1_1148</name>
      <ele>150.00</ele>
    </rtept>
    <rtept lat="45.53146405" lon="15.31077272" >
      <name>rte1_1149</name>
      <ele>150.00</ele>
    </rtept>
    <rtept lat="45.53146426" lon="15.31069590" >
      <name>rte1_1150</name>
      <ele>150.00</ele>
    </rtept>
    <rtept lat="45.53145995" lon="15.31062546" >
      <name>rte1_1151</name>
      <ele>150.00</ele>
    </rtept>
    <rtept lat="45.53146016" lon="15.31054864" >
      <name>rte1_1152</name>
      <ele>150.00</ele>
    </rtept>
    <rtept lat="45.53146036" lon="15.31047822" >
      <name>rte1_1153</name>
      <ele>148.30</ele>
    </rtept>
    <rtept lat="45.53145605" lon="15.31040778" >
      <name>rte1_1154</name>
      <ele>148.30</ele>
    </rtept>
    <rtept lat="45.53145624" lon="15.31033737" >
      <name>rte1_1155</name>
      <ele>148.30</ele>
    </rtept>
    <rtept lat="45.53145193" lon="15.31026693" >
      <name>rte1_1156</name>
      <ele>148.30</ele>
    </rtept>
    <rtept lat="45.53145211" lon="15.31020291" >
      <name>rte1_1157</name>
      <ele>148.30</ele>
    </rtept>
    <rtept lat="45.53144780" lon="15.31013247" >
      <name>rte1_1158</name>
      <ele>147.40</ele>
    </rtept>
    <rtept lat="45.53144798" lon="15.31006845" >
      <name>rte1_1159</name>
      <ele>147.40</ele>
    </rtept>
    <rtept lat="45.53144367" lon="15.30999801" >
      <name>rte1_1160</name>
      <ele>147.40</ele>
    </rtept>
    <rtept lat="45.53144384" lon="15.30993400" >
      <name>rte1_1161</name>
      <ele>147.40</ele>
    </rtept>
    <rtept lat="45.53143952" lon="15.30986996" >
      <name>rte1_1162</name>
      <ele>146.90</ele>
    </rtept>
    <rtept lat="45.53143969" lon="15.30980595" >
      <name>rte1_1163</name>
      <ele>146.90</ele>
    </rtept>
    <rtept lat="45.53143537" lon="15.30974191" >
      <name>rte1_1164</name>
      <ele>146.90</ele>
    </rtept>
    <rtept lat="45.53143105" lon="15.30967787" >
      <name>rte1_1165</name>
      <ele>146.90</ele>
    </rtept>
    <rtept lat="45.53143122" lon="15.30961385" >
      <name>rte1_1166</name>
      <ele>146.90</ele>
    </rtept>
    <rtept lat="45.53142705" lon="15.30949220" >
      <name>rte1_1167</name>
      <ele>145.00</ele>
    </rtept>
    <rtept lat="45.53142289" lon="15.30937055" >
      <name>rte1_1168</name>
      <ele>145.00</ele>
    </rtept>
    <rtept lat="45.53142322" lon="15.30924892" >
      <name>rte1_1169</name>
      <ele>145.00</ele>
    </rtept>
    <rtept lat="45.53141905" lon="15.30912727" >
      <name>rte1_1170</name>
      <ele>145.00</ele>
    </rtept>
    <rtept lat="45.53141936" lon="15.30901204" >
      <name>rte1_1171</name>
      <ele>145.00</ele>
    </rtept>
    <rtept lat="45.53141518" lon="15.30889679" >
      <name>rte1_1172</name>
      <ele>146.80</ele>
    </rtept>
    <rtept lat="45.53141999" lon="15.30878159" >
      <name>rte1_1173</name>
      <ele>146.80</ele>
    </rtept>
    <rtept lat="45.53142018" lon="15.30871117" >
      <name>rte1_1174</name>
      <ele>146.80</ele>
    </rtept>
    <rtept lat="45.53142035" lon="15.30864716" >
      <name>rte1_1175</name>
      <ele>146.80</ele>
    </rtept>
    <rtept lat="45.53142055" lon="15.30857674" >
      <name>rte1_1176</name>
      <ele>145.00</ele>
    </rtept>
    <rtept lat="45.53142522" lon="15.30851275" >
      <name>rte1_1177</name>
      <ele>145.00</ele>
    </rtept>
    <rtept lat="45.53142989" lon="15.30844876" >
      <name>rte1_1178</name>
      <ele>145.00</ele>
    </rtept>
    <rtept lat="45.53143007" lon="15.30838475" >
      <name>rte1_1179</name>
      <ele>145.00</ele>
    </rtept>
    <rtept lat="45.53143476" lon="15.30831435" >
      <name>rte1_1180</name>
      <ele>145.00</ele>
    </rtept>
    <rtept lat="45.53143943" lon="15.30825036" >
      <name>rte1_1181</name>
      <ele>146.88</ele>
    </rtept>
    <rtept lat="45.53144410" lon="15.30818637" >
      <name>rte1_1182</name>
      <ele>146.88</ele>
    </rtept>
    <rtept lat="45.53145329" lon="15.30811601" >
      <name>rte1_1183</name>
      <ele>146.88</ele>
    </rtept>
    <rtept lat="45.53145796" lon="15.30805202" >
      <name>rte1_1184</name>
      <ele>146.88</ele>
    </rtept>
    <rtept lat="45.53146714" lon="15.30798805" >
      <name>rte1_1185</name>
      <ele>146.88</ele>
    </rtept>
    <rtept lat="45.53147183" lon="15.30791766" >
      <name>rte1_1186</name>
      <ele>150.00</ele>
    </rtept>
    <rtept lat="45.53148100" lon="15.30785370" >
      <name>rte1_1187</name>
      <ele>150.00</ele>
    </rtept>
    <rtept lat="45.53149017" lon="15.30778973" >
      <name>rte1_1188</name>
      <ele>150.00</ele>
    </rtept>
    <rtept lat="45.53149936" lon="15.30771936" >
      <name>rte1_1189</name>
      <ele>150.00</ele>
    </rtept>
    <rtept lat="45.53151303" lon="15.30765542" >
      <name>rte1_1190</name>
      <ele>150.00</ele>
    </rtept>
    <rtept lat="45.53152222" lon="15.30758506" >
      <name>rte1_1191</name>
      <ele>147.41</ele>
    </rtept>
    <rtept lat="45.53153591" lon="15.30751471" >
      <name>rte1_1192</name>
      <ele>147.41</ele>
    </rtept>
    <rtept lat="45.53154958" lon="15.30745077" >
      <name>rte1_1193</name>
      <ele>145.00</ele>
    </rtept>
    <rtept lat="45.53156327" lon="15.30738043" >
      <name>rte1_1194</name>
      <ele>145.00</ele>
    </rtept>
    <rtept lat="45.53157695" lon="15.30731009" >
      <name>rte1_1195</name>
      <ele>147.31</ele>
    </rtept>
    <rtept lat="45.53159514" lon="15.30723977" >
      <name>rte1_1196</name>
      <ele>147.31</ele>
    </rtept>
    <rtept lat="45.53161333" lon="15.30716945" >
      <name>rte1_1197</name>
      <ele>147.31</ele>
    </rtept>
    <rtept lat="45.53162703" lon="15.30709271" >
      <name>rte1_1198</name>
      <ele>147.31</ele>
    </rtept>
    <rtept lat="45.53164972" lon="15.30702242" >
      <name>rte1_1199</name>
      <ele>147.31</ele>
    </rtept>
    <rtept lat="45.53166791" lon="15.30695210" >
      <name>rte1_1200</name>
      <ele>147.66</ele>
    </rtept>
    <rtept lat="45.53169061" lon="15.30687540" >
      <name>rte1_1201</name>
      <ele>147.66</ele>
    </rtept>
    <rtept lat="45.53170882" lon="15.30679868" >
      <name>rte1_1202</name>
      <ele>147.66</ele>
    </rtept>
    <rtept lat="45.53173600" lon="15.30672841" >
      <name>rte1_1203</name>
      <ele>147.66</ele>
    </rtept>
    <rtept lat="45.53175870" lon="15.30665172" >
      <name>rte1_1204</name>
      <ele>148.18</ele>
    </rtept>
    <rtept lat="45.53178591" lon="15.30657505" >
      <name>rte1_1205</name>
      <ele>146.05</ele>
    </rtept>
    <rtept lat="45.53180863" lon="15.30649195" >
      <name>rte1_1206</name>
      <ele>146.05</ele>
    </rtept>
    <rtept lat="45.53183581" lon="15.30642168" >
      <name>rte1_1207</name>
      <ele>146.05</ele>
    </rtept>
    <rtept lat="45.53186301" lon="15.30634501" >
      <name>rte1_1208</name>
      <ele>146.24</ele>
    </rtept>
    <rtept lat="45.53188570" lon="15.30627472" >
      <name>rte1_1209</name>
      <ele>146.24</ele>
    </rtept>
    <rtept lat="45.53191289" lon="15.30620445" >
      <name>rte1_1210</name>
      <ele>146.24</ele>
    </rtept>
    <rtept lat="45.53193555" lon="15.30614056" >
      <name>rte1_1211</name>
      <ele>146.24</ele>
    </rtept>
    <rtept lat="45.53196274" lon="15.30607029" >
      <name>rte1_1212</name>
      <ele>146.24</ele>
    </rtept>
    <rtept lat="45.53198541" lon="15.30600640" >
      <name>rte1_1213</name>
      <ele>148.03</ele>
    </rtept>
    <rtept lat="45.53201256" lon="15.30594893" >
      <name>rte1_1214</name>
      <ele>146.29</ele>
    </rtept>
    <rtept lat="45.53203972" lon="15.30588506" >
      <name>rte1_1215</name>
      <ele>146.29</ele>
    </rtept>
    <rtept lat="45.53206687" lon="15.30582759" >
      <name>rte1_1216</name>
      <ele>146.29</ele>
    </rtept>
    <rtept lat="45.53208953" lon="15.30577010" >
      <name>rte1_1217</name>
      <ele>146.29</ele>
    </rtept>
    <rtept lat="45.53211668" lon="15.30571264" >
      <name>rte1_1218</name>
      <ele>145.70</ele>
    </rtept>
    <rtept lat="45.53214833" lon="15.30565519" >
      <name>rte1_1219</name>
      <ele>145.70</ele>
    </rtept>
    <rtept lat="45.53217546" lon="15.30560413" >
      <name>rte1_1220</name>
      <ele>145.70</ele>
    </rtept>
    <rtept lat="45.53220261" lon="15.30554666" >
      <name>rte1_1221</name>
      <ele>145.70</ele>
    </rtept>
    <rtept lat="45.53223424" lon="15.30549562" >
      <name>rte1_1222</name>
      <ele>145.00</ele>
    </rtept>
    <rtept lat="45.53226587" lon="15.30544458" >
      <name>rte1_1223</name>
      <ele>145.00</ele>
    </rtept>
    <rtept lat="45.53229749" lon="15.30539994" >
      <name>rte1_1224</name>
      <ele>145.00</ele>
    </rtept>
    <rtept lat="45.53232912" lon="15.30534890" >
      <name>rte1_1225</name>
      <ele>146.03</ele>
    </rtept>
    <rtept lat="45.53236523" lon="15.30530428" >
      <name>rte1_1226</name>
      <ele>146.03</ele>
    </rtept>
    <rtept lat="45.53240135" lon="15.30525967" >
      <name>rte1_1227</name>
      <ele>146.03</ele>
    </rtept>
    <rtept lat="45.53243748" lon="15.30520865" >
      <name>rte1_1228</name>
      <ele>146.03</ele>
    </rtept>
    <rtept lat="45.53247807" lon="15.30517046" >
      <name>rte1_1229</name>
      <ele>145.00</ele>
    </rtept>
    <rtept lat="45.53251869" lon="15.30512587" >
      <name>rte1_1230</name>
      <ele>145.00</ele>
    </rtept>
    <rtept lat="45.53255930" lon="15.30508128" >
      <name>rte1_1231</name>
      <ele>145.00</ele>
    </rtept>
    <rtept lat="45.53260439" lon="15.30504312" >
      <name>rte1_1232</name>
      <ele>149.26</ele>
    </rtept>
    <rtept lat="45.53264951" lon="15.30499855" >
      <name>rte1_1233</name>
      <ele>149.26</ele>
    </rtept>
    <rtept lat="45.53269460" lon="15.30496039" >
      <name>rte1_1234</name>
      <ele>146.34</ele>
    </rtept>
    <rtept lat="45.53274420" lon="15.30492224" >
      <name>rte1_1235</name>
      <ele>146.34</ele>
    </rtept>
    <rtept lat="45.53279829" lon="15.30488413" >
      <name>rte1_1236</name>
      <ele>146.34</ele>
    </rtept>
    <rtept lat="45.53285238" lon="15.30484601" >
      <name>rte1_1237</name>
      <ele>146.34</ele>
    </rtept>
    <rtept lat="45.53289746" lon="15.30481425" >
      <name>rte1_1238</name>
      <ele>145.00</ele>
    </rtept>
    <rtept lat="45.53294254" lon="15.30478248" >
      <name>rte1_1239</name>
      <ele>145.00</ele>
    </rtept>
    <rtept lat="45.53298312" lon="15.30475070" >
      <name>rte1_1240</name>
      <ele>145.00</ele>
    </rtept>
    <rtept lat="45.53302818" lon="15.30472533" >
      <name>rte1_1241</name>
      <ele>145.00</ele>
    </rtept>
    <rtept lat="45.53307324" lon="15.30469997" >
      <name>rte1_1242</name>
      <ele>145.00</ele>
    </rtept>
    <rtept lat="45.53311381" lon="15.30466818" >
      <name>rte1_1243</name>
      <ele>145.00</ele>
    </rtept>
    <rtept lat="45.53319494" lon="15.30461741" >
      <name>rte1_1244</name>
      <ele>145.00</ele>
    </rtept>
    <rtept lat="45.53327604" lon="15.30457304" >
      <name>rte1_1245</name>
      <ele>145.00</ele>
    </rtept>
    <rtept lat="45.53335267" lon="15.30452224" >
      <name>rte1_1246</name>
      <ele>145.80</ele>
    </rtept>
    <rtept lat="45.53342481" lon="15.30446502" >
      <name>rte1_1247</name>
      <ele>145.80</ele>
    </rtept>
    <rtept lat="45.53349693" lon="15.30441419" >
      <name>rte1_1248</name>
      <ele>145.00</ele>
    </rtept>
    <rtept lat="45.53356907" lon="15.30435697" >
      <name>rte1_1249</name>
      <ele>145.00</ele>
    </rtept>
    <rtept lat="45.53363223" lon="15.30429329" >
      <name>rte1_1250</name>
      <ele>145.00</ele>
    </rtept>
    <rtept lat="45.53369541" lon="15.30422322" >
      <name>rte1_1251</name>
      <ele>145.00</ele>
    </rtept>
    <rtept lat="45.53375862" lon="15.30414034" >
      <name>rte1_1252</name>
      <ele>145.00</ele>
    </rtept>
    <rtept lat="45.53381733" lon="15.30405743" >
      <name>rte1_1253</name>
      <ele>145.00</ele>
    </rtept>
    <rtept lat="45.53387158" lon="15.30396170" >
      <name>rte1_1254</name>
      <ele>145.00</ele>
    </rtept>
    <rtept lat="45.53389873" lon="15.30390423" >
      <name>rte1_1255</name>
      <ele>145.00</ele>
    </rtept>
    <rtept lat="45.53392586" lon="15.30385316" >
      <name>rte1_1256</name>
      <ele>145.00</ele>
    </rtept>
    <rtept lat="45.53395303" lon="15.30378929" >
      <name>rte1_1257</name>
      <ele>145.00</ele>
    </rtept>
    <rtept lat="45.53398018" lon="15.30373182" >
      <name>rte1_1258</name>
      <ele>145.00</ele>
    </rtept>
    <rtept lat="45.53402098" lon="15.30361681" >
      <name>rte1_1259</name>
      <ele>145.00</ele>
    </rtept>
    <rtept lat="45.53406176" lon="15.30350820" >
      <name>rte1_1260</name>
      <ele>145.00</ele>
    </rtept>
    <rtept lat="45.53410253" lon="15.30340599" >
      <name>rte1_1261</name>
      <ele>145.00</ele>
    </rtept>
    <rtept lat="45.53414329" lon="15.30330378" >
      <name>rte1_1262</name>
      <ele>145.00</ele>
    </rtept>
    <rtept lat="45.53418404" lon="15.30320797" >
      <name>rte1_1263</name>
      <ele>145.00</ele>
    </rtept>
    <rtept lat="45.53422029" lon="15.30311214" >
      <name>rte1_1264</name>
      <ele>152.94</ele>
    </rtept>
    <rtept lat="45.53426104" lon="15.30301633" >
      <name>rte1_1265</name>
      <ele>145.00</ele>
    </rtept>
    <rtept lat="45.53429727" lon="15.30292690" >
      <name>rte1_1266</name>
      <ele>145.00</ele>
    </rtept>
    <rtept lat="45.53433351" lon="15.30283747" >
      <name>rte1_1267</name>
      <ele>151.40</ele>
    </rtept>
    <rtept lat="45.53436974" lon="15.30274804" >
      <name>rte1_1268</name>
      <ele>151.40</ele>
    </rtept>
    <rtept lat="45.53440595" lon="15.30266501" >
      <name>rte1_1269</name>
      <ele>151.40</ele>
    </rtept>
    <rtept lat="45.53444219" lon="15.30257558" >
      <name>rte1_1270</name>
      <ele>151.40</ele>
    </rtept>
    <rtept lat="45.53447840" lon="15.30249255" >
      <name>rte1_1271</name>
      <ele>151.40</ele>
    </rtept>
    <rtept lat="45.53451462" lon="15.30240952" >
      <name>rte1_1272</name>
      <ele>151.40</ele>
    </rtept>
    <rtept lat="45.53455531" lon="15.30233291" >
      <name>rte1_1273</name>
      <ele>151.40</ele>
    </rtept>
    <rtept lat="45.53459153" lon="15.30224988" >
      <name>rte1_1274</name>
      <ele>151.40</ele>
    </rtept>
    <rtept lat="45.53462774" lon="15.30216685" >
      <name>rte1_1275</name>
      <ele>160.25</ele>
    </rtept>
    <rtept lat="45.53466844" lon="15.30209025" >
      <name>rte1_1276</name>
      <ele>160.25</ele>
    </rtept>
    <rtept lat="45.53470914" lon="15.30201365" >
      <name>rte1_1277</name>
      <ele>155.23</ele>
    </rtept>
    <rtept lat="45.53474985" lon="15.30193064" >
      <name>rte1_1278</name>
      <ele>155.23</ele>
    </rtept>
    <rtept lat="45.53479055" lon="15.30185404" >
      <name>rte1_1279</name>
      <ele>161.28</ele>
    </rtept>
    <rtept lat="45.53483576" lon="15.30177105" >
      <name>rte1_1280</name>
      <ele>161.28</ele>
    </rtept>
    <rtept lat="45.53487646" lon="15.30169445" >
      <name>rte1_1281</name>
      <ele>161.28</ele>
    </rtept>
    <rtept lat="45.53492167" lon="15.30161147" >
      <name>rte1_1282</name>
      <ele>161.28</ele>
    </rtept>
    <rtept lat="45.53497138" lon="15.30152851" >
      <name>rte1_1283</name>
      <ele>166.62</ele>
    </rtept>
    <rtept lat="45.53502108" lon="15.30145195" >
      <name>rte1_1284</name>
      <ele>166.62</ele>
    </rtept>
    <rtept lat="45.53507081" lon="15.30136259" >
      <name>rte1_1285</name>
      <ele>166.62</ele>
    </rtept>
    <rtept lat="45.53512052" lon="15.30127964" >
      <name>rte1_1286</name>
      <ele>166.62</ele>
    </rtept>
    <rtept lat="45.53517473" lon="15.30119670" >
      <name>rte1_1287</name>
      <ele>164.22</ele>
    </rtept>
    <rtept lat="45.53523345" lon="15.30110739" >
      <name>rte1_1288</name>
      <ele>164.22</ele>
    </rtept>
    <rtept lat="45.53529218" lon="15.30101808" >
      <name>rte1_1289</name>
      <ele>164.22</ele>
    </rtept>
    <rtept lat="45.53535541" lon="15.30092879" >
      <name>rte1_1290</name>
      <ele>166.90</ele>
    </rtept>
    <rtept lat="45.53538704" lon="15.30087774" >
      <name>rte1_1291</name>
      <ele>160.00</ele>
    </rtept>
    <rtept lat="45.53542315" lon="15.30083312" >
      <name>rte1_1292</name>
      <ele>160.00</ele>
    </rtept>
    <rtept lat="45.53549534" lon="15.30075668" >
      <name>rte1_1293</name>
      <ele>160.00</ele>
    </rtept>
    <rtept lat="45.53556750" lon="15.30069305" >
      <name>rte1_1294</name>
      <ele>160.00</ele>
    </rtept>
    <rtept lat="45.53563962" lon="15.30064222" >
      <name>rte1_1295</name>
      <ele>160.00</ele>
    </rtept>
    <rtept lat="45.53571171" lon="15.30060419" >
      <name>rte1_1296</name>
      <ele>163.24</ele>
    </rtept>
    <rtept lat="45.53578826" lon="15.30057900" >
      <name>rte1_1297</name>
      <ele>163.24</ele>
    </rtept>
    <rtept lat="45.53586480" lon="15.30056020" >
      <name>rte1_1298</name>
      <ele>163.96</ele>
    </rtept>
    <rtept lat="45.53594582" lon="15.30054783" >
      <name>rte1_1299</name>
      <ele>163.96</ele>
    </rtept>
    <rtept lat="45.53602682" lon="15.30054186" >
      <name>rte1_1300</name>
      <ele>163.96</ele>
    </rtept>
    <rtept lat="45.53611230" lon="15.30054232" >
      <name>rte1_1301</name>
      <ele>161.63</ele>
    </rtept>
    <rtept lat="45.53619330" lon="15.30053635" >
      <name>rte1_1302</name>
      <ele>161.63</ele>
    </rtept>
    <rtept lat="45.53628329" lon="15.30053684" >
      <name>rte1_1303</name>
      <ele>157.69</ele>
    </rtept>
    <rtept lat="45.53632828" lon="15.30053708" >
      <name>rte1_1304</name>
      <ele>157.69</ele>
    </rtept>
    <rtept lat="45.53637329" lon="15.30053092" >
      <name>rte1_1305</name>
      <ele>157.69</ele>
    </rtept>
    <rtept lat="45.53641828" lon="15.30053116" >
      <name>rte1_1306</name>
      <ele>157.69</ele>
    </rtept>
    <rtept lat="45.53646779" lon="15.30052502" >
      <name>rte1_1307</name>
      <ele>157.69</ele>
    </rtept>
    <rtept lat="45.53651278" lon="15.30052526" >
      <name>rte1_1308</name>
      <ele>155.69</ele>
    </rtept>
    <rtept lat="45.53656230" lon="15.30051272" >
      <name>rte1_1309</name>
      <ele>155.69</ele>
    </rtept>
    <rtept lat="45.53661181" lon="15.30050659" >
      <name>rte1_1310</name>
      <ele>155.69</ele>
    </rtept>
    <rtept lat="45.53666132" lon="15.30050045" >
      <name>rte1_1311</name>
      <ele>155.69</ele>
    </rtept>
    <rtept lat="45.53674236" lon="15.30048168" >
      <name>rte1_1312</name>
      <ele>151.09</ele>
    </rtept>
    <rtept lat="45.53682339" lon="15.30046290" >
      <name>rte1_1313</name>
      <ele>151.09</ele>
    </rtept>
    <rtept lat="45.53689991" lon="15.30045051" >
      <name>rte1_1314</name>
      <ele>151.09</ele>
    </rtept>
    <rtept lat="45.53697645" lon="15.30043171" >
      <name>rte1_1315</name>
      <ele>147.84</ele>
    </rtept>
    <rtept lat="45.53704847" lon="15.30041929" >
      <name>rte1_1316</name>
      <ele>147.84</ele>
    </rtept>
    <rtept lat="45.53712049" lon="15.30040688" >
      <name>rte1_1317</name>
      <ele>147.84</ele>
    </rtept>
    <rtept lat="45.53719251" lon="15.30039446" >
      <name>rte1_1318</name>
      <ele>149.50</ele>
    </rtept>
    <rtept lat="45.53726003" lon="15.30038201" >
      <name>rte1_1319</name>
      <ele>149.50</ele>
    </rtept>
    <rtept lat="45.53732754" lon="15.30037597" >
      <name>rte1_1320</name>
      <ele>149.50</ele>
    </rtept>
    <rtept lat="45.53739504" lon="15.30036993" >
      <name>rte1_1321</name>
      <ele>149.50</ele>
    </rtept>
    <rtept lat="45.53746256" lon="15.30035749" >
      <name>rte1_1322</name>
      <ele>150.88</ele>
    </rtept>
    <rtept lat="45.53752557" lon="15.30035143" >
      <name>rte1_1323</name>
      <ele>150.88</ele>
    </rtept>
    <rtept lat="45.53759307" lon="15.30034539" >
      <name>rte1_1324</name>
      <ele>150.88</ele>
    </rtept>
    <rtept lat="45.53765606" lon="15.30034572" >
      <name>rte1_1325</name>
      <ele>150.17</ele>
    </rtept>
    <rtept lat="45.53771907" lon="15.30033966" >
      <name>rte1_1326</name>
      <ele>150.17</ele>
    </rtept>
    <rtept lat="45.53778205" lon="15.30034000" >
      <name>rte1_1327</name>
      <ele>150.17</ele>
    </rtept>
    <rtept lat="45.53784506" lon="15.30033393" >
      <name>rte1_1328</name>
      <ele>150.17</ele>
    </rtept>
    <rtept lat="45.53790805" lon="15.30033427" >
      <name>rte1_1329</name>
      <ele>150.77</ele>
    </rtept>
    <rtept lat="45.53797553" lon="15.30033463" >
      <name>rte1_1330</name>
      <ele>150.77</ele>
    </rtept>
    <rtept lat="45.53803852" lon="15.30033497" >
      <name>rte1_1331</name>
      <ele>150.77</ele>
    </rtept>
    <rtept lat="45.53810599" lon="15.30034173" >
      <name>rte1_1332</name>
      <ele>153.79</ele>
    </rtept>
    <rtept lat="45.53816898" lon="15.30034207" >
      <name>rte1_1333</name>
      <ele>153.79</ele>
    </rtept>
    <rtept lat="45.53823645" lon="15.30034883" >
      <name>rte1_1334</name>
      <ele>153.79</ele>
    </rtept>
    <rtept lat="45.53830394" lon="15.30034919" >
      <name>rte1_1335</name>
      <ele>153.79</ele>
    </rtept>
    <rtept lat="45.53837591" lon="15.30035598" >
      <name>rte1_1336</name>
      <ele>149.22</ele>
    </rtept>
    <rtept lat="45.53844338" lon="15.30036274" >
      <name>rte1_1337</name>
      <ele>149.22</ele>
    </rtept>
    <rtept lat="45.53851985" lon="15.30036956" >
      <name>rte1_1338</name>
      <ele>149.22</ele>
    </rtept>
    <rtept lat="45.53859180" lon="15.30038275" >
      <name>rte1_1339</name>
      <ele>155.13</ele>
    </rtept>
    <rtept lat="45.53866827" lon="15.30038956" >
      <name>rte1_1340</name>
      <ele>155.13</ele>
    </rtept>
    <rtept lat="45.53874472" lon="15.30040277" >
      <name>rte1_1341</name>
      <ele>155.13</ele>
    </rtept>
    <rtept lat="45.53882567" lon="15.30041601" >
      <name>rte1_1342</name>
      <ele>154.00</ele>
    </rtept>
    <rtept lat="45.53891112" lon="15.30042927" >
      <name>rte1_1343</name>
      <ele>154.00</ele>
    </rtept>
    <rtept lat="45.53899209" lon="15.30043611" >
      <name>rte1_1344</name>
      <ele>153.09</ele>
    </rtept>
    <rtept lat="45.53907304" lon="15.30044935" >
      <name>rte1_1345</name>
      <ele>153.09</ele>
    </rtept>
    <rtept lat="45.53914950" lon="15.30046256" >
      <name>rte1_1346</name>
      <ele>153.09</ele>
    </rtept>
    <rtept lat="45.53922595" lon="15.30047578" >
      <name>rte1_1347</name>
      <ele>154.74</ele>
    </rtept>
    <rtept lat="45.53929788" lon="15.30049537" >
      <name>rte1_1348</name>
      <ele>154.74</ele>
    </rtept>
    <rtept lat="45.53936984" lon="15.30050856" >
      <name>rte1_1349</name>
      <ele>154.74</ele>
    </rtept>
    <rtept lat="45.53944181" lon="15.30051535" >
      <name>rte1_1350</name>
      <ele>158.23</ele>
    </rtept>
    <rtept lat="45.53950926" lon="15.30052852" >
      <name>rte1_1351</name>
      <ele>158.23</ele>
    </rtept>
    <rtept lat="45.53957671" lon="15.30054168" >
      <name>rte1_1352</name>
      <ele>158.23</ele>
    </rtept>
    <rtept lat="45.53964417" lon="15.30055485" >
      <name>rte1_1353</name>
      <ele>158.23</ele>
    </rtept>
    <rtept lat="45.53971162" lon="15.30056802" >
      <name>rte1_1354</name>
      <ele>156.53</ele>
    </rtept>
    <rtept lat="45.53977458" lon="15.30058116" >
      <name>rte1_1355</name>
      <ele>156.53</ele>
    </rtept>
    <rtept lat="45.53983753" lon="15.30059430" >
      <name>rte1_1356</name>
      <ele>156.53</ele>
    </rtept>
    <rtept lat="45.53990500" lon="15.30060107" >
      <name>rte1_1357</name>
      <ele>158.46</ele>
    </rtept>
    <rtept lat="45.53996795" lon="15.30061421" >
      <name>rte1_1358</name>
      <ele>158.46</ele>
    </rtept>
    <rtept lat="45.54003091" lon="15.30062735" >
      <name>rte1_1359</name>
      <ele>158.46</ele>
    </rtept>
    <rtept lat="45.54009388" lon="15.30063409" >
      <name>rte1_1360</name>
      <ele>158.46</ele>
    </rtept>
    <rtept lat="45.54015683" lon="15.30064723" >
      <name>rte1_1361</name>
      <ele>152.66</ele>
    </rtept>
    <rtept lat="45.54021981" lon="15.30065397" >
      <name>rte1_1362</name>
      <ele>152.66</ele>
    </rtept>
    <rtept lat="45.54028278" lon="15.30066071" >
      <name>rte1_1363</name>
      <ele>152.66</ele>
    </rtept>
    <rtept lat="45.54035025" lon="15.30066748" >
      <name>rte1_1364</name>
      <ele>154.81</ele>
    </rtept>
    <rtept lat="45.54041772" lon="15.30067424" >
      <name>rte1_1365</name>
      <ele>154.81</ele>
    </rtept>
    <rtept lat="45.54048069" lon="15.30068098" >
      <name>rte1_1366</name>
      <ele>154.81</ele>
    </rtept>
    <rtept lat="45.54055266" lon="15.30068777" >
      <name>rte1_1367</name>
      <ele>154.81</ele>
    </rtept>
    <rtept lat="45.54062015" lon="15.30068813" >
      <name>rte1_1368</name>
      <ele>152.60</ele>
    </rtept>
    <rtept lat="45.54069212" lon="15.30069492" >
      <name>rte1_1369</name>
      <ele>152.60</ele>
    </rtept>
    <rtept lat="45.54076410" lon="15.30069531" >
      <name>rte1_1370</name>
      <ele>152.60</ele>
    </rtept>
    <rtept lat="45.54083609" lon="15.30069569" >
      <name>rte1_1371</name>
      <ele>152.92</ele>
    </rtept>
    <rtept lat="45.54091258" lon="15.30069610" >
      <name>rte1_1372</name>
      <ele>152.92</ele>
    </rtept>
    <rtept lat="45.54099356" lon="15.30069654" >
      <name>rte1_1373</name>
      <ele>152.92</ele>
    </rtept>
    <rtept lat="45.54107455" lon="15.30069697" >
      <name>rte1_1374</name>
      <ele>149.75</ele>
    </rtept>
    <rtept lat="45.54116003" lon="15.30069743" >
      <name>rte1_1375</name>
      <ele>149.75</ele>
    </rtept>
    <rtept lat="45.54124553" lon="15.30069149" >
      <name>rte1_1376</name>
      <ele>150.00</ele>
    </rtept>
    <rtept lat="45.54133102" lon="15.30069195" >
      <name>rte1_1377</name>
      <ele>150.00</ele>
    </rtept>
    <rtept lat="45.54141198" lon="15.30069878" >
      <name>rte1_1378</name>
      <ele>150.00</ele>
    </rtept>
    <rtept lat="45.54149297" lon="15.30069922" >
      <name>rte1_1379</name>
      <ele>150.12</ele>
    </rtept>
    <rtept lat="45.54157394" lon="15.30070605" >
      <name>rte1_1380</name>
      <ele>150.12</ele>
    </rtept>
    <rtept lat="45.54165490" lon="15.30071289" >
      <name>rte1_1381</name>
      <ele>150.12</ele>
    </rtept>
    <rtept lat="45.54173136" lon="15.30072611" >
      <name>rte1_1382</name>
      <ele>148.47</ele>
    </rtept>
    <rtept lat="45.54180333" lon="15.30073290" >
      <name>rte1_1383</name>
      <ele>148.47</ele>
    </rtept>
    <rtept lat="45.54187978" lon="15.30074611" >
      <name>rte1_1384</name>
      <ele>148.47</ele>
    </rtept>
    <rtept lat="45.54195175" lon="15.30075290" >
      <name>rte1_1385</name>
      <ele>148.04</ele>
    </rtept>
    <rtept lat="45.54202370" lon="15.30076609" >
      <name>rte1_1386</name>
      <ele>148.04</ele>
    </rtept>
    <rtept lat="45.54209567" lon="15.30077288" >
      <name>rte1_1387</name>
      <ele>148.04</ele>
    </rtept>
    <rtept lat="45.54216764" lon="15.30077967" >
      <name>rte1_1388</name>
      <ele>145.00</ele>
    </rtept>
    <rtept lat="45.54223509" lon="15.30079284" >
      <name>rte1_1389</name>
      <ele>145.00</ele>
    </rtept>
    <rtept lat="45.54230256" lon="15.30079960" >
      <name>rte1_1390</name>
      <ele>145.00</ele>
    </rtept>
    <rtept lat="45.54237453" lon="15.30080639" >
      <name>rte1_1391</name>
      <ele>145.00</ele>
    </rtept>
    <rtept lat="45.54244202" lon="15.30080675" >
      <name>rte1_1392</name>
      <ele>145.00</ele>
    </rtept>
    <rtept lat="45.54250951" lon="15.30080711" >
      <name>rte1_1393</name>
      <ele>145.00</ele>
    </rtept>
    <rtept lat="45.54257700" lon="15.30080748" >
      <name>rte1_1394</name>
      <ele>145.00</ele>
    </rtept>
    <rtept lat="45.54264450" lon="15.30080144" >
      <name>rte1_1395</name>
      <ele>145.00</ele>
    </rtept>
    <rtept lat="45.54271201" lon="15.30079540" >
      <name>rte1_1396</name>
      <ele>145.00</ele>
    </rtept>
    <rtept lat="45.54277951" lon="15.30078935" >
      <name>rte1_1397</name>
      <ele>145.00</ele>
    </rtept>
    <rtept lat="45.54285153" lon="15.30077694" >
      <name>rte1_1398</name>
      <ele>145.00</ele>
    </rtept>
    <rtept lat="45.54291907" lon="15.30075809" >
      <name>rte1_1399</name>
      <ele>145.00</ele>
    </rtept>
    <rtept lat="45.54298661" lon="15.30073924" >
      <name>rte1_1400</name>
      <ele>145.00</ele>
    </rtept>
    <rtept lat="45.54305866" lon="15.30071402" >
      <name>rte1_1401</name>
      <ele>145.00</ele>
    </rtept>
    <rtept lat="45.54313073" lon="15.30068239" >
      <name>rte1_1402</name>
      <ele>145.00</ele>
    </rtept>
    <rtept lat="45.54319832" lon="15.30064434" >
      <name>rte1_1403</name>
      <ele>145.00</ele>
    </rtept>
    <rtept lat="45.54327491" lon="15.30060633" >
      <name>rte1_1404</name>
      <ele>145.00</ele>
    </rtept>
    <rtept lat="45.54334701" lon="15.30056189" >
      <name>rte1_1405</name>
      <ele>145.00</ele>
    </rtept>
    <rtept lat="45.54342364" lon="15.30051108" >
      <name>rte1_1406</name>
      <ele>145.00</ele>
    </rtept>
    <rtept lat="45.54350027" lon="15.30045387" >
      <name>rte1_1407</name>
      <ele>145.00</ele>
    </rtept>
    <rtept lat="45.54355890" lon="15.30040296" >
      <name>rte1_1408</name>
      <ele>145.00</ele>
    </rtept>
    <rtept lat="45.54361752" lon="15.30035205" >
      <name>rte1_1409</name>
      <ele>145.00</ele>
    </rtept>
    <rtept lat="45.54367163" lon="15.30030752" >
      <name>rte1_1410</name>
      <ele>145.00</ele>
    </rtept>
    <rtept lat="45.54373024" lon="15.30026301" >
      <name>rte1_1411</name>
      <ele>145.00</ele>
    </rtept>
    <rtept lat="45.54377987" lon="15.30021205" >
      <name>rte1_1412</name>
      <ele>145.00</ele>
    </rtept>
    <rtept lat="45.54383397" lon="15.30016752" >
      <name>rte1_1413</name>
      <ele>145.00</ele>
    </rtept>
    <rtept lat="45.54388358" lon="15.30012297" >
      <name>rte1_1414</name>
      <ele>145.00</ele>
    </rtept>
    <rtept lat="45.54393319" lon="15.30007841" >
      <name>rte1_1415</name>
      <ele>145.00</ele>
    </rtept>
    <rtept lat="45.54397830" lon="15.30003383" >
      <name>rte1_1416</name>
      <ele>145.00</ele>
    </rtept>
    <rtept lat="45.54402791" lon="15.29998928" >
      <name>rte1_1417</name>
      <ele>145.23</ele>
    </rtept>
    <rtept lat="45.54407302" lon="15.29994470" >
      <name>rte1_1418</name>
      <ele>145.23</ele>
    </rtept>
    <rtept lat="45.54411813" lon="15.29990012" >
      <name>rte1_1419</name>
      <ele>145.23</ele>
    </rtept>
    <rtept lat="45.54416323" lon="15.29986194" >
      <name>rte1_1420</name>
      <ele>145.31</ele>
    </rtept>
    <rtept lat="45.54420834" lon="15.29981736" >
      <name>rte1_1421</name>
      <ele>145.31</ele>
    </rtept>
    <rtept lat="45.54425345" lon="15.29977278" >
      <name>rte1_1422</name>
      <ele>145.31</ele>
    </rtept>
    <rtept lat="45.54429854" lon="15.29973460" >
      <name>rte1_1423</name>
      <ele>145.31</ele>
    </rtept>
    <rtept lat="45.54434365" lon="15.29969002" >
      <name>rte1_1424</name>
      <ele>150.87</ele>
    </rtept>
    <rtept lat="45.54438876" lon="15.29964544" >
      <name>rte1_1425</name>
      <ele>148.03</ele>
    </rtept>
    <rtept lat="45.54443385" lon="15.29960727" >
      <name>rte1_1426</name>
      <ele>148.03</ele>
    </rtept>
    <rtept lat="45.54447896" lon="15.29956269" >
      <name>rte1_1427</name>
      <ele>148.03</ele>
    </rtept>
    <rtept lat="45.54452405" lon="15.29952451" >
      <name>rte1_1428</name>
      <ele>148.03</ele>
    </rtept>
    <rtept lat="45.54456916" lon="15.29947993" >
      <name>rte1_1429</name>
      <ele>148.03</ele>
    </rtept>
    <rtept lat="45.54461876" lon="15.29944178" >
      <name>rte1_1430</name>
      <ele>146.03</ele>
    </rtept>
    <rtept lat="45.54466837" lon="15.29939722" >
      <name>rte1_1431</name>
      <ele>146.03</ele>
    </rtept>
    <rtept lat="45.54471796" lon="15.29935907" >
      <name>rte1_1432</name>
      <ele>150.60</ele>
    </rtept>
    <rtept lat="45.54476755" lon="15.29932091" >
      <name>rte1_1433</name>
      <ele>150.60</ele>
    </rtept>
    <rtept lat="45.54482166" lon="15.29927638" >
      <name>rte1_1434</name>
      <ele>150.60</ele>
    </rtept>
    <rtept lat="45.54487575" lon="15.29923825" >
      <name>rte1_1435</name>
      <ele>146.62</ele>
    </rtept>
    <rtept lat="45.54493436" lon="15.29919374" >
      <name>rte1_1436</name>
      <ele>146.62</ele>
    </rtept>
    <rtept lat="45.54499295" lon="15.29915563" >
      <name>rte1_1437</name>
      <ele>146.62</ele>
    </rtept>
    <rtept lat="45.54505605" lon="15.29911115" >
      <name>rte1_1438</name>
      <ele>146.62</ele>
    </rtept>
    <rtept lat="45.54511914" lon="15.29907307" >
      <name>rte1_1439</name>
      <ele>145.58</ele>
    </rtept>
    <rtept lat="45.54517775" lon="15.29902856" >
      <name>rte1_1440</name>
      <ele>154.92</ele>
    </rtept>
    <rtept lat="45.54523184" lon="15.29899043" >
      <name>rte1_1441</name>
      <ele>154.92</ele>
    </rtept>
    <rtept lat="45.54529041" lon="15.29895872" >
      <name>rte1_1442</name>
      <ele>149.51</ele>
    </rtept>
    <rtept lat="45.54534451" lon="15.29892059" >
      <name>rte1_1443</name>
      <ele>149.51</ele>
    </rtept>
    <rtept lat="45.54539860" lon="15.29888246" >
      <name>rte1_1444</name>
      <ele>149.51</ele>
    </rtept>
    <rtept lat="45.54544817" lon="15.29885071" >
      <name>rte1_1445</name>
      <ele>149.51</ele>
    </rtept>
    <rtept lat="45.54549776" lon="15.29881256" >
      <name>rte1_1446</name>
      <ele>149.51</ele>
    </rtept>
    <rtept lat="45.54554734" lon="15.29878081" >
      <name>rte1_1447</name>
      <ele>146.67</ele>
    </rtept>
    <rtept lat="45.54559691" lon="15.29874906" >
      <name>rte1_1448</name>
      <ele>146.67</ele>
    </rtept>
    <rtept lat="45.54564651" lon="15.29871090" >
      <name>rte1_1449</name>
      <ele>158.02</ele>
    </rtept>
    <rtept lat="45.54569606" lon="15.29868555" >
      <name>rte1_1450</name>
      <ele>158.02</ele>
    </rtept>
    <rtept lat="45.54574114" lon="15.29865378" >
      <name>rte1_1451</name>
      <ele>154.79</ele>
    </rtept>
    <rtept lat="45.54579071" lon="15.29862202" >
      <name>rte1_1452</name>
      <ele>154.79</ele>
    </rtept>
    <rtept lat="45.54583577" lon="15.29859665" >
      <name>rte1_1453</name>
      <ele>154.79</ele>
    </rtept>
    <rtept lat="45.54588085" lon="15.29856488" >
      <name>rte1_1454</name>
      <ele>154.79</ele>
    </rtept>
    <rtept lat="45.54593041" lon="15.29853953" >
      <name>rte1_1455</name>
      <ele>154.79</ele>
    </rtept>
    <rtept lat="45.54597547" lon="15.29851415" >
      <name>rte1_1456</name>
      <ele>153.04</ele>
    </rtept>
    <rtept lat="45.54602502" lon="15.29848880" >
      <name>rte1_1457</name>
      <ele>153.04</ele>
    </rtept>
    <rtept lat="45.54607007" lon="15.29846984" >
      <name>rte1_1458</name>
      <ele>153.04</ele>
    </rtept>
    <rtept lat="45.54611963" lon="15.29844449" >
      <name>rte1_1459</name>
      <ele>153.04</ele>
    </rtept>
    <rtept lat="45.54616917" lon="15.29842554" >
      <name>rte1_1460</name>
      <ele>164.00</ele>
    </rtept>
    <rtept lat="45.54621871" lon="15.29840659" >
      <name>rte1_1461</name>
      <ele>159.68</ele>
    </rtept>
    <rtept lat="45.54626825" lon="15.29838765" >
      <name>rte1_1462</name>
      <ele>159.68</ele>
    </rtept>
    <rtept lat="45.54632227" lon="15.29837513" >
      <name>rte1_1463</name>
      <ele>159.68</ele>
    </rtept>
    <rtept lat="45.54637180" lon="15.29836259" >
      <name>rte1_1464</name>
      <ele>159.68</ele>
    </rtept>
    <rtept lat="45.54643032" lon="15.29835009" >
      <name>rte1_1465</name>
      <ele>156.60</ele>
    </rtept>
    <rtept lat="45.54648434" lon="15.29833757" >
      <name>rte1_1466</name>
      <ele>156.60</ele>
    </rtept>
    <rtept lat="45.54654287" lon="15.29832508" >
      <name>rte1_1467</name>
      <ele>156.60</ele>
    </rtept>
    <rtept lat="45.54660137" lon="15.29831899" >
      <name>rte1_1468</name>
      <ele>156.60</ele>
    </rtept>
    <rtept lat="45.54665988" lon="15.29831289" >
      <name>rte1_1469</name>
      <ele>152.21</ele>
    </rtept>
    <rtept lat="45.54672288" lon="15.29830683" >
      <name>rte1_1470</name>
      <ele>152.21</ele>
    </rtept>
    <rtept lat="45.54679037" lon="15.29830718" >
      <name>rte1_1471</name>
      <ele>152.21</ele>
    </rtept>
    <rtept lat="45.54697487" lon="15.29829536" >
      <name>rte1_1472</name>
      <ele>148.38</ele>
    </rtept>
    <rtept lat="45.54715935" lon="15.29828994" >
      <name>rte1_1473</name>
      <ele>148.87</ele>
    </rtept>
    <rtept lat="45.54733934" lon="15.29828449" >
      <name>rte1_1474</name>
      <ele>148.12</ele>
    </rtept>
    <rtept lat="45.54751032" lon="15.29827900" >
      <name>rte1_1475</name>
      <ele>148.12</ele>
    </rtept>
    <rtept lat="45.54768131" lon="15.29827351" >
      <name>rte1_1476</name>
      <ele>146.89</ele>
    </rtept>
    <rtept lat="45.54784331" lon="15.29826156" >
      <name>rte1_1477</name>
      <ele>148.57</ele>
    </rtept>
    <rtept lat="45.54800530" lon="15.29825602" >
      <name>rte1_1478</name>
      <ele>148.12</ele>
    </rtept>
    <rtept lat="45.54816278" lon="15.29825045" >
      <name>rte1_1479</name>
      <ele>148.12</ele>
    </rtept>
    <rtept lat="45.54831577" lon="15.29824486" >
      <name>rte1_1480</name>
      <ele>147.25</ele>
    </rtept>
    <rtept lat="45.54846876" lon="15.29823928" >
      <name>rte1_1481</name>
      <ele>145.00</ele>
    </rtept>
    <rtept lat="45.54861727" lon="15.29822726" >
      <name>rte1_1482</name>
      <ele>145.00</ele>
    </rtept>
    <rtept lat="45.54876576" lon="15.29822165" >
      <name>rte1_1483</name>
      <ele>151.30</ele>
    </rtept>
    <rtept lat="45.54890973" lon="15.29822241" >
      <name>rte1_1484</name>
      <ele>150.00</ele>
    </rtept>
    <rtept lat="45.54905822" lon="15.29821680" >
      <name>rte1_1485</name>
      <ele>150.00</ele>
    </rtept>
    <rtept lat="45.54920221" lon="15.29821116" >
      <name>rte1_1486</name>
      <ele>147.50</ele>
    </rtept>
    <rtept lat="45.54934618" lon="15.29821193" >
      <name>rte1_1487</name>
      <ele>145.00</ele>
    </rtept>
    <rtept lat="45.54949017" lon="15.29820629" >
      <name>rte1_1488</name>
      <ele>145.00</ele>
    </rtept>
    <rtept lat="45.54963414" lon="15.29820706" >
      <name>rte1_1489</name>
      <ele>146.89</ele>
    </rtept>
    <rtept lat="45.54977812" lon="15.29820782" >
      <name>rte1_1490</name>
      <ele>146.89</ele>
    </rtept>
    <rtept lat="45.54992209" lon="15.29820859" >
      <name>rte1_1491</name>
      <ele>146.76</ele>
    </rtept>
    <rtept lat="45.55007055" lon="15.29821578" >
      <name>rte1_1492</name>
      <ele>145.00</ele>
    </rtept>
    <rtept lat="45.55021902" lon="15.29821657" >
      <name>rte1_1493</name>
      <ele>145.00</ele>
    </rtept>
    <rtept lat="45.55037197" lon="15.29822379" >
      <name>rte1_1494</name>
      <ele>146.07</ele>
    </rtept>
    <rtept lat="45.55052493" lon="15.29823101" >
      <name>rte1_1495</name>
      <ele>146.62</ele>
    </rtept>
    <rtept lat="45.55068236" lon="15.29824465" >
      <name>rte1_1496</name>
      <ele>146.62</ele>
    </rtept>
    <rtept lat="45.55084432" lon="15.29825192" >
      <name>rte1_1497</name>
      <ele>145.00</ele>
    </rtept>
    <rtept lat="45.55100625" lon="15.29826559" >
      <name>rte1_1498</name>
      <ele>150.50</ele>
    </rtept>
    <rtept lat="45.55117717" lon="15.29828571" >
      <name>rte1_1499</name>
      <ele>145.00</ele>
    </rtept>
    <rtept lat="45.55134810" lon="15.29829942" >
      <name>rte1_1500</name>
      <ele>145.00</ele>
    </rtept>
    <rtept lat="45.55152352" lon="15.29831957" >
      <name>rte1_1501</name>
      <ele>146.96</ele>
    </rtept>
    <rtept lat="45.55170792" lon="15.29834617" >
      <name>rte1_1502</name>
      <ele>147.38</ele>
    </rtept>
    <rtept lat="45.55189682" lon="15.29837279" >
      <name>rte1_1503</name>
      <ele>145.00</ele>
    </rtept>
    <rtept lat="45.55197329" lon="15.29837960" >
      <name>rte1_1504</name>
      <ele>145.00</ele>
    </rtept>
    <rtept lat="45.55204974" lon="15.29839281" >
      <name>rte1_1505</name>
      <ele>145.00</ele>
    </rtept>
    <rtept lat="45.55212169" lon="15.29840600" >
      <name>rte1_1506</name>
      <ele>145.00</ele>
    </rtept>
    <rtept lat="45.55218916" lon="15.29841277" >
      <name>rte1_1507</name>
      <ele>145.00</ele>
    </rtept>
    <rtept lat="45.55225212" lon="15.29842591" >
      <name>rte1_1508</name>
      <ele>145.00</ele>
    </rtept>
    <rtept lat="45.55231507" lon="15.29843905" >
      <name>rte1_1509</name>
      <ele>145.00</ele>
    </rtept>
    <rtept lat="45.55237804" lon="15.29844579" >
      <name>rte1_1510</name>
      <ele>145.00</ele>
    </rtept>
    <rtept lat="45.55244100" lon="15.29845894" >
      <name>rte1_1511</name>
      <ele>145.00</ele>
    </rtept>
    <rtept lat="45.55250397" lon="15.29846568" >
      <name>rte1_1512</name>
      <ele>145.00</ele>
    </rtept>
    <rtept lat="45.55256694" lon="15.29847242" >
      <name>rte1_1513</name>
      <ele>145.00</ele>
    </rtept>
    <rtept lat="45.55262993" lon="15.29847275" >
      <name>rte1_1514</name>
      <ele>145.00</ele>
    </rtept>
    <rtept lat="45.55269290" lon="15.29847949" >
      <name>rte1_1515</name>
      <ele>145.00</ele>
    </rtept>
    <rtept lat="45.55276039" lon="15.29847985" >
      <name>rte1_1516</name>
      <ele>145.00</ele>
    </rtept>
    <rtept lat="45.55283239" lon="15.29847383" >
      <name>rte1_1517</name>
      <ele>145.00</ele>
    </rtept>
    <rtept lat="45.55290888" lon="15.29847424" >
      <name>rte1_1518</name>
      <ele>145.00</ele>
    </rtept>
    <rtept lat="45.55298988" lon="15.29846826" >
      <name>rte1_1519</name>
      <ele>145.00</ele>
    </rtept>
    <rtept lat="45.55306641" lon="15.29844946" >
      <name>rte1_1520</name>
      <ele>145.00</ele>
    </rtept>
    <rtept lat="45.55313847" lon="15.29842423" >
      <name>rte1_1521</name>
      <ele>145.00</ele>
    </rtept>
    <rtept lat="45.55321055" lon="15.29838619" >
      <name>rte1_1522</name>
      <ele>145.00</ele>
    </rtept>
    <rtept lat="45.55326918" lon="15.29833527" >
      <name>rte1_1523</name>
      <ele>145.00</ele>
    </rtept>
    <rtept lat="45.55332334" lon="15.29827151" >
      <name>rte1_1524</name>
      <ele>145.00</ele>
    </rtept>
    <rtept lat="45.55336405" lon="15.29818848" >
      <name>rte1_1525</name>
      <ele>145.00</ele>
    </rtept>
    <rtept lat="45.55339578" lon="15.29809899" >
      <name>rte1_1526</name>
      <ele>150.00</ele>
    </rtept>
    <rtept lat="45.55341854" lon="15.29799665" >
      <name>rte1_1527</name>
      <ele>150.00</ele>
    </rtept>
    <rtept lat="45.55342776" lon="15.29791344" >
      <name>rte1_1528</name>
      <ele>150.00</ele>
    </rtept>
    <rtept lat="45.55343698" lon="15.29783024" >
      <name>rte1_1529</name>
      <ele>150.00</ele>
    </rtept>
    <rtept lat="45.55344616" lon="15.29775984" >
      <name>rte1_1530</name>
      <ele>150.00</ele>
    </rtept>
    <rtept lat="45.55345536" lon="15.29768304" >
      <name>rte1_1531</name>
      <ele>150.00</ele>
    </rtept>
    <rtept lat="45.55346452" lon="15.29761905" >
      <name>rte1_1532</name>
      <ele>150.00</ele>
    </rtept>
    <rtept lat="45.55347371" lon="15.29754866" >
      <name>rte1_1533</name>
      <ele>150.00</ele>
    </rtept>
    <rtept lat="45.55348287" lon="15.29748466" >
      <name>rte1_1534</name>
      <ele>160.00</ele>
    </rtept>
    <rtept lat="45.55349204" lon="15.29742067" >
      <name>rte1_1535</name>
      <ele>160.00</ele>
    </rtept>
    <rtept lat="45.55350570" lon="15.29735670" >
      <name>rte1_1536</name>
      <ele>160.00</ele>
    </rtept>
    <rtept lat="45.55351487" lon="15.29729271" >
      <name>rte1_1537</name>
      <ele>160.00</ele>
    </rtept>
    <rtept lat="45.55352854" lon="15.29722874" >
      <name>rte1_1538</name>
      <ele>160.00</ele>
    </rtept>
    <rtept lat="45.55354222" lon="15.29715837" >
      <name>rte1_1539</name>
      <ele>160.00</ele>
    </rtept>
    <rtept lat="45.55356038" lon="15.29709443" >
      <name>rte1_1540</name>
      <ele>160.00</ele>
    </rtept>
    <rtept lat="45.55357856" lon="15.29702408" >
      <name>rte1_1541</name>
      <ele>160.00</ele>
    </rtept>
    <rtept lat="45.55359676" lon="15.29694733" >
      <name>rte1_1542</name>
      <ele>160.00</ele>
    </rtept>
    <rtept lat="45.55361944" lon="15.29687700" >
      <name>rte1_1543</name>
      <ele>160.00</ele>
    </rtept>
  </rte>
</gpx>
