<?xml version="1.0" encoding="UTF-8" standalone="no" ?>
<gpx xmlns="http://www.topografix.com/GPX/1/1"
creator="OCAD 2020.5.5.3227" version="1.1"
xmlns:xsi="http://www.w3.org/2001/XMLSchema-instance" 
xsi:schemaLocation="http://www.topografix.com/GPX/1/1 
http://www.topografix.com/GPX/1/1/gpx.xsd">

  <metadata>
    <name>Z:\PROJEKTI\druge_pogodbe\bela krajina pohodna\paket za splet\Bela krajina pohodne poti - pot 14 - pastirska pot.gpx</name>
    <desc>Bela krajina - pohodna pot 14 - pastirska pot</desc>
    <author><name>Kartografija d.o.o.</name></author>
    <link href="http://www.ocad.com">
      <text>OCAD AG</text>
    </link>
    <time>2020-11-05T09:52:08</time>
    <bounds maxlat="45.86687249" maxlon="15.60571704" minlat="45.32979540" minlon="14.93303760"/>
  </metadata>

  <rte>
    <name>rte1</name>
    <cmt>pohodne poti za izris profilov</cmt>
    <rtept lat="45.62171101" lon="15.10751248" >
      <name>rte1_0</name>
      <ele>740.00</ele>
    </rtept>
    <rtept lat="45.62135542" lon="15.10767209" >
      <name>rte1_1</name>
      <ele>740.00</ele>
    </rtept>
    <rtept lat="45.62101364" lon="15.10751113" >
      <name>rte1_2</name>
      <ele>740.00</ele>
    </rtept>
    <rtept lat="45.62070369" lon="15.10699118" >
      <name>rte1_3</name>
      <ele>740.00</ele>
    </rtept>
    <rtept lat="45.62067228" lon="15.10690776" >
      <name>rte1_4</name>
      <ele>740.00</ele>
    </rtept>
    <rtept lat="45.62064987" lon="15.10681796" >
      <name>rte1_5</name>
      <ele>740.00</ele>
    </rtept>
    <rtept lat="45.62063196" lon="15.10672816" >
      <name>rte1_6</name>
      <ele>740.00</ele>
    </rtept>
    <rtept lat="45.62062305" lon="15.10663197" >
      <name>rte1_7</name>
      <ele>740.00</ele>
    </rtept>
    <rtept lat="45.62061414" lon="15.10653577" >
      <name>rte1_8</name>
      <ele>740.00</ele>
    </rtept>
    <rtept lat="45.62060974" lon="15.10643318" >
      <name>rte1_9</name>
      <ele>740.00</ele>
    </rtept>
    <rtept lat="45.62061434" lon="15.10633060" >
      <name>rte1_10</name>
      <ele>740.00</ele>
    </rtept>
    <rtept lat="45.62062344" lon="15.10622162" >
      <name>rte1_11</name>
      <ele>740.00</ele>
    </rtept>
    <rtept lat="45.62065500" lon="15.10615115" >
      <name>rte1_12</name>
      <ele>740.00</ele>
    </rtept>
    <rtept lat="45.62068655" lon="15.10608709" >
      <name>rte1_13</name>
      <ele>740.00</ele>
    </rtept>
    <rtept lat="45.62071810" lon="15.10602945" >
      <name>rte1_14</name>
      <ele>740.00</ele>
    </rtept>
    <rtept lat="45.62074065" lon="15.10597179" >
      <name>rte1_15</name>
      <ele>740.00</ele>
    </rtept>
    <rtept lat="45.62078575" lon="15.10586287" >
      <name>rte1_16</name>
      <ele>740.00</ele>
    </rtept>
    <rtept lat="45.62082184" lon="15.10575394" >
      <name>rte1_17</name>
      <ele>743.70</ele>
    </rtept>
    <rtept lat="45.62085344" lon="15.10564500" >
      <name>rte1_18</name>
      <ele>743.70</ele>
    </rtept>
    <rtept lat="45.62088504" lon="15.10552965" >
      <name>rte1_19</name>
      <ele>743.70</ele>
    </rtept>
    <rtept lat="45.62090310" lon="15.10546557" >
      <name>rte1_20</name>
      <ele>746.30</ele>
    </rtept>
    <rtept lat="45.62092116" lon="15.10540149" >
      <name>rte1_21</name>
      <ele>746.30</ele>
    </rtept>
    <rtept lat="45.62094372" lon="15.10532459" >
      <name>rte1_22</name>
      <ele>746.30</ele>
    </rtept>
    <rtept lat="45.62096629" lon="15.10525410" >
      <name>rte1_23</name>
      <ele>746.30</ele>
    </rtept>
    <rtept lat="45.62098887" lon="15.10515797" >
      <name>rte1_24</name>
      <ele>750.00</ele>
    </rtept>
    <rtept lat="45.62100695" lon="15.10507465" >
      <name>rte1_25</name>
      <ele>750.00</ele>
    </rtept>
    <rtept lat="45.62102052" lon="15.10499774" >
      <name>rte1_26</name>
      <ele>750.00</ele>
    </rtept>
    <rtept lat="45.62102958" lon="15.10492723" >
      <name>rte1_27</name>
      <ele>750.00</ele>
    </rtept>
    <rtept lat="45.62103414" lon="15.10485670" >
      <name>rte1_28</name>
      <ele>753.87</ele>
    </rtept>
    <rtept lat="45.62103422" lon="15.10477976" >
      <name>rte1_29</name>
      <ele>753.87</ele>
    </rtept>
    <rtept lat="45.62102979" lon="15.10469640" >
      <name>rte1_30</name>
      <ele>753.87</ele>
    </rtept>
    <rtept lat="45.62102089" lon="15.10460021" >
      <name>rte1_31</name>
      <ele>753.87</ele>
    </rtept>
    <rtept lat="45.62100299" lon="15.10449118" >
      <name>rte1_32</name>
      <ele>760.00</ele>
    </rtept>
    <rtept lat="45.62099408" lon="15.10440139" >
      <name>rte1_33</name>
      <ele>760.00</ele>
    </rtept>
    <rtept lat="45.62098065" lon="15.10432443" >
      <name>rte1_34</name>
      <ele>751.49</ele>
    </rtept>
    <rtept lat="45.62096722" lon="15.10424746" >
      <name>rte1_35</name>
      <ele>751.49</ele>
    </rtept>
    <rtept lat="45.62095380" lon="15.10417050" >
      <name>rte1_36</name>
      <ele>757.07</ele>
    </rtept>
    <rtept lat="45.62093588" lon="15.10408711" >
      <name>rte1_37</name>
      <ele>757.07</ele>
    </rtept>
    <rtept lat="45.62091346" lon="15.10400371" >
      <name>rte1_38</name>
      <ele>757.07</ele>
    </rtept>
    <rtept lat="45.62089105" lon="15.10391391" >
      <name>rte1_39</name>
      <ele>757.07</ele>
    </rtept>
    <rtept lat="45.62086862" lon="15.10384334" >
      <name>rte1_40</name>
      <ele>765.00</ele>
    </rtept>
    <rtept lat="45.62085518" lon="15.10377919" >
      <name>rte1_41</name>
      <ele>765.00</ele>
    </rtept>
    <rtept lat="45.62083280" lon="15.10365733" >
      <name>rte1_42</name>
      <ele>765.00</ele>
    </rtept>
    <rtept lat="45.62081936" lon="15.10359319" >
      <name>rte1_43</name>
      <ele>765.00</ele>
    </rtept>
    <rtept lat="45.62081042" lon="15.10352905" >
      <name>rte1_44</name>
      <ele>769.58</ele>
    </rtept>
    <rtept lat="45.62079698" lon="15.10346491" >
      <name>rte1_45</name>
      <ele>769.58</ele>
    </rtept>
    <rtept lat="45.62078804" lon="15.10340078" >
      <name>rte1_46</name>
      <ele>769.58</ele>
    </rtept>
    <rtept lat="45.62076565" lon="15.10328532" >
      <name>rte1_47</name>
      <ele>763.06</ele>
    </rtept>
    <rtept lat="45.62076125" lon="15.10317632" >
      <name>rte1_48</name>
      <ele>765.61</ele>
    </rtept>
    <rtept lat="45.62076134" lon="15.10308014" >
      <name>rte1_49</name>
      <ele>765.61</ele>
    </rtept>
    <rtept lat="45.62076593" lon="15.10298397" >
      <name>rte1_50</name>
      <ele>765.61</ele>
    </rtept>
    <rtept lat="45.62076602" lon="15.10288780" >
      <name>rte1_51</name>
      <ele>776.67</ele>
    </rtept>
    <rtept lat="45.62076161" lon="15.10279161" >
      <name>rte1_52</name>
      <ele>776.67</ele>
    </rtept>
    <rtept lat="45.62074820" lon="15.10269541" >
      <name>rte1_53</name>
      <ele>776.67</ele>
    </rtept>
    <rtept lat="45.62072129" lon="15.10259278" >
      <name>rte1_54</name>
      <ele>784.50</ele>
    </rtept>
    <rtept lat="45.62068087" lon="15.10251576" >
      <name>rte1_55</name>
      <ele>784.50</ele>
    </rtept>
    <rtept lat="45.62063142" lon="15.10247720" >
      <name>rte1_56</name>
      <ele>784.50</ele>
    </rtept>
    <rtept lat="45.62057294" lon="15.10246427" >
      <name>rte1_57</name>
      <ele>784.50</ele>
    </rtept>
    <rtept lat="45.62050996" lon="15.10245774" >
      <name>rte1_58</name>
      <ele>779.87</ele>
    </rtept>
    <rtept lat="45.62044247" lon="15.10245761" >
      <name>rte1_59</name>
      <ele>779.87</ele>
    </rtept>
    <rtept lat="45.62037949" lon="15.10245109" >
      <name>rte1_60</name>
      <ele>779.87</ele>
    </rtept>
    <rtept lat="45.62032102" lon="15.10242533" >
      <name>rte1_61</name>
      <ele>779.87</ele>
    </rtept>
    <rtept lat="45.62027158" lon="15.10237395" >
      <name>rte1_62</name>
      <ele>776.05</ele>
    </rtept>
    <rtept lat="45.62022216" lon="15.10229691" >
      <name>rte1_63</name>
      <ele>782.00</ele>
    </rtept>
    <rtept lat="45.62018623" lon="15.10221991" >
      <name>rte1_64</name>
      <ele>782.00</ele>
    </rtept>
    <rtept lat="45.62015930" lon="15.10214933" >
      <name>rte1_65</name>
      <ele>782.00</ele>
    </rtept>
    <rtept lat="45.62013688" lon="15.10207235" >
      <name>rte1_66</name>
      <ele>782.00</ele>
    </rtept>
    <rtept lat="45.62011895" lon="15.10200179" >
      <name>rte1_67</name>
      <ele>782.00</ele>
    </rtept>
    <rtept lat="45.62011002" lon="15.10192483" >
      <name>rte1_68</name>
      <ele>790.00</ele>
    </rtept>
    <rtept lat="45.62009660" lon="15.10184145" >
      <name>rte1_69</name>
      <ele>790.00</ele>
    </rtept>
    <rtept lat="45.62009217" lon="15.10176451" >
      <name>rte1_70</name>
      <ele>780.00</ele>
    </rtept>
    <rtept lat="45.62014188" lon="15.10152096" >
      <name>rte1_71</name>
      <ele>800.00</ele>
    </rtept>
    <rtept lat="45.62020947" lon="15.10140567" >
      <name>rte1_72</name>
      <ele>800.00</ele>
    </rtept>
    <rtept lat="45.62020956" lon="15.10130308" >
      <name>rte1_73</name>
      <ele>800.00</ele>
    </rtept>
    <rtept lat="45.62020514" lon="15.10121331" >
      <name>rte1_74</name>
      <ele>800.00</ele>
    </rtept>
    <rtept lat="45.62019622" lon="15.10112995" >
      <name>rte1_75</name>
      <ele>800.00</ele>
    </rtept>
    <rtept lat="45.62018730" lon="15.10104658" >
      <name>rte1_76</name>
      <ele>800.00</ele>
    </rtept>
    <rtept lat="45.62017837" lon="15.10096321" >
      <name>rte1_77</name>
      <ele>800.00</ele>
    </rtept>
    <rtept lat="45.62017845" lon="15.10087986" >
      <name>rte1_78</name>
      <ele>800.00</ele>
    </rtept>
    <rtept lat="45.62018752" lon="15.10079652" >
      <name>rte1_79</name>
      <ele>800.00</ele>
    </rtept>
    <rtept lat="45.62020560" lon="15.10070679" >
      <name>rte1_80</name>
      <ele>800.00</ele>
    </rtept>
    <rtept lat="45.62021916" lon="15.10063629" >
      <name>rte1_81</name>
      <ele>800.00</ele>
    </rtept>
    <rtept lat="45.62023722" lon="15.10056579" >
      <name>rte1_82</name>
      <ele>800.00</ele>
    </rtept>
    <rtept lat="45.62025527" lon="15.10050171" >
      <name>rte1_83</name>
      <ele>800.00</ele>
    </rtept>
    <rtept lat="45.62027332" lon="15.10044404" >
      <name>rte1_84</name>
      <ele>800.00</ele>
    </rtept>
    <rtept lat="45.62029138" lon="15.10037995" >
      <name>rte1_85</name>
      <ele>803.08</ele>
    </rtept>
    <rtept lat="45.62030942" lon="15.10032228" >
      <name>rte1_86</name>
      <ele>803.08</ele>
    </rtept>
    <rtept lat="45.62035001" lon="15.10021336" >
      <name>rte1_87</name>
      <ele>810.00</ele>
    </rtept>
    <rtept lat="45.62038611" lon="15.10010442" >
      <name>rte1_88</name>
      <ele>810.00</ele>
    </rtept>
    <rtept lat="45.62042668" lon="15.10000832" >
      <name>rte1_89</name>
      <ele>810.00</ele>
    </rtept>
    <rtept lat="45.62046277" lon="15.09990580" >
      <name>rte1_90</name>
      <ele>810.00</ele>
    </rtept>
    <rtept lat="45.62050335" lon="15.09980970" >
      <name>rte1_91</name>
      <ele>810.00</ele>
    </rtept>
    <rtept lat="45.62053942" lon="15.09971359" >
      <name>rte1_92</name>
      <ele>810.00</ele>
    </rtept>
    <rtept lat="45.62058001" lon="15.09961108" >
      <name>rte1_93</name>
      <ele>820.00</ele>
    </rtept>
    <rtept lat="45.62061609" lon="15.09950855" >
      <name>rte1_94</name>
      <ele>820.00</ele>
    </rtept>
    <rtept lat="45.62064768" lon="15.09940602" >
      <name>rte1_95</name>
      <ele>820.00</ele>
    </rtept>
    <rtept lat="45.62067927" lon="15.09929067" >
      <name>rte1_96</name>
      <ele>820.00</ele>
    </rtept>
    <rtept lat="45.62071087" lon="15.09917532" >
      <name>rte1_97</name>
      <ele>820.00</ele>
    </rtept>
    <rtept lat="45.62072442" lon="15.09911122" >
      <name>rte1_98</name>
      <ele>820.00</ele>
    </rtept>
    <rtept lat="45.62073798" lon="15.09904713" >
      <name>rte1_99</name>
      <ele>822.63</ele>
    </rtept>
    <rtept lat="45.62075154" lon="15.09897663" >
      <name>rte1_100</name>
      <ele>822.63</ele>
    </rtept>
    <rtept lat="45.62076509" lon="15.09891253" >
      <name>rte1_101</name>
      <ele>822.63</ele>
    </rtept>
    <rtept lat="45.62077418" lon="15.09881637" >
      <name>rte1_102</name>
      <ele>830.44</ele>
    </rtept>
    <rtept lat="45.62077425" lon="15.09873302" >
      <name>rte1_103</name>
      <ele>834.58</ele>
    </rtept>
    <rtept lat="45.62076532" lon="15.09865606" >
      <name>rte1_104</name>
      <ele>829.57</ele>
    </rtept>
    <rtept lat="45.62075189" lon="15.09857910" >
      <name>rte1_105</name>
      <ele>829.57</ele>
    </rtept>
    <rtept lat="45.62072945" lon="15.09850853" >
      <name>rte1_106</name>
      <ele>829.57</ele>
    </rtept>
    <rtept lat="45.62069802" lon="15.09844436" >
      <name>rte1_107</name>
      <ele>835.52</ele>
    </rtept>
    <rtept lat="45.62065758" lon="15.09838658" >
      <name>rte1_108</name>
      <ele>835.52</ele>
    </rtept>
    <rtept lat="45.62061263" lon="15.09833521" >
      <name>rte1_109</name>
      <ele>835.52</ele>
    </rtept>
    <rtept lat="45.62040153" lon="15.09791807" >
      <name>rte1_110</name>
      <ele>839.11</ele>
    </rtept>
    <rtept lat="45.62041060" lon="15.09783474" >
      <name>rte1_111</name>
      <ele>839.11</ele>
    </rtept>
    <rtept lat="45.62042416" lon="15.09776423" >
      <name>rte1_112</name>
      <ele>841.41</ele>
    </rtept>
    <rtept lat="45.62063134" lon="15.09752095" >
      <name>rte1_113</name>
      <ele>845.00</ele>
    </rtept>
    <rtept lat="45.62066737" lon="15.09747614" >
      <name>rte1_114</name>
      <ele>843.67</ele>
    </rtept>
    <rtept lat="45.62070340" lon="15.09743132" >
      <name>rte1_115</name>
      <ele>843.67</ele>
    </rtept>
    <rtept lat="45.62073494" lon="15.09738008" >
      <name>rte1_116</name>
      <ele>843.67</ele>
    </rtept>
    <rtept lat="45.62076647" lon="15.09733525" >
      <name>rte1_117</name>
      <ele>843.67</ele>
    </rtept>
    <rtept lat="45.62080251" lon="15.09728402" >
      <name>rte1_118</name>
      <ele>843.16</ele>
    </rtept>
    <rtept lat="45.62083404" lon="15.09723920" >
      <name>rte1_119</name>
      <ele>843.16</ele>
    </rtept>
    <rtept lat="45.62086558" lon="15.09718796" >
      <name>rte1_120</name>
      <ele>843.16</ele>
    </rtept>
    <rtept lat="45.62090161" lon="15.09714314" >
      <name>rte1_121</name>
      <ele>839.31</ele>
    </rtept>
    <rtept lat="45.62093315" lon="15.09709190" >
      <name>rte1_122</name>
      <ele>839.31</ele>
    </rtept>
    <rtept lat="45.62096919" lon="15.09704067" >
      <name>rte1_123</name>
      <ele>839.31</ele>
    </rtept>
    <rtept lat="45.62100522" lon="15.09699585" >
      <name>rte1_124</name>
      <ele>844.68</ele>
    </rtept>
    <rtept lat="45.62104576" lon="15.09694463" >
      <name>rte1_125</name>
      <ele>844.68</ele>
    </rtept>
    <rtept lat="45.62109079" lon="15.09689983" >
      <name>rte1_126</name>
      <ele>844.68</ele>
    </rtept>
    <rtept lat="45.62113583" lon="15.09684861" >
      <name>rte1_127</name>
      <ele>839.77</ele>
    </rtept>
    <rtept lat="45.62118536" lon="15.09680381" >
      <name>rte1_128</name>
      <ele>839.77</ele>
    </rtept>
    <rtept lat="45.62123938" lon="15.09676544" >
      <name>rte1_129</name>
      <ele>844.67</ele>
    </rtept>
    <rtept lat="45.62128891" lon="15.09671423" >
      <name>rte1_130</name>
      <ele>844.67</ele>
    </rtept>
    <rtept lat="45.62133844" lon="15.09666944" >
      <name>rte1_131</name>
      <ele>844.67</ele>
    </rtept>
    <rtept lat="45.62138348" lon="15.09661822" >
      <name>rte1_132</name>
      <ele>844.67</ele>
    </rtept>
    <rtept lat="45.62142851" lon="15.09656700" >
      <name>rte1_133</name>
      <ele>844.67</ele>
    </rtept>
    <rtept lat="45.62146456" lon="15.09650936" >
      <name>rte1_134</name>
      <ele>844.67</ele>
    </rtept>
    <rtept lat="45.62150060" lon="15.09645813" >
      <name>rte1_135</name>
      <ele>844.67</ele>
    </rtept>
    <rtept lat="45.62153214" lon="15.09640048" >
      <name>rte1_136</name>
      <ele>844.67</ele>
    </rtept>
    <rtept lat="45.62156369" lon="15.09633642" >
      <name>rte1_137</name>
      <ele>844.67</ele>
    </rtept>
    <rtept lat="45.62159073" lon="15.09627876" >
      <name>rte1_138</name>
      <ele>844.67</ele>
    </rtept>
    <rtept lat="45.62161328" lon="15.09621468" >
      <name>rte1_139</name>
      <ele>840.36</ele>
    </rtept>
    <rtept lat="45.62163583" lon="15.09615060" >
      <name>rte1_140</name>
      <ele>840.36</ele>
    </rtept>
    <rtept lat="45.62165839" lon="15.09608652" >
      <name>rte1_141</name>
      <ele>840.36</ele>
    </rtept>
    <rtept lat="45.62167644" lon="15.09602243" >
      <name>rte1_142</name>
      <ele>846.85</ele>
    </rtept>
    <rtept lat="45.62169449" lon="15.09595193" >
      <name>rte1_143</name>
      <ele>846.85</ele>
    </rtept>
    <rtept lat="45.62171255" lon="15.09588144" >
      <name>rte1_144</name>
      <ele>842.67</ele>
    </rtept>
    <rtept lat="45.62172611" lon="15.09581093" >
      <name>rte1_145</name>
      <ele>842.67</ele>
    </rtept>
    <rtept lat="45.62174417" lon="15.09574043" >
      <name>rte1_146</name>
      <ele>842.67</ele>
    </rtept>
    <rtept lat="45.62175772" lon="15.09566992" >
      <name>rte1_147</name>
      <ele>842.67</ele>
    </rtept>
    <rtept lat="45.62177128" lon="15.09559942" >
      <name>rte1_148</name>
      <ele>842.67</ele>
    </rtept>
    <rtept lat="45.62178484" lon="15.09552250" >
      <name>rte1_149</name>
      <ele>840.00</ele>
    </rtept>
    <rtept lat="45.62180290" lon="15.09545200" >
      <name>rte1_150</name>
      <ele>840.00</ele>
    </rtept>
    <rtept lat="45.62181646" lon="15.09537508" >
      <name>rte1_151</name>
      <ele>840.00</ele>
    </rtept>
    <rtept lat="45.62183453" lon="15.09529817" >
      <name>rte1_152</name>
      <ele>840.00</ele>
    </rtept>
    <rtept lat="45.62184809" lon="15.09522125" >
      <name>rte1_153</name>
      <ele>840.00</ele>
    </rtept>
    <rtept lat="45.62186615" lon="15.09515075" >
      <name>rte1_154</name>
      <ele>840.00</ele>
    </rtept>
    <rtept lat="45.62188871" lon="15.09507385" >
      <name>rte1_155</name>
      <ele>840.00</ele>
    </rtept>
    <rtept lat="45.62190677" lon="15.09499694" >
      <name>rte1_156</name>
      <ele>840.00</ele>
    </rtept>
    <rtept lat="45.62193383" lon="15.09492004" >
      <name>rte1_157</name>
      <ele>837.95</ele>
    </rtept>
    <rtept lat="45.62195639" lon="15.09484314" >
      <name>rte1_158</name>
      <ele>837.95</ele>
    </rtept>
    <rtept lat="45.62198345" lon="15.09476624" >
      <name>rte1_159</name>
      <ele>837.95</ele>
    </rtept>
    <rtept lat="45.62201501" lon="15.09468936" >
      <name>rte1_160</name>
      <ele>837.95</ele>
    </rtept>
    <rtept lat="45.62205107" lon="15.09461248" >
      <name>rte1_161</name>
      <ele>831.17</ele>
    </rtept>
    <rtept lat="45.62207812" lon="15.09454840" >
      <name>rte1_162</name>
      <ele>831.17</ele>
    </rtept>
    <rtept lat="45.62210066" lon="15.09449073" >
      <name>rte1_163</name>
      <ele>831.17</ele>
    </rtept>
    <rtept lat="45.62212770" lon="15.09443307" >
      <name>rte1_164</name>
      <ele>838.82</ele>
    </rtept>
    <rtept lat="45.62215025" lon="15.09437541" >
      <name>rte1_165</name>
      <ele>838.82</ele>
    </rtept>
    <rtept lat="45.62217729" lon="15.09432416" >
      <name>rte1_166</name>
      <ele>838.82</ele>
    </rtept>
    <rtept lat="45.62219983" lon="15.09426649" >
      <name>rte1_167</name>
      <ele>832.89</ele>
    </rtept>
    <rtept lat="45.62224491" lon="15.09416398" >
      <name>rte1_168</name>
      <ele>832.89</ele>
    </rtept>
    <rtept lat="45.62228998" lon="15.09406787" >
      <name>rte1_169</name>
      <ele>832.89</ele>
    </rtept>
    <rtept lat="45.62233505" lon="15.09397177" >
      <name>rte1_170</name>
      <ele>826.91</ele>
    </rtept>
    <rtept lat="45.62238012" lon="15.09388208" >
      <name>rte1_171</name>
      <ele>832.44</ele>
    </rtept>
    <rtept lat="45.62242519" lon="15.09379239" >
      <name>rte1_172</name>
      <ele>832.44</ele>
    </rtept>
    <rtept lat="45.62247025" lon="15.09370270" >
      <name>rte1_173</name>
      <ele>832.44</ele>
    </rtept>
    <rtept lat="45.62251981" lon="15.09361943" >
      <name>rte1_174</name>
      <ele>828.06</ele>
    </rtept>
    <rtept lat="45.62257388" lon="15.09352976" >
      <name>rte1_175</name>
      <ele>828.06</ele>
    </rtept>
    <rtept lat="45.62262794" lon="15.09344649" >
      <name>rte1_176</name>
      <ele>832.94</ele>
    </rtept>
    <rtept lat="45.62268200" lon="15.09335682" >
      <name>rte1_177</name>
      <ele>832.94</ele>
    </rtept>
    <rtept lat="45.62271353" lon="15.09331199" >
      <name>rte1_178</name>
      <ele>830.00</ele>
    </rtept>
    <rtept lat="45.62274507" lon="15.09326075" >
      <name>rte1_179</name>
      <ele>830.00</ele>
    </rtept>
    <rtept lat="45.62278110" lon="15.09321592" >
      <name>rte1_180</name>
      <ele>830.00</ele>
    </rtept>
    <rtept lat="45.62281263" lon="15.09317109" >
      <name>rte1_181</name>
      <ele>836.00</ele>
    </rtept>
    <rtept lat="45.62284867" lon="15.09311986" >
      <name>rte1_182</name>
      <ele>836.00</ele>
    </rtept>
    <rtept lat="45.62288920" lon="15.09307504" >
      <name>rte1_183</name>
      <ele>836.00</ele>
    </rtept>
    <rtept lat="45.62293875" lon="15.09300459" >
      <name>rte1_184</name>
      <ele>835.00</ele>
    </rtept>
    <rtept lat="45.62298829" lon="15.09294056" >
      <name>rte1_185</name>
      <ele>835.00</ele>
    </rtept>
    <rtept lat="45.62303783" lon="15.09288293" >
      <name>rte1_186</name>
      <ele>840.00</ele>
    </rtept>
    <rtept lat="45.62308287" lon="15.09282530" >
      <name>rte1_187</name>
      <ele>840.00</ele>
    </rtept>
    <rtept lat="45.62313240" lon="15.09277409" >
      <name>rte1_188</name>
      <ele>840.00</ele>
    </rtept>
    <rtept lat="45.62318194" lon="15.09272288" >
      <name>rte1_189</name>
      <ele>840.00</ele>
    </rtept>
    <rtept lat="45.62322697" lon="15.09267166" >
      <name>rte1_190</name>
      <ele>840.00</ele>
    </rtept>
    <rtept lat="45.62327650" lon="15.09262686" >
      <name>rte1_191</name>
      <ele>840.00</ele>
    </rtept>
    <rtept lat="45.62332153" lon="15.09258205" >
      <name>rte1_192</name>
      <ele>840.00</ele>
    </rtept>
    <rtept lat="45.62337105" lon="15.09254366" >
      <name>rte1_193</name>
      <ele>840.00</ele>
    </rtept>
    <rtept lat="45.62341608" lon="15.09249885" >
      <name>rte1_194</name>
      <ele>840.00</ele>
    </rtept>
    <rtept lat="45.62346560" lon="15.09246046" >
      <name>rte1_195</name>
      <ele>840.00</ele>
    </rtept>
    <rtept lat="45.62351062" lon="15.09242206" >
      <name>rte1_196</name>
      <ele>850.00</ele>
    </rtept>
    <rtept lat="45.62355564" lon="15.09239008" >
      <name>rte1_197</name>
      <ele>850.00</ele>
    </rtept>
    <rtept lat="45.62360516" lon="15.09235169" >
      <name>rte1_198</name>
      <ele>844.30</ele>
    </rtept>
    <rtept lat="45.62365019" lon="15.09231329" >
      <name>rte1_199</name>
      <ele>844.30</ele>
    </rtept>
    <rtept lat="45.62369971" lon="15.09228132" >
      <name>rte1_200</name>
      <ele>844.30</ele>
    </rtept>
    <rtept lat="45.62374473" lon="15.09224292" >
      <name>rte1_201</name>
      <ele>850.00</ele>
    </rtept>
    <rtept lat="45.62379425" lon="15.09221094" >
      <name>rte1_202</name>
      <ele>850.00</ele>
    </rtept>
    <rtept lat="45.62384377" lon="15.09217255" >
      <name>rte1_203</name>
      <ele>850.00</ele>
    </rtept>
    <rtept lat="45.62388879" lon="15.09213415" >
      <name>rte1_204</name>
      <ele>850.00</ele>
    </rtept>
    <rtept lat="45.62393831" lon="15.09210218" >
      <name>rte1_205</name>
      <ele>852.16</ele>
    </rtept>
    <rtept lat="45.62398783" lon="15.09206379" >
      <name>rte1_206</name>
      <ele>852.16</ele>
    </rtept>
    <rtept lat="45.62403736" lon="15.09201899" >
      <name>rte1_207</name>
      <ele>850.00</ele>
    </rtept>
    <rtept lat="45.62408688" lon="15.09198060" >
      <name>rte1_208</name>
      <ele>850.00</ele>
    </rtept>
    <rtept lat="45.62414091" lon="15.09193580" >
      <name>rte1_209</name>
      <ele>850.00</ele>
    </rtept>
    <rtept lat="45.62419044" lon="15.09189100" >
      <name>rte1_210</name>
      <ele>854.09</ele>
    </rtept>
    <rtept lat="45.62424446" lon="15.09184620" >
      <name>rte1_211</name>
      <ele>854.09</ele>
    </rtept>
    <rtept lat="45.62429849" lon="15.09179500" >
      <name>rte1_212</name>
      <ele>854.09</ele>
    </rtept>
    <rtept lat="45.62435253" lon="15.09174379" >
      <name>rte1_213</name>
      <ele>854.09</ele>
    </rtept>
    <rtept lat="45.62440656" lon="15.09169258" >
      <name>rte1_214</name>
      <ele>860.00</ele>
    </rtept>
    <rtept lat="45.62446509" lon="15.09163497" >
      <name>rte1_215</name>
      <ele>860.00</ele>
    </rtept>
    <rtept lat="45.62451014" lon="15.09157092" >
      <name>rte1_216</name>
      <ele>860.00</ele>
    </rtept>
    <rtept lat="45.62454168" lon="15.09150686" >
      <name>rte1_217</name>
      <ele>860.00</ele>
    </rtept>
    <rtept lat="45.62456874" lon="15.09143637" >
      <name>rte1_218</name>
      <ele>860.00</ele>
    </rtept>
    <rtept lat="45.62459129" lon="15.09136587" >
      <name>rte1_219</name>
      <ele>860.00</ele>
    </rtept>
    <rtept lat="45.62461384" lon="15.09130179" >
      <name>rte1_220</name>
      <ele>860.00</ele>
    </rtept>
    <rtept lat="45.62464089" lon="15.09123130" >
      <name>rte1_221</name>
      <ele>860.00</ele>
    </rtept>
    <rtept lat="45.62468143" lon="15.09117365" >
      <name>rte1_222</name>
      <ele>860.00</ele>
    </rtept>
    <rtept lat="45.62473546" lon="15.09112886" >
      <name>rte1_223</name>
      <ele>860.00</ele>
    </rtept>
    <rtept lat="45.62479399" lon="15.09107125" >
      <name>rte1_224</name>
      <ele>860.00</ele>
    </rtept>
    <rtept lat="45.62485252" lon="15.09102646" >
      <name>rte1_225</name>
      <ele>860.00</ele>
    </rtept>
    <rtept lat="45.62490654" lon="15.09098807" >
      <name>rte1_226</name>
      <ele>860.00</ele>
    </rtept>
    <rtept lat="45.62496056" lon="15.09095610" >
      <name>rte1_227</name>
      <ele>860.00</ele>
    </rtept>
    <rtept lat="45.62501457" lon="15.09092413" >
      <name>rte1_228</name>
      <ele>860.00</ele>
    </rtept>
    <rtept lat="45.62507309" lon="15.09089217" >
      <name>rte1_229</name>
      <ele>865.97</ele>
    </rtept>
    <rtept lat="45.62513610" lon="15.09086662" >
      <name>rte1_230</name>
      <ele>865.97</ele>
    </rtept>
    <rtept lat="45.62520810" lon="15.09084109" >
      <name>rte1_231</name>
      <ele>865.97</ele>
    </rtept>
    <rtept lat="45.62528461" lon="15.09081557" >
      <name>rte1_232</name>
      <ele>870.00</ele>
    </rtept>
    <rtept lat="45.62536111" lon="15.09080287" >
      <name>rte1_233</name>
      <ele>870.00</ele>
    </rtept>
    <rtept lat="45.62543309" lon="15.09080299" >
      <name>rte1_234</name>
      <ele>870.00</ele>
    </rtept>
    <rtept lat="45.62550507" lon="15.09080952" >
      <name>rte1_235</name>
      <ele>875.00</ele>
    </rtept>
    <rtept lat="45.62557706" lon="15.09080964" >
      <name>rte1_236</name>
      <ele>875.00</ele>
    </rtept>
    <rtept lat="45.62564456" lon="15.09079692" >
      <name>rte1_237</name>
      <ele>875.00</ele>
    </rtept>
    <rtept lat="45.62571657" lon="15.09076498" >
      <name>rte1_238</name>
      <ele>874.30</ele>
    </rtept>
    <rtept lat="45.62579310" lon="15.09071381" >
      <name>rte1_239</name>
      <ele>877.10</ele>
    </rtept>
    <rtept lat="45.62585614" lon="15.09064979" >
      <name>rte1_240</name>
      <ele>877.10</ele>
    </rtept>
    <rtept lat="45.62591467" lon="15.09059859" >
      <name>rte1_241</name>
      <ele>877.10</ele>
    </rtept>
    <rtept lat="45.62597320" lon="15.09054738" >
      <name>rte1_242</name>
      <ele>880.00</ele>
    </rtept>
    <rtept lat="45.62603624" lon="15.09048336" >
      <name>rte1_243</name>
      <ele>880.00</ele>
    </rtept>
    <rtept lat="45.62608579" lon="15.09040650" >
      <name>rte1_244</name>
      <ele>877.80</ele>
    </rtept>
    <rtept lat="45.62613085" lon="15.09032321" >
      <name>rte1_245</name>
      <ele>877.80</ele>
    </rtept>
    <rtept lat="45.62617140" lon="15.09024633" >
      <name>rte1_246</name>
      <ele>877.80</ele>
    </rtept>
    <rtept lat="45.62620746" lon="15.09016303" >
      <name>rte1_247</name>
      <ele>880.00</ele>
    </rtept>
    <rtept lat="45.62624353" lon="15.09007973" >
      <name>rte1_248</name>
      <ele>880.00</ele>
    </rtept>
    <rtept lat="45.62627509" lon="15.08999642" >
      <name>rte1_249</name>
      <ele>880.00</ele>
    </rtept>
    <rtept lat="45.62630664" lon="15.08991952" >
      <name>rte1_250</name>
      <ele>880.00</ele>
    </rtept>
    <rtept lat="45.62633820" lon="15.08984263" >
      <name>rte1_251</name>
      <ele>880.00</ele>
    </rtept>
    <rtept lat="45.62636975" lon="15.08976573" >
      <name>rte1_252</name>
      <ele>879.00</ele>
    </rtept>
    <rtept lat="45.62640580" lon="15.08970166" >
      <name>rte1_253</name>
      <ele>880.40</ele>
    </rtept>
    <rtept lat="45.62644184" lon="15.08963760" >
      <name>rte1_254</name>
      <ele>880.40</ele>
    </rtept>
    <rtept lat="45.62648688" lon="15.08957996" >
      <name>rte1_255</name>
      <ele>880.40</ele>
    </rtept>
    <rtept lat="45.62653191" lon="15.08952873" >
      <name>rte1_256</name>
      <ele>880.40</ele>
    </rtept>
    <rtept lat="45.62658594" lon="15.08948394" >
      <name>rte1_257</name>
      <ele>879.00</ele>
    </rtept>
    <rtept lat="45.62664445" lon="15.08945197" >
      <name>rte1_258</name>
      <ele>880.00</ele>
    </rtept>
    <rtept lat="45.62671646" lon="15.08943285" >
      <name>rte1_259</name>
      <ele>880.00</ele>
    </rtept>
    <rtept lat="45.62706313" lon="15.08913844" >
      <name>rte1_260</name>
      <ele>877.30</ele>
    </rtept>
    <rtept lat="45.62711266" lon="15.08908081" >
      <name>rte1_261</name>
      <ele>880.00</ele>
    </rtept>
    <rtept lat="45.62716219" lon="15.08902959" >
      <name>rte1_262</name>
      <ele>880.00</ele>
    </rtept>
    <rtept lat="45.62721623" lon="15.08897838" >
      <name>rte1_263</name>
      <ele>880.00</ele>
    </rtept>
    <rtept lat="45.62727026" lon="15.08892075" >
      <name>rte1_264</name>
      <ele>880.00</ele>
    </rtept>
    <rtept lat="45.62732430" lon="15.08886313" >
      <name>rte1_265</name>
      <ele>880.00</ele>
    </rtept>
    <rtept lat="45.62737834" lon="15.08879909" >
      <name>rte1_266</name>
      <ele>880.00</ele>
    </rtept>
    <rtept lat="45.62743688" lon="15.08872865" >
      <name>rte1_267</name>
      <ele>880.00</ele>
    </rtept>
    <rtept lat="45.62750443" lon="15.08865822" >
      <name>rte1_268</name>
      <ele>880.00</ele>
    </rtept>
    <rtept lat="45.62754496" lon="15.08860698" >
      <name>rte1_269</name>
      <ele>880.00</ele>
    </rtept>
    <rtept lat="45.62758549" lon="15.08855575" >
      <name>rte1_270</name>
      <ele>880.00</ele>
    </rtept>
    <rtept lat="45.62762602" lon="15.08851093" >
      <name>rte1_271</name>
      <ele>880.00</ele>
    </rtept>
    <rtept lat="45.62766655" lon="15.08846610" >
      <name>rte1_272</name>
      <ele>880.00</ele>
    </rtept>
    <rtept lat="45.62770258" lon="15.08842127" >
      <name>rte1_273</name>
      <ele>880.00</ele>
    </rtept>
    <rtept lat="45.62773860" lon="15.08837644" >
      <name>rte1_274</name>
      <ele>880.00</ele>
    </rtept>
    <rtept lat="45.62777913" lon="15.08833803" >
      <name>rte1_275</name>
      <ele>883.00</ele>
    </rtept>
    <rtept lat="45.62781066" lon="15.08829320" >
      <name>rte1_276</name>
      <ele>883.00</ele>
    </rtept>
    <rtept lat="45.62788270" lon="15.08821636" >
      <name>rte1_277</name>
      <ele>883.00</ele>
    </rtept>
    <rtept lat="45.62795025" lon="15.08813952" >
      <name>rte1_278</name>
      <ele>880.00</ele>
    </rtept>
    <rtept lat="45.62801780" lon="15.08806268" >
      <name>rte1_279</name>
      <ele>890.00</ele>
    </rtept>
    <rtept lat="45.62808084" lon="15.08799224" >
      <name>rte1_280</name>
      <ele>890.00</ele>
    </rtept>
    <rtept lat="45.62814839" lon="15.08791540" >
      <name>rte1_281</name>
      <ele>890.00</ele>
    </rtept>
    <rtept lat="45.62821144" lon="15.08783855" >
      <name>rte1_282</name>
      <ele>890.00</ele>
    </rtept>
    <rtept lat="45.62827899" lon="15.08776170" >
      <name>rte1_283</name>
      <ele>890.00</ele>
    </rtept>
    <rtept lat="45.62834654" lon="15.08767845" >
      <name>rte1_284</name>
      <ele>890.00</ele>
    </rtept>
    <rtept lat="45.62838256" lon="15.08764003" >
      <name>rte1_285</name>
      <ele>890.00</ele>
    </rtept>
    <rtept lat="45.62841859" lon="15.08759520" >
      <name>rte1_286</name>
      <ele>890.00</ele>
    </rtept>
    <rtept lat="45.62845462" lon="15.08755037" >
      <name>rte1_287</name>
      <ele>890.00</ele>
    </rtept>
    <rtept lat="45.62849065" lon="15.08750554" >
      <name>rte1_288</name>
      <ele>890.00</ele>
    </rtept>
    <rtept lat="45.62853118" lon="15.08746071" >
      <name>rte1_289</name>
      <ele>890.00</ele>
    </rtept>
    <rtept lat="45.62856721" lon="15.08740947" >
      <name>rte1_290</name>
      <ele>890.00</ele>
    </rtept>
    <rtept lat="45.62860774" lon="15.08736465" >
      <name>rte1_291</name>
      <ele>890.00</ele>
    </rtept>
    <rtept lat="45.62865277" lon="15.08731342" >
      <name>rte1_292</name>
      <ele>890.00</ele>
    </rtept>
    <rtept lat="45.62868881" lon="15.08725576" >
      <name>rte1_293</name>
      <ele>890.00</ele>
    </rtept>
    <rtept lat="45.62872484" lon="15.08720452" >
      <name>rte1_294</name>
      <ele>890.10</ele>
    </rtept>
    <rtept lat="45.62878340" lon="15.08711483" >
      <name>rte1_295</name>
      <ele>890.10</ele>
    </rtept>
    <rtept lat="45.62883746" lon="15.08701873" >
      <name>rte1_296</name>
      <ele>890.10</ele>
    </rtept>
    <rtept lat="45.62886450" lon="15.08696106" >
      <name>rte1_297</name>
      <ele>890.10</ele>
    </rtept>
    <rtept lat="45.62890054" lon="15.08690340" >
      <name>rte1_298</name>
      <ele>890.00</ele>
    </rtept>
    <rtept lat="45.62894110" lon="15.08682010" >
      <name>rte1_299</name>
      <ele>890.00</ele>
    </rtept>
    <rtept lat="45.62897265" lon="15.08674320" >
      <name>rte1_300</name>
      <ele>890.00</ele>
    </rtept>
    <rtept lat="45.62900420" lon="15.08667271" >
      <name>rte1_301</name>
      <ele>890.00</ele>
    </rtept>
    <rtept lat="45.62903575" lon="15.08660222" >
      <name>rte1_302</name>
      <ele>890.00</ele>
    </rtept>
    <rtept lat="45.62905830" lon="15.08653171" >
      <name>rte1_303</name>
      <ele>890.00</ele>
    </rtept>
    <rtept lat="45.62908535" lon="15.08646122" >
      <name>rte1_304</name>
      <ele>890.00</ele>
    </rtept>
    <rtept lat="45.62911241" lon="15.08637789" >
      <name>rte1_305</name>
      <ele>891.67</ele>
    </rtept>
    <rtept lat="45.62914397" lon="15.08629458" >
      <name>rte1_306</name>
      <ele>891.67</ele>
    </rtept>
    <rtept lat="45.62916654" lon="15.08619842" >
      <name>rte1_307</name>
      <ele>890.00</ele>
    </rtept>
    <rtept lat="45.62918010" lon="15.08611508" >
      <name>rte1_308</name>
      <ele>890.00</ele>
    </rtept>
    <rtept lat="45.62919366" lon="15.08603174" >
      <name>rte1_309</name>
      <ele>890.00</ele>
    </rtept>
    <rtept lat="45.62920272" lon="15.08595480" >
      <name>rte1_310</name>
      <ele>890.00</ele>
    </rtept>
    <rtept lat="45.62920728" lon="15.08587144" >
      <name>rte1_311</name>
      <ele>890.00</ele>
    </rtept>
    <rtept lat="45.62922084" lon="15.08579451" >
      <name>rte1_312</name>
      <ele>890.00</ele>
    </rtept>
    <rtept lat="45.62923440" lon="15.08571117" >
      <name>rte1_313</name>
      <ele>890.00</ele>
    </rtept>
    <rtept lat="45.62926146" lon="15.08562143" >
      <name>rte1_314</name>
      <ele>890.00</ele>
    </rtept>
    <rtept lat="45.62928854" lon="15.08551887" >
      <name>rte1_315</name>
      <ele>890.00</ele>
    </rtept>
    <rtept lat="45.62932010" lon="15.08542914" >
      <name>rte1_316</name>
      <ele>890.00</ele>
    </rtept>
    <rtept lat="45.62935615" lon="15.08535225" >
      <name>rte1_317</name>
      <ele>890.00</ele>
    </rtept>
    <rtept lat="45.62938770" lon="15.08528175" >
      <name>rte1_318</name>
      <ele>890.00</ele>
    </rtept>
    <rtept lat="45.62942375" lon="15.08521127" >
      <name>rte1_319</name>
      <ele>890.00</ele>
    </rtept>
    <rtept lat="45.62945530" lon="15.08513437" >
      <name>rte1_320</name>
      <ele>890.00</ele>
    </rtept>
    <rtept lat="45.62948236" lon="15.08504463" >
      <name>rte1_321</name>
      <ele>890.00</ele>
    </rtept>
    <rtept lat="45.62950943" lon="15.08494848" >
      <name>rte1_322</name>
      <ele>881.78</ele>
    </rtept>
    <rtept lat="45.62952752" lon="15.08482667" >
      <name>rte1_323</name>
      <ele>881.78</ele>
    </rtept>
    <rtept lat="45.62953660" lon="15.08471767" >
      <name>rte1_324</name>
      <ele>881.78</ele>
    </rtept>
    <rtept lat="45.62954568" lon="15.08460866" >
      <name>rte1_325</name>
      <ele>880.00</ele>
    </rtept>
    <rtept lat="45.62954576" lon="15.08450606" >
      <name>rte1_326</name>
      <ele>880.00</ele>
    </rtept>
    <rtept lat="45.62954584" lon="15.08440346" >
      <name>rte1_327</name>
      <ele>880.00</ele>
    </rtept>
    <rtept lat="45.62954141" lon="15.08430726" >
      <name>rte1_328</name>
      <ele>879.20</ele>
    </rtept>
    <rtept lat="45.62953699" lon="15.08420465" >
      <name>rte1_329</name>
      <ele>879.20</ele>
    </rtept>
    <rtept lat="45.62953256" lon="15.08410845" >
      <name>rte1_330</name>
      <ele>879.20</ele>
    </rtept>
    <rtept lat="45.62952813" lon="15.08401225" >
      <name>rte1_331</name>
      <ele>875.00</ele>
    </rtept>
    <rtept lat="45.62952370" lon="15.08392247" >
      <name>rte1_332</name>
      <ele>875.00</ele>
    </rtept>
    <rtept lat="45.62952378" lon="15.08381987" >
      <name>rte1_333</name>
      <ele>875.00</ele>
    </rtept>
    <rtept lat="45.62953285" lon="15.08372369" >
      <name>rte1_334</name>
      <ele>874.29</ele>
    </rtept>
    <rtept lat="45.62954192" lon="15.08362751" >
      <name>rte1_335</name>
      <ele>874.29</ele>
    </rtept>
    <rtept lat="45.62955999" lon="15.08352494" >
      <name>rte1_336</name>
      <ele>873.95</ele>
    </rtept>
    <rtept lat="45.62958257" lon="15.08341595" >
      <name>rte1_337</name>
      <ele>873.95</ele>
    </rtept>
    <rtept lat="45.62961864" lon="15.08331341" >
      <name>rte1_338</name>
      <ele>870.27</ele>
    </rtept>
    <rtept lat="45.62964118" lon="15.08324931" >
      <name>rte1_339</name>
      <ele>870.27</ele>
    </rtept>
    <rtept lat="45.62966372" lon="15.08319163" >
      <name>rte1_340</name>
      <ele>870.27</ele>
    </rtept>
    <rtept lat="45.62971778" lon="15.08310194" >
      <name>rte1_341</name>
      <ele>870.27</ele>
    </rtept>
    <rtept lat="45.62978083" lon="15.08302508" >
      <name>rte1_342</name>
      <ele>870.00</ele>
    </rtept>
    <rtept lat="45.62984386" lon="15.08296105" >
      <name>rte1_343</name>
      <ele>870.00</ele>
    </rtept>
    <rtept lat="45.62991590" lon="15.08289703" >
      <name>rte1_344</name>
      <ele>870.00</ele>
    </rtept>
    <rtept lat="45.62998793" lon="15.08283301" >
      <name>rte1_345</name>
      <ele>870.00</ele>
    </rtept>
    <rtept lat="45.63002395" lon="15.08280100" >
      <name>rte1_346</name>
      <ele>871.82</ele>
    </rtept>
    <rtept lat="45.63006447" lon="15.08276258" >
      <name>rte1_347</name>
      <ele>862.56</ele>
    </rtept>
    <rtept lat="45.63010049" lon="15.08271775" >
      <name>rte1_348</name>
      <ele>862.56</ele>
    </rtept>
    <rtept lat="45.63014102" lon="15.08267292" >
      <name>rte1_349</name>
      <ele>862.56</ele>
    </rtept>
    <rtept lat="45.63018156" lon="15.08260244" >
      <name>rte1_350</name>
      <ele>862.56</ele>
    </rtept>
    <rtept lat="45.63022211" lon="15.08253196" >
      <name>rte1_351</name>
      <ele>862.56</ele>
    </rtept>
    <rtept lat="45.63042901" lon="15.08261564" >
      <name>rte1_352</name>
      <ele>866.25</ele>
    </rtept>
    <rtept lat="45.63049649" lon="15.08262856" >
      <name>rte1_353</name>
      <ele>867.14</ele>
    </rtept>
    <rtept lat="45.63056396" lon="15.08264149" >
      <name>rte1_354</name>
      <ele>867.14</ele>
    </rtept>
    <rtept lat="45.63062694" lon="15.08266082" >
      <name>rte1_355</name>
      <ele>867.14</ele>
    </rtept>
    <rtept lat="45.63069442" lon="15.08267375" >
      <name>rte1_356</name>
      <ele>865.56</ele>
    </rtept>
    <rtept lat="45.63075739" lon="15.08268667" >
      <name>rte1_357</name>
      <ele>865.56</ele>
    </rtept>
    <rtept lat="45.63082037" lon="15.08270600" >
      <name>rte1_358</name>
      <ele>865.56</ele>
    </rtept>
    <rtept lat="45.63087884" lon="15.08272533" >
      <name>rte1_359</name>
      <ele>865.56</ele>
    </rtept>
    <rtept lat="45.63093731" lon="15.08275107" >
      <name>rte1_360</name>
      <ele>862.56</ele>
    </rtept>
    <rtept lat="45.63099578" lon="15.08277681" >
      <name>rte1_361</name>
      <ele>875.78</ele>
    </rtept>
    <rtept lat="45.63104974" lon="15.08281537" >
      <name>rte1_362</name>
      <ele>875.78</ele>
    </rtept>
    <rtept lat="45.63110371" lon="15.08285393" >
      <name>rte1_363</name>
      <ele>875.78</ele>
    </rtept>
    <rtept lat="45.63115316" lon="15.08290530" >
      <name>rte1_364</name>
      <ele>872.96</ele>
    </rtept>
    <rtept lat="45.63120261" lon="15.08296309" >
      <name>rte1_365</name>
      <ele>872.96</ele>
    </rtept>
    <rtept lat="45.63124755" lon="15.08302729" >
      <name>rte1_366</name>
      <ele>872.96</ele>
    </rtept>
    <rtept lat="45.63129248" lon="15.08310431" >
      <name>rte1_367</name>
      <ele>881.21</ele>
    </rtept>
    <rtept lat="45.63133291" lon="15.08319416" >
      <name>rte1_368</name>
      <ele>881.21</ele>
    </rtept>
    <rtept lat="45.63137333" lon="15.08329682" >
      <name>rte1_369</name>
      <ele>867.70</ele>
    </rtept>
    <rtept lat="45.63141375" lon="15.08338667" >
      <name>rte1_370</name>
      <ele>867.70</ele>
    </rtept>
    <rtept lat="45.63145868" lon="15.08347652" >
      <name>rte1_371</name>
      <ele>877.87</ele>
    </rtept>
    <rtept lat="45.63150361" lon="15.08355354" >
      <name>rte1_372</name>
      <ele>877.87</ele>
    </rtept>
    <rtept lat="45.63155305" lon="15.08361774" >
      <name>rte1_373</name>
      <ele>877.87</ele>
    </rtept>
    <rtept lat="45.63161150" lon="15.08366914" >
      <name>rte1_374</name>
      <ele>872.34</ele>
    </rtept>
    <rtept lat="45.63167896" lon="15.08371413" >
      <name>rte1_375</name>
      <ele>872.34</ele>
    </rtept>
    <rtept lat="45.63175992" lon="15.08373990" >
      <name>rte1_376</name>
      <ele>880.00</ele>
    </rtept>
    <rtept lat="45.63184089" lon="15.08375927" >
      <name>rte1_377</name>
      <ele>870.00</ele>
    </rtept>
    <rtept lat="45.63192186" lon="15.08378504" >
      <name>rte1_378</name>
      <ele>870.00</ele>
    </rtept>
    <rtept lat="45.63199382" lon="15.08382363" >
      <name>rte1_379</name>
      <ele>870.00</ele>
    </rtept>
    <rtept lat="45.63206127" lon="15.08386221" >
      <name>rte1_380</name>
      <ele>866.11</ele>
    </rtept>
    <rtept lat="45.63212423" lon="15.08390078" >
      <name>rte1_381</name>
      <ele>866.11</ele>
    </rtept>
    <rtept lat="45.63218719" lon="15.08394577" >
      <name>rte1_382</name>
      <ele>866.11</ele>
    </rtept>
    <rtept lat="45.63224564" lon="15.08399716" >
      <name>rte1_383</name>
      <ele>866.11</ele>
    </rtept>
    <rtept lat="45.63230409" lon="15.08404215" >
      <name>rte1_384</name>
      <ele>861.32</ele>
    </rtept>
    <rtept lat="45.63236254" lon="15.08409354" >
      <name>rte1_385</name>
      <ele>874.86</ele>
    </rtept>
    <rtept lat="45.63242549" lon="15.08414494" >
      <name>rte1_386</name>
      <ele>874.86</ele>
    </rtept>
    <rtept lat="45.63248395" lon="15.08418992" >
      <name>rte1_387</name>
      <ele>866.83</ele>
    </rtept>
    <rtept lat="45.63255140" lon="15.08424133" >
      <name>rte1_388</name>
      <ele>866.83</ele>
    </rtept>
    <rtept lat="45.63261886" lon="15.08427991" >
      <name>rte1_389</name>
      <ele>866.83</ele>
    </rtept>
    <rtept lat="45.63269081" lon="15.08431850" >
      <name>rte1_390</name>
      <ele>866.83</ele>
    </rtept>
    <rtept lat="45.63276727" lon="15.08435709" >
      <name>rte1_391</name>
      <ele>862.56</ele>
    </rtept>
    <rtept lat="45.63285273" lon="15.08438929" >
      <name>rte1_392</name>
      <ele>869.26</ele>
    </rtept>
    <rtept lat="45.63293819" lon="15.08441507" >
      <name>rte1_393</name>
      <ele>862.94</ele>
    </rtept>
    <rtept lat="45.63301465" lon="15.08444726" >
      <name>rte1_394</name>
      <ele>862.94</ele>
    </rtept>
    <rtept lat="45.63308212" lon="15.08447943" >
      <name>rte1_395</name>
      <ele>862.94</ele>
    </rtept>
    <rtept lat="45.63315408" lon="15.08451160" >
      <name>rte1_396</name>
      <ele>862.94</ele>
    </rtept>
    <rtept lat="45.63322155" lon="15.08453736" >
      <name>rte1_397</name>
      <ele>855.52</ele>
    </rtept>
    <rtept lat="45.63329351" lon="15.08456312" >
      <name>rte1_398</name>
      <ele>855.52</ele>
    </rtept>
    <rtept lat="45.63336999" lon="15.08457607" >
      <name>rte1_399</name>
      <ele>855.52</ele>
    </rtept>
    <rtept lat="45.63341498" lon="15.08457613" >
      <name>rte1_400</name>
      <ele>850.00</ele>
    </rtept>
    <rtept lat="45.63345997" lon="15.08458262" >
      <name>rte1_401</name>
      <ele>850.00</ele>
    </rtept>
    <rtept lat="45.63352746" lon="15.08458272" >
      <name>rte1_402</name>
      <ele>850.00</ele>
    </rtept>
    <rtept lat="45.63359044" lon="15.08458282" >
      <name>rte1_403</name>
      <ele>850.00</ele>
    </rtept>
    <rtept lat="45.63365343" lon="15.08458933" >
      <name>rte1_404</name>
      <ele>846.09</ele>
    </rtept>
    <rtept lat="45.63371641" lon="15.08459584" >
      <name>rte1_405</name>
      <ele>846.09</ele>
    </rtept>
    <rtept lat="45.63377490" lon="15.08459593" >
      <name>rte1_406</name>
      <ele>846.09</ele>
    </rtept>
    <rtept lat="45.63382888" lon="15.08460242" >
      <name>rte1_407</name>
      <ele>846.09</ele>
    </rtept>
    <rtept lat="45.63388287" lon="15.08460892" >
      <name>rte1_408</name>
      <ele>840.00</ele>
    </rtept>
    <rtept lat="45.63393686" lon="15.08460900" >
      <name>rte1_409</name>
      <ele>840.00</ele>
    </rtept>
    <rtept lat="45.63399085" lon="15.08460909" >
      <name>rte1_410</name>
      <ele>840.00</ele>
    </rtept>
    <rtept lat="45.63404484" lon="15.08460276" >
      <name>rte1_411</name>
      <ele>840.00</ele>
    </rtept>
    <rtept lat="45.63410334" lon="15.08459643" >
      <name>rte1_412</name>
      <ele>836.10</ele>
    </rtept>
    <rtept lat="45.63415733" lon="15.08459010" >
      <name>rte1_413</name>
      <ele>836.10</ele>
    </rtept>
    <rtept lat="45.63421584" lon="15.08457095" >
      <name>rte1_414</name>
      <ele>836.10</ele>
    </rtept>
    <rtept lat="45.63427434" lon="15.08455180" >
      <name>rte1_415</name>
      <ele>836.10</ele>
    </rtept>
    <rtept lat="45.63433735" lon="15.08452625" >
      <name>rte1_416</name>
      <ele>830.00</ele>
    </rtept>
    <rtept lat="45.63440485" lon="15.08450070" >
      <name>rte1_417</name>
      <ele>830.00</ele>
    </rtept>
    <rtept lat="45.63446337" lon="15.08446872" >
      <name>rte1_418</name>
      <ele>830.00</ele>
    </rtept>
    <rtept lat="45.63452188" lon="15.08444316" >
      <name>rte1_419</name>
      <ele>830.00</ele>
    </rtept>
    <rtept lat="45.63457588" lon="15.08442400" >
      <name>rte1_420</name>
      <ele>830.00</ele>
    </rtept>
    <rtept lat="45.63462988" lon="15.08441126" >
      <name>rte1_421</name>
      <ele>830.00</ele>
    </rtept>
    <rtept lat="45.63468388" lon="15.08439851" >
      <name>rte1_422</name>
      <ele>830.00</ele>
    </rtept>
    <rtept lat="45.63473337" lon="15.08439217" >
      <name>rte1_423</name>
      <ele>830.00</ele>
    </rtept>
    <rtept lat="45.63478287" lon="15.08438584" >
      <name>rte1_424</name>
      <ele>830.00</ele>
    </rtept>
    <rtept lat="45.63483686" lon="15.08438592" >
      <name>rte1_425</name>
      <ele>830.00</ele>
    </rtept>
    <rtept lat="45.63488635" lon="15.08438600" >
      <name>rte1_426</name>
      <ele>830.00</ele>
    </rtept>
    <rtept lat="45.63493584" lon="15.08438607" >
      <name>rte1_427</name>
      <ele>830.00</ele>
    </rtept>
    <rtept lat="45.63498983" lon="15.08438615" >
      <name>rte1_428</name>
      <ele>833.00</ele>
    </rtept>
    <rtept lat="45.63504382" lon="15.08438624" >
      <name>rte1_429</name>
      <ele>833.00</ele>
    </rtept>
    <rtept lat="45.63509781" lon="15.08439273" >
      <name>rte1_430</name>
      <ele>833.00</ele>
    </rtept>
    <rtept lat="45.63515629" lon="15.08439282" >
      <name>rte1_431</name>
      <ele>833.00</ele>
    </rtept>
    <rtept lat="45.63521928" lon="15.08439292" >
      <name>rte1_432</name>
      <ele>833.61</ele>
    </rtept>
    <rtept lat="45.63528677" lon="15.08439302" >
      <name>rte1_433</name>
      <ele>833.61</ele>
    </rtept>
    <rtept lat="45.63539030" lon="15.08432905" >
      <name>rte1_434</name>
      <ele>830.00</ele>
    </rtept>
    <rtept lat="45.63564237" lon="15.08417551" >
      <name>rte1_435</name>
      <ele>830.00</ele>
    </rtept>
    <rtept lat="45.63568738" lon="15.08414351" >
      <name>rte1_436</name>
      <ele>830.00</ele>
    </rtept>
    <rtept lat="45.63573239" lon="15.08411793" >
      <name>rte1_437</name>
      <ele>830.00</ele>
    </rtept>
    <rtept lat="45.63578190" lon="15.08409877" >
      <name>rte1_438</name>
      <ele>830.00</ele>
    </rtept>
    <rtept lat="45.63582691" lon="15.08407318" >
      <name>rte1_439</name>
      <ele>830.00</ele>
    </rtept>
    <rtept lat="45.63587191" lon="15.08405401" >
      <name>rte1_440</name>
      <ele>825.00</ele>
    </rtept>
    <rtept lat="45.63591692" lon="15.08403484" >
      <name>rte1_441</name>
      <ele>825.00</ele>
    </rtept>
    <rtept lat="45.63596192" lon="15.08402208" >
      <name>rte1_442</name>
      <ele>825.00</ele>
    </rtept>
    <rtept lat="45.63601143" lon="15.08400291" >
      <name>rte1_443</name>
      <ele>825.00</ele>
    </rtept>
    <rtept lat="45.63605643" lon="15.08399016" >
      <name>rte1_444</name>
      <ele>825.00</ele>
    </rtept>
    <rtept lat="45.63610593" lon="15.08397740" >
      <name>rte1_445</name>
      <ele>826.70</ele>
    </rtept>
    <rtept lat="45.63615542" lon="15.08397107" >
      <name>rte1_446</name>
      <ele>826.70</ele>
    </rtept>
    <rtept lat="45.63620492" lon="15.08395832" >
      <name>rte1_447</name>
      <ele>826.70</ele>
    </rtept>
    <rtept lat="45.63625892" lon="15.08395198" >
      <name>rte1_448</name>
      <ele>826.70</ele>
    </rtept>
    <rtept lat="45.63631291" lon="15.08394565" >
      <name>rte1_449</name>
      <ele>830.00</ele>
    </rtept>
    <rtept lat="45.63637141" lon="15.08393292" >
      <name>rte1_450</name>
      <ele>830.00</ele>
    </rtept>
    <rtept lat="45.63643440" lon="15.08393301" >
      <name>rte1_451</name>
      <ele>830.00</ele>
    </rtept>
    <rtept lat="45.63669091" lon="15.08385003" >
      <name>rte1_452</name>
      <ele>830.00</ele>
    </rtept>
    <rtept lat="45.63676742" lon="15.08382449" >
      <name>rte1_453</name>
      <ele>830.00</ele>
    </rtept>
    <rtept lat="45.63684392" lon="15.08380537" >
      <name>rte1_454</name>
      <ele>830.00</ele>
    </rtept>
    <rtept lat="45.63692042" lon="15.08378624" >
      <name>rte1_455</name>
      <ele>830.00</ele>
    </rtept>
    <rtept lat="45.63699242" lon="15.08376711" >
      <name>rte1_456</name>
      <ele>825.50</ele>
    </rtept>
    <rtept lat="45.63706442" lon="15.08375439" >
      <name>rte1_457</name>
      <ele>825.50</ele>
    </rtept>
    <rtept lat="45.63713192" lon="15.08373526" >
      <name>rte1_458</name>
      <ele>820.00</ele>
    </rtept>
    <rtept lat="45.63720391" lon="15.08372254" >
      <name>rte1_459</name>
      <ele>820.00</ele>
    </rtept>
    <rtept lat="45.63727141" lon="15.08370981" >
      <name>rte1_460</name>
      <ele>820.00</ele>
    </rtept>
    <rtept lat="45.63733891" lon="15.08369709" >
      <name>rte1_461</name>
      <ele>820.00</ele>
    </rtept>
    <rtept lat="45.63741090" lon="15.08368437" >
      <name>rte1_462</name>
      <ele>820.00</ele>
    </rtept>
    <rtept lat="45.63748290" lon="15.08366524" >
      <name>rte1_463</name>
      <ele>820.00</ele>
    </rtept>
    <rtept lat="45.63755490" lon="15.08365252" >
      <name>rte1_464</name>
      <ele>820.00</ele>
    </rtept>
    <rtept lat="45.63763140" lon="15.08363340" >
      <name>rte1_465</name>
      <ele>820.00</ele>
    </rtept>
    <rtept lat="45.63771240" lon="15.08361428" >
      <name>rte1_466</name>
      <ele>820.60</ele>
    </rtept>
    <rtept lat="45.63779340" lon="15.08359516" >
      <name>rte1_467</name>
      <ele>820.60</ele>
    </rtept>
    <rtept lat="45.63783840" lon="15.08358240" >
      <name>rte1_468</name>
      <ele>820.60</ele>
    </rtept>
    <rtept lat="45.63788340" lon="15.08357606" >
      <name>rte1_469</name>
      <ele>820.00</ele>
    </rtept>
    <rtept lat="45.63796890" lon="15.08355053" >
      <name>rte1_470</name>
      <ele>820.00</ele>
    </rtept>
    <rtept lat="45.63805439" lon="15.08354425" >
      <name>rte1_471</name>
      <ele>820.00</ele>
    </rtept>
    <rtept lat="45.63813988" lon="15.08353796" >
      <name>rte1_472</name>
      <ele>820.00</ele>
    </rtept>
    <rtept lat="45.63821636" lon="15.08354449" >
      <name>rte1_473</name>
      <ele>820.00</ele>
    </rtept>
    <rtept lat="45.63829284" lon="15.08355102" >
      <name>rte1_474</name>
      <ele>820.00</ele>
    </rtept>
    <rtept lat="45.63836932" lon="15.08355755" >
      <name>rte1_475</name>
      <ele>820.00</ele>
    </rtept>
    <rtept lat="45.63844129" lon="15.08357049" >
      <name>rte1_476</name>
      <ele>820.00</ele>
    </rtept>
    <rtept lat="45.63851327" lon="15.08358343" >
      <name>rte1_477</name>
      <ele>820.00</ele>
    </rtept>
    <rtept lat="45.63858525" lon="15.08359636" >
      <name>rte1_478</name>
      <ele>820.00</ele>
    </rtept>
    <rtept lat="45.63865723" lon="15.08360289" >
      <name>rte1_479</name>
      <ele>820.00</ele>
    </rtept>
    <rtept lat="45.63872921" lon="15.08360941" >
      <name>rte1_480</name>
      <ele>820.00</ele>
    </rtept>
    <rtept lat="45.63880570" lon="15.08360953" >
      <name>rte1_481</name>
      <ele>822.20</ele>
    </rtept>
    <rtept lat="45.63888219" lon="15.08359682" >
      <name>rte1_482</name>
      <ele>822.20</ele>
    </rtept>
    <rtept lat="45.63895869" lon="15.08357769" >
      <name>rte1_483</name>
      <ele>822.20</ele>
    </rtept>
    <rtept lat="45.63903970" lon="15.08355216" >
      <name>rte1_484</name>
      <ele>826.77</ele>
    </rtept>
    <rtept lat="45.63908470" lon="15.08353299" >
      <name>rte1_485</name>
      <ele>826.77</ele>
    </rtept>
    <rtept lat="45.63912971" lon="15.08351381" >
      <name>rte1_486</name>
      <ele>826.77</ele>
    </rtept>
    <rtept lat="45.63918372" lon="15.08348183" >
      <name>rte1_487</name>
      <ele>826.77</ele>
    </rtept>
    <rtept lat="45.63923324" lon="15.08344983" >
      <name>rte1_488</name>
      <ele>826.94</ele>
    </rtept>
    <rtept lat="45.63928725" lon="15.08341784" >
      <name>rte1_489</name>
      <ele>820.00</ele>
    </rtept>
    <rtept lat="45.63933677" lon="15.08337944" >
      <name>rte1_490</name>
      <ele>820.00</ele>
    </rtept>
    <rtept lat="45.63938178" lon="15.08334744" >
      <name>rte1_491</name>
      <ele>820.00</ele>
    </rtept>
    <rtept lat="45.63942680" lon="15.08330902" >
      <name>rte1_492</name>
      <ele>820.00</ele>
    </rtept>
    <rtept lat="45.63947182" lon="15.08327702" >
      <name>rte1_493</name>
      <ele>827.40</ele>
    </rtept>
    <rtept lat="45.63951234" lon="15.08323860" >
      <name>rte1_494</name>
      <ele>827.40</ele>
    </rtept>
    <rtept lat="45.63955287" lon="15.08319376" >
      <name>rte1_495</name>
      <ele>827.40</ele>
    </rtept>
    <rtept lat="45.63958889" lon="15.08315533" >
      <name>rte1_496</name>
      <ele>827.40</ele>
    </rtept>
    <rtept lat="45.63962941" lon="15.08311050" >
      <name>rte1_497</name>
      <ele>827.40</ele>
    </rtept>
    <rtept lat="45.63966544" lon="15.08307207" >
      <name>rte1_498</name>
      <ele>820.00</ele>
    </rtept>
    <rtept lat="45.63970146" lon="15.08302723" >
      <name>rte1_499</name>
      <ele>828.04</ele>
    </rtept>
    <rtept lat="45.63973299" lon="15.08297596" >
      <name>rte1_500</name>
      <ele>828.04</ele>
    </rtept>
    <rtept lat="45.63976452" lon="15.08293111" >
      <name>rte1_501</name>
      <ele>828.04</ele>
    </rtept>
    <rtept lat="45.63980055" lon="15.08288627" >
      <name>rte1_502</name>
      <ele>828.04</ele>
    </rtept>
    <rtept lat="45.63983208" lon="15.08283501" >
      <name>rte1_503</name>
      <ele>828.04</ele>
    </rtept>
    <rtept lat="45.63985911" lon="15.08278374" >
      <name>rte1_504</name>
      <ele>828.04</ele>
    </rtept>
    <rtept lat="45.63989065" lon="15.08272606" >
      <name>rte1_505</name>
      <ele>820.00</ele>
    </rtept>
    <rtept lat="45.63992218" lon="15.08267480" >
      <name>rte1_506</name>
      <ele>830.00</ele>
    </rtept>
    <rtept lat="45.63994922" lon="15.08261711" >
      <name>rte1_507</name>
      <ele>830.00</ele>
    </rtept>
    <rtept lat="45.63998076" lon="15.08255943" >
      <name>rte1_508</name>
      <ele>830.00</ele>
    </rtept>
    <rtept lat="45.64000779" lon="15.08250175" >
      <name>rte1_509</name>
      <ele>830.00</ele>
    </rtept>
    <rtept lat="45.64003483" lon="15.08244406" >
      <name>rte1_510</name>
      <ele>820.00</ele>
    </rtept>
    <rtept lat="45.64006637" lon="15.08237997" >
      <name>rte1_511</name>
      <ele>820.00</ele>
    </rtept>
    <rtept lat="45.64009341" lon="15.08232229" >
      <name>rte1_512</name>
      <ele>820.00</ele>
    </rtept>
    <rtept lat="45.64012045" lon="15.08225819" >
      <name>rte1_513</name>
      <ele>820.00</ele>
    </rtept>
    <rtept lat="45.64015200" lon="15.08218768" >
      <name>rte1_514</name>
      <ele>826.80</ele>
    </rtept>
    <rtept lat="45.64017904" lon="15.08212358" >
      <name>rte1_515</name>
      <ele>820.00</ele>
    </rtept>
    <rtept lat="45.64021059" lon="15.08205308" >
      <name>rte1_516</name>
      <ele>820.00</ele>
    </rtept>
    <rtept lat="45.64024213" lon="15.08198257" >
      <name>rte1_517</name>
      <ele>820.00</ele>
    </rtept>
    <rtept lat="45.64027368" lon="15.08191206" >
      <name>rte1_518</name>
      <ele>820.00</ele>
    </rtept>
    <rtept lat="45.64033669" lon="15.08188009" >
      <name>rte1_519</name>
      <ele>820.00</ele>
    </rtept>
    <rtept lat="45.64039519" lon="15.08186093" >
      <name>rte1_520</name>
      <ele>830.00</ele>
    </rtept>
    <rtept lat="45.64045370" lon="15.08183537" >
      <name>rte1_521</name>
      <ele>830.00</ele>
    </rtept>
    <rtept lat="45.64051220" lon="15.08181621" >
      <name>rte1_522</name>
      <ele>830.00</ele>
    </rtept>
    <rtept lat="45.64056621" lon="15.08179705" >
      <name>rte1_523</name>
      <ele>830.00</ele>
    </rtept>
    <rtept lat="45.64062021" lon="15.08177789" >
      <name>rte1_524</name>
      <ele>830.00</ele>
    </rtept>
    <rtept lat="45.64066971" lon="15.08175872" >
      <name>rte1_525</name>
      <ele>830.00</ele>
    </rtept>
    <rtept lat="45.64072372" lon="15.08173956" >
      <name>rte1_526</name>
      <ele>830.00</ele>
    </rtept>
    <rtept lat="45.64077323" lon="15.08171397" >
      <name>rte1_527</name>
      <ele>830.00</ele>
    </rtept>
    <rtept lat="45.64082274" lon="15.08168839" >
      <name>rte1_528</name>
      <ele>830.00</ele>
    </rtept>
    <rtept lat="45.64087225" lon="15.08166281" >
      <name>rte1_529</name>
      <ele>830.00</ele>
    </rtept>
    <rtept lat="45.64092626" lon="15.08163082" >
      <name>rte1_530</name>
      <ele>830.00</ele>
    </rtept>
    <rtept lat="45.64098028" lon="15.08159242" >
      <name>rte1_531</name>
      <ele>830.00</ele>
    </rtept>
    <rtept lat="45.64103430" lon="15.08155401" >
      <name>rte1_532</name>
      <ele>830.00</ele>
    </rtept>
    <rtept lat="45.64108832" lon="15.08150919" >
      <name>rte1_533</name>
      <ele>830.00</ele>
    </rtept>
    <rtept lat="45.64114684" lon="15.08145797" >
      <name>rte1_534</name>
      <ele>835.26</ele>
    </rtept>
    <rtept lat="45.64120988" lon="15.08138751" >
      <name>rte1_535</name>
      <ele>835.26</ele>
    </rtept>
    <rtept lat="45.64126842" lon="15.08132345" >
      <name>rte1_536</name>
      <ele>830.00</ele>
    </rtept>
    <rtept lat="45.64132695" lon="15.08126581" >
      <name>rte1_537</name>
      <ele>830.00</ele>
    </rtept>
    <rtept lat="45.64138098" lon="15.08120817" >
      <name>rte1_538</name>
      <ele>830.00</ele>
    </rtept>
    <rtept lat="45.64143051" lon="15.08115051" >
      <name>rte1_539</name>
      <ele>833.28</ele>
    </rtept>
    <rtept lat="45.64148454" lon="15.08109928" >
      <name>rte1_540</name>
      <ele>830.00</ele>
    </rtept>
    <rtept lat="45.64153407" lon="15.08104163" >
      <name>rte1_541</name>
      <ele>830.00</ele>
    </rtept>
    <rtept lat="45.64158360" lon="15.08099680" >
      <name>rte1_542</name>
      <ele>830.00</ele>
    </rtept>
    <rtept lat="45.64163312" lon="15.08094556" >
      <name>rte1_543</name>
      <ele>830.00</ele>
    </rtept>
    <rtept lat="45.64168715" lon="15.08089433" >
      <name>rte1_544</name>
      <ele>830.00</ele>
    </rtept>
    <rtept lat="45.64174117" lon="15.08084951" >
      <name>rte1_545</name>
      <ele>840.00</ele>
    </rtept>
    <rtept lat="45.64179520" lon="15.08079828" >
      <name>rte1_546</name>
      <ele>840.00</ele>
    </rtept>
    <rtept lat="45.64185372" lon="15.08075346" >
      <name>rte1_547</name>
      <ele>840.00</ele>
    </rtept>
    <rtept lat="45.64191675" lon="15.08070224" >
      <name>rte1_548</name>
      <ele>840.00</ele>
    </rtept>
    <rtept lat="45.64198427" lon="15.08065744" >
      <name>rte1_549</name>
      <ele>848.85</ele>
    </rtept>
    <rtept lat="45.64206078" lon="15.08061266" >
      <name>rte1_550</name>
      <ele>848.85</ele>
    </rtept>
    <rtept lat="45.64213731" lon="15.08055504" >
      <name>rte1_551</name>
      <ele>848.85</ele>
    </rtept>
    <rtept lat="45.64220934" lon="15.08049742" >
      <name>rte1_552</name>
      <ele>855.20</ele>
    </rtept>
    <rtept lat="45.64227686" lon="15.08044620" >
      <name>rte1_553</name>
      <ele>855.20</ele>
    </rtept>
    <rtept lat="45.64234438" lon="15.08040782" >
      <name>rte1_554</name>
      <ele>855.20</ele>
    </rtept>
    <rtept lat="45.64241189" lon="15.08036943" >
      <name>rte1_555</name>
      <ele>860.00</ele>
    </rtept>
    <rtept lat="45.64248389" lon="15.08035029" >
      <name>rte1_556</name>
      <ele>860.00</ele>
    </rtept>
    <rtept lat="45.64256489" lon="15.08033758" >
      <name>rte1_557</name>
      <ele>860.00</ele>
    </rtept>
    <rtept lat="45.64260538" lon="15.08033764" >
      <name>rte1_558</name>
      <ele>860.00</ele>
    </rtept>
    <rtept lat="45.64265487" lon="15.08034413" >
      <name>rte1_559</name>
      <ele>863.79</ele>
    </rtept>
    <rtept lat="45.64269986" lon="15.08034420" >
      <name>rte1_560</name>
      <ele>863.79</ele>
    </rtept>
    <rtept lat="45.64274934" lon="15.08035068" >
      <name>rte1_561</name>
      <ele>863.79</ele>
    </rtept>
    <rtept lat="45.64283481" lon="15.08037005" >
      <name>rte1_562</name>
      <ele>872.25</ele>
    </rtept>
    <rtept lat="45.64291578" lon="15.08038941" >
      <name>rte1_563</name>
      <ele>872.25</ele>
    </rtept>
    <rtept lat="45.64299226" lon="15.08040235" >
      <name>rte1_564</name>
      <ele>872.25</ele>
    </rtept>
    <rtept lat="45.64307324" lon="15.08041530" >
      <name>rte1_565</name>
      <ele>877.83</ele>
    </rtept>
    <rtept lat="45.64314971" lon="15.08042824" >
      <name>rte1_566</name>
      <ele>877.83</ele>
    </rtept>
    <rtept lat="45.64323520" lon="15.08042836" >
      <name>rte1_567</name>
      <ele>877.83</ele>
    </rtept>
    <rtept lat="45.64328019" lon="15.08042202" >
      <name>rte1_568</name>
      <ele>877.83</ele>
    </rtept>
    <rtept lat="45.64332968" lon="15.08042209" >
      <name>rte1_569</name>
      <ele>883.72</ele>
    </rtept>
    <rtept lat="45.64355007" lon="15.08051863" >
      <name>rte1_570</name>
      <ele>885.00</ele>
    </rtept>
    <rtept lat="45.64359500" lon="15.08060208" >
      <name>rte1_571</name>
      <ele>883.94</ele>
    </rtept>
    <rtept lat="45.64363993" lon="15.08069194" >
      <name>rte1_572</name>
      <ele>883.94</ele>
    </rtept>
    <rtept lat="45.64367135" lon="15.08078821" >
      <name>rte1_573</name>
      <ele>883.94</ele>
    </rtept>
    <rtept lat="45.64368478" lon="15.08089085" >
      <name>rte1_574</name>
      <ele>880.00</ele>
    </rtept>
    <rtept lat="45.64368021" lon="15.08098706" >
      <name>rte1_575</name>
      <ele>880.00</ele>
    </rtept>
    <rtept lat="45.64366665" lon="15.08107043" >
      <name>rte1_576</name>
      <ele>880.00</ele>
    </rtept>
    <rtept lat="45.64363959" lon="15.08115378" >
      <name>rte1_577</name>
      <ele>880.00</ele>
    </rtept>
    <rtept lat="45.64360805" lon="15.08122429" >
      <name>rte1_578</name>
      <ele>886.00</ele>
    </rtept>
    <rtept lat="45.64357200" lon="15.08129479" >
      <name>rte1_579</name>
      <ele>886.00</ele>
    </rtept>
    <rtept lat="45.64353146" lon="15.08136529" >
      <name>rte1_580</name>
      <ele>886.00</ele>
    </rtept>
    <rtept lat="45.64349091" lon="15.08144861" >
      <name>rte1_581</name>
      <ele>883.38</ele>
    </rtept>
    <rtept lat="45.64345485" lon="15.08153836" >
      <name>rte1_582</name>
      <ele>887.28</ele>
    </rtept>
    <rtept lat="45.64340079" lon="15.08163450" >
      <name>rte1_583</name>
      <ele>887.28</ele>
    </rtept>
    <rtept lat="45.64335123" lon="15.08172422" >
      <name>rte1_584</name>
      <ele>887.28</ele>
    </rtept>
    <rtept lat="45.64330169" lon="15.08180112" >
      <name>rte1_585</name>
      <ele>887.28</ele>
    </rtept>
    <rtept lat="45.64325214" lon="15.08187160" >
      <name>rte1_586</name>
      <ele>888.68</ele>
    </rtept>
    <rtept lat="45.64320260" lon="15.08194209" >
      <name>rte1_587</name>
      <ele>888.68</ele>
    </rtept>
    <rtept lat="45.64315305" lon="15.08201898" >
      <name>rte1_588</name>
      <ele>888.68</ele>
    </rtept>
    <rtept lat="45.64309900" lon="15.08210229" >
      <name>rte1_589</name>
      <ele>888.68</ele>
    </rtept>
    <rtept lat="45.64307197" lon="15.08215356" >
      <name>rte1_590</name>
      <ele>895.19</ele>
    </rtept>
    <rtept lat="45.64304943" lon="15.08221126" >
      <name>rte1_591</name>
      <ele>882.32</ele>
    </rtept>
    <rtept lat="45.64301790" lon="15.08226894" >
      <name>rte1_592</name>
      <ele>882.32</ele>
    </rtept>
    <rtept lat="45.64299085" lon="15.08233304" >
      <name>rte1_593</name>
      <ele>882.32</ele>
    </rtept>
    <rtept lat="45.64297281" lon="15.08239074" >
      <name>rte1_594</name>
      <ele>882.32</ele>
    </rtept>
    <rtept lat="45.64295028" lon="15.08244844" >
      <name>rte1_595</name>
      <ele>882.32</ele>
    </rtept>
    <rtept lat="45.64291870" lon="15.08256384" >
      <name>rte1_596</name>
      <ele>891.72</ele>
    </rtept>
    <rtept lat="45.64288712" lon="15.08267925" >
      <name>rte1_597</name>
      <ele>891.72</ele>
    </rtept>
    <rtept lat="45.64285554" lon="15.08278825" >
      <name>rte1_598</name>
      <ele>900.00</ele>
    </rtept>
    <rtept lat="45.64281497" lon="15.08289081" >
      <name>rte1_599</name>
      <ele>885.65</ele>
    </rtept>
    <rtept lat="45.64278794" lon="15.08294850" >
      <name>rte1_600</name>
      <ele>885.65</ele>
    </rtept>
    <rtept lat="45.64276090" lon="15.08299977" >
      <name>rte1_601</name>
      <ele>885.65</ele>
    </rtept>
    <rtept lat="45.64272937" lon="15.08305104" >
      <name>rte1_602</name>
      <ele>885.65</ele>
    </rtept>
    <rtept lat="45.64269334" lon="15.08310230" >
      <name>rte1_603</name>
      <ele>885.65</ele>
    </rtept>
    <rtept lat="45.64263481" lon="15.08315994" >
      <name>rte1_604</name>
      <ele>899.29</ele>
    </rtept>
    <rtept lat="45.64257627" lon="15.08322399" >
      <name>rte1_605</name>
      <ele>896.00</ele>
    </rtept>
    <rtept lat="45.64252224" lon="15.08327523" >
      <name>rte1_606</name>
      <ele>896.00</ele>
    </rtept>
    <rtept lat="45.64246372" lon="15.08332645" >
      <name>rte1_607</name>
      <ele>896.00</ele>
    </rtept>
    <rtept lat="45.64240969" lon="15.08337127" >
      <name>rte1_608</name>
      <ele>896.00</ele>
    </rtept>
    <rtept lat="45.64235118" lon="15.08340966" >
      <name>rte1_609</name>
      <ele>889.71</ele>
    </rtept>
    <rtept lat="45.64229715" lon="15.08345448" >
      <name>rte1_610</name>
      <ele>893.78</ele>
    </rtept>
    <rtept lat="45.64223864" lon="15.08348646" >
      <name>rte1_611</name>
      <ele>893.78</ele>
    </rtept>
    <rtept lat="45.64218463" lon="15.08351845" >
      <name>rte1_612</name>
      <ele>893.78</ele>
    </rtept>
    <rtept lat="45.64212611" lon="15.08355043" >
      <name>rte1_613</name>
      <ele>890.00</ele>
    </rtept>
    <rtept lat="45.64207210" lon="15.08358242" >
      <name>rte1_614</name>
      <ele>890.00</ele>
    </rtept>
    <rtept lat="45.64201809" lon="15.08360800" >
      <name>rte1_615</name>
      <ele>890.00</ele>
    </rtept>
    <rtept lat="45.64196408" lon="15.08363999" >
      <name>rte1_616</name>
      <ele>890.00</ele>
    </rtept>
    <rtept lat="45.64190557" lon="15.08366555" >
      <name>rte1_617</name>
      <ele>887.62</ele>
    </rtept>
    <rtept lat="45.64185156" lon="15.08369113" >
      <name>rte1_618</name>
      <ele>887.62</ele>
    </rtept>
    <rtept lat="45.64179755" lon="15.08371670" >
      <name>rte1_619</name>
      <ele>887.62</ele>
    </rtept>
    <rtept lat="45.64174354" lon="15.08374228" >
      <name>rte1_620</name>
      <ele>887.62</ele>
    </rtept>
    <rtept lat="45.64168953" lon="15.08377426" >
      <name>rte1_621</name>
      <ele>890.00</ele>
    </rtept>
    <rtept lat="45.64164002" lon="15.08379985" >
      <name>rte1_622</name>
      <ele>890.00</ele>
    </rtept>
    <rtept lat="45.64158601" lon="15.08383183" >
      <name>rte1_623</name>
      <ele>890.00</ele>
    </rtept>
    <rtept lat="45.64153199" lon="15.08386382" >
      <name>rte1_624</name>
      <ele>890.00</ele>
    </rtept>
    <rtept lat="45.64148248" lon="15.08389582" >
      <name>rte1_625</name>
      <ele>890.00</ele>
    </rtept>
    <rtept lat="45.64142846" lon="15.08393422" >
      <name>rte1_626</name>
      <ele>886.45</ele>
    </rtept>
    <rtept lat="45.64137894" lon="15.08397263" >
      <name>rte1_627</name>
      <ele>886.45</ele>
    </rtept>
    <rtept lat="45.64132492" lon="15.08401744" >
      <name>rte1_628</name>
      <ele>886.45</ele>
    </rtept>
    <rtept lat="45.64127539" lon="15.08406868" >
      <name>rte1_629</name>
      <ele>896.43</ele>
    </rtept>
    <rtept lat="45.64122586" lon="15.08411350" >
      <name>rte1_630</name>
      <ele>891.78</ele>
    </rtept>
    <rtept lat="45.64117633" lon="15.08417115" >
      <name>rte1_631</name>
      <ele>891.78</ele>
    </rtept>
    <rtept lat="45.64112679" lon="15.08422880" >
      <name>rte1_632</name>
      <ele>891.78</ele>
    </rtept>
    <rtept lat="45.64107725" lon="15.08429928" >
      <name>rte1_633</name>
      <ele>891.78</ele>
    </rtept>
    <rtept lat="45.64102771" lon="15.08436976" >
      <name>rte1_634</name>
      <ele>884.83</ele>
    </rtept>
    <rtept lat="45.64098266" lon="15.08444666" >
      <name>rte1_635</name>
      <ele>895.71</ele>
    </rtept>
    <rtept lat="45.64093310" lon="15.08452997" >
      <name>rte1_636</name>
      <ele>895.71</ele>
    </rtept>
    <rtept lat="45.64089255" lon="15.08461329" >
      <name>rte1_637</name>
      <ele>895.71</ele>
    </rtept>
    <rtept lat="45.64085649" lon="15.08469661" >
      <name>rte1_638</name>
      <ele>895.71</ele>
    </rtept>
    <rtept lat="45.64082943" lon="15.08477995" >
      <name>rte1_639</name>
      <ele>902.97</ele>
    </rtept>
    <rtept lat="45.64081137" lon="15.08486972" >
      <name>rte1_640</name>
      <ele>902.97</ele>
    </rtept>
    <rtept lat="45.64079331" lon="15.08495308" >
      <name>rte1_641</name>
      <ele>896.15</ele>
    </rtept>
    <rtept lat="45.64077974" lon="15.08504285" >
      <name>rte1_642</name>
      <ele>900.00</ele>
    </rtept>
    <rtept lat="45.64077518" lon="15.08513264" >
      <name>rte1_643</name>
      <ele>900.00</ele>
    </rtept>
    <rtept lat="45.64077061" lon="15.08522243" >
      <name>rte1_644</name>
      <ele>900.00</ele>
    </rtept>
    <rtept lat="45.64077054" lon="15.08531222" >
      <name>rte1_645</name>
      <ele>900.00</ele>
    </rtept>
    <rtept lat="45.64077496" lon="15.08540844" >
      <name>rte1_646</name>
      <ele>900.00</ele>
    </rtept>
    <rtept lat="45.64077939" lon="15.08550466" >
      <name>rte1_647</name>
      <ele>900.00</ele>
    </rtept>
    <rtept lat="45.64078831" lon="15.08560730" >
      <name>rte1_648</name>
      <ele>900.00</ele>
    </rtept>
    <rtept lat="45.64079723" lon="15.08570993" >
      <name>rte1_649</name>
      <ele>900.00</ele>
    </rtept>
    <rtept lat="45.64080615" lon="15.08581257" >
      <name>rte1_650</name>
      <ele>910.00</ele>
    </rtept>
    <rtept lat="45.64081956" lon="15.08592804" >
      <name>rte1_651</name>
      <ele>910.00</ele>
    </rtept>
    <rtept lat="45.64082399" lon="15.08601785" >
      <name>rte1_652</name>
      <ele>910.00</ele>
    </rtept>
    <rtept lat="45.64083292" lon="15.08610124" >
      <name>rte1_653</name>
      <ele>910.00</ele>
    </rtept>
    <rtept lat="45.64084186" lon="15.08617823" >
      <name>rte1_654</name>
      <ele>910.00</ele>
    </rtept>
    <rtept lat="45.64085080" lon="15.08625521" >
      <name>rte1_655</name>
      <ele>910.00</ele>
    </rtept>
    <rtept lat="45.64085974" lon="15.08633219" >
      <name>rte1_656</name>
      <ele>906.75</ele>
    </rtept>
    <rtept lat="45.64086418" lon="15.08640275" >
      <name>rte1_657</name>
      <ele>906.75</ele>
    </rtept>
    <rtept lat="45.64087313" lon="15.08647332" >
      <name>rte1_658</name>
      <ele>906.75</ele>
    </rtept>
    <rtept lat="45.64088207" lon="15.08654389" >
      <name>rte1_659</name>
      <ele>906.75</ele>
    </rtept>
    <rtept lat="45.64089552" lon="15.08660805" >
      <name>rte1_660</name>
      <ele>906.75</ele>
    </rtept>
    <rtept lat="45.64090446" lon="15.08667862" >
      <name>rte1_661</name>
      <ele>902.44</ele>
    </rtept>
    <rtept lat="45.64091791" lon="15.08674919" >
      <name>rte1_662</name>
      <ele>902.44</ele>
    </rtept>
    <rtept lat="45.64093135" lon="15.08681977" >
      <name>rte1_663</name>
      <ele>902.44</ele>
    </rtept>
    <rtept lat="45.64094479" lon="15.08689676" >
      <name>rte1_664</name>
      <ele>902.44</ele>
    </rtept>
    <rtept lat="45.64096272" lon="15.08697375" >
      <name>rte1_665</name>
      <ele>906.22</ele>
    </rtept>
    <rtept lat="45.64098066" lon="15.08705075" >
      <name>rte1_666</name>
      <ele>906.22</ele>
    </rtept>
    <rtept lat="45.64100309" lon="15.08714058" >
      <name>rte1_667</name>
      <ele>906.22</ele>
    </rtept>
    <rtept lat="45.64102549" lon="15.08726248" >
      <name>rte1_668</name>
      <ele>906.22</ele>
    </rtept>
    <rtept lat="45.64104790" lon="15.08737156" >
      <name>rte1_669</name>
      <ele>910.00</ele>
    </rtept>
    <rtept lat="45.64107481" lon="15.08747423" >
      <name>rte1_670</name>
      <ele>910.00</ele>
    </rtept>
    <rtept lat="45.64110173" lon="15.08757689" >
      <name>rte1_671</name>
      <ele>910.00</ele>
    </rtept>
    <rtept lat="45.64113315" lon="15.08766674" >
      <name>rte1_672</name>
      <ele>908.23</ele>
    </rtept>
    <rtept lat="45.64117357" lon="15.08776301" >
      <name>rte1_673</name>
      <ele>908.23</ele>
    </rtept>
    <rtept lat="45.64122299" lon="15.08785289" >
      <name>rte1_674</name>
      <ele>908.23</ele>
    </rtept>
    <rtept lat="45.64125445" lon="15.08789784" >
      <name>rte1_675</name>
      <ele>907.12</ele>
    </rtept>
    <rtept lat="45.64129040" lon="15.08794921" >
      <name>rte1_676</name>
      <ele>903.18</ele>
    </rtept>
    <rtept lat="45.64134435" lon="15.08800061" >
      <name>rte1_677</name>
      <ele>903.18</ele>
    </rtept>
    <rtept lat="45.64140281" lon="15.08803277" >
      <name>rte1_678</name>
      <ele>903.18</ele>
    </rtept>
    <rtept lat="45.64146579" lon="15.08804570" >
      <name>rte1_679</name>
      <ele>903.18</ele>
    </rtept>
    <rtept lat="45.64154227" lon="15.08804582" >
      <name>rte1_680</name>
      <ele>905.43</ele>
    </rtept>
    <rtept lat="45.64159629" lon="15.08800742" >
      <name>rte1_681</name>
      <ele>905.43</ele>
    </rtept>
    <rtept lat="45.64163684" lon="15.08794335" >
      <name>rte1_682</name>
      <ele>905.43</ele>
    </rtept>
    <rtept lat="45.64168187" lon="15.08789211" >
      <name>rte1_683</name>
      <ele>908.54</ele>
    </rtept>
    <rtept lat="45.64174486" lon="15.08788579" >
      <name>rte1_684</name>
      <ele>914.76</ele>
    </rtept>
    <rtept lat="45.64181233" lon="15.08790514" >
      <name>rte1_685</name>
      <ele>914.76</ele>
    </rtept>
    <rtept lat="45.64187530" lon="15.08793731" >
      <name>rte1_686</name>
      <ele>907.83</ele>
    </rtept>
    <rtept lat="45.64193376" lon="15.08797589" >
      <name>rte1_687</name>
      <ele>910.00</ele>
    </rtept>
    <rtept lat="45.64198772" lon="15.08801446" >
      <name>rte1_688</name>
      <ele>910.00</ele>
    </rtept>
    <rtept lat="45.64203717" lon="15.08806586" >
      <name>rte1_689</name>
      <ele>910.00</ele>
    </rtept>
    <rtept lat="45.64209111" lon="15.08811726" >
      <name>rte1_690</name>
      <ele>910.00</ele>
    </rtept>
    <rtept lat="45.64214956" lon="15.08817508" >
      <name>rte1_691</name>
      <ele>910.00</ele>
    </rtept>
    <rtept lat="45.64221699" lon="15.08823933" >
      <name>rte1_692</name>
      <ele>911.28</ele>
    </rtept>
    <rtept lat="45.64227544" lon="15.08829715" >
      <name>rte1_693</name>
      <ele>911.28</ele>
    </rtept>
    <rtept lat="45.64232487" lon="15.08836778" >
      <name>rte1_694</name>
      <ele>911.28</ele>
    </rtept>
    <rtept lat="45.64236531" lon="15.08843840" >
      <name>rte1_695</name>
      <ele>911.28</ele>
    </rtept>
    <rtept lat="45.64239674" lon="15.08851542" >
      <name>rte1_696</name>
      <ele>918.96</ele>
    </rtept>
    <rtept lat="45.64242818" lon="15.08859244" >
      <name>rte1_697</name>
      <ele>911.21</ele>
    </rtept>
    <rtept lat="45.64245061" lon="15.08867586" >
      <name>rte1_698</name>
      <ele>911.21</ele>
    </rtept>
    <rtept lat="45.64247304" lon="15.08875929" >
      <name>rte1_699</name>
      <ele>911.21</ele>
    </rtept>
    <rtept lat="45.64249097" lon="15.08884270" >
      <name>rte1_700</name>
      <ele>911.21</ele>
    </rtept>
    <rtept lat="45.64250889" lon="15.08893253" >
      <name>rte1_701</name>
      <ele>908.20</ele>
    </rtept>
    <rtept lat="45.64253132" lon="15.08901595" >
      <name>rte1_702</name>
      <ele>908.20</ele>
    </rtept>
    <rtept lat="45.64255375" lon="15.08909937" >
      <name>rte1_703</name>
      <ele>908.20</ele>
    </rtept>
    <rtept lat="45.64258068" lon="15.08918280" >
      <name>rte1_704</name>
      <ele>908.20</ele>
    </rtept>
    <rtept lat="45.64261211" lon="15.08926623" >
      <name>rte1_705</name>
      <ele>910.00</ele>
    </rtept>
    <rtept lat="45.64265254" lon="15.08934327" >
      <name>rte1_706</name>
      <ele>910.00</ele>
    </rtept>
    <rtept lat="45.64269747" lon="15.08941390" >
      <name>rte1_707</name>
      <ele>910.00</ele>
    </rtept>
    <rtept lat="45.64275590" lon="15.08949096" >
      <name>rte1_708</name>
      <ele>910.00</ele>
    </rtept>
    <rtept lat="45.64282333" lon="15.08956163" >
      <name>rte1_709</name>
      <ele>910.00</ele>
    </rtept>
    <rtept lat="45.64288627" lon="15.08961946" >
      <name>rte1_710</name>
      <ele>915.00</ele>
    </rtept>
    <rtept lat="45.64295372" lon="15.08966447" >
      <name>rte1_711</name>
      <ele>915.00</ele>
    </rtept>
    <rtept lat="45.64301667" lon="15.08970947" >
      <name>rte1_712</name>
      <ele>915.00</ele>
    </rtept>
    <rtept lat="45.64307963" lon="15.08975447" >
      <name>rte1_713</name>
      <ele>918.80</ele>
    </rtept>
    <rtept lat="45.64314708" lon="15.08979948" >
      <name>rte1_714</name>
      <ele>918.80</ele>
    </rtept>
    <rtept lat="45.64321902" lon="15.08985733" >
      <name>rte1_715</name>
      <ele>910.00</ele>
    </rtept>
    <rtept lat="45.64325498" lon="15.08989587" >
      <name>rte1_716</name>
      <ele>910.00</ele>
    </rtept>
    <rtept lat="45.64329544" lon="15.08993443" >
      <name>rte1_717</name>
      <ele>910.00</ele>
    </rtept>
    <rtept lat="45.64335388" lon="15.08999225" >
      <name>rte1_718</name>
      <ele>910.00</ele>
    </rtept>
    <rtept lat="45.64340783" lon="15.09005007" >
      <name>rte1_719</name>
      <ele>910.00</ele>
    </rtept>
    <rtept lat="45.64346177" lon="15.09010788" >
      <name>rte1_720</name>
      <ele>910.00</ele>
    </rtept>
    <rtept lat="45.64351571" lon="15.09017211" >
      <name>rte1_721</name>
      <ele>910.00</ele>
    </rtept>
    <rtept lat="45.64368652" lon="15.09037124" >
      <name>rte1_722</name>
      <ele>910.00</ele>
    </rtept>
    <rtept lat="45.64373147" lon="15.09042263" >
      <name>rte1_723</name>
      <ele>930.00</ele>
    </rtept>
    <rtept lat="45.64378091" lon="15.09048044" >
      <name>rte1_724</name>
      <ele>930.00</ele>
    </rtept>
    <rtept lat="45.64383035" lon="15.09053825" >
      <name>rte1_725</name>
      <ele>920.00</ele>
    </rtept>
    <rtept lat="45.64387530" lon="15.09059605" >
      <name>rte1_726</name>
      <ele>920.00</ele>
    </rtept>
    <rtept lat="45.64392475" lon="15.09064745" >
      <name>rte1_727</name>
      <ele>920.00</ele>
    </rtept>
    <rtept lat="45.64396969" lon="15.09070525" >
      <name>rte1_728</name>
      <ele>924.19</ele>
    </rtept>
    <rtept lat="45.64401914" lon="15.09076306" >
      <name>rte1_729</name>
      <ele>924.19</ele>
    </rtept>
    <rtept lat="45.64406409" lon="15.09081445" >
      <name>rte1_730</name>
      <ele>914.00</ele>
    </rtept>
    <rtept lat="45.64411353" lon="15.09087226" >
      <name>rte1_731</name>
      <ele>914.00</ele>
    </rtept>
    <rtept lat="45.64416747" lon="15.09093008" >
      <name>rte1_732</name>
      <ele>914.00</ele>
    </rtept>
    <rtept lat="45.64422141" lon="15.09098790" >
      <name>rte1_733</name>
      <ele>930.00</ele>
    </rtept>
    <rtept lat="45.64427536" lon="15.09104572" >
      <name>rte1_734</name>
      <ele>930.00</ele>
    </rtept>
    <rtept lat="45.64433380" lon="15.09110354" >
      <name>rte1_735</name>
      <ele>930.00</ele>
    </rtept>
    <rtept lat="45.64439224" lon="15.09116137" >
      <name>rte1_736</name>
      <ele>911.52</ele>
    </rtept>
    <rtept lat="45.64445968" lon="15.09121921" >
      <name>rte1_737</name>
      <ele>923.97</ele>
    </rtept>
    <rtept lat="45.64452712" lon="15.09128347" >
      <name>rte1_738</name>
      <ele>923.97</ele>
    </rtept>
    <rtept lat="45.64457658" lon="15.09132204" >
      <name>rte1_739</name>
      <ele>923.97</ele>
    </rtept>
    <rtept lat="45.64463054" lon="15.09135420" >
      <name>rte1_740</name>
      <ele>931.64</ele>
    </rtept>
    <rtept lat="45.64468451" lon="15.09137994" >
      <name>rte1_741</name>
      <ele>931.64</ele>
    </rtept>
    <rtept lat="45.64473848" lon="15.09139928" >
      <name>rte1_742</name>
      <ele>931.64</ele>
    </rtept>
    <rtept lat="45.64479246" lon="15.09141861" >
      <name>rte1_743</name>
      <ele>931.64</ele>
    </rtept>
    <rtept lat="45.64484194" lon="15.09143152" >
      <name>rte1_744</name>
      <ele>931.64</ele>
    </rtept>
    <rtept lat="45.64489592" lon="15.09144444" >
      <name>rte1_745</name>
      <ele>935.00</ele>
    </rtept>
    <rtept lat="45.64494990" lon="15.09145094" >
      <name>rte1_746</name>
      <ele>922.31</ele>
    </rtept>
    <rtept lat="45.64499938" lon="15.09146385" >
      <name>rte1_747</name>
      <ele>922.31</ele>
    </rtept>
    <rtept lat="45.64504885" lon="15.09148318" >
      <name>rte1_748</name>
      <ele>922.31</ele>
    </rtept>
    <rtept lat="45.64509833" lon="15.09150251" >
      <name>rte1_749</name>
      <ele>922.68</ele>
    </rtept>
    <rtept lat="45.64514329" lon="15.09153465" >
      <name>rte1_750</name>
      <ele>922.68</ele>
    </rtept>
    <rtept lat="45.64518826" lon="15.09156680" >
      <name>rte1_751</name>
      <ele>922.68</ele>
    </rtept>
    <rtept lat="45.64523321" lon="15.09161178" >
      <name>rte1_752</name>
      <ele>922.68</ele>
    </rtept>
    <rtept lat="45.64527366" lon="15.09166957" >
      <name>rte1_753</name>
      <ele>922.68</ele>
    </rtept>
    <rtept lat="45.64531859" lon="15.09174021" >
      <name>rte1_754</name>
      <ele>926.90</ele>
    </rtept>
    <rtept lat="45.64534554" lon="15.09180440" >
      <name>rte1_755</name>
      <ele>922.00</ele>
    </rtept>
    <rtept lat="45.64536345" lon="15.09190065" >
      <name>rte1_756</name>
      <ele>922.00</ele>
    </rtept>
    <rtept lat="45.64536789" lon="15.09197763" >
      <name>rte1_757</name>
      <ele>922.00</ele>
    </rtept>
    <rtept lat="45.64536782" lon="15.09206102" >
      <name>rte1_758</name>
      <ele>922.00</ele>
    </rtept>
    <rtept lat="45.64537226" lon="15.09213158" >
      <name>rte1_759</name>
      <ele>922.20</ele>
    </rtept>
    <rtept lat="45.64537670" lon="15.09220215" >
      <name>rte1_760</name>
      <ele>922.20</ele>
    </rtept>
    <rtept lat="45.64537664" lon="15.09227271" >
      <name>rte1_761</name>
      <ele>922.20</ele>
    </rtept>
    <rtept lat="45.64538109" lon="15.09233686" >
      <name>rte1_762</name>
      <ele>922.20</ele>
    </rtept>
    <rtept lat="45.64538103" lon="15.09240742" >
      <name>rte1_763</name>
      <ele>922.20</ele>
    </rtept>
    <rtept lat="45.64538548" lon="15.09247158" >
      <name>rte1_764</name>
      <ele>925.76</ele>
    </rtept>
    <rtept lat="45.64538537" lon="15.09259987" >
      <name>rte1_765</name>
      <ele>925.76</ele>
    </rtept>
    <rtept lat="45.64538981" lon="15.09267043" >
      <name>rte1_766</name>
      <ele>925.76</ele>
    </rtept>
    <rtept lat="45.64538976" lon="15.09274099" >
      <name>rte1_767</name>
      <ele>927.38</ele>
    </rtept>
    <rtept lat="45.64539420" lon="15.09281156" >
      <name>rte1_768</name>
      <ele>927.38</ele>
    </rtept>
    <rtept lat="45.64539413" lon="15.09288853" >
      <name>rte1_769</name>
      <ele>927.38</ele>
    </rtept>
    <rtept lat="45.64539857" lon="15.09296552" >
      <name>rte1_770</name>
      <ele>927.38</ele>
    </rtept>
    <rtept lat="45.64540299" lon="15.09305533" >
      <name>rte1_771</name>
      <ele>924.52</ele>
    </rtept>
    <rtept lat="45.64540290" lon="15.09317079" >
      <name>rte1_772</name>
      <ele>924.52</ele>
    </rtept>
    <rtept lat="45.64540281" lon="15.09327984" >
      <name>rte1_773</name>
      <ele>924.52</ele>
    </rtept>
    <rtept lat="45.64540272" lon="15.09338247" >
      <name>rte1_774</name>
      <ele>930.00</ele>
    </rtept>
    <rtept lat="45.64540264" lon="15.09347869" >
      <name>rte1_775</name>
      <ele>930.00</ele>
    </rtept>
    <rtept lat="45.64539806" lon="15.09357490" >
      <name>rte1_776</name>
      <ele>930.00</ele>
    </rtept>
    <rtept lat="45.64539349" lon="15.09366469" >
      <name>rte1_777</name>
      <ele>930.00</ele>
    </rtept>
    <rtept lat="45.64539341" lon="15.09376091" >
      <name>rte1_778</name>
      <ele>927.18</ele>
    </rtept>
    <rtept lat="45.64538883" lon="15.09385070" >
      <name>rte1_779</name>
      <ele>927.18</ele>
    </rtept>
    <rtept lat="45.64538876" lon="15.09394051" >
      <name>rte1_780</name>
      <ele>927.18</ele>
    </rtept>
    <rtept lat="45.64538418" lon="15.09403030" >
      <name>rte1_781</name>
      <ele>925.45</ele>
    </rtept>
    <rtept lat="45.64538411" lon="15.09412011" >
      <name>rte1_782</name>
      <ele>925.45</ele>
    </rtept>
    <rtept lat="45.64538402" lon="15.09421632" >
      <name>rte1_783</name>
      <ele>925.45</ele>
    </rtept>
    <rtept lat="45.64538394" lon="15.09431896" >
      <name>rte1_784</name>
      <ele>925.45</ele>
    </rtept>
    <rtept lat="45.64538835" lon="15.09442160" >
      <name>rte1_785</name>
      <ele>924.78</ele>
    </rtept>
    <rtept lat="45.64539276" lon="15.09453065" >
      <name>rte1_786</name>
      <ele>924.78</ele>
    </rtept>
    <rtept lat="45.64540165" lon="15.09465254" >
      <name>rte1_787</name>
      <ele>924.78</ele>
    </rtept>
    <rtept lat="45.64542405" lon="15.09477446" >
      <name>rte1_788</name>
      <ele>920.00</ele>
    </rtept>
    <rtept lat="45.64545098" lon="15.09485148" >
      <name>rte1_789</name>
      <ele>920.00</ele>
    </rtept>
    <rtept lat="45.64548689" lon="15.09494134" >
      <name>rte1_790</name>
      <ele>920.00</ele>
    </rtept>
    <rtept lat="45.64541931" lon="15.09505027" >
      <name>rte1_791</name>
      <ele>920.00</ele>
    </rtept>
    <rtept lat="45.64536534" lon="15.09503735" >
      <name>rte1_792</name>
      <ele>920.00</ele>
    </rtept>
    <rtept lat="45.64531135" lon="15.09503084" >
      <name>rte1_793</name>
      <ele>920.00</ele>
    </rtept>
    <rtept lat="45.64525737" lon="15.09502434" >
      <name>rte1_794</name>
      <ele>920.00</ele>
    </rtept>
    <rtept lat="45.64520338" lon="15.09502424" >
      <name>rte1_795</name>
      <ele>920.00</ele>
    </rtept>
    <rtept lat="45.64514939" lon="15.09501774" >
      <name>rte1_796</name>
      <ele>920.00</ele>
    </rtept>
    <rtept lat="45.64509990" lon="15.09501765" >
      <name>rte1_797</name>
      <ele>920.00</ele>
    </rtept>
    <rtept lat="45.64504591" lon="15.09501756" >
      <name>rte1_798</name>
      <ele>920.00</ele>
    </rtept>
    <rtept lat="45.64500092" lon="15.09501748" >
      <name>rte1_799</name>
      <ele>920.00</ele>
    </rtept>
    <rtept lat="45.64494694" lon="15.09501097" >
      <name>rte1_800</name>
      <ele>920.00</ele>
    </rtept>
    <rtept lat="45.64489745" lon="15.09500447" >
      <name>rte1_801</name>
      <ele>920.00</ele>
    </rtept>
    <rtept lat="45.64484797" lon="15.09499797" >
      <name>rte1_802</name>
      <ele>920.00</ele>
    </rtept>
    <rtept lat="45.64479398" lon="15.09499147" >
      <name>rte1_803</name>
      <ele>920.00</ele>
    </rtept>
    <rtept lat="45.64474000" lon="15.09497854" >
      <name>rte1_804</name>
      <ele>920.00</ele>
    </rtept>
    <rtept lat="45.64468602" lon="15.09496562" >
      <name>rte1_805</name>
      <ele>920.00</ele>
    </rtept>
    <rtept lat="45.64463204" lon="15.09495911" >
      <name>rte1_806</name>
      <ele>920.00</ele>
    </rtept>
    <rtept lat="45.64457806" lon="15.09494619" >
      <name>rte1_807</name>
      <ele>920.00</ele>
    </rtept>
    <rtept lat="45.64452408" lon="15.09493968" >
      <name>rte1_808</name>
      <ele>920.00</ele>
    </rtept>
    <rtept lat="45.64447009" lon="15.09493318" >
      <name>rte1_809</name>
      <ele>920.00</ele>
    </rtept>
    <rtept lat="45.64442061" lon="15.09492668" >
      <name>rte1_810</name>
      <ele>920.00</ele>
    </rtept>
    <rtept lat="45.64436662" lon="15.09492017" >
      <name>rte1_811</name>
      <ele>912.25</ele>
    </rtept>
    <rtept lat="45.64431263" lon="15.09492649" >
      <name>rte1_812</name>
      <ele>912.25</ele>
    </rtept>
    <rtept lat="45.64426313" lon="15.09493282" >
      <name>rte1_813</name>
      <ele>912.25</ele>
    </rtept>
    <rtept lat="45.64421364" lon="15.09493915" >
      <name>rte1_814</name>
      <ele>912.25</ele>
    </rtept>
    <rtept lat="45.64416863" lon="15.09495832" >
      <name>rte1_815</name>
      <ele>910.00</ele>
    </rtept>
    <rtept lat="45.64408312" lon="15.09499024" >
      <name>rte1_816</name>
      <ele>910.00</ele>
    </rtept>
    <rtept lat="45.64401110" lon="15.09502860" >
      <name>rte1_817</name>
      <ele>910.00</ele>
    </rtept>
    <rtept lat="45.64394808" lon="15.09506057" >
      <name>rte1_818</name>
      <ele>910.00</ele>
    </rtept>
    <rtept lat="45.64389856" lon="15.09509897" >
      <name>rte1_819</name>
      <ele>910.00</ele>
    </rtept>
    <rtept lat="45.64385804" lon="15.09513738" >
      <name>rte1_820</name>
      <ele>910.00</ele>
    </rtept>
    <rtept lat="45.64381751" lon="15.09517580" >
      <name>rte1_821</name>
      <ele>910.00</ele>
    </rtept>
    <rtept lat="45.64375445" lon="15.09525908" >
      <name>rte1_822</name>
      <ele>910.00</ele>
    </rtept>
    <rtept lat="45.64369589" lon="15.09534878" >
      <name>rte1_823</name>
      <ele>912.80</ele>
    </rtept>
    <rtept lat="45.64365986" lon="15.09539361" >
      <name>rte1_824</name>
      <ele>912.80</ele>
    </rtept>
    <rtept lat="45.64361932" lon="15.09543844" >
      <name>rte1_825</name>
      <ele>912.80</ele>
    </rtept>
    <rtept lat="45.64356979" lon="15.09548967" >
      <name>rte1_826</name>
      <ele>912.80</ele>
    </rtept>
    <rtept lat="45.64351576" lon="15.09554089" >
      <name>rte1_827</name>
      <ele>912.80</ele>
    </rtept>
    <rtept lat="45.64344822" lon="15.09559851" >
      <name>rte1_828</name>
      <ele>910.00</ele>
    </rtept>
    <rtept lat="45.64337169" lon="15.09565610" >
      <name>rte1_829</name>
      <ele>914.69</ele>
    </rtept>
    <rtept lat="45.64330417" lon="15.09569447" >
      <name>rte1_830</name>
      <ele>914.69</ele>
    </rtept>
    <rtept lat="45.64324115" lon="15.09572643" >
      <name>rte1_831</name>
      <ele>907.06</ele>
    </rtept>
    <rtept lat="45.64317814" lon="15.09575198" >
      <name>rte1_832</name>
      <ele>907.06</ele>
    </rtept>
    <rtept lat="45.64311513" lon="15.09577753" >
      <name>rte1_833</name>
      <ele>907.06</ele>
    </rtept>
    <rtept lat="45.64305213" lon="15.09579666" >
      <name>rte1_834</name>
      <ele>907.06</ele>
    </rtept>
    <rtept lat="45.64299363" lon="15.09580939" >
      <name>rte1_835</name>
      <ele>903.41</ele>
    </rtept>
    <rtept lat="45.64293063" lon="15.09582211" >
      <name>rte1_836</name>
      <ele>903.41</ele>
    </rtept>
    <rtept lat="45.64287212" lon="15.09584125" >
      <name>rte1_837</name>
      <ele>903.41</ele>
    </rtept>
    <rtept lat="45.64281362" lon="15.09585397" >
      <name>rte1_838</name>
      <ele>900.00</ele>
    </rtept>
    <rtept lat="45.64275512" lon="15.09587312" >
      <name>rte1_839</name>
      <ele>900.00</ele>
    </rtept>
    <rtept lat="45.64269661" lon="15.09589226" >
      <name>rte1_840</name>
      <ele>900.00</ele>
    </rtept>
    <rtept lat="45.64263810" lon="15.09592423" >
      <name>rte1_841</name>
      <ele>900.00</ele>
    </rtept>
    <rtept lat="45.64257958" lon="15.09595620" >
      <name>rte1_842</name>
      <ele>903.53</ele>
    </rtept>
    <rtept lat="45.64252106" lon="15.09599458" >
      <name>rte1_843</name>
      <ele>903.53</ele>
    </rtept>
    <rtept lat="45.64246252" lon="15.09604579" >
      <name>rte1_844</name>
      <ele>903.53</ele>
    </rtept>
    <rtept lat="45.64240848" lon="15.09610984" >
      <name>rte1_845</name>
      <ele>903.53</ele>
    </rtept>
    <rtept lat="45.64235444" lon="15.09617389" >
      <name>rte1_846</name>
      <ele>893.58</ele>
    </rtept>
    <rtept lat="45.64230490" lon="15.09623153" >
      <name>rte1_847</name>
      <ele>893.58</ele>
    </rtept>
    <rtept lat="45.64226435" lon="15.09628918" >
      <name>rte1_848</name>
      <ele>905.17</ele>
    </rtept>
    <rtept lat="45.64222382" lon="15.09634043" >
      <name>rte1_849</name>
      <ele>905.17</ele>
    </rtept>
    <rtept lat="45.64219228" lon="15.09639168" >
      <name>rte1_850</name>
      <ele>905.17</ele>
    </rtept>
    <rtept lat="45.64216074" lon="15.09644294" >
      <name>rte1_851</name>
      <ele>905.17</ele>
    </rtept>
    <rtept lat="45.64212920" lon="15.09649420" >
      <name>rte1_852</name>
      <ele>893.20</ele>
    </rtept>
    <rtept lat="45.64209766" lon="15.09654546" >
      <name>rte1_853</name>
      <ele>893.20</ele>
    </rtept>
    <rtept lat="45.64207063" lon="15.09659672" >
      <name>rte1_854</name>
      <ele>902.00</ele>
    </rtept>
    <rtept lat="45.64203908" lon="15.09665440" >
      <name>rte1_855</name>
      <ele>902.00</ele>
    </rtept>
    <rtept lat="45.64200304" lon="15.09671206" >
      <name>rte1_856</name>
      <ele>902.00</ele>
    </rtept>
    <rtept lat="45.64196700" lon="15.09676972" >
      <name>rte1_857</name>
      <ele>902.00</ele>
    </rtept>
    <rtept lat="45.64192645" lon="15.09683379" >
      <name>rte1_858</name>
      <ele>902.00</ele>
    </rtept>
    <rtept lat="45.64188140" lon="15.09690427" >
      <name>rte1_859</name>
      <ele>898.60</ele>
    </rtept>
    <rtept lat="45.64182734" lon="15.09698115" >
      <name>rte1_860</name>
      <ele>898.60</ele>
    </rtept>
    <rtept lat="45.64177327" lon="15.09707085" >
      <name>rte1_861</name>
      <ele>898.60</ele>
    </rtept>
    <rtept lat="45.64173724" lon="15.09711568" >
      <name>rte1_862</name>
      <ele>898.60</ele>
    </rtept>
    <rtept lat="45.64170571" lon="15.09716053" >
      <name>rte1_863</name>
      <ele>898.60</ele>
    </rtept>
    <rtept lat="45.64167417" lon="15.09720537" >
      <name>rte1_864</name>
      <ele>895.00</ele>
    </rtept>
    <rtept lat="45.64164264" lon="15.09725663" >
      <name>rte1_865</name>
      <ele>899.75</ele>
    </rtept>
    <rtept lat="45.64158857" lon="15.09734633" >
      <name>rte1_866</name>
      <ele>899.75</ele>
    </rtept>
    <rtept lat="45.64153449" lon="15.09744244" >
      <name>rte1_867</name>
      <ele>899.75</ele>
    </rtept>
    <rtept lat="45.64148942" lon="15.09753858" >
      <name>rte1_868</name>
      <ele>904.74</ele>
    </rtept>
    <rtept lat="45.64144884" lon="15.09764113" >
      <name>rte1_869</name>
      <ele>895.00</ele>
    </rtept>
    <rtept lat="45.64140826" lon="15.09774368" >
      <name>rte1_870</name>
      <ele>895.00</ele>
    </rtept>
    <rtept lat="45.64137666" lon="15.09785908" >
      <name>rte1_871</name>
      <ele>895.00</ele>
    </rtept>
    <rtept lat="45.64134961" lon="15.09792317" >
      <name>rte1_872</name>
      <ele>895.00</ele>
    </rtept>
    <rtept lat="45.64132706" lon="15.09798086" >
      <name>rte1_873</name>
      <ele>895.00</ele>
    </rtept>
    <rtept lat="45.64130002" lon="15.09803212" >
      <name>rte1_874</name>
      <ele>895.00</ele>
    </rtept>
    <rtept lat="45.64126399" lon="15.09808337" >
      <name>rte1_875</name>
      <ele>895.00</ele>
    </rtept>
    <rtept lat="45.64124143" lon="15.09814747" >
      <name>rte1_876</name>
      <ele>892.13</ele>
    </rtept>
    <rtept lat="45.64121888" lon="15.09821157" >
      <name>rte1_877</name>
      <ele>894.72</ele>
    </rtept>
    <rtept lat="45.64119634" lon="15.09826926" >
      <name>rte1_878</name>
      <ele>894.72</ele>
    </rtept>
    <rtept lat="45.64117829" lon="15.09832695" >
      <name>rte1_879</name>
      <ele>894.72</ele>
    </rtept>
    <rtept lat="45.64113320" lon="15.09843591" >
      <name>rte1_880</name>
      <ele>894.72</ele>
    </rtept>
    <rtept lat="45.64110616" lon="15.09849359" >
      <name>rte1_881</name>
      <ele>894.72</ele>
    </rtept>
    <rtept lat="45.64107910" lon="15.09856410" >
      <name>rte1_882</name>
      <ele>896.28</ele>
    </rtept>
    <rtept lat="45.64103855" lon="15.09863458" >
      <name>rte1_883</name>
      <ele>896.28</ele>
    </rtept>
    <rtept lat="45.64100700" lon="15.09869866" >
      <name>rte1_884</name>
      <ele>889.56</ele>
    </rtept>
    <rtept lat="45.64097095" lon="15.09875632" >
      <name>rte1_885</name>
      <ele>889.56</ele>
    </rtept>
    <rtept lat="45.64093491" lon="15.09880757" >
      <name>rte1_886</name>
      <ele>889.56</ele>
    </rtept>
    <rtept lat="45.64090337" lon="15.09886524" >
      <name>rte1_887</name>
      <ele>890.00</ele>
    </rtept>
    <rtept lat="45.64087182" lon="15.09892291" >
      <name>rte1_888</name>
      <ele>890.00</ele>
    </rtept>
    <rtept lat="45.64084027" lon="15.09898699" >
      <name>rte1_889</name>
      <ele>890.00</ele>
    </rtept>
    <rtept lat="45.64080871" lon="15.09907032" >
      <name>rte1_890</name>
      <ele>890.00</ele>
    </rtept>
    <rtept lat="45.64076812" lon="15.09917928" >
      <name>rte1_891</name>
      <ele>895.00</ele>
    </rtept>
    <rtept lat="45.64074103" lon="15.09928186" >
      <name>rte1_892</name>
      <ele>895.00</ele>
    </rtept>
    <rtept lat="45.64072294" lon="15.09938445" >
      <name>rte1_893</name>
      <ele>895.00</ele>
    </rtept>
    <rtept lat="45.64070486" lon="15.09948063" >
      <name>rte1_894</name>
      <ele>893.28</ele>
    </rtept>
    <rtept lat="45.64068678" lon="15.09957681" >
      <name>rte1_895</name>
      <ele>893.28</ele>
    </rtept>
    <rtept lat="45.64066420" lon="15.09967297" >
      <name>rte1_896</name>
      <ele>893.28</ele>
    </rtept>
    <rtept lat="45.64063262" lon="15.09976913" >
      <name>rte1_897</name>
      <ele>893.28</ele>
    </rtept>
    <rtept lat="45.64058753" lon="15.09987808" >
      <name>rte1_898</name>
      <ele>892.37</ele>
    </rtept>
    <rtept lat="45.64054247" lon="15.09995497" >
      <name>rte1_899</name>
      <ele>891.55</ele>
    </rtept>
    <rtept lat="45.64049741" lon="15.10003186" >
      <name>rte1_900</name>
      <ele>891.55</ele>
    </rtept>
    <rtept lat="45.64045686" lon="15.10010234" >
      <name>rte1_901</name>
      <ele>893.02</ele>
    </rtept>
    <rtept lat="45.64041181" lon="15.10016639" >
      <name>rte1_902</name>
      <ele>893.02</ele>
    </rtept>
    <rtept lat="45.64036676" lon="15.10022404" >
      <name>rte1_903</name>
      <ele>893.02</ele>
    </rtept>
    <rtept lat="45.64032622" lon="15.10028169" >
      <name>rte1_904</name>
      <ele>880.00</ele>
    </rtept>
    <rtept lat="45.64028118" lon="15.10033292" >
      <name>rte1_905</name>
      <ele>880.00</ele>
    </rtept>
    <rtept lat="45.64024064" lon="15.10038416" >
      <name>rte1_906</name>
      <ele>880.00</ele>
    </rtept>
    <rtept lat="45.64019560" lon="15.10044180" >
      <name>rte1_907</name>
      <ele>880.09</ele>
    </rtept>
    <rtept lat="45.64015506" lon="15.10049304" >
      <name>rte1_908</name>
      <ele>880.09</ele>
    </rtept>
    <rtept lat="45.64011002" lon="15.10055068" >
      <name>rte1_909</name>
      <ele>880.00</ele>
    </rtept>
    <rtept lat="45.64006498" lon="15.10060832" >
      <name>rte1_910</name>
      <ele>880.00</ele>
    </rtept>
    <rtept lat="45.64001993" lon="15.10067238" >
      <name>rte1_911</name>
      <ele>880.00</ele>
    </rtept>
    <rtept lat="45.63997938" lon="15.10073645" >
      <name>rte1_912</name>
      <ele>880.00</ele>
    </rtept>
    <rtept lat="45.63993432" lon="15.10081333" >
      <name>rte1_913</name>
      <ele>880.00</ele>
    </rtept>
    <rtept lat="45.63988925" lon="15.10089663" >
      <name>rte1_914</name>
      <ele>880.00</ele>
    </rtept>
    <rtept lat="45.63983517" lon="15.10099915" >
      <name>rte1_915</name>
      <ele>880.00</ele>
    </rtept>
    <rtept lat="45.63979008" lon="15.10110169" >
      <name>rte1_916</name>
      <ele>876.30</ele>
    </rtept>
    <rtept lat="45.63974951" lon="15.10119783" >
      <name>rte1_917</name>
      <ele>876.30</ele>
    </rtept>
    <rtept lat="45.63971343" lon="15.10129397" >
      <name>rte1_918</name>
      <ele>876.30</ele>
    </rtept>
    <rtept lat="45.63968184" lon="15.10139012" >
      <name>rte1_919</name>
      <ele>870.00</ele>
    </rtept>
    <rtept lat="45.63964127" lon="15.10148625" >
      <name>rte1_920</name>
      <ele>870.00</ele>
    </rtept>
    <rtept lat="45.63960068" lon="15.10158880" >
      <name>rte1_921</name>
      <ele>870.00</ele>
    </rtept>
    <rtept lat="45.63957363" lon="15.10164647" >
      <name>rte1_922</name>
      <ele>870.00</ele>
    </rtept>
    <rtept lat="45.63955108" lon="15.10170416" >
      <name>rte1_923</name>
      <ele>870.00</ele>
    </rtept>
    <rtept lat="45.63950602" lon="15.10178746" >
      <name>rte1_924</name>
      <ele>870.00</ele>
    </rtept>
    <rtept lat="45.63946096" lon="15.10185792" >
      <name>rte1_925</name>
      <ele>870.00</ele>
    </rtept>
    <rtept lat="45.63941591" lon="15.10192198" >
      <name>rte1_926</name>
      <ele>870.00</ele>
    </rtept>
    <rtept lat="45.63937536" lon="15.10198604" >
      <name>rte1_927</name>
      <ele>870.00</ele>
    </rtept>
    <rtept lat="45.63933481" lon="15.10205011" >
      <name>rte1_928</name>
      <ele>867.00</ele>
    </rtept>
    <rtept lat="45.63929426" lon="15.10211417" >
      <name>rte1_929</name>
      <ele>867.00</ele>
    </rtept>
    <rtept lat="45.63925370" lon="15.10219106" >
      <name>rte1_930</name>
      <ele>867.00</ele>
    </rtept>
    <rtept lat="45.63921312" lon="15.10228078" >
      <name>rte1_931</name>
      <ele>867.90</ele>
    </rtept>
    <rtept lat="45.63917706" lon="15.10235768" >
      <name>rte1_932</name>
      <ele>860.00</ele>
    </rtept>
    <rtept lat="45.63914550" lon="15.10243459" >
      <name>rte1_933</name>
      <ele>860.00</ele>
    </rtept>
    <rtept lat="45.63911394" lon="15.10250508" >
      <name>rte1_934</name>
      <ele>860.00</ele>
    </rtept>
    <rtept lat="45.63908688" lon="15.10257558" >
      <name>rte1_935</name>
      <ele>860.00</ele>
    </rtept>
    <rtept lat="45.63906432" lon="15.10264609" >
      <name>rte1_936</name>
      <ele>860.00</ele>
    </rtept>
    <rtept lat="45.63903727" lon="15.10271018" >
      <name>rte1_937</name>
      <ele>860.00</ele>
    </rtept>
    <rtept lat="45.63901471" lon="15.10277427" >
      <name>rte1_938</name>
      <ele>860.00</ele>
    </rtept>
    <rtept lat="45.63899216" lon="15.10283837" >
      <name>rte1_939</name>
      <ele>860.00</ele>
    </rtept>
    <rtept lat="45.63896510" lon="15.10290246" >
      <name>rte1_940</name>
      <ele>860.00</ele>
    </rtept>
    <rtept lat="45.63894255" lon="15.10296655" >
      <name>rte1_941</name>
      <ele>860.00</ele>
    </rtept>
    <rtept lat="45.63891549" lon="15.10303705" >
      <name>rte1_942</name>
      <ele>860.00</ele>
    </rtept>
    <rtept lat="45.63888843" lon="15.10310114" >
      <name>rte1_943</name>
      <ele>860.00</ele>
    </rtept>
    <rtept lat="45.63886138" lon="15.10317164" >
      <name>rte1_944</name>
      <ele>860.00</ele>
    </rtept>
    <rtept lat="45.63882982" lon="15.10324214" >
      <name>rte1_945</name>
      <ele>860.00</ele>
    </rtept>
    <rtept lat="45.63879826" lon="15.10331263" >
      <name>rte1_946</name>
      <ele>862.94</ele>
    </rtept>
    <rtept lat="45.63876219" lon="15.10339594" >
      <name>rte1_947</name>
      <ele>860.00</ele>
    </rtept>
    <rtept lat="45.63872615" lon="15.10344718" >
      <name>rte1_948</name>
      <ele>860.00</ele>
    </rtept>
    <rtept lat="45.63869011" lon="15.10349201" >
      <name>rte1_949</name>
      <ele>860.00</ele>
    </rtept>
    <rtept lat="45.63861807" lon="15.10355601" >
      <name>rte1_950</name>
      <ele>860.00</ele>
    </rtept>
    <rtept lat="45.63854152" lon="15.10362001" >
      <name>rte1_951</name>
      <ele>860.00</ele>
    </rtept>
    <rtept lat="45.63850549" lon="15.10366484" >
      <name>rte1_952</name>
      <ele>860.20</ele>
    </rtept>
    <rtept lat="45.63846944" lon="15.10372249" >
      <name>rte1_953</name>
      <ele>860.20</ele>
    </rtept>
    <rtept lat="45.63842888" lon="15.10379297" >
      <name>rte1_954</name>
      <ele>860.20</ele>
    </rtept>
    <rtept lat="45.63839732" lon="15.10386987" >
      <name>rte1_955</name>
      <ele>860.20</ele>
    </rtept>
    <rtept lat="45.63837476" lon="15.10394038" >
      <name>rte1_956</name>
      <ele>860.20</ele>
    </rtept>
    <rtept lat="45.63835220" lon="15.10401089" >
      <name>rte1_957</name>
      <ele>857.70</ele>
    </rtept>
    <rtept lat="45.63833414" lon="15.10407499" >
      <name>rte1_958</name>
      <ele>857.70</ele>
    </rtept>
    <rtept lat="45.63830708" lon="15.10414549" >
      <name>rte1_959</name>
      <ele>850.00</ele>
    </rtept>
    <rtept lat="45.63827551" lon="15.10422240" >
      <name>rte1_960</name>
      <ele>850.00</ele>
    </rtept>
    <rtept lat="45.63823945" lon="15.10429929" >
      <name>rte1_961</name>
      <ele>852.57</ele>
    </rtept>
    <rtept lat="45.63817189" lon="15.10438254" >
      <name>rte1_962</name>
      <ele>852.57</ele>
    </rtept>
    <rtept lat="45.63810434" lon="15.10444655" >
      <name>rte1_963</name>
      <ele>852.57</ele>
    </rtept>
    <rtept lat="45.63803680" lon="15.10450415" >
      <name>rte1_964</name>
      <ele>850.00</ele>
    </rtept>
    <rtept lat="45.63796923" lon="15.10458740" >
      <name>rte1_965</name>
      <ele>850.00</ele>
    </rtept>
    <rtept lat="45.63791969" lon="15.10464503" >
      <name>rte1_966</name>
      <ele>850.00</ele>
    </rtept>
    <rtept lat="45.63787914" lon="15.10470909" >
      <name>rte1_967</name>
      <ele>850.00</ele>
    </rtept>
    <rtept lat="45.63783410" lon="15.10476031" >
      <name>rte1_968</name>
      <ele>847.20</ele>
    </rtept>
    <rtept lat="45.63779356" lon="15.10481155" >
      <name>rte1_969</name>
      <ele>847.20</ele>
    </rtept>
    <rtept lat="45.63775302" lon="15.10486278" >
      <name>rte1_970</name>
      <ele>847.20</ele>
    </rtept>
    <rtept lat="45.63771248" lon="15.10491401" >
      <name>rte1_971</name>
      <ele>850.00</ele>
    </rtept>
    <rtept lat="45.63767194" lon="15.10495883" >
      <name>rte1_972</name>
      <ele>850.00</ele>
    </rtept>
    <rtept lat="45.63763591" lon="15.10500366" >
      <name>rte1_973</name>
      <ele>840.00</ele>
    </rtept>
    <rtept lat="45.63759537" lon="15.10504847" >
      <name>rte1_974</name>
      <ele>840.00</ele>
    </rtept>
    <rtept lat="45.63755934" lon="15.10509330" >
      <name>rte1_975</name>
      <ele>840.00</ele>
    </rtept>
    <rtept lat="45.63751880" lon="15.10513812" >
      <name>rte1_976</name>
      <ele>840.00</ele>
    </rtept>
    <rtept lat="45.63747826" lon="15.10518935" >
      <name>rte1_977</name>
      <ele>840.00</ele>
    </rtept>
    <rtept lat="45.63744222" lon="15.10524059" >
      <name>rte1_978</name>
      <ele>840.00</ele>
    </rtept>
    <rtept lat="45.63740168" lon="15.10529182" >
      <name>rte1_979</name>
      <ele>840.00</ele>
    </rtept>
    <rtept lat="45.63736113" lon="15.10534947" >
      <name>rte1_980</name>
      <ele>840.00</ele>
    </rtept>
    <rtept lat="45.63732058" lon="15.10541353" >
      <name>rte1_981</name>
      <ele>840.00</ele>
    </rtept>
    <rtept lat="45.63726651" lon="15.10549680" >
      <name>rte1_982</name>
      <ele>840.00</ele>
    </rtept>
    <rtept lat="45.63722144" lon="15.10558650" >
      <name>rte1_983</name>
      <ele>840.00</ele>
    </rtept>
    <rtept lat="45.63718537" lon="15.10566981" >
      <name>rte1_984</name>
      <ele>834.40</ele>
    </rtept>
    <rtept lat="45.63715379" lon="15.10575313" >
      <name>rte1_985</name>
      <ele>834.40</ele>
    </rtept>
    <rtept lat="45.63712671" lon="15.10584287" >
      <name>rte1_986</name>
      <ele>834.40</ele>
    </rtept>
    <rtept lat="45.63710414" lon="15.10592620" >
      <name>rte1_987</name>
      <ele>835.40</ele>
    </rtept>
    <rtept lat="45.63708157" lon="15.10600953" >
      <name>rte1_988</name>
      <ele>835.40</ele>
    </rtept>
    <rtept lat="45.63706348" lon="15.10609929" >
      <name>rte1_989</name>
      <ele>835.40</ele>
    </rtept>
    <rtept lat="45.63704091" lon="15.10618262" >
      <name>rte1_990</name>
      <ele>835.40</ele>
    </rtept>
    <rtept lat="45.63702283" lon="15.10627238" >
      <name>rte1_991</name>
      <ele>840.00</ele>
    </rtept>
    <rtept lat="45.63700025" lon="15.10636212" >
      <name>rte1_992</name>
      <ele>840.00</ele>
    </rtept>
    <rtept lat="45.63697767" lon="15.10645187" >
      <name>rte1_993</name>
      <ele>840.00</ele>
    </rtept>
    <rtept lat="45.63695509" lon="15.10654162" >
      <name>rte1_994</name>
      <ele>835.50</ele>
    </rtept>
    <rtept lat="45.63692351" lon="15.10663135" >
      <name>rte1_995</name>
      <ele>835.50</ele>
    </rtept>
    <rtept lat="45.63688742" lon="15.10672748" >
      <name>rte1_996</name>
      <ele>835.50</ele>
    </rtept>
    <rtept lat="45.63684683" lon="15.10683002" >
      <name>rte1_997</name>
      <ele>840.00</ele>
    </rtept>
    <rtept lat="45.63681528" lon="15.10688768" >
      <name>rte1_998</name>
      <ele>840.00</ele>
    </rtept>
    <rtept lat="45.63678373" lon="15.10694534" >
      <name>rte1_999</name>
      <ele>840.00</ele>
    </rtept>
    <rtept lat="45.63674769" lon="15.10699658" >
      <name>rte1_1000</name>
      <ele>840.00</ele>
    </rtept>
    <rtept lat="45.63671616" lon="15.10704141" >
      <name>rte1_1001</name>
      <ele>830.00</ele>
    </rtept>
    <rtept lat="45.63664410" lon="15.10711823" >
      <name>rte1_1002</name>
      <ele>830.00</ele>
    </rtept>
    <rtept lat="45.63657654" lon="15.10718865" >
      <name>rte1_1003</name>
      <ele>830.00</ele>
    </rtept>
    <rtept lat="45.63650449" lon="15.10725265" >
      <name>rte1_1004</name>
      <ele>830.00</ele>
    </rtept>
    <rtept lat="45.63643243" lon="15.10732947" >
      <name>rte1_1005</name>
      <ele>830.00</ele>
    </rtept>
    <rtept lat="45.63639640" lon="15.10737429" >
      <name>rte1_1006</name>
      <ele>830.00</ele>
    </rtept>
    <rtept lat="45.63636036" lon="15.10741912" >
      <name>rte1_1007</name>
      <ele>830.00</ele>
    </rtept>
    <rtept lat="45.63632432" lon="15.10747036" >
      <name>rte1_1008</name>
      <ele>830.00</ele>
    </rtept>
    <rtept lat="45.63629276" lon="15.10753443" >
      <name>rte1_1009</name>
      <ele>830.00</ele>
    </rtept>
    <rtept lat="45.63625671" lon="15.10759850" >
      <name>rte1_1010</name>
      <ele>830.00</ele>
    </rtept>
    <rtept lat="45.63622515" lon="15.10766257" >
      <name>rte1_1011</name>
      <ele>830.00</ele>
    </rtept>
    <rtept lat="45.63619810" lon="15.10772024" >
      <name>rte1_1012</name>
      <ele>830.00</ele>
    </rtept>
    <rtept lat="45.63617555" lon="15.10778433" >
      <name>rte1_1013</name>
      <ele>830.00</ele>
    </rtept>
    <rtept lat="45.63615300" lon="15.10784201" >
      <name>rte1_1014</name>
      <ele>830.00</ele>
    </rtept>
    <rtept lat="45.63613494" lon="15.10789969" >
      <name>rte1_1015</name>
      <ele>830.00</ele>
    </rtept>
    <rtept lat="45.63610334" lon="15.10801507" >
      <name>rte1_1016</name>
      <ele>830.00</ele>
    </rtept>
    <rtept lat="45.63606723" lon="15.10813044" >
      <name>rte1_1017</name>
      <ele>835.00</ele>
    </rtept>
    <rtept lat="45.63605367" lon="15.10819455" >
      <name>rte1_1018</name>
      <ele>830.00</ele>
    </rtept>
    <rtept lat="45.63603562" lon="15.10825224" >
      <name>rte1_1019</name>
      <ele>830.00</ele>
    </rtept>
    <rtept lat="45.63601307" lon="15.10831633" >
      <name>rte1_1020</name>
      <ele>830.00</ele>
    </rtept>
    <rtept lat="45.63599050" lon="15.10838683" >
      <name>rte1_1021</name>
      <ele>830.00</ele>
    </rtept>
    <rtept lat="45.63596794" lon="15.10845092" >
      <name>rte1_1022</name>
      <ele>835.38</ele>
    </rtept>
    <rtept lat="45.63594087" lon="15.10852783" >
      <name>rte1_1023</name>
      <ele>835.38</ele>
    </rtept>
    <rtept lat="45.63591382" lon="15.10858550" >
      <name>rte1_1024</name>
      <ele>835.38</ele>
    </rtept>
    <rtept lat="45.63588677" lon="15.10864317" >
      <name>rte1_1025</name>
      <ele>835.38</ele>
    </rtept>
    <rtept lat="45.63583269" lon="15.10873926" >
      <name>rte1_1026</name>
      <ele>830.00</ele>
    </rtept>
    <rtept lat="45.63577412" lon="15.10882252" >
      <name>rte1_1027</name>
      <ele>840.00</ele>
    </rtept>
    <rtept lat="45.63573808" lon="15.10886734" >
      <name>rte1_1028</name>
      <ele>840.00</ele>
    </rtept>
    <rtept lat="45.63569755" lon="15.10891216" >
      <name>rte1_1029</name>
      <ele>840.00</ele>
    </rtept>
    <rtept lat="45.63564348" lon="15.10899543" >
      <name>rte1_1030</name>
      <ele>840.00</ele>
    </rtept>
    <rtept lat="45.63560291" lon="15.10907231" >
      <name>rte1_1031</name>
      <ele>840.00</ele>
    </rtept>
    <rtept lat="45.63556235" lon="15.10914277" >
      <name>rte1_1032</name>
      <ele>840.00</ele>
    </rtept>
    <rtept lat="45.63551727" lon="15.10923247" >
      <name>rte1_1033</name>
      <ele>840.00</ele>
    </rtept>
    <rtept lat="45.63546771" lon="15.10930934" >
      <name>rte1_1034</name>
      <ele>840.00</ele>
    </rtept>
    <rtept lat="45.63542265" lon="15.10937979" >
      <name>rte1_1035</name>
      <ele>840.00</ele>
    </rtept>
    <rtept lat="45.63538658" lon="15.10945027" >
      <name>rte1_1036</name>
      <ele>842.90</ele>
    </rtept>
    <rtept lat="45.63535949" lon="15.10954642" >
      <name>rte1_1037</name>
      <ele>840.00</ele>
    </rtept>
    <rtept lat="45.63533691" lon="15.10964257" >
      <name>rte1_1038</name>
      <ele>840.00</ele>
    </rtept>
    <rtept lat="45.63532332" lon="15.10973233" >
      <name>rte1_1039</name>
      <ele>850.00</ele>
    </rtept>
    <rtept lat="45.63531423" lon="15.10982210" >
      <name>rte1_1040</name>
      <ele>850.00</ele>
    </rtept>
    <rtept lat="45.63531413" lon="15.10993113" >
      <name>rte1_1041</name>
      <ele>850.00</ele>
    </rtept>
    <rtept lat="45.63531856" lon="15.11000169" >
      <name>rte1_1042</name>
      <ele>850.00</ele>
    </rtept>
    <rtept lat="45.63533199" lon="15.11007226" >
      <name>rte1_1043</name>
      <ele>850.00</ele>
    </rtept>
    <rtept lat="45.63535442" lon="15.11013644" >
      <name>rte1_1044</name>
      <ele>850.00</ele>
    </rtept>
    <rtept lat="45.63537235" lon="15.11020061" >
      <name>rte1_1045</name>
      <ele>850.00</ele>
    </rtept>
    <rtept lat="45.63539923" lon="15.11031610" >
      <name>rte1_1046</name>
      <ele>850.00</ele>
    </rtept>
    <rtept lat="45.63539467" lon="15.11038023" >
      <name>rte1_1047</name>
      <ele>850.00</ele>
    </rtept>
    <rtept lat="45.63538111" lon="15.11045075" >
      <name>rte1_1048</name>
      <ele>850.00</ele>
    </rtept>
    <rtept lat="45.63534505" lon="15.11051481" >
      <name>rte1_1049</name>
      <ele>850.00</ele>
    </rtept>
    <rtept lat="45.63530001" lon="15.11055961" >
      <name>rte1_1050</name>
      <ele>850.00</ele>
    </rtept>
    <rtept lat="45.63524600" lon="15.11058516" >
      <name>rte1_1051</name>
      <ele>850.00</ele>
    </rtept>
    <rtept lat="45.63519199" lon="15.11060429" >
      <name>rte1_1052</name>
      <ele>850.00</ele>
    </rtept>
    <rtept lat="45.63513798" lon="15.11062342" >
      <name>rte1_1053</name>
      <ele>850.00</ele>
    </rtept>
    <rtept lat="45.63509296" lon="15.11065540" >
      <name>rte1_1054</name>
      <ele>850.00</ele>
    </rtept>
    <rtept lat="45.63504792" lon="15.11070020" >
      <name>rte1_1055</name>
      <ele>850.00</ele>
    </rtept>
    <rtept lat="45.63502086" lon="15.11077069" >
      <name>rte1_1056</name>
      <ele>850.00</ele>
    </rtept>
    <rtept lat="45.63499377" lon="15.11086043" >
      <name>rte1_1057</name>
      <ele>850.00</ele>
    </rtept>
    <rtept lat="45.63497568" lon="15.11095659" >
      <name>rte1_1058</name>
      <ele>850.00</ele>
    </rtept>
    <rtept lat="45.63495760" lon="15.11103993" >
      <name>rte1_1059</name>
      <ele>852.81</ele>
    </rtept>
    <rtept lat="45.63494402" lon="15.11112327" >
      <name>rte1_1060</name>
      <ele>852.81</ele>
    </rtept>
    <rtept lat="45.63493494" lon="15.11120663" >
      <name>rte1_1061</name>
      <ele>852.81</ele>
    </rtept>
    <rtept lat="45.63492586" lon="15.11128998" >
      <name>rte1_1062</name>
      <ele>850.00</ele>
    </rtept>
    <rtept lat="45.63492129" lon="15.11136693" >
      <name>rte1_1063</name>
      <ele>857.40</ele>
    </rtept>
    <rtept lat="45.63491671" lon="15.11144389" >
      <name>rte1_1064</name>
      <ele>857.40</ele>
    </rtept>
    <rtept lat="45.63490763" lon="15.11152724" >
      <name>rte1_1065</name>
      <ele>857.40</ele>
    </rtept>
    <rtept lat="45.63490306" lon="15.11160419" >
      <name>rte1_1066</name>
      <ele>857.40</ele>
    </rtept>
    <rtept lat="45.63489847" lon="15.11168755" >
      <name>rte1_1067</name>
      <ele>859.50</ele>
    </rtept>
    <rtept lat="45.63488939" lon="15.11177091" >
      <name>rte1_1068</name>
      <ele>859.50</ele>
    </rtept>
    <rtept lat="45.63488030" lon="15.11186068" >
      <name>rte1_1069</name>
      <ele>859.50</ele>
    </rtept>
    <rtept lat="45.63487122" lon="15.11195045" >
      <name>rte1_1070</name>
      <ele>859.50</ele>
    </rtept>
    <rtept lat="45.63485313" lon="15.11204020" >
      <name>rte1_1071</name>
      <ele>859.50</ele>
    </rtept>
    <rtept lat="45.63483953" lon="15.11214278" >
      <name>rte1_1072</name>
      <ele>859.50</ele>
    </rtept>
    <rtept lat="45.63481242" lon="15.11225817" >
      <name>rte1_1073</name>
      <ele>859.50</ele>
    </rtept>
    <rtept lat="45.63478982" lon="15.11236073" >
      <name>rte1_1074</name>
      <ele>858.70</ele>
    </rtept>
    <rtept lat="45.63476723" lon="15.11245689" >
      <name>rte1_1075</name>
      <ele>858.70</ele>
    </rtept>
    <rtept lat="45.63474465" lon="15.11254663" >
      <name>rte1_1076</name>
      <ele>858.70</ele>
    </rtept>
    <rtept lat="45.63472206" lon="15.11263637" >
      <name>rte1_1077</name>
      <ele>857.40</ele>
    </rtept>
    <rtept lat="45.63469497" lon="15.11273251" >
      <name>rte1_1078</name>
      <ele>853.80</ele>
    </rtept>
    <rtept lat="45.63466787" lon="15.11283507" >
      <name>rte1_1079</name>
      <ele>853.80</ele>
    </rtept>
    <rtept lat="45.63463626" lon="15.11295045" >
      <name>rte1_1080</name>
      <ele>850.00</ele>
    </rtept>
    <rtept lat="45.63460919" lon="15.11302094" >
      <name>rte1_1081</name>
      <ele>850.00</ele>
    </rtept>
    <rtept lat="45.63456864" lon="15.11307857" >
      <name>rte1_1082</name>
      <ele>850.00</ele>
    </rtept>
    <rtept lat="45.63452811" lon="15.11311697" >
      <name>rte1_1083</name>
      <ele>850.00</ele>
    </rtept>
    <rtept lat="45.63448759" lon="15.11314254" >
      <name>rte1_1084</name>
      <ele>850.00</ele>
    </rtept>
    <rtept lat="45.63441108" lon="15.11317445" >
      <name>rte1_1085</name>
      <ele>850.00</ele>
    </rtept>
    <rtept lat="45.63433009" lon="15.11317428" >
      <name>rte1_1086</name>
      <ele>850.00</ele>
    </rtept>
    <rtept lat="45.63424913" lon="15.11315488" >
      <name>rte1_1087</name>
      <ele>850.00</ele>
    </rtept>
    <rtept lat="45.63416817" lon="15.11312906" >
      <name>rte1_1088</name>
      <ele>850.00</ele>
    </rtept>
    <rtept lat="45.63408272" lon="15.11309682" >
      <name>rte1_1089</name>
      <ele>850.00</ele>
    </rtept>
    <rtept lat="45.63403773" lon="15.11309031" >
      <name>rte1_1090</name>
      <ele>850.00</ele>
    </rtept>
    <rtept lat="45.63398825" lon="15.11307739" >
      <name>rte1_1091</name>
      <ele>850.00</ele>
    </rtept>
    <rtept lat="45.63394327" lon="15.11307088" >
      <name>rte1_1092</name>
      <ele>850.00</ele>
    </rtept>
    <rtept lat="45.63389377" lon="15.11307719" >
      <name>rte1_1093</name>
      <ele>850.00</ele>
    </rtept>
    <rtept lat="45.63383528" lon="15.11307707" >
      <name>rte1_1094</name>
      <ele>850.00</ele>
    </rtept>
    <rtept lat="45.63377679" lon="15.11308337" >
      <name>rte1_1095</name>
      <ele>850.00</ele>
    </rtept>
    <rtept lat="45.63372729" lon="15.11308968" >
      <name>rte1_1096</name>
      <ele>850.00</ele>
    </rtept>
    <rtept lat="45.63367779" lon="15.11309599" >
      <name>rte1_1097</name>
      <ele>850.00</ele>
    </rtept>
    <rtept lat="45.63363280" lon="15.11310231" >
      <name>rte1_1098</name>
      <ele>850.00</ele>
    </rtept>
    <rtept lat="45.63358329" lon="15.11311504" >
      <name>rte1_1099</name>
      <ele>850.00</ele>
    </rtept>
    <rtept lat="45.63349780" lon="15.11312769" >
      <name>rte1_1100</name>
      <ele>845.00</ele>
    </rtept>
    <rtept lat="45.63345280" lon="15.11313401" >
      <name>rte1_1101</name>
      <ele>845.00</ele>
    </rtept>
    <rtept lat="45.63340779" lon="15.11314674" >
      <name>rte1_1102</name>
      <ele>845.00</ele>
    </rtept>
    <rtept lat="45.63335830" lon="15.11315306" >
      <name>rte1_1103</name>
      <ele>845.00</ele>
    </rtept>
    <rtept lat="45.63331330" lon="15.11315938" >
      <name>rte1_1104</name>
      <ele>840.00</ele>
    </rtept>
    <rtept lat="45.63326381" lon="15.11315928" >
      <name>rte1_1105</name>
      <ele>840.00</ele>
    </rtept>
    <rtept lat="45.63321431" lon="15.11316559" >
      <name>rte1_1106</name>
      <ele>840.00</ele>
    </rtept>
    <rtept lat="45.63315582" lon="15.11316547" >
      <name>rte1_1107</name>
      <ele>840.00</ele>
    </rtept>
    <rtept lat="45.63310183" lon="15.11317177" >
      <name>rte1_1108</name>
      <ele>840.00</ele>
    </rtept>
    <rtept lat="45.63303434" lon="15.11316522" >
      <name>rte1_1109</name>
      <ele>840.00</ele>
    </rtept>
    <rtept lat="45.63297137" lon="15.11315227" >
      <name>rte1_1110</name>
      <ele>840.00</ele>
    </rtept>
    <rtept lat="45.63291740" lon="15.11313292" >
      <name>rte1_1111</name>
      <ele>840.00</ele>
    </rtept>
    <rtept lat="45.63286342" lon="15.11311998" >
      <name>rte1_1112</name>
      <ele>840.00</ele>
    </rtept>
    <rtept lat="45.63280945" lon="15.11310063" >
      <name>rte1_1113</name>
      <ele>840.00</ele>
    </rtept>
    <rtept lat="45.63275548" lon="15.11308128" >
      <name>rte1_1114</name>
      <ele>840.00</ele>
    </rtept>
    <rtept lat="45.63269250" lon="15.11307474" >
      <name>rte1_1115</name>
      <ele>840.00</ele>
    </rtept>
    <rtept lat="45.63262951" lon="15.11307461" >
      <name>rte1_1116</name>
      <ele>837.44</ele>
    </rtept>
    <rtept lat="45.63255751" lon="15.11309370" >
      <name>rte1_1117</name>
      <ele>837.44</ele>
    </rtept>
    <rtept lat="45.63249447" lon="15.11313846" >
      <name>rte1_1118</name>
      <ele>837.44</ele>
    </rtept>
    <rtept lat="45.63241794" lon="15.11318320" >
      <name>rte1_1119</name>
      <ele>836.82</ele>
    </rtept>
    <rtept lat="45.63235040" lon="15.11323436" >
      <name>rte1_1120</name>
      <ele>830.00</ele>
    </rtept>
    <rtept lat="45.63228736" lon="15.11329195" >
      <name>rte1_1121</name>
      <ele>830.00</ele>
    </rtept>
    <rtept lat="45.63222882" lon="15.11334314" >
      <name>rte1_1122</name>
      <ele>834.00</ele>
    </rtept>
    <rtept lat="45.63217027" lon="15.11340073" >
      <name>rte1_1123</name>
      <ele>834.00</ele>
    </rtept>
    <rtept lat="45.63212072" lon="15.11345835" >
      <name>rte1_1124</name>
      <ele>834.00</ele>
    </rtept>
    <rtept lat="45.63206667" lon="15.11351596" >
      <name>rte1_1125</name>
      <ele>834.00</ele>
    </rtept>
    <rtept lat="45.63201712" lon="15.11357357" >
      <name>rte1_1126</name>
      <ele>830.00</ele>
    </rtept>
    <rtept lat="45.63196757" lon="15.11363760" >
      <name>rte1_1127</name>
      <ele>830.00</ele>
    </rtept>
    <rtept lat="45.63191802" lon="15.11369522" >
      <name>rte1_1128</name>
      <ele>830.00</ele>
    </rtept>
    <rtept lat="45.63186397" lon="15.11375282" >
      <name>rte1_1129</name>
      <ele>830.00</ele>
    </rtept>
    <rtept lat="45.63180992" lon="15.11381043" >
      <name>rte1_1130</name>
      <ele>830.00</ele>
    </rtept>
    <rtept lat="45.63175138" lon="15.11386802" >
      <name>rte1_1131</name>
      <ele>830.00</ele>
    </rtept>
    <rtept lat="45.63168833" lon="15.11392561" >
      <name>rte1_1132</name>
      <ele>825.50</ele>
    </rtept>
    <rtept lat="45.63162079" lon="15.11397677" >
      <name>rte1_1133</name>
      <ele>825.50</ele>
    </rtept>
    <rtept lat="45.63154874" lon="15.11403434" >
      <name>rte1_1134</name>
      <ele>824.76</ele>
    </rtept>
    <rtept lat="45.63149022" lon="15.11406629" >
      <name>rte1_1135</name>
      <ele>824.76</ele>
    </rtept>
    <rtept lat="45.63144071" lon="15.11409184" >
      <name>rte1_1136</name>
      <ele>824.76</ele>
    </rtept>
    <rtept lat="45.63138670" lon="15.11411096" >
      <name>rte1_1137</name>
      <ele>824.76</ele>
    </rtept>
    <rtept lat="45.63133719" lon="15.11412369" >
      <name>rte1_1138</name>
      <ele>824.76</ele>
    </rtept>
    <rtept lat="45.63128769" lon="15.11413641" >
      <name>rte1_1139</name>
      <ele>820.00</ele>
    </rtept>
    <rtept lat="45.63124269" lon="15.11414273" >
      <name>rte1_1140</name>
      <ele>820.00</ele>
    </rtept>
    <rtept lat="45.63119319" lon="15.11414904" >
      <name>rte1_1141</name>
      <ele>820.00</ele>
    </rtept>
    <rtept lat="45.63114820" lon="15.11415536" >
      <name>rte1_1142</name>
      <ele>820.00</ele>
    </rtept>
    <rtept lat="45.63109870" lon="15.11416167" >
      <name>rte1_1143</name>
      <ele>820.00</ele>
    </rtept>
    <rtept lat="45.63105370" lon="15.11416799" >
      <name>rte1_1144</name>
      <ele>820.00</ele>
    </rtept>
    <rtept lat="45.63100420" lon="15.11418072" >
      <name>rte1_1145</name>
      <ele>820.00</ele>
    </rtept>
    <rtept lat="45.63095919" lon="15.11419345" >
      <name>rte1_1146</name>
      <ele>813.87</ele>
    </rtept>
    <rtept lat="45.63090968" lon="15.11421259" >
      <name>rte1_1147</name>
      <ele>813.87</ele>
    </rtept>
    <rtept lat="45.63086467" lon="15.11423814" >
      <name>rte1_1148</name>
      <ele>810.00</ele>
    </rtept>
    <rtept lat="45.63081514" lon="15.11427652" >
      <name>rte1_1149</name>
      <ele>810.00</ele>
    </rtept>
    <rtept lat="45.63076560" lon="15.11432131" >
      <name>rte1_1150</name>
      <ele>810.00</ele>
    </rtept>
    <rtept lat="45.63071607" lon="15.11435968" >
      <name>rte1_1151</name>
      <ele>810.00</ele>
    </rtept>
    <rtept lat="45.63067553" lon="15.11440449" >
      <name>rte1_1152</name>
      <ele>810.00</ele>
    </rtept>
    <rtept lat="45.63063049" lon="15.11444929" >
      <name>rte1_1153</name>
      <ele>811.95</ele>
    </rtept>
    <rtept lat="45.63058996" lon="15.11448768" >
      <name>rte1_1154</name>
      <ele>811.95</ele>
    </rtept>
    <rtept lat="45.63055392" lon="15.11453249" >
      <name>rte1_1155</name>
      <ele>803.85</ele>
    </rtept>
    <rtept lat="45.63051339" lon="15.11457730" >
      <name>rte1_1156</name>
      <ele>803.85</ele>
    </rtept>
    <rtept lat="45.63044581" lon="15.11466053" >
      <name>rte1_1157</name>
      <ele>803.85</ele>
    </rtept>
    <rtept lat="45.63037825" lon="15.11473734" >
      <name>rte1_1158</name>
      <ele>802.74</ele>
    </rtept>
    <rtept lat="45.63031068" lon="15.11482057" >
      <name>rte1_1159</name>
      <ele>802.74</ele>
    </rtept>
    <rtept lat="45.63024760" lon="15.11490380" >
      <name>rte1_1160</name>
      <ele>800.00</ele>
    </rtept>
    <rtept lat="45.63018903" lon="15.11498705" >
      <name>rte1_1161</name>
      <ele>800.00</ele>
    </rtept>
    <rtept lat="45.63012595" lon="15.11507028" >
      <name>rte1_1162</name>
      <ele>800.00</ele>
    </rtept>
    <rtept lat="45.63006289" lon="15.11514710" >
      <name>rte1_1163</name>
      <ele>800.00</ele>
    </rtept>
    <rtept lat="45.62999981" lon="15.11523034" >
      <name>rte1_1164</name>
      <ele>790.00</ele>
    </rtept>
    <rtept lat="45.62993224" lon="15.11531356" >
      <name>rte1_1165</name>
      <ele>790.00</ele>
    </rtept>
    <rtept lat="45.62989620" lon="15.11535838" >
      <name>rte1_1166</name>
      <ele>790.00</ele>
    </rtept>
    <rtept lat="45.62986016" lon="15.11540319" >
      <name>rte1_1167</name>
      <ele>790.00</ele>
    </rtept>
    <rtept lat="45.62982413" lon="15.11544159" >
      <name>rte1_1168</name>
      <ele>790.00</ele>
    </rtept>
    <rtept lat="45.62978359" lon="15.11548640" >
      <name>rte1_1169</name>
      <ele>790.00</ele>
    </rtept>
    <rtept lat="45.62974305" lon="15.11553120" >
      <name>rte1_1170</name>
      <ele>788.80</ele>
    </rtept>
    <rtept lat="45.62970252" lon="15.11557601" >
      <name>rte1_1171</name>
      <ele>788.80</ele>
    </rtept>
    <rtept lat="45.62966198" lon="15.11562081" >
      <name>rte1_1172</name>
      <ele>788.80</ele>
    </rtept>
    <rtept lat="45.62961694" lon="15.11566561" >
      <name>rte1_1173</name>
      <ele>788.80</ele>
    </rtept>
    <rtept lat="45.62955840" lon="15.11571679" >
      <name>rte1_1174</name>
      <ele>788.80</ele>
    </rtept>
    <rtept lat="45.62950885" lon="15.11576798" >
      <name>rte1_1175</name>
      <ele>790.00</ele>
    </rtept>
    <rtept lat="45.62946382" lon="15.11581278" >
      <name>rte1_1176</name>
      <ele>780.00</ele>
    </rtept>
    <rtept lat="45.62941878" lon="15.11585757" >
      <name>rte1_1177</name>
      <ele>780.00</ele>
    </rtept>
    <rtept lat="45.62936925" lon="15.11589595" >
      <name>rte1_1178</name>
      <ele>780.00</ele>
    </rtept>
    <rtept lat="45.62932422" lon="15.11593433" >
      <name>rte1_1179</name>
      <ele>780.00</ele>
    </rtept>
    <rtept lat="45.62927019" lon="15.11597269" >
      <name>rte1_1180</name>
      <ele>785.00</ele>
    </rtept>
    <rtept lat="45.62921165" lon="15.11601746" >
      <name>rte1_1181</name>
      <ele>785.00</ele>
    </rtept>
    <rtept lat="45.62914864" lon="15.11603656" >
      <name>rte1_1182</name>
      <ele>785.00</ele>
    </rtept>
    <rtept lat="45.62909016" lon="15.11603644" >
      <name>rte1_1183</name>
      <ele>785.00</ele>
    </rtept>
    <rtept lat="45.62903617" lon="15.11603633" >
      <name>rte1_1184</name>
      <ele>790.00</ele>
    </rtept>
    <rtept lat="45.62898214" lon="15.11607469" >
      <name>rte1_1185</name>
      <ele>790.00</ele>
    </rtept>
    <rtept lat="45.62892357" lon="15.11614511" >
      <name>rte1_1186</name>
      <ele>785.94</ele>
    </rtept>
    <rtept lat="45.62888300" lon="15.11622839" >
      <name>rte1_1187</name>
      <ele>785.94</ele>
    </rtept>
    <rtept lat="45.62885142" lon="15.11630527" >
      <name>rte1_1188</name>
      <ele>790.00</ele>
    </rtept>
    <rtept lat="45.62882434" lon="15.11638858" >
      <name>rte1_1189</name>
      <ele>790.00</ele>
    </rtept>
    <rtept lat="45.62879725" lon="15.11647830" >
      <name>rte1_1190</name>
      <ele>779.73</ele>
    </rtept>
    <rtept lat="45.62877017" lon="15.11656161" >
      <name>rte1_1191</name>
      <ele>779.73</ele>
    </rtept>
    <rtept lat="45.62873858" lon="15.11665132" >
      <name>rte1_1192</name>
      <ele>779.73</ele>
    </rtept>
    <rtept lat="45.62869349" lon="15.11674741" >
      <name>rte1_1193</name>
      <ele>779.73</ele>
    </rtept>
    <rtept lat="45.62864843" lon="15.11681785" >
      <name>rte1_1194</name>
      <ele>775.49</ele>
    </rtept>
    <rtept lat="45.62860338" lon="15.11686906" >
      <name>rte1_1195</name>
      <ele>774.47</ele>
    </rtept>
    <rtept lat="45.62854935" lon="15.11690742" >
      <name>rte1_1196</name>
      <ele>774.47</ele>
    </rtept>
    <rtept lat="45.62849083" lon="15.11693936" >
      <name>rte1_1197</name>
      <ele>774.47</ele>
    </rtept>
    <rtept lat="45.62843232" lon="15.11695848" >
      <name>rte1_1198</name>
      <ele>774.47</ele>
    </rtept>
    <rtept lat="45.62838281" lon="15.11697761" >
      <name>rte1_1199</name>
      <ele>772.97</ele>
    </rtept>
    <rtept lat="45.62833780" lon="15.11699675" >
      <name>rte1_1200</name>
      <ele>772.97</ele>
    </rtept>
    <rtept lat="45.62829279" lon="15.11701589" >
      <name>rte1_1201</name>
      <ele>772.97</ele>
    </rtept>
    <rtept lat="45.62820727" lon="15.11704778" >
      <name>rte1_1202</name>
      <ele>772.97</ele>
    </rtept>
    <rtept lat="45.62813075" lon="15.11707968" >
      <name>rte1_1203</name>
      <ele>765.91</ele>
    </rtept>
    <rtept lat="45.62805424" lon="15.11710516" >
      <name>rte1_1204</name>
      <ele>765.91</ele>
    </rtept>
    <rtept lat="45.62797323" lon="15.11713064" >
      <name>rte1_1205</name>
      <ele>765.91</ele>
    </rtept>
    <rtept lat="45.62788771" lon="15.11716253" >
      <name>rte1_1206</name>
      <ele>765.12</ele>
    </rtept>
    <rtept lat="45.62784270" lon="15.11718167" >
      <name>rte1_1207</name>
      <ele>765.12</ele>
    </rtept>
    <rtept lat="45.62779319" lon="15.11720080" >
      <name>rte1_1208</name>
      <ele>765.12</ele>
    </rtept>
    <rtept lat="45.62773919" lon="15.11721351" >
      <name>rte1_1209</name>
      <ele>765.12</ele>
    </rtept>
    <rtept lat="45.62768968" lon="15.11722623" >
      <name>rte1_1210</name>
      <ele>765.00</ele>
    </rtept>
    <rtept lat="45.62764018" lon="15.11723895" >
      <name>rte1_1211</name>
      <ele>765.00</ele>
    </rtept>
    <rtept lat="45.62759067" lon="15.11725167" >
      <name>rte1_1212</name>
      <ele>765.00</ele>
    </rtept>
    <rtept lat="45.62754567" lon="15.11726440" >
      <name>rte1_1213</name>
      <ele>765.00</ele>
    </rtept>
    <rtept lat="45.62749617" lon="15.11727712" >
      <name>rte1_1214</name>
      <ele>762.20</ele>
    </rtept>
    <rtept lat="45.62745115" lon="15.11729626" >
      <name>rte1_1215</name>
      <ele>762.20</ele>
    </rtept>
    <rtept lat="45.62740615" lon="15.11730899" >
      <name>rte1_1216</name>
      <ele>762.20</ele>
    </rtept>
    <rtept lat="45.62732512" lon="15.11734730" >
      <name>rte1_1217</name>
      <ele>762.20</ele>
    </rtept>
    <rtept lat="45.62725758" lon="15.11740487" >
      <name>rte1_1218</name>
      <ele>755.40</ele>
    </rtept>
    <rtept lat="45.62719901" lon="15.11747528" >
      <name>rte1_1219</name>
      <ele>755.40</ele>
    </rtept>
    <rtept lat="45.62716291" lon="15.11757780" >
      <name>rte1_1220</name>
      <ele>755.40</ele>
    </rtept>
    <rtept lat="45.62714036" lon="15.11763546" >
      <name>rte1_1221</name>
      <ele>755.40</ele>
    </rtept>
    <rtept lat="45.62712229" lon="15.11769955" >
      <name>rte1_1222</name>
      <ele>755.40</ele>
    </rtept>
    <rtept lat="45.62710874" lon="15.11775723" >
      <name>rte1_1223</name>
      <ele>750.00</ele>
    </rtept>
    <rtept lat="45.62709067" lon="15.11782132" >
      <name>rte1_1224</name>
      <ele>750.00</ele>
    </rtept>
    <rtept lat="45.62706356" lon="15.11793669" >
      <name>rte1_1225</name>
      <ele>750.00</ele>
    </rtept>
    <rtept lat="45.62703645" lon="15.11804564" >
      <name>rte1_1226</name>
      <ele>750.00</ele>
    </rtept>
    <rtept lat="45.62701384" lon="15.11814819" >
      <name>rte1_1227</name>
      <ele>750.00</ele>
    </rtept>
    <rtept lat="45.62699124" lon="15.11825074" >
      <name>rte1_1228</name>
      <ele>750.00</ele>
    </rtept>
    <rtept lat="45.62697314" lon="15.11835330" >
      <name>rte1_1229</name>
      <ele>746.80</ele>
    </rtept>
    <rtept lat="45.62695503" lon="15.11845586" >
      <name>rte1_1230</name>
      <ele>746.80</ele>
    </rtept>
    <rtept lat="45.62694143" lon="15.11855843" >
      <name>rte1_1231</name>
      <ele>746.80</ele>
    </rtept>
    <rtept lat="45.62692782" lon="15.11866100" >
      <name>rte1_1232</name>
      <ele>746.80</ele>
    </rtept>
    <rtept lat="45.62690971" lon="15.11876356" >
      <name>rte1_1233</name>
      <ele>745.00</ele>
    </rtept>
    <rtept lat="45.62689611" lon="15.11886613" >
      <name>rte1_1234</name>
      <ele>745.00</ele>
    </rtept>
    <rtept lat="45.62688250" lon="15.11897511" >
      <name>rte1_1235</name>
      <ele>745.00</ele>
    </rtept>
    <rtept lat="45.62686438" lon="15.11908408" >
      <name>rte1_1236</name>
      <ele>745.00</ele>
    </rtept>
    <rtept lat="45.62685076" lon="15.11919948" >
      <name>rte1_1237</name>
      <ele>745.00</ele>
    </rtept>
    <rtept lat="45.62684170" lon="15.11926358" >
      <name>rte1_1238</name>
      <ele>745.00</ele>
    </rtept>
    <rtept lat="45.62683263" lon="15.11932769" >
      <name>rte1_1239</name>
      <ele>740.00</ele>
    </rtept>
    <rtept lat="45.62668415" lon="15.11934019" >
      <name>rte1_1240</name>
      <ele>739.44</ele>
    </rtept>
    <rtept lat="45.62665271" lon="15.11928241" >
      <name>rte1_1241</name>
      <ele>743.65</ele>
    </rtept>
    <rtept lat="45.62663028" lon="15.11922465" >
      <name>rte1_1242</name>
      <ele>743.65</ele>
    </rtept>
    <rtept lat="45.62660784" lon="15.11916689" >
      <name>rte1_1243</name>
      <ele>743.65</ele>
    </rtept>
    <rtept lat="45.62658991" lon="15.11910914" >
      <name>rte1_1244</name>
      <ele>739.36</ele>
    </rtept>
    <rtept lat="45.62657198" lon="15.11904498" >
      <name>rte1_1245</name>
      <ele>739.36</ele>
    </rtept>
    <rtept lat="45.62655855" lon="15.11898083" >
      <name>rte1_1246</name>
      <ele>742.20</ele>
    </rtept>
    <rtept lat="45.62654513" lon="15.11891026" >
      <name>rte1_1247</name>
      <ele>742.20</ele>
    </rtept>
    <rtept lat="45.62653171" lon="15.11883329" >
      <name>rte1_1248</name>
      <ele>742.20</ele>
    </rtept>
    <rtept lat="45.62651381" lon="15.11874347" >
      <name>rte1_1249</name>
      <ele>742.20</ele>
    </rtept>
    <rtept lat="45.62650940" lon="15.11866010" >
      <name>rte1_1250</name>
      <ele>745.00</ele>
    </rtept>
    <rtept lat="45.62650498" lon="15.11858315" >
      <name>rte1_1251</name>
      <ele>745.00</ele>
    </rtept>
    <rtept lat="45.62650957" lon="15.11849979" >
      <name>rte1_1252</name>
      <ele>745.00</ele>
    </rtept>
    <rtept lat="45.62650965" lon="15.11842285" >
      <name>rte1_1253</name>
      <ele>745.00</ele>
    </rtept>
    <rtept lat="45.62651873" lon="15.11834592" >
      <name>rte1_1254</name>
      <ele>745.00</ele>
    </rtept>
    <rtept lat="45.62652330" lon="15.11827539" >
      <name>rte1_1255</name>
      <ele>745.00</ele>
    </rtept>
    <rtept lat="45.62653238" lon="15.11819846" >
      <name>rte1_1256</name>
      <ele>745.00</ele>
    </rtept>
    <rtept lat="45.62653695" lon="15.11812794" >
      <name>rte1_1257</name>
      <ele>745.00</ele>
    </rtept>
    <rtept lat="45.62653703" lon="15.11805740" >
      <name>rte1_1258</name>
      <ele>745.00</ele>
    </rtept>
    <rtept lat="45.62653710" lon="15.11798686" >
      <name>rte1_1259</name>
      <ele>745.00</ele>
    </rtept>
    <rtept lat="45.62653268" lon="15.11791632" >
      <name>rte1_1260</name>
      <ele>745.00</ele>
    </rtept>
    <rtept lat="45.62651925" lon="15.11785217" >
      <name>rte1_1261</name>
      <ele>745.00</ele>
    </rtept>
    <rtept lat="45.62650132" lon="15.11778159" >
      <name>rte1_1262</name>
      <ele>745.00</ele>
    </rtept>
    <rtept lat="45.62647440" lon="15.11771100" >
      <name>rte1_1263</name>
      <ele>745.00</ele>
    </rtept>
    <rtept lat="45.62644298" lon="15.11764681" >
      <name>rte1_1264</name>
      <ele>745.00</ele>
    </rtept>
    <rtept lat="45.62641154" lon="15.11759544" >
      <name>rte1_1265</name>
      <ele>745.00</ele>
    </rtept>
    <rtept lat="45.62638009" lon="15.11755049" >
      <name>rte1_1266</name>
      <ele>745.00</ele>
    </rtept>
    <rtept lat="45.62631717" lon="15.11747982" >
      <name>rte1_1267</name>
      <ele>740.00</ele>
    </rtept>
    <rtept lat="45.62625425" lon="15.11741556" >
      <name>rte1_1268</name>
      <ele>740.00</ele>
    </rtept>
    <rtept lat="45.62619132" lon="15.11736413" >
      <name>rte1_1269</name>
      <ele>744.10</ele>
    </rtept>
    <rtept lat="45.62612838" lon="15.11731911" >
      <name>rte1_1270</name>
      <ele>745.00</ele>
    </rtept>
    <rtept lat="45.62606095" lon="15.11726126" >
      <name>rte1_1271</name>
      <ele>745.00</ele>
    </rtept>
    <rtept lat="45.62599352" lon="15.11720340" >
      <name>rte1_1272</name>
      <ele>745.00</ele>
    </rtept>
    <rtept lat="45.62592612" lon="15.11712631" >
      <name>rte1_1273</name>
      <ele>744.58</ele>
    </rtept>
    <rtept lat="45.62587220" lon="15.11705566" >
      <name>rte1_1274</name>
      <ele>746.91</ele>
    </rtept>
    <rtept lat="45.62581828" lon="15.11699143" >
      <name>rte1_1275</name>
      <ele>746.91</ele>
    </rtept>
    <rtept lat="45.62576885" lon="15.11692720" >
      <name>rte1_1276</name>
      <ele>746.91</ele>
    </rtept>
    <rtept lat="45.62572392" lon="15.11686939" >
      <name>rte1_1277</name>
      <ele>746.91</ele>
    </rtept>
    <rtept lat="45.62567900" lon="15.11680518" >
      <name>rte1_1278</name>
      <ele>744.42</ele>
    </rtept>
    <rtept lat="45.62563406" lon="15.11674737" >
      <name>rte1_1279</name>
      <ele>744.42</ele>
    </rtept>
    <rtept lat="45.62558913" lon="15.11668957" >
      <name>rte1_1280</name>
      <ele>745.00</ele>
    </rtept>
    <rtept lat="45.62554870" lon="15.11663177" >
      <name>rte1_1281</name>
      <ele>745.00</ele>
    </rtept>
    <rtept lat="45.62550827" lon="15.11657398" >
      <name>rte1_1282</name>
      <ele>745.00</ele>
    </rtept>
    <rtept lat="45.62546783" lon="15.11651618" >
      <name>rte1_1283</name>
      <ele>743.11</ele>
    </rtept>
    <rtept lat="45.62543190" lon="15.11645839" >
      <name>rte1_1284</name>
      <ele>743.11</ele>
    </rtept>
    <rtept lat="45.62539146" lon="15.11640701" >
      <name>rte1_1285</name>
      <ele>744.31</ele>
    </rtept>
    <rtept lat="45.62535553" lon="15.11634923" >
      <name>rte1_1286</name>
      <ele>744.31</ele>
    </rtept>
    <rtept lat="45.62531510" lon="15.11629143" >
      <name>rte1_1287</name>
      <ele>744.31</ele>
    </rtept>
    <rtept lat="45.62527916" lon="15.11624006" >
      <name>rte1_1288</name>
      <ele>744.31</ele>
    </rtept>
    <rtept lat="45.62524322" lon="15.11618227" >
      <name>rte1_1289</name>
      <ele>740.00</ele>
    </rtept>
    <rtept lat="45.62520728" lon="15.11613090" >
      <name>rte1_1290</name>
      <ele>740.00</ele>
    </rtept>
    <rtept lat="45.62517135" lon="15.11607311" >
      <name>rte1_1291</name>
      <ele>740.14</ele>
    </rtept>
    <rtept lat="45.62513091" lon="15.11602173" >
      <name>rte1_1292</name>
      <ele>740.14</ele>
    </rtept>
    <rtept lat="45.62509497" lon="15.11596394" >
      <name>rte1_1293</name>
      <ele>740.14</ele>
    </rtept>
    <rtept lat="45.62505904" lon="15.11590616" >
      <name>rte1_1294</name>
      <ele>740.14</ele>
    </rtept>
    <rtept lat="45.62501861" lon="15.11584837" >
      <name>rte1_1295</name>
      <ele>740.00</ele>
    </rtept>
    <rtept lat="45.62498267" lon="15.11579699" >
      <name>rte1_1296</name>
      <ele>740.00</ele>
    </rtept>
    <rtept lat="45.62494223" lon="15.11573920" >
      <name>rte1_1297</name>
      <ele>743.92</ele>
    </rtept>
    <rtept lat="45.62490181" lon="15.11567499" >
      <name>rte1_1298</name>
      <ele>743.92</ele>
    </rtept>
    <rtept lat="45.62485688" lon="15.11561719" >
      <name>rte1_1299</name>
      <ele>743.92</ele>
    </rtept>
    <rtept lat="45.62481644" lon="15.11555939" >
      <name>rte1_1300</name>
      <ele>743.92</ele>
    </rtept>
    <rtept lat="45.62477152" lon="15.11549518" >
      <name>rte1_1301</name>
      <ele>745.00</ele>
    </rtept>
    <rtept lat="45.62472659" lon="15.11543096" >
      <name>rte1_1302</name>
      <ele>745.00</ele>
    </rtept>
    <rtept lat="45.62467717" lon="15.11536674" >
      <name>rte1_1303</name>
      <ele>745.00</ele>
    </rtept>
    <rtept lat="45.62462774" lon="15.11530251" >
      <name>rte1_1304</name>
      <ele>745.00</ele>
    </rtept>
    <rtept lat="45.62457832" lon="15.11523829" >
      <name>rte1_1305</name>
      <ele>742.87</ele>
    </rtept>
    <rtept lat="45.62451990" lon="15.11516763" >
      <name>rte1_1306</name>
      <ele>742.87</ele>
    </rtept>
    <rtept lat="45.62446148" lon="15.11510339" >
      <name>rte1_1307</name>
      <ele>741.12</ele>
    </rtept>
    <rtept lat="45.62440304" lon="15.11505197" >
      <name>rte1_1308</name>
      <ele>741.12</ele>
    </rtept>
    <rtept lat="45.62434910" lon="15.11500056" >
      <name>rte1_1309</name>
      <ele>740.00</ele>
    </rtept>
    <rtept lat="45.62429067" lon="15.11494915" >
      <name>rte1_1310</name>
      <ele>740.00</ele>
    </rtept>
    <rtept lat="45.62423672" lon="15.11491056" >
      <name>rte1_1311</name>
      <ele>740.00</ele>
    </rtept>
    <rtept lat="45.62418277" lon="15.11486556" >
      <name>rte1_1312</name>
      <ele>740.00</ele>
    </rtept>
    <rtept lat="45.62413333" lon="15.11482058" >
      <name>rte1_1313</name>
      <ele>740.00</ele>
    </rtept>
    <rtept lat="45.62407938" lon="15.11478199" >
      <name>rte1_1314</name>
      <ele>740.00</ele>
    </rtept>
    <rtept lat="45.62402994" lon="15.11473059" >
      <name>rte1_1315</name>
      <ele>740.00</ele>
    </rtept>
    <rtept lat="45.62398050" lon="15.11467919" >
      <name>rte1_1316</name>
      <ele>740.00</ele>
    </rtept>
    <rtept lat="45.62393556" lon="15.11462780" >
      <name>rte1_1317</name>
      <ele>740.00</ele>
    </rtept>
    <rtept lat="45.62389063" lon="15.11456359" >
      <name>rte1_1318</name>
      <ele>740.10</ele>
    </rtept>
    <rtept lat="45.62384571" lon="15.11449296" >
      <name>rte1_1319</name>
      <ele>740.00</ele>
    </rtept>
    <rtept lat="45.62380530" lon="15.11441594" >
      <name>rte1_1320</name>
      <ele>740.00</ele>
    </rtept>
    <rtept lat="45.62376939" lon="15.11433251" >
      <name>rte1_1321</name>
      <ele>740.00</ele>
    </rtept>
    <rtept lat="45.62373350" lon="15.11422984" >
      <name>rte1_1322</name>
      <ele>740.00</ele>
    </rtept>
    <rtept lat="45.62370661" lon="15.11413360" >
      <name>rte1_1323</name>
      <ele>741.97</ele>
    </rtept>
    <rtept lat="45.62369320" lon="15.11404381" >
      <name>rte1_1324</name>
      <ele>741.97</ele>
    </rtept>
    <rtept lat="45.62368429" lon="15.11395402" >
      <name>rte1_1325</name>
      <ele>741.97</ele>
    </rtept>
    <rtept lat="45.62367989" lon="15.11385783" >
      <name>rte1_1326</name>
      <ele>741.67</ele>
    </rtept>
    <rtept lat="45.62368448" lon="15.11376807" >
      <name>rte1_1327</name>
      <ele>746.88</ele>
    </rtept>
    <rtept lat="45.62368907" lon="15.11367831" >
      <name>rte1_1328</name>
      <ele>746.88</ele>
    </rtept>
    <rtept lat="45.62369816" lon="15.11358856" >
      <name>rte1_1329</name>
      <ele>746.88</ele>
    </rtept>
    <rtept lat="45.62370725" lon="15.11349881" >
      <name>rte1_1330</name>
      <ele>749.04</ele>
    </rtept>
    <rtept lat="45.62371634" lon="15.11340906" >
      <name>rte1_1331</name>
      <ele>749.04</ele>
    </rtept>
    <rtept lat="45.62372093" lon="15.11331930" >
      <name>rte1_1332</name>
      <ele>749.04</ele>
    </rtept>
    <rtept lat="45.62372552" lon="15.11322313" >
      <name>rte1_1333</name>
      <ele>749.04</ele>
    </rtept>
    <rtept lat="45.62372112" lon="15.11312694" >
      <name>rte1_1334</name>
      <ele>750.00</ele>
    </rtept>
    <rtept lat="45.62371672" lon="15.11303075" >
      <name>rte1_1335</name>
      <ele>750.00</ele>
    </rtept>
    <rtept lat="45.62370332" lon="15.11293454" >
      <name>rte1_1336</name>
      <ele>750.00</ele>
    </rtept>
    <rtept lat="45.62368092" lon="15.11283190" >
      <name>rte1_1337</name>
      <ele>745.20</ele>
    </rtept>
    <rtept lat="45.62365850" lon="15.11276132" >
      <name>rte1_1338</name>
      <ele>745.20</ele>
    </rtept>
    <rtept lat="45.62364057" lon="15.11269717" >
      <name>rte1_1339</name>
      <ele>745.20</ele>
    </rtept>
    <rtept lat="45.62361813" lon="15.11263941" >
      <name>rte1_1340</name>
      <ele>745.20</ele>
    </rtept>
    <rtept lat="45.62359119" lon="15.11258806" >
      <name>rte1_1341</name>
      <ele>745.20</ele>
    </rtept>
    <rtept lat="45.62354180" lon="15.11248537" >
      <name>rte1_1342</name>
      <ele>750.80</ele>
    </rtept>
    <rtept lat="45.62348340" lon="15.11239548" >
      <name>rte1_1343</name>
      <ele>750.80</ele>
    </rtept>
    <rtept lat="45.62342499" lon="15.11231842" >
      <name>rte1_1344</name>
      <ele>740.00</ele>
    </rtept>
    <rtept lat="45.62336208" lon="15.11224135" >
      <name>rte1_1345</name>
      <ele>746.70</ele>
    </rtept>
    <rtept lat="45.62329465" lon="15.11217709" >
      <name>rte1_1346</name>
      <ele>746.70</ele>
    </rtept>
    <rtept lat="45.62322724" lon="15.11210642" >
      <name>rte1_1347</name>
      <ele>741.50</ele>
    </rtept>
    <rtept lat="45.62315981" lon="15.11204217" >
      <name>rte1_1348</name>
      <ele>741.50</ele>
    </rtept>
    <rtept lat="45.62309689" lon="15.11197792" >
      <name>rte1_1349</name>
      <ele>741.50</ele>
    </rtept>
    <rtept lat="45.62302948" lon="15.11190084" >
      <name>rte1_1350</name>
      <ele>744.60</ele>
    </rtept>
    <rtept lat="45.62296657" lon="15.11182377" >
      <name>rte1_1351</name>
      <ele>741.00</ele>
    </rtept>
    <rtept lat="45.62290816" lon="15.11174029" >
      <name>rte1_1352</name>
      <ele>741.00</ele>
    </rtept>
    <rtept lat="45.62285426" lon="15.11164401" >
      <name>rte1_1353</name>
      <ele>741.00</ele>
    </rtept>
    <rtept lat="45.62280038" lon="15.11154131" >
      <name>rte1_1354</name>
      <ele>742.40</ele>
    </rtept>
    <rtept lat="45.62277794" lon="15.11147714" >
      <name>rte1_1355</name>
      <ele>740.00</ele>
    </rtept>
    <rtept lat="45.62276001" lon="15.11141940" >
      <name>rte1_1356</name>
      <ele>740.00</ele>
    </rtept>
    <rtept lat="45.62273762" lon="15.11130394" >
      <name>rte1_1357</name>
      <ele>740.00</ele>
    </rtept>
    <rtept lat="45.62274223" lon="15.11119494" >
      <name>rte1_1358</name>
      <ele>740.00</ele>
    </rtept>
    <rtept lat="45.62276482" lon="15.11109881" >
      <name>rte1_1359</name>
      <ele>740.00</ele>
    </rtept>
    <rtept lat="45.62280092" lon="15.11099629" >
      <name>rte1_1360</name>
      <ele>740.00</ele>
    </rtept>
    <rtept lat="45.62283700" lon="15.11090018" >
      <name>rte1_1361</name>
      <ele>740.00</ele>
    </rtept>
    <rtept lat="45.62286410" lon="15.11079765" >
      <name>rte1_1362</name>
      <ele>740.00</ele>
    </rtept>
    <rtept lat="45.62288220" lon="15.11069509" >
      <name>rte1_1363</name>
      <ele>740.00</ele>
    </rtept>
    <rtept lat="45.62287331" lon="15.11057966" >
      <name>rte1_1364</name>
      <ele>740.00</ele>
    </rtept>
    <rtept lat="45.62284643" lon="15.11047060" >
      <name>rte1_1365</name>
      <ele>740.00</ele>
    </rtept>
    <rtept lat="45.62281502" lon="15.11038077" >
      <name>rte1_1366</name>
      <ele>740.00</ele>
    </rtept>
    <rtept lat="45.62277460" lon="15.11030375" >
      <name>rte1_1367</name>
      <ele>740.00</ele>
    </rtept>
    <rtept lat="45.62273868" lon="15.11023315" >
      <name>rte1_1368</name>
      <ele>740.00</ele>
    </rtept>
    <rtept lat="45.62269826" lon="15.11016253" >
      <name>rte1_1369</name>
      <ele>740.00</ele>
    </rtept>
    <rtept lat="45.62266234" lon="15.11008552" >
      <name>rte1_1370</name>
      <ele>740.00</ele>
    </rtept>
    <rtept lat="45.62263093" lon="15.11000210" >
      <name>rte1_1371</name>
      <ele>738.00</ele>
    </rtept>
    <rtept lat="45.62260403" lon="15.10990587" >
      <name>rte1_1372</name>
      <ele>738.00</ele>
    </rtept>
    <rtept lat="45.62258613" lon="15.10979683" >
      <name>rte1_1373</name>
      <ele>738.00</ele>
    </rtept>
    <rtept lat="45.62257723" lon="15.10970063" >
      <name>rte1_1374</name>
      <ele>738.00</ele>
    </rtept>
    <rtept lat="45.62257732" lon="15.10960446" >
      <name>rte1_1375</name>
      <ele>736.03</ele>
    </rtept>
    <rtept lat="45.62258641" lon="15.10951471" >
      <name>rte1_1376</name>
      <ele>736.03</ele>
    </rtept>
    <rtept lat="45.62259100" lon="15.10942495" >
      <name>rte1_1377</name>
      <ele>736.03</ele>
    </rtept>
    <rtept lat="45.62259109" lon="15.10932877" >
      <name>rte1_1378</name>
      <ele>737.22</ele>
    </rtept>
    <rtept lat="45.62257769" lon="15.10923256" >
      <name>rte1_1379</name>
      <ele>737.22</ele>
    </rtept>
    <rtept lat="45.62255978" lon="15.10913635" >
      <name>rte1_1380</name>
      <ele>731.29</ele>
    </rtept>
    <rtept lat="45.62252390" lon="15.10902728" >
      <name>rte1_1381</name>
      <ele>738.18</ele>
    </rtept>
    <rtept lat="45.62249250" lon="15.10893104" >
      <name>rte1_1382</name>
      <ele>738.18</ele>
    </rtept>
    <rtept lat="45.62246559" lon="15.10883480" >
      <name>rte1_1383</name>
      <ele>738.18</ele>
    </rtept>
    <rtept lat="45.62243419" lon="15.10874498" >
      <name>rte1_1384</name>
      <ele>738.18</ele>
    </rtept>
    <rtept lat="45.62240727" lon="15.10866157" >
      <name>rte1_1385</name>
      <ele>740.00</ele>
    </rtept>
    <rtept lat="45.62238035" lon="15.10858457" >
      <name>rte1_1386</name>
      <ele>740.00</ele>
    </rtept>
    <rtept lat="45.62234894" lon="15.10850116" >
      <name>rte1_1387</name>
      <ele>740.00</ele>
    </rtept>
    <rtept lat="45.62232202" lon="15.10842416" >
      <name>rte1_1388</name>
      <ele>740.00</ele>
    </rtept>
    <rtept lat="45.62229060" lon="15.10834716" >
      <name>rte1_1389</name>
      <ele>740.00</ele>
    </rtept>
    <rtept lat="45.62225918" lon="15.10827015" >
      <name>rte1_1390</name>
      <ele>740.00</ele>
    </rtept>
    <rtept lat="45.62222776" lon="15.10819315" >
      <name>rte1_1391</name>
      <ele>740.00</ele>
    </rtept>
    <rtept lat="45.62219634" lon="15.10810973" >
      <name>rte1_1392</name>
      <ele>740.00</ele>
    </rtept>
    <rtept lat="45.62216042" lon="15.10803272" >
      <name>rte1_1393</name>
      <ele>740.00</ele>
    </rtept>
    <rtept lat="45.62212002" lon="15.10794287" >
      <name>rte1_1394</name>
      <ele>740.00</ele>
    </rtept>
    <rtept lat="45.62207961" lon="15.10785303" >
      <name>rte1_1395</name>
      <ele>740.00</ele>
    </rtept>
    <rtept lat="45.62203921" lon="15.10776318" >
      <name>rte1_1396</name>
      <ele>740.00</ele>
    </rtept>
    <rtept lat="45.62198531" lon="15.10766049" >
      <name>rte1_1397</name>
      <ele>740.00</ele>
    </rtept>
    <rtept lat="45.62194488" lon="15.10759629" >
      <name>rte1_1398</name>
      <ele>740.00</ele>
    </rtept>
    <rtept lat="45.62188647" lon="15.10751283" >
      <name>rte1_1399</name>
      <ele>740.00</ele>
    </rtept>
  </rte>
</gpx>
