<?xml version="1.0" encoding="UTF-8"?>
<gpx xmlns:xsi="http://www.w3.org/2001/XMLSchema-instance" xmlns="http://www.topografix.com/GPX/1/1" xsi:schemaLocation="http://www.topografix.com/GPX/1/1 http://www.topografix.com/GPX/1/1/gpx.xsd http://www.garmin.com/xmlschemas/GpxExtensions/v3 http://www.garmin.com/xmlschemas/GpxExtensionsv3.xsd http://www.garmin.com/xmlschemas/TrackPointExtension/v1 http://www.garmin.com/xmlschemas/TrackPointExtensionv1.xsd http://www.topografix.com/GPX/gpx_style/0/2 http://www.topografix.com/GPX/gpx_style/0/2/gpx_style.xsd" xmlns:gpxtpx="http://www.garmin.com/xmlschemas/TrackPointExtension/v1" xmlns:gpxx="http://www.garmin.com/xmlschemas/GpxExtensions/v3" xmlns:gpx_style="http://www.topografix.com/GPX/gpx_style/0/2" version="1.1" creator="OCAD 2020.5.5.3227">
<metadata>
    <name>planinska_krozna_pot-1(1)</name>
    <author>
        <name>gpx.studio</name>
        <link href="https://gpx.studio"></link>
    </author>
</metadata>
<trk>
    <name>planinska_krozna_pot-1</name>
    <type>Cycling</type>
    <trkseg>
    <trkpt lat="45.65345127" lon="15.31379235">
        <ele>162.6</ele>
    </trkpt>
    <trkpt lat="45.65428007" lon="15.3150737">
        <ele>180.0</ele>
    </trkpt>
    <trkpt lat="45.65433423" lon="15.31500985">
        <ele>179.0</ele>
    </trkpt>
    <trkpt lat="45.65438838" lon="15.31495241">
        <ele>187.7</ele>
    </trkpt>
    <trkpt lat="45.65443803" lon="15.31489495">
        <ele>187.7</ele>
    </trkpt>
    <trkpt lat="45.65449216" lon="15.31484393">
        <ele>187.7</ele>
    </trkpt>
    <trkpt lat="45.6545418" lon="15.31479289">
        <ele>187.7</ele>
    </trkpt>
    <trkpt lat="45.65459141" lon="15.31474826">
        <ele>193.8</ele>
    </trkpt>
    <trkpt lat="45.65464104" lon="15.31469722">
        <ele>190.0</ele>
    </trkpt>
    <trkpt lat="45.65469064" lon="15.314659">
        <ele>190.0</ele>
    </trkpt>
    <trkpt lat="45.65474025" lon="15.31461437">
        <ele>190.0</ele>
    </trkpt>
    <trkpt lat="45.65479435" lon="15.31457618">
        <ele>190.0</ele>
    </trkpt>
    <trkpt lat="45.65484846" lon="15.31453158">
        <ele>192.3</ele>
    </trkpt>
    <trkpt lat="45.65490256" lon="15.31449339">
        <ele>192.3</ele>
    </trkpt>
    <trkpt lat="45.65496115" lon="15.31445523">
        <ele>192.3</ele>
    </trkpt>
    <trkpt lat="45.65502424" lon="15.31441709">
        <ele>194.1</ele>
    </trkpt>
    <trkpt lat="45.65509184" lon="15.31437897">
        <ele>187.8</ele>
    </trkpt>
    <trkpt lat="45.65516391" lon="15.3143473">
        <ele>187.8</ele>
    </trkpt>
    <trkpt lat="45.65523604" lon="15.31429638">
        <ele>187.8</ele>
    </trkpt>
    <trkpt lat="45.65530815" lon="15.31425188">
        <ele>187.0</ele>
    </trkpt>
    <trkpt lat="45.65537576" lon="15.31420735">
        <ele>187.0</ele>
    </trkpt>
    <trkpt lat="45.65543889" lon="15.31415638">
        <ele>187.0</ele>
    </trkpt>
    <trkpt lat="45.6555065" lon="15.31411185">
        <ele>187.7</ele>
    </trkpt>
    <trkpt lat="45.65556511" lon="15.31406727">
        <ele>182.5</ele>
    </trkpt>
    <trkpt lat="45.6556282" lon="15.31402913">
        <ele>182.5</ele>
    </trkpt>
    <trkpt lat="45.6556913" lon="15.31399099">
        <ele>182.5</ele>
    </trkpt>
    <trkpt lat="45.65574987" lon="15.31395924">
        <ele>190.0</ele>
    </trkpt>
    <trkpt lat="45.65581293" lon="15.31393393">
        <ele>190.0</ele>
    </trkpt>
    <trkpt lat="45.65587597" lon="15.31391504">
        <ele>190.0</ele>
    </trkpt>
    <trkpt lat="45.65594349" lon="15.31390259">
        <ele>190.0</ele>
    </trkpt>
    <trkpt lat="45.656011" lon="15.31389655">
        <ele>190.0</ele>
    </trkpt>
    <trkpt lat="45.65608298" lon="15.31389696">
        <ele>190.0</ele>
    </trkpt>
    <trkpt lat="45.65615945" lon="15.3139038">
        <ele>190.0</ele>
    </trkpt>
    <trkpt lat="45.65624486" lon="15.31392994">
        <ele>190.0</ele>
    </trkpt>
    <trkpt lat="45.65629431" lon="15.31394305">
        <ele>190.0</ele>
    </trkpt>
    <trkpt lat="45.65634825" lon="15.3139626">
        <ele>190.0</ele>
    </trkpt>
    <trkpt lat="45.6563977" lon="15.31397571">
        <ele>193.7</ele>
    </trkpt>
    <trkpt lat="45.65644718" lon="15.31398241">
        <ele>193.7</ele>
    </trkpt>
    <trkpt lat="45.65649663" lon="15.31399552">
        <ele>193.7</ele>
    </trkpt>
    <trkpt lat="45.6565461" lon="15.31400221">
        <ele>193.7</ele>
    </trkpt>
    <trkpt lat="45.65663608" lon="15.31400272">
        <ele>195.0</ele>
    </trkpt>
    <trkpt lat="45.65672606" lon="15.31400322">
        <ele>195.0</ele>
    </trkpt>
    <trkpt lat="45.65681158" lon="15.31399087">
        <ele>195.0</ele>
    </trkpt>
    <trkpt lat="45.65689712" lon="15.31397211">
        <ele>196.9</ele>
    </trkpt>
    <trkpt lat="45.65697817" lon="15.3139469">
        <ele>196.9</ele>
    </trkpt>
    <trkpt lat="45.65705924" lon="15.31391527">
        <ele>200.0</ele>
    </trkpt>
    <trkpt lat="45.65714483" lon="15.31387726">
        <ele>200.0</ele>
    </trkpt>
    <trkpt lat="45.65722594" lon="15.3138328">
        <ele>200.0</ele>
    </trkpt>
    <trkpt lat="45.6572665" lon="15.31380737">
        <ele>200.0</ele>
    </trkpt>
    <trkpt lat="45.65731156" lon="15.31378196">
        <ele>200.0</ele>
    </trkpt>
    <trkpt lat="45.65735213" lon="15.31375652">
        <ele>196.4</ele>
    </trkpt>
    <trkpt lat="45.65739719" lon="15.31373111">
        <ele>196.4</ele>
    </trkpt>
    <trkpt lat="45.65743777" lon="15.31369926">
        <ele>196.4</ele>
    </trkpt>
    <trkpt lat="45.65748283" lon="15.31367385">
        <ele>196.4</ele>
    </trkpt>
    <trkpt lat="45.65752791" lon="15.31364202">
        <ele>201.6</ele>
    </trkpt>
    <trkpt lat="45.65757299" lon="15.3136102">
        <ele>201.6</ele>
    </trkpt>
    <trkpt lat="45.65762257" lon="15.3135784">
        <ele>201.6</ele>
    </trkpt>
    <trkpt lat="45.65767215" lon="15.31354659">
        <ele>201.6</ele>
    </trkpt>
    <trkpt lat="45.65774427" lon="15.31349567">
        <ele>203.4</ele>
    </trkpt>
    <trkpt lat="45.65781635" lon="15.313464">
        <ele>203.4</ele>
    </trkpt>
    <trkpt lat="45.6578839" lon="15.31343871">
        <ele>200.0</ele>
    </trkpt>
    <trkpt lat="45.65794692" lon="15.31342623">
        <ele>200.0</ele>
    </trkpt>
    <trkpt lat="45.65800543" lon="15.31342015">
        <ele>205.0</ele>
    </trkpt>
    <trkpt lat="45.6580684" lon="15.31342692">
        <ele>205.0</ele>
    </trkpt>
    <trkpt lat="45.65812685" lon="15.31344008">
        <ele>205.0</ele>
    </trkpt>
    <trkpt lat="45.65818977" lon="15.31346609">
        <ele>206.1</ele>
    </trkpt>
    <trkpt lat="45.65825268" lon="15.31349211">
        <ele>206.1</ele>
    </trkpt>
    <trkpt lat="45.65832006" lon="15.31353098">
        <ele>206.1</ele>
    </trkpt>
    <trkpt lat="45.65839193" lon="15.3135763">
        <ele>206.1</ele>
    </trkpt>
    <trkpt lat="45.65846829" lon="15.31362164">
        <ele>210.0</ele>
    </trkpt>
    <trkpt lat="45.65850869" lon="15.31365395">
        <ele>210.0</ele>
    </trkpt>
    <trkpt lat="45.65854911" lon="15.31367984">
        <ele>210.0</ele>
    </trkpt>
    <trkpt lat="45.65859401" lon="15.31371217">
        <ele>210.0</ele>
    </trkpt>
    <trkpt lat="45.65863891" lon="15.3137445">
        <ele>210.0</ele>
    </trkpt>
    <trkpt lat="45.65868382" lon="15.31377684">
        <ele>210.0</ele>
    </trkpt>
    <trkpt lat="45.65873322" lon="15.31380919">
        <ele>210.0</ele>
    </trkpt>
    <trkpt lat="45.6587871" lon="15.31384799">
        <ele>210.0</ele>
    </trkpt>
    <trkpt lat="45.65884098" lon="15.31388679">
        <ele>210.0</ele>
    </trkpt>
    <trkpt lat="45.65888588" lon="15.31391912">
        <ele>210.0</ele>
    </trkpt>
    <trkpt lat="45.65893079" lon="15.31395146">
        <ele>210.0</ele>
    </trkpt>
    <trkpt lat="45.65898019" lon="15.31398382">
        <ele>210.0</ele>
    </trkpt>
    <trkpt lat="45.65902057" lon="15.31402254">
        <ele>210.0</ele>
    </trkpt>
    <trkpt lat="45.65906547" lon="15.31405487">
        <ele>210.0</ele>
    </trkpt>
    <trkpt lat="45.65911036" lon="15.31409362">
        <ele>210.0</ele>
    </trkpt>
    <trkpt lat="45.65915074" lon="15.31413234">
        <ele>210.0</ele>
    </trkpt>
    <trkpt lat="45.65919115" lon="15.31416465">
        <ele>210.0</ele>
    </trkpt>
    <trkpt lat="45.65923153" lon="15.31420338">
        <ele>210.0</ele>
    </trkpt>
    <trkpt lat="45.65927192" lon="15.3142421">
        <ele>210.0</ele>
    </trkpt>
    <trkpt lat="45.6593123" lon="15.31428082">
        <ele>207.8</ele>
    </trkpt>
    <trkpt lat="45.65934819" lon="15.31431952">
        <ele>207.8</ele>
    </trkpt>
    <trkpt lat="45.65938857" lon="15.31435825">
        <ele>207.8</ele>
    </trkpt>
    <trkpt lat="45.65942444" lon="15.31440336">
        <ele>207.8</ele>
    </trkpt>
    <trkpt lat="45.65946033" lon="15.31444206">
        <ele>207.9</ele>
    </trkpt>
    <trkpt lat="45.65950069" lon="15.3144872">
        <ele>207.9</ele>
    </trkpt>
    <trkpt lat="45.65953658" lon="15.3145259">
        <ele>205.5</ele>
    </trkpt>
    <trkpt lat="45.65957245" lon="15.31457101">
        <ele>205.5</ele>
    </trkpt>
    <trkpt lat="45.65960832" lon="15.31461613">
        <ele>205.5</ele>
    </trkpt>
    <trkpt lat="45.65963968" lon="15.31466122">
        <ele>205.5</ele>
    </trkpt>
    <trkpt lat="45.65967555" lon="15.31470633">
        <ele>205.5</ele>
    </trkpt>
    <trkpt lat="45.6597114" lon="15.31475787">
        <ele>205.9</ele>
    </trkpt>
    <trkpt lat="45.65974727" lon="15.31480298">
        <ele>205.0</ele>
    </trkpt>
    <trkpt lat="45.65977862" lon="15.31485449">
        <ele>205.0</ele>
    </trkpt>
    <trkpt lat="45.65981447" lon="15.31490602">
        <ele>205.0</ele>
    </trkpt>
    <trkpt lat="45.65984582" lon="15.31495753">
        <ele>205.0</ele>
    </trkpt>
    <trkpt lat="45.65988167" lon="15.31500906">
        <ele>205.0</ele>
    </trkpt>
    <trkpt lat="45.65991752" lon="15.31506059">
        <ele>205.0</ele>
    </trkpt>
    <trkpt lat="45.65994886" lon="15.31511851">
        <ele>205.0</ele>
    </trkpt>
    <trkpt lat="45.65998469" lon="15.31517646">
        <ele>205.0</ele>
    </trkpt>
    <trkpt lat="45.66002054" lon="15.31522799">
        <ele>205.0</ele>
    </trkpt>
    <trkpt lat="45.66005635" lon="15.31529236">
        <ele>205.0</ele>
    </trkpt>
    <trkpt lat="45.66012823" lon="15.31533126">
        <ele>205.0</ele>
    </trkpt>
    <trkpt lat="45.66071045" lon="15.31629057">
        <ele>206.0</ele>
    </trkpt>
    <trkpt lat="45.66073281" lon="15.31634203">
        <ele>206.0</ele>
    </trkpt>
    <trkpt lat="45.66075512" lon="15.31640632">
        <ele>210.0</ele>
    </trkpt>
    <trkpt lat="45.66077744" lon="15.31647061">
        <ele>210.0</ele>
    </trkpt>
    <trkpt lat="45.66080424" lon="15.31654134">
        <ele>210.0</ele>
    </trkpt>
    <trkpt lat="45.66083994" lon="15.3166442">
        <ele>210.0</ele>
    </trkpt>
    <trkpt lat="45.66087113" lon="15.31675345">
        <ele>209.0</ele>
    </trkpt>
    <trkpt lat="45.66090234" lon="15.31685629">
        <ele>209.0</ele>
    </trkpt>
    <trkpt lat="45.66093356" lon="15.31695271">
        <ele>209.0</ele>
    </trkpt>
    <trkpt lat="45.66096029" lon="15.31704911">
        <ele>212.7</ele>
    </trkpt>
    <trkpt lat="45.66099153" lon="15.31713912">
        <ele>212.7</ele>
    </trkpt>
    <trkpt lat="45.66102277" lon="15.31722912">
        <ele>212.7</ele>
    </trkpt>
    <trkpt lat="45.66105404" lon="15.31731271">
        <ele>212.7</ele>
    </trkpt>
    <trkpt lat="45.66108979" lon="15.31739633">
        <ele>215.9</ele>
    </trkpt>
    <trkpt lat="45.66112557" lon="15.31747353">
        <ele>215.9</ele>
    </trkpt>
    <trkpt lat="45.66116585" lon="15.31755075">
        <ele>215.9</ele>
    </trkpt>
    <trkpt lat="45.66121062" lon="15.317628">
        <ele>215.9</ele>
    </trkpt>
    <trkpt lat="45.66126442" lon="15.31769889">
        <ele>218.6</ele>
    </trkpt>
    <trkpt lat="45.66132271" lon="15.3177698">
        <ele>216.8</ele>
    </trkpt>
    <trkpt lat="45.66138551" lon="15.31783432">
        <ele>216.8</ele>
    </trkpt>
    <trkpt lat="45.6614573" lon="15.31790531">
        <ele>216.8</ele>
    </trkpt>
    <trkpt lat="45.66151566" lon="15.31795055">
        <ele>216.8</ele>
    </trkpt>
    <trkpt lat="45.66156951" lon="15.31800219">
        <ele>218.2</ele>
    </trkpt>
    <trkpt lat="45.66162787" lon="15.31804744">
        <ele>218.2</ele>
    </trkpt>
    <trkpt lat="45.66168173" lon="15.31809266">
        <ele>218.2</ele>
    </trkpt>
    <trkpt lat="45.66173561" lon="15.31813147">
        <ele>218.2</ele>
    </trkpt>
    <trkpt lat="45.66178948" lon="15.31817669">
        <ele>215.0</ele>
    </trkpt>
    <trkpt lat="45.66183886" lon="15.31821547">
        <ele>215.0</ele>
    </trkpt>
    <trkpt lat="45.66189274" lon="15.31825427">
        <ele>215.0</ele>
    </trkpt>
    <trkpt lat="45.66194212" lon="15.31829305">
        <ele>215.0</ele>
    </trkpt>
    <trkpt lat="45.66199152" lon="15.31832542">
        <ele>220.0</ele>
    </trkpt>
    <trkpt lat="45.6620409" lon="15.3183642">
        <ele>220.0</ele>
    </trkpt>
    <trkpt lat="45.6620903" lon="15.31839656">
        <ele>220.0</ele>
    </trkpt>
    <trkpt lat="45.6621397" lon="15.31842892">
        <ele>220.0</ele>
    </trkpt>
    <trkpt lat="45.6621846" lon="15.31846126">
        <ele>220.0</ele>
    </trkpt>
    <trkpt lat="45.66223402" lon="15.31848721">
        <ele>219.6</ele>
    </trkpt>
    <trkpt lat="45.66228342" lon="15.31851957">
        <ele>219.6</ele>
    </trkpt>
    <trkpt lat="45.66233284" lon="15.31854552">
        <ele>219.6</ele>
    </trkpt>
    <trkpt lat="45.66238226" lon="15.31857147">
        <ele>219.6</ele>
    </trkpt>
    <trkpt lat="45.66243166" lon="15.31860383">
        <ele>219.6</ele>
    </trkpt>
    <trkpt lat="45.66248107" lon="15.31862978">
        <ele>220.0</ele>
    </trkpt>
    <trkpt lat="45.66253499" lon="15.31865575">
        <ele>220.0</ele>
    </trkpt>
    <trkpt lat="45.66258892" lon="15.31867531">
        <ele>220.0</ele>
    </trkpt>
    <trkpt lat="45.66263834" lon="15.31870126">
        <ele>220.0</ele>
    </trkpt>
    <trkpt lat="45.66269676" lon="15.31872726">
        <ele>220.6</ele>
    </trkpt>
    <trkpt lat="45.66275067" lon="15.31875323">
        <ele>220.6</ele>
    </trkpt>
    <trkpt lat="45.66280911" lon="15.31877282">
        <ele>220.6</ele>
    </trkpt>
    <trkpt lat="45.66286752" lon="15.31879882">
        <ele>220.6</ele>
    </trkpt>
    <trkpt lat="45.66292596" lon="15.3188184">
        <ele>220.4</ele>
    </trkpt>
    <trkpt lat="45.66298887" lon="15.31884442">
        <ele>220.4</ele>
    </trkpt>
    <trkpt lat="45.66305181" lon="15.31886403">
        <ele>220.4</ele>
    </trkpt>
    <trkpt lat="45.66311472" lon="15.31889006">
        <ele>221.6</ele>
    </trkpt>
    <trkpt lat="45.66318663" lon="15.31891614">
        <ele>221.6</ele>
    </trkpt>
    <trkpt lat="45.66323159" lon="15.31892922">
        <ele>221.6</ele>
    </trkpt>
    <trkpt lat="45.66328104" lon="15.31894234">
        <ele>221.6</ele>
    </trkpt>
    <trkpt lat="45.66332601" lon="15.31894901">
        <ele>224.6</ele>
    </trkpt>
    <trkpt lat="45.66337097" lon="15.3189621">
        <ele>225.0</ele>
    </trkpt>
    <trkpt lat="45.66341594" lon="15.31896878">
        <ele>225.0</ele>
    </trkpt>
    <trkpt lat="45.66346091" lon="15.31897545">
        <ele>225.0</ele>
    </trkpt>
    <trkpt lat="45.66354638" lon="15.31898236">
        <ele>225.0</ele>
    </trkpt>
    <trkpt lat="45.66362733" lon="15.31899565">
        <ele>228.8</ele>
    </trkpt>
    <trkpt lat="45.66370831" lon="15.31899611">
        <ele>228.8</ele>
    </trkpt>
    <trkpt lat="45.66378477" lon="15.31900297">
        <ele>231.5</ele>
    </trkpt>
    <trkpt lat="45.66386574" lon="15.31900985">
        <ele>231.5</ele>
    </trkpt>
    <trkpt lat="45.66394221" lon="15.3190167">
        <ele>231.5</ele>
    </trkpt>
    <trkpt lat="45.66401865" lon="15.31902997">
        <ele>232.3</ele>
    </trkpt>
    <trkpt lat="45.66409508" lon="15.31904966">
        <ele>232.3</ele>
    </trkpt>
    <trkpt lat="45.66417601" lon="15.31906937">
        <ele>232.3</ele>
    </trkpt>
    <trkpt lat="45.66425691" lon="15.31910191">
        <ele>232.7</ele>
    </trkpt>
    <trkpt lat="45.66434228" lon="15.3191409">
        <ele>232.7</ele>
    </trkpt>
    <trkpt lat="45.66438272" lon="15.31916038">
        <ele>232.7</ele>
    </trkpt>
    <trkpt lat="45.66442764" lon="15.31918631">
        <ele>232.7</ele>
    </trkpt>
    <trkpt lat="45.66446804" lon="15.31921862">
        <ele>231.1</ele>
    </trkpt>
    <trkpt lat="45.66451744" lon="15.31925099">
        <ele>231.1</ele>
    </trkpt>
    <trkpt lat="45.6645758" lon="15.31929624">
        <ele>234.0</ele>
    </trkpt>
    <trkpt lat="45.66463416" lon="15.31934149">
        <ele>234.0</ele>
    </trkpt>
    <trkpt lat="45.66469248" lon="15.31939957">
        <ele>230.0</ele>
    </trkpt>
    <trkpt lat="45.66474633" lon="15.31945121">
        <ele>230.0</ele>
    </trkpt>
    <trkpt lat="45.66480016" lon="15.31950927">
        <ele>230.0</ele>
    </trkpt>
    <trkpt lat="45.664854" lon="15.31956092">
        <ele>230.0</ele>
    </trkpt>
    <trkpt lat="45.66490335" lon="15.31961253">
        <ele>233.1</ele>
    </trkpt>
    <trkpt lat="45.66495719" lon="15.31966417">
        <ele>232.0</ele>
    </trkpt>
    <trkpt lat="45.66500657" lon="15.31970296">
        <ele>232.0</ele>
    </trkpt>
    <trkpt lat="45.66506045" lon="15.31974177">
        <ele>232.0</ele>
    </trkpt>
    <trkpt lat="45.66510987" lon="15.31976772">
        <ele>232.0</ele>
    </trkpt>
    <trkpt lat="45.6651638" lon="15.31978728">
        <ele>232.6</ele>
    </trkpt>
    <trkpt lat="45.66522227" lon="15.31979403">
        <ele>232.6</ele>
    </trkpt>
    <trkpt lat="45.66528076" lon="15.31979436">
        <ele>232.6</ele>
    </trkpt>
    <trkpt lat="45.6653393" lon="15.31977545">
        <ele>232.6</ele>
    </trkpt>
    <trkpt lat="45.66540236" lon="15.31975014">
        <ele>233.5</ele>
    </trkpt>
    <trkpt lat="45.66557712" lon="15.3200014">
        <ele>234.2</ele>
    </trkpt>
    <trkpt lat="45.66563082" lon="15.32010438">
        <ele>235.0</ele>
    </trkpt>
    <trkpt lat="45.66568905" lon="15.32019455">
        <ele>235.0</ele>
    </trkpt>
    <trkpt lat="45.66575179" lon="15.32028474">
        <ele>235.0</ele>
    </trkpt>
    <trkpt lat="45.66581452" lon="15.32037494">
        <ele>235.0</ele>
    </trkpt>
    <trkpt lat="45.66585039" lon="15.32042006">
        <ele>235.0</ele>
    </trkpt>
    <trkpt lat="45.66588625" lon="15.32046518">
        <ele>235.0</ele>
    </trkpt>
    <trkpt lat="45.66592212" lon="15.32051031">
        <ele>235.0</ele>
    </trkpt>
    <trkpt lat="45.66595798" lon="15.32055543">
        <ele>235.0</ele>
    </trkpt>
    <trkpt lat="45.66599833" lon="15.320607">
        <ele>238.9</ele>
    </trkpt>
    <trkpt lat="45.6660342" lon="15.32065212">
        <ele>239.4</ele>
    </trkpt>
    <trkpt lat="45.66607453" lon="15.32071011">
        <ele>239.4</ele>
    </trkpt>
    <trkpt lat="45.66611935" lon="15.32076812">
        <ele>239.4</ele>
    </trkpt>
    <trkpt lat="45.66617312" lon="15.32084543">
        <ele>239.4</ele>
    </trkpt>
    <trkpt lat="45.66623139" lon="15.32092277">
        <ele>240.0</ele>
    </trkpt>
    <trkpt lat="45.66628068" lon="15.32099363">
        <ele>240.0</ele>
    </trkpt>
    <trkpt lat="45.66633449" lon="15.32105811">
        <ele>240.0</ele>
    </trkpt>
    <trkpt lat="45.66638382" lon="15.32111615">
        <ele>240.0</ele>
    </trkpt>
    <trkpt lat="45.66643313" lon="15.3211806">
        <ele>240.0</ele>
    </trkpt>
    <trkpt lat="45.66648247" lon="15.32123222">
        <ele>240.0</ele>
    </trkpt>
    <trkpt lat="45.6665363" lon="15.32129028">
        <ele>240.0</ele>
    </trkpt>
    <trkpt lat="45.66658564" lon="15.3213419">
        <ele>240.0</ele>
    </trkpt>
    <trkpt lat="45.66663948" lon="15.32139355">
        <ele>240.0</ele>
    </trkpt>
    <trkpt lat="45.66669331" lon="15.32145161">
        <ele>240.0</ele>
    </trkpt>
    <trkpt lat="45.66674715" lon="15.32150326">
        <ele>240.0</ele>
    </trkpt>
    <trkpt lat="45.6668055" lon="15.32155493">
        <ele>240.0</ele>
    </trkpt>
    <trkpt lat="45.66686832" lon="15.32161304">
        <ele>240.0</ele>
    </trkpt>
    <trkpt lat="45.66693564" lon="15.32167118">
        <ele>240.0</ele>
    </trkpt>
    <trkpt lat="45.66700744" lon="15.32173577">
        <ele>240.0</ele>
    </trkpt>
    <trkpt lat="45.66707027" lon="15.32179388">
        <ele>240.0</ele>
    </trkpt>
    <trkpt lat="45.66713761" lon="15.32184561">
        <ele>240.0</ele>
    </trkpt>
    <trkpt lat="45.66719595" lon="15.32189728">
        <ele>245.7</ele>
    </trkpt>
    <trkpt lat="45.66725427" lon="15.32195537">
        <ele>245.7</ele>
    </trkpt>
    <trkpt lat="45.66730814" lon="15.3220006">
        <ele>245.7</ele>
    </trkpt>
    <trkpt lat="45.66736198" lon="15.32205224">
        <ele>245.7</ele>
    </trkpt>
    <trkpt lat="45.66741132" lon="15.32210387">
        <ele>247.2</ele>
    </trkpt>
    <trkpt lat="45.66746067" lon="15.32215549">
        <ele>247.2</ele>
    </trkpt>
    <trkpt lat="45.66750999" lon="15.32221352">
        <ele>253.2</ele>
    </trkpt>
    <trkpt lat="45.66755932" lon="15.32227156">
        <ele>253.2</ele>
    </trkpt>
    <trkpt lat="45.66760414" lon="15.32232957">
        <ele>260.0</ele>
    </trkpt>
    <trkpt lat="45.66765345" lon="15.32239403">
        <ele>260.0</ele>
    </trkpt>
    <trkpt lat="45.66769824" lon="15.32246488">
        <ele>260.0</ele>
    </trkpt>
    <trkpt lat="45.66774751" lon="15.32254217">
        <ele>260.7</ele>
    </trkpt>
    <trkpt lat="45.66779227" lon="15.32262585">
        <ele>260.7</ele>
    </trkpt>
    <trkpt lat="45.667846" lon="15.322716">
        <ele>263.9</ele>
    </trkpt>
    <trkpt lat="45.66788179" lon="15.32278679">
        <ele>263.9</ele>
    </trkpt>
    <trkpt lat="45.66791758" lon="15.32285759">
        <ele>265.0</ele>
    </trkpt>
    <trkpt lat="45.6679489" lon="15.32292194">
        <ele>265.0</ele>
    </trkpt>
    <trkpt lat="45.66798019" lon="15.32299271">
        <ele>265.0</ele>
    </trkpt>
    <trkpt lat="45.668007" lon="15.32305703">
        <ele>265.0</ele>
    </trkpt>
    <trkpt lat="45.66803381" lon="15.32312136">
        <ele>265.0</ele>
    </trkpt>
    <trkpt lat="45.66806064" lon="15.32317927">
        <ele>270.0</ele>
    </trkpt>
    <trkpt lat="45.66808745" lon="15.3232436">
        <ele>270.0</ele>
    </trkpt>
    <trkpt lat="45.66811427" lon="15.32330792">
        <ele>270.0</ele>
    </trkpt>
    <trkpt lat="45.6681411" lon="15.32336583">
        <ele>270.0</ele>
    </trkpt>
    <trkpt lat="45.66816793" lon="15.32342374">
        <ele>270.0</ele>
    </trkpt>
    <trkpt lat="45.66820374" lon="15.32348812">
        <ele>270.0</ele>
    </trkpt>
    <trkpt lat="45.66823956" lon="15.32354608">
        <ele>270.0</ele>
    </trkpt>
    <trkpt lat="45.66827537" lon="15.32361046">
        <ele>275.0</ele>
    </trkpt>
    <trkpt lat="45.66832018" lon="15.32367489">
        <ele>275.0</ele>
    </trkpt>
    <trkpt lat="45.66836949" lon="15.32373935">
        <ele>275.0</ele>
    </trkpt>
    <trkpt lat="45.66842777" lon="15.32381028">
        <ele>275.0</ele>
    </trkpt>
    <trkpt lat="45.66849056" lon="15.32388123">
        <ele>275.0</ele>
    </trkpt>
    <trkpt lat="45.66855338" lon="15.32393935">
        <ele>275.0</ele>
    </trkpt>
    <trkpt lat="45.66861172" lon="15.32399102">
        <ele>275.0</ele>
    </trkpt>
    <trkpt lat="45.66867458" lon="15.32403631">
        <ele>275.0</ele>
    </trkpt>
    <trkpt lat="45.66873296" lon="15.32407515">
        <ele>280.0</ele>
    </trkpt>
    <trkpt lat="45.66879585" lon="15.3241076">
        <ele>280.0</ele>
    </trkpt>
    <trkpt lat="45.66885875" lon="15.32414005">
        <ele>280.0</ele>
    </trkpt>
    <trkpt lat="45.66892164" lon="15.3241725">
        <ele>280.0</ele>
    </trkpt>
    <trkpt lat="45.66898456" lon="15.32419854">
        <ele>280.0</ele>
    </trkpt>
    <trkpt lat="45.66905199" lon="15.32421818">
        <ele>280.0</ele>
    </trkpt>
    <trkpt lat="45.6691194" lon="15.32424424">
        <ele>280.0</ele>
    </trkpt>
    <trkpt lat="45.66919131" lon="15.32427033">
        <ele>280.0</ele>
    </trkpt>
    <trkpt lat="45.66926774" lon="15.32429002">
        <ele>280.0</ele>
    </trkpt>
    <trkpt lat="45.66934415" lon="15.32431614">
        <ele>280.0</ele>
    </trkpt>
    <trkpt lat="45.66942954" lon="15.32434872">
        <ele>285.0</ele>
    </trkpt>
    <trkpt lat="45.66949248" lon="15.32436834">
        <ele>285.0</ele>
    </trkpt>
    <trkpt lat="45.66955091" lon="15.32438793">
        <ele>285.0</ele>
    </trkpt>
    <trkpt lat="45.66961384" lon="15.32440754">
        <ele>285.0</ele>
    </trkpt>
    <trkpt lat="45.66967229" lon="15.32442072">
        <ele>285.0</ele>
    </trkpt>
    <trkpt lat="45.66972622" lon="15.32444028">
        <ele>285.0</ele>
    </trkpt>
    <trkpt lat="45.66978466" lon="15.32445988">
        <ele>285.0</ele>
    </trkpt>
    <trkpt lat="45.66983861" lon="15.32447302">
        <ele>285.0</ele>
    </trkpt>
    <trkpt lat="45.66989256" lon="15.32448617">
        <ele>290.0</ele>
    </trkpt>
    <trkpt lat="45.66994651" lon="15.32449932">
        <ele>290.0</ele>
    </trkpt>
    <trkpt lat="45.66999597" lon="15.32451244">
        <ele>290.0</ele>
    </trkpt>
    <trkpt lat="45.67004992" lon="15.32452559">
        <ele>290.0</ele>
    </trkpt>
    <trkpt lat="45.67009937" lon="15.32453871">
        <ele>290.0</ele>
    </trkpt>
    <trkpt lat="45.67014882" lon="15.32455183">
        <ele>290.0</ele>
    </trkpt>
    <trkpt lat="45.67019828" lon="15.32456496">
        <ele>290.0</ele>
    </trkpt>
    <trkpt lat="45.67024773" lon="15.32457808">
        <ele>290.0</ele>
    </trkpt>
    <trkpt lat="45.67029718" lon="15.3245912">
        <ele>300.0</ele>
    </trkpt>
    <trkpt lat="45.67034664" lon="15.32460432">
        <ele>300.0</ele>
    </trkpt>
    <trkpt lat="45.67039609" lon="15.32461745">
        <ele>300.0</ele>
    </trkpt>
    <trkpt lat="45.67044554" lon="15.32463057">
        <ele>300.0</ele>
    </trkpt>
    <trkpt lat="45.67049499" lon="15.32464369">
        <ele>300.0</ele>
    </trkpt>
    <trkpt lat="45.67054443" lon="15.32466323">
        <ele>300.0</ele>
    </trkpt>
    <trkpt lat="45.67059388" lon="15.32467635">
        <ele>300.0</ele>
    </trkpt>
    <trkpt lat="45.67064782" lon="15.32469592">
        <ele>300.0</ele>
    </trkpt>
    <trkpt lat="45.67069727" lon="15.32470904">
        <ele>300.0</ele>
    </trkpt>
    <trkpt lat="45.6707512" lon="15.32472861">
        <ele>300.0</ele>
    </trkpt>
    <trkpt lat="45.67080514" lon="15.32474817">
        <ele>300.0</ele>
    </trkpt>
    <trkpt lat="45.67085907" lon="15.32476774">
        <ele>300.0</ele>
    </trkpt>
    <trkpt lat="45.67091748" lon="15.32479375">
        <ele>300.0</ele>
    </trkpt>
    <trkpt lat="45.67097592" lon="15.32481334">
        <ele>300.0</ele>
    </trkpt>
    <trkpt lat="45.67103433" lon="15.32483935">
        <ele>300.0</ele>
    </trkpt>
    <trkpt lat="45.67109724" lon="15.32486539">
        <ele>300.0</ele>
    </trkpt>
    <trkpt lat="45.67116014" lon="15.32489784">
        <ele>300.0</ele>
    </trkpt>
    <trkpt lat="45.67121405" lon="15.32492382">
        <ele>300.0</ele>
    </trkpt>
    <trkpt lat="45.67126797" lon="15.32494981">
        <ele>300.0</ele>
    </trkpt>
    <trkpt lat="45.67132188" lon="15.32497579">
        <ele>300.0</ele>
    </trkpt>
    <trkpt lat="45.6713713" lon="15.32500175">
        <ele>300.0</ele>
    </trkpt>
    <trkpt lat="45.6714207" lon="15.32503412">
        <ele>310.0</ele>
    </trkpt>
    <trkpt lat="45.67147011" lon="15.32506008">
        <ele>310.0</ele>
    </trkpt>
    <trkpt lat="45.67151501" lon="15.32509243">
        <ele>300.0</ele>
    </trkpt>
    <trkpt lat="45.67156441" lon="15.3251248">
        <ele>300.0</ele>
    </trkpt>
    <trkpt lat="45.67160481" lon="15.32515713">
        <ele>300.0</ele>
    </trkpt>
    <trkpt lat="45.67164971" lon="15.32518948">
        <ele>310.0</ele>
    </trkpt>
    <trkpt lat="45.67169463" lon="15.32521541">
        <ele>310.0</ele>
    </trkpt>
    <trkpt lat="45.67173503" lon="15.32524773">
        <ele>310.0</ele>
    </trkpt>
    <trkpt lat="45.67177543" lon="15.32528005">
        <ele>310.0</ele>
    </trkpt>
    <trkpt lat="45.67181582" lon="15.32531238">
        <ele>310.0</ele>
    </trkpt>
    <trkpt lat="45.67186072" lon="15.32534473">
        <ele>310.0</ele>
    </trkpt>
    <trkpt lat="45.67190114" lon="15.32537063">
        <ele>310.0</ele>
    </trkpt>
    <trkpt lat="45.67194154" lon="15.32540296">
        <ele>310.0</ele>
    </trkpt>
    <trkpt lat="45.67198194" lon="15.32543528">
        <ele>310.0</ele>
    </trkpt>
    <trkpt lat="45.67202236" lon="15.32546118">
        <ele>310.0</ele>
    </trkpt>
    <trkpt lat="45.67206726" lon="15.32549353">
        <ele>310.0</ele>
    </trkpt>
    <trkpt lat="45.67210768" lon="15.32551944">
        <ele>310.0</ele>
    </trkpt>
    <trkpt lat="45.67215259" lon="15.32554537">
        <ele>310.0</ele>
    </trkpt>
    <trkpt lat="45.67219751" lon="15.3255713">
        <ele>310.0</ele>
    </trkpt>
    <trkpt lat="45.67224243" lon="15.32559724">
        <ele>310.0</ele>
    </trkpt>
    <trkpt lat="45.67229184" lon="15.3256232">
        <ele>310.0</ele>
    </trkpt>
    <trkpt lat="45.67233678" lon="15.32564271">
        <ele>313.7</ele>
    </trkpt>
    <trkpt lat="45.67238621" lon="15.32566225">
        <ele>313.7</ele>
    </trkpt>
    <trkpt lat="45.67244013" lon="15.32568824">
        <ele>313.7</ele>
    </trkpt>
    <trkpt lat="45.67248958" lon="15.32570136">
        <ele>313.7</ele>
    </trkpt>
    <trkpt lat="45.67254801" lon="15.32572095">
        <ele>320.0</ele>
    </trkpt>
    <trkpt lat="45.67260196" lon="15.3257341">
        <ele>320.0</ele>
    </trkpt>
    <trkpt lat="45.6726649" lon="15.32575372">
        <ele>320.0</ele>
    </trkpt>
    <trkpt lat="45.67271437" lon="15.32576043">
        <ele>320.0</ele>
    </trkpt>
    <trkpt lat="45.67276384" lon="15.32576714">
        <ele>320.0</ele>
    </trkpt>
    <trkpt lat="45.67281331" lon="15.32577384">
        <ele>320.0</ele>
    </trkpt>
    <trkpt lat="45.67285828" lon="15.32578052">
        <ele>320.0</ele>
    </trkpt>
    <trkpt lat="45.67290325" lon="15.3257872">
        <ele>320.0</ele>
    </trkpt>
    <trkpt lat="45.67294822" lon="15.32579388">
        <ele>320.0</ele>
    </trkpt>
    <trkpt lat="45.67299322" lon="15.32579415">
        <ele>320.0</ele>
    </trkpt>
    <trkpt lat="45.67303819" lon="15.32580083">
        <ele>320.0</ele>
    </trkpt>
    <trkpt lat="45.67311917" lon="15.3258013">
        <ele>320.0</ele>
    </trkpt>
    <trkpt lat="45.67320015" lon="15.32580177">
        <ele>320.0</ele>
    </trkpt>
    <trkpt lat="45.67328115" lon="15.32579583">
        <ele>325.0</ele>
    </trkpt>
    <trkpt lat="45.67336214" lon="15.3257963">
        <ele>325.0</ele>
    </trkpt>
    <trkpt lat="45.67344314" lon="15.32579035">
        <ele>325.0</ele>
    </trkpt>
    <trkpt lat="45.67352414" lon="15.32578441">
        <ele>325.0</ele>
    </trkpt>
    <trkpt lat="45.67360516" lon="15.32577205">
        <ele>325.0</ele>
    </trkpt>
    <trkpt lat="45.67369066" lon="15.32576613">
        <ele>325.0</ele>
    </trkpt>
    <trkpt lat="45.67377614" lon="15.32576663">
        <ele>325.0</ele>
    </trkpt>
    <trkpt lat="45.67382565" lon="15.3257605">
        <ele>325.0</ele>
    </trkpt>
    <trkpt lat="45.67387064" lon="15.32576076">
        <ele>325.0</ele>
    </trkpt>
    <trkpt lat="45.67392013" lon="15.32576105">
        <ele>325.0</ele>
    </trkpt>
    <trkpt lat="45.67396962" lon="15.32576134">
        <ele>325.0</ele>
    </trkpt>
    <trkpt lat="45.67401913" lon="15.32575521">
        <ele>325.0</ele>
    </trkpt>
    <trkpt lat="45.6740731" lon="15.32576194">
        <ele>325.0</ele>
    </trkpt>
    <trkpt lat="45.6741316" lon="15.32575586">
        <ele>329.1</ele>
    </trkpt>
    <trkpt lat="45.67419009" lon="15.32575621">
        <ele>329.1</ele>
    </trkpt>
    <trkpt lat="45.67424408" lon="15.32575652">
        <ele>329.1</ele>
    </trkpt>
    <trkpt lat="45.67429357" lon="15.32575681">
        <ele>329.1</ele>
    </trkpt>
    <trkpt lat="45.67434306" lon="15.3257571">
        <ele>330.0</ele>
    </trkpt>
    <trkpt lat="45.67439257" lon="15.32575097">
        <ele>330.0</ele>
    </trkpt>
    <trkpt lat="45.67443756" lon="15.32575123">
        <ele>330.0</ele>
    </trkpt>
    <trkpt lat="45.67448705" lon="15.32575152">
        <ele>330.0</ele>
    </trkpt>
    <trkpt lat="45.67453204" lon="15.32575178">
        <ele>330.0</ele>
    </trkpt>
    <trkpt lat="45.67458153" lon="15.32575207">
        <ele>330.0</ele>
    </trkpt>
    <trkpt lat="45.67462652" lon="15.32575233">
        <ele>330.0</ele>
    </trkpt>
    <trkpt lat="45.67467601" lon="15.32575262">
        <ele>330.0</ele>
    </trkpt>
    <trkpt lat="45.67473" lon="15.32575294">
        <ele>330.0</ele>
    </trkpt>
    <trkpt lat="45.67478398" lon="15.32575325">
        <ele>330.0</ele>
    </trkpt>
    <trkpt lat="45.67484245" lon="15.32576001">
        <ele>330.0</ele>
    </trkpt>
    <trkpt lat="45.67490542" lon="15.3257668">
        <ele>330.0</ele>
    </trkpt>
    <trkpt lat="45.67593627" lon="15.32557385">
        <ele>330.0</ele>
    </trkpt>
    <trkpt lat="45.6760128" lon="15.32556146">
        <ele>330.0</ele>
    </trkpt>
    <trkpt lat="45.6760893" lon="15.32555549">
        <ele>330.0</ele>
    </trkpt>
    <trkpt lat="45.6761613" lon="15.32554949">
        <ele>330.0</ele>
    </trkpt>
    <trkpt lat="45.6762333" lon="15.3255435">
        <ele>330.0</ele>
    </trkpt>
    <trkpt lat="45.67630531" lon="15.3255375">
        <ele>330.0</ele>
    </trkpt>
    <trkpt lat="45.67637279" lon="15.32553789">
        <ele>330.0</ele>
    </trkpt>
    <trkpt lat="45.6764403" lon="15.32553187">
        <ele>330.0</ele>
    </trkpt>
    <trkpt lat="45.6765033" lon="15.32552582">
        <ele>330.0</ele>
    </trkpt>
    <trkpt lat="45.67656629" lon="15.32552618">
        <ele>330.0</ele>
    </trkpt>
    <trkpt lat="45.67662929" lon="15.32552013">
        <ele>330.0</ele>
    </trkpt>
    <trkpt lat="45.67669228" lon="15.3255205">
        <ele>330.0</ele>
    </trkpt>
    <trkpt lat="45.67675529" lon="15.32551445">
        <ele>330.0</ele>
    </trkpt>
    <trkpt lat="45.67681377" lon="15.32551479">
        <ele>330.0</ele>
    </trkpt>
    <trkpt lat="45.67687676" lon="15.32551516">
        <ele>330.0</ele>
    </trkpt>
    <trkpt lat="45.67693527" lon="15.32550908">
        <ele>330.0</ele>
    </trkpt>
    <trkpt lat="45.67699375" lon="15.32550942">
        <ele>330.0</ele>
    </trkpt>
    <trkpt lat="45.67705226" lon="15.32550334">
        <ele>329.5</ele>
    </trkpt>
    <trkpt lat="45.67711526" lon="15.32549729">
        <ele>329.5</ele>
    </trkpt>
    <trkpt lat="45.67717377" lon="15.32549122">
        <ele>329.5</ele>
    </trkpt>
    <trkpt lat="45.67723226" lon="15.32549156">
        <ele>329.5</ele>
    </trkpt>
    <trkpt lat="45.67729526" lon="15.32548551">
        <ele>328.9</ele>
    </trkpt>
    <trkpt lat="45.67735827" lon="15.32547946">
        <ele>328.9</ele>
    </trkpt>
    <trkpt lat="45.67742129" lon="15.32546699">
        <ele>328.9</ele>
    </trkpt>
    <trkpt lat="45.6774843" lon="15.32546094">
        <ele>328.9</ele>
    </trkpt>
    <trkpt lat="45.67754732" lon="15.32544847">
        <ele>328.9</ele>
    </trkpt>
    <trkpt lat="45.67761482" lon="15.32544244">
        <ele>324.1</ele>
    </trkpt>
    <trkpt lat="45.67768235" lon="15.32543">
        <ele>324.1</ele>
    </trkpt>
    <trkpt lat="45.67774987" lon="15.32541756">
        <ele>326.5</ele>
    </trkpt>
    <trkpt lat="45.67782191" lon="15.32539872">
        <ele>326.5</ele>
    </trkpt>
    <trkpt lat="45.67789393" lon="15.32538631">
        <ele>326.5</ele>
    </trkpt>
    <trkpt lat="45.67796597" lon="15.32536747">
        <ele>326.1</ele>
    </trkpt>
    <trkpt lat="45.67804701" lon="15.32534869">
        <ele>326.1</ele>
    </trkpt>
    <trkpt lat="45.67810105" lon="15.32532975">
        <ele>326.1</ele>
    </trkpt>
    <trkpt lat="45.67815058" lon="15.3253172">
        <ele>326.1</ele>
    </trkpt>
    <trkpt lat="45.6782046" lon="15.32530468">
        <ele>324.3</ele>
    </trkpt>
    <trkpt lat="45.67825415" lon="15.32528571">
        <ele>324.3</ele>
    </trkpt>
    <trkpt lat="45.67829918" lon="15.32527314">
        <ele>324.3</ele>
    </trkpt>
    <trkpt lat="45.6783487" lon="15.32526059">
        <ele>324.3</ele>
    </trkpt>
    <trkpt lat="45.67839375" lon="15.3252416">
        <ele>323.0</ele>
    </trkpt>
    <trkpt lat="45.67843877" lon="15.32522902">
        <ele>323.0</ele>
    </trkpt>
    <trkpt lat="45.6784838" lon="15.32521645">
        <ele>323.0</ele>
    </trkpt>
    <trkpt lat="45.67852883" lon="15.32520388">
        <ele>323.0</ele>
    </trkpt>
    <trkpt lat="45.6786099" lon="15.32517226">
        <ele>323.0</ele>
    </trkpt>
    <trkpt lat="45.67869546" lon="15.32514708">
        <ele>324.2</ele>
    </trkpt>
    <trkpt lat="45.67877653" lon="15.32511546">
        <ele>325.0</ele>
    </trkpt>
    <trkpt lat="45.67885759" lon="15.32509026">
        <ele>328.9</ele>
    </trkpt>
    <trkpt lat="45.67894316" lon="15.32505867">
        <ele>328.9</ele>
    </trkpt>
    <trkpt lat="45.67902422" lon="15.32503347">
        <ele>328.9</ele>
    </trkpt>
    <trkpt lat="45.67906925" lon="15.32502089">
        <ele>328.9</ele>
    </trkpt>
    <trkpt lat="45.67911427" lon="15.32500832">
        <ele>328.9</ele>
    </trkpt>
    <trkpt lat="45.6791593" lon="15.32499574">
        <ele>328.9</ele>
    </trkpt>
    <trkpt lat="45.67920435" lon="15.32497675">
        <ele>328.9</ele>
    </trkpt>
    <trkpt lat="45.67925387" lon="15.3249642">
        <ele>328.9</ele>
    </trkpt>
    <trkpt lat="45.6792989" lon="15.32495163">
        <ele>328.0</ele>
    </trkpt>
    <trkpt lat="45.67934843" lon="15.32493908">
        <ele>328.0</ele>
    </trkpt>
    <trkpt lat="45.67940245" lon="15.32492656">
        <ele>328.0</ele>
    </trkpt>
    <trkpt lat="45.67945198" lon="15.32491401">
        <ele>328.0</ele>
    </trkpt>
    <trkpt lat="45.6795105" lon="15.32490151">
        <ele>328.0</ele>
    </trkpt>
    <trkpt lat="45.67956905" lon="15.3248826">
        <ele>328.5</ele>
    </trkpt>
    <trkpt lat="45.67963207" lon="15.32487013">
        <ele>328.5</ele>
    </trkpt>
    <trkpt lat="45.67969059" lon="15.32485763">
        <ele>328.5</ele>
    </trkpt>
    <trkpt lat="45.6797491" lon="15.32485155">
        <ele>330.0</ele>
    </trkpt>
    <trkpt lat="45.67980761" lon="15.32484547">
        <ele>330.0</ele>
    </trkpt>
    <trkpt lat="45.67986159" lon="15.32484579">
        <ele>330.0</ele>
    </trkpt>
    <trkpt lat="45.67991556" lon="15.32485252">
        <ele>330.0</ele>
    </trkpt>
    <trkpt lat="45.67996953" lon="15.32485925">
        <ele>335.0</ele>
    </trkpt>
    <trkpt lat="45.68002349" lon="15.3248724">
        <ele>335.0</ele>
    </trkpt>
    <trkpt lat="45.68007292" lon="15.32489195">
        <ele>335.0</ele>
    </trkpt>
    <trkpt lat="45.68011784" lon="15.32491788">
        <ele>335.0</ele>
    </trkpt>
    <trkpt lat="45.68016724" lon="15.32495026">
        <ele>335.0</ele>
    </trkpt>
    <trkpt lat="45.68021212" lon="15.32498904">
        <ele>335.0</ele>
    </trkpt>
    <trkpt lat="45.68025696" lon="15.32504064">
        <ele>335.0</ele>
    </trkpt>
    <trkpt lat="45.6802973" lon="15.32509223">
        <ele>335.0</ele>
    </trkpt>
    <trkpt lat="45.68034209" lon="15.32516309">
        <ele>334.0</ele>
    </trkpt>
    <trkpt lat="45.6803779" lon="15.32522749">
        <ele>334.0</ele>
    </trkpt>
    <trkpt lat="45.68041373" lon="15.32528546">
        <ele>335.0</ele>
    </trkpt>
    <trkpt lat="45.68045407" lon="15.32533704">
        <ele>335.0</ele>
    </trkpt>
    <trkpt lat="45.68048992" lon="15.3253886">
        <ele>335.0</ele>
    </trkpt>
    <trkpt lat="45.68052578" lon="15.32543374">
        <ele>335.0</ele>
    </trkpt>
    <trkpt lat="45.68056614" lon="15.32547891">
        <ele>333.3</ele>
    </trkpt>
    <trkpt lat="45.68060203" lon="15.32551763">
        <ele>333.3</ele>
    </trkpt>
    <trkpt lat="45.68064241" lon="15.32555637">
        <ele>335.0</ele>
    </trkpt>
    <trkpt lat="45.68068281" lon="15.3255887">
        <ele>335.0</ele>
    </trkpt>
    <trkpt lat="45.68072321" lon="15.32562103">
        <ele>335.0</ele>
    </trkpt>
    <trkpt lat="45.6807681" lon="15.32565338">
        <ele>335.0</ele>
    </trkpt>
    <trkpt lat="45.68081302" lon="15.32567932">
        <ele>335.0</ele>
    </trkpt>
    <trkpt lat="45.68086242" lon="15.3257117">
        <ele>330.0</ele>
    </trkpt>
    <trkpt lat="45.68091183" lon="15.32573766">
        <ele>330.0</ele>
    </trkpt>
    <trkpt lat="45.68096575" lon="15.32576365">
        <ele>330.0</ele>
    </trkpt>
    <trkpt lat="45.68102414" lon="15.32579609">
        <ele>330.0</ele>
    </trkpt>
    <trkpt lat="45.68108256" lon="15.3258221">
        <ele>330.0</ele>
    </trkpt>
    <trkpt lat="45.68114097" lon="15.32584812">
        <ele>330.0</ele>
    </trkpt>
    <trkpt lat="45.68119939" lon="15.32587413">
        <ele>330.0</ele>
    </trkpt>
    <trkpt lat="45.68125782" lon="15.32589373">
        <ele>330.0</ele>
    </trkpt>
    <trkpt lat="45.68131177" lon="15.32590688">
        <ele>328.2</ele>
    </trkpt>
    <trkpt lat="45.68136572" lon="15.32592004">
        <ele>328.2</ele>
    </trkpt>
    <trkpt lat="45.68141967" lon="15.32593319">
        <ele>328.2</ele>
    </trkpt>
    <trkpt lat="45.68146916" lon="15.32593348">
        <ele>328.2</ele>
    </trkpt>
    <trkpt lat="45.68152315" lon="15.32593379">
        <ele>328.2</ele>
    </trkpt>
    <trkpt lat="45.68157716" lon="15.32592769">
        <ele>323.2</ele>
    </trkpt>
    <trkpt lat="45.68162667" lon="15.32592156">
        <ele>323.2</ele>
    </trkpt>
    <trkpt lat="45.68168071" lon="15.32590262">
        <ele>323.2</ele>
    </trkpt>
    <trkpt lat="45.68173475" lon="15.32588368">
        <ele>323.2</ele>
    </trkpt>
    <trkpt lat="45.68178883" lon="15.3258519">
        <ele>322.4</ele>
    </trkpt>
    <trkpt lat="45.68184741" lon="15.32582015">
        <ele>322.4</ele>
    </trkpt>
    <trkpt lat="45.68190601" lon="15.32578198">
        <ele>326.5</ele>
    </trkpt>
    <trkpt lat="45.68196013" lon="15.32573736">
        <ele>326.5</ele>
    </trkpt>
    <trkpt lat="45.68201423" lon="15.32569917">
        <ele>327.0</ele>
    </trkpt>
    <trkpt lat="45.68206831" lon="15.32566739">
        <ele>327.0</ele>
    </trkpt>
    <trkpt lat="45.68212237" lon="15.32564203">
        <ele>327.0</ele>
    </trkpt>
    <trkpt lat="45.68217193" lon="15.32561664">
        <ele>327.0</ele>
    </trkpt>
    <trkpt lat="45.68222596" lon="15.32560412">
        <ele>326.6</ele>
    </trkpt>
    <trkpt lat="45.68227549" lon="15.32559157">
        <ele>326.6</ele>
    </trkpt>
    <trkpt lat="45.68232501" lon="15.32557902">
        <ele>326.6</ele>
    </trkpt>
    <trkpt lat="45.68237902" lon="15.32557292">
        <ele>326.6</ele>
    </trkpt>
    <trkpt lat="45.68242851" lon="15.32557321">
        <ele>326.6</ele>
    </trkpt>
    <trkpt lat="45.68248248" lon="15.32557994">
        <ele>325.0</ele>
    </trkpt>
    <trkpt lat="45.68253645" lon="15.32558668">
        <ele>325.0</ele>
    </trkpt>
    <trkpt lat="45.6825949" lon="15.32559986">
        <ele>325.0</ele>
    </trkpt>
    <trkpt lat="45.68264885" lon="15.32561301">
        <ele>325.0</ele>
    </trkpt>
    <trkpt lat="45.68271178" lon="15.32563263">
        <ele>325.0</ele>
    </trkpt>
    <trkpt lat="45.6827747" lon="15.32565867">
        <ele>325.0</ele>
    </trkpt>
    <trkpt lat="45.68285559" lon="15.32569124">
        <ele>325.0</ele>
    </trkpt>
    <trkpt lat="45.6829365" lon="15.32571739">
        <ele>325.0</ele>
    </trkpt>
    <trkpt lat="45.68301289" lon="15.32574993">
        <ele>325.0</ele>
    </trkpt>
    <trkpt lat="45.6830848" lon="15.32577602">
        <ele>325.0</ele>
    </trkpt>
    <trkpt lat="45.68315671" lon="15.32580212">
        <ele>325.0</ele>
    </trkpt>
    <trkpt lat="45.68322412" lon="15.32582819">
        <ele>325.0</ele>
    </trkpt>
    <trkpt lat="45.68329153" lon="15.32585426">
        <ele>325.0</ele>
    </trkpt>
    <trkpt lat="45.68335895" lon="15.32588032">
        <ele>325.0</ele>
    </trkpt>
    <trkpt lat="45.68342186" lon="15.32590637">
        <ele>325.0</ele>
    </trkpt>
    <trkpt lat="45.68348927" lon="15.32593244">
        <ele>325.0</ele>
    </trkpt>
    <trkpt lat="45.68355668" lon="15.32595851">
        <ele>325.0</ele>
    </trkpt>
    <trkpt lat="45.68362861" lon="15.32597818">
        <ele>330.0</ele>
    </trkpt>
    <trkpt lat="45.68370052" lon="15.32600428">
        <ele>330.0</ele>
    </trkpt>
    <trkpt lat="45.68377691" lon="15.32603682">
        <ele>330.0</ele>
    </trkpt>
    <trkpt lat="45.68385782" lon="15.32606297">
        <ele>330.0</ele>
    </trkpt>
    <trkpt lat="45.68394321" lon="15.32609556">
        <ele>330.0</ele>
    </trkpt>
    <trkpt lat="45.68400165" lon="15.32611516">
        <ele>330.0</ele>
    </trkpt>
    <trkpt lat="45.68405558" lon="15.32613473">
        <ele>329.4</ele>
    </trkpt>
    <trkpt lat="45.68411403" lon="15.32614791">
        <ele>329.4</ele>
    </trkpt>
    <trkpt lat="45.68416796" lon="15.32616748">
        <ele>329.4</ele>
    </trkpt>
    <trkpt lat="45.68421742" lon="15.32618061">
        <ele>329.4</ele>
    </trkpt>
    <trkpt lat="45.68427137" lon="15.32619376">
        <ele>329.4</ele>
    </trkpt>
    <trkpt lat="45.68432084" lon="15.32620047">
        <ele>329.4</ele>
    </trkpt>
    <trkpt lat="45.68437031" lon="15.32620718">
        <ele>329.4</ele>
    </trkpt>
    <trkpt lat="45.6844198" lon="15.32620747">
        <ele>329.4</ele>
    </trkpt>
    <trkpt lat="45.68446929" lon="15.32620776">
        <ele>332.5</ele>
    </trkpt>
    <trkpt lat="45.6845188" lon="15.32620163">
        <ele>332.5</ele>
    </trkpt>
    <trkpt lat="45.68456832" lon="15.32618908">
        <ele>332.5</ele>
    </trkpt>
    <trkpt lat="45.68461787" lon="15.32617011">
        <ele>332.5</ele>
    </trkpt>
    <trkpt lat="45.68467193" lon="15.32614475">
        <ele>332.5</ele>
    </trkpt>
    <trkpt lat="45.68472151" lon="15.32611295">
        <ele>336.4</ele>
    </trkpt>
    <trkpt lat="45.68478009" lon="15.32608119">
        <ele>336.4</ele>
    </trkpt>
    <trkpt lat="45.68482519" lon="15.32604294">
        <ele>336.4</ele>
    </trkpt>
    <trkpt lat="45.68487475" lon="15.32601756">
        <ele>336.4</ele>
    </trkpt>
    <trkpt lat="45.68492432" lon="15.32599217">
        <ele>337.0</ele>
    </trkpt>
    <trkpt lat="45.68497384" lon="15.32597962">
        <ele>337.0</ele>
    </trkpt>
    <trkpt lat="45.68502337" lon="15.32596707">
        <ele>337.0</ele>
    </trkpt>
    <trkpt lat="45.68507288" lon="15.32596094">
        <ele>337.0</ele>
    </trkpt>
    <trkpt lat="45.68511787" lon="15.3259612">
        <ele>337.0</ele>
    </trkpt>
    <trkpt lat="45.68516736" lon="15.32596149">
        <ele>337.8</ele>
    </trkpt>
    <trkpt lat="45.68521231" lon="15.32597459">
        <ele>337.8</ele>
    </trkpt>
    <trkpt lat="45.68525725" lon="15.32599411">
        <ele>337.8</ele>
    </trkpt>
    <trkpt lat="45.68530218" lon="15.32601363">
        <ele>337.8</ele>
    </trkpt>
    <trkpt lat="45.68534708" lon="15.32604599">
        <ele>337.8</ele>
    </trkpt>
    <trkpt lat="45.68538746" lon="15.32608474">
        <ele>340.0</ele>
    </trkpt>
    <trkpt lat="45.68542784" lon="15.32612349">
        <ele>340.0</ele>
    </trkpt>
    <trkpt lat="45.68546819" lon="15.32617508">
        <ele>335.0</ele>
    </trkpt>
    <trkpt lat="45.68550851" lon="15.32623309">
        <ele>335.0</ele>
    </trkpt>
    <trkpt lat="45.68554434" lon="15.32629107">
        <ele>335.0</ele>
    </trkpt>
    <trkpt lat="45.68558016" lon="15.32634905">
        <ele>335.0</ele>
    </trkpt>
    <trkpt lat="45.68561599" lon="15.32640703">
        <ele>335.0</ele>
    </trkpt>
    <trkpt lat="45.68565184" lon="15.3264586">
        <ele>335.0</ele>
    </trkpt>
    <trkpt lat="45.68568318" lon="15.32651013">
        <ele>335.0</ele>
    </trkpt>
    <trkpt lat="45.68571903" lon="15.3265617">
        <ele>335.0</ele>
    </trkpt>
    <trkpt lat="45.68575039" lon="15.32660681">
        <ele>335.0</ele>
    </trkpt>
    <trkpt lat="45.68578625" lon="15.32665196">
        <ele>335.0</ele>
    </trkpt>
    <trkpt lat="45.68582213" lon="15.32669068">
        <ele>335.0</ele>
    </trkpt>
    <trkpt lat="45.68586253" lon="15.32672301">
        <ele>335.0</ele>
    </trkpt>
    <trkpt lat="45.68590293" lon="15.32675535">
        <ele>335.0</ele>
    </trkpt>
    <trkpt lat="45.68594335" lon="15.32678126">
        <ele>337.2</ele>
    </trkpt>
    <trkpt lat="45.68598827" lon="15.3268072">
        <ele>337.2</ele>
    </trkpt>
    <trkpt lat="45.68603772" lon="15.32682033">
        <ele>337.6</ele>
    </trkpt>
    <trkpt lat="45.68608717" lon="15.32683345">
        <ele>337.6</ele>
    </trkpt>
    <trkpt lat="45.68614562" lon="15.32684664">
        <ele>337.6</ele>
    </trkpt>
    <trkpt lat="45.68621311" lon="15.32684703">
        <ele>337.6</ele>
    </trkpt>
    <trkpt lat="45.68628061" lon="15.32684101">
        <ele>336.6</ele>
    </trkpt>
    <trkpt lat="45.68633912" lon="15.32683493">
        <ele>336.6</ele>
    </trkpt>
    <trkpt lat="45.68639316" lon="15.32681599">
        <ele>336.6</ele>
    </trkpt>
    <trkpt lat="45.68644719" lon="15.32680347">
        <ele>336.6</ele>
    </trkpt>
    <trkpt lat="45.68651023" lon="15.32678458">
        <ele>338.3</ele>
    </trkpt>
    <trkpt lat="45.68657325" lon="15.32677211">
        <ele>336.8</ele>
    </trkpt>
    <trkpt lat="45.68664526" lon="15.32676611">
        <ele>336.8</ele>
    </trkpt>
    <trkpt lat="45.68732085" lon="15.32651329">
        <ele>345.0</ele>
    </trkpt>
    <trkpt lat="45.68737488" lon="15.32650077">
        <ele>345.0</ele>
    </trkpt>
    <trkpt lat="45.6874289" lon="15.32648825">
        <ele>345.0</ele>
    </trkpt>
    <trkpt lat="45.68747843" lon="15.3264757">
        <ele>345.0</ele>
    </trkpt>
    <trkpt lat="45.68753245" lon="15.32646318">
        <ele>345.0</ele>
    </trkpt>
    <trkpt lat="45.68758196" lon="15.32645705">
        <ele>345.0</ele>
    </trkpt>
    <trkpt lat="45.68763597" lon="15.32645095">
        <ele>345.8</ele>
    </trkpt>
    <trkpt lat="45.68768549" lon="15.3264384">
        <ele>345.8</ele>
    </trkpt>
    <trkpt lat="45.687735" lon="15.32643227">
        <ele>345.8</ele>
    </trkpt>
    <trkpt lat="45.68778451" lon="15.32642614">
        <ele>345.8</ele>
    </trkpt>
    <trkpt lat="45.68783402" lon="15.32642001">
        <ele>348.8</ele>
    </trkpt>
    <trkpt lat="45.68788352" lon="15.32641388">
        <ele>348.8</ele>
    </trkpt>
    <trkpt lat="45.68792853" lon="15.32640772">
        <ele>348.8</ele>
    </trkpt>
    <trkpt lat="45.68797804" lon="15.32640159">
        <ele>348.8</ele>
    </trkpt>
    <trkpt lat="45.68802753" lon="15.32640188">
        <ele>348.8</ele>
    </trkpt>
    <trkpt lat="45.68807704" lon="15.32639575">
        <ele>350.0</ele>
    </trkpt>
    <trkpt lat="45.68812653" lon="15.32639604">
        <ele>350.0</ele>
    </trkpt>
    <trkpt lat="45.68817604" lon="15.32638991">
        <ele>350.0</ele>
    </trkpt>
    <trkpt lat="45.68822553" lon="15.3263902">
        <ele>350.0</ele>
    </trkpt>
    <trkpt lat="45.68827503" lon="15.32638407">
        <ele>350.0</ele>
    </trkpt>
    <trkpt lat="45.68832452" lon="15.32638436">
        <ele>353.3</ele>
    </trkpt>
    <trkpt lat="45.68837851" lon="15.32638468">
        <ele>353.3</ele>
    </trkpt>
    <trkpt lat="45.688428" lon="15.32638496">
        <ele>353.3</ele>
    </trkpt>
    <trkpt lat="45.68848199" lon="15.32638528">
        <ele>353.3</ele>
    </trkpt>
    <trkpt lat="45.68853598" lon="15.3263856">
        <ele>355.0</ele>
    </trkpt>
    <trkpt lat="45.68858997" lon="15.32638591">
        <ele>355.0</ele>
    </trkpt>
    <trkpt lat="45.68864394" lon="15.32639265">
        <ele>355.0</ele>
    </trkpt>
    <trkpt lat="45.68870242" lon="15.32639299">
        <ele>355.0</ele>
    </trkpt>
    <trkpt lat="45.68876091" lon="15.32639333">
        <ele>355.0</ele>
    </trkpt>
    <trkpt lat="45.68881938" lon="15.32640009">
        <ele>355.0</ele>
    </trkpt>
    <trkpt lat="45.68888237" lon="15.32640046">
        <ele>355.0</ele>
    </trkpt>
    <trkpt lat="45.68894084" lon="15.32640722">
        <ele>355.0</ele>
    </trkpt>
    <trkpt lat="45.6890083" lon="15.32641404">
        <ele>355.0</ele>
    </trkpt>
    <trkpt lat="45.68906229" lon="15.32641435">
        <ele>355.0</ele>
    </trkpt>
    <trkpt lat="45.68911174" lon="15.32642748">
        <ele>355.0</ele>
    </trkpt>
    <trkpt lat="45.6891612" lon="15.32644061">
        <ele>355.0</ele>
    </trkpt>
    <trkpt lat="45.68920613" lon="15.32646013">
        <ele>355.0</ele>
    </trkpt>
    <trkpt lat="45.68925107" lon="15.32647965">
        <ele>352.1</ele>
    </trkpt>
    <trkpt lat="45.68929148" lon="15.32650557">
        <ele>352.1</ele>
    </trkpt>
    <trkpt lat="45.68933188" lon="15.3265379">
        <ele>352.1</ele>
    </trkpt>
    <trkpt lat="45.6893723" lon="15.32656382">
        <ele>352.1</ele>
    </trkpt>
    <trkpt lat="45.6894127" lon="15.32659615">
        <ele>350.0</ele>
    </trkpt>
    <trkpt lat="45.68945312" lon="15.32662206">
        <ele>350.0</ele>
    </trkpt>
    <trkpt lat="45.68949802" lon="15.32665443">
        <ele>350.0</ele>
    </trkpt>
    <trkpt lat="45.68953843" lon="15.32668034">
        <ele>350.0</ele>
    </trkpt>
    <trkpt lat="45.68958785" lon="15.32670631">
        <ele>350.0</ele>
    </trkpt>
    <trkpt lat="45.68963278" lon="15.32672583">
        <ele>350.0</ele>
    </trkpt>
    <trkpt lat="45.68968672" lon="15.3267454">
        <ele>350.0</ele>
    </trkpt>
    <trkpt lat="45.68974515" lon="15.32676501">
        <ele>350.0</ele>
    </trkpt>
    <trkpt lat="45.68982613" lon="15.32676548">
        <ele>350.0</ele>
    </trkpt>
    <trkpt lat="45.68990269" lon="15.32674025">
        <ele>350.6</ele>
    </trkpt>
    <trkpt lat="45.68997925" lon="15.32671502">
        <ele>350.6</ele>
    </trkpt>
    <trkpt lat="45.69002425" lon="15.32670886">
        <ele>350.6</ele>
    </trkpt>
    <trkpt lat="45.69007374" lon="15.32670915">
        <ele>350.6</ele>
    </trkpt>
    <trkpt lat="45.69012323" lon="15.32670944">
        <ele>352.9</ele>
    </trkpt>
    <trkpt lat="45.69016821" lon="15.32671613">
        <ele>352.9</ele>
    </trkpt>
    <trkpt lat="45.69025365" lon="15.32672947">
        <ele>352.9</ele>
    </trkpt>
    <trkpt lat="45.69033458" lon="15.3267492">
        <ele>360.0</ele>
    </trkpt>
    <trkpt lat="45.6904155" lon="15.32676893">
        <ele>360.0</ele>
    </trkpt>
    <trkpt lat="45.69049193" lon="15.32678864">
        <ele>360.0</ele>
    </trkpt>
    <trkpt lat="45.69057288" lon="15.32680195">
        <ele>360.0</ele>
    </trkpt>
    <trkpt lat="45.69061785" lon="15.32680863">
        <ele>360.0</ele>
    </trkpt>
    <trkpt lat="45.69066284" lon="15.3268089">
        <ele>360.0</ele>
    </trkpt>
    <trkpt lat="45.69071233" lon="15.32680919">
        <ele>360.0</ele>
    </trkpt>
    <trkpt lat="45.69076632" lon="15.3268095">
        <ele>360.0</ele>
    </trkpt>
    <trkpt lat="45.69082484" lon="15.32679701">
        <ele>361.4</ele>
    </trkpt>
    <trkpt lat="45.69088337" lon="15.32678451">
        <ele>361.4</ele>
    </trkpt>
    <trkpt lat="45.69093741" lon="15.32676557">
        <ele>361.4</ele>
    </trkpt>
    <trkpt lat="45.69098696" lon="15.3267466">
        <ele>365.8</ele>
    </trkpt>
    <trkpt lat="45.69103652" lon="15.32672121">
        <ele>365.8</ele>
    </trkpt>
    <trkpt lat="45.69108158" lon="15.32669579">
        <ele>365.8</ele>
    </trkpt>
    <trkpt lat="45.69113115" lon="15.32667041">
        <ele>365.8</ele>
    </trkpt>
    <trkpt lat="45.69117621" lon="15.32664499">
        <ele>365.8</ele>
    </trkpt>
    <trkpt lat="45.69122128" lon="15.32661958">
        <ele>370.0</ele>
    </trkpt>
    <trkpt lat="45.69126636" lon="15.32658774">
        <ele>370.0</ele>
    </trkpt>
    <trkpt lat="45.69131142" lon="15.32656233">
        <ele>370.0</ele>
    </trkpt>
    <trkpt lat="45.69136099" lon="15.32653694">
        <ele>370.0</ele>
    </trkpt>
    <trkpt lat="45.69141505" lon="15.32651157">
        <ele>370.0</ele>
    </trkpt>
    <trkpt lat="45.69146909" lon="15.32649263">
        <ele>370.0</ele>
    </trkpt>
    <trkpt lat="45.69152763" lon="15.32647371">
        <ele>370.0</ele>
    </trkpt>
    <trkpt lat="45.69159066" lon="15.32646124">
        <ele>370.0</ele>
    </trkpt>
    <trkpt lat="45.69167619" lon="15.32644248">
        <ele>380.0</ele>
    </trkpt>
    <trkpt lat="45.69175718" lon="15.32644296">
        <ele>380.0</ele>
    </trkpt>
    <trkpt lat="45.69182914" lon="15.3264498">
        <ele>380.0</ele>
    </trkpt>
    <trkpt lat="45.69190109" lon="15.32646306">
        <ele>380.0</ele>
    </trkpt>
    <trkpt lat="45.69197304" lon="15.32647632">
        <ele>380.0</ele>
    </trkpt>
    <trkpt lat="45.692045" lon="15.32648316">
        <ele>380.0</ele>
    </trkpt>
    <trkpt lat="45.69212601" lon="15.32647721">
        <ele>380.0</ele>
    </trkpt>
    <trkpt lat="45.69216652" lon="15.32647103">
        <ele>380.0</ele>
    </trkpt>
    <trkpt lat="45.69221602" lon="15.3264649">
        <ele>380.0</ele>
    </trkpt>
    <trkpt lat="45.6922701" lon="15.32643312">
        <ele>380.0</ele>
    </trkpt>
    <trkpt lat="45.69231969" lon="15.32640131">
        <ele>380.0</ele>
    </trkpt>
    <trkpt lat="45.69236929" lon="15.32636308">
        <ele>390.0</ele>
    </trkpt>
    <trkpt lat="45.69241439" lon="15.32632482">
        <ele>390.0</ele>
    </trkpt>
    <trkpt lat="45.69245501" lon="15.32628012">
        <ele>390.0</ele>
    </trkpt>
    <trkpt lat="45.69249563" lon="15.32623542">
        <ele>390.0</ele>
    </trkpt>
    <trkpt lat="45.69253625" lon="15.32619072">
        <ele>390.0</ele>
    </trkpt>
    <trkpt lat="45.69257687" lon="15.32614602">
        <ele>390.0</ele>
    </trkpt>
    <trkpt lat="45.69261747" lon="15.32610773">
        <ele>390.0</ele>
    </trkpt>
    <trkpt lat="45.69265357" lon="15.32606943">
        <ele>390.0</ele>
    </trkpt>
    <trkpt lat="45.69269866" lon="15.32603759">
        <ele>390.0</ele>
    </trkpt>
    <trkpt lat="45.69273922" lon="15.32601215">
        <ele>390.0</ele>
    </trkpt>
    <trkpt lat="45.69278877" lon="15.32599318">
        <ele>390.0</ele>
    </trkpt>
    <trkpt lat="45.69283829" lon="15.32598063">
        <ele>390.0</ele>
    </trkpt>
    <trkpt lat="45.6928923" lon="15.32597452">
        <ele>390.0</ele>
    </trkpt>
    <trkpt lat="45.69295075" lon="15.3259877">
        <ele>390.0</ele>
    </trkpt>
    <trkpt lat="45.69335175" lon="15.32578461">
        <ele>400.0</ele>
    </trkpt>
    <trkpt lat="45.69341944" lon="15.32571438">
        <ele>400.0</ele>
    </trkpt>
    <trkpt lat="45.69348709" lon="15.325657">
        <ele>410.0</ele>
    </trkpt>
    <trkpt lat="45.69355026" lon="15.32559316">
        <ele>410.0</ele>
    </trkpt>
    <trkpt lat="45.6936134" lon="15.32554217">
        <ele>410.0</ele>
    </trkpt>
    <trkpt lat="45.69367205" lon="15.32548473">
        <ele>410.0</ele>
    </trkpt>
    <trkpt lat="45.69372618" lon="15.32543369">
        <ele>410.0</ele>
    </trkpt>
    <trkpt lat="45.69378482" lon="15.32538267">
        <ele>410.0</ele>
    </trkpt>
    <trkpt lat="45.69384344" lon="15.32533807">
        <ele>410.0</ele>
    </trkpt>
    <trkpt lat="45.69390205" lon="15.32529347">
        <ele>410.0</ele>
    </trkpt>
    <trkpt lat="45.69396065" lon="15.3252553">
        <ele>410.0</ele>
    </trkpt>
    <trkpt lat="45.69401927" lon="15.3252107">
        <ele>410.0</ele>
    </trkpt>
    <trkpt lat="45.69408686" lon="15.32517257">
        <ele>410.0</ele>
    </trkpt>
    <trkpt lat="45.69415444" lon="15.32514086">
        <ele>420.0</ele>
    </trkpt>
    <trkpt lat="45.69422202" lon="15.32510916">
        <ele>420.0</ele>
    </trkpt>
    <trkpt lat="45.69429859" lon="15.3250775">
        <ele>420.0</ele>
    </trkpt>
    <trkpt lat="45.69438415" lon="15.32505232">
        <ele>422.7</ele>
    </trkpt>
    <trkpt lat="45.69443369" lon="15.32503335">
        <ele>422.7</ele>
    </trkpt>
    <trkpt lat="45.6944787" lon="15.32502719">
        <ele>422.7</ele>
    </trkpt>
    <trkpt lat="45.69456868" lon="15.32502771">
        <ele>422.7</ele>
    </trkpt>
    <trkpt lat="45.69465411" lon="15.32504747">
        <ele>430.0</ele>
    </trkpt>
    <trkpt lat="45.694735" lon="15.32508005">
        <ele>430.0</ele>
    </trkpt>
    <trkpt lat="45.69481133" lon="15.32513185">
        <ele>430.0</ele>
    </trkpt>
    <trkpt lat="45.69488763" lon="15.3251965">
        <ele>430.0</ele>
    </trkpt>
    <trkpt lat="45.69492801" lon="15.32523525">
        <ele>430.0</ele>
    </trkpt>
    <trkpt lat="45.6949684" lon="15.32527401">
        <ele>430.0</ele>
    </trkpt>
    <trkpt lat="45.69500878" lon="15.32531277">
        <ele>430.0</ele>
    </trkpt>
    <trkpt lat="45.69505364" lon="15.32535797">
        <ele>429.4</ele>
    </trkpt>
    <trkpt lat="45.69538991" lon="15.32576441">
        <ele>430.0</ele>
    </trkpt>
    <trkpt lat="45.69543466" lon="15.32584813">
        <ele>430.0</ele>
    </trkpt>
    <trkpt lat="45.69548839" lon="15.32593833">
        <ele>430.0</ele>
    </trkpt>
    <trkpt lat="45.6955376" lon="15.32603492">
        <ele>430.0</ele>
    </trkpt>
    <trkpt lat="45.69558685" lon="15.32611867">
        <ele>430.0</ele>
    </trkpt>
    <trkpt lat="45.69562742" lon="15.32609323">
        <ele>430.0</ele>
    </trkpt>
    <trkpt lat="45.69567248" lon="15.32606781">
        <ele>430.0</ele>
    </trkpt>
    <trkpt lat="45.69574911" lon="15.3260169">
        <ele>440.0</ele>
    </trkpt>
    <trkpt lat="45.69582572" lon="15.3259724">
        <ele>440.0</ele>
    </trkpt>
    <trkpt lat="45.69589332" lon="15.32593427">
        <ele>440.0</ele>
    </trkpt>
    <trkpt lat="45.69595644" lon="15.3258897">
        <ele>440.0</ele>
    </trkpt>
    <trkpt lat="45.69601953" lon="15.32585155">
        <ele>438.8</ele>
    </trkpt>
    <trkpt lat="45.69607815" lon="15.32580695">
        <ele>438.8</ele>
    </trkpt>
    <trkpt lat="45.69613675" lon="15.32576877">
        <ele>438.8</ele>
    </trkpt>
    <trkpt lat="45.69619085" lon="15.32573056">
        <ele>440.0</ele>
    </trkpt>
    <trkpt lat="45.69624494" lon="15.32569236">
        <ele>440.0</ele>
    </trkpt>
    <trkpt lat="45.69630354" lon="15.32565418">
        <ele>440.0</ele>
    </trkpt>
    <trkpt lat="45.69636214" lon="15.325616">
        <ele>440.0</ele>
    </trkpt>
    <trkpt lat="45.69642524" lon="15.32557784">
        <ele>450.0</ele>
    </trkpt>
    <trkpt lat="45.69648833" lon="15.32553969">
        <ele>445.2</ele>
    </trkpt>
    <trkpt lat="45.69655595" lon="15.32549514">
        <ele>445.2</ele>
    </trkpt>
    <trkpt lat="45.69663254" lon="15.32545706">
        <ele>450.0</ele>
    </trkpt>
    <trkpt lat="45.69678551" lon="15.32545796">
        <ele>450.0</ele>
    </trkpt>
    <trkpt lat="45.69684844" lon="15.32547759">
        <ele>452.4</ele>
    </trkpt>
    <trkpt lat="45.69690232" lon="15.32551642">
        <ele>452.4</ele>
    </trkpt>
    <trkpt lat="45.69694716" lon="15.32556805">
        <ele>457.1</ele>
    </trkpt>
    <trkpt lat="45.69699199" lon="15.32562609">
        <ele>457.1</ele>
    </trkpt>
    <trkpt lat="45.69703231" lon="15.32568411">
        <ele>457.1</ele>
    </trkpt>
    <trkpt lat="45.69707712" lon="15.32574858">
        <ele>462.9</ele>
    </trkpt>
    <trkpt lat="45.69713096" lon="15.32580026">
        <ele>462.9</ele>
    </trkpt>
    <trkpt lat="45.6971938" lon="15.32585199">
        <ele>462.9</ele>
    </trkpt>
    <trkpt lat="45.69726565" lon="15.32589735">
        <ele>463.6</ele>
    </trkpt>
    <trkpt lat="45.69733751" lon="15.32594271">
        <ele>471.0</ele>
    </trkpt>
    <trkpt lat="45.69740487" lon="15.32598805">
        <ele>471.0</ele>
    </trkpt>
    <trkpt lat="45.69746772" lon="15.32603336">
        <ele>471.0</ele>
    </trkpt>
    <trkpt lat="45.6975261" lon="15.32607222">
        <ele>472.8</ele>
    </trkpt>
    <trkpt lat="45.69758446" lon="15.32611751">
        <ele>472.8</ele>
    </trkpt>
    <trkpt lat="45.69764282" lon="15.32616279">
        <ele>472.8</ele>
    </trkpt>
    <trkpt lat="45.69769666" lon="15.32621447">
        <ele>468.7</ele>
    </trkpt>
    <trkpt lat="45.69775052" lon="15.32625973">
        <ele>471.4</ele>
    </trkpt>
    <trkpt lat="45.69780888" lon="15.32630502">
        <ele>471.4</ele>
    </trkpt>
    <trkpt lat="45.69786723" lon="15.3263503">
        <ele>471.4</ele>
    </trkpt>
    <trkpt lat="45.69792557" lon="15.32640201">
        <ele>471.4</ele>
    </trkpt>
    <trkpt lat="45.69798391" lon="15.32645371">
        <ele>474.8</ele>
    </trkpt>
    <trkpt lat="45.69805125" lon="15.32650547">
        <ele>474.8</ele>
    </trkpt>
    <trkpt lat="45.69811859" lon="15.32655723">
        <ele>472.2</ele>
    </trkpt>
    <trkpt lat="45.69819491" lon="15.32661546">
        <ele>475.0</ele>
    </trkpt>
    <trkpt lat="45.6982398" lon="15.32664783">
        <ele>475.0</ele>
    </trkpt>
    <trkpt lat="45.69828467" lon="15.32669303">
        <ele>475.0</ele>
    </trkpt>
    <trkpt lat="45.69832055" lon="15.32673177">
        <ele>475.0</ele>
    </trkpt>
    <trkpt lat="45.69835641" lon="15.32677692">
        <ele>475.0</ele>
    </trkpt>
    <trkpt lat="45.69841462" lon="15.32687357">
        <ele>470.0</ele>
    </trkpt>
    <trkpt lat="45.69846381" lon="15.32697659">
        <ele>470.0</ele>
    </trkpt>
    <trkpt lat="45.69848614" lon="15.3270345">
        <ele>470.0</ele>
    </trkpt>
    <trkpt lat="45.69850847" lon="15.32709242">
        <ele>470.0</ele>
    </trkpt>
    <trkpt lat="45.69853082" lon="15.32714392">
        <ele>470.0</ele>
    </trkpt>
    <trkpt lat="45.69855313" lon="15.32720825">
        <ele>470.0</ele>
    </trkpt>
    <trkpt lat="45.69857546" lon="15.32726617">
        <ele>470.0</ele>
    </trkpt>
    <trkpt lat="45.69860227" lon="15.32733053">
        <ele>470.0</ele>
    </trkpt>
    <trkpt lat="45.69863359" lon="15.3273885">
        <ele>470.0</ele>
    </trkpt>
    <trkpt lat="45.69866488" lon="15.32745931">
        <ele>470.0</ele>
    </trkpt>
    <trkpt lat="45.69893186" lon="15.32848818">
        <ele>470.0</ele>
    </trkpt>
    <trkpt lat="45.69890912" lon="15.32857152">
        <ele>470.0</ele>
    </trkpt>
    <trkpt lat="45.69888639" lon="15.32865485">
        <ele>470.0</ele>
    </trkpt>
    <trkpt lat="45.69886815" lon="15.32873821">
        <ele>470.0</ele>
    </trkpt>
    <trkpt lat="45.69884989" lon="15.32882799">
        <ele>480.0</ele>
    </trkpt>
    <trkpt lat="45.69883615" lon="15.32891138">
        <ele>481.4</ele>
    </trkpt>
    <trkpt lat="45.69882693" lon="15.32898837">
        <ele>481.4</ele>
    </trkpt>
    <trkpt lat="45.69881769" lon="15.32907179">
        <ele>481.4</ele>
    </trkpt>
    <trkpt lat="45.69881745" lon="15.32915526">
        <ele>483.2</ele>
    </trkpt>
    <trkpt lat="45.69881723" lon="15.3292323">
        <ele>483.2</ele>
    </trkpt>
    <trkpt lat="45.698826" lon="15.3293094">
        <ele>483.2</ele>
    </trkpt>
    <trkpt lat="45.6988348" lon="15.32938008">
        <ele>483.2</ele>
    </trkpt>
    <trkpt lat="45.69885259" lon="15.32945081">
        <ele>480.6</ele>
    </trkpt>
    <trkpt lat="45.69887938" lon="15.3295216">
        <ele>480.6</ele>
    </trkpt>
    <trkpt lat="45.69891068" lon="15.32958599">
        <ele>480.6</ele>
    </trkpt>
    <trkpt lat="45.69895099" lon="15.32965043">
        <ele>480.6</ele>
    </trkpt>
    <trkpt lat="45.69900029" lon="15.32971493">
        <ele>480.6</ele>
    </trkpt>
    <trkpt lat="45.69906307" lon="15.32978593">
        <ele>483.1</ele>
    </trkpt>
    <trkpt lat="45.69912134" lon="15.32986332">
        <ele>482.6</ele>
    </trkpt>
    <trkpt lat="45.6991751" lon="15.32994069">
        <ele>482.6</ele>
    </trkpt>
    <trkpt lat="45.69922437" lon="15.33001803">
        <ele>482.6</ele>
    </trkpt>
    <trkpt lat="45.69926915" lon="15.33008892">
        <ele>485.0</ele>
    </trkpt>
    <trkpt lat="45.69931392" lon="15.33016623">
        <ele>485.0</ele>
    </trkpt>
    <trkpt lat="45.69934967" lon="15.33024991">
        <ele>485.0</ele>
    </trkpt>
    <trkpt lat="45.69938994" lon="15.3303272">
        <ele>485.0</ele>
    </trkpt>
    <trkpt lat="45.69942568" lon="15.33041088">
        <ele>485.0</ele>
    </trkpt>
    <trkpt lat="45.69945694" lon="15.33049454">
        <ele>485.0</ele>
    </trkpt>
    <trkpt lat="45.69949268" lon="15.33057822">
        <ele>485.0</ele>
    </trkpt>
    <trkpt lat="45.69952842" lon="15.33066832">
        <ele>485.0</ele>
    </trkpt>
    <trkpt lat="45.69956413" lon="15.33076484">
        <ele>485.0</ele>
    </trkpt>
    <trkpt lat="45.69960434" lon="15.33086139">
        <ele>485.0</ele>
    </trkpt>
    <trkpt lat="45.69964453" lon="15.33096436">
        <ele>485.0</ele>
    </trkpt>
    <trkpt lat="45.6996892" lon="15.33107378">
        <ele>485.0</ele>
    </trkpt>
    <trkpt lat="45.69972493" lon="15.33116388">
        <ele>485.0</ele>
    </trkpt>
    <trkpt lat="45.69976066" lon="15.33125398">
        <ele>485.0</ele>
    </trkpt>
    <trkpt lat="45.69979189" lon="15.33134406">
        <ele>485.0</ele>
    </trkpt>
    <trkpt lat="45.69982312" lon="15.33143413">
        <ele>485.0</ele>
    </trkpt>
    <trkpt lat="45.69985439" lon="15.33151137">
        <ele>485.0</ele>
    </trkpt>
    <trkpt lat="45.69988114" lon="15.331595">
        <ele>485.0</ele>
    </trkpt>
    <trkpt lat="45.69991241" lon="15.33167223">
        <ele>485.0</ele>
    </trkpt>
    <trkpt lat="45.6999437" lon="15.33174305">
        <ele>485.0</ele>
    </trkpt>
    <trkpt lat="45.69997948" lon="15.33181389">
        <ele>483.3</ele>
    </trkpt>
    <trkpt lat="45.70001527" lon="15.33188473">
        <ele>483.3</ele>
    </trkpt>
    <trkpt lat="45.70005108" lon="15.33194915">
        <ele>483.3</ele>
    </trkpt>
    <trkpt lat="45.70009588" lon="15.33201363">
        <ele>481.8</ele>
    </trkpt>
    <trkpt lat="45.70014068" lon="15.3320781">
        <ele>481.8</ele>
    </trkpt>
    <trkpt lat="45.7001945" lon="15.33213621">
        <ele>480.0</ele>
    </trkpt>
    <trkpt lat="45.70025282" lon="15.33219434">
        <ele>480.0</ele>
    </trkpt>
    <trkpt lat="45.70032013" lon="15.33225253">
        <ele>480.0</ele>
    </trkpt>
    <trkpt lat="45.70036053" lon="15.33228487">
        <ele>480.0</ele>
    </trkpt>
    <trkpt lat="45.70040543" lon="15.33231725">
        <ele>480.0</ele>
    </trkpt>
    <trkpt lat="45.70045033" lon="15.33234962">
        <ele>480.0</ele>
    </trkpt>
    <trkpt lat="45.70049522" lon="15.33238199">
        <ele>480.0</ele>
    </trkpt>
    <trkpt lat="45.70053564" lon="15.33240791">
        <ele>480.0</ele>
    </trkpt>
    <trkpt lat="45.70058053" lon="15.33244028">
        <ele>480.0</ele>
    </trkpt>
    <trkpt lat="45.70062093" lon="15.33247263">
        <ele>480.0</ele>
    </trkpt>
    <trkpt lat="45.70066585" lon="15.33249858">
        <ele>470.0</ele>
    </trkpt>
    <trkpt lat="45.70070624" lon="15.33253093">
        <ele>470.0</ele>
    </trkpt>
    <trkpt lat="45.70074666" lon="15.33255685">
        <ele>470.0</ele>
    </trkpt>
    <trkpt lat="45.70079156" lon="15.33258922">
        <ele>470.0</ele>
    </trkpt>
    <trkpt lat="45.70082745" lon="15.33262154">
        <ele>470.0</ele>
    </trkpt>
    <trkpt lat="45.70086787" lon="15.33264746">
        <ele>470.0</ele>
    </trkpt>
    <trkpt lat="45.70090827" lon="15.33267981">
        <ele>470.0</ele>
    </trkpt>
    <trkpt lat="45.70098006" lon="15.33274445">
        <ele>470.0</ele>
    </trkpt>
    <trkpt lat="45.70104734" lon="15.33281548">
        <ele>470.0</ele>
    </trkpt>
    <trkpt lat="45.70111012" lon="15.33288648">
        <ele>470.0</ele>
    </trkpt>
    <trkpt lat="45.70116836" lon="15.3329703">
        <ele>470.0</ele>
    </trkpt>
    <trkpt lat="45.70122211" lon="15.33305409">
        <ele>470.0</ele>
    </trkpt>
    <trkpt lat="45.70126232" lon="15.33315065">
        <ele>470.0</ele>
    </trkpt>
    <trkpt lat="45.70129799" lon="15.33326002">
        <ele>470.0</ele>
    </trkpt>
    <trkpt lat="45.70132464" lon="15.33337575">
        <ele>460.0</ele>
    </trkpt>
    <trkpt lat="45.70133797" lon="15.33343362">
        <ele>460.0</ele>
    </trkpt>
    <trkpt lat="45.70134676" lon="15.3335043">
        <ele>460.0</ele>
    </trkpt>
    <trkpt lat="45.70149058" lon="15.33355653">
        <ele>460.0</ele>
    </trkpt>
    <trkpt lat="45.70153998" lon="15.33358893">
        <ele>460.0</ele>
    </trkpt>
    <trkpt lat="45.70158931" lon="15.33364059">
        <ele>460.0</ele>
    </trkpt>
    <trkpt lat="45.70163861" lon="15.3337051">
        <ele>460.0</ele>
    </trkpt>
    <trkpt lat="45.70169686" lon="15.33378892">
        <ele>460.0</ele>
    </trkpt>
    <trkpt lat="45.70173714" lon="15.33385979">
        <ele>460.0</ele>
    </trkpt>
    <trkpt lat="45.70176391" lon="15.333937">
        <ele>460.0</ele>
    </trkpt>
    <trkpt lat="45.70178618" lon="15.33401419">
        <ele>460.0</ele>
    </trkpt>
    <trkpt lat="45.70179943" lon="15.33409774">
        <ele>460.0</ele>
    </trkpt>
    <trkpt lat="45.7018172" lon="15.3341749">
        <ele>460.0</ele>
    </trkpt>
    <trkpt lat="45.70183495" lon="15.33425848">
        <ele>460.0</ele>
    </trkpt>
    <trkpt lat="45.70186618" lon="15.33434856">
        <ele>460.0</ele>
    </trkpt>
    <trkpt lat="45.7019064" lon="15.33443869">
        <ele>460.0</ele>
    </trkpt>
    <trkpt lat="45.70196011" lon="15.33453533">
        <ele>460.0</ele>
    </trkpt>
    <trkpt lat="45.70201837" lon="15.33461273">
        <ele>463.0</ele>
    </trkpt>
    <trkpt lat="45.70208567" lon="15.33467734">
        <ele>463.0</ele>
    </trkpt>
    <trkpt lat="45.70212606" lon="15.33470969">
        <ele>463.0</ele>
    </trkpt>
    <trkpt lat="45.70217094" lon="15.33474849">
        <ele>463.0</ele>
    </trkpt>
    <trkpt lat="45.70283577" lon="15.33509922">
        <ele>470.0</ele>
    </trkpt>
    <trkpt lat="45.70288965" lon="15.33513807">
        <ele>470.0</ele>
    </trkpt>
    <trkpt lat="45.70294348" lon="15.33518976">
        <ele>470.0</ele>
    </trkpt>
    <trkpt lat="45.70298834" lon="15.33523498">
        <ele>474.1</ele>
    </trkpt>
    <trkpt lat="45.70303318" lon="15.33528661">
        <ele>474.1</ele>
    </trkpt>
    <trkpt lat="45.70307352" lon="15.33533823">
        <ele>474.1</ele>
    </trkpt>
    <trkpt lat="45.70310934" lon="15.33539623">
        <ele>470.0</ele>
    </trkpt>
    <trkpt lat="45.70314066" lon="15.33545421">
        <ele>470.0</ele>
    </trkpt>
    <trkpt lat="45.70317199" lon="15.33551219">
        <ele>470.0</ele>
    </trkpt>
    <trkpt lat="45.70320329" lon="15.33557659">
        <ele>479.0</ele>
    </trkpt>
    <trkpt lat="45.70323008" lon="15.33564738">
        <ele>479.0</ele>
    </trkpt>
    <trkpt lat="45.70325236" lon="15.33571815">
        <ele>479.0</ele>
    </trkpt>
    <trkpt lat="45.70327465" lon="15.33578891">
        <ele>479.0</ele>
    </trkpt>
    <trkpt lat="45.70329692" lon="15.3358661">
        <ele>479.0</ele>
    </trkpt>
    <trkpt lat="45.70331916" lon="15.33594971">
        <ele>480.0</ele>
    </trkpt>
    <trkpt lat="45.70334141" lon="15.33603332">
        <ele>480.0</ele>
    </trkpt>
    <trkpt lat="45.70336364" lon="15.33612335">
        <ele>480.0</ele>
    </trkpt>
    <trkpt lat="45.70338139" lon="15.33620693">
        <ele>480.0</ele>
    </trkpt>
    <trkpt lat="45.70340364" lon="15.33629054">
        <ele>480.0</ele>
    </trkpt>
    <trkpt lat="45.70342591" lon="15.33636773">
        <ele>480.0</ele>
    </trkpt>
    <trkpt lat="45.70345267" lon="15.33644495">
        <ele>480.0</ele>
    </trkpt>
    <trkpt lat="45.70347494" lon="15.33652213">
        <ele>483.2</ele>
    </trkpt>
    <trkpt lat="45.70350172" lon="15.33659293">
        <ele>483.2</ele>
    </trkpt>
    <trkpt lat="45.70352851" lon="15.33666372">
        <ele>483.2</ele>
    </trkpt>
    <trkpt lat="45.70355531" lon="15.3367281">
        <ele>485.0</ele>
    </trkpt>
    <trkpt lat="45.70358212" lon="15.33679247">
        <ele>485.0</ele>
    </trkpt>
    <trkpt lat="45.70360892" lon="15.33685684">
        <ele>490.0</ele>
    </trkpt>
    <trkpt lat="45.70364022" lon="15.33692124">
        <ele>490.0</ele>
    </trkpt>
    <trkpt lat="45.70367154" lon="15.33697922">
        <ele>490.0</ele>
    </trkpt>
    <trkpt lat="45.70370287" lon="15.3370372">
        <ele>490.0</ele>
    </trkpt>
    <trkpt lat="45.70373421" lon="15.33708876">
        <ele>490.0</ele>
    </trkpt>
    <trkpt lat="45.70377005" lon="15.33714035">
        <ele>490.0</ele>
    </trkpt>
    <trkpt lat="45.70380587" lon="15.33719836">
        <ele>490.0</ele>
    </trkpt>
    <trkpt lat="45.70384171" lon="15.33724994">
        <ele>490.0</ele>
    </trkpt>
    <trkpt lat="45.70387757" lon="15.33729511">
        <ele>490.0</ele>
    </trkpt>
    <trkpt lat="45.7039179" lon="15.33734672">
        <ele>490.0</ele>
    </trkpt>
    <trkpt lat="45.70395826" lon="15.33739191">
        <ele>490.0</ele>
    </trkpt>
    <trkpt lat="45.7039986" lon="15.33744353">
        <ele>490.0</ele>
    </trkpt>
    <trkpt lat="45.70403896" lon="15.33748872">
        <ele>490.0</ele>
    </trkpt>
    <trkpt lat="45.70408382" lon="15.33753394">
        <ele>490.0</ele>
    </trkpt>
    <trkpt lat="45.70412867" lon="15.33757916">
        <ele>490.0</ele>
    </trkpt>
    <trkpt lat="45.70417353" lon="15.33762438">
        <ele>490.0</ele>
    </trkpt>
    <trkpt lat="45.70421839" lon="15.3376696">
        <ele>490.0</ele>
    </trkpt>
    <trkpt lat="45.70426772" lon="15.33772127">
        <ele>490.0</ele>
    </trkpt>
    <trkpt lat="45.70431708" lon="15.33776652">
        <ele>490.0</ele>
    </trkpt>
    <trkpt lat="45.70437093" lon="15.33781179">
        <ele>490.0</ele>
    </trkpt>
    <trkpt lat="45.70442029" lon="15.33785704">
        <ele>490.0</ele>
    </trkpt>
    <trkpt lat="45.70447414" lon="15.33790232">
        <ele>490.0</ele>
    </trkpt>
    <trkpt lat="45.70453248" lon="15.33795404">
        <ele>490.0</ele>
    </trkpt>
    <trkpt lat="45.70460877" lon="15.33801871">
        <ele>490.0</ele>
    </trkpt>
    <trkpt lat="45.70464465" lon="15.33805746">
        <ele>490.0</ele>
    </trkpt>
    <trkpt lat="45.70468504" lon="15.33808981">
        <ele>490.0</ele>
    </trkpt>
    <trkpt lat="45.7047523" lon="15.33816727">
        <ele>490.0</ele>
    </trkpt>
    <trkpt lat="45.70481955" lon="15.33824474">
        <ele>490.0</ele>
    </trkpt>
    <trkpt lat="45.70487781" lon="15.33832215">
        <ele>490.0</ele>
    </trkpt>
    <trkpt lat="45.70493605" lon="15.33840598">
        <ele>490.0</ele>
    </trkpt>
    <trkpt lat="45.70498529" lon="15.33848975">
        <ele>489.8</ele>
    </trkpt>
    <trkpt lat="45.70503451" lon="15.33857995">
        <ele>489.8</ele>
    </trkpt>
    <trkpt lat="45.70507474" lon="15.33867009">
        <ele>489.8</ele>
    </trkpt>
    <trkpt lat="45.70511042" lon="15.33877305">
        <ele>490.6</ele>
    </trkpt>
    <trkpt lat="45.70514161" lon="15.33887598">
        <ele>489.9</ele>
    </trkpt>
    <trkpt lat="45.7051638" lon="15.33897886">
        <ele>489.9</ele>
    </trkpt>
    <trkpt lat="45.70518595" lon="15.33909458">
        <ele>491.5</ele>
    </trkpt>
    <trkpt lat="45.70519908" lon="15.33921667">
        <ele>491.5</ele>
    </trkpt>
    <trkpt lat="45.70520771" lon="15.33933872">
        <ele>491.5</ele>
    </trkpt>
    <trkpt lat="45.70520752" lon="15.33940294">
        <ele>491.5</ele>
    </trkpt>
    <trkpt lat="45.70521181" lon="15.3394736">
        <ele>495.2</ele>
    </trkpt>
    <trkpt lat="45.70521152" lon="15.33956992">
        <ele>495.2</ele>
    </trkpt>
    <trkpt lat="45.70521123" lon="15.33966623">
        <ele>495.2</ele>
    </trkpt>
    <trkpt lat="45.70521095" lon="15.33976255">
        <ele>500.0</ele>
    </trkpt>
    <trkpt lat="45.70521068" lon="15.33985245">
        <ele>500.0</ele>
    </trkpt>
    <trkpt lat="45.70521041" lon="15.33994235">
        <ele>500.0</ele>
    </trkpt>
    <trkpt lat="45.70521014" lon="15.34003225">
        <ele>500.0</ele>
    </trkpt>
    <trkpt lat="45.70520989" lon="15.34011572">
        <ele>500.0</ele>
    </trkpt>
    <trkpt lat="45.70520964" lon="15.3401992">
        <ele>500.0</ele>
    </trkpt>
    <trkpt lat="45.70520939" lon="15.34028267">
        <ele>500.0</ele>
    </trkpt>
    <trkpt lat="45.70521366" lon="15.34035976">
        <ele>500.0</ele>
    </trkpt>
    <trkpt lat="45.70521341" lon="15.34044323">
        <ele>500.0</ele>
    </trkpt>
    <trkpt lat="45.70521318" lon="15.34052029">
        <ele>500.0</ele>
    </trkpt>
    <trkpt lat="45.70521295" lon="15.34059734">
        <ele>500.0</ele>
    </trkpt>
    <trkpt lat="45.70521721" lon="15.34067443">
        <ele>500.0</ele>
    </trkpt>
    <trkpt lat="45.70521698" lon="15.34075148">
        <ele>500.0</ele>
    </trkpt>
    <trkpt lat="45.70522125" lon="15.34082856">
        <ele>500.0</ele>
    </trkpt>
    <trkpt lat="45.70522102" lon="15.34090562">
        <ele>500.0</ele>
    </trkpt>
    <trkpt lat="45.70522529" lon="15.3409827">
        <ele>500.0</ele>
    </trkpt>
    <trkpt lat="45.70522506" lon="15.34105976">
        <ele>500.0</ele>
    </trkpt>
    <trkpt lat="45.70522932" lon="15.34113684">
        <ele>500.0</ele>
    </trkpt>
    <trkpt lat="45.70522909" lon="15.34121389">
        <ele>500.0</ele>
    </trkpt>
    <trkpt lat="45.70523336" lon="15.34129098">
        <ele>500.0</ele>
    </trkpt>
    <trkpt lat="45.70523761" lon="15.34137448">
        <ele>500.0</ele>
    </trkpt>
    <trkpt lat="45.70524188" lon="15.34145156">
        <ele>500.0</ele>
    </trkpt>
    <trkpt lat="45.70524163" lon="15.34153504">
        <ele>500.0</ele>
    </trkpt>
    <trkpt lat="45.70524585" lon="15.34162496">
        <ele>500.0</ele>
    </trkpt>
    <trkpt lat="45.7052501" lon="15.34170847">
        <ele>503.9</ele>
    </trkpt>
    <trkpt lat="45.70525433" lon="15.34179839">
        <ele>503.9</ele>
    </trkpt>
    <trkpt lat="45.70525856" lon="15.34188832">
        <ele>503.9</ele>
    </trkpt>
    <trkpt lat="45.70526277" lon="15.34198466">
        <ele>510.0</ele>
    </trkpt>
    <trkpt lat="45.70526698" lon="15.34208101">
        <ele>510.0</ele>
    </trkpt>
    <trkpt lat="45.70527567" lon="15.34218381">
        <ele>510.0</ele>
    </trkpt>
    <trkpt lat="45.70527547" lon="15.34224802">
        <ele>510.0</ele>
    </trkpt>
    <trkpt lat="45.70527978" lon="15.34231226">
        <ele>510.0</ele>
    </trkpt>
    <trkpt lat="45.70528841" lon="15.34243432">
        <ele>510.0</ele>
    </trkpt>
    <trkpt lat="45.70529704" lon="15.34255638">
        <ele>510.0</ele>
    </trkpt>
    <trkpt lat="45.70530569" lon="15.34267201">
        <ele>510.0</ele>
    </trkpt>
    <trkpt lat="45.70530986" lon="15.3427812">
        <ele>510.0</ele>
    </trkpt>
    <trkpt lat="45.70531403" lon="15.34289039">
        <ele>510.0</ele>
    </trkpt>
    <trkpt lat="45.7053182" lon="15.34299958">
        <ele>510.0</ele>
    </trkpt>
    <trkpt lat="45.70531339" lon="15.34310229">
        <ele>510.0</ele>
    </trkpt>
    <trkpt lat="45.70530858" lon="15.34320501">
        <ele>510.0</ele>
    </trkpt>
    <trkpt lat="45.70529927" lon="15.34330769">
        <ele>510.0</ele>
    </trkpt>
    <trkpt lat="45.70528097" lon="15.34341032">
        <ele>510.0</ele>
    </trkpt>
    <trkpt lat="45.70525818" lon="15.3435065">
        <ele>510.0</ele>
    </trkpt>
    <trkpt lat="45.70523087" lon="15.34360907">
        <ele>514.8</ele>
    </trkpt>
    <trkpt lat="45.70519457" lon="15.34371159">
        <ele>514.8</ele>
    </trkpt>
    <trkpt lat="45.70515379" lon="15.34380766">
        <ele>514.8</ele>
    </trkpt>
    <trkpt lat="45.70512664" lon="15.34385887">
        <ele>514.8</ele>
    </trkpt>
    <trkpt lat="45.70510397" lon="15.34391652">
        <ele>520.0</ele>
    </trkpt>
    <trkpt lat="45.70505879" lon="15.34398045">
        <ele>514.1</ele>
    </trkpt>
    <trkpt lat="45.7050136" lon="15.34404439">
        <ele>514.1</ele>
    </trkpt>
    <trkpt lat="45.70496396" lon="15.34409545">
        <ele>514.1</ele>
    </trkpt>
    <trkpt lat="45.70491433" lon="15.34414009">
        <ele>514.1</ele>
    </trkpt>
    <trkpt lat="45.70486023" lon="15.34417829">
        <ele>510.0</ele>
    </trkpt>
    <trkpt lat="45.70480612" lon="15.34421648">
        <ele>510.0</ele>
    </trkpt>
    <trkpt lat="45.70475651" lon="15.34425471">
        <ele>520.0</ele>
    </trkpt>
    <trkpt lat="45.70470693" lon="15.34428651">
        <ele>520.0</ele>
    </trkpt>
    <trkpt lat="45.70465732" lon="15.34432473">
        <ele>520.0</ele>
    </trkpt>
    <trkpt lat="45.70461222" lon="15.34436298">
        <ele>515.0</ele>
    </trkpt>
    <trkpt lat="45.70456709" lon="15.34440765">
        <ele>515.0</ele>
    </trkpt>
    <trkpt lat="45.70453096" lon="15.34445237">
        <ele>515.0</ele>
    </trkpt>
    <trkpt lat="45.70449479" lon="15.34450994">
        <ele>515.0</ele>
    </trkpt>
    <trkpt lat="45.7044676" lon="15.34457399">
        <ele>517.5</ele>
    </trkpt>
    <trkpt lat="45.70444488" lon="15.3446509">
        <ele>517.5</ele>
    </trkpt>
    <trkpt lat="45.70443561" lon="15.34474074">
        <ele>517.5</ele>
    </trkpt>
    <trkpt lat="45.7044263" lon="15.34484342">
        <ele>517.5</ele>
    </trkpt>
    <trkpt lat="45.7044215" lon="15.34493971">
        <ele>510.0</ele>
    </trkpt>
    <trkpt lat="45.70442123" lon="15.34502961">
        <ele>510.0</ele>
    </trkpt>
    <trkpt lat="45.70442544" lon="15.34512596">
        <ele>520.0</ele>
    </trkpt>
    <trkpt lat="45.70442968" lon="15.34520946">
        <ele>512.7</ele>
    </trkpt>
    <trkpt lat="45.70443843" lon="15.34529299">
        <ele>512.7</ele>
    </trkpt>
    <trkpt lat="45.70444717" lon="15.34537652">
        <ele>512.7</ele>
    </trkpt>
    <trkpt lat="45.70445592" lon="15.34546005">
        <ele>512.7</ele>
    </trkpt>
    <trkpt lat="45.70446466" lon="15.34554358">
        <ele>510.0</ele>
    </trkpt>
    <trkpt lat="45.70446891" lon="15.34562708">
        <ele>510.0</ele>
    </trkpt>
    <trkpt lat="45.70447315" lon="15.34571059">
        <ele>510.0</ele>
    </trkpt>
    <trkpt lat="45.7044729" lon="15.34579406">
        <ele>510.0</ele>
    </trkpt>
    <trkpt lat="45.70447262" lon="15.34588396">
        <ele>500.0</ele>
    </trkpt>
    <trkpt lat="45.70446335" lon="15.3459738">
        <ele>500.0</ele>
    </trkpt>
    <trkpt lat="45.70444956" lon="15.34607003">
        <ele>500.0</ele>
    </trkpt>
    <trkpt lat="45.70443125" lon="15.34617266">
        <ele>500.0</ele>
    </trkpt>
    <trkpt lat="45.70411134" lon="15.34780167">
        <ele>530.5</ele>
    </trkpt>
    <trkpt lat="45.70408415" lon="15.34786571">
        <ele>530.5</ele>
    </trkpt>
    <trkpt lat="45.70406146" lon="15.34792978">
        <ele>530.5</ele>
    </trkpt>
    <trkpt lat="45.70403877" lon="15.34799385">
        <ele>530.5</ele>
    </trkpt>
    <trkpt lat="45.7040161" lon="15.3480515">
        <ele>530.5</ele>
    </trkpt>
    <trkpt lat="45.7039934" lon="15.34811557">
        <ele>532.9</ele>
    </trkpt>
    <trkpt lat="45.70397073" lon="15.34817322">
        <ele>532.9</ele>
    </trkpt>
    <trkpt lat="45.70394806" lon="15.34823087">
        <ele>531.3</ele>
    </trkpt>
    <trkpt lat="45.70392539" lon="15.34828852">
        <ele>531.3</ele>
    </trkpt>
    <trkpt lat="45.70390271" lon="15.34834617">
        <ele>531.3</ele>
    </trkpt>
    <trkpt lat="45.70387554" lon="15.34840379">
        <ele>531.9</ele>
    </trkpt>
    <trkpt lat="45.70385287" lon="15.34846144">
        <ele>531.9</ele>
    </trkpt>
    <trkpt lat="45.70382568" lon="15.34852548">
        <ele>531.9</ele>
    </trkpt>
    <trkpt lat="45.70379849" lon="15.34858953">
        <ele>531.9</ele>
    </trkpt>
    <trkpt lat="45.7037713" lon="15.34865357">
        <ele>531.9</ele>
    </trkpt>
    <trkpt lat="45.70373959" lon="15.348724">
        <ele>532.4</ele>
    </trkpt>
    <trkpt lat="45.70370786" lon="15.34880086">
        <ele>520.0</ele>
    </trkpt>
    <trkpt lat="45.70365819" lon="15.34885834">
        <ele>520.0</ele>
    </trkpt>
    <trkpt lat="45.70360409" lon="15.34889653">
        <ele>520.0</ele>
    </trkpt>
    <trkpt lat="45.70355" lon="15.3489283">
        <ele>520.0</ele>
    </trkpt>
    <trkpt lat="45.70350481" lon="15.34899223">
        <ele>512.7</ele>
    </trkpt>
    <trkpt lat="45.70347314" lon="15.34904982">
        <ele>514.2</ele>
    </trkpt>
    <trkpt lat="45.70344597" lon="15.34910744">
        <ele>514.2</ele>
    </trkpt>
    <trkpt lat="45.7034188" lon="15.34916506">
        <ele>514.2</ele>
    </trkpt>
    <trkpt lat="45.70339615" lon="15.34921629">
        <ele>514.2</ele>
    </trkpt>
    <trkpt lat="45.70335982" lon="15.34932522">
        <ele>514.2</ele>
    </trkpt>
    <trkpt lat="45.70332349" lon="15.34943415">
        <ele>512.7</ele>
    </trkpt>
    <trkpt lat="45.70328718" lon="15.34953666">
        <ele>512.7</ele>
    </trkpt>
    <trkpt lat="45.70324637" lon="15.34963914">
        <ele>510.0</ele>
    </trkpt>
    <trkpt lat="45.70322372" lon="15.34969037">
        <ele>510.0</ele>
    </trkpt>
    <trkpt lat="45.70319655" lon="15.34974799">
        <ele>510.0</ele>
    </trkpt>
    <trkpt lat="45.7031649" lon="15.34979916">
        <ele>510.0</ele>
    </trkpt>
    <trkpt lat="45.70313323" lon="15.34985675">
        <ele>510.0</ele>
    </trkpt>
    <trkpt lat="45.70307458" lon="15.34990776">
        <ele>510.0</ele>
    </trkpt>
    <trkpt lat="45.70301604" lon="15.34992665">
        <ele>502.5</ele>
    </trkpt>
    <trkpt lat="45.70295307" lon="15.34991984">
        <ele>502.5</ele>
    </trkpt>
    <trkpt lat="45.70289018" lon="15.34988734">
        <ele>502.5</ele>
    </trkpt>
    <trkpt lat="45.70282733" lon="15.34984199">
        <ele>500.0</ele>
    </trkpt>
    <trkpt lat="45.70276453" lon="15.34978381">
        <ele>500.0</ele>
    </trkpt>
    <trkpt lat="45.70270174" lon="15.34971921">
        <ele>500.0</ele>
    </trkpt>
    <trkpt lat="45.70263891" lon="15.34966744">
        <ele>500.0</ele>
    </trkpt>
    <trkpt lat="45.70258058" lon="15.34961571">
        <ele>494.8</ele>
    </trkpt>
    <trkpt lat="45.70252219" lon="15.34958324">
        <ele>494.8</ele>
    </trkpt>
    <trkpt lat="45.70246378" lon="15.34955719">
        <ele>494.8</ele>
    </trkpt>
    <trkpt lat="45.70240983" lon="15.34954401">
        <ele>494.8</ele>
    </trkpt>
    <trkpt lat="45.70235133" lon="15.34955006">
        <ele>490.0</ele>
    </trkpt>
    <trkpt lat="45.7022973" lon="15.34956257">
        <ele>490.0</ele>
    </trkpt>
    <trkpt lat="45.70224319" lon="15.34960075">
        <ele>490.0</ele>
    </trkpt>
    <trkpt lat="45.70219355" lon="15.34965181">
        <ele>490.0</ele>
    </trkpt>
    <trkpt lat="45.70213034" lon="15.34972205">
        <ele>490.0</ele>
    </trkpt>
    <trkpt lat="45.70207614" lon="15.34979234">
        <ele>490.0</ele>
    </trkpt>
    <trkpt lat="45.70202193" lon="15.34986263">
        <ele>490.0</ele>
    </trkpt>
    <trkpt lat="45.7019722" lon="15.34993937">
        <ele>490.0</ele>
    </trkpt>
    <trkpt lat="45.7019225" lon="15.35000969">
        <ele>486.1</ele>
    </trkpt>
    <trkpt lat="45.70187729" lon="15.35008003">
        <ele>486.1</ele>
    </trkpt>
    <trkpt lat="45.70182758" lon="15.35015035">
        <ele>486.1</ele>
    </trkpt>
    <trkpt lat="45.7017824" lon="15.35021428">
        <ele>486.1</ele>
    </trkpt>
    <trkpt lat="45.70173273" lon="15.35027176">
        <ele>486.1</ele>
    </trkpt>
    <trkpt lat="45.70168308" lon="15.35032281">
        <ele>480.0</ele>
    </trkpt>
    <trkpt lat="45.70162895" lon="15.35036742">
        <ele>480.0</ele>
    </trkpt>
    <trkpt lat="45.70157487" lon="15.35039918">
        <ele>480.0</ele>
    </trkpt>
    <trkpt lat="45.70151178" lon="15.35043089">
        <ele>480.0</ele>
    </trkpt>
    <trkpt lat="45.70144876" lon="15.35044334">
        <ele>480.0</ele>
    </trkpt>
    <trkpt lat="45.70138125" lon="15.35044934">
        <ele>480.0</ele>
    </trkpt>
    <trkpt lat="45.70130927" lon="15.35044888">
        <ele>480.0</ele>
    </trkpt>
    <trkpt lat="45.70123732" lon="15.35043559">
        <ele>474.4</ele>
    </trkpt>
    <trkpt lat="45.70117437" lon="15.35042235">
        <ele>474.4</ele>
    </trkpt>
    <trkpt lat="45.70111143" lon="15.35040912">
        <ele>474.4</ele>
    </trkpt>
    <trkpt lat="45.701053" lon="15.35038949">
        <ele>474.4</ele>
    </trkpt>
    <trkpt lat="45.70099455" lon="15.35037628">
        <ele>470.0</ele>
    </trkpt>
    <trkpt lat="45.70093609" lon="15.35036949">
        <ele>470.0</ele>
    </trkpt>
    <trkpt lat="45.70088214" lon="15.35035631">
        <ele>470.0</ele>
    </trkpt>
    <trkpt lat="45.70082367" lon="15.35034952">
        <ele>470.0</ele>
    </trkpt>
    <trkpt lat="45.7007697" lon="15.35034276">
        <ele>470.0</ele>
    </trkpt>
    <trkpt lat="45.70071571" lon="15.35034242">
        <ele>470.0</ele>
    </trkpt>
    <trkpt lat="45.7006617" lon="15.3503485">
        <ele>470.0</ele>
    </trkpt>
    <trkpt lat="45.7006077" lon="15.35035459">
        <ele>470.0</ele>
    </trkpt>
    <trkpt lat="45.70054915" lon="15.35037348">
        <ele>470.0</ele>
    </trkpt>
    <trkpt lat="45.7004906" lon="15.35039238">
        <ele>470.0</ele>
    </trkpt>
    <trkpt lat="45.70042752" lon="15.35042408">
        <ele>470.0</ele>
    </trkpt>
    <trkpt lat="45.70036891" lon="15.35046224">
        <ele>470.0</ele>
    </trkpt>
    <trkpt lat="45.70030131" lon="15.35050034">
        <ele>466.4</ele>
    </trkpt>
    <trkpt lat="45.70022921" lon="15.35053841">
        <ele>466.4</ele>
    </trkpt>
    <trkpt lat="45.70016162" lon="15.35057009">
        <ele>466.4</ele>
    </trkpt>
    <trkpt lat="45.70008954" lon="15.35060174">
        <ele>461.9</ele>
    </trkpt>
    <trkpt lat="45.70001747" lon="15.35062697">
        <ele>461.2</ele>
    </trkpt>
    <trkpt lat="45.69994543" lon="15.35064578">
        <ele>461.2</ele>
    </trkpt>
    <trkpt lat="45.69987791" lon="15.3506582">
        <ele>460.0</ele>
    </trkpt>
    <trkpt lat="45.6998104" lon="15.3506642">
        <ele>460.0</ele>
    </trkpt>
    <trkpt lat="45.69974291" lon="15.35066377">
        <ele>460.0</ele>
    </trkpt>
    <trkpt lat="45.69967997" lon="15.35065054">
        <ele>458.9</ele>
    </trkpt>
    <trkpt lat="45.69962156" lon="15.35062449">
        <ele>458.9</ele>
    </trkpt>
    <trkpt lat="45.69956767" lon="15.35059204">
        <ele>460.0</ele>
    </trkpt>
    <trkpt lat="45.69951832" lon="15.35054679">
        <ele>460.0</ele>
    </trkpt>
    <trkpt lat="45.69947803" lon="15.35048233">
        <ele>460.0</ele>
    </trkpt>
    <trkpt lat="45.69943775" lon="15.35041145">
        <ele>457.6</ele>
    </trkpt>
    <trkpt lat="45.69941102" lon="15.35032781">
        <ele>457.6</ele>
    </trkpt>
    <trkpt lat="45.69938428" lon="15.35024417">
        <ele>460.0</ele>
    </trkpt>
    <trkpt lat="45.69936202" lon="15.35016699">
        <ele>460.0</ele>
    </trkpt>
    <trkpt lat="45.69934426" lon="15.35008983">
        <ele>460.0</ele>
    </trkpt>
    <trkpt lat="45.69932197" lon="15.35002548">
        <ele>460.0</ele>
    </trkpt>
    <trkpt lat="45.69930419" lon="15.34995474">
        <ele>460.0</ele>
    </trkpt>
    <trkpt lat="45.69928189" lon="15.34989039">
        <ele>460.0</ele>
    </trkpt>
    <trkpt lat="45.69926409" lon="15.34982607">
        <ele>460.0</ele>
    </trkpt>
    <trkpt lat="45.69924629" lon="15.34976176">
        <ele>460.0</ele>
    </trkpt>
    <trkpt lat="45.6992285" lon="15.34969744">
        <ele>450.0</ele>
    </trkpt>
    <trkpt lat="45.6992107" lon="15.34963312">
        <ele>450.0</ele>
    </trkpt>
    <trkpt lat="45.6991884" lon="15.34956877">
        <ele>450.0</ele>
    </trkpt>
    <trkpt lat="45.6991706" lon="15.34950445">
        <ele>450.0</ele>
    </trkpt>
    <trkpt lat="45.69915284" lon="15.3494273">
        <ele>450.0</ele>
    </trkpt>
    <trkpt lat="45.69913506" lon="15.34935656">
        <ele>450.0</ele>
    </trkpt>
    <trkpt lat="45.6991128" lon="15.34927937">
        <ele>450.0</ele>
    </trkpt>
    <trkpt lat="45.69909506" lon="15.34919579">
        <ele>450.0</ele>
    </trkpt>
    <trkpt lat="45.69907281" lon="15.3491186">
        <ele>450.0</ele>
    </trkpt>
    <trkpt lat="45.69904603" lon="15.34904781">
        <ele>450.0</ele>
    </trkpt>
    <trkpt lat="45.69901471" lon="15.34898983">
        <ele>440.0</ele>
    </trkpt>
    <trkpt lat="45.69897888" lon="15.34893824">
        <ele>440.0</ele>
    </trkpt>
    <trkpt lat="45.69893853" lon="15.34889304">
        <ele>440.0</ele>
    </trkpt>
    <trkpt lat="45.69889815" lon="15.34885426">
        <ele>440.0</ele>
    </trkpt>
    <trkpt lat="45.69885326" lon="15.34882188">
        <ele>440.0</ele>
    </trkpt>
    <trkpt lat="45.69880385" lon="15.34879589">
        <ele>440.0</ele>
    </trkpt>
    <trkpt lat="45.69875442" lon="15.34877632">
        <ele>437.8</ele>
    </trkpt>
    <trkpt lat="45.69870047" lon="15.34876314">
        <ele>437.8</ele>
    </trkpt>
    <trkpt lat="45.6986465" lon="15.34875638">
        <ele>437.8</ele>
    </trkpt>
    <trkpt lat="45.69859253" lon="15.34874962">
        <ele>437.8</ele>
    </trkpt>
    <trkpt lat="45.69853403" lon="15.34875568">
        <ele>432.6</ele>
    </trkpt>
    <trkpt lat="45.69848002" lon="15.34876176">
        <ele>432.6</ele>
    </trkpt>
    <trkpt lat="45.69842147" lon="15.34878066">
        <ele>432.6</ele>
    </trkpt>
    <trkpt lat="45.69836743" lon="15.34879958">
        <ele>432.6</ele>
    </trkpt>
    <trkpt lat="45.69831338" lon="15.3488185">
        <ele>430.0</ele>
    </trkpt>
    <trkpt lat="45.69825933" lon="15.34883743">
        <ele>430.0</ele>
    </trkpt>
    <trkpt lat="45.69820978" lon="15.34885638">
        <ele>430.0</ele>
    </trkpt>
    <trkpt lat="45.69816023" lon="15.34887533">
        <ele>430.0</ele>
    </trkpt>
    <trkpt lat="45.69811517" lon="15.34890073">
        <ele>430.0</ele>
    </trkpt>
    <trkpt lat="45.69807012" lon="15.34891971">
        <ele>420.0</ele>
    </trkpt>
    <trkpt lat="45.69802507" lon="15.34893869">
        <ele>420.0</ele>
    </trkpt>
    <trkpt lat="45.69798002" lon="15.34895767">
        <ele>420.0</ele>
    </trkpt>
    <trkpt lat="45.69789442" lon="15.34899566">
        <ele>420.0</ele>
    </trkpt>
    <trkpt lat="45.69781332" lon="15.34903368">
        <ele>420.0</ele>
    </trkpt>
    <trkpt lat="45.6977322" lon="15.34907811">
        <ele>420.0</ele>
    </trkpt>
    <trkpt lat="45.6976511" lon="15.34911613">
        <ele>413.6</ele>
    </trkpt>
    <trkpt lat="45.69757" lon="15.34915414">
        <ele>413.6</ele>
    </trkpt>
    <trkpt lat="45.69748889" lon="15.34919216">
        <ele>413.6</ele>
    </trkpt>
    <trkpt lat="45.69740779" lon="15.34923018">
        <ele>410.0</ele>
    </trkpt>
    <trkpt lat="45.69732219" lon="15.34926816">
        <ele>410.0</ele>
    </trkpt>
    <trkpt lat="45.69727714" lon="15.34928714">
        <ele>410.0</ele>
    </trkpt>
    <trkpt lat="45.6972321" lon="15.34930612">
        <ele>410.0</ele>
    </trkpt>
    <trkpt lat="45.69718705" lon="15.3493251">
        <ele>400.0</ele>
    </trkpt>
    <trkpt lat="45.6971375" lon="15.34934405">
        <ele>400.0</ele>
    </trkpt>
    <trkpt lat="45.69708795" lon="15.349363">
        <ele>400.0</ele>
    </trkpt>
    <trkpt lat="45.6970384" lon="15.34938195">
        <ele>400.0</ele>
    </trkpt>
    <trkpt lat="45.69698435" lon="15.34940088">
        <ele>390.0</ele>
    </trkpt>
    <trkpt lat="45.6969348" lon="15.34941983">
        <ele>390.0</ele>
    </trkpt>
    <trkpt lat="45.69688078" lon="15.34943233">
        <ele>390.0</ele>
    </trkpt>
    <trkpt lat="45.69682673" lon="15.34945125">
        <ele>390.0</ele>
    </trkpt>
    <trkpt lat="45.6967772" lon="15.34946378">
        <ele>390.0</ele>
    </trkpt>
    <trkpt lat="45.69672767" lon="15.34947631">
        <ele>390.0</ele>
    </trkpt>
    <trkpt lat="45.69667814" lon="15.34948885">
        <ele>390.0</ele>
    </trkpt>
    <trkpt lat="45.69662861" lon="15.34950138">
        <ele>390.0</ele>
    </trkpt>
    <trkpt lat="45.6965836" lon="15.34950751">
        <ele>390.0</ele>
    </trkpt>
    <trkpt lat="45.69653859" lon="15.34951365">
        <ele>390.0</ele>
    </trkpt>
    <trkpt lat="45.69648909" lon="15.34951976">
        <ele>385.0</ele>
    </trkpt>
    <trkpt lat="45.6964441" lon="15.34951948">
        <ele>385.0</ele>
    </trkpt>
    <trkpt lat="45.69639909" lon="15.34952562">
        <ele>385.0</ele>
    </trkpt>
    <trkpt lat="45.6963541" lon="15.34952534">
        <ele>385.0</ele>
    </trkpt>
    <trkpt lat="45.69626863" lon="15.34951838">
        <ele>379.8</ele>
    </trkpt>
    <trkpt lat="45.69618319" lon="15.34950501">
        <ele>379.8</ele>
    </trkpt>
    <trkpt lat="45.69609777" lon="15.34948521">
        <ele>379.8</ele>
    </trkpt>
    <trkpt lat="45.69601239" lon="15.34945257">
        <ele>380.0</ele>
    </trkpt>
    <trkpt lat="45.695851" lon="15.349296">
        <ele>379.5</ele>
    </trkpt>
    <trkpt lat="45.695833" lon="15.349319">
        <ele>379.5</ele>
    </trkpt>
    <trkpt lat="45.695687" lon="15.349429">
        <ele>380.5</ele>
    </trkpt>
    <trkpt lat="45.695582" lon="15.349558">
        <ele>381.3</ele>
    </trkpt>
    <trkpt lat="45.695532" lon="15.349636">
        <ele>381.5</ele>
    </trkpt>
    <trkpt lat="45.695483" lon="15.349687">
        <ele>381.8</ele>
    </trkpt>
    <trkpt lat="45.695404" lon="15.349735">
        <ele>382.0</ele>
    </trkpt>
    <trkpt lat="45.695346" lon="15.349762">
        <ele>382.3</ele>
    </trkpt>
    <trkpt lat="45.695245" lon="15.349789">
        <ele>382.5</ele>
    </trkpt>
    <trkpt lat="45.695163" lon="15.349799">
        <ele>382.8</ele>
    </trkpt>
    <trkpt lat="45.695093" lon="15.349797">
        <ele>383.0</ele>
    </trkpt>
    <trkpt lat="45.695043" lon="15.349778">
        <ele>383.0</ele>
    </trkpt>
    <trkpt lat="45.694981" lon="15.34974">
        <ele>383.0</ele>
    </trkpt>
    <trkpt lat="45.694919" lon="15.349679">
        <ele>383.0</ele>
    </trkpt>
    <trkpt lat="45.694646" lon="15.349333">
        <ele>383.0</ele>
    </trkpt>
    <trkpt lat="45.694587" lon="15.349284">
        <ele>383.0</ele>
    </trkpt>
    <trkpt lat="45.694531" lon="15.349255">
        <ele>383.0</ele>
    </trkpt>
    <trkpt lat="45.694464" lon="15.349244">
        <ele>383.0</ele>
    </trkpt>
    <trkpt lat="45.694389" lon="15.349242">
        <ele>382.8</ele>
    </trkpt>
    <trkpt lat="45.694224" lon="15.34929">
        <ele>382.3</ele>
    </trkpt>
    <trkpt lat="45.69413" lon="15.349268">
        <ele>382.0</ele>
    </trkpt>
    <trkpt lat="45.694052" lon="15.349204">
        <ele>381.8</ele>
    </trkpt>
    <trkpt lat="45.693984" lon="15.349118">
        <ele>381.8</ele>
    </trkpt>
    <trkpt lat="45.693941" lon="15.349011">
        <ele>381.8</ele>
    </trkpt>
    <trkpt lat="45.693885" lon="15.34881">
        <ele>382.3</ele>
    </trkpt>
    <trkpt lat="45.693855" lon="15.34874">
        <ele>382.3</ele>
    </trkpt>
    <trkpt lat="45.693814" lon="15.34867">
        <ele>382.0</ele>
    </trkpt>
    <trkpt lat="45.693508" lon="15.348322">
        <ele>381.0</ele>
    </trkpt>
    <trkpt lat="45.693461" lon="15.348303">
        <ele>380.8</ele>
    </trkpt>
    <trkpt lat="45.693396" lon="15.348305">
        <ele>380.3</ele>
    </trkpt>
    <trkpt lat="45.69333" lon="15.348327">
        <ele>379.8</ele>
    </trkpt>
    <trkpt lat="45.693261" lon="15.348332">
        <ele>379.5</ele>
    </trkpt>
    <trkpt lat="45.693188" lon="15.348305">
        <ele>379.3</ele>
    </trkpt>
    <trkpt lat="45.693115" lon="15.348241">
        <ele>379.0</ele>
    </trkpt>
    <trkpt lat="45.69301" lon="15.348088">
        <ele>378.3</ele>
    </trkpt>
    <trkpt lat="45.692961" lon="15.348077">
        <ele>378.0</ele>
    </trkpt>
    <trkpt lat="45.692905" lon="15.34808">
        <ele>378.0</ele>
    </trkpt>
    <trkpt lat="45.692841" lon="15.348145">
        <ele>377.8</ele>
    </trkpt>
    <trkpt lat="45.692761" lon="15.348252">
        <ele>377.8</ele>
    </trkpt>
    <trkpt lat="45.692639" lon="15.348496">
        <ele>377.0</ele>
    </trkpt>
    <trkpt lat="45.69262" lon="15.348622">
        <ele>376.8</ele>
    </trkpt>
    <trkpt lat="45.692594" lon="15.348729">
        <ele>376.8</ele>
    </trkpt>
    <trkpt lat="45.692534" lon="15.348818">
        <ele>376.3</ele>
    </trkpt>
    <trkpt lat="45.692448" lon="15.348909">
        <ele>376.8</ele>
    </trkpt>
    <trkpt lat="45.692403" lon="15.34893">
        <ele>377.3</ele>
    </trkpt>
    <trkpt lat="45.692315" lon="15.348917">
        <ele>378.0</ele>
    </trkpt>
    <trkpt lat="45.692172" lon="15.348874">
        <ele>379.3</ele>
    </trkpt>
    <trkpt lat="45.692036" lon="15.348855">
        <ele>380.5</ele>
    </trkpt>
    <trkpt lat="45.691864" lon="15.348861">
        <ele>382.3</ele>
    </trkpt>
    <trkpt lat="45.691804" lon="15.348863">
        <ele>382.8</ele>
    </trkpt>
    <trkpt lat="45.691663" lon="15.348903">
        <ele>384.3</ele>
    </trkpt>
    <trkpt lat="45.691487" lon="15.348971">
        <ele>386.3</ele>
    </trkpt>
    <trkpt lat="45.691393" lon="15.349">
        <ele>387.3</ele>
    </trkpt>
    <trkpt lat="45.691305" lon="15.349003">
        <ele>388.0</ele>
    </trkpt>
    <trkpt lat="45.691152" lon="15.348974">
        <ele>389.3</ele>
    </trkpt>
    <trkpt lat="45.690969" lon="15.348911">
        <ele>390.5</ele>
    </trkpt>
    <trkpt lat="45.69084" lon="15.348877">
        <ele>391.5</ele>
    </trkpt>
    <trkpt lat="45.690704" lon="15.348882">
        <ele>392.5</ele>
    </trkpt>
    <trkpt lat="45.690577" lon="15.34886">
        <ele>393.5</ele>
    </trkpt>
    <trkpt lat="45.690439" lon="15.34881">
        <ele>394.5</ele>
    </trkpt>
    <trkpt lat="45.690299" lon="15.348735">
        <ele>395.3</ele>
    </trkpt>
    <trkpt lat="45.690144" lon="15.34868">
        <ele>396.5</ele>
    </trkpt>
    <trkpt lat="45.690145" lon="15.348606">
        <ele>396.3</ele>
    </trkpt>
    <trkpt lat="45.690112" lon="15.348402">
        <ele>396.0</ele>
    </trkpt>
    <trkpt lat="45.690102" lon="15.348252">
        <ele>395.5</ele>
    </trkpt>
    <trkpt lat="45.690112" lon="15.34812">
        <ele>394.8</ele>
    </trkpt>
    <trkpt lat="45.690096" lon="15.348002">
        <ele>394.3</ele>
    </trkpt>
    <trkpt lat="45.690056" lon="15.34789">
        <ele>394.0</ele>
    </trkpt>
    <trkpt lat="45.689944" lon="15.347672">
        <ele>394.0</ele>
    </trkpt>
    <trkpt lat="45.689721" lon="15.347404">
        <ele>393.8</ele>
    </trkpt>
    <trkpt lat="45.689446" lon="15.347145">
        <ele>393.8</ele>
    </trkpt>
    <trkpt lat="45.689298" lon="15.347065">
        <ele>393.8</ele>
    </trkpt>
    <trkpt lat="45.689178" lon="15.347029">
        <ele>394.0</ele>
    </trkpt>
    <trkpt lat="45.689005" lon="15.347014">
        <ele>392.0</ele>
    </trkpt>
    <trkpt lat="45.688778" lon="15.347037">
        <ele>389.5</ele>
    </trkpt>
    <trkpt lat="45.688691" lon="15.347071">
        <ele>388.5</ele>
    </trkpt>
    <trkpt lat="45.688403" lon="15.347246">
        <ele>386.3</ele>
    </trkpt>
    <trkpt lat="45.68831" lon="15.347326">
        <ele>385.5</ele>
    </trkpt>
    <trkpt lat="45.688279" lon="15.347362">
        <ele>385.0</ele>
    </trkpt>
    <trkpt lat="45.688156" lon="15.347511">
        <ele>383.8</ele>
    </trkpt>
    <trkpt lat="45.688067" lon="15.347573">
        <ele>382.5</ele>
    </trkpt>
    <trkpt lat="45.687979" lon="15.347595">
        <ele>381.0</ele>
    </trkpt>
    <trkpt lat="45.687668" lon="15.34764">
        <ele>375.8</ele>
    </trkpt>
    <trkpt lat="45.687631" lon="15.347385">
        <ele>373.3</ele>
    </trkpt>
    <trkpt lat="45.687606" lon="15.347045">
        <ele>370.0</ele>
    </trkpt>
    <trkpt lat="45.687592" lon="15.346762">
        <ele>367.5</ele>
    </trkpt>
    <trkpt lat="45.687588" lon="15.346508">
        <ele>365.3</ele>
    </trkpt>
    <trkpt lat="45.687655" lon="15.345832">
        <ele>360.3</ele>
    </trkpt>
    <trkpt lat="45.6877" lon="15.345465">
        <ele>358.0</ele>
    </trkpt>
    <trkpt lat="45.687756" lon="15.345224">
        <ele>357.0</ele>
    </trkpt>
    <trkpt lat="45.687858" lon="15.344918">
        <ele>356.0</ele>
    </trkpt>
    <trkpt lat="45.688009" lon="15.344524">
        <ele>354.3</ele>
    </trkpt>
    <trkpt lat="45.688144" lon="15.344245">
        <ele>352.8</ele>
    </trkpt>
    <trkpt lat="45.688358" lon="15.34384">
        <ele>350.3</ele>
    </trkpt>
    <trkpt lat="45.688538" lon="15.343512">
        <ele>347.8</ele>
    </trkpt>
    <trkpt lat="45.689102" lon="15.342568">
        <ele>337.8</ele>
    </trkpt>
    <trkpt lat="45.689203" lon="15.342423">
        <ele>336.5</ele>
    </trkpt>
    <trkpt lat="45.689315" lon="15.342356">
        <ele>336.5</ele>
    </trkpt>
    <trkpt lat="45.689709" lon="15.342276">
        <ele>337.3</ele>
    </trkpt>
    <trkpt lat="45.690119" lon="15.342136">
        <ele>337.0</ele>
    </trkpt>
    <trkpt lat="45.690185" lon="15.342107">
        <ele>336.8</ele>
    </trkpt>
    <trkpt lat="45.690269" lon="15.342072">
        <ele>336.5</ele>
    </trkpt>
    <trkpt lat="45.690389" lon="15.341962">
        <ele>336.0</ele>
    </trkpt>
    <trkpt lat="45.690514" lon="15.341774">
        <ele>335.3</ele>
    </trkpt>
    <trkpt lat="45.690582" lon="15.341605">
        <ele>334.5</ele>
    </trkpt>
    <trkpt lat="45.690589" lon="15.341503">
        <ele>334.0</ele>
    </trkpt>
    <trkpt lat="45.690576" lon="15.341377">
        <ele>333.3</ele>
    </trkpt>
    <trkpt lat="45.690546" lon="15.34127">
        <ele>332.5</ele>
    </trkpt>
    <trkpt lat="45.690484" lon="15.341128">
        <ele>331.8</ele>
    </trkpt>
    <trkpt lat="45.690445" lon="15.340951">
        <ele>330.5</ele>
    </trkpt>
    <trkpt lat="45.690428" lon="15.340744">
        <ele>330.0</ele>
    </trkpt>
    <trkpt lat="45.690417" lon="15.340495">
        <ele>330.0</ele>
    </trkpt>
    <trkpt lat="45.690396" lon="15.340288">
        <ele>330.3</ele>
    </trkpt>
    <trkpt lat="45.690346" lon="15.34011">
        <ele>330.0</ele>
    </trkpt>
    <trkpt lat="45.690239" lon="15.339808">
        <ele>329.5</ele>
    </trkpt>
    <trkpt lat="45.69014" lon="15.339567">
        <ele>329.3</ele>
    </trkpt>
    <trkpt lat="45.690055" lon="15.339288">
        <ele>329.0</ele>
    </trkpt>
    <trkpt lat="45.689911" lon="15.338682">
        <ele>328.8</ele>
    </trkpt>
    <trkpt lat="45.689844" lon="15.338459">
        <ele>328.8</ele>
    </trkpt>
    <trkpt lat="45.68972" lon="15.338188">
        <ele>329.0</ele>
    </trkpt>
    <trkpt lat="45.689141" lon="15.337153">
        <ele>327.5</ele>
    </trkpt>
    <trkpt lat="45.688896" lon="15.336702">
        <ele>327.0</ele>
    </trkpt>
    <trkpt lat="45.688785" lon="15.336539">
        <ele>326.8</ele>
    </trkpt>
    <trkpt lat="45.688639" lon="15.336345">
        <ele>326.8</ele>
    </trkpt>
    <trkpt lat="45.688288" lon="15.335943">
        <ele>325.8</ele>
    </trkpt>
    <trkpt lat="45.68818" lon="15.335804">
        <ele>325.3</ele>
    </trkpt>
    <trkpt lat="45.68785" lon="15.335299">
        <ele>325.8</ele>
    </trkpt>
    <trkpt lat="45.687721" lon="15.335133">
        <ele>325.8</ele>
    </trkpt>
    <trkpt lat="45.687367" lon="15.334795">
        <ele>324.8</ele>
    </trkpt>
    <trkpt lat="45.687095" lon="15.334487">
        <ele>323.0</ele>
    </trkpt>
    <trkpt lat="45.687012" lon="15.334345">
        <ele>322.0</ele>
    </trkpt>
    <trkpt lat="45.686949" lon="15.334192">
        <ele>321.3</ele>
    </trkpt>
    <trkpt lat="45.686932" lon="15.333993">
        <ele>320.3</ele>
    </trkpt>
    <trkpt lat="45.686934" lon="15.333773">
        <ele>319.3</ele>
    </trkpt>
    <trkpt lat="45.68696" lon="15.333545">
        <ele>318.8</ele>
    </trkpt>
    <trkpt lat="45.686997" lon="15.333347">
        <ele>318.3</ele>
    </trkpt>
    <trkpt lat="45.687061" lon="15.333073">
        <ele>318.5</ele>
    </trkpt>
    <trkpt lat="45.687127" lon="15.332915">
        <ele>319.0</ele>
    </trkpt>
    <trkpt lat="45.687249" lon="15.332714">
        <ele>320.3</ele>
    </trkpt>
    <trkpt lat="45.687316" lon="15.332558">
        <ele>321.0</ele>
    </trkpt>
    <trkpt lat="45.687355" lon="15.332325">
        <ele>322.3</ele>
    </trkpt>
    <trkpt lat="45.687367" lon="15.331925">
        <ele>323.8</ele>
    </trkpt>
    <trkpt lat="45.68735" lon="15.331625">
        <ele>325.0</ele>
    </trkpt>
    <trkpt lat="45.687307" lon="15.331464">
        <ele>326.0</ele>
    </trkpt>
    <trkpt lat="45.687239" lon="15.331371">
        <ele>326.5</ele>
    </trkpt>
    <trkpt lat="45.687123" lon="15.331258">
        <ele>327.0</ele>
    </trkpt>
    <trkpt lat="45.687004" lon="15.33115">
        <ele>327.5</ele>
    </trkpt>
    <trkpt lat="45.687123" lon="15.331258">
        <ele>327.0</ele>
    </trkpt>
    <trkpt lat="45.687057" lon="15.331279">
        <ele>326.5</ele>
    </trkpt>
    <trkpt lat="45.686905" lon="15.331243">
        <ele>326.0</ele>
    </trkpt>
    <trkpt lat="45.686127" lon="15.330988">
        <ele>329.3</ele>
    </trkpt>
    <trkpt lat="45.68595" lon="15.330973">
        <ele>329.8</ele>
    </trkpt>
    <trkpt lat="45.685596" lon="15.330987">
        <ele>329.8</ele>
    </trkpt>
    <trkpt lat="45.685498" lon="15.330964">
        <ele>329.8</ele>
    </trkpt>
    <trkpt lat="45.685446" lon="15.330931">
        <ele>330.0</ele>
    </trkpt>
    <trkpt lat="45.684944" lon="15.330424">
        <ele>331.5</ele>
    </trkpt>
    <trkpt lat="45.684826" lon="15.330359">
        <ele>330.8</ele>
    </trkpt>
    <trkpt lat="45.684743" lon="15.330327">
        <ele>330.3</ele>
    </trkpt>
    <trkpt lat="45.684539" lon="15.330281">
        <ele>328.8</ele>
    </trkpt>
    <trkpt lat="45.684399" lon="15.330228">
        <ele>328.0</ele>
    </trkpt>
    <trkpt lat="45.684168" lon="15.330123">
        <ele>326.5</ele>
    </trkpt>
    <trkpt lat="45.684065" lon="15.330103">
        <ele>326.5</ele>
    </trkpt>
    <trkpt lat="45.683672" lon="15.330139">
        <ele>327.0</ele>
    </trkpt>
    <trkpt lat="45.68359" lon="15.330133">
        <ele>327.0</ele>
    </trkpt>
    <trkpt lat="45.683336" lon="15.330056">
        <ele>327.0</ele>
    </trkpt>
    <trkpt lat="45.683161" lon="15.33003">
        <ele>326.3</ele>
    </trkpt>
    <trkpt lat="45.682648" lon="15.329981">
        <ele>323.5</ele>
    </trkpt>
    <trkpt lat="45.681999" lon="15.329931">
        <ele>320.8</ele>
    </trkpt>
    <trkpt lat="45.681726" lon="15.329938">
        <ele>319.5</ele>
    </trkpt>
    <trkpt lat="45.681637" lon="15.329983">
        <ele>319.0</ele>
    </trkpt>
    <trkpt lat="45.681572" lon="15.33004">
        <ele>319.0</ele>
    </trkpt>
    <trkpt lat="45.681496" lon="15.330137">
        <ele>318.8</ele>
    </trkpt>
    <trkpt lat="45.681376" lon="15.330378">
        <ele>317.0</ele>
    </trkpt>
    <trkpt lat="45.68123" lon="15.330632">
        <ele>314.3</ele>
    </trkpt>
    <trkpt lat="45.681009" lon="15.330887">
        <ele>309.8</ele>
    </trkpt>
    <trkpt lat="45.680875" lon="15.330987">
        <ele>307.3</ele>
    </trkpt>
    <trkpt lat="45.680698" lon="15.331088">
        <ele>305.0</ele>
    </trkpt>
    <trkpt lat="45.680536" lon="15.331155">
        <ele>303.3</ele>
    </trkpt>
    <trkpt lat="45.680006" lon="15.33133">
        <ele>295.5</ele>
    </trkpt>
    <trkpt lat="45.679935" lon="15.33135">
        <ele>295.3</ele>
    </trkpt>
    <trkpt lat="45.679787" lon="15.331336">
        <ele>296.5</ele>
    </trkpt>
    <trkpt lat="45.680025" lon="15.331424">
        <ele>292.8</ele>
    </trkpt>
    <trkpt lat="45.680096" lon="15.331421">
        <ele>293.5</ele>
    </trkpt>
    <trkpt lat="45.680124" lon="15.331442">
        <ele>293.3</ele>
    </trkpt>
    <trkpt lat="45.680149" lon="15.331509">
        <ele>291.5</ele>
    </trkpt>
    <trkpt lat="45.680173" lon="15.331539">
        <ele>291.0</ele>
    </trkpt>
    <trkpt lat="45.68028" lon="15.331614">
        <ele>290.5</ele>
    </trkpt>
    <trkpt lat="45.680347" lon="15.331644">
        <ele>290.8</ele>
    </trkpt>
    <trkpt lat="45.68042" lon="15.33166">
        <ele>291.5</ele>
    </trkpt>
    <trkpt lat="45.680467" lon="15.331692">
        <ele>292.3</ele>
    </trkpt>
    <trkpt lat="45.680497" lon="15.331748">
        <ele>292.5</ele>
    </trkpt>
    <trkpt lat="45.680525" lon="15.33188">
        <ele>293.0</ele>
    </trkpt>
    <trkpt lat="45.680525" lon="15.332065">
        <ele>293.3</ele>
    </trkpt>
    <trkpt lat="45.680516" lon="15.332172">
        <ele>293.0</ele>
    </trkpt>
    <trkpt lat="45.680469" lon="15.332392">
        <ele>292.0</ele>
    </trkpt>
    <trkpt lat="45.680454" lon="15.332574">
        <ele>292.0</ele>
    </trkpt>
    <trkpt lat="45.680454" lon="15.332703">
        <ele>292.8</ele>
    </trkpt>
    <trkpt lat="45.680492" lon="15.33292">
        <ele>294.8</ele>
    </trkpt>
    <trkpt lat="45.680493" lon="15.333044">
        <ele>295.3</ele>
    </trkpt>
    <trkpt lat="45.680527" lon="15.333266">
        <ele>296.8</ele>
    </trkpt>
    <trkpt lat="45.680589" lon="15.333451">
        <ele>297.8</ele>
    </trkpt>
    <trkpt lat="45.680617" lon="15.333634">
        <ele>298.5</ele>
    </trkpt>
    <trkpt lat="45.680636" lon="15.333843">
        <ele>299.3</ele>
    </trkpt>
    <trkpt lat="45.680673" lon="15.333956">
        <ele>299.5</ele>
    </trkpt>
    <trkpt lat="45.680729" lon="15.334098">
        <ele>299.8</ele>
    </trkpt>
    <trkpt lat="45.680799" lon="15.334328">
        <ele>300.0</ele>
    </trkpt>
    <trkpt lat="45.680825" lon="15.334438">
        <ele>300.0</ele>
    </trkpt>
    <trkpt lat="45.680849" lon="15.33461">
        <ele>300.0</ele>
    </trkpt>
    <trkpt lat="45.680902" lon="15.335227">
        <ele>301.0</ele>
    </trkpt>
    <trkpt lat="45.680874" lon="15.335299">
        <ele>301.3</ele>
    </trkpt>
    <trkpt lat="45.680763" lon="15.33567">
        <ele>303.0</ele>
    </trkpt>
    <trkpt lat="45.680711" lon="15.335806">
        <ele>303.5</ele>
    </trkpt>
    <trkpt lat="45.680666" lon="15.335978">
        <ele>303.5</ele>
    </trkpt>
    <trkpt lat="45.68063" lon="15.336171">
        <ele>303.3</ele>
    </trkpt>
    <trkpt lat="45.680576" lon="15.33659">
        <ele>302.8</ele>
    </trkpt>
    <trkpt lat="45.680525" lon="15.336847">
        <ele>301.0</ele>
    </trkpt>
    <trkpt lat="45.680463" lon="15.33707">
        <ele>299.0</ele>
    </trkpt>
    <trkpt lat="45.680445" lon="15.337295">
        <ele>297.0</ele>
    </trkpt>
    <trkpt lat="45.680462" lon="15.337472">
        <ele>295.8</ele>
    </trkpt>
    <trkpt lat="45.680455" lon="15.337539">
        <ele>295.3</ele>
    </trkpt>
    <trkpt lat="45.68045" lon="15.337587">
        <ele>295.0</ele>
    </trkpt>
    <trkpt lat="45.680405" lon="15.337668">
        <ele>294.0</ele>
    </trkpt>
    <trkpt lat="45.680338" lon="15.337762">
        <ele>293.3</ele>
    </trkpt>
    <trkpt lat="45.680224" lon="15.337861">
        <ele>292.0</ele>
    </trkpt>
    <trkpt lat="45.680081" lon="15.337931">
        <ele>290.8</ele>
    </trkpt>
    <trkpt lat="45.679986" lon="15.337955">
        <ele>290.0</ele>
    </trkpt>
    <trkpt lat="45.679892" lon="15.337968">
        <ele>290.3</ele>
    </trkpt>
    <trkpt lat="45.679594" lon="15.337982">
        <ele>291.0</ele>
    </trkpt>
    <trkpt lat="45.67954" lon="15.338022">
        <ele>291.0</ele>
    </trkpt>
    <trkpt lat="45.679506" lon="15.338062">
        <ele>290.8</ele>
    </trkpt>
    <trkpt lat="45.679474" lon="15.338126">
        <ele>290.5</ele>
    </trkpt>
    <trkpt lat="45.67938" lon="15.338446">
        <ele>289.5</ele>
    </trkpt>
    <trkpt lat="45.679249" lon="15.338982">
        <ele>288.3</ele>
    </trkpt>
    <trkpt lat="45.679217" lon="15.339025">
        <ele>288.3</ele>
    </trkpt>
    <trkpt lat="45.679101" lon="15.339095">
        <ele>288.0</ele>
    </trkpt>
    <trkpt lat="45.679063" lon="15.339173">
        <ele>287.8</ele>
    </trkpt>
    <trkpt lat="45.679047" lon="15.339285">
        <ele>287.5</ele>
    </trkpt>
    <trkpt lat="45.679024" lon="15.339567">
        <ele>287.0</ele>
    </trkpt>
    <trkpt lat="45.678981" lon="15.339701">
        <ele>286.5</ele>
    </trkpt>
    <trkpt lat="45.678962" lon="15.339733">
        <ele>286.3</ele>
    </trkpt>
    <trkpt lat="45.678869" lon="15.339736">
        <ele>285.8</ele>
    </trkpt>
    <trkpt lat="45.67879" lon="15.339755">
        <ele>285.5</ele>
    </trkpt>
    <trkpt lat="45.678728" lon="15.339752">
        <ele>285.3</ele>
    </trkpt>
    <trkpt lat="45.678633" lon="15.339741">
        <ele>284.8</ele>
    </trkpt>
    <trkpt lat="45.678456" lon="15.339704">
        <ele>284.3</ele>
    </trkpt>
    <trkpt lat="45.678335" lon="15.339701">
        <ele>283.8</ele>
    </trkpt>
    <trkpt lat="45.678271" lon="15.339728">
        <ele>283.3</ele>
    </trkpt>
    <trkpt lat="45.678044" lon="15.339937">
        <ele>281.5</ele>
    </trkpt>
    <trkpt lat="45.677924" lon="15.340001">
        <ele>281.0</ele>
    </trkpt>
    <trkpt lat="45.677765" lon="15.340025">
        <ele>280.5</ele>
    </trkpt>
    <trkpt lat="45.677716" lon="15.340052">
        <ele>280.3</ele>
    </trkpt>
    <trkpt lat="45.677682" lon="15.340093">
        <ele>280.0</ele>
    </trkpt>
    <trkpt lat="45.677637" lon="15.340189">
        <ele>279.8</ele>
    </trkpt>
    <trkpt lat="45.677555" lon="15.34046">
        <ele>278.8</ele>
    </trkpt>
    <trkpt lat="45.677527" lon="15.34053">
        <ele>278.8</ele>
    </trkpt>
    <trkpt lat="45.677428" lon="15.340648">
        <ele>277.5</ele>
    </trkpt>
    <trkpt lat="45.677338" lon="15.340862">
        <ele>276.3</ele>
    </trkpt>
    <trkpt lat="45.677311" lon="15.340959">
        <ele>276.0</ele>
    </trkpt>
    <trkpt lat="45.677289" lon="15.341149">
        <ele>275.5</ele>
    </trkpt>
    <trkpt lat="45.677276" lon="15.341208">
        <ele>275.3</ele>
    </trkpt>
    <trkpt lat="45.677251" lon="15.341267">
        <ele>275.0</ele>
    </trkpt>
    <trkpt lat="45.677208" lon="15.34132">
        <ele>274.5</ele>
    </trkpt>
    <trkpt lat="45.677155" lon="15.341348">
        <ele>273.8</ele>
    </trkpt>
    <trkpt lat="45.677056" lon="15.341388">
        <ele>272.5</ele>
    </trkpt>
    <trkpt lat="45.676999" lon="15.341389">
        <ele>271.8</ele>
    </trkpt>
    <trkpt lat="45.676915" lon="15.341355">
        <ele>271.0</ele>
    </trkpt>
    <trkpt lat="45.676864" lon="15.341342">
        <ele>270.3</ele>
    </trkpt>
    <trkpt lat="45.676842" lon="15.341346">
        <ele>270.0</ele>
    </trkpt>
    <trkpt lat="45.676827" lon="15.341349">
        <ele>270.0</ele>
    </trkpt>
    <trkpt lat="45.676801" lon="15.34138">
        <ele>269.5</ele>
    </trkpt>
    <trkpt lat="45.676772" lon="15.341455">
        <ele>269.0</ele>
    </trkpt>
    <trkpt lat="45.676687" lon="15.341809">
        <ele>267.0</ele>
    </trkpt>
    <trkpt lat="45.676664" lon="15.341933">
        <ele>266.5</ele>
    </trkpt>
    <trkpt lat="45.676648" lon="15.342038">
        <ele>266.3</ele>
    </trkpt>
    <trkpt lat="45.676641" lon="15.342134">
        <ele>266.0</ele>
    </trkpt>
    <trkpt lat="45.676655" lon="15.342504">
        <ele>265.8</ele>
    </trkpt>
    <trkpt lat="45.676674" lon="15.343043">
        <ele>265.3</ele>
    </trkpt>
    <trkpt lat="45.676647" lon="15.343166">
        <ele>265.0</ele>
    </trkpt>
    <trkpt lat="45.676643" lon="15.34319">
        <ele>264.8</ele>
    </trkpt>
    <trkpt lat="45.676639" lon="15.343258">
        <ele>264.8</ele>
    </trkpt>
    <trkpt lat="45.676645" lon="15.343371">
        <ele>264.8</ele>
    </trkpt>
    <trkpt lat="45.676658" lon="15.343549">
        <ele>264.8</ele>
    </trkpt>
    <trkpt lat="45.676654" lon="15.343602">
        <ele>264.8</ele>
    </trkpt>
    <trkpt lat="45.676639" lon="15.343655">
        <ele>264.8</ele>
    </trkpt>
    <trkpt lat="45.676582" lon="15.343744">
        <ele>264.3</ele>
    </trkpt>
    <trkpt lat="45.676516" lon="15.343821">
        <ele>264.0</ele>
    </trkpt>
    <trkpt lat="45.676453" lon="15.343887">
        <ele>263.5</ele>
    </trkpt>
    <trkpt lat="45.676098" lon="15.3441">
        <ele>262.0</ele>
    </trkpt>
    <trkpt lat="45.675957" lon="15.344135">
        <ele>261.3</ele>
    </trkpt>
    <trkpt lat="45.675872" lon="15.344135">
        <ele>261.0</ele>
    </trkpt>
    <trkpt lat="45.675829" lon="15.344068">
        <ele>260.5</ele>
    </trkpt>
    <trkpt lat="45.675727" lon="15.34394">
        <ele>259.0</ele>
    </trkpt>
    <trkpt lat="45.675546" lon="15.343719">
        <ele>257.0</ele>
    </trkpt>
    <trkpt lat="45.675469" lon="15.343587">
        <ele>256.0</ele>
    </trkpt>
    <trkpt lat="45.675447" lon="15.34351">
        <ele>255.8</ele>
    </trkpt>
    <trkpt lat="45.675438" lon="15.343405">
        <ele>255.5</ele>
    </trkpt>
    <trkpt lat="45.675439" lon="15.343329">
        <ele>255.5</ele>
    </trkpt>
    <trkpt lat="45.675483" lon="15.342794">
        <ele>254.8</ele>
    </trkpt>
    <trkpt lat="45.67549" lon="15.342694">
        <ele>254.8</ele>
    </trkpt>
    <trkpt lat="45.675492" lon="15.342492">
        <ele>254.5</ele>
    </trkpt>
    <trkpt lat="45.675492" lon="15.34245">
        <ele>254.3</ele>
    </trkpt>
    <trkpt lat="45.675514" lon="15.342179">
        <ele>253.3</ele>
    </trkpt>
    <trkpt lat="45.675516" lon="15.342045">
        <ele>252.8</ele>
    </trkpt>
    <trkpt lat="45.675496" lon="15.341887">
        <ele>252.0</ele>
    </trkpt>
    <trkpt lat="45.675482" lon="15.341854">
        <ele>251.5</ele>
    </trkpt>
    <trkpt lat="45.67522682" lon="15.34194187">
        <ele>250.0</ele>
    </trkpt>
    <trkpt lat="45.67516384" lon="15.34194148">
        <ele>250.0</ele>
    </trkpt>
    <trkpt lat="45.67510531" lon="15.34195396">
        <ele>250.0</ele>
    </trkpt>
    <trkpt lat="45.67503778" lon="15.34196638">
        <ele>250.0</ele>
    </trkpt>
    <trkpt lat="45.67497024" lon="15.34198522">
        <ele>250.0</ele>
    </trkpt>
    <trkpt lat="45.67492523" lon="15.34199137">
        <ele>244.8</ele>
    </trkpt>
    <trkpt lat="45.67488022" lon="15.34199751">
        <ele>244.8</ele>
    </trkpt>
    <trkpt lat="45.6748037" lon="15.34200987">
        <ele>244.8</ele>
    </trkpt>
    <trkpt lat="45.67473164" lon="15.3420351">
        <ele>240.0</ele>
    </trkpt>
    <trkpt lat="45.67466409" lon="15.34205394">
        <ele>240.0</ele>
    </trkpt>
    <trkpt lat="45.67459653" lon="15.3420792">
        <ele>240.0</ele>
    </trkpt>
    <trkpt lat="45.67452449" lon="15.34209801">
        <ele>240.0</ele>
    </trkpt>
    <trkpt lat="45.67444793" lon="15.34212322">
        <ele>240.0</ele>
    </trkpt>
    <trkpt lat="45.67436687" lon="15.34214839">
        <ele>240.0</ele>
    </trkpt>
    <trkpt lat="45.67428583" lon="15.34216715">
        <ele>235.8</ele>
    </trkpt>
    <trkpt lat="45.67421378" lon="15.34218596">
        <ele>235.8</ele>
    </trkpt>
    <trkpt lat="45.67414622" lon="15.34221122">
        <ele>235.8</ele>
    </trkpt>
    <trkpt lat="45.67408318" lon="15.34223009">
        <ele>235.8</ele>
    </trkpt>
    <trkpt lat="45.67402013" lon="15.34224895">
        <ele>230.0</ele>
    </trkpt>
    <trkpt lat="45.67396162" lon="15.34225501">
        <ele>230.0</ele>
    </trkpt>
    <trkpt lat="45.67389864" lon="15.34225463">
        <ele>230.0</ele>
    </trkpt>
    <trkpt lat="45.67383567" lon="15.34224782">
        <ele>230.0</ele>
    </trkpt>
    <trkpt lat="45.67363711" lon="15.34244556">
        <ele>230.0</ele>
    </trkpt>
    <trkpt lat="45.67357843" lon="15.34250937">
        <ele>226.3</ele>
    </trkpt>
    <trkpt lat="45.67352427" lon="15.3425668">
        <ele>226.3</ele>
    </trkpt>
    <trkpt lat="45.67347011" lon="15.34262423">
        <ele>226.3</ele>
    </trkpt>
    <trkpt lat="45.67341594" lon="15.34268166">
        <ele>226.3</ele>
    </trkpt>
    <trkpt lat="45.67336178" lon="15.34273908">
        <ele>220.0</ele>
    </trkpt>
    <trkpt lat="45.67330764" lon="15.34279009">
        <ele>230.0</ele>
    </trkpt>
    <trkpt lat="45.6732535" lon="15.3428411">
        <ele>230.0</ele>
    </trkpt>
    <trkpt lat="45.67319935" lon="15.34289211">
        <ele>230.0</ele>
    </trkpt>
    <trkpt lat="45.67314071" lon="15.34294309">
        <ele>220.0</ele>
    </trkpt>
    <trkpt lat="45.67308207" lon="15.34299407">
        <ele>220.0</ele>
    </trkpt>
    <trkpt lat="45.67302344" lon="15.34303864">
        <ele>220.0</ele>
    </trkpt>
    <trkpt lat="45.6729603" lon="15.34308959">
        <ele>220.0</ele>
    </trkpt>
    <trkpt lat="45.67289266" lon="15.34314052">
        <ele>220.0</ele>
    </trkpt>
    <trkpt lat="45.67282502" lon="15.34319144">
        <ele>220.0</ele>
    </trkpt>
    <trkpt lat="45.67275286" lon="15.34324876">
        <ele>220.0</ele>
    </trkpt>
    <trkpt lat="45.6726807" lon="15.34330607">
        <ele>210.0</ele>
    </trkpt>
    <trkpt lat="45.67263112" lon="15.34333786">
        <ele>210.0</ele>
    </trkpt>
    <trkpt lat="45.67258603" lon="15.34336967">
        <ele>210.0</ele>
    </trkpt>
    <trkpt lat="45.67254094" lon="15.34340148">
        <ele>220.0</ele>
    </trkpt>
    <trkpt lat="45.67249587" lon="15.34342687">
        <ele>220.0</ele>
    </trkpt>
    <trkpt lat="45.67245528" lon="15.34345871">
        <ele>220.0</ele>
    </trkpt>
    <trkpt lat="45.6724102" lon="15.34349052">
        <ele>220.0</ele>
    </trkpt>
    <trkpt lat="45.67232906" lon="15.34354136">
        <ele>220.0</ele>
    </trkpt>
    <trkpt lat="45.6722524" lon="15.34359865">
        <ele>210.0</ele>
    </trkpt>
    <trkpt lat="45.67217576" lon="15.34364952">
        <ele>210.0</ele>
    </trkpt>
    <trkpt lat="45.67210362" lon="15.34370042">
        <ele>210.0</ele>
    </trkpt>
    <trkpt lat="45.67203146" lon="15.34375773">
        <ele>210.0</ele>
    </trkpt>
    <trkpt lat="45.67195932" lon="15.34380863">
        <ele>210.0</ele>
    </trkpt>
    <trkpt lat="45.67188716" lon="15.34386594">
        <ele>210.0</ele>
    </trkpt>
    <trkpt lat="45.671815" lon="15.34392325">
        <ele>210.0</ele>
    </trkpt>
    <trkpt lat="45.67174282" lon="15.34398698">
        <ele>210.0</ele>
    </trkpt>
    <trkpt lat="45.67166615" lon="15.34405069">
        <ele>210.0</ele>
    </trkpt>
    <trkpt lat="45.67162554" lon="15.34408894">
        <ele>210.0</ele>
    </trkpt>
    <trkpt lat="45.67158495" lon="15.34412078">
        <ele>210.0</ele>
    </trkpt>
    <trkpt lat="45.67154434" lon="15.34415903">
        <ele>210.0</ele>
    </trkpt>
    <trkpt lat="45.67150373" lon="15.34419729">
        <ele>210.0</ele>
    </trkpt>
    <trkpt lat="45.67146311" lon="15.34424196">
        <ele>210.0</ele>
    </trkpt>
    <trkpt lat="45.67142248" lon="15.34428663">
        <ele>210.0</ele>
    </trkpt>
    <trkpt lat="45.67138189" lon="15.34431847">
        <ele>210.0</ele>
    </trkpt>
    <trkpt lat="45.67134578" lon="15.34435675">
        <ele>205.0</ele>
    </trkpt>
    <trkpt lat="45.67127358" lon="15.3444269">
        <ele>205.0</ele>
    </trkpt>
    <trkpt lat="45.67120138" lon="15.34449705">
        <ele>205.0</ele>
    </trkpt>
    <trkpt lat="45.6711382" lon="15.34456083">
        <ele>205.0</ele>
    </trkpt>
    <trkpt lat="45.67107504" lon="15.3446182">
        <ele>200.0</ele>
    </trkpt>
    <trkpt lat="45.67101188" lon="15.34467557">
        <ele>200.0</ele>
    </trkpt>
    <trkpt lat="45.67094872" lon="15.34473293">
        <ele>200.0</ele>
    </trkpt>
    <trkpt lat="45.67089006" lon="15.34479033">
        <ele>197.7</ele>
    </trkpt>
    <trkpt lat="45.67082691" lon="15.34484128">
        <ele>197.7</ele>
    </trkpt>
    <trkpt lat="45.67076377" lon="15.34489223">
        <ele>197.7</ele>
    </trkpt>
    <trkpt lat="45.67070061" lon="15.3449496">
        <ele>197.7</ele>
    </trkpt>
    <trkpt lat="45.67063747" lon="15.34500054">
        <ele>195.0</ele>
    </trkpt>
    <trkpt lat="45.67056531" lon="15.34505786">
        <ele>195.0</ele>
    </trkpt>
    <trkpt lat="45.67049315" lon="15.34511517">
        <ele>195.0</ele>
    </trkpt>
    <trkpt lat="45.67041649" lon="15.34517245">
        <ele>190.0</ele>
    </trkpt>
    <trkpt lat="45.67033981" lon="15.34523615">
        <ele>190.0</ele>
    </trkpt>
    <trkpt lat="45.67025867" lon="15.34528699">
        <ele>190.0</ele>
    </trkpt>
    <trkpt lat="45.67018203" lon="15.34533785">
        <ele>190.0</ele>
    </trkpt>
    <trkpt lat="45.67010541" lon="15.3453823">
        <ele>190.0</ele>
    </trkpt>
    <trkpt lat="45.67003779" lon="15.3454268">
        <ele>190.0</ele>
    </trkpt>
    <trkpt lat="45.66996569" lon="15.34546486">
        <ele>187.2</ele>
    </trkpt>
    <trkpt lat="45.66989808" lon="15.34550295">
        <ele>187.2</ele>
    </trkpt>
    <trkpt lat="45.669835" lon="15.34553464">
        <ele>187.2</ele>
    </trkpt>
    <trkpt lat="45.66976742" lon="15.34556631">
        <ele>185.0</ele>
    </trkpt>
    <trkpt lat="45.66969983" lon="15.34559798">
        <ele>185.0</ele>
    </trkpt>
    <trkpt lat="45.66963677" lon="15.34562326">
        <ele>185.0</ele>
    </trkpt>
    <trkpt lat="45.66956918" lon="15.34565493">
        <ele>185.0</ele>
    </trkpt>
    <trkpt lat="45.6695016" lon="15.3456866">
        <ele>185.0</ele>
    </trkpt>
    <trkpt lat="45.66943402" lon="15.34571826">
        <ele>185.0</ele>
    </trkpt>
    <trkpt lat="45.66936193" lon="15.3457499">
        <ele>185.0</ele>
    </trkpt>
    <trkpt lat="45.66928983" lon="15.34578796">
        <ele>185.0</ele>
    </trkpt>
    <trkpt lat="45.66921321" lon="15.34583241">
        <ele>185.0</ele>
    </trkpt>
    <trkpt lat="45.66899804" lon="15.34557439">
        <ele>185.0</ele>
    </trkpt>
    <trkpt lat="45.66896226" lon="15.34550358">
        <ele>185.0</ele>
    </trkpt>
    <trkpt lat="45.66893096" lon="15.34543921">
        <ele>185.0</ele>
    </trkpt>
    <trkpt lat="45.66889968" lon="15.34536843">
        <ele>185.0</ele>
    </trkpt>
    <trkpt lat="45.66886839" lon="15.34530406">
        <ele>185.0</ele>
    </trkpt>
    <trkpt lat="45.66883261" lon="15.34523325">
        <ele>185.0</ele>
    </trkpt>
    <trkpt lat="45.66879685" lon="15.34515602">
        <ele>185.0</ele>
    </trkpt>
    <trkpt lat="45.66875657" lon="15.34508519">
        <ele>185.0</ele>
    </trkpt>
    <trkpt lat="45.6687118" lon="15.34501432">
        <ele>185.0</ele>
    </trkpt>
    <trkpt lat="45.66866252" lon="15.34494343">
        <ele>185.0</ele>
    </trkpt>
    <trkpt lat="45.66861773" lon="15.34487898">
        <ele>185.0</ele>
    </trkpt>
    <trkpt lat="45.66856839" lon="15.34482734">
        <ele>185.0</ele>
    </trkpt>
    <trkpt lat="45.66851902" lon="15.34478853">
        <ele>185.0</ele>
    </trkpt>
    <trkpt lat="45.66846965" lon="15.34474972">
        <ele>185.0</ele>
    </trkpt>
    <trkpt lat="45.66842024" lon="15.34472375">
        <ele>185.0</ele>
    </trkpt>
    <trkpt lat="45.66836632" lon="15.34469775">
        <ele>185.0</ele>
    </trkpt>
    <trkpt lat="45.66831239" lon="15.34467816">
        <ele>185.0</ele>
    </trkpt>
    <trkpt lat="45.66825844" lon="15.34466499">
        <ele>185.0</ele>
    </trkpt>
    <trkpt lat="45.66820448" lon="15.34465824">
        <ele>185.0</ele>
    </trkpt>
    <trkpt lat="45.66814601" lon="15.34465147">
        <ele>185.0</ele>
    </trkpt>
    <trkpt lat="45.66808752" lon="15.34465111">
        <ele>185.0</ele>
    </trkpt>
    <trkpt lat="45.66802455" lon="15.3446443">
        <ele>185.0</ele>
    </trkpt>
    <trkpt lat="45.66796157" lon="15.34464391">
        <ele>185.0</ele>
    </trkpt>
    <trkpt lat="45.66789408" lon="15.34464349">
        <ele>185.0</ele>
    </trkpt>
    <trkpt lat="45.66783107" lon="15.34464952">
        <ele>185.0</ele>
    </trkpt>
    <trkpt lat="45.66775011" lon="15.34464261">
        <ele>185.0</ele>
    </trkpt>
    <trkpt lat="45.66767369" lon="15.34462288">
        <ele>185.0</ele>
    </trkpt>
    <trkpt lat="45.66760626" lon="15.34460322">
        <ele>185.0</ele>
    </trkpt>
    <trkpt lat="45.66754337" lon="15.34457074">
        <ele>185.0</ele>
    </trkpt>
    <trkpt lat="45.66748498" lon="15.3445383">
        <ele>185.0</ele>
    </trkpt>
    <trkpt lat="45.66742663" lon="15.34449302">
        <ele>185.0</ele>
    </trkpt>
    <trkpt lat="45.66737279" lon="15.34444135">
        <ele>185.0</ele>
    </trkpt>
    <trkpt lat="45.66731896" lon="15.34438968">
        <ele>185.0</ele>
    </trkpt>
    <trkpt lat="45.66726967" lon="15.34432521">
        <ele>185.0</ele>
    </trkpt>
    <trkpt lat="45.66722037" lon="15.34426073">
        <ele>185.0</ele>
    </trkpt>
    <trkpt lat="45.66717108" lon="15.34419626">
        <ele>185.0</ele>
    </trkpt>
    <trkpt lat="45.66712182" lon="15.34411895">
        <ele>185.0</ele>
    </trkpt>
    <trkpt lat="45.66706804" lon="15.34404803">
        <ele>184.6</ele>
    </trkpt>
    <trkpt lat="45.66701879" lon="15.34397073">
        <ele>185.0</ele>
    </trkpt>
    <trkpt lat="45.66696055" lon="15.34388695">
        <ele>185.0</ele>
    </trkpt>
    <trkpt lat="45.6669068" lon="15.34380961">
        <ele>185.0</ele>
    </trkpt>
    <trkpt lat="45.66685723" lon="15.34383498">
        <ele>185.0</ele>
    </trkpt>
    <trkpt lat="45.66680766" lon="15.34386034">
        <ele>185.0</ele>
    </trkpt>
    <trkpt lat="45.6667626" lon="15.34388573">
        <ele>185.0</ele>
    </trkpt>
    <trkpt lat="45.66671305" lon="15.34390467">
        <ele>185.0</ele>
    </trkpt>
    <trkpt lat="45.66665902" lon="15.34391718">
        <ele>185.0</ele>
    </trkpt>
    <trkpt lat="45.66660499" lon="15.34392968">
        <ele>185.0</ele>
    </trkpt>
    <trkpt lat="45.66654649" lon="15.34393573">
        <ele>185.0</ele>
    </trkpt>
    <trkpt lat="45.66648348" lon="15.34394176">
        <ele>185.0</ele>
    </trkpt>
    <trkpt lat="45.66642949" lon="15.34394143">
        <ele>185.0</ele>
    </trkpt>
    <trkpt lat="45.66638" lon="15.34394113">
        <ele>180.0</ele>
    </trkpt>
    <trkpt lat="45.66633051" lon="15.34394082">
        <ele>180.0</ele>
    </trkpt>
    <trkpt lat="45.6662855" lon="15.34394696">
        <ele>180.0</ele>
    </trkpt>
    <trkpt lat="45.66624051" lon="15.34394668">
        <ele>180.0</ele>
    </trkpt>
    <trkpt lat="45.6661955" lon="15.34395282">
        <ele>180.0</ele>
    </trkpt>
    <trkpt lat="45.66610998" lon="15.34396513">
        <ele>180.0</ele>
    </trkpt>
    <trkpt lat="45.66602894" lon="15.34398388">
        <ele>180.0</ele>
    </trkpt>
    <trkpt lat="45.6659479" lon="15.34400263">
        <ele>180.0</ele>
    </trkpt>
    <trkpt lat="45.66587134" lon="15.34402783">
        <ele>180.0</ele>
    </trkpt>
    <trkpt lat="45.66579478" lon="15.34405303">
        <ele>180.0</ele>
    </trkpt>
    <trkpt lat="45.66572271" lon="15.34407825">
        <ele>180.0</ele>
    </trkpt>
    <trkpt lat="45.66564613" lon="15.34410986">
        <ele>180.0</ele>
    </trkpt>
    <trkpt lat="45.66556505" lon="15.34414145">
        <ele>180.0</ele>
    </trkpt>
    <trkpt lat="45.66548847" lon="15.34417306">
        <ele>180.0</ele>
    </trkpt>
    <trkpt lat="45.66540737" lon="15.34421106">
        <ele>180.0</ele>
    </trkpt>
    <trkpt lat="45.66532177" lon="15.34424903">
        <ele>180.0</ele>
    </trkpt>
    <trkpt lat="45.6652767" lon="15.34427442">
        <ele>179.8</ele>
    </trkpt>
    <trkpt lat="45.66523166" lon="15.3442934">
        <ele>179.8</ele>
    </trkpt>
    <trkpt lat="45.66518211" lon="15.34431234">
        <ele>180.0</ele>
    </trkpt>
    <trkpt lat="45.66513704" lon="15.34433773">
        <ele>180.0</ele>
    </trkpt>
    <trkpt lat="45.66505596" lon="15.34436931">
        <ele>179.6</ele>
    </trkpt>
    <trkpt lat="45.66497938" lon="15.34440093">
        <ele>179.6</ele>
    </trkpt>
    <trkpt lat="45.6649073" lon="15.34443257">
        <ele>179.6</ele>
    </trkpt>
    <trkpt lat="45.66483971" lon="15.34446423">
        <ele>179.6</ele>
    </trkpt>
    <trkpt lat="45.66477213" lon="15.3444959">
        <ele>179.6</ele>
    </trkpt>
    <trkpt lat="45.66470905" lon="15.34452759">
        <ele>179.6</ele>
    </trkpt>
    <trkpt lat="45.66464598" lon="15.34455287">
        <ele>179.6</ele>
    </trkpt>
    <trkpt lat="45.6645874" lon="15.34458459">
        <ele>180.0</ele>
    </trkpt>
    <trkpt lat="45.66452431" lon="15.34461629">
        <ele>180.0</ele>
    </trkpt>
    <trkpt lat="45.66446123" lon="15.34464798">
        <ele>177.1</ele>
    </trkpt>
    <trkpt lat="45.66439815" lon="15.34467968">
        <ele>177.1</ele>
    </trkpt>
    <trkpt lat="45.66433058" lon="15.34470493">
        <ele>177.0</ele>
    </trkpt>
    <trkpt lat="45.664263" lon="15.34473659">
        <ele>177.0</ele>
    </trkpt>
    <trkpt lat="45.66419092" lon="15.34476823">
        <ele>177.0</ele>
    </trkpt>
    <trkpt lat="45.66411434" lon="15.34479984">
        <ele>177.2</ele>
    </trkpt>
    <trkpt lat="45.66403775" lon="15.34483145">
        <ele>177.2</ele>
    </trkpt>
    <trkpt lat="45.66366488" lon="15.34464949">
        <ele>175.0</ele>
    </trkpt>
    <trkpt lat="45.66363808" lon="15.34458516">
        <ele>176.2</ele>
    </trkpt>
    <trkpt lat="45.66361576" lon="15.34452727">
        <ele>176.2</ele>
    </trkpt>
    <trkpt lat="45.66358892" lon="15.34447577">
        <ele>176.2</ele>
    </trkpt>
    <trkpt lat="45.6635666" lon="15.34441788">
        <ele>176.2</ele>
    </trkpt>
    <trkpt lat="45.66351742" lon="15.34431491">
        <ele>176.2</ele>
    </trkpt>
    <trkpt lat="45.66346824" lon="15.34421195">
        <ele>175.0</ele>
    </trkpt>
    <trkpt lat="45.66342358" lon="15.34410259">
        <ele>175.0</ele>
    </trkpt>
    <trkpt lat="45.66340126" lon="15.3440447">
        <ele>175.0</ele>
    </trkpt>
    <trkpt lat="45.66337894" lon="15.34398682">
        <ele>175.0</ele>
    </trkpt>
    <trkpt lat="45.66336114" lon="15.34392254">
        <ele>175.0</ele>
    </trkpt>
    <trkpt lat="45.66333884" lon="15.34385824">
        <ele>175.0</ele>
    </trkpt>
    <trkpt lat="45.66332106" lon="15.34378755">
        <ele>175.0</ele>
    </trkpt>
    <trkpt lat="45.66330777" lon="15.34371688">
        <ele>175.0</ele>
    </trkpt>
    <trkpt lat="45.66328997" lon="15.34365261">
        <ele>175.0</ele>
    </trkpt>
    <trkpt lat="45.66327667" lon="15.34358836">
        <ele>177.0</ele>
    </trkpt>
    <trkpt lat="45.66325904" lon="15.34346634">
        <ele>175.0</ele>
    </trkpt>
    <trkpt lat="45.66254095" lon="15.34287802">
        <ele>175.0</ele>
    </trkpt>
    <trkpt lat="45.66248264" lon="15.34281991">
        <ele>175.0</ele>
    </trkpt>
    <trkpt lat="45.66242879" lon="15.34277467">
        <ele>175.0</ele>
    </trkpt>
    <trkpt lat="45.66237945" lon="15.34272303">
        <ele>175.0</ele>
    </trkpt>
    <trkpt lat="45.66232562" lon="15.34267137">
        <ele>175.0</ele>
    </trkpt>
    <trkpt lat="45.66227628" lon="15.34261974">
        <ele>175.0</ele>
    </trkpt>
    <trkpt lat="45.66222693" lon="15.34257452">
        <ele>175.0</ele>
    </trkpt>
    <trkpt lat="45.6621776" lon="15.34252289">
        <ele>175.0</ele>
    </trkpt>
    <trkpt lat="45.66213274" lon="15.3424777">
        <ele>175.0</ele>
    </trkpt>
    <trkpt lat="45.66208339" lon="15.34243248">
        <ele>175.0</ele>
    </trkpt>
    <trkpt lat="45.66203853" lon="15.34238729">
        <ele>175.0</ele>
    </trkpt>
    <trkpt lat="45.66199368" lon="15.3423421">
        <ele>173.9</ele>
    </trkpt>
    <trkpt lat="45.6619443" lon="15.3423033">
        <ele>173.9</ele>
    </trkpt>
    <trkpt lat="45.66189945" lon="15.34225811">
        <ele>170.0</ele>
    </trkpt>
    <trkpt lat="45.66185457" lon="15.34221933">
        <ele>170.0</ele>
    </trkpt>
    <trkpt lat="45.66180968" lon="15.34218698">
        <ele>170.0</ele>
    </trkpt>
    <trkpt lat="45.6617648" lon="15.3421482">
        <ele>170.0</ele>
    </trkpt>
    <trkpt lat="45.66171541" lon="15.34211582">
        <ele>170.0</ele>
    </trkpt>
    <trkpt lat="45.66167052" lon="15.34208346">
        <ele>170.0</ele>
    </trkpt>
    <trkpt lat="45.66162112" lon="15.34205108">
        <ele>170.0</ele>
    </trkpt>
    <trkpt lat="45.66157621" lon="15.34202514">
        <ele>170.0</ele>
    </trkpt>
    <trkpt lat="45.66152682" lon="15.34199275">
        <ele>170.0</ele>
    </trkpt>
    <trkpt lat="45.66147739" lon="15.3419732">
        <ele>170.0</ele>
    </trkpt>
    <trkpt lat="45.66142347" lon="15.34194721">
        <ele>170.0</ele>
    </trkpt>
    <trkpt lat="45.66137404" lon="15.34192766">
        <ele>170.0</ele>
    </trkpt>
    <trkpt lat="45.66132009" lon="15.34191449">
        <ele>170.0</ele>
    </trkpt>
    <trkpt lat="45.66126616" lon="15.34189491">
        <ele>170.0</ele>
    </trkpt>
    <trkpt lat="45.66120771" lon="15.34188172">
        <ele>170.0</ele>
    </trkpt>
    <trkpt lat="45.66114924" lon="15.34187495">
        <ele>170.0</ele>
    </trkpt>
    <trkpt lat="45.66109078" lon="15.34186818">
        <ele>170.0</ele>
    </trkpt>
    <trkpt lat="45.66102781" lon="15.34186137">
        <ele>170.0</ele>
    </trkpt>
    <trkpt lat="45.66096482" lon="15.34186099">
        <ele>170.0</ele>
    </trkpt>
    <trkpt lat="45.66090182" lon="15.34186702">
        <ele>170.0</ele>
    </trkpt>
    <trkpt lat="45.66082983" lon="15.34186658">
        <ele>170.0</ele>
    </trkpt>
    <trkpt lat="45.66076233" lon="15.34187258">
        <ele>170.0</ele>
    </trkpt>
    <trkpt lat="45.66069934" lon="15.3418722">
        <ele>170.0</ele>
    </trkpt>
    <trkpt lat="45.66063633" lon="15.34187823">
        <ele>170.0</ele>
    </trkpt>
    <trkpt lat="45.66057333" lon="15.34188426">
        <ele>170.0</ele>
    </trkpt>
    <trkpt lat="45.66051482" lon="15.34189032">
        <ele>170.0</ele>
    </trkpt>
    <trkpt lat="45.66045633" lon="15.34188996">
        <ele>170.0</ele>
    </trkpt>
    <trkpt lat="45.66039783" lon="15.34189602">
        <ele>170.0</ele>
    </trkpt>
    <trkpt lat="45.66033932" lon="15.34190207">
        <ele>170.0</ele>
    </trkpt>
    <trkpt lat="45.66028083" lon="15.34190172">
        <ele>170.0</ele>
    </trkpt>
    <trkpt lat="45.66022682" lon="15.3419078">
        <ele>170.0</ele>
    </trkpt>
    <trkpt lat="45.66017283" lon="15.34190747">
        <ele>170.0</ele>
    </trkpt>
    <trkpt lat="45.66011885" lon="15.34190714">
        <ele>170.0</ele>
    </trkpt>
    <trkpt lat="45.66006486" lon="15.34190681">
        <ele>170.0</ele>
    </trkpt>
    <trkpt lat="45.66001085" lon="15.3419129">
        <ele>170.0</ele>
    </trkpt>
    <trkpt lat="45.65996138" lon="15.34190618">
        <ele>170.0</ele>
    </trkpt>
    <trkpt lat="45.65990739" lon="15.34190585">
        <ele>170.0</ele>
    </trkpt>
    <trkpt lat="45.6598534" lon="15.34190552">
        <ele>170.0</ele>
    </trkpt>
    <trkpt lat="45.65979943" lon="15.34189877">
        <ele>170.0</ele>
    </trkpt>
    <trkpt lat="45.65974546" lon="15.34189202">
        <ele>170.0</ele>
    </trkpt>
    <trkpt lat="45.65969149" lon="15.34188528">
        <ele>170.0</ele>
    </trkpt>
    <trkpt lat="45.65963752" lon="15.34187853">
        <ele>170.0</ele>
    </trkpt>
    <trkpt lat="45.65958357" lon="15.34186537">
        <ele>170.0</ele>
    </trkpt>
    <trkpt lat="45.65952962" lon="15.34185221">
        <ele>170.0</ele>
    </trkpt>
    <trkpt lat="45.65947118" lon="15.34183902">
        <ele>170.0</ele>
    </trkpt>
    <trkpt lat="45.65941724" lon="15.34181944">
        <ele>170.0</ele>
    </trkpt>
    <trkpt lat="45.6593588" lon="15.34180625">
        <ele>170.0</ele>
    </trkpt>
    <trkpt lat="45.65930037" lon="15.34178664">
        <ele>170.0</ele>
    </trkpt>
    <trkpt lat="45.65923746" lon="15.34176059">
        <ele>170.0</ele>
    </trkpt>
    <trkpt lat="45.65917455" lon="15.34173454">
        <ele>170.0</ele>
    </trkpt>
    <trkpt lat="45.65911164" lon="15.3417085">
        <ele>170.0</ele>
    </trkpt>
    <trkpt lat="45.65904873" lon="15.34168245">
        <ele>170.0</ele>
    </trkpt>
    <trkpt lat="45.65899034" lon="15.34165001">
        <ele>170.0</ele>
    </trkpt>
    <trkpt lat="45.65893193" lon="15.34162399">
        <ele>170.0</ele>
    </trkpt>
    <trkpt lat="45.65887801" lon="15.34159799">
        <ele>170.0</ele>
    </trkpt>
    <trkpt lat="45.6588241" lon="15.341572">
        <ele>170.0</ele>
    </trkpt>
    <trkpt lat="45.65877469" lon="15.34154603">
        <ele>170.0</ele>
    </trkpt>
    <trkpt lat="45.65872078" lon="15.34152004">
        <ele>170.0</ele>
    </trkpt>
    <trkpt lat="45.65867135" lon="15.34150049">
        <ele>170.0</ele>
    </trkpt>
    <trkpt lat="45.65862643" lon="15.34147455">
        <ele>170.0</ele>
    </trkpt>
    <trkpt lat="45.65857702" lon="15.34144858">
        <ele>170.0</ele>
    </trkpt>
    <trkpt lat="45.65853209" lon="15.34142906">
        <ele>170.0</ele>
    </trkpt>
    <trkpt lat="45.65848717" lon="15.34140312">
        <ele>170.0</ele>
    </trkpt>
    <trkpt lat="45.65844224" lon="15.3413836">
        <ele>170.0</ele>
    </trkpt>
    <trkpt lat="45.65839733" lon="15.34135766">
        <ele>170.0</ele>
    </trkpt>
    <trkpt lat="45.6583524" lon="15.34133814">
        <ele>170.0</ele>
    </trkpt>
    <trkpt lat="45.65830746" lon="15.34131862">
        <ele>170.0</ele>
    </trkpt>
    <trkpt lat="45.65826255" lon="15.34129268">
        <ele>170.0</ele>
    </trkpt>
    <trkpt lat="45.65821762" lon="15.34127316">
        <ele>170.0</ele>
    </trkpt>
    <trkpt lat="45.65817268" lon="15.34125363">
        <ele>170.0</ele>
    </trkpt>
    <trkpt lat="45.65812775" lon="15.34123411">
        <ele>170.0</ele>
    </trkpt>
    <trkpt lat="45.65808284" lon="15.34120817">
        <ele>170.0</ele>
    </trkpt>
    <trkpt lat="45.6580379" lon="15.34118865">
        <ele>170.0</ele>
    </trkpt>
    <trkpt lat="45.65799297" lon="15.34116913">
        <ele>170.0</ele>
    </trkpt>
    <trkpt lat="45.65794354" lon="15.34114958">
        <ele>170.0</ele>
    </trkpt>
    <trkpt lat="45.65789861" lon="15.34113006">
        <ele>170.0</ele>
    </trkpt>
    <trkpt lat="45.65784918" lon="15.34111051">
        <ele>171.7</ele>
    </trkpt>
    <trkpt lat="45.65779524" lon="15.34109093">
        <ele>171.7</ele>
    </trkpt>
    <trkpt lat="45.65774581" lon="15.34107138">
        <ele>171.7</ele>
    </trkpt>
    <trkpt lat="45.65769188" lon="15.3410518">
        <ele>171.7</ele>
    </trkpt>
    <trkpt lat="45.65763795" lon="15.34103223">
        <ele>170.3</ele>
    </trkpt>
    <trkpt lat="45.65758402" lon="15.34101265">
        <ele>170.3</ele>
    </trkpt>
    <trkpt lat="45.65752559" lon="15.34099305">
        <ele>170.3</ele>
    </trkpt>
    <trkpt lat="45.65746714" lon="15.34097986">
        <ele>170.3</ele>
    </trkpt>
    <trkpt lat="45.65683345" lon="15.34075144">
        <ele>168.4</ele>
    </trkpt>
    <trkpt lat="45.65677509" lon="15.34070617">
        <ele>165.3</ele>
    </trkpt>
    <trkpt lat="45.65671674" lon="15.3406609">
        <ele>166.2</ele>
    </trkpt>
    <trkpt lat="45.65665845" lon="15.34059639">
        <ele>166.2</ele>
    </trkpt>
    <trkpt lat="45.65660463" lon="15.34053832">
        <ele>166.2</ele>
    </trkpt>
    <trkpt lat="45.65655081" lon="15.34048025">
        <ele>166.2</ele>
    </trkpt>
    <trkpt lat="45.6565015" lon="15.34042221">
        <ele>170.0</ele>
    </trkpt>
    <trkpt lat="45.65645218" lon="15.34036416">
        <ele>168.8</ele>
    </trkpt>
    <trkpt lat="45.65640286" lon="15.34030612">
        <ele>168.8</ele>
    </trkpt>
    <trkpt lat="45.65635805" lon="15.34024811">
        <ele>168.8</ele>
    </trkpt>
    <trkpt lat="45.65631323" lon="15.34019009">
        <ele>168.8</ele>
    </trkpt>
    <trkpt lat="45.65627289" lon="15.34013852">
        <ele>170.0</ele>
    </trkpt>
    <trkpt lat="45.65622807" lon="15.3400805">
        <ele>170.0</ele>
    </trkpt>
    <trkpt lat="45.65618774" lon="15.34002893">
        <ele>170.0</ele>
    </trkpt>
    <trkpt lat="45.65614742" lon="15.33997095">
        <ele>170.0</ele>
    </trkpt>
    <trkpt lat="45.65610708" lon="15.33991937">
        <ele>170.0</ele>
    </trkpt>
    <trkpt lat="45.65606676" lon="15.33986139">
        <ele>170.0</ele>
    </trkpt>
    <trkpt lat="45.65602642" lon="15.33980982">
        <ele>170.0</ele>
    </trkpt>
    <trkpt lat="45.65598608" lon="15.33975825">
        <ele>170.0</ele>
    </trkpt>
    <trkpt lat="45.65594575" lon="15.33970667">
        <ele>170.0</ele>
    </trkpt>
    <trkpt lat="45.65590541" lon="15.3396551">
        <ele>170.0</ele>
    </trkpt>
    <trkpt lat="45.65586505" lon="15.33960995">
        <ele>170.0</ele>
    </trkpt>
    <trkpt lat="45.65582021" lon="15.33955835">
        <ele>170.0</ele>
    </trkpt>
    <trkpt lat="45.65577988" lon="15.33950678">
        <ele>170.0</ele>
    </trkpt>
    <trkpt lat="45.65573502" lon="15.3394616">
        <ele>170.0</ele>
    </trkpt>
    <trkpt lat="45.65569016" lon="15.33941641">
        <ele>169.5</ele>
    </trkpt>
    <trkpt lat="45.65564531" lon="15.33937123">
        <ele>169.5</ele>
    </trkpt>
    <trkpt lat="45.65559597" lon="15.33931961">
        <ele>165.8</ele>
    </trkpt>
    <trkpt lat="45.6555466" lon="15.33928081">
        <ele>165.8</ele>
    </trkpt>
    <trkpt lat="45.65549274" lon="15.33923558">
        <ele>165.8</ele>
    </trkpt>
    <trkpt lat="45.65544339" lon="15.33919037">
        <ele>165.8</ele>
    </trkpt>
    <trkpt lat="45.65538503" lon="15.3391451">
        <ele>165.0</ele>
    </trkpt>
    <trkpt lat="45.65532666" lon="15.33910625">
        <ele>165.0</ele>
    </trkpt>
    <trkpt lat="45.65526829" lon="15.33906741">
        <ele>165.0</ele>
    </trkpt>
    <trkpt lat="45.65520541" lon="15.33902853">
        <ele>165.0</ele>
    </trkpt>
    <trkpt lat="45.65513356" lon="15.33898319">
        <ele>164.4</ele>
    </trkpt>
    <trkpt lat="45.65506617" lon="15.3389507">
        <ele>164.4</ele>
    </trkpt>
    <trkpt lat="45.65500324" lon="15.33893107">
        <ele>164.4</ele>
    </trkpt>
    <trkpt lat="45.65494031" lon="15.33891144">
        <ele>162.5</ele>
    </trkpt>
    <trkpt lat="45.65487737" lon="15.33889823">
        <ele>162.5</ele>
    </trkpt>
    <trkpt lat="45.6548189" lon="15.33889146">
        <ele>162.5</ele>
    </trkpt>
    <trkpt lat="45.65475591" lon="15.33889108">
        <ele>162.5</ele>
    </trkpt>
    <trkpt lat="45.65469742" lon="15.33889072">
        <ele>160.0</ele>
    </trkpt>
    <trkpt lat="45.65463893" lon="15.33889037">
        <ele>160.0</ele>
    </trkpt>
    <trkpt lat="45.65458045" lon="15.33889001">
        <ele>160.0</ele>
    </trkpt>
    <trkpt lat="45.65451746" lon="15.33888963">
        <ele>160.0</ele>
    </trkpt>
    <trkpt lat="45.65445449" lon="15.33888283">
        <ele>160.0</ele>
    </trkpt>
    <trkpt lat="45.65439152" lon="15.33887603">
        <ele>160.0</ele>
    </trkpt>
    <trkpt lat="45.65432406" lon="15.33886921">
        <ele>160.0</ele>
    </trkpt>
    <trkpt lat="45.65425661" lon="15.33885597">
        <ele>160.0</ele>
    </trkpt>
    <trkpt lat="45.65418468" lon="15.33883629">
        <ele>160.0</ele>
    </trkpt>
    <trkpt lat="45.65411277" lon="15.33881019">
        <ele>160.0</ele>
    </trkpt>
    <trkpt lat="45.65404536" lon="15.33878412">
        <ele>160.0</ele>
    </trkpt>
    <trkpt lat="45.65397794" lon="15.33876446">
        <ele>160.0</ele>
    </trkpt>
    <trkpt lat="45.65391501" lon="15.33874484">
        <ele>160.0</ele>
    </trkpt>
    <trkpt lat="45.65385208" lon="15.33872521">
        <ele>160.0</ele>
    </trkpt>
    <trkpt lat="45.65378913" lon="15.33871199">
        <ele>159.1</ele>
    </trkpt>
    <trkpt lat="45.6537307" lon="15.33869239">
        <ele>159.1</ele>
    </trkpt>
    <trkpt lat="45.65367227" lon="15.33867279">
        <ele>159.1</ele>
    </trkpt>
    <trkpt lat="45.65361382" lon="15.33865961">
        <ele>159.1</ele>
    </trkpt>
    <trkpt lat="45.65355539" lon="15.33864001">
        <ele>157.5</ele>
    </trkpt>
    <trkpt lat="45.65350144" lon="15.33862685">
        <ele>157.5</ele>
    </trkpt>
    <trkpt lat="45.65344751" lon="15.33860728">
        <ele>157.5</ele>
    </trkpt>
    <trkpt lat="45.65339356" lon="15.33859412">
        <ele>157.5</ele>
    </trkpt>
    <trkpt lat="45.65333962" lon="15.33857455">
        <ele>157.1</ele>
    </trkpt>
    <trkpt lat="45.65328569" lon="15.33855497">
        <ele>157.1</ele>
    </trkpt>
    <trkpt lat="45.65323174" lon="15.33854182">
        <ele>157.1</ele>
    </trkpt>
    <trkpt lat="45.65317781" lon="15.33852224">
        <ele>157.1</ele>
    </trkpt>
    <trkpt lat="45.65312388" lon="15.33850267">
        <ele>155.6</ele>
    </trkpt>
    <trkpt lat="45.65307447" lon="15.33847671">
        <ele>155.6</ele>
    </trkpt>
    <trkpt lat="45.65302053" lon="15.33845714">
        <ele>155.6</ele>
    </trkpt>
    <trkpt lat="45.65296662" lon="15.33843115">
        <ele>155.8</ele>
    </trkpt>
    <trkpt lat="45.65291269" lon="15.33841157">
        <ele>155.0</ele>
    </trkpt>
    <trkpt lat="45.6528588" lon="15.33837917">
        <ele>155.0</ele>
    </trkpt>
    <trkpt lat="45.65280489" lon="15.33835318">
        <ele>155.0</ele>
    </trkpt>
    <trkpt lat="45.65275099" lon="15.33832078">
        <ele>155.0</ele>
    </trkpt>
    <trkpt lat="45.6526971" lon="15.33828838">
        <ele>155.0</ele>
    </trkpt>
    <trkpt lat="45.65263871" lon="15.33825595">
        <ele>155.0</ele>
    </trkpt>
    <trkpt lat="45.65258483" lon="15.33821713">
        <ele>155.0</ele>
    </trkpt>
    <trkpt lat="45.65252646" lon="15.33817828">
        <ele>155.0</ele>
    </trkpt>
    <trkpt lat="45.65246811" lon="15.33813302">
        <ele>155.0</ele>
    </trkpt>
    <trkpt lat="45.65240525" lon="15.33808774">
        <ele>155.0</ele>
    </trkpt>
    <trkpt lat="45.6523469" lon="15.33804248">
        <ele>155.0</ele>
    </trkpt>
    <trkpt lat="45.65229752" lon="15.33800368">
        <ele>155.0</ele>
    </trkpt>
    <trkpt lat="45.65226161" lon="15.33797781">
        <ele>155.0</ele>
    </trkpt>
    <trkpt lat="45.65221236" lon="15.33789411">
        <ele>154.4</ele>
    </trkpt>
    <trkpt lat="45.65219465" lon="15.33779777">
        <ele>154.5</ele>
    </trkpt>
    <trkpt lat="45.65219938" lon="15.33772082">
        <ele>154.5</ele>
    </trkpt>
    <trkpt lat="45.65220863" lon="15.33763747">
        <ele>154.5</ele>
    </trkpt>
    <trkpt lat="45.65220438" lon="15.33755405">
        <ele>154.5</ele>
    </trkpt>
    <trkpt lat="45.65217315" lon="15.33746405">
        <ele>155.0</ele>
    </trkpt>
    <trkpt lat="45.65214185" lon="15.33739971">
        <ele>155.0</ele>
    </trkpt>
    <trkpt lat="45.65210603" lon="15.33734175">
        <ele>155.0</ele>
    </trkpt>
    <trkpt lat="45.6520792" lon="15.33728385">
        <ele>155.0</ele>
    </trkpt>
    <trkpt lat="45.65205696" lon="15.33720032">
        <ele>155.0</ele>
    </trkpt>
    <trkpt lat="45.65204367" lon="15.33712967">
        <ele>155.0</ele>
    </trkpt>
    <trkpt lat="45.65203938" lon="15.33705908">
        <ele>155.0</ele>
    </trkpt>
    <trkpt lat="45.65203509" lon="15.33698848">
        <ele>155.0</ele>
    </trkpt>
    <trkpt lat="45.65203978" lon="15.33692436">
        <ele>155.0</ele>
    </trkpt>
    <trkpt lat="45.65204899" lon="15.33685385">
        <ele>155.0</ele>
    </trkpt>
    <trkpt lat="45.65206721" lon="15.33677697">
        <ele>155.0</ele>
    </trkpt>
    <trkpt lat="45.65208991" lon="15.33670654">
        <ele>155.0</ele>
    </trkpt>
    <trkpt lat="45.65225336" lon="15.33620713">
        <ele>155.0</ele>
    </trkpt>
    <trkpt lat="45.65228057" lon="15.33613673">
        <ele>155.0</ele>
    </trkpt>
    <trkpt lat="45.65230777" lon="15.33606632">
        <ele>155.0</ele>
    </trkpt>
    <trkpt lat="45.65233503" lon="15.33597667">
        <ele>155.0</ele>
    </trkpt>
    <trkpt lat="45.65236227" lon="15.33589344">
        <ele>155.0</ele>
    </trkpt>
    <trkpt lat="45.65238499" lon="15.33581659">
        <ele>155.0</ele>
    </trkpt>
    <trkpt lat="45.65240772" lon="15.33573974">
        <ele>155.0</ele>
    </trkpt>
    <trkpt lat="45.65243492" lon="15.33566934">
        <ele>155.0</ele>
    </trkpt>
    <trkpt lat="45.65245312" lon="15.33559888">
        <ele>155.0</ele>
    </trkpt>
    <trkpt lat="45.65247583" lon="15.33552844">
        <ele>155.0</ele>
    </trkpt>
    <trkpt lat="45.65249853" lon="15.33545801">
        <ele>155.0</ele>
    </trkpt>
    <trkpt lat="45.65251672" lon="15.33539397">
        <ele>155.0</ele>
    </trkpt>
    <trkpt lat="45.65253942" lon="15.33532353">
        <ele>155.0</ele>
    </trkpt>
    <trkpt lat="45.65256212" lon="15.3352531">
        <ele>155.0</ele>
    </trkpt>
    <trkpt lat="45.65258033" lon="15.33518264">
        <ele>155.0</ele>
    </trkpt>
    <trkpt lat="45.65260305" lon="15.33510579">
        <ele>155.0</ele>
    </trkpt>
    <trkpt lat="45.65262579" lon="15.33502253">
        <ele>155.0</ele>
    </trkpt>
    <trkpt lat="45.65264853" lon="15.33493927">
        <ele>155.0</ele>
    </trkpt>
    <trkpt lat="45.65267577" lon="15.33485603">
        <ele>155.0</ele>
    </trkpt>
    <trkpt lat="45.65271258" lon="15.33458039">
        <ele>153.2</ele>
    </trkpt>
    <trkpt lat="45.65270386" lon="15.33448411">
        <ele>153.2</ele>
    </trkpt>
    <trkpt lat="45.65269513" lon="15.33439424">
        <ele>153.2</ele>
    </trkpt>
    <trkpt lat="45.65267294" lon="15.33429146">
        <ele>153.2</ele>
    </trkpt>
    <trkpt lat="45.65265072" lon="15.3341951">
        <ele>155.0</ele>
    </trkpt>
    <trkpt lat="45.65262396" lon="15.33411796">
        <ele>155.0</ele>
    </trkpt>
    <trkpt lat="45.65260167" lon="15.33404725">
        <ele>155.0</ele>
    </trkpt>
    <trkpt lat="45.65257484" lon="15.33398935">
        <ele>155.0</ele>
    </trkpt>
    <trkpt lat="45.65254352" lon="15.33393143">
        <ele>156.5</ele>
    </trkpt>
    <trkpt lat="45.65251668" lon="15.33387995">
        <ele>156.5</ele>
    </trkpt>
    <trkpt lat="45.65248533" lon="15.33382844">
        <ele>154.3</ele>
    </trkpt>
    <trkpt lat="45.65242711" lon="15.33373827">
        <ele>154.3</ele>
    </trkpt>
    <trkpt lat="45.65236439" lon="15.33364808">
        <ele>154.3</ele>
    </trkpt>
    <trkpt lat="45.65230618" lon="15.33355151">
        <ele>158.2</ele>
    </trkpt>
    <trkpt lat="45.65227486" lon="15.33349358">
        <ele>158.2</ele>
    </trkpt>
    <trkpt lat="45.65224803" lon="15.33343568">
        <ele>154.6</ele>
    </trkpt>
    <trkpt lat="45.65222572" lon="15.3333714">
        <ele>154.6</ele>
    </trkpt>
    <trkpt lat="45.65220342" lon="15.33330711">
        <ele>158.2</ele>
    </trkpt>
    <trkpt lat="45.65217219" lon="15.33321711">
        <ele>158.2</ele>
    </trkpt>
    <trkpt lat="45.65214994" lon="15.33313358">
        <ele>158.2</ele>
    </trkpt>
    <trkpt lat="45.65213219" lon="15.33305008">
        <ele>158.2</ele>
    </trkpt>
    <trkpt lat="45.65211891" lon="15.33297301">
        <ele>160.0</ele>
    </trkpt>
    <trkpt lat="45.65210564" lon="15.33289595">
        <ele>160.0</ele>
    </trkpt>
    <trkpt lat="45.65209687" lon="15.33281891">
        <ele>160.0</ele>
    </trkpt>
    <trkpt lat="45.65208808" lon="15.33274829">
        <ele>160.0</ele>
    </trkpt>
    <trkpt lat="45.65207929" lon="15.33267767">
        <ele>160.0</ele>
    </trkpt>
    <trkpt lat="45.65207501" lon="15.33260066">
        <ele>160.0</ele>
    </trkpt>
    <trkpt lat="45.65206622" lon="15.33253004">
        <ele>160.0</ele>
    </trkpt>
    <trkpt lat="45.65205745" lon="15.33245301">
        <ele>160.0</ele>
    </trkpt>
    <trkpt lat="45.65204868" lon="15.33237597">
        <ele>160.0</ele>
    </trkpt>
    <trkpt lat="45.6520354" lon="15.33229891">
        <ele>155.0</ele>
    </trkpt>
    <trkpt lat="45.65202215" lon="15.33221543">
        <ele>155.0</ele>
    </trkpt>
    <trkpt lat="45.6520044" lon="15.33213193">
        <ele>155.0</ele>
    </trkpt>
    <trkpt lat="45.65198215" lon="15.3320484">
        <ele>155.0</ele>
    </trkpt>
    <trkpt lat="45.65195984" lon="15.33198411">
        <ele>155.0</ele>
    </trkpt>
    <trkpt lat="45.65194201" lon="15.33192627">
        <ele>155.0</ele>
    </trkpt>
    <trkpt lat="45.65190636" lon="15.33181058">
        <ele>155.0</ele>
    </trkpt>
    <trkpt lat="45.65187068" lon="15.33170131">
        <ele>158.2</ele>
    </trkpt>
    <trkpt lat="45.65183047" lon="15.33160484">
        <ele>158.2</ele>
    </trkpt>
    <trkpt lat="45.65179476" lon="15.3315084">
        <ele>156.1</ele>
    </trkpt>
    <trkpt lat="45.65175453" lon="15.33141835">
        <ele>156.1</ele>
    </trkpt>
    <trkpt lat="45.65171428" lon="15.33133471">
        <ele>158.3</ele>
    </trkpt>
    <trkpt lat="45.65167405" lon="15.33124466">
        <ele>158.3</ele>
    </trkpt>
    <trkpt lat="45.6516338" lon="15.33116103">
        <ele>158.3</ele>
    </trkpt>
    <trkpt lat="45.65159357" lon="15.33107097">
        <ele>155.0</ele>
    </trkpt>
    <trkpt lat="45.65155334" lon="15.33098092">
        <ele>156.6</ele>
    </trkpt>
    <trkpt lat="45.65151311" lon="15.33089087">
        <ele>156.6</ele>
    </trkpt>
    <trkpt lat="45.6514729" lon="15.3307944">
        <ele>156.6</ele>
    </trkpt>
    <trkpt lat="45.65143271" lon="15.33069152">
        <ele>158.9</ele>
    </trkpt>
    <trkpt lat="45.65139252" lon="15.33058864">
        <ele>158.9</ele>
    </trkpt>
    <trkpt lat="45.65137019" lon="15.33053077">
        <ele>156.1</ele>
    </trkpt>
    <trkpt lat="45.65135236" lon="15.33047293">
        <ele>156.1</ele>
    </trkpt>
    <trkpt lat="45.65131669" lon="15.33036366">
        <ele>157.0</ele>
    </trkpt>
    <trkpt lat="45.65129899" lon="15.33026091">
        <ele>157.0</ele>
    </trkpt>
    <trkpt lat="45.65128579" lon="15.33015819">
        <ele>157.0</ele>
    </trkpt>
    <trkpt lat="45.65127707" lon="15.33006191">
        <ele>158.2</ele>
    </trkpt>
    <trkpt lat="45.65126835" lon="15.32996563">
        <ele>158.2</ele>
    </trkpt>
    <trkpt lat="45.65125062" lon="15.32987571">
        <ele>158.2</ele>
    </trkpt>
    <trkpt lat="45.6512194" lon="15.3297793">
        <ele>160.0</ele>
    </trkpt>
    <trkpt lat="45.65117917" lon="15.32968925">
        <ele>160.0</ele>
    </trkpt>
    <trkpt lat="45.65111635" lon="15.32963115">
        <ele>155.0</ele>
    </trkpt>
    <trkpt lat="45.65105336" lon="15.32963077">
        <ele>155.0</ele>
    </trkpt>
    <trkpt lat="45.65097682" lon="15.32964957">
        <ele>155.0</ele>
    </trkpt>
    <trkpt lat="45.65090484" lon="15.32964914">
        <ele>155.0</ele>
    </trkpt>
    <trkpt lat="45.65085541" lon="15.32962961">
        <ele>155.0</ele>
    </trkpt>
    <trkpt lat="45.65081497" lon="15.32961012">
        <ele>155.0</ele>
    </trkpt>
    <trkpt lat="45.65073858" lon="15.3295776">
        <ele>155.0</ele>
    </trkpt>
    <trkpt lat="45.65066217" lon="15.32955148">
        <ele>152.5</ele>
    </trkpt>
    <trkpt lat="45.65059478" lon="15.32951901">
        <ele>152.5</ele>
    </trkpt>
    <trkpt lat="45.65052738" lon="15.32948654">
        <ele>152.5</ele>
    </trkpt>
    <trkpt lat="45.65046001" lon="15.32944765">
        <ele>150.0</ele>
    </trkpt>
    <trkpt lat="45.65038364" lon="15.32940871">
        <ele>150.0</ele>
    </trkpt>
    <trkpt lat="45.65030728" lon="15.32936335">
        <ele>150.0</ele>
    </trkpt>
    <trkpt lat="45.65026701" lon="15.32928614">
        <ele>150.0</ele>
    </trkpt>
    <trkpt lat="45.65022673" lon="15.32921533">
        <ele>147.4</ele>
    </trkpt>
    <trkpt lat="45.65019092" lon="15.32915097">
        <ele>147.4</ele>
    </trkpt>
    <trkpt lat="45.6501551" lon="15.32909302">
        <ele>150.0</ele>
    </trkpt>
    <trkpt lat="45.65011925" lon="15.32904149">
        <ele>150.0</ele>
    </trkpt>
    <trkpt lat="45.65008791" lon="15.32898999">
        <ele>150.0</ele>
    </trkpt>
    <trkpt lat="45.6500297" lon="15.32889342">
        <ele>145.0</ele>
    </trkpt>
    <trkpt lat="45.64997147" lon="15.32880327">
        <ele>145.0</ele>
    </trkpt>
    <trkpt lat="45.64991776" lon="15.32870672">
        <ele>145.0</ele>
    </trkpt>
    <trkpt lat="45.64986857" lon="15.32860379">
        <ele>145.0</ele>
    </trkpt>
    <trkpt lat="45.64984174" lon="15.3285459">
        <ele>145.0</ele>
    </trkpt>
    <trkpt lat="45.64981941" lon="15.32848803">
        <ele>148.1</ele>
    </trkpt>
    <trkpt lat="45.64977923" lon="15.32837874">
        <ele>145.0</ele>
    </trkpt>
    <trkpt lat="45.64974352" lon="15.32828231">
        <ele>145.0</ele>
    </trkpt>
    <trkpt lat="45.64971678" lon="15.32819234">
        <ele>145.0</ele>
    </trkpt>
    <trkpt lat="45.64969455" lon="15.3281024">
        <ele>150.0</ele>
    </trkpt>
    <trkpt lat="45.64967231" lon="15.32801246">
        <ele>150.0</ele>
    </trkpt>
    <trkpt lat="45.64965006" lon="15.32792893">
        <ele>150.0</ele>
    </trkpt>
    <trkpt lat="45.64962332" lon="15.32783897">
        <ele>150.0</ele>
    </trkpt>
    <trkpt lat="45.64959659" lon="15.327749">
        <ele>150.0</ele>
    </trkpt>
    <trkpt lat="45.64959773" lon="15.32735127">
        <ele>150.0</ele>
    </trkpt>
    <trkpt lat="45.64962952" lon="15.32724882">
        <ele>150.0</ele>
    </trkpt>
    <trkpt lat="45.64966129" lon="15.32715278">
        <ele>150.0</ele>
    </trkpt>
    <trkpt lat="45.64968857" lon="15.32705672">
        <ele>150.0</ele>
    </trkpt>
    <trkpt lat="45.6497113" lon="15.32697345">
        <ele>150.0</ele>
    </trkpt>
    <trkpt lat="45.64972504" lon="15.32689014">
        <ele>150.0</ele>
    </trkpt>
    <trkpt lat="45.64973878" lon="15.32680682">
        <ele>147.7</ele>
    </trkpt>
    <trkpt lat="45.64975249" lon="15.32672992">
        <ele>147.7</ele>
    </trkpt>
    <trkpt lat="45.64975721" lon="15.32665297">
        <ele>147.7</ele>
    </trkpt>
    <trkpt lat="45.64976195" lon="15.3265696">
        <ele>147.7</ele>
    </trkpt>
    <trkpt lat="45.64976669" lon="15.32648624">
        <ele>147.1</ele>
    </trkpt>
    <trkpt lat="45.64976693" lon="15.32640284">
        <ele>147.1</ele>
    </trkpt>
    <trkpt lat="45.64976717" lon="15.32631945">
        <ele>147.1</ele>
    </trkpt>
    <trkpt lat="45.64976745" lon="15.32622322">
        <ele>147.4</ele>
    </trkpt>
    <trkpt lat="45.64976772" lon="15.326127">
        <ele>147.4</ele>
    </trkpt>
    <trkpt lat="45.64976802" lon="15.32602436">
        <ele>147.4</ele>
    </trkpt>
    <trkpt lat="45.64976833" lon="15.32591531">
        <ele>142.7</ele>
    </trkpt>
    <trkpt lat="45.6497687" lon="15.32578701">
        <ele>142.7</ele>
    </trkpt>
    <trkpt lat="45.64977351" lon="15.32567798">
        <ele>142.7</ele>
    </trkpt>
    <trkpt lat="45.64978732" lon="15.32556901">
        <ele>141.5</ele>
    </trkpt>
    <trkpt lat="45.64980111" lon="15.32546645">
        <ele>141.5</ele>
    </trkpt>
    <trkpt lat="45.64981938" lon="15.32537033">
        <ele>149.4</ele>
    </trkpt>
    <trkpt lat="45.64983764" lon="15.32528062">
        <ele>143.5</ele>
    </trkpt>
    <trkpt lat="45.64986041" lon="15.32518453">
        <ele>143.5</ele>
    </trkpt>
    <trkpt lat="45.64988764" lon="15.32510129">
        <ele>143.5</ele>
    </trkpt>
    <trkpt lat="45.64991489" lon="15.32501164">
        <ele>143.5</ele>
    </trkpt>
    <trkpt lat="45.64994664" lon="15.32492202">
        <ele>140.9</ele>
    </trkpt>
    <trkpt lat="45.64997389" lon="15.32483236">
        <ele>140.9</ele>
    </trkpt>
    <trkpt lat="45.65000564" lon="15.32474274">
        <ele>140.9</ele>
    </trkpt>
    <trkpt lat="45.65003741" lon="15.3246467">
        <ele>140.9</ele>
    </trkpt>
    <trkpt lat="45.6500692" lon="15.32454424">
        <ele>143.3</ele>
    </trkpt>
    <trkpt lat="45.65010099" lon="15.32444178">
        <ele>143.3</ele>
    </trkpt>
    <trkpt lat="45.65013729" lon="15.32433294">
        <ele>143.3</ele>
    </trkpt>
    <trkpt lat="45.65016463" lon="15.32421121">
        <ele>144.3</ele>
    </trkpt>
    <trkpt lat="45.65019646" lon="15.32409592">
        <ele>144.3</ele>
    </trkpt>
    <trkpt lat="45.6502238" lon="15.3239742">
        <ele>140.8</ele>
    </trkpt>
    <trkpt lat="45.65025112" lon="15.32385888">
        <ele>140.8</ele>
    </trkpt>
    <trkpt lat="45.65027396" lon="15.32373713">
        <ele>156.1</ele>
    </trkpt>
    <trkpt lat="45.65028315" lon="15.32367303">
        <ele>153.8</ele>
    </trkpt>
    <trkpt lat="45.65029683" lon="15.32360896">
        <ele>153.8</ele>
    </trkpt>
    <trkpt lat="45.65030601" lon="15.32354486">
        <ele>153.8</ele>
    </trkpt>
    <trkpt lat="45.65031969" lon="15.32348079">
        <ele>153.8</ele>
    </trkpt>
    <trkpt lat="45.65032889" lon="15.32341028">
        <ele>153.8</ele>
    </trkpt>
    <trkpt lat="45.65033807" lon="15.32334618">
        <ele>151.7</ele>
    </trkpt>
    <trkpt lat="45.65034727" lon="15.32327567">
        <ele>151.7</ele>
    </trkpt>
    <trkpt lat="45.65035648" lon="15.32319874">
        <ele>151.7</ele>
    </trkpt>
    <trkpt lat="45.65036568" lon="15.32312823">
        <ele>151.7</ele>
    </trkpt>
    <trkpt lat="45.6503704" lon="15.32305127">
        <ele>151.7</ele>
    </trkpt>
    <trkpt lat="45.65037962" lon="15.32297434">
        <ele>144.9</ele>
    </trkpt>
    <trkpt lat="45.65038435" lon="15.32289098">
        <ele>144.9</ele>
    </trkpt>
    <trkpt lat="45.65039359" lon="15.32280763">
        <ele>144.9</ele>
    </trkpt>
    <trkpt lat="45.65039832" lon="15.32272426">
        <ele>144.9</ele>
    </trkpt>
    <trkpt lat="45.65040308" lon="15.32263448">
        <ele>140.0</ele>
    </trkpt>
    <trkpt lat="45.65040783" lon="15.3225447">
        <ele>140.0</ele>
    </trkpt>
    <trkpt lat="45.6504126" lon="15.3224485">
        <ele>140.0</ele>
    </trkpt>
    <trkpt lat="45.65041738" lon="15.3223523">
        <ele>148.9</ele>
    </trkpt>
    <trkpt lat="45.65042215" lon="15.3222561">
        <ele>148.9</ele>
    </trkpt>
    <trkpt lat="45.65042696" lon="15.32214707">
        <ele>148.9</ele>
    </trkpt>
    <trkpt lat="45.65042725" lon="15.32204443">
        <ele>148.5</ele>
    </trkpt>
    <trkpt lat="45.65043206" lon="15.3219354">
        <ele>148.5</ele>
    </trkpt>
    <trkpt lat="45.65038888" lon="15.32129364">
        <ele>157.6</ele>
    </trkpt>
    <trkpt lat="45.65037558" lon="15.321223">
        <ele>157.6</ele>
    </trkpt>
    <trkpt lat="45.65036225" lon="15.32116519">
        <ele>157.6</ele>
    </trkpt>
    <trkpt lat="45.65032205" lon="15.32106231">
        <ele>160.0</ele>
    </trkpt>
    <trkpt lat="45.65027729" lon="15.32097866">
        <ele>157.3</ele>
    </trkpt>
    <trkpt lat="45.6502235" lon="15.32090779">
        <ele>157.3</ele>
    </trkpt>
    <trkpt lat="45.65015622" lon="15.32083683">
        <ele>157.3</ele>
    </trkpt>
    <trkpt lat="45.65008891" lon="15.3207723">
        <ele>160.0</ele>
    </trkpt>
    <trkpt lat="45.65001261" lon="15.32070771">
        <ele>160.0</ele>
    </trkpt>
    <trkpt lat="45.64997223" lon="15.32066899">
        <ele>160.0</ele>
    </trkpt>
    <trkpt lat="45.64993632" lon="15.32063671">
        <ele>160.0</ele>
    </trkpt>
    <trkpt lat="45.64988698" lon="15.3205851">
        <ele>160.0</ele>
    </trkpt>
    <trkpt lat="45.64983762" lon="15.32053991">
        <ele>160.0</ele>
    </trkpt>
    <trkpt lat="45.64979725" lon="15.32049478">
        <ele>151.1</ele>
    </trkpt>
    <trkpt lat="45.64975689" lon="15.32044964">
        <ele>149.0</ele>
    </trkpt>
    <trkpt lat="45.6497165" lon="15.32041092">
        <ele>149.0</ele>
    </trkpt>
    <trkpt lat="45.64968064" lon="15.32036581">
        <ele>149.0</ele>
    </trkpt>
    <trkpt lat="45.64964477" lon="15.3203207">
        <ele>149.0</ele>
    </trkpt>
    <trkpt lat="45.64960891" lon="15.32027559">
        <ele>149.0</ele>
    </trkpt>
    <trkpt lat="45.64957754" lon="15.3202305">
        <ele>142.6</ele>
    </trkpt>
    <trkpt lat="45.64954167" lon="15.32018539">
        <ele>142.6</ele>
    </trkpt>
    <trkpt lat="45.64951032" lon="15.32013389">
        <ele>141.4</ele>
    </trkpt>
    <trkpt lat="45.64947897" lon="15.32008239">
        <ele>141.4</ele>
    </trkpt>
    <trkpt lat="45.64944764" lon="15.32002448">
        <ele>141.4</ele>
    </trkpt>
    <trkpt lat="45.64941181" lon="15.31996654">
        <ele>141.4</ele>
    </trkpt>
    <trkpt lat="45.649376" lon="15.31990218">
        <ele>140.0</ele>
    </trkpt>
    <trkpt lat="45.64934469" lon="15.31983785">
        <ele>140.0</ele>
    </trkpt>
    <trkpt lat="45.64928723" lon="15.31947187">
        <ele>145.3</ele>
    </trkpt>
    <trkpt lat="45.64930543" lon="15.31940141">
        <ele>145.3</ele>
    </trkpt>
    <trkpt lat="45.6493236" lon="15.31933736">
        <ele>145.3</ele>
    </trkpt>
    <trkpt lat="45.64933278" lon="15.31927327">
        <ele>145.3</ele>
    </trkpt>
    <trkpt lat="45.64934646" lon="15.3192092">
        <ele>145.3</ele>
    </trkpt>
    <trkpt lat="45.64937828" lon="15.31909391">
        <ele>150.0</ele>
    </trkpt>
    <trkpt lat="45.64940541" lon="15.31904274">
        <ele>148.8</ele>
    </trkpt>
    <trkpt lat="45.64945053" lon="15.3189981">
        <ele>148.8</ele>
    </trkpt>
    <trkpt lat="45.64952273" lon="15.31892153">
        <ele>148.8</ele>
    </trkpt>
    <trkpt lat="45.64959936" lon="15.31887064">
        <ele>148.8</ele>
    </trkpt>
    <trkpt lat="45.64967595" lon="15.31883259">
        <ele>150.0</ele>
    </trkpt>
    <trkpt lat="45.64974801" lon="15.31880734">
        <ele>150.0</ele>
    </trkpt>
    <trkpt lat="45.64982458" lon="15.3187757">
        <ele>150.0</ele>
    </trkpt>
    <trkpt lat="45.64989668" lon="15.31873763">
        <ele>147.4</ele>
    </trkpt>
    <trkpt lat="45.64996881" lon="15.31868672">
        <ele>147.4</ele>
    </trkpt>
    <trkpt lat="45.65000491" lon="15.31864843">
        <ele>147.4</ele>
    </trkpt>
    <trkpt lat="45.65004551" lon="15.31861017">
        <ele>147.4</ele>
    </trkpt>
    <trkpt lat="45.65009068" lon="15.31854628">
        <ele>150.0</ele>
    </trkpt>
    <trkpt lat="45.65013581" lon="15.31849522">
        <ele>150.0</ele>
    </trkpt>
    <trkpt lat="45.65017197" lon="15.31843769">
        <ele>150.0</ele>
    </trkpt>
    <trkpt lat="45.65019468" lon="15.31836084">
        <ele>150.0</ele>
    </trkpt>
    <trkpt lat="45.65016795" lon="15.31826446">
        <ele>150.0</ele>
    </trkpt>
    <trkpt lat="45.65010516" lon="15.31819353">
        <ele>160.0</ele>
    </trkpt>
    <trkpt lat="45.65005135" lon="15.31812908">
        <ele>160.0</ele>
    </trkpt>
    <trkpt lat="45.65006053" lon="15.31806498">
        <ele>160.0</ele>
    </trkpt>
    <trkpt lat="45.65011929" lon="15.31796909">
        <ele>160.0</ele>
    </trkpt>
    <trkpt lat="45.65018249" lon="15.31789247">
        <ele>160.0</ele>
    </trkpt>
    <trkpt lat="45.65024562" lon="15.31784151">
        <ele>160.0</ele>
    </trkpt>
    <trkpt lat="45.65031323" lon="15.31779698">
        <ele>160.0</ele>
    </trkpt>
    <trkpt lat="45.65038535" lon="15.31775249">
        <ele>160.0</ele>
    </trkpt>
    <trkpt lat="45.65045744" lon="15.31771441">
        <ele>160.0</ele>
    </trkpt>
    <trkpt lat="45.65052958" lon="15.31765708">
        <ele>161.1</ele>
    </trkpt>
    <trkpt lat="45.65056567" lon="15.31762521">
        <ele>161.1</ele>
    </trkpt>
    <trkpt lat="45.65060627" lon="15.31758695">
        <ele>162.9</ele>
    </trkpt>
    <trkpt lat="45.65065144" lon="15.31752306">
        <ele>162.9</ele>
    </trkpt>
    <trkpt lat="45.65069209" lon="15.31746555">
        <ele>162.9</ele>
    </trkpt>
    <trkpt lat="45.65072824" lon="15.31740802">
        <ele>162.9</ele>
    </trkpt>
    <trkpt lat="45.6507644" lon="15.31735049">
        <ele>165.0</ele>
    </trkpt>
    <trkpt lat="45.65079605" lon="15.31729293">
        <ele>165.0</ele>
    </trkpt>
    <trkpt lat="45.65082321" lon="15.31723535">
        <ele>165.0</ele>
    </trkpt>
    <trkpt lat="45.65085488" lon="15.31717138">
        <ele>165.0</ele>
    </trkpt>
    <trkpt lat="45.650925" lon="15.317061">
        <ele>162.5</ele>
    </trkpt>
    </trkseg>
</trk>
</gpx>