<?xml version="1.0" encoding="UTF-8" standalone="no" ?>
<gpx xmlns="http://www.topografix.com/GPX/1/1"
creator="OCAD 2020.5.5.3227" version="1.1"
xmlns:xsi="http://www.w3.org/2001/XMLSchema-instance" 
xsi:schemaLocation="http://www.topografix.com/GPX/1/1 
http://www.topografix.com/GPX/1/1/gpx.xsd">

  <metadata>
    <name>Vinica - Žuniči</name>
    <desc>Bela krajina - pohodna pot 05</desc>
    <author><name>Kartografija d.o.o.</name></author>
    <link href="http://www.ocad.com">
      <text>OCAD AG</text>
    </link>
    <time>2020-11-05T08:36:28</time>
    <bounds maxlat="45.86687249" maxlon="15.60571704" minlat="45.32979540" minlon="14.93303760"/>
  </metadata>

  <rte>
    <name>rte1</name>
    <cmt>pohodne poti za izris profilov</cmt>
    <rtept lat="45.46253678" lon="15.25812259" >
      <name>rte1_0</name>
      <ele>185.84</ele>
    </rtept>
    <rtept lat="45.46236538" lon="15.25831361" >
      <name>rte1_1</name>
      <ele>183.30</ele>
    </rtept>
    <rtept lat="45.46232929" lon="15.25835181" >
      <name>rte1_2</name>
      <ele>180.00</ele>
    </rtept>
    <rtept lat="45.46207198" lon="15.25872785" >
      <name>rte1_3</name>
      <ele>180.00</ele>
    </rtept>
    <rtept lat="45.46188694" lon="15.25897635" >
      <name>rte1_4</name>
      <ele>174.70</ele>
    </rtept>
    <rtept lat="45.46169765" lon="15.25911614" >
      <name>rte1_5</name>
      <ele>170.00</ele>
    </rtept>
    <rtept lat="45.46159409" lon="15.25914763" >
      <name>rte1_6</name>
      <ele>169.05</ele>
    </rtept>
    <rtept lat="45.46157079" lon="15.25949917" >
      <name>rte1_7</name>
      <ele>165.97</ele>
    </rtept>
    <rtept lat="45.46155212" lon="15.25979320" >
      <name>rte1_8</name>
      <ele>165.00</ele>
    </rtept>
    <rtept lat="45.46140251" lon="15.26029121" >
      <name>rte1_9</name>
      <ele>164.30</ele>
    </rtept>
    <rtept lat="45.46120822" lon="15.26064835" >
      <name>rte1_10</name>
      <ele>162.90</ele>
    </rtept>
    <rtept lat="45.46105908" lon="15.26093537" >
      <name>rte1_11</name>
      <ele>161.20</ele>
    </rtept>
    <rtept lat="45.46085611" lon="15.26115181" >
      <name>rte1_12</name>
      <ele>160.80</ele>
    </rtept>
    <rtept lat="45.46076148" lon="15.26121530" >
      <name>rte1_13</name>
      <ele>160.00</ele>
    </rtept>
    <rtept lat="45.46089997" lon="15.26164432" >
      <name>rte1_14</name>
      <ele>160.40</ele>
    </rtept>
    <rtept lat="45.46092682" lon="15.26170838" >
      <name>rte1_15</name>
      <ele>160.40</ele>
    </rtept>
    <rtept lat="45.46095817" lon="15.26177246" >
      <name>rte1_16</name>
      <ele>160.40</ele>
    </rtept>
    <rtept lat="45.46098501" lon="15.26183652" >
      <name>rte1_17</name>
      <ele>160.40</ele>
    </rtept>
    <rtept lat="45.46101186" lon="15.26190058" >
      <name>rte1_18</name>
      <ele>160.30</ele>
    </rtept>
    <rtept lat="45.46103421" lon="15.26196462" >
      <name>rte1_19</name>
      <ele>160.60</ele>
    </rtept>
    <rtept lat="45.46106106" lon="15.26202868" >
      <name>rte1_20</name>
      <ele>160.60</ele>
    </rtept>
    <rtept lat="45.46108342" lon="15.26208633" >
      <name>rte1_21</name>
      <ele>160.60</ele>
    </rtept>
    <rtept lat="45.46110579" lon="15.26214397" >
      <name>rte1_22</name>
      <ele>160.60</ele>
    </rtept>
    <rtept lat="45.46112365" lon="15.26220160" >
      <name>rte1_23</name>
      <ele>160.40</ele>
    </rtept>
    <rtept lat="45.46114601" lon="15.26225925" >
      <name>rte1_24</name>
      <ele>160.40</ele>
    </rtept>
    <rtept lat="45.46116388" lon="15.26231687" >
      <name>rte1_25</name>
      <ele>160.40</ele>
    </rtept>
    <rtept lat="45.46118624" lon="15.26237452" >
      <name>rte1_26</name>
      <ele>160.40</ele>
    </rtept>
    <rtept lat="45.46122197" lon="15.26248977" >
      <name>rte1_27</name>
      <ele>160.40</ele>
    </rtept>
    <rtept lat="45.46125771" lon="15.26259863" >
      <name>rte1_28</name>
      <ele>160.50</ele>
    </rtept>
    <rtept lat="45.46129344" lon="15.26271388" >
      <name>rte1_29</name>
      <ele>160.50</ele>
    </rtept>
    <rtept lat="45.46132918" lon="15.26282274" >
      <name>rte1_30</name>
      <ele>160.50</ele>
    </rtept>
    <rtept lat="45.46134704" lon="15.26288037" >
      <name>rte1_31</name>
      <ele>160.50</ele>
    </rtept>
    <rtept lat="45.46136941" lon="15.26293801" >
      <name>rte1_32</name>
      <ele>160.50</ele>
    </rtept>
    <rtept lat="45.46138725" lon="15.26300203" >
      <name>rte1_33</name>
      <ele>160.50</ele>
    </rtept>
    <rtept lat="45.46140512" lon="15.26305966" >
      <name>rte1_34</name>
      <ele>160.50</ele>
    </rtept>
    <rtept lat="45.46142748" lon="15.26311731" >
      <name>rte1_35</name>
      <ele>160.50</ele>
    </rtept>
    <rtept lat="45.46144983" lon="15.26318135" >
      <name>rte1_36</name>
      <ele>160.40</ele>
    </rtept>
    <rtept lat="45.46146768" lon="15.26324537" >
      <name>rte1_37</name>
      <ele>160.60</ele>
    </rtept>
    <rtept lat="45.46149452" lon="15.26330943" >
      <name>rte1_38</name>
      <ele>160.60</ele>
    </rtept>
    <rtept lat="45.46151687" lon="15.26337347" >
      <name>rte1_39</name>
      <ele>160.60</ele>
    </rtept>
    <rtept lat="45.46154370" lon="15.26344393" >
      <name>rte1_40</name>
      <ele>160.60</ele>
    </rtept>
    <rtept lat="45.46156605" lon="15.26350797" >
      <name>rte1_41</name>
      <ele>160.40</ele>
    </rtept>
    <rtept lat="45.46159737" lon="15.26358484" >
      <name>rte1_42</name>
      <ele>160.40</ele>
    </rtept>
    <rtept lat="45.46162420" lon="15.26365530" >
      <name>rte1_43</name>
      <ele>160.40</ele>
    </rtept>
    <rtept lat="45.46165103" lon="15.26372575" >
      <name>rte1_44</name>
      <ele>160.40</ele>
    </rtept>
    <rtept lat="45.46167786" lon="15.26379621" >
      <name>rte1_45</name>
      <ele>160.30</ele>
    </rtept>
    <rtept lat="45.46170471" lon="15.26386027" >
      <name>rte1_46</name>
      <ele>160.50</ele>
    </rtept>
    <rtept lat="45.46173156" lon="15.26392433" >
      <name>rte1_47</name>
      <ele>160.50</ele>
    </rtept>
    <rtept lat="45.46175391" lon="15.26398838" >
      <name>rte1_48</name>
      <ele>160.50</ele>
    </rtept>
    <rtept lat="45.46178075" lon="15.26405244" >
      <name>rte1_49</name>
      <ele>160.50</ele>
    </rtept>
    <rtept lat="45.46180311" lon="15.26411009" >
      <name>rte1_50</name>
      <ele>160.40</ele>
    </rtept>
    <rtept lat="45.46182546" lon="15.26417413" >
      <name>rte1_51</name>
      <ele>160.40</ele>
    </rtept>
    <rtept lat="45.46184782" lon="15.26423178" >
      <name>rte1_52</name>
      <ele>160.40</ele>
    </rtept>
    <rtept lat="45.46187019" lon="15.26428943" >
      <name>rte1_53</name>
      <ele>160.40</ele>
    </rtept>
    <rtept lat="45.46189255" lon="15.26434707" >
      <name>rte1_54</name>
      <ele>160.40</ele>
    </rtept>
    <rtept lat="45.46193729" lon="15.26445598" >
      <name>rte1_55</name>
      <ele>160.40</ele>
    </rtept>
    <rtept lat="45.46195965" lon="15.26451363" >
      <name>rte1_56</name>
      <ele>160.40</ele>
    </rtept>
    <rtept lat="45.46198201" lon="15.26457127" >
      <name>rte1_57</name>
      <ele>160.40</ele>
    </rtept>
    <rtept lat="45.46202675" lon="15.26468018" >
      <name>rte1_58</name>
      <ele>160.40</ele>
    </rtept>
    <rtept lat="45.46204911" lon="15.26473783" >
      <name>rte1_59</name>
      <ele>160.30</ele>
    </rtept>
    <rtept lat="45.46207147" lon="15.26479548" >
      <name>rte1_60</name>
      <ele>160.30</ele>
    </rtept>
    <rtept lat="45.46209384" lon="15.26485312" >
      <name>rte1_61</name>
      <ele>160.30</ele>
    </rtept>
    <rtept lat="45.46212070" lon="15.26491079" >
      <name>rte1_62</name>
      <ele>160.30</ele>
    </rtept>
    <rtept lat="45.46214306" lon="15.26496844" >
      <name>rte1_63</name>
      <ele>160.50</ele>
    </rtept>
    <rtept lat="45.46216542" lon="15.26502609" >
      <name>rte1_64</name>
      <ele>160.50</ele>
    </rtept>
    <rtept lat="45.46219227" lon="15.26509016" >
      <name>rte1_65</name>
      <ele>160.30</ele>
    </rtept>
    <rtept lat="45.46221913" lon="15.26514783" >
      <name>rte1_66</name>
      <ele>160.30</ele>
    </rtept>
    <rtept lat="45.46224147" lon="15.26521187" >
      <name>rte1_67</name>
      <ele>160.30</ele>
    </rtept>
    <rtept lat="45.46226832" lon="15.26527593" >
      <name>rte1_68</name>
      <ele>160.30</ele>
    </rtept>
    <rtept lat="45.46229965" lon="15.26534641" >
      <name>rte1_69</name>
      <ele>160.30</ele>
    </rtept>
    <rtept lat="45.46232650" lon="15.26541048" >
      <name>rte1_70</name>
      <ele>160.00</ele>
    </rtept>
    <rtept lat="45.46235783" lon="15.26548095" >
      <name>rte1_71</name>
      <ele>160.00</ele>
    </rtept>
    <rtept lat="45.46238914" lon="15.26555783" >
      <name>rte1_72</name>
      <ele>160.00</ele>
    </rtept>
    <rtept lat="45.46242047" lon="15.26562831" >
      <name>rte1_73</name>
      <ele>160.00</ele>
    </rtept>
    <rtept lat="45.46245179" lon="15.26570518" >
      <name>rte1_74</name>
      <ele>160.00</ele>
    </rtept>
    <rtept lat="45.46248312" lon="15.26577566" >
      <name>rte1_75</name>
      <ele>160.00</ele>
    </rtept>
    <rtept lat="45.46250995" lon="15.26584612" >
      <name>rte1_76</name>
      <ele>160.00</ele>
    </rtept>
    <rtept lat="45.46254128" lon="15.26591660" >
      <name>rte1_77</name>
      <ele>160.00</ele>
    </rtept>
    <rtept lat="45.46257262" lon="15.26598068" >
      <name>rte1_78</name>
      <ele>160.00</ele>
    </rtept>
    <rtept lat="45.46259947" lon="15.26604475" >
      <name>rte1_79</name>
      <ele>160.20</ele>
    </rtept>
    <rtept lat="45.46263083" lon="15.26610244" >
      <name>rte1_80</name>
      <ele>160.20</ele>
    </rtept>
    <rtept lat="45.46265767" lon="15.26616651" >
      <name>rte1_81</name>
      <ele>160.20</ele>
    </rtept>
    <rtept lat="45.46268903" lon="15.26622420" >
      <name>rte1_82</name>
      <ele>160.20</ele>
    </rtept>
    <rtept lat="45.46271589" lon="15.26628187" >
      <name>rte1_83</name>
      <ele>160.20</ele>
    </rtept>
    <rtept lat="45.46274725" lon="15.26633956" >
      <name>rte1_84</name>
      <ele>160.20</ele>
    </rtept>
    <rtept lat="45.46277861" lon="15.26639725" >
      <name>rte1_85</name>
      <ele>160.20</ele>
    </rtept>
    <rtept lat="45.46280549" lon="15.26644853" >
      <name>rte1_86</name>
      <ele>160.40</ele>
    </rtept>
    <rtept lat="45.46283685" lon="15.26650623" >
      <name>rte1_87</name>
      <ele>160.40</ele>
    </rtept>
    <rtept lat="45.46286822" lon="15.26655752" >
      <name>rte1_88</name>
      <ele>160.40</ele>
    </rtept>
    <rtept lat="45.46289960" lon="15.26660882" >
      <name>rte1_89</name>
      <ele>160.40</ele>
    </rtept>
    <rtept lat="45.46293097" lon="15.26666012" >
      <name>rte1_90</name>
      <ele>160.30</ele>
    </rtept>
    <rtept lat="45.46296684" lon="15.26671144" >
      <name>rte1_91</name>
      <ele>160.30</ele>
    </rtept>
    <rtept lat="45.46299822" lon="15.26676274" >
      <name>rte1_92</name>
      <ele>160.30</ele>
    </rtept>
    <rtept lat="45.46303409" lon="15.26681406" >
      <name>rte1_93</name>
      <ele>160.50</ele>
    </rtept>
    <rtept lat="45.46306997" lon="15.26686538" >
      <name>rte1_94</name>
      <ele>160.50</ele>
    </rtept>
    <rtept lat="45.46310584" lon="15.26691671" >
      <name>rte1_95</name>
      <ele>160.50</ele>
    </rtept>
    <rtept lat="45.46314171" lon="15.26696803" >
      <name>rte1_96</name>
      <ele>160.50</ele>
    </rtept>
    <rtept lat="45.46318209" lon="15.26701937" >
      <name>rte1_97</name>
      <ele>160.30</ele>
    </rtept>
    <rtept lat="45.46322246" lon="15.26707071" >
      <name>rte1_98</name>
      <ele>160.30</ele>
    </rtept>
    <rtept lat="45.46326283" lon="15.26712205" >
      <name>rte1_99</name>
      <ele>160.40</ele>
    </rtept>
    <rtept lat="45.46330320" lon="15.26717340" >
      <name>rte1_100</name>
      <ele>160.40</ele>
    </rtept>
    <rtept lat="45.46334806" lon="15.26723116" >
      <name>rte1_101</name>
      <ele>160.40</ele>
    </rtept>
    <rtept lat="45.46339293" lon="15.26728252" >
      <name>rte1_102</name>
      <ele>160.40</ele>
    </rtept>
    <rtept lat="45.46344229" lon="15.26734030" >
      <name>rte1_103</name>
      <ele>160.30</ele>
    </rtept>
    <rtept lat="45.46349164" lon="15.26739808" >
      <name>rte1_104</name>
      <ele>160.50</ele>
    </rtept>
    <rtept lat="45.46352753" lon="15.26744301" >
      <name>rte1_105</name>
      <ele>160.50</ele>
    </rtept>
    <rtept lat="45.46356792" lon="15.26748796" >
      <name>rte1_106</name>
      <ele>160.50</ele>
    </rtept>
    <rtept lat="45.46360381" lon="15.26753288" >
      <name>rte1_107</name>
      <ele>160.50</ele>
    </rtept>
    <rtept lat="45.46363971" lon="15.26757142" >
      <name>rte1_108</name>
      <ele>160.50</ele>
    </rtept>
    <rtept lat="45.46367560" lon="15.26761635" >
      <name>rte1_109</name>
      <ele>160.50</ele>
    </rtept>
    <rtept lat="45.46370699" lon="15.26766125" >
      <name>rte1_110</name>
      <ele>160.50</ele>
    </rtept>
    <rtept lat="45.46377428" lon="15.26774469" >
      <name>rte1_111</name>
      <ele>160.50</ele>
    </rtept>
    <rtept lat="45.46383709" lon="15.26782172" >
      <name>rte1_112</name>
      <ele>160.50</ele>
    </rtept>
    <rtept lat="45.46389990" lon="15.26789875" >
      <name>rte1_113</name>
      <ele>160.50</ele>
    </rtept>
    <rtept lat="45.46395821" lon="15.26797575" >
      <name>rte1_114</name>
      <ele>160.50</ele>
    </rtept>
    <rtept lat="45.46402103" lon="15.26804639" >
      <name>rte1_115</name>
      <ele>160.50</ele>
    </rtept>
    <rtept lat="45.46407936" lon="15.26811700" >
      <name>rte1_116</name>
      <ele>160.50</ele>
    </rtept>
    <rtept lat="45.46414668" lon="15.26818765" >
      <name>rte1_117</name>
      <ele>160.50</ele>
    </rtept>
    <rtept lat="45.46420950" lon="15.26825828" >
      <name>rte1_118</name>
      <ele>160.90</ele>
    </rtept>
    <rtept lat="45.46428134" lon="15.26832257" >
      <name>rte1_119</name>
      <ele>160.60</ele>
    </rtept>
    <rtept lat="45.46435317" lon="15.26838685" >
      <name>rte1_120</name>
      <ele>160.60</ele>
    </rtept>
    <rtept lat="45.46439359" lon="15.26841901" >
      <name>rte1_121</name>
      <ele>160.90</ele>
    </rtept>
    <rtept lat="45.46443401" lon="15.26845118" >
      <name>rte1_122</name>
      <ele>160.90</ele>
    </rtept>
    <rtept lat="45.46447443" lon="15.26848334" >
      <name>rte1_123</name>
      <ele>160.90</ele>
    </rtept>
    <rtept lat="45.46451934" lon="15.26851552" >
      <name>rte1_124</name>
      <ele>160.90</ele>
    </rtept>
    <rtept lat="45.46456426" lon="15.26854771" >
      <name>rte1_125</name>
      <ele>160.90</ele>
    </rtept>
    <rtept lat="45.46461368" lon="15.26857991" >
      <name>rte1_126</name>
      <ele>161.10</ele>
    </rtept>
    <rtept lat="45.46469459" lon="15.26861227" >
      <name>rte1_127</name>
      <ele>160.60</ele>
    </rtept>
    <rtept lat="45.46477103" lon="15.26863182" >
      <name>rte1_128</name>
      <ele>160.60</ele>
    </rtept>
    <rtept lat="45.46485200" lon="15.26863860" >
      <name>rte1_129</name>
      <ele>160.60</ele>
    </rtept>
    <rtept lat="45.46492847" lon="15.26864536" >
      <name>rte1_130</name>
      <ele>160.60</ele>
    </rtept>
    <rtept lat="45.46500043" lon="15.26865849" >
      <name>rte1_131</name>
      <ele>160.60</ele>
    </rtept>
    <rtept lat="45.46506334" lon="15.26869076" >
      <name>rte1_132</name>
      <ele>161.20</ele>
    </rtept>
    <rtept lat="45.46512620" lon="15.26874861" >
      <name>rte1_133</name>
      <ele>161.20</ele>
    </rtept>
    <rtept lat="45.46517997" lon="15.26883838" >
      <name>rte1_134</name>
      <ele>161.20</ele>
    </rtept>
    <rtept lat="45.46520682" lon="15.26890245" >
      <name>rte1_135</name>
      <ele>161.20</ele>
    </rtept>
    <rtept lat="45.46522915" lon="15.26897289" >
      <name>rte1_136</name>
      <ele>160.00</ele>
    </rtept>
    <rtept lat="45.46525149" lon="15.26903694" >
      <name>rte1_137</name>
      <ele>160.00</ele>
    </rtept>
    <rtept lat="45.46527384" lon="15.26910099" >
      <name>rte1_138</name>
      <ele>161.80</ele>
    </rtept>
    <rtept lat="45.46529168" lon="15.26916502" >
      <name>rte1_139</name>
      <ele>161.80</ele>
    </rtept>
    <rtept lat="45.46531404" lon="15.26922267" >
      <name>rte1_140</name>
      <ele>161.80</ele>
    </rtept>
    <rtept lat="45.46534976" lon="15.26933793" >
      <name>rte1_141</name>
      <ele>160.60</ele>
    </rtept>
    <rtept lat="45.46536762" lon="15.26939557" >
      <name>rte1_142</name>
      <ele>160.60</ele>
    </rtept>
    <rtept lat="45.46538998" lon="15.26945322" >
      <name>rte1_143</name>
      <ele>160.60</ele>
    </rtept>
    <rtept lat="45.46541234" lon="15.26951087" >
      <name>rte1_144</name>
      <ele>160.60</ele>
    </rtept>
    <rtept lat="45.46543922" lon="15.26956216" >
      <name>rte1_145</name>
      <ele>160.60</ele>
    </rtept>
    <rtept lat="45.46546607" lon="15.26961983" >
      <name>rte1_146</name>
      <ele>160.60</ele>
    </rtept>
    <rtept lat="45.46549743" lon="15.26967753" >
      <name>rte1_147</name>
      <ele>160.80</ele>
    </rtept>
    <rtept lat="45.46553329" lon="15.26973525" >
      <name>rte1_148</name>
      <ele>160.80</ele>
    </rtept>
    <rtept lat="45.46557365" lon="15.26979299" >
      <name>rte1_149</name>
      <ele>160.80</ele>
    </rtept>
    <rtept lat="45.46561402" lon="15.26984434" >
      <name>rte1_150</name>
      <ele>160.80</ele>
    </rtept>
    <rtept lat="45.46564987" lon="15.26990206" >
      <name>rte1_151</name>
      <ele>160.60</ele>
    </rtept>
    <rtept lat="45.46568575" lon="15.26995338" >
      <name>rte1_152</name>
      <ele>160.60</ele>
    </rtept>
    <rtept lat="45.46572162" lon="15.27000471" >
      <name>rte1_153</name>
      <ele>160.60</ele>
    </rtept>
    <rtept lat="45.46575301" lon="15.27004962" >
      <name>rte1_154</name>
      <ele>160.60</ele>
    </rtept>
    <rtept lat="45.46578438" lon="15.27010092" >
      <name>rte1_155</name>
      <ele>160.60</ele>
    </rtept>
    <rtept lat="45.46581125" lon="15.27015220" >
      <name>rte1_156</name>
      <ele>160.60</ele>
    </rtept>
    <rtept lat="45.46584263" lon="15.27020351" >
      <name>rte1_157</name>
      <ele>160.00</ele>
    </rtept>
    <rtept lat="45.46589637" lon="15.27030607" >
      <name>rte1_158</name>
      <ele>160.00</ele>
    </rtept>
    <rtept lat="45.46591875" lon="15.27035733" >
      <name>rte1_159</name>
      <ele>160.00</ele>
    </rtept>
    <rtept lat="45.46594561" lon="15.27041501" >
      <name>rte1_160</name>
      <ele>161.20</ele>
    </rtept>
    <rtept lat="45.46596795" lon="15.27047906" >
      <name>rte1_161</name>
      <ele>161.20</ele>
    </rtept>
    <rtept lat="45.46599479" lon="15.27054313" >
      <name>rte1_162</name>
      <ele>161.00</ele>
    </rtept>
    <rtept lat="45.46602162" lon="15.27061359" >
      <name>rte1_163</name>
      <ele>161.00</ele>
    </rtept>
    <rtept lat="45.46604843" lon="15.27069045" >
      <name>rte1_164</name>
      <ele>161.00</ele>
    </rtept>
    <rtept lat="45.46607076" lon="15.27076089" >
      <name>rte1_165</name>
      <ele>161.00</ele>
    </rtept>
    <rtept lat="45.46609309" lon="15.27083134" >
      <name>rte1_166</name>
      <ele>160.90</ele>
    </rtept>
    <rtept lat="45.46611992" lon="15.27090180" >
      <name>rte1_167</name>
      <ele>160.90</ele>
    </rtept>
    <rtept lat="45.46614225" lon="15.27097225" >
      <name>rte1_168</name>
      <ele>160.90</ele>
    </rtept>
    <rtept lat="45.46616457" lon="15.27104269" >
      <name>rte1_169</name>
      <ele>160.90</ele>
    </rtept>
    <rtept lat="45.46618242" lon="15.27110672" >
      <name>rte1_170</name>
      <ele>163.00</ele>
    </rtept>
    <rtept lat="45.46620476" lon="15.27117077" >
      <name>rte1_171</name>
      <ele>161.40</ele>
    </rtept>
    <rtept lat="45.46622260" lon="15.27123480" >
      <name>rte1_172</name>
      <ele>161.40</ele>
    </rtept>
    <rtept lat="45.46624496" lon="15.27129245" >
      <name>rte1_173</name>
      <ele>161.40</ele>
    </rtept>
    <rtept lat="45.46626281" lon="15.27135648" >
      <name>rte1_174</name>
      <ele>161.40</ele>
    </rtept>
    <rtept lat="45.46629853" lon="15.27147175" >
      <name>rte1_175</name>
      <ele>161.00</ele>
    </rtept>
    <rtept lat="45.46631637" lon="15.27153577" >
      <name>rte1_176</name>
      <ele>161.00</ele>
    </rtept>
    <rtept lat="45.46633423" lon="15.27159341" >
      <name>rte1_177</name>
      <ele>161.00</ele>
    </rtept>
    <rtept lat="45.46636545" lon="15.27170866" >
      <name>rte1_178</name>
      <ele>161.00</ele>
    </rtept>
    <rtept lat="45.46638331" lon="15.27176629" >
      <name>rte1_179</name>
      <ele>161.00</ele>
    </rtept>
    <rtept lat="45.46639665" lon="15.27183030" >
      <name>rte1_180</name>
      <ele>163.30</ele>
    </rtept>
    <rtept lat="45.46641451" lon="15.27188793" >
      <name>rte1_181</name>
      <ele>163.30</ele>
    </rtept>
    <rtept lat="45.46642786" lon="15.27195194" >
      <name>rte1_182</name>
      <ele>163.30</ele>
    </rtept>
    <rtept lat="45.46644571" lon="15.27200957" >
      <name>rte1_183</name>
      <ele>163.30</ele>
    </rtept>
    <rtept lat="45.46645906" lon="15.27207358" >
      <name>rte1_184</name>
      <ele>163.30</ele>
    </rtept>
    <rtept lat="45.46647240" lon="15.27213758" >
      <name>rte1_185</name>
      <ele>162.90</ele>
    </rtept>
    <rtept lat="45.46649025" lon="15.27220161" >
      <name>rte1_186</name>
      <ele>162.90</ele>
    </rtept>
    <rtept lat="45.46650359" lon="15.27226562" >
      <name>rte1_187</name>
      <ele>162.90</ele>
    </rtept>
    <rtept lat="45.46651692" lon="15.27233602" >
      <name>rte1_188</name>
      <ele>162.90</ele>
    </rtept>
    <rtept lat="45.46653476" lon="15.27240005" >
      <name>rte1_189</name>
      <ele>162.90</ele>
    </rtept>
    <rtept lat="45.46654808" lon="15.27247684" >
      <name>rte1_190</name>
      <ele>161.30</ele>
    </rtept>
    <rtept lat="45.46656141" lon="15.27254724" >
      <name>rte1_191</name>
      <ele>161.30</ele>
    </rtept>
    <rtept lat="45.46657922" lon="15.27262406" >
      <name>rte1_192</name>
      <ele>161.30</ele>
    </rtept>
    <rtept lat="45.46659253" lon="15.27270086" >
      <name>rte1_193</name>
      <ele>161.30</ele>
    </rtept>
    <rtept lat="45.46661033" lon="15.27278407" >
      <name>rte1_194</name>
      <ele>161.00</ele>
    </rtept>
    <rtept lat="45.46661916" lon="15.27285445" >
      <name>rte1_195</name>
      <ele>164.50</ele>
    </rtept>
    <rtept lat="45.46663699" lon="15.27292487" >
      <name>rte1_196</name>
      <ele>164.50</ele>
    </rtept>
    <rtept lat="45.46665033" lon="15.27298888" >
      <name>rte1_197</name>
      <ele>164.50</ele>
    </rtept>
    <rtept lat="45.46666367" lon="15.27305288" >
      <name>rte1_198</name>
      <ele>164.50</ele>
    </rtept>
    <rtept lat="45.46669489" lon="15.27316813" >
      <name>rte1_199</name>
      <ele>163.50</ele>
    </rtept>
    <rtept lat="45.46673062" lon="15.27327701" >
      <name>rte1_200</name>
      <ele>163.50</ele>
    </rtept>
    <rtept lat="45.46677085" lon="15.27338591" >
      <name>rte1_201</name>
      <ele>163.50</ele>
    </rtept>
    <rtept lat="45.46682010" lon="15.27348845" >
      <name>rte1_202</name>
      <ele>161.70</ele>
    </rtept>
    <rtept lat="45.46684697" lon="15.27353974" >
      <name>rte1_203</name>
      <ele>165.90</ele>
    </rtept>
    <rtept lat="45.46687833" lon="15.27359744" >
      <name>rte1_204</name>
      <ele>165.90</ele>
    </rtept>
    <rtept lat="45.46690970" lon="15.27364875" >
      <name>rte1_205</name>
      <ele>165.90</ele>
    </rtept>
    <rtept lat="45.46695004" lon="15.27371288" >
      <name>rte1_206</name>
      <ele>160.00</ele>
    </rtept>
    <rtept lat="45.46731163" lon="15.27489120" >
      <name>rte1_207</name>
      <ele>193.39</ele>
    </rtept>
    <rtept lat="45.46729793" lon="15.27497426" >
      <name>rte1_208</name>
      <ele>193.39</ele>
    </rtept>
    <rtept lat="45.46728423" lon="15.27505731" >
      <name>rte1_209</name>
      <ele>194.74</ele>
    </rtept>
    <rtept lat="45.46727055" lon="15.27513398" >
      <name>rte1_210</name>
      <ele>183.76</ele>
    </rtept>
    <rtept lat="45.46725685" lon="15.27521704" >
      <name>rte1_211</name>
      <ele>183.76</ele>
    </rtept>
    <rtept lat="45.46724317" lon="15.27529370" >
      <name>rte1_212</name>
      <ele>183.76</ele>
    </rtept>
    <rtept lat="45.46723398" lon="15.27537039" >
      <name>rte1_213</name>
      <ele>187.60</ele>
    </rtept>
    <rtept lat="45.46722031" lon="15.27544066" >
      <name>rte1_214</name>
      <ele>187.60</ele>
    </rtept>
    <rtept lat="45.46721113" lon="15.27551735" >
      <name>rte1_215</name>
      <ele>187.60</ele>
    </rtept>
    <rtept lat="45.46719744" lon="15.27559401" >
      <name>rte1_216</name>
      <ele>187.60</ele>
    </rtept>
    <rtept lat="45.46718828" lon="15.27566430" >
      <name>rte1_217</name>
      <ele>184.29</ele>
    </rtept>
    <rtept lat="45.46717461" lon="15.27573457" >
      <name>rte1_218</name>
      <ele>184.29</ele>
    </rtept>
    <rtept lat="45.46716094" lon="15.27580484" >
      <name>rte1_219</name>
      <ele>184.29</ele>
    </rtept>
    <rtept lat="45.46715175" lon="15.27588153" >
      <name>rte1_220</name>
      <ele>184.29</ele>
    </rtept>
    <rtept lat="45.46713808" lon="15.27595180" >
      <name>rte1_221</name>
      <ele>190.00</ele>
    </rtept>
    <rtept lat="45.46712892" lon="15.27602209" >
      <name>rte1_222</name>
      <ele>190.00</ele>
    </rtept>
    <rtept lat="45.46711525" lon="15.27609236" >
      <name>rte1_223</name>
      <ele>190.00</ele>
    </rtept>
    <rtept lat="45.46710158" lon="15.27616263" >
      <name>rte1_224</name>
      <ele>190.00</ele>
    </rtept>
    <rtept lat="45.46708789" lon="15.27623929" >
      <name>rte1_225</name>
      <ele>190.00</ele>
    </rtept>
    <rtept lat="45.46707422" lon="15.27630956" >
      <name>rte1_226</name>
      <ele>196.67</ele>
    </rtept>
    <rtept lat="45.46706056" lon="15.27637983" >
      <name>rte1_227</name>
      <ele>196.67</ele>
    </rtept>
    <rtept lat="45.46704687" lon="15.27645650" >
      <name>rte1_228</name>
      <ele>189.20</ele>
    </rtept>
    <rtept lat="45.46703319" lon="15.27653316" >
      <name>rte1_229</name>
      <ele>189.20</ele>
    </rtept>
    <rtept lat="45.46701950" lon="15.27660982" >
      <name>rte1_230</name>
      <ele>200.00</ele>
    </rtept>
    <rtept lat="45.46700132" lon="15.27668647" >
      <name>rte1_231</name>
      <ele>200.00</ele>
    </rtept>
    <rtept lat="45.46698763" lon="15.27676313" >
      <name>rte1_232</name>
      <ele>200.00</ele>
    </rtept>
    <rtept lat="45.46696945" lon="15.27683977" >
      <name>rte1_233</name>
      <ele>200.00</ele>
    </rtept>
    <rtept lat="45.46695125" lon="15.27692281" >
      <name>rte1_234</name>
      <ele>195.93</ele>
    </rtept>
    <rtept lat="45.46693305" lon="15.27700584" >
      <name>rte1_235</name>
      <ele>195.93</ele>
    </rtept>
    <rtept lat="45.46691033" lon="15.27709525" >
      <name>rte1_236</name>
      <ele>195.93</ele>
    </rtept>
    <rtept lat="45.46689213" lon="15.27717829" >
      <name>rte1_237</name>
      <ele>195.93</ele>
    </rtept>
    <rtept lat="45.46686942" lon="15.27726769" >
      <name>rte1_238</name>
      <ele>197.79</ele>
    </rtept>
    <rtept lat="45.46685119" lon="15.27736352" >
      <name>rte1_239</name>
      <ele>197.79</ele>
    </rtept>
    <rtept lat="45.46681033" lon="15.27751038" >
      <name>rte1_240</name>
      <ele>194.81</ele>
    </rtept>
    <rtept lat="45.46676948" lon="15.27765725" >
      <name>rte1_241</name>
      <ele>196.29</ele>
    </rtept>
    <rtept lat="45.46672415" lon="15.27779770" >
      <name>rte1_242</name>
      <ele>196.29</ele>
    </rtept>
    <rtept lat="45.46668332" lon="15.27793177" >
      <name>rte1_243</name>
      <ele>194.12</ele>
    </rtept>
    <rtept lat="45.46664250" lon="15.27806585" >
      <name>rte1_244</name>
      <ele>194.12</ele>
    </rtept>
    <rtept lat="45.46660169" lon="15.27819353" >
      <name>rte1_245</name>
      <ele>197.60</ele>
    </rtept>
    <rtept lat="45.46656090" lon="15.27831482" >
      <name>rte1_246</name>
      <ele>189.46</ele>
    </rtept>
    <rtept lat="45.46652011" lon="15.27843611" >
      <name>rte1_247</name>
      <ele>189.46</ele>
    </rtept>
    <rtept lat="45.46647482" lon="15.27855738" >
      <name>rte1_248</name>
      <ele>197.64</ele>
    </rtept>
    <rtept lat="45.46643405" lon="15.27867227" >
      <name>rte1_249</name>
      <ele>197.64</ele>
    </rtept>
    <rtept lat="45.46639327" lon="15.27878716" >
      <name>rte1_250</name>
      <ele>197.64</ele>
    </rtept>
    <rtept lat="45.46635249" lon="15.27890205" >
      <name>rte1_251</name>
      <ele>194.99</ele>
    </rtept>
    <rtept lat="45.46631172" lon="15.27901695" >
      <name>rte1_252</name>
      <ele>194.99</ele>
    </rtept>
    <rtept lat="45.46627096" lon="15.27912545" >
      <name>rte1_253</name>
      <ele>194.99</ele>
    </rtept>
    <rtept lat="45.46623020" lon="15.27923394" >
      <name>rte1_254</name>
      <ele>194.56</ele>
    </rtept>
    <rtept lat="45.46618942" lon="15.27934884" >
      <name>rte1_255</name>
      <ele>194.56</ele>
    </rtept>
    <rtept lat="45.46614866" lon="15.27945734" >
      <name>rte1_256</name>
      <ele>194.56</ele>
    </rtept>
    <rtept lat="45.46610790" lon="15.27956583" >
      <name>rte1_257</name>
      <ele>186.67</ele>
    </rtept>
    <rtept lat="45.46607162" lon="15.27968075" >
      <name>rte1_258</name>
      <ele>186.67</ele>
    </rtept>
    <rtept lat="45.46603085" lon="15.27979564" >
      <name>rte1_259</name>
      <ele>190.00</ele>
    </rtept>
    <rtept lat="45.46599457" lon="15.27991055" >
      <name>rte1_260</name>
      <ele>190.00</ele>
    </rtept>
    <rtept lat="45.46595379" lon="15.28002545" >
      <name>rte1_261</name>
      <ele>190.00</ele>
    </rtept>
    <rtept lat="45.46591751" lon="15.28014036" >
      <name>rte1_262</name>
      <ele>185.85</ele>
    </rtept>
    <rtept lat="45.46588122" lon="15.28026167" >
      <name>rte1_263</name>
      <ele>185.85</ele>
    </rtept>
    <rtept lat="45.46584491" lon="15.28038937" >
      <name>rte1_264</name>
      <ele>185.85</ele>
    </rtept>
    <rtept lat="45.46581310" lon="15.28051709" >
      <name>rte1_265</name>
      <ele>190.00</ele>
    </rtept>
    <rtept lat="45.46577679" lon="15.28064479" >
      <name>rte1_266</name>
      <ele>190.00</ele>
    </rtept>
    <rtept lat="45.46574496" lon="15.28077891" >
      <name>rte1_267</name>
      <ele>190.00</ele>
    </rtept>
    <rtept lat="45.46571312" lon="15.28091942" >
      <name>rte1_268</name>
      <ele>190.00</ele>
    </rtept>
    <rtept lat="45.46568128" lon="15.28105993" >
      <name>rte1_269</name>
      <ele>179.40</ele>
    </rtept>
    <rtept lat="45.46564942" lon="15.28120684" >
      <name>rte1_270</name>
      <ele>179.40</ele>
    </rtept>
    <rtept lat="45.46562203" lon="15.28136655" >
      <name>rte1_271</name>
      <ele>179.40</ele>
    </rtept>
    <rtept lat="45.46509870" lon="15.28193300" >
      <name>rte1_272</name>
      <ele>170.00</ele>
    </rtept>
    <rtept lat="45.46506700" lon="15.28201597" >
      <name>rte1_273</name>
      <ele>172.44</ele>
    </rtept>
    <rtept lat="45.46503530" lon="15.28209893" >
      <name>rte1_274</name>
      <ele>172.44</ele>
    </rtept>
    <rtept lat="45.46500808" lon="15.28218831" >
      <name>rte1_275</name>
      <ele>166.19</ele>
    </rtept>
    <rtept lat="45.46497636" lon="15.28227767" >
      <name>rte1_276</name>
      <ele>166.19</ele>
    </rtept>
    <rtept lat="45.46494916" lon="15.28236065" >
      <name>rte1_277</name>
      <ele>167.11</ele>
    </rtept>
    <rtept lat="45.46491745" lon="15.28245001" >
      <name>rte1_278</name>
      <ele>167.11</ele>
    </rtept>
    <rtept lat="45.46488573" lon="15.28253937" >
      <name>rte1_279</name>
      <ele>167.11</ele>
    </rtept>
    <rtept lat="45.46485401" lon="15.28262872" >
      <name>rte1_280</name>
      <ele>167.11</ele>
    </rtept>
    <rtept lat="45.46482228" lon="15.28272448" >
      <name>rte1_281</name>
      <ele>170.00</ele>
    </rtept>
    <rtept lat="45.46479056" lon="15.28281383" >
      <name>rte1_282</name>
      <ele>170.00</ele>
    </rtept>
    <rtept lat="45.46475433" lon="15.28290956" >
      <name>rte1_283</name>
      <ele>170.00</ele>
    </rtept>
    <rtept lat="45.46472259" lon="15.28300531" >
      <name>rte1_284</name>
      <ele>170.00</ele>
    </rtept>
    <rtept lat="45.46468184" lon="15.28310741" >
      <name>rte1_285</name>
      <ele>170.00</ele>
    </rtept>
    <rtept lat="45.46464559" lon="15.28320953" >
      <name>rte1_286</name>
      <ele>170.00</ele>
    </rtept>
    <rtept lat="45.46460935" lon="15.28331165" >
      <name>rte1_287</name>
      <ele>170.00</ele>
    </rtept>
    <rtept lat="45.46456858" lon="15.28342014" >
      <name>rte1_288</name>
      <ele>170.00</ele>
    </rtept>
    <rtept lat="45.46454144" lon="15.28347755" >
      <name>rte1_289</name>
      <ele>160.00</ele>
    </rtept>
    <rtept lat="45.46451429" lon="15.28354136" >
      <name>rte1_290</name>
      <ele>160.00</ele>
    </rtept>
    <rtept lat="45.46448715" lon="15.28359876" >
      <name>rte1_291</name>
      <ele>160.00</ele>
    </rtept>
    <rtept lat="45.46446001" lon="15.28365617" >
      <name>rte1_292</name>
      <ele>165.26</ele>
    </rtept>
    <rtept lat="45.46441026" lon="15.28375823" >
      <name>rte1_293</name>
      <ele>165.26</ele>
    </rtept>
    <rtept lat="45.46435601" lon="15.28386025" >
      <name>rte1_294</name>
      <ele>165.26</ele>
    </rtept>
    <rtept lat="45.46430630" lon="15.28394952" >
      <name>rte1_295</name>
      <ele>160.00</ele>
    </rtept>
    <rtept lat="45.46425208" lon="15.28403876" >
      <name>rte1_296</name>
      <ele>160.00</ele>
    </rtept>
    <rtept lat="45.46420237" lon="15.28412802" >
      <name>rte1_297</name>
      <ele>160.00</ele>
    </rtept>
    <rtept lat="45.46415265" lon="15.28421729" >
      <name>rte1_298</name>
      <ele>160.00</ele>
    </rtept>
    <rtept lat="45.46410295" lon="15.28430016" >
      <name>rte1_299</name>
      <ele>160.00</ele>
    </rtept>
    <rtept lat="45.46404874" lon="15.28438940" >
      <name>rte1_300</name>
      <ele>160.00</ele>
    </rtept>
    <rtept lat="45.46399902" lon="15.28447866" >
      <name>rte1_301</name>
      <ele>160.00</ele>
    </rtept>
    <rtept lat="45.46394929" lon="15.28457432" >
      <name>rte1_302</name>
      <ele>160.00</ele>
    </rtept>
    <rtept lat="45.46390404" lon="15.28467639" >
      <name>rte1_303</name>
      <ele>160.00</ele>
    </rtept>
    <rtept lat="45.46387692" lon="15.28472741" >
      <name>rte1_304</name>
      <ele>160.00</ele>
    </rtept>
    <rtept lat="45.46385428" lon="15.28478484" >
      <name>rte1_305</name>
      <ele>160.00</ele>
    </rtept>
    <rtept lat="45.46382714" lon="15.28484224" >
      <name>rte1_306</name>
      <ele>160.00</ele>
    </rtept>
    <rtept lat="45.46380448" lon="15.28490607" >
      <name>rte1_307</name>
      <ele>160.00</ele>
    </rtept>
    <rtept lat="45.46378184" lon="15.28496350" >
      <name>rte1_308</name>
      <ele>160.00</ele>
    </rtept>
    <rtept lat="45.46375917" lon="15.28503372" >
      <name>rte1_309</name>
      <ele>160.00</ele>
    </rtept>
    <rtept lat="45.46372295" lon="15.28512305" >
      <name>rte1_310</name>
      <ele>160.00</ele>
    </rtept>
    <rtept lat="45.46368673" lon="15.28521238" >
      <name>rte1_311</name>
      <ele>161.60</ele>
    </rtept>
    <rtept lat="45.46365503" lon="15.28529534" >
      <name>rte1_312</name>
      <ele>160.00</ele>
    </rtept>
    <rtept lat="45.46362782" lon="15.28537832" >
      <name>rte1_313</name>
      <ele>160.00</ele>
    </rtept>
    <rtept lat="45.46360063" lon="15.28545491" >
      <name>rte1_314</name>
      <ele>160.00</ele>
    </rtept>
    <rtept lat="45.46357793" lon="15.28553791" >
      <name>rte1_315</name>
      <ele>160.00</ele>
    </rtept>
    <rtept lat="45.46355524" lon="15.28561453" >
      <name>rte1_316</name>
      <ele>160.00</ele>
    </rtept>
    <rtept lat="45.46353705" lon="15.28569116" >
      <name>rte1_317</name>
      <ele>160.00</ele>
    </rtept>
    <rtept lat="45.46351436" lon="15.28576777" >
      <name>rte1_318</name>
      <ele>160.00</ele>
    </rtept>
    <rtept lat="45.46350067" lon="15.28584443" >
      <name>rte1_319</name>
      <ele>163.40</ele>
    </rtept>
    <rtept lat="45.46348246" lon="15.28592745" >
      <name>rte1_320</name>
      <ele>163.40</ele>
    </rtept>
    <rtept lat="45.46346876" lon="15.28601051" >
      <name>rte1_321</name>
      <ele>163.40</ele>
    </rtept>
    <rtept lat="45.46345055" lon="15.28609353" >
      <name>rte1_322</name>
      <ele>163.40</ele>
    </rtept>
    <rtept lat="45.46343683" lon="15.28618298" >
      <name>rte1_323</name>
      <ele>163.60</ele>
    </rtept>
    <rtept lat="45.46342309" lon="15.28627881" >
      <name>rte1_324</name>
      <ele>160.00</ele>
    </rtept>
    <rtept lat="45.46341383" lon="15.28638107" >
      <name>rte1_325</name>
      <ele>160.00</ele>
    </rtept>
    <rtept lat="45.46329583" lon="15.28678328" >
      <name>rte1_326</name>
      <ele>160.00</ele>
    </rtept>
    <rtept lat="45.46322401" lon="15.28671898" >
      <name>rte1_327</name>
      <ele>160.00</ele>
    </rtept>
    <rtept lat="45.46319661" lon="15.28687868" >
      <name>rte1_328</name>
      <ele>160.00</ele>
    </rtept>
    <rtept lat="45.46316921" lon="15.28703839" >
      <name>rte1_329</name>
      <ele>160.00</ele>
    </rtept>
    <rtept lat="45.46314632" lon="15.28719172" >
      <name>rte1_330</name>
      <ele>160.00</ele>
    </rtept>
    <rtept lat="45.46311896" lon="15.28733864" >
      <name>rte1_331</name>
      <ele>160.00</ele>
    </rtept>
    <rtept lat="45.46309609" lon="15.28748558" >
      <name>rte1_332</name>
      <ele>160.00</ele>
    </rtept>
    <rtept lat="45.46306872" lon="15.28763250" >
      <name>rte1_333</name>
      <ele>160.00</ele>
    </rtept>
    <rtept lat="45.46304588" lon="15.28776665" >
      <name>rte1_334</name>
      <ele>160.00</ele>
    </rtept>
    <rtept lat="45.46301853" lon="15.28790718" >
      <name>rte1_335</name>
      <ele>160.00</ele>
    </rtept>
    <rtept lat="45.46299569" lon="15.28804133" >
      <name>rte1_336</name>
      <ele>160.00</ele>
    </rtept>
    <rtept lat="45.46297286" lon="15.28817548" >
      <name>rte1_337</name>
      <ele>160.00</ele>
    </rtept>
    <rtept lat="45.46294554" lon="15.28830322" >
      <name>rte1_338</name>
      <ele>160.00</ele>
    </rtept>
    <rtept lat="45.46292272" lon="15.28843098" >
      <name>rte1_339</name>
      <ele>160.00</ele>
    </rtept>
    <rtept lat="45.46289539" lon="15.28855871" >
      <name>rte1_340</name>
      <ele>160.00</ele>
    </rtept>
    <rtept lat="45.46286807" lon="15.28868645" >
      <name>rte1_341</name>
      <ele>160.00</ele>
    </rtept>
    <rtept lat="45.46284077" lon="15.28880779" >
      <name>rte1_342</name>
      <ele>160.00</ele>
    </rtept>
    <rtept lat="45.46281345" lon="15.28893553" >
      <name>rte1_343</name>
      <ele>160.00</ele>
    </rtept>
    <rtept lat="45.46278613" lon="15.28906326" >
      <name>rte1_344</name>
      <ele>164.30</ele>
    </rtept>
    <rtept lat="45.46275882" lon="15.28918460" >
      <name>rte1_345</name>
      <ele>164.30</ele>
    </rtept>
    <rtept lat="45.46272700" lon="15.28931231" >
      <name>rte1_346</name>
      <ele>160.00</ele>
    </rtept>
    <rtept lat="45.46269518" lon="15.28944003" >
      <name>rte1_347</name>
      <ele>160.00</ele>
    </rtept>
    <rtept lat="45.46266338" lon="15.28956134" >
      <name>rte1_348</name>
      <ele>160.00</ele>
    </rtept>
    <rtept lat="45.46263154" lon="15.28969545" >
      <name>rte1_349</name>
      <ele>160.00</ele>
    </rtept>
    <rtept lat="45.46259972" lon="15.28982316" >
      <name>rte1_350</name>
      <ele>160.00</ele>
    </rtept>
    <rtept lat="45.46256338" lon="15.28995724" >
      <name>rte1_351</name>
      <ele>160.00</ele>
    </rtept>
    <rtept lat="45.46252705" lon="15.29009132" >
      <name>rte1_352</name>
      <ele>170.80</ele>
    </rtept>
    <rtept lat="45.46248621" lon="15.29022538" >
      <name>rte1_353</name>
      <ele>166.10</ele>
    </rtept>
    <rtept lat="45.46244986" lon="15.29036586" >
      <name>rte1_354</name>
      <ele>168.40</ele>
    </rtept>
    <rtept lat="45.46240900" lon="15.29050631" >
      <name>rte1_355</name>
      <ele>168.40</ele>
    </rtept>
    <rtept lat="45.46236363" lon="15.29065313" >
      <name>rte1_356</name>
      <ele>171.60</ele>
    </rtept>
    <rtept lat="45.46231825" lon="15.29080634" >
      <name>rte1_357</name>
      <ele>171.60</ele>
    </rtept>
    <rtept lat="45.46227286" lon="15.29095956" >
      <name>rte1_358</name>
      <ele>166.40</ele>
    </rtept>
    <rtept lat="45.46222746" lon="15.29111917" >
      <name>rte1_359</name>
      <ele>166.40</ele>
    </rtept>
    <rtept lat="45.46216853" lon="15.29129149" >
      <name>rte1_360</name>
      <ele>166.90</ele>
    </rtept>
    <rtept lat="45.46211861" lon="15.29145747" >
      <name>rte1_361</name>
      <ele>166.90</ele>
    </rtept>
    <rtept lat="45.46206421" lon="15.29161703" >
      <name>rte1_362</name>
      <ele>160.00</ele>
    </rtept>
    <rtept lat="45.46201431" lon="15.29177661" >
      <name>rte1_363</name>
      <ele>160.00</ele>
    </rtept>
    <rtept lat="45.46196442" lon="15.29192980" >
      <name>rte1_364</name>
      <ele>165.45</ele>
    </rtept>
    <rtept lat="45.46191455" lon="15.29207660" >
      <name>rte1_365</name>
      <ele>165.45</ele>
    </rtept>
    <rtept lat="45.46186468" lon="15.29222339" >
      <name>rte1_366</name>
      <ele>165.45</ele>
    </rtept>
    <rtept lat="45.46181483" lon="15.29236380" >
      <name>rte1_367</name>
      <ele>163.57</ele>
    </rtept>
    <rtept lat="45.46176497" lon="15.29250420" >
      <name>rte1_368</name>
      <ele>163.57</ele>
    </rtept>
    <rtept lat="45.46171963" lon="15.29263823" >
      <name>rte1_369</name>
      <ele>165.96</ele>
    </rtept>
    <rtept lat="45.46166980" lon="15.29277224" >
      <name>rte1_370</name>
      <ele>165.96</ele>
    </rtept>
    <rtept lat="45.46162446" lon="15.29290627" >
      <name>rte1_371</name>
      <ele>171.72</ele>
    </rtept>
    <rtept lat="45.46157464" lon="15.29303388" >
      <name>rte1_372</name>
      <ele>162.94</ele>
    </rtept>
    <rtept lat="45.46152481" lon="15.29316149" >
      <name>rte1_373</name>
      <ele>162.94</ele>
    </rtept>
    <rtept lat="45.46147499" lon="15.29328911" >
      <name>rte1_374</name>
      <ele>166.06</ele>
    </rtept>
    <rtept lat="45.46142967" lon="15.29341674" >
      <name>rte1_375</name>
      <ele>166.06</ele>
    </rtept>
    <rtept lat="45.46137535" lon="15.29354433" >
      <name>rte1_376</name>
      <ele>166.09</ele>
    </rtept>
    <rtept lat="45.46132553" lon="15.29367194" >
      <name>rte1_377</name>
      <ele>166.09</ele>
    </rtept>
    <rtept lat="45.46127572" lon="15.29379316" >
      <name>rte1_378</name>
      <ele>166.09</ele>
    </rtept>
    <rtept lat="45.46122140" lon="15.29392075" >
      <name>rte1_379</name>
      <ele>172.07</ele>
    </rtept>
    <rtept lat="45.46116708" lon="15.29404834" >
      <name>rte1_380</name>
      <ele>172.07</ele>
    </rtept>
    <rtept lat="45.46111275" lon="15.29417593" >
      <name>rte1_381</name>
      <ele>170.98</ele>
    </rtept>
    <rtept lat="45.46105392" lon="15.29430988" >
      <name>rte1_382</name>
      <ele>170.98</ele>
    </rtept>
    <rtept lat="45.46099509" lon="15.29443745" >
      <name>rte1_383</name>
      <ele>170.98</ele>
    </rtept>
    <rtept lat="45.46093626" lon="15.29457140" >
      <name>rte1_384</name>
      <ele>181.32</ele>
    </rtept>
    <rtept lat="45.46087290" lon="15.29471173" >
      <name>rte1_385</name>
      <ele>168.33</ele>
    </rtept>
    <rtept lat="45.46080956" lon="15.29484566" >
      <name>rte1_386</name>
      <ele>171.77</ele>
    </rtept>
    <rtept lat="45.46074169" lon="15.29499236" >
      <name>rte1_387</name>
      <ele>171.77</ele>
    </rtept>
    <rtept lat="45.46067384" lon="15.29513266" >
      <name>rte1_388</name>
      <ele>170.00</ele>
    </rtept>
    <rtept lat="45.46060145" lon="15.29528573" >
      <name>rte1_389</name>
      <ele>170.00</ele>
    </rtept>
    <rtept lat="45.46052907" lon="15.29543879" >
      <name>rte1_390</name>
      <ele>169.19</ele>
    </rtept>
    <rtept lat="45.46045666" lon="15.29559825" >
      <name>rte1_391</name>
      <ele>160.00</ele>
    </rtept>
    <rtept lat="45.46040244" lon="15.29568747" >
      <name>rte1_392</name>
      <ele>160.00</ele>
    </rtept>
    <rtept lat="45.46035271" lon="15.29577672" >
      <name>rte1_393</name>
      <ele>163.67</ele>
    </rtept>
    <rtept lat="45.46030299" lon="15.29586597" >
      <name>rte1_394</name>
      <ele>163.67</ele>
    </rtept>
    <rtept lat="45.46025776" lon="15.29595524" >
      <name>rte1_395</name>
      <ele>163.67</ele>
    </rtept>
    <rtept lat="45.46021254" lon="15.29604451" >
      <name>rte1_396</name>
      <ele>160.00</ele>
    </rtept>
    <rtept lat="45.46017183" lon="15.29612741" >
      <name>rte1_397</name>
      <ele>161.09</ele>
    </rtept>
    <rtept lat="45.46013110" lon="15.29621671" >
      <name>rte1_398</name>
      <ele>161.09</ele>
    </rtept>
    <rtept lat="45.46009039" lon="15.29629961" >
      <name>rte1_399</name>
      <ele>161.09</ele>
    </rtept>
    <rtept lat="45.46005418" lon="15.29638253" >
      <name>rte1_400</name>
      <ele>164.11</ele>
    </rtept>
    <rtept lat="45.46001797" lon="15.29646545" >
      <name>rte1_401</name>
      <ele>160.00</ele>
    </rtept>
    <rtept lat="45.45998176" lon="15.29654838" >
      <name>rte1_402</name>
      <ele>160.00</ele>
    </rtept>
    <rtept lat="45.45995005" lon="15.29663133" >
      <name>rte1_403</name>
      <ele>160.00</ele>
    </rtept>
    <rtept lat="45.45991833" lon="15.29671427" >
      <name>rte1_404</name>
      <ele>170.00</ele>
    </rtept>
    <rtept lat="45.45989112" lon="15.29679725" >
      <name>rte1_405</name>
      <ele>170.00</ele>
    </rtept>
    <rtept lat="45.45986389" lon="15.29688661" >
      <name>rte1_406</name>
      <ele>170.00</ele>
    </rtept>
    <rtept lat="45.45983668" lon="15.29696958" >
      <name>rte1_407</name>
      <ele>170.00</ele>
    </rtept>
    <rtept lat="45.45980947" lon="15.29705255" >
      <name>rte1_408</name>
      <ele>162.67</ele>
    </rtept>
    <rtept lat="45.45978674" lon="15.29714194" >
      <name>rte1_409</name>
      <ele>162.60</ele>
    </rtept>
    <rtept lat="45.45975951" lon="15.29723130" >
      <name>rte1_410</name>
      <ele>162.60</ele>
    </rtept>
    <rtept lat="45.45974128" lon="15.29732072" >
      <name>rte1_411</name>
      <ele>162.60</ele>
    </rtept>
    <rtept lat="45.45971854" lon="15.29741010" >
      <name>rte1_412</name>
      <ele>164.20</ele>
    </rtept>
    <rtept lat="45.45970031" lon="15.29749952" >
      <name>rte1_413</name>
      <ele>164.20</ele>
    </rtept>
    <rtept lat="45.45967757" lon="15.29759530" >
      <name>rte1_414</name>
      <ele>164.20</ele>
    </rtept>
    <rtept lat="45.45965932" lon="15.29769110" >
      <name>rte1_415</name>
      <ele>164.00</ele>
    </rtept>
    <rtept lat="45.45964557" lon="15.29778693" >
      <name>rte1_416</name>
      <ele>164.00</ele>
    </rtept>
    <rtept lat="45.45962730" lon="15.29788913" >
      <name>rte1_417</name>
      <ele>164.00</ele>
    </rtept>
    <rtept lat="45.45961354" lon="15.29799135" >
      <name>rte1_418</name>
      <ele>160.00</ele>
    </rtept>
    <rtept lat="45.45959525" lon="15.29809994" >
      <name>rte1_419</name>
      <ele>160.00</ele>
    </rtept>
    <rtept lat="45.45958147" lon="15.29820856" >
      <name>rte1_420</name>
      <ele>160.00</ele>
    </rtept>
    <rtept lat="45.45956769" lon="15.29831717" >
      <name>rte1_421</name>
      <ele>162.60</ele>
    </rtept>
    <rtept lat="45.45955389" lon="15.29843218" >
      <name>rte1_422</name>
      <ele>162.60</ele>
    </rtept>
    <rtept lat="45.45954457" lon="15.29855361" >
      <name>rte1_423</name>
      <ele>162.60</ele>
    </rtept>
    <rtept lat="45.45953082" lon="15.29864943" >
      <name>rte1_424</name>
      <ele>162.20</ele>
    </rtept>
    <rtept lat="45.45952157" lon="15.29874529" >
      <name>rte1_425</name>
      <ele>162.20</ele>
    </rtept>
    <rtept lat="45.45951234" lon="15.29883475" >
      <name>rte1_426</name>
      <ele>162.20</ele>
    </rtept>
    <rtept lat="45.45950312" lon="15.29891781" >
      <name>rte1_427</name>
      <ele>162.20</ele>
    </rtept>
    <rtept lat="45.45949838" lon="15.29900729" >
      <name>rte1_428</name>
      <ele>160.00</ele>
    </rtept>
    <rtept lat="45.45948918" lon="15.29908397" >
      <name>rte1_429</name>
      <ele>160.00</ele>
    </rtept>
    <rtept lat="45.45948446" lon="15.29916705" >
      <name>rte1_430</name>
      <ele>160.00</ele>
    </rtept>
    <rtept lat="45.45947976" lon="15.29924375" >
      <name>rte1_431</name>
      <ele>160.00</ele>
    </rtept>
    <rtept lat="45.45947506" lon="15.29932045" >
      <name>rte1_432</name>
      <ele>160.00</ele>
    </rtept>
    <rtept lat="45.45947036" lon="15.29939714" >
      <name>rte1_433</name>
      <ele>160.00</ele>
    </rtept>
    <rtept lat="45.45946566" lon="15.29947384" >
      <name>rte1_434</name>
      <ele>160.00</ele>
    </rtept>
    <rtept lat="45.45946096" lon="15.29955053" >
      <name>rte1_435</name>
      <ele>160.00</ele>
    </rtept>
    <rtept lat="45.45945626" lon="15.29962723" >
      <name>rte1_436</name>
      <ele>160.00</ele>
    </rtept>
    <rtept lat="45.45945604" lon="15.29971034" >
      <name>rte1_437</name>
      <ele>160.00</ele>
    </rtept>
    <rtept lat="45.45945132" lon="15.29979343" >
      <name>rte1_438</name>
      <ele>160.00</ele>
    </rtept>
    <rtept lat="45.45944658" lon="15.29988292" >
      <name>rte1_439</name>
      <ele>160.00</ele>
    </rtept>
    <rtept lat="45.45958545" lon="15.30011382" >
      <name>rte1_440</name>
      <ele>170.43</ele>
    </rtept>
    <rtept lat="45.45963479" lon="15.30017162" >
      <name>rte1_441</name>
      <ele>170.43</ele>
    </rtept>
    <rtept lat="45.45968411" lon="15.30023582" >
      <name>rte1_442</name>
      <ele>175.41</ele>
    </rtept>
    <rtept lat="45.45972892" lon="15.30030639" >
      <name>rte1_443</name>
      <ele>175.41</ele>
    </rtept>
    <rtept lat="45.45976023" lon="15.30037688" >
      <name>rte1_444</name>
      <ele>175.41</ele>
    </rtept>
    <rtept lat="45.45978250" lon="15.30046012" >
      <name>rte1_445</name>
      <ele>175.41</ele>
    </rtept>
    <rtept lat="45.45979128" lon="15.30054328" >
      <name>rte1_446</name>
      <ele>180.14</ele>
    </rtept>
    <rtept lat="45.45978656" lon="15.30062637" >
      <name>rte1_447</name>
      <ele>180.14</ele>
    </rtept>
    <rtept lat="45.45976831" lon="15.30072217" >
      <name>rte1_448</name>
      <ele>180.14</ele>
    </rtept>
    <rtept lat="45.45973661" lon="15.30079872" >
      <name>rte1_449</name>
      <ele>180.14</ele>
    </rtept>
    <rtept lat="45.45970493" lon="15.30086888" >
      <name>rte1_450</name>
      <ele>187.72</ele>
    </rtept>
    <rtept lat="45.45967775" lon="15.30093906" >
      <name>rte1_451</name>
      <ele>187.72</ele>
    </rtept>
    <rtept lat="45.45965057" lon="15.30100925" >
      <name>rte1_452</name>
      <ele>187.72</ele>
    </rtept>
    <rtept lat="45.45962790" lon="15.30107306" >
      <name>rte1_453</name>
      <ele>187.72</ele>
    </rtept>
    <rtept lat="45.45960074" lon="15.30113685" >
      <name>rte1_454</name>
      <ele>187.72</ele>
    </rtept>
    <rtept lat="45.45958257" lon="15.30120069" >
      <name>rte1_455</name>
      <ele>191.31</ele>
    </rtept>
    <rtept lat="45.45955991" lon="15.30126450" >
      <name>rte1_456</name>
      <ele>187.10</ele>
    </rtept>
    <rtept lat="45.45954174" lon="15.30132834" >
      <name>rte1_457</name>
      <ele>187.10</ele>
    </rtept>
    <rtept lat="45.45952807" lon="15.30139220" >
      <name>rte1_458</name>
      <ele>187.10</ele>
    </rtept>
    <rtept lat="45.45951439" lon="15.30146245" >
      <name>rte1_459</name>
      <ele>187.10</ele>
    </rtept>
    <rtept lat="45.45950520" lon="15.30153273" >
      <name>rte1_460</name>
      <ele>190.99</ele>
    </rtept>
    <rtept lat="45.45949600" lon="15.30160940" >
      <name>rte1_461</name>
      <ele>190.99</ele>
    </rtept>
    <rtept lat="45.45949130" lon="15.30168610" >
      <name>rte1_462</name>
      <ele>190.99</ele>
    </rtept>
    <rtept lat="45.45949108" lon="15.30176921" >
      <name>rte1_463</name>
      <ele>190.99</ele>
    </rtept>
    <rtept lat="45.45949534" lon="15.30185874" >
      <name>rte1_464</name>
      <ele>200.41</ele>
    </rtept>
    <rtept lat="45.45949507" lon="15.30196103" >
      <name>rte1_465</name>
      <ele>200.41</ele>
    </rtept>
    <rtept lat="45.45949929" lon="15.30206335" >
      <name>rte1_466</name>
      <ele>200.41</ele>
    </rtept>
    <rtept lat="45.45949904" lon="15.30215925" >
      <name>rte1_467</name>
      <ele>202.77</ele>
    </rtept>
    <rtept lat="45.45949880" lon="15.30224876" >
      <name>rte1_468</name>
      <ele>202.77</ele>
    </rtept>
    <rtept lat="45.45949856" lon="15.30233826" >
      <name>rte1_469</name>
      <ele>202.77</ele>
    </rtept>
    <rtept lat="45.45950282" lon="15.30242779" >
      <name>rte1_470</name>
      <ele>202.77</ele>
    </rtept>
    <rtept lat="45.45950260" lon="15.30251091" >
      <name>rte1_471</name>
      <ele>207.84</ele>
    </rtept>
    <rtept lat="45.45950238" lon="15.30259402" >
      <name>rte1_472</name>
      <ele>207.84</ele>
    </rtept>
    <rtept lat="45.45950216" lon="15.30267713" >
      <name>rte1_473</name>
      <ele>207.84</ele>
    </rtept>
    <rtept lat="45.45950643" lon="15.30276027" >
      <name>rte1_474</name>
      <ele>207.84</ele>
    </rtept>
    <rtept lat="45.45950621" lon="15.30284338" >
      <name>rte1_475</name>
      <ele>204.78</ele>
    </rtept>
    <rtept lat="45.45951047" lon="15.30293292" >
      <name>rte1_476</name>
      <ele>204.78</ele>
    </rtept>
    <rtept lat="45.45951472" lon="15.30302884" >
      <name>rte1_477</name>
      <ele>204.78</ele>
    </rtept>
    <rtept lat="45.45951896" lon="15.30312476" >
      <name>rte1_478</name>
      <ele>206.51</ele>
    </rtept>
    <rtept lat="45.45952769" lon="15.30322711" >
      <name>rte1_479</name>
      <ele>206.51</ele>
    </rtept>
    <rtept lat="45.45953639" lon="15.30333584" >
      <name>rte1_480</name>
      <ele>206.51</ele>
    </rtept>
    <rtept lat="45.45954065" lon="15.30342537" >
      <name>rte1_481</name>
      <ele>210.00</ele>
    </rtept>
    <rtept lat="45.45954491" lon="15.30351490" >
      <name>rte1_482</name>
      <ele>210.00</ele>
    </rtept>
    <rtept lat="45.45954919" lon="15.30359804" >
      <name>rte1_483</name>
      <ele>210.00</ele>
    </rtept>
    <rtept lat="45.45955345" lon="15.30368757" >
      <name>rte1_484</name>
      <ele>210.00</ele>
    </rtept>
    <rtept lat="45.45955774" lon="15.30376431" >
      <name>rte1_485</name>
      <ele>210.00</ele>
    </rtept>
    <rtept lat="45.45955752" lon="15.30384743" >
      <name>rte1_486</name>
      <ele>210.00</ele>
    </rtept>
    <rtept lat="45.45955730" lon="15.30393054" >
      <name>rte1_487</name>
      <ele>210.00</ele>
    </rtept>
    <rtept lat="45.45955259" lon="15.30400724" >
      <name>rte1_488</name>
      <ele>210.00</ele>
    </rtept>
    <rtept lat="45.45955239" lon="15.30408396" >
      <name>rte1_489</name>
      <ele>207.30</ele>
    </rtept>
    <rtept lat="45.45954768" lon="15.30416065" >
      <name>rte1_490</name>
      <ele>207.30</ele>
    </rtept>
    <rtept lat="45.45954300" lon="15.30423095" >
      <name>rte1_491</name>
      <ele>207.30</ele>
    </rtept>
    <rtept lat="45.45953379" lon="15.30430763" >
      <name>rte1_492</name>
      <ele>207.30</ele>
    </rtept>
    <rtept lat="45.45952461" lon="15.30437790" >
      <name>rte1_493</name>
      <ele>206.00</ele>
    </rtept>
    <rtept lat="45.45951542" lon="15.30444818" >
      <name>rte1_494</name>
      <ele>206.00</ele>
    </rtept>
    <rtept lat="45.45950623" lon="15.30451846" >
      <name>rte1_495</name>
      <ele>206.00</ele>
    </rtept>
    <rtept lat="45.45949255" lon="15.30458871" >
      <name>rte1_496</name>
      <ele>206.00</ele>
    </rtept>
    <rtept lat="45.45947886" lon="15.30465897" >
      <name>rte1_497</name>
      <ele>206.00</ele>
    </rtept>
    <rtept lat="45.45946517" lon="15.30472922" >
      <name>rte1_498</name>
      <ele>208.10</ele>
    </rtept>
    <rtept lat="45.45945149" lon="15.30479947" >
      <name>rte1_499</name>
      <ele>208.10</ele>
    </rtept>
    <rtept lat="45.45943330" lon="15.30486970" >
      <name>rte1_500</name>
      <ele>208.10</ele>
    </rtept>
    <rtept lat="45.45941513" lon="15.30493354" >
      <name>rte1_501</name>
      <ele>208.10</ele>
    </rtept>
    <rtept lat="45.45939245" lon="15.30500374" >
      <name>rte1_502</name>
      <ele>209.90</ele>
    </rtept>
    <rtept lat="45.45936976" lon="15.30507395" >
      <name>rte1_503</name>
      <ele>209.90</ele>
    </rtept>
    <rtept lat="45.45934708" lon="15.30514415" >
      <name>rte1_504</name>
      <ele>209.90</ele>
    </rtept>
    <rtept lat="45.45932439" lon="15.30521435" >
      <name>rte1_505</name>
      <ele>204.60</ele>
    </rtept>
    <rtept lat="45.45929721" lon="15.30528453" >
      <name>rte1_506</name>
      <ele>204.60</ele>
    </rtept>
    <rtept lat="45.45927001" lon="15.30536111" >
      <name>rte1_507</name>
      <ele>210.00</ele>
    </rtept>
    <rtept lat="45.45924282" lon="15.30543129" >
      <name>rte1_508</name>
      <ele>210.00</ele>
    </rtept>
    <rtept lat="45.45921112" lon="15.30550784" >
      <name>rte1_509</name>
      <ele>210.00</ele>
    </rtept>
    <rtept lat="45.45917944" lon="15.30557799" >
      <name>rte1_510</name>
      <ele>210.00</ele>
    </rtept>
    <rtept lat="45.45914774" lon="15.30565454" >
      <name>rte1_511</name>
      <ele>210.00</ele>
    </rtept>
    <rtept lat="45.45911602" lon="15.30573748" >
      <name>rte1_512</name>
      <ele>210.00</ele>
    </rtept>
    <rtept lat="45.45908435" lon="15.30580124" >
      <name>rte1_513</name>
      <ele>200.00</ele>
    </rtept>
    <rtept lat="45.45905270" lon="15.30585861" >
      <name>rte1_514</name>
      <ele>200.00</ele>
    </rtept>
    <rtept lat="45.45902103" lon="15.30592237" >
      <name>rte1_515</name>
      <ele>200.00</ele>
    </rtept>
    <rtept lat="45.45899388" lon="15.30597976" >
      <name>rte1_516</name>
      <ele>200.00</ele>
    </rtept>
    <rtept lat="45.45896223" lon="15.30603713" >
      <name>rte1_517</name>
      <ele>200.00</ele>
    </rtept>
    <rtept lat="45.45893508" lon="15.30609452" >
      <name>rte1_518</name>
      <ele>200.00</ele>
    </rtept>
    <rtept lat="45.45890343" lon="15.30615189" >
      <name>rte1_519</name>
      <ele>200.00</ele>
    </rtept>
    <rtept lat="45.45887630" lon="15.30620289" >
      <name>rte1_520</name>
      <ele>193.56</ele>
    </rtept>
    <rtept lat="45.45884915" lon="15.30626028" >
      <name>rte1_521</name>
      <ele>193.56</ele>
    </rtept>
    <rtept lat="45.45882202" lon="15.30631128" >
      <name>rte1_522</name>
      <ele>197.50</ele>
    </rtept>
    <rtept lat="45.45876775" lon="15.30641328" >
      <name>rte1_523</name>
      <ele>197.50</ele>
    </rtept>
    <rtept lat="45.45874062" lon="15.30646428" >
      <name>rte1_524</name>
      <ele>197.50</ele>
    </rtept>
    <rtept lat="45.45871796" lon="15.30652169" >
      <name>rte1_525</name>
      <ele>197.50</ele>
    </rtept>
    <rtept lat="45.45867270" lon="15.30662374" >
      <name>rte1_526</name>
      <ele>200.00</ele>
    </rtept>
    <rtept lat="45.45862743" lon="15.30672579" >
      <name>rte1_527</name>
      <ele>170.00</ele>
    </rtept>
    <rtept lat="45.45858664" lon="15.30683425" >
      <name>rte1_528</name>
      <ele>170.00</ele>
    </rtept>
    <rtept lat="45.45855034" lon="15.30694913" >
      <name>rte1_529</name>
      <ele>179.71</ele>
    </rtept>
    <rtept lat="45.45852303" lon="15.30706406" >
      <name>rte1_530</name>
      <ele>179.71</ele>
    </rtept>
    <rtept lat="45.45850936" lon="15.30712792" >
      <name>rte1_531</name>
      <ele>179.71</ele>
    </rtept>
    <rtept lat="45.45849569" lon="15.30719178" >
      <name>rte1_532</name>
      <ele>179.71</ele>
    </rtept>
    <rtept lat="45.45848652" lon="15.30725566" >
      <name>rte1_533</name>
      <ele>184.47</ele>
    </rtept>
    <rtept lat="45.45847735" lon="15.30731955" >
      <name>rte1_534</name>
      <ele>184.47</ele>
    </rtept>
    <rtept lat="45.45846816" lon="15.30738982" >
      <name>rte1_535</name>
      <ele>184.47</ele>
    </rtept>
    <rtept lat="45.45846345" lon="15.30746652" >
      <name>rte1_536</name>
      <ele>184.47</ele>
    </rtept>
    <rtept lat="45.45845876" lon="15.30753682" >
      <name>rte1_537</name>
      <ele>184.47</ele>
    </rtept>
    <rtept lat="45.45845853" lon="15.30761993" >
      <name>rte1_538</name>
      <ele>180.00</ele>
    </rtept>
    <rtept lat="45.45845371" lon="15.30774137" >
      <name>rte1_539</name>
      <ele>180.00</ele>
    </rtept>
    <rtept lat="45.45845338" lon="15.30786285" >
      <name>rte1_540</name>
      <ele>180.00</ele>
    </rtept>
    <rtept lat="45.45845306" lon="15.30797792" >
      <name>rte1_541</name>
      <ele>181.02</ele>
    </rtept>
    <rtept lat="45.45845277" lon="15.30808661" >
      <name>rte1_542</name>
      <ele>181.02</ele>
    </rtept>
    <rtept lat="45.45845699" lon="15.30818892" >
      <name>rte1_543</name>
      <ele>181.02</ele>
    </rtept>
    <rtept lat="45.45845671" lon="15.30829121" >
      <name>rte1_544</name>
      <ele>183.62</ele>
    </rtept>
    <rtept lat="45.45846095" lon="15.30838714" >
      <name>rte1_545</name>
      <ele>183.62</ele>
    </rtept>
    <rtept lat="45.45846068" lon="15.30848943" >
      <name>rte1_546</name>
      <ele>183.62</ele>
    </rtept>
    <rtept lat="45.45846041" lon="15.30858533" >
      <name>rte1_547</name>
      <ele>186.50</ele>
    </rtept>
    <rtept lat="45.45846014" lon="15.30868762" >
      <name>rte1_548</name>
      <ele>186.50</ele>
    </rtept>
    <rtept lat="45.45845538" lon="15.30878349" >
      <name>rte1_549</name>
      <ele>186.50</ele>
    </rtept>
    <rtept lat="45.45845058" lon="15.30889215" >
      <name>rte1_550</name>
      <ele>190.00</ele>
    </rtept>
    <rtept lat="45.45844130" lon="15.30899439" >
      <name>rte1_551</name>
      <ele>190.00</ele>
    </rtept>
    <rtept lat="45.45842749" lon="15.30910940" >
      <name>rte1_552</name>
      <ele>190.00</ele>
    </rtept>
    <rtept lat="45.45841368" lon="15.30922440" >
      <name>rte1_553</name>
      <ele>173.87</ele>
    </rtept>
    <rtept lat="45.45840451" lon="15.30928828" >
      <name>rte1_554</name>
      <ele>173.87</ele>
    </rtept>
    <rtept lat="45.45839534" lon="15.30935216" >
      <name>rte1_555</name>
      <ele>173.87</ele>
    </rtept>
    <rtept lat="45.45837710" lon="15.30944157" >
      <name>rte1_556</name>
      <ele>173.87</ele>
    </rtept>
    <rtept lat="45.45835886" lon="15.30953098" >
      <name>rte1_557</name>
      <ele>177.95</ele>
    </rtept>
    <rtept lat="45.45834513" lon="15.30961401" >
      <name>rte1_558</name>
      <ele>177.95</ele>
    </rtept>
    <rtept lat="45.45832689" lon="15.30970342" >
      <name>rte1_559</name>
      <ele>177.95</ele>
    </rtept>
    <rtept lat="45.45831318" lon="15.30978006" >
      <name>rte1_560</name>
      <ele>177.95</ele>
    </rtept>
    <rtept lat="45.45829946" lon="15.30986310" >
      <name>rte1_561</name>
      <ele>178.28</ele>
    </rtept>
    <rtept lat="45.45828125" lon="15.30993972" >
      <name>rte1_562</name>
      <ele>178.28</ele>
    </rtept>
    <rtept lat="45.45826755" lon="15.31001636" >
      <name>rte1_563</name>
      <ele>178.28</ele>
    </rtept>
    <rtept lat="45.45824934" lon="15.31009298" >
      <name>rte1_564</name>
      <ele>178.28</ele>
    </rtept>
    <rtept lat="45.45823565" lon="15.31016323" >
      <name>rte1_565</name>
      <ele>183.48</ele>
    </rtept>
    <rtept lat="45.45822196" lon="15.31023348" >
      <name>rte1_566</name>
      <ele>183.48</ele>
    </rtept>
    <rtept lat="45.45820377" lon="15.31030371" >
      <name>rte1_567</name>
      <ele>183.48</ele>
    </rtept>
    <rtept lat="45.45819008" lon="15.31037396" >
      <name>rte1_568</name>
      <ele>168.86</ele>
    </rtept>
    <rtept lat="45.45817189" lon="15.31044418" >
      <name>rte1_569</name>
      <ele>170.00</ele>
    </rtept>
    <rtept lat="45.45815370" lon="15.31051441" >
      <name>rte1_570</name>
      <ele>170.00</ele>
    </rtept>
    <rtept lat="45.45814001" lon="15.31058466" >
      <name>rte1_571</name>
      <ele>170.00</ele>
    </rtept>
    <rtept lat="45.45812184" lon="15.31064849" >
      <name>rte1_572</name>
      <ele>170.00</ele>
    </rtept>
    <rtept lat="45.45810365" lon="15.31071872" >
      <name>rte1_573</name>
      <ele>170.00</ele>
    </rtept>
    <rtept lat="45.45808546" lon="15.31078894" >
      <name>rte1_574</name>
      <ele>180.39</ele>
    </rtept>
    <rtept lat="45.45806279" lon="15.31085275" >
      <name>rte1_575</name>
      <ele>180.39</ele>
    </rtept>
    <rtept lat="45.45804460" lon="15.31092297" >
      <name>rte1_576</name>
      <ele>180.39</ele>
    </rtept>
    <rtept lat="45.45802641" lon="15.31099320" >
      <name>rte1_577</name>
      <ele>180.39</ele>
    </rtept>
    <rtept lat="45.45800372" lon="15.31106340" >
      <name>rte1_578</name>
      <ele>180.39</ele>
    </rtept>
    <rtept lat="45.45798103" lon="15.31113360" >
      <name>rte1_579</name>
      <ele>187.86</ele>
    </rtept>
    <rtept lat="45.45795833" lon="15.31121019" >
      <name>rte1_580</name>
      <ele>169.29</ele>
    </rtept>
    <rtept lat="45.45793564" lon="15.31128039" >
      <name>rte1_581</name>
      <ele>169.29</ele>
    </rtept>
    <rtept lat="45.45791293" lon="15.31135699" >
      <name>rte1_582</name>
      <ele>169.29</ele>
    </rtept>
    <rtept lat="45.45788573" lon="15.31143355" >
      <name>rte1_583</name>
      <ele>179.77</ele>
    </rtept>
    <rtept lat="45.45785852" lon="15.31151012" >
      <name>rte1_584</name>
      <ele>179.77</ele>
    </rtept>
    <rtept lat="45.45783130" lon="15.31159308" >
      <name>rte1_585</name>
      <ele>179.77</ele>
    </rtept>
    <rtept lat="45.45780407" lon="15.31167604" >
      <name>rte1_586</name>
      <ele>179.77</ele>
    </rtept>
    <rtept lat="45.45777683" lon="15.31176540" >
      <name>rte1_587</name>
      <ele>186.03</ele>
    </rtept>
    <rtept lat="45.45771792" lon="15.31191851" >
      <name>rte1_588</name>
      <ele>174.67</ele>
    </rtept>
    <rtept lat="45.45766799" lon="15.31207806" >
      <name>rte1_589</name>
      <ele>178.03</ele>
    </rtept>
    <rtept lat="45.45761808" lon="15.31223122" >
      <name>rte1_590</name>
      <ele>178.03</ele>
    </rtept>
    <rtept lat="45.45757268" lon="15.31237801" >
      <name>rte1_591</name>
      <ele>179.12</ele>
    </rtept>
    <rtept lat="45.45753178" lon="15.31252483" >
      <name>rte1_592</name>
      <ele>179.12</ele>
    </rtept>
    <rtept lat="45.45749090" lon="15.31266525" >
      <name>rte1_593</name>
      <ele>172.31</ele>
    </rtept>
    <rtept lat="45.45745452" lon="15.31280570" >
      <name>rte1_594</name>
      <ele>172.31</ele>
    </rtept>
    <rtept lat="45.45741814" lon="15.31294615" >
      <name>rte1_595</name>
      <ele>172.31</ele>
    </rtept>
    <rtept lat="45.45738626" lon="15.31308662" >
      <name>rte1_596</name>
      <ele>170.00</ele>
    </rtept>
    <rtept lat="45.45735439" lon="15.31322070" >
      <name>rte1_597</name>
      <ele>170.00</ele>
    </rtept>
    <rtept lat="45.45732703" lon="15.31335480" >
      <name>rte1_598</name>
      <ele>174.90</ele>
    </rtept>
    <rtept lat="45.45729966" lon="15.31348891" >
      <name>rte1_599</name>
      <ele>174.90</ele>
    </rtept>
    <rtept lat="45.45727680" lon="15.31362304" >
      <name>rte1_600</name>
      <ele>168.05</ele>
    </rtept>
    <rtept lat="45.45725393" lon="15.31375717" >
      <name>rte1_601</name>
      <ele>168.05</ele>
    </rtept>
    <rtept lat="45.45723106" lon="15.31389130" >
      <name>rte1_602</name>
      <ele>168.05</ele>
    </rtept>
    <rtept lat="45.45721271" lon="15.31401906" >
      <name>rte1_603</name>
      <ele>172.20</ele>
    </rtept>
    <rtept lat="45.45718984" lon="15.31415318" >
      <name>rte1_604</name>
      <ele>172.20</ele>
    </rtept>
    <rtept lat="45.45717148" lon="15.31428734" >
      <name>rte1_605</name>
      <ele>180.00</ele>
    </rtept>
    <rtept lat="45.45715309" lon="15.31442788" >
      <name>rte1_606</name>
      <ele>180.00</ele>
    </rtept>
    <rtept lat="45.45713922" lon="15.31456206" >
      <name>rte1_607</name>
      <ele>180.00</ele>
    </rtept>
    <rtept lat="45.45712083" lon="15.31470261" >
      <name>rte1_608</name>
      <ele>176.30</ele>
    </rtept>
    <rtept lat="45.45710695" lon="15.31484318" >
      <name>rte1_609</name>
      <ele>176.30</ele>
    </rtept>
    <rtept lat="45.45708856" lon="15.31498373" >
      <name>rte1_610</name>
      <ele>174.50</ele>
    </rtept>
    <rtept lat="45.45707465" lon="15.31513069" >
      <name>rte1_611</name>
      <ele>174.50</ele>
    </rtept>
    <rtept lat="45.45705625" lon="15.31527763" >
      <name>rte1_612</name>
      <ele>170.00</ele>
    </rtept>
    <rtept lat="45.45704234" lon="15.31542459" >
      <name>rte1_613</name>
      <ele>170.00</ele>
    </rtept>
    <rtept lat="45.45702390" lon="15.31558432" >
      <name>rte1_614</name>
      <ele>168.22</ele>
    </rtept>
    <rtept lat="45.45700548" lon="15.31573765" >
      <name>rte1_615</name>
      <ele>168.22</ele>
    </rtept>
    <rtept lat="45.45698702" lon="15.31590377" >
      <name>rte1_616</name>
      <ele>167.14</ele>
    </rtept>
    <rtept lat="45.45696856" lon="15.31606989" >
      <name>rte1_617</name>
      <ele>167.14</ele>
    </rtept>
    <rtept lat="45.45695010" lon="15.31623600" >
      <name>rte1_618</name>
      <ele>170.00</ele>
    </rtept>
    <rtept lat="45.45693160" lon="15.31641491" >
      <name>rte1_619</name>
      <ele>170.00</ele>
    </rtept>
    <rtept lat="45.45691786" lon="15.31650433" >
      <name>rte1_620</name>
      <ele>170.00</ele>
    </rtept>
    <rtept lat="45.45691311" lon="15.31659381" >
      <name>rte1_621</name>
      <ele>170.00</ele>
    </rtept>
    <rtept lat="45.45690838" lon="15.31667690" >
      <name>rte1_622</name>
      <ele>170.00</ele>
    </rtept>
    <rtept lat="45.45690365" lon="15.31675998" >
      <name>rte1_623</name>
      <ele>170.00</ele>
    </rtept>
    <rtept lat="45.45690793" lon="15.31683672" >
      <name>rte1_624</name>
      <ele>170.00</ele>
    </rtept>
    <rtept lat="45.45690772" lon="15.31691344" >
      <name>rte1_625</name>
      <ele>170.00</ele>
    </rtept>
    <rtept lat="45.45691200" lon="15.31699018" >
      <name>rte1_626</name>
      <ele>170.00</ele>
    </rtept>
    <rtept lat="45.45691631" lon="15.31706053" >
      <name>rte1_627</name>
      <ele>170.00</ele>
    </rtept>
    <rtept lat="45.45692059" lon="15.31713727" >
      <name>rte1_628</name>
      <ele>170.00</ele>
    </rtept>
    <rtept lat="45.45692938" lon="15.31721404" >
      <name>rte1_629</name>
      <ele>170.00</ele>
    </rtept>
    <rtept lat="45.45693366" lon="15.31729078" >
      <name>rte1_630</name>
      <ele>170.00</ele>
    </rtept>
    <rtept lat="45.45694244" lon="15.31736754" >
      <name>rte1_631</name>
      <ele>170.00</ele>
    </rtept>
    <rtept lat="45.45694671" lon="15.31745068" >
      <name>rte1_632</name>
      <ele>170.00</ele>
    </rtept>
    <rtept lat="45.45695098" lon="15.31753381" >
      <name>rte1_633</name>
      <ele>170.00</ele>
    </rtept>
    <rtept lat="45.45695521" lon="15.31762974" >
      <name>rte1_634</name>
      <ele>170.00</ele>
    </rtept>
    <rtept lat="45.45695944" lon="15.31772566" >
      <name>rte1_635</name>
      <ele>170.00</ele>
    </rtept>
    <rtept lat="45.45695915" lon="15.31782794" >
      <name>rte1_636</name>
      <ele>170.00</ele>
    </rtept>
    <rtept lat="45.45695887" lon="15.31793023" >
      <name>rte1_637</name>
      <ele>170.00</ele>
    </rtept>
    <rtept lat="45.45695860" lon="15.31802613" >
      <name>rte1_638</name>
      <ele>170.00</ele>
    </rtept>
    <rtept lat="45.45695833" lon="15.31812202" >
      <name>rte1_639</name>
      <ele>170.00</ele>
    </rtept>
    <rtept lat="45.45695806" lon="15.31821792" >
      <name>rte1_640</name>
      <ele>170.00</ele>
    </rtept>
    <rtept lat="45.45695331" lon="15.31830740" >
      <name>rte1_641</name>
      <ele>170.00</ele>
    </rtept>
    <rtept lat="45.45695304" lon="15.31840329" >
      <name>rte1_642</name>
      <ele>170.00</ele>
    </rtept>
    <rtept lat="45.45694831" lon="15.31848637" >
      <name>rte1_643</name>
      <ele>171.83</ele>
    </rtept>
    <rtept lat="45.45694356" lon="15.31857585" >
      <name>rte1_644</name>
      <ele>171.83</ele>
    </rtept>
    <rtept lat="45.45693883" lon="15.31865894" >
      <name>rte1_645</name>
      <ele>171.83</ele>
    </rtept>
    <rtept lat="45.45692958" lon="15.31874839" >
      <name>rte1_646</name>
      <ele>172.10</ele>
    </rtept>
    <rtept lat="45.45692485" lon="15.31883147" >
      <name>rte1_647</name>
      <ele>172.10</ele>
    </rtept>
    <rtept lat="45.45691563" lon="15.31890814" >
      <name>rte1_648</name>
      <ele>172.10</ele>
    </rtept>
    <rtept lat="45.45690640" lon="15.31899119" >
      <name>rte1_649</name>
      <ele>172.10</ele>
    </rtept>
    <rtept lat="45.45689717" lon="15.31907425" >
      <name>rte1_650</name>
      <ele>175.74</ele>
    </rtept>
    <rtept lat="45.45688346" lon="15.31915089" >
      <name>rte1_651</name>
      <ele>175.74</ele>
    </rtept>
    <rtept lat="45.45687424" lon="15.31922756" >
      <name>rte1_652</name>
      <ele>175.74</ele>
    </rtept>
    <rtept lat="45.45686051" lon="15.31931059" >
      <name>rte1_653</name>
      <ele>175.74</ele>
    </rtept>
    <rtept lat="45.45684230" lon="15.31938720" >
      <name>rte1_654</name>
      <ele>180.29</ele>
    </rtept>
    <rtept lat="45.45682408" lon="15.31946382" >
      <name>rte1_655</name>
      <ele>180.29</ele>
    </rtept>
    <rtept lat="45.45680585" lon="15.31954682" >
      <name>rte1_656</name>
      <ele>162.81</ele>
    </rtept>
    <rtept lat="45.45678764" lon="15.31962344" >
      <name>rte1_657</name>
      <ele>162.81</ele>
    </rtept>
    <rtept lat="45.45676941" lon="15.31970645" >
      <name>rte1_658</name>
      <ele>171.43</ele>
    </rtept>
    <rtept lat="45.45674670" lon="15.31978303" >
      <name>rte1_659</name>
      <ele>171.43</ele>
    </rtept>
    <rtept lat="45.45671947" lon="15.31986599" >
      <name>rte1_660</name>
      <ele>171.43</ele>
    </rtept>
    <rtept lat="45.45669224" lon="15.31994894" >
      <name>rte1_661</name>
      <ele>171.43</ele>
    </rtept>
    <rtept lat="45.45666501" lon="15.32003190" >
      <name>rte1_662</name>
      <ele>180.88</ele>
    </rtept>
    <rtept lat="45.45663778" lon="15.32011486" >
      <name>rte1_663</name>
      <ele>180.88</ele>
    </rtept>
    <rtept lat="45.45660605" lon="15.32019778" >
      <name>rte1_664</name>
      <ele>180.88</ele>
    </rtept>
    <rtept lat="45.45656981" lon="15.32028708" >
      <name>rte1_665</name>
      <ele>170.29</ele>
    </rtept>
    <rtept lat="45.45653808" lon="15.32037001" >
      <name>rte1_666</name>
      <ele>179.80</ele>
    </rtept>
    <rtept lat="45.45650181" lon="15.32046570" >
      <name>rte1_667</name>
      <ele>179.80</ele>
    </rtept>
    <rtept lat="45.45647467" lon="15.32051669" >
      <name>rte1_668</name>
      <ele>179.80</ele>
    </rtept>
    <rtept lat="45.45645201" lon="15.32057410" >
      <name>rte1_669</name>
      <ele>179.80</ele>
    </rtept>
    <rtept lat="45.45640673" lon="15.32067613" >
      <name>rte1_670</name>
      <ele>194.64</ele>
    </rtept>
    <rtept lat="45.45636597" lon="15.32077179" >
      <name>rte1_671</name>
      <ele>194.64</ele>
    </rtept>
    <rtept lat="45.45632521" lon="15.32086746" >
      <name>rte1_672</name>
      <ele>172.81</ele>
    </rtept>
    <rtept lat="45.45628894" lon="15.32096315" >
      <name>rte1_673</name>
      <ele>172.81</ele>
    </rtept>
    <rtept lat="45.45624821" lon="15.32104602" >
      <name>rte1_674</name>
      <ele>189.92</ele>
    </rtept>
    <rtept lat="45.45620747" lon="15.32113529" >
      <name>rte1_675</name>
      <ele>189.92</ele>
    </rtept>
    <rtept lat="45.45617124" lon="15.32121820" >
      <name>rte1_676</name>
      <ele>189.92</ele>
    </rtept>
    <rtept lat="45.45612601" lon="15.32130105" >
      <name>rte1_677</name>
      <ele>181.40</ele>
    </rtept>
    <rtept lat="45.45608530" lon="15.32137753" >
      <name>rte1_678</name>
      <ele>181.40</ele>
    </rtept>
    <rtept lat="45.45604007" lon="15.32146038" >
      <name>rte1_679</name>
      <ele>181.40</ele>
    </rtept>
    <rtept lat="45.45599035" lon="15.32154321" >
      <name>rte1_680</name>
      <ele>181.40</ele>
    </rtept>
    <rtept lat="45.45594062" lon="15.32162603" >
      <name>rte1_681</name>
      <ele>200.11</ele>
    </rtept>
    <rtept lat="45.45588189" lon="15.32170881" >
      <name>rte1_682</name>
      <ele>175.15</ele>
    </rtept>
    <rtept lat="45.45582315" lon="15.32179797" >
      <name>rte1_683</name>
      <ele>175.15</ele>
    </rtept>
    <rtept lat="45.45575991" lon="15.32188711" >
      <name>rte1_684</name>
      <ele>175.15</ele>
    </rtept>
    <rtept lat="45.45507327" lon="15.32285491" >
      <name>rte1_685</name>
      <ele>163.70</ele>
    </rtept>
    <rtept lat="45.45478869" lon="15.32324963" >
      <name>rte1_686</name>
      <ele>176.05</ele>
    </rtept>
    <rtept lat="45.45449017" lon="15.32379770" >
      <name>rte1_687</name>
      <ele>171.20</ele>
    </rtept>
    <rtept lat="45.45422363" lon="15.32417974" >
      <name>rte1_688</name>
      <ele>170.49</ele>
    </rtept>
    <rtept lat="45.45400190" lon="15.32461956" >
      <name>rte1_689</name>
      <ele>169.68</ele>
    </rtept>
    <rtept lat="45.45375322" lon="15.32504644" >
      <name>rte1_690</name>
      <ele>165.22</ele>
    </rtept>
    <rtept lat="45.45360367" lon="15.32542275" >
      <name>rte1_691</name>
      <ele>160.00</ele>
    </rtept>
    <rtept lat="45.45329587" lon="15.32606663" >
      <name>rte1_692</name>
      <ele>175.67</ele>
    </rtept>
    <rtept lat="45.45318994" lon="15.32691625" >
      <name>rte1_693</name>
      <ele>171.26</ele>
    </rtept>
    <rtept lat="45.45318054" lon="15.32705683" >
      <name>rte1_694</name>
      <ele>168.21</ele>
    </rtept>
    <rtept lat="45.45316596" lon="15.32743392" >
      <name>rte1_695</name>
      <ele>171.13</ele>
    </rtept>
    <rtept lat="45.45316548" lon="15.32760013" >
      <name>rte1_696</name>
      <ele>171.13</ele>
    </rtept>
    <rtept lat="45.45333764" lon="15.32874542" >
      <name>rte1_697</name>
      <ele>171.55</ele>
    </rtept>
    <rtept lat="45.45336438" lon="15.32883508" >
      <name>rte1_698</name>
      <ele>171.55</ele>
    </rtept>
    <rtept lat="45.45339111" lon="15.32892473" >
      <name>rte1_699</name>
      <ele>171.55</ele>
    </rtept>
    <rtept lat="45.45341337" lon="15.32900797" >
      <name>rte1_700</name>
      <ele>166.45</ele>
    </rtept>
    <rtept lat="45.45344014" lon="15.32908484" >
      <name>rte1_701</name>
      <ele>176.88</ele>
    </rtept>
    <rtept lat="45.45346691" lon="15.32916171" >
      <name>rte1_702</name>
      <ele>176.88</ele>
    </rtept>
    <rtept lat="45.45349369" lon="15.32923858" >
      <name>rte1_703</name>
      <ele>176.88</ele>
    </rtept>
    <rtept lat="45.45351598" lon="15.32930903" >
      <name>rte1_704</name>
      <ele>172.42</ele>
    </rtept>
    <rtept lat="45.45354277" lon="15.32937950" >
      <name>rte1_705</name>
      <ele>172.42</ele>
    </rtept>
    <rtept lat="45.45357408" lon="15.32944362" >
      <name>rte1_706</name>
      <ele>172.42</ele>
    </rtept>
    <rtept lat="45.45360087" lon="15.32951409" >
      <name>rte1_707</name>
      <ele>172.42</ele>
    </rtept>
    <rtept lat="45.45363216" lon="15.32958460" >
      <name>rte1_708</name>
      <ele>170.00</ele>
    </rtept>
    <rtept lat="45.45365893" lon="15.32966147" >
      <name>rte1_709</name>
      <ele>175.00</ele>
    </rtept>
    <rtept lat="45.45369472" lon="15.32973200" >
      <name>rte1_710</name>
      <ele>175.00</ele>
    </rtept>
    <rtept lat="45.45373050" lon="15.32980892" >
      <name>rte1_711</name>
      <ele>175.00</ele>
    </rtept>
    <rtept lat="45.45376625" lon="15.32989223" >
      <name>rte1_712</name>
      <ele>175.00</ele>
    </rtept>
    <rtept lat="45.45380648" lon="15.32998197" >
      <name>rte1_713</name>
      <ele>173.57</ele>
    </rtept>
    <rtept lat="45.45384671" lon="15.33007170" >
      <name>rte1_714</name>
      <ele>173.57</ele>
    </rtept>
    <rtept lat="45.45388697" lon="15.33015505" >
      <name>rte1_715</name>
      <ele>181.22</ele>
    </rtept>
    <rtept lat="45.45392270" lon="15.33024475" >
      <name>rte1_716</name>
      <ele>180.00</ele>
    </rtept>
    <rtept lat="45.45396297" lon="15.33032170" >
      <name>rte1_717</name>
      <ele>180.00</ele>
    </rtept>
    <rtept lat="45.45399872" lon="15.33040502" >
      <name>rte1_718</name>
      <ele>180.00</ele>
    </rtept>
    <rtept lat="45.45403449" lon="15.33048194" >
      <name>rte1_719</name>
      <ele>180.00</ele>
    </rtept>
    <rtept lat="45.45407026" lon="15.33055887" >
      <name>rte1_720</name>
      <ele>173.41</ele>
    </rtept>
    <rtept lat="45.45410603" lon="15.33063579" >
      <name>rte1_721</name>
      <ele>185.20</ele>
    </rtept>
    <rtept lat="45.45414182" lon="15.33070632" >
      <name>rte1_722</name>
      <ele>185.20</ele>
    </rtept>
    <rtept lat="45.45417761" lon="15.33077685" >
      <name>rte1_723</name>
      <ele>185.20</ele>
    </rtept>
    <rtept lat="45.45420890" lon="15.33084736" >
      <name>rte1_724</name>
      <ele>185.20</ele>
    </rtept>
    <rtept lat="45.45424469" lon="15.33091789" >
      <name>rte1_725</name>
      <ele>177.65</ele>
    </rtept>
    <rtept lat="45.45428050" lon="15.33098203" >
      <name>rte1_726</name>
      <ele>177.65</ele>
    </rtept>
    <rtept lat="45.45431629" lon="15.33105256" >
      <name>rte1_727</name>
      <ele>185.56</ele>
    </rtept>
    <rtept lat="45.45434759" lon="15.33111667" >
      <name>rte1_728</name>
      <ele>185.56</ele>
    </rtept>
    <rtept lat="45.45438340" lon="15.33118081" >
      <name>rte1_729</name>
      <ele>185.56</ele>
    </rtept>
    <rtept lat="45.45441919" lon="15.33125134" >
      <name>rte1_730</name>
      <ele>181.29</ele>
    </rtept>
    <rtept lat="45.45445500" lon="15.33131548" >
      <name>rte1_731</name>
      <ele>181.29</ele>
    </rtept>
    <rtept lat="45.45449080" lon="15.33137962" >
      <name>rte1_732</name>
      <ele>181.29</ele>
    </rtept>
    <rtept lat="45.45452661" lon="15.33144376" >
      <name>rte1_733</name>
      <ele>181.29</ele>
    </rtept>
    <rtept lat="45.45456692" lon="15.33150793" >
      <name>rte1_734</name>
      <ele>170.00</ele>
    </rtept>
    <rtept lat="45.45460723" lon="15.33157209" >
      <name>rte1_735</name>
      <ele>170.00</ele>
    </rtept>
    <rtept lat="45.45464301" lon="15.33164263" >
      <name>rte1_736</name>
      <ele>170.00</ele>
    </rtept>
    <rtept lat="45.45468782" lon="15.33170682" >
      <name>rte1_737</name>
      <ele>170.00</ele>
    </rtept>
    <rtept lat="45.45472811" lon="15.33177738" >
      <name>rte1_738</name>
      <ele>170.00</ele>
    </rtept>
    <rtept lat="45.45477291" lon="15.33184157" >
      <name>rte1_739</name>
      <ele>186.47</ele>
    </rtept>
    <rtept lat="45.45481320" lon="15.33191213" >
      <name>rte1_740</name>
      <ele>186.47</ele>
    </rtept>
    <rtept lat="45.45486249" lon="15.33198274" >
      <name>rte1_741</name>
      <ele>186.47</ele>
    </rtept>
    <rtept lat="45.45490725" lon="15.33205972" >
      <name>rte1_742</name>
      <ele>186.47</ele>
    </rtept>
    <rtept lat="45.45495654" lon="15.33213034" >
      <name>rte1_743</name>
      <ele>186.47</ele>
    </rtept>
    <rtept lat="45.45501031" lon="15.33220737" >
      <name>rte1_744</name>
      <ele>190.00</ele>
    </rtept>
    <rtept lat="45.45506405" lon="15.33229079" >
      <name>rte1_745</name>
      <ele>190.00</ele>
    </rtept>
    <rtept lat="45.45514916" lon="15.33241915" >
      <name>rte1_746</name>
      <ele>190.00</ele>
    </rtept>
    <rtept lat="45.45523429" lon="15.33254112" >
      <name>rte1_747</name>
      <ele>187.07</ele>
    </rtept>
    <rtept lat="45.45531492" lon="15.33266307" >
      <name>rte1_748</name>
      <ele>187.07</ele>
    </rtept>
    <rtept lat="45.45539557" lon="15.33277862" >
      <name>rte1_749</name>
      <ele>187.07</ele>
    </rtept>
    <rtept lat="45.45547172" lon="15.33289414" >
      <name>rte1_750</name>
      <ele>189.73</ele>
    </rtept>
    <rtept lat="45.45554787" lon="15.33300966" >
      <name>rte1_751</name>
      <ele>189.73</ele>
    </rtept>
    <rtept lat="45.45562404" lon="15.33311879" >
      <name>rte1_752</name>
      <ele>180.37</ele>
    </rtept>
    <rtept lat="45.45569571" lon="15.33322790" >
      <name>rte1_753</name>
      <ele>192.01</ele>
    </rtept>
    <rtept lat="45.45576288" lon="15.33333698" >
      <name>rte1_754</name>
      <ele>192.01</ele>
    </rtept>
    <rtept lat="45.45583455" lon="15.33344608" >
      <name>rte1_755</name>
      <ele>180.84</ele>
    </rtept>
    <rtept lat="45.45590174" lon="15.33354877" >
      <name>rte1_756</name>
      <ele>192.56</ele>
    </rtept>
    <rtept lat="45.45596890" lon="15.33365785" >
      <name>rte1_757</name>
      <ele>192.56</ele>
    </rtept>
    <rtept lat="45.45603159" lon="15.33376051" >
      <name>rte1_758</name>
      <ele>179.03</ele>
    </rtept>
    <rtept lat="45.45609428" lon="15.33386317" >
      <name>rte1_759</name>
      <ele>179.03</ele>
    </rtept>
    <rtept lat="45.45615695" lon="15.33397222" >
      <name>rte1_760</name>
      <ele>192.50</ele>
    </rtept>
    <rtept lat="45.45621964" lon="15.33407488" >
      <name>rte1_761</name>
      <ele>177.12</ele>
    </rtept>
    <rtept lat="45.45627781" lon="15.33418391" >
      <name>rte1_762</name>
      <ele>177.12</ele>
    </rtept>
    <rtept lat="45.45633598" lon="15.33429294" >
      <name>rte1_763</name>
      <ele>197.12</ele>
    </rtept>
    <rtept lat="45.45639865" lon="15.33440199" >
      <name>rte1_764</name>
      <ele>186.65</ele>
    </rtept>
    <rtept lat="45.45645682" lon="15.33451102" >
      <name>rte1_765</name>
      <ele>186.65</ele>
    </rtept>
    <rtept lat="45.45651497" lon="15.33462644" >
      <name>rte1_766</name>
      <ele>186.65</ele>
    </rtept>
    <rtept lat="45.45656862" lon="15.33474184" >
      <name>rte1_767</name>
      <ele>187.11</ele>
    </rtept>
    <rtept lat="45.45662677" lon="15.33485726" >
      <name>rte1_768</name>
      <ele>187.11</ele>
    </rtept>
    <rtept lat="45.45668490" lon="15.33497907" >
      <name>rte1_769</name>
      <ele>187.11</ele>
    </rtept>
    <rtept lat="45.45674302" lon="15.33510728" >
      <name>rte1_770</name>
      <ele>177.30</ele>
    </rtept>
    <rtept lat="45.45679663" lon="15.33523546" >
      <name>rte1_771</name>
      <ele>183.61</ele>
    </rtept>
    <rtept lat="45.45685472" lon="15.33537006" >
      <name>rte1_772</name>
      <ele>178.70</ele>
    </rtept>
    <rtept lat="45.45691282" lon="15.33550467" >
      <name>rte1_773</name>
      <ele>178.70</ele>
    </rtept>
    <rtept lat="45.45697089" lon="15.33564566" >
      <name>rte1_774</name>
      <ele>178.70</ele>
    </rtept>
    <rtept lat="45.45702895" lon="15.33579305" >
      <name>rte1_775</name>
      <ele>179.36</ele>
    </rtept>
    <rtept lat="45.45708698" lon="15.33594683" >
      <name>rte1_776</name>
      <ele>179.36</ele>
    </rtept>
    <rtept lat="45.45714950" lon="15.33610703" >
      <name>rte1_777</name>
      <ele>176.11</ele>
    </rtept>
    <rtept lat="45.45718075" lon="15.33619033" >
      <name>rte1_778</name>
      <ele>176.11</ele>
    </rtept>
    <rtept lat="45.45720750" lon="15.33627360" >
      <name>rte1_779</name>
      <ele>176.11</ele>
    </rtept>
    <rtept lat="45.45723875" lon="15.33635690" >
      <name>rte1_780</name>
      <ele>183.75</ele>
    </rtept>
    <rtept lat="45.45726551" lon="15.33643378" >
      <name>rte1_781</name>
      <ele>183.75</ele>
    </rtept>
    <rtept lat="45.45729226" lon="15.33651705" >
      <name>rte1_782</name>
      <ele>183.75</ele>
    </rtept>
    <rtept lat="45.45731903" lon="15.33659393" >
      <name>rte1_783</name>
      <ele>183.75</ele>
    </rtept>
    <rtept lat="45.45734580" lon="15.33667080" >
      <name>rte1_784</name>
      <ele>180.26</ele>
    </rtept>
    <rtept lat="45.45736809" lon="15.33674126" >
      <name>rte1_785</name>
      <ele>180.26</ele>
    </rtept>
    <rtept lat="45.45739485" lon="15.33681814" >
      <name>rte1_786</name>
      <ele>180.26</ele>
    </rtept>
    <rtept lat="45.45741714" lon="15.33688860" >
      <name>rte1_787</name>
      <ele>180.26</ele>
    </rtept>
    <rtept lat="45.45743943" lon="15.33695906" >
      <name>rte1_788</name>
      <ele>169.04</ele>
    </rtept>
    <rtept lat="45.45745722" lon="15.33702949" >
      <name>rte1_789</name>
      <ele>183.41</ele>
    </rtept>
    <rtept lat="45.45747951" lon="15.33709995" >
      <name>rte1_790</name>
      <ele>183.41</ele>
    </rtept>
    <rtept lat="45.45749729" lon="15.33717038" >
      <name>rte1_791</name>
      <ele>183.41</ele>
    </rtept>
    <rtept lat="45.45751508" lon="15.33724081" >
      <name>rte1_792</name>
      <ele>183.41</ele>
    </rtept>
    <rtept lat="45.45753737" lon="15.33731127" >
      <name>rte1_793</name>
      <ele>177.65</ele>
    </rtept>
    <rtept lat="45.45755066" lon="15.33738167" >
      <name>rte1_794</name>
      <ele>177.65</ele>
    </rtept>
    <rtept lat="45.45756843" lon="15.33745850" >
      <name>rte1_795</name>
      <ele>177.65</ele>
    </rtept>
    <rtept lat="45.45758621" lon="15.33752893" >
      <name>rte1_796</name>
      <ele>177.65</ele>
    </rtept>
    <rtept lat="45.45759950" lon="15.33759934" >
      <name>rte1_797</name>
      <ele>173.47</ele>
    </rtept>
    <rtept lat="45.45761727" lon="15.33767616" >
      <name>rte1_798</name>
      <ele>173.47</ele>
    </rtept>
    <rtept lat="45.45763054" lon="15.33775296" >
      <name>rte1_799</name>
      <ele>173.47</ele>
    </rtept>
    <rtept lat="45.45764381" lon="15.33782976" >
      <name>rte1_800</name>
      <ele>173.47</ele>
    </rtept>
    <rtept lat="45.45766158" lon="15.33790658" >
      <name>rte1_801</name>
      <ele>173.47</ele>
    </rtept>
    <rtept lat="45.45767485" lon="15.33798338" >
      <name>rte1_802</name>
      <ele>184.50</ele>
    </rtept>
    <rtept lat="45.45768810" lon="15.33806657" >
      <name>rte1_803</name>
      <ele>184.50</ele>
    </rtept>
    <rtept lat="45.45770135" lon="15.33814976" >
      <name>rte1_804</name>
      <ele>184.50</ele>
    </rtept>
    <rtept lat="45.45771008" lon="15.33823932" >
      <name>rte1_805</name>
      <ele>178.62</ele>
    </rtept>
    <rtept lat="45.45772333" lon="15.33832251" >
      <name>rte1_806</name>
      <ele>178.62</ele>
    </rtept>
    <rtept lat="45.45773654" lon="15.33841849" >
      <name>rte1_807</name>
      <ele>178.62</ele>
    </rtept>
    <rtept lat="45.45774978" lon="15.33850807" >
      <name>rte1_808</name>
      <ele>178.62</ele>
    </rtept>
    <rtept lat="45.45776297" lon="15.33861045" >
      <name>rte1_809</name>
      <ele>174.23</ele>
    </rtept>
    <rtept lat="45.45777610" lon="15.33873200" >
      <name>rte1_810</name>
      <ele>174.23</ele>
    </rtept>
    <rtept lat="45.45778924" lon="15.33885355" >
      <name>rte1_811</name>
      <ele>174.23</ele>
    </rtept>
    <rtept lat="45.45780687" lon="15.33897512" >
      <name>rte1_812</name>
      <ele>175.22</ele>
    </rtept>
    <rtept lat="45.45782001" lon="15.33909667" >
      <name>rte1_813</name>
      <ele>175.22</ele>
    </rtept>
    <rtept lat="45.45783316" lon="15.33921183" >
      <name>rte1_814</name>
      <ele>168.57</ele>
    </rtept>
    <rtept lat="45.45784634" lon="15.33932060" >
      <name>rte1_815</name>
      <ele>168.57</ele>
    </rtept>
    <rtept lat="45.45785951" lon="15.33942936" >
      <name>rte1_816</name>
      <ele>168.57</ele>
    </rtept>
    <rtept lat="45.45787268" lon="15.33953812" >
      <name>rte1_817</name>
      <ele>180.00</ele>
    </rtept>
    <rtept lat="45.45788136" lon="15.33964686" >
      <name>rte1_818</name>
      <ele>180.00</ele>
    </rtept>
    <rtept lat="45.45789453" lon="15.33975563" >
      <name>rte1_819</name>
      <ele>180.00</ele>
    </rtept>
    <rtept lat="45.45790322" lon="15.33985797" >
      <name>rte1_820</name>
      <ele>174.23</ele>
    </rtept>
    <rtept lat="45.45791191" lon="15.33996031" >
      <name>rte1_821</name>
      <ele>174.23</ele>
    </rtept>
    <rtept lat="45.45792061" lon="15.34006266" >
      <name>rte1_822</name>
      <ele>174.23</ele>
    </rtept>
    <rtept lat="45.45792480" lon="15.34016498" >
      <name>rte1_823</name>
      <ele>180.54</ele>
    </rtept>
    <rtept lat="45.45793351" lon="15.34026093" >
      <name>rte1_824</name>
      <ele>180.54</ele>
    </rtept>
    <rtept lat="45.45793770" lon="15.34036324" >
      <name>rte1_825</name>
      <ele>180.54</ele>
    </rtept>
    <rtept lat="45.45793740" lon="15.34046553" >
      <name>rte1_826</name>
      <ele>180.54</ele>
    </rtept>
    <rtept lat="45.45793711" lon="15.34056143" >
      <name>rte1_827</name>
      <ele>180.58</ele>
    </rtept>
    <rtept lat="45.45793680" lon="15.34066372" >
      <name>rte1_828</name>
      <ele>180.58</ele>
    </rtept>
    <rtept lat="45.45793650" lon="15.34076601" >
      <name>rte1_829</name>
      <ele>180.58</ele>
    </rtept>
    <rtept lat="45.45793171" lon="15.34086188" >
      <name>rte1_830</name>
      <ele>181.89</ele>
    </rtept>
    <rtept lat="45.45792690" lon="15.34096414" >
      <name>rte1_831</name>
      <ele>181.89</ele>
    </rtept>
    <rtept lat="45.45791760" lon="15.34106638" >
      <name>rte1_832</name>
      <ele>181.89</ele>
    </rtept>
    <rtept lat="45.45790827" lon="15.34117501" >
      <name>rte1_833</name>
      <ele>186.00</ele>
    </rtept>
    <rtept lat="45.45789447" lon="15.34127722" >
      <name>rte1_834</name>
      <ele>186.00</ele>
    </rtept>
    <rtept lat="45.45788064" lon="15.34138582" >
      <name>rte1_835</name>
      <ele>186.00</ele>
    </rtept>
    <rtept lat="45.45786232" lon="15.34149439" >
      <name>rte1_836</name>
      <ele>170.62</ele>
    </rtept>
    <rtept lat="45.45784400" lon="15.34160296" >
      <name>rte1_837</name>
      <ele>170.62</ele>
    </rtept>
    <rtept lat="45.45782115" lon="15.34171790" >
      <name>rte1_838</name>
      <ele>170.62</ele>
    </rtept>
    <rtept lat="45.45779381" lon="15.34183282" >
      <name>rte1_839</name>
      <ele>175.89</ele>
    </rtept>
    <rtept lat="45.45776645" lon="15.34195412" >
      <name>rte1_840</name>
      <ele>175.89</ele>
    </rtept>
    <rtept lat="45.45773909" lon="15.34207542" >
      <name>rte1_841</name>
      <ele>183.91</ele>
    </rtept>
    <rtept lat="45.45771636" lon="15.34215201" >
      <name>rte1_842</name>
      <ele>183.91</ele>
    </rtept>
    <rtept lat="45.45769364" lon="15.34222859" >
      <name>rte1_843</name>
      <ele>183.91</ele>
    </rtept>
    <rtept lat="45.45767543" lon="15.34229880" >
      <name>rte1_844</name>
      <ele>183.91</ele>
    </rtept>
    <rtept lat="45.45765270" lon="15.34237538" >
      <name>rte1_845</name>
      <ele>183.91</ele>
    </rtept>
    <rtept lat="45.45763449" lon="15.34244559" >
      <name>rte1_846</name>
      <ele>170.62</ele>
    </rtept>
    <rtept lat="45.45761180" lon="15.34250939" >
      <name>rte1_847</name>
      <ele>170.62</ele>
    </rtept>
    <rtept lat="45.45759359" lon="15.34257960" >
      <name>rte1_848</name>
      <ele>170.62</ele>
    </rtept>
    <rtept lat="45.45757540" lon="15.34264342" >
      <name>rte1_849</name>
      <ele>170.62</ele>
    </rtept>
    <rtept lat="45.45755272" lon="15.34270722" >
      <name>rte1_850</name>
      <ele>170.62</ele>
    </rtept>
    <rtept lat="45.45753455" lon="15.34276465" >
      <name>rte1_851</name>
      <ele>177.41</ele>
    </rtept>
    <rtept lat="45.45751636" lon="15.34282847" >
      <name>rte1_852</name>
      <ele>177.41</ele>
    </rtept>
    <rtept lat="45.45749819" lon="15.34288590" >
      <name>rte1_853</name>
      <ele>177.41</ele>
    </rtept>
    <rtept lat="45.45747550" lon="15.34294969" >
      <name>rte1_854</name>
      <ele>177.41</ele>
    </rtept>
    <rtept lat="45.45745733" lon="15.34300712" >
      <name>rte1_855</name>
      <ele>177.41</ele>
    </rtept>
    <rtept lat="45.45742098" lon="15.34312197" >
      <name>rte1_856</name>
      <ele>170.32</ele>
    </rtept>
    <rtept lat="45.45739831" lon="15.34317937" >
      <name>rte1_857</name>
      <ele>170.32</ele>
    </rtept>
    <rtept lat="45.45738012" lon="15.34324319" >
      <name>rte1_858</name>
      <ele>170.32</ele>
    </rtept>
    <rtept lat="45.45736195" lon="15.34330062" >
      <name>rte1_859</name>
      <ele>170.32</ele>
    </rtept>
    <rtept lat="45.45733928" lon="15.34335802" >
      <name>rte1_860</name>
      <ele>185.72</ele>
    </rtept>
    <rtept lat="45.45732111" lon="15.34341545" >
      <name>rte1_861</name>
      <ele>185.72</ele>
    </rtept>
    <rtept lat="45.45729842" lon="15.34347924" >
      <name>rte1_862</name>
      <ele>185.72</ele>
    </rtept>
    <rtept lat="45.45728023" lon="15.34354306" >
      <name>rte1_863</name>
      <ele>185.72</ele>
    </rtept>
    <rtept lat="45.45725756" lon="15.34360046" >
      <name>rte1_864</name>
      <ele>185.72</ele>
    </rtept>
    <rtept lat="45.45723937" lon="15.34366428" >
      <name>rte1_865</name>
      <ele>185.72</ele>
    </rtept>
    <rtept lat="45.45721666" lon="15.34373447" >
      <name>rte1_866</name>
      <ele>186.98</ele>
    </rtept>
    <rtept lat="45.45719398" lon="15.34379826" >
      <name>rte1_867</name>
      <ele>173.48</ele>
    </rtept>
    <rtept lat="45.45717127" lon="15.34386845" >
      <name>rte1_868</name>
      <ele>173.48</ele>
    </rtept>
    <rtept lat="45.45714856" lon="15.34393863" >
      <name>rte1_869</name>
      <ele>173.48</ele>
    </rtept>
    <rtept lat="45.45712583" lon="15.34401521" >
      <name>rte1_870</name>
      <ele>179.40</ele>
    </rtept>
    <rtept lat="45.45710312" lon="15.34408540" >
      <name>rte1_871</name>
      <ele>179.40</ele>
    </rtept>
    <rtept lat="45.45708037" lon="15.34416837" >
      <name>rte1_872</name>
      <ele>179.40</ele>
    </rtept>
    <rtept lat="45.45706212" lon="15.34425137" >
      <name>rte1_873</name>
      <ele>179.40</ele>
    </rtept>
    <rtept lat="45.45707537" lon="15.34433456" >
      <name>rte1_874</name>
      <ele>185.33</ele>
    </rtept>
    <rtept lat="45.45711113" lon="15.34441150" >
      <name>rte1_875</name>
      <ele>185.33</ele>
    </rtept>
    <rtept lat="45.45716489" lon="15.34448855" >
      <name>rte1_876</name>
      <ele>185.33</ele>
    </rtept>
    <rtept lat="45.45760104" lon="15.34458072" >
      <name>rte1_877</name>
      <ele>200.00</ele>
    </rtept>
    <rtept lat="45.45770446" lon="15.34460053" >
      <name>rte1_878</name>
      <ele>207.96</ele>
    </rtept>
    <rtept lat="45.45782137" lon="15.34462682" >
      <name>rte1_879</name>
      <ele>207.96</ele>
    </rtept>
    <rtept lat="45.45804611" lon="15.34469852" >
      <name>rte1_880</name>
      <ele>204.58</ele>
    </rtept>
    <rtept lat="45.45839236" lon="15.34476458" >
      <name>rte1_881</name>
      <ele>213.42</ele>
    </rtept>
    <rtept lat="45.45865291" lon="15.34490043" >
      <name>rte1_882</name>
      <ele>220.43</ele>
    </rtept>
    <rtept lat="45.45898527" lon="15.34509427" >
      <name>rte1_883</name>
      <ele>220.00</ele>
    </rtept>
    <rtept lat="45.45934474" lon="15.34524992" >
      <name>rte1_884</name>
      <ele>230.00</ele>
    </rtept>
    <rtept lat="45.46004644" lon="15.34531176" >
      <name>rte1_885</name>
      <ele>226.30</ele>
    </rtept>
    <rtept lat="45.46015442" lon="15.34531243" >
      <name>rte1_886</name>
      <ele>227.40</ele>
    </rtept>
    <rtept lat="45.46036169" lon="15.34521140" >
      <name>rte1_887</name>
      <ele>227.51</ele>
    </rtept>
    <rtept lat="45.46043395" lon="15.34512234" >
      <name>rte1_888</name>
      <ele>227.51</ele>
    </rtept>
    <rtept lat="45.46060601" lon="15.34476535" >
      <name>rte1_889</name>
      <ele>227.08</ele>
    </rtept>
    <rtept lat="45.46074194" lon="15.34445290" >
      <name>rte1_890</name>
      <ele>232.86</ele>
    </rtept>
    <rtept lat="45.46089609" lon="15.34406384" >
      <name>rte1_891</name>
      <ele>230.00</ele>
    </rtept>
    <rtept lat="45.46099116" lon="15.34387261" >
      <name>rte1_892</name>
      <ele>230.00</ele>
    </rtept>
    <rtept lat="45.46134204" lon="15.34389394" >
      <name>rte1_893</name>
      <ele>226.22</ele>
    </rtept>
    <rtept lat="45.46134626" lon="15.34398347" >
      <name>rte1_894</name>
      <ele>226.22</ele>
    </rtept>
    <rtept lat="45.46135501" lon="15.34406664" >
      <name>rte1_895</name>
      <ele>217.10</ele>
    </rtept>
    <rtept lat="45.46136374" lon="15.34415621" >
      <name>rte1_896</name>
      <ele>217.10</ele>
    </rtept>
    <rtept lat="45.46138148" lon="15.34423943" >
      <name>rte1_897</name>
      <ele>217.10</ele>
    </rtept>
    <rtept lat="45.46139473" lon="15.34432263" >
      <name>rte1_898</name>
      <ele>217.10</ele>
    </rtept>
    <rtept lat="45.46141697" lon="15.34440589" >
      <name>rte1_899</name>
      <ele>214.94</ele>
    </rtept>
    <rtept lat="45.46143924" lon="15.34448275" >
      <name>rte1_900</name>
      <ele>214.94</ele>
    </rtept>
    <rtept lat="45.46146600" lon="15.34455963" >
      <name>rte1_901</name>
      <ele>214.94</ele>
    </rtept>
    <rtept lat="45.46149726" lon="15.34463655" >
      <name>rte1_902</name>
      <ele>210.62</ele>
    </rtept>
    <rtept lat="45.46152852" lon="15.34471346" >
      <name>rte1_903</name>
      <ele>212.09</ele>
    </rtept>
    <rtept lat="45.46156880" lon="15.34478404" >
      <name>rte1_904</name>
      <ele>212.09</ele>
    </rtept>
    <rtept lat="45.46160906" lon="15.34486101" >
      <name>rte1_905</name>
      <ele>212.09</ele>
    </rtept>
    <rtept lat="45.46165384" lon="15.34493162" >
      <name>rte1_906</name>
      <ele>212.09</ele>
    </rtept>
    <rtept lat="45.46170314" lon="15.34499585" >
      <name>rte1_907</name>
      <ele>210.00</ele>
    </rtept>
    <rtept lat="45.46175691" lon="15.34506651" >
      <name>rte1_908</name>
      <ele>210.00</ele>
    </rtept>
    <rtept lat="45.46181519" lon="15.34513720" >
      <name>rte1_909</name>
      <ele>210.00</ele>
    </rtept>
    <rtept lat="45.46188716" lon="15.34514404" >
      <name>rte1_910</name>
      <ele>210.00</ele>
    </rtept>
    <rtept lat="45.46194146" lon="15.34504207" >
      <name>rte1_911</name>
      <ele>210.00</ele>
    </rtept>
    <rtept lat="45.46196419" lon="15.34496549" >
      <name>rte1_912</name>
      <ele>210.00</ele>
    </rtept>
    <rtept lat="45.46199144" lon="15.34488254" >
      <name>rte1_913</name>
      <ele>210.00</ele>
    </rtept>
    <rtept lat="45.46201870" lon="15.34479319" >
      <name>rte1_914</name>
      <ele>210.00</ele>
    </rtept>
    <rtept lat="45.46205491" lon="15.34472308" >
      <name>rte1_915</name>
      <ele>210.00</ele>
    </rtept>
    <rtept lat="45.46239749" lon="15.34451419" >
      <name>rte1_916</name>
      <ele>210.00</ele>
    </rtept>
    <rtept lat="45.46246959" lon="15.34447627" >
      <name>rte1_917</name>
      <ele>210.00</ele>
    </rtept>
    <rtept lat="45.46254170" lon="15.34443835" >
      <name>rte1_918</name>
      <ele>210.00</ele>
    </rtept>
    <rtept lat="45.46261380" lon="15.34440042" >
      <name>rte1_919</name>
      <ele>210.00</ele>
    </rtept>
    <rtept lat="45.46265883" lon="15.34438791" >
      <name>rte1_920</name>
      <ele>210.00</ele>
    </rtept>
    <rtept lat="45.46270836" lon="15.34437543" >
      <name>rte1_921</name>
      <ele>210.00</ele>
    </rtept>
    <rtept lat="45.46278946" lon="15.34433756" >
      <name>rte1_922</name>
      <ele>210.00</ele>
    </rtept>
    <rtept lat="45.46286609" lon="15.34429327" >
      <name>rte1_923</name>
      <ele>210.00</ele>
    </rtept>
    <rtept lat="45.46293821" lon="15.34424896" >
      <name>rte1_924</name>
      <ele>210.00</ele>
    </rtept>
    <rtept lat="45.46300581" lon="15.34421101" >
      <name>rte1_925</name>
      <ele>210.00</ele>
    </rtept>
    <rtept lat="45.46307788" lon="15.34418587" >
      <name>rte1_926</name>
      <ele>210.00</ele>
    </rtept>
    <rtept lat="45.46314990" lon="15.34417353" >
      <name>rte1_927</name>
      <ele>210.00</ele>
    </rtept>
    <rtept lat="45.46323087" lon="15.34418042" >
      <name>rte1_928</name>
      <ele>210.00</ele>
    </rtept>
    <rtept lat="45.46327133" lon="15.34419345" >
      <name>rte1_929</name>
      <ele>210.00</ele>
    </rtept>
    <rtept lat="45.46332074" lon="15.34421933" >
      <name>rte1_930</name>
      <ele>210.00</ele>
    </rtept>
    <rtept lat="45.46338817" lon="15.34423892" >
      <name>rte1_931</name>
      <ele>210.00</ele>
    </rtept>
    <rtept lat="45.46345560" lon="15.34425852" >
      <name>rte1_932</name>
      <ele>210.00</ele>
    </rtept>
    <rtept lat="45.46351855" lon="15.34427169" >
      <name>rte1_933</name>
      <ele>210.00</ele>
    </rtept>
    <rtept lat="45.46358148" lon="15.34429126" >
      <name>rte1_934</name>
      <ele>210.00</ele>
    </rtept>
    <rtept lat="45.46364439" lon="15.34431722" >
      <name>rte1_935</name>
      <ele>210.00</ele>
    </rtept>
    <rtept lat="45.46370278" lon="15.34434955" >
      <name>rte1_936</name>
      <ele>210.00</ele>
    </rtept>
    <rtept lat="45.46376562" lon="15.34440108" >
      <name>rte1_937</name>
      <ele>210.00</ele>
    </rtept>
    <rtept lat="45.46382837" lon="15.34447819" >
      <name>rte1_938</name>
      <ele>210.00</ele>
    </rtept>
    <rtept lat="45.46389109" lon="15.34456809" >
      <name>rte1_939</name>
      <ele>210.00</ele>
    </rtept>
    <rtept lat="45.46394031" lon="15.34465791" >
      <name>rte1_940</name>
      <ele>210.00</ele>
    </rtept>
    <rtept lat="45.46398051" lon="15.34475406" >
      <name>rte1_941</name>
      <ele>207.96</ele>
    </rtept>
    <rtept lat="45.46401622" lon="15.34485019" >
      <name>rte1_942</name>
      <ele>207.96</ele>
    </rtept>
    <rtept lat="45.46405192" lon="15.34494632" >
      <name>rte1_943</name>
      <ele>207.96</ele>
    </rtept>
    <rtept lat="45.46409208" lon="15.34505526" >
      <name>rte1_944</name>
      <ele>205.38</ele>
    </rtept>
    <rtept lat="45.46413674" lon="15.34516423" >
      <name>rte1_945</name>
      <ele>205.38</ele>
    </rtept>
    <rtept lat="45.46416356" lon="15.34522194" >
      <name>rte1_946</name>
      <ele>205.38</ele>
    </rtept>
    <rtept lat="45.46419486" lon="15.34528607" >
      <name>rte1_947</name>
      <ele>207.18</ele>
    </rtept>
    <rtept lat="45.46422172" lon="15.34533100" >
      <name>rte1_948</name>
      <ele>205.23</ele>
    </rtept>
    <rtept lat="45.46425760" lon="15.34536958" >
      <name>rte1_949</name>
      <ele>205.23</ele>
    </rtept>
    <rtept lat="45.46446355" lon="15.34570333" >
      <name>rte1_950</name>
      <ele>205.00</ele>
    </rtept>
    <rtept lat="45.46450393" lon="15.34574194" >
      <name>rte1_951</name>
      <ele>205.00</ele>
    </rtept>
    <rtept lat="45.46454430" lon="15.34578055" >
      <name>rte1_952</name>
      <ele>205.00</ele>
    </rtept>
    <rtept lat="45.46458468" lon="15.34581917" >
      <name>rte1_953</name>
      <ele>205.00</ele>
    </rtept>
    <rtept lat="45.46462508" lon="15.34585138" >
      <name>rte1_954</name>
      <ele>205.00</ele>
    </rtept>
    <rtept lat="45.46466545" lon="15.34589000" >
      <name>rte1_955</name>
      <ele>205.00</ele>
    </rtept>
    <rtept lat="45.46470133" lon="15.34592858" >
      <name>rte1_956</name>
      <ele>205.00</ele>
    </rtept>
    <rtept lat="45.46474173" lon="15.34596080" >
      <name>rte1_957</name>
      <ele>205.00</ele>
    </rtept>
    <rtept lat="45.46477760" lon="15.34599938" >
      <name>rte1_958</name>
      <ele>205.00</ele>
    </rtept>
    <rtept lat="45.46484938" lon="15.34607016" >
      <name>rte1_959</name>
      <ele>205.00</ele>
    </rtept>
    <rtept lat="45.46492115" lon="15.34614094" >
      <name>rte1_960</name>
      <ele>205.00</ele>
    </rtept>
    <rtept lat="45.46499294" lon="15.34620532" >
      <name>rte1_961</name>
      <ele>205.00</ele>
    </rtept>
    <rtept lat="45.46506471" lon="15.34627609" >
      <name>rte1_962</name>
      <ele>203.71</ele>
    </rtept>
    <rtept lat="45.46513649" lon="15.34634687" >
      <name>rte1_963</name>
      <ele>203.71</ele>
    </rtept>
    <rtept lat="45.46517236" lon="15.34638546" >
      <name>rte1_964</name>
      <ele>203.71</ele>
    </rtept>
    <rtept lat="45.46521274" lon="15.34642407" >
      <name>rte1_965</name>
      <ele>203.71</ele>
    </rtept>
    <rtept lat="45.46528451" lon="15.34649485" >
      <name>rte1_966</name>
      <ele>203.71</ele>
    </rtept>
    <rtept lat="45.46532489" lon="15.34653346" >
      <name>rte1_967</name>
      <ele>206.19</ele>
    </rtept>
    <rtept lat="45.46536076" lon="15.34657204" >
      <name>rte1_968</name>
      <ele>206.19</ele>
    </rtept>
    <rtept lat="45.46540112" lon="15.34661705" >
      <name>rte1_969</name>
      <ele>203.53</ele>
    </rtept>
    <rtept lat="45.46544150" lon="15.34665566" >
      <name>rte1_970</name>
      <ele>203.53</ele>
    </rtept>
    <rtept lat="45.46548187" lon="15.34669428" >
      <name>rte1_971</name>
      <ele>203.53</ele>
    </rtept>
    <rtept lat="45.46552673" lon="15.34673931" >
      <name>rte1_972</name>
      <ele>208.28</ele>
    </rtept>
    <rtept lat="45.46556708" lon="15.34678432" >
      <name>rte1_973</name>
      <ele>208.28</ele>
    </rtept>
    <rtept lat="45.46561194" lon="15.34682936" >
      <name>rte1_974</name>
      <ele>208.28</ele>
    </rtept>
    <rtept lat="45.46565680" lon="15.34687439" >
      <name>rte1_975</name>
      <ele>208.28</ele>
    </rtept>
    <rtept lat="45.46570613" lon="15.34692585" >
      <name>rte1_976</name>
      <ele>206.21</ele>
    </rtept>
    <rtept lat="45.46575547" lon="15.34697730" >
      <name>rte1_977</name>
      <ele>209.13</ele>
    </rtept>
    <rtept lat="45.46579576" lon="15.34704149" >
      <name>rte1_978</name>
      <ele>209.13</ele>
    </rtept>
    <rtept lat="45.46583604" lon="15.34711208" >
      <name>rte1_979</name>
      <ele>209.13</ele>
    </rtept>
    <rtept lat="45.46588978" lon="15.34719553" >
      <name>rte1_980</name>
      <ele>209.13</ele>
    </rtept>
    <rtept lat="45.46592112" lon="15.34724688" >
      <name>rte1_981</name>
      <ele>206.62</ele>
    </rtept>
    <rtept lat="45.46594793" lon="15.34730459" >
      <name>rte1_982</name>
      <ele>206.62</ele>
    </rtept>
    <rtept lat="45.46597475" lon="15.34736231" >
      <name>rte1_983</name>
      <ele>210.81</ele>
    </rtept>
    <rtept lat="45.46600157" lon="15.34742002" >
      <name>rte1_984</name>
      <ele>210.81</ele>
    </rtept>
    <rtept lat="45.46604173" lon="15.34752897" >
      <name>rte1_985</name>
      <ele>210.81</ele>
    </rtept>
    <rtept lat="45.46607739" lon="15.34763789" >
      <name>rte1_986</name>
      <ele>210.00</ele>
    </rtept>
    <rtept lat="45.46610854" lon="15.34775318" >
      <name>rte1_987</name>
      <ele>210.00</ele>
    </rtept>
    <rtept lat="45.46613070" lon="15.34786201" >
      <name>rte1_988</name>
      <ele>210.00</ele>
    </rtept>
    <rtept lat="45.46614834" lon="15.34797722" >
      <name>rte1_989</name>
      <ele>210.00</ele>
    </rtept>
    <rtept lat="45.46616599" lon="15.34809242" >
      <name>rte1_990</name>
      <ele>210.00</ele>
    </rtept>
    <rtept lat="45.46618363" lon="15.34820763" >
      <name>rte1_991</name>
      <ele>210.00</ele>
    </rtept>
    <rtept lat="45.46619678" lon="15.34832280" >
      <name>rte1_992</name>
      <ele>210.00</ele>
    </rtept>
    <rtept lat="45.46621440" lon="15.34844440" >
      <name>rte1_993</name>
      <ele>210.00</ele>
    </rtept>
    <rtept lat="45.46623653" lon="15.34856603" >
      <name>rte1_994</name>
      <ele>210.00</ele>
    </rtept>
    <rtept lat="45.46625865" lon="15.34868765" >
      <name>rte1_995</name>
      <ele>210.00</ele>
    </rtept>
    <rtept lat="45.46627195" lon="15.34875168" >
      <name>rte1_996</name>
      <ele>210.00</ele>
    </rtept>
    <rtept lat="45.46628975" lon="15.34881573" >
      <name>rte1_997</name>
      <ele>210.00</ele>
    </rtept>
    <rtept lat="45.46630755" lon="15.34887978" >
      <name>rte1_998</name>
      <ele>207.50</ele>
    </rtept>
    <rtept lat="45.46632535" lon="15.34894383" >
      <name>rte1_999</name>
      <ele>207.50</ele>
    </rtept>
    <rtept lat="45.46634315" lon="15.34900789" >
      <name>rte1_1000</name>
      <ele>207.50</ele>
    </rtept>
    <rtept lat="45.46636993" lon="15.34907839" >
      <name>rte1_1001</name>
      <ele>207.50</ele>
    </rtept>
    <rtept lat="45.46639223" lon="15.34914247" >
      <name>rte1_1002</name>
      <ele>207.50</ele>
    </rtept>
    <rtept lat="45.46641903" lon="15.34920658" >
      <name>rte1_1003</name>
      <ele>204.18</ele>
    </rtept>
    <rtept lat="45.46644587" lon="15.34925790" >
      <name>rte1_1004</name>
      <ele>204.18</ele>
    </rtept>
    <rtept lat="45.46648172" lon="15.34930288" >
      <name>rte1_1005</name>
      <ele>204.18</ele>
    </rtept>
    <rtept lat="45.46651758" lon="15.34934786" >
      <name>rte1_1006</name>
      <ele>204.18</ele>
    </rtept>
    <rtept lat="45.46655797" lon="15.34938008" >
      <name>rte1_1007</name>
      <ele>204.18</ele>
    </rtept>
    <rtept lat="45.46660735" lon="15.34941876" >
      <name>rte1_1008</name>
      <ele>204.18</ele>
    </rtept>
    <rtept lat="45.46666124" lon="15.34945106" >
      <name>rte1_1009</name>
      <ele>204.43</ele>
    </rtept>
    <rtept lat="45.46669690" lon="15.34955999" >
      <name>rte1_1010</name>
      <ele>200.74</ele>
    </rtept>
    <rtept lat="45.46671474" lon="15.34961125" >
      <name>rte1_1011</name>
      <ele>200.74</ele>
    </rtept>
    <rtept lat="45.46674154" lon="15.34967536" >
      <name>rte1_1012</name>
      <ele>200.74</ele>
    </rtept>
    <rtept lat="45.46676382" lon="15.34974583" >
      <name>rte1_1013</name>
      <ele>200.74</ele>
    </rtept>
    <rtept lat="45.46679056" lon="15.34982913" >
      <name>rte1_1014</name>
      <ele>195.30</ele>
    </rtept>
    <rtept lat="45.46688470" lon="15.34993841" >
      <name>rte1_1015</name>
      <ele>200.00</ele>
    </rtept>
    <rtept lat="45.46698335" lon="15.35004773" >
      <name>rte1_1016</name>
      <ele>200.00</ele>
    </rtept>
    <rtept lat="45.46707300" lon="15.35015699" >
      <name>rte1_1017</name>
      <ele>190.00</ele>
    </rtept>
    <rtept lat="45.46716717" lon="15.35025988" >
      <name>rte1_1018</name>
      <ele>195.20</ele>
    </rtept>
    <rtept lat="45.46725234" lon="15.35036272" >
      <name>rte1_1019</name>
      <ele>195.20</ele>
    </rtept>
    <rtept lat="45.46734203" lon="15.35045920" >
      <name>rte1_1020</name>
      <ele>190.00</ele>
    </rtept>
    <rtept lat="45.46742724" lon="15.35054925" >
      <name>rte1_1021</name>
      <ele>190.00</ele>
    </rtept>
    <rtept lat="45.46750793" lon="15.35064566" >
      <name>rte1_1022</name>
      <ele>190.00</ele>
    </rtept>
    <rtept lat="45.46759313" lon="15.35073572" >
      <name>rte1_1023</name>
      <ele>195.26</ele>
    </rtept>
    <rtept lat="45.46767386" lon="15.35081935" >
      <name>rte1_1024</name>
      <ele>190.00</ele>
    </rtept>
    <rtept lat="45.46775457" lon="15.35090937" >
      <name>rte1_1025</name>
      <ele>190.00</ele>
    </rtept>
    <rtept lat="45.46783530" lon="15.35099300" >
      <name>rte1_1026</name>
      <ele>190.00</ele>
    </rtept>
    <rtept lat="45.46791153" lon="15.35107660" >
      <name>rte1_1027</name>
      <ele>190.00</ele>
    </rtept>
    <rtept lat="45.46799226" lon="15.35116023" >
      <name>rte1_1028</name>
      <ele>190.00</ele>
    </rtept>
    <rtept lat="45.46807301" lon="15.35123747" >
      <name>rte1_1029</name>
      <ele>190.00</ele>
    </rtept>
    <rtept lat="45.46814924" lon="15.35132107" >
      <name>rte1_1030</name>
      <ele>190.00</ele>
    </rtept>
    <rtept lat="45.46822999" lon="15.35139831" >
      <name>rte1_1031</name>
      <ele>190.00</ele>
    </rtept>
    <rtept lat="45.46831073" lon="15.35147555" >
      <name>rte1_1032</name>
      <ele>189.44</ele>
    </rtept>
    <rtept lat="45.46839148" lon="15.35155278" >
      <name>rte1_1033</name>
      <ele>189.44</ele>
    </rtept>
    <rtept lat="45.46847221" lon="15.35163642" >
      <name>rte1_1034</name>
      <ele>187.95</ele>
    </rtept>
    <rtept lat="45.46855746" lon="15.35171368" >
      <name>rte1_1035</name>
      <ele>187.95</ele>
    </rtept>
    <rtept lat="45.46864271" lon="15.35179095" >
      <name>rte1_1036</name>
      <ele>175.24</ele>
    </rtept>
    <rtept lat="45.46872793" lon="15.35187461" >
      <name>rte1_1037</name>
      <ele>181.09</ele>
    </rtept>
    <rtept lat="45.46881318" lon="15.35195188" >
      <name>rte1_1038</name>
      <ele>181.09</ele>
    </rtept>
    <rtept lat="45.46890291" lon="15.35203557" >
      <name>rte1_1039</name>
      <ele>185.53</ele>
    </rtept>
    <rtept lat="45.46899713" lon="15.35211928" >
      <name>rte1_1040</name>
      <ele>178.87</ele>
    </rtept>
    <rtept lat="45.46909136" lon="15.35220300" >
      <name>rte1_1041</name>
      <ele>178.87</ele>
    </rtept>
    <rtept lat="45.46918556" lon="15.35229312" >
      <name>rte1_1042</name>
      <ele>178.76</ele>
    </rtept>
    <rtept lat="45.46928879" lon="15.35237689" >
      <name>rte1_1043</name>
      <ele>170.25</ele>
    </rtept>
    <rtept lat="45.46939199" lon="15.35246706" >
      <name>rte1_1044</name>
      <ele>175.67</ele>
    </rtept>
    <rtept lat="45.46949518" lon="15.35256363" >
      <name>rte1_1045</name>
      <ele>175.67</ele>
    </rtept>
    <rtept lat="45.46960736" lon="15.35266025" >
      <name>rte1_1046</name>
      <ele>177.96</ele>
    </rtept>
    <rtept lat="45.46968815" lon="15.35272470" >
      <name>rte1_1047</name>
      <ele>174.73</ele>
    </rtept>
    <rtept lat="45.46976441" lon="15.35279552" >
      <name>rte1_1048</name>
      <ele>174.73</ele>
    </rtept>
    <rtept lat="45.46984070" lon="15.35285994" >
      <name>rte1_1049</name>
      <ele>179.11</ele>
    </rtept>
    <rtept lat="45.46991699" lon="15.35292437" >
      <name>rte1_1050</name>
      <ele>179.11</ele>
    </rtept>
    <rtept lat="45.46998878" lon="15.35298876" >
      <name>rte1_1051</name>
      <ele>179.11</ele>
    </rtept>
    <rtept lat="45.47006057" lon="15.35305316" >
      <name>rte1_1052</name>
      <ele>175.77</ele>
    </rtept>
    <rtept lat="45.47013237" lon="15.35311116" >
      <name>rte1_1053</name>
      <ele>175.77</ele>
    </rtept>
    <rtept lat="45.47019966" lon="15.35317553" >
      <name>rte1_1054</name>
      <ele>175.77</ele>
    </rtept>
    <rtept lat="45.47026699" lon="15.35322711" >
      <name>rte1_1055</name>
      <ele>175.77</ele>
    </rtept>
    <rtept lat="45.47033430" lon="15.35328508" >
      <name>rte1_1056</name>
      <ele>175.77</ele>
    </rtept>
    <rtept lat="45.47039711" lon="15.35334303" >
      <name>rte1_1057</name>
      <ele>170.89</ele>
    </rtept>
    <rtept lat="45.47046444" lon="15.35339461" >
      <name>rte1_1058</name>
      <ele>176.52</ele>
    </rtept>
    <rtept lat="45.47053177" lon="15.35344619" >
      <name>rte1_1059</name>
      <ele>176.52</ele>
    </rtept>
    <rtept lat="45.47059460" lon="15.35349774" >
      <name>rte1_1060</name>
      <ele>176.52</ele>
    </rtept>
    <rtept lat="45.47065743" lon="15.35354929" >
      <name>rte1_1061</name>
      <ele>176.52</ele>
    </rtept>
    <rtept lat="45.47072476" lon="15.35360088" >
      <name>rte1_1062</name>
      <ele>175.45</ele>
    </rtept>
    <rtept lat="45.47078759" lon="15.35365243" >
      <name>rte1_1063</name>
      <ele>175.45</ele>
    </rtept>
    <rtept lat="45.47085494" lon="15.35369761" >
      <name>rte1_1064</name>
      <ele>168.07</ele>
    </rtept>
    <rtept lat="45.47092228" lon="15.35374280" >
      <name>rte1_1065</name>
      <ele>171.44</ele>
    </rtept>
    <rtept lat="45.47098963" lon="15.35378799" >
      <name>rte1_1066</name>
      <ele>171.44</ele>
    </rtept>
    <rtept lat="45.47105698" lon="15.35383317" >
      <name>rte1_1067</name>
      <ele>171.44</ele>
    </rtept>
    <rtept lat="45.47112883" lon="15.35387839" >
      <name>rte1_1068</name>
      <ele>176.60</ele>
    </rtept>
    <rtept lat="45.47120070" lon="15.35391721" >
      <name>rte1_1069</name>
      <ele>176.60</ele>
    </rtept>
    <rtept lat="45.47127254" lon="15.35396242" >
      <name>rte1_1070</name>
      <ele>176.60</ele>
    </rtept>
    <rtept lat="45.47134891" lon="15.35400127" >
      <name>rte1_1071</name>
      <ele>170.00</ele>
    </rtept>
    <rtept lat="45.47142526" lon="15.35404652" >
      <name>rte1_1072</name>
      <ele>170.00</ele>
    </rtept>
    <rtept lat="45.47150163" lon="15.35408537" >
      <name>rte1_1073</name>
      <ele>170.00</ele>
    </rtept>
    <rtept lat="45.47158249" lon="15.35412424" >
      <name>rte1_1074</name>
      <ele>177.19</ele>
    </rtept>
    <rtept lat="45.47166786" lon="15.35416315" >
      <name>rte1_1075</name>
      <ele>177.19</ele>
    </rtept>
    <rtept lat="45.47175322" lon="15.35420206" >
      <name>rte1_1076</name>
      <ele>177.19</ele>
    </rtept>
    <rtept lat="45.47184309" lon="15.35424099" >
      <name>rte1_1077</name>
      <ele>179.29</ele>
    </rtept>
    <rtept lat="45.47193745" lon="15.35427995" >
      <name>rte1_1078</name>
      <ele>179.29</ele>
    </rtept>
    <rtept lat="45.47200040" lon="15.35429314" >
      <name>rte1_1079</name>
      <ele>179.29</ele>
    </rtept>
    <rtept lat="45.47205885" lon="15.35430630" >
      <name>rte1_1080</name>
      <ele>176.43</ele>
    </rtept>
    <rtept lat="45.47212184" lon="15.35430669" >
      <name>rte1_1081</name>
      <ele>176.43</ele>
    </rtept>
    <rtept lat="45.47218035" lon="15.35430067" >
      <name>rte1_1082</name>
      <ele>176.43</ele>
    </rtept>
    <rtept lat="45.47223440" lon="15.35428182" >
      <name>rte1_1083</name>
      <ele>176.43</ele>
    </rtept>
    <rtept lat="45.47228847" lon="15.35425659" >
      <name>rte1_1084</name>
      <ele>170.00</ele>
    </rtept>
    <rtept lat="45.47234256" lon="15.35422495" >
      <name>rte1_1085</name>
      <ele>170.00</ele>
    </rtept>
    <rtept lat="45.47239217" lon="15.35418689" >
      <name>rte1_1086</name>
      <ele>170.00</ele>
    </rtept>
    <rtept lat="45.47244180" lon="15.35414244" >
      <name>rte1_1087</name>
      <ele>170.00</ele>
    </rtept>
    <rtept lat="45.47248695" lon="15.35409157" >
      <name>rte1_1088</name>
      <ele>170.00</ele>
    </rtept>
    <rtept lat="45.47253212" lon="15.35403430" >
      <name>rte1_1089</name>
      <ele>170.00</ele>
    </rtept>
    <rtept lat="45.47257279" lon="15.35397700" >
      <name>rte1_1090</name>
      <ele>170.00</ele>
    </rtept>
    <rtept lat="45.47261350" lon="15.35390691" >
      <name>rte1_1091</name>
      <ele>170.00</ele>
    </rtept>
    <rtept lat="45.47264974" lon="15.35383040" >
      <name>rte1_1092</name>
      <ele>170.00</ele>
    </rtept>
    <rtept lat="45.47268597" lon="15.35375389" >
      <name>rte1_1093</name>
      <ele>170.00</ele>
    </rtept>
    <rtept lat="45.47271770" lon="15.35367735" >
      <name>rte1_1094</name>
      <ele>180.00</ele>
    </rtept>
    <rtept lat="45.47274046" lon="15.35359436" >
      <name>rte1_1095</name>
      <ele>180.87</ele>
    </rtept>
    <rtept lat="45.47276765" lon="15.35353058" >
      <name>rte1_1096</name>
      <ele>180.87</ele>
    </rtept>
    <rtept lat="45.47279037" lon="15.35346038" >
      <name>rte1_1097</name>
      <ele>180.87</ele>
    </rtept>
    <rtept lat="45.47279510" lon="15.35338367" >
      <name>rte1_1098</name>
      <ele>180.87</ele>
    </rtept>
    <rtept lat="45.47278640" lon="15.35328769" >
      <name>rte1_1099</name>
      <ele>183.41</ele>
    </rtept>
    <rtept lat="45.47277768" lon="15.35319811" >
      <name>rte1_1100</name>
      <ele>183.41</ele>
    </rtept>
    <rtept lat="45.47276896" lon="15.35310853" >
      <name>rte1_1101</name>
      <ele>183.41</ele>
    </rtept>
    <rtept lat="45.47276020" lon="15.35303173" >
      <name>rte1_1102</name>
      <ele>190.97</ele>
    </rtept>
    <rtept lat="45.47275146" lon="15.35294854" >
      <name>rte1_1103</name>
      <ele>190.97</ele>
    </rtept>
    <rtept lat="45.47274268" lon="15.35287814" >
      <name>rte1_1104</name>
      <ele>190.97</ele>
    </rtept>
    <rtept lat="45.47273392" lon="15.35280135" >
      <name>rte1_1105</name>
      <ele>190.97</ele>
    </rtept>
    <rtept lat="45.47272514" lon="15.35273095" >
      <name>rte1_1106</name>
      <ele>190.97</ele>
    </rtept>
    <rtept lat="45.47271186" lon="15.35266052" >
      <name>rte1_1107</name>
      <ele>195.00</ele>
    </rtept>
    <rtept lat="45.47269858" lon="15.35259010" >
      <name>rte1_1108</name>
      <ele>195.00</ele>
    </rtept>
    <rtept lat="45.47268083" lon="15.35251325" >
      <name>rte1_1109</name>
      <ele>189.45</ele>
    </rtept>
    <rtept lat="45.47266755" lon="15.35244282" >
      <name>rte1_1110</name>
      <ele>189.45</ele>
    </rtept>
    <rtept lat="45.47264527" lon="15.35237234" >
      <name>rte1_1111</name>
      <ele>190.00</ele>
    </rtept>
    <rtept lat="45.47262301" lon="15.35229546" >
      <name>rte1_1112</name>
      <ele>190.00</ele>
    </rtept>
    <rtept lat="45.47260077" lon="15.35221219" >
      <name>rte1_1113</name>
      <ele>190.00</ele>
    </rtept>
    <rtept lat="45.47257402" lon="15.35213528" >
      <name>rte1_1114</name>
      <ele>190.00</ele>
    </rtept>
    <rtept lat="45.47276334" lon="15.35202136" >
      <name>rte1_1115</name>
      <ele>190.00</ele>
    </rtept>
    <rtept lat="45.47298400" lon="15.35195879" >
      <name>rte1_1116</name>
      <ele>195.00</ele>
    </rtept>
    <rtept lat="45.47302909" lon="15.35192709" >
      <name>rte1_1117</name>
      <ele>195.00</ele>
    </rtept>
    <rtept lat="45.47316034" lon="15.35167851" >
      <name>rte1_1118</name>
      <ele>198.33</ele>
    </rtept>
    <rtept lat="45.47333235" lon="15.35134065" >
      <name>rte1_1119</name>
      <ele>200.00</ele>
    </rtept>
    <rtept lat="45.47347236" lon="15.35116886" >
      <name>rte1_1120</name>
      <ele>203.85</ele>
    </rtept>
    <rtept lat="45.47359854" lon="15.35110570" >
      <name>rte1_1121</name>
      <ele>202.39</ele>
    </rtept>
    <rtept lat="45.47447568" lon="15.35117513" >
      <name>rte1_1122</name>
      <ele>200.00</ele>
    </rtept>
    <rtept lat="45.47450700" lon="15.35123288" >
      <name>rte1_1123</name>
      <ele>203.48</ele>
    </rtept>
    <rtept lat="45.47453830" lon="15.35129703" >
      <name>rte1_1124</name>
      <ele>203.48</ele>
    </rtept>
    <rtept lat="45.47456959" lon="15.35136117" >
      <name>rte1_1125</name>
      <ele>203.48</ele>
    </rtept>
    <rtept lat="45.47459639" lon="15.35142529" >
      <name>rte1_1126</name>
      <ele>203.48</ele>
    </rtept>
    <rtept lat="45.47461869" lon="15.35148938" >
      <name>rte1_1127</name>
      <ele>203.74</ele>
    </rtept>
    <rtept lat="45.47464097" lon="15.35155987" >
      <name>rte1_1128</name>
      <ele>203.74</ele>
    </rtept>
    <rtept lat="45.47465877" lon="15.35162393" >
      <name>rte1_1129</name>
      <ele>203.74</ele>
    </rtept>
    <rtept lat="45.47467655" lon="15.35169439" >
      <name>rte1_1130</name>
      <ele>203.74</ele>
    </rtept>
    <rtept lat="45.47468985" lon="15.35175842" >
      <name>rte1_1131</name>
      <ele>203.74</ele>
    </rtept>
    <rtept lat="45.47470313" lon="15.35182885" >
      <name>rte1_1132</name>
      <ele>204.57</ele>
    </rtept>
    <rtept lat="45.47471643" lon="15.35189289" >
      <name>rte1_1133</name>
      <ele>204.57</ele>
    </rtept>
    <rtept lat="45.47472972" lon="15.35195692" >
      <name>rte1_1134</name>
      <ele>205.00</ele>
    </rtept>
    <rtept lat="45.47474300" lon="15.35202735" >
      <name>rte1_1135</name>
      <ele>205.00</ele>
    </rtept>
    <rtept lat="45.47475180" lon="15.35209136" >
      <name>rte1_1136</name>
      <ele>204.39</ele>
    </rtept>
    <rtept lat="45.47476510" lon="15.35215539" >
      <name>rte1_1137</name>
      <ele>204.39</ele>
    </rtept>
    <rtept lat="45.47477390" lon="15.35221940" >
      <name>rte1_1138</name>
      <ele>204.39</ele>
    </rtept>
    <rtept lat="45.47478720" lon="15.35228343" >
      <name>rte1_1139</name>
      <ele>204.39</ele>
    </rtept>
    <rtept lat="45.47480050" lon="15.35234747" >
      <name>rte1_1140</name>
      <ele>204.39</ele>
    </rtept>
    <rtept lat="45.47483164" lon="15.35246277" >
      <name>rte1_1141</name>
      <ele>203.79</ele>
    </rtept>
    <rtept lat="45.47486728" lon="15.35257811" >
      <name>rte1_1142</name>
      <ele>203.79</ele>
    </rtept>
    <rtept lat="45.47491195" lon="15.35268071" >
      <name>rte1_1143</name>
      <ele>203.79</ele>
    </rtept>
    <rtept lat="45.47496564" lon="15.35277698" >
      <name>rte1_1144</name>
      <ele>201.73</ele>
    </rtept>
    <rtept lat="45.47499700" lon="15.35282194" >
      <name>rte1_1145</name>
      <ele>201.73</ele>
    </rtept>
    <rtept lat="45.47503285" lon="15.35286693" >
      <name>rte1_1146</name>
      <ele>201.73</ele>
    </rtept>
    <rtept lat="45.47506873" lon="15.35290553" >
      <name>rte1_1147</name>
      <ele>201.73</ele>
    </rtept>
    <rtept lat="45.47511360" lon="15.35294418" >
      <name>rte1_1148</name>
      <ele>201.73</ele>
    </rtept>
    <rtept lat="45.47515849" lon="15.35297644" >
      <name>rte1_1149</name>
      <ele>201.73</ele>
    </rtept>
    <rtept lat="45.47521238" lon="15.35300875" >
      <name>rte1_1150</name>
      <ele>200.00</ele>
    </rtept>
    <rtept lat="45.47525732" lon="15.35302822" >
      <name>rte1_1151</name>
      <ele>200.00</ele>
    </rtept>
    <rtept lat="45.47530225" lon="15.35304769" >
      <name>rte1_1152</name>
      <ele>200.00</ele>
    </rtept>
    <rtept lat="45.47534266" lon="15.35307352" >
      <name>rte1_1153</name>
      <ele>200.00</ele>
    </rtept>
    <rtept lat="45.47538759" lon="15.35309299" >
      <name>rte1_1154</name>
      <ele>200.00</ele>
    </rtept>
    <rtept lat="45.47546848" lon="15.35312547" >
      <name>rte1_1155</name>
      <ele>200.00</ele>
    </rtept>
    <rtept lat="45.47554485" lon="15.35316432" >
      <name>rte1_1156</name>
      <ele>200.00</ele>
    </rtept>
    <rtept lat="45.47562125" lon="15.35319038" >
      <name>rte1_1157</name>
      <ele>200.00</ele>
    </rtept>
    <rtept lat="45.47569314" lon="15.35322281" >
      <name>rte1_1158</name>
      <ele>200.00</ele>
    </rtept>
    <rtept lat="45.47576505" lon="15.35324885" >
      <name>rte1_1159</name>
      <ele>200.00</ele>
    </rtept>
    <rtept lat="45.47583696" lon="15.35327488" >
      <name>rte1_1160</name>
      <ele>200.00</ele>
    </rtept>
    <rtept lat="45.47590887" lon="15.35330091" >
      <name>rte1_1161</name>
      <ele>200.00</ele>
    </rtept>
    <rtept lat="45.47598077" lon="15.35332694" >
      <name>rte1_1162</name>
      <ele>200.00</ele>
    </rtept>
    <rtept lat="45.47605720" lon="15.35334661" >
      <name>rte1_1163</name>
      <ele>200.00</ele>
    </rtept>
    <rtept lat="45.47612911" lon="15.35337264" >
      <name>rte1_1164</name>
      <ele>200.00</ele>
    </rtept>
    <rtept lat="45.47621001" lon="15.35339873" >
      <name>rte1_1165</name>
      <ele>200.26</ele>
    </rtept>
    <rtept lat="45.47629094" lon="15.35341843" >
      <name>rte1_1166</name>
      <ele>204.10</ele>
    </rtept>
    <rtept lat="45.47637634" lon="15.35344454" >
      <name>rte1_1167</name>
      <ele>204.10</ele>
    </rtept>
    <rtept lat="45.47642130" lon="15.35345762" >
      <name>rte1_1168</name>
      <ele>204.10</ele>
    </rtept>
    <rtept lat="45.47647073" lon="15.35347711" >
      <name>rte1_1169</name>
      <ele>204.10</ele>
    </rtept>
    <rtept lat="45.47665947" lon="15.35354865" >
      <name>rte1_1170</name>
      <ele>203.34</ele>
    </rtept>
    <rtept lat="45.47677182" lon="15.35359412" >
      <name>rte1_1171</name>
      <ele>202.66</ele>
    </rtept>
    <rtept lat="45.47695656" lon="15.35350575" >
      <name>rte1_1172</name>
      <ele>202.66</ele>
    </rtept>
    <rtept lat="45.47718594" lon="15.35353277" >
      <name>rte1_1173</name>
      <ele>200.44</ele>
    </rtept>
    <rtept lat="45.47723077" lon="15.35358422" >
      <name>rte1_1174</name>
      <ele>200.00</ele>
    </rtept>
    <rtept lat="45.47728010" lon="15.35363569" >
      <name>rte1_1175</name>
      <ele>200.00</ele>
    </rtept>
    <rtept lat="45.47732944" lon="15.35368716" >
      <name>rte1_1176</name>
      <ele>200.00</ele>
    </rtept>
    <rtept lat="45.47738329" lon="15.35373227" >
      <name>rte1_1177</name>
      <ele>200.00</ele>
    </rtept>
    <rtept lat="45.47743716" lon="15.35377098" >
      <name>rte1_1178</name>
      <ele>200.00</ele>
    </rtept>
    <rtept lat="45.47750001" lon="15.35381615" >
      <name>rte1_1179</name>
      <ele>200.00</ele>
    </rtept>
    <rtept lat="45.47756288" lon="15.35385491" >
      <name>rte1_1180</name>
      <ele>200.00</ele>
    </rtept>
    <rtept lat="45.47763922" lon="15.35390016" >
      <name>rte1_1181</name>
      <ele>200.00</ele>
    </rtept>
    <rtept lat="45.47771563" lon="15.35392623" >
      <name>rte1_1182</name>
      <ele>200.00</ele>
    </rtept>
    <rtept lat="45.47778760" lon="15.35393307" >
      <name>rte1_1183</name>
      <ele>200.00</ele>
    </rtept>
    <rtept lat="45.47785960" lon="15.35392713" >
      <name>rte1_1184</name>
      <ele>200.00</ele>
    </rtept>
    <rtept lat="45.47794067" lon="15.35390206" >
      <name>rte1_1185</name>
      <ele>201.62</ele>
    </rtept>
    <rtept lat="45.47829571" lon="15.35403220" >
      <name>rte1_1186</name>
      <ele>205.00</ele>
    </rtept>
    <rtept lat="45.47848844" lon="15.35427005" >
      <name>rte1_1187</name>
      <ele>205.00</ele>
    </rtept>
    <rtept lat="45.47875343" lon="15.35441882" >
      <name>rte1_1188</name>
      <ele>205.00</ele>
    </rtept>
    <rtept lat="45.47884341" lon="15.35441939" >
      <name>rte1_1189</name>
      <ele>203.46</ele>
    </rtept>
    <rtept lat="45.47903718" lon="15.35432468" >
      <name>rte1_1190</name>
      <ele>200.00</ele>
    </rtept>
    <rtept lat="45.47928925" lon="15.35428789" >
      <name>rte1_1191</name>
      <ele>200.00</ele>
    </rtept>
    <rtept lat="45.48024140" lon="15.35483113" >
      <name>rte1_1192</name>
      <ele>207.82</ele>
    </rtept>
    <rtept lat="45.48050494" lon="15.35544679" >
      <name>rte1_1193</name>
      <ele>206.63</ele>
    </rtept>
    <rtept lat="45.48050460" lon="15.35555552" >
      <name>rte1_1194</name>
      <ele>206.63</ele>
    </rtept>
    <rtept lat="45.48053035" lon="15.35595222" >
      <name>rte1_1195</name>
      <ele>205.00</ele>
    </rtept>
    <rtept lat="45.48050169" lon="15.35648289" >
      <name>rte1_1196</name>
      <ele>205.00</ele>
    </rtept>
    <rtept lat="45.48050061" lon="15.35682825" >
      <name>rte1_1197</name>
      <ele>205.00</ele>
    </rtept>
    <rtept lat="45.48049968" lon="15.35712245" >
      <name>rte1_1198</name>
      <ele>205.00</ele>
    </rtept>
    <rtept lat="45.48051728" lon="15.35725048" >
      <name>rte1_1199</name>
      <ele>204.70</ele>
    </rtept>
    <rtept lat="45.48053889" lon="15.35753203" >
      <name>rte1_1200</name>
      <ele>204.70</ele>
    </rtept>
    <rtept lat="45.48055648" lon="15.35766006" >
      <name>rte1_1201</name>
      <ele>205.00</ele>
    </rtept>
    <rtept lat="45.48057408" lon="15.35778809" >
      <name>rte1_1202</name>
      <ele>205.00</ele>
    </rtept>
    <rtept lat="45.48060073" lon="15.35789699" >
      <name>rte1_1203</name>
      <ele>205.00</ele>
    </rtept>
    <rtept lat="45.48063646" lon="15.35798036" >
      <name>rte1_1204</name>
      <ele>205.00</ele>
    </rtept>
    <rtept lat="45.48069003" lon="15.35811501" >
      <name>rte1_1205</name>
      <ele>205.00</ele>
    </rtept>
    <rtept lat="45.48080640" lon="15.35830763" >
      <name>rte1_1206</name>
      <ele>208.72</ele>
    </rtept>
    <rtept lat="45.48094065" lon="15.35853873" >
      <name>rte1_1207</name>
      <ele>205.76</ele>
    </rtept>
    <rtept lat="45.48123657" lon="15.35886681" >
      <name>rte1_1208</name>
      <ele>203.59</ele>
    </rtept>
    <rtept lat="45.48132623" lon="15.35896972" >
      <name>rte1_1209</name>
      <ele>203.59</ele>
    </rtept>
    <rtept lat="45.48138908" lon="15.35901489" >
      <name>rte1_1210</name>
      <ele>203.59</ele>
    </rtept>
    <rtept lat="45.48150579" lon="15.35909878" >
      <name>rte1_1211</name>
      <ele>205.00</ele>
    </rtept>
    <rtept lat="45.48173043" lon="15.35920255" >
      <name>rte1_1212</name>
      <ele>205.00</ele>
    </rtept>
    <rtept lat="45.48201214" lon="15.35975440" >
      <name>rte1_1213</name>
      <ele>200.00</ele>
    </rtept>
    <rtept lat="45.48204797" lon="15.35980580" >
      <name>rte1_1214</name>
      <ele>200.00</ele>
    </rtept>
    <rtept lat="45.48207930" lon="15.35985717" >
      <name>rte1_1215</name>
      <ele>200.00</ele>
    </rtept>
    <rtept lat="45.48211063" lon="15.35990854" >
      <name>rte1_1216</name>
      <ele>200.00</ele>
    </rtept>
    <rtept lat="45.48213747" lon="15.35995988" >
      <name>rte1_1217</name>
      <ele>197.12</ele>
    </rtept>
    <rtept lat="45.48218211" lon="15.36006889" >
      <name>rte1_1218</name>
      <ele>197.12</ele>
    </rtept>
    <rtept lat="45.48222226" lon="15.36017788" >
      <name>rte1_1219</name>
      <ele>200.00</ele>
    </rtept>
    <rtept lat="45.48224891" lon="15.36028678" >
      <name>rte1_1220</name>
      <ele>200.00</ele>
    </rtept>
    <rtept lat="45.48227102" lon="15.36040845" >
      <name>rte1_1221</name>
      <ele>200.00</ele>
    </rtept>
    <rtept lat="45.48227980" lon="15.36047886" >
      <name>rte1_1222</name>
      <ele>200.00</ele>
    </rtept>
    <rtept lat="45.48228859" lon="15.36054288" >
      <name>rte1_1223</name>
      <ele>200.00</ele>
    </rtept>
    <rtept lat="45.48229285" lon="15.36061966" >
      <name>rte1_1224</name>
      <ele>200.00</ele>
    </rtept>
    <rtept lat="45.48230161" lon="15.36069646" >
      <name>rte1_1225</name>
      <ele>200.00</ele>
    </rtept>
    <rtept lat="45.48228336" lon="15.36077310" >
      <name>rte1_1226</name>
      <ele>200.00</ele>
    </rtept>
    <rtept lat="45.48226065" lon="15.36084331" >
      <name>rte1_1227</name>
      <ele>200.00</ele>
    </rtept>
    <rtept lat="45.48223343" lon="15.36091349" >
      <name>rte1_1228</name>
      <ele>200.00</ele>
    </rtept>
    <rtept lat="45.48220175" lon="15.36097085" >
      <name>rte1_1229</name>
      <ele>200.00</ele>
    </rtept>
    <rtept lat="45.48216112" lon="15.36101536" >
      <name>rte1_1230</name>
      <ele>200.00</ele>
    </rtept>
    <rtept lat="45.48212050" lon="15.36105348" >
      <name>rte1_1231</name>
      <ele>200.00</ele>
    </rtept>
    <rtept lat="45.48207095" lon="15.36107235" >
      <name>rte1_1232</name>
      <ele>200.00</ele>
    </rtept>
    <rtept lat="45.48201692" lon="15.36108479" >
      <name>rte1_1233</name>
      <ele>200.00</ele>
    </rtept>
    <rtept lat="45.48196297" lon="15.36107165" >
      <name>rte1_1234</name>
      <ele>200.00</ele>
    </rtept>
    <rtept lat="45.48191808" lon="15.36103939" >
      <name>rte1_1235</name>
      <ele>200.00</ele>
    </rtept>
    <rtept lat="45.48187775" lon="15.36098796" >
      <name>rte1_1236</name>
      <ele>200.00</ele>
    </rtept>
    <rtept lat="45.48185094" lon="15.36093022" >
      <name>rte1_1237</name>
      <ele>200.00</ele>
    </rtept>
    <rtept lat="45.48182866" lon="15.36085973" >
      <name>rte1_1238</name>
      <ele>200.00</ele>
    </rtept>
    <rtept lat="45.48181541" lon="15.36078289" >
      <name>rte1_1239</name>
      <ele>200.00</ele>
    </rtept>
    <rtept lat="45.48181117" lon="15.36069972" >
      <name>rte1_1240</name>
      <ele>200.00</ele>
    </rtept>
    <rtept lat="45.48181592" lon="15.36062299" >
      <name>rte1_1241</name>
      <ele>200.00</ele>
    </rtept>
    <rtept lat="45.48183460" lon="15.36040565" >
      <name>rte1_1242</name>
      <ele>195.00</ele>
    </rtept>
    <rtept lat="45.48179439" lon="15.36031585" >
      <name>rte1_1243</name>
      <ele>195.00</ele>
    </rtept>
    <rtept lat="45.48174067" lon="15.36023236" >
      <name>rte1_1244</name>
      <ele>195.00</ele>
    </rtept>
    <rtept lat="45.48171383" lon="15.36018102" >
      <name>rte1_1245</name>
      <ele>195.00</ele>
    </rtept>
    <rtept lat="45.48168250" lon="15.36012965" >
      <name>rte1_1246</name>
      <ele>195.00</ele>
    </rtept>
    <rtept lat="45.48165121" lon="15.36006549" >
      <name>rte1_1247</name>
      <ele>196.54</ele>
    </rtept>
    <rtept lat="45.48162894" lon="15.35999500" >
      <name>rte1_1248</name>
      <ele>196.54</ele>
    </rtept>
    <rtept lat="45.48113476" lon="15.35976158" >
      <name>rte1_1249</name>
      <ele>200.78</ele>
    </rtept>
    <rtept lat="45.48100906" lon="15.35967124" >
      <name>rte1_1250</name>
      <ele>200.78</ele>
    </rtept>
    <rtept lat="45.48087457" lon="15.35951688" >
      <name>rte1_1251</name>
      <ele>204.35</ele>
    </rtept>
    <rtept lat="45.48052933" lon="15.35913732" >
      <name>rte1_1252</name>
      <ele>200.00</ele>
    </rtept>
    <rtept lat="45.48036379" lon="15.35884205" >
      <name>rte1_1253</name>
      <ele>200.00</ele>
    </rtept>
    <rtept lat="45.48021158" lon="15.35859804" >
      <name>rte1_1254</name>
      <ele>200.00</ele>
    </rtept>
    <rtept lat="45.48012674" lon="15.35839284" >
      <name>rte1_1255</name>
      <ele>200.00</ele>
    </rtept>
    <rtept lat="45.48006874" lon="15.35823897" >
      <name>rte1_1256</name>
      <ele>198.16</ele>
    </rtept>
    <rtept lat="45.48001545" lon="15.35801478" >
      <name>rte1_1257</name>
      <ele>199.16</ele>
    </rtept>
    <rtept lat="45.47998002" lon="15.35783548" >
      <name>rte1_1258</name>
      <ele>203.12</ele>
    </rtept>
    <rtept lat="45.47996263" lon="15.35764349" >
      <name>rte1_1259</name>
      <ele>203.12</ele>
    </rtept>
    <rtept lat="45.47994090" lon="15.35740032" >
      <name>rte1_1260</name>
      <ele>205.00</ele>
    </rtept>
    <rtept lat="45.47991447" lon="15.35722107" >
      <name>rte1_1261</name>
      <ele>205.00</ele>
    </rtept>
    <rtept lat="45.47991571" lon="15.35682454" >
      <name>rte1_1262</name>
      <ele>205.00</ele>
    </rtept>
    <rtept lat="45.47991690" lon="15.35644720" >
      <name>rte1_1263</name>
      <ele>205.00</ele>
    </rtept>
    <rtept lat="45.47993642" lon="15.35596125" >
      <name>rte1_1264</name>
      <ele>205.00</ele>
    </rtept>
    <rtept lat="45.47991958" lon="15.35559019" >
      <name>rte1_1265</name>
      <ele>201.04</ele>
    </rtept>
    <rtept lat="45.47992006" lon="15.35543670" >
      <name>rte1_1266</name>
      <ele>201.04</ele>
    </rtept>
    <rtept lat="45.47990676" lon="15.35537266" >
      <name>rte1_1267</name>
      <ele>201.04</ele>
    </rtept>
    <rtept lat="45.47985375" lon="15.35505893" >
      <name>rte1_1268</name>
      <ele>200.00</ele>
    </rtept>
    <rtept lat="45.47981794" lon="15.35500114" >
      <name>rte1_1269</name>
      <ele>200.00</ele>
    </rtept>
    <rtept lat="45.47978203" lon="15.35497533" >
      <name>rte1_1270</name>
      <ele>200.00</ele>
    </rtept>
    <rtept lat="45.47969664" lon="15.35494282" >
      <name>rte1_1271</name>
      <ele>200.00</ele>
    </rtept>
    <rtept lat="45.47965175" lon="15.35491056" >
      <name>rte1_1272</name>
      <ele>200.00</ele>
    </rtept>
    <rtept lat="45.47961134" lon="15.35488472" >
      <name>rte1_1273</name>
      <ele>200.00</ele>
    </rtept>
    <rtept lat="45.47953501" lon="15.35483307" >
      <name>rte1_1274</name>
      <ele>200.00</ele>
    </rtept>
    <rtept lat="45.47946318" lon="15.35478145" >
      <name>rte1_1275</name>
      <ele>200.00</ele>
    </rtept>
    <rtept lat="45.47939132" lon="15.35474262" >
      <name>rte1_1276</name>
      <ele>200.00</ele>
    </rtept>
    <rtept lat="45.47931943" lon="15.35471019" >
      <name>rte1_1277</name>
      <ele>200.00</ele>
    </rtept>
    <rtept lat="45.47924748" lon="15.35469695" >
      <name>rte1_1278</name>
      <ele>200.00</ele>
    </rtept>
    <rtept lat="45.47917098" lon="15.35470286" >
      <name>rte1_1279</name>
      <ele>203.51</ele>
    </rtept>
    <rtept lat="45.47908989" lon="15.35473433" >
      <name>rte1_1280</name>
      <ele>203.51</ele>
    </rtept>
    <rtept lat="45.47904484" lon="15.35475323" >
      <name>rte1_1281</name>
      <ele>203.51</ele>
    </rtept>
    <rtept lat="45.47899981" lon="15.35476574" >
      <name>rte1_1282</name>
      <ele>203.51</ele>
    </rtept>
    <rtept lat="45.47891876" lon="15.35478441" >
      <name>rte1_1283</name>
      <ele>205.00</ele>
    </rtept>
    <rtept lat="45.47884224" lon="15.35479672" >
      <name>rte1_1284</name>
      <ele>205.00</ele>
    </rtept>
    <rtept lat="45.47876577" lon="15.35478984" >
      <name>rte1_1285</name>
      <ele>205.00</ele>
    </rtept>
    <rtept lat="45.47869384" lon="15.35477020" >
      <name>rte1_1286</name>
      <ele>205.00</ele>
    </rtept>
    <rtept lat="45.47861746" lon="15.35473774" >
      <name>rte1_1287</name>
      <ele>205.00</ele>
    </rtept>
    <rtept lat="45.47854109" lon="15.35469889" >
      <name>rte1_1288</name>
      <ele>205.00</ele>
    </rtept>
    <rtept lat="45.47846026" lon="15.35464721" >
      <name>rte1_1289</name>
      <ele>205.00</ele>
    </rtept>
    <rtept lat="45.47840191" lon="15.35460208" >
      <name>rte1_1290</name>
      <ele>205.00</ele>
    </rtept>
    <rtept lat="45.47835256" lon="15.35455700" >
      <name>rte1_1291</name>
      <ele>205.00</ele>
    </rtept>
    <rtept lat="45.47830769" lon="15.35451834" >
      <name>rte1_1292</name>
      <ele>205.00</ele>
    </rtept>
    <rtept lat="45.47825830" lon="15.35448605" >
      <name>rte1_1293</name>
      <ele>205.00</ele>
    </rtept>
    <rtept lat="45.47821339" lon="15.35446019" >
      <name>rte1_1294</name>
      <ele>205.00</ele>
    </rtept>
    <rtept lat="45.47816394" lon="15.35444708" >
      <name>rte1_1295</name>
      <ele>205.00</ele>
    </rtept>
    <rtept lat="45.47811442" lon="15.35445317" >
      <name>rte1_1296</name>
      <ele>205.00</ele>
    </rtept>
    <rtept lat="45.47806037" lon="15.35447201" >
      <name>rte1_1297</name>
      <ele>205.00</ele>
    </rtept>
    <rtept lat="45.47798379" lon="15.35450351" >
      <name>rte1_1298</name>
      <ele>205.00</ele>
    </rtept>
    <rtept lat="45.47791172" lon="15.35452864" >
      <name>rte1_1299</name>
      <ele>205.00</ele>
    </rtept>
    <rtept lat="45.47784415" lon="15.35455379" >
      <name>rte1_1300</name>
      <ele>205.00</ele>
    </rtept>
    <rtept lat="45.47778112" lon="15.35456619" >
      <name>rte1_1301</name>
      <ele>205.00</ele>
    </rtept>
    <rtept lat="45.47771812" lon="15.35457218" >
      <name>rte1_1302</name>
      <ele>205.00</ele>
    </rtept>
    <rtept lat="45.47765515" lon="15.35456539" >
      <name>rte1_1303</name>
      <ele>205.00</ele>
    </rtept>
    <rtept lat="45.47758772" lon="15.35454578" >
      <name>rte1_1304</name>
      <ele>200.20</ele>
    </rtept>
    <rtept lat="45.47751583" lon="15.35451335" >
      <name>rte1_1305</name>
      <ele>200.20</ele>
    </rtept>
    <rtept lat="45.47747092" lon="15.35448748" >
      <name>rte1_1306</name>
      <ele>200.20</ele>
    </rtept>
    <rtept lat="45.47743051" lon="15.35446165" >
      <name>rte1_1307</name>
      <ele>200.20</ele>
    </rtept>
    <rtept lat="45.47734966" lon="15.35441637" >
      <name>rte1_1308</name>
      <ele>197.86</ele>
    </rtept>
    <rtept lat="45.47727779" lon="15.35437755" >
      <name>rte1_1309</name>
      <ele>197.86</ele>
    </rtept>
    <rtept lat="45.47721045" lon="15.35433235" >
      <name>rte1_1310</name>
      <ele>200.00</ele>
    </rtept>
    <rtept lat="45.47714310" lon="15.35428716" >
      <name>rte1_1311</name>
      <ele>200.00</ele>
    </rtept>
    <rtept lat="45.47708031" lon="15.35422281" >
      <name>rte1_1312</name>
      <ele>200.00</ele>
    </rtept>
    <rtept lat="45.47702204" lon="15.35415210" >
      <name>rte1_1313</name>
      <ele>200.00</ele>
    </rtept>
    <rtept lat="45.47696383" lon="15.35406219" >
      <name>rte1_1314</name>
      <ele>200.00</ele>
    </rtept>
    <rtept lat="45.47692355" lon="15.35399159" >
      <name>rte1_1315</name>
      <ele>204.71</ele>
    </rtept>
    <rtept lat="45.47689228" lon="15.35392104" >
      <name>rte1_1316</name>
      <ele>204.71</ele>
    </rtept>
    <rtept lat="45.47686550" lon="15.35385053" >
      <name>rte1_1317</name>
      <ele>204.71</ele>
    </rtept>
    <rtept lat="45.47684323" lon="15.35378004" >
      <name>rte1_1318</name>
      <ele>204.71</ele>
    </rtept>
    <rtept lat="45.47682545" lon="15.35370958" >
      <name>rte1_1319</name>
      <ele>204.71</ele>
    </rtept>
    <rtept lat="45.47681215" lon="15.35364554" >
      <name>rte1_1320</name>
      <ele>202.66</ele>
    </rtept>
    <rtept lat="45.47680337" lon="15.35357513" >
      <name>rte1_1321</name>
      <ele>202.66</ele>
    </rtept>
    <rtept lat="45.47679459" lon="15.35350473" >
      <name>rte1_1322</name>
      <ele>202.66</ele>
    </rtept>
    <rtept lat="45.47679033" lon="15.35342796" >
      <name>rte1_1323</name>
      <ele>202.66</ele>
    </rtept>
    <rtept lat="45.47679055" lon="15.35335761" >
      <name>rte1_1324</name>
      <ele>200.00</ele>
    </rtept>
    <rtept lat="45.47679079" lon="15.35328087" >
      <name>rte1_1325</name>
      <ele>200.00</ele>
    </rtept>
    <rtept lat="45.47679103" lon="15.35320413" >
      <name>rte1_1326</name>
      <ele>200.00</ele>
    </rtept>
    <rtept lat="45.47679578" lon="15.35312102" >
      <name>rte1_1327</name>
      <ele>200.00</ele>
    </rtept>
    <rtept lat="45.47680052" lon="15.35304430" >
      <name>rte1_1328</name>
      <ele>201.09</ele>
    </rtept>
    <rtept lat="45.47680530" lon="15.35295480" >
      <name>rte1_1329</name>
      <ele>201.09</ele>
    </rtept>
    <rtept lat="45.47681006" lon="15.35287169" >
      <name>rte1_1330</name>
      <ele>201.09</ele>
    </rtept>
    <rtept lat="45.47681033" lon="15.35278215" >
      <name>rte1_1331</name>
      <ele>201.09</ele>
    </rtept>
    <rtept lat="45.47681507" lon="15.35270544" >
      <name>rte1_1332</name>
      <ele>205.00</ele>
    </rtept>
    <rtept lat="45.47681533" lon="15.35262230" >
      <name>rte1_1333</name>
      <ele>205.00</ele>
    </rtept>
    <rtept lat="45.47682007" lon="15.35254558" >
      <name>rte1_1334</name>
      <ele>205.00</ele>
    </rtept>
    <rtept lat="45.47682030" lon="15.35246884" >
      <name>rte1_1335</name>
      <ele>205.00</ele>
    </rtept>
    <rtept lat="45.47682054" lon="15.35239210" >
      <name>rte1_1336</name>
      <ele>205.00</ele>
    </rtept>
    <rtept lat="45.47682078" lon="15.35231536" >
      <name>rte1_1337</name>
      <ele>205.00</ele>
    </rtept>
    <rtept lat="45.47682102" lon="15.35223861" >
      <name>rte1_1338</name>
      <ele>205.00</ele>
    </rtept>
    <rtept lat="45.47682124" lon="15.35216827" >
      <name>rte1_1339</name>
      <ele>205.00</ele>
    </rtept>
    <rtept lat="45.47681695" lon="15.35209789" >
      <name>rte1_1340</name>
      <ele>204.25</ele>
    </rtept>
    <rtept lat="45.47681717" lon="15.35202754" >
      <name>rte1_1341</name>
      <ele>204.25</ele>
    </rtept>
    <rtept lat="45.47681289" lon="15.35195717" >
      <name>rte1_1342</name>
      <ele>204.25</ele>
    </rtept>
    <rtept lat="45.47680861" lon="15.35188679" >
      <name>rte1_1343</name>
      <ele>204.25</ele>
    </rtept>
    <rtept lat="45.47679983" lon="15.35181639" >
      <name>rte1_1344</name>
      <ele>204.25</ele>
    </rtept>
    <rtept lat="45.47679553" lon="15.35175241" >
      <name>rte1_1345</name>
      <ele>201.30</ele>
    </rtept>
    <rtept lat="45.47678673" lon="15.35168840" >
      <name>rte1_1346</name>
      <ele>201.30</ele>
    </rtept>
    <rtept lat="45.47677345" lon="15.35161796" >
      <name>rte1_1347</name>
      <ele>201.30</ele>
    </rtept>
    <rtept lat="45.47676465" lon="15.35155396" >
      <name>rte1_1348</name>
      <ele>201.30</ele>
    </rtept>
    <rtept lat="45.47675135" lon="15.35148992" >
      <name>rte1_1349</name>
      <ele>201.30</ele>
    </rtept>
    <rtept lat="45.47673353" lon="15.35143225" >
      <name>rte1_1350</name>
      <ele>203.91</ele>
    </rtept>
    <rtept lat="45.47671573" lon="15.35136818" >
      <name>rte1_1351</name>
      <ele>203.91</ele>
    </rtept>
    <rtept lat="45.47669793" lon="15.35130412" >
      <name>rte1_1352</name>
      <ele>203.91</ele>
    </rtept>
    <rtept lat="45.47668011" lon="15.35124645" >
      <name>rte1_1353</name>
      <ele>203.91</ele>
    </rtept>
    <rtept lat="45.47665781" lon="15.35118236" >
      <name>rte1_1354</name>
      <ele>203.91</ele>
    </rtept>
    <rtept lat="45.47663100" lon="15.35112463" >
      <name>rte1_1355</name>
      <ele>209.12</ele>
    </rtept>
    <rtept lat="45.47660418" lon="15.35106691" >
      <name>rte1_1356</name>
      <ele>209.12</ele>
    </rtept>
    <rtept lat="45.47657736" lon="15.35100918" >
      <name>rte1_1357</name>
      <ele>209.12</ele>
    </rtept>
    <rtept lat="45.47654606" lon="15.35094503" >
      <name>rte1_1358</name>
      <ele>209.12</ele>
    </rtept>
    <rtept lat="45.47651025" lon="15.35088725" >
      <name>rte1_1359</name>
      <ele>209.35</ele>
    </rtept>
    <rtept lat="45.47647443" lon="15.35082947" >
      <name>rte1_1360</name>
      <ele>209.35</ele>
    </rtept>
    <rtept lat="45.47643862" lon="15.35077169" >
      <name>rte1_1361</name>
      <ele>207.73</ele>
    </rtept>
    <rtept lat="45.47639828" lon="15.35072027" >
      <name>rte1_1362</name>
      <ele>207.73</ele>
    </rtept>
    <rtept lat="45.47635347" lon="15.35066244" >
      <name>rte1_1363</name>
      <ele>207.73</ele>
    </rtept>
    <rtept lat="45.47631313" lon="15.35061102" >
      <name>rte1_1364</name>
      <ele>207.73</ele>
    </rtept>
    <rtept lat="45.47627280" lon="15.35055961" >
      <name>rte1_1365</name>
      <ele>207.22</ele>
    </rtept>
    <rtept lat="45.47623246" lon="15.35050819" >
      <name>rte1_1366</name>
      <ele>207.22</ele>
    </rtept>
    <rtept lat="45.47619211" lon="15.35046318" >
      <name>rte1_1367</name>
      <ele>208.24</ele>
    </rtept>
    <rtept lat="45.47615627" lon="15.35041179" >
      <name>rte1_1368</name>
      <ele>208.24</ele>
    </rtept>
    <rtept lat="45.47612044" lon="15.35036040" >
      <name>rte1_1369</name>
      <ele>208.24</ele>
    </rtept>
    <rtept lat="45.47608908" lon="15.35031544" >
      <name>rte1_1370</name>
      <ele>208.24</ele>
    </rtept>
    <rtept lat="45.47605774" lon="15.35026408" >
      <name>rte1_1371</name>
      <ele>210.00</ele>
    </rtept>
    <rtept lat="45.47603091" lon="15.35021275" >
      <name>rte1_1372</name>
      <ele>210.00</ele>
    </rtept>
    <rtept lat="45.47599527" lon="15.35009742" >
      <name>rte1_1373</name>
      <ele>210.00</ele>
    </rtept>
    <rtept lat="45.47598197" lon="15.35003338" >
      <name>rte1_1374</name>
      <ele>210.00</ele>
    </rtept>
    <rtept lat="45.47597767" lon="15.34996940" >
      <name>rte1_1375</name>
      <ele>210.00</ele>
    </rtept>
    <rtept lat="45.47597788" lon="15.34989906" >
      <name>rte1_1376</name>
      <ele>210.00</ele>
    </rtept>
    <rtept lat="45.47598710" lon="15.34982877" >
      <name>rte1_1377</name>
      <ele>210.00</ele>
    </rtept>
    <rtept lat="45.47600095" lon="15.34971374" >
      <name>rte1_1378</name>
      <ele>210.00</ele>
    </rtept>
    <rtept lat="45.47602826" lon="15.34961158" >
      <name>rte1_1379</name>
      <ele>210.00</ele>
    </rtept>
    <rtept lat="45.47606007" lon="15.34950945" >
      <name>rte1_1380</name>
      <ele>210.00</ele>
    </rtept>
    <rtept lat="45.47608286" lon="15.34941367" >
      <name>rte1_1381</name>
      <ele>213.36</ele>
    </rtept>
    <rtept lat="45.47610115" lon="15.34931785" >
      <name>rte1_1382</name>
      <ele>213.36</ele>
    </rtept>
    <rtept lat="45.47610141" lon="15.34923471" >
      <name>rte1_1383</name>
      <ele>213.36</ele>
    </rtept>
    <rtept lat="45.47608365" lon="15.34915786" >
      <name>rte1_1384</name>
      <ele>211.10</ele>
    </rtept>
    <rtept lat="45.47603885" lon="15.34909363" >
      <name>rte1_1385</name>
      <ele>210.00</ele>
    </rtept>
    <rtept lat="45.47598046" lon="15.34906129" >
      <name>rte1_1386</name>
      <ele>210.00</ele>
    </rtept>
    <rtept lat="45.47592641" lon="15.34908014" >
      <name>rte1_1387</name>
      <ele>210.00</ele>
    </rtept>
    <rtept lat="45.47587226" lon="15.34913097" >
      <name>rte1_1388</name>
      <ele>210.00</ele>
    </rtept>
    <rtept lat="45.47582259" lon="15.34918822" >
      <name>rte1_1389</name>
      <ele>208.73</ele>
    </rtept>
    <rtept lat="45.47577298" lon="15.34922628" >
      <name>rte1_1390</name>
      <ele>205.62</ele>
    </rtept>
    <rtept lat="45.47572789" lon="15.34925798" >
      <name>rte1_1391</name>
      <ele>205.62</ele>
    </rtept>
    <rtept lat="45.47568278" lon="15.34929607" >
      <name>rte1_1392</name>
      <ele>205.62</ele>
    </rtept>
    <rtept lat="45.47563771" lon="15.34932137" >
      <name>rte1_1393</name>
      <ele>205.62</ele>
    </rtept>
    <rtept lat="45.47559264" lon="15.34934667" >
      <name>rte1_1394</name>
      <ele>205.00</ele>
    </rtept>
    <rtept lat="45.47555207" lon="15.34937200" >
      <name>rte1_1395</name>
      <ele>205.00</ele>
    </rtept>
    <rtept lat="45.47546647" lon="15.34940984" >
      <name>rte1_1396</name>
      <ele>205.00</ele>
    </rtept>
    <rtept lat="45.47538089" lon="15.34944128" >
      <name>rte1_1397</name>
      <ele>205.00</ele>
    </rtept>
    <rtept lat="45.47533587" lon="15.34944740" >
      <name>rte1_1398</name>
      <ele>205.00</ele>
    </rtept>
    <rtept lat="45.47529084" lon="15.34945991" >
      <name>rte1_1399</name>
      <ele>205.00</ele>
    </rtept>
    <rtept lat="45.47524133" lon="15.34946600" >
      <name>rte1_1400</name>
      <ele>205.00</ele>
    </rtept>
    <rtept lat="45.47519182" lon="15.34947208" >
      <name>rte1_1401</name>
      <ele>205.00</ele>
    </rtept>
    <rtept lat="45.47514231" lon="15.34947817" >
      <name>rte1_1402</name>
      <ele>200.00</ele>
    </rtept>
    <rtept lat="45.47508830" lon="15.34948423" >
      <name>rte1_1403</name>
      <ele>200.00</ele>
    </rtept>
    <rtept lat="45.47503881" lon="15.34948392" >
      <name>rte1_1404</name>
      <ele>200.00</ele>
    </rtept>
    <rtept lat="45.47499382" lon="15.34948364" >
      <name>rte1_1405</name>
      <ele>200.00</ele>
    </rtept>
    <rtept lat="45.47490831" lon="15.34948951" >
      <name>rte1_1406</name>
      <ele>200.00</ele>
    </rtept>
    <rtept lat="45.47482731" lon="15.34949540" >
      <name>rte1_1407</name>
      <ele>200.00</ele>
    </rtept>
    <rtept lat="45.47475078" lon="15.34950771" >
      <name>rte1_1408</name>
      <ele>200.00</ele>
    </rtept>
    <rtept lat="45.47467428" lon="15.34951363" >
      <name>rte1_1409</name>
      <ele>197.98</ele>
    </rtept>
    <rtept lat="45.47460227" lon="15.34951958" >
      <name>rte1_1410</name>
      <ele>197.98</ele>
    </rtept>
    <rtept lat="45.47453476" lon="15.34952556" >
      <name>rte1_1411</name>
      <ele>197.98</ele>
    </rtept>
    <rtept lat="45.47446274" lon="15.34953790" >
      <name>rte1_1412</name>
      <ele>195.00</ele>
    </rtept>
    <rtept lat="45.47439525" lon="15.34953748" >
      <name>rte1_1413</name>
      <ele>195.00</ele>
    </rtept>
    <rtept lat="45.47432324" lon="15.34954343" >
      <name>rte1_1414</name>
      <ele>195.00</ele>
    </rtept>
    <rtept lat="45.47425125" lon="15.34954298" >
      <name>rte1_1415</name>
      <ele>195.00</ele>
    </rtept>
    <rtept lat="45.47417927" lon="15.34954253" >
      <name>rte1_1416</name>
      <ele>195.00</ele>
    </rtept>
    <rtept lat="45.47410280" lon="15.34953566" >
      <name>rte1_1417</name>
      <ele>195.00</ele>
    </rtept>
    <rtept lat="45.47402185" lon="15.34952237" >
      <name>rte1_1418</name>
      <ele>197.45</ele>
    </rtept>
    <rtept lat="45.47394091" lon="15.34950908" >
      <name>rte1_1419</name>
      <ele>197.45</ele>
    </rtept>
    <rtept lat="45.47385546" lon="15.34949576" >
      <name>rte1_1420</name>
      <ele>197.45</ele>
    </rtept>
    <rtept lat="45.47380601" lon="15.34948266" >
      <name>rte1_1421</name>
      <ele>200.00</ele>
    </rtept>
    <rtept lat="45.47376106" lon="15.34946959" >
      <name>rte1_1422</name>
      <ele>200.00</ele>
    </rtept>
    <rtept lat="45.47367565" lon="15.34944348" >
      <name>rte1_1423</name>
      <ele>200.00</ele>
    </rtept>
    <rtept lat="45.47359474" lon="15.34941740" >
      <name>rte1_1424</name>
      <ele>200.00</ele>
    </rtept>
    <rtept lat="45.47351834" lon="15.34939134" >
      <name>rte1_1425</name>
      <ele>200.00</ele>
    </rtept>
    <rtept lat="45.47344645" lon="15.34935892" >
      <name>rte1_1426</name>
      <ele>200.00</ele>
    </rtept>
    <rtept lat="45.47337454" lon="15.34933289" >
      <name>rte1_1427</name>
      <ele>200.00</ele>
    </rtept>
    <rtept lat="45.47330715" lon="15.34930050" >
      <name>rte1_1428</name>
      <ele>200.00</ele>
    </rtept>
    <rtept lat="45.47323978" lon="15.34926171" >
      <name>rte1_1429</name>
      <ele>200.00</ele>
    </rtept>
    <rtept lat="45.47317691" lon="15.34922295" >
      <name>rte1_1430</name>
      <ele>200.00</ele>
    </rtept>
    <rtept lat="45.47310954" lon="15.34918416" >
      <name>rte1_1431</name>
      <ele>203.88</ele>
    </rtept>
    <rtept lat="45.47304219" lon="15.34913898" >
      <name>rte1_1432</name>
      <ele>203.88</ele>
    </rtept>
    <rtept lat="45.47297486" lon="15.34908740" >
      <name>rte1_1433</name>
      <ele>203.88</ele>
    </rtept>
    <rtept lat="45.47290753" lon="15.34903583" >
      <name>rte1_1434</name>
      <ele>205.96</ele>
    </rtept>
    <rtept lat="45.47283570" lon="15.34898422" >
      <name>rte1_1435</name>
      <ele>205.96</ele>
    </rtept>
    <rtept lat="45.47275941" lon="15.34891980" >
      <name>rte1_1436</name>
      <ele>205.96</ele>
    </rtept>
    <rtept lat="45.47268310" lon="15.34886177" >
      <name>rte1_1437</name>
      <ele>210.00</ele>
    </rtept>
    <rtept lat="45.47263822" lon="15.34882312" >
      <name>rte1_1438</name>
      <ele>210.00</ele>
    </rtept>
    <rtept lat="45.47259333" lon="15.34879087" >
      <name>rte1_1439</name>
      <ele>210.00</ele>
    </rtept>
    <rtept lat="45.47254843" lon="15.34875862" >
      <name>rte1_1440</name>
      <ele>210.00</ele>
    </rtept>
    <rtept lat="45.47250354" lon="15.34872636" >
      <name>rte1_1441</name>
      <ele>210.00</ele>
    </rtept>
    <rtept lat="45.47241817" lon="15.34868747" >
      <name>rte1_1442</name>
      <ele>212.58</ele>
    </rtept>
    <rtept lat="45.47233279" lon="15.34865496" >
      <name>rte1_1443</name>
      <ele>212.58</ele>
    </rtept>
    <rtept lat="45.47225182" lon="15.34864807" >
      <name>rte1_1444</name>
      <ele>218.69</ele>
    </rtept>
    <rtept lat="45.47216630" lon="15.34866032" >
      <name>rte1_1445</name>
      <ele>218.69</ele>
    </rtept>
    <rtept lat="45.47212575" lon="15.34867926" >
      <name>rte1_1446</name>
      <ele>218.69</ele>
    </rtept>
    <rtept lat="45.47208067" lon="15.34870456" >
      <name>rte1_1447</name>
      <ele>218.69</ele>
    </rtept>
    <rtept lat="45.47204008" lon="15.34873628" >
      <name>rte1_1448</name>
      <ele>218.69</ele>
    </rtept>
    <rtept lat="45.47199947" lon="15.34877440" >
      <name>rte1_1449</name>
      <ele>222.95</ele>
    </rtept>
    <rtept lat="45.47194533" lon="15.34882522" >
      <name>rte1_1450</name>
      <ele>222.95</ele>
    </rtept>
    <rtept lat="45.47189568" lon="15.34887607" >
      <name>rte1_1451</name>
      <ele>218.00</ele>
    </rtept>
    <rtept lat="45.47184603" lon="15.34892692" >
      <name>rte1_1452</name>
      <ele>218.00</ele>
    </rtept>
    <rtept lat="45.47180088" lon="15.34897780" >
      <name>rte1_1453</name>
      <ele>220.00</ele>
    </rtept>
    <rtept lat="45.47176025" lon="15.34902231" >
      <name>rte1_1454</name>
      <ele>220.00</ele>
    </rtept>
    <rtept lat="45.47171960" lon="15.34907322" >
      <name>rte1_1455</name>
      <ele>220.00</ele>
    </rtept>
    <rtept lat="45.47167897" lon="15.34911773" >
      <name>rte1_1456</name>
      <ele>220.00</ele>
    </rtept>
    <rtept lat="45.47163384" lon="15.34916221" >
      <name>rte1_1457</name>
      <ele>220.00</ele>
    </rtept>
    <rtept lat="45.47159323" lon="15.34920033" >
      <name>rte1_1458</name>
      <ele>220.00</ele>
    </rtept>
    <rtept lat="45.47154812" lon="15.34923842" >
      <name>rte1_1459</name>
      <ele>223.03</ele>
    </rtept>
    <rtept lat="45.47150303" lon="15.34927011" >
      <name>rte1_1460</name>
      <ele>223.03</ele>
    </rtept>
    <rtept lat="45.47145794" lon="15.34930181" >
      <name>rte1_1461</name>
      <ele>223.03</ele>
    </rtept>
    <rtept lat="45.47140835" lon="15.34933347" >
      <name>rte1_1462</name>
      <ele>223.03</ele>
    </rtept>
    <rtept lat="45.47135430" lon="15.34935232" >
      <name>rte1_1463</name>
      <ele>223.03</ele>
    </rtept>
    <rtept lat="45.47129575" lon="15.34937114" >
      <name>rte1_1464</name>
      <ele>226.30</ele>
    </rtept>
    <rtept lat="45.47123270" lon="15.34938993" >
      <name>rte1_1465</name>
      <ele>226.30</ele>
    </rtept>
    <rtept lat="45.47117869" lon="15.34939599" >
      <name>rte1_1466</name>
      <ele>226.30</ele>
    </rtept>
    <rtept lat="45.47112918" lon="15.34940208" >
      <name>rte1_1467</name>
      <ele>226.30</ele>
    </rtept>
    <rtept lat="45.47108417" lon="15.34940820" >
      <name>rte1_1468</name>
      <ele>228.17</ele>
    </rtept>
    <rtept lat="45.47103916" lon="15.34941431" >
      <name>rte1_1469</name>
      <ele>228.17</ele>
    </rtept>
    <rtept lat="45.47095813" lon="15.34942660" >
      <name>rte1_1470</name>
      <ele>228.17</ele>
    </rtept>
    <rtept lat="45.47087713" lon="15.34943249" >
      <name>rte1_1471</name>
      <ele>230.00</ele>
    </rtept>
    <rtept lat="45.47079614" lon="15.34943198" >
      <name>rte1_1472</name>
      <ele>230.00</ele>
    </rtept>
    <rtept lat="45.47071070" lon="15.34941866" >
      <name>rte1_1473</name>
      <ele>230.00</ele>
    </rtept>
    <rtept lat="45.47062527" lon="15.34939895" >
      <name>rte1_1474</name>
      <ele>240.00</ele>
    </rtept>
    <rtept lat="45.47057582" lon="15.34938585" >
      <name>rte1_1475</name>
      <ele>240.00</ele>
    </rtept>
    <rtept lat="45.47053087" lon="15.34937278" >
      <name>rte1_1476</name>
      <ele>240.00</ele>
    </rtept>
    <rtept lat="45.47045902" lon="15.34932758" >
      <name>rte1_1477</name>
      <ele>240.00</ele>
    </rtept>
    <rtept lat="45.47040524" lon="15.34925690" >
      <name>rte1_1478</name>
      <ele>233.75</ele>
    </rtept>
    <rtept lat="45.47036951" lon="15.34917355" >
      <name>rte1_1479</name>
      <ele>240.00</ele>
    </rtept>
    <rtept lat="45.47035182" lon="15.34907112" >
      <name>rte1_1480</name>
      <ele>240.00</ele>
    </rtept>
    <rtept lat="45.47034316" lon="15.34896236" >
      <name>rte1_1481</name>
      <ele>240.00</ele>
    </rtept>
    <rtept lat="45.47035249" lon="15.34885371" >
      <name>rte1_1482</name>
      <ele>247.59</ele>
    </rtept>
    <rtept lat="45.47037084" lon="15.34873872" >
      <name>rte1_1483</name>
      <ele>247.59</ele>
    </rtept>
    <rtept lat="45.47040715" lon="15.34863663" >
      <name>rte1_1484</name>
      <ele>247.59</ele>
    </rtept>
    <rtept lat="45.47061629" lon="15.34792812" >
      <name>rte1_1485</name>
      <ele>260.00</ele>
    </rtept>
    <rtept lat="45.47062110" lon="15.34782583" >
      <name>rte1_1486</name>
      <ele>260.56</ele>
    </rtept>
    <rtept lat="45.47061689" lon="15.34772989" >
      <name>rte1_1487</name>
      <ele>260.56</ele>
    </rtept>
    <rtept lat="45.47059461" lon="15.34765941" >
      <name>rte1_1488</name>
      <ele>260.56</ele>
    </rtept>
    <rtept lat="45.47057229" lon="15.34760172" >
      <name>rte1_1489</name>
      <ele>260.56</ele>
    </rtept>
    <rtept lat="45.47052763" lon="15.34749273" >
      <name>rte1_1490</name>
      <ele>265.00</ele>
    </rtept>
    <rtept lat="45.47047842" lon="15.34740291" >
      <name>rte1_1491</name>
      <ele>265.00</ele>
    </rtept>
    <rtept lat="45.47042920" lon="15.34731308" >
      <name>rte1_1492</name>
      <ele>265.66</ele>
    </rtept>
    <rtept lat="45.47037996" lon="15.34722964" >
      <name>rte1_1493</name>
      <ele>269.22</ele>
    </rtept>
    <rtept lat="45.47033074" lon="15.34713981" >
      <name>rte1_1494</name>
      <ele>269.22</ele>
    </rtept>
    <rtept lat="45.47028607" lon="15.34703722" >
      <name>rte1_1495</name>
      <ele>269.22</ele>
    </rtept>
    <rtept lat="45.47024141" lon="15.34692824" >
      <name>rte1_1496</name>
      <ele>270.00</ele>
    </rtept>
    <rtept lat="45.47021914" lon="15.34685137" >
      <name>rte1_1497</name>
      <ele>270.86</ele>
    </rtept>
    <rtept lat="45.47020586" lon="15.34678094" >
      <name>rte1_1498</name>
      <ele>270.86</ele>
    </rtept>
    <rtept lat="45.47020158" lon="15.34671058" >
      <name>rte1_1499</name>
      <ele>270.86</ele>
    </rtept>
    <rtept lat="45.47019729" lon="15.34664021" >
      <name>rte1_1500</name>
      <ele>270.86</ele>
    </rtept>
    <rtept lat="45.47019299" lon="15.34657624" >
      <name>rte1_1501</name>
      <ele>278.46</ele>
    </rtept>
    <rtept lat="45.47018418" lon="15.34651224" >
      <name>rte1_1502</name>
      <ele>278.46</ele>
    </rtept>
    <rtept lat="45.47017088" lon="15.34644821" >
      <name>rte1_1503</name>
      <ele>278.46</ele>
    </rtept>
    <rtept lat="45.47014406" lon="15.34639049" >
      <name>rte1_1504</name>
      <ele>278.46</ele>
    </rtept>
    <rtept lat="45.47011272" lon="15.34633914" >
      <name>rte1_1505</name>
      <ele>278.46</ele>
    </rtept>
    <rtept lat="45.47008137" lon="15.34629419" >
      <name>rte1_1506</name>
      <ele>283.68</ele>
    </rtept>
    <rtept lat="45.47001411" lon="15.34621704" >
      <name>rte1_1507</name>
      <ele>283.68</ele>
    </rtept>
    <rtept lat="45.46994684" lon="15.34614628" >
      <name>rte1_1508</name>
      <ele>290.00</ele>
    </rtept>
    <rtept lat="45.46987501" lon="15.34609468" >
      <name>rte1_1509</name>
      <ele>290.00</ele>
    </rtept>
    <rtept lat="45.46979866" lon="15.34604945" >
      <name>rte1_1510</name>
      <ele>290.00</ele>
    </rtept>
    <rtept lat="45.46972679" lon="15.34601064" >
      <name>rte1_1511</name>
      <ele>290.00</ele>
    </rtept>
    <rtept lat="45.46965040" lon="15.34597820" >
      <name>rte1_1512</name>
      <ele>294.40</ele>
    </rtept>
    <rtept lat="45.46957851" lon="15.34594578" >
      <name>rte1_1513</name>
      <ele>294.40</ele>
    </rtept>
    <rtept lat="45.46950662" lon="15.34591337" >
      <name>rte1_1514</name>
      <ele>291.90</ele>
    </rtept>
    <rtept lat="45.46943475" lon="15.34587456" >
      <name>rte1_1515</name>
      <ele>291.90</ele>
    </rtept>
    <rtept lat="45.46936739" lon="15.34582938" >
      <name>rte1_1516</name>
      <ele>291.90</ele>
    </rtept>
    <rtept lat="45.46930454" lon="15.34578424" >
      <name>rte1_1517</name>
      <ele>287.92</ele>
    </rtept>
    <rtept lat="45.46924175" lon="15.34571990" >
      <name>rte1_1518</name>
      <ele>287.92</ele>
    </rtept>
    <rtept lat="45.46918799" lon="15.34564284" >
      <name>rte1_1519</name>
      <ele>292.26</ele>
    </rtept>
    <rtept lat="45.46913877" lon="15.34555301" >
      <name>rte1_1520</name>
      <ele>292.26</ele>
    </rtept>
    <rtept lat="45.46909859" lon="15.34545046" >
      <name>rte1_1521</name>
      <ele>290.00</ele>
    </rtept>
    <rtept lat="45.46907183" lon="15.34537356" >
      <name>rte1_1522</name>
      <ele>290.00</ele>
    </rtept>
    <rtept lat="45.46905404" lon="15.34530311" >
      <name>rte1_1523</name>
      <ele>291.39</ele>
    </rtept>
    <rtept lat="45.46903628" lon="15.34522627" >
      <name>rte1_1524</name>
      <ele>291.39</ele>
    </rtept>
    <rtept lat="45.46902750" lon="15.34515587" >
      <name>rte1_1525</name>
      <ele>291.39</ele>
    </rtept>
    <rtept lat="45.46901873" lon="15.34507908" >
      <name>rte1_1526</name>
      <ele>291.39</ele>
    </rtept>
    <rtept lat="45.46901445" lon="15.34500872" >
      <name>rte1_1527</name>
      <ele>292.44</ele>
    </rtept>
    <rtept lat="45.46901018" lon="15.34493196" >
      <name>rte1_1528</name>
      <ele>292.44</ele>
    </rtept>
    <rtept lat="45.46901489" lon="15.34486165" >
      <name>rte1_1529</name>
      <ele>292.44</ele>
    </rtept>
    <rtept lat="45.46901960" lon="15.34479134" >
      <name>rte1_1530</name>
      <ele>292.44</ele>
    </rtept>
    <rtept lat="45.46903330" lon="15.34472748" >
      <name>rte1_1531</name>
      <ele>292.44</ele>
    </rtept>
    <rtept lat="45.46904701" lon="15.34465722" >
      <name>rte1_1532</name>
      <ele>292.63</ele>
    </rtept>
    <rtept lat="45.46906520" lon="15.34459339" >
      <name>rte1_1533</name>
      <ele>292.63</ele>
    </rtept>
    <rtept lat="45.46908789" lon="15.34452958" >
      <name>rte1_1534</name>
      <ele>292.63</ele>
    </rtept>
    <rtept lat="45.46911056" lon="15.34447217" >
      <name>rte1_1535</name>
      <ele>292.63</ele>
    </rtept>
    <rtept lat="45.46914225" lon="15.34440842" >
      <name>rte1_1536</name>
      <ele>295.00</ele>
    </rtept>
    <rtept lat="45.46917840" lon="15.34435748" >
      <name>rte1_1537</name>
      <ele>295.00</ele>
    </rtept>
    <rtept lat="45.46918817" lon="15.34410176" >
      <name>rte1_1538</name>
      <ele>295.00</ele>
    </rtept>
    <rtept lat="45.46917052" lon="15.34398656" >
      <name>rte1_1539</name>
      <ele>295.00</ele>
    </rtept>
    <rtept lat="45.46916187" lon="15.34387140" >
      <name>rte1_1540</name>
      <ele>295.00</ele>
    </rtept>
    <rtept lat="45.46916220" lon="15.34376270" >
      <name>rte1_1541</name>
      <ele>295.00</ele>
    </rtept>
    <rtept lat="45.46917601" lon="15.34366047" >
      <name>rte1_1542</name>
      <ele>295.00</ele>
    </rtept>
    <rtept lat="45.46919433" lon="15.34355187" >
      <name>rte1_1543</name>
      <ele>295.00</ele>
    </rtept>
    <rtept lat="45.46922164" lon="15.34344973" >
      <name>rte1_1544</name>
      <ele>295.00</ele>
    </rtept>
    <rtept lat="45.46925796" lon="15.34334124" >
      <name>rte1_1545</name>
      <ele>295.00</ele>
    </rtept>
    <rtept lat="45.46930328" lon="15.34323281" >
      <name>rte1_1546</name>
      <ele>295.00</ele>
    </rtept>
    <rtept lat="45.46931765" lon="15.34294515" >
      <name>rte1_1547</name>
      <ele>290.59</ele>
    </rtept>
    <rtept lat="45.46933591" lon="15.34285574" >
      <name>rte1_1548</name>
      <ele>290.59</ele>
    </rtept>
    <rtept lat="45.46935864" lon="15.34277914" >
      <name>rte1_1549</name>
      <ele>288.24</ele>
    </rtept>
    <rtept lat="45.46937689" lon="15.34269612" >
      <name>rte1_1550</name>
      <ele>288.24</ele>
    </rtept>
    <rtept lat="45.46939960" lon="15.34262592" >
      <name>rte1_1551</name>
      <ele>288.24</ele>
    </rtept>
    <rtept lat="45.46941782" lon="15.34254930" >
      <name>rte1_1552</name>
      <ele>288.24</ele>
    </rtept>
    <rtept lat="45.46944051" lon="15.34248549" >
      <name>rte1_1553</name>
      <ele>288.24</ele>
    </rtept>
    <rtept lat="45.46945872" lon="15.34241526" >
      <name>rte1_1554</name>
      <ele>286.26</ele>
    </rtept>
    <rtept lat="45.46948143" lon="15.34234506" >
      <name>rte1_1555</name>
      <ele>286.26</ele>
    </rtept>
    <rtept lat="45.46950412" lon="15.34228125" >
      <name>rte1_1556</name>
      <ele>286.26</ele>
    </rtept>
    <rtept lat="45.46953131" lon="15.34221747" >
      <name>rte1_1557</name>
      <ele>286.26</ele>
    </rtept>
    <rtept lat="45.46955849" lon="15.34215369" >
      <name>rte1_1558</name>
      <ele>286.26</ele>
    </rtept>
    <rtept lat="45.46958568" lon="15.34208991" >
      <name>rte1_1559</name>
      <ele>286.74</ele>
    </rtept>
    <rtept lat="45.46962187" lon="15.34202619" >
      <name>rte1_1560</name>
      <ele>286.74</ele>
    </rtept>
    <rtept lat="45.46965807" lon="15.34195607" >
      <name>rte1_1561</name>
      <ele>286.74</ele>
    </rtept>
    <rtept lat="45.46969876" lon="15.34189237" >
      <name>rte1_1562</name>
      <ele>286.74</ele>
    </rtept>
    <rtept lat="45.46974394" lon="15.34182870" >
      <name>rte1_1563</name>
      <ele>286.74</ele>
    </rtept>
    <rtept lat="45.46978465" lon="15.34175860" >
      <name>rte1_1564</name>
      <ele>285.00</ele>
    </rtept>
    <rtept lat="45.46982975" lon="15.34172051" >
      <name>rte1_1565</name>
      <ele>285.00</ele>
    </rtept>
    <rtept lat="45.46987932" lon="15.34169523" >
      <name>rte1_1566</name>
      <ele>285.00</ele>
    </rtept>
    <rtept lat="45.46993333" lon="15.34168917" >
      <name>rte1_1567</name>
      <ele>285.00</ele>
    </rtept>
    <rtept lat="45.46998734" lon="15.34168310" >
      <name>rte1_1568</name>
      <ele>285.00</ele>
    </rtept>
    <rtept lat="45.47004581" lon="15.34168985" >
      <name>rte1_1569</name>
      <ele>285.00</ele>
    </rtept>
    <rtept lat="45.47011332" lon="15.34168386" >
      <name>rte1_1570</name>
      <ele>285.00</ele>
    </rtept>
    <rtept lat="45.47018083" lon="15.34167788" >
      <name>rte1_1571</name>
      <ele>285.00</ele>
    </rtept>
    <rtept lat="45.47023943" lon="15.34163987" >
      <name>rte1_1572</name>
      <ele>285.00</ele>
    </rtept>
    <rtept lat="45.47031152" lon="15.34160833" >
      <name>rte1_1573</name>
      <ele>286.00</ele>
    </rtept>
    <rtept lat="45.47044682" lon="15.34150045" >
      <name>rte1_1574</name>
      <ele>285.00</ele>
    </rtept>
    <rtept lat="45.47038843" lon="15.34146812" >
      <name>rte1_1575</name>
      <ele>285.00</ele>
    </rtept>
    <rtept lat="45.47033453" lon="15.34143582" >
      <name>rte1_1576</name>
      <ele>285.00</ele>
    </rtept>
    <rtept lat="45.47028064" lon="15.34140352" >
      <name>rte1_1577</name>
      <ele>285.00</ele>
    </rtept>
    <rtept lat="45.47023124" lon="15.34137124" >
      <name>rte1_1578</name>
      <ele>285.00</ele>
    </rtept>
    <rtept lat="45.47018185" lon="15.34133897" >
      <name>rte1_1579</name>
      <ele>285.00</ele>
    </rtept>
    <rtept lat="45.47013245" lon="15.34130670" >
      <name>rte1_1580</name>
      <ele>285.00</ele>
    </rtept>
    <rtept lat="45.47008757" lon="15.34126806" >
      <name>rte1_1581</name>
      <ele>285.00</ele>
    </rtept>
    <rtept lat="45.47004720" lon="15.34122945" >
      <name>rte1_1582</name>
      <ele>285.00</ele>
    </rtept>
    <rtept lat="45.47000234" lon="15.34118441" >
      <name>rte1_1583</name>
      <ele>284.68</ele>
    </rtept>
    <rtept lat="45.46996198" lon="15.34113940" >
      <name>rte1_1584</name>
      <ele>284.68</ele>
    </rtept>
    <rtept lat="45.46992162" lon="15.34109440" >
      <name>rte1_1585</name>
      <ele>284.68</ele>
    </rtept>
    <rtept lat="45.46988128" lon="15.34104300" >
      <name>rte1_1586</name>
      <ele>284.68</ele>
    </rtept>
    <rtept lat="45.46984096" lon="15.34098520" >
      <name>rte1_1587</name>
      <ele>284.68</ele>
    </rtept>
    <rtept lat="45.46980066" lon="15.34092101" >
      <name>rte1_1588</name>
      <ele>285.00</ele>
    </rtept>
    <rtept lat="45.46976486" lon="15.34085685" >
      <name>rte1_1589</name>
      <ele>285.00</ele>
    </rtept>
    <rtept lat="45.46972908" lon="15.34078629" >
      <name>rte1_1590</name>
      <ele>285.00</ele>
    </rtept>
    <rtept lat="45.46969331" lon="15.34070934" >
      <name>rte1_1591</name>
      <ele>285.00</ele>
    </rtept>
    <rtept lat="45.46966657" lon="15.34062605" >
      <name>rte1_1592</name>
      <ele>285.00</ele>
    </rtept>
    <rtept lat="45.46964880" lon="15.34054921" >
      <name>rte1_1593</name>
      <ele>285.00</ele>
    </rtept>
    <rtept lat="45.46963553" lon="15.34047239" >
      <name>rte1_1594</name>
      <ele>280.00</ele>
    </rtept>
    <rtept lat="45.46963128" lon="15.34038924" >
      <name>rte1_1595</name>
      <ele>280.00</ele>
    </rtept>
    <rtept lat="45.46963151" lon="15.34031250" >
      <name>rte1_1596</name>
      <ele>280.00</ele>
    </rtept>
    <rtept lat="45.46964524" lon="15.34023585" >
      <name>rte1_1597</name>
      <ele>280.00</ele>
    </rtept>
    <rtept lat="45.46966345" lon="15.34016562" >
      <name>rte1_1598</name>
      <ele>280.00</ele>
    </rtept>
    <rtept lat="45.46964172" lon="15.33990971" >
      <name>rte1_1599</name>
      <ele>280.00</ele>
    </rtept>
    <rtept lat="45.46961930" lon="15.33988399" >
      <name>rte1_1600</name>
      <ele>281.60</ele>
    </rtept>
    <rtept lat="45.46960138" lon="15.33985831" >
      <name>rte1_1601</name>
      <ele>281.60</ele>
    </rtept>
    <rtept lat="45.46955212" lon="15.33978127" >
      <name>rte1_1602</name>
      <ele>280.00</ele>
    </rtept>
    <rtept lat="45.46950731" lon="15.33971706" >
      <name>rte1_1603</name>
      <ele>280.00</ele>
    </rtept>
    <rtept lat="45.46946251" lon="15.33965284" >
      <name>rte1_1604</name>
      <ele>280.00</ele>
    </rtept>
    <rtept lat="45.46941767" lon="15.33960142" >
      <name>rte1_1605</name>
      <ele>280.00</ele>
    </rtept>
    <rtept lat="45.46937284" lon="15.33954999" >
      <name>rte1_1606</name>
      <ele>283.12</ele>
    </rtept>
    <rtept lat="45.46932800" lon="15.33949856" >
      <name>rte1_1607</name>
      <ele>280.00</ele>
    </rtept>
    <rtept lat="45.46928314" lon="15.33945353" >
      <name>rte1_1608</name>
      <ele>280.00</ele>
    </rtept>
    <rtept lat="45.46924278" lon="15.33940852" >
      <name>rte1_1609</name>
      <ele>280.00</ele>
    </rtept>
    <rtept lat="45.46919792" lon="15.33936349" >
      <name>rte1_1610</name>
      <ele>280.00</ele>
    </rtept>
    <rtept lat="45.46915306" lon="15.33931846" >
      <name>rte1_1611</name>
      <ele>280.00</ele>
    </rtept>
    <rtept lat="45.46910820" lon="15.33927343" >
      <name>rte1_1612</name>
      <ele>280.00</ele>
    </rtept>
    <rtept lat="45.46906336" lon="15.33922200" >
      <name>rte1_1613</name>
      <ele>280.00</ele>
    </rtept>
    <rtept lat="45.46901851" lon="15.33917697" >
      <name>rte1_1614</name>
      <ele>280.00</ele>
    </rtept>
    <rtept lat="45.46896919" lon="15.33911912" >
      <name>rte1_1615</name>
      <ele>280.00</ele>
    </rtept>
    <rtept lat="45.46892437" lon="15.33906130" >
      <name>rte1_1616</name>
      <ele>280.00</ele>
    </rtept>
    <rtept lat="45.46887507" lon="15.33899706" >
      <name>rte1_1617</name>
      <ele>280.00</ele>
    </rtept>
    <rtept lat="45.46881684" lon="15.33890718" >
      <name>rte1_1618</name>
      <ele>283.59</ele>
    </rtept>
    <rtept lat="45.46876308" lon="15.33883013" >
      <name>rte1_1619</name>
      <ele>283.59</ele>
    </rtept>
    <rtept lat="45.46871384" lon="15.33874670" >
      <name>rte1_1620</name>
      <ele>283.59</ele>
    </rtept>
    <rtept lat="45.46866459" lon="15.33866328" >
      <name>rte1_1621</name>
      <ele>281.25</ele>
    </rtept>
    <rtept lat="45.46861983" lon="15.33858628" >
      <name>rte1_1622</name>
      <ele>285.00</ele>
    </rtept>
    <rtept lat="45.46857507" lon="15.33850927" >
      <name>rte1_1623</name>
      <ele>285.00</ele>
    </rtept>
    <rtept lat="45.46853032" lon="15.33842588" >
      <name>rte1_1624</name>
      <ele>285.00</ele>
    </rtept>
    <rtept lat="45.46849006" lon="15.33834890" >
      <name>rte1_1625</name>
      <ele>285.00</ele>
    </rtept>
    <rtept lat="45.46844980" lon="15.33827193" >
      <name>rte1_1626</name>
      <ele>283.48</ele>
    </rtept>
    <rtept lat="45.46841403" lon="15.33819498" >
      <name>rte1_1627</name>
      <ele>283.48</ele>
    </rtept>
    <rtept lat="45.46837826" lon="15.33811803" >
      <name>rte1_1628</name>
      <ele>283.48</ele>
    </rtept>
    <rtept lat="45.46834250" lon="15.33804108" >
      <name>rte1_1629</name>
      <ele>283.48</ele>
    </rtept>
    <rtept lat="45.46831125" lon="15.33795777" >
      <name>rte1_1630</name>
      <ele>283.19</ele>
    </rtept>
    <rtept lat="45.46827999" lon="15.33788085" >
      <name>rte1_1631</name>
      <ele>283.19</ele>
    </rtept>
    <rtept lat="45.46824872" lon="15.33780392" >
      <name>rte1_1632</name>
      <ele>283.19</ele>
    </rtept>
    <rtept lat="45.46822197" lon="15.33772064" >
      <name>rte1_1633</name>
      <ele>273.41</ele>
    </rtept>
    <rtept lat="45.46819522" lon="15.33763735" >
      <name>rte1_1634</name>
      <ele>277.06</ele>
    </rtept>
    <rtept lat="45.46817297" lon="15.33755409" >
      <name>rte1_1635</name>
      <ele>277.06</ele>
    </rtept>
    <rtept lat="45.46815073" lon="15.33747083" >
      <name>rte1_1636</name>
      <ele>277.06</ele>
    </rtept>
    <rtept lat="45.46812848" lon="15.33738757" >
      <name>rte1_1637</name>
      <ele>277.06</ele>
    </rtept>
    <rtept lat="45.46810623" lon="15.33730431" >
      <name>rte1_1638</name>
      <ele>280.00</ele>
    </rtept>
    <rtept lat="45.46808400" lon="15.33721465" >
      <name>rte1_1639</name>
      <ele>280.00</ele>
    </rtept>
    <rtept lat="45.46806627" lon="15.33712502" >
      <name>rte1_1640</name>
      <ele>280.00</ele>
    </rtept>
    <rtept lat="45.46804853" lon="15.33703540" >
      <name>rte1_1641</name>
      <ele>280.00</ele>
    </rtept>
    <rtept lat="45.46803532" lon="15.33693940" >
      <name>rte1_1642</name>
      <ele>280.00</ele>
    </rtept>
    <rtept lat="45.46801761" lon="15.33684338" >
      <name>rte1_1643</name>
      <ele>280.00</ele>
    </rtept>
    <rtept lat="45.46800440" lon="15.33674739" >
      <name>rte1_1644</name>
      <ele>275.60</ele>
    </rtept>
    <rtept lat="45.46799120" lon="15.33664500" >
      <name>rte1_1645</name>
      <ele>275.20</ele>
    </rtept>
    <rtept lat="45.46797801" lon="15.33654261" >
      <name>rte1_1646</name>
      <ele>275.20</ele>
    </rtept>
    <rtept lat="45.46796481" lon="15.33644022" >
      <name>rte1_1647</name>
      <ele>275.20</ele>
    </rtept>
    <rtept lat="45.46795614" lon="15.33633146" >
      <name>rte1_1648</name>
      <ele>276.00</ele>
    </rtept>
    <rtept lat="45.46794746" lon="15.33622271" >
      <name>rte1_1649</name>
      <ele>276.00</ele>
    </rtept>
    <rtept lat="45.46793867" lon="15.33615232" >
      <name>rte1_1650</name>
      <ele>276.00</ele>
    </rtept>
    <rtept lat="45.46793436" lon="15.33608835" >
      <name>rte1_1651</name>
      <ele>276.00</ele>
    </rtept>
    <rtept lat="45.46793022" lon="15.33596683" >
      <name>rte1_1652</name>
      <ele>280.00</ele>
    </rtept>
    <rtept lat="45.46793056" lon="15.33585173" >
      <name>rte1_1653</name>
      <ele>280.00</ele>
    </rtept>
    <rtept lat="45.46793540" lon="15.33573666" >
      <name>rte1_1654</name>
      <ele>280.00</ele>
    </rtept>
    <rtept lat="45.46794472" lon="15.33562801" >
      <name>rte1_1655</name>
      <ele>280.00</ele>
    </rtept>
    <rtept lat="45.46795852" lon="15.33552579" >
      <name>rte1_1656</name>
      <ele>280.00</ele>
    </rtept>
    <rtept lat="45.46797232" lon="15.33542356" >
      <name>rte1_1657</name>
      <ele>280.00</ele>
    </rtept>
    <rtept lat="45.46798612" lon="15.33532133" >
      <name>rte1_1658</name>
      <ele>280.00</ele>
    </rtept>
    <rtept lat="45.46799992" lon="15.33521910" >
      <name>rte1_1659</name>
      <ele>280.00</ele>
    </rtept>
    <rtept lat="45.46801820" lon="15.33512330" >
      <name>rte1_1660</name>
      <ele>280.00</ele>
    </rtept>
    <rtept lat="45.46803201" lon="15.33501467" >
      <name>rte1_1661</name>
      <ele>284.20</ele>
    </rtept>
    <rtept lat="45.46804581" lon="15.33491245" >
      <name>rte1_1662</name>
      <ele>284.20</ele>
    </rtept>
    <rtept lat="45.46805513" lon="15.33480380" >
      <name>rte1_1663</name>
      <ele>284.20</ele>
    </rtept>
    <rtept lat="45.46805999" lon="15.33468233" >
      <name>rte1_1664</name>
      <ele>284.29</ele>
    </rtept>
    <rtept lat="45.46806483" lon="15.33456726" >
      <name>rte1_1665</name>
      <ele>284.29</ele>
    </rtept>
    <rtept lat="45.46806520" lon="15.33443938" >
      <name>rte1_1666</name>
      <ele>285.17</ele>
    </rtept>
    <rtept lat="45.46806089" lon="15.33437541" >
      <name>rte1_1667</name>
      <ele>285.17</ele>
    </rtept>
    <rtept lat="45.46805658" lon="15.33431144" >
      <name>rte1_1668</name>
      <ele>285.17</ele>
    </rtept>
    <rtept lat="45.46804342" lon="15.33419626" >
      <name>rte1_1669</name>
      <ele>285.17</ele>
    </rtept>
    <rtept lat="45.46803026" lon="15.33408108" >
      <name>rte1_1670</name>
      <ele>286.06</ele>
    </rtept>
    <rtept lat="45.46801257" lon="15.33397867" >
      <name>rte1_1671</name>
      <ele>281.71</ele>
    </rtept>
    <rtept lat="45.46799037" lon="15.33387623" >
      <name>rte1_1672</name>
      <ele>281.71</ele>
    </rtept>
    <rtept lat="45.46796816" lon="15.33378018" >
      <name>rte1_1673</name>
      <ele>282.61</ele>
    </rtept>
    <rtept lat="45.46794594" lon="15.33368413" >
      <name>rte1_1674</name>
      <ele>282.61</ele>
    </rtept>
    <rtept lat="45.46792373" lon="15.33358808" >
      <name>rte1_1675</name>
      <ele>282.61</ele>
    </rtept>
    <rtept lat="45.46790150" lon="15.33349843" >
      <name>rte1_1676</name>
      <ele>283.18</ele>
    </rtept>
    <rtept lat="45.46788378" lon="15.33340241" >
      <name>rte1_1677</name>
      <ele>283.18</ele>
    </rtept>
    <rtept lat="45.46786607" lon="15.33330639" >
      <name>rte1_1678</name>
      <ele>283.18</ele>
    </rtept>
    <rtept lat="45.46784835" lon="15.33321037" >
      <name>rte1_1679</name>
      <ele>283.18</ele>
    </rtept>
    <rtept lat="45.46783517" lon="15.33310159" >
      <name>rte1_1680</name>
      <ele>285.00</ele>
    </rtept>
    <rtept lat="45.46782649" lon="15.33299283" >
      <name>rte1_1681</name>
      <ele>285.00</ele>
    </rtept>
    <rtept lat="45.46782231" lon="15.33288410" >
      <name>rte1_1682</name>
      <ele>285.00</ele>
    </rtept>
    <rtept lat="45.46782267" lon="15.33276261" >
      <name>rte1_1683</name>
      <ele>283.78</ele>
    </rtept>
    <rtept lat="45.46782291" lon="15.33267949" >
      <name>rte1_1684</name>
      <ele>283.78</ele>
    </rtept>
    <rtept lat="45.46782765" lon="15.33259639" >
      <name>rte1_1685</name>
      <ele>283.78</ele>
    </rtept>
    <rtept lat="45.46783688" lon="15.33251971" >
      <name>rte1_1686</name>
      <ele>280.53</ele>
    </rtept>
    <rtept lat="45.46784610" lon="15.33244303" >
      <name>rte1_1687</name>
      <ele>280.53</ele>
    </rtept>
    <rtept lat="45.46785534" lon="15.33235996" >
      <name>rte1_1688</name>
      <ele>280.53</ele>
    </rtept>
    <rtept lat="45.46786906" lon="15.33228331" >
      <name>rte1_1689</name>
      <ele>280.53</ele>
    </rtept>
    <rtept lat="45.46788727" lon="15.33221308" >
      <name>rte1_1690</name>
      <ele>280.00</ele>
    </rtept>
    <rtept lat="45.46790099" lon="15.33213643" >
      <name>rte1_1691</name>
      <ele>280.00</ele>
    </rtept>
    <rtept lat="45.46791921" lon="15.33205980" >
      <name>rte1_1692</name>
      <ele>280.00</ele>
    </rtept>
    <rtept lat="45.46793741" lon="15.33198957" >
      <name>rte1_1693</name>
      <ele>280.00</ele>
    </rtept>
    <rtept lat="45.46795563" lon="15.33191295" >
      <name>rte1_1694</name>
      <ele>280.00</ele>
    </rtept>
    <rtept lat="45.46797384" lon="15.33184272" >
      <name>rte1_1695</name>
      <ele>274.57</ele>
    </rtept>
    <rtept lat="45.46799204" lon="15.33177249" >
      <name>rte1_1696</name>
      <ele>274.57</ele>
    </rtept>
    <rtept lat="45.46801024" lon="15.33170226" >
      <name>rte1_1697</name>
      <ele>274.57</ele>
    </rtept>
    <rtept lat="45.46802394" lon="15.33163200" >
      <name>rte1_1698</name>
      <ele>274.57</ele>
    </rtept>
    <rtept lat="45.46804213" lon="15.33156816" >
      <name>rte1_1699</name>
      <ele>276.88</ele>
    </rtept>
    <rtept lat="45.46805583" lon="15.33149791" >
      <name>rte1_1700</name>
      <ele>276.88</ele>
    </rtept>
    <rtept lat="45.46806953" lon="15.33142765" >
      <name>rte1_1701</name>
      <ele>276.88</ele>
    </rtept>
    <rtept lat="45.46807872" lon="15.33136376" >
      <name>rte1_1702</name>
      <ele>276.88</ele>
    </rtept>
    <rtept lat="45.46808790" lon="15.33129987" >
      <name>rte1_1703</name>
      <ele>276.88</ele>
    </rtept>
    <rtept lat="45.46809709" lon="15.33123598" >
      <name>rte1_1704</name>
      <ele>276.79</ele>
    </rtept>
    <rtept lat="45.46810177" lon="15.33117206" >
      <name>rte1_1705</name>
      <ele>276.79</ele>
    </rtept>
    <rtept lat="45.46810196" lon="15.33110812" >
      <name>rte1_1706</name>
      <ele>276.79</ele>
    </rtept>
    <rtept lat="45.46809765" lon="15.33104415" >
      <name>rte1_1707</name>
      <ele>276.79</ele>
    </rtept>
    <rtept lat="45.46808450" lon="15.33092258" >
      <name>rte1_1708</name>
      <ele>277.90</ele>
    </rtept>
    <rtept lat="45.46805334" lon="15.33080730" >
      <name>rte1_1709</name>
      <ele>277.90</ele>
    </rtept>
    <rtept lat="45.46803101" lon="15.33074962" >
      <name>rte1_1710</name>
      <ele>274.16</ele>
    </rtept>
    <rtept lat="45.46800419" lon="15.33069191" >
      <name>rte1_1711</name>
      <ele>274.16</ele>
    </rtept>
    <rtept lat="45.46797286" lon="15.33063418" >
      <name>rte1_1712</name>
      <ele>274.16</ele>
    </rtept>
    <rtept lat="45.46793702" lon="15.33058281" >
      <name>rte1_1713</name>
      <ele>273.43</ele>
    </rtept>
    <rtept lat="45.46788323" lon="15.33051216" >
      <name>rte1_1714</name>
      <ele>273.43</ele>
    </rtept>
    <rtept lat="45.46783392" lon="15.33044792" >
      <name>rte1_1715</name>
      <ele>273.43</ele>
    </rtept>
    <rtept lat="45.46778460" lon="15.33039008" >
      <name>rte1_1716</name>
      <ele>271.69</ele>
    </rtept>
    <rtept lat="45.46773976" lon="15.33033867" >
      <name>rte1_1717</name>
      <ele>271.69</ele>
    </rtept>
    <rtept lat="45.46769491" lon="15.33028725" >
      <name>rte1_1718</name>
      <ele>274.86</ele>
    </rtept>
    <rtept lat="45.46765005" lon="15.33024222" >
      <name>rte1_1719</name>
      <ele>274.86</ele>
    </rtept>
    <rtept lat="45.46760967" lon="15.33020362" >
      <name>rte1_1720</name>
      <ele>274.86</ele>
    </rtept>
    <rtept lat="45.46756929" lon="15.33016502" >
      <name>rte1_1721</name>
      <ele>271.45</ele>
    </rtept>
    <rtept lat="45.46738707" lon="15.32939024" >
      <name>rte1_1722</name>
      <ele>267.38</ele>
    </rtept>
    <rtept lat="45.46736927" lon="15.32931980" >
      <name>rte1_1723</name>
      <ele>268.17</ele>
    </rtept>
    <rtept lat="45.46735596" lon="15.32925577" >
      <name>rte1_1724</name>
      <ele>270.00</ele>
    </rtept>
    <rtept lat="45.46734265" lon="15.32919175" >
      <name>rte1_1725</name>
      <ele>270.00</ele>
    </rtept>
    <rtept lat="45.46732936" lon="15.32912134" >
      <name>rte1_1726</name>
      <ele>270.00</ele>
    </rtept>
    <rtept lat="45.46731154" lon="15.32905729" >
      <name>rte1_1727</name>
      <ele>270.00</ele>
    </rtept>
    <rtept lat="45.46729375" lon="15.32898685" >
      <name>rte1_1728</name>
      <ele>271.95</ele>
    </rtept>
    <rtept lat="45.46727596" lon="15.32891641" >
      <name>rte1_1729</name>
      <ele>271.95</ele>
    </rtept>
    <rtept lat="45.46725818" lon="15.32883957" >
      <name>rte1_1730</name>
      <ele>271.95</ele>
    </rtept>
    <rtept lat="45.46723139" lon="15.32876908" >
      <name>rte1_1731</name>
      <ele>271.95</ele>
    </rtept>
    <rtept lat="45.46720456" lon="15.32871137" >
      <name>rte1_1732</name>
      <ele>271.95</ele>
    </rtept>
    <rtept lat="45.46715085" lon="15.32861515" >
      <name>rte1_1733</name>
      <ele>276.07</ele>
    </rtept>
    <rtept lat="45.46710164" lon="15.32851894" >
      <name>rte1_1734</name>
      <ele>275.06</ele>
    </rtept>
    <rtept lat="45.46707047" lon="15.32840367" >
      <name>rte1_1735</name>
      <ele>275.06</ele>
    </rtept>
    <rtept lat="45.46705279" lon="15.32829486" >
      <name>rte1_1736</name>
      <ele>279.52</ele>
    </rtept>
    <rtept lat="45.46703957" lon="15.32819887" >
      <name>rte1_1737</name>
      <ele>279.52</ele>
    </rtept>
    <rtept lat="45.46703085" lon="15.32810290" >
      <name>rte1_1738</name>
      <ele>279.52</ele>
    </rtept>
    <rtept lat="45.46702213" lon="15.32800694" >
      <name>rte1_1739</name>
      <ele>279.74</ele>
    </rtept>
    <rtept lat="45.46701337" lon="15.32792376" >
      <name>rte1_1740</name>
      <ele>279.74</ele>
    </rtept>
    <rtept lat="45.46700913" lon="15.32783422" >
      <name>rte1_1741</name>
      <ele>279.74</ele>
    </rtept>
    <rtept lat="45.46700487" lon="15.32775107" >
      <name>rte1_1742</name>
      <ele>279.74</ele>
    </rtept>
    <rtept lat="45.46700511" lon="15.32766794" >
      <name>rte1_1743</name>
      <ele>280.00</ele>
    </rtept>
    <rtept lat="45.46700535" lon="15.32758482" >
      <name>rte1_1744</name>
      <ele>280.00</ele>
    </rtept>
    <rtept lat="45.46701009" lon="15.32750172" >
      <name>rte1_1745</name>
      <ele>280.00</ele>
    </rtept>
    <rtept lat="45.46701483" lon="15.32741862" >
      <name>rte1_1746</name>
      <ele>280.00</ele>
    </rtept>
    <rtept lat="45.46701958" lon="15.32732913" >
      <name>rte1_1747</name>
      <ele>280.00</ele>
    </rtept>
    <rtept lat="45.46702434" lon="15.32723964" >
      <name>rte1_1748</name>
      <ele>280.00</ele>
    </rtept>
    <rtept lat="45.46703360" lon="15.32715017" >
      <name>rte1_1749</name>
      <ele>280.00</ele>
    </rtept>
    <rtept lat="45.46704287" lon="15.32705431" >
      <name>rte1_1750</name>
      <ele>280.00</ele>
    </rtept>
    <rtept lat="45.46705666" lon="15.32695209" >
      <name>rte1_1751</name>
      <ele>280.00</ele>
    </rtept>
    <rtept lat="45.46706140" lon="15.32686899" >
      <name>rte1_1752</name>
      <ele>280.00</ele>
    </rtept>
    <rtept lat="45.46707062" lon="15.32679231" >
      <name>rte1_1753</name>
      <ele>280.00</ele>
    </rtept>
    <rtept lat="45.46707984" lon="15.32671563" >
      <name>rte1_1754</name>
      <ele>280.00</ele>
    </rtept>
    <rtept lat="45.46709356" lon="15.32663898" >
      <name>rte1_1755</name>
      <ele>280.00</ele>
    </rtept>
    <rtept lat="45.46710276" lon="15.32656870" >
      <name>rte1_1756</name>
      <ele>280.00</ele>
    </rtept>
    <rtept lat="45.46711646" lon="15.32649844" >
      <name>rte1_1757</name>
      <ele>280.00</ele>
    </rtept>
    <rtept lat="45.46713016" lon="15.32642818" >
      <name>rte1_1758</name>
      <ele>279.30</ele>
    </rtept>
    <rtept lat="45.46714386" lon="15.32635792" >
      <name>rte1_1759</name>
      <ele>279.30</ele>
    </rtept>
    <rtept lat="45.46716204" lon="15.32629409" >
      <name>rte1_1760</name>
      <ele>279.20</ele>
    </rtept>
    <rtept lat="45.46718022" lon="15.32623025" >
      <name>rte1_1761</name>
      <ele>279.20</ele>
    </rtept>
    <rtept lat="45.46719838" lon="15.32617281" >
      <name>rte1_1762</name>
      <ele>279.20</ele>
    </rtept>
    <rtept lat="45.46721656" lon="15.32610897" >
      <name>rte1_1763</name>
      <ele>278.04</ele>
    </rtept>
    <rtept lat="45.46723922" lon="15.32605155" >
      <name>rte1_1764</name>
      <ele>278.04</ele>
    </rtept>
    <rtept lat="45.46725739" lon="15.32599411" >
      <name>rte1_1765</name>
      <ele>278.04</ele>
    </rtept>
    <rtept lat="45.46728455" lon="15.32593672" >
      <name>rte1_1766</name>
      <ele>278.04</ele>
    </rtept>
    <rtept lat="45.46730719" lon="15.32588569" >
      <name>rte1_1767</name>
      <ele>278.04</ele>
    </rtept>
    <rtept lat="45.46733435" lon="15.32582830" >
      <name>rte1_1768</name>
      <ele>278.04</ele>
    </rtept>
    <rtept lat="45.46735699" lon="15.32577728" >
      <name>rte1_1769</name>
      <ele>277.30</ele>
    </rtept>
    <rtept lat="45.46738863" lon="15.32572631" >
      <name>rte1_1770</name>
      <ele>279.37</ele>
    </rtept>
    <rtept lat="45.46741578" lon="15.32567531" >
      <name>rte1_1771</name>
      <ele>279.37</ele>
    </rtept>
    <rtept lat="45.46744742" lon="15.32562434" >
      <name>rte1_1772</name>
      <ele>279.37</ele>
    </rtept>
    <rtept lat="45.46747904" lon="15.32557976" >
      <name>rte1_1773</name>
      <ele>279.37</ele>
    </rtept>
    <rtept lat="45.46751066" lon="15.32553519" >
      <name>rte1_1774</name>
      <ele>279.37</ele>
    </rtept>
    <rtept lat="45.46754680" lon="15.32548424" >
      <name>rte1_1775</name>
      <ele>275.36</ele>
    </rtept>
    <rtept lat="45.46758292" lon="15.32543969" >
      <name>rte1_1776</name>
      <ele>275.36</ele>
    </rtept>
    <rtept lat="45.46762355" lon="15.32539516" >
      <name>rte1_1777</name>
      <ele>276.43</ele>
    </rtept>
    <rtept lat="45.46765967" lon="15.32535061" >
      <name>rte1_1778</name>
      <ele>276.43</ele>
    </rtept>
    <rtept lat="45.46770027" lon="15.32531248" >
      <name>rte1_1779</name>
      <ele>276.43</ele>
    </rtept>
    <rtept lat="45.46774539" lon="15.32526798" >
      <name>rte1_1780</name>
      <ele>276.43</ele>
    </rtept>
    <rtept lat="45.46778601" lon="15.32522346" >
      <name>rte1_1781</name>
      <ele>276.43</ele>
    </rtept>
    <rtept lat="45.46783111" lon="15.32518535" >
      <name>rte1_1782</name>
      <ele>272.55</ele>
    </rtept>
    <rtept lat="45.46788072" lon="15.32514727" >
      <name>rte1_1783</name>
      <ele>272.55</ele>
    </rtept>
    <rtept lat="45.46786281" lon="15.32511520" >
      <name>rte1_1784</name>
      <ele>272.55</ele>
    </rtept>
    <rtept lat="45.46781347" lon="15.32506376" >
      <name>rte1_1785</name>
      <ele>272.95</ele>
    </rtept>
    <rtept lat="45.46776860" lon="15.32501874" >
      <name>rte1_1786</name>
      <ele>272.95</ele>
    </rtept>
    <rtept lat="45.46772824" lon="15.32497374" >
      <name>rte1_1787</name>
      <ele>272.95</ele>
    </rtept>
    <rtept lat="45.46768337" lon="15.32492872" >
      <name>rte1_1788</name>
      <ele>272.95</ele>
    </rtept>
    <rtept lat="45.46764301" lon="15.32488373" >
      <name>rte1_1789</name>
      <ele>272.95</ele>
    </rtept>
    <rtept lat="45.46760262" lon="15.32484513" >
      <name>rte1_1790</name>
      <ele>270.16</ele>
    </rtept>
    <rtept lat="45.46756226" lon="15.32480014" >
      <name>rte1_1791</name>
      <ele>272.54</ele>
    </rtept>
    <rtept lat="45.46752639" lon="15.32475517" >
      <name>rte1_1792</name>
      <ele>272.54</ele>
    </rtept>
    <rtept lat="45.46748601" lon="15.32471657" >
      <name>rte1_1793</name>
      <ele>272.54</ele>
    </rtept>
    <rtept lat="45.46745014" lon="15.32467160" >
      <name>rte1_1794</name>
      <ele>272.54</ele>
    </rtept>
    <rtept lat="45.46741426" lon="15.32463303" >
      <name>rte1_1795</name>
      <ele>272.54</ele>
    </rtept>
    <rtept lat="45.46737839" lon="15.32458806" >
      <name>rte1_1796</name>
      <ele>272.54</ele>
    </rtept>
    <rtept lat="45.46731114" lon="15.32450455" >
      <name>rte1_1797</name>
      <ele>276.30</ele>
    </rtept>
    <rtept lat="45.46724389" lon="15.32442104" >
      <name>rte1_1798</name>
      <ele>276.30</ele>
    </rtept>
    <rtept lat="45.46720803" lon="15.32437607" >
      <name>rte1_1799</name>
      <ele>276.30</ele>
    </rtept>
    <rtept lat="45.46717666" lon="15.32433113" >
      <name>rte1_1800</name>
      <ele>276.30</ele>
    </rtept>
    <rtept lat="45.46714079" lon="15.32428616" >
      <name>rte1_1801</name>
      <ele>274.97</ele>
    </rtept>
    <rtept lat="45.46710943" lon="15.32424122" >
      <name>rte1_1802</name>
      <ele>274.97</ele>
    </rtept>
    <rtept lat="45.46707358" lon="15.32418986" >
      <name>rte1_1803</name>
      <ele>280.00</ele>
    </rtept>
    <rtept lat="45.46704221" lon="15.32414492" >
      <name>rte1_1804</name>
      <ele>280.00</ele>
    </rtept>
    <rtept lat="45.46700637" lon="15.32409356" >
      <name>rte1_1805</name>
      <ele>280.00</ele>
    </rtept>
    <rtept lat="45.46697500" lon="15.32404862" >
      <name>rte1_1806</name>
      <ele>280.00</ele>
    </rtept>
    <rtept lat="45.46693915" lon="15.32399726" >
      <name>rte1_1807</name>
      <ele>280.00</ele>
    </rtept>
    <rtept lat="45.46690330" lon="15.32394590" >
      <name>rte1_1808</name>
      <ele>281.03</ele>
    </rtept>
    <rtept lat="45.46686747" lon="15.32388814" >
      <name>rte1_1809</name>
      <ele>282.67</ele>
    </rtept>
    <rtept lat="45.46683163" lon="15.32383678" >
      <name>rte1_1810</name>
      <ele>282.67</ele>
    </rtept>
    <rtept lat="45.46679580" lon="15.32377903" >
      <name>rte1_1811</name>
      <ele>282.67</ele>
    </rtept>
    <rtept lat="45.46675997" lon="15.32372127" >
      <name>rte1_1812</name>
      <ele>282.67</ele>
    </rtept>
    <rtept lat="45.46671966" lon="15.32365710" >
      <name>rte1_1813</name>
      <ele>282.67</ele>
    </rtept>
    <rtept lat="45.46668383" lon="15.32359934" >
      <name>rte1_1814</name>
      <ele>285.00</ele>
    </rtept>
    <rtept lat="45.46663457" lon="15.32351593" >
      <name>rte1_1815</name>
      <ele>285.00</ele>
    </rtept>
    <rtept lat="45.46659430" lon="15.32343897" >
      <name>rte1_1816</name>
      <ele>285.00</ele>
    </rtept>
    <rtept lat="45.46655402" lon="15.32336201" >
      <name>rte1_1817</name>
      <ele>285.00</ele>
    </rtept>
    <rtept lat="45.46652275" lon="15.32328510" >
      <name>rte1_1818</name>
      <ele>285.00</ele>
    </rtept>
    <rtept lat="45.46649145" lon="15.32321458" >
      <name>rte1_1819</name>
      <ele>283.96</ele>
    </rtept>
    <rtept lat="45.46646468" lon="15.32313770" >
      <name>rte1_1820</name>
      <ele>285.00</ele>
    </rtept>
    <rtept lat="45.46644238" lon="15.32306724" >
      <name>rte1_1821</name>
      <ele>285.00</ele>
    </rtept>
    <rtept lat="45.46642010" lon="15.32299038" >
      <name>rte1_1822</name>
      <ele>285.00</ele>
    </rtept>
    <rtept lat="45.46639331" lon="15.32291989" >
      <name>rte1_1823</name>
      <ele>285.00</ele>
    </rtept>
    <rtept lat="45.46637103" lon="15.32284303" >
      <name>rte1_1824</name>
      <ele>285.00</ele>
    </rtept>
    <rtept lat="45.46634873" lon="15.32277256" >
      <name>rte1_1825</name>
      <ele>285.00</ele>
    </rtept>
    <rtept lat="45.46632195" lon="15.32269568" >
      <name>rte1_1826</name>
      <ele>285.00</ele>
    </rtept>
    <rtept lat="45.46629518" lon="15.32261880" >
      <name>rte1_1827</name>
      <ele>285.00</ele>
    </rtept>
    <rtept lat="45.46625940" lon="15.32254186" >
      <name>rte1_1828</name>
      <ele>285.00</ele>
    </rtept>
    <rtept lat="45.46622364" lon="15.32245853" >
      <name>rte1_1829</name>
      <ele>284.53</ele>
    </rtept>
    <rtept lat="45.46618787" lon="15.32238160" >
      <name>rte1_1830</name>
      <ele>284.53</ele>
    </rtept>
    <rtept lat="45.46615206" lon="15.32231745" >
      <name>rte1_1831</name>
      <ele>284.53</ele>
    </rtept>
    <rtept lat="45.46612072" lon="15.32225972" >
      <name>rte1_1832</name>
      <ele>285.00</ele>
    </rtept>
    <rtept lat="45.46609389" lon="15.32220202" >
      <name>rte1_1833</name>
      <ele>285.00</ele>
    </rtept>
    <rtept lat="45.46606256" lon="15.32214429" >
      <name>rte1_1834</name>
      <ele>285.00</ele>
    </rtept>
    <rtept lat="45.46603573" lon="15.32208659" >
      <name>rte1_1835</name>
      <ele>285.00</ele>
    </rtept>
    <rtept lat="45.46600438" lon="15.32203526" >
      <name>rte1_1836</name>
      <ele>285.00</ele>
    </rtept>
    <rtept lat="45.46595068" lon="15.32193265" >
      <name>rte1_1837</name>
      <ele>285.00</ele>
    </rtept>
    <rtept lat="45.46589698" lon="15.32183003" >
      <name>rte1_1838</name>
      <ele>285.00</ele>
    </rtept>
    <rtept lat="45.46584774" lon="15.32174023" >
      <name>rte1_1839</name>
      <ele>285.00</ele>
    </rtept>
    <rtept lat="45.46579402" lon="15.32164401" >
      <name>rte1_1840</name>
      <ele>286.30</ele>
    </rtept>
    <rtept lat="45.46574478" lon="15.32155422" >
      <name>rte1_1841</name>
      <ele>286.30</ele>
    </rtept>
    <rtept lat="45.46569105" lon="15.32146439" >
      <name>rte1_1842</name>
      <ele>286.30</ele>
    </rtept>
    <rtept lat="45.46563729" lon="15.32138096" >
      <name>rte1_1843</name>
      <ele>286.30</ele>
    </rtept>
    <rtept lat="45.46557905" lon="15.32129111" >
      <name>rte1_1844</name>
      <ele>287.70</ele>
    </rtept>
    <rtept lat="45.46552082" lon="15.32120126" >
      <name>rte1_1845</name>
      <ele>287.70</ele>
    </rtept>
    <rtept lat="45.46545808" lon="15.32111138" >
      <name>rte1_1846</name>
      <ele>287.70</ele>
    </rtept>
    <rtept lat="45.46542671" lon="15.32106645" >
      <name>rte1_1847</name>
      <ele>287.70</ele>
    </rtept>
    <rtept lat="45.46539085" lon="15.32102148" >
      <name>rte1_1848</name>
      <ele>287.70</ele>
    </rtept>
    <rtept lat="45.46535498" lon="15.32097652" >
      <name>rte1_1849</name>
      <ele>289.02</ele>
    </rtept>
    <rtept lat="45.46531911" lon="15.32093156" >
      <name>rte1_1850</name>
      <ele>289.02</ele>
    </rtept>
    <rtept lat="45.46527876" lon="15.32088017" >
      <name>rte1_1851</name>
      <ele>289.02</ele>
    </rtept>
    <rtept lat="45.46524290" lon="15.32083521" >
      <name>rte1_1852</name>
      <ele>289.02</ele>
    </rtept>
    <rtept lat="45.46518909" lon="15.32077096" >
      <name>rte1_1853</name>
      <ele>289.02</ele>
    </rtept>
    <rtept lat="45.46514424" lon="15.32071955" >
      <name>rte1_1854</name>
      <ele>289.02</ele>
    </rtept>
    <rtept lat="45.46509937" lon="15.32067454" >
      <name>rte1_1855</name>
      <ele>290.98</ele>
    </rtept>
    <rtept lat="45.46504547" lon="15.32064226" >
      <name>rte1_1856</name>
      <ele>290.98</ele>
    </rtept>
    <rtept lat="45.46499609" lon="15.32060362" >
      <name>rte1_1857</name>
      <ele>290.98</ele>
    </rtept>
    <rtept lat="45.46495119" lon="15.32057139" >
      <name>rte1_1858</name>
      <ele>290.98</ele>
    </rtept>
    <rtept lat="45.46490629" lon="15.32053917" >
      <name>rte1_1859</name>
      <ele>291.93</ele>
    </rtept>
    <rtept lat="45.46486137" lon="15.32051333" >
      <name>rte1_1860</name>
      <ele>291.93</ele>
    </rtept>
    <rtept lat="45.46482096" lon="15.32048113" >
      <name>rte1_1861</name>
      <ele>291.93</ele>
    </rtept>
    <rtept lat="45.46478054" lon="15.32045533" >
      <name>rte1_1862</name>
      <ele>291.93</ele>
    </rtept>
    <rtept lat="45.46474014" lon="15.32042313" >
      <name>rte1_1863</name>
      <ele>291.93</ele>
    </rtept>
    <rtept lat="45.46469972" lon="15.32039732" >
      <name>rte1_1864</name>
      <ele>291.93</ele>
    </rtept>
    <rtept lat="45.46462338" lon="15.32034573" >
      <name>rte1_1865</name>
      <ele>294.59</ele>
    </rtept>
    <rtept lat="45.46455153" lon="15.32029417" >
      <name>rte1_1866</name>
      <ele>294.59</ele>
    </rtept>
    <rtept lat="45.46447519" lon="15.32024259" >
      <name>rte1_1867</name>
      <ele>294.59</ele>
    </rtept>
    <rtept lat="45.46440783" lon="15.32019744" >
      <name>rte1_1868</name>
      <ele>293.31</ele>
    </rtept>
    <rtept lat="45.46433598" lon="15.32014588" >
      <name>rte1_1869</name>
      <ele>293.31</ele>
    </rtept>
    <rtept lat="45.46425962" lon="15.32010069" >
      <name>rte1_1870</name>
      <ele>293.31</ele>
    </rtept>
    <rtept lat="45.46418776" lon="15.32005552" >
      <name>rte1_1871</name>
      <ele>290.00</ele>
    </rtept>
    <rtept lat="45.46411142" lon="15.32000394" >
      <name>rte1_1872</name>
      <ele>291.00</ele>
    </rtept>
    <rtept lat="45.46403056" lon="15.31995872" >
      <name>rte1_1873</name>
      <ele>291.00</ele>
    </rtept>
    <rtept lat="45.46394972" lon="15.31990711" >
      <name>rte1_1874</name>
      <ele>293.85</ele>
    </rtept>
    <rtept lat="45.46390478" lon="15.31988767" >
      <name>rte1_1875</name>
      <ele>293.85</ele>
    </rtept>
    <rtept lat="45.46385986" lon="15.31986184" >
      <name>rte1_1876</name>
      <ele>293.85</ele>
    </rtept>
    <rtept lat="45.46381494" lon="15.31983601" >
      <name>rte1_1877</name>
      <ele>293.85</ele>
    </rtept>
    <rtept lat="45.46377002" lon="15.31981018" >
      <name>rte1_1878</name>
      <ele>291.43</ele>
    </rtept>
    <rtept lat="45.46372510" lon="15.31978435" >
      <name>rte1_1879</name>
      <ele>291.43</ele>
    </rtept>
    <rtept lat="45.46368016" lon="15.31976491" >
      <name>rte1_1880</name>
      <ele>291.43</ele>
    </rtept>
    <rtept lat="45.46359923" lon="15.31974527" >
      <name>rte1_1881</name>
      <ele>291.43</ele>
    </rtept>
    <rtept lat="45.46351826" lon="15.31973841" >
      <name>rte1_1882</name>
      <ele>290.00</ele>
    </rtept>
    <rtept lat="45.46344627" lon="15.31973801" >
      <name>rte1_1883</name>
      <ele>290.00</ele>
    </rtept>
    <rtept lat="45.46336981" lon="15.31973118" >
      <name>rte1_1884</name>
      <ele>290.00</ele>
    </rtept>
    <rtept lat="45.46329335" lon="15.31971795" >
      <name>rte1_1885</name>
      <ele>290.00</ele>
    </rtept>
    <rtept lat="45.46321694" lon="15.31969194" >
      <name>rte1_1886</name>
      <ele>290.00</ele>
    </rtept>
    <rtept lat="45.46313608" lon="15.31964673" >
      <name>rte1_1887</name>
      <ele>290.00</ele>
    </rtept>
    <rtept lat="45.46307327" lon="15.31958243" >
      <name>rte1_1888</name>
      <ele>290.00</ele>
    </rtept>
    <rtept lat="45.46302396" lon="15.31951821" >
      <name>rte1_1889</name>
      <ele>290.00</ele>
    </rtept>
    <rtept lat="45.46298368" lon="15.31944126" >
      <name>rte1_1890</name>
      <ele>290.00</ele>
    </rtept>
    <rtept lat="45.46295692" lon="15.31935799" >
      <name>rte1_1891</name>
      <ele>290.00</ele>
    </rtept>
    <rtept lat="45.46294366" lon="15.31927479" >
      <name>rte1_1892</name>
      <ele>290.00</ele>
    </rtept>
    <rtept lat="45.46293941" lon="15.31918526" >
      <name>rte1_1893</name>
      <ele>290.00</ele>
    </rtept>
    <rtept lat="45.46294866" lon="15.31909580" >
      <name>rte1_1894</name>
      <ele>290.00</ele>
    </rtept>
    <rtept lat="45.46297589" lon="15.31901283" >
      <name>rte1_1895</name>
      <ele>284.00</ele>
    </rtept>
    <rtept lat="45.46299942" lon="15.31864212" >
      <name>rte1_1896</name>
      <ele>283.10</ele>
    </rtept>
    <rtept lat="45.46300416" lon="15.31855903" >
      <name>rte1_1897</name>
      <ele>283.10</ele>
    </rtept>
    <rtept lat="45.46300473" lon="15.31835443" >
      <name>rte1_1898</name>
      <ele>280.00</ele>
    </rtept>
    <rtept lat="45.46300631" lon="15.31779179" >
      <name>rte1_1899</name>
      <ele>280.00</ele>
    </rtept>
    <rtept lat="45.46304878" lon="15.31708231" >
      <name>rte1_1900</name>
      <ele>270.00</ele>
    </rtept>
    <rtept lat="45.46309511" lon="15.31660304" >
      <name>rte1_1901</name>
      <ele>270.00</ele>
    </rtept>
    <rtept lat="45.46304189" lon="15.31632780" >
      <name>rte1_1902</name>
      <ele>270.00</ele>
    </rtept>
    <rtept lat="45.46307322" lon="15.31638552" >
      <name>rte1_1903</name>
      <ele>270.00</ele>
    </rtept>
    <rtept lat="45.46306006" lon="15.31626397" >
      <name>rte1_1904</name>
      <ele>270.00</ele>
    </rtept>
    <rtept lat="45.46300625" lon="15.31619973" >
      <name>rte1_1905</name>
      <ele>270.00</ele>
    </rtept>
    <rtept lat="45.46295692" lon="15.31614190" >
      <name>rte1_1906</name>
      <ele>270.00</ele>
    </rtept>
    <rtept lat="45.46290759" lon="15.31608408" >
      <name>rte1_1907</name>
      <ele>270.00</ele>
    </rtept>
    <rtept lat="45.46285822" lon="15.31603905" >
      <name>rte1_1908</name>
      <ele>270.00</ele>
    </rtept>
    <rtept lat="45.46281334" lon="15.31600043" >
      <name>rte1_1909</name>
      <ele>270.00</ele>
    </rtept>
    <rtept lat="45.46276395" lon="15.31596179" >
      <name>rte1_1910</name>
      <ele>270.00</ele>
    </rtept>
    <rtept lat="45.46271905" lon="15.31592957" >
      <name>rte1_1911</name>
      <ele>270.00</ele>
    </rtept>
    <rtept lat="45.46266965" lon="15.31589733" >
      <name>rte1_1912</name>
      <ele>270.00</ele>
    </rtept>
    <rtept lat="45.46262023" lon="15.31587147" >
      <name>rte1_1913</name>
      <ele>270.00</ele>
    </rtept>
    <rtept lat="45.46257081" lon="15.31584562" >
      <name>rte1_1914</name>
      <ele>270.00</ele>
    </rtept>
    <rtept lat="45.46252138" lon="15.31581977" >
      <name>rte1_1915</name>
      <ele>270.00</ele>
    </rtept>
    <rtept lat="45.46246747" lon="15.31579389" >
      <name>rte1_1916</name>
      <ele>270.00</ele>
    </rtept>
    <rtept lat="45.46241353" lon="15.31577441" >
      <name>rte1_1917</name>
      <ele>268.86</ele>
    </rtept>
    <rtept lat="45.46235511" lon="15.31574850" >
      <name>rte1_1918</name>
      <ele>268.86</ele>
    </rtept>
    <rtept lat="45.46229669" lon="15.31572260" >
      <name>rte1_1919</name>
      <ele>268.86</ele>
    </rtept>
    <rtept lat="45.46223825" lon="15.31570309" >
      <name>rte1_1920</name>
      <ele>268.86</ele>
    </rtept>
    <rtept lat="45.46217085" lon="15.31567074" >
      <name>rte1_1921</name>
      <ele>264.91</ele>
    </rtept>
    <rtept lat="45.46211245" lon="15.31563845" >
      <name>rte1_1922</name>
      <ele>264.91</ele>
    </rtept>
    <rtept lat="45.46205402" lon="15.31561894" >
      <name>rte1_1923</name>
      <ele>264.91</ele>
    </rtept>
    <rtept lat="45.46200010" lon="15.31559306" >
      <name>rte1_1924</name>
      <ele>268.39</ele>
    </rtept>
    <rtept lat="45.46194614" lon="15.31557997" >
      <name>rte1_1925</name>
      <ele>268.39</ele>
    </rtept>
    <rtept lat="45.46189669" lon="15.31556691" >
      <name>rte1_1926</name>
      <ele>268.39</ele>
    </rtept>
    <rtept lat="45.46184721" lon="15.31556024" >
      <name>rte1_1927</name>
      <ele>270.00</ele>
    </rtept>
    <rtept lat="45.46179770" lon="15.31556635" >
      <name>rte1_1928</name>
      <ele>268.39</ele>
    </rtept>
    <rtept lat="45.46188032" lon="15.31497860" >
      <name>rte1_1929</name>
      <ele>270.00</ele>
    </rtept>
    <rtept lat="45.46189401" lon="15.31490834" >
      <name>rte1_1930</name>
      <ele>270.00</ele>
    </rtept>
    <rtept lat="45.46190767" lon="15.31485088" >
      <name>rte1_1931</name>
      <ele>270.00</ele>
    </rtept>
    <rtept lat="45.46192585" lon="15.31478704" >
      <name>rte1_1932</name>
      <ele>270.00</ele>
    </rtept>
    <rtept lat="45.46193950" lon="15.31472957" >
      <name>rte1_1933</name>
      <ele>270.00</ele>
    </rtept>
    <rtept lat="45.46196232" lon="15.31461461" >
      <name>rte1_1934</name>
      <ele>270.00</ele>
    </rtept>
    <rtept lat="45.46198062" lon="15.31450602" >
      <name>rte1_1935</name>
      <ele>267.24</ele>
    </rtept>
    <rtept lat="45.46199440" lon="15.31440380" >
      <name>rte1_1936</name>
      <ele>267.24</ele>
    </rtept>
    <rtept lat="45.46200816" lon="15.31430797" >
      <name>rte1_1937</name>
      <ele>266.19</ele>
    </rtept>
    <rtept lat="45.46201741" lon="15.31421851" >
      <name>rte1_1938</name>
      <ele>270.00</ele>
    </rtept>
    <rtept lat="45.46202663" lon="15.31413545" >
      <name>rte1_1939</name>
      <ele>270.00</ele>
    </rtept>
    <rtept lat="45.46210432" lon="15.31370111" >
      <name>rte1_1940</name>
      <ele>270.00</ele>
    </rtept>
    <rtept lat="45.46210896" lon="15.31364998" >
      <name>rte1_1941</name>
      <ele>270.00</ele>
    </rtept>
    <rtept lat="45.46211359" lon="15.31360525" >
      <name>rte1_1942</name>
      <ele>270.00</ele>
    </rtept>
    <rtept lat="45.46211392" lon="15.31348378" >
      <name>rte1_1943</name>
      <ele>270.00</ele>
    </rtept>
    <rtept lat="45.46211420" lon="15.31338148" >
      <name>rte1_1944</name>
      <ele>270.00</ele>
    </rtept>
    <rtept lat="45.46211449" lon="15.31327918" >
      <name>rte1_1945</name>
      <ele>270.00</ele>
    </rtept>
    <rtept lat="45.46211479" lon="15.31317049" >
      <name>rte1_1946</name>
      <ele>270.00</ele>
    </rtept>
    <rtept lat="45.46211050" lon="15.31309374" >
      <name>rte1_1947</name>
      <ele>270.00</ele>
    </rtept>
    <rtept lat="45.46211068" lon="15.31302980" >
      <name>rte1_1948</name>
      <ele>270.00</ele>
    </rtept>
    <rtept lat="45.46210651" lon="15.31290830" >
      <name>rte1_1949</name>
      <ele>260.00</ele>
    </rtept>
    <rtept lat="45.46210683" lon="15.31279322" >
      <name>rte1_1950</name>
      <ele>260.00</ele>
    </rtept>
    <rtept lat="45.46210261" lon="15.31269089" >
      <name>rte1_1951</name>
      <ele>260.00</ele>
    </rtept>
    <rtept lat="45.46209391" lon="15.31258215" >
      <name>rte1_1952</name>
      <ele>260.00</ele>
    </rtept>
    <rtept lat="45.46208971" lon="15.31247344" >
      <name>rte1_1953</name>
      <ele>260.00</ele>
    </rtept>
    <rtept lat="45.46208103" lon="15.31235830" >
      <name>rte1_1954</name>
      <ele>260.00</ele>
    </rtept>
    <rtept lat="45.46207686" lon="15.31223680" >
      <name>rte1_1955</name>
      <ele>260.00</ele>
    </rtept>
    <rtept lat="45.46206808" lon="15.31216002" >
      <name>rte1_1956</name>
      <ele>260.00</ele>
    </rtept>
    <rtept lat="45.46206375" lon="15.31209606" >
      <name>rte1_1957</name>
      <ele>260.00</ele>
    </rtept>
    <rtept lat="45.46205507" lon="15.31198093" >
      <name>rte1_1958</name>
      <ele>250.00</ele>
    </rtept>
    <rtept lat="45.46203735" lon="15.31187853" >
      <name>rte1_1959</name>
      <ele>250.00</ele>
    </rtept>
    <rtept lat="45.46201517" lon="15.31176332" >
      <name>rte1_1960</name>
      <ele>250.00</ele>
    </rtept>
    <rtept lat="45.46232221" lon="15.31136861" >
      <name>rte1_1961</name>
      <ele>250.00</ele>
    </rtept>
    <rtept lat="45.46237200" lon="15.31126019" >
      <name>rte1_1962</name>
      <ele>250.00</ele>
    </rtept>
    <rtept lat="45.46237244" lon="15.31110035" >
      <name>rte1_1963</name>
      <ele>250.00</ele>
    </rtept>
    <rtept lat="45.46229653" lon="15.31088894" >
      <name>rte1_1964</name>
      <ele>250.00</ele>
    </rtept>
    <rtept lat="45.46221605" lon="15.31070308" >
      <name>rte1_1965</name>
      <ele>240.00</ele>
    </rtept>
    <rtept lat="45.46195606" lon="15.31034999" >
      <name>rte1_1966</name>
      <ele>250.00</ele>
    </rtept>
    <rtept lat="45.46209252" lon="15.30980727" >
      <name>rte1_1967</name>
      <ele>250.00</ele>
    </rtept>
    <rtept lat="45.46253372" lon="15.30970741" >
      <name>rte1_1968</name>
      <ele>260.00</ele>
    </rtept>
    <rtept lat="45.46266856" lon="15.30975930" >
      <name>rte1_1969</name>
      <ele>260.00</ele>
    </rtept>
    <rtept lat="45.46275854" lon="15.30975979" >
      <name>rte1_1970</name>
      <ele>260.00</ele>
    </rtept>
    <rtept lat="45.46289362" lon="15.30972218" >
      <name>rte1_1971</name>
      <ele>260.00</ele>
    </rtept>
    <rtept lat="45.46297911" lon="15.30972265" >
      <name>rte1_1972</name>
      <ele>266.90</ele>
    </rtept>
    <rtept lat="45.46303765" lon="15.30970379" >
      <name>rte1_1973</name>
      <ele>266.90</ele>
    </rtept>
    <rtept lat="45.46314134" lon="15.30962763" >
      <name>rte1_1974</name>
      <ele>266.90</ele>
    </rtept>
    <rtept lat="45.46325382" lon="15.30962825" >
      <name>rte1_1975</name>
      <ele>270.00</ele>
    </rtept>
    <rtept lat="45.46335349" lon="15.30937944" >
      <name>rte1_1976</name>
      <ele>270.00</ele>
    </rtept>
    <rtept lat="45.46343941" lon="15.30922007" >
      <name>rte1_1977</name>
      <ele>270.00</ele>
    </rtept>
    <rtept lat="45.46356584" lon="15.30905452" >
      <name>rte1_1978</name>
      <ele>270.00</ele>
    </rtept>
    <rtept lat="45.46374626" lon="15.30888927" >
      <name>rte1_1979</name>
      <ele>273.89</ele>
    </rtept>
    <rtept lat="45.46386364" lon="15.30874286" >
      <name>rte1_1980</name>
      <ele>276.47</ele>
    </rtept>
    <rtept lat="45.46400812" lon="15.30855823" >
      <name>rte1_1981</name>
      <ele>276.47</ele>
    </rtept>
    <rtept lat="45.46429204" lon="15.30838715" >
      <name>rte1_1982</name>
      <ele>285.00</ele>
    </rtept>
    <rtept lat="45.46444508" lon="15.30836241" >
      <name>rte1_1983</name>
      <ele>285.00</ele>
    </rtept>
    <rtept lat="45.46458469" lon="15.30831202" >
      <name>rte1_1984</name>
      <ele>285.00</ele>
    </rtept>
    <rtept lat="45.46474255" lon="15.30817222" >
      <name>rte1_1985</name>
      <ele>286.72</ele>
    </rtept>
    <rtept lat="45.46486877" lon="15.30808340" >
      <name>rte1_1986</name>
      <ele>286.72</ele>
    </rtept>
    <rtept lat="45.46490937" lon="15.30804526" >
      <name>rte1_1987</name>
      <ele>286.72</ele>
    </rtept>
    <rtept lat="45.46495014" lon="15.30794317" >
      <name>rte1_1988</name>
      <ele>290.00</ele>
    </rtept>
    <rtept lat="45.46504533" lon="15.30768154" >
      <name>rte1_1989</name>
      <ele>285.45</ele>
    </rtept>
    <rtept lat="45.46512651" lon="15.30761165" >
      <name>rte1_1990</name>
      <ele>285.45</ele>
    </rtept>
    <rtept lat="45.46517185" lon="15.30748402" >
      <name>rte1_1991</name>
      <ele>282.32</ele>
    </rtept>
    <rtept lat="45.46516763" lon="15.30738169" >
      <name>rte1_1992</name>
      <ele>282.32</ele>
    </rtept>
    <rtept lat="45.46512829" lon="15.30695307" >
      <name>rte1_1993</name>
      <ele>281.89</ele>
    </rtept>
    <rtept lat="45.46509280" lon="15.30676745" >
      <name>rte1_1994</name>
      <ele>284.15</ele>
    </rtept>
    <rtept lat="45.46500781" lon="15.30658156" >
      <name>rte1_1995</name>
      <ele>284.50</ele>
    </rtept>
    <rtept lat="45.46482340" lon="15.30656137" >
      <name>rte1_1996</name>
      <ele>278.03</ele>
    </rtept>
    <rtept lat="45.46427458" lon="15.30652641" >
      <name>rte1_1997</name>
      <ele>280.34</ele>
    </rtept>
    <rtept lat="45.46407713" lon="15.30633352" >
      <name>rte1_1998</name>
      <ele>280.34</ele>
    </rtept>
    <rtept lat="45.46356122" lon="15.30577444" >
      <name>rte1_1999</name>
      <ele>290.00</ele>
    </rtept>
    <rtept lat="45.46318900" lon="15.30531845" >
      <name>rte1_2000</name>
      <ele>290.00</ele>
    </rtept>
    <rtept lat="45.46309490" lon="15.30517728" >
      <name>rte1_2001</name>
      <ele>290.00</ele>
    </rtept>
    <rtept lat="45.46286640" lon="15.30481798" >
      <name>rte1_2002</name>
      <ele>290.00</ele>
    </rtept>
    <rtept lat="45.46295824" lon="15.30412795" >
      <name>rte1_2003</name>
      <ele>290.54</ele>
    </rtept>
    <rtept lat="45.46301247" lon="15.30403873" >
      <name>rte1_2004</name>
      <ele>295.39</ele>
    </rtept>
    <rtept lat="45.46306216" lon="15.30396227" >
      <name>rte1_2005</name>
      <ele>295.39</ele>
    </rtept>
    <rtept lat="45.46308940" lon="15.30387291" >
      <name>rte1_2006</name>
      <ele>295.39</ele>
    </rtept>
    <rtept lat="45.46308966" lon="15.30377700" >
      <name>rte1_2007</name>
      <ele>295.39</ele>
    </rtept>
    <rtept lat="45.46294239" lon="15.30332225" >
      <name>rte1_2008</name>
      <ele>300.00</ele>
    </rtept>
    <rtept lat="45.46288086" lon="15.30277844" >
      <name>rte1_2009</name>
      <ele>300.00</ele>
    </rtept>
    <rtept lat="45.46295433" lon="15.30222258" >
      <name>rte1_2010</name>
      <ele>300.00</ele>
    </rtept>
    <rtept lat="45.46304559" lon="15.30174353" >
      <name>rte1_2011</name>
      <ele>297.70</ele>
    </rtept>
    <rtept lat="45.46302382" lon="15.30146848" >
      <name>rte1_2012</name>
      <ele>300.00</ele>
    </rtept>
    <rtept lat="45.46283156" lon="15.30101349" >
      <name>rte1_2013</name>
      <ele>296.67</ele>
    </rtept>
    <rtept lat="45.46283174" lon="15.30094316" >
      <name>rte1_2014</name>
      <ele>296.67</ele>
    </rtept>
    <rtept lat="45.46283641" lon="15.30087925" >
      <name>rte1_2015</name>
      <ele>296.67</ele>
    </rtept>
    <rtept lat="45.46284123" lon="15.30075779" >
      <name>rte1_2016</name>
      <ele>290.00</ele>
    </rtept>
    <rtept lat="45.46285505" lon="15.30063638" >
      <name>rte1_2017</name>
      <ele>290.00</ele>
    </rtept>
    <rtept lat="45.46285972" lon="15.30057247" >
      <name>rte1_2018</name>
      <ele>290.00</ele>
    </rtept>
    <rtept lat="45.46286889" lon="15.30050858" >
      <name>rte1_2019</name>
      <ele>285.27</ele>
    </rtept>
    <rtept lat="45.46288721" lon="15.30038720" >
      <name>rte1_2020</name>
      <ele>285.27</ele>
    </rtept>
    <rtept lat="45.46290087" lon="15.30032333" >
      <name>rte1_2021</name>
      <ele>285.27</ele>
    </rtept>
    <rtept lat="45.46291456" lon="15.30025307" >
      <name>rte1_2022</name>
      <ele>285.27</ele>
    </rtept>
    <rtept lat="45.46292823" lon="15.30018921" >
      <name>rte1_2023</name>
      <ele>277.05</ele>
    </rtept>
    <rtept lat="45.46294191" lon="15.30011895" >
      <name>rte1_2024</name>
      <ele>277.05</ele>
    </rtept>
    <rtept lat="45.46296011" lon="15.30004232" >
      <name>rte1_2025</name>
      <ele>286.77</ele>
    </rtept>
    <rtept lat="45.46297829" lon="15.29997209" >
      <name>rte1_2026</name>
      <ele>286.77</ele>
    </rtept>
    <rtept lat="45.46299649" lon="15.29989546" >
      <name>rte1_2027</name>
      <ele>282.92</ele>
    </rtept>
    <rtept lat="45.46301467" lon="15.29982522" >
      <name>rte1_2028</name>
      <ele>282.92</ele>
    </rtept>
    <rtept lat="45.46303734" lon="15.29976140" >
      <name>rte1_2029</name>
      <ele>282.92</ele>
    </rtept>
    <rtept lat="45.46305999" lon="15.29970398" >
      <name>rte1_2030</name>
      <ele>282.92</ele>
    </rtept>
    <rtept lat="45.46311425" lon="15.29960197" >
      <name>rte1_2031</name>
      <ele>282.92</ele>
    </rtept>
    <rtept lat="45.46316849" lon="15.29950635" >
      <name>rte1_2032</name>
      <ele>280.00</ele>
    </rtept>
    <rtept lat="45.46322723" lon="15.29941076" >
      <name>rte1_2033</name>
      <ele>285.30</ele>
    </rtept>
    <rtept lat="45.46328149" lon="15.29930874" >
      <name>rte1_2034</name>
      <ele>285.30</ele>
    </rtept>
    <rtept lat="45.46330864" lon="15.29925134" >
      <name>rte1_2035</name>
      <ele>284.00</ele>
    </rtept>
    <rtept lat="45.46333579" lon="15.29919394" >
      <name>rte1_2036</name>
      <ele>284.00</ele>
    </rtept>
    <rtept lat="45.46335845" lon="15.29913013" >
      <name>rte1_2037</name>
      <ele>284.00</ele>
    </rtept>
    <rtept lat="45.46338563" lon="15.29905994" >
      <name>rte1_2038</name>
      <ele>284.00</ele>
    </rtept>
    <rtept lat="45.46340385" lon="15.29897691" >
      <name>rte1_2039</name>
      <ele>290.00</ele>
    </rtept>
    <rtept lat="45.46342205" lon="15.29890028" >
      <name>rte1_2040</name>
      <ele>288.75</ele>
    </rtept>
    <rtept lat="45.46344023" lon="15.29883005" >
      <name>rte1_2041</name>
      <ele>288.75</ele>
    </rtept>
    <rtept lat="45.46345391" lon="15.29875979" >
      <name>rte1_2042</name>
      <ele>288.75</ele>
    </rtept>
    <rtept lat="45.46347210" lon="15.29868955" >
      <name>rte1_2043</name>
      <ele>288.75</ele>
    </rtept>
    <rtept lat="45.46349028" lon="15.29861932" >
      <name>rte1_2044</name>
      <ele>282.69</ele>
    </rtept>
    <rtept lat="45.46350396" lon="15.29854906" >
      <name>rte1_2045</name>
      <ele>282.69</ele>
    </rtept>
    <rtept lat="45.46352213" lon="15.29848522" >
      <name>rte1_2046</name>
      <ele>282.69</ele>
    </rtept>
    <rtept lat="45.46353579" lon="15.29842135" >
      <name>rte1_2047</name>
      <ele>282.69</ele>
    </rtept>
    <rtept lat="45.46354946" lon="15.29835748" >
      <name>rte1_2048</name>
      <ele>282.69</ele>
    </rtept>
    <rtept lat="45.46356311" lon="15.29830001" >
      <name>rte1_2049</name>
      <ele>277.57</ele>
    </rtept>
    <rtept lat="45.46358127" lon="15.29823617" >
      <name>rte1_2050</name>
      <ele>277.57</ele>
    </rtept>
    <rtept lat="45.46360858" lon="15.29811483" >
      <name>rte1_2051</name>
      <ele>277.57</ele>
    </rtept>
    <rtept lat="45.46363588" lon="15.29799988" >
      <name>rte1_2052</name>
      <ele>284.93</ele>
    </rtept>
    <rtept lat="45.46366320" lon="15.29787855" >
      <name>rte1_2053</name>
      <ele>280.70</ele>
    </rtept>
    <rtept lat="45.46369051" lon="15.29775721" >
      <name>rte1_2054</name>
      <ele>280.70</ele>
    </rtept>
    <rtept lat="45.46371782" lon="15.29763587" >
      <name>rte1_2055</name>
      <ele>275.84</ele>
    </rtept>
    <rtept lat="45.46373149" lon="15.29757200" >
      <name>rte1_2056</name>
      <ele>275.84</ele>
    </rtept>
    <rtept lat="45.46374965" lon="15.29750816" >
      <name>rte1_2057</name>
      <ele>275.84</ele>
    </rtept>
    <rtept lat="45.46376332" lon="15.29744429" >
      <name>rte1_2058</name>
      <ele>275.84</ele>
    </rtept>
    <rtept lat="45.46377700" lon="15.29737403" >
      <name>rte1_2059</name>
      <ele>275.84</ele>
    </rtept>
    <rtept lat="45.46379518" lon="15.29730379" >
      <name>rte1_2060</name>
      <ele>270.31</ele>
    </rtept>
    <rtept lat="45.46380885" lon="15.29723993" >
      <name>rte1_2061</name>
      <ele>270.31</ele>
    </rtept>
    <rtept lat="45.46382255" lon="15.29716327" >
      <name>rte1_2062</name>
      <ele>270.31</ele>
    </rtept>
    <rtept lat="45.46384073" lon="15.29709304" >
      <name>rte1_2063</name>
      <ele>270.31</ele>
    </rtept>
    <rtept lat="45.46385892" lon="15.29701640" >
      <name>rte1_2064</name>
      <ele>275.06</ele>
    </rtept>
    <rtept lat="45.46387712" lon="15.29693977" >
      <name>rte1_2065</name>
      <ele>275.06</ele>
    </rtept>
    <rtept lat="45.46388629" lon="15.29687588" >
      <name>rte1_2066</name>
      <ele>275.06</ele>
    </rtept>
    <rtept lat="45.46389545" lon="15.29681199" >
      <name>rte1_2067</name>
      <ele>275.06</ele>
    </rtept>
    <rtept lat="45.46391375" lon="15.29669700" >
      <name>rte1_2068</name>
      <ele>278.38</ele>
    </rtept>
    <rtept lat="45.46393203" lon="15.29658840" >
      <name>rte1_2069</name>
      <ele>278.38</ele>
    </rtept>
    <rtept lat="45.46394132" lon="15.29647975" >
      <name>rte1_2070</name>
      <ele>278.38</ele>
    </rtept>
    <rtept lat="45.46395508" lon="15.29637752" >
      <name>rte1_2071</name>
      <ele>277.86</ele>
    </rtept>
    <rtept lat="45.46396435" lon="15.29627527" >
      <name>rte1_2072</name>
      <ele>277.86</ele>
    </rtept>
    <rtept lat="45.46397809" lon="15.29617943" >
      <name>rte1_2073</name>
      <ele>277.86</ele>
    </rtept>
    <rtept lat="45.46398736" lon="15.29607718" >
      <name>rte1_2074</name>
      <ele>277.86</ele>
    </rtept>
    <rtept lat="45.46400111" lon="15.29598134" >
      <name>rte1_2075</name>
      <ele>273.44</ele>
    </rtept>
    <rtept lat="45.46401485" lon="15.29588550" >
      <name>rte1_2076</name>
      <ele>273.44</ele>
    </rtept>
    <rtept lat="45.46403310" lon="15.29578969" >
      <name>rte1_2077</name>
      <ele>273.44</ele>
    </rtept>
    <rtept lat="45.46405136" lon="15.29568748" >
      <name>rte1_2078</name>
      <ele>275.09</ele>
    </rtept>
    <rtept lat="45.46407411" lon="15.29559170" >
      <name>rte1_2079</name>
      <ele>275.09</ele>
    </rtept>
    <rtept lat="45.46410589" lon="15.29548317" >
      <name>rte1_2080</name>
      <ele>281.25</ele>
    </rtept>
    <rtept lat="45.46413765" lon="15.29538103" >
      <name>rte1_2081</name>
      <ele>277.94</ele>
    </rtept>
    <rtept lat="45.46418292" lon="15.29527257" >
      <name>rte1_2082</name>
      <ele>277.94</ele>
    </rtept>
    <rtept lat="45.46420559" lon="15.29520875" >
      <name>rte1_2083</name>
      <ele>277.94</ele>
    </rtept>
    <rtept lat="45.46422823" lon="15.29515132" >
      <name>rte1_2084</name>
      <ele>277.94</ele>
    </rtept>
    <rtept lat="45.46428247" lon="15.29505570" >
      <name>rte1_2085</name>
      <ele>270.00</ele>
    </rtept>
    <rtept lat="45.46434118" lon="15.29497289" >
      <name>rte1_2086</name>
      <ele>285.00</ele>
    </rtept>
    <rtept lat="45.46440433" lon="15.29490928" >
      <name>rte1_2087</name>
      <ele>285.00</ele>
    </rtept>
    <rtept lat="45.46447647" lon="15.29485211" >
      <name>rte1_2088</name>
      <ele>285.00</ele>
    </rtept>
    <rtept lat="45.46455757" lon="15.29480778" >
      <name>rte1_2089</name>
      <ele>285.00</ele>
    </rtept>
    <rtept lat="45.46460261" lon="15.29478883" >
      <name>rte1_2090</name>
      <ele>280.00</ele>
    </rtept>
    <rtept lat="45.46464766" lon="15.29476989" >
      <name>rte1_2091</name>
      <ele>280.00</ele>
    </rtept>
    <rtept lat="45.46469270" lon="15.29475094" >
      <name>rte1_2092</name>
      <ele>280.00</ele>
    </rtept>
    <rtept lat="45.46474674" lon="15.29473204" >
      <name>rte1_2093</name>
      <ele>280.00</ele>
    </rtept>
    <rtept lat="45.46475620" lon="15.29455306" >
      <name>rte1_2094</name>
      <ele>280.00</ele>
    </rtept>
    <rtept lat="45.46475730" lon="15.29413106" >
      <name>rte1_2095</name>
      <ele>284.23</ele>
    </rtept>
    <rtept lat="45.46473100" lon="15.29386237" >
      <name>rte1_2096</name>
      <ele>284.23</ele>
    </rtept>
    <rtept lat="45.46466475" lon="15.29338248" >
      <name>rte1_2097</name>
      <ele>290.75</ele>
    </rtept>
    <rtept lat="45.46462554" lon="15.29288354" >
      <name>rte1_2098</name>
      <ele>288.79</ele>
    </rtept>
    <rtept lat="45.46462711" lon="15.29227612" >
      <name>rte1_2099</name>
      <ele>287.36</ele>
    </rtept>
    <rtept lat="45.46462833" lon="15.29180297" >
      <name>rte1_2100</name>
      <ele>288.78</ele>
    </rtept>
    <rtept lat="45.46467416" lon="15.29147711" >
      <name>rte1_2101</name>
      <ele>286.52</ele>
    </rtept>
    <rtept lat="45.46488760" lon="15.29070455" >
      <name>rte1_2102</name>
      <ele>285.00</ele>
    </rtept>
    <rtept lat="45.46529883" lon="15.29000332" >
      <name>rte1_2103</name>
      <ele>276.29</ele>
    </rtept>
    <rtept lat="45.46544328" lon="15.28981864" >
      <name>rte1_2104</name>
      <ele>276.29</ele>
    </rtept>
    <rtept lat="45.46553837" lon="15.28958255" >
      <name>rte1_2105</name>
      <ele>274.00</ele>
    </rtept>
    <rtept lat="45.46562524" lon="15.28903950" >
      <name>rte1_2106</name>
      <ele>269.40</ele>
    </rtept>
    <rtept lat="45.46577453" lon="15.28872056" >
      <name>rte1_2107</name>
      <ele>271.00</ele>
    </rtept>
    <rtept lat="45.46595549" lon="15.28833145" >
      <name>rte1_2108</name>
      <ele>275.00</ele>
    </rtept>
    <rtept lat="45.46612235" lon="15.28817884" >
      <name>rte1_2109</name>
      <ele>275.00</ele>
    </rtept>
    <rtept lat="45.46644238" lon="15.28795029" >
      <name>rte1_2110</name>
      <ele>276.27</ele>
    </rtept>
    <rtept lat="45.46672629" lon="15.28777271" >
      <name>rte1_2111</name>
      <ele>271.92</ele>
    </rtept>
    <rtept lat="45.46686164" lon="15.28762633" >
      <name>rte1_2112</name>
      <ele>275.87</ele>
    </rtept>
    <rtept lat="45.46693426" lon="15.28737733" >
      <name>rte1_2113</name>
      <ele>274.27</ele>
    </rtept>
    <rtept lat="45.46693932" lon="15.28715356" >
      <name>rte1_2114</name>
      <ele>274.27</ele>
    </rtept>
    <rtept lat="45.46693964" lon="15.28702567" >
      <name>rte1_2115</name>
      <ele>275.00</ele>
    </rtept>
    <rtept lat="45.46694443" lon="15.28691060" >
      <name>rte1_2116</name>
      <ele>275.00</ele>
    </rtept>
    <rtept lat="45.46694921" lon="15.28680192" >
      <name>rte1_2117</name>
      <ele>275.00</ele>
    </rtept>
    <rtept lat="45.46695848" lon="15.28669327" >
      <name>rte1_2118</name>
      <ele>275.00</ele>
    </rtept>
    <rtept lat="45.46696777" lon="15.28657822" >
      <name>rte1_2119</name>
      <ele>275.00</ele>
    </rtept>
    <rtept lat="45.46697706" lon="15.28646317" >
      <name>rte1_2120</name>
      <ele>275.00</ele>
    </rtept>
    <rtept lat="45.46698172" lon="15.28639925" >
      <name>rte1_2121</name>
      <ele>275.00</ele>
    </rtept>
    <rtept lat="45.46698638" lon="15.28633533" >
      <name>rte1_2122</name>
      <ele>275.00</ele>
    </rtept>
    <rtept lat="45.46699556" lon="15.28626504" >
      <name>rte1_2123</name>
      <ele>275.00</ele>
    </rtept>
    <rtept lat="45.46700472" lon="15.28620115" >
      <name>rte1_2124</name>
      <ele>275.00</ele>
    </rtept>
    <rtept lat="45.46701397" lon="15.28609889" >
      <name>rte1_2125</name>
      <ele>274.90</ele>
    </rtept>
    <rtept lat="45.46703218" lon="15.28601585" >
      <name>rte1_2126</name>
      <ele>275.00</ele>
    </rtept>
    <rtept lat="45.46705937" lon="15.28593926" >
      <name>rte1_2127</name>
      <ele>275.00</ele>
    </rtept>
    <rtept lat="45.46710005" lon="15.28586274" >
      <name>rte1_2128</name>
      <ele>275.00</ele>
    </rtept>
    <rtept lat="45.46714527" lon="15.28577345" >
      <name>rte1_2129</name>
      <ele>275.80</ele>
    </rtept>
    <rtept lat="45.46719044" lon="15.28570334" >
      <name>rte1_2130</name>
      <ele>275.80</ele>
    </rtept>
    <rtept lat="45.46724009" lon="15.28563965" >
      <name>rte1_2131</name>
      <ele>275.80</ele>
    </rtept>
    <rtept lat="45.46729421" lon="15.28558877" >
      <name>rte1_2132</name>
      <ele>276.88</ele>
    </rtept>
    <rtept lat="45.46734383" lon="15.28553787" >
      <name>rte1_2133</name>
      <ele>280.00</ele>
    </rtept>
    <rtept lat="45.46739792" lon="15.28549978" >
      <name>rte1_2134</name>
      <ele>280.00</ele>
    </rtept>
    <rtept lat="45.46745651" lon="15.28546171" >
      <name>rte1_2135</name>
      <ele>280.00</ele>
    </rtept>
    <rtept lat="45.46751058" lon="15.28543001" >
      <name>rte1_2136</name>
      <ele>280.00</ele>
    </rtept>
    <rtept lat="45.46756917" lon="15.28539194" >
      <name>rte1_2137</name>
      <ele>280.00</ele>
    </rtept>
    <rtept lat="45.46762774" lon="15.28536027" >
      <name>rte1_2138</name>
      <ele>280.00</ele>
    </rtept>
    <rtept lat="45.46768631" lon="15.28532859" >
      <name>rte1_2139</name>
      <ele>280.00</ele>
    </rtept>
    <rtept lat="45.46774489" lon="15.28529052" >
      <name>rte1_2140</name>
      <ele>279.41</ele>
    </rtept>
    <rtept lat="45.46780350" lon="15.28524606" >
      <name>rte1_2141</name>
      <ele>279.41</ele>
    </rtept>
    <rtept lat="45.46786661" lon="15.28519523" >
      <name>rte1_2142</name>
      <ele>279.76</ele>
    </rtept>
    <rtept lat="45.46792973" lon="15.28514439" >
      <name>rte1_2143</name>
      <ele>279.76</ele>
    </rtept>
    <rtept lat="45.46799288" lon="15.28508077" >
      <name>rte1_2144</name>
      <ele>277.44</ele>
    </rtept>
    <rtept lat="45.46804256" lon="15.28500429" >
      <name>rte1_2145</name>
      <ele>277.44</ele>
    </rtept>
    <rtept lat="45.46807874" lon="15.28493413" >
      <name>rte1_2146</name>
      <ele>277.44</ele>
    </rtept>
    <rtept lat="45.46811042" lon="15.28485756" >
      <name>rte1_2147</name>
      <ele>276.34</ele>
    </rtept>
    <rtept lat="45.46813761" lon="15.28478097" >
      <name>rte1_2148</name>
      <ele>276.34</ele>
    </rtept>
    <rtept lat="45.46816480" lon="15.28470437" >
      <name>rte1_2149</name>
      <ele>275.00</ele>
    </rtept>
    <rtept lat="45.46819199" lon="15.28462778" >
      <name>rte1_2150</name>
      <ele>275.00</ele>
    </rtept>
    <rtept lat="45.46823266" lon="15.28455764" >
      <name>rte1_2151</name>
      <ele>272.99</ele>
    </rtept>
    <rtept lat="45.46828232" lon="15.28448756" >
      <name>rte1_2152</name>
      <ele>272.99</ele>
    </rtept>
    <rtept lat="45.46833651" lon="15.28441110" >
      <name>rte1_2153</name>
      <ele>272.99</ele>
    </rtept>
    <rtept lat="45.46839964" lon="15.28435387" >
      <name>rte1_2154</name>
      <ele>272.92</ele>
    </rtept>
    <rtept lat="45.46846724" lon="15.28430945" >
      <name>rte1_2155</name>
      <ele>272.92</ele>
    </rtept>
    <rtept lat="45.46853033" lon="15.28427140" >
      <name>rte1_2156</name>
      <ele>272.92</ele>
    </rtept>
    <rtept lat="45.46858891" lon="15.28423333" >
      <name>rte1_2157</name>
      <ele>270.23</ele>
    </rtept>
    <rtept lat="45.46864753" lon="15.28418247" >
      <name>rte1_2158</name>
      <ele>273.37</ele>
    </rtept>
    <rtept lat="45.46869270" lon="15.28411236" >
      <name>rte1_2159</name>
      <ele>273.37</ele>
    </rtept>
    <rtept lat="45.46873342" lon="15.28402305" >
      <name>rte1_2160</name>
      <ele>273.37</ele>
    </rtept>
    <rtept lat="45.46874711" lon="15.28394638" >
      <name>rte1_2161</name>
      <ele>274.31</ele>
    </rtept>
    <rtept lat="45.46875628" lon="15.28387609" >
      <name>rte1_2162</name>
      <ele>274.31</ele>
    </rtept>
    <rtept lat="45.46876094" lon="15.28381217" >
      <name>rte1_2163</name>
      <ele>274.31</ele>
    </rtept>
    <rtept lat="45.46876110" lon="15.28374822" >
      <name>rte1_2164</name>
      <ele>274.31</ele>
    </rtept>
    <rtept lat="45.46875690" lon="15.28362671" >
      <name>rte1_2165</name>
      <ele>275.00</ele>
    </rtept>
    <rtept lat="45.46874371" lon="15.28350515" >
      <name>rte1_2166</name>
      <ele>275.00</ele>
    </rtept>
    <rtept lat="45.46873050" lon="15.28338998" >
      <name>rte1_2167</name>
      <ele>275.00</ele>
    </rtept>
    <rtept lat="45.46872180" lon="15.28326844" >
      <name>rte1_2168</name>
      <ele>275.00</ele>
    </rtept>
    <rtept lat="45.46872196" lon="15.28320450" >
      <name>rte1_2169</name>
      <ele>275.00</ele>
    </rtept>
    <rtept lat="45.46872664" lon="15.28313418" >
      <name>rte1_2170</name>
      <ele>275.00</ele>
    </rtept>
    <rtept lat="45.46873130" lon="15.28307026" >
      <name>rte1_2171</name>
      <ele>275.00</ele>
    </rtept>
    <rtept lat="45.46874497" lon="15.28299999" >
      <name>rte1_2172</name>
      <ele>275.00</ele>
    </rtept>
    <rtept lat="45.46876775" lon="15.28288501" >
      <name>rte1_2173</name>
      <ele>275.00</ele>
    </rtept>
    <rtept lat="45.46880399" lon="15.28278927" >
      <name>rte1_2174</name>
      <ele>275.00</ele>
    </rtept>
    <rtept lat="45.46884467" lon="15.28271274" >
      <name>rte1_2175</name>
      <ele>273.18</ele>
    </rtept>
    <rtept lat="45.46888984" lon="15.28264263" >
      <name>rte1_2176</name>
      <ele>275.00</ele>
    </rtept>
    <rtept lat="45.46893500" lon="15.28257252" >
      <name>rte1_2177</name>
      <ele>275.00</ele>
    </rtept>
    <rtept lat="45.46898469" lon="15.28249603" >
      <name>rte1_2178</name>
      <ele>275.00</ele>
    </rtept>
    <rtept lat="45.46902540" lon="15.28240672" >
      <name>rte1_2179</name>
      <ele>275.00</ele>
    </rtept>
    <rtept lat="45.46906165" lon="15.28230459" >
      <name>rte1_2180</name>
      <ele>275.00</ele>
    </rtept>
    <rtept lat="45.46907089" lon="15.28220872" >
      <name>rte1_2181</name>
      <ele>275.00</ele>
    </rtept>
    <rtept lat="45.46906661" lon="15.28211917" >
      <name>rte1_2182</name>
      <ele>275.00</ele>
    </rtept>
    <rtept lat="45.46905332" lon="15.28203598" >
      <name>rte1_2183</name>
      <ele>275.00</ele>
    </rtept>
    <rtept lat="45.46903102" lon="15.28195913" >
      <name>rte1_2184</name>
      <ele>273.28</ele>
    </rtept>
    <rtept lat="45.46900873" lon="15.28187589" >
      <name>rte1_2185</name>
      <ele>273.28</ele>
    </rtept>
    <rtept lat="45.46899542" lon="15.28179909" >
      <name>rte1_2186</name>
      <ele>273.28</ele>
    </rtept>
    <rtept lat="45.46898664" lon="15.28170952" >
      <name>rte1_2187</name>
      <ele>270.00</ele>
    </rtept>
    <rtept lat="45.46899586" lon="15.28162005" >
      <name>rte1_2188</name>
      <ele>270.00</ele>
    </rtept>
    <rtept lat="45.46900504" lon="15.28154975" >
      <name>rte1_2189</name>
      <ele>270.00</ele>
    </rtept>
    <rtept lat="45.46901869" lon="15.28148588" >
      <name>rte1_2190</name>
      <ele>270.00</ele>
    </rtept>
    <rtept lat="45.46905046" lon="15.28137733" >
      <name>rte1_2191</name>
      <ele>266.50</ele>
    </rtept>
    <rtept lat="45.46909120" lon="15.28127522" >
      <name>rte1_2192</name>
      <ele>270.27</ele>
    </rtept>
    <rtept lat="45.46913642" lon="15.28118592" >
      <name>rte1_2193</name>
      <ele>270.27</ele>
    </rtept>
    <rtept lat="45.46918162" lon="15.28110302" >
      <name>rte1_2194</name>
      <ele>270.27</ele>
    </rtept>
    <rtept lat="45.46922235" lon="15.28100731" >
      <name>rte1_2195</name>
      <ele>267.35</ele>
    </rtept>
    <rtept lat="45.46925861" lon="15.28089878" >
      <name>rte1_2196</name>
      <ele>267.35</ele>
    </rtept>
    <rtept lat="45.46928591" lon="15.28077742" >
      <name>rte1_2197</name>
      <ele>267.35</ele>
    </rtept>
    <rtept lat="45.46929069" lon="15.28066234" >
      <name>rte1_2198</name>
      <ele>267.16</ele>
    </rtept>
    <rtept lat="45.46928196" lon="15.28055359" >
      <name>rte1_2199</name>
      <ele>267.16</ele>
    </rtept>
    <rtept lat="45.46926870" lon="15.28045761" >
      <name>rte1_2200</name>
      <ele>267.16</ele>
    </rtept>
    <rtept lat="45.46925094" lon="15.28036160" >
      <name>rte1_2201</name>
      <ele>269.50</ele>
    </rtept>
    <rtept lat="45.46923318" lon="15.28026560" >
      <name>rte1_2202</name>
      <ele>269.50</ele>
    </rtept>
    <rtept lat="45.46922440" lon="15.28017603" >
      <name>rte1_2203</name>
      <ele>269.50</ele>
    </rtept>
    <rtept lat="45.46922465" lon="15.28007372" >
      <name>rte1_2204</name>
      <ele>269.22</ele>
    </rtept>
    <rtept lat="45.46924740" lon="15.27997152" >
      <name>rte1_2205</name>
      <ele>269.22</ele>
    </rtept>
    <rtept lat="45.46927470" lon="15.27985016" >
      <name>rte1_2206</name>
      <ele>269.22</ele>
    </rtept>
    <rtept lat="45.46930195" lon="15.27974798" >
      <name>rte1_2207</name>
      <ele>265.44</ele>
    </rtept>
    <rtept lat="45.46932916" lon="15.27965860" >
      <name>rte1_2208</name>
      <ele>265.44</ele>
    </rtept>
    <rtept lat="45.46936536" lon="15.27957565" >
      <name>rte1_2209</name>
      <ele>265.44</ele>
    </rtept>
    <rtept lat="45.46940154" lon="15.27949909" >
      <name>rte1_2210</name>
      <ele>265.44</ele>
    </rtept>
    <rtept lat="45.46944672" lon="15.27942258" >
      <name>rte1_2211</name>
      <ele>265.00</ele>
    </rtept>
    <rtept lat="45.46950090" lon="15.27934612" >
      <name>rte1_2212</name>
      <ele>265.00</ele>
    </rtept>
    <rtept lat="45.46956408" lon="15.27926970" >
      <name>rte1_2213</name>
      <ele>269.87</ele>
    </rtept>
    <rtept lat="45.46960470" lon="15.27921874" >
      <name>rte1_2214</name>
      <ele>269.87</ele>
    </rtept>
    <rtept lat="45.46964979" lon="15.27918060" >
      <name>rte1_2215</name>
      <ele>269.87</ele>
    </rtept>
    <rtept lat="45.46969483" lon="15.27916164" >
      <name>rte1_2216</name>
      <ele>269.87</ele>
    </rtept>
    <rtept lat="45.46974435" lon="15.27914910" >
      <name>rte1_2217</name>
      <ele>269.13</ele>
    </rtept>
    <rtept lat="45.46978937" lon="15.27913653" >
      <name>rte1_2218</name>
      <ele>272.36</ele>
    </rtept>
    <rtept lat="45.46983441" lon="15.27911757" >
      <name>rte1_2219</name>
      <ele>272.36</ele>
    </rtept>
    <rtept lat="45.46987948" lon="15.27908582" >
      <name>rte1_2220</name>
      <ele>272.36</ele>
    </rtept>
    <rtept lat="45.46992459" lon="15.27904128" >
      <name>rte1_2221</name>
      <ele>272.36</ele>
    </rtept>
    <rtept lat="45.46993829" lon="15.27895822" >
      <name>rte1_2222</name>
      <ele>272.36</ele>
    </rtept>
    <rtept lat="45.46994749" lon="15.27887514" >
      <name>rte1_2223</name>
      <ele>272.36</ele>
    </rtept>
    <rtept lat="45.46995224" lon="15.27877285" >
      <name>rte1_2224</name>
      <ele>269.47</ele>
    </rtept>
    <rtept lat="45.46995248" lon="15.27867693" >
      <name>rte1_2225</name>
      <ele>269.47</ele>
    </rtept>
    <rtept lat="45.46994818" lon="15.27859378" >
      <name>rte1_2226</name>
      <ele>269.47</ele>
    </rtept>
    <rtept lat="45.46993489" lon="15.27851058" >
      <name>rte1_2227</name>
      <ele>267.02</ele>
    </rtept>
    <rtept lat="45.46991710" lon="15.27842737" >
      <name>rte1_2228</name>
      <ele>267.02</ele>
    </rtept>
    <rtept lat="45.46989479" lon="15.27835052" >
      <name>rte1_2229</name>
      <ele>267.02</ele>
    </rtept>
    <rtept lat="45.46986797" lon="15.27828005" >
      <name>rte1_2230</name>
      <ele>267.02</ele>
    </rtept>
    <rtept lat="45.46984116" lon="15.27820318" >
      <name>rte1_2231</name>
      <ele>267.02</ele>
    </rtept>
    <rtept lat="45.46981434" lon="15.27813271" >
      <name>rte1_2232</name>
      <ele>265.00</ele>
    </rtept>
    <rtept lat="45.46978753" lon="15.27805584" >
      <name>rte1_2233</name>
      <ele>265.00</ele>
    </rtept>
    <rtept lat="45.46975621" lon="15.27798534" >
      <name>rte1_2234</name>
      <ele>265.00</ele>
    </rtept>
    <rtept lat="45.46972940" lon="15.27790848" >
      <name>rte1_2235</name>
      <ele>267.51</ele>
    </rtept>
    <rtept lat="45.46970711" lon="15.27782524" >
      <name>rte1_2236</name>
      <ele>265.80</ele>
    </rtept>
    <rtept lat="45.46968481" lon="15.27774200" >
      <name>rte1_2237</name>
      <ele>265.80</ele>
    </rtept>
    <rtept lat="45.46966704" lon="15.27765239" >
      <name>rte1_2238</name>
      <ele>265.80</ele>
    </rtept>
    <rtept lat="45.46965827" lon="15.27755642" >
      <name>rte1_2239</name>
      <ele>262.91</ele>
    </rtept>
    <rtept lat="45.46964499" lon="15.27746683" >
      <name>rte1_2240</name>
      <ele>262.91</ele>
    </rtept>
    <rtept lat="45.46964070" lon="15.27738368" >
      <name>rte1_2241</name>
      <ele>262.91</ele>
    </rtept>
    <rtept lat="45.46963638" lon="15.27730693" >
      <name>rte1_2242</name>
      <ele>262.91</ele>
    </rtept>
    <rtept lat="45.46963656" lon="15.27723659" >
      <name>rte1_2243</name>
      <ele>262.12</ele>
    </rtept>
    <rtept lat="45.46963673" lon="15.27716625" >
      <name>rte1_2244</name>
      <ele>262.12</ele>
    </rtept>
    <rtept lat="45.46964140" lon="15.27709593" >
      <name>rte1_2245</name>
      <ele>262.12</ele>
    </rtept>
    <rtept lat="45.46965507" lon="15.27702566" >
      <name>rte1_2246</name>
      <ele>262.12</ele>
    </rtept>
    <rtept lat="45.46966872" lon="15.27696178" >
      <name>rte1_2247</name>
      <ele>262.12</ele>
    </rtept>
    <rtept lat="45.46963323" lon="15.27675698" >
      <name>rte1_2248</name>
      <ele>261.50</ele>
    </rtept>
    <rtept lat="45.46960640" lon="15.27668651" >
      <name>rte1_2249</name>
      <ele>261.50</ele>
    </rtept>
    <rtept lat="45.46958856" lon="15.27662247" >
      <name>rte1_2250</name>
      <ele>261.50</ele>
    </rtept>
    <rtept lat="45.46957522" lon="15.27655846" >
      <name>rte1_2251</name>
      <ele>261.28</ele>
    </rtept>
    <rtept lat="45.46956638" lon="15.27649447" >
      <name>rte1_2252</name>
      <ele>261.28</ele>
    </rtept>
    <rtept lat="45.46955304" lon="15.27643046" >
      <name>rte1_2253</name>
      <ele>261.28</ele>
    </rtept>
    <rtept lat="45.46953970" lon="15.27636645" >
      <name>rte1_2254</name>
      <ele>261.28</ele>
    </rtept>
    <rtept lat="45.46952185" lon="15.27630242" >
      <name>rte1_2255</name>
      <ele>260.54</ele>
    </rtept>
    <rtept lat="45.46950401" lon="15.27623839" >
      <name>rte1_2256</name>
      <ele>260.50</ele>
    </rtept>
    <rtept lat="45.46945925" lon="15.27614225" >
      <name>rte1_2257</name>
      <ele>260.50</ele>
    </rtept>
    <rtept lat="45.46941446" lon="15.27605890" >
      <name>rte1_2258</name>
      <ele>260.50</ele>
    </rtept>
    <rtept lat="45.46936963" lon="15.27599473" >
      <name>rte1_2259</name>
      <ele>260.50</ele>
    </rtept>
    <rtept lat="45.46932929" lon="15.27593059" >
      <name>rte1_2260</name>
      <ele>260.95</ele>
    </rtept>
    <rtept lat="45.46928895" lon="15.27586645" >
      <name>rte1_2261</name>
      <ele>260.00</ele>
    </rtept>
    <rtept lat="45.46924863" lon="15.27579591" >
      <name>rte1_2262</name>
      <ele>260.00</ele>
    </rtept>
    <rtept lat="45.46921281" lon="15.27572539" >
      <name>rte1_2263</name>
      <ele>260.00</ele>
    </rtept>
    <rtept lat="45.46918153" lon="15.27563572" >
      <name>rte1_2264</name>
      <ele>253.85</ele>
    </rtept>
    <rtept lat="45.46915474" lon="15.27555246" >
      <name>rte1_2265</name>
      <ele>253.85</ele>
    </rtept>
    <rtept lat="45.46913691" lon="15.27548203" >
      <name>rte1_2266</name>
      <ele>253.85</ele>
    </rtept>
    <rtept lat="45.46912360" lon="15.27540523" >
      <name>rte1_2267</name>
      <ele>253.85</ele>
    </rtept>
    <rtept lat="45.46911927" lon="15.27533487" >
      <name>rte1_2268</name>
      <ele>253.85</ele>
    </rtept>
    <rtept lat="45.46911044" lon="15.27526449" >
      <name>rte1_2269</name>
      <ele>250.00</ele>
    </rtept>
    <rtept lat="45.46911061" lon="15.27519415" >
      <name>rte1_2270</name>
      <ele>250.00</ele>
    </rtept>
    <rtept lat="45.46911527" lon="15.27513022" >
      <name>rte1_2271</name>
      <ele>250.00</ele>
    </rtept>
    <rtept lat="45.46911994" lon="15.27505991" >
      <name>rte1_2272</name>
      <ele>250.00</ele>
    </rtept>
    <rtept lat="45.46912459" lon="15.27499599" >
      <name>rte1_2273</name>
      <ele>246.29</ele>
    </rtept>
    <rtept lat="45.46913374" lon="15.27493209" >
      <name>rte1_2274</name>
      <ele>246.29</ele>
    </rtept>
    <rtept lat="45.46914291" lon="15.27486179" >
      <name>rte1_2275</name>
      <ele>246.29</ele>
    </rtept>
    <rtept lat="45.46915657" lon="15.27479791" >
      <name>rte1_2276</name>
      <ele>246.29</ele>
    </rtept>
    <rtept lat="45.46916572" lon="15.27473401" >
      <name>rte1_2277</name>
      <ele>246.29</ele>
    </rtept>
    <rtept lat="45.46917937" lon="15.27467013" >
      <name>rte1_2278</name>
      <ele>242.29</ele>
    </rtept>
    <rtept lat="45.46918852" lon="15.27460623" >
      <name>rte1_2279</name>
      <ele>242.29</ele>
    </rtept>
    <rtept lat="45.46920218" lon="15.27454236" >
      <name>rte1_2280</name>
      <ele>242.29</ele>
    </rtept>
    <rtept lat="45.46960833" lon="15.27403917" >
      <name>rte1_2281</name>
      <ele>265.50</ele>
    </rtept>
    <rtept lat="45.46968491" lon="15.27400118" >
      <name>rte1_2282</name>
      <ele>265.50</ele>
    </rtept>
    <rtept lat="45.46975697" lon="15.27396956" >
      <name>rte1_2283</name>
      <ele>265.50</ele>
    </rtept>
    <rtept lat="45.46982454" lon="15.27393791" >
      <name>rte1_2284</name>
      <ele>272.43</ele>
    </rtept>
    <rtept lat="45.46989211" lon="15.27390627" >
      <name>rte1_2285</name>
      <ele>272.43</ele>
    </rtept>
    <rtept lat="45.46995067" lon="15.27387458" >
      <name>rte1_2286</name>
      <ele>272.43</ele>
    </rtept>
    <rtept lat="45.47001375" lon="15.27383652" >
      <name>rte1_2287</name>
      <ele>276.14</ele>
    </rtept>
    <rtept lat="45.47007234" lon="15.27379844" >
      <name>rte1_2288</name>
      <ele>276.14</ele>
    </rtept>
    <rtept lat="45.47012642" lon="15.27376033" >
      <name>rte1_2289</name>
      <ele>276.14</ele>
    </rtept>
    <rtept lat="45.47018500" lon="15.27372225" >
      <name>rte1_2290</name>
      <ele>279.03</ele>
    </rtept>
    <rtept lat="45.47023910" lon="15.27367775" >
      <name>rte1_2291</name>
      <ele>278.47</ele>
    </rtept>
    <rtept lat="45.47029770" lon="15.27363328" >
      <name>rte1_2292</name>
      <ele>278.47</ele>
    </rtept>
    <rtept lat="45.47035630" lon="15.27358880" >
      <name>rte1_2293</name>
      <ele>278.47</ele>
    </rtept>
    <rtept lat="45.47041491" lon="15.27353793" >
      <name>rte1_2294</name>
      <ele>278.47</ele>
    </rtept>
    <rtept lat="45.47047802" lon="15.27348708" >
      <name>rte1_2295</name>
      <ele>279.43</ele>
    </rtept>
    <rtept lat="45.47054565" lon="15.27342986" >
      <name>rte1_2296</name>
      <ele>279.43</ele>
    </rtept>
    <rtept lat="45.47061778" lon="15.27337265" >
      <name>rte1_2297</name>
      <ele>285.00</ele>
    </rtept>
    <rtept lat="45.47066288" lon="15.27332811" >
      <name>rte1_2298</name>
      <ele>285.00</ele>
    </rtept>
    <rtept lat="45.47071248" lon="15.27328359" >
      <name>rte1_2299</name>
      <ele>285.00</ele>
    </rtept>
    <rtept lat="45.47075758" lon="15.27323905" >
      <name>rte1_2300</name>
      <ele>285.00</ele>
    </rtept>
    <rtept lat="45.47079818" lon="15.27319448" >
      <name>rte1_2301</name>
      <ele>285.00</ele>
    </rtept>
    <rtept lat="45.47084326" lon="15.27315633" >
      <name>rte1_2302</name>
      <ele>285.00</ele>
    </rtept>
    <rtept lat="45.47088386" lon="15.27311177" >
      <name>rte1_2303</name>
      <ele>285.00</ele>
    </rtept>
    <rtept lat="45.47091995" lon="15.27307357" >
      <name>rte1_2304</name>
      <ele>285.00</ele>
    </rtept>
    <rtept lat="45.47096055" lon="15.27302901" >
      <name>rte1_2305</name>
      <ele>285.00</ele>
    </rtept>
    <rtept lat="45.47103272" lon="15.27295262" >
      <name>rte1_2306</name>
      <ele>285.00</ele>
    </rtept>
    <rtept lat="45.47106881" lon="15.27291443" >
      <name>rte1_2307</name>
      <ele>285.00</ele>
    </rtept>
    <rtept lat="45.47110491" lon="15.27286984" >
      <name>rte1_2308</name>
      <ele>285.00</ele>
    </rtept>
    <rtept lat="45.47117258" lon="15.27279343" >
      <name>rte1_2309</name>
      <ele>287.40</ele>
    </rtept>
    <rtept lat="45.47124027" lon="15.27271063" >
      <name>rte1_2310</name>
      <ele>290.00</ele>
    </rtept>
    <rtept lat="45.47130794" lon="15.27263422" >
      <name>rte1_2311</name>
      <ele>290.00</ele>
    </rtept>
    <rtept lat="45.47134403" lon="15.27259603" >
      <name>rte1_2312</name>
      <ele>290.00</ele>
    </rtept>
    <rtept lat="45.47138013" lon="15.27255144" >
      <name>rte1_2313</name>
      <ele>290.00</ele>
    </rtept>
    <rtept lat="45.47144780" lon="15.27247503" >
      <name>rte1_2314</name>
      <ele>290.00</ele>
    </rtept>
    <rtept lat="45.47148391" lon="15.27243044" >
      <name>rte1_2315</name>
      <ele>292.62</ele>
    </rtept>
    <rtept lat="45.47152449" lon="15.27239227" >
      <name>rte1_2316</name>
      <ele>292.62</ele>
    </rtept>
    <rtept lat="45.47156058" lon="15.27235408" >
      <name>rte1_2317</name>
      <ele>292.62</ele>
    </rtept>
    <rtept lat="45.47160118" lon="15.27230951" >
      <name>rte1_2318</name>
      <ele>290.00</ele>
    </rtept>
    <rtept lat="45.47164176" lon="15.27227134" >
      <name>rte1_2319</name>
      <ele>290.00</ele>
    </rtept>
    <rtept lat="45.47168236" lon="15.27222677" >
      <name>rte1_2320</name>
      <ele>290.00</ele>
    </rtept>
    <rtept lat="45.47172746" lon="15.27218223" >
      <name>rte1_2321</name>
      <ele>290.00</ele>
    </rtept>
    <rtept lat="45.47177256" lon="15.27213768" >
      <name>rte1_2322</name>
      <ele>290.00</ele>
    </rtept>
    <rtept lat="45.47181766" lon="15.27209314" >
      <name>rte1_2323</name>
      <ele>296.23</ele>
    </rtept>
    <rtept lat="45.47186725" lon="15.27205501" >
      <name>rte1_2324</name>
      <ele>296.23</ele>
    </rtept>
    <rtept lat="45.47195324" lon="15.27184440" >
      <name>rte1_2325</name>
      <ele>296.23</ele>
    </rtept>
    <rtept lat="45.47193088" lon="15.27178674" >
      <name>rte1_2326</name>
      <ele>301.71</ele>
    </rtept>
    <rtept lat="45.47191302" lon="15.27172910" >
      <name>rte1_2327</name>
      <ele>301.71</ele>
    </rtept>
    <rtept lat="45.47187729" lon="15.27162021" >
      <name>rte1_2328</name>
      <ele>301.71</ele>
    </rtept>
    <rtept lat="45.47185054" lon="15.27151776" >
      <name>rte1_2329</name>
      <ele>301.71</ele>
    </rtept>
    <rtept lat="45.47182380" lon="15.27140892" >
      <name>rte1_2330</name>
      <ele>304.33</ele>
    </rtept>
    <rtept lat="45.47180155" lon="15.27130650" >
      <name>rte1_2331</name>
      <ele>304.33</ele>
    </rtept>
    <rtept lat="45.47177928" lon="15.27121047" >
      <name>rte1_2332</name>
      <ele>300.49</ele>
    </rtept>
    <rtept lat="45.47176153" lon="15.27110807" >
      <name>rte1_2333</name>
      <ele>300.68</ele>
    </rtept>
    <rtept lat="45.47174378" lon="15.27100566" >
      <name>rte1_2334</name>
      <ele>300.68</ele>
    </rtept>
    <rtept lat="45.47173052" lon="15.27090328" >
      <name>rte1_2335</name>
      <ele>300.68</ele>
    </rtept>
    <rtept lat="45.47171277" lon="15.27080088" >
      <name>rte1_2336</name>
      <ele>300.00</ele>
    </rtept>
    <rtept lat="45.47169953" lon="15.27069211" >
      <name>rte1_2337</name>
      <ele>300.00</ele>
    </rtept>
    <rtept lat="45.47168629" lon="15.27058333" >
      <name>rte1_2338</name>
      <ele>300.00</ele>
    </rtept>
    <rtept lat="45.47167307" lon="15.27046816" >
      <name>rte1_2339</name>
      <ele>300.00</ele>
    </rtept>
    <rtept lat="45.47165986" lon="15.27034660" >
      <name>rte1_2340</name>
      <ele>300.00</ele>
    </rtept>
    <rtept lat="45.47164666" lon="15.27022503" >
      <name>rte1_2341</name>
      <ele>300.00</ele>
    </rtept>
    <rtept lat="45.47163781" lon="15.27016104" >
      <name>rte1_2342</name>
      <ele>302.95</ele>
    </rtept>
    <rtept lat="45.47163346" lon="15.27009707" >
      <name>rte1_2343</name>
      <ele>302.95</ele>
    </rtept>
    <rtept lat="45.47162466" lon="15.27001390" >
      <name>rte1_2344</name>
      <ele>302.95</ele>
    </rtept>
    <rtept lat="45.47162033" lon="15.26994353" >
      <name>rte1_2345</name>
      <ele>302.95</ele>
    </rtept>
    <rtept lat="45.47162050" lon="15.26987319" >
      <name>rte1_2346</name>
      <ele>303.56</ele>
    </rtept>
    <rtept lat="45.47162066" lon="15.26980285" >
      <name>rte1_2347</name>
      <ele>303.56</ele>
    </rtept>
    <rtept lat="45.47162532" lon="15.26973893" >
      <name>rte1_2348</name>
      <ele>303.56</ele>
    </rtept>
    <rtept lat="45.47163447" lon="15.26967502" >
      <name>rte1_2349</name>
      <ele>303.56</ele>
    </rtept>
    <rtept lat="45.47165275" lon="15.26955361" >
      <name>rte1_2350</name>
      <ele>302.32</ele>
    </rtept>
    <rtept lat="45.47167554" lon="15.26943222" >
      <name>rte1_2351</name>
      <ele>302.32</ele>
    </rtept>
    <rtept lat="45.47168469" lon="15.26936831" >
      <name>rte1_2352</name>
      <ele>302.32</ele>
    </rtept>
    <rtept lat="45.47169384" lon="15.26930441" >
      <name>rte1_2353</name>
      <ele>302.32</ele>
    </rtept>
    <rtept lat="45.47169850" lon="15.26923409" >
      <name>rte1_2354</name>
      <ele>304.18</ele>
    </rtept>
    <rtept lat="45.47170317" lon="15.26916377" >
      <name>rte1_2355</name>
      <ele>304.18</ele>
    </rtept>
    <rtept lat="45.47170334" lon="15.26909343" >
      <name>rte1_2356</name>
      <ele>304.18</ele>
    </rtept>
    <rtept lat="45.47170352" lon="15.26901669" >
      <name>rte1_2357</name>
      <ele>304.18</ele>
    </rtept>
    <rtept lat="45.47169478" lon="15.26890794" >
      <name>rte1_2358</name>
      <ele>305.00</ele>
    </rtept>
    <rtept lat="45.47168151" lon="15.26881195" >
      <name>rte1_2359</name>
      <ele>305.00</ele>
    </rtept>
    <rtept lat="45.47167274" lon="15.26871599" >
      <name>rte1_2360</name>
      <ele>305.00</ele>
    </rtept>
    <rtept lat="45.47165944" lon="15.26863279" >
      <name>rte1_2361</name>
      <ele>305.00</ele>
    </rtept>
    <rtept lat="45.47164615" lon="15.26854320" >
      <name>rte1_2362</name>
      <ele>305.00</ele>
    </rtept>
    <rtept lat="45.47163283" lon="15.26846640" >
      <name>rte1_2363</name>
      <ele>305.00</ele>
    </rtept>
    <rtept lat="45.47161953" lon="15.26838320" >
      <name>rte1_2364</name>
      <ele>305.00</ele>
    </rtept>
    <rtept lat="45.47160622" lon="15.26830640" >
      <name>rte1_2365</name>
      <ele>305.00</ele>
    </rtept>
    <rtept lat="45.47158840" lon="15.26822958" >
      <name>rte1_2366</name>
      <ele>305.00</ele>
    </rtept>
    <rtept lat="45.47157508" lon="15.26815278" >
      <name>rte1_2367</name>
      <ele>305.00</ele>
    </rtept>
    <rtept lat="45.47155727" lon="15.26807596" >
      <name>rte1_2368</name>
      <ele>305.09</ele>
    </rtept>
    <rtept lat="45.47153947" lon="15.26799274" >
      <name>rte1_2369</name>
      <ele>305.09</ele>
    </rtept>
    <rtept lat="45.47152167" lon="15.26790952" >
      <name>rte1_2370</name>
      <ele>308.30</ele>
    </rtept>
    <rtept lat="45.47150388" lon="15.26781991" >
      <name>rte1_2371</name>
      <ele>308.30</ele>
    </rtept>
    <rtept lat="45.47148610" lon="15.26773030" >
      <name>rte1_2372</name>
      <ele>308.30</ele>
    </rtept>
    <rtept lat="45.47146833" lon="15.26763429" >
      <name>rte1_2373</name>
      <ele>310.00</ele>
    </rtept>
    <rtept lat="45.47145049" lon="15.26756387" >
      <name>rte1_2374</name>
      <ele>310.00</ele>
    </rtept>
    <rtept lat="45.47143715" lon="15.26749985" >
      <name>rte1_2375</name>
      <ele>310.00</ele>
    </rtept>
    <rtept lat="45.47141930" lon="15.26743582" >
      <name>rte1_2376</name>
      <ele>310.00</ele>
    </rtept>
    <rtept lat="45.47140144" lon="15.26737818" >
      <name>rte1_2377</name>
      <ele>310.00</ele>
    </rtept>
    <rtept lat="45.47136120" lon="15.26726928" >
      <name>rte1_2378</name>
      <ele>311.50</ele>
    </rtept>
    <rtept lat="45.47132094" lon="15.26717317" >
      <name>rte1_2379</name>
      <ele>315.00</ele>
    </rtept>
    <rtept lat="45.47127167" lon="15.26707701" >
      <name>rte1_2380</name>
      <ele>315.00</ele>
    </rtept>
    <rtept lat="45.47122689" lon="15.26698727" >
      <name>rte1_2381</name>
      <ele>315.00</ele>
    </rtept>
    <rtept lat="45.47117309" lon="15.26690389" >
      <name>rte1_2382</name>
      <ele>315.00</ele>
    </rtept>
    <rtept lat="45.47112378" lon="15.26682692" >
      <name>rte1_2383</name>
      <ele>314.36</ele>
    </rtept>
    <rtept lat="45.47106999" lon="15.26674353" >
      <name>rte1_2384</name>
      <ele>314.36</ele>
    </rtept>
    <rtept lat="45.47102069" lon="15.26666016" >
      <name>rte1_2385</name>
      <ele>315.00</ele>
    </rtept>
    <rtept lat="45.47096690" lon="15.26657678" >
      <name>rte1_2386</name>
      <ele>315.00</ele>
    </rtept>
    <rtept lat="45.47091761" lon="15.26648702" >
      <name>rte1_2387</name>
      <ele>315.00</ele>
    </rtept>
    <rtept lat="45.47086835" lon="15.26639086" >
      <name>rte1_2388</name>
      <ele>310.00</ele>
    </rtept>
    <rtept lat="45.47082360" lon="15.26628833" >
      <name>rte1_2389</name>
      <ele>310.00</ele>
    </rtept>
    <rtept lat="45.47077886" lon="15.26617941" >
      <name>rte1_2390</name>
      <ele>310.00</ele>
    </rtept>
    <rtept lat="45.47076101" lon="15.26611538" >
      <name>rte1_2391</name>
      <ele>310.00</ele>
    </rtept>
    <rtept lat="45.47074315" lon="15.26605774" >
      <name>rte1_2392</name>
      <ele>310.00</ele>
    </rtept>
    <rtept lat="45.47072080" lon="15.26599369" >
      <name>rte1_2393</name>
      <ele>308.59</ele>
    </rtept>
    <rtept lat="45.47070744" lon="15.26593608" >
      <name>rte1_2394</name>
      <ele>308.59</ele>
    </rtept>
    <rtept lat="45.47068072" lon="15.26582085" >
      <name>rte1_2395</name>
      <ele>308.59</ele>
    </rtept>
    <rtept lat="45.47066296" lon="15.26571845" >
      <name>rte1_2396</name>
      <ele>303.62</ele>
    </rtept>
    <rtept lat="45.47065421" lon="15.26560970" >
      <name>rte1_2397</name>
      <ele>303.62</ele>
    </rtept>
    <rtept lat="45.47064995" lon="15.26550736" >
      <name>rte1_2398</name>
      <ele>303.62</ele>
    </rtept>
    <rtept lat="45.47065469" lon="15.26540507" >
      <name>rte1_2399</name>
      <ele>304.73</ele>
    </rtept>
    <rtept lat="45.47066843" lon="15.26530282" >
      <name>rte1_2400</name>
      <ele>304.73</ele>
    </rtept>
    <rtept lat="45.47068667" lon="15.26520059" >
      <name>rte1_2401</name>
      <ele>305.00</ele>
    </rtept>
    <rtept lat="45.47094865" lon="15.26476059" >
      <name>rte1_2402</name>
      <ele>310.00</ele>
    </rtept>
    <rtept lat="45.47101616" lon="15.26475452" >
      <name>rte1_2403</name>
      <ele>310.00</ele>
    </rtept>
    <rtept lat="45.47105666" lon="15.26474831" >
      <name>rte1_2404</name>
      <ele>310.00</ele>
    </rtept>
    <rtept lat="45.47110616" lon="15.26474855" >
      <name>rte1_2405</name>
      <ele>310.00</ele>
    </rtept>
    <rtept lat="45.47115118" lon="15.26473597" >
      <name>rte1_2406</name>
      <ele>311.77</ele>
    </rtept>
    <rtept lat="45.47120068" lon="15.26472981" >
      <name>rte1_2407</name>
      <ele>311.77</ele>
    </rtept>
    <rtept lat="45.47124569" lon="15.26472362" >
      <name>rte1_2408</name>
      <ele>311.77</ele>
    </rtept>
    <rtept lat="45.47129068" lon="15.26472384" >
      <name>rte1_2409</name>
      <ele>311.77</ele>
    </rtept>
    <rtept lat="45.47140360" lon="15.26453892" >
      <name>rte1_2410</name>
      <ele>313.04</ele>
    </rtept>
    <rtept lat="45.47146224" lon="15.26447525" >
      <name>rte1_2411</name>
      <ele>313.04</ele>
    </rtept>
    <rtept lat="45.47160679" lon="15.26422653" >
      <name>rte1_2412</name>
      <ele>318.18</ele>
    </rtept>
    <rtept lat="45.47171074" lon="15.26402878" >
      <name>rte1_2413</name>
      <ele>319.23</ele>
    </rtept>
    <rtept lat="45.47173800" lon="15.26391381" >
      <name>rte1_2414</name>
      <ele>319.23</ele>
    </rtept>
    <rtept lat="45.47178873" lon="15.26338328" >
      <name>rte1_2415</name>
      <ele>320.38</ele>
    </rtept>
    <rtept lat="45.47179010" lon="15.26278857" >
      <name>rte1_2416</name>
      <ele>325.00</ele>
    </rtept>
    <rtept lat="45.47172417" lon="15.26211680" >
      <name>rte1_2417</name>
      <ele>325.00</ele>
    </rtept>
    <rtept lat="45.47157342" lon="15.26115049" >
      <name>rte1_2418</name>
      <ele>322.03</ele>
    </rtept>
    <rtept lat="45.47129703" lon="15.26003652" >
      <name>rte1_2419</name>
      <ele>323.93</ele>
    </rtept>
    <rtept lat="45.47102824" lon="15.25952369" >
      <name>rte1_2420</name>
      <ele>320.85</ele>
    </rtept>
    <rtept lat="45.47062948" lon="15.25879286" >
      <name>rte1_2421</name>
      <ele>330.00</ele>
    </rtept>
    <rtept lat="45.47038827" lon="15.25802439" >
      <name>rte1_2422</name>
      <ele>329.90</ele>
    </rtept>
    <rtept lat="45.47014744" lon="15.25708327" >
      <name>rte1_2423</name>
      <ele>324.40</ele>
    </rtept>
    <rtept lat="45.46957187" lon="15.25693356" >
      <name>rte1_2424</name>
      <ele>310.00</ele>
    </rtept>
    <rtept lat="45.46939218" lon="15.25681125" >
      <name>rte1_2425</name>
      <ele>310.00</ele>
    </rtept>
    <rtept lat="45.46927542" lon="15.25671479" >
      <name>rte1_2426</name>
      <ele>310.00</ele>
    </rtept>
    <rtept lat="45.46916787" lon="15.25652247" >
      <name>rte1_2427</name>
      <ele>310.00</ele>
    </rtept>
    <rtept lat="45.46905589" lon="15.25629815" >
      <name>rte1_2428</name>
      <ele>285.64</ele>
    </rtept>
    <rtept lat="45.46896627" lon="15.25613788" >
      <name>rte1_2429</name>
      <ele>285.64</ele>
    </rtept>
    <rtept lat="45.46887222" lon="15.25594561" >
      <name>rte1_2430</name>
      <ele>280.00</ele>
    </rtept>
    <rtept lat="45.46880523" lon="15.25572150" >
      <name>rte1_2431</name>
      <ele>283.83</ele>
    </rtept>
    <rtept lat="45.46872011" lon="15.25556125" >
      <name>rte1_2432</name>
      <ele>283.83</ele>
    </rtept>
    <rtept lat="45.46856307" lon="15.25536870" >
      <name>rte1_2433</name>
      <ele>277.93</ele>
    </rtept>
    <rtept lat="45.46840181" lon="15.25504825" >
      <name>rte1_2434</name>
      <ele>269.00</ele>
    </rtept>
    <rtept lat="45.46822647" lon="15.25498990" >
      <name>rte1_2435</name>
      <ele>259.77</ele>
    </rtept>
    <rtept lat="45.46795573" lon="15.25534036" >
      <name>rte1_2436</name>
      <ele>250.00</ele>
    </rtept>
    <rtept lat="45.46791513" lon="15.25538494" >
      <name>rte1_2437</name>
      <ele>250.00</ele>
    </rtept>
    <rtept lat="45.46787902" lon="15.25543593" >
      <name>rte1_2438</name>
      <ele>250.00</ele>
    </rtept>
    <rtept lat="45.46781586" lon="15.25551238" >
      <name>rte1_2439</name>
      <ele>240.00</ele>
    </rtept>
    <rtept lat="45.46775723" lon="15.25557605" >
      <name>rte1_2440</name>
      <ele>240.00</ele>
    </rtept>
    <rtept lat="45.46770311" lon="15.25563336" >
      <name>rte1_2441</name>
      <ele>240.00</ele>
    </rtept>
    <rtept lat="45.46764000" lon="15.25568422" >
      <name>rte1_2442</name>
      <ele>240.00</ele>
    </rtept>
    <rtept lat="45.46757690" lon="15.25573509" >
      <name>rte1_2443</name>
      <ele>240.00</ele>
    </rtept>
    <rtept lat="45.46750030" lon="15.25578590" >
      <name>rte1_2444</name>
      <ele>233.23</ele>
    </rtept>
    <rtept lat="45.46745525" lon="15.25581127" >
      <name>rte1_2445</name>
      <ele>230.00</ele>
    </rtept>
    <rtept lat="45.46741018" lon="15.25584303" >
      <name>rte1_2446</name>
      <ele>230.00</ele>
    </rtept>
    <rtept lat="45.46721634" lon="15.25600840" >
      <name>rte1_2447</name>
      <ele>225.00</ele>
    </rtept>
    <rtept lat="45.46718011" lon="15.25611055" >
      <name>rte1_2448</name>
      <ele>225.00</ele>
    </rtept>
    <rtept lat="45.46710761" lon="15.25634041" >
      <name>rte1_2449</name>
      <ele>220.00</ele>
    </rtept>
    <rtept lat="45.46698995" lon="15.25664040" >
      <name>rte1_2450</name>
      <ele>212.76</ele>
    </rtept>
    <rtept lat="45.46679648" lon="15.25663952" >
      <name>rte1_2451</name>
      <ele>210.00</ele>
    </rtept>
    <rtept lat="45.46663935" lon="15.25648534" >
      <name>rte1_2452</name>
      <ele>206.60</ele>
    </rtept>
    <rtept lat="45.46643741" lon="15.25625423" >
      <name>rte1_2453</name>
      <ele>209.00</ele>
    </rtept>
    <rtept lat="45.46637903" lon="15.25620281" >
      <name>rte1_2454</name>
      <ele>204.70</ele>
    </rtept>
    <rtept lat="45.46632513" lon="15.25616419" >
      <name>rte1_2455</name>
      <ele>204.70</ele>
    </rtept>
    <rtept lat="45.46626672" lon="15.25612556" >
      <name>rte1_2456</name>
      <ele>204.70</ele>
    </rtept>
    <rtept lat="45.46620829" lon="15.25609972" >
      <name>rte1_2457</name>
      <ele>207.80</ele>
    </rtept>
    <rtept lat="45.46614986" lon="15.25607388" >
      <name>rte1_2458</name>
      <ele>202.20</ele>
    </rtept>
    <rtept lat="45.46608690" lon="15.25606080" >
      <name>rte1_2459</name>
      <ele>202.20</ele>
    </rtept>
    <rtept lat="45.46602844" lon="15.25604775" >
      <name>rte1_2460</name>
      <ele>202.20</ele>
    </rtept>
    <rtept lat="45.46596995" lon="15.25604748" >
      <name>rte1_2461</name>
      <ele>200.00</ele>
    </rtept>
    <rtept lat="45.46590696" lon="15.25604719" >
      <name>rte1_2462</name>
      <ele>200.00</ele>
    </rtept>
    <rtept lat="45.46584394" lon="15.25605969" >
      <name>rte1_2463</name>
      <ele>200.00</ele>
    </rtept>
    <rtept lat="45.46578092" lon="15.25607219" >
      <name>rte1_2464</name>
      <ele>200.00</ele>
    </rtept>
    <rtept lat="45.46572239" lon="15.25609111" >
      <name>rte1_2465</name>
      <ele>200.00</ele>
    </rtept>
    <rtept lat="45.46565933" lon="15.25612279" >
      <name>rte1_2466</name>
      <ele>200.00</ele>
    </rtept>
    <rtept lat="45.46559626" lon="15.25615448" >
      <name>rte1_2467</name>
      <ele>200.00</ele>
    </rtept>
    <rtept lat="45.46553317" lon="15.25619895" >
      <name>rte1_2468</name>
      <ele>200.00</ele>
    </rtept>
    <rtept lat="45.46547457" lon="15.25624983" >
      <name>rte1_2469</name>
      <ele>198.50</ele>
    </rtept>
    <rtept lat="45.46540695" lon="15.25630707" >
      <name>rte1_2470</name>
      <ele>198.50</ele>
    </rtept>
    <rtept lat="45.46535280" lon="15.25637716" >
      <name>rte1_2471</name>
      <ele>198.50</ele>
    </rtept>
    <rtept lat="45.46531215" lon="15.25644731" >
      <name>rte1_2472</name>
      <ele>198.20</ele>
    </rtept>
    <rtept lat="45.46528048" lon="15.25652389" >
      <name>rte1_2473</name>
      <ele>197.60</ele>
    </rtept>
    <rtept lat="45.46525780" lon="15.25660691" >
      <name>rte1_2474</name>
      <ele>197.60</ele>
    </rtept>
    <rtept lat="45.46524409" lon="15.25669636" >
      <name>rte1_2475</name>
      <ele>197.60</ele>
    </rtept>
    <rtept lat="45.46523039" lon="15.25678582" >
      <name>rte1_2476</name>
      <ele>196.90</ele>
    </rtept>
    <rtept lat="45.46522568" lon="15.25688171" >
      <name>rte1_2477</name>
      <ele>196.90</ele>
    </rtept>
    <rtept lat="45.46522095" lon="15.25698399" >
      <name>rte1_2478</name>
      <ele>196.90</ele>
    </rtept>
    <rtept lat="45.46521622" lon="15.25708627" >
      <name>rte1_2479</name>
      <ele>196.20</ele>
    </rtept>
    <rtept lat="45.46521598" lon="15.25718858" >
      <name>rte1_2480</name>
      <ele>196.20</ele>
    </rtept>
    <rtept lat="45.46521125" lon="15.25729086" >
      <name>rte1_2481</name>
      <ele>196.20</ele>
    </rtept>
    <rtept lat="45.46520201" lon="15.25739952" >
      <name>rte1_2482</name>
      <ele>195.90</ele>
    </rtept>
    <rtept lat="45.46518826" lon="15.25750815" >
      <name>rte1_2483</name>
      <ele>195.90</ele>
    </rtept>
    <rtept lat="45.46516552" lon="15.25761675" >
      <name>rte1_2484</name>
      <ele>195.90</ele>
    </rtept>
    <rtept lat="45.46514278" lon="15.25772534" >
      <name>rte1_2485</name>
      <ele>195.50</ele>
    </rtept>
    <rtept lat="45.46509758" lon="15.25781465" >
      <name>rte1_2486</name>
      <ele>195.50</ele>
    </rtept>
    <rtept lat="45.46504344" lon="15.25787834" >
      <name>rte1_2487</name>
      <ele>195.70</ele>
    </rtept>
    <rtept lat="45.46498034" lon="15.25792921" >
      <name>rte1_2488</name>
      <ele>195.70</ele>
    </rtept>
    <rtept lat="45.46490825" lon="15.25797363" >
      <name>rte1_2489</name>
      <ele>195.70</ele>
    </rtept>
    <rtept lat="45.46487687" lon="15.25792234" >
      <name>rte1_2490</name>
      <ele>195.70</ele>
    </rtept>
    <rtept lat="45.46484549" lon="15.25787104" >
      <name>rte1_2491</name>
      <ele>196.20</ele>
    </rtept>
    <rtept lat="45.46479172" lon="15.25777488" >
      <name>rte1_2492</name>
      <ele>196.20</ele>
    </rtept>
    <rtept lat="45.46473342" lon="15.25769150" >
      <name>rte1_2493</name>
      <ele>196.10</ele>
    </rtept>
    <rtept lat="45.46467962" lon="15.25760813" >
      <name>rte1_2494</name>
      <ele>196.10</ele>
    </rtept>
    <rtept lat="45.46462579" lon="15.25753755" >
      <name>rte1_2495</name>
      <ele>196.10</ele>
    </rtept>
    <rtept lat="45.46457647" lon="15.25746059" >
      <name>rte1_2496</name>
      <ele>196.40</ele>
    </rtept>
    <rtept lat="45.46452262" lon="15.25739640" >
      <name>rte1_2497</name>
      <ele>196.40</ele>
    </rtept>
    <rtept lat="45.46446878" lon="15.25733222" >
      <name>rte1_2498</name>
      <ele>195.90</ele>
    </rtept>
    <rtept lat="45.46441493" lon="15.25726803" >
      <name>rte1_2499</name>
      <ele>195.90</ele>
    </rtept>
    <rtept lat="45.46435659" lon="15.25720382" >
      <name>rte1_2500</name>
      <ele>197.90</ele>
    </rtept>
    <rtept lat="45.46429824" lon="15.25713962" >
      <name>rte1_2501</name>
      <ele>197.90</ele>
    </rtept>
    <rtept lat="45.46423988" lon="15.25708181" >
      <name>rte1_2502</name>
      <ele>197.90</ele>
    </rtept>
    <rtept lat="45.46417254" lon="15.25701756" >
      <name>rte1_2503</name>
      <ele>196.80</ele>
    </rtept>
    <rtept lat="45.46410519" lon="15.25695331" >
      <name>rte1_2504</name>
      <ele>196.80</ele>
    </rtept>
    <rtept lat="45.46403335" lon="15.25688904" >
      <name>rte1_2505</name>
      <ele>196.80</ele>
    </rtept>
    <rtept lat="45.46396151" lon="15.25682477" >
      <name>rte1_2506</name>
      <ele>196.80</ele>
    </rtept>
    <rtept lat="45.46388966" lon="15.25676051" >
      <name>rte1_2507</name>
      <ele>197.70</ele>
    </rtept>
    <rtept lat="45.46382679" lon="15.25670907" >
      <name>rte1_2508</name>
      <ele>197.20</ele>
    </rtept>
    <rtept lat="45.46376390" lon="15.25666402" >
      <name>rte1_2509</name>
      <ele>197.20</ele>
    </rtept>
    <rtept lat="45.46370100" lon="15.25662537" >
      <name>rte1_2510</name>
      <ele>198.30</ele>
    </rtept>
    <rtept lat="45.46364260" lon="15.25658674" >
      <name>rte1_2511</name>
      <ele>198.30</ele>
    </rtept>
    <rtept lat="45.46358418" lon="15.25655451" >
      <name>rte1_2512</name>
      <ele>198.30</ele>
    </rtept>
    <rtept lat="45.46352576" lon="15.25652227" >
      <name>rte1_2513</name>
      <ele>198.30</ele>
    </rtept>
    <rtept lat="45.46347184" lon="15.25649005" >
      <name>rte1_2514</name>
      <ele>196.80</ele>
    </rtept>
    <rtept lat="45.46341341" lon="15.25646421" >
      <name>rte1_2515</name>
      <ele>196.80</ele>
    </rtept>
    <rtept lat="45.46335498" lon="15.25643837" >
      <name>rte1_2516</name>
      <ele>196.80</ele>
    </rtept>
    <rtept lat="45.46329206" lon="15.25640611" >
      <name>rte1_2517</name>
      <ele>195.80</ele>
    </rtept>
    <rtept lat="45.46323363" lon="15.25638027" >
      <name>rte1_2518</name>
      <ele>195.00</ele>
    </rtept>
    <rtept lat="45.46317071" lon="15.25634801" >
      <name>rte1_2519</name>
      <ele>195.00</ele>
    </rtept>
    <rtept lat="45.46310331" lon="15.25630934" >
      <name>rte1_2520</name>
      <ele>195.00</ele>
    </rtept>
    <rtept lat="45.46303591" lon="15.25627067" >
      <name>rte1_2521</name>
      <ele>194.61</ele>
    </rtept>
    <rtept lat="45.46296850" lon="15.25623200" >
      <name>rte1_2522</name>
      <ele>194.61</ele>
    </rtept>
    <rtept lat="45.46292360" lon="15.25619344" >
      <name>rte1_2523</name>
      <ele>194.61</ele>
    </rtept>
    <rtept lat="45.46288321" lon="15.25614849" >
      <name>rte1_2524</name>
      <ele>194.61</ele>
    </rtept>
    <rtept lat="45.46284733" lon="15.25609718" >
      <name>rte1_2525</name>
      <ele>194.63</ele>
    </rtept>
    <rtept lat="45.46281596" lon="15.25603949" >
      <name>rte1_2526</name>
      <ele>191.18</ele>
    </rtept>
    <rtept lat="45.46278461" lon="15.25597541" >
      <name>rte1_2527</name>
      <ele>191.18</ele>
    </rtept>
    <rtept lat="45.46276226" lon="15.25591137" >
      <name>rte1_2528</name>
      <ele>191.18</ele>
    </rtept>
    <rtept lat="45.46274002" lon="15.25579618" >
      <name>rte1_2529</name>
      <ele>191.18</ele>
    </rtept>
    <rtept lat="45.46273121" lon="15.25571302" >
      <name>rte1_2530</name>
      <ele>190.56</ele>
    </rtept>
    <rtept lat="45.46272239" lon="15.25563626" >
      <name>rte1_2531</name>
      <ele>190.56</ele>
    </rtept>
  </rte>
</gpx>
