<?xml version="1.0" encoding="UTF-8"?>
<gpx xmlns:xsi="http://www.w3.org/2001/XMLSchema-instance" xmlns="http://www.topografix.com/GPX/1/1" xsi:schemaLocation="http://www.topografix.com/GPX/1/1 http://www.topografix.com/GPX/1/1/gpx.xsd http://www.garmin.com/xmlschemas/GpxExtensions/v3 http://www.garmin.com/xmlschemas/GpxExtensionsv3.xsd http://www.garmin.com/xmlschemas/TrackPointExtension/v1 http://www.garmin.com/xmlschemas/TrackPointExtensionv1.xsd http://www.topografix.com/GPX/gpx_style/0/2 http://www.topografix.com/GPX/gpx_style/0/2/gpx_style.xsd" xmlns:gpxtpx="http://www.garmin.com/xmlschemas/TrackPointExtension/v1" xmlns:gpxx="http://www.garmin.com/xmlschemas/GpxExtensions/v3" xmlns:gpx_style="http://www.topografix.com/GPX/gpx_style/0/2" version="1.1" creator="StravaGPX">
<metadata>
    <name>Morning_Ride</name>
    <author>
        <name>gpx.studio</name>
        <link href="https://gpx.studio"></link>
    </author>
</metadata>
<trk>
    <name>Morning Ride</name>
    <type>Running</type>
    <trkseg>
    <trkpt lat="45.562262" lon="15.146473">
        <ele>145.0</ele>
        <time>2024-07-07T08:42:49.000Z</time>
    </trkpt>
    <trkpt lat="45.562268" lon="15.146478">
        <ele>144.9</ele>
        <time>2024-07-07T08:42:50.000Z</time>
    </trkpt>
    <trkpt lat="45.562273" lon="15.146484">
        <ele>144.9</ele>
        <time>2024-07-07T08:42:51.000Z</time>
    </trkpt>
    <trkpt lat="45.562279" lon="15.14649">
        <ele>144.9</ele>
        <time>2024-07-07T08:42:52.000Z</time>
    </trkpt>
    <trkpt lat="45.562284" lon="15.146495">
        <ele>144.9</ele>
        <time>2024-07-07T08:42:53.000Z</time>
    </trkpt>
    <trkpt lat="45.56229" lon="15.146501">
        <ele>144.8</ele>
        <time>2024-07-07T08:42:54.000Z</time>
    </trkpt>
    <trkpt lat="45.562289" lon="15.14653">
        <ele>143.3</ele>
        <time>2024-07-07T08:42:54.457Z</time>
    </trkpt>
    <trkpt lat="45.562304" lon="15.146534">
        <ele>143.3</ele>
        <time>2024-07-07T08:42:54.800Z</time>
    </trkpt>
    <trkpt lat="45.562516" lon="15.146608">
        <ele>141.8</ele>
        <time>2024-07-07T08:42:59.712Z</time>
    </trkpt>
    <trkpt lat="45.562654" lon="15.146657">
        <ele>141.8</ele>
        <time>2024-07-07T08:43:02.912Z</time>
    </trkpt>
    <trkpt lat="45.562804" lon="15.146695">
        <ele>141.5</ele>
        <time>2024-07-07T08:43:06.340Z</time>
    </trkpt>
    <trkpt lat="45.563156" lon="15.14675">
        <ele>141.0</ele>
        <time>2024-07-07T08:43:14.310Z</time>
    </trkpt>
    <trkpt lat="45.563335" lon="15.146788">
        <ele>140.8</ele>
        <time>2024-07-07T08:43:18.383Z</time>
    </trkpt>
    <trkpt lat="45.563709" lon="15.146943">
        <ele>142.8</ele>
        <time>2024-07-07T08:43:25.890Z</time>
    </trkpt>
    <trkpt lat="45.563728" lon="15.146951">
        <ele>143.0</ele>
        <time>2024-07-07T08:43:26.271Z</time>
    </trkpt>
    <trkpt lat="45.563759" lon="15.147066">
        <ele>143.0</ele>
        <time>2024-07-07T08:43:27.934Z</time>
    </trkpt>
    <trkpt lat="45.563816" lon="15.147222">
        <ele>143.0</ele>
        <time>2024-07-07T08:43:30.308Z</time>
    </trkpt>
    <trkpt lat="45.563864" lon="15.147324">
        <ele>143.3</ele>
        <time>2024-07-07T08:43:31.966Z</time>
    </trkpt>
    <trkpt lat="45.563966" lon="15.147496">
        <ele>143.8</ele>
        <time>2024-07-07T08:43:35.008Z</time>
    </trkpt>
    <trkpt lat="45.563977" lon="15.147513">
        <ele>143.8</ele>
        <time>2024-07-07T08:43:35.320Z</time>
    </trkpt>
    <trkpt lat="45.564093" lon="15.147673">
        <ele>143.8</ele>
        <time>2024-07-07T08:43:38.428Z</time>
    </trkpt>
    <trkpt lat="45.564315" lon="15.148014">
        <ele>143.8</ele>
        <time>2024-07-07T08:43:44.712Z</time>
    </trkpt>
    <trkpt lat="45.564413" lon="15.148146">
        <ele>143.5</ele>
        <time>2024-07-07T08:43:47.308Z</time>
    </trkpt>
    <trkpt lat="45.564494" lon="15.14824">
        <ele>143.5</ele>
        <time>2024-07-07T08:43:49.010Z</time>
    </trkpt>
    <trkpt lat="45.564542" lon="15.148294">
        <ele>143.5</ele>
        <time>2024-07-07T08:43:50.006Z</time>
    </trkpt>
    <trkpt lat="45.564642" lon="15.148372">
        <ele>143.5</ele>
        <time>2024-07-07T08:43:51.864Z</time>
    </trkpt>
    <trkpt lat="45.564889" lon="15.148541">
        <ele>143.8</ele>
        <time>2024-07-07T08:43:56.331Z</time>
    </trkpt>
    <trkpt lat="45.56525" lon="15.148797">
        <ele>145.0</ele>
        <time>2024-07-07T08:44:02.905Z</time>
    </trkpt>
    <trkpt lat="45.565331" lon="15.148854">
        <ele>145.0</ele>
        <time>2024-07-07T08:44:04.377Z</time>
    </trkpt>
    <trkpt lat="45.565488" lon="15.148971">
        <ele>145.3</ele>
        <time>2024-07-07T08:44:07.265Z</time>
    </trkpt>
    <trkpt lat="45.565625" lon="15.149096">
        <ele>145.3</ele>
        <time>2024-07-07T08:44:09.916Z</time>
    </trkpt>
    <trkpt lat="45.565822" lon="15.149303">
        <ele>145.3</ele>
        <time>2024-07-07T08:44:13.905Z</time>
    </trkpt>
    <trkpt lat="45.565907" lon="15.149374">
        <ele>145.3</ele>
        <time>2024-07-07T08:44:15.511Z</time>
    </trkpt>
    <trkpt lat="45.566063" lon="15.149492">
        <ele>145.3</ele>
        <time>2024-07-07T08:44:18.390Z</time>
    </trkpt>
    <trkpt lat="45.566454" lon="15.149758">
        <ele>145.0</ele>
        <time>2024-07-07T08:44:25.454Z</time>
    </trkpt>
    <trkpt lat="45.566636" lon="15.149872">
        <ele>144.5</ele>
        <time>2024-07-07T08:44:28.695Z</time>
    </trkpt>
    <trkpt lat="45.566712" lon="15.149932">
        <ele>144.5</ele>
        <time>2024-07-07T08:44:30.111Z</time>
    </trkpt>
    <trkpt lat="45.566784" lon="15.149994">
        <ele>144.3</ele>
        <time>2024-07-07T08:44:31.482Z</time>
    </trkpt>
    <trkpt lat="45.566995" lon="15.150234">
        <ele>144.0</ele>
        <time>2024-07-07T08:44:35.881Z</time>
    </trkpt>
    <trkpt lat="45.567222" lon="15.150453">
        <ele>144.0</ele>
        <time>2024-07-07T08:44:40.349Z</time>
    </trkpt>
    <trkpt lat="45.567712" lon="15.150825">
        <ele>142.8</ele>
        <time>2024-07-07T08:44:49.400Z</time>
    </trkpt>
    <trkpt lat="45.567918" lon="15.151006">
        <ele>142.3</ele>
        <time>2024-07-07T08:44:53.345Z</time>
    </trkpt>
    <trkpt lat="45.567931" lon="15.151036">
        <ele>142.3</ele>
        <time>2024-07-07T08:44:53.747Z</time>
    </trkpt>
    <trkpt lat="45.567925" lon="15.151108">
        <ele>142.3</ele>
        <time>2024-07-07T08:44:54.575Z</time>
    </trkpt>
    <trkpt lat="45.568354" lon="15.151361">
        <ele>142.0</ele>
        <time>2024-07-07T08:45:02.145Z</time>
    </trkpt>
    <trkpt lat="45.568404" lon="15.151409">
        <ele>141.9</ele>
        <time>2024-07-07T08:45:03.145Z</time>
    </trkpt>
    <trkpt lat="45.568455" lon="15.151459">
        <ele>141.8</ele>
        <time>2024-07-07T08:45:04.145Z</time>
    </trkpt>
    <trkpt lat="45.568503" lon="15.151512">
        <ele>141.8</ele>
        <time>2024-07-07T08:45:05.145Z</time>
    </trkpt>
    <trkpt lat="45.568553" lon="15.151572">
        <ele>141.6</ele>
        <time>2024-07-07T08:45:06.145Z</time>
    </trkpt>
    <trkpt lat="45.568606" lon="15.151616">
        <ele>141.5</ele>
        <time>2024-07-07T08:45:07.145Z</time>
    </trkpt>
    <trkpt lat="45.568658" lon="15.151658">
        <ele>141.4</ele>
        <time>2024-07-07T08:45:08.145Z</time>
    </trkpt>
    <trkpt lat="45.568708" lon="15.151704">
        <ele>141.3</ele>
        <time>2024-07-07T08:45:09.145Z</time>
    </trkpt>
    <trkpt lat="45.568755" lon="15.151764">
        <ele>141.2</ele>
        <time>2024-07-07T08:45:10.145Z</time>
    </trkpt>
    <trkpt lat="45.568799" lon="15.151821">
        <ele>141.2</ele>
        <time>2024-07-07T08:45:11.145Z</time>
    </trkpt>
    <trkpt lat="45.568834" lon="15.151888">
        <ele>141.2</ele>
        <time>2024-07-07T08:45:12.145Z</time>
    </trkpt>
    <trkpt lat="45.568874" lon="15.15195">
        <ele>141.1</ele>
        <time>2024-07-07T08:45:13.145Z</time>
    </trkpt>
    <trkpt lat="45.568914" lon="15.15201">
        <ele>141.1</ele>
        <time>2024-07-07T08:45:14.145Z</time>
    </trkpt>
    <trkpt lat="45.568952" lon="15.152074">
        <ele>141.1</ele>
        <time>2024-07-07T08:45:15.145Z</time>
    </trkpt>
    <trkpt lat="45.568989" lon="15.152138">
        <ele>141.1</ele>
        <time>2024-07-07T08:45:16.145Z</time>
    </trkpt>
    <trkpt lat="45.569023" lon="15.152209">
        <ele>141.2</ele>
        <time>2024-07-07T08:45:17.145Z</time>
    </trkpt>
    <trkpt lat="45.569057" lon="15.15227">
        <ele>141.2</ele>
        <time>2024-07-07T08:45:18.145Z</time>
    </trkpt>
    <trkpt lat="45.569092" lon="15.152334">
        <ele>141.2</ele>
        <time>2024-07-07T08:45:19.145Z</time>
    </trkpt>
    <trkpt lat="45.569123" lon="15.152405">
        <ele>141.2</ele>
        <time>2024-07-07T08:45:20.145Z</time>
    </trkpt>
    <trkpt lat="45.569157" lon="15.152476">
        <ele>141.3</ele>
        <time>2024-07-07T08:45:21.145Z</time>
    </trkpt>
    <trkpt lat="45.569187" lon="15.152547">
        <ele>141.4</ele>
        <time>2024-07-07T08:45:22.145Z</time>
    </trkpt>
    <trkpt lat="45.569215" lon="15.152622">
        <ele>141.4</ele>
        <time>2024-07-07T08:45:23.145Z</time>
    </trkpt>
    <trkpt lat="45.56924" lon="15.152697">
        <ele>141.5</ele>
        <time>2024-07-07T08:45:24.145Z</time>
    </trkpt>
    <trkpt lat="45.569257" lon="15.152768">
        <ele>141.5</ele>
        <time>2024-07-07T08:45:25.145Z</time>
    </trkpt>
    <trkpt lat="45.569266" lon="15.152846">
        <ele>141.6</ele>
        <time>2024-07-07T08:45:26.145Z</time>
    </trkpt>
    <trkpt lat="45.569269" lon="15.152931">
        <ele>141.6</ele>
        <time>2024-07-07T08:45:27.145Z</time>
    </trkpt>
    <trkpt lat="45.569276" lon="15.153004">
        <ele>141.7</ele>
        <time>2024-07-07T08:45:28.145Z</time>
    </trkpt>
    <trkpt lat="45.569292" lon="15.153071">
        <ele>141.7</ele>
        <time>2024-07-07T08:45:29.145Z</time>
    </trkpt>
    <trkpt lat="45.569307" lon="15.153133">
        <ele>141.8</ele>
        <time>2024-07-07T08:45:30.145Z</time>
    </trkpt>
    <trkpt lat="45.569321" lon="15.153193">
        <ele>141.8</ele>
        <time>2024-07-07T08:45:31.145Z</time>
    </trkpt>
    <trkpt lat="45.569342" lon="15.153246">
        <ele>142.0</ele>
        <time>2024-07-07T08:45:32.145Z</time>
    </trkpt>
    <trkpt lat="45.569361" lon="15.153279">
        <ele>142.1</ele>
        <time>2024-07-07T08:45:33.145Z</time>
    </trkpt>
    <trkpt lat="45.569374" lon="15.153303">
        <ele>142.1</ele>
        <time>2024-07-07T08:45:34.145Z</time>
    </trkpt>
    <trkpt lat="45.569379" lon="15.153307">
        <ele>142.2</ele>
        <time>2024-07-07T08:45:35.145Z</time>
    </trkpt>
    <trkpt lat="45.569378" lon="15.153304">
        <ele>142.2</ele>
        <time>2024-07-07T08:45:36.145Z</time>
    </trkpt>
    <trkpt lat="45.569376" lon="15.153301">
        <ele>142.2</ele>
        <time>2024-07-07T08:45:37.145Z</time>
    </trkpt>
    <trkpt lat="45.569379" lon="15.153301">
        <ele>142.2</ele>
        <time>2024-07-07T08:45:38.145Z</time>
    </trkpt>
    <trkpt lat="45.569379" lon="15.153301">
        <ele>142.2</ele>
        <time>2024-07-07T08:45:39.145Z</time>
    </trkpt>
    <trkpt lat="45.569377" lon="15.153301">
        <ele>142.3</ele>
        <time>2024-07-07T08:45:40.145Z</time>
    </trkpt>
    <trkpt lat="45.569376" lon="15.153301">
        <ele>142.3</ele>
        <time>2024-07-07T08:45:41.145Z</time>
    </trkpt>
    <trkpt lat="45.569374" lon="15.153301">
        <ele>142.3</ele>
        <time>2024-07-07T08:45:42.145Z</time>
    </trkpt>
    <trkpt lat="45.569373" lon="15.153301">
        <ele>142.3</ele>
        <time>2024-07-07T08:45:43.145Z</time>
    </trkpt>
    <trkpt lat="45.569374" lon="15.153302">
        <ele>142.4</ele>
        <time>2024-07-07T08:45:44.145Z</time>
    </trkpt>
    <trkpt lat="45.569375" lon="15.153303">
        <ele>142.4</ele>
        <time>2024-07-07T08:45:45.145Z</time>
    </trkpt>
    <trkpt lat="45.569382" lon="15.153316">
        <ele>142.5</ele>
        <time>2024-07-07T08:45:48.145Z</time>
    </trkpt>
    <trkpt lat="45.569389" lon="15.153328">
        <ele>142.6</ele>
        <time>2024-07-07T08:45:49.145Z</time>
    </trkpt>
    <trkpt lat="45.569396" lon="15.153339">
        <ele>142.6</ele>
        <time>2024-07-07T08:45:50.145Z</time>
    </trkpt>
    <trkpt lat="45.569397" lon="15.153354">
        <ele>142.6</ele>
        <time>2024-07-07T08:45:51.145Z</time>
    </trkpt>
    <trkpt lat="45.569398" lon="15.153358">
        <ele>142.7</ele>
        <time>2024-07-07T08:45:52.145Z</time>
    </trkpt>
    <trkpt lat="45.5694" lon="15.15336">
        <ele>142.7</ele>
        <time>2024-07-07T08:45:53.145Z</time>
    </trkpt>
    <trkpt lat="45.569406" lon="15.153373">
        <ele>142.7</ele>
        <time>2024-07-07T08:45:54.145Z</time>
    </trkpt>
    <trkpt lat="45.569418" lon="15.153391">
        <ele>142.9</ele>
        <time>2024-07-07T08:45:55.145Z</time>
    </trkpt>
    <trkpt lat="45.569437" lon="15.153418">
        <ele>143.0</ele>
        <time>2024-07-07T08:45:56.145Z</time>
    </trkpt>
    <trkpt lat="45.569443" lon="15.153428">
        <ele>143.2</ele>
        <time>2024-07-07T08:45:57.145Z</time>
    </trkpt>
    <trkpt lat="45.569451" lon="15.153487">
        <ele>143.3</ele>
        <time>2024-07-07T08:45:58.145Z</time>
    </trkpt>
    <trkpt lat="45.569452" lon="15.153512">
        <ele>143.4</ele>
        <time>2024-07-07T08:45:59.145Z</time>
    </trkpt>
    <trkpt lat="45.569447" lon="15.15356">
        <ele>143.4</ele>
        <time>2024-07-07T08:46:00.145Z</time>
    </trkpt>
    <trkpt lat="45.569436" lon="15.153606">
        <ele>143.3</ele>
        <time>2024-07-07T08:46:01.145Z</time>
    </trkpt>
    <trkpt lat="45.569426" lon="15.15365">
        <ele>143.4</ele>
        <time>2024-07-07T08:46:02.145Z</time>
    </trkpt>
    <trkpt lat="45.569416" lon="15.153698">
        <ele>143.4</ele>
        <time>2024-07-07T08:46:03.145Z</time>
    </trkpt>
    <trkpt lat="45.569408" lon="15.153747">
        <ele>143.3</ele>
        <time>2024-07-07T08:46:04.145Z</time>
    </trkpt>
    <trkpt lat="45.569404" lon="15.153794">
        <ele>143.4</ele>
        <time>2024-07-07T08:46:05.145Z</time>
    </trkpt>
    <trkpt lat="45.569404" lon="15.153843">
        <ele>143.6</ele>
        <time>2024-07-07T08:46:06.145Z</time>
    </trkpt>
    <trkpt lat="45.569408" lon="15.153893">
        <ele>143.8</ele>
        <time>2024-07-07T08:46:07.145Z</time>
    </trkpt>
    <trkpt lat="45.569415" lon="15.153942">
        <ele>144.1</ele>
        <time>2024-07-07T08:46:08.145Z</time>
    </trkpt>
    <trkpt lat="45.56942" lon="15.153995">
        <ele>144.3</ele>
        <time>2024-07-07T08:46:09.145Z</time>
    </trkpt>
    <trkpt lat="45.569424" lon="15.154046">
        <ele>144.5</ele>
        <time>2024-07-07T08:46:10.145Z</time>
    </trkpt>
    <trkpt lat="45.569429" lon="15.154101">
        <ele>144.8</ele>
        <time>2024-07-07T08:46:11.145Z</time>
    </trkpt>
    <trkpt lat="45.569433" lon="15.154157">
        <ele>145.0</ele>
        <time>2024-07-07T08:46:12.145Z</time>
    </trkpt>
    <trkpt lat="45.569436" lon="15.154213">
        <ele>145.2</ele>
        <time>2024-07-07T08:46:13.145Z</time>
    </trkpt>
    <trkpt lat="45.569436" lon="15.15427">
        <ele>145.5</ele>
        <time>2024-07-07T08:46:14.145Z</time>
    </trkpt>
    <trkpt lat="45.569435" lon="15.154326">
        <ele>145.7</ele>
        <time>2024-07-07T08:46:15.145Z</time>
    </trkpt>
    <trkpt lat="45.569436" lon="15.154379">
        <ele>145.9</ele>
        <time>2024-07-07T08:46:16.145Z</time>
    </trkpt>
    <trkpt lat="45.569438" lon="15.154427">
        <ele>146.1</ele>
        <time>2024-07-07T08:46:17.145Z</time>
    </trkpt>
    <trkpt lat="45.569438" lon="15.154475">
        <ele>146.3</ele>
        <time>2024-07-07T08:46:18.145Z</time>
    </trkpt>
    <trkpt lat="45.569438" lon="15.154525">
        <ele>146.6</ele>
        <time>2024-07-07T08:46:19.145Z</time>
    </trkpt>
    <trkpt lat="45.569437" lon="15.154578">
        <ele>146.8</ele>
        <time>2024-07-07T08:46:20.145Z</time>
    </trkpt>
    <trkpt lat="45.569435" lon="15.154629">
        <ele>146.9</ele>
        <time>2024-07-07T08:46:21.145Z</time>
    </trkpt>
    <trkpt lat="45.569433" lon="15.154682">
        <ele>147.0</ele>
        <time>2024-07-07T08:46:22.145Z</time>
    </trkpt>
    <trkpt lat="45.569434" lon="15.154735">
        <ele>147.2</ele>
        <time>2024-07-07T08:46:23.145Z</time>
    </trkpt>
    <trkpt lat="45.569435" lon="15.154789">
        <ele>147.4</ele>
        <time>2024-07-07T08:46:24.145Z</time>
    </trkpt>
    <trkpt lat="45.569436" lon="15.154843">
        <ele>147.5</ele>
        <time>2024-07-07T08:46:25.145Z</time>
    </trkpt>
    <trkpt lat="45.569436" lon="15.154898">
        <ele>147.6</ele>
        <time>2024-07-07T08:46:26.145Z</time>
    </trkpt>
    <trkpt lat="45.569435" lon="15.154954">
        <ele>147.7</ele>
        <time>2024-07-07T08:46:27.145Z</time>
    </trkpt>
    <trkpt lat="45.569433" lon="15.155012">
        <ele>147.8</ele>
        <time>2024-07-07T08:46:28.145Z</time>
    </trkpt>
    <trkpt lat="45.569431" lon="15.155069">
        <ele>147.9</ele>
        <time>2024-07-07T08:46:29.145Z</time>
    </trkpt>
    <trkpt lat="45.569428" lon="15.155128">
        <ele>148.0</ele>
        <time>2024-07-07T08:46:30.145Z</time>
    </trkpt>
    <trkpt lat="45.569424" lon="15.15519">
        <ele>148.1</ele>
        <time>2024-07-07T08:46:31.145Z</time>
    </trkpt>
    <trkpt lat="45.56942" lon="15.155252">
        <ele>148.2</ele>
        <time>2024-07-07T08:46:32.145Z</time>
    </trkpt>
    <trkpt lat="45.569414" lon="15.155311">
        <ele>148.5</ele>
        <time>2024-07-07T08:46:33.145Z</time>
    </trkpt>
    <trkpt lat="45.569407" lon="15.15537">
        <ele>148.2</ele>
        <time>2024-07-07T08:46:34.145Z</time>
    </trkpt>
    <trkpt lat="45.569399" lon="15.15543">
        <ele>148.5</ele>
        <time>2024-07-07T08:46:35.145Z</time>
    </trkpt>
    <trkpt lat="45.569393" lon="15.155488">
        <ele>148.6</ele>
        <time>2024-07-07T08:46:36.145Z</time>
    </trkpt>
    <trkpt lat="45.569388" lon="15.155547">
        <ele>148.8</ele>
        <time>2024-07-07T08:46:37.145Z</time>
    </trkpt>
    <trkpt lat="45.569382" lon="15.155609">
        <ele>149.1</ele>
        <time>2024-07-07T08:46:38.145Z</time>
    </trkpt>
    <trkpt lat="45.569377" lon="15.155672">
        <ele>148.8</ele>
        <time>2024-07-07T08:46:39.145Z</time>
    </trkpt>
    <trkpt lat="45.569373" lon="15.155737">
        <ele>149.2</ele>
        <time>2024-07-07T08:46:40.145Z</time>
    </trkpt>
    <trkpt lat="45.569369" lon="15.155802">
        <ele>149.3</ele>
        <time>2024-07-07T08:46:41.145Z</time>
    </trkpt>
    <trkpt lat="45.569362" lon="15.155869">
        <ele>149.7</ele>
        <time>2024-07-07T08:46:42.145Z</time>
    </trkpt>
    <trkpt lat="45.569356" lon="15.155935">
        <ele>149.8</ele>
        <time>2024-07-07T08:46:43.145Z</time>
    </trkpt>
    <trkpt lat="45.569349" lon="15.156001">
        <ele>149.9</ele>
        <time>2024-07-07T08:46:44.145Z</time>
    </trkpt>
    <trkpt lat="45.569342" lon="15.156068">
        <ele>150.1</ele>
        <time>2024-07-07T08:46:45.145Z</time>
    </trkpt>
    <trkpt lat="45.569334" lon="15.156138">
        <ele>150.5</ele>
        <time>2024-07-07T08:46:46.145Z</time>
    </trkpt>
    <trkpt lat="45.569325" lon="15.156211">
        <ele>150.9</ele>
        <time>2024-07-07T08:46:47.145Z</time>
    </trkpt>
    <trkpt lat="45.569317" lon="15.156288">
        <ele>150.9</ele>
        <time>2024-07-07T08:46:48.145Z</time>
    </trkpt>
    <trkpt lat="45.56931" lon="15.15637">
        <ele>151.3</ele>
        <time>2024-07-07T08:46:49.145Z</time>
    </trkpt>
    <trkpt lat="45.569302" lon="15.156455">
        <ele>151.5</ele>
        <time>2024-07-07T08:46:50.145Z</time>
    </trkpt>
    <trkpt lat="45.569294" lon="15.156543">
        <ele>152.1</ele>
        <time>2024-07-07T08:46:51.145Z</time>
    </trkpt>
    <trkpt lat="45.569285" lon="15.156631">
        <ele>152.3</ele>
        <time>2024-07-07T08:46:52.145Z</time>
    </trkpt>
    <trkpt lat="45.569277" lon="15.156715">
        <ele>152.9</ele>
        <time>2024-07-07T08:46:53.145Z</time>
    </trkpt>
    <trkpt lat="45.569269" lon="15.156803">
        <ele>153.6</ele>
        <time>2024-07-07T08:46:54.145Z</time>
    </trkpt>
    <trkpt lat="45.569258" lon="15.156884">
        <ele>153.4</ele>
        <time>2024-07-07T08:46:55.145Z</time>
    </trkpt>
    <trkpt lat="45.569247" lon="15.156952">
        <ele>154.1</ele>
        <time>2024-07-07T08:46:56.145Z</time>
    </trkpt>
    <trkpt lat="45.569233" lon="15.15701">
        <ele>154.4</ele>
        <time>2024-07-07T08:46:57.145Z</time>
    </trkpt>
    <trkpt lat="45.56922" lon="15.15705">
        <ele>154.2</ele>
        <time>2024-07-07T08:46:58.145Z</time>
    </trkpt>
    <trkpt lat="45.569204" lon="15.157089">
        <ele>154.5</ele>
        <time>2024-07-07T08:46:59.145Z</time>
    </trkpt>
    <trkpt lat="45.569188" lon="15.157145">
        <ele>154.4</ele>
        <time>2024-07-07T08:47:00.145Z</time>
    </trkpt>
    <trkpt lat="45.569175" lon="15.15719">
        <ele>154.7</ele>
        <time>2024-07-07T08:47:01.145Z</time>
    </trkpt>
    <trkpt lat="45.569158" lon="15.157227">
        <ele>154.1</ele>
        <time>2024-07-07T08:47:02.145Z</time>
    </trkpt>
    <trkpt lat="45.569145" lon="15.157272">
        <ele>154.6</ele>
        <time>2024-07-07T08:47:03.145Z</time>
    </trkpt>
    <trkpt lat="45.569132" lon="15.157322">
        <ele>154.2</ele>
        <time>2024-07-07T08:47:04.145Z</time>
    </trkpt>
    <trkpt lat="45.569118" lon="15.157361">
        <ele>154.4</ele>
        <time>2024-07-07T08:47:05.145Z</time>
    </trkpt>
    <trkpt lat="45.569096" lon="15.157402">
        <ele>154.0</ele>
        <time>2024-07-07T08:47:06.145Z</time>
    </trkpt>
    <trkpt lat="45.569069" lon="15.157442">
        <ele>153.4</ele>
        <time>2024-07-07T08:47:07.145Z</time>
    </trkpt>
    <trkpt lat="45.569045" lon="15.157483">
        <ele>153.0</ele>
        <time>2024-07-07T08:47:08.145Z</time>
    </trkpt>
    <trkpt lat="45.569048" lon="15.15753">
        <ele>149.5</ele>
        <time>2024-07-07T08:47:09.171Z</time>
    </trkpt>
    <trkpt lat="45.569073" lon="15.157504">
        <ele>150.8</ele>
        <time>2024-07-07T08:47:10.131Z</time>
    </trkpt>
    <trkpt lat="45.56908" lon="15.157495">
        <ele>150.8</ele>
        <time>2024-07-07T08:47:10.423Z</time>
    </trkpt>
    <trkpt lat="45.569259" lon="15.157315">
        <ele>150.8</ele>
        <time>2024-07-07T08:47:17.223Z</time>
    </trkpt>
    <trkpt lat="45.569335" lon="15.157335">
        <ele>153.0</ele>
        <time>2024-07-07T08:47:19.355Z</time>
    </trkpt>
    <trkpt lat="45.569393" lon="15.157256">
        <ele>153.8</ele>
        <time>2024-07-07T08:47:21.566Z</time>
    </trkpt>
    <trkpt lat="45.569415" lon="15.157197">
        <ele>154.8</ele>
        <time>2024-07-07T08:47:22.857Z</time>
    </trkpt>
    <trkpt lat="45.569579" lon="15.156784">
        <ele>154.8</ele>
        <time>2024-07-07T08:47:32.027Z</time>
    </trkpt>
    <trkpt lat="45.569927" lon="15.156155">
        <ele>155.3</ele>
        <time>2024-07-07T08:47:44.755Z</time>
    </trkpt>
    <trkpt lat="45.570384" lon="15.155128">
        <ele>155.8</ele>
        <time>2024-07-07T08:48:04.075Z</time>
    </trkpt>
    <trkpt lat="45.570727" lon="15.154359">
        <ele>155.8</ele>
        <time>2024-07-07T08:48:18.551Z</time>
    </trkpt>
    <trkpt lat="45.570778" lon="15.154246">
        <ele>155.8</ele>
        <time>2024-07-07T08:48:20.685Z</time>
    </trkpt>
    <trkpt lat="45.570846" lon="15.154139">
        <ele>156.0</ele>
        <time>2024-07-07T08:48:23.154Z</time>
    </trkpt>
    <trkpt lat="45.571025" lon="15.15398">
        <ele>159.5</ele>
        <time>2024-07-07T08:48:28.299Z</time>
    </trkpt>
    <trkpt lat="45.571106" lon="15.15391">
        <ele>159.5</ele>
        <time>2024-07-07T08:48:30.609Z</time>
    </trkpt>
    <trkpt lat="45.571171" lon="15.153852">
        <ele>160.0</ele>
        <time>2024-07-07T08:48:32.218Z</time>
    </trkpt>
    <trkpt lat="45.571184" lon="15.153842">
        <ele>160.3</ele>
        <time>2024-07-07T08:48:32.527Z</time>
    </trkpt>
    <trkpt lat="45.571216" lon="15.15377">
        <ele>160.5</ele>
        <time>2024-07-07T08:48:33.780Z</time>
    </trkpt>
    <trkpt lat="45.571264" lon="15.153662">
        <ele>160.5</ele>
        <time>2024-07-07T08:48:35.660Z</time>
    </trkpt>
    <trkpt lat="45.571321" lon="15.153538">
        <ele>160.5</ele>
        <time>2024-07-07T08:48:37.840Z</time>
    </trkpt>
    <trkpt lat="45.571354" lon="15.153302">
        <ele>159.0</ele>
        <time>2024-07-07T08:48:40.750Z</time>
    </trkpt>
    <trkpt lat="45.571348" lon="15.153256">
        <ele>155.5</ele>
        <time>2024-07-07T08:48:41.315Z</time>
    </trkpt>
    <trkpt lat="45.571313" lon="15.152976">
        <ele>155.5</ele>
        <time>2024-07-07T08:48:44.754Z</time>
    </trkpt>
    <trkpt lat="45.571322" lon="15.15285">
        <ele>153.8</ele>
        <time>2024-07-07T08:48:46.285Z</time>
    </trkpt>
    <trkpt lat="45.571332" lon="15.152727">
        <ele>153.8</ele>
        <time>2024-07-07T08:48:47.782Z</time>
    </trkpt>
    <trkpt lat="45.571572" lon="15.152134">
        <ele>150.8</ele>
        <time>2024-07-07T08:48:54.011Z</time>
    </trkpt>
    <trkpt lat="45.571599" lon="15.152096">
        <ele>150.0</ele>
        <time>2024-07-07T08:48:54.503Z</time>
    </trkpt>
    <trkpt lat="45.571716" lon="15.151934">
        <ele>150.0</ele>
        <time>2024-07-07T08:48:56.619Z</time>
    </trkpt>
    <trkpt lat="45.571768" lon="15.15183">
        <ele>149.3</ele>
        <time>2024-07-07T08:48:57.781Z</time>
    </trkpt>
    <trkpt lat="45.571799" lon="15.151769">
        <ele>149.3</ele>
        <time>2024-07-07T08:48:58.466Z</time>
    </trkpt>
    <trkpt lat="45.571827" lon="15.15156">
        <ele>147.3</ele>
        <time>2024-07-07T08:49:00.396Z</time>
    </trkpt>
    <trkpt lat="45.571849" lon="15.151401">
        <ele>147.3</ele>
        <time>2024-07-07T08:49:01.866Z</time>
    </trkpt>
    <trkpt lat="45.571887" lon="15.151273">
        <ele>146.8</ele>
        <time>2024-07-07T08:49:03.127Z</time>
    </trkpt>
    <trkpt lat="45.572132" lon="15.150926">
        <ele>145.3</ele>
        <time>2024-07-07T08:49:07.598Z</time>
    </trkpt>
    <trkpt lat="45.572369" lon="15.150592">
        <ele>145.3</ele>
        <time>2024-07-07T08:49:12.180Z</time>
    </trkpt>
    <trkpt lat="45.572596" lon="15.150381">
        <ele>145.3</ele>
        <time>2024-07-07T08:49:15.907Z</time>
    </trkpt>
    <trkpt lat="45.572751" lon="15.150239">
        <ele>145.3</ele>
        <time>2024-07-07T08:49:18.441Z</time>
    </trkpt>
    <trkpt lat="45.572983" lon="15.150073">
        <ele>146.3</ele>
        <time>2024-07-07T08:49:24.464Z</time>
    </trkpt>
    <trkpt lat="45.572751" lon="15.150239">
        <ele>145.3</ele>
        <time>2024-07-07T08:49:30.487Z</time>
    </trkpt>
    <trkpt lat="45.572634" lon="15.150346">
        <ele>145.3</ele>
        <time>2024-07-07T08:49:33.632Z</time>
    </trkpt>
    <trkpt lat="45.572369" lon="15.150592">
        <ele>145.3</ele>
        <time>2024-07-07T08:49:40.788Z</time>
    </trkpt>
    <trkpt lat="45.572141" lon="15.150913">
        <ele>146.8</ele>
        <time>2024-07-07T08:49:48.037Z</time>
    </trkpt>
    <trkpt lat="45.571887" lon="15.151273">
        <ele>146.8</ele>
        <time>2024-07-07T08:49:56.307Z</time>
    </trkpt>
    <trkpt lat="45.571849" lon="15.151401">
        <ele>147.3</ele>
        <time>2024-07-07T08:49:58.556Z</time>
    </trkpt>
    <trkpt lat="45.571828" lon="15.151552">
        <ele>149.3</ele>
        <time>2024-07-07T08:50:01.046Z</time>
    </trkpt>
    <trkpt lat="45.571799" lon="15.151769">
        <ele>149.3</ele>
        <time>2024-07-07T08:50:04.620Z</time>
    </trkpt>
    <trkpt lat="45.571758" lon="15.151849">
        <ele>149.5</ele>
        <time>2024-07-07T08:50:06.235Z</time>
    </trkpt>
    <trkpt lat="45.571716" lon="15.151934">
        <ele>150.0</ele>
        <time>2024-07-07T08:50:07.929Z</time>
    </trkpt>
    <trkpt lat="45.571617" lon="15.15207">
        <ele>150.8</ele>
        <time>2024-07-07T08:50:11.125Z</time>
    </trkpt>
    <trkpt lat="45.571572" lon="15.152134">
        <ele>150.8</ele>
        <time>2024-07-07T08:50:12.602Z</time>
    </trkpt>
    <trkpt lat="45.571332" lon="15.152727">
        <ele>153.8</ele>
        <time>2024-07-07T08:50:23.760Z</time>
    </trkpt>
    <trkpt lat="45.571316" lon="15.152935">
        <ele>155.0</ele>
        <time>2024-07-07T08:50:27.296Z</time>
    </trkpt>
    <trkpt lat="45.571313" lon="15.152976">
        <ele>155.5</ele>
        <time>2024-07-07T08:50:27.992Z</time>
    </trkpt>
    <trkpt lat="45.571354" lon="15.153302">
        <ele>159.0</ele>
        <time>2024-07-07T08:50:33.589Z</time>
    </trkpt>
    <trkpt lat="45.571321" lon="15.153538">
        <ele>160.5</ele>
        <time>2024-07-07T08:50:37.655Z</time>
    </trkpt>
    <trkpt lat="45.571268" lon="15.153655">
        <ele>160.3</ele>
        <time>2024-07-07T08:50:39.479Z</time>
    </trkpt>
    <trkpt lat="45.571184" lon="15.153842">
        <ele>160.3</ele>
        <time>2024-07-07T08:50:42.387Z</time>
    </trkpt>
    <trkpt lat="45.571106" lon="15.15391">
        <ele>159.5</ele>
        <time>2024-07-07T08:50:44.095Z</time>
    </trkpt>
    <trkpt lat="45.571025" lon="15.15398">
        <ele>156.0</ele>
        <time>2024-07-07T08:50:45.865Z</time>
    </trkpt>
    <trkpt lat="45.570846" lon="15.154139">
        <ele>156.0</ele>
        <time>2024-07-07T08:50:49.806Z</time>
    </trkpt>
    <trkpt lat="45.570778" lon="15.154246">
        <ele>155.8</ele>
        <time>2024-07-07T08:50:51.697Z</time>
    </trkpt>
    <trkpt lat="45.570749" lon="15.154309">
        <ele>155.5</ele>
        <time>2024-07-07T08:50:52.493Z</time>
    </trkpt>
    <trkpt lat="45.570367" lon="15.155166">
        <ele>155.3</ele>
        <time>2024-07-07T08:51:03.223Z</time>
    </trkpt>
    <trkpt lat="45.569927" lon="15.156155">
        <ele>155.3</ele>
        <time>2024-07-07T08:51:15.599Z</time>
    </trkpt>
    <trkpt lat="45.569579" lon="15.156784">
        <ele>154.8</ele>
        <time>2024-07-07T08:51:24.066Z</time>
    </trkpt>
    <trkpt lat="45.569393" lon="15.157256">
        <ele>153.8</ele>
        <time>2024-07-07T08:51:29.786Z</time>
        <extensions>
        <gpxtpx:TrackPointExtension>
        <gpxtpx:Extensions>
            <surface>ground</surface>
        </gpxtpx:Extensions>
        </gpxtpx:TrackPointExtension>
        </extensions>
    </trkpt>
    <trkpt lat="45.56939" lon="15.157273">
        <ele>153.8</ele>
        <time>2024-07-07T08:51:29.953Z</time>
        <extensions>
        <gpxtpx:TrackPointExtension>
        <gpxtpx:Extensions>
            <surface>ground</surface>
        </gpxtpx:Extensions>
        </gpxtpx:TrackPointExtension>
        </extensions>
    </trkpt>
    <trkpt lat="45.569393" lon="15.157256">
        <ele>153.8</ele>
        <time>2024-07-07T08:51:30.120Z</time>
    </trkpt>
    <trkpt lat="45.569335" lon="15.157335">
        <ele>153.0</ele>
        <time>2024-07-07T08:51:31.215Z</time>
    </trkpt>
    <trkpt lat="45.569259" lon="15.157315">
        <ele>150.8</ele>
        <time>2024-07-07T08:51:32.271Z</time>
    </trkpt>
    <trkpt lat="45.56911" lon="15.157467">
        <ele>148.8</ele>
        <time>2024-07-07T08:51:34.774Z</time>
    </trkpt>
    <trkpt lat="45.569003" lon="15.157576">
        <ele>148.8</ele>
        <time>2024-07-07T08:51:36.571Z</time>
    </trkpt>
    <trkpt lat="45.568993" lon="15.157734">
        <ele>154.6</ele>
        <time>2024-07-07T08:51:38.089Z</time>
    </trkpt>
    <trkpt lat="45.568967" lon="15.157843">
        <ele>154.7</ele>
        <time>2024-07-07T08:51:39.089Z</time>
    </trkpt>
    <trkpt lat="45.568945" lon="15.157944">
        <ele>154.9</ele>
        <time>2024-07-07T08:51:40.089Z</time>
    </trkpt>
    <trkpt lat="45.568927" lon="15.158032">
        <ele>155.0</ele>
        <time>2024-07-07T08:51:41.089Z</time>
    </trkpt>
    <trkpt lat="45.568916" lon="15.158129">
        <ele>154.9</ele>
        <time>2024-07-07T08:51:42.089Z</time>
    </trkpt>
    <trkpt lat="45.568907" lon="15.158229">
        <ele>154.7</ele>
        <time>2024-07-07T08:51:43.089Z</time>
    </trkpt>
    <trkpt lat="45.568887" lon="15.158328">
        <ele>154.3</ele>
        <time>2024-07-07T08:51:44.089Z</time>
    </trkpt>
    <trkpt lat="45.568854" lon="15.158426">
        <ele>153.8</ele>
        <time>2024-07-07T08:51:45.089Z</time>
    </trkpt>
    <trkpt lat="45.568809" lon="15.15852">
        <ele>153.3</ele>
        <time>2024-07-07T08:51:46.089Z</time>
    </trkpt>
    <trkpt lat="45.568773" lon="15.158613">
        <ele>153.0</ele>
        <time>2024-07-07T08:51:47.089Z</time>
    </trkpt>
    <trkpt lat="45.568731" lon="15.158698">
        <ele>152.7</ele>
        <time>2024-07-07T08:51:48.089Z</time>
    </trkpt>
    <trkpt lat="45.568699" lon="15.158787">
        <ele>152.4</ele>
        <time>2024-07-07T08:51:49.089Z</time>
    </trkpt>
    <trkpt lat="45.56868" lon="15.158887">
        <ele>152.2</ele>
        <time>2024-07-07T08:51:50.089Z</time>
    </trkpt>
    <trkpt lat="45.568651" lon="15.158993">
        <ele>151.9</ele>
        <time>2024-07-07T08:51:51.089Z</time>
    </trkpt>
    <trkpt lat="45.56862" lon="15.159101">
        <ele>151.7</ele>
        <time>2024-07-07T08:51:52.089Z</time>
    </trkpt>
    <trkpt lat="45.568587" lon="15.159209">
        <ele>151.6</ele>
        <time>2024-07-07T08:51:53.089Z</time>
    </trkpt>
    <trkpt lat="45.568556" lon="15.159334">
        <ele>151.7</ele>
        <time>2024-07-07T08:51:54.089Z</time>
    </trkpt>
    <trkpt lat="45.568531" lon="15.159457">
        <ele>151.8</ele>
        <time>2024-07-07T08:51:55.089Z</time>
    </trkpt>
    <trkpt lat="45.568508" lon="15.159569">
        <ele>151.9</ele>
        <time>2024-07-07T08:51:56.089Z</time>
    </trkpt>
    <trkpt lat="45.568477" lon="15.159675">
        <ele>152.2</ele>
        <time>2024-07-07T08:51:57.089Z</time>
    </trkpt>
    <trkpt lat="45.568451" lon="15.159781">
        <ele>152.5</ele>
        <time>2024-07-07T08:51:58.089Z</time>
    </trkpt>
    <trkpt lat="45.568424" lon="15.159866">
        <ele>152.8</ele>
        <time>2024-07-07T08:51:59.089Z</time>
    </trkpt>
    <trkpt lat="45.568397" lon="15.159943">
        <ele>153.1</ele>
        <time>2024-07-07T08:52:00.089Z</time>
    </trkpt>
    <trkpt lat="45.568375" lon="15.160021">
        <ele>153.3</ele>
        <time>2024-07-07T08:52:01.089Z</time>
    </trkpt>
    <trkpt lat="45.568342" lon="15.160097">
        <ele>153.6</ele>
        <time>2024-07-07T08:52:02.089Z</time>
    </trkpt>
    <trkpt lat="45.568305" lon="15.160182">
        <ele>153.8</ele>
        <time>2024-07-07T08:52:03.089Z</time>
    </trkpt>
    <trkpt lat="45.56827" lon="15.160263">
        <ele>154.1</ele>
        <time>2024-07-07T08:52:04.089Z</time>
    </trkpt>
    <trkpt lat="45.56824" lon="15.160333">
        <ele>154.2</ele>
        <time>2024-07-07T08:52:05.089Z</time>
    </trkpt>
    <trkpt lat="45.568211" lon="15.160416">
        <ele>154.5</ele>
        <time>2024-07-07T08:52:06.089Z</time>
    </trkpt>
    <trkpt lat="45.568181" lon="15.160499">
        <ele>154.7</ele>
        <time>2024-07-07T08:52:07.089Z</time>
    </trkpt>
    <trkpt lat="45.568162" lon="15.160574">
        <ele>154.8</ele>
        <time>2024-07-07T08:52:08.089Z</time>
    </trkpt>
    <trkpt lat="45.568144" lon="15.160649">
        <ele>154.9</ele>
        <time>2024-07-07T08:52:09.089Z</time>
    </trkpt>
    <trkpt lat="45.568129" lon="15.16073">
        <ele>155.0</ele>
        <time>2024-07-07T08:52:10.089Z</time>
    </trkpt>
    <trkpt lat="45.568116" lon="15.160811">
        <ele>155.1</ele>
        <time>2024-07-07T08:52:11.089Z</time>
    </trkpt>
    <trkpt lat="45.568096" lon="15.160887">
        <ele>155.2</ele>
        <time>2024-07-07T08:52:12.089Z</time>
    </trkpt>
    <trkpt lat="45.568066" lon="15.160957">
        <ele>155.2</ele>
        <time>2024-07-07T08:52:13.089Z</time>
    </trkpt>
    <trkpt lat="45.568038" lon="15.16102">
        <ele>155.3</ele>
        <time>2024-07-07T08:52:14.089Z</time>
    </trkpt>
    <trkpt lat="45.568007" lon="15.161078">
        <ele>155.3</ele>
        <time>2024-07-07T08:52:15.089Z</time>
    </trkpt>
    <trkpt lat="45.567981" lon="15.161143">
        <ele>155.4</ele>
        <time>2024-07-07T08:52:16.089Z</time>
    </trkpt>
    <trkpt lat="45.567951" lon="15.161214">
        <ele>155.4</ele>
        <time>2024-07-07T08:52:17.089Z</time>
    </trkpt>
    <trkpt lat="45.567917" lon="15.161279">
        <ele>155.4</ele>
        <time>2024-07-07T08:52:18.089Z</time>
    </trkpt>
    <trkpt lat="45.567884" lon="15.161337">
        <ele>155.4</ele>
        <time>2024-07-07T08:52:19.089Z</time>
    </trkpt>
    <trkpt lat="45.567851" lon="15.161393">
        <ele>155.3</ele>
        <time>2024-07-07T08:52:20.089Z</time>
    </trkpt>
    <trkpt lat="45.567823" lon="15.161458">
        <ele>155.2</ele>
        <time>2024-07-07T08:52:21.089Z</time>
    </trkpt>
    <trkpt lat="45.567799" lon="15.16153">
        <ele>155.1</ele>
        <time>2024-07-07T08:52:22.089Z</time>
    </trkpt>
    <trkpt lat="45.567771" lon="15.161597">
        <ele>154.9</ele>
        <time>2024-07-07T08:52:23.089Z</time>
    </trkpt>
    <trkpt lat="45.567742" lon="15.161669">
        <ele>154.7</ele>
        <time>2024-07-07T08:52:24.089Z</time>
    </trkpt>
    <trkpt lat="45.567722" lon="15.161738">
        <ele>154.5</ele>
        <time>2024-07-07T08:52:25.089Z</time>
    </trkpt>
    <trkpt lat="45.567715029768046" lon="15.161767440192921">
        <ele>154.3</ele>
        <time>2024-07-07T08:52:25.589Z</time>
    </trkpt>
    <trkpt lat="45.567704" lon="15.161816">
        <ele>154.2</ele>
        <time>2024-07-07T08:52:26.089Z</time>
    </trkpt>
    <trkpt lat="45.567684" lon="15.161897">
        <ele>154.0</ele>
        <time>2024-07-07T08:52:27.089Z</time>
    </trkpt>
    <trkpt lat="45.567662" lon="15.161975">
        <ele>153.7</ele>
        <time>2024-07-07T08:52:28.089Z</time>
    </trkpt>
    <trkpt lat="45.567635" lon="15.162054">
        <ele>153.4</ele>
        <time>2024-07-07T08:52:29.089Z</time>
    </trkpt>
    <trkpt lat="45.5676" lon="15.162126">
        <ele>147.5</ele>
        <time>2024-07-07T08:52:30.152Z</time>
    </trkpt>
    <trkpt lat="45.567477" lon="15.162662">
        <ele>145.5</ele>
        <time>2024-07-07T08:52:36.998Z</time>
    </trkpt>
    <trkpt lat="45.567406" lon="15.163972">
        <ele>143.0</ele>
        <time>2024-07-07T08:52:52.945Z</time>
    </trkpt>
    <trkpt lat="45.567233" lon="15.164387">
        <ele>142.0</ele>
        <time>2024-07-07T08:52:58.807Z</time>
    </trkpt>
    <trkpt lat="45.567009" lon="15.165293">
        <ele>141.8</ele>
        <time>2024-07-07T08:53:10.468Z</time>
    </trkpt>
    <trkpt lat="45.566927" lon="15.165971">
        <ele>142.0</ele>
        <time>2024-07-07T08:53:18.818Z</time>
    </trkpt>
    <trkpt lat="45.566882" lon="15.166211">
        <ele>143.3</ele>
        <time>2024-07-07T08:53:21.833Z</time>
    </trkpt>
    <trkpt lat="45.566785" lon="15.166732">
        <ele>143.3</ele>
        <time>2024-07-07T08:53:28.376Z</time>
    </trkpt>
    <trkpt lat="45.566777" lon="15.16686">
        <ele>145.8</ele>
        <time>2024-07-07T08:53:29.935Z</time>
    </trkpt>
    <trkpt lat="45.566681" lon="15.168416">
        <ele>145.8</ele>
        <time>2024-07-07T08:53:48.893Z</time>
    </trkpt>
    <trkpt lat="45.566668" lon="15.168554">
        <ele>145.0</ele>
        <time>2024-07-07T08:53:50.974Z</time>
    </trkpt>
    <trkpt lat="45.566561" lon="15.169345">
        <ele>143.8</ele>
        <time>2024-07-07T08:54:03.014Z</time>
    </trkpt>
    <trkpt lat="45.566541" lon="15.169497">
        <ele>143.8</ele>
        <time>2024-07-07T08:54:05.325Z</time>
    </trkpt>
    <trkpt lat="45.566496" lon="15.169754">
        <ele>144.3</ele>
        <time>2024-07-07T08:54:09.284Z</time>
    </trkpt>
    <trkpt lat="45.566476" lon="15.169902">
        <ele>144.3</ele>
        <time>2024-07-07T08:54:11.536Z</time>
    </trkpt>
    <trkpt lat="45.566473" lon="15.170015">
        <ele>144.5</ele>
        <time>2024-07-07T08:54:13.226Z</time>
    </trkpt>
    <trkpt lat="45.566524" lon="15.170541">
        <ele>146.3</ele>
        <time>2024-07-07T08:54:21.162Z</time>
    </trkpt>
    <trkpt lat="45.56652" lon="15.170641">
        <ele>146.8</ele>
        <time>2024-07-07T08:54:22.659Z</time>
    </trkpt>
    <trkpt lat="45.566505" lon="15.17073">
        <ele>147.0</ele>
        <time>2024-07-07T08:54:24.027Z</time>
    </trkpt>
    <trkpt lat="45.566466" lon="15.17082">
        <ele>147.3</ele>
        <time>2024-07-07T08:54:25.191Z</time>
    </trkpt>
    <trkpt lat="45.566323" lon="15.171001">
        <ele>147.3</ele>
        <time>2024-07-07T08:54:28.193Z</time>
    </trkpt>
    <trkpt lat="45.566219" lon="15.171127">
        <ele>147.3</ele>
        <time>2024-07-07T08:54:30.335Z</time>
    </trkpt>
    <trkpt lat="45.566186" lon="15.171381">
        <ele>147.5</ele>
        <time>2024-07-07T08:54:33.177Z</time>
    </trkpt>
    <trkpt lat="45.566152" lon="15.171793">
        <ele>147.8</ele>
        <time>2024-07-07T08:54:37.740Z</time>
    </trkpt>
    <trkpt lat="45.566131" lon="15.171912">
        <ele>147.5</ele>
        <time>2024-07-07T08:54:39.090Z</time>
    </trkpt>
    <trkpt lat="45.566048" lon="15.172167">
        <ele>147.5</ele>
        <time>2024-07-07T08:54:42.183Z</time>
    </trkpt>
    <trkpt lat="45.566006" lon="15.172251">
        <ele>147.3</ele>
        <time>2024-07-07T08:54:43.318Z</time>
    </trkpt>
    <trkpt lat="45.565982" lon="15.172291">
        <ele>147.3</ele>
        <time>2024-07-07T08:54:43.897Z</time>
    </trkpt>
    <trkpt lat="45.565944" lon="15.172357">
        <ele>147.3</ele>
        <time>2024-07-07T08:54:44.837Z</time>
    </trkpt>
    <trkpt lat="45.565809" lon="15.172434">
        <ele>146.8</ele>
        <time>2024-07-07T08:54:47.121Z</time>
    </trkpt>
    <trkpt lat="45.565709" lon="15.172459">
        <ele>146.8</ele>
        <time>2024-07-07T08:54:48.716Z</time>
    </trkpt>
    <trkpt lat="45.565583" lon="15.172473">
        <ele>146.8</ele>
        <time>2024-07-07T08:54:50.701Z</time>
    </trkpt>
    <trkpt lat="45.565401" lon="15.172484">
        <ele>146.8</ele>
        <time>2024-07-07T08:54:53.563Z</time>
    </trkpt>
    <trkpt lat="45.565206" lon="15.172531">
        <ele>146.8</ele>
        <time>2024-07-07T08:54:56.670Z</time>
    </trkpt>
    <trkpt lat="45.564672" lon="15.172688">
        <ele>148.0</ele>
        <time>2024-07-07T08:55:05.237Z</time>
        <extensions>
        <gpxtpx:TrackPointExtension>
        <gpxtpx:Extensions>
            <surface>paved</surface>
        </gpxtpx:Extensions>
        </gpxtpx:TrackPointExtension>
        </extensions>
    </trkpt>
    <trkpt lat="45.564658" lon="15.172675">
        <ele>148.0</ele>
        <time>2024-07-07T08:55:05.499Z</time>
        <extensions>
        <gpxtpx:TrackPointExtension>
        <gpxtpx:Extensions>
            <surface>paved</surface>
        </gpxtpx:Extensions>
        </gpxtpx:TrackPointExtension>
        </extensions>
    </trkpt>
    <trkpt lat="45.56457" lon="15.172588">
        <ele>148.0</ele>
        <time>2024-07-07T08:55:07.180Z</time>
        <extensions>
        <gpxtpx:TrackPointExtension>
        <gpxtpx:Extensions>
            <surface>paved</surface>
        </gpxtpx:Extensions>
        </gpxtpx:TrackPointExtension>
        </extensions>
    </trkpt>
    <trkpt lat="45.564397" lon="15.172451">
        <ele>148.0</ele>
        <time>2024-07-07T08:55:10.239Z</time>
        <extensions>
        <gpxtpx:TrackPointExtension>
        <gpxtpx:Extensions>
            <surface>paved</surface>
        </gpxtpx:Extensions>
        </gpxtpx:TrackPointExtension>
        </extensions>
    </trkpt>
    <trkpt lat="45.5643" lon="15.17239">
        <ele>148.0</ele>
        <time>2024-07-07T08:55:11.878Z</time>
        <extensions>
        <gpxtpx:TrackPointExtension>
        <gpxtpx:Extensions>
            <surface>paved</surface>
        </gpxtpx:Extensions>
        </gpxtpx:TrackPointExtension>
        </extensions>
    </trkpt>
    <trkpt lat="45.564168" lon="15.172323">
        <ele>147.8</ele>
        <time>2024-07-07T08:55:14.044Z</time>
        <extensions>
        <gpxtpx:TrackPointExtension>
        <gpxtpx:Extensions>
            <surface>paved</surface>
        </gpxtpx:Extensions>
        </gpxtpx:TrackPointExtension>
        </extensions>
    </trkpt>
    <trkpt lat="45.564034" lon="15.17227">
        <ele>147.0</ele>
        <time>2024-07-07T08:55:15.759Z</time>
        <extensions>
        <gpxtpx:TrackPointExtension>
        <gpxtpx:Extensions>
            <surface>paved</surface>
        </gpxtpx:Extensions>
        </gpxtpx:TrackPointExtension>
        </extensions>
    </trkpt>
    <trkpt lat="45.563976" lon="15.172248">
        <ele>146.8</ele>
        <time>2024-07-07T08:55:16.499Z</time>
        <extensions>
        <gpxtpx:TrackPointExtension>
        <gpxtpx:Extensions>
            <surface>paved</surface>
        </gpxtpx:Extensions>
        </gpxtpx:TrackPointExtension>
        </extensions>
    </trkpt>
    <trkpt lat="45.563716" lon="15.172192">
        <ele>145.8</ele>
        <time>2024-07-07T08:55:19.743Z</time>
        <extensions>
        <gpxtpx:TrackPointExtension>
        <gpxtpx:Extensions>
            <surface>paved</surface>
        </gpxtpx:Extensions>
        </gpxtpx:TrackPointExtension>
        </extensions>
    </trkpt>
    <trkpt lat="45.563187" lon="15.172107">
        <ele>143.8</ele>
        <time>2024-07-07T08:55:26.311Z</time>
        <extensions>
        <gpxtpx:TrackPointExtension>
        <gpxtpx:Extensions>
            <surface>paved</surface>
        </gpxtpx:Extensions>
        </gpxtpx:TrackPointExtension>
        </extensions>
    </trkpt>
    <trkpt lat="45.563136" lon="15.172099">
        <ele>143.8</ele>
        <time>2024-07-07T08:55:26.944Z</time>
        <extensions>
        <gpxtpx:TrackPointExtension>
        <gpxtpx:Extensions>
            <surface>paved</surface>
        </gpxtpx:Extensions>
        </gpxtpx:TrackPointExtension>
        </extensions>
    </trkpt>
    <trkpt lat="45.562815" lon="15.172044">
        <ele>143.0</ele>
        <time>2024-07-07T08:55:30.933Z</time>
        <extensions>
        <gpxtpx:TrackPointExtension>
        <gpxtpx:Extensions>
            <surface>paved</surface>
        </gpxtpx:Extensions>
        </gpxtpx:TrackPointExtension>
        </extensions>
    </trkpt>
    <trkpt lat="45.56273" lon="15.172027">
        <ele>142.8</ele>
        <time>2024-07-07T08:55:31.992Z</time>
        <extensions>
        <gpxtpx:TrackPointExtension>
        <gpxtpx:Extensions>
            <surface>paved</surface>
        </gpxtpx:Extensions>
        </gpxtpx:TrackPointExtension>
        </extensions>
    </trkpt>
    <trkpt lat="45.562613" lon="15.171978">
        <ele>142.5</ele>
        <time>2024-07-07T08:55:33.496Z</time>
        <extensions>
        <gpxtpx:TrackPointExtension>
        <gpxtpx:Extensions>
            <surface>paved</surface>
        </gpxtpx:Extensions>
        </gpxtpx:TrackPointExtension>
        </extensions>
    </trkpt>
    <trkpt lat="45.562524" lon="15.171928">
        <ele>142.3</ele>
        <time>2024-07-07T08:55:34.676Z</time>
        <extensions>
        <gpxtpx:TrackPointExtension>
        <gpxtpx:Extensions>
            <surface>paved</surface>
        </gpxtpx:Extensions>
        </gpxtpx:TrackPointExtension>
        </extensions>
    </trkpt>
    <trkpt lat="45.56246" lon="15.171879">
        <ele>142.3</ele>
        <time>2024-07-07T08:55:35.556Z</time>
        <extensions>
        <gpxtpx:TrackPointExtension>
        <gpxtpx:Extensions>
            <surface>paved</surface>
        </gpxtpx:Extensions>
        </gpxtpx:TrackPointExtension>
        </extensions>
    </trkpt>
    <trkpt lat="45.562429" lon="15.171855">
        <ele>142.3</ele>
        <time>2024-07-07T08:55:35.983Z</time>
        <extensions>
        <gpxtpx:TrackPointExtension>
        <gpxtpx:Extensions>
            <surface>paved</surface>
        </gpxtpx:Extensions>
        </gpxtpx:TrackPointExtension>
        </extensions>
    </trkpt>
    <trkpt lat="45.562292" lon="15.171718">
        <ele>142.5</ele>
        <time>2024-07-07T08:55:38.011Z</time>
        <extensions>
        <gpxtpx:TrackPointExtension>
        <gpxtpx:Extensions>
            <surface>paved</surface>
        </gpxtpx:Extensions>
        </gpxtpx:TrackPointExtension>
        </extensions>
    </trkpt>
    <trkpt lat="45.562185" lon="15.171563">
        <ele>142.8</ele>
        <time>2024-07-07T08:55:39.859Z</time>
        <extensions>
        <gpxtpx:TrackPointExtension>
        <gpxtpx:Extensions>
            <surface>paved</surface>
        </gpxtpx:Extensions>
        </gpxtpx:TrackPointExtension>
        </extensions>
    </trkpt>
    <trkpt lat="45.561969" lon="15.171245">
        <ele>143.3</ele>
        <time>2024-07-07T08:55:43.621Z</time>
        <extensions>
        <gpxtpx:TrackPointExtension>
        <gpxtpx:Extensions>
            <surface>paved</surface>
        </gpxtpx:Extensions>
        </gpxtpx:TrackPointExtension>
        </extensions>
    </trkpt>
    <trkpt lat="45.561859" lon="15.171083">
        <ele>143.5</ele>
        <time>2024-07-07T08:55:45.537Z</time>
        <extensions>
        <gpxtpx:TrackPointExtension>
        <gpxtpx:Extensions>
            <surface>paved</surface>
        </gpxtpx:Extensions>
        </gpxtpx:TrackPointExtension>
        </extensions>
    </trkpt>
    <trkpt lat="45.561782" lon="15.170969">
        <ele>143.8</ele>
        <time>2024-07-07T08:55:46.882Z</time>
        <extensions>
        <gpxtpx:TrackPointExtension>
        <gpxtpx:Extensions>
            <surface>paved</surface>
        </gpxtpx:Extensions>
        </gpxtpx:TrackPointExtension>
        </extensions>
    </trkpt>
    <trkpt lat="45.561686" lon="15.170828">
        <ele>143.8</ele>
        <time>2024-07-07T08:55:48.552Z</time>
        <extensions>
        <gpxtpx:TrackPointExtension>
        <gpxtpx:Extensions>
            <surface>paved</surface>
        </gpxtpx:Extensions>
        </gpxtpx:TrackPointExtension>
        </extensions>
    </trkpt>
    <trkpt lat="45.561443" lon="15.170469">
        <ele>143.3</ele>
        <time>2024-07-07T08:55:52.792Z</time>
        <extensions>
        <gpxtpx:TrackPointExtension>
        <gpxtpx:Extensions>
            <surface>paved</surface>
        </gpxtpx:Extensions>
        </gpxtpx:TrackPointExtension>
        </extensions>
    </trkpt>
    <trkpt lat="45.561418" lon="15.170433">
        <ele>143.0</ele>
        <time>2024-07-07T08:55:53.222Z</time>
        <extensions>
        <gpxtpx:TrackPointExtension>
        <gpxtpx:Extensions>
            <surface>paved</surface>
        </gpxtpx:Extensions>
        </gpxtpx:TrackPointExtension>
        </extensions>
    </trkpt>
    <trkpt lat="45.561379" lon="15.170377">
        <ele>143.0</ele>
        <time>2024-07-07T08:55:53.892Z</time>
        <extensions>
        <gpxtpx:TrackPointExtension>
        <gpxtpx:Extensions>
            <surface>paved</surface>
        </gpxtpx:Extensions>
        </gpxtpx:TrackPointExtension>
        </extensions>
    </trkpt>
    <trkpt lat="45.561345" lon="15.170326">
        <ele>142.8</ele>
        <time>2024-07-07T08:55:54.489Z</time>
        <extensions>
        <gpxtpx:TrackPointExtension>
        <gpxtpx:Extensions>
            <surface>paved</surface>
        </gpxtpx:Extensions>
        </gpxtpx:TrackPointExtension>
        </extensions>
    </trkpt>
    <trkpt lat="45.561025" lon="15.169865">
        <ele>142.3</ele>
        <time>2024-07-07T08:56:00.001Z</time>
        <extensions>
        <gpxtpx:TrackPointExtension>
        <gpxtpx:Extensions>
            <surface>paved</surface>
        </gpxtpx:Extensions>
        </gpxtpx:TrackPointExtension>
        </extensions>
    </trkpt>
    <trkpt lat="45.560979" lon="15.169798">
        <ele>142.5</ele>
        <time>2024-07-07T08:56:00.797Z</time>
        <extensions>
        <gpxtpx:TrackPointExtension>
        <gpxtpx:Extensions>
            <surface>paved</surface>
        </gpxtpx:Extensions>
        </gpxtpx:TrackPointExtension>
        </extensions>
    </trkpt>
    <trkpt lat="45.560908" lon="15.169699">
        <ele>143.3</ele>
        <time>2024-07-07T08:56:02.000Z</time>
        <extensions>
        <gpxtpx:TrackPointExtension>
        <gpxtpx:Extensions>
            <surface>asphalt</surface>
        </gpxtpx:Extensions>
        </gpxtpx:TrackPointExtension>
        </extensions>
    </trkpt>
    <trkpt lat="45.560971" lon="15.169589">
        <ele>143.3</ele>
        <time>2024-07-07T08:56:03.747Z</time>
        <extensions>
        <gpxtpx:TrackPointExtension>
        <gpxtpx:Extensions>
            <surface>asphalt</surface>
        </gpxtpx:Extensions>
        </gpxtpx:TrackPointExtension>
        </extensions>
    </trkpt>
    <trkpt lat="45.560986" lon="15.169564">
        <ele>143.5</ele>
        <time>2024-07-07T08:56:04.151Z</time>
        <extensions>
        <gpxtpx:TrackPointExtension>
        <gpxtpx:Extensions>
            <surface>asphalt</surface>
        </gpxtpx:Extensions>
        </gpxtpx:TrackPointExtension>
        </extensions>
    </trkpt>
    <trkpt lat="45.561203" lon="15.169154">
        <ele>144.3</ele>
        <time>2024-07-07T08:56:10.471Z</time>
        <extensions>
        <gpxtpx:TrackPointExtension>
        <gpxtpx:Extensions>
            <surface>asphalt</surface>
        </gpxtpx:Extensions>
        </gpxtpx:TrackPointExtension>
        </extensions>
    </trkpt>
    <trkpt lat="45.561315" lon="15.168902">
        <ele>145.0</ele>
        <time>2024-07-07T08:56:14.141Z</time>
        <extensions>
        <gpxtpx:TrackPointExtension>
        <gpxtpx:Extensions>
            <surface>asphalt</surface>
        </gpxtpx:Extensions>
        </gpxtpx:TrackPointExtension>
        </extensions>
    </trkpt>
    <trkpt lat="45.561357" lon="15.168767">
        <ele>145.5</ele>
        <time>2024-07-07T08:56:15.957Z</time>
        <extensions>
        <gpxtpx:TrackPointExtension>
        <gpxtpx:Extensions>
            <surface>asphalt</surface>
        </gpxtpx:Extensions>
        </gpxtpx:TrackPointExtension>
        </extensions>
    </trkpt>
    <trkpt lat="45.561374" lon="15.168707">
        <ele>145.8</ele>
        <time>2024-07-07T08:56:16.752Z</time>
        <extensions>
        <gpxtpx:TrackPointExtension>
        <gpxtpx:Extensions>
            <surface>asphalt</surface>
        </gpxtpx:Extensions>
        </gpxtpx:TrackPointExtension>
        </extensions>
    </trkpt>
    <trkpt lat="45.561381" lon="15.16868">
        <ele>145.8</ele>
        <time>2024-07-07T08:56:17.101Z</time>
        <extensions>
        <gpxtpx:TrackPointExtension>
        <gpxtpx:Extensions>
            <surface>asphalt</surface>
        </gpxtpx:Extensions>
        </gpxtpx:TrackPointExtension>
        </extensions>
    </trkpt>
    <trkpt lat="45.561412" lon="15.168573">
        <ele>146.3</ele>
        <time>2024-07-07T08:56:18.504Z</time>
        <extensions>
        <gpxtpx:TrackPointExtension>
        <gpxtpx:Extensions>
            <surface>asphalt</surface>
        </gpxtpx:Extensions>
        </gpxtpx:TrackPointExtension>
        </extensions>
    </trkpt>
    <trkpt lat="45.561452" lon="15.168399">
        <ele>146.8</ele>
        <time>2024-07-07T08:56:20.723Z</time>
        <extensions>
        <gpxtpx:TrackPointExtension>
        <gpxtpx:Extensions>
            <surface>asphalt</surface>
        </gpxtpx:Extensions>
        </gpxtpx:TrackPointExtension>
        </extensions>
    </trkpt>
    <trkpt lat="45.561501" lon="15.168134">
        <ele>147.3</ele>
        <time>2024-07-07T08:56:24.045Z</time>
        <extensions>
        <gpxtpx:TrackPointExtension>
        <gpxtpx:Extensions>
            <surface>asphalt</surface>
        </gpxtpx:Extensions>
        </gpxtpx:TrackPointExtension>
        </extensions>
    </trkpt>
    <trkpt lat="45.561809" lon="15.16636">
        <ele>145.8</ele>
        <time>2024-07-07T08:56:46.200Z</time>
        <extensions>
        <gpxtpx:TrackPointExtension>
        <gpxtpx:Extensions>
            <surface>asphalt</surface>
        </gpxtpx:Extensions>
        </gpxtpx:TrackPointExtension>
        </extensions>
    </trkpt>
    <trkpt lat="45.561884" lon="15.165999">
        <ele>144.8</ele>
        <time>2024-07-07T08:56:50.764Z</time>
        <extensions>
        <gpxtpx:TrackPointExtension>
        <gpxtpx:Extensions>
            <surface>asphalt</surface>
        </gpxtpx:Extensions>
        </gpxtpx:TrackPointExtension>
        </extensions>
    </trkpt>
    <trkpt lat="45.561897" lon="15.165935">
        <ele>144.5</ele>
        <time>2024-07-07T08:56:51.571Z</time>
        <extensions>
        <gpxtpx:TrackPointExtension>
        <gpxtpx:Extensions>
            <surface>asphalt</surface>
        </gpxtpx:Extensions>
        </gpxtpx:TrackPointExtension>
        </extensions>
    </trkpt>
    <trkpt lat="45.561992" lon="15.165523">
        <ele>146.8</ele>
        <time>2024-07-07T08:56:56.829Z</time>
        <extensions>
        <gpxtpx:TrackPointExtension>
        <gpxtpx:Extensions>
            <surface>asphalt</surface>
        </gpxtpx:Extensions>
        </gpxtpx:TrackPointExtension>
        </extensions>
    </trkpt>
    <trkpt lat="45.562009" lon="15.165453">
        <ele>146.8</ele>
        <time>2024-07-07T08:56:57.727Z</time>
        <extensions>
        <gpxtpx:TrackPointExtension>
        <gpxtpx:Extensions>
            <surface>asphalt</surface>
        </gpxtpx:Extensions>
        </gpxtpx:TrackPointExtension>
        </extensions>
    </trkpt>
    <trkpt lat="45.562203" lon="15.164813">
        <ele>149.8</ele>
        <time>2024-07-07T08:57:06.180Z</time>
        <extensions>
        <gpxtpx:TrackPointExtension>
        <gpxtpx:Extensions>
            <surface>asphalt</surface>
        </gpxtpx:Extensions>
        </gpxtpx:TrackPointExtension>
        </extensions>
    </trkpt>
    <trkpt lat="45.562232" lon="15.164721">
        <ele>150.3</ele>
        <time>2024-07-07T08:57:07.403Z</time>
        <extensions>
        <gpxtpx:TrackPointExtension>
        <gpxtpx:Extensions>
            <surface>asphalt</surface>
        </gpxtpx:Extensions>
        </gpxtpx:TrackPointExtension>
        </extensions>
    </trkpt>
    <trkpt lat="45.562594" lon="15.163779">
        <ele>154.0</ele>
        <time>2024-07-07T08:57:20.428Z</time>
        <extensions>
        <gpxtpx:TrackPointExtension>
        <gpxtpx:Extensions>
            <surface>asphalt</surface>
        </gpxtpx:Extensions>
        </gpxtpx:TrackPointExtension>
        </extensions>
    </trkpt>
    <trkpt lat="45.562704" lon="15.163474">
        <ele>156.3</ele>
        <time>2024-07-07T08:57:24.586Z</time>
        <extensions>
        <gpxtpx:TrackPointExtension>
        <gpxtpx:Extensions>
            <surface>asphalt</surface>
        </gpxtpx:Extensions>
        </gpxtpx:TrackPointExtension>
        </extensions>
    </trkpt>
    <trkpt lat="45.562733" lon="15.163398">
        <ele>156.8</ele>
        <time>2024-07-07T08:57:25.635Z</time>
        <extensions>
        <gpxtpx:TrackPointExtension>
        <gpxtpx:Extensions>
            <surface>asphalt</surface>
        </gpxtpx:Extensions>
        </gpxtpx:TrackPointExtension>
        </extensions>
    </trkpt>
    <trkpt lat="45.562842" lon="15.163053">
        <ele>159.5</ele>
        <time>2024-07-07T08:57:30.223Z</time>
        <extensions>
        <gpxtpx:TrackPointExtension>
        <gpxtpx:Extensions>
            <surface>asphalt</surface>
        </gpxtpx:Extensions>
        </gpxtpx:TrackPointExtension>
        </extensions>
    </trkpt>
    <trkpt lat="45.562946" lon="15.162671">
        <ele>161.5</ele>
        <time>2024-07-07T08:57:35.191Z</time>
        <extensions>
        <gpxtpx:TrackPointExtension>
        <gpxtpx:Extensions>
            <surface>asphalt</surface>
        </gpxtpx:Extensions>
        </gpxtpx:TrackPointExtension>
        </extensions>
    </trkpt>
    <trkpt lat="45.562999" lon="15.162436">
        <ele>163.3</ele>
        <time>2024-07-07T08:57:38.183Z</time>
        <extensions>
        <gpxtpx:TrackPointExtension>
        <gpxtpx:Extensions>
            <surface>asphalt</surface>
        </gpxtpx:Extensions>
        </gpxtpx:TrackPointExtension>
        </extensions>
    </trkpt>
    <trkpt lat="45.563094" lon="15.162427">
        <ele>157.2</ele>
        <time>2024-07-07T08:57:39.831Z</time>
    </trkpt>
    <trkpt lat="45.563105" lon="15.162416">
        <ele>157.6</ele>
        <time>2024-07-07T08:57:40.831Z</time>
    </trkpt>
    <trkpt lat="45.563132" lon="15.162403">
        <ele>157.6</ele>
        <time>2024-07-07T08:57:41.831Z</time>
    </trkpt>
    <trkpt lat="45.563165" lon="15.162411">
        <ele>158.0</ele>
        <time>2024-07-07T08:57:42.831Z</time>
    </trkpt>
    <trkpt lat="45.563188" lon="15.162448">
        <ele>157.8</ele>
        <time>2024-07-07T08:57:43.831Z</time>
    </trkpt>
    <trkpt lat="45.563202" lon="15.162498">
        <ele>157.8</ele>
        <time>2024-07-07T08:57:44.831Z</time>
    </trkpt>
    <trkpt lat="45.563217" lon="15.162537">
        <ele>157.6</ele>
        <time>2024-07-07T08:57:45.831Z</time>
    </trkpt>
    <trkpt lat="45.563232" lon="15.162576">
        <ele>157.5</ele>
        <time>2024-07-07T08:57:46.831Z</time>
    </trkpt>
    <trkpt lat="45.563241" lon="15.162621">
        <ele>157.3</ele>
        <time>2024-07-07T08:57:47.831Z</time>
    </trkpt>
    <trkpt lat="45.563253" lon="15.162682">
        <ele>157.0</ele>
        <time>2024-07-07T08:57:48.831Z</time>
    </trkpt>
    <trkpt lat="45.563268" lon="15.162742">
        <ele>156.9</ele>
        <time>2024-07-07T08:57:49.831Z</time>
    </trkpt>
    <trkpt lat="45.563299" lon="15.162786">
        <ele>156.8</ele>
        <time>2024-07-07T08:57:50.831Z</time>
    </trkpt>
    <trkpt lat="45.563353" lon="15.162809">
        <ele>156.9</ele>
        <time>2024-07-07T08:57:51.831Z</time>
    </trkpt>
    <trkpt lat="45.563417" lon="15.162816">
        <ele>157.2</ele>
        <time>2024-07-07T08:57:52.831Z</time>
    </trkpt>
    <trkpt lat="45.56348" lon="15.162819">
        <ele>157.4</ele>
        <time>2024-07-07T08:57:53.831Z</time>
    </trkpt>
    <trkpt lat="45.563543" lon="15.162816">
        <ele>157.7</ele>
        <time>2024-07-07T08:57:54.831Z</time>
    </trkpt>
    <trkpt lat="45.563603" lon="15.162808">
        <ele>158.0</ele>
        <time>2024-07-07T08:57:55.831Z</time>
    </trkpt>
    <trkpt lat="45.563685" lon="15.162799">
        <ele>158.7</ele>
        <time>2024-07-07T08:57:56.831Z</time>
    </trkpt>
    <trkpt lat="45.563746" lon="15.162784">
        <ele>159.0</ele>
        <time>2024-07-07T08:57:57.831Z</time>
    </trkpt>
    <trkpt lat="45.563793" lon="15.162772">
        <ele>159.2</ele>
        <time>2024-07-07T08:57:58.831Z</time>
    </trkpt>
    <trkpt lat="45.563836" lon="15.162761">
        <ele>159.7</ele>
        <time>2024-07-07T08:57:59.831Z</time>
    </trkpt>
    <trkpt lat="45.56388" lon="15.162748">
        <ele>159.8</ele>
        <time>2024-07-07T08:58:00.831Z</time>
    </trkpt>
    <trkpt lat="45.563938" lon="15.162719">
        <ele>160.3</ele>
        <time>2024-07-07T08:58:01.831Z</time>
    </trkpt>
    <trkpt lat="45.563994" lon="15.162694">
        <ele>160.4</ele>
        <time>2024-07-07T08:58:02.831Z</time>
    </trkpt>
    <trkpt lat="45.56404" lon="15.162679">
        <ele>160.5</ele>
        <time>2024-07-07T08:58:03.831Z</time>
    </trkpt>
    <trkpt lat="45.564086" lon="15.162659">
        <ele>160.8</ele>
        <time>2024-07-07T08:58:04.831Z</time>
    </trkpt>
    <trkpt lat="45.564125" lon="15.16264">
        <ele>160.8</ele>
        <time>2024-07-07T08:58:05.831Z</time>
    </trkpt>
    <trkpt lat="45.564159" lon="15.162617">
        <ele>161.0</ele>
        <time>2024-07-07T08:58:06.831Z</time>
    </trkpt>
    <trkpt lat="45.564188" lon="15.162593">
        <ele>161.1</ele>
        <time>2024-07-07T08:58:07.831Z</time>
    </trkpt>
    <trkpt lat="45.564214" lon="15.162573">
        <ele>161.3</ele>
        <time>2024-07-07T08:58:08.831Z</time>
    </trkpt>
    <trkpt lat="45.564241" lon="15.16255">
        <ele>161.3</ele>
        <time>2024-07-07T08:58:09.831Z</time>
    </trkpt>
    <trkpt lat="45.564268" lon="15.162522">
        <ele>161.5</ele>
        <time>2024-07-07T08:58:10.831Z</time>
    </trkpt>
    <trkpt lat="45.564297" lon="15.162486">
        <ele>161.7</ele>
        <time>2024-07-07T08:58:11.831Z</time>
    </trkpt>
    <trkpt lat="45.56433" lon="15.162452">
        <ele>161.9</ele>
        <time>2024-07-07T08:58:12.831Z</time>
    </trkpt>
    <trkpt lat="45.564357" lon="15.162421">
        <ele>161.9</ele>
        <time>2024-07-07T08:58:13.831Z</time>
    </trkpt>
    <trkpt lat="45.564378" lon="15.162387">
        <ele>162.1</ele>
        <time>2024-07-07T08:58:14.831Z</time>
    </trkpt>
    <trkpt lat="45.564396" lon="15.162354">
        <ele>162.3</ele>
        <time>2024-07-07T08:58:15.831Z</time>
    </trkpt>
    <trkpt lat="45.564418" lon="15.162318">
        <ele>162.5</ele>
        <time>2024-07-07T08:58:16.831Z</time>
    </trkpt>
    <trkpt lat="45.56444" lon="15.162285">
        <ele>162.6</ele>
        <time>2024-07-07T08:58:17.831Z</time>
    </trkpt>
    <trkpt lat="45.564463" lon="15.162259">
        <ele>162.6</ele>
        <time>2024-07-07T08:58:18.831Z</time>
    </trkpt>
    <trkpt lat="45.564502" lon="15.162245">
        <ele>162.8</ele>
        <time>2024-07-07T08:58:19.831Z</time>
    </trkpt>
    <trkpt lat="45.564515" lon="15.162242">
        <ele>162.8</ele>
        <time>2024-07-07T08:58:20.831Z</time>
    </trkpt>
    <trkpt lat="45.564544" lon="15.162239">
        <ele>162.8</ele>
        <time>2024-07-07T08:58:21.831Z</time>
    </trkpt>
    <trkpt lat="45.564585" lon="15.162229">
        <ele>162.7</ele>
        <time>2024-07-07T08:58:22.831Z</time>
    </trkpt>
    <trkpt lat="45.564626" lon="15.162217">
        <ele>162.7</ele>
        <time>2024-07-07T08:58:23.831Z</time>
    </trkpt>
    <trkpt lat="45.564666" lon="15.162208">
        <ele>162.5</ele>
        <time>2024-07-07T08:58:24.831Z</time>
    </trkpt>
    <trkpt lat="45.564701" lon="15.162204">
        <ele>162.6</ele>
        <time>2024-07-07T08:58:25.831Z</time>
    </trkpt>
    <trkpt lat="45.564741" lon="15.16219">
        <ele>162.5</ele>
        <time>2024-07-07T08:58:26.831Z</time>
    </trkpt>
    <trkpt lat="45.564775" lon="15.162169">
        <ele>162.4</ele>
        <time>2024-07-07T08:58:27.831Z</time>
    </trkpt>
    <trkpt lat="45.564832" lon="15.162135">
        <ele>162.3</ele>
        <time>2024-07-07T08:58:28.831Z</time>
    </trkpt>
    <trkpt lat="45.56486" lon="15.16211">
        <ele>162.4</ele>
        <time>2024-07-07T08:58:29.831Z</time>
    </trkpt>
    <trkpt lat="45.564885" lon="15.162087">
        <ele>162.2</ele>
        <time>2024-07-07T08:58:30.831Z</time>
    </trkpt>
    <trkpt lat="45.564895" lon="15.16208">
        <ele>162.2</ele>
        <time>2024-07-07T08:58:31.831Z</time>
    </trkpt>
    <trkpt lat="45.564934" lon="15.162063">
        <ele>162.4</ele>
        <time>2024-07-07T08:58:32.831Z</time>
    </trkpt>
    <trkpt lat="45.564948" lon="15.162058">
        <ele>162.2</ele>
        <time>2024-07-07T08:58:33.831Z</time>
    </trkpt>
    <trkpt lat="45.564977" lon="15.162046">
        <ele>162.0</ele>
        <time>2024-07-07T08:58:34.831Z</time>
    </trkpt>
    <trkpt lat="45.564988" lon="15.162043">
        <ele>162.0</ele>
        <time>2024-07-07T08:58:35.831Z</time>
    </trkpt>
    <trkpt lat="45.565029" lon="15.162036">
        <ele>161.5</ele>
        <time>2024-07-07T08:58:36.831Z</time>
    </trkpt>
    <trkpt lat="45.565068" lon="15.162028">
        <ele>161.5</ele>
        <time>2024-07-07T08:58:37.831Z</time>
    </trkpt>
    <trkpt lat="45.565103" lon="15.162026">
        <ele>161.2</ele>
        <time>2024-07-07T08:58:38.831Z</time>
    </trkpt>
    <trkpt lat="45.565137" lon="15.162021">
        <ele>160.9</ele>
        <time>2024-07-07T08:58:39.831Z</time>
    </trkpt>
    <trkpt lat="45.56517" lon="15.161999">
        <ele>160.5</ele>
        <time>2024-07-07T08:58:40.831Z</time>
    </trkpt>
    <trkpt lat="45.565209" lon="15.161971">
        <ele>160.0</ele>
        <time>2024-07-07T08:58:41.831Z</time>
    </trkpt>
    <trkpt lat="45.565247" lon="15.16194">
        <ele>160.0</ele>
        <time>2024-07-07T08:58:42.831Z</time>
    </trkpt>
    <trkpt lat="45.565285" lon="15.161905">
        <ele>159.9</ele>
        <time>2024-07-07T08:58:43.831Z</time>
    </trkpt>
    <trkpt lat="45.565319" lon="15.161872">
        <ele>159.4</ele>
        <time>2024-07-07T08:58:44.831Z</time>
    </trkpt>
    <trkpt lat="45.565359" lon="15.161816">
        <ele>159.4</ele>
        <time>2024-07-07T08:58:45.831Z</time>
    </trkpt>
    <trkpt lat="45.565401" lon="15.161756">
        <ele>159.4</ele>
        <time>2024-07-07T08:58:46.831Z</time>
    </trkpt>
    <trkpt lat="45.565441" lon="15.161675">
        <ele>160.0</ele>
        <time>2024-07-07T08:58:47.831Z</time>
    </trkpt>
    <trkpt lat="45.565488" lon="15.161607">
        <ele>159.3</ele>
        <time>2024-07-07T08:58:48.831Z</time>
    </trkpt>
    <trkpt lat="45.565531" lon="15.161554">
        <ele>159.7</ele>
        <time>2024-07-07T08:58:49.831Z</time>
    </trkpt>
    <trkpt lat="45.565578" lon="15.16151">
        <ele>158.9</ele>
        <time>2024-07-07T08:58:50.831Z</time>
    </trkpt>
    <trkpt lat="45.565628" lon="15.161469">
        <ele>157.9</ele>
        <time>2024-07-07T08:58:51.831Z</time>
    </trkpt>
    <trkpt lat="45.56568" lon="15.161456">
        <ele>157.2</ele>
        <time>2024-07-07T08:58:52.831Z</time>
    </trkpt>
    <trkpt lat="45.565732" lon="15.161459">
        <ele>155.7</ele>
        <time>2024-07-07T08:58:53.831Z</time>
    </trkpt>
    <trkpt lat="45.565783" lon="15.16145">
        <ele>154.2</ele>
        <time>2024-07-07T08:58:54.831Z</time>
    </trkpt>
    <trkpt lat="45.565841" lon="15.161444">
        <ele>152.6</ele>
        <time>2024-07-07T08:58:55.831Z</time>
    </trkpt>
    <trkpt lat="45.565897" lon="15.161442">
        <ele>151.1</ele>
        <time>2024-07-07T08:58:56.831Z</time>
    </trkpt>
    <trkpt lat="45.565948" lon="15.161433">
        <ele>150.9</ele>
        <time>2024-07-07T08:58:57.831Z</time>
    </trkpt>
    <trkpt lat="45.565992" lon="15.161413">
        <ele>149.6</ele>
        <time>2024-07-07T08:58:58.831Z</time>
    </trkpt>
    <trkpt lat="45.566042" lon="15.161403">
        <ele>149.0</ele>
        <time>2024-07-07T08:58:59.831Z</time>
    </trkpt>
    <trkpt lat="45.5661" lon="15.161375">
        <ele>148.3</ele>
        <time>2024-07-07T08:59:00.831Z</time>
    </trkpt>
    <trkpt lat="45.566162" lon="15.161366">
        <ele>147.0</ele>
        <time>2024-07-07T08:59:01.831Z</time>
    </trkpt>
    <trkpt lat="45.566219" lon="15.161392">
        <ele>145.4</ele>
        <time>2024-07-07T08:59:02.831Z</time>
    </trkpt>
    <trkpt lat="45.566267" lon="15.161446">
        <ele>144.0</ele>
        <time>2024-07-07T08:59:03.831Z</time>
    </trkpt>
    <trkpt lat="45.566315" lon="15.161499">
        <ele>143.2</ele>
        <time>2024-07-07T08:59:04.831Z</time>
    </trkpt>
    <trkpt lat="45.566356" lon="15.161544">
        <ele>142.1</ele>
        <time>2024-07-07T08:59:05.831Z</time>
    </trkpt>
    <trkpt lat="45.566397" lon="15.161581">
        <ele>141.5</ele>
        <time>2024-07-07T08:59:06.831Z</time>
    </trkpt>
    <trkpt lat="45.566443" lon="15.161595">
        <ele>141.1</ele>
        <time>2024-07-07T08:59:07.831Z</time>
    </trkpt>
    <trkpt lat="45.566491" lon="15.161608">
        <ele>140.9</ele>
        <time>2024-07-07T08:59:08.831Z</time>
    </trkpt>
    <trkpt lat="45.566544" lon="15.161598">
        <ele>140.9</ele>
        <time>2024-07-07T08:59:09.831Z</time>
    </trkpt>
    <trkpt lat="45.566589" lon="15.161548">
        <ele>141.1</ele>
        <time>2024-07-07T08:59:10.831Z</time>
    </trkpt>
    <trkpt lat="45.566624" lon="15.161497">
        <ele>141.2</ele>
        <time>2024-07-07T08:59:11.831Z</time>
    </trkpt>
    <trkpt lat="45.566658" lon="15.161461">
        <ele>141.4</ele>
        <time>2024-07-07T08:59:12.831Z</time>
    </trkpt>
    <trkpt lat="45.566686" lon="15.161415">
        <ele>141.6</ele>
        <time>2024-07-07T08:59:13.831Z</time>
    </trkpt>
    <trkpt lat="45.56671" lon="15.161366">
        <ele>141.8</ele>
        <time>2024-07-07T08:59:14.831Z</time>
    </trkpt>
    <trkpt lat="45.566736" lon="15.161323">
        <ele>141.9</ele>
        <time>2024-07-07T08:59:15.831Z</time>
    </trkpt>
    <trkpt lat="45.566761" lon="15.161283">
        <ele>142.1</ele>
        <time>2024-07-07T08:59:16.831Z</time>
    </trkpt>
    <trkpt lat="45.566789" lon="15.16124">
        <ele>142.3</ele>
        <time>2024-07-07T08:59:17.831Z</time>
    </trkpt>
    <trkpt lat="45.566819" lon="15.161196">
        <ele>142.5</ele>
        <time>2024-07-07T08:59:18.831Z</time>
    </trkpt>
    <trkpt lat="45.566852" lon="15.161154">
        <ele>142.7</ele>
        <time>2024-07-07T08:59:19.831Z</time>
    </trkpt>
    <trkpt lat="45.566884" lon="15.161113">
        <ele>142.9</ele>
        <time>2024-07-07T08:59:20.831Z</time>
    </trkpt>
    <trkpt lat="45.566904" lon="15.161065">
        <ele>143.1</ele>
        <time>2024-07-07T08:59:21.831Z</time>
    </trkpt>
    <trkpt lat="45.566918" lon="15.161011">
        <ele>143.2</ele>
        <time>2024-07-07T08:59:22.831Z</time>
    </trkpt>
    <trkpt lat="45.566922" lon="15.160957">
        <ele>143.5</ele>
        <time>2024-07-07T08:59:23.831Z</time>
    </trkpt>
    <trkpt lat="45.566915" lon="15.160906">
        <ele>143.6</ele>
        <time>2024-07-07T08:59:24.831Z</time>
    </trkpt>
    <trkpt lat="45.566899" lon="15.160861">
        <ele>143.8</ele>
        <time>2024-07-07T08:59:25.831Z</time>
    </trkpt>
    <trkpt lat="45.566877" lon="15.160815">
        <ele>144.0</ele>
        <time>2024-07-07T08:59:26.831Z</time>
    </trkpt>
    <trkpt lat="45.566857" lon="15.160773">
        <ele>144.3</ele>
        <time>2024-07-07T08:59:27.831Z</time>
    </trkpt>
    <trkpt lat="45.566841" lon="15.160737">
        <ele>144.7</ele>
        <time>2024-07-07T08:59:28.831Z</time>
    </trkpt>
    <trkpt lat="45.566826" lon="15.16068">
        <ele>145.2</ele>
        <time>2024-07-07T08:59:29.831Z</time>
    </trkpt>
    <trkpt lat="45.566823" lon="15.160658">
        <ele>145.5</ele>
        <time>2024-07-07T08:59:30.831Z</time>
    </trkpt>
    <trkpt lat="45.566812" lon="15.160607">
        <ele>145.8</ele>
        <time>2024-07-07T08:59:31.831Z</time>
    </trkpt>
    <trkpt lat="45.566795" lon="15.160558">
        <ele>146.5</ele>
        <time>2024-07-07T08:59:32.831Z</time>
    </trkpt>
    <trkpt lat="45.566784" lon="15.160514">
        <ele>146.8</ele>
        <time>2024-07-07T08:59:33.831Z</time>
    </trkpt>
    <trkpt lat="45.566771" lon="15.160465">
        <ele>147.1</ele>
        <time>2024-07-07T08:59:34.831Z</time>
    </trkpt>
    <trkpt lat="45.566761" lon="15.160424">
        <ele>147.8</ele>
        <time>2024-07-07T08:59:35.831Z</time>
    </trkpt>
    <trkpt lat="45.566765" lon="15.160384">
        <ele>148.1</ele>
        <time>2024-07-07T08:59:36.831Z</time>
    </trkpt>
    <trkpt lat="45.566775" lon="15.160345">
        <ele>148.1</ele>
        <time>2024-07-07T08:59:37.831Z</time>
    </trkpt>
    <trkpt lat="45.566787" lon="15.160307">
        <ele>148.5</ele>
        <time>2024-07-07T08:59:38.831Z</time>
    </trkpt>
    <trkpt lat="45.566792" lon="15.160259">
        <ele>148.8</ele>
        <time>2024-07-07T08:59:39.831Z</time>
    </trkpt>
    <trkpt lat="45.566791" lon="15.160246">
        <ele>148.8</ele>
        <time>2024-07-07T08:59:40.831Z</time>
    </trkpt>
    <trkpt lat="45.566791" lon="15.160192">
        <ele>149.2</ele>
        <time>2024-07-07T08:59:41.831Z</time>
    </trkpt>
    <trkpt lat="45.566791" lon="15.160174">
        <ele>149.5</ele>
        <time>2024-07-07T08:59:42.831Z</time>
    </trkpt>
    <trkpt lat="45.566786" lon="15.160134">
        <ele>149.8</ele>
        <time>2024-07-07T08:59:43.831Z</time>
    </trkpt>
    <trkpt lat="45.566785" lon="15.160081">
        <ele>150.1</ele>
        <time>2024-07-07T08:59:44.831Z</time>
    </trkpt>
    <trkpt lat="45.566786" lon="15.160064">
        <ele>150.1</ele>
        <time>2024-07-07T08:59:45.831Z</time>
    </trkpt>
    <trkpt lat="45.566792" lon="15.160014">
        <ele>150.7</ele>
        <time>2024-07-07T08:59:46.831Z</time>
    </trkpt>
    <trkpt lat="45.566796" lon="15.159998">
        <ele>150.7</ele>
        <time>2024-07-07T08:59:47.831Z</time>
    </trkpt>
    <trkpt lat="45.566806" lon="15.159949">
        <ele>150.4</ele>
        <time>2024-07-07T08:59:48.831Z</time>
    </trkpt>
    <trkpt lat="45.566807" lon="15.159932">
        <ele>150.4</ele>
        <time>2024-07-07T08:59:49.831Z</time>
    </trkpt>
    <trkpt lat="45.566818" lon="15.159894">
        <ele>150.6</ele>
        <time>2024-07-07T08:59:50.831Z</time>
    </trkpt>
    <trkpt lat="45.566823" lon="15.159884">
        <ele>150.8</ele>
        <time>2024-07-07T08:59:51.831Z</time>
    </trkpt>
    <trkpt lat="45.566836" lon="15.159842">
        <ele>150.4</ele>
        <time>2024-07-07T08:59:52.831Z</time>
    </trkpt>
    <trkpt lat="45.56684" lon="15.159827">
        <ele>150.4</ele>
        <time>2024-07-07T08:59:53.831Z</time>
    </trkpt>
    <trkpt lat="45.566843" lon="15.159781">
        <ele>150.6</ele>
        <time>2024-07-07T08:59:54.831Z</time>
    </trkpt>
    <trkpt lat="45.566845" lon="15.159766">
        <ele>150.7</ele>
        <time>2024-07-07T08:59:55.831Z</time>
    </trkpt>
    <trkpt lat="45.566852" lon="15.159745">
        <ele>150.8</ele>
        <time>2024-07-07T08:59:56.831Z</time>
    </trkpt>
    <trkpt lat="45.566857" lon="15.159728">
        <ele>150.8</ele>
        <time>2024-07-07T08:59:57.831Z</time>
    </trkpt>
    <trkpt lat="45.566866" lon="15.159682">
        <ele>150.3</ele>
        <time>2024-07-07T08:59:58.831Z</time>
    </trkpt>
    <trkpt lat="45.566867" lon="15.159665">
        <ele>150.5</ele>
        <time>2024-07-07T08:59:59.831Z</time>
    </trkpt>
    <trkpt lat="45.566872" lon="15.15964">
        <ele>150.5</ele>
        <time>2024-07-07T09:00:00.831Z</time>
    </trkpt>
    <trkpt lat="45.566883" lon="15.159619">
        <ele>150.7</ele>
        <time>2024-07-07T09:00:01.831Z</time>
    </trkpt>
    <trkpt lat="45.566892" lon="15.159595">
        <ele>150.0</ele>
        <time>2024-07-07T09:00:02.831Z</time>
    </trkpt>
    <trkpt lat="45.566898" lon="15.159573">
        <ele>150.2</ele>
        <time>2024-07-07T09:00:03.831Z</time>
    </trkpt>
    <trkpt lat="45.566906" lon="15.159535">
        <ele>150.4</ele>
        <time>2024-07-07T09:00:04.831Z</time>
    </trkpt>
    <trkpt lat="45.566913" lon="15.159496">
        <ele>150.6</ele>
        <time>2024-07-07T09:00:05.831Z</time>
    </trkpt>
    <trkpt lat="45.566921" lon="15.15945">
        <ele>150.1</ele>
        <time>2024-07-07T09:00:06.831Z</time>
    </trkpt>
    <trkpt lat="45.566923" lon="15.159437">
        <ele>150.1</ele>
        <time>2024-07-07T09:00:07.831Z</time>
    </trkpt>
    <trkpt lat="45.566926" lon="15.159393">
        <ele>150.4</ele>
        <time>2024-07-07T09:00:08.831Z</time>
    </trkpt>
    <trkpt lat="45.566926" lon="15.159378">
        <ele>150.4</ele>
        <time>2024-07-07T09:00:09.831Z</time>
    </trkpt>
    <trkpt lat="45.566939" lon="15.159343">
        <ele>150.7</ele>
        <time>2024-07-07T09:00:10.831Z</time>
    </trkpt>
    <trkpt lat="45.566946" lon="15.15933">
        <ele>151.0</ele>
        <time>2024-07-07T09:00:11.831Z</time>
    </trkpt>
    <trkpt lat="45.566963" lon="15.159284">
        <ele>150.5</ele>
        <time>2024-07-07T09:00:12.831Z</time>
    </trkpt>
    <trkpt lat="45.566966" lon="15.159267">
        <ele>150.5</ele>
        <time>2024-07-07T09:00:13.831Z</time>
    </trkpt>
    <trkpt lat="45.566972" lon="15.159222">
        <ele>150.7</ele>
        <time>2024-07-07T09:00:14.831Z</time>
    </trkpt>
    <trkpt lat="45.566974" lon="15.159209">
        <ele>150.7</ele>
        <time>2024-07-07T09:00:15.831Z</time>
    </trkpt>
    <trkpt lat="45.566984" lon="15.15917">
        <ele>150.2</ele>
        <time>2024-07-07T09:00:16.831Z</time>
    </trkpt>
    <trkpt lat="45.566989" lon="15.159155">
        <ele>150.4</ele>
        <time>2024-07-07T09:00:17.831Z</time>
    </trkpt>
    <trkpt lat="45.567001" lon="15.159116">
        <ele>150.4</ele>
        <time>2024-07-07T09:00:18.831Z</time>
    </trkpt>
    <trkpt lat="45.567012" lon="15.159069">
        <ele>150.2</ele>
        <time>2024-07-07T09:00:19.831Z</time>
    </trkpt>
    <trkpt lat="45.567013" lon="15.159053">
        <ele>150.2</ele>
        <time>2024-07-07T09:00:20.831Z</time>
    </trkpt>
    <trkpt lat="45.567021" lon="15.159013">
        <ele>150.4</ele>
        <time>2024-07-07T09:00:21.831Z</time>
    </trkpt>
    <trkpt lat="45.567034" lon="15.158971">
        <ele>150.6</ele>
        <time>2024-07-07T09:00:22.831Z</time>
    </trkpt>
    <trkpt lat="45.567046" lon="15.158927">
        <ele>150.1</ele>
        <time>2024-07-07T09:00:23.831Z</time>
    </trkpt>
    <trkpt lat="45.567059" lon="15.158882">
        <ele>150.3</ele>
        <time>2024-07-07T09:00:24.831Z</time>
    </trkpt>
    <trkpt lat="45.567072" lon="15.158839">
        <ele>149.7</ele>
        <time>2024-07-07T09:00:25.831Z</time>
    </trkpt>
    <trkpt lat="45.567079" lon="15.158798">
        <ele>149.8</ele>
        <time>2024-07-07T09:00:26.831Z</time>
    </trkpt>
    <trkpt lat="45.567087" lon="15.158759">
        <ele>150.0</ele>
        <time>2024-07-07T09:00:27.831Z</time>
    </trkpt>
    <trkpt lat="45.567101" lon="15.158717">
        <ele>149.4</ele>
        <time>2024-07-07T09:00:28.831Z</time>
    </trkpt>
    <trkpt lat="45.567116" lon="15.158662">
        <ele>149.5</ele>
        <time>2024-07-07T09:00:29.831Z</time>
    </trkpt>
    <trkpt lat="45.567129" lon="15.15861">
        <ele>148.9</ele>
        <time>2024-07-07T09:00:30.831Z</time>
    </trkpt>
    <trkpt lat="45.567143" lon="15.158545">
        <ele>149.3</ele>
        <time>2024-07-07T09:00:31.831Z</time>
    </trkpt>
    <trkpt lat="45.56716" lon="15.158481">
        <ele>148.8</ele>
        <time>2024-07-07T09:00:32.831Z</time>
    </trkpt>
    <trkpt lat="45.567175" lon="15.15842">
        <ele>149.4</ele>
        <time>2024-07-07T09:00:33.831Z</time>
    </trkpt>
    <trkpt lat="45.567185" lon="15.158362">
        <ele>149.7</ele>
        <time>2024-07-07T09:00:34.831Z</time>
    </trkpt>
    <trkpt lat="45.567183" lon="15.158283">
        <ele>150.4</ele>
        <time>2024-07-07T09:00:35.831Z</time>
    </trkpt>
    <trkpt lat="45.567186" lon="15.158211">
        <ele>151.1</ele>
        <time>2024-07-07T09:00:36.831Z</time>
    </trkpt>
    <trkpt lat="45.567201" lon="15.158156">
        <ele>150.7</ele>
        <time>2024-07-07T09:00:37.831Z</time>
    </trkpt>
    <trkpt lat="45.567205" lon="15.158081">
        <ele>151.4</ele>
        <time>2024-07-07T09:00:38.831Z</time>
    </trkpt>
    <trkpt lat="45.567204" lon="15.158009">
        <ele>151.9</ele>
        <time>2024-07-07T09:00:39.831Z</time>
    </trkpt>
    <trkpt lat="45.567212" lon="15.157946">
        <ele>152.6</ele>
        <time>2024-07-07T09:00:40.831Z</time>
    </trkpt>
    <trkpt lat="45.567216" lon="15.157877">
        <ele>153.0</ele>
        <time>2024-07-07T09:00:41.831Z</time>
    </trkpt>
    <trkpt lat="45.567217" lon="15.157803">
        <ele>153.7</ele>
        <time>2024-07-07T09:00:42.831Z</time>
    </trkpt>
    <trkpt lat="45.567218" lon="15.157733">
        <ele>154.4</ele>
        <time>2024-07-07T09:00:43.831Z</time>
    </trkpt>
    <trkpt lat="45.567222" lon="15.157662">
        <ele>154.0</ele>
        <time>2024-07-07T09:00:44.831Z</time>
    </trkpt>
    <trkpt lat="45.567217" lon="15.157583">
        <ele>155.5</ele>
        <time>2024-07-07T09:00:45.831Z</time>
    </trkpt>
    <trkpt lat="45.567212" lon="15.157504">
        <ele>156.3</ele>
        <time>2024-07-07T09:00:46.831Z</time>
    </trkpt>
    <trkpt lat="45.567206" lon="15.157424">
        <ele>157.0</ele>
        <time>2024-07-07T09:00:47.831Z</time>
    </trkpt>
    <trkpt lat="45.567197" lon="15.157343">
        <ele>157.6</ele>
        <time>2024-07-07T09:00:48.831Z</time>
    </trkpt>
    <trkpt lat="45.567186" lon="15.157263">
        <ele>159.0</ele>
        <time>2024-07-07T09:00:49.831Z</time>
    </trkpt>
    <trkpt lat="45.567173" lon="15.157189">
        <ele>159.3</ele>
        <time>2024-07-07T09:00:50.831Z</time>
    </trkpt>
    <trkpt lat="45.567164" lon="15.157135">
        <ele>160.0</ele>
        <time>2024-07-07T09:00:51.831Z</time>
    </trkpt>
    <trkpt lat="45.567162" lon="15.15708">
        <ele>160.3</ele>
        <time>2024-07-07T09:00:52.831Z</time>
    </trkpt>
    <trkpt lat="45.567175" lon="15.157021">
        <ele>160.7</ele>
        <time>2024-07-07T09:00:53.831Z</time>
    </trkpt>
    <trkpt lat="45.567182" lon="15.156967">
        <ele>161.4</ele>
        <time>2024-07-07T09:00:54.831Z</time>
    </trkpt>
    <trkpt lat="45.567177" lon="15.156919">
        <ele>161.7</ele>
        <time>2024-07-07T09:00:55.831Z</time>
    </trkpt>
    <trkpt lat="45.567169" lon="15.156877">
        <ele>162.1</ele>
        <time>2024-07-07T09:00:56.831Z</time>
    </trkpt>
    <trkpt lat="45.567153" lon="15.156825">
        <ele>163.0</ele>
        <time>2024-07-07T09:00:57.831Z</time>
    </trkpt>
    <trkpt lat="45.567146" lon="15.156808">
        <ele>163.0</ele>
        <time>2024-07-07T09:00:58.831Z</time>
    </trkpt>
    <trkpt lat="45.567129" lon="15.156764">
        <ele>163.4</ele>
        <time>2024-07-07T09:00:59.831Z</time>
    </trkpt>
    <trkpt lat="45.567112" lon="15.156721">
        <ele>164.2</ele>
        <time>2024-07-07T09:01:00.831Z</time>
    </trkpt>
    <trkpt lat="45.567098" lon="15.156679">
        <ele>164.9</ele>
        <time>2024-07-07T09:01:01.831Z</time>
    </trkpt>
    <trkpt lat="45.567083" lon="15.156634">
        <ele>165.2</ele>
        <time>2024-07-07T09:01:02.831Z</time>
    </trkpt>
    <trkpt lat="45.567068" lon="15.156584">
        <ele>165.8</ele>
        <time>2024-07-07T09:01:03.831Z</time>
    </trkpt>
    <trkpt lat="45.567055" lon="15.156533">
        <ele>166.2</ele>
        <time>2024-07-07T09:01:04.831Z</time>
    </trkpt>
    <trkpt lat="45.567038" lon="15.156478">
        <ele>166.7</ele>
        <time>2024-07-07T09:01:05.831Z</time>
    </trkpt>
    <trkpt lat="45.567013" lon="15.15642">
        <ele>166.8</ele>
        <time>2024-07-07T09:01:06.831Z</time>
    </trkpt>
    <trkpt lat="45.566991" lon="15.156359">
        <ele>167.3</ele>
        <time>2024-07-07T09:01:07.831Z</time>
    </trkpt>
    <trkpt lat="45.566963" lon="15.156286">
        <ele>167.7</ele>
        <time>2024-07-07T09:01:08.831Z</time>
    </trkpt>
    <trkpt lat="45.566945" lon="15.15622">
        <ele>168.0</ele>
        <time>2024-07-07T09:01:09.831Z</time>
    </trkpt>
    <trkpt lat="45.566926" lon="15.15616">
        <ele>167.9</ele>
        <time>2024-07-07T09:01:10.831Z</time>
    </trkpt>
    <trkpt lat="45.5669" lon="15.156103">
        <ele>167.9</ele>
        <time>2024-07-07T09:01:11.831Z</time>
    </trkpt>
    <trkpt lat="45.566878" lon="15.15605">
        <ele>167.9</ele>
        <time>2024-07-07T09:01:12.831Z</time>
    </trkpt>
    <trkpt lat="45.566858" lon="15.155986">
        <ele>167.8</ele>
        <time>2024-07-07T09:01:13.831Z</time>
    </trkpt>
    <trkpt lat="45.566839" lon="15.155923">
        <ele>167.2</ele>
        <time>2024-07-07T09:01:14.831Z</time>
    </trkpt>
    <trkpt lat="45.566814" lon="15.15587">
        <ele>166.9</ele>
        <time>2024-07-07T09:01:15.831Z</time>
    </trkpt>
    <trkpt lat="45.566786" lon="15.155819">
        <ele>166.5</ele>
        <time>2024-07-07T09:01:16.831Z</time>
    </trkpt>
    <trkpt lat="45.566769" lon="15.155755">
        <ele>165.5</ele>
        <time>2024-07-07T09:01:17.831Z</time>
    </trkpt>
    <trkpt lat="45.56675" lon="15.155697">
        <ele>164.9</ele>
        <time>2024-07-07T09:01:18.831Z</time>
    </trkpt>
    <trkpt lat="45.566729" lon="15.155634">
        <ele>163.7</ele>
        <time>2024-07-07T09:01:19.831Z</time>
    </trkpt>
    <trkpt lat="45.566708" lon="15.155572">
        <ele>163.1</ele>
        <time>2024-07-07T09:01:20.831Z</time>
    </trkpt>
    <trkpt lat="45.56669" lon="15.1555">
        <ele>161.7</ele>
        <time>2024-07-07T09:01:21.831Z</time>
    </trkpt>
    <trkpt lat="45.566667" lon="15.155417">
        <ele>160.2</ele>
        <time>2024-07-07T09:01:22.831Z</time>
    </trkpt>
    <trkpt lat="45.566638" lon="15.155341">
        <ele>159.4</ele>
        <time>2024-07-07T09:01:23.831Z</time>
    </trkpt>
    <trkpt lat="45.566616" lon="15.155267">
        <ele>157.6</ele>
        <time>2024-07-07T09:01:24.831Z</time>
    </trkpt>
    <trkpt lat="45.566605" lon="15.155176">
        <ele>156.1</ele>
        <time>2024-07-07T09:01:25.831Z</time>
    </trkpt>
    <trkpt lat="45.566586" lon="15.155084">
        <ele>154.4</ele>
        <time>2024-07-07T09:01:26.831Z</time>
    </trkpt>
    <trkpt lat="45.566556" lon="15.154989">
        <ele>152.1</ele>
        <time>2024-07-07T09:01:27.831Z</time>
    </trkpt>
    <trkpt lat="45.56651" lon="15.154912">
        <ele>151.3</ele>
        <time>2024-07-07T09:01:28.831Z</time>
    </trkpt>
    <trkpt lat="45.566473" lon="15.154835">
        <ele>150.0</ele>
        <time>2024-07-07T09:01:29.831Z</time>
    </trkpt>
    <trkpt lat="45.56643" lon="15.154753">
        <ele>148.8</ele>
        <time>2024-07-07T09:01:30.831Z</time>
    </trkpt>
    <trkpt lat="45.566395" lon="15.154668">
        <ele>148.0</ele>
        <time>2024-07-07T09:01:31.831Z</time>
    </trkpt>
    <trkpt lat="45.566349" lon="15.154592">
        <ele>147.1</ele>
        <time>2024-07-07T09:01:32.831Z</time>
    </trkpt>
    <trkpt lat="45.566299" lon="15.154533">
        <ele>146.6</ele>
        <time>2024-07-07T09:01:33.831Z</time>
    </trkpt>
    <trkpt lat="45.566254" lon="15.154472">
        <ele>145.5</ele>
        <time>2024-07-07T09:01:34.831Z</time>
    </trkpt>
    <trkpt lat="45.566208" lon="15.154401">
        <ele>145.0</ele>
        <time>2024-07-07T09:01:35.831Z</time>
    </trkpt>
    <trkpt lat="45.56617" lon="15.154323">
        <ele>145.1</ele>
        <time>2024-07-07T09:01:36.831Z</time>
    </trkpt>
    <trkpt lat="45.566134" lon="15.154241">
        <ele>145.2</ele>
        <time>2024-07-07T09:01:37.831Z</time>
    </trkpt>
    <trkpt lat="45.566097" lon="15.154158">
        <ele>145.2</ele>
        <time>2024-07-07T09:01:38.831Z</time>
    </trkpt>
    <trkpt lat="45.56606" lon="15.15407">
        <ele>145.3</ele>
        <time>2024-07-07T09:01:39.831Z</time>
    </trkpt>
    <trkpt lat="45.566031" lon="15.153981">
        <ele>145.3</ele>
        <time>2024-07-07T09:01:40.831Z</time>
    </trkpt>
    <trkpt lat="45.566003" lon="15.153901">
        <ele>145.4</ele>
        <time>2024-07-07T09:01:41.831Z</time>
    </trkpt>
    <trkpt lat="45.565977" lon="15.153828">
        <ele>145.4</ele>
        <time>2024-07-07T09:01:42.831Z</time>
    </trkpt>
    <trkpt lat="45.565959" lon="15.153767">
        <ele>145.5</ele>
        <time>2024-07-07T09:01:43.831Z</time>
    </trkpt>
    <trkpt lat="45.565942" lon="15.153713">
        <ele>145.5</ele>
        <time>2024-07-07T09:01:44.831Z</time>
    </trkpt>
    <trkpt lat="45.565927" lon="15.153663">
        <ele>145.6</ele>
        <time>2024-07-07T09:01:45.831Z</time>
    </trkpt>
    <trkpt lat="45.565914" lon="15.153611">
        <ele>145.6</ele>
        <time>2024-07-07T09:01:46.831Z</time>
    </trkpt>
    <trkpt lat="45.565904" lon="15.153568">
        <ele>145.6</ele>
        <time>2024-07-07T09:01:47.831Z</time>
    </trkpt>
    <trkpt lat="45.565896" lon="15.153525">
        <ele>145.6</ele>
        <time>2024-07-07T09:01:48.831Z</time>
    </trkpt>
    <trkpt lat="45.565886" lon="15.153475">
        <ele>145.7</ele>
        <time>2024-07-07T09:01:49.831Z</time>
    </trkpt>
    <trkpt lat="45.565876" lon="15.153419">
        <ele>145.7</ele>
        <time>2024-07-07T09:01:50.831Z</time>
    </trkpt>
    <trkpt lat="45.565865" lon="15.153361">
        <ele>145.7</ele>
        <time>2024-07-07T09:01:51.831Z</time>
    </trkpt>
    <trkpt lat="45.565854" lon="15.153303">
        <ele>145.8</ele>
        <time>2024-07-07T09:01:52.831Z</time>
    </trkpt>
    <trkpt lat="45.565843" lon="15.153247">
        <ele>145.8</ele>
        <time>2024-07-07T09:01:53.831Z</time>
    </trkpt>
    <trkpt lat="45.565831" lon="15.153193">
        <ele>145.9</ele>
        <time>2024-07-07T09:01:54.831Z</time>
    </trkpt>
    <trkpt lat="45.56582" lon="15.153141">
        <ele>145.9</ele>
        <time>2024-07-07T09:01:55.831Z</time>
    </trkpt>
    <trkpt lat="45.565807" lon="15.15309">
        <ele>145.9</ele>
        <time>2024-07-07T09:01:56.831Z</time>
    </trkpt>
    <trkpt lat="45.565794" lon="15.153039">
        <ele>146.0</ele>
        <time>2024-07-07T09:01:57.831Z</time>
    </trkpt>
    <trkpt lat="45.565783" lon="15.152987">
        <ele>146.0</ele>
        <time>2024-07-07T09:01:58.831Z</time>
    </trkpt>
    <trkpt lat="45.565772" lon="15.152936">
        <ele>146.0</ele>
        <time>2024-07-07T09:01:59.831Z</time>
    </trkpt>
    <trkpt lat="45.56576" lon="15.152886">
        <ele>146.1</ele>
        <time>2024-07-07T09:02:00.831Z</time>
    </trkpt>
    <trkpt lat="45.56575" lon="15.152835">
        <ele>146.1</ele>
        <time>2024-07-07T09:02:01.831Z</time>
    </trkpt>
    <trkpt lat="45.565738" lon="15.152782">
        <ele>146.1</ele>
        <time>2024-07-07T09:02:02.831Z</time>
    </trkpt>
    <trkpt lat="45.565725" lon="15.152731">
        <ele>146.2</ele>
        <time>2024-07-07T09:02:03.831Z</time>
    </trkpt>
    <trkpt lat="45.565712" lon="15.15268">
        <ele>146.2</ele>
        <time>2024-07-07T09:02:04.831Z</time>
    </trkpt>
    <trkpt lat="45.565699" lon="15.152632">
        <ele>146.2</ele>
        <time>2024-07-07T09:02:05.831Z</time>
    </trkpt>
    <trkpt lat="45.565683" lon="15.152589">
        <ele>146.3</ele>
        <time>2024-07-07T09:02:06.831Z</time>
    </trkpt>
    <trkpt lat="45.565664" lon="15.152546">
        <ele>146.3</ele>
        <time>2024-07-07T09:02:07.831Z</time>
    </trkpt>
    <trkpt lat="45.56564" lon="15.152502">
        <ele>146.3</ele>
        <time>2024-07-07T09:02:08.831Z</time>
    </trkpt>
    <trkpt lat="45.565614" lon="15.15246">
        <ele>146.4</ele>
        <time>2024-07-07T09:02:09.831Z</time>
    </trkpt>
    <trkpt lat="45.565585" lon="15.152419">
        <ele>146.4</ele>
        <time>2024-07-07T09:02:10.831Z</time>
    </trkpt>
    <trkpt lat="45.565556" lon="15.152379">
        <ele>146.4</ele>
        <time>2024-07-07T09:02:11.831Z</time>
    </trkpt>
    <trkpt lat="45.565528" lon="15.15234">
        <ele>146.5</ele>
        <time>2024-07-07T09:02:12.831Z</time>
    </trkpt>
    <trkpt lat="45.5655" lon="15.152301">
        <ele>146.5</ele>
        <time>2024-07-07T09:02:13.831Z</time>
    </trkpt>
    <trkpt lat="45.565471" lon="15.152264">
        <ele>146.5</ele>
        <time>2024-07-07T09:02:14.831Z</time>
    </trkpt>
    <trkpt lat="45.565442" lon="15.152229">
        <ele>146.6</ele>
        <time>2024-07-07T09:02:15.831Z</time>
    </trkpt>
    <trkpt lat="45.565412" lon="15.152197">
        <ele>146.6</ele>
        <time>2024-07-07T09:02:16.831Z</time>
    </trkpt>
    <trkpt lat="45.565381" lon="15.152163">
        <ele>146.6</ele>
        <time>2024-07-07T09:02:17.831Z</time>
    </trkpt>
    <trkpt lat="45.565351" lon="15.152128">
        <ele>146.7</ele>
        <time>2024-07-07T09:02:18.831Z</time>
    </trkpt>
    <trkpt lat="45.56532" lon="15.15209">
        <ele>146.7</ele>
        <time>2024-07-07T09:02:19.831Z</time>
    </trkpt>
    <trkpt lat="45.565289" lon="15.152054">
        <ele>146.7</ele>
        <time>2024-07-07T09:02:20.831Z</time>
    </trkpt>
    <trkpt lat="45.565259" lon="15.152019">
        <ele>146.8</ele>
        <time>2024-07-07T09:02:21.831Z</time>
    </trkpt>
    <trkpt lat="45.565228" lon="15.151988">
        <ele>146.8</ele>
        <time>2024-07-07T09:02:22.831Z</time>
    </trkpt>
    <trkpt lat="45.565197" lon="15.151956">
        <ele>146.8</ele>
        <time>2024-07-07T09:02:23.831Z</time>
    </trkpt>
    <trkpt lat="45.565167" lon="15.151922">
        <ele>146.9</ele>
        <time>2024-07-07T09:02:24.831Z</time>
    </trkpt>
    <trkpt lat="45.565135" lon="15.151886">
        <ele>146.9</ele>
        <time>2024-07-07T09:02:25.831Z</time>
    </trkpt>
    <trkpt lat="45.565102" lon="15.151848">
        <ele>146.9</ele>
        <time>2024-07-07T09:02:26.831Z</time>
    </trkpt>
    <trkpt lat="45.56507" lon="15.151807">
        <ele>147.0</ele>
        <time>2024-07-07T09:02:27.831Z</time>
    </trkpt>
    <trkpt lat="45.565037" lon="15.151764">
        <ele>147.0</ele>
        <time>2024-07-07T09:02:28.831Z</time>
    </trkpt>
    <trkpt lat="45.565003" lon="15.151722">
        <ele>147.1</ele>
        <time>2024-07-07T09:02:29.831Z</time>
    </trkpt>
    <trkpt lat="45.564969" lon="15.151679">
        <ele>147.1</ele>
        <time>2024-07-07T09:02:30.831Z</time>
    </trkpt>
    <trkpt lat="45.564938" lon="15.151635">
        <ele>147.1</ele>
        <time>2024-07-07T09:02:31.831Z</time>
    </trkpt>
    <trkpt lat="45.56491" lon="15.151587">
        <ele>147.2</ele>
        <time>2024-07-07T09:02:32.831Z</time>
    </trkpt>
    <trkpt lat="45.564882" lon="15.151539">
        <ele>147.2</ele>
        <time>2024-07-07T09:02:33.831Z</time>
    </trkpt>
    <trkpt lat="45.564855" lon="15.151491">
        <ele>147.2</ele>
        <time>2024-07-07T09:02:34.831Z</time>
    </trkpt>
    <trkpt lat="45.564829" lon="15.151442">
        <ele>147.3</ele>
        <time>2024-07-07T09:02:35.831Z</time>
    </trkpt>
    <trkpt lat="45.564804" lon="15.15139">
        <ele>147.3</ele>
        <time>2024-07-07T09:02:36.831Z</time>
    </trkpt>
    <trkpt lat="45.56478" lon="15.151338">
        <ele>147.4</ele>
        <time>2024-07-07T09:02:37.831Z</time>
    </trkpt>
    <trkpt lat="45.564758" lon="15.151283">
        <ele>147.4</ele>
        <time>2024-07-07T09:02:38.831Z</time>
    </trkpt>
    <trkpt lat="45.564737" lon="15.151228">
        <ele>147.4</ele>
        <time>2024-07-07T09:02:39.831Z</time>
    </trkpt>
    <trkpt lat="45.564714" lon="15.151175">
        <ele>147.4</ele>
        <time>2024-07-07T09:02:40.831Z</time>
    </trkpt>
    <trkpt lat="45.56469" lon="15.151124">
        <ele>147.4</ele>
        <time>2024-07-07T09:02:41.831Z</time>
    </trkpt>
    <trkpt lat="45.564665" lon="15.151072">
        <ele>147.4</ele>
        <time>2024-07-07T09:02:42.831Z</time>
    </trkpt>
    <trkpt lat="45.564639" lon="15.151021">
        <ele>147.4</ele>
        <time>2024-07-07T09:02:43.831Z</time>
    </trkpt>
    <trkpt lat="45.564611" lon="15.150971">
        <ele>147.4</ele>
        <time>2024-07-07T09:02:44.831Z</time>
    </trkpt>
    <trkpt lat="45.564581" lon="15.150919">
        <ele>147.4</ele>
        <time>2024-07-07T09:02:45.831Z</time>
    </trkpt>
    <trkpt lat="45.564548" lon="15.150864">
        <ele>147.4</ele>
        <time>2024-07-07T09:02:46.831Z</time>
    </trkpt>
    <trkpt lat="45.564511" lon="15.150808">
        <ele>147.3</ele>
        <time>2024-07-07T09:02:47.831Z</time>
    </trkpt>
    <trkpt lat="45.564471" lon="15.150751">
        <ele>147.3</ele>
        <time>2024-07-07T09:02:48.831Z</time>
    </trkpt>
    <trkpt lat="45.564428" lon="15.150697">
        <ele>147.3</ele>
        <time>2024-07-07T09:02:49.831Z</time>
    </trkpt>
    <trkpt lat="45.564383" lon="15.150643">
        <ele>147.3</ele>
        <time>2024-07-07T09:02:50.831Z</time>
    </trkpt>
    <trkpt lat="45.564337" lon="15.15059">
        <ele>147.3</ele>
        <time>2024-07-07T09:02:51.831Z</time>
    </trkpt>
    <trkpt lat="45.564291" lon="15.150537">
        <ele>147.3</ele>
        <time>2024-07-07T09:02:52.831Z</time>
    </trkpt>
    <trkpt lat="45.564242" lon="15.150483">
        <ele>147.2</ele>
        <time>2024-07-07T09:02:53.831Z</time>
    </trkpt>
    <trkpt lat="45.564193" lon="15.150431">
        <ele>147.2</ele>
        <time>2024-07-07T09:02:54.831Z</time>
    </trkpt>
    <trkpt lat="45.564144" lon="15.150376">
        <ele>147.2</ele>
        <time>2024-07-07T09:02:55.831Z</time>
    </trkpt>
    <trkpt lat="45.564094" lon="15.150318">
        <ele>147.2</ele>
        <time>2024-07-07T09:02:56.831Z</time>
    </trkpt>
    <trkpt lat="45.564042" lon="15.150258">
        <ele>147.2</ele>
        <time>2024-07-07T09:02:57.831Z</time>
    </trkpt>
    <trkpt lat="45.563988" lon="15.150195">
        <ele>147.1</ele>
        <time>2024-07-07T09:02:58.831Z</time>
    </trkpt>
    <trkpt lat="45.56393" lon="15.150131">
        <ele>147.1</ele>
        <time>2024-07-07T09:02:59.831Z</time>
    </trkpt>
    <trkpt lat="45.563869" lon="15.150069">
        <ele>147.1</ele>
        <time>2024-07-07T09:03:00.831Z</time>
    </trkpt>
    <trkpt lat="45.563808" lon="15.149997">
        <ele>147.1</ele>
        <time>2024-07-07T09:03:01.831Z</time>
    </trkpt>
    <trkpt lat="45.563763" lon="15.149898">
        <ele>147.1</ele>
        <time>2024-07-07T09:03:02.831Z</time>
    </trkpt>
    <trkpt lat="45.563726" lon="15.149787">
        <ele>147.0</ele>
        <time>2024-07-07T09:03:03.831Z</time>
    </trkpt>
    <trkpt lat="45.563691" lon="15.149673">
        <ele>147.0</ele>
        <time>2024-07-07T09:03:04.831Z</time>
    </trkpt>
    <trkpt lat="45.563641" lon="15.149568">
        <ele>147.0</ele>
        <time>2024-07-07T09:03:05.831Z</time>
    </trkpt>
    <trkpt lat="45.563572" lon="15.149483">
        <ele>147.0</ele>
        <time>2024-07-07T09:03:06.831Z</time>
    </trkpt>
    <trkpt lat="45.563493" lon="15.14942">
        <ele>146.9</ele>
        <time>2024-07-07T09:03:07.831Z</time>
    </trkpt>
    <trkpt lat="45.563416" lon="15.149361">
        <ele>146.9</ele>
        <time>2024-07-07T09:03:08.831Z</time>
    </trkpt>
    <trkpt lat="45.563346" lon="15.149286">
        <ele>146.9</ele>
        <time>2024-07-07T09:03:09.831Z</time>
    </trkpt>
    <trkpt lat="45.563282" lon="15.149206">
        <ele>146.8</ele>
        <time>2024-07-07T09:03:10.831Z</time>
    </trkpt>
    <trkpt lat="45.563219" lon="15.149128">
        <ele>146.8</ele>
        <time>2024-07-07T09:03:11.831Z</time>
    </trkpt>
    <trkpt lat="45.563158" lon="15.149049">
        <ele>146.8</ele>
        <time>2024-07-07T09:03:12.831Z</time>
    </trkpt>
    <trkpt lat="45.563101" lon="15.148972">
        <ele>146.8</ele>
        <time>2024-07-07T09:03:13.831Z</time>
    </trkpt>
    <trkpt lat="45.563041" lon="15.148904">
        <ele>146.8</ele>
        <time>2024-07-07T09:03:14.831Z</time>
    </trkpt>
    <trkpt lat="45.562981" lon="15.148842">
        <ele>146.7</ele>
        <time>2024-07-07T09:03:15.831Z</time>
    </trkpt>
    <trkpt lat="45.56292" lon="15.148788">
        <ele>146.7</ele>
        <time>2024-07-07T09:03:16.831Z</time>
    </trkpt>
    <trkpt lat="45.562855" lon="15.148747">
        <ele>146.7</ele>
        <time>2024-07-07T09:03:17.831Z</time>
    </trkpt>
    <trkpt lat="45.562787" lon="15.148722">
        <ele>146.7</ele>
        <time>2024-07-07T09:03:18.831Z</time>
    </trkpt>
    <trkpt lat="45.562732" lon="15.14868">
        <ele>146.7</ele>
        <time>2024-07-07T09:03:19.831Z</time>
    </trkpt>
    <trkpt lat="45.562696" lon="15.148614">
        <ele>146.6</ele>
        <time>2024-07-07T09:03:20.831Z</time>
    </trkpt>
    <trkpt lat="45.562683" lon="15.148531">
        <ele>146.6</ele>
        <time>2024-07-07T09:03:21.831Z</time>
    </trkpt>
    <trkpt lat="45.562678" lon="15.148447">
        <ele>146.6</ele>
        <time>2024-07-07T09:03:22.831Z</time>
    </trkpt>
    <trkpt lat="45.562629" lon="15.148394">
        <ele>146.1</ele>
        <time>2024-07-07T09:03:23.831Z</time>
    </trkpt>
    <trkpt lat="45.562558" lon="15.14839">
        <ele>145.6</ele>
        <time>2024-07-07T09:03:24.831Z</time>
    </trkpt>
    <trkpt lat="45.562485" lon="15.148427">
        <ele>145.1</ele>
        <time>2024-07-07T09:03:25.831Z</time>
    </trkpt>
    <trkpt lat="45.562413" lon="15.148477">
        <ele>144.6</ele>
        <time>2024-07-07T09:03:26.831Z</time>
    </trkpt>
    <trkpt lat="45.562344" lon="15.148528">
        <ele>144.2</ele>
        <time>2024-07-07T09:03:27.831Z</time>
    </trkpt>
    <trkpt lat="45.562275" lon="15.148577">
        <ele>143.9</ele>
        <time>2024-07-07T09:03:28.831Z</time>
    </trkpt>
    <trkpt lat="45.562206" lon="15.148626">
        <ele>143.6</ele>
        <time>2024-07-07T09:03:29.831Z</time>
    </trkpt>
    <trkpt lat="45.562141" lon="15.148681">
        <ele>143.3</ele>
        <time>2024-07-07T09:03:30.831Z</time>
    </trkpt>
    <trkpt lat="45.562076" lon="15.148732">
        <ele>143.0</ele>
        <time>2024-07-07T09:03:31.831Z</time>
    </trkpt>
    <trkpt lat="45.562014" lon="15.148779">
        <ele>142.8</ele>
        <time>2024-07-07T09:03:32.831Z</time>
    </trkpt>
    <trkpt lat="45.561954" lon="15.148831">
        <ele>142.5</ele>
        <time>2024-07-07T09:03:33.831Z</time>
    </trkpt>
    <trkpt lat="45.561895" lon="15.148879">
        <ele>142.3</ele>
        <time>2024-07-07T09:03:34.831Z</time>
    </trkpt>
    <trkpt lat="45.561834" lon="15.14893">
        <ele>142.1</ele>
        <time>2024-07-07T09:03:35.831Z</time>
    </trkpt>
    <trkpt lat="45.561774" lon="15.148979">
        <ele>141.8</ele>
        <time>2024-07-07T09:03:36.831Z</time>
    </trkpt>
    <trkpt lat="45.561715" lon="15.149029">
        <ele>141.5</ele>
        <time>2024-07-07T09:03:37.831Z</time>
    </trkpt>
    <trkpt lat="45.56166" lon="15.149081">
        <ele>141.2</ele>
        <time>2024-07-07T09:03:38.831Z</time>
    </trkpt>
    <trkpt lat="45.561601" lon="15.149125">
        <ele>141.3</ele>
        <time>2024-07-07T09:03:39.831Z</time>
    </trkpt>
    <trkpt lat="45.561544" lon="15.149177">
        <ele>141.5</ele>
        <time>2024-07-07T09:03:40.831Z</time>
    </trkpt>
    <trkpt lat="45.561487" lon="15.149237">
        <ele>141.6</ele>
        <time>2024-07-07T09:03:41.831Z</time>
    </trkpt>
    <trkpt lat="45.561427" lon="15.149292">
        <ele>141.7</ele>
        <time>2024-07-07T09:03:42.831Z</time>
    </trkpt>
    <trkpt lat="45.561373" lon="15.149346">
        <ele>141.9</ele>
        <time>2024-07-07T09:03:43.831Z</time>
    </trkpt>
    <trkpt lat="45.561318" lon="15.149403">
        <ele>142.0</ele>
        <time>2024-07-07T09:03:44.831Z</time>
    </trkpt>
    <trkpt lat="45.561266" lon="15.149456">
        <ele>142.2</ele>
        <time>2024-07-07T09:03:45.831Z</time>
    </trkpt>
    <trkpt lat="45.561219" lon="15.14951">
        <ele>142.3</ele>
        <time>2024-07-07T09:03:46.831Z</time>
    </trkpt>
    <trkpt lat="45.561176" lon="15.149569">
        <ele>142.5</ele>
        <time>2024-07-07T09:03:47.831Z</time>
    </trkpt>
    <trkpt lat="45.561132" lon="15.14963">
        <ele>142.6</ele>
        <time>2024-07-07T09:03:48.831Z</time>
    </trkpt>
    <trkpt lat="45.561088" lon="15.149688">
        <ele>142.8</ele>
        <time>2024-07-07T09:03:49.831Z</time>
    </trkpt>
    <trkpt lat="45.561051" lon="15.149743">
        <ele>142.9</ele>
        <time>2024-07-07T09:03:50.831Z</time>
    </trkpt>
    <trkpt lat="45.56101" lon="15.149805">
        <ele>143.1</ele>
        <time>2024-07-07T09:03:51.831Z</time>
    </trkpt>
    <trkpt lat="45.560973" lon="15.149872">
        <ele>143.2</ele>
        <time>2024-07-07T09:03:52.831Z</time>
    </trkpt>
    <trkpt lat="45.560937" lon="15.149946">
        <ele>143.4</ele>
        <time>2024-07-07T09:03:53.831Z</time>
    </trkpt>
    <trkpt lat="45.560906" lon="15.150021">
        <ele>143.6</ele>
        <time>2024-07-07T09:03:54.831Z</time>
    </trkpt>
    <trkpt lat="45.560877" lon="15.150095">
        <ele>143.7</ele>
        <time>2024-07-07T09:03:55.831Z</time>
    </trkpt>
    <trkpt lat="45.560844" lon="15.150167">
        <ele>143.9</ele>
        <time>2024-07-07T09:03:56.831Z</time>
    </trkpt>
    <trkpt lat="45.560807" lon="15.150246">
        <ele>144.1</ele>
        <time>2024-07-07T09:03:57.831Z</time>
    </trkpt>
    <trkpt lat="45.56077" lon="15.15031">
        <ele>144.3</ele>
        <time>2024-07-07T09:03:58.831Z</time>
    </trkpt>
    <trkpt lat="45.560733" lon="15.150369">
        <ele>144.4</ele>
        <time>2024-07-07T09:03:59.831Z</time>
    </trkpt>
    <trkpt lat="45.560697" lon="15.150418">
        <ele>144.6</ele>
        <time>2024-07-07T09:04:00.831Z</time>
    </trkpt>
    <trkpt lat="45.560655" lon="15.150464">
        <ele>144.7</ele>
        <time>2024-07-07T09:04:01.831Z</time>
    </trkpt>
    <trkpt lat="45.560608" lon="15.150503">
        <ele>144.9</ele>
        <time>2024-07-07T09:04:02.831Z</time>
    </trkpt>
    <trkpt lat="45.560565" lon="15.150544">
        <ele>145.0</ele>
        <time>2024-07-07T09:04:03.831Z</time>
    </trkpt>
    <trkpt lat="45.560522" lon="15.150586">
        <ele>145.1</ele>
        <time>2024-07-07T09:04:04.831Z</time>
    </trkpt>
    <trkpt lat="45.560481" lon="15.150626">
        <ele>145.3</ele>
        <time>2024-07-07T09:04:05.831Z</time>
    </trkpt>
    <trkpt lat="45.560443" lon="15.15065">
        <ele>145.4</ele>
        <time>2024-07-07T09:04:06.831Z</time>
    </trkpt>
    <trkpt lat="45.560402" lon="15.150656">
        <ele>145.4</ele>
        <time>2024-07-07T09:04:07.831Z</time>
    </trkpt>
    <trkpt lat="45.560351" lon="15.150649">
        <ele>145.3</ele>
        <time>2024-07-07T09:04:08.831Z</time>
    </trkpt>
    <trkpt lat="45.560293" lon="15.150634">
        <ele>145.2</ele>
        <time>2024-07-07T09:04:09.831Z</time>
    </trkpt>
    <trkpt lat="45.560233" lon="15.150606">
        <ele>145.1</ele>
        <time>2024-07-07T09:04:10.831Z</time>
    </trkpt>
    <trkpt lat="45.560175" lon="15.150549">
        <ele>145.0</ele>
        <time>2024-07-07T09:04:11.831Z</time>
    </trkpt>
    <trkpt lat="45.560122" lon="15.150484">
        <ele>144.7</ele>
        <time>2024-07-07T09:04:12.831Z</time>
    </trkpt>
    <trkpt lat="45.560066" lon="15.150427">
        <ele>144.6</ele>
        <time>2024-07-07T09:04:13.831Z</time>
    </trkpt>
    <trkpt lat="45.56001" lon="15.150378">
        <ele>144.4</ele>
        <time>2024-07-07T09:04:14.831Z</time>
    </trkpt>
    <trkpt lat="45.559948" lon="15.150342">
        <ele>144.3</ele>
        <time>2024-07-07T09:04:15.831Z</time>
    </trkpt>
    <trkpt lat="45.559884" lon="15.150313">
        <ele>144.2</ele>
        <time>2024-07-07T09:04:16.831Z</time>
    </trkpt>
    <trkpt lat="45.559823" lon="15.150278">
        <ele>144.4</ele>
        <time>2024-07-07T09:04:17.831Z</time>
    </trkpt>
    <trkpt lat="45.559766" lon="15.150231">
        <ele>143.9</ele>
        <time>2024-07-07T09:04:18.831Z</time>
    </trkpt>
    <trkpt lat="45.55971" lon="15.150191">
        <ele>144.0</ele>
        <time>2024-07-07T09:04:19.831Z</time>
    </trkpt>
    <trkpt lat="45.559645" lon="15.150163">
        <ele>144.1</ele>
        <time>2024-07-07T09:04:20.831Z</time>
    </trkpt>
    <trkpt lat="45.559579" lon="15.150145">
        <ele>143.7</ele>
        <time>2024-07-07T09:04:21.831Z</time>
    </trkpt>
    <trkpt lat="45.559515" lon="15.150128">
        <ele>144.1</ele>
        <time>2024-07-07T09:04:22.831Z</time>
    </trkpt>
    <trkpt lat="45.559451" lon="15.150111">
        <ele>144.4</ele>
        <time>2024-07-07T09:04:23.831Z</time>
    </trkpt>
    <trkpt lat="45.559389" lon="15.150101">
        <ele>144.3</ele>
        <time>2024-07-07T09:04:24.831Z</time>
    </trkpt>
    <trkpt lat="45.559328" lon="15.150087">
        <ele>144.7</ele>
        <time>2024-07-07T09:04:25.831Z</time>
    </trkpt>
    <trkpt lat="45.559269" lon="15.150065">
        <ele>145.0</ele>
        <time>2024-07-07T09:04:26.831Z</time>
    </trkpt>
    <trkpt lat="45.559211" lon="15.15004">
        <ele>144.9</ele>
        <time>2024-07-07T09:04:27.831Z</time>
    </trkpt>
    <trkpt lat="45.559156" lon="15.150012">
        <ele>144.7</ele>
        <time>2024-07-07T09:04:28.831Z</time>
    </trkpt>
    <trkpt lat="45.559104" lon="15.149983">
        <ele>145.0</ele>
        <time>2024-07-07T09:04:29.831Z</time>
    </trkpt>
    <trkpt lat="45.559055" lon="15.149948">
        <ele>144.7</ele>
        <time>2024-07-07T09:04:30.831Z</time>
    </trkpt>
    <trkpt lat="45.559005" lon="15.149917">
        <ele>144.5</ele>
        <time>2024-07-07T09:04:31.831Z</time>
    </trkpt>
    <trkpt lat="45.558954" lon="15.149893">
        <ele>144.7</ele>
        <time>2024-07-07T09:04:32.831Z</time>
    </trkpt>
    <trkpt lat="45.558904" lon="15.149873">
        <ele>144.4</ele>
        <time>2024-07-07T09:04:33.831Z</time>
    </trkpt>
    <trkpt lat="45.558855" lon="15.149854">
        <ele>144.5</ele>
        <time>2024-07-07T09:04:34.831Z</time>
    </trkpt>
    <trkpt lat="45.558809" lon="15.149838">
        <ele>144.2</ele>
        <time>2024-07-07T09:04:35.831Z</time>
    </trkpt>
    <trkpt lat="45.558764" lon="15.149824">
        <ele>144.3</ele>
        <time>2024-07-07T09:04:36.831Z</time>
    </trkpt>
    <trkpt lat="45.558721" lon="15.149813">
        <ele>144.3</ele>
        <time>2024-07-07T09:04:37.831Z</time>
    </trkpt>
    <trkpt lat="45.558681" lon="15.149804">
        <ele>144.3</ele>
        <time>2024-07-07T09:04:38.831Z</time>
    </trkpt>
    <trkpt lat="45.558641" lon="15.149794">
        <ele>144.1</ele>
        <time>2024-07-07T09:04:39.831Z</time>
    </trkpt>
    <trkpt lat="45.558603" lon="15.149785">
        <ele>144.1</ele>
        <time>2024-07-07T09:04:40.831Z</time>
    </trkpt>
    <trkpt lat="45.558565" lon="15.149777">
        <ele>144.1</ele>
        <time>2024-07-07T09:04:41.831Z</time>
    </trkpt>
    <trkpt lat="45.558526" lon="15.149768">
        <ele>144.1</ele>
        <time>2024-07-07T09:04:42.831Z</time>
    </trkpt>
    <trkpt lat="45.558486" lon="15.14976">
        <ele>143.9</ele>
        <time>2024-07-07T09:04:43.831Z</time>
    </trkpt>
    <trkpt lat="45.558445" lon="15.149753">
        <ele>143.9</ele>
        <time>2024-07-07T09:04:44.831Z</time>
    </trkpt>
    <trkpt lat="45.558408" lon="15.149748">
        <ele>143.9</ele>
        <time>2024-07-07T09:04:45.831Z</time>
    </trkpt>
    <trkpt lat="45.558371" lon="15.14974">
        <ele>143.9</ele>
        <time>2024-07-07T09:04:46.831Z</time>
    </trkpt>
    <trkpt lat="45.558327" lon="15.149738">
        <ele>143.9</ele>
        <time>2024-07-07T09:04:47.831Z</time>
    </trkpt>
    <trkpt lat="45.558284" lon="15.149734">
        <ele>143.8</ele>
        <time>2024-07-07T09:04:48.831Z</time>
    </trkpt>
    <trkpt lat="45.558237" lon="15.149731">
        <ele>143.8</ele>
        <time>2024-07-07T09:04:49.831Z</time>
    </trkpt>
    <trkpt lat="45.558188" lon="15.14973">
        <ele>143.7</ele>
        <time>2024-07-07T09:04:50.831Z</time>
    </trkpt>
    <trkpt lat="45.558143" lon="15.149731">
        <ele>143.5</ele>
        <time>2024-07-07T09:04:51.831Z</time>
    </trkpt>
    <trkpt lat="45.558099" lon="15.149732">
        <ele>143.4</ele>
        <time>2024-07-07T09:04:52.831Z</time>
    </trkpt>
    <trkpt lat="45.558056" lon="15.149738">
        <ele>143.3</ele>
        <time>2024-07-07T09:04:53.831Z</time>
    </trkpt>
    <trkpt lat="45.558011" lon="15.14974">
        <ele>143.0</ele>
        <time>2024-07-07T09:04:54.831Z</time>
    </trkpt>
    <trkpt lat="45.557969" lon="15.149747">
        <ele>142.9</ele>
        <time>2024-07-07T09:04:55.831Z</time>
    </trkpt>
    <trkpt lat="45.557928" lon="15.149756">
        <ele>142.6</ele>
        <time>2024-07-07T09:04:56.831Z</time>
    </trkpt>
    <trkpt lat="45.557887" lon="15.149763">
        <ele>142.4</ele>
        <time>2024-07-07T09:04:57.831Z</time>
    </trkpt>
    <trkpt lat="45.557846" lon="15.149768">
        <ele>142.2</ele>
        <time>2024-07-07T09:04:58.831Z</time>
    </trkpt>
    <trkpt lat="45.557807" lon="15.149772">
        <ele>142.0</ele>
        <time>2024-07-07T09:04:59.831Z</time>
    </trkpt>
    <trkpt lat="45.55777" lon="15.149776">
        <ele>141.9</ele>
        <time>2024-07-07T09:05:00.831Z</time>
    </trkpt>
    <trkpt lat="45.557734" lon="15.149782">
        <ele>141.8</ele>
        <time>2024-07-07T09:05:01.831Z</time>
    </trkpt>
    <trkpt lat="45.557699" lon="15.149787">
        <ele>141.7</ele>
        <time>2024-07-07T09:05:02.831Z</time>
    </trkpt>
    <trkpt lat="45.557664" lon="15.149793">
        <ele>141.6</ele>
        <time>2024-07-07T09:05:03.831Z</time>
    </trkpt>
    <trkpt lat="45.557626" lon="15.149799">
        <ele>141.5</ele>
        <time>2024-07-07T09:05:04.831Z</time>
    </trkpt>
    <trkpt lat="45.557588" lon="15.149804">
        <ele>141.3</ele>
        <time>2024-07-07T09:05:05.831Z</time>
    </trkpt>
    <trkpt lat="45.557551" lon="15.149809">
        <ele>141.3</ele>
        <time>2024-07-07T09:05:06.831Z</time>
    </trkpt>
    <trkpt lat="45.557513" lon="15.149813">
        <ele>141.3</ele>
        <time>2024-07-07T09:05:07.831Z</time>
    </trkpt>
    <trkpt lat="45.557477" lon="15.149817">
        <ele>141.4</ele>
        <time>2024-07-07T09:05:08.831Z</time>
    </trkpt>
    <trkpt lat="45.557441" lon="15.149824">
        <ele>141.4</ele>
        <time>2024-07-07T09:05:09.831Z</time>
    </trkpt>
    <trkpt lat="45.557404" lon="15.149834">
        <ele>141.4</ele>
        <time>2024-07-07T09:05:10.831Z</time>
    </trkpt>
    <trkpt lat="45.557368" lon="15.149845">
        <ele>141.5</ele>
        <time>2024-07-07T09:05:11.831Z</time>
    </trkpt>
    <trkpt lat="45.557332" lon="15.149853">
        <ele>141.6</ele>
        <time>2024-07-07T09:05:12.831Z</time>
    </trkpt>
    <trkpt lat="45.557298" lon="15.149862">
        <ele>141.7</ele>
        <time>2024-07-07T09:05:13.831Z</time>
    </trkpt>
    <trkpt lat="45.557264" lon="15.149872">
        <ele>141.8</ele>
        <time>2024-07-07T09:05:14.831Z</time>
    </trkpt>
    <trkpt lat="45.55723" lon="15.149881">
        <ele>141.9</ele>
        <time>2024-07-07T09:05:15.831Z</time>
    </trkpt>
    <trkpt lat="45.557195" lon="15.14989">
        <ele>142.0</ele>
        <time>2024-07-07T09:05:16.831Z</time>
    </trkpt>
    <trkpt lat="45.557161" lon="15.149897">
        <ele>142.1</ele>
        <time>2024-07-07T09:05:17.831Z</time>
    </trkpt>
    <trkpt lat="45.557127" lon="15.149903">
        <ele>142.3</ele>
        <time>2024-07-07T09:05:18.831Z</time>
    </trkpt>
    <trkpt lat="45.557092" lon="15.149907">
        <ele>142.5</ele>
        <time>2024-07-07T09:05:19.831Z</time>
    </trkpt>
    <trkpt lat="45.557057" lon="15.149913">
        <ele>142.6</ele>
        <time>2024-07-07T09:05:20.831Z</time>
    </trkpt>
    <trkpt lat="45.557022" lon="15.149919">
        <ele>142.7</ele>
        <time>2024-07-07T09:05:21.831Z</time>
    </trkpt>
    <trkpt lat="45.556985" lon="15.149926">
        <ele>142.9</ele>
        <time>2024-07-07T09:05:22.831Z</time>
    </trkpt>
    <trkpt lat="45.556948" lon="15.149935">
        <ele>143.2</ele>
        <time>2024-07-07T09:05:23.831Z</time>
    </trkpt>
    <trkpt lat="45.55691" lon="15.149946">
        <ele>143.4</ele>
        <time>2024-07-07T09:05:24.831Z</time>
    </trkpt>
    <trkpt lat="45.556872" lon="15.149958">
        <ele>143.5</ele>
        <time>2024-07-07T09:05:25.831Z</time>
    </trkpt>
    <trkpt lat="45.556834" lon="15.14997">
        <ele>143.7</ele>
        <time>2024-07-07T09:05:26.831Z</time>
    </trkpt>
    <trkpt lat="45.556796" lon="15.149983">
        <ele>144.0</ele>
        <time>2024-07-07T09:05:27.831Z</time>
    </trkpt>
    <trkpt lat="45.556759" lon="15.149996">
        <ele>144.1</ele>
        <time>2024-07-07T09:05:28.831Z</time>
    </trkpt>
    <trkpt lat="45.556724" lon="15.15001">
        <ele>144.2</ele>
        <time>2024-07-07T09:05:29.831Z</time>
    </trkpt>
    <trkpt lat="45.556689" lon="15.150023">
        <ele>144.5</ele>
        <time>2024-07-07T09:05:30.831Z</time>
    </trkpt>
    <trkpt lat="45.556654" lon="15.150038">
        <ele>144.5</ele>
        <time>2024-07-07T09:05:31.831Z</time>
    </trkpt>
    <trkpt lat="45.556618" lon="15.150058">
        <ele>144.6</ele>
        <time>2024-07-07T09:05:32.831Z</time>
    </trkpt>
    <trkpt lat="45.556582" lon="15.150082">
        <ele>144.8</ele>
        <time>2024-07-07T09:05:33.831Z</time>
    </trkpt>
    <trkpt lat="45.55655" lon="15.150104">
        <ele>145.0</ele>
        <time>2024-07-07T09:05:34.831Z</time>
    </trkpt>
    <trkpt lat="45.556522" lon="15.150125">
        <ele>145.0</ele>
        <time>2024-07-07T09:05:35.831Z</time>
    </trkpt>
    <trkpt lat="45.556495" lon="15.150141">
        <ele>145.0</ele>
        <time>2024-07-07T09:05:36.831Z</time>
    </trkpt>
    <trkpt lat="45.556469" lon="15.150156">
        <ele>145.2</ele>
        <time>2024-07-07T09:05:37.831Z</time>
    </trkpt>
    <trkpt lat="45.556435" lon="15.150183">
        <ele>145.2</ele>
        <time>2024-07-07T09:05:38.831Z</time>
    </trkpt>
    <trkpt lat="45.556424" lon="15.150193">
        <ele>145.3</ele>
        <time>2024-07-07T09:05:39.831Z</time>
    </trkpt>
    <trkpt lat="45.556397" lon="15.150205">
        <ele>145.3</ele>
        <time>2024-07-07T09:05:40.831Z</time>
    </trkpt>
    <trkpt lat="45.556365" lon="15.150214">
        <ele>145.2</ele>
        <time>2024-07-07T09:05:41.831Z</time>
    </trkpt>
    <trkpt lat="45.556331" lon="15.150234">
        <ele>145.3</ele>
        <time>2024-07-07T09:05:42.831Z</time>
    </trkpt>
    <trkpt lat="45.556297" lon="15.150265">
        <ele>145.2</ele>
        <time>2024-07-07T09:05:43.831Z</time>
    </trkpt>
    <trkpt lat="45.556262" lon="15.150296">
        <ele>145.4</ele>
        <time>2024-07-07T09:05:44.831Z</time>
    </trkpt>
    <trkpt lat="45.556225" lon="15.150328">
        <ele>145.5</ele>
        <time>2024-07-07T09:05:45.831Z</time>
    </trkpt>
    <trkpt lat="45.556186" lon="15.150357">
        <ele>145.4</ele>
        <time>2024-07-07T09:05:46.831Z</time>
    </trkpt>
    <trkpt lat="45.556142" lon="15.150371">
        <ele>145.5</ele>
        <time>2024-07-07T09:05:47.831Z</time>
    </trkpt>
    <trkpt lat="45.556097" lon="15.15038">
        <ele>145.4</ele>
        <time>2024-07-07T09:05:48.831Z</time>
    </trkpt>
    <trkpt lat="45.556044" lon="15.150392">
        <ele>145.4</ele>
        <time>2024-07-07T09:05:49.831Z</time>
    </trkpt>
    <trkpt lat="45.555985" lon="15.150409">
        <ele>145.6</ele>
        <time>2024-07-07T09:05:50.831Z</time>
    </trkpt>
    <trkpt lat="45.555928" lon="15.150426">
        <ele>145.5</ele>
        <time>2024-07-07T09:05:51.831Z</time>
    </trkpt>
    <trkpt lat="45.555876" lon="15.150446">
        <ele>145.5</ele>
        <time>2024-07-07T09:05:52.831Z</time>
    </trkpt>
    <trkpt lat="45.55583" lon="15.150469">
        <ele>145.6</ele>
        <time>2024-07-07T09:05:53.831Z</time>
    </trkpt>
    <trkpt lat="45.555786" lon="15.150491">
        <ele>145.8</ele>
        <time>2024-07-07T09:05:54.831Z</time>
    </trkpt>
    <trkpt lat="45.555744" lon="15.150508">
        <ele>145.8</ele>
        <time>2024-07-07T09:05:55.831Z</time>
    </trkpt>
    <trkpt lat="45.555701" lon="15.150532">
        <ele>145.8</ele>
        <time>2024-07-07T09:05:56.831Z</time>
    </trkpt>
    <trkpt lat="45.555654" lon="15.150577">
        <ele>146.3</ele>
        <time>2024-07-07T09:05:57.831Z</time>
    </trkpt>
    <trkpt lat="45.555607" lon="15.15063">
        <ele>146.6</ele>
        <time>2024-07-07T09:05:58.831Z</time>
    </trkpt>
    <trkpt lat="45.555561" lon="15.150673">
        <ele>146.8</ele>
        <time>2024-07-07T09:05:59.831Z</time>
    </trkpt>
    <trkpt lat="45.555517" lon="15.150707">
        <ele>147.1</ele>
        <time>2024-07-07T09:06:00.831Z</time>
    </trkpt>
    <trkpt lat="45.555472" lon="15.150735">
        <ele>147.1</ele>
        <time>2024-07-07T09:06:01.831Z</time>
    </trkpt>
    <trkpt lat="45.55542" lon="15.150762">
        <ele>147.4</ele>
        <time>2024-07-07T09:06:02.831Z</time>
    </trkpt>
    <trkpt lat="45.555358" lon="15.150799">
        <ele>147.7</ele>
        <time>2024-07-07T09:06:03.831Z</time>
    </trkpt>
    <trkpt lat="45.555291" lon="15.150843">
        <ele>148.1</ele>
        <time>2024-07-07T09:06:04.831Z</time>
    </trkpt>
    <trkpt lat="45.55522" lon="15.150885">
        <ele>148.4</ele>
        <time>2024-07-07T09:06:05.831Z</time>
    </trkpt>
    <trkpt lat="45.555153" lon="15.150918">
        <ele>148.3</ele>
        <time>2024-07-07T09:06:06.831Z</time>
    </trkpt>
    <trkpt lat="45.555088" lon="15.150945">
        <ele>148.6</ele>
        <time>2024-07-07T09:06:07.831Z</time>
    </trkpt>
    <trkpt lat="45.555018" lon="15.150985">
        <ele>148.8</ele>
        <time>2024-07-07T09:06:08.831Z</time>
    </trkpt>
    <trkpt lat="45.554957" lon="15.151009">
        <ele>149.1</ele>
        <time>2024-07-07T09:06:09.831Z</time>
    </trkpt>
    <trkpt lat="45.5549" lon="15.151029">
        <ele>149.1</ele>
        <time>2024-07-07T09:06:10.831Z</time>
    </trkpt>
    <trkpt lat="45.554849" lon="15.151043">
        <ele>149.0</ele>
        <time>2024-07-07T09:06:11.831Z</time>
    </trkpt>
    <trkpt lat="45.554802" lon="15.151051">
        <ele>149.5</ele>
        <time>2024-07-07T09:06:12.831Z</time>
    </trkpt>
    <trkpt lat="45.554757" lon="15.151062">
        <ele>149.5</ele>
        <time>2024-07-07T09:06:13.831Z</time>
    </trkpt>
    <trkpt lat="45.55471" lon="15.151075">
        <ele>149.6</ele>
        <time>2024-07-07T09:06:14.831Z</time>
    </trkpt>
    <trkpt lat="45.554664" lon="15.151085">
        <ele>149.6</ele>
        <time>2024-07-07T09:06:15.831Z</time>
    </trkpt>
    <trkpt lat="45.554618" lon="15.151098">
        <ele>150.0</ele>
        <time>2024-07-07T09:06:16.831Z</time>
    </trkpt>
    <trkpt lat="45.554573" lon="15.151114">
        <ele>150.1</ele>
        <time>2024-07-07T09:06:17.831Z</time>
    </trkpt>
    <trkpt lat="45.554525" lon="15.151132">
        <ele>150.1</ele>
        <time>2024-07-07T09:06:18.831Z</time>
    </trkpt>
    <trkpt lat="45.554482" lon="15.151146">
        <ele>150.3</ele>
        <time>2024-07-07T09:06:19.831Z</time>
    </trkpt>
    <trkpt lat="45.554437" lon="15.151162">
        <ele>150.2</ele>
        <time>2024-07-07T09:06:20.831Z</time>
    </trkpt>
    <trkpt lat="45.554392" lon="15.15118">
        <ele>150.4</ele>
        <time>2024-07-07T09:06:21.831Z</time>
    </trkpt>
    <trkpt lat="45.554348" lon="15.151195">
        <ele>150.3</ele>
        <time>2024-07-07T09:06:22.831Z</time>
    </trkpt>
    <trkpt lat="45.554305" lon="15.151208">
        <ele>150.3</ele>
        <time>2024-07-07T09:06:23.831Z</time>
    </trkpt>
    <trkpt lat="45.554262" lon="15.151222">
        <ele>150.4</ele>
        <time>2024-07-07T09:06:24.831Z</time>
    </trkpt>
    <trkpt lat="45.554218" lon="15.151231">
        <ele>150.3</ele>
        <time>2024-07-07T09:06:25.831Z</time>
    </trkpt>
    <trkpt lat="45.554175" lon="15.151235">
        <ele>150.3</ele>
        <time>2024-07-07T09:06:26.831Z</time>
    </trkpt>
    <trkpt lat="45.554134" lon="15.151236">
        <ele>150.2</ele>
        <time>2024-07-07T09:06:27.831Z</time>
    </trkpt>
    <trkpt lat="45.554096" lon="15.151238">
        <ele>150.2</ele>
        <time>2024-07-07T09:06:28.831Z</time>
    </trkpt>
    <trkpt lat="45.554061" lon="15.151242">
        <ele>150.2</ele>
        <time>2024-07-07T09:06:29.831Z</time>
    </trkpt>
    <trkpt lat="45.554029" lon="15.151243">
        <ele>150.2</ele>
        <time>2024-07-07T09:06:30.831Z</time>
    </trkpt>
    <trkpt lat="45.553996" lon="15.151243">
        <ele>150.2</ele>
        <time>2024-07-07T09:06:31.831Z</time>
    </trkpt>
    <trkpt lat="45.553963" lon="15.151246">
        <ele>150.1</ele>
        <time>2024-07-07T09:06:32.831Z</time>
    </trkpt>
    <trkpt lat="45.553931" lon="15.151249">
        <ele>150.1</ele>
        <time>2024-07-07T09:06:33.831Z</time>
    </trkpt>
    <trkpt lat="45.553899" lon="15.151252">
        <ele>150.1</ele>
        <time>2024-07-07T09:06:34.831Z</time>
    </trkpt>
    <trkpt lat="45.553867" lon="15.151258">
        <ele>150.1</ele>
        <time>2024-07-07T09:06:35.831Z</time>
    </trkpt>
    <trkpt lat="45.553836" lon="15.151265">
        <ele>150.2</ele>
        <time>2024-07-07T09:06:36.831Z</time>
    </trkpt>
    <trkpt lat="45.553806" lon="15.151271">
        <ele>150.2</ele>
        <time>2024-07-07T09:06:37.831Z</time>
    </trkpt>
    <trkpt lat="45.553776" lon="15.15128">
        <ele>150.2</ele>
        <time>2024-07-07T09:06:38.831Z</time>
    </trkpt>
    <trkpt lat="45.553747" lon="15.151292">
        <ele>150.2</ele>
        <time>2024-07-07T09:06:39.831Z</time>
    </trkpt>
    <trkpt lat="45.553711" lon="15.151306">
        <ele>150.4</ele>
        <time>2024-07-07T09:06:40.831Z</time>
    </trkpt>
    <trkpt lat="45.553701" lon="15.15131">
        <ele>150.4</ele>
        <time>2024-07-07T09:06:41.831Z</time>
    </trkpt>
    <trkpt lat="45.553668" lon="15.151322">
        <ele>150.4</ele>
        <time>2024-07-07T09:06:42.831Z</time>
    </trkpt>
    <trkpt lat="45.553656" lon="15.151326">
        <ele>150.4</ele>
        <time>2024-07-07T09:06:43.831Z</time>
    </trkpt>
    <trkpt lat="45.553621" lon="15.15134">
        <ele>150.5</ele>
        <time>2024-07-07T09:06:44.831Z</time>
    </trkpt>
    <trkpt lat="45.55361" lon="15.151344">
        <ele>150.5</ele>
        <time>2024-07-07T09:06:45.831Z</time>
    </trkpt>
    <trkpt lat="45.553576" lon="15.151355">
        <ele>150.7</ele>
        <time>2024-07-07T09:06:46.831Z</time>
    </trkpt>
    <trkpt lat="45.553564" lon="15.151358">
        <ele>150.7</ele>
        <time>2024-07-07T09:06:47.831Z</time>
    </trkpt>
    <trkpt lat="45.553528" lon="15.151368">
        <ele>150.8</ele>
        <time>2024-07-07T09:06:48.831Z</time>
    </trkpt>
    <trkpt lat="45.553515" lon="15.151371">
        <ele>150.8</ele>
        <time>2024-07-07T09:06:49.831Z</time>
    </trkpt>
    <trkpt lat="45.553477" lon="15.15138">
        <ele>150.9</ele>
        <time>2024-07-07T09:06:50.831Z</time>
    </trkpt>
    <trkpt lat="45.553464" lon="15.151384">
        <ele>150.9</ele>
        <time>2024-07-07T09:06:51.831Z</time>
    </trkpt>
    <trkpt lat="45.553425" lon="15.151398">
        <ele>151.2</ele>
        <time>2024-07-07T09:06:52.831Z</time>
    </trkpt>
    <trkpt lat="45.553412" lon="15.151403">
        <ele>151.3</ele>
        <time>2024-07-07T09:06:53.831Z</time>
    </trkpt>
    <trkpt lat="45.553385" lon="15.151411">
        <ele>151.3</ele>
        <time>2024-07-07T09:06:54.831Z</time>
    </trkpt>
    <trkpt lat="45.553358" lon="15.151419">
        <ele>151.4</ele>
        <time>2024-07-07T09:06:55.831Z</time>
    </trkpt>
    <trkpt lat="45.55333" lon="15.151427">
        <ele>151.5</ele>
        <time>2024-07-07T09:06:56.831Z</time>
    </trkpt>
    <trkpt lat="45.553302" lon="15.151437">
        <ele>151.8</ele>
        <time>2024-07-07T09:06:57.831Z</time>
    </trkpt>
    <trkpt lat="45.553273" lon="15.151446">
        <ele>151.9</ele>
        <time>2024-07-07T09:06:58.831Z</time>
    </trkpt>
    <trkpt lat="45.553244" lon="15.151454">
        <ele>151.9</ele>
        <time>2024-07-07T09:06:59.831Z</time>
    </trkpt>
    <trkpt lat="45.553214" lon="15.15146">
        <ele>152.0</ele>
        <time>2024-07-07T09:07:00.831Z</time>
    </trkpt>
    <trkpt lat="45.553186" lon="15.151466">
        <ele>152.0</ele>
        <time>2024-07-07T09:07:01.831Z</time>
    </trkpt>
    <trkpt lat="45.55316" lon="15.151473">
        <ele>152.0</ele>
        <time>2024-07-07T09:07:02.831Z</time>
    </trkpt>
    <trkpt lat="45.553131" lon="15.151481">
        <ele>152.1</ele>
        <time>2024-07-07T09:07:03.831Z</time>
    </trkpt>
    <trkpt lat="45.553101" lon="15.151485">
        <ele>152.1</ele>
        <time>2024-07-07T09:07:04.831Z</time>
    </trkpt>
    <trkpt lat="45.553068" lon="15.151488">
        <ele>152.1</ele>
        <time>2024-07-07T09:07:05.831Z</time>
    </trkpt>
    <trkpt lat="45.553034" lon="15.151492">
        <ele>152.1</ele>
        <time>2024-07-07T09:07:06.831Z</time>
    </trkpt>
    <trkpt lat="45.553" lon="15.151498">
        <ele>152.1</ele>
        <time>2024-07-07T09:07:07.831Z</time>
    </trkpt>
    <trkpt lat="45.552967" lon="15.151508">
        <ele>152.0</ele>
        <time>2024-07-07T09:07:08.831Z</time>
    </trkpt>
    <trkpt lat="45.552933" lon="15.151518">
        <ele>152.0</ele>
        <time>2024-07-07T09:07:09.831Z</time>
    </trkpt>
    <trkpt lat="45.552896" lon="15.151528">
        <ele>151.9</ele>
        <time>2024-07-07T09:07:10.831Z</time>
    </trkpt>
    <trkpt lat="45.552866" lon="15.151525">
        <ele>149.8</ele>
        <time>2024-07-07T09:07:11.348Z</time>
    </trkpt>
    <trkpt lat="45.552576" lon="15.151644">
        <ele>150.0</ele>
        <time>2024-07-07T09:07:16.537Z</time>
    </trkpt>
    <trkpt lat="45.552127" lon="15.151862">
        <ele>150.3</ele>
        <time>2024-07-07T09:07:24.693Z</time>
    </trkpt>
    <trkpt lat="45.551803" lon="15.152008">
        <ele>150.3</ele>
        <time>2024-07-07T09:07:30.536Z</time>
    </trkpt>
    <trkpt lat="45.551588" lon="15.152094">
        <ele>150.3</ele>
        <time>2024-07-07T09:07:34.597Z</time>
    </trkpt>
    <trkpt lat="45.551535" lon="15.152094">
        <ele>150.3</ele>
        <time>2024-07-07T09:07:35.561Z</time>
    </trkpt>
    <trkpt lat="45.551527" lon="15.15191">
        <ele>150.0</ele>
        <time>2024-07-07T09:07:37.909Z</time>
    </trkpt>
    <trkpt lat="45.551512" lon="15.151797">
        <ele>149.8</ele>
        <time>2024-07-07T09:07:39.374Z</time>
    </trkpt>
    <trkpt lat="45.551489" lon="15.151657">
        <ele>149.8</ele>
        <time>2024-07-07T09:07:41.205Z</time>
    </trkpt>
    <trkpt lat="45.551407" lon="15.151265">
        <ele>149.0</ele>
        <time>2024-07-07T09:07:46.416Z</time>
    </trkpt>
    <trkpt lat="45.551393" lon="15.151155">
        <ele>149.0</ele>
        <time>2024-07-07T09:07:47.840Z</time>
    </trkpt>
    <trkpt lat="45.551388" lon="15.151055">
        <ele>148.8</ele>
        <time>2024-07-07T09:07:49.117Z</time>
    </trkpt>
    <trkpt lat="45.551384" lon="15.150975">
        <ele>148.8</ele>
        <time>2024-07-07T09:07:50.138Z</time>
    </trkpt>
    <trkpt lat="45.551349" lon="15.15067">
        <ele>148.0</ele>
        <time>2024-07-07T09:07:54.075Z</time>
    </trkpt>
    <trkpt lat="45.551289" lon="15.150236">
        <ele>147.0</ele>
        <time>2024-07-07T09:07:59.710Z</time>
    </trkpt>
    <trkpt lat="45.551162" lon="15.149657">
        <ele>144.8</ele>
        <time>2024-07-07T09:08:07.439Z</time>
    </trkpt>
    <trkpt lat="45.551118" lon="15.1495">
        <ele>144.3</ele>
        <time>2024-07-07T09:08:09.593Z</time>
    </trkpt>
    <trkpt lat="45.550935" lon="15.149003">
        <ele>142.8</ele>
        <time>2024-07-07T09:08:16.746Z</time>
    </trkpt>
    <trkpt lat="45.550849" lon="15.148743">
        <ele>142.3</ele>
        <time>2024-07-07T09:08:20.409Z</time>
    </trkpt>
    <trkpt lat="45.550701" lon="15.148244">
        <ele>142.0</ele>
        <time>2024-07-07T09:08:27.312Z</time>
    </trkpt>
    <trkpt lat="45.550677" lon="15.148142">
        <ele>142.3</ele>
        <time>2024-07-07T09:08:28.682Z</time>
    </trkpt>
    <trkpt lat="45.550646" lon="15.147961">
        <ele>142.3</ele>
        <time>2024-07-07T09:08:31.055Z</time>
    </trkpt>
    <trkpt lat="45.550536" lon="15.147266">
        <ele>145.0</ele>
        <time>2024-07-07T09:08:40.132Z</time>
    </trkpt>
    <trkpt lat="45.550537" lon="15.147234">
        <ele>145.0</ele>
        <time>2024-07-07T09:08:40.570Z</time>
    </trkpt>
    <trkpt lat="45.55054" lon="15.147157">
        <ele>145.3</ele>
        <time>2024-07-07T09:08:41.626Z</time>
    </trkpt>
    <trkpt lat="45.550576" lon="15.14703">
        <ele>145.5</ele>
        <time>2024-07-07T09:08:43.502Z</time>
    </trkpt>
    <trkpt lat="45.550754" lon="15.146597">
        <ele>145.3</ele>
        <time>2024-07-07T09:08:50.378Z</time>
    </trkpt>
    <trkpt lat="45.550904" lon="15.146185">
        <ele>145.8</ele>
        <time>2024-07-07T09:08:56.737Z</time>
    </trkpt>
    <trkpt lat="45.550964" lon="15.14598">
        <ele>146.3</ele>
        <time>2024-07-07T09:08:59.779Z</time>
    </trkpt>
    <trkpt lat="45.55104" lon="15.145632">
        <ele>146.5</ele>
        <time>2024-07-07T09:09:04.771Z</time>
    </trkpt>
    <trkpt lat="45.551068" lon="15.145403">
        <ele>146.5</ele>
        <time>2024-07-07T09:09:07.954Z</time>
    </trkpt>
    <trkpt lat="45.551081" lon="15.145066">
        <ele>146.8</ele>
        <time>2024-07-07T09:09:12.576Z</time>
    </trkpt>
    <trkpt lat="45.551075" lon="15.144848">
        <ele>147.5</ele>
        <time>2024-07-07T09:09:15.563Z</time>
    </trkpt>
    <trkpt lat="45.551028" lon="15.144466">
        <ele>149.3</ele>
        <time>2024-07-07T09:09:20.874Z</time>
    </trkpt>
    <trkpt lat="45.551016" lon="15.144267">
        <ele>150.3</ele>
        <time>2024-07-07T09:09:23.609Z</time>
    </trkpt>
    <trkpt lat="45.55102" lon="15.144177">
        <ele>150.5</ele>
        <time>2024-07-07T09:09:24.844Z</time>
    </trkpt>
    <trkpt lat="45.551058" lon="15.144029">
        <ele>152.3</ele>
        <time>2024-07-07T09:09:26.668Z</time>
    </trkpt>
    <trkpt lat="45.551123" lon="15.143874">
        <ele>153.8</ele>
        <time>2024-07-07T09:09:28.758Z</time>
    </trkpt>
    <trkpt lat="45.55119" lon="15.143753">
        <ele>154.5</ele>
        <time>2024-07-07T09:09:30.543Z</time>
    </trkpt>
    <trkpt lat="45.551418" lon="15.143443">
        <ele>154.3</ele>
        <time>2024-07-07T09:09:35.745Z</time>
    </trkpt>
    <trkpt lat="45.551473" lon="15.143381">
        <ele>153.8</ele>
        <time>2024-07-07T09:09:36.903Z</time>
    </trkpt>
    <trkpt lat="45.551546" lon="15.143336">
        <ele>152.5</ele>
        <time>2024-07-07T09:09:38.217Z</time>
    </trkpt>
    <trkpt lat="45.551623" lon="15.143314">
        <ele>151.3</ele>
        <time>2024-07-07T09:09:39.514Z</time>
    </trkpt>
    <trkpt lat="45.551716" lon="15.143306">
        <ele>150.0</ele>
        <time>2024-07-07T09:09:41.053Z</time>
    </trkpt>
    <trkpt lat="45.551782" lon="15.143314">
        <ele>149.3</ele>
        <time>2024-07-07T09:09:42.147Z</time>
    </trkpt>
    <trkpt lat="45.5518" lon="15.143318">
        <ele>149.0</ele>
        <time>2024-07-07T09:09:42.471Z</time>
    </trkpt>
    <trkpt lat="45.551852" lon="15.143329">
        <ele>148.5</ele>
        <time>2024-07-07T09:09:43.407Z</time>
    </trkpt>
    <trkpt lat="45.551924" lon="15.143361">
        <ele>147.5</ele>
        <time>2024-07-07T09:09:44.750Z</time>
    </trkpt>
    <trkpt lat="45.552001" lon="15.143405">
        <ele>146.5</ele>
        <time>2024-07-07T09:09:46.228Z</time>
    </trkpt>
    <trkpt lat="45.552291" lon="15.14361">
        <ele>143.3</ele>
        <time>2024-07-07T09:09:51.994Z</time>
    </trkpt>
    <trkpt lat="45.552445" lon="15.14369">
        <ele>142.0</ele>
        <time>2024-07-07T09:09:54.914Z</time>
    </trkpt>
    <trkpt lat="45.552915" lon="15.143891">
        <ele>141.3</ele>
        <time>2024-07-07T09:10:03.657Z</time>
    </trkpt>
    <trkpt lat="45.553238" lon="15.144018">
        <ele>141.3</ele>
        <time>2024-07-07T09:10:09.627Z</time>
    </trkpt>
    <trkpt lat="45.553508" lon="15.144105">
        <ele>141.5</ele>
        <time>2024-07-07T09:10:14.559Z</time>
    </trkpt>
    <trkpt lat="45.554007" lon="15.144251">
        <ele>142.5</ele>
        <time>2024-07-07T09:10:23.636Z</time>
    </trkpt>
    <trkpt lat="45.554296" lon="15.144325">
        <ele>143.0</ele>
        <time>2024-07-07T09:10:28.868Z</time>
    </trkpt>
    <trkpt lat="45.554578" lon="15.144384">
        <ele>143.5</ele>
        <time>2024-07-07T09:10:33.947Z</time>
    </trkpt>
    <trkpt lat="45.555048" lon="15.144458">
        <ele>144.3</ele>
        <time>2024-07-07T09:10:42.374Z</time>
    </trkpt>
    <trkpt lat="45.55569" lon="15.14461">
        <ele>146.3</ele>
        <time>2024-07-07T09:10:53.971Z</time>
    </trkpt>
    <trkpt lat="45.555848" lon="15.14464">
        <ele>146.8</ele>
        <time>2024-07-07T09:10:56.811Z</time>
    </trkpt>
    <trkpt lat="45.55601" lon="15.144651">
        <ele>147.0</ele>
        <time>2024-07-07T09:10:59.701Z</time>
    </trkpt>
    <trkpt lat="45.556044" lon="15.144654">
        <ele>147.0</ele>
        <time>2024-07-07T09:11:00.308Z</time>
    </trkpt>
    <trkpt lat="45.556409" lon="15.144624">
        <ele>147.8</ele>
        <time>2024-07-07T09:11:06.823Z</time>
    </trkpt>
    <trkpt lat="45.556549" lon="15.144623">
        <ele>148.0</ele>
        <time>2024-07-07T09:11:09.318Z</time>
    </trkpt>
    <trkpt lat="45.557418" lon="15.144685">
        <ele>148.8</ele>
        <time>2024-07-07T09:11:24.824Z</time>
    </trkpt>
    <trkpt lat="45.557854" lon="15.144707">
        <ele>150.3</ele>
        <time>2024-07-07T09:11:32.599Z</time>
    </trkpt>
    <trkpt lat="45.558116" lon="15.144734">
        <ele>151.3</ele>
        <time>2024-07-07T09:11:37.280Z</time>
    </trkpt>
    <trkpt lat="45.558425" lon="15.144787">
        <ele>152.5</ele>
        <time>2024-07-07T09:11:42.826Z</time>
    </trkpt>
    <trkpt lat="45.558738" lon="15.144855">
        <ele>153.5</ele>
        <time>2024-07-07T09:11:48.468Z</time>
    </trkpt>
    <trkpt lat="45.558785" lon="15.144857">
        <ele>153.8</ele>
        <time>2024-07-07T09:11:49.305Z</time>
    </trkpt>
    <trkpt lat="45.558814" lon="15.144836">
        <ele>153.8</ele>
        <time>2024-07-07T09:11:50.055Z</time>
    </trkpt>
    <trkpt lat="45.558879" lon="15.144792">
        <ele>153.8</ele>
        <time>2024-07-07T09:11:51.715Z</time>
        <extensions>
        <gpxtpx:TrackPointExtension>
        <gpxtpx:Extensions>
            <surface>asphalt</surface>
        </gpxtpx:Extensions>
        </gpxtpx:TrackPointExtension>
        </extensions>
    </trkpt>
    <trkpt lat="45.558815" lon="15.144675">
        <ele>153.5</ele>
        <time>2024-07-07T09:11:54.114Z</time>
        <extensions>
        <gpxtpx:TrackPointExtension>
        <gpxtpx:Extensions>
            <surface>asphalt</surface>
        </gpxtpx:Extensions>
        </gpxtpx:TrackPointExtension>
        </extensions>
    </trkpt>
    <trkpt lat="45.558771" lon="15.144563">
        <ele>153.3</ele>
        <time>2024-07-07T09:11:56.189Z</time>
        <extensions>
        <gpxtpx:TrackPointExtension>
        <gpxtpx:Extensions>
            <surface>asphalt</surface>
        </gpxtpx:Extensions>
        </gpxtpx:TrackPointExtension>
        </extensions>
    </trkpt>
    <trkpt lat="45.558746" lon="15.144423">
        <ele>152.8</ele>
        <time>2024-07-07T09:11:58.524Z</time>
        <extensions>
        <gpxtpx:TrackPointExtension>
        <gpxtpx:Extensions>
            <surface>asphalt</surface>
        </gpxtpx:Extensions>
        </gpxtpx:TrackPointExtension>
        </extensions>
    </trkpt>
    <trkpt lat="45.558738" lon="15.1442">
        <ele>152.8</ele>
        <time>2024-07-07T09:12:02.133Z</time>
        <extensions>
        <gpxtpx:TrackPointExtension>
        <gpxtpx:Extensions>
            <surface>asphalt</surface>
        </gpxtpx:Extensions>
        </gpxtpx:TrackPointExtension>
        </extensions>
    </trkpt>
    <trkpt lat="45.558733" lon="15.144015">
        <ele>152.8</ele>
        <time>2024-07-07T09:12:05.125Z</time>
        <extensions>
        <gpxtpx:TrackPointExtension>
        <gpxtpx:Extensions>
            <surface>asphalt</surface>
        </gpxtpx:Extensions>
        </gpxtpx:TrackPointExtension>
        </extensions>
    </trkpt>
    <trkpt lat="45.558699" lon="15.143645">
        <ele>154.0</ele>
        <time>2024-07-07T09:12:11.157Z</time>
        <extensions>
        <gpxtpx:TrackPointExtension>
        <gpxtpx:Extensions>
            <surface>asphalt</surface>
        </gpxtpx:Extensions>
        </gpxtpx:TrackPointExtension>
        </extensions>
    </trkpt>
    <trkpt lat="45.55868" lon="15.143576">
        <ele>154.5</ele>
        <time>2024-07-07T09:12:12.355Z</time>
        <extensions>
        <gpxtpx:TrackPointExtension>
        <gpxtpx:Extensions>
            <surface>asphalt</surface>
        </gpxtpx:Extensions>
        </gpxtpx:TrackPointExtension>
        </extensions>
    </trkpt>
    <trkpt lat="45.558846" lon="15.143519">
        <ele>156.4</ele>
        <time>2024-07-07T09:12:16.296Z</time>
    </trkpt>
    <trkpt lat="45.558876" lon="15.143545">
        <ele>156.0</ele>
        <time>2024-07-07T09:12:17.296Z</time>
    </trkpt>
    <trkpt lat="45.558908" lon="15.14357">
        <ele>156.0</ele>
        <time>2024-07-07T09:12:18.296Z</time>
    </trkpt>
    <trkpt lat="45.558939" lon="15.143596">
        <ele>155.6</ele>
        <time>2024-07-07T09:12:19.296Z</time>
    </trkpt>
    <trkpt lat="45.558964" lon="15.143616">
        <ele>155.5</ele>
        <time>2024-07-07T09:12:20.296Z</time>
    </trkpt>
    <trkpt lat="45.558997" lon="15.143645">
        <ele>155.1</ele>
        <time>2024-07-07T09:12:21.296Z</time>
    </trkpt>
    <trkpt lat="45.559008" lon="15.143654">
        <ele>155.2</ele>
        <time>2024-07-07T09:12:22.296Z</time>
    </trkpt>
    <trkpt lat="45.559052" lon="15.143674">
        <ele>154.7</ele>
        <time>2024-07-07T09:12:23.296Z</time>
    </trkpt>
    <trkpt lat="45.559072" lon="15.14368">
        <ele>154.8</ele>
        <time>2024-07-07T09:12:24.296Z</time>
    </trkpt>
    <trkpt lat="45.55912" lon="15.143697">
        <ele>154.7</ele>
        <time>2024-07-07T09:12:25.296Z</time>
    </trkpt>
    <trkpt lat="45.559165" lon="15.143714">
        <ele>154.4</ele>
        <time>2024-07-07T09:12:26.296Z</time>
    </trkpt>
    <trkpt lat="45.559206" lon="15.143734">
        <ele>154.5</ele>
        <time>2024-07-07T09:12:27.296Z</time>
    </trkpt>
    <trkpt lat="45.559246" lon="15.143754">
        <ele>154.3</ele>
        <time>2024-07-07T09:12:28.296Z</time>
    </trkpt>
    <trkpt lat="45.559287" lon="15.14377">
        <ele>154.3</ele>
        <time>2024-07-07T09:12:29.296Z</time>
    </trkpt>
    <trkpt lat="45.559328" lon="15.143783">
        <ele>154.4</ele>
        <time>2024-07-07T09:12:30.296Z</time>
    </trkpt>
    <trkpt lat="45.559368" lon="15.143796">
        <ele>154.3</ele>
        <time>2024-07-07T09:12:31.296Z</time>
    </trkpt>
    <trkpt lat="45.559407" lon="15.143811">
        <ele>154.5</ele>
        <time>2024-07-07T09:12:32.296Z</time>
    </trkpt>
    <trkpt lat="45.559448" lon="15.143827">
        <ele>154.6</ele>
        <time>2024-07-07T09:12:33.296Z</time>
    </trkpt>
    <trkpt lat="45.559487" lon="15.143844">
        <ele>154.6</ele>
        <time>2024-07-07T09:12:34.296Z</time>
    </trkpt>
    <trkpt lat="45.559527" lon="15.143861">
        <ele>154.9</ele>
        <time>2024-07-07T09:12:35.296Z</time>
    </trkpt>
    <trkpt lat="45.559568" lon="15.143873">
        <ele>155.0</ele>
        <time>2024-07-07T09:12:36.296Z</time>
    </trkpt>
    <trkpt lat="45.559607" lon="15.143883">
        <ele>154.9</ele>
        <time>2024-07-07T09:12:37.296Z</time>
    </trkpt>
    <trkpt lat="45.559642" lon="15.143892">
        <ele>155.1</ele>
        <time>2024-07-07T09:12:38.296Z</time>
    </trkpt>
    <trkpt lat="45.559676" lon="15.143904">
        <ele>155.2</ele>
        <time>2024-07-07T09:12:39.296Z</time>
    </trkpt>
    <trkpt lat="45.559711" lon="15.143915">
        <ele>155.6</ele>
        <time>2024-07-07T09:12:40.296Z</time>
    </trkpt>
    <trkpt lat="45.559743" lon="15.143925">
        <ele>155.3</ele>
        <time>2024-07-07T09:12:41.296Z</time>
    </trkpt>
    <trkpt lat="45.559777" lon="15.14393">
        <ele>155.5</ele>
        <time>2024-07-07T09:12:42.296Z</time>
    </trkpt>
    <trkpt lat="45.559808" lon="15.143933">
        <ele>155.6</ele>
        <time>2024-07-07T09:12:43.296Z</time>
    </trkpt>
    <trkpt lat="45.559838" lon="15.143939">
        <ele>155.8</ele>
        <time>2024-07-07T09:12:44.296Z</time>
    </trkpt>
    <trkpt lat="45.559868" lon="15.143948">
        <ele>155.9</ele>
        <time>2024-07-07T09:12:45.296Z</time>
    </trkpt>
    <trkpt lat="45.559896" lon="15.143957">
        <ele>156.1</ele>
        <time>2024-07-07T09:12:46.296Z</time>
    </trkpt>
    <trkpt lat="45.559923" lon="15.143968">
        <ele>155.8</ele>
        <time>2024-07-07T09:12:47.296Z</time>
    </trkpt>
    <trkpt lat="45.55995" lon="15.143981">
        <ele>156.0</ele>
        <time>2024-07-07T09:12:48.296Z</time>
    </trkpt>
    <trkpt lat="45.559978" lon="15.143995">
        <ele>156.3</ele>
        <time>2024-07-07T09:12:49.296Z</time>
    </trkpt>
    <trkpt lat="45.560006" lon="15.144004">
        <ele>156.3</ele>
        <time>2024-07-07T09:12:50.296Z</time>
    </trkpt>
    <trkpt lat="45.560037" lon="15.14401">
        <ele>156.1</ele>
        <time>2024-07-07T09:12:51.296Z</time>
    </trkpt>
    <trkpt lat="45.56007" lon="15.144017">
        <ele>156.6</ele>
        <time>2024-07-07T09:12:52.296Z</time>
    </trkpt>
    <trkpt lat="45.560101" lon="15.144025">
        <ele>156.9</ele>
        <time>2024-07-07T09:12:53.296Z</time>
    </trkpt>
    <trkpt lat="45.560128" lon="15.144032">
        <ele>157.2</ele>
        <time>2024-07-07T09:12:54.296Z</time>
    </trkpt>
    <trkpt lat="45.560156" lon="15.144042">
        <ele>157.2</ele>
        <time>2024-07-07T09:12:55.296Z</time>
    </trkpt>
    <trkpt lat="45.560184" lon="15.144053">
        <ele>157.1</ele>
        <time>2024-07-07T09:12:56.296Z</time>
    </trkpt>
    <trkpt lat="45.560214" lon="15.144063">
        <ele>157.4</ele>
        <time>2024-07-07T09:12:57.296Z</time>
    </trkpt>
    <trkpt lat="45.560244" lon="15.144073">
        <ele>157.9</ele>
        <time>2024-07-07T09:12:58.296Z</time>
    </trkpt>
    <trkpt lat="45.560276" lon="15.144082">
        <ele>158.3</ele>
        <time>2024-07-07T09:12:59.296Z</time>
    </trkpt>
    <trkpt lat="45.560309" lon="15.144089">
        <ele>159.0</ele>
        <time>2024-07-07T09:13:00.296Z</time>
    </trkpt>
    <trkpt lat="45.56034" lon="15.144096">
        <ele>158.9</ele>
        <time>2024-07-07T09:13:01.296Z</time>
    </trkpt>
    <trkpt lat="45.560371" lon="15.144098">
        <ele>159.3</ele>
        <time>2024-07-07T09:13:02.296Z</time>
    </trkpt>
    <trkpt lat="45.560401" lon="15.144098">
        <ele>159.7</ele>
        <time>2024-07-07T09:13:03.296Z</time>
    </trkpt>
    <trkpt lat="45.560429" lon="15.144103">
        <ele>160.1</ele>
        <time>2024-07-07T09:13:04.296Z</time>
    </trkpt>
    <trkpt lat="45.560457" lon="15.144109">
        <ele>160.1</ele>
        <time>2024-07-07T09:13:05.296Z</time>
    </trkpt>
    <trkpt lat="45.560485" lon="15.144114">
        <ele>160.5</ele>
        <time>2024-07-07T09:13:06.296Z</time>
    </trkpt>
    <trkpt lat="45.560515" lon="15.14412">
        <ele>160.9</ele>
        <time>2024-07-07T09:13:07.296Z</time>
    </trkpt>
    <trkpt lat="45.560546" lon="15.144125">
        <ele>161.4</ele>
        <time>2024-07-07T09:13:08.296Z</time>
    </trkpt>
    <trkpt lat="45.560578" lon="15.144129">
        <ele>161.8</ele>
        <time>2024-07-07T09:13:09.296Z</time>
    </trkpt>
    <trkpt lat="45.560609" lon="15.144131">
        <ele>162.7</ele>
        <time>2024-07-07T09:13:10.296Z</time>
    </trkpt>
    <trkpt lat="45.56064" lon="15.144135">
        <ele>163.1</ele>
        <time>2024-07-07T09:13:11.296Z</time>
    </trkpt>
    <trkpt lat="45.56067" lon="15.144139">
        <ele>163.0</ele>
        <time>2024-07-07T09:13:12.296Z</time>
    </trkpt>
    <trkpt lat="45.5607" lon="15.144142">
        <ele>163.4</ele>
        <time>2024-07-07T09:13:13.296Z</time>
    </trkpt>
    <trkpt lat="45.560731" lon="15.144146">
        <ele>163.8</ele>
        <time>2024-07-07T09:13:14.296Z</time>
    </trkpt>
    <trkpt lat="45.560762" lon="15.144149">
        <ele>164.2</ele>
        <time>2024-07-07T09:13:15.296Z</time>
    </trkpt>
    <trkpt lat="45.560792" lon="15.144153">
        <ele>164.6</ele>
        <time>2024-07-07T09:13:16.296Z</time>
    </trkpt>
    <trkpt lat="45.560824" lon="15.144156">
        <ele>165.1</ele>
        <time>2024-07-07T09:13:17.296Z</time>
    </trkpt>
    <trkpt lat="45.560856" lon="15.144159">
        <ele>165.5</ele>
        <time>2024-07-07T09:13:18.296Z</time>
    </trkpt>
    <trkpt lat="45.560887" lon="15.144163">
        <ele>165.9</ele>
        <time>2024-07-07T09:13:19.296Z</time>
    </trkpt>
    <trkpt lat="45.560918" lon="15.144169">
        <ele>166.2</ele>
        <time>2024-07-07T09:13:20.296Z</time>
    </trkpt>
    <trkpt lat="45.56095" lon="15.144175">
        <ele>166.5</ele>
        <time>2024-07-07T09:13:21.296Z</time>
    </trkpt>
    <trkpt lat="45.560984" lon="15.144181">
        <ele>166.8</ele>
        <time>2024-07-07T09:13:22.296Z</time>
    </trkpt>
    <trkpt lat="45.561018" lon="15.144185">
        <ele>166.6</ele>
        <time>2024-07-07T09:13:23.296Z</time>
    </trkpt>
    <trkpt lat="45.56105" lon="15.144193">
        <ele>166.9</ele>
        <time>2024-07-07T09:13:24.296Z</time>
    </trkpt>
    <trkpt lat="45.561077" lon="15.144204">
        <ele>167.1</ele>
        <time>2024-07-07T09:13:25.296Z</time>
    </trkpt>
    <trkpt lat="45.561107" lon="15.144212">
        <ele>167.4</ele>
        <time>2024-07-07T09:13:26.296Z</time>
    </trkpt>
    <trkpt lat="45.561141" lon="15.144216">
        <ele>167.6</ele>
        <time>2024-07-07T09:13:27.296Z</time>
    </trkpt>
    <trkpt lat="45.561174" lon="15.144219">
        <ele>167.8</ele>
        <time>2024-07-07T09:13:28.296Z</time>
    </trkpt>
    <trkpt lat="45.561207" lon="15.144226">
        <ele>167.4</ele>
        <time>2024-07-07T09:13:29.296Z</time>
    </trkpt>
    <trkpt lat="45.561239" lon="15.144234">
        <ele>167.6</ele>
        <time>2024-07-07T09:13:30.296Z</time>
    </trkpt>
    <trkpt lat="45.561272" lon="15.144242">
        <ele>167.8</ele>
        <time>2024-07-07T09:13:31.296Z</time>
    </trkpt>
    <trkpt lat="45.561303" lon="15.14425">
        <ele>167.9</ele>
        <time>2024-07-07T09:13:32.296Z</time>
    </trkpt>
    <trkpt lat="45.561332" lon="15.144257">
        <ele>168.1</ele>
        <time>2024-07-07T09:13:33.296Z</time>
    </trkpt>
    <trkpt lat="45.561359" lon="15.14426">
        <ele>168.1</ele>
        <time>2024-07-07T09:13:34.296Z</time>
    </trkpt>
    <trkpt lat="45.561387" lon="15.144266">
        <ele>168.3</ele>
        <time>2024-07-07T09:13:35.296Z</time>
    </trkpt>
    <trkpt lat="45.561418" lon="15.144275">
        <ele>167.8</ele>
        <time>2024-07-07T09:13:36.296Z</time>
    </trkpt>
    <trkpt lat="45.561446" lon="15.144285">
        <ele>167.9</ele>
        <time>2024-07-07T09:13:37.296Z</time>
    </trkpt>
    <trkpt lat="45.561479" lon="15.144309">
        <ele>168.0</ele>
        <time>2024-07-07T09:13:38.296Z</time>
    </trkpt>
    <trkpt lat="45.561493" lon="15.144317">
        <ele>167.4</ele>
        <time>2024-07-07T09:13:39.296Z</time>
    </trkpt>
    <trkpt lat="45.56152" lon="15.144327">
        <ele>167.4</ele>
        <time>2024-07-07T09:13:40.296Z</time>
    </trkpt>
    <trkpt lat="45.561559" lon="15.144339">
        <ele>167.5</ele>
        <time>2024-07-07T09:13:41.296Z</time>
    </trkpt>
    <trkpt lat="45.561573" lon="15.144342">
        <ele>167.5</ele>
        <time>2024-07-07T09:13:42.296Z</time>
    </trkpt>
    <trkpt lat="45.561603" lon="15.144345">
        <ele>167.6</ele>
        <time>2024-07-07T09:13:43.296Z</time>
    </trkpt>
    <trkpt lat="45.561613" lon="15.144345">
        <ele>167.6</ele>
        <time>2024-07-07T09:13:44.296Z</time>
    </trkpt>
    <trkpt lat="45.561643" lon="15.14435">
        <ele>167.7</ele>
        <time>2024-07-07T09:13:45.296Z</time>
    </trkpt>
    <trkpt lat="45.561653" lon="15.144353">
        <ele>167.0</ele>
        <time>2024-07-07T09:13:46.296Z</time>
    </trkpt>
    <trkpt lat="45.561686" lon="15.144359">
        <ele>167.1</ele>
        <time>2024-07-07T09:13:47.296Z</time>
    </trkpt>
    <trkpt lat="45.561697" lon="15.14436">
        <ele>167.1</ele>
        <time>2024-07-07T09:13:48.296Z</time>
    </trkpt>
    <trkpt lat="45.561726" lon="15.144358">
        <ele>167.2</ele>
        <time>2024-07-07T09:13:49.296Z</time>
    </trkpt>
    <trkpt lat="45.561754" lon="15.144354">
        <ele>167.2</ele>
        <time>2024-07-07T09:13:50.296Z</time>
    </trkpt>
    <trkpt lat="45.561797" lon="15.144348">
        <ele>168.0</ele>
        <time>2024-07-07T09:13:51.296Z</time>
    </trkpt>
    <trkpt lat="45.561814" lon="15.144346">
        <ele>168.1</ele>
        <time>2024-07-07T09:13:52.296Z</time>
    </trkpt>
    <trkpt lat="45.561843" lon="15.144345">
        <ele>168.1</ele>
        <time>2024-07-07T09:13:53.296Z</time>
    </trkpt>
    <trkpt lat="45.561861" lon="15.144356">
        <ele>158.8</ele>
        <time>2024-07-07T09:13:53.586Z</time>
    </trkpt>
    <trkpt lat="45.561875" lon="15.144412">
        <ele>158.5</ele>
        <time>2024-07-07T09:13:54.204Z</time>
    </trkpt>
    <trkpt lat="45.561884" lon="15.144483">
        <ele>157.8</ele>
        <time>2024-07-07T09:13:54.954Z</time>
    </trkpt>
    <trkpt lat="45.561875" lon="15.144553">
        <ele>157.3</ele>
        <time>2024-07-07T09:13:55.694Z</time>
    </trkpt>
    <trkpt lat="45.561849" lon="15.144661">
        <ele>156.0</ele>
        <time>2024-07-07T09:13:56.881Z</time>
    </trkpt>
    <trkpt lat="45.561803" lon="15.144797">
        <ele>154.8</ele>
        <time>2024-07-07T09:13:58.451Z</time>
    </trkpt>
    <trkpt lat="45.561776" lon="15.14485">
        <ele>154.3</ele>
        <time>2024-07-07T09:13:59.132Z</time>
    </trkpt>
    <trkpt lat="45.561627" lon="15.145046">
        <ele>152.5</ele>
        <time>2024-07-07T09:14:02.140Z</time>
    </trkpt>
    <trkpt lat="45.56153" lon="15.145329">
        <ele>148.0</ele>
        <time>2024-07-07T09:14:05.416Z</time>
    </trkpt>
    <trkpt lat="45.561394" lon="15.14573">
        <ele>148.0</ele>
        <time>2024-07-07T09:14:10.049Z</time>
    </trkpt>
    <trkpt lat="45.56134" lon="15.145981">
        <ele>147.3</ele>
        <time>2024-07-07T09:14:12.779Z</time>
        <extensions>
        <gpxtpx:TrackPointExtension>
        <gpxtpx:Extensions>
            <surface>asphalt</surface>
        </gpxtpx:Extensions>
        </gpxtpx:TrackPointExtension>
        </extensions>
    </trkpt>
    <trkpt lat="45.56139" lon="15.146019">
        <ele>147.0</ele>
        <time>2024-07-07T09:14:13.676Z</time>
        <extensions>
        <gpxtpx:TrackPointExtension>
        <gpxtpx:Extensions>
            <surface>asphalt</surface>
        </gpxtpx:Extensions>
        </gpxtpx:TrackPointExtension>
        </extensions>
    </trkpt>
    <trkpt lat="45.561463" lon="15.146075">
        <ele>146.8</ele>
        <time>2024-07-07T09:14:14.989Z</time>
        <extensions>
        <gpxtpx:TrackPointExtension>
        <gpxtpx:Extensions>
            <surface>asphalt</surface>
        </gpxtpx:Extensions>
        </gpxtpx:TrackPointExtension>
        </extensions>
    </trkpt>
    <trkpt lat="45.561643" lon="15.146245">
        <ele>145.3</ele>
        <time>2024-07-07T09:14:18.409Z</time>
        <extensions>
        <gpxtpx:TrackPointExtension>
        <gpxtpx:Extensions>
            <surface>asphalt</surface>
        </gpxtpx:Extensions>
        </gpxtpx:TrackPointExtension>
        </extensions>
    </trkpt>
    <trkpt lat="45.561702" lon="15.1463">
        <ele>145.3</ele>
        <time>2024-07-07T09:14:19.525Z</time>
        <extensions>
        <gpxtpx:TrackPointExtension>
        <gpxtpx:Extensions>
            <surface>asphalt</surface>
        </gpxtpx:Extensions>
        </gpxtpx:TrackPointExtension>
        </extensions>
    </trkpt>
    <trkpt lat="45.561962" lon="15.146633">
        <ele>143.3</ele>
        <time>2024-07-07T09:14:25.061Z</time>
    </trkpt>
    <trkpt lat="45.561974" lon="15.146619">
        <ele>143.3</ele>
        <time>2024-07-07T09:14:25.324Z</time>
    </trkpt>
    <trkpt lat="45.562058" lon="15.146528">
        <ele>143.8</ele>
        <time>2024-07-07T09:14:27.116Z</time>
    </trkpt>
    <trkpt lat="45.562098" lon="15.146515">
        <ele>143.8</ele>
        <time>2024-07-07T09:14:27.813Z</time>
    </trkpt>
    <trkpt lat="45.562126" lon="15.146507">
        <ele>143.8</ele>
        <time>2024-07-07T09:14:28.298Z</time>
    </trkpt>
    <trkpt lat="45.562214" lon="15.146509">
        <ele>143.8</ele>
        <time>2024-07-07T09:14:29.794Z</time>
    </trkpt>
    <trkpt lat="45.56224" lon="15.146516">
        <ele>143.3</ele>
        <time>2024-07-07T09:14:30.243Z</time>
    </trkpt>
    <trkpt lat="45.562258" lon="15.146499">
        <ele>145.2</ele>
        <time>2024-07-07T09:14:30.609Z</time>
    </trkpt>
    <trkpt lat="45.562276" lon="15.146458">
        <ele>145.0</ele>
        <time>2024-07-07T09:14:31.609Z</time>
    </trkpt>
    <trkpt lat="45.562279" lon="15.14644">
        <ele>145.0</ele>
        <time>2024-07-07T09:14:32.609Z</time>
    </trkpt>
    <trkpt lat="45.562276" lon="15.146444">
        <ele>145.0</ele>
        <time>2024-07-07T09:14:33.609Z</time>
    </trkpt>
    <trkpt lat="45.562275" lon="15.146447">
        <ele>145.0</ele>
        <time>2024-07-07T09:14:34.609Z</time>
    </trkpt>
    <trkpt lat="45.562275" lon="15.146448">
        <ele>145.0</ele>
        <time>2024-07-07T09:14:35.609Z</time>
    </trkpt>
    <trkpt lat="45.562276" lon="15.146447">
        <ele>145.0</ele>
        <time>2024-07-07T09:14:36.609Z</time>
    </trkpt>
    <trkpt lat="45.562276" lon="15.146446">
        <ele>145.0</ele>
        <time>2024-07-07T09:14:37.609Z</time>
    </trkpt>
    <trkpt lat="45.562278" lon="15.146444">
        <ele>144.9</ele>
        <time>2024-07-07T09:14:38.609Z</time>
    </trkpt>
    <trkpt lat="45.562283" lon="15.146445">
        <ele>144.9</ele>
        <time>2024-07-07T09:14:39.609Z</time>
    </trkpt>
    <trkpt lat="45.562285" lon="15.146443">
        <ele>144.9</ele>
        <time>2024-07-07T09:14:40.609Z</time>
    </trkpt>
    <trkpt lat="45.562285" lon="15.146442">
        <ele>144.9</ele>
        <time>2024-07-07T09:14:41.609Z</time>
    </trkpt>
    <trkpt lat="45.562285" lon="15.146441">
        <ele>144.9</ele>
        <time>2024-07-07T09:14:42.609Z</time>
    </trkpt>
    <trkpt lat="45.562284" lon="15.146439">
        <ele>144.9</ele>
        <time>2024-07-07T09:14:43.609Z</time>
    </trkpt>
    </trkseg>
</trk>
</gpx>