<?xml version="1.0" encoding="UTF-8" standalone="no" ?>
<gpx xmlns="http://www.topografix.com/GPX/1/1"
creator="OCAD 2020.5.5.3227" version="1.1"
xmlns:xsi="http://www.w3.org/2001/XMLSchema-instance" 
xsi:schemaLocation="http://www.topografix.com/GPX/1/1 
http://www.topografix.com/GPX/1/1/gpx.xsd">

  <metadata>
    <name>Zupanciceva pot</name>
    <desc>Bela krajina - pohodna pot 01</desc>
    <author><name>Kartografija d.o.o.</name></author>
    <link href="http://www.ocad.com">
      <text>OCAD AG</text>
    </link>
    <time>2020-11-05T08:33:03</time>
    <bounds maxlat="45.86687249" maxlon="15.60571704" minlat="45.32979540" minlon="14.93303760"/>
  </metadata>

  <rte>
    <name>rte1</name>
    <cmt>pohodne poti za izris profilov</cmt>
    <rtept lat="45.51964636" lon="15.17570737" >
      <name>rte1_0</name>
      <ele>165.00</ele>
    </rtept>
    <rtept lat="45.51970025" lon="15.17577154" >
      <name>rte1_1</name>
      <ele>165.00</ele>
    </rtept>
    <rtept lat="45.51974965" lon="15.17583570" >
      <name>rte1_2</name>
      <ele>165.00</ele>
    </rtept>
    <rtept lat="45.51979454" lon="15.17589984" >
      <name>rte1_3</name>
      <ele>165.00</ele>
    </rtept>
    <rtept lat="45.51983943" lon="15.17596399" >
      <name>rte1_4</name>
      <ele>165.00</ele>
    </rtept>
    <rtept lat="45.51988433" lon="15.17602173" >
      <name>rte1_5</name>
      <ele>165.00</ele>
    </rtept>
    <rtept lat="45.51992474" lon="15.17607946" >
      <name>rte1_6</name>
      <ele>165.50</ele>
    </rtept>
    <rtept lat="45.51996514" lon="15.17613719" >
      <name>rte1_7</name>
      <ele>165.50</ele>
    </rtept>
    <rtept lat="45.52000103" lon="15.17620131" >
      <name>rte1_8</name>
      <ele>165.50</ele>
    </rtept>
    <rtept lat="45.52003693" lon="15.17626542" >
      <name>rte1_9</name>
      <ele>165.50</ele>
    </rtept>
    <rtept lat="45.52007283" lon="15.17632314" >
      <name>rte1_10</name>
      <ele>165.50</ele>
    </rtept>
    <rtept lat="45.52010872" lon="15.17639365" >
      <name>rte1_11</name>
      <ele>165.80</ele>
    </rtept>
    <rtept lat="45.52014010" lon="15.17646416" >
      <name>rte1_12</name>
      <ele>166.30</ele>
    </rtept>
    <rtept lat="45.52017599" lon="15.17653467" >
      <name>rte1_13</name>
      <ele>166.30</ele>
    </rtept>
    <rtept lat="45.52021185" lon="15.17661799" >
      <name>rte1_14</name>
      <ele>166.30</ele>
    </rtept>
    <rtept lat="45.52024771" lon="15.17670131" >
      <name>rte1_15</name>
      <ele>167.50</ele>
    </rtept>
    <rtept lat="45.52028357" lon="15.17679102" >
      <name>rte1_16</name>
      <ele>167.50</ele>
    </rtept>
    <rtept lat="45.52031494" lon="15.17686793" >
      <name>rte1_17</name>
      <ele>167.50</ele>
    </rtept>
    <rtept lat="45.52034633" lon="15.17693843" >
      <name>rte1_18</name>
      <ele>168.50</ele>
    </rtept>
    <rtept lat="45.52037772" lon="15.17700253" >
      <name>rte1_19</name>
      <ele>168.50</ele>
    </rtept>
    <rtept lat="45.52040911" lon="15.17706664" >
      <name>rte1_20</name>
      <ele>168.80</ele>
    </rtept>
    <rtept lat="45.52044502" lon="15.17712435" >
      <name>rte1_21</name>
      <ele>168.80</ele>
    </rtept>
    <rtept lat="45.52048092" lon="15.17718207" >
      <name>rte1_22</name>
      <ele>168.80</ele>
    </rtept>
    <rtept lat="45.52051234" lon="15.17723337" >
      <name>rte1_23</name>
      <ele>168.80</ele>
    </rtept>
    <rtept lat="45.52054826" lon="15.17727829" >
      <name>rte1_24</name>
      <ele>168.80</ele>
    </rtept>
    <rtept lat="45.52058867" lon="15.17732962" >
      <name>rte1_25</name>
      <ele>170.00</ele>
    </rtept>
    <rtept lat="45.52062461" lon="15.17736813" >
      <name>rte1_26</name>
      <ele>170.00</ele>
    </rtept>
    <rtept lat="45.52066503" lon="15.17741306" >
      <name>rte1_27</name>
      <ele>170.00</ele>
    </rtept>
    <rtept lat="45.52070545" lon="15.17745800" >
      <name>rte1_28</name>
      <ele>170.00</ele>
    </rtept>
    <rtept lat="45.52074588" lon="15.17749653" >
      <name>rte1_29</name>
      <ele>170.00</ele>
    </rtept>
    <rtept lat="45.52079081" lon="15.17754147" >
      <name>rte1_30</name>
      <ele>170.00</ele>
    </rtept>
    <rtept lat="45.52083573" lon="15.17758642" >
      <name>rte1_31</name>
      <ele>170.00</ele>
    </rtept>
    <rtept lat="45.52088515" lon="15.17763138" >
      <name>rte1_32</name>
      <ele>170.00</ele>
    </rtept>
    <rtept lat="45.52093456" lon="15.17768274" >
      <name>rte1_33</name>
      <ele>170.00</ele>
    </rtept>
    <rtept lat="45.52098397" lon="15.17773410" >
      <name>rte1_34</name>
      <ele>170.00</ele>
    </rtept>
    <rtept lat="45.52102889" lon="15.17777904" >
      <name>rte1_35</name>
      <ele>170.00</ele>
    </rtept>
    <rtept lat="45.52107380" lon="15.17783039" >
      <name>rte1_36</name>
      <ele>170.00</ele>
    </rtept>
    <rtept lat="45.52111873" lon="15.17787533" >
      <name>rte1_37</name>
      <ele>170.00</ele>
    </rtept>
    <rtept lat="45.52115915" lon="15.17792026" >
      <name>rte1_38</name>
      <ele>170.00</ele>
    </rtept>
    <rtept lat="45.52119958" lon="15.17795880" >
      <name>rte1_39</name>
      <ele>170.00</ele>
    </rtept>
    <rtept lat="45.52124000" lon="15.17800373" >
      <name>rte1_40</name>
      <ele>170.00</ele>
    </rtept>
    <rtept lat="45.52128043" lon="15.17804866" >
      <name>rte1_41</name>
      <ele>170.00</ele>
    </rtept>
    <rtept lat="45.52132085" lon="15.17809359" >
      <name>rte1_42</name>
      <ele>170.00</ele>
    </rtept>
    <rtept lat="45.52136127" lon="15.17813852" >
      <name>rte1_43</name>
      <ele>170.00</ele>
    </rtept>
    <rtept lat="45.52140169" lon="15.17818345" >
      <name>rte1_44</name>
      <ele>170.00</ele>
    </rtept>
    <rtept lat="45.52144661" lon="15.17822840" >
      <name>rte1_45</name>
      <ele>170.00</ele>
    </rtept>
    <rtept lat="45.52149153" lon="15.17827975" >
      <name>rte1_46</name>
      <ele>170.00</ele>
    </rtept>
    <rtept lat="45.52154094" lon="15.17833111" >
      <name>rte1_47</name>
      <ele>169.60</ele>
    </rtept>
    <rtept lat="45.52159484" lon="15.17838888" >
      <name>rte1_48</name>
      <ele>169.60</ele>
    </rtept>
    <rtept lat="45.52165323" lon="15.17845308" >
      <name>rte1_49</name>
      <ele>169.60</ele>
    </rtept>
    <rtept lat="45.52170263" lon="15.17851084" >
      <name>rte1_50</name>
      <ele>169.20</ele>
    </rtept>
    <rtept lat="45.52175652" lon="15.17857501" >
      <name>rte1_51</name>
      <ele>169.20</ele>
    </rtept>
    <rtept lat="45.52181485" lon="15.17867121" >
      <name>rte1_52</name>
      <ele>166.90</ele>
    </rtept>
    <rtept lat="45.52184626" lon="15.17872891" >
      <name>rte1_53</name>
      <ele>166.90</ele>
    </rtept>
    <rtept lat="45.52187767" lon="15.17878022" >
      <name>rte1_54</name>
      <ele>166.90</ele>
    </rtept>
    <rtept lat="45.52190457" lon="15.17883791" >
      <name>rte1_55</name>
      <ele>166.90</ele>
    </rtept>
    <rtept lat="45.52193149" lon="15.17888920" >
      <name>rte1_56</name>
      <ele>166.50</ele>
    </rtept>
    <rtept lat="45.52195840" lon="15.17894049" >
      <name>rte1_57</name>
      <ele>166.00</ele>
    </rtept>
    <rtept lat="45.52198081" lon="15.17899816" >
      <name>rte1_58</name>
      <ele>166.00</ele>
    </rtept>
    <rtept lat="45.52201220" lon="15.17906227" >
      <name>rte1_59</name>
      <ele>166.00</ele>
    </rtept>
    <rtept lat="45.52204357" lon="15.17913918" >
      <name>rte1_60</name>
      <ele>166.00</ele>
    </rtept>
    <rtept lat="45.52209744" lon="15.17921615" >
      <name>rte1_61</name>
      <ele>166.00</ele>
    </rtept>
    <rtept lat="45.52214680" lon="15.17929952" >
      <name>rte1_62</name>
      <ele>165.40</ele>
    </rtept>
    <rtept lat="45.52218718" lon="15.17937005" >
      <name>rte1_63</name>
      <ele>165.40</ele>
    </rtept>
    <rtept lat="45.52222756" lon="15.17944699" >
      <name>rte1_64</name>
      <ele>165.40</ele>
    </rtept>
    <rtept lat="45.52226342" lon="15.17953031" >
      <name>rte1_65</name>
      <ele>165.40</ele>
    </rtept>
    <rtept lat="45.52229927" lon="15.17962003" >
      <name>rte1_66</name>
      <ele>165.00</ele>
    </rtept>
    <rtept lat="45.52233061" lon="15.17971614" >
      <name>rte1_67</name>
      <ele>165.00</ele>
    </rtept>
    <rtept lat="45.52234853" lon="15.17976740" >
      <name>rte1_68</name>
      <ele>165.00</ele>
    </rtept>
    <rtept lat="45.52237092" lon="15.17983148" >
      <name>rte1_69</name>
      <ele>165.00</ele>
    </rtept>
    <rtept lat="45.52239327" lon="15.17992116" >
      <name>rte1_70</name>
      <ele>165.00</ele>
    </rtept>
    <rtept lat="45.52242013" lon="15.18001086" >
      <name>rte1_71</name>
      <ele>165.00</ele>
    </rtept>
    <rtept lat="45.52244248" lon="15.18010054" >
      <name>rte1_72</name>
      <ele>165.00</ele>
    </rtept>
    <rtept lat="45.52246483" lon="15.18019021" >
      <name>rte1_73</name>
      <ele>165.00</ele>
    </rtept>
    <rtept lat="45.52248720" lon="15.18027349" >
      <name>rte1_74</name>
      <ele>163.80</ele>
    </rtept>
    <rtept lat="45.52250506" lon="15.18035676" >
      <name>rte1_75</name>
      <ele>163.80</ele>
    </rtept>
    <rtept lat="45.52252293" lon="15.18044002" >
      <name>rte1_76</name>
      <ele>163.80</ele>
    </rtept>
    <rtept lat="45.52254080" lon="15.18051689" >
      <name>rte1_77</name>
      <ele>163.80</ele>
    </rtept>
    <rtept lat="45.52255866" lon="15.18060015" >
      <name>rte1_78</name>
      <ele>161.70</ele>
    </rtept>
    <rtept lat="45.52257654" lon="15.18067702" >
      <name>rte1_79</name>
      <ele>161.70</ele>
    </rtept>
    <rtept lat="45.52258991" lon="15.18075387" >
      <name>rte1_80</name>
      <ele>161.80</ele>
    </rtept>
    <rtept lat="45.52260779" lon="15.18083073" >
      <name>rte1_81</name>
      <ele>161.80</ele>
    </rtept>
    <rtept lat="45.52262116" lon="15.18090758" >
      <name>rte1_82</name>
      <ele>160.00</ele>
    </rtept>
    <rtept lat="45.52263905" lon="15.18097805" >
      <name>rte1_83</name>
      <ele>160.00</ele>
    </rtept>
    <rtept lat="45.52265242" lon="15.18105490" >
      <name>rte1_84</name>
      <ele>160.00</ele>
    </rtept>
    <rtept lat="45.52266580" lon="15.18113175" >
      <name>rte1_85</name>
      <ele>160.00</ele>
    </rtept>
    <rtept lat="45.52268368" lon="15.18120221" >
      <name>rte1_86</name>
      <ele>160.00</ele>
    </rtept>
    <rtept lat="45.52269705" lon="15.18127906" >
      <name>rte1_87</name>
      <ele>160.00</ele>
    </rtept>
    <rtept lat="45.52271493" lon="15.18135593" >
      <name>rte1_88</name>
      <ele>160.00</ele>
    </rtept>
    <rtept lat="45.52272831" lon="15.18142637" >
      <name>rte1_89</name>
      <ele>160.00</ele>
    </rtept>
    <rtept lat="45.52274619" lon="15.18150324" >
      <name>rte1_90</name>
      <ele>160.00</ele>
    </rtept>
    <rtept lat="45.52276406" lon="15.18158010" >
      <name>rte1_91</name>
      <ele>160.00</ele>
    </rtept>
    <rtept lat="45.52278193" lon="15.18165697" >
      <name>rte1_92</name>
      <ele>160.00</ele>
    </rtept>
    <rtept lat="45.52280431" lon="15.18173385" >
      <name>rte1_93</name>
      <ele>160.00</ele>
    </rtept>
    <rtept lat="45.52282217" lon="15.18181712" >
      <name>rte1_94</name>
      <ele>160.00</ele>
    </rtept>
    <rtept lat="45.52284454" lon="15.18189399" >
      <name>rte1_95</name>
      <ele>160.00</ele>
    </rtept>
    <rtept lat="45.52287140" lon="15.18197729" >
      <name>rte1_96</name>
      <ele>160.00</ele>
    </rtept>
    <rtept lat="45.52289377" lon="15.18206057" >
      <name>rte1_97</name>
      <ele>160.00</ele>
    </rtept>
    <rtept lat="45.52292062" lon="15.18215027" >
      <name>rte1_98</name>
      <ele>155.00</ele>
    </rtept>
    <rtept lat="45.52295198" lon="15.18223358" >
      <name>rte1_99</name>
      <ele>155.00</ele>
    </rtept>
    <rtept lat="45.52297883" lon="15.18232327" >
      <name>rte1_100</name>
      <ele>155.00</ele>
    </rtept>
    <rtept lat="45.52301467" lon="15.18241940" >
      <name>rte1_101</name>
      <ele>155.00</ele>
    </rtept>
    <rtept lat="45.52304155" lon="15.18248989" >
      <name>rte1_102</name>
      <ele>155.00</ele>
    </rtept>
    <rtept lat="45.52307293" lon="15.18256040" >
      <name>rte1_103</name>
      <ele>155.00</ele>
    </rtept>
    <rtept lat="45.52310433" lon="15.18261811" >
      <name>rte1_104</name>
      <ele>155.00</ele>
    </rtept>
    <rtept lat="45.52314023" lon="15.18267583" >
      <name>rte1_105</name>
      <ele>155.00</ele>
    </rtept>
    <rtept lat="45.52317614" lon="15.18272716" >
      <name>rte1_106</name>
      <ele>155.00</ele>
    </rtept>
    <rtept lat="45.52321205" lon="15.18277848" >
      <name>rte1_107</name>
      <ele>155.00</ele>
    </rtept>
    <rtept lat="45.52324797" lon="15.18282340" >
      <name>rte1_108</name>
      <ele>155.00</ele>
    </rtept>
    <rtept lat="45.52328840" lon="15.18286834" >
      <name>rte1_109</name>
      <ele>156.36</ele>
    </rtept>
    <rtept lat="45.52332432" lon="15.18291326" >
      <name>rte1_110</name>
      <ele>156.36</ele>
    </rtept>
    <rtept lat="45.52336023" lon="15.18296458" >
      <name>rte1_111</name>
      <ele>156.36</ele>
    </rtept>
    <rtept lat="45.52339615" lon="15.18300950" >
      <name>rte1_112</name>
      <ele>156.36</ele>
    </rtept>
    <rtept lat="45.52343205" lon="15.18306723" >
      <name>rte1_113</name>
      <ele>156.36</ele>
    </rtept>
    <rtept lat="45.52346345" lon="15.18312494" >
      <name>rte1_114</name>
      <ele>155.00</ele>
    </rtept>
    <rtept lat="45.52349484" lon="15.18318904" >
      <name>rte1_115</name>
      <ele>155.00</ele>
    </rtept>
    <rtept lat="45.52352622" lon="15.18325955" >
      <name>rte1_116</name>
      <ele>155.00</ele>
    </rtept>
    <rtept lat="45.52355308" lon="15.18334285" >
      <name>rte1_117</name>
      <ele>155.00</ele>
    </rtept>
    <rtept lat="45.52357543" lon="15.18343253" >
      <name>rte1_118</name>
      <ele>155.00</ele>
    </rtept>
    <rtept lat="45.52360229" lon="15.18351583" >
      <name>rte1_119</name>
      <ele>155.00</ele>
    </rtept>
    <rtept lat="45.52362465" lon="15.18359911" >
      <name>rte1_120</name>
      <ele>155.00</ele>
    </rtept>
    <rtept lat="45.52365153" lon="15.18367601" >
      <name>rte1_121</name>
      <ele>155.00</ele>
    </rtept>
    <rtept lat="45.52367390" lon="15.18375289" >
      <name>rte1_122</name>
      <ele>155.00</ele>
    </rtept>
    <rtept lat="45.52369626" lon="15.18383617" >
      <name>rte1_123</name>
      <ele>155.00</ele>
    </rtept>
    <rtept lat="45.52371860" lon="15.18393226" >
      <name>rte1_124</name>
      <ele>155.00</ele>
    </rtept>
    <rtept lat="45.52374093" lon="15.18403474" >
      <name>rte1_125</name>
      <ele>155.00</ele>
    </rtept>
    <rtept lat="45.52376323" lon="15.18415643" >
      <name>rte1_126</name>
      <ele>152.80</ele>
    </rtept>
    <rtept lat="45.52378102" lon="15.18427810" >
      <name>rte1_127</name>
      <ele>152.80</ele>
    </rtept>
    <rtept lat="45.52379883" lon="15.18439337" >
      <name>rte1_128</name>
      <ele>151.80</ele>
    </rtept>
    <rtept lat="45.52381665" lon="15.18450224" >
      <name>rte1_129</name>
      <ele>151.80</ele>
    </rtept>
    <rtept lat="45.52382997" lon="15.18461110" >
      <name>rte1_130</name>
      <ele>151.80</ele>
    </rtept>
    <rtept lat="45.52384330" lon="15.18471355" >
      <name>rte1_131</name>
      <ele>153.40</ele>
    </rtept>
    <rtept lat="45.52385663" lon="15.18481601" >
      <name>rte1_132</name>
      <ele>153.40</ele>
    </rtept>
    <rtept lat="45.52386996" lon="15.18491846" >
      <name>rte1_133</name>
      <ele>153.40</ele>
    </rtept>
    <rtept lat="45.52387879" lon="15.18502090" >
      <name>rte1_134</name>
      <ele>155.00</ele>
    </rtept>
    <rtept lat="45.52389212" lon="15.18512336" >
      <name>rte1_135</name>
      <ele>155.00</ele>
    </rtept>
    <rtept lat="45.52390544" lon="15.18523222" >
      <name>rte1_136</name>
      <ele>155.00</ele>
    </rtept>
    <rtept lat="45.52391876" lon="15.18534107" >
      <name>rte1_137</name>
      <ele>155.00</ele>
    </rtept>
    <rtept lat="45.52393208" lon="15.18544993" >
      <name>rte1_138</name>
      <ele>155.00</ele>
    </rtept>
    <rtept lat="45.52394988" lon="15.18557160" >
      <name>rte1_139</name>
      <ele>155.00</ele>
    </rtept>
    <rtept lat="45.52396768" lon="15.18569327" >
      <name>rte1_140</name>
      <ele>155.00</ele>
    </rtept>
    <rtept lat="45.52397657" lon="15.18575731" >
      <name>rte1_141</name>
      <ele>155.00</ele>
    </rtept>
    <rtept lat="45.52398995" lon="15.18582776" >
      <name>rte1_142</name>
      <ele>155.00</ele>
    </rtept>
    <rtept lat="45.52399884" lon="15.18589820" >
      <name>rte1_143</name>
      <ele>155.00</ele>
    </rtept>
    <rtept lat="45.52401222" lon="15.18596865" >
      <name>rte1_144</name>
      <ele>155.00</ele>
    </rtept>
    <rtept lat="45.52403010" lon="15.18603912" >
      <name>rte1_145</name>
      <ele>155.00</ele>
    </rtept>
    <rtept lat="45.52406146" lon="15.18612243" >
      <name>rte1_146</name>
      <ele>155.00</ele>
    </rtept>
    <rtept lat="45.52408385" lon="15.18618652" >
      <name>rte1_147</name>
      <ele>155.00</ele>
    </rtept>
    <rtept lat="45.52411524" lon="15.18625063" >
      <name>rte1_148</name>
      <ele>155.00</ele>
    </rtept>
    <rtept lat="45.52414214" lon="15.18630832" >
      <name>rte1_149</name>
      <ele>155.00</ele>
    </rtept>
    <rtept lat="45.52417354" lon="15.18636603" >
      <name>rte1_150</name>
      <ele>155.00</ele>
    </rtept>
    <rtept lat="45.52420496" lon="15.18641094" >
      <name>rte1_151</name>
      <ele>155.00</ele>
    </rtept>
    <rtept lat="45.52423637" lon="15.18646226" >
      <name>rte1_152</name>
      <ele>155.00</ele>
    </rtept>
    <rtept lat="45.52430372" lon="15.18654569" >
      <name>rte1_153</name>
      <ele>155.00</ele>
    </rtept>
    <rtept lat="45.52437558" lon="15.18662274" >
      <name>rte1_154</name>
      <ele>157.82</ele>
    </rtept>
    <rtept lat="45.52441150" lon="15.18666766" >
      <name>rte1_155</name>
      <ele>156.61</ele>
    </rtept>
    <rtept lat="45.52444743" lon="15.18670619" >
      <name>rte1_156</name>
      <ele>156.61</ele>
    </rtept>
    <rtept lat="45.52448335" lon="15.18675111" >
      <name>rte1_157</name>
      <ele>156.61</ele>
    </rtept>
    <rtept lat="45.52451927" lon="15.18679604" >
      <name>rte1_158</name>
      <ele>156.61</ele>
    </rtept>
    <rtept lat="45.52455518" lon="15.18684737" >
      <name>rte1_159</name>
      <ele>156.61</ele>
    </rtept>
    <rtept lat="45.52459558" lon="15.18690511" >
      <name>rte1_160</name>
      <ele>156.61</ele>
    </rtept>
    <rtept lat="45.52483333" lon="15.18733476" >
      <name>rte1_161</name>
      <ele>160.00</ele>
    </rtept>
    <rtept lat="45.52478829" lon="15.18736021" >
      <name>rte1_162</name>
      <ele>160.00</ele>
    </rtept>
    <rtept lat="45.52473874" lon="15.18739845" >
      <name>rte1_163</name>
      <ele>160.00</ele>
    </rtept>
    <rtept lat="45.52468918" lon="15.18743669" >
      <name>rte1_164</name>
      <ele>160.00</ele>
    </rtept>
    <rtept lat="45.52463063" lon="15.18747489" >
      <name>rte1_165</name>
      <ele>160.00</ele>
    </rtept>
    <rtept lat="45.52457656" lon="15.18751952" >
      <name>rte1_166</name>
      <ele>160.00</ele>
    </rtept>
    <rtept lat="45.52451800" lon="15.18756413" >
      <name>rte1_167</name>
      <ele>160.00</ele>
    </rtept>
    <rtept lat="45.52445943" lon="15.18760874" >
      <name>rte1_168</name>
      <ele>160.60</ele>
    </rtept>
    <rtept lat="45.52440087" lon="15.18765335" >
      <name>rte1_169</name>
      <ele>160.60</ele>
    </rtept>
    <rtept lat="45.52434231" lon="15.18769795" >
      <name>rte1_170</name>
      <ele>161.60</ele>
    </rtept>
    <rtept lat="45.52428374" lon="15.18774256" >
      <name>rte1_171</name>
      <ele>161.60</ele>
    </rtept>
    <rtept lat="45.52422969" lon="15.18778079" >
      <name>rte1_172</name>
      <ele>161.60</ele>
    </rtept>
    <rtept lat="45.52418013" lon="15.18781902" >
      <name>rte1_173</name>
      <ele>161.60</ele>
    </rtept>
    <rtept lat="45.52413509" lon="15.18785088" >
      <name>rte1_174</name>
      <ele>162.20</ele>
    </rtept>
    <rtept lat="45.52409004" lon="15.18788273" >
      <name>rte1_175</name>
      <ele>162.20</ele>
    </rtept>
    <rtept lat="45.52402697" lon="15.18793372" >
      <name>rte1_176</name>
      <ele>163.00</ele>
    </rtept>
    <rtept lat="45.52395041" lon="15.18797827" >
      <name>rte1_177</name>
      <ele>163.00</ele>
    </rtept>
    <rtept lat="45.52388285" lon="15.18801645" >
      <name>rte1_178</name>
      <ele>162.40</ele>
    </rtept>
    <rtept lat="45.52381980" lon="15.18805464" >
      <name>rte1_179</name>
      <ele>162.40</ele>
    </rtept>
    <rtept lat="45.52376126" lon="15.18808645" >
      <name>rte1_180</name>
      <ele>162.40</ele>
    </rtept>
    <rtept lat="45.52370722" lon="15.18811187" >
      <name>rte1_181</name>
      <ele>162.40</ele>
    </rtept>
    <rtept lat="45.52365319" lon="15.18813729" >
      <name>rte1_182</name>
      <ele>162.30</ele>
    </rtept>
    <rtept lat="45.52360817" lon="15.18815634" >
      <name>rte1_183</name>
      <ele>162.30</ele>
    </rtept>
    <rtept lat="45.52356315" lon="15.18816899" >
      <name>rte1_184</name>
      <ele>162.30</ele>
    </rtept>
    <rtept lat="45.52348214" lon="15.18818792" >
      <name>rte1_185</name>
      <ele>162.30</ele>
    </rtept>
    <rtept lat="45.52341464" lon="15.18819409" >
      <name>rte1_186</name>
      <ele>162.80</ele>
    </rtept>
    <rtept lat="45.52335166" lon="15.18818748" >
      <name>rte1_187</name>
      <ele>162.80</ele>
    </rtept>
    <rtept lat="45.52329320" lon="15.18816808" >
      <name>rte1_188</name>
      <ele>162.80</ele>
    </rtept>
    <rtept lat="45.52323926" lon="15.18813589" >
      <name>rte1_189</name>
      <ele>163.20</ele>
    </rtept>
    <rtept lat="45.52318084" lon="15.18809729" >
      <name>rte1_190</name>
      <ele>163.20</ele>
    </rtept>
    <rtept lat="45.52312243" lon="15.18804589" >
      <name>rte1_191</name>
      <ele>163.20</ele>
    </rtept>
    <rtept lat="45.52306404" lon="15.18798809" >
      <name>rte1_192</name>
      <ele>163.20</ele>
    </rtept>
    <rtept lat="45.52299217" lon="15.18791744" >
      <name>rte1_193</name>
      <ele>165.00</ele>
    </rtept>
    <rtept lat="45.52295623" lon="15.18788532" >
      <name>rte1_194</name>
      <ele>163.60</ele>
    </rtept>
    <rtept lat="45.52291580" lon="15.18784678" >
      <name>rte1_195</name>
      <ele>163.60</ele>
    </rtept>
    <rtept lat="45.52287087" lon="15.18780822" >
      <name>rte1_196</name>
      <ele>163.60</ele>
    </rtept>
    <rtept lat="45.52282594" lon="15.18776967" >
      <name>rte1_197</name>
      <ele>163.60</ele>
    </rtept>
    <rtept lat="45.52277651" lon="15.18773110" >
      <name>rte1_198</name>
      <ele>162.70</ele>
    </rtept>
    <rtept lat="45.52272259" lon="15.18769252" >
      <name>rte1_199</name>
      <ele>162.70</ele>
    </rtept>
    <rtept lat="45.52267315" lon="15.18766035" >
      <name>rte1_200</name>
      <ele>162.70</ele>
    </rtept>
    <rtept lat="45.52262368" lon="15.18764738" >
      <name>rte1_201</name>
      <ele>162.70</ele>
    </rtept>
    <rtept lat="45.52225909" lon="15.18773576" >
      <name>rte1_202</name>
      <ele>160.40</ele>
    </rtept>
    <rtept lat="45.52220951" lon="15.18779320" >
      <name>rte1_203</name>
      <ele>160.40</ele>
    </rtept>
    <rtept lat="45.52219137" lon="15.18787635" >
      <name>rte1_204</name>
      <ele>160.40</ele>
    </rtept>
    <rtept lat="45.52220471" lon="15.18797240" >
      <name>rte1_205</name>
      <ele>160.00</ele>
    </rtept>
    <rtept lat="45.52224052" lon="15.18808133" >
      <name>rte1_206</name>
      <ele>160.00</ele>
    </rtept>
    <rtept lat="45.52225842" lon="15.18813899" >
      <name>rte1_207</name>
      <ele>160.00</ele>
    </rtept>
    <rtept lat="45.52228532" lon="15.18819669" >
      <name>rte1_208</name>
      <ele>160.00</ele>
    </rtept>
    <rtept lat="45.52231222" lon="15.18825438" >
      <name>rte1_209</name>
      <ele>160.00</ele>
    </rtept>
    <rtept lat="45.52233912" lon="15.18831208" >
      <name>rte1_210</name>
      <ele>160.00</ele>
    </rtept>
    <rtept lat="45.52236603" lon="15.18836337" >
      <name>rte1_211</name>
      <ele>162.26</ele>
    </rtept>
    <rtept lat="45.52238843" lon="15.18842105" >
      <name>rte1_212</name>
      <ele>162.26</ele>
    </rtept>
    <rtept lat="45.52243775" lon="15.18852363" >
      <name>rte1_213</name>
      <ele>162.26</ele>
    </rtept>
    <rtept lat="45.52246911" lon="15.18860694" >
      <name>rte1_214</name>
      <ele>161.07</ele>
    </rtept>
    <rtept lat="45.52250495" lon="15.18869667" >
      <name>rte1_215</name>
      <ele>161.07</ele>
    </rtept>
    <rtept lat="45.52253631" lon="15.18877998" >
      <name>rte1_216</name>
      <ele>161.07</ele>
    </rtept>
    <rtept lat="45.52256767" lon="15.18885690" >
      <name>rte1_217</name>
      <ele>160.00</ele>
    </rtept>
    <rtept lat="45.52259904" lon="15.18893381" >
      <name>rte1_218</name>
      <ele>160.82</ele>
    </rtept>
    <rtept lat="45.52262140" lon="15.18901709" >
      <name>rte1_219</name>
      <ele>160.82</ele>
    </rtept>
    <rtept lat="45.52264377" lon="15.18909397" >
      <name>rte1_220</name>
      <ele>160.82</ele>
    </rtept>
    <rtept lat="45.52266613" lon="15.18917086" >
      <name>rte1_221</name>
      <ele>160.82</ele>
    </rtept>
    <rtept lat="45.52268400" lon="15.18924772" >
      <name>rte1_222</name>
      <ele>154.91</ele>
    </rtept>
    <rtept lat="45.52269286" lon="15.18933096" >
      <name>rte1_223</name>
      <ele>154.91</ele>
    </rtept>
    <rtept lat="45.52270173" lon="15.18940780" >
      <name>rte1_224</name>
      <ele>154.91</ele>
    </rtept>
    <rtept lat="45.52270609" lon="15.18949102" >
      <name>rte1_225</name>
      <ele>154.91</ele>
    </rtept>
    <rtept lat="45.52270594" lon="15.18958063" >
      <name>rte1_226</name>
      <ele>150.00</ele>
    </rtept>
    <rtept lat="45.52270129" lon="15.18967022" >
      <name>rte1_227</name>
      <ele>150.00</ele>
    </rtept>
    <rtept lat="45.52269214" lon="15.18975980" >
      <name>rte1_228</name>
      <ele>150.00</ele>
    </rtept>
    <rtept lat="45.52267847" lon="15.18986216" >
      <name>rte1_229</name>
      <ele>150.00</ele>
    </rtept>
    <rtept lat="45.52234433" lon="15.19057788" >
      <name>rte1_230</name>
      <ele>150.00</ele>
    </rtept>
    <rtept lat="45.52231732" lon="15.19058419" >
      <name>rte1_231</name>
      <ele>150.00</ele>
    </rtept>
    <rtept lat="45.52207436" lon="15.19058336" >
      <name>rte1_232</name>
      <ele>150.00</ele>
    </rtept>
    <rtept lat="45.52182690" lon="15.19058252" >
      <name>rte1_233</name>
      <ele>153.08</ele>
    </rtept>
    <rtept lat="45.52155695" lon="15.19058160" >
      <name>rte1_234</name>
      <ele>154.02</ele>
    </rtept>
    <rtept lat="45.52133194" lon="15.19061284" >
      <name>rte1_235</name>
      <ele>153.78</ele>
    </rtept>
    <rtept lat="45.52108437" lon="15.19067599" >
      <name>rte1_236</name>
      <ele>153.06</ele>
    </rtept>
    <rtept lat="45.52092664" lon="15.19082907" >
      <name>rte1_237</name>
      <ele>150.00</ele>
    </rtept>
    <rtept lat="45.52074623" lon="15.19109086" >
      <name>rte1_238</name>
      <ele>150.00</ele>
    </rtept>
    <rtept lat="45.52058843" lon="15.19128233" >
      <name>rte1_239</name>
      <ele>150.00</ele>
    </rtept>
    <rtept lat="45.52045313" lon="15.19147388" >
      <name>rte1_240</name>
      <ele>151.73</ele>
    </rtept>
    <rtept lat="45.52027296" lon="15.19159487" >
      <name>rte1_241</name>
      <ele>153.95</ele>
    </rtept>
    <rtept lat="45.52008842" lon="15.19163264" >
      <name>rte1_242</name>
      <ele>157.03</ele>
    </rtept>
    <rtept lat="45.51984563" lon="15.19153580" >
      <name>rte1_243</name>
      <ele>155.41</ele>
    </rtept>
    <rtept lat="45.51957600" lon="15.19134287" >
      <name>rte1_244</name>
      <ele>160.00</ele>
    </rtept>
    <rtept lat="45.51941435" lon="15.19115031" >
      <name>rte1_245</name>
      <ele>157.60</ele>
    </rtept>
    <rtept lat="45.51927948" lon="15.19108585" >
      <name>rte1_246</name>
      <ele>157.60</ele>
    </rtept>
    <rtept lat="45.51907697" lon="15.19111076" >
      <name>rte1_247</name>
      <ele>157.50</ele>
    </rtept>
    <rtept lat="45.51887428" lon="15.19124447" >
      <name>rte1_248</name>
      <ele>158.70</ele>
    </rtept>
    <rtept lat="45.51872093" lon="15.19146795" >
      <name>rte1_249</name>
      <ele>160.00</ele>
    </rtept>
    <rtept lat="45.51860368" lon="15.19162755" >
      <name>rte1_250</name>
      <ele>160.00</ele>
    </rtept>
    <rtept lat="45.51840089" lon="15.19181886" >
      <name>rte1_251</name>
      <ele>160.00</ele>
    </rtept>
    <rtept lat="45.51824766" lon="15.19197193" >
      <name>rte1_252</name>
      <ele>162.10</ele>
    </rtept>
    <rtept lat="45.51802253" lon="15.19206716" >
      <name>rte1_253</name>
      <ele>160.00</ele>
    </rtept>
    <rtept lat="45.51786033" lon="15.19220101" >
      <name>rte1_254</name>
      <ele>160.00</ele>
    </rtept>
    <rtept lat="45.51770681" lon="15.19252048" >
      <name>rte1_255</name>
      <ele>160.00</ele>
    </rtept>
    <rtept lat="45.51758946" lon="15.19273767" >
      <name>rte1_256</name>
      <ele>162.50</ele>
    </rtept>
    <rtept lat="45.51743583" lon="15.19312114" >
      <name>rte1_257</name>
      <ele>160.67</ele>
    </rtept>
    <rtept lat="45.51731836" lon="15.19340873" >
      <name>rte1_258</name>
      <ele>161.83</ele>
    </rtept>
    <rtept lat="45.51714240" lon="15.19369612" >
      <name>rte1_259</name>
      <ele>161.82</ele>
    </rtept>
    <rtept lat="45.51714166" lon="15.19413132" >
      <name>rte1_260</name>
      <ele>160.00</ele>
    </rtept>
    <rtept lat="45.51711455" lon="15.19419522" >
      <name>rte1_261</name>
      <ele>160.00</ele>
    </rtept>
    <rtept lat="45.51709645" lon="15.19425276" >
      <name>rte1_262</name>
      <ele>160.00</ele>
    </rtept>
    <rtept lat="45.51707385" lon="15.19431668" >
      <name>rte1_263</name>
      <ele>160.00</ele>
    </rtept>
    <rtept lat="45.51705575" lon="15.19437422" >
      <name>rte1_264</name>
      <ele>160.00</ele>
    </rtept>
    <rtept lat="45.51701956" lon="15.19448929" >
      <name>rte1_265</name>
      <ele>160.00</ele>
    </rtept>
    <rtept lat="45.51698787" lon="15.19460438" >
      <name>rte1_266</name>
      <ele>160.00</ele>
    </rtept>
    <rtept lat="45.51695169" lon="15.19471305" >
      <name>rte1_267</name>
      <ele>160.00</ele>
    </rtept>
    <rtept lat="45.51693359" lon="15.19477059" >
      <name>rte1_268</name>
      <ele>160.00</ele>
    </rtept>
    <rtept lat="45.51691548" lon="15.19483452" >
      <name>rte1_269</name>
      <ele>160.00</ele>
    </rtept>
    <rtept lat="45.51689739" lon="15.19489206" >
      <name>rte1_270</name>
      <ele>160.00</ele>
    </rtept>
    <rtept lat="45.51687928" lon="15.19495599" >
      <name>rte1_271</name>
      <ele>161.30</ele>
    </rtept>
    <rtept lat="45.51685666" lon="15.19502631" >
      <name>rte1_272</name>
      <ele>161.30</ele>
    </rtept>
    <rtept lat="45.51683405" lon="15.19509663" >
      <name>rte1_273</name>
      <ele>161.30</ele>
    </rtept>
    <rtept lat="45.51661819" lon="15.19503188" >
      <name>rte1_274</name>
      <ele>165.00</ele>
    </rtept>
    <rtept lat="45.51658240" lon="15.19491656" >
      <name>rte1_275</name>
      <ele>165.00</ele>
    </rtept>
    <rtept lat="45.51653757" lon="15.19482041" >
      <name>rte1_276</name>
      <ele>160.00</ele>
    </rtept>
    <rtept lat="45.51648374" lon="15.19473062" >
      <name>rte1_277</name>
      <ele>161.67</ele>
    </rtept>
    <rtept lat="45.51642089" lon="15.19464720" >
      <name>rte1_278</name>
      <ele>161.67</ele>
    </rtept>
    <rtept lat="45.51636251" lon="15.19458300" >
      <name>rte1_279</name>
      <ele>160.00</ele>
    </rtept>
    <rtept lat="45.51630411" lon="15.19453160" >
      <name>rte1_280</name>
      <ele>160.00</ele>
    </rtept>
    <rtept lat="45.51624569" lon="15.19448660" >
      <name>rte1_281</name>
      <ele>160.00</ele>
    </rtept>
    <rtept lat="45.51619178" lon="15.19444161" >
      <name>rte1_282</name>
      <ele>160.00</ele>
    </rtept>
    <rtept lat="45.51613785" lon="15.19440942" >
      <name>rte1_283</name>
      <ele>160.00</ele>
    </rtept>
    <rtept lat="45.51607941" lon="15.19437722" >
      <name>rte1_284</name>
      <ele>160.00</ele>
    </rtept>
    <rtept lat="45.51602547" lon="15.19434504" >
      <name>rte1_285</name>
      <ele>160.00</ele>
    </rtept>
    <rtept lat="45.51597153" lon="15.19431925" >
      <name>rte1_286</name>
      <ele>160.00</ele>
    </rtept>
    <rtept lat="45.51592209" lon="15.19428708" >
      <name>rte1_287</name>
      <ele>160.00</ele>
    </rtept>
    <rtept lat="45.51586817" lon="15.19424849" >
      <name>rte1_288</name>
      <ele>162.38</ele>
    </rtept>
    <rtept lat="45.51581874" lon="15.19420992" >
      <name>rte1_289</name>
      <ele>162.38</ele>
    </rtept>
    <rtept lat="45.51576932" lon="15.19417135" >
      <name>rte1_290</name>
      <ele>160.00</ele>
    </rtept>
    <rtept lat="45.51571991" lon="15.19411998" >
      <name>rte1_291</name>
      <ele>160.00</ele>
    </rtept>
    <rtept lat="45.51567502" lon="15.19406223" >
      <name>rte1_292</name>
      <ele>160.00</ele>
    </rtept>
    <rtept lat="45.51563015" lon="15.19399168" >
      <name>rte1_293</name>
      <ele>160.00</ele>
    </rtept>
    <rtept lat="45.51558979" lon="15.19391474" >
      <name>rte1_294</name>
      <ele>161.40</ele>
    </rtept>
    <rtept lat="45.51554045" lon="15.19382497" >
      <name>rte1_295</name>
      <ele>161.40</ele>
    </rtept>
    <rtept lat="45.51550010" lon="15.19374163" >
      <name>rte1_296</name>
      <ele>161.40</ele>
    </rtept>
    <rtept lat="45.51546423" lon="15.19366471" >
      <name>rte1_297</name>
      <ele>161.40</ele>
    </rtept>
    <rtept lat="45.51543286" lon="15.19359421" >
      <name>rte1_298</name>
      <ele>163.00</ele>
    </rtept>
    <rtept lat="45.51540150" lon="15.19351730" >
      <name>rte1_299</name>
      <ele>163.00</ele>
    </rtept>
    <rtept lat="45.51537013" lon="15.19344040" >
      <name>rte1_300</name>
      <ele>163.00</ele>
    </rtept>
    <rtept lat="45.51533878" lon="15.19335709" >
      <name>rte1_301</name>
      <ele>160.80</ele>
    </rtept>
    <rtept lat="45.51530744" lon="15.19326739" >
      <name>rte1_302</name>
      <ele>161.70</ele>
    </rtept>
    <rtept lat="45.51527161" lon="15.19317127" >
      <name>rte1_303</name>
      <ele>161.70</ele>
    </rtept>
    <rtept lat="45.51524027" lon="15.19308156" >
      <name>rte1_304</name>
      <ele>161.70</ele>
    </rtept>
    <rtept lat="45.51520892" lon="15.19299826" >
      <name>rte1_305</name>
      <ele>161.70</ele>
    </rtept>
    <rtept lat="45.51518206" lon="15.19291497" >
      <name>rte1_306</name>
      <ele>161.70</ele>
    </rtept>
    <rtept lat="45.51515071" lon="15.19283166" >
      <name>rte1_307</name>
      <ele>161.70</ele>
    </rtept>
    <rtept lat="45.51512385" lon="15.19275477" >
      <name>rte1_308</name>
      <ele>160.00</ele>
    </rtept>
    <rtept lat="45.51509698" lon="15.19267789" >
      <name>rte1_309</name>
      <ele>160.00</ele>
    </rtept>
    <rtept lat="45.51507012" lon="15.19260100" >
      <name>rte1_310</name>
      <ele>160.00</ele>
    </rtept>
    <rtept lat="45.51504325" lon="15.19252411" >
      <name>rte1_311</name>
      <ele>160.00</ele>
    </rtept>
    <rtept lat="45.51502088" lon="15.19245363" >
      <name>rte1_312</name>
      <ele>160.00</ele>
    </rtept>
    <rtept lat="45.51499401" lon="15.19237675" >
      <name>rte1_313</name>
      <ele>160.00</ele>
    </rtept>
    <rtept lat="45.51497163" lon="15.19230627" >
      <name>rte1_314</name>
      <ele>160.00</ele>
    </rtept>
    <rtept lat="45.51494476" lon="15.19223578" >
      <name>rte1_315</name>
      <ele>160.00</ele>
    </rtept>
    <rtept lat="45.51492238" lon="15.19216531" >
      <name>rte1_316</name>
      <ele>160.00</ele>
    </rtept>
    <rtept lat="45.51490001" lon="15.19209484" >
      <name>rte1_317</name>
      <ele>160.00</ele>
    </rtept>
    <rtept lat="45.51487313" lon="15.19202435" >
      <name>rte1_318</name>
      <ele>159.40</ele>
    </rtept>
    <rtept lat="45.51485075" lon="15.19195387" >
      <name>rte1_319</name>
      <ele>159.40</ele>
    </rtept>
    <rtept lat="45.51482838" lon="15.19188340" >
      <name>rte1_320</name>
      <ele>159.40</ele>
    </rtept>
    <rtept lat="45.51480600" lon="15.19181293" >
      <name>rte1_321</name>
      <ele>159.40</ele>
    </rtept>
    <rtept lat="45.51477912" lon="15.19174244" >
      <name>rte1_322</name>
      <ele>159.40</ele>
    </rtept>
    <rtept lat="45.51475675" lon="15.19167197" >
      <name>rte1_323</name>
      <ele>159.20</ele>
    </rtept>
    <rtept lat="45.51473437" lon="15.19160149" >
      <name>rte1_324</name>
      <ele>159.20</ele>
    </rtept>
    <rtept lat="45.51470750" lon="15.19152460" >
      <name>rte1_325</name>
      <ele>159.20</ele>
    </rtept>
    <rtept lat="45.51468513" lon="15.19145413" >
      <name>rte1_326</name>
      <ele>157.40</ele>
    </rtept>
    <rtept lat="45.51465826" lon="15.19137724" >
      <name>rte1_327</name>
      <ele>158.50</ele>
    </rtept>
    <rtept lat="45.51463590" lon="15.19130037" >
      <name>rte1_328</name>
      <ele>158.50</ele>
    </rtept>
    <rtept lat="45.51460904" lon="15.19121708" >
      <name>rte1_329</name>
      <ele>158.50</ele>
    </rtept>
    <rtept lat="45.51458218" lon="15.19114020" >
      <name>rte1_330</name>
      <ele>158.50</ele>
    </rtept>
    <rtept lat="45.51455532" lon="15.19105691" >
      <name>rte1_331</name>
      <ele>158.70</ele>
    </rtept>
    <rtept lat="45.51452848" lon="15.19096722" >
      <name>rte1_332</name>
      <ele>158.70</ele>
    </rtept>
    <rtept lat="45.51449712" lon="15.19088392" >
      <name>rte1_333</name>
      <ele>158.70</ele>
    </rtept>
    <rtept lat="45.51447028" lon="15.19079423" >
      <name>rte1_334</name>
      <ele>157.90</ele>
    </rtept>
    <rtept lat="45.51444789" lon="15.19073016" >
      <name>rte1_335</name>
      <ele>158.80</ele>
    </rtept>
    <rtept lat="45.51442549" lon="15.19067249" >
      <name>rte1_336</name>
      <ele>158.80</ele>
    </rtept>
    <rtept lat="45.51437616" lon="15.19057633" >
      <name>rte1_337</name>
      <ele>158.80</ele>
    </rtept>
    <rtept lat="45.51433572" lon="15.19054419" >
      <name>rte1_338</name>
      <ele>158.80</ele>
    </rtept>
    <rtept lat="45.51428178" lon="15.19051201" >
      <name>rte1_339</name>
      <ele>158.80</ele>
    </rtept>
    <rtept lat="45.51421883" lon="15.19049259" >
      <name>rte1_340</name>
      <ele>157.20</ele>
    </rtept>
    <rtept lat="45.51413334" lon="15.19049230" >
      <name>rte1_341</name>
      <ele>157.20</ele>
    </rtept>
    <rtept lat="45.51366033" lon="15.19084267" >
      <name>rte1_342</name>
      <ele>156.00</ele>
    </rtept>
    <rtept lat="45.51343515" lon="15.19096989" >
      <name>rte1_343</name>
      <ele>155.90</ele>
    </rtept>
    <rtept lat="45.51296225" lon="15.19125625" >
      <name>rte1_344</name>
      <ele>155.20</ele>
    </rtept>
    <rtept lat="45.51262428" lon="15.19156867" >
      <name>rte1_345</name>
      <ele>155.00</ele>
    </rtept>
    <rtept lat="45.51237645" lon="15.19178540" >
      <name>rte1_346</name>
      <ele>155.00</ele>
    </rtept>
    <rtept lat="45.51206979" lon="15.19220670" >
      <name>rte1_347</name>
      <ele>155.00</ele>
    </rtept>
    <rtept lat="45.51197059" lon="15.19233435" >
      <name>rte1_348</name>
      <ele>154.00</ele>
    </rtept>
    <rtept lat="45.51174518" lon="15.19259595" >
      <name>rte1_349</name>
      <ele>152.60</ele>
    </rtept>
    <rtept lat="45.51151523" lon="15.19288312" >
      <name>rte1_350</name>
      <ele>152.10</ele>
    </rtept>
    <rtept lat="45.51136182" lon="15.19313857" >
      <name>rte1_351</name>
      <ele>150.40</ele>
    </rtept>
    <rtept lat="45.51122641" lon="15.19338767" >
      <name>rte1_352</name>
      <ele>150.10</ele>
    </rtept>
    <rtept lat="45.51110915" lon="15.19355365" >
      <name>rte1_353</name>
      <ele>150.10</ele>
    </rtept>
    <rtept lat="45.51088858" lon="15.19361687" >
      <name>rte1_354</name>
      <ele>150.00</ele>
    </rtept>
    <rtept lat="45.51059619" lon="15.19357747" >
      <name>rte1_355</name>
      <ele>150.00</ele>
    </rtept>
    <rtept lat="45.51009753" lon="15.19313420" >
      <name>rte1_356</name>
      <ele>150.00</ele>
    </rtept>
    <rtept lat="45.51005258" lon="15.19310845" >
      <name>rte1_357</name>
      <ele>150.00</ele>
    </rtept>
    <rtept lat="45.51001212" lon="15.19308911" >
      <name>rte1_358</name>
      <ele>150.00</ele>
    </rtept>
    <rtept lat="45.50994019" lon="15.19305687" >
      <name>rte1_359</name>
      <ele>151.25</ele>
    </rtept>
    <rtept lat="45.50986825" lon="15.19303102" >
      <name>rte1_360</name>
      <ele>151.25</ele>
    </rtept>
    <rtept lat="45.50980080" lon="15.19300519" >
      <name>rte1_361</name>
      <ele>151.25</ele>
    </rtept>
    <rtept lat="45.50973784" lon="15.19299218" >
      <name>rte1_362</name>
      <ele>152.86</ele>
    </rtept>
    <rtept lat="45.50967487" lon="15.19297916" >
      <name>rte1_363</name>
      <ele>152.86</ele>
    </rtept>
    <rtept lat="45.50961189" lon="15.19297255" >
      <name>rte1_364</name>
      <ele>152.86</ele>
    </rtept>
    <rtept lat="45.50955340" lon="15.19297235" >
      <name>rte1_365</name>
      <ele>152.86</ele>
    </rtept>
    <rtept lat="45.50949491" lon="15.19297214" >
      <name>rte1_366</name>
      <ele>153.60</ele>
    </rtept>
    <rtept lat="45.50943191" lon="15.19297832" >
      <name>rte1_367</name>
      <ele>153.60</ele>
    </rtept>
    <rtept lat="45.50936890" lon="15.19299091" >
      <name>rte1_368</name>
      <ele>153.60</ele>
    </rtept>
    <rtept lat="45.50930139" lon="15.19300347" >
      <name>rte1_369</name>
      <ele>153.60</ele>
    </rtept>
    <rtept lat="45.50923388" lon="15.19301604" >
      <name>rte1_370</name>
      <ele>151.75</ele>
    </rtept>
    <rtept lat="45.50916186" lon="15.19303498" >
      <name>rte1_371</name>
      <ele>151.75</ele>
    </rtept>
    <rtept lat="45.50908084" lon="15.19305390" >
      <name>rte1_372</name>
      <ele>151.75</ele>
    </rtept>
    <rtept lat="45.50899981" lon="15.19307922" >
      <name>rte1_373</name>
      <ele>152.05</ele>
    </rtept>
    <rtept lat="45.50891878" lon="15.19310453" >
      <name>rte1_374</name>
      <ele>152.05</ele>
    </rtept>
    <rtept lat="45.50885572" lon="15.19314271" >
      <name>rte1_375</name>
      <ele>152.05</ele>
    </rtept>
    <rtept lat="45.50880166" lon="15.19318732" >
      <name>rte1_376</name>
      <ele>151.16</ele>
    </rtept>
    <rtept lat="45.50876107" lon="15.19324477" >
      <name>rte1_377</name>
      <ele>151.16</ele>
    </rtept>
    <rtept lat="45.50872046" lon="15.19330862" >
      <name>rte1_378</name>
      <ele>150.00</ele>
    </rtept>
    <rtept lat="45.50867984" lon="15.19338527" >
      <name>rte1_379</name>
      <ele>150.00</ele>
    </rtept>
    <rtept lat="45.50863472" lon="15.19346190" >
      <name>rte1_380</name>
      <ele>150.00</ele>
    </rtept>
    <rtept lat="45.50858056" lon="15.19355769" >
      <name>rte1_381</name>
      <ele>150.00</ele>
    </rtept>
    <rtept lat="45.50853999" lon="15.19360235" >
      <name>rte1_382</name>
      <ele>150.00</ele>
    </rtept>
    <rtept lat="45.50849943" lon="15.19364060" >
      <name>rte1_383</name>
      <ele>150.00</ele>
    </rtept>
    <rtept lat="45.50845436" lon="15.19368524" >
      <name>rte1_384</name>
      <ele>150.00</ele>
    </rtept>
    <rtept lat="45.50840931" lon="15.19372347" >
      <name>rte1_385</name>
      <ele>150.00</ele>
    </rtept>
    <rtept lat="45.50836425" lon="15.19376171" >
      <name>rte1_386</name>
      <ele>150.00</ele>
    </rtept>
    <rtept lat="45.50831919" lon="15.19379995" >
      <name>rte1_387</name>
      <ele>150.00</ele>
    </rtept>
    <rtept lat="45.50827414" lon="15.19383179" >
      <name>rte1_388</name>
      <ele>150.00</ele>
    </rtept>
    <rtept lat="45.50823358" lon="15.19387004" >
      <name>rte1_389</name>
      <ele>150.00</ele>
    </rtept>
    <rtept lat="45.50819302" lon="15.19390829" >
      <name>rte1_390</name>
      <ele>150.00</ele>
    </rtept>
    <rtept lat="45.50815695" lon="15.19395296" >
      <name>rte1_391</name>
      <ele>150.00</ele>
    </rtept>
    <rtept lat="45.50809831" lon="15.19404234" >
      <name>rte1_392</name>
      <ele>150.00</ele>
    </rtept>
    <rtept lat="45.50805763" lon="15.19415098" >
      <name>rte1_393</name>
      <ele>150.00</ele>
    </rtept>
    <rtept lat="45.50805303" lon="15.19420856" >
      <name>rte1_394</name>
      <ele>150.00</ele>
    </rtept>
    <rtept lat="45.50805291" lon="15.19427895" >
      <name>rte1_395</name>
      <ele>150.00</ele>
    </rtept>
    <rtept lat="45.50805720" lon="15.19440054" >
      <name>rte1_396</name>
      <ele>150.00</ele>
    </rtept>
    <rtept lat="45.50806600" lon="15.19451575" >
      <name>rte1_397</name>
      <ele>150.00</ele>
    </rtept>
    <rtept lat="45.50807930" lon="15.19463098" >
      <name>rte1_398</name>
      <ele>150.00</ele>
    </rtept>
    <rtept lat="45.50809261" lon="15.19473980" >
      <name>rte1_399</name>
      <ele>150.00</ele>
    </rtept>
    <rtept lat="45.50810592" lon="15.19484863" >
      <name>rte1_400</name>
      <ele>150.00</ele>
    </rtept>
    <rtept lat="45.50812373" lon="15.19495748" >
      <name>rte1_401</name>
      <ele>150.00</ele>
    </rtept>
    <rtept lat="45.50814155" lon="15.19505992" >
      <name>rte1_402</name>
      <ele>150.00</ele>
    </rtept>
    <rtept lat="45.50815939" lon="15.19515597" >
      <name>rte1_403</name>
      <ele>150.00</ele>
    </rtept>
    <rtept lat="45.50818170" lon="15.19525843" >
      <name>rte1_404</name>
      <ele>150.00</ele>
    </rtept>
    <rtept lat="45.50819954" lon="15.19535447" >
      <name>rte1_405</name>
      <ele>150.00</ele>
    </rtept>
    <rtept lat="45.50822188" lon="15.19544414" >
      <name>rte1_406</name>
      <ele>150.00</ele>
    </rtept>
    <rtept lat="45.50823971" lon="15.19554018" >
      <name>rte1_407</name>
      <ele>150.00</ele>
    </rtept>
    <rtept lat="45.50826205" lon="15.19562985" >
      <name>rte1_408</name>
      <ele>150.00</ele>
    </rtept>
    <rtept lat="45.50827989" lon="15.19571949" >
      <name>rte1_409</name>
      <ele>150.00</ele>
    </rtept>
    <rtept lat="45.50829773" lon="15.19580914" >
      <name>rte1_410</name>
      <ele>150.00</ele>
    </rtept>
    <rtept lat="45.50831559" lon="15.19589239" >
      <name>rte1_411</name>
      <ele>150.00</ele>
    </rtept>
    <rtept lat="45.50832893" lon="15.19598202" >
      <name>rte1_412</name>
      <ele>150.00</ele>
    </rtept>
    <rtept lat="45.50834228" lon="15.19606525" >
      <name>rte1_413</name>
      <ele>150.00</ele>
    </rtept>
    <rtept lat="45.50835563" lon="15.19615489" >
      <name>rte1_414</name>
      <ele>150.00</ele>
    </rtept>
    <rtept lat="45.50836448" lon="15.19623810" >
      <name>rte1_415</name>
      <ele>150.00</ele>
    </rtept>
    <rtept lat="45.50836882" lon="15.19632770" >
      <name>rte1_416</name>
      <ele>150.00</ele>
    </rtept>
    <rtept lat="45.50837318" lon="15.19641091" >
      <name>rte1_417</name>
      <ele>150.00</ele>
    </rtept>
    <rtept lat="45.50837752" lon="15.19650051" >
      <name>rte1_418</name>
      <ele>150.00</ele>
    </rtept>
    <rtept lat="45.50837288" lon="15.19658368" >
      <name>rte1_419</name>
      <ele>150.00</ele>
    </rtept>
    <rtept lat="45.50836822" lon="15.19667325" >
      <name>rte1_420</name>
      <ele>150.00</ele>
    </rtept>
    <rtept lat="45.50835907" lon="15.19676280" >
      <name>rte1_421</name>
      <ele>150.00</ele>
    </rtept>
    <rtept lat="45.50834542" lon="15.19685234" >
      <name>rte1_422</name>
      <ele>150.20</ele>
    </rtept>
    <rtept lat="45.50832725" lon="15.19694826" >
      <name>rte1_423</name>
      <ele>150.20</ele>
    </rtept>
    <rtept lat="45.50830459" lon="15.19704416" >
      <name>rte1_424</name>
      <ele>150.20</ele>
    </rtept>
    <rtept lat="45.50827293" lon="15.19714003" >
      <name>rte1_425</name>
      <ele>150.30</ele>
    </rtept>
    <rtept lat="45.50824127" lon="15.19723590" >
      <name>rte1_426</name>
      <ele>150.30</ele>
    </rtept>
    <rtept lat="45.50820509" lon="15.19733816" >
      <name>rte1_427</name>
      <ele>150.30</ele>
    </rtept>
    <rtept lat="45.50817349" lon="15.19740204" >
      <name>rte1_428</name>
      <ele>150.30</ele>
    </rtept>
    <rtept lat="45.50814637" lon="15.19747233" >
      <name>rte1_429</name>
      <ele>150.00</ele>
    </rtept>
    <rtept lat="45.50811476" lon="15.19753621" >
      <name>rte1_430</name>
      <ele>150.00</ele>
    </rtept>
    <rtept lat="45.50808316" lon="15.19760009" >
      <name>rte1_431</name>
      <ele>150.00</ele>
    </rtept>
    <rtept lat="45.50805605" lon="15.19766398" >
      <name>rte1_432</name>
      <ele>150.00</ele>
    </rtept>
    <rtept lat="45.50802444" lon="15.19772786" >
      <name>rte1_433</name>
      <ele>150.00</ele>
    </rtept>
    <rtept lat="45.50799285" lon="15.19778533" >
      <name>rte1_434</name>
      <ele>150.00</ele>
    </rtept>
    <rtept lat="45.50795674" lon="15.19784920" >
      <name>rte1_435</name>
      <ele>150.00</ele>
    </rtept>
    <rtept lat="45.50792515" lon="15.19790667" >
      <name>rte1_436</name>
      <ele>150.00</ele>
    </rtept>
    <rtept lat="45.50789354" lon="15.19797055" >
      <name>rte1_437</name>
      <ele>150.00</ele>
    </rtept>
    <rtept lat="45.50785745" lon="15.19802801" >
      <name>rte1_438</name>
      <ele>150.00</ele>
    </rtept>
    <rtept lat="45.50782135" lon="15.19808548" >
      <name>rte1_439</name>
      <ele>150.00</ele>
    </rtept>
    <rtept lat="45.50778526" lon="15.19814294" >
      <name>rte1_440</name>
      <ele>150.00</ele>
    </rtept>
    <rtept lat="45.50774916" lon="15.19820040" >
      <name>rte1_441</name>
      <ele>150.00</ele>
    </rtept>
    <rtept lat="45.50770857" lon="15.19825785" >
      <name>rte1_442</name>
      <ele>150.00</ele>
    </rtept>
    <rtept lat="45.50767246" lon="15.19832171" >
      <name>rte1_443</name>
      <ele>150.00</ele>
    </rtept>
    <rtept lat="45.50760933" lon="15.19840467" >
      <name>rte1_444</name>
      <ele>150.00</ele>
    </rtept>
    <rtept lat="45.50757325" lon="15.19844933" >
      <name>rte1_445</name>
      <ele>150.00</ele>
    </rtept>
    <rtept lat="45.50754168" lon="15.19849401" >
      <name>rte1_446</name>
      <ele>150.00</ele>
    </rtept>
    <rtept lat="45.50750562" lon="15.19853228" >
      <name>rte1_447</name>
      <ele>150.00</ele>
    </rtept>
    <rtept lat="45.50746955" lon="15.19857694" >
      <name>rte1_448</name>
      <ele>150.00</ele>
    </rtept>
    <rtept lat="45.50742899" lon="15.19861519" >
      <name>rte1_449</name>
      <ele>150.00</ele>
    </rtept>
    <rtept lat="45.50739291" lon="15.19865985" >
      <name>rte1_450</name>
      <ele>150.00</ele>
    </rtept>
    <rtept lat="45.50735235" lon="15.19869810" >
      <name>rte1_451</name>
      <ele>150.00</ele>
    </rtept>
    <rtept lat="45.50731178" lon="15.19874275" >
      <name>rte1_452</name>
      <ele>150.00</ele>
    </rtept>
    <rtept lat="45.50726672" lon="15.19878098" >
      <name>rte1_453</name>
      <ele>150.00</ele>
    </rtept>
    <rtept lat="45.50722166" lon="15.19881922" >
      <name>rte1_454</name>
      <ele>150.00</ele>
    </rtept>
    <rtept lat="45.50717659" lon="15.19886385" >
      <name>rte1_455</name>
      <ele>150.00</ele>
    </rtept>
    <rtept lat="45.50713153" lon="15.19890208" >
      <name>rte1_456</name>
      <ele>150.00</ele>
    </rtept>
    <rtept lat="45.50708647" lon="15.19894031" >
      <name>rte1_457</name>
      <ele>150.00</ele>
    </rtept>
    <rtept lat="45.50703691" lon="15.19897853" >
      <name>rte1_458</name>
      <ele>150.00</ele>
    </rtept>
    <rtept lat="45.50698735" lon="15.19901675" >
      <name>rte1_459</name>
      <ele>150.00</ele>
    </rtept>
    <rtept lat="45.50693780" lon="15.19905496" >
      <name>rte1_460</name>
      <ele>150.00</ele>
    </rtept>
    <rtept lat="45.50688823" lon="15.19909958" >
      <name>rte1_461</name>
      <ele>150.00</ele>
    </rtept>
    <rtept lat="45.50683417" lon="15.19913778" >
      <name>rte1_462</name>
      <ele>150.00</ele>
    </rtept>
    <rtept lat="45.50678461" lon="15.19917599" >
      <name>rte1_463</name>
      <ele>150.00</ele>
    </rtept>
    <rtept lat="45.50673055" lon="15.19921419" >
      <name>rte1_464</name>
      <ele>150.00</ele>
    </rtept>
    <rtept lat="45.50667649" lon="15.19925239" >
      <name>rte1_465</name>
      <ele>150.00</ele>
    </rtept>
    <rtept lat="45.50661793" lon="15.19929058" >
      <name>rte1_466</name>
      <ele>150.00</ele>
    </rtept>
    <rtept lat="45.50656388" lon="15.19932878" >
      <name>rte1_467</name>
      <ele>152.20</ele>
    </rtept>
    <rtept lat="45.50650532" lon="15.19936696" >
      <name>rte1_468</name>
      <ele>153.70</ele>
    </rtept>
    <rtept lat="45.50645126" lon="15.19940516" >
      <name>rte1_469</name>
      <ele>153.70</ele>
    </rtept>
    <rtept lat="45.50639270" lon="15.19944335" >
      <name>rte1_470</name>
      <ele>153.70</ele>
    </rtept>
    <rtept lat="45.50633414" lon="15.19948153" >
      <name>rte1_471</name>
      <ele>155.00</ele>
    </rtept>
    <rtept lat="45.50627109" lon="15.19951970" >
      <name>rte1_472</name>
      <ele>155.00</ele>
    </rtept>
    <rtept lat="45.50621253" lon="15.19955788" >
      <name>rte1_473</name>
      <ele>155.00</ele>
    </rtept>
    <rtept lat="45.50615397" lon="15.19959606" >
      <name>rte1_474</name>
      <ele>155.00</ele>
    </rtept>
    <rtept lat="45.50607291" lon="15.19964057" >
      <name>rte1_475</name>
      <ele>155.00</ele>
    </rtept>
    <rtept lat="45.50600083" lon="15.19969150" >
      <name>rte1_476</name>
      <ele>155.00</ele>
    </rtept>
    <rtept lat="45.50594671" lon="15.19976169" >
      <name>rte1_477</name>
      <ele>155.00</ele>
    </rtept>
    <rtept lat="45.50592852" lon="15.19987040" >
      <name>rte1_478</name>
      <ele>155.00</ele>
    </rtept>
    <rtept lat="45.50592837" lon="15.19995998" >
      <name>rte1_479</name>
      <ele>155.00</ele>
    </rtept>
    <rtept lat="45.50593720" lon="15.20005599" >
      <name>rte1_480</name>
      <ele>155.00</ele>
    </rtept>
    <rtept lat="45.50594604" lon="15.20014561" >
      <name>rte1_481</name>
      <ele>155.00</ele>
    </rtept>
    <rtept lat="45.50595489" lon="15.20022882" >
      <name>rte1_482</name>
      <ele>155.00</ele>
    </rtept>
    <rtept lat="45.50595474" lon="15.20031200" >
      <name>rte1_483</name>
      <ele>155.00</ele>
    </rtept>
    <rtept lat="45.50594112" lon="15.20038234" >
      <name>rte1_484</name>
      <ele>156.51</ele>
    </rtept>
    <rtept lat="45.50591402" lon="15.20043983" >
      <name>rte1_485</name>
      <ele>156.51</ele>
    </rtept>
    <rtept lat="45.50586893" lon="15.20049726" >
      <name>rte1_486</name>
      <ele>155.00</ele>
    </rtept>
    <rtept lat="45.50581488" lon="15.20052906" >
      <name>rte1_487</name>
      <ele>155.00</ele>
    </rtept>
    <rtept lat="45.50576533" lon="15.20056087" >
      <name>rte1_488</name>
      <ele>155.00</ele>
    </rtept>
    <rtept lat="45.50567979" lon="15.20059256" >
      <name>rte1_489</name>
      <ele>158.50</ele>
    </rtept>
    <rtept lat="45.50559426" lon="15.20061785" >
      <name>rte1_490</name>
      <ele>158.50</ele>
    </rtept>
    <rtept lat="45.50550870" lon="15.20065593" >
      <name>rte1_491</name>
      <ele>160.00</ele>
    </rtept>
    <rtept lat="45.50543664" lon="15.20070047" >
      <name>rte1_492</name>
      <ele>160.00</ele>
    </rtept>
    <rtept lat="45.50536007" lon="15.20074498" >
      <name>rte1_493</name>
      <ele>160.00</ele>
    </rtept>
    <rtept lat="45.50527901" lon="15.20078948" >
      <name>rte1_494</name>
      <ele>160.00</ele>
    </rtept>
    <rtept lat="45.50523397" lon="15.20081491" >
      <name>rte1_495</name>
      <ele>160.00</ele>
    </rtept>
    <rtept lat="45.50519343" lon="15.20084036" >
      <name>rte1_496</name>
      <ele>160.00</ele>
    </rtept>
    <rtept lat="45.50514840" lon="15.20085940" >
      <name>rte1_497</name>
      <ele>160.00</ele>
    </rtept>
    <rtept lat="45.50510337" lon="15.20088483" >
      <name>rte1_498</name>
      <ele>160.00</ele>
    </rtept>
    <rtept lat="45.50505833" lon="15.20091026" >
      <name>rte1_499</name>
      <ele>160.00</ele>
    </rtept>
    <rtept lat="45.50501329" lon="15.20093569" >
      <name>rte1_500</name>
      <ele>160.00</ele>
    </rtept>
    <rtept lat="45.50496375" lon="15.20096111" >
      <name>rte1_501</name>
      <ele>160.00</ele>
    </rtept>
    <rtept lat="45.50491871" lon="15.20098654" >
      <name>rte1_502</name>
      <ele>160.00</ele>
    </rtept>
    <rtept lat="45.50486918" lon="15.20101196" >
      <name>rte1_503</name>
      <ele>160.00</ele>
    </rtept>
    <rtept lat="45.50482414" lon="15.20103739" >
      <name>rte1_504</name>
      <ele>160.00</ele>
    </rtept>
    <rtept lat="45.50477910" lon="15.20106282" >
      <name>rte1_505</name>
      <ele>160.00</ele>
    </rtept>
    <rtept lat="45.50472955" lon="15.20109464" >
      <name>rte1_506</name>
      <ele>160.00</ele>
    </rtept>
    <rtept lat="45.50468452" lon="15.20112007" >
      <name>rte1_507</name>
      <ele>160.00</ele>
    </rtept>
    <rtept lat="45.50463948" lon="15.20114550" >
      <name>rte1_508</name>
      <ele>160.00</ele>
    </rtept>
    <rtept lat="45.50459444" lon="15.20117094" >
      <name>rte1_509</name>
      <ele>160.00</ele>
    </rtept>
    <rtept lat="45.50454939" lon="15.20120277" >
      <name>rte1_510</name>
      <ele>162.60</ele>
    </rtept>
    <rtept lat="45.50450435" lon="15.20122820" >
      <name>rte1_511</name>
      <ele>162.60</ele>
    </rtept>
    <rtept lat="45.50446380" lon="15.20126005" >
      <name>rte1_512</name>
      <ele>162.60</ele>
    </rtept>
    <rtept lat="45.50441877" lon="15.20128548" >
      <name>rte1_513</name>
      <ele>165.00</ele>
    </rtept>
    <rtept lat="45.50438272" lon="15.20131734" >
      <name>rte1_514</name>
      <ele>165.00</ele>
    </rtept>
    <rtept lat="45.50434218" lon="15.20134279" >
      <name>rte1_515</name>
      <ele>165.00</ele>
    </rtept>
    <rtept lat="45.50430163" lon="15.20137463" >
      <name>rte1_516</name>
      <ele>164.50</ele>
    </rtept>
    <rtept lat="45.50423404" lon="15.20143198" >
      <name>rte1_517</name>
      <ele>164.50</ele>
    </rtept>
    <rtept lat="45.50417093" lon="15.20149574" >
      <name>rte1_518</name>
      <ele>164.50</ele>
    </rtept>
    <rtept lat="45.50412587" lon="15.20153396" >
      <name>rte1_519</name>
      <ele>164.50</ele>
    </rtept>
    <rtept lat="45.50408530" lon="15.20157861" >
      <name>rte1_520</name>
      <ele>163.00</ele>
    </rtept>
    <rtept lat="45.50404474" lon="15.20161685" >
      <name>rte1_521</name>
      <ele>165.00</ele>
    </rtept>
    <rtept lat="45.50400418" lon="15.20165510" >
      <name>rte1_522</name>
      <ele>165.00</ele>
    </rtept>
    <rtept lat="45.50396811" lon="15.20169336" >
      <name>rte1_523</name>
      <ele>165.00</ele>
    </rtept>
    <rtept lat="45.50392755" lon="15.20173160" >
      <name>rte1_524</name>
      <ele>165.00</ele>
    </rtept>
    <rtept lat="45.50385544" lon="15.20180172" >
      <name>rte1_525</name>
      <ele>162.90</ele>
    </rtept>
    <rtept lat="45.50378784" lon="15.20186546" >
      <name>rte1_526</name>
      <ele>162.90</ele>
    </rtept>
    <rtept lat="45.50372022" lon="15.20193560" >
      <name>rte1_527</name>
      <ele>166.70</ele>
    </rtept>
    <rtept lat="45.50365262" lon="15.20199934" >
      <name>rte1_528</name>
      <ele>164.60</ele>
    </rtept>
    <rtept lat="45.50358502" lon="15.20206308" >
      <name>rte1_529</name>
      <ele>164.60</ele>
    </rtept>
    <rtept lat="45.50351743" lon="15.20212043" >
      <name>rte1_530</name>
      <ele>164.60</ele>
    </rtept>
    <rtept lat="45.50345432" lon="15.20218418" >
      <name>rte1_531</name>
      <ele>164.60</ele>
    </rtept>
    <rtept lat="45.50338222" lon="15.20224790" >
      <name>rte1_532</name>
      <ele>167.12</ele>
    </rtept>
    <rtept lat="45.50331461" lon="15.20231804" >
      <name>rte1_533</name>
      <ele>167.12</ele>
    </rtept>
    <rtept lat="45.50323801" lon="15.20238175" >
      <name>rte1_534</name>
      <ele>167.12</ele>
    </rtept>
    <rtept lat="45.50320194" lon="15.20242001" >
      <name>rte1_535</name>
      <ele>165.00</ele>
    </rtept>
    <rtept lat="45.50316139" lon="15.20245185" >
      <name>rte1_536</name>
      <ele>165.00</ele>
    </rtept>
    <rtept lat="45.50312083" lon="15.20249010" >
      <name>rte1_537</name>
      <ele>165.00</ele>
    </rtept>
    <rtept lat="45.50308027" lon="15.20252834" >
      <name>rte1_538</name>
      <ele>165.00</ele>
    </rtept>
    <rtept lat="45.50303521" lon="15.20256657" >
      <name>rte1_539</name>
      <ele>167.83</ele>
    </rtept>
    <rtept lat="45.50299463" lon="15.20261121" >
      <name>rte1_540</name>
      <ele>167.83</ele>
    </rtept>
    <rtept lat="45.50294957" lon="15.20264944" >
      <name>rte1_541</name>
      <ele>165.40</ele>
    </rtept>
    <rtept lat="45.50290902" lon="15.20268128" >
      <name>rte1_542</name>
      <ele>165.40</ele>
    </rtept>
    <rtept lat="45.50283242" lon="15.20274499" >
      <name>rte1_543</name>
      <ele>165.40</ele>
    </rtept>
    <rtept lat="45.50276033" lon="15.20280231" >
      <name>rte1_544</name>
      <ele>165.40</ele>
    </rtept>
    <rtept lat="45.50269724" lon="15.20285967" >
      <name>rte1_545</name>
      <ele>162.40</ele>
    </rtept>
    <rtept lat="45.50263415" lon="15.20291702" >
      <name>rte1_546</name>
      <ele>165.00</ele>
    </rtept>
    <rtept lat="45.50257104" lon="15.20298078" >
      <name>rte1_547</name>
      <ele>165.00</ele>
    </rtept>
    <rtept lat="45.50250790" lon="15.20306373" >
      <name>rte1_548</name>
      <ele>165.00</ele>
    </rtept>
    <rtept lat="45.50247183" lon="15.20310838" >
      <name>rte1_549</name>
      <ele>165.00</ele>
    </rtept>
    <rtept lat="45.50244023" lon="15.20316585" >
      <name>rte1_550</name>
      <ele>165.00</ele>
    </rtept>
    <rtept lat="45.50239060" lon="15.20324245" >
      <name>rte1_551</name>
      <ele>165.00</ele>
    </rtept>
    <rtept lat="45.50234546" lon="15.20332547" >
      <name>rte1_552</name>
      <ele>165.00</ele>
    </rtept>
    <rtept lat="45.50229582" lon="15.20340846" >
      <name>rte1_553</name>
      <ele>164.20</ele>
    </rtept>
    <rtept lat="45.50225067" lon="15.20349787" >
      <name>rte1_554</name>
      <ele>164.20</ele>
    </rtept>
    <rtept lat="45.50220103" lon="15.20358087" >
      <name>rte1_555</name>
      <ele>165.00</ele>
    </rtept>
    <rtept lat="45.50215136" lon="15.20367666" >
      <name>rte1_556</name>
      <ele>165.00</ele>
    </rtept>
    <rtept lat="45.50209719" lon="15.20377884" >
      <name>rte1_557</name>
      <ele>165.00</ele>
    </rtept>
    <rtept lat="45.50207010" lon="15.20382993" >
      <name>rte1_558</name>
      <ele>165.00</ele>
    </rtept>
    <rtept lat="45.50204750" lon="15.20388743" >
      <name>rte1_559</name>
      <ele>165.00</ele>
    </rtept>
    <rtept lat="45.50201590" lon="15.20394490" >
      <name>rte1_560</name>
      <ele>165.00</ele>
    </rtept>
    <rtept lat="45.50198430" lon="15.20400236" >
      <name>rte1_561</name>
      <ele>165.00</ele>
    </rtept>
    <rtept lat="45.50195273" lon="15.20404704" >
      <name>rte1_562</name>
      <ele>165.00</ele>
    </rtept>
    <rtept lat="45.50191213" lon="15.20410447" >
      <name>rte1_563</name>
      <ele>165.00</ele>
    </rtept>
    <rtept lat="45.50186255" lon="15.20415548" >
      <name>rte1_564</name>
      <ele>161.82</ele>
    </rtept>
    <rtept lat="45.50182195" lon="15.20421291" >
      <name>rte1_565</name>
      <ele>164.10</ele>
    </rtept>
    <rtept lat="45.50177686" lon="15.20426393" >
      <name>rte1_566</name>
      <ele>164.10</ele>
    </rtept>
    <rtept lat="45.50173628" lon="15.20431497" >
      <name>rte1_567</name>
      <ele>164.10</ele>
    </rtept>
    <rtept lat="45.50169119" lon="15.20436599" >
      <name>rte1_568</name>
      <ele>164.10</ele>
    </rtept>
    <rtept lat="45.50165061" lon="15.20441703" >
      <name>rte1_569</name>
      <ele>164.10</ele>
    </rtept>
    <rtept lat="45.50161453" lon="15.20446169" >
      <name>rte1_570</name>
      <ele>164.39</ele>
    </rtept>
    <rtept lat="45.50157396" lon="15.20450633" >
      <name>rte1_571</name>
      <ele>164.39</ele>
    </rtept>
    <rtept lat="45.50153339" lon="15.20455096" >
      <name>rte1_572</name>
      <ele>164.39</ele>
    </rtept>
    <rtept lat="45.50149731" lon="15.20459562" >
      <name>rte1_573</name>
      <ele>164.39</ele>
    </rtept>
    <rtept lat="45.50145675" lon="15.20463386" >
      <name>rte1_574</name>
      <ele>164.39</ele>
    </rtept>
    <rtept lat="45.50142067" lon="15.20467852" >
      <name>rte1_575</name>
      <ele>164.39</ele>
    </rtept>
    <rtept lat="45.50138011" lon="15.20471676" >
      <name>rte1_576</name>
      <ele>164.30</ele>
    </rtept>
    <rtept lat="45.50134405" lon="15.20475501" >
      <name>rte1_577</name>
      <ele>164.30</ele>
    </rtept>
    <rtept lat="45.50130349" lon="15.20479325" >
      <name>rte1_578</name>
      <ele>164.00</ele>
    </rtept>
    <rtept lat="45.50126742" lon="15.20483151" >
      <name>rte1_579</name>
      <ele>164.00</ele>
    </rtept>
    <rtept lat="45.50122686" lon="15.20486975" >
      <name>rte1_580</name>
      <ele>164.00</ele>
    </rtept>
    <rtept lat="45.50119081" lon="15.20490161" >
      <name>rte1_581</name>
      <ele>164.00</ele>
    </rtept>
    <rtept lat="45.50115025" lon="15.20493985" >
      <name>rte1_582</name>
      <ele>164.30</ele>
    </rtept>
    <rtept lat="45.50110969" lon="15.20497169" >
      <name>rte1_583</name>
      <ele>164.30</ele>
    </rtept>
    <rtept lat="45.50106913" lon="15.20500993" >
      <name>rte1_584</name>
      <ele>164.30</ele>
    </rtept>
    <rtept lat="45.50102857" lon="15.20504817" >
      <name>rte1_585</name>
      <ele>164.30</ele>
    </rtept>
    <rtept lat="45.50098802" lon="15.20508001" >
      <name>rte1_586</name>
      <ele>164.30</ele>
    </rtept>
    <rtept lat="45.50094296" lon="15.20511824" >
      <name>rte1_587</name>
      <ele>165.00</ele>
    </rtept>
    <rtept lat="45.50090241" lon="15.20515008" >
      <name>rte1_588</name>
      <ele>165.00</ele>
    </rtept>
    <rtept lat="45.50085734" lon="15.20518830" >
      <name>rte1_589</name>
      <ele>165.00</ele>
    </rtept>
    <rtept lat="45.50081228" lon="15.20522653" >
      <name>rte1_590</name>
      <ele>165.00</ele>
    </rtept>
    <rtept lat="45.50076273" lon="15.20525834" >
      <name>rte1_591</name>
      <ele>165.00</ele>
    </rtept>
    <rtept lat="45.50071317" lon="15.20529654" >
      <name>rte1_592</name>
      <ele>164.90</ele>
    </rtept>
    <rtept lat="45.50066361" lon="15.20533475" >
      <name>rte1_593</name>
      <ele>164.90</ele>
    </rtept>
    <rtept lat="45.50060955" lon="15.20537294" >
      <name>rte1_594</name>
      <ele>164.90</ele>
    </rtept>
    <rtept lat="45.50055998" lon="15.20541754" >
      <name>rte1_595</name>
      <ele>165.00</ele>
    </rtept>
    <rtept lat="45.50047892" lon="15.20545563" >
      <name>rte1_596</name>
      <ele>165.00</ele>
    </rtept>
    <rtept lat="45.50040240" lon="15.20547455" >
      <name>rte1_597</name>
      <ele>165.00</ele>
    </rtept>
    <rtept lat="45.50033038" lon="15.20549348" >
      <name>rte1_598</name>
      <ele>165.00</ele>
    </rtept>
    <rtept lat="45.50024931" lon="15.20553797" >
      <name>rte1_599</name>
      <ele>164.60</ele>
    </rtept>
    <rtept lat="45.50019526" lon="15.20556976" >
      <name>rte1_600</name>
      <ele>164.60</ele>
    </rtept>
    <rtept lat="45.50014571" lon="15.20560157" >
      <name>rte1_601</name>
      <ele>164.60</ele>
    </rtept>
    <rtept lat="45.50010066" lon="15.20563339" >
      <name>rte1_602</name>
      <ele>164.60</ele>
    </rtept>
    <rtept lat="45.50005561" lon="15.20566522" >
      <name>rte1_603</name>
      <ele>164.60</ele>
    </rtept>
    <rtept lat="45.50001056" lon="15.20569704" >
      <name>rte1_604</name>
      <ele>166.60</ele>
    </rtept>
    <rtept lat="45.49997000" lon="15.20573528" >
      <name>rte1_605</name>
      <ele>165.00</ele>
    </rtept>
    <rtept lat="45.49992945" lon="15.20576712" >
      <name>rte1_606</name>
      <ele>165.00</ele>
    </rtept>
    <rtept lat="45.49988889" lon="15.20579896" >
      <name>rte1_607</name>
      <ele>165.00</ele>
    </rtept>
    <rtept lat="45.49984834" lon="15.20583080" >
      <name>rte1_608</name>
      <ele>165.00</ele>
    </rtept>
    <rtept lat="45.49980778" lon="15.20586904" >
      <name>rte1_609</name>
      <ele>170.00</ele>
    </rtept>
    <rtept lat="45.49973568" lon="15.20593275" >
      <name>rte1_610</name>
      <ele>170.00</ele>
    </rtept>
    <rtept lat="45.49965907" lon="15.20599645" >
      <name>rte1_611</name>
      <ele>170.00</ele>
    </rtept>
    <rtept lat="45.49958697" lon="15.20606017" >
      <name>rte1_612</name>
      <ele>169.14</ele>
    </rtept>
    <rtept lat="45.49951486" lon="15.20612388" >
      <name>rte1_613</name>
      <ele>169.14</ele>
    </rtept>
    <rtept lat="45.49943827" lon="15.20618118" >
      <name>rte1_614</name>
      <ele>169.14</ele>
    </rtept>
    <rtept lat="45.49936168" lon="15.20623848" >
      <name>rte1_615</name>
      <ele>170.00</ele>
    </rtept>
    <rtept lat="45.49932114" lon="15.20626392" >
      <name>rte1_616</name>
      <ele>170.00</ele>
    </rtept>
    <rtept lat="45.49927610" lon="15.20628935" >
      <name>rte1_617</name>
      <ele>170.00</ele>
    </rtept>
    <rtept lat="45.49923556" lon="15.20631479" >
      <name>rte1_618</name>
      <ele>170.00</ele>
    </rtept>
    <rtept lat="45.49919052" lon="15.20634022" >
      <name>rte1_619</name>
      <ele>170.00</ele>
    </rtept>
    <rtept lat="45.49914548" lon="15.20636564" >
      <name>rte1_620</name>
      <ele>171.40</ele>
    </rtept>
    <rtept lat="45.49910046" lon="15.20638467" >
      <name>rte1_621</name>
      <ele>172.08</ele>
    </rtept>
    <rtept lat="45.49905092" lon="15.20641008" >
      <name>rte1_622</name>
      <ele>172.08</ele>
    </rtept>
    <rtept lat="45.49900139" lon="15.20642909" >
      <name>rte1_623</name>
      <ele>172.08</ele>
    </rtept>
    <rtept lat="45.49895187" lon="15.20644810" >
      <name>rte1_624</name>
      <ele>172.08</ele>
    </rtept>
    <rtept lat="45.49889784" lon="15.20646709" >
      <name>rte1_625</name>
      <ele>175.00</ele>
    </rtept>
    <rtept lat="45.49883483" lon="15.20647966" >
      <name>rte1_626</name>
      <ele>175.00</ele>
    </rtept>
    <rtept lat="45.49877630" lon="15.20649864" >
      <name>rte1_627</name>
      <ele>175.00</ele>
    </rtept>
    <rtept lat="45.49872229" lon="15.20651123" >
      <name>rte1_628</name>
      <ele>175.00</ele>
    </rtept>
    <rtept lat="45.49867278" lon="15.20651745" >
      <name>rte1_629</name>
      <ele>175.00</ele>
    </rtept>
    <rtept lat="45.49861878" lon="15.20652365" >
      <name>rte1_630</name>
      <ele>175.00</ele>
    </rtept>
    <rtept lat="45.49856480" lon="15.20651705" >
      <name>rte1_631</name>
      <ele>175.00</ele>
    </rtept>
    <rtept lat="45.49850632" lon="15.20651044" >
      <name>rte1_632</name>
      <ele>175.00</ele>
    </rtept>
    <rtept lat="45.49844787" lon="15.20649103" >
      <name>rte1_633</name>
      <ele>180.00</ele>
    </rtept>
    <rtept lat="45.49837144" lon="15.20645876" >
      <name>rte1_634</name>
      <ele>180.00</ele>
    </rtept>
    <rtept lat="45.49829950" lon="15.20643290" >
      <name>rte1_635</name>
      <ele>180.00</ele>
    </rtept>
    <rtept lat="45.49822755" lon="15.20641344" >
      <name>rte1_636</name>
      <ele>180.00</ele>
    </rtept>
    <rtept lat="45.49816460" lon="15.20638762" >
      <name>rte1_637</name>
      <ele>180.00</ele>
    </rtept>
    <rtept lat="45.49809714" lon="15.20637457" >
      <name>rte1_638</name>
      <ele>180.00</ele>
    </rtept>
    <rtept lat="45.49803419" lon="15.20635515" >
      <name>rte1_639</name>
      <ele>177.64</ele>
    </rtept>
    <rtept lat="45.49797121" lon="15.20634852" >
      <name>rte1_640</name>
      <ele>179.46</ele>
    </rtept>
    <rtept lat="45.49790822" lon="15.20634829" >
      <name>rte1_641</name>
      <ele>179.46</ele>
    </rtept>
    <rtept lat="45.49774134" lon="15.20657159" >
      <name>rte1_642</name>
      <ele>185.00</ele>
    </rtept>
    <rtept lat="45.49774121" lon="15.20664197" >
      <name>rte1_643</name>
      <ele>185.00</ele>
    </rtept>
    <rtept lat="45.49774103" lon="15.20673793" >
      <name>rte1_644</name>
      <ele>188.39</ele>
    </rtept>
    <rtept lat="45.49773183" lon="15.20685306" >
      <name>rte1_645</name>
      <ele>188.39</ele>
    </rtept>
    <rtept lat="45.49773163" lon="15.20696182" >
      <name>rte1_646</name>
      <ele>188.39</ele>
    </rtept>
    <rtept lat="45.49772693" lon="15.20707056" >
      <name>rte1_647</name>
      <ele>190.00</ele>
    </rtept>
    <rtept lat="45.49772674" lon="15.20717293" >
      <name>rte1_648</name>
      <ele>190.00</ele>
    </rtept>
    <rtept lat="45.49772657" lon="15.20726889" >
      <name>rte1_649</name>
      <ele>190.00</ele>
    </rtept>
    <rtept lat="45.49772639" lon="15.20736486" >
      <name>rte1_650</name>
      <ele>190.00</ele>
    </rtept>
    <rtept lat="45.49772621" lon="15.20746082" >
      <name>rte1_651</name>
      <ele>190.00</ele>
    </rtept>
    <rtept lat="45.49773055" lon="15.20755041" >
      <name>rte1_652</name>
      <ele>190.00</ele>
    </rtept>
    <rtept lat="45.49773487" lon="15.20764639" >
      <name>rte1_653</name>
      <ele>188.93</ele>
    </rtept>
    <rtept lat="45.49773921" lon="15.20773597" >
      <name>rte1_654</name>
      <ele>188.93</ele>
    </rtept>
    <rtept lat="45.49774803" lon="15.20783197" >
      <name>rte1_655</name>
      <ele>188.93</ele>
    </rtept>
    <rtept lat="45.49775684" lon="15.20793437" >
      <name>rte1_656</name>
      <ele>188.93</ele>
    </rtept>
    <rtept lat="45.49776565" lon="15.20803676" >
      <name>rte1_657</name>
      <ele>188.75</ele>
    </rtept>
    <rtept lat="45.49777446" lon="15.20813916" >
      <name>rte1_658</name>
      <ele>188.75</ele>
    </rtept>
    <rtept lat="45.49778775" lon="15.20825437" >
      <name>rte1_659</name>
      <ele>188.75</ele>
    </rtept>
    <rtept lat="45.49780552" lon="15.20837599" >
      <name>rte1_660</name>
      <ele>187.81</ele>
    </rtept>
    <rtept lat="45.49781883" lon="15.20847841" >
      <name>rte1_661</name>
      <ele>187.81</ele>
    </rtept>
    <rtept lat="45.49783215" lon="15.20857442" >
      <name>rte1_662</name>
      <ele>187.81</ele>
    </rtept>
    <rtept lat="45.49784998" lon="15.20866406" >
      <name>rte1_663</name>
      <ele>190.00</ele>
    </rtept>
    <rtept lat="45.49787233" lon="15.20874731" >
      <name>rte1_664</name>
      <ele>190.00</ele>
    </rtept>
    <rtept lat="45.49789468" lon="15.20882417" >
      <name>rte1_665</name>
      <ele>190.00</ele>
    </rtept>
    <rtept lat="45.49792602" lon="15.20890746" >
      <name>rte1_666</name>
      <ele>190.00</ele>
    </rtept>
    <rtept lat="45.49796186" lon="15.20899076" >
      <name>rte1_667</name>
      <ele>190.00</ele>
    </rtept>
    <rtept lat="45.49800668" lon="15.20908689" >
      <name>rte1_668</name>
      <ele>190.00</ele>
    </rtept>
    <rtept lat="45.49800202" lon="15.20917005" >
      <name>rte1_669</name>
      <ele>190.00</ele>
    </rtept>
    <rtept lat="45.49800638" lon="15.20924684" >
      <name>rte1_670</name>
      <ele>190.00</ele>
    </rtept>
    <rtept lat="45.49801524" lon="15.20932364" >
      <name>rte1_671</name>
      <ele>190.00</ele>
    </rtept>
    <rtept lat="45.49803306" lon="15.20941968" >
      <name>rte1_672</name>
      <ele>190.00</ele>
    </rtept>
    <rtept lat="45.49803743" lon="15.20949007" >
      <name>rte1_673</name>
      <ele>190.00</ele>
    </rtept>
    <rtept lat="45.49803271" lon="15.20960521" >
      <name>rte1_674</name>
      <ele>190.00</ele>
    </rtept>
    <rtept lat="45.49803255" lon="15.20969478" >
      <name>rte1_675</name>
      <ele>190.00</ele>
    </rtept>
    <rtept lat="45.49803232" lon="15.20981634" >
      <name>rte1_676</name>
      <ele>190.00</ele>
    </rtept>
    <rtept lat="45.49798720" lon="15.20988654" >
      <name>rte1_677</name>
      <ele>190.00</ele>
    </rtept>
    <rtept lat="45.49794659" lon="15.20995037" >
      <name>rte1_678</name>
      <ele>190.00</ele>
    </rtept>
    <rtept lat="45.49790148" lon="15.21001418" >
      <name>rte1_679</name>
      <ele>190.00</ele>
    </rtept>
    <rtept lat="45.49785638" lon="15.21007159" >
      <name>rte1_680</name>
      <ele>190.00</ele>
    </rtept>
    <rtept lat="45.49780679" lon="15.21012258" >
      <name>rte1_681</name>
      <ele>190.00</ele>
    </rtept>
    <rtept lat="45.49775722" lon="15.21016718" >
      <name>rte1_682</name>
      <ele>190.00</ele>
    </rtept>
    <rtept lat="45.49770766" lon="15.21020538" >
      <name>rte1_683</name>
      <ele>188.93</ele>
    </rtept>
    <rtept lat="45.49765361" lon="15.21023717" >
      <name>rte1_684</name>
      <ele>188.93</ele>
    </rtept>
    <rtept lat="45.49759956" lon="15.21026895" >
      <name>rte1_685</name>
      <ele>188.93</ele>
    </rtept>
    <rtept lat="45.49754103" lon="15.21028793" >
      <name>rte1_686</name>
      <ele>190.00</ele>
    </rtept>
    <rtept lat="45.49748250" lon="15.21030690" >
      <name>rte1_687</name>
      <ele>190.00</ele>
    </rtept>
    <rtept lat="45.49742399" lon="15.21031948" >
      <name>rte1_688</name>
      <ele>190.00</ele>
    </rtept>
    <rtept lat="45.49736099" lon="15.21032564" >
      <name>rte1_689</name>
      <ele>190.00</ele>
    </rtept>
    <rtept lat="45.49729799" lon="15.21033180" >
      <name>rte1_690</name>
      <ele>185.00</ele>
    </rtept>
    <rtept lat="45.49723050" lon="15.21033154" >
      <name>rte1_691</name>
      <ele>185.00</ele>
    </rtept>
    <rtept lat="45.49716752" lon="15.21032491" >
      <name>rte1_692</name>
      <ele>185.00</ele>
    </rtept>
    <rtept lat="45.49710458" lon="15.21029908" >
      <name>rte1_693</name>
      <ele>185.00</ele>
    </rtept>
    <rtept lat="45.49705066" lon="15.21026050" >
      <name>rte1_694</name>
      <ele>185.00</ele>
    </rtept>
    <rtept lat="45.49700124" lon="15.21022192" >
      <name>rte1_695</name>
      <ele>185.00</ele>
    </rtept>
    <rtept lat="45.49695183" lon="15.21017695" >
      <name>rte1_696</name>
      <ele>183.43</ele>
    </rtept>
    <rtept lat="45.49690240" lon="15.21014478" >
      <name>rte1_697</name>
      <ele>183.43</ele>
    </rtept>
    <rtept lat="45.49685294" lon="15.21012540" >
      <name>rte1_698</name>
      <ele>180.00</ele>
    </rtept>
    <rtept lat="45.49680345" lon="15.21012522" >
      <name>rte1_699</name>
      <ele>180.00</ele>
    </rtept>
    <rtept lat="45.49674941" lon="15.21015060" >
      <name>rte1_700</name>
      <ele>180.00</ele>
    </rtept>
    <rtept lat="45.49667284" lon="15.21019510" >
      <name>rte1_701</name>
      <ele>180.00</ele>
    </rtept>
    <rtept lat="45.49660527" lon="15.21023963" >
      <name>rte1_702</name>
      <ele>182.78</ele>
    </rtept>
    <rtept lat="45.49654222" lon="15.21027138" >
      <name>rte1_703</name>
      <ele>182.78</ele>
    </rtept>
    <rtept lat="45.49647468" lon="15.21030312" >
      <name>rte1_704</name>
      <ele>182.78</ele>
    </rtept>
    <rtept lat="45.49640263" lon="15.21033483" >
      <name>rte1_705</name>
      <ele>180.00</ele>
    </rtept>
    <rtept lat="45.49633059" lon="15.21036015" >
      <name>rte1_706</name>
      <ele>180.00</ele>
    </rtept>
    <rtept lat="45.49628558" lon="15.21037278" >
      <name>rte1_707</name>
      <ele>180.00</ele>
    </rtept>
    <rtept lat="45.49624056" lon="15.21038541" >
      <name>rte1_708</name>
      <ele>180.00</ele>
    </rtept>
    <rtept lat="45.49619554" lon="15.21039803" >
      <name>rte1_709</name>
      <ele>180.00</ele>
    </rtept>
    <rtept lat="45.49614602" lon="15.21041704" >
      <name>rte1_710</name>
      <ele>180.00</ele>
    </rtept>
    <rtept lat="45.49609200" lon="15.21042963" >
      <name>rte1_711</name>
      <ele>180.00</ele>
    </rtept>
    <rtept lat="45.49603800" lon="15.21043583" >
      <name>rte1_712</name>
      <ele>180.00</ele>
    </rtept>
    <rtept lat="45.49598400" lon="15.21044202" >
      <name>rte1_713</name>
      <ele>177.60</ele>
    </rtept>
    <rtept lat="45.49593449" lon="15.21044823" >
      <name>rte1_714</name>
      <ele>177.60</ele>
    </rtept>
    <rtept lat="45.49588500" lon="15.21044805" >
      <name>rte1_715</name>
      <ele>177.60</ele>
    </rtept>
    <rtept lat="45.49583551" lon="15.21044786" >
      <name>rte1_716</name>
      <ele>177.60</ele>
    </rtept>
    <rtept lat="45.49578602" lon="15.21044767" >
      <name>rte1_717</name>
      <ele>177.60</ele>
    </rtept>
    <rtept lat="45.49574104" lon="15.21044111" >
      <name>rte1_718</name>
      <ele>175.00</ele>
    </rtept>
    <rtept lat="45.49569155" lon="15.21044092" >
      <name>rte1_719</name>
      <ele>175.00</ele>
    </rtept>
    <rtept lat="45.49564657" lon="15.21043435" >
      <name>rte1_720</name>
      <ele>175.00</ele>
    </rtept>
    <rtept lat="45.49560159" lon="15.21042779" >
      <name>rte1_721</name>
      <ele>175.00</ele>
    </rtept>
    <rtept lat="45.49555661" lon="15.21042122" >
      <name>rte1_722</name>
      <ele>175.00</ele>
    </rtept>
    <rtept lat="45.49551163" lon="15.21041465" >
      <name>rte1_723</name>
      <ele>175.00</ele>
    </rtept>
    <rtept lat="45.49546664" lon="15.21040809" >
      <name>rte1_724</name>
      <ele>175.00</ele>
    </rtept>
    <rtept lat="45.49542166" lon="15.21040152" >
      <name>rte1_725</name>
      <ele>175.00</ele>
    </rtept>
    <rtept lat="45.49537668" lon="15.21039496" >
      <name>rte1_726</name>
      <ele>175.00</ele>
    </rtept>
    <rtept lat="45.49529121" lon="15.21038824" >
      <name>rte1_727</name>
      <ele>172.73</ele>
    </rtept>
    <rtept lat="45.49520573" lon="15.21038792" >
      <name>rte1_728</name>
      <ele>172.73</ele>
    </rtept>
    <rtept lat="45.49512024" lon="15.21038759" >
      <name>rte1_729</name>
      <ele>172.73</ele>
    </rtept>
    <rtept lat="45.49503472" lon="15.21040647" >
      <name>rte1_730</name>
      <ele>170.00</ele>
    </rtept>
    <rtept lat="45.49498971" lon="15.21041269" >
      <name>rte1_731</name>
      <ele>170.00</ele>
    </rtept>
    <rtept lat="45.49494469" lon="15.21043172" >
      <name>rte1_732</name>
      <ele>170.00</ele>
    </rtept>
    <rtept lat="45.49485913" lon="15.21046978" >
      <name>rte1_733</name>
      <ele>170.00</ele>
    </rtept>
    <rtept lat="45.49481409" lon="15.21049520" >
      <name>rte1_734</name>
      <ele>170.00</ele>
    </rtept>
    <rtept lat="45.49476904" lon="15.21052702" >
      <name>rte1_735</name>
      <ele>170.00</ele>
    </rtept>
    <rtept lat="45.49472399" lon="15.21055884" >
      <name>rte1_736</name>
      <ele>170.00</ele>
    </rtept>
    <rtept lat="45.49467891" lon="15.21060345" >
      <name>rte1_737</name>
      <ele>170.00</ele>
    </rtept>
    <rtept lat="45.49462034" lon="15.21064801" >
      <name>rte1_738</name>
      <ele>170.00</ele>
    </rtept>
    <rtept lat="45.49457526" lon="15.21069262" >
      <name>rte1_739</name>
      <ele>170.00</ele>
    </rtept>
    <rtept lat="45.49453020" lon="15.21073084" >
      <name>rte1_740</name>
      <ele>170.00</ele>
    </rtept>
    <rtept lat="45.49448513" lon="15.21076905" >
      <name>rte1_741</name>
      <ele>170.00</ele>
    </rtept>
    <rtept lat="45.49444456" lon="15.21081368" >
      <name>rte1_742</name>
      <ele>170.00</ele>
    </rtept>
    <rtept lat="45.49440398" lon="15.21085831" >
      <name>rte1_743</name>
      <ele>175.00</ele>
    </rtept>
    <rtept lat="45.49436338" lon="15.21091573" >
      <name>rte1_744</name>
      <ele>175.00</ele>
    </rtept>
    <rtept lat="45.49432276" lon="15.21098595" >
      <name>rte1_745</name>
      <ele>175.00</ele>
    </rtept>
    <rtept lat="45.49425960" lon="15.21107528" >
      <name>rte1_746</name>
      <ele>175.00</ele>
    </rtept>
    <rtept lat="45.49421443" lon="15.21117107" >
      <name>rte1_747</name>
      <ele>175.00</ele>
    </rtept>
    <rtept lat="45.49417377" lon="15.21126047" >
      <name>rte1_748</name>
      <ele>175.00</ele>
    </rtept>
    <rtept lat="45.49413312" lon="15.21134349" >
      <name>rte1_749</name>
      <ele>175.00</ele>
    </rtept>
    <rtept lat="45.49409696" lon="15.21143291" >
      <name>rte1_750</name>
      <ele>175.00</ele>
    </rtept>
    <rtept lat="45.49406079" lon="15.21152874" >
      <name>rte1_751</name>
      <ele>175.00</ele>
    </rtept>
    <rtept lat="45.49401561" lon="15.21162453" >
      <name>rte1_752</name>
      <ele>175.00</ele>
    </rtept>
    <rtept lat="45.49396143" lon="15.21172668" >
      <name>rte1_753</name>
      <ele>175.00</ele>
    </rtept>
    <rtept lat="45.49392534" lon="15.21177772" >
      <name>rte1_754</name>
      <ele>175.00</ele>
    </rtept>
    <rtept lat="45.49388924" lon="15.21183516" >
      <name>rte1_755</name>
      <ele>172.30</ele>
    </rtept>
    <rtept lat="45.49385765" lon="15.21188622" >
      <name>rte1_756</name>
      <ele>172.30</ele>
    </rtept>
    <rtept lat="45.49382606" lon="15.21193728" >
      <name>rte1_757</name>
      <ele>172.30</ele>
    </rtept>
    <rtept lat="45.49379448" lon="15.21198194" >
      <name>rte1_758</name>
      <ele>172.30</ele>
    </rtept>
    <rtept lat="45.49376289" lon="15.21203300" >
      <name>rte1_759</name>
      <ele>172.30</ele>
    </rtept>
    <rtept lat="45.49369973" lon="15.21212232" >
      <name>rte1_760</name>
      <ele>170.00</ele>
    </rtept>
    <rtept lat="45.49364109" lon="15.21220526" >
      <name>rte1_761</name>
      <ele>170.00</ele>
    </rtept>
    <rtept lat="45.49358693" lon="15.21229462" >
      <name>rte1_762</name>
      <ele>170.00</ele>
    </rtept>
    <rtept lat="45.49352830" lon="15.21237116" >
      <name>rte1_763</name>
      <ele>170.00</ele>
    </rtept>
    <rtept lat="45.49347415" lon="15.21245412" >
      <name>rte1_764</name>
      <ele>170.00</ele>
    </rtept>
    <rtept lat="45.49341552" lon="15.21253067" >
      <name>rte1_765</name>
      <ele>170.00</ele>
    </rtept>
    <rtept lat="45.49336137" lon="15.21261363" >
      <name>rte1_766</name>
      <ele>170.00</ele>
    </rtept>
    <rtept lat="45.49329822" lon="15.21269655" >
      <name>rte1_767</name>
      <ele>170.00</ele>
    </rtept>
    <rtept lat="45.49323958" lon="15.21277949" >
      <name>rte1_768</name>
      <ele>172.11</ele>
    </rtept>
    <rtept lat="45.49317642" lon="15.21286881" >
      <name>rte1_769</name>
      <ele>172.11</ele>
    </rtept>
    <rtept lat="45.49314484" lon="15.21291347" >
      <name>rte1_770</name>
      <ele>172.11</ele>
    </rtept>
    <rtept lat="45.49310876" lon="15.21295812" >
      <name>rte1_771</name>
      <ele>172.11</ele>
    </rtept>
    <rtept lat="45.49307717" lon="15.21300918" >
      <name>rte1_772</name>
      <ele>172.11</ele>
    </rtept>
    <rtept lat="45.49304109" lon="15.21305382" >
      <name>rte1_773</name>
      <ele>171.56</ele>
    </rtept>
    <rtept lat="45.49300500" lon="15.21310486" >
      <name>rte1_774</name>
      <ele>174.39</ele>
    </rtept>
    <rtept lat="45.49296890" lon="15.21316230" >
      <name>rte1_775</name>
      <ele>174.39</ele>
    </rtept>
    <rtept lat="45.49292382" lon="15.21320691" >
      <name>rte1_776</name>
      <ele>174.39</ele>
    </rtept>
    <rtept lat="45.49288325" lon="15.21325153" >
      <name>rte1_777</name>
      <ele>174.39</ele>
    </rtept>
    <rtept lat="45.49283818" lon="15.21328974" >
      <name>rte1_778</name>
      <ele>174.39</ele>
    </rtept>
    <rtept lat="45.49279763" lon="15.21332157" >
      <name>rte1_779</name>
      <ele>171.34</ele>
    </rtept>
    <rtept lat="45.49271655" lon="15.21337244" >
      <name>rte1_780</name>
      <ele>171.34</ele>
    </rtept>
    <rtept lat="45.49263099" lon="15.21341050" >
      <name>rte1_781</name>
      <ele>176.32</ele>
    </rtept>
    <rtept lat="45.49259045" lon="15.21343593" >
      <name>rte1_782</name>
      <ele>173.29</ele>
    </rtept>
    <rtept lat="45.49254542" lon="15.21345495" >
      <name>rte1_783</name>
      <ele>173.29</ele>
    </rtept>
    <rtept lat="45.49250488" lon="15.21348039" >
      <name>rte1_784</name>
      <ele>173.29</ele>
    </rtept>
    <rtept lat="45.49245984" lon="15.21350581" >
      <name>rte1_785</name>
      <ele>173.29</ele>
    </rtept>
    <rtept lat="45.49241929" lon="15.21353124" >
      <name>rte1_786</name>
      <ele>173.29</ele>
    </rtept>
    <rtept lat="45.49237873" lon="15.21356947" >
      <name>rte1_787</name>
      <ele>171.75</ele>
    </rtept>
    <rtept lat="45.49233365" lon="15.21361408" >
      <name>rte1_788</name>
      <ele>171.75</ele>
    </rtept>
    <rtept lat="45.49229306" lon="15.21366510" >
      <name>rte1_789</name>
      <ele>171.75</ele>
    </rtept>
    <rtept lat="45.49223896" lon="15.21372247" >
      <name>rte1_790</name>
      <ele>175.86</ele>
    </rtept>
    <rtept lat="45.49218935" lon="15.21378625" >
      <name>rte1_791</name>
      <ele>175.86</ele>
    </rtept>
    <rtept lat="45.49214425" lon="15.21384365" >
      <name>rte1_792</name>
      <ele>175.00</ele>
    </rtept>
    <rtept lat="45.49209915" lon="15.21390105" >
      <name>rte1_793</name>
      <ele>175.00</ele>
    </rtept>
    <rtept lat="45.49205855" lon="15.21395847" >
      <name>rte1_794</name>
      <ele>175.00</ele>
    </rtept>
    <rtept lat="45.49201795" lon="15.21401589" >
      <name>rte1_795</name>
      <ele>175.00</ele>
    </rtept>
    <rtept lat="45.49198184" lon="15.21407332" >
      <name>rte1_796</name>
      <ele>175.00</ele>
    </rtept>
    <rtept lat="45.49194574" lon="15.21413076" >
      <name>rte1_797</name>
      <ele>175.00</ele>
    </rtept>
    <rtept lat="45.49191414" lon="15.21418821" >
      <name>rte1_798</name>
      <ele>175.00</ele>
    </rtept>
    <rtept lat="45.49188253" lon="15.21424567" >
      <name>rte1_799</name>
      <ele>175.00</ele>
    </rtept>
    <rtept lat="45.49184642" lon="15.21430950" >
      <name>rte1_800</name>
      <ele>175.00</ele>
    </rtept>
    <rtept lat="45.49181479" lon="15.21437975" >
      <name>rte1_801</name>
      <ele>179.70</ele>
    </rtept>
    <rtept lat="45.49178316" lon="15.21444999" >
      <name>rte1_802</name>
      <ele>179.70</ele>
    </rtept>
    <rtept lat="45.49175152" lon="15.21452664" >
      <name>rte1_803</name>
      <ele>179.70</ele>
    </rtept>
    <rtept lat="45.49171538" lon="15.21460326" >
      <name>rte1_804</name>
      <ele>179.70</ele>
    </rtept>
    <rtept lat="45.49168372" lon="15.21469270" >
      <name>rte1_805</name>
      <ele>183.49</ele>
    </rtept>
    <rtept lat="45.49163418" lon="15.21471810" >
      <name>rte1_806</name>
      <ele>183.49</ele>
    </rtept>
    <rtept lat="45.49158914" lon="15.21474351" >
      <name>rte1_807</name>
      <ele>183.49</ele>
    </rtept>
    <rtept lat="45.49151255" lon="15.21479440" >
      <name>rte1_808</name>
      <ele>183.49</ele>
    </rtept>
    <rtept lat="45.49143596" lon="15.21485168" >
      <name>rte1_809</name>
      <ele>183.24</ele>
    </rtept>
    <rtept lat="45.49136837" lon="15.21490259" >
      <name>rte1_810</name>
      <ele>183.24</ele>
    </rtept>
    <rtept lat="45.49130526" lon="15.21496632" >
      <name>rte1_811</name>
      <ele>183.24</ele>
    </rtept>
    <rtept lat="45.49123765" lon="15.21503003" >
      <name>rte1_812</name>
      <ele>185.00</ele>
    </rtept>
    <rtept lat="45.49116552" lon="15.21510652" >
      <name>rte1_813</name>
      <ele>185.00</ele>
    </rtept>
    <rtept lat="45.49112945" lon="15.21514476" >
      <name>rte1_814</name>
      <ele>185.00</ele>
    </rtept>
    <rtept lat="45.49109336" lon="15.21519580" >
      <name>rte1_815</name>
      <ele>185.00</ele>
    </rtept>
    <rtept lat="45.49104828" lon="15.21524041" >
      <name>rte1_816</name>
      <ele>185.00</ele>
    </rtept>
    <rtept lat="45.49101220" lon="15.21528505" >
      <name>rte1_817</name>
      <ele>180.00</ele>
    </rtept>
    <rtept lat="45.49097162" lon="15.21532967" >
      <name>rte1_818</name>
      <ele>185.00</ele>
    </rtept>
    <rtept lat="45.49093556" lon="15.21536791" >
      <name>rte1_819</name>
      <ele>185.00</ele>
    </rtept>
    <rtept lat="45.49087241" lon="15.21545083" >
      <name>rte1_820</name>
      <ele>185.00</ele>
    </rtept>
    <rtept lat="45.49080926" lon="15.21553375" >
      <name>rte1_821</name>
      <ele>185.00</ele>
    </rtept>
    <rtept lat="45.49075063" lon="15.21561028" >
      <name>rte1_822</name>
      <ele>180.00</ele>
    </rtept>
    <rtept lat="45.49069199" lon="15.21568682" >
      <name>rte1_823</name>
      <ele>183.10</ele>
    </rtept>
    <rtept lat="45.49064236" lon="15.21575700" >
      <name>rte1_824</name>
      <ele>183.10</ele>
    </rtept>
    <rtept lat="45.49058823" lon="15.21583355" >
      <name>rte1_825</name>
      <ele>183.10</ele>
    </rtept>
    <rtept lat="45.49053860" lon="15.21590373" >
      <name>rte1_826</name>
      <ele>180.00</ele>
    </rtept>
    <rtept lat="45.49048448" lon="15.21597389" >
      <name>rte1_827</name>
      <ele>185.00</ele>
    </rtept>
    <rtept lat="45.49043484" lon="15.21605046" >
      <name>rte1_828</name>
      <ele>185.00</ele>
    </rtept>
    <rtept lat="45.49037621" lon="15.21612060" >
      <name>rte1_829</name>
      <ele>185.00</ele>
    </rtept>
    <rtept lat="45.49031757" lon="15.21620353" >
      <name>rte1_830</name>
      <ele>180.00</ele>
    </rtept>
    <rtept lat="45.49025893" lon="15.21628007" >
      <name>rte1_831</name>
      <ele>180.00</ele>
    </rtept>
    <rtept lat="45.49019128" lon="15.21636296" >
      <name>rte1_832</name>
      <ele>180.00</ele>
    </rtept>
    <rtept lat="45.49015520" lon="15.21640760" >
      <name>rte1_833</name>
      <ele>180.00</ele>
    </rtept>
    <rtept lat="45.49011912" lon="15.21645224" >
      <name>rte1_834</name>
      <ele>180.00</ele>
    </rtept>
    <rtept lat="45.49006503" lon="15.21650321" >
      <name>rte1_835</name>
      <ele>180.00</ele>
    </rtept>
    <rtept lat="45.49001096" lon="15.21654778" >
      <name>rte1_836</name>
      <ele>180.00</ele>
    </rtept>
    <rtept lat="45.48995688" lon="15.21659235" >
      <name>rte1_837</name>
      <ele>185.00</ele>
    </rtept>
    <rtept lat="45.48990280" lon="15.21663692" >
      <name>rte1_838</name>
      <ele>185.00</ele>
    </rtept>
    <rtept lat="45.48984425" lon="15.21666867" >
      <name>rte1_839</name>
      <ele>185.00</ele>
    </rtept>
    <rtept lat="45.48978569" lon="15.21670683" >
      <name>rte1_840</name>
      <ele>185.00</ele>
    </rtept>
    <rtept lat="45.48972715" lon="15.21673219" >
      <name>rte1_841</name>
      <ele>185.00</ele>
    </rtept>
    <rtept lat="45.48967310" lon="15.21676396" >
      <name>rte1_842</name>
      <ele>185.00</ele>
    </rtept>
    <rtept lat="45.48961907" lon="15.21678295" >
      <name>rte1_843</name>
      <ele>185.00</ele>
    </rtept>
    <rtept lat="45.48956504" lon="15.21680193" >
      <name>rte1_844</name>
      <ele>185.00</ele>
    </rtept>
    <rtept lat="45.48951552" lon="15.21682093" >
      <name>rte1_845</name>
      <ele>185.00</ele>
    </rtept>
    <rtept lat="45.48946600" lon="15.21683353" >
      <name>rte1_846</name>
      <ele>185.00</ele>
    </rtept>
    <rtept lat="45.48942097" lon="15.21685254" >
      <name>rte1_847</name>
      <ele>185.00</ele>
    </rtept>
    <rtept lat="45.48937145" lon="15.21686515" >
      <name>rte1_848</name>
      <ele>185.00</ele>
    </rtept>
    <rtept lat="45.48932643" lon="15.21688416" >
      <name>rte1_849</name>
      <ele>185.00</ele>
    </rtept>
    <rtept lat="45.48928141" lon="15.21689678" >
      <name>rte1_850</name>
      <ele>187.30</ele>
    </rtept>
    <rtept lat="45.48919587" lon="15.21692204" >
      <name>rte1_851</name>
      <ele>186.40</ele>
    </rtept>
    <rtept lat="45.48911035" lon="15.21694090" >
      <name>rte1_852</name>
      <ele>186.40</ele>
    </rtept>
    <rtept lat="45.48902482" lon="15.21696615" >
      <name>rte1_853</name>
      <ele>186.40</ele>
    </rtept>
    <rtept lat="45.48894379" lon="15.21698503" >
      <name>rte1_854</name>
      <ele>185.00</ele>
    </rtept>
    <rtept lat="45.48885827" lon="15.21700389" >
      <name>rte1_855</name>
      <ele>185.00</ele>
    </rtept>
    <rtept lat="45.48877725" lon="15.21702276" >
      <name>rte1_856</name>
      <ele>185.00</ele>
    </rtept>
    <rtept lat="45.48869171" lon="15.21704802" >
      <name>rte1_857</name>
      <ele>185.00</ele>
    </rtept>
    <rtept lat="45.48864670" lon="15.21706064" >
      <name>rte1_858</name>
      <ele>185.00</ele>
    </rtept>
    <rtept lat="45.48860169" lon="15.21706686" >
      <name>rte1_859</name>
      <ele>185.00</ele>
    </rtept>
    <rtept lat="45.48855668" lon="15.21707948" >
      <name>rte1_860</name>
      <ele>185.00</ele>
    </rtept>
    <rtept lat="45.48851165" lon="15.21709850" >
      <name>rte1_861</name>
      <ele>182.65</ele>
    </rtept>
    <rtept lat="45.48846663" lon="15.21711112" >
      <name>rte1_862</name>
      <ele>182.65</ele>
    </rtept>
    <rtept lat="45.48841711" lon="15.21712372" >
      <name>rte1_863</name>
      <ele>182.65</ele>
    </rtept>
    <rtept lat="45.48836758" lon="15.21714272" >
      <name>rte1_864</name>
      <ele>182.65</ele>
    </rtept>
    <rtept lat="45.48831806" lon="15.21716171" >
      <name>rte1_865</name>
      <ele>181.22</ele>
    </rtept>
    <rtept lat="45.48826404" lon="15.21717430" >
      <name>rte1_866</name>
      <ele>181.22</ele>
    </rtept>
    <rtept lat="45.48821450" lon="15.21719969" >
      <name>rte1_867</name>
      <ele>181.22</ele>
    </rtept>
    <rtept lat="45.48814698" lon="15.21721862" >
      <name>rte1_868</name>
      <ele>187.57</ele>
    </rtept>
    <rtept lat="45.48808846" lon="15.21723119" >
      <name>rte1_869</name>
      <ele>186.81</ele>
    </rtept>
    <rtept lat="45.48802995" lon="15.21724375" >
      <name>rte1_870</name>
      <ele>186.81</ele>
    </rtept>
    <rtept lat="45.48797143" lon="15.21725632" >
      <name>rte1_871</name>
      <ele>186.81</ele>
    </rtept>
    <rtept lat="45.48791743" lon="15.21726251" >
      <name>rte1_872</name>
      <ele>186.81</ele>
    </rtept>
    <rtept lat="45.48786792" lon="15.21726871" >
      <name>rte1_873</name>
      <ele>186.81</ele>
    </rtept>
    <rtept lat="45.48781842" lon="15.21727492" >
      <name>rte1_874</name>
      <ele>186.81</ele>
    </rtept>
    <rtept lat="45.48776892" lon="15.21728112" >
      <name>rte1_875</name>
      <ele>186.81</ele>
    </rtept>
    <rtept lat="45.48771941" lon="15.21728733" >
      <name>rte1_876</name>
      <ele>186.81</ele>
    </rtept>
    <rtept lat="45.48766991" lon="15.21729353" >
      <name>rte1_877</name>
      <ele>186.81</ele>
    </rtept>
    <rtept lat="45.48762039" lon="15.21730613" >
      <name>rte1_878</name>
      <ele>187.00</ele>
    </rtept>
    <rtept lat="45.48756638" lon="15.21731872" >
      <name>rte1_879</name>
      <ele>187.00</ele>
    </rtept>
    <rtept lat="45.48751685" lon="15.21733771" >
      <name>rte1_880</name>
      <ele>187.00</ele>
    </rtept>
    <rtept lat="45.48746282" lon="15.21735669" >
      <name>rte1_881</name>
      <ele>187.00</ele>
    </rtept>
    <rtept lat="45.48740427" lon="15.21738845" >
      <name>rte1_882</name>
      <ele>190.00</ele>
    </rtept>
    <rtept lat="45.48734571" lon="15.21742660" >
      <name>rte1_883</name>
      <ele>190.00</ele>
    </rtept>
    <rtept lat="45.48730514" lon="15.21746482" >
      <name>rte1_884</name>
      <ele>190.00</ele>
    </rtept>
    <rtept lat="45.48726908" lon="15.21749667" >
      <name>rte1_885</name>
      <ele>190.00</ele>
    </rtept>
    <rtept lat="45.48720145" lon="15.21757316" >
      <name>rte1_886</name>
      <ele>190.00</ele>
    </rtept>
    <rtept lat="45.48713834" lon="15.21763688" >
      <name>rte1_887</name>
      <ele>190.00</ele>
    </rtept>
    <rtept lat="45.48707972" lon="15.21770062" >
      <name>rte1_888</name>
      <ele>190.00</ele>
    </rtept>
    <rtept lat="45.48702111" lon="15.21776436" >
      <name>rte1_889</name>
      <ele>190.00</ele>
    </rtept>
    <rtept lat="45.48696250" lon="15.21782809" >
      <name>rte1_890</name>
      <ele>190.00</ele>
    </rtept>
    <rtept lat="45.48690839" lon="15.21788545" >
      <name>rte1_891</name>
      <ele>190.00</ele>
    </rtept>
    <rtept lat="45.48685429" lon="15.21794281" >
      <name>rte1_892</name>
      <ele>190.00</ele>
    </rtept>
    <rtept lat="45.48680019" lon="15.21800017" >
      <name>rte1_893</name>
      <ele>190.00</ele>
    </rtept>
    <rtept lat="45.48674609" lon="15.21805753" >
      <name>rte1_894</name>
      <ele>190.00</ele>
    </rtept>
    <rtept lat="45.48668749" lon="15.21811487" >
      <name>rte1_895</name>
      <ele>190.00</ele>
    </rtept>
    <rtept lat="45.48662889" lon="15.21817221" >
      <name>rte1_896</name>
      <ele>190.00</ele>
    </rtept>
    <rtept lat="45.48657027" lon="15.21823594" >
      <name>rte1_897</name>
      <ele>190.00</ele>
    </rtept>
    <rtept lat="45.48650267" lon="15.21829325" >
      <name>rte1_898</name>
      <ele>190.00</ele>
    </rtept>
    <rtept lat="45.48643505" lon="15.21836335" >
      <name>rte1_899</name>
      <ele>190.00</ele>
    </rtept>
    <rtept lat="45.48636293" lon="15.21843343" >
      <name>rte1_900</name>
      <ele>190.00</ele>
    </rtept>
    <rtept lat="45.48629083" lon="15.21849071" >
      <name>rte1_901</name>
      <ele>190.00</ele>
    </rtept>
    <rtept lat="45.48622322" lon="15.21855442" >
      <name>rte1_902</name>
      <ele>190.00</ele>
    </rtept>
    <rtept lat="45.48616012" lon="15.21861174" >
      <name>rte1_903</name>
      <ele>190.00</ele>
    </rtept>
    <rtept lat="45.48609700" lon="15.21867546" >
      <name>rte1_904</name>
      <ele>190.00</ele>
    </rtept>
    <rtept lat="45.48603388" lon="15.21874557" >
      <name>rte1_905</name>
      <ele>190.00</ele>
    </rtept>
    <rtept lat="45.48597076" lon="15.21880929" >
      <name>rte1_906</name>
      <ele>200.00</ele>
    </rtept>
    <rtept lat="45.48591214" lon="15.21887942" >
      <name>rte1_907</name>
      <ele>200.00</ele>
    </rtept>
    <rtept lat="45.48584900" lon="15.21895593" >
      <name>rte1_908</name>
      <ele>200.00</ele>
    </rtept>
    <rtept lat="45.48578138" lon="15.21902603" >
      <name>rte1_909</name>
      <ele>200.00</ele>
    </rtept>
    <rtept lat="45.48572276" lon="15.21908976" >
      <name>rte1_910</name>
      <ele>200.00</ele>
    </rtept>
    <rtept lat="45.48567316" lon="15.21914713" >
      <name>rte1_911</name>
      <ele>200.00</ele>
    </rtept>
    <rtept lat="45.48562356" lon="15.21920451" >
      <name>rte1_912</name>
      <ele>198.67</ele>
    </rtept>
    <rtept lat="45.48557845" lon="15.21926190" >
      <name>rte1_913</name>
      <ele>198.67</ele>
    </rtept>
    <rtept lat="45.48553336" lon="15.21931289" >
      <name>rte1_914</name>
      <ele>198.67</ele>
    </rtept>
    <rtept lat="45.48549277" lon="15.21936390" >
      <name>rte1_915</name>
      <ele>198.67</ele>
    </rtept>
    <rtept lat="45.48545218" lon="15.21941492" >
      <name>rte1_916</name>
      <ele>198.67</ele>
    </rtept>
    <rtept lat="45.48541160" lon="15.21945953" >
      <name>rte1_917</name>
      <ele>202.83</ele>
    </rtept>
    <rtept lat="45.48537099" lon="15.21951694" >
      <name>rte1_918</name>
      <ele>200.71</ele>
    </rtept>
    <rtept lat="45.48533040" lon="15.21956795" >
      <name>rte1_919</name>
      <ele>200.71</ele>
    </rtept>
    <rtept lat="45.48528980" lon="15.21962536" >
      <name>rte1_920</name>
      <ele>200.71</ele>
    </rtept>
    <rtept lat="45.48524468" lon="15.21968915" >
      <name>rte1_921</name>
      <ele>200.71</ele>
    </rtept>
    <rtept lat="45.48519505" lon="15.21975931" >
      <name>rte1_922</name>
      <ele>205.94</ele>
    </rtept>
    <rtept lat="45.48514092" lon="15.21982946" >
      <name>rte1_923</name>
      <ele>201.90</ele>
    </rtept>
    <rtept lat="45.48508677" lon="15.21991240" >
      <name>rte1_924</name>
      <ele>201.90</ele>
    </rtept>
    <rtept lat="45.48504167" lon="15.21996979" >
      <name>rte1_925</name>
      <ele>201.90</ele>
    </rtept>
    <rtept lat="45.48500107" lon="15.22002080" >
      <name>rte1_926</name>
      <ele>201.90</ele>
    </rtept>
    <rtept lat="45.48496048" lon="15.22007181" >
      <name>rte1_927</name>
      <ele>213.16</ele>
    </rtept>
    <rtept lat="45.48491990" lon="15.22011642" >
      <name>rte1_928</name>
      <ele>214.76</ele>
    </rtept>
    <rtept lat="45.48487932" lon="15.22016104" >
      <name>rte1_929</name>
      <ele>214.76</ele>
    </rtept>
    <rtept lat="45.48484324" lon="15.22020567" >
      <name>rte1_930</name>
      <ele>214.76</ele>
    </rtept>
    <rtept lat="45.48480266" lon="15.22025029" >
      <name>rte1_931</name>
      <ele>214.76</ele>
    </rtept>
    <rtept lat="45.48476658" lon="15.22029492" >
      <name>rte1_932</name>
      <ele>214.76</ele>
    </rtept>
    <rtept lat="45.48472601" lon="15.22033314" >
      <name>rte1_933</name>
      <ele>214.76</ele>
    </rtept>
    <rtept lat="45.48468993" lon="15.22037777" >
      <name>rte1_934</name>
      <ele>202.97</ele>
    </rtept>
    <rtept lat="45.48465385" lon="15.22042240" >
      <name>rte1_935</name>
      <ele>212.48</ele>
    </rtept>
    <rtept lat="45.48461326" lon="15.22047341" >
      <name>rte1_936</name>
      <ele>212.48</ele>
    </rtept>
    <rtept lat="45.48457718" lon="15.22051804" >
      <name>rte1_937</name>
      <ele>212.48</ele>
    </rtept>
    <rtept lat="45.48453658" lon="15.22056905" >
      <name>rte1_938</name>
      <ele>212.48</ele>
    </rtept>
    <rtept lat="45.48449598" lon="15.22062646" >
      <name>rte1_939</name>
      <ele>206.96</ele>
    </rtept>
    <rtept lat="45.48445536" lon="15.22069026" >
      <name>rte1_940</name>
      <ele>206.96</ele>
    </rtept>
    <rtept lat="45.48441475" lon="15.22074767" >
      <name>rte1_941</name>
      <ele>210.00</ele>
    </rtept>
    <rtept lat="45.48437864" lon="15.22081149" >
      <name>rte1_942</name>
      <ele>210.00</ele>
    </rtept>
    <rtept lat="45.48434251" lon="15.22088170" >
      <name>rte1_943</name>
      <ele>210.00</ele>
    </rtept>
    <rtept lat="45.48431537" lon="15.22095196" >
      <name>rte1_944</name>
      <ele>210.00</ele>
    </rtept>
    <rtept lat="45.48428374" lon="15.22102219" >
      <name>rte1_945</name>
      <ele>210.00</ele>
    </rtept>
    <rtept lat="45.48425660" lon="15.22109884" >
      <name>rte1_946</name>
      <ele>213.57</ele>
    </rtept>
    <rtept lat="45.48422945" lon="15.22117548" >
      <name>rte1_947</name>
      <ele>213.57</ele>
    </rtept>
    <rtept lat="45.48420230" lon="15.22125213" >
      <name>rte1_948</name>
      <ele>213.57</ele>
    </rtept>
    <rtept lat="45.48417516" lon="15.22132878" >
      <name>rte1_949</name>
      <ele>213.57</ele>
    </rtept>
    <rtept lat="45.48414800" lon="15.22141182" >
      <name>rte1_950</name>
      <ele>217.37</ele>
    </rtept>
    <rtept lat="45.48411636" lon="15.22148845" >
      <name>rte1_951</name>
      <ele>217.37</ele>
    </rtept>
    <rtept lat="45.48408922" lon="15.22155870" >
      <name>rte1_952</name>
      <ele>217.37</ele>
    </rtept>
    <rtept lat="45.48405758" lon="15.22163533" >
      <name>rte1_953</name>
      <ele>217.37</ele>
    </rtept>
    <rtept lat="45.48402596" lon="15.22169917" >
      <name>rte1_954</name>
      <ele>219.27</ele>
    </rtept>
    <rtept lat="45.48398983" lon="15.22176938" >
      <name>rte1_955</name>
      <ele>219.27</ele>
    </rtept>
    <rtept lat="45.48395371" lon="15.22183320" >
      <name>rte1_956</name>
      <ele>219.27</ele>
    </rtept>
    <rtept lat="45.48391310" lon="15.22189061" >
      <name>rte1_957</name>
      <ele>219.27</ele>
    </rtept>
    <rtept lat="45.48387250" lon="15.22194801" >
      <name>rte1_958</name>
      <ele>219.27</ele>
    </rtept>
    <rtept lat="45.48384090" lon="15.22199906" >
      <name>rte1_959</name>
      <ele>226.41</ele>
    </rtept>
    <rtept lat="45.48380929" lon="15.22205650" >
      <name>rte1_960</name>
      <ele>226.76</ele>
    </rtept>
    <rtept lat="45.48375512" lon="15.22215222" >
      <name>rte1_961</name>
      <ele>226.76</ele>
    </rtept>
    <rtept lat="45.48370995" lon="15.22224159" >
      <name>rte1_962</name>
      <ele>226.76</ele>
    </rtept>
    <rtept lat="45.48366928" lon="15.22233098" >
      <name>rte1_963</name>
      <ele>230.00</ele>
    </rtept>
    <rtept lat="45.48363763" lon="15.22240760" >
      <name>rte1_964</name>
      <ele>230.00</ele>
    </rtept>
    <rtept lat="45.48360597" lon="15.22249063" >
      <name>rte1_965</name>
      <ele>230.00</ele>
    </rtept>
    <rtept lat="45.48357883" lon="15.22256727" >
      <name>rte1_966</name>
      <ele>229.12</ele>
    </rtept>
    <rtept lat="45.48355618" lon="15.22264394" >
      <name>rte1_967</name>
      <ele>230.00</ele>
    </rtept>
    <rtept lat="45.48352904" lon="15.22272058" >
      <name>rte1_968</name>
      <ele>230.00</ele>
    </rtept>
    <rtept lat="45.48350188" lon="15.22280363" >
      <name>rte1_969</name>
      <ele>230.00</ele>
    </rtept>
    <rtept lat="45.48347022" lon="15.22288665" >
      <name>rte1_970</name>
      <ele>230.00</ele>
    </rtept>
    <rtept lat="45.48343405" lon="15.22297605" >
      <name>rte1_971</name>
      <ele>230.00</ele>
    </rtept>
    <rtept lat="45.48338887" lon="15.22307181" >
      <name>rte1_972</name>
      <ele>230.00</ele>
    </rtept>
    <rtept lat="45.48336177" lon="15.22312287" >
      <name>rte1_973</name>
      <ele>230.00</ele>
    </rtept>
    <rtept lat="45.48333466" lon="15.22318033" >
      <name>rte1_974</name>
      <ele>230.00</ele>
    </rtept>
    <rtept lat="45.48330757" lon="15.22323139" >
      <name>rte1_975</name>
      <ele>230.00</ele>
    </rtept>
    <rtept lat="45.48327594" lon="15.22329523" >
      <name>rte1_976</name>
      <ele>220.00</ele>
    </rtept>
    <rtept lat="45.48321727" lon="15.22339094" >
      <name>rte1_977</name>
      <ele>220.00</ele>
    </rtept>
    <rtept lat="45.48315859" lon="15.22348664" >
      <name>rte1_978</name>
      <ele>220.00</ele>
    </rtept>
    <rtept lat="45.48310441" lon="15.22358237" >
      <name>rte1_979</name>
      <ele>220.00</ele>
    </rtept>
    <rtept lat="45.48305023" lon="15.22367809" >
      <name>rte1_980</name>
      <ele>220.00</ele>
    </rtept>
    <rtept lat="45.48299155" lon="15.22377380" >
      <name>rte1_981</name>
      <ele>220.00</ele>
    </rtept>
    <rtept lat="45.48293737" lon="15.22386953" >
      <name>rte1_982</name>
      <ele>220.00</ele>
    </rtept>
    <rtept lat="45.48287869" lon="15.22396523" >
      <name>rte1_983</name>
      <ele>220.00</ele>
    </rtept>
    <rtept lat="45.48282451" lon="15.22406096" >
      <name>rte1_984</name>
      <ele>220.00</ele>
    </rtept>
    <rtept lat="45.48278841" lon="15.22411198" >
      <name>rte1_985</name>
      <ele>220.00</ele>
    </rtept>
    <rtept lat="45.48275232" lon="15.22416300" >
      <name>rte1_986</name>
      <ele>220.00</ele>
    </rtept>
    <rtept lat="45.48272072" lon="15.22421405" >
      <name>rte1_987</name>
      <ele>220.00</ele>
    </rtept>
    <rtept lat="45.48268912" lon="15.22426509" >
      <name>rte1_988</name>
      <ele>220.00</ele>
    </rtept>
    <rtept lat="45.48265753" lon="15.22431613" >
      <name>rte1_989</name>
      <ele>220.00</ele>
    </rtept>
    <rtept lat="45.48262594" lon="15.22436078" >
      <name>rte1_990</name>
      <ele>220.00</ele>
    </rtept>
    <rtept lat="45.48256726" lon="15.22445648" >
      <name>rte1_991</name>
      <ele>220.00</ele>
    </rtept>
    <rtept lat="45.48251310" lon="15.22454581" >
      <name>rte1_992</name>
      <ele>210.00</ele>
    </rtept>
    <rtept lat="45.48245893" lon="15.22463514" >
      <name>rte1_993</name>
      <ele>210.00</ele>
    </rtept>
    <rtept lat="45.48240927" lon="15.22471809" >
      <name>rte1_994</name>
      <ele>210.00</ele>
    </rtept>
    <rtept lat="45.48235961" lon="15.22480103" >
      <name>rte1_995</name>
      <ele>210.00</ele>
    </rtept>
    <rtept lat="45.48230996" lon="15.22488398" >
      <name>rte1_996</name>
      <ele>210.00</ele>
    </rtept>
    <rtept lat="45.48226030" lon="15.22496693" >
      <name>rte1_997</name>
      <ele>210.00</ele>
    </rtept>
    <rtept lat="45.48221064" lon="15.22504988" >
      <name>rte1_998</name>
      <ele>210.00</ele>
    </rtept>
    <rtept lat="45.48216099" lon="15.22513283" >
      <name>rte1_999</name>
      <ele>210.00</ele>
    </rtept>
    <rtept lat="45.48210683" lon="15.22521576" >
      <name>rte1_1000</name>
      <ele>210.00</ele>
    </rtept>
    <rtept lat="45.48205266" lon="15.22530508" >
      <name>rte1_1001</name>
      <ele>210.00</ele>
    </rtept>
    <rtept lat="45.48199849" lon="15.22539441" >
      <name>rte1_1002</name>
      <ele>210.90</ele>
    </rtept>
    <rtept lat="45.48193981" lon="15.22549011" >
      <name>rte1_1003</name>
      <ele>210.90</ele>
    </rtept>
    <rtept lat="45.48189019" lon="15.22555387" >
      <name>rte1_1004</name>
      <ele>210.00</ele>
    </rtept>
    <rtept lat="45.48185408" lon="15.22561129" >
      <name>rte1_1005</name>
      <ele>210.00</ele>
    </rtept>
    <rtept lat="45.48181798" lon="15.22566871" >
      <name>rte1_1006</name>
      <ele>210.00</ele>
    </rtept>
    <rtept lat="45.48178188" lon="15.22571973" >
      <name>rte1_1007</name>
      <ele>210.00</ele>
    </rtept>
    <rtept lat="45.48175027" lon="15.22577717" >
      <name>rte1_1008</name>
      <ele>210.00</ele>
    </rtept>
    <rtept lat="45.48171866" lon="15.22583460" >
      <name>rte1_1009</name>
      <ele>210.00</ele>
    </rtept>
    <rtept lat="45.48168254" lon="15.22589842" >
      <name>rte1_1010</name>
      <ele>210.00</ele>
    </rtept>
    <rtept lat="45.48164191" lon="15.22596861" >
      <name>rte1_1011</name>
      <ele>210.00</ele>
    </rtept>
    <rtept lat="45.48139836" lon="15.22626184" >
      <name>rte1_1012</name>
      <ele>210.00</ele>
    </rtept>
    <rtept lat="45.48134888" lon="15.22625524" >
      <name>rte1_1013</name>
      <ele>210.00</ele>
    </rtept>
    <rtept lat="45.48130390" lon="15.22624867" >
      <name>rte1_1014</name>
      <ele>220.00</ele>
    </rtept>
    <rtept lat="45.48121845" lon="15.22622913" >
      <name>rte1_1015</name>
      <ele>220.00</ele>
    </rtept>
    <rtept lat="45.48113298" lon="15.22622239" >
      <name>rte1_1016</name>
      <ele>220.00</ele>
    </rtept>
    <rtept lat="45.48108348" lon="15.22622859" >
      <name>rte1_1017</name>
      <ele>220.87</ele>
    </rtept>
    <rtept lat="45.48103843" lon="15.22625399" >
      <name>rte1_1018</name>
      <ele>220.87</ele>
    </rtept>
    <rtept lat="45.48096186" lon="15.22629845" >
      <name>rte1_1019</name>
      <ele>220.87</ele>
    </rtept>
    <rtept lat="45.48089878" lon="15.22634297" >
      <name>rte1_1020</name>
      <ele>220.87</ele>
    </rtept>
    <rtept lat="45.48084467" lon="15.22640031" >
      <name>rte1_1021</name>
      <ele>220.70</ele>
    </rtept>
    <rtept lat="45.48079057" lon="15.22645766" >
      <name>rte1_1022</name>
      <ele>224.26</ele>
    </rtept>
    <rtept lat="45.48074096" lon="15.22651502" >
      <name>rte1_1023</name>
      <ele>224.26</ele>
    </rtept>
    <rtept lat="45.48068685" lon="15.22657236" >
      <name>rte1_1024</name>
      <ele>224.26</ele>
    </rtept>
    <rtept lat="45.48062825" lon="15.22662969" >
      <name>rte1_1025</name>
      <ele>223.12</ele>
    </rtept>
    <rtept lat="45.48056065" lon="15.22668698" >
      <name>rte1_1026</name>
      <ele>223.12</ele>
    </rtept>
    <rtept lat="45.48050209" lon="15.22671872" >
      <name>rte1_1027</name>
      <ele>223.12</ele>
    </rtept>
    <rtept lat="45.48044806" lon="15.22673769" >
      <name>rte1_1028</name>
      <ele>223.12</ele>
    </rtept>
    <rtept lat="45.48039403" lon="15.22675666" >
      <name>rte1_1029</name>
      <ele>223.54</ele>
    </rtept>
    <rtept lat="45.48034452" lon="15.22676925" >
      <name>rte1_1030</name>
      <ele>225.00</ele>
    </rtept>
    <rtept lat="45.48029499" lon="15.22678824" >
      <name>rte1_1031</name>
      <ele>225.00</ele>
    </rtept>
    <rtept lat="45.48024546" lon="15.22680722" >
      <name>rte1_1032</name>
      <ele>225.00</ele>
    </rtept>
    <rtept lat="45.48019591" lon="15.22683260" >
      <name>rte1_1033</name>
      <ele>225.00</ele>
    </rtept>
    <rtept lat="45.48014184" lon="15.22687076" >
      <name>rte1_1034</name>
      <ele>225.00</ele>
    </rtept>
    <rtept lat="45.48007425" lon="15.22692165" >
      <name>rte1_1035</name>
      <ele>225.00</ele>
    </rtept>
    <rtept lat="45.48002465" lon="15.22697901" >
      <name>rte1_1036</name>
      <ele>225.00</ele>
    </rtept>
    <rtept lat="45.47997953" lon="15.22704279" >
      <name>rte1_1037</name>
      <ele>224.80</ele>
    </rtept>
    <rtept lat="45.47993890" lon="15.22710658" >
      <name>rte1_1038</name>
      <ele>225.00</ele>
    </rtept>
    <rtept lat="45.47990277" lon="15.22717679" >
      <name>rte1_1039</name>
      <ele>225.00</ele>
    </rtept>
    <rtept lat="45.47986214" lon="15.22724698" >
      <name>rte1_1040</name>
      <ele>225.00</ele>
    </rtept>
    <rtept lat="45.47981699" lon="15.22732354" >
      <name>rte1_1041</name>
      <ele>225.00</ele>
    </rtept>
    <rtept lat="45.47976733" lon="15.22740648" >
      <name>rte1_1042</name>
      <ele>222.84</ele>
    </rtept>
    <rtept lat="45.47970872" lon="15.22746381" >
      <name>rte1_1043</name>
      <ele>225.00</ele>
    </rtept>
    <rtept lat="45.47965912" lon="15.22752117" >
      <name>rte1_1044</name>
      <ele>225.00</ele>
    </rtept>
    <rtept lat="45.47961402" lon="15.22757215" >
      <name>rte1_1045</name>
      <ele>225.00</ele>
    </rtept>
    <rtept lat="45.47957341" lon="15.22762955" >
      <name>rte1_1046</name>
      <ele>225.00</ele>
    </rtept>
    <rtept lat="45.47953281" lon="15.22768694" >
      <name>rte1_1047</name>
      <ele>222.50</ele>
    </rtept>
    <rtept lat="45.47949670" lon="15.22774436" >
      <name>rte1_1048</name>
      <ele>225.00</ele>
    </rtept>
    <rtept lat="45.47945606" lon="15.22781455" >
      <name>rte1_1049</name>
      <ele>225.00</ele>
    </rtept>
    <rtept lat="45.47941540" lon="15.22789752" >
      <name>rte1_1050</name>
      <ele>225.00</ele>
    </rtept>
    <rtept lat="45.47935672" lon="15.22799322" >
      <name>rte1_1051</name>
      <ele>225.00</ele>
    </rtept>
    <rtept lat="45.47930253" lon="15.22808893" >
      <name>rte1_1052</name>
      <ele>225.00</ele>
    </rtept>
    <rtept lat="45.47925286" lon="15.22817827" >
      <name>rte1_1053</name>
      <ele>225.00</ele>
    </rtept>
    <rtept lat="45.47920769" lon="15.22826763" >
      <name>rte1_1054</name>
      <ele>225.00</ele>
    </rtept>
    <rtept lat="45.47916702" lon="15.22835700" >
      <name>rte1_1055</name>
      <ele>225.00</ele>
    </rtept>
    <rtept lat="45.47912635" lon="15.22843998" >
      <name>rte1_1056</name>
      <ele>225.00</ele>
    </rtept>
    <rtept lat="45.47908569" lon="15.22852296" >
      <name>rte1_1057</name>
      <ele>225.00</ele>
    </rtept>
    <rtept lat="45.47904503" lon="15.22860593" >
      <name>rte1_1058</name>
      <ele>224.90</ele>
    </rtept>
    <rtept lat="45.47900887" lon="15.22868893" >
      <name>rte1_1059</name>
      <ele>225.10</ele>
    </rtept>
    <rtept lat="45.47896821" lon="15.22877191" >
      <name>rte1_1060</name>
      <ele>225.10</ele>
    </rtept>
    <rtept lat="45.47892305" lon="15.22885486" >
      <name>rte1_1061</name>
      <ele>225.10</ele>
    </rtept>
    <rtept lat="45.47887788" lon="15.22894422" >
      <name>rte1_1062</name>
      <ele>225.10</ele>
    </rtept>
    <rtept lat="45.47883272" lon="15.22902718" >
      <name>rte1_1063</name>
      <ele>226.40</ele>
    </rtept>
    <rtept lat="45.47877854" lon="15.22911649" >
      <name>rte1_1064</name>
      <ele>226.40</ele>
    </rtept>
    <rtept lat="45.47871987" lon="15.22920579" >
      <name>rte1_1065</name>
      <ele>226.40</ele>
    </rtept>
    <rtept lat="45.47866119" lon="15.22930149" >
      <name>rte1_1066</name>
      <ele>226.40</ele>
    </rtept>
    <rtept lat="45.47860708" lon="15.22935883" >
      <name>rte1_1067</name>
      <ele>230.00</ele>
    </rtept>
    <rtept lat="45.47855747" lon="15.22941618" >
      <name>rte1_1068</name>
      <ele>230.00</ele>
    </rtept>
    <rtept lat="45.47851239" lon="15.22946077" >
      <name>rte1_1069</name>
      <ele>230.00</ele>
    </rtept>
    <rtept lat="45.47846281" lon="15.22950533" >
      <name>rte1_1070</name>
      <ele>230.00</ele>
    </rtept>
    <rtept lat="45.47841324" lon="15.22954350" >
      <name>rte1_1071</name>
      <ele>230.00</ele>
    </rtept>
    <rtept lat="45.47836367" lon="15.22958167" >
      <name>rte1_1072</name>
      <ele>228.33</ele>
    </rtept>
    <rtept lat="45.47831861" lon="15.22961347" >
      <name>rte1_1073</name>
      <ele>228.33</ele>
    </rtept>
    <rtept lat="45.47826904" lon="15.22965164" >
      <name>rte1_1074</name>
      <ele>230.00</ele>
    </rtept>
    <rtept lat="45.47822399" lon="15.22968343" >
      <name>rte1_1075</name>
      <ele>230.00</ele>
    </rtept>
    <rtept lat="45.47817891" lon="15.22972162" >
      <name>rte1_1076</name>
      <ele>228.00</ele>
    </rtept>
    <rtept lat="45.47813384" lon="15.22975981" >
      <name>rte1_1077</name>
      <ele>228.00</ele>
    </rtept>
    <rtept lat="45.47808876" lon="15.22980439" >
      <name>rte1_1078</name>
      <ele>228.00</ele>
    </rtept>
    <rtept lat="45.47804368" lon="15.22984898" >
      <name>rte1_1079</name>
      <ele>228.00</ele>
    </rtept>
    <rtept lat="45.47800307" lon="15.22990637" >
      <name>rte1_1080</name>
      <ele>228.00</ele>
    </rtept>
    <rtept lat="45.47796246" lon="15.22996376" >
      <name>rte1_1081</name>
      <ele>240.00</ele>
    </rtept>
    <rtept lat="45.47792181" lon="15.23004034" >
      <name>rte1_1082</name>
      <ele>237.14</ele>
    </rtept>
    <rtept lat="45.47790827" lon="15.23005947" >
      <name>rte1_1083</name>
      <ele>237.14</ele>
    </rtept>
    <rtept lat="45.47789472" lon="15.23008500" >
      <name>rte1_1084</name>
      <ele>237.14</ele>
    </rtept>
    <rtept lat="45.47785410" lon="15.23014879" >
      <name>rte1_1085</name>
      <ele>237.14</ele>
    </rtept>
    <rtept lat="45.47781798" lon="15.23021259" >
      <name>rte1_1086</name>
      <ele>237.14</ele>
    </rtept>
    <rtept lat="45.47778635" lon="15.23027642" >
      <name>rte1_1087</name>
      <ele>240.33</ele>
    </rtept>
    <rtept lat="45.47775473" lon="15.23034024" >
      <name>rte1_1088</name>
      <ele>240.33</ele>
    </rtept>
    <rtept lat="45.47772761" lon="15.23039769" >
      <name>rte1_1089</name>
      <ele>237.62</ele>
    </rtept>
    <rtept lat="45.47770050" lon="15.23045514" >
      <name>rte1_1090</name>
      <ele>237.62</ele>
    </rtept>
    <rtept lat="45.47767338" lon="15.23051898" >
      <name>rte1_1091</name>
      <ele>237.62</ele>
    </rtept>
    <rtept lat="45.47764626" lon="15.23057643" >
      <name>rte1_1092</name>
      <ele>237.62</ele>
    </rtept>
    <rtept lat="45.47762365" lon="15.23063390" >
      <name>rte1_1093</name>
      <ele>240.92</ele>
    </rtept>
    <rtept lat="45.47759652" lon="15.23069774" >
      <name>rte1_1094</name>
      <ele>240.92</ele>
    </rtept>
    <rtept lat="45.47756941" lon="15.23075519" >
      <name>rte1_1095</name>
      <ele>240.92</ele>
    </rtept>
    <rtept lat="45.47754229" lon="15.23081903" >
      <name>rte1_1096</name>
      <ele>240.92</ele>
    </rtept>
    <rtept lat="45.47751066" lon="15.23088285" >
      <name>rte1_1097</name>
      <ele>240.92</ele>
    </rtept>
    <rtept lat="45.47747902" lon="15.23095307" >
      <name>rte1_1098</name>
      <ele>240.00</ele>
    </rtept>
    <rtept lat="45.47744739" lon="15.23102329" >
      <name>rte1_1099</name>
      <ele>240.00</ele>
    </rtept>
    <rtept lat="45.47741123" lon="15.23109989" >
      <name>rte1_1100</name>
      <ele>240.00</ele>
    </rtept>
    <rtept lat="45.47735258" lon="15.23118279" >
      <name>rte1_1101</name>
      <ele>240.00</ele>
    </rtept>
    <rtept lat="45.47729394" lon="15.23125290" >
      <name>rte1_1102</name>
      <ele>240.00</ele>
    </rtept>
    <rtept lat="45.47724431" lon="15.23132304" >
      <name>rte1_1103</name>
      <ele>240.00</ele>
    </rtept>
    <rtept lat="45.47719909" lon="15.23143158" >
      <name>rte1_1104</name>
      <ele>240.00</ele>
    </rtept>
    <rtept lat="45.47716745" lon="15.23150180" >
      <name>rte1_1105</name>
      <ele>240.00</ele>
    </rtept>
    <rtept lat="45.47714481" lon="15.23157205" >
      <name>rte1_1106</name>
      <ele>240.00</ele>
    </rtept>
    <rtept lat="45.47712667" lon="15.23164233" >
      <name>rte1_1107</name>
      <ele>240.00</ele>
    </rtept>
    <rtept lat="45.47711303" lon="15.23171262" >
      <name>rte1_1108</name>
      <ele>240.00</ele>
    </rtept>
    <rtept lat="45.47709940" lon="15.23177652" >
      <name>rte1_1109</name>
      <ele>240.00</ele>
    </rtept>
    <rtept lat="45.47709026" lon="15.23184683" >
      <name>rte1_1110</name>
      <ele>240.00</ele>
    </rtept>
    <rtept lat="45.47708113" lon="15.23191075" >
      <name>rte1_1111</name>
      <ele>233.64</ele>
    </rtept>
    <rtept lat="45.47707650" lon="15.23197468" >
      <name>rte1_1112</name>
      <ele>233.64</ele>
    </rtept>
    <rtept lat="45.47706736" lon="15.23204499" >
      <name>rte1_1113</name>
      <ele>233.64</ele>
    </rtept>
    <rtept lat="45.47705823" lon="15.23210891" >
      <name>rte1_1114</name>
      <ele>233.64</ele>
    </rtept>
    <rtept lat="45.47704460" lon="15.23217281" >
      <name>rte1_1115</name>
      <ele>230.00</ele>
    </rtept>
    <rtept lat="45.47703546" lon="15.23224312" >
      <name>rte1_1116</name>
      <ele>226.84</ele>
    </rtept>
    <rtept lat="45.47701733" lon="15.23230700" >
      <name>rte1_1117</name>
      <ele>226.84</ele>
    </rtept>
    <rtept lat="45.47699469" lon="15.23237725" >
      <name>rte1_1118</name>
      <ele>226.84</ele>
    </rtept>
    <rtept lat="45.47696755" lon="15.23244749" >
      <name>rte1_1119</name>
      <ele>226.84</ele>
    </rtept>
    <rtept lat="45.47694041" lon="15.23251773" >
      <name>rte1_1120</name>
      <ele>225.00</ele>
    </rtept>
    <rtept lat="45.47689977" lon="15.23258791" >
      <name>rte1_1121</name>
      <ele>225.00</ele>
    </rtept>
    <rtept lat="45.47686365" lon="15.23265171" >
      <name>rte1_1122</name>
      <ele>225.00</ele>
    </rtept>
    <rtept lat="45.47682753" lon="15.23270912" >
      <name>rte1_1123</name>
      <ele>225.00</ele>
    </rtept>
    <rtept lat="45.47678694" lon="15.23276011" >
      <name>rte1_1124</name>
      <ele>225.00</ele>
    </rtept>
    <rtept lat="45.47675084" lon="15.23281113" >
      <name>rte1_1125</name>
      <ele>225.00</ele>
    </rtept>
    <rtept lat="45.47671475" lon="15.23285574" >
      <name>rte1_1126</name>
      <ele>225.00</ele>
    </rtept>
    <rtept lat="45.47667417" lon="15.23290034" >
      <name>rte1_1127</name>
      <ele>225.00</ele>
    </rtept>
    <rtept lat="45.47663808" lon="15.23294496" >
      <name>rte1_1128</name>
      <ele>225.00</ele>
    </rtept>
    <rtept lat="45.47660199" lon="15.23298958" >
      <name>rte1_1129</name>
      <ele>225.00</ele>
    </rtept>
    <rtept lat="45.47656141" lon="15.23303418" >
      <name>rte1_1130</name>
      <ele>225.00</ele>
    </rtept>
    <rtept lat="45.47652082" lon="15.23307878" >
      <name>rte1_1131</name>
      <ele>225.00</ele>
    </rtept>
    <rtept lat="45.47648473" lon="15.23312979" >
      <name>rte1_1132</name>
      <ele>225.00</ele>
    </rtept>
    <rtept lat="45.47644413" lon="15.23318078" >
      <name>rte1_1133</name>
      <ele>225.00</ele>
    </rtept>
    <rtept lat="45.47640351" lon="15.23323817" >
      <name>rte1_1134</name>
      <ele>225.00</ele>
    </rtept>
    <rtept lat="45.47636289" lon="15.23330196" >
      <name>rte1_1135</name>
      <ele>225.00</ele>
    </rtept>
    <rtept lat="45.47632675" lon="15.23337215" >
      <name>rte1_1136</name>
      <ele>225.00</ele>
    </rtept>
    <rtept lat="45.47628163" lon="15.23343592" >
      <name>rte1_1137</name>
      <ele>225.00</ele>
    </rtept>
    <rtept lat="45.47624549" lon="15.23350612" >
      <name>rte1_1138</name>
      <ele>227.41</ele>
    </rtept>
    <rtept lat="45.47621386" lon="15.23356994" >
      <name>rte1_1139</name>
      <ele>227.41</ele>
    </rtept>
    <rtept lat="45.47618673" lon="15.23363378" >
      <name>rte1_1140</name>
      <ele>227.41</ele>
    </rtept>
    <rtept lat="45.47615959" lon="15.23370402" >
      <name>rte1_1141</name>
      <ele>227.41</ele>
    </rtept>
    <rtept lat="45.47613697" lon="15.23376787" >
      <name>rte1_1142</name>
      <ele>226.95</ele>
    </rtept>
    <rtept lat="45.47611884" lon="15.23383175" >
      <name>rte1_1143</name>
      <ele>229.21</ele>
    </rtept>
    <rtept lat="45.47609621" lon="15.23389561" >
      <name>rte1_1144</name>
      <ele>229.21</ele>
    </rtept>
    <rtept lat="45.47607808" lon="15.23395949" >
      <name>rte1_1145</name>
      <ele>229.21</ele>
    </rtept>
    <rtept lat="45.47605995" lon="15.23402336" >
      <name>rte1_1146</name>
      <ele>229.21</ele>
    </rtept>
    <rtept lat="45.47603731" lon="15.23409362" >
      <name>rte1_1147</name>
      <ele>229.21</ele>
    </rtept>
    <rtept lat="45.47601468" lon="15.23415748" >
      <name>rte1_1148</name>
      <ele>236.88</ele>
    </rtept>
    <rtept lat="45.47599204" lon="15.23422773" >
      <name>rte1_1149</name>
      <ele>236.88</ele>
    </rtept>
    <rtept lat="45.47596040" lon="15.23429795" >
      <name>rte1_1150</name>
      <ele>236.88</ele>
    </rtept>
    <rtept lat="45.47592875" lon="15.23437456" >
      <name>rte1_1151</name>
      <ele>236.88</ele>
    </rtept>
    <rtept lat="45.47589709" lon="15.23445117" >
      <name>rte1_1152</name>
      <ele>238.61</ele>
    </rtept>
    <rtept lat="45.47584294" lon="15.23452768" >
      <name>rte1_1153</name>
      <ele>238.61</ele>
    </rtept>
    <rtept lat="45.47578883" lon="15.23458502" >
      <name>rte1_1154</name>
      <ele>238.61</ele>
    </rtept>
    <rtept lat="45.47573024" lon="15.23463593" >
      <name>rte1_1155</name>
      <ele>238.61</ele>
    </rtept>
    <rtept lat="45.47567617" lon="15.23467408" >
      <name>rte1_1156</name>
      <ele>234.46</ele>
    </rtept>
    <rtept lat="45.47562207" lon="15.23472501" >
      <name>rte1_1157</name>
      <ele>234.46</ele>
    </rtept>
    <rtept lat="45.47557247" lon="15.23477597" >
      <name>rte1_1158</name>
      <ele>240.00</ele>
    </rtept>
    <rtept lat="45.47552733" lon="15.23484613" >
      <name>rte1_1159</name>
      <ele>240.00</ele>
    </rtept>
    <rtept lat="45.47549114" lon="15.23494190" >
      <name>rte1_1160</name>
      <ele>240.00</ele>
    </rtept>
    <rtept lat="45.47545947" lon="15.23502491" >
      <name>rte1_1161</name>
      <ele>240.00</ele>
    </rtept>
    <rtept lat="45.47543229" lon="15.23511433" >
      <name>rte1_1162</name>
      <ele>250.00</ele>
    </rtept>
    <rtept lat="45.47540961" lon="15.23520377" >
      <name>rte1_1163</name>
      <ele>250.00</ele>
    </rtept>
    <rtept lat="45.47539144" lon="15.23528683" >
      <name>rte1_1164</name>
      <ele>250.00</ele>
    </rtept>
    <rtept lat="45.47538227" lon="15.23536993" >
      <name>rte1_1165</name>
      <ele>250.00</ele>
    </rtept>
    <rtept lat="45.47537310" lon="15.23545303" >
      <name>rte1_1166</name>
      <ele>250.93</ele>
    </rtept>
    <rtept lat="45.47536844" lon="15.23552975" >
      <name>rte1_1167</name>
      <ele>250.93</ele>
    </rtept>
    <rtept lat="45.47536827" lon="15.23561289" >
      <name>rte1_1168</name>
      <ele>250.93</ele>
    </rtept>
    <rtept lat="45.47537259" lon="15.23569604" >
      <name>rte1_1169</name>
      <ele>250.93</ele>
    </rtept>
    <rtept lat="45.47537693" lon="15.23577280" >
      <name>rte1_1170</name>
      <ele>254.33</ele>
    </rtept>
    <rtept lat="45.47538577" lon="15.23584958" >
      <name>rte1_1171</name>
      <ele>254.33</ele>
    </rtept>
    <rtept lat="45.47539910" lon="15.23593278" >
      <name>rte1_1172</name>
      <ele>254.33</ele>
    </rtept>
    <rtept lat="45.47541244" lon="15.23600957" >
      <name>rte1_1173</name>
      <ele>254.33</ele>
    </rtept>
    <rtept lat="45.47542577" lon="15.23608637" >
      <name>rte1_1174</name>
      <ele>255.00</ele>
    </rtept>
    <rtept lat="45.47544360" lon="15.23616959" >
      <name>rte1_1175</name>
      <ele>255.00</ele>
    </rtept>
    <rtept lat="45.47546593" lon="15.23624642" >
      <name>rte1_1176</name>
      <ele>255.00</ele>
    </rtept>
    <rtept lat="45.47548377" lon="15.23632324" >
      <name>rte1_1177</name>
      <ele>255.00</ele>
    </rtept>
    <rtept lat="45.47550609" lon="15.23640647" >
      <name>rte1_1178</name>
      <ele>255.00</ele>
    </rtept>
    <rtept lat="45.47552393" lon="15.23648329" >
      <name>rte1_1179</name>
      <ele>255.00</ele>
    </rtept>
    <rtept lat="45.47554625" lon="15.23656652" >
      <name>rte1_1180</name>
      <ele>255.00</ele>
    </rtept>
    <rtept lat="45.47556858" lon="15.23664975" >
      <name>rte1_1181</name>
      <ele>255.00</ele>
    </rtept>
    <rtept lat="45.47559090" lon="15.23673299" >
      <name>rte1_1182</name>
      <ele>253.99</ele>
    </rtept>
    <rtept lat="45.47561321" lon="15.23682261" >
      <name>rte1_1183</name>
      <ele>253.99</ele>
    </rtept>
    <rtept lat="45.47563103" lon="15.23690583" >
      <name>rte1_1184</name>
      <ele>253.99</ele>
    </rtept>
    <rtept lat="45.47565334" lon="15.23699545" >
      <name>rte1_1185</name>
      <ele>253.89</ele>
    </rtept>
    <rtept lat="45.47567115" lon="15.23708506" >
      <name>rte1_1186</name>
      <ele>253.89</ele>
    </rtept>
    <rtept lat="45.47568446" lon="15.23717465" >
      <name>rte1_1187</name>
      <ele>253.89</ele>
    </rtept>
    <rtept lat="45.47570226" lon="15.23727066" >
      <name>rte1_1188</name>
      <ele>255.00</ele>
    </rtept>
    <rtept lat="45.47571555" lon="15.23736664" >
      <name>rte1_1189</name>
      <ele>254.29</ele>
    </rtept>
    <rtept lat="45.47572435" lon="15.23746261" >
      <name>rte1_1190</name>
      <ele>254.29</ele>
    </rtept>
    <rtept lat="45.47572865" lon="15.23755855" >
      <name>rte1_1191</name>
      <ele>254.29</ele>
    </rtept>
    <rtept lat="45.47573742" lon="15.23766731" >
      <name>rte1_1192</name>
      <ele>251.89</ele>
    </rtept>
    <rtept lat="45.47573269" lon="15.23777601" >
      <name>rte1_1193</name>
      <ele>251.89</ele>
    </rtept>
    <rtept lat="45.47572798" lon="15.23787831" >
      <name>rte1_1194</name>
      <ele>251.89</ele>
    </rtept>
    <rtept lat="45.47571878" lon="15.23797420" >
      <name>rte1_1195</name>
      <ele>250.44</ele>
    </rtept>
    <rtept lat="45.47570058" lon="15.23807006" >
      <name>rte1_1196</name>
      <ele>250.44</ele>
    </rtept>
    <rtept lat="45.47568239" lon="15.23815951" >
      <name>rte1_1197</name>
      <ele>250.00</ele>
    </rtept>
    <rtept lat="45.47565520" lon="15.23825533" >
      <name>rte1_1198</name>
      <ele>250.00</ele>
    </rtept>
    <rtept lat="45.47561900" lon="15.23835110" >
      <name>rte1_1199</name>
      <ele>250.00</ele>
    </rtept>
    <rtept lat="45.47558278" lon="15.23845967" >
      <name>rte1_1200</name>
      <ele>250.00</ele>
    </rtept>
    <rtept lat="45.47562306" lon="15.23856216" >
      <name>rte1_1201</name>
      <ele>250.00</ele>
    </rtept>
    <rtept lat="45.47564545" lon="15.23861342" >
      <name>rte1_1202</name>
      <ele>250.00</ele>
    </rtept>
    <rtept lat="45.47566779" lon="15.23868386" >
      <name>rte1_1203</name>
      <ele>250.00</ele>
    </rtept>
    <rtept lat="45.47568117" lon="15.23874147" >
      <name>rte1_1204</name>
      <ele>250.00</ele>
    </rtept>
    <rtept lat="45.47566750" lon="15.23882455" >
      <name>rte1_1205</name>
      <ele>250.00</ele>
    </rtept>
    <rtept lat="45.47566280" lon="15.23892046" >
      <name>rte1_1206</name>
      <ele>252.46</ele>
    </rtept>
    <rtept lat="45.47565811" lon="15.23900998" >
      <name>rte1_1207</name>
      <ele>252.46</ele>
    </rtept>
    <rtept lat="45.47565343" lon="15.23909309" >
      <name>rte1_1208</name>
      <ele>252.46</ele>
    </rtept>
    <rtept lat="45.47564427" lon="15.23916980" >
      <name>rte1_1209</name>
      <ele>252.46</ele>
    </rtept>
    <rtept lat="45.47563061" lon="15.23924648" >
      <name>rte1_1210</name>
      <ele>258.01</ele>
    </rtept>
    <rtept lat="45.47561694" lon="15.23932956" >
      <name>rte1_1211</name>
      <ele>258.01</ele>
    </rtept>
    <rtept lat="45.47559426" lon="15.23941900" >
      <name>rte1_1212</name>
      <ele>258.01</ele>
    </rtept>
    <rtept lat="45.47557154" lon="15.23952123" >
      <name>rte1_1213</name>
      <ele>258.01</ele>
    </rtept>
    <rtept lat="45.47553085" lon="15.23961698" >
      <name>rte1_1214</name>
      <ele>259.70</ele>
    </rtept>
    <rtept lat="45.47548568" lon="15.23969993" >
      <name>rte1_1215</name>
      <ele>259.70</ele>
    </rtept>
    <rtept lat="45.47543604" lon="15.23977006" >
      <name>rte1_1216</name>
      <ele>257.85</ele>
    </rtept>
    <rtept lat="45.47539090" lon="15.23984022" >
      <name>rte1_1217</name>
      <ele>257.85</ele>
    </rtept>
    <rtept lat="45.47534576" lon="15.23991037" >
      <name>rte1_1218</name>
      <ele>258.11</ele>
    </rtept>
    <rtept lat="45.47530510" lon="15.23998694" >
      <name>rte1_1219</name>
      <ele>258.11</ele>
    </rtept>
    <rtept lat="45.47527340" lon="15.24008273" >
      <name>rte1_1220</name>
      <ele>258.11</ele>
    </rtept>
    <rtept lat="45.47525516" lon="15.24019777" >
      <name>rte1_1221</name>
      <ele>256.07</ele>
    </rtept>
    <rtept lat="45.47524603" lon="15.24026168" >
      <name>rte1_1222</name>
      <ele>256.07</ele>
    </rtept>
    <rtept lat="45.47524588" lon="15.24033203" >
      <name>rte1_1223</name>
      <ele>256.07</ele>
    </rtept>
    <rtept lat="45.47525024" lon="15.24039600" >
      <name>rte1_1224</name>
      <ele>256.07</ele>
    </rtept>
    <rtept lat="45.47525461" lon="15.24045997" >
      <name>rte1_1225</name>
      <ele>256.07</ele>
    </rtept>
    <rtept lat="45.47528134" lon="15.24058159" >
      <name>rte1_1226</name>
      <ele>253.14</ele>
    </rtept>
    <rtept lat="45.47529471" lon="15.24064560" >
      <name>rte1_1227</name>
      <ele>253.14</ele>
    </rtept>
    <rtept lat="45.47531258" lon="15.24070323" >
      <name>rte1_1228</name>
      <ele>253.14</ele>
    </rtept>
    <rtept lat="45.47533483" lon="15.24081844" >
      <name>rte1_1229</name>
      <ele>250.00</ele>
    </rtept>
    <rtept lat="45.47534807" lon="15.24094001" >
      <name>rte1_1230</name>
      <ele>250.00</ele>
    </rtept>
    <rtept lat="45.47533881" lon="15.24106148" >
      <name>rte1_1231</name>
      <ele>250.00</ele>
    </rtept>
    <rtept lat="45.47532518" lon="15.24112537" >
      <name>rte1_1232</name>
      <ele>250.00</ele>
    </rtept>
    <rtept lat="45.47530255" lon="15.24118922" >
      <name>rte1_1233</name>
      <ele>243.20</ele>
    </rtept>
    <rtept lat="45.47525287" lon="15.24127854" >
      <name>rte1_1234</name>
      <ele>243.20</ele>
    </rtept>
    <rtept lat="45.47521221" lon="15.24135511" >
      <name>rte1_1235</name>
      <ele>250.00</ele>
    </rtept>
    <rtept lat="45.47517605" lon="15.24143170" >
      <name>rte1_1236</name>
      <ele>250.00</ele>
    </rtept>
    <rtept lat="45.47513991" lon="15.24150189" >
      <name>rte1_1237</name>
      <ele>240.00</ele>
    </rtept>
    <rtept lat="45.47510378" lon="15.24156569" >
      <name>rte1_1238</name>
      <ele>240.00</ele>
    </rtept>
    <rtept lat="45.47507215" lon="15.24162950" >
      <name>rte1_1239</name>
      <ele>240.00</ele>
    </rtept>
    <rtept lat="45.47504053" lon="15.24168692" >
      <name>rte1_1240</name>
      <ele>240.00</ele>
    </rtept>
    <rtept lat="45.47500891" lon="15.24174434" >
      <name>rte1_1241</name>
      <ele>240.00</ele>
    </rtept>
    <rtept lat="45.47498179" lon="15.24180178" >
      <name>rte1_1242</name>
      <ele>240.00</ele>
    </rtept>
    <rtept lat="45.47495019" lon="15.24185281" >
      <name>rte1_1243</name>
      <ele>240.00</ele>
    </rtept>
    <rtept lat="45.47491856" lon="15.24191662" >
      <name>rte1_1244</name>
      <ele>240.00</ele>
    </rtept>
    <rtept lat="45.47488694" lon="15.24197404" >
      <name>rte1_1245</name>
      <ele>240.00</ele>
    </rtept>
    <rtept lat="45.47485531" lon="15.24203786" >
      <name>rte1_1246</name>
      <ele>240.00</ele>
    </rtept>
    <rtept lat="45.47481917" lon="15.24210805" >
      <name>rte1_1247</name>
      <ele>240.00</ele>
    </rtept>
    <rtept lat="45.47478301" lon="15.24218463" >
      <name>rte1_1248</name>
      <ele>240.00</ele>
    </rtept>
    <rtept lat="45.47474232" lon="15.24227399" >
      <name>rte1_1249</name>
      <ele>240.00</ele>
    </rtept>
    <rtept lat="45.47470168" lon="15.24234416" >
      <name>rte1_1250</name>
      <ele>240.00</ele>
    </rtept>
    <rtept lat="45.47466555" lon="15.24240796" >
      <name>rte1_1251</name>
      <ele>240.00</ele>
    </rtept>
    <rtept lat="45.47463392" lon="15.24247177" >
      <name>rte1_1252</name>
      <ele>240.00</ele>
    </rtept>
    <rtept lat="45.47460679" lon="15.24253561" >
      <name>rte1_1253</name>
      <ele>240.00</ele>
    </rtept>
    <rtept lat="45.47458414" lon="15.24260585" >
      <name>rte1_1254</name>
      <ele>240.00</ele>
    </rtept>
    <rtept lat="45.47455699" lon="15.24267608" >
      <name>rte1_1255</name>
      <ele>240.00</ele>
    </rtept>
    <rtept lat="45.47452985" lon="15.24274631" >
      <name>rte1_1256</name>
      <ele>239.90</ele>
    </rtept>
    <rtept lat="45.47450266" lon="15.24283573" >
      <name>rte1_1257</name>
      <ele>239.90</ele>
    </rtept>
    <rtept lat="45.47447554" lon="15.24289316" >
      <name>rte1_1258</name>
      <ele>239.90</ele>
    </rtept>
    <rtept lat="45.47445741" lon="15.24295704" >
      <name>rte1_1259</name>
      <ele>239.90</ele>
    </rtept>
    <rtept lat="45.47443017" lon="15.24307203" >
      <name>rte1_1260</name>
      <ele>239.80</ele>
    </rtept>
    <rtept lat="45.47441641" lon="15.24319348" >
      <name>rte1_1261</name>
      <ele>239.80</ele>
    </rtept>
    <rtept lat="45.47440716" lon="15.24330855" >
      <name>rte1_1262</name>
      <ele>239.80</ele>
    </rtept>
    <rtept lat="45.47440242" lon="15.24342364" >
      <name>rte1_1263</name>
      <ele>239.90</ele>
    </rtept>
    <rtept lat="45.47439316" lon="15.24354511" >
      <name>rte1_1264</name>
      <ele>239.90</ele>
    </rtept>
    <rtept lat="45.47437490" lon="15.24366653" >
      <name>rte1_1265</name>
      <ele>239.90</ele>
    </rtept>
    <rtept lat="45.47435675" lon="15.24373680" >
      <name>rte1_1266</name>
      <ele>240.00</ele>
    </rtept>
    <rtept lat="45.47434310" lon="15.24380709" >
      <name>rte1_1267</name>
      <ele>240.00</ele>
    </rtept>
    <rtept lat="45.47430240" lon="15.24390284" >
      <name>rte1_1268</name>
      <ele>240.00</ele>
    </rtept>
    <rtept lat="45.47426173" lon="15.24398580" >
      <name>rte1_1269</name>
      <ele>240.00</ele>
    </rtept>
    <rtept lat="45.47421659" lon="15.24405595" >
      <name>rte1_1270</name>
      <ele>240.00</ele>
    </rtept>
    <rtept lat="45.47417596" lon="15.24411972" >
      <name>rte1_1271</name>
      <ele>240.00</ele>
    </rtept>
    <rtept lat="45.47413081" lon="15.24418987" >
      <name>rte1_1272</name>
      <ele>240.00</ele>
    </rtept>
    <rtept lat="45.47408567" lon="15.24426002" >
      <name>rte1_1273</name>
      <ele>240.00</ele>
    </rtept>
    <rtept lat="45.47404051" lon="15.24433656" >
      <name>rte1_1274</name>
      <ele>235.00</ele>
    </rtept>
    <rtept lat="45.47399980" lon="15.24443871" >
      <name>rte1_1275</name>
      <ele>235.00</ele>
    </rtept>
    <rtept lat="45.47389916" lon="15.24520567" >
      <name>rte1_1276</name>
      <ele>237.25</ele>
    </rtept>
    <rtept lat="45.47390831" lon="15.24513537" >
      <name>rte1_1277</name>
      <ele>237.25</ele>
    </rtept>
    <rtept lat="45.47394408" lon="15.24523785" >
      <name>rte1_1278</name>
      <ele>237.25</ele>
    </rtept>
    <rtept lat="45.47398436" lon="15.24533395" >
      <name>rte1_1279</name>
      <ele>240.00</ele>
    </rtept>
    <rtept lat="45.47402915" lon="15.24543007" >
      <name>rte1_1280</name>
      <ele>240.00</ele>
    </rtept>
    <rtept lat="45.47407843" lon="15.24552621" >
      <name>rte1_1281</name>
      <ele>240.00</ele>
    </rtept>
    <rtept lat="45.47412773" lon="15.24561596" >
      <name>rte1_1282</name>
      <ele>240.00</ele>
    </rtept>
    <rtept lat="45.47418601" lon="15.24571214" >
      <name>rte1_1283</name>
      <ele>240.00</ele>
    </rtept>
    <rtept lat="45.47421741" lon="15.24575704" >
      <name>rte1_1284</name>
      <ele>240.00</ele>
    </rtept>
    <rtept lat="45.47424879" lon="15.24580834" >
      <name>rte1_1285</name>
      <ele>240.00</ele>
    </rtept>
    <rtept lat="45.47428018" lon="15.24585964" >
      <name>rte1_1286</name>
      <ele>240.00</ele>
    </rtept>
    <rtept lat="45.47432055" lon="15.24591737" >
      <name>rte1_1287</name>
      <ele>240.00</ele>
    </rtept>
    <rtept lat="45.47435194" lon="15.24596227" >
      <name>rte1_1288</name>
      <ele>240.00</ele>
    </rtept>
    <rtept lat="45.47438784" lon="15.24600720" >
      <name>rte1_1289</name>
      <ele>240.00</ele>
    </rtept>
    <rtept lat="45.47441924" lon="15.24605210" >
      <name>rte1_1290</name>
      <ele>240.00</ele>
    </rtept>
    <rtept lat="45.47445514" lon="15.24609702" >
      <name>rte1_1291</name>
      <ele>240.00</ele>
    </rtept>
    <rtept lat="45.47452247" lon="15.24616766" >
      <name>rte1_1292</name>
      <ele>240.00</ele>
    </rtept>
    <rtept lat="45.47459431" lon="15.24623833" >
      <name>rte1_1293</name>
      <ele>240.00</ele>
    </rtept>
    <rtept lat="45.47466167" lon="15.24629618" >
      <name>rte1_1294</name>
      <ele>240.00</ele>
    </rtept>
    <rtept lat="45.47472905" lon="15.24634763" >
      <name>rte1_1295</name>
      <ele>240.00</ele>
    </rtept>
    <rtept lat="45.47479642" lon="15.24639909" >
      <name>rte1_1296</name>
      <ele>241.67</ele>
    </rtept>
    <rtept lat="45.47486830" lon="15.24645057" >
      <name>rte1_1297</name>
      <ele>241.67</ele>
    </rtept>
    <rtept lat="45.47493569" lon="15.24649563" >
      <name>rte1_1298</name>
      <ele>241.67</ele>
    </rtept>
    <rtept lat="45.47500758" lon="15.24654071" >
      <name>rte1_1299</name>
      <ele>247.88</ele>
    </rtept>
    <rtept lat="45.47507946" lon="15.24659219" >
      <name>rte1_1300</name>
      <ele>250.00</ele>
    </rtept>
    <rtept lat="45.47514684" lon="15.24664365" >
      <name>rte1_1301</name>
      <ele>250.00</ele>
    </rtept>
    <rtept lat="45.47521870" lon="15.24670152" >
      <name>rte1_1302</name>
      <ele>250.00</ele>
    </rtept>
    <rtept lat="45.47529505" lon="15.24676581" >
      <name>rte1_1303</name>
      <ele>254.29</ele>
    </rtept>
    <rtept lat="45.47536687" lon="15.24684287" >
      <name>rte1_1304</name>
      <ele>254.29</ele>
    </rtept>
    <rtept lat="45.47540278" lon="15.24688139" >
      <name>rte1_1305</name>
      <ele>254.29</ele>
    </rtept>
    <rtept lat="45.47544317" lon="15.24692634" >
      <name>rte1_1306</name>
      <ele>260.00</ele>
    </rtept>
    <rtept lat="45.47546957" lon="15.24720145" >
      <name>rte1_1307</name>
      <ele>260.00</ele>
    </rtept>
    <rtept lat="45.47542371" lon="15.24759775" >
      <name>rte1_1308</name>
      <ele>260.00</ele>
    </rtept>
    <rtept lat="45.47542799" lon="15.24770009" >
      <name>rte1_1309</name>
      <ele>260.00</ele>
    </rtept>
    <rtept lat="45.47542778" lon="15.24779602" >
      <name>rte1_1310</name>
      <ele>260.00</ele>
    </rtept>
    <rtept lat="45.47542307" lon="15.24789193" >
      <name>rte1_1311</name>
      <ele>260.00</ele>
    </rtept>
    <rtept lat="45.47541836" lon="15.24798784" >
      <name>rte1_1312</name>
      <ele>260.00</ele>
    </rtept>
    <rtept lat="45.47540467" lon="15.24807731" >
      <name>rte1_1313</name>
      <ele>260.00</ele>
    </rtept>
    <rtept lat="45.47539099" lon="15.24816038" >
      <name>rte1_1314</name>
      <ele>260.00</ele>
    </rtept>
    <rtept lat="45.47536831" lon="15.24824342" >
      <name>rte1_1315</name>
      <ele>260.00</ele>
    </rtept>
    <rtept lat="45.47534563" lon="15.24832646" >
      <name>rte1_1316</name>
      <ele>260.00</ele>
    </rtept>
    <rtept lat="45.47531847" lon="15.24840308" >
      <name>rte1_1317</name>
      <ele>260.00</ele>
    </rtept>
    <rtept lat="45.47528682" lon="15.24847329" >
      <name>rte1_1318</name>
      <ele>260.00</ele>
    </rtept>
    <rtept lat="45.47524617" lon="15.24854346" >
      <name>rte1_1319</name>
      <ele>257.37</ele>
    </rtept>
    <rtept lat="45.47520552" lon="15.24861362" >
      <name>rte1_1320</name>
      <ele>260.79</ele>
    </rtept>
    <rtept lat="45.47516039" lon="15.24867738" >
      <name>rte1_1321</name>
      <ele>260.79</ele>
    </rtept>
    <rtept lat="45.47510627" lon="15.24873469" >
      <name>rte1_1322</name>
      <ele>260.79</ele>
    </rtept>
    <rtept lat="45.47505216" lon="15.24879201" >
      <name>rte1_1323</name>
      <ele>260.79</ele>
    </rtept>
    <rtept lat="45.47499354" lon="15.24884931" >
      <name>rte1_1324</name>
      <ele>256.49</ele>
    </rtept>
    <rtept lat="45.47493045" lon="15.24889379" >
      <name>rte1_1325</name>
      <ele>260.42</ele>
    </rtept>
    <rtept lat="45.47487635" lon="15.24894471" >
      <name>rte1_1326</name>
      <ele>260.42</ele>
    </rtept>
    <rtept lat="45.47482226" lon="15.24898924" >
      <name>rte1_1327</name>
      <ele>260.42</ele>
    </rtept>
    <rtept lat="45.47477266" lon="15.24904018" >
      <name>rte1_1328</name>
      <ele>260.42</ele>
    </rtept>
    <rtept lat="45.47472307" lon="15.24908473" >
      <name>rte1_1329</name>
      <ele>263.61</ele>
    </rtept>
    <rtept lat="45.47467799" lon="15.24912290" >
      <name>rte1_1330</name>
      <ele>263.61</ele>
    </rtept>
    <rtept lat="45.47463290" lon="15.24916746" >
      <name>rte1_1331</name>
      <ele>260.00</ele>
    </rtept>
    <rtept lat="45.47458781" lon="15.24921203" >
      <name>rte1_1332</name>
      <ele>260.00</ele>
    </rtept>
    <rtept lat="45.47454273" lon="15.24925020" >
      <name>rte1_1333</name>
      <ele>260.00</ele>
    </rtept>
    <rtept lat="45.47449766" lon="15.24928837" >
      <name>rte1_1334</name>
      <ele>260.00</ele>
    </rtept>
    <rtept lat="45.47444807" lon="15.24933292" >
      <name>rte1_1335</name>
      <ele>260.00</ele>
    </rtept>
    <rtept lat="45.47439849" lon="15.24937107" >
      <name>rte1_1336</name>
      <ele>260.00</ele>
    </rtept>
    <rtept lat="45.47434891" lon="15.24940922" >
      <name>rte1_1337</name>
      <ele>260.00</ele>
    </rtept>
    <rtept lat="45.47429033" lon="15.24945372" >
      <name>rte1_1338</name>
      <ele>260.00</ele>
    </rtept>
    <rtept lat="45.47423175" lon="15.24949183" >
      <name>rte1_1339</name>
      <ele>260.00</ele>
    </rtept>
    <rtept lat="45.47417316" lon="15.24953634" >
      <name>rte1_1340</name>
      <ele>260.00</ele>
    </rtept>
    <rtept lat="45.47410558" lon="15.24958080" >
      <name>rte1_1341</name>
      <ele>260.00</ele>
    </rtept>
    <rtept lat="45.47404247" lon="15.24963168" >
      <name>rte1_1342</name>
      <ele>262.22</ele>
    </rtept>
    <rtept lat="45.47399285" lon="15.24968902" >
      <name>rte1_1343</name>
      <ele>262.22</ele>
    </rtept>
    <rtept lat="45.47394772" lon="15.24975277" >
      <name>rte1_1344</name>
      <ele>262.22</ele>
    </rtept>
    <rtept lat="45.47391157" lon="15.24982295" >
      <name>rte1_1345</name>
      <ele>260.94</ele>
    </rtept>
    <rtept lat="45.47387991" lon="15.24989955" >
      <name>rte1_1346</name>
      <ele>260.94</ele>
    </rtept>
    <rtept lat="45.47385270" lon="15.24999535" >
      <name>rte1_1347</name>
      <ele>264.51</ele>
    </rtept>
    <rtept lat="45.47383448" lon="15.25009759" >
      <name>rte1_1348</name>
      <ele>262.16</ele>
    </rtept>
    <rtept lat="45.47382084" lon="15.25016148" >
      <name>rte1_1349</name>
      <ele>262.16</ele>
    </rtept>
    <rtept lat="45.47380719" lon="15.25023177" >
      <name>rte1_1350</name>
      <ele>262.16</ele>
    </rtept>
    <rtept lat="45.47379805" lon="15.25029568" >
      <name>rte1_1351</name>
      <ele>262.16</ele>
    </rtept>
    <rtept lat="45.47378891" lon="15.25035959" >
      <name>rte1_1352</name>
      <ele>262.16</ele>
    </rtept>
    <rtept lat="45.47376614" lon="15.25048099" >
      <name>rte1_1353</name>
      <ele>262.61</ele>
    </rtept>
    <rtept lat="45.47374339" lon="15.25059600" >
      <name>rte1_1354</name>
      <ele>262.61</ele>
    </rtept>
    <rtept lat="45.47371614" lon="15.25071099" >
      <name>rte1_1355</name>
      <ele>262.61</ele>
    </rtept>
    <rtept lat="45.47369342" lon="15.25081321" >
      <name>rte1_1356</name>
      <ele>265.00</ele>
    </rtept>
    <rtept lat="45.47367068" lon="15.25092182" >
      <name>rte1_1357</name>
      <ele>265.00</ele>
    </rtept>
    <rtept lat="45.47364346" lon="15.25102402" >
      <name>rte1_1358</name>
      <ele>265.00</ele>
    </rtept>
    <rtept lat="45.47361624" lon="15.25112622" >
      <name>rte1_1359</name>
      <ele>265.00</ele>
    </rtept>
    <rtept lat="45.47358902" lon="15.25122842" >
      <name>rte1_1360</name>
      <ele>265.00</ele>
    </rtept>
    <rtept lat="45.47355730" lon="15.25133059" >
      <name>rte1_1361</name>
      <ele>265.00</ele>
    </rtept>
    <rtept lat="45.47352556" lon="15.25143917" >
      <name>rte1_1362</name>
      <ele>267.10</ele>
    </rtept>
    <rtept lat="45.47348933" lon="15.25154772" >
      <name>rte1_1363</name>
      <ele>267.10</ele>
    </rtept>
    <rtept lat="45.47345308" lon="15.25166267" >
      <name>rte1_1364</name>
      <ele>267.10</ele>
    </rtept>
    <rtept lat="45.47343495" lon="15.25172014" >
      <name>rte1_1365</name>
      <ele>270.00</ele>
    </rtept>
    <rtept lat="45.47341681" lon="15.25178401" >
      <name>rte1_1366</name>
      <ele>270.00</ele>
    </rtept>
    <rtept lat="45.47339419" lon="15.25184146" >
      <name>rte1_1367</name>
      <ele>271.80</ele>
    </rtept>
    <rtept lat="45.47337604" lon="15.25191173" >
      <name>rte1_1368</name>
      <ele>271.80</ele>
    </rtept>
    <rtept lat="45.47335340" lon="15.25197557" >
      <name>rte1_1369</name>
      <ele>271.80</ele>
    </rtept>
    <rtept lat="45.47333076" lon="15.25203942" >
      <name>rte1_1370</name>
      <ele>270.00</ele>
    </rtept>
    <rtept lat="45.47331263" lon="15.25209690" >
      <name>rte1_1371</name>
      <ele>270.00</ele>
    </rtept>
    <rtept lat="45.47329000" lon="15.25216074" >
      <name>rte1_1372</name>
      <ele>270.00</ele>
    </rtept>
    <rtept lat="45.47326736" lon="15.25222459" >
      <name>rte1_1373</name>
      <ele>270.00</ele>
    </rtept>
    <rtept lat="45.47324923" lon="15.25228207" >
      <name>rte1_1374</name>
      <ele>270.00</ele>
    </rtept>
    <rtept lat="45.47322661" lon="15.25233952" >
      <name>rte1_1375</name>
      <ele>270.00</ele>
    </rtept>
    <rtept lat="45.47320398" lon="15.25239697" >
      <name>rte1_1376</name>
      <ele>270.00</ele>
    </rtept>
    <rtept lat="45.47315875" lon="15.25250548" >
      <name>rte1_1377</name>
      <ele>270.00</ele>
    </rtept>
    <rtept lat="45.47311352" lon="15.25261399" >
      <name>rte1_1378</name>
      <ele>270.00</ele>
    </rtept>
    <rtept lat="45.47306381" lon="15.25270969" >
      <name>rte1_1379</name>
      <ele>270.65</ele>
    </rtept>
    <rtept lat="45.47301410" lon="15.25280539" >
      <name>rte1_1380</name>
      <ele>270.65</ele>
    </rtept>
    <rtept lat="45.47295993" lon="15.25288828" >
      <name>rte1_1381</name>
      <ele>270.65</ele>
    </rtept>
    <rtept lat="45.47290125" lon="15.25297115" >
      <name>rte1_1382</name>
      <ele>278.03</ele>
    </rtept>
    <rtept lat="45.47283362" lon="15.25303480" >
      <name>rte1_1383</name>
      <ele>278.03</ele>
    </rtept>
    <rtept lat="45.47276599" lon="15.25309844" >
      <name>rte1_1384</name>
      <ele>278.03</ele>
    </rtept>
    <rtept lat="45.47268939" lon="15.25314926" >
      <name>rte1_1385</name>
      <ele>279.00</ele>
    </rtept>
    <rtept lat="45.47260830" lon="15.25319365" >
      <name>rte1_1386</name>
      <ele>279.00</ele>
    </rtept>
    <rtept lat="45.47252276" lon="15.25321885" >
      <name>rte1_1387</name>
      <ele>279.00</ele>
    </rtept>
    <rtept lat="45.47247324" lon="15.25323142" >
      <name>rte1_1388</name>
      <ele>280.00</ele>
    </rtept>
    <rtept lat="45.47242822" lon="15.25324400" >
      <name>rte1_1389</name>
      <ele>280.00</ele>
    </rtept>
    <rtept lat="45.47237421" lon="15.25325015" >
      <name>rte1_1390</name>
      <ele>280.00</ele>
    </rtept>
    <rtept lat="45.47232022" lon="15.25324991" >
      <name>rte1_1391</name>
      <ele>280.00</ele>
    </rtept>
    <rtept lat="45.47226622" lon="15.25325606" >
      <name>rte1_1392</name>
      <ele>285.65</ele>
    </rtept>
    <rtept lat="45.47220773" lon="15.25325580" >
      <name>rte1_1393</name>
      <ele>285.65</ele>
    </rtept>
    <rtept lat="45.47215372" lon="15.25326195" >
      <name>rte1_1394</name>
      <ele>285.65</ele>
    </rtept>
    <rtept lat="45.47209523" lon="15.25326168" >
      <name>rte1_1395</name>
      <ele>285.65</ele>
    </rtept>
    <rtept lat="45.47204124" lon="15.25326144" >
      <name>rte1_1396</name>
      <ele>291.43</ele>
    </rtept>
    <rtept lat="45.47198725" lon="15.25326120" >
      <name>rte1_1397</name>
      <ele>291.43</ele>
    </rtept>
    <rtept lat="45.47192876" lon="15.25326093" >
      <name>rte1_1398</name>
      <ele>291.43</ele>
    </rtept>
    <rtept lat="45.47187476" lon="15.25326708" >
      <name>rte1_1399</name>
      <ele>291.43</ele>
    </rtept>
    <rtept lat="45.47182076" lon="15.25326684" >
      <name>rte1_1400</name>
      <ele>294.76</ele>
    </rtept>
    <rtept lat="45.47176677" lon="15.25326660" >
      <name>rte1_1401</name>
      <ele>294.76</ele>
    </rtept>
    <rtept lat="45.47171277" lon="15.25327275" >
      <name>rte1_1402</name>
      <ele>292.28</ele>
    </rtept>
    <rtept lat="45.47166326" lon="15.25327892" >
      <name>rte1_1403</name>
      <ele>292.28</ele>
    </rtept>
    <rtept lat="45.47160926" lon="15.25328507" >
      <name>rte1_1404</name>
      <ele>292.28</ele>
    </rtept>
    <rtept lat="45.47156425" lon="15.25329126" >
      <name>rte1_1405</name>
      <ele>295.00</ele>
    </rtept>
    <rtept lat="45.47151473" lon="15.25330383" >
      <name>rte1_1406</name>
      <ele>295.00</ele>
    </rtept>
    <rtept lat="45.47146971" lon="15.25331642" >
      <name>rte1_1407</name>
      <ele>295.00</ele>
    </rtept>
    <rtept lat="45.47142469" lon="15.25332900" >
      <name>rte1_1408</name>
      <ele>295.00</ele>
    </rtept>
    <rtept lat="45.47137965" lon="15.25334798" >
      <name>rte1_1409</name>
      <ele>295.66</ele>
    </rtept>
    <rtept lat="45.47130307" lon="15.25339240" >
      <name>rte1_1410</name>
      <ele>295.66</ele>
    </rtept>
    <rtept lat="45.47123544" lon="15.25345604" >
      <name>rte1_1411</name>
      <ele>295.66</ele>
    </rtept>
    <rtept lat="45.47118127" lon="15.25353253" >
      <name>rte1_1412</name>
      <ele>295.66</ele>
    </rtept>
    <rtept lat="45.47113607" lon="15.25362825" >
      <name>rte1_1413</name>
      <ele>297.66</ele>
    </rtept>
    <rtept lat="45.47110431" lon="15.25374321" >
      <name>rte1_1414</name>
      <ele>297.66</ele>
    </rtept>
    <rtept lat="45.47109517" lon="15.25380712" >
      <name>rte1_1415</name>
      <ele>297.66</ele>
    </rtept>
    <rtept lat="45.47109050" lon="15.25388383" >
      <name>rte1_1416</name>
      <ele>297.66</ele>
    </rtept>
    <rtept lat="45.47108583" lon="15.25396055" >
      <name>rte1_1417</name>
      <ele>305.99</ele>
    </rtept>
    <rtept lat="45.47108116" lon="15.25403727" >
      <name>rte1_1418</name>
      <ele>305.99</ele>
    </rtept>
    <rtept lat="45.47107650" lon="15.25410759" >
      <name>rte1_1419</name>
      <ele>305.99</ele>
    </rtept>
    <rtept lat="45.47107185" lon="15.25417791" >
      <name>rte1_1420</name>
      <ele>305.99</ele>
    </rtept>
    <rtept lat="45.47106719" lon="15.25424823" >
      <name>rte1_1421</name>
      <ele>308.63</ele>
    </rtept>
    <rtept lat="45.47106253" lon="15.25431855" >
      <name>rte1_1422</name>
      <ele>308.63</ele>
    </rtept>
    <rtept lat="45.47105787" lon="15.25438887" >
      <name>rte1_1423</name>
      <ele>308.63</ele>
    </rtept>
    <rtept lat="45.47105323" lon="15.25445280" >
      <name>rte1_1424</name>
      <ele>308.63</ele>
    </rtept>
    <rtept lat="45.47104409" lon="15.25451670" >
      <name>rte1_1425</name>
      <ele>308.63</ele>
    </rtept>
    <rtept lat="45.47103945" lon="15.25458063" >
      <name>rte1_1426</name>
      <ele>309.38</ele>
    </rtept>
    <rtept lat="45.47102568" lon="15.25470207" >
      <name>rte1_1427</name>
      <ele>309.38</ele>
    </rtept>
    <rtept lat="45.47100741" lon="15.25482348" >
      <name>rte1_1428</name>
      <ele>309.38</ele>
    </rtept>
    <rtept lat="45.47098914" lon="15.25494490" >
      <name>rte1_1429</name>
      <ele>308.40</ele>
    </rtept>
    <rtept lat="45.47096638" lon="15.25505990" >
      <name>rte1_1430</name>
      <ele>308.40</ele>
    </rtept>
    <rtept lat="45.47093913" lon="15.25517488" >
      <name>rte1_1431</name>
      <ele>308.40</ele>
    </rtept>
    <rtept lat="45.47091187" lon="15.25528986" >
      <name>rte1_1432</name>
      <ele>314.20</ele>
    </rtept>
    <rtept lat="45.47089375" lon="15.25534733" >
      <name>rte1_1433</name>
      <ele>314.20</ele>
    </rtept>
    <rtept lat="45.47087561" lon="15.25541120" >
      <name>rte1_1434</name>
      <ele>314.20</ele>
    </rtept>
    <rtept lat="45.47085748" lon="15.25546867" >
      <name>rte1_1435</name>
      <ele>314.20</ele>
    </rtept>
    <rtept lat="45.47083484" lon="15.25553251" >
      <name>rte1_1436</name>
      <ele>320.00</ele>
    </rtept>
    <rtept lat="45.47081671" lon="15.25558998" >
      <name>rte1_1437</name>
      <ele>320.00</ele>
    </rtept>
    <rtept lat="45.47079407" lon="15.25565382" >
      <name>rte1_1438</name>
      <ele>320.00</ele>
    </rtept>
    <rtept lat="45.47076693" lon="15.25571765" >
      <name>rte1_1439</name>
      <ele>320.00</ele>
    </rtept>
    <rtept lat="45.47074429" lon="15.25578149" >
      <name>rte1_1440</name>
      <ele>320.00</ele>
    </rtept>
    <rtept lat="45.47071715" lon="15.25584531" >
      <name>rte1_1441</name>
      <ele>312.35</ele>
    </rtept>
    <rtept lat="45.47069000" lon="15.25591553" >
      <name>rte1_1442</name>
      <ele>318.10</ele>
    </rtept>
    <rtept lat="45.47065382" lon="15.25599850" >
      <name>rte1_1443</name>
      <ele>318.10</ele>
    </rtept>
    <rtept lat="45.47061763" lon="15.25608146" >
      <name>rte1_1444</name>
      <ele>318.10</ele>
    </rtept>
    <rtept lat="45.47059047" lon="15.25615808" >
      <name>rte1_1445</name>
      <ele>312.50</ele>
    </rtept>
    <rtept lat="45.47055878" lon="15.25624106" >
      <name>rte1_1446</name>
      <ele>312.50</ele>
    </rtept>
    <rtept lat="45.47053161" lon="15.25631767" >
      <name>rte1_1447</name>
      <ele>312.50</ele>
    </rtept>
    <rtept lat="45.47050445" lon="15.25639429" >
      <name>rte1_1448</name>
      <ele>312.50</ele>
    </rtept>
    <rtept lat="45.47048178" lon="15.25647092" >
      <name>rte1_1449</name>
      <ele>315.15</ele>
    </rtept>
    <rtept lat="45.47045911" lon="15.25654755" >
      <name>rte1_1450</name>
      <ele>321.11</ele>
    </rtept>
    <rtept lat="45.47043645" lon="15.25661779" >
      <name>rte1_1451</name>
      <ele>321.11</ele>
    </rtept>
    <rtept lat="45.47041378" lon="15.25669442" >
      <name>rte1_1452</name>
      <ele>321.11</ele>
    </rtept>
    <rtept lat="45.47039562" lon="15.25676468" >
      <name>rte1_1453</name>
      <ele>321.11</ele>
    </rtept>
    <rtept lat="45.47037297" lon="15.25683492" >
      <name>rte1_1454</name>
      <ele>323.06</ele>
    </rtept>
    <rtept lat="45.47035481" lon="15.25690517" >
      <name>rte1_1455</name>
      <ele>323.06</ele>
    </rtept>
    <rtept lat="45.47033216" lon="15.25697541" >
      <name>rte1_1456</name>
      <ele>323.06</ele>
    </rtept>
    <rtept lat="45.47031400" lon="15.25704567" >
      <name>rte1_1457</name>
      <ele>323.06</ele>
    </rtept>
    <rtept lat="45.47029583" lon="15.25712232" >
      <name>rte1_1458</name>
      <ele>328.48</ele>
    </rtept>
    <rtept lat="45.46957187" lon="15.25693356" >
      <name>rte1_1459</name>
      <ele>310.00</ele>
    </rtept>
    <rtept lat="45.46939218" lon="15.25681125" >
      <name>rte1_1460</name>
      <ele>310.00</ele>
    </rtept>
    <rtept lat="45.46927542" lon="15.25671479" >
      <name>rte1_1461</name>
      <ele>310.00</ele>
    </rtept>
    <rtept lat="45.46916787" lon="15.25652247" >
      <name>rte1_1462</name>
      <ele>310.00</ele>
    </rtept>
    <rtept lat="45.46905589" lon="15.25629815" >
      <name>rte1_1463</name>
      <ele>285.64</ele>
    </rtept>
    <rtept lat="45.46896627" lon="15.25613788" >
      <name>rte1_1464</name>
      <ele>285.64</ele>
    </rtept>
    <rtept lat="45.46887222" lon="15.25594561" >
      <name>rte1_1465</name>
      <ele>280.00</ele>
    </rtept>
    <rtept lat="45.46880523" lon="15.25572150" >
      <name>rte1_1466</name>
      <ele>283.83</ele>
    </rtept>
    <rtept lat="45.46872011" lon="15.25556125" >
      <name>rte1_1467</name>
      <ele>283.83</ele>
    </rtept>
    <rtept lat="45.46856307" lon="15.25536870" >
      <name>rte1_1468</name>
      <ele>277.93</ele>
    </rtept>
    <rtept lat="45.46840181" lon="15.25504825" >
      <name>rte1_1469</name>
      <ele>269.00</ele>
    </rtept>
    <rtept lat="45.46822647" lon="15.25498990" >
      <name>rte1_1470</name>
      <ele>259.77</ele>
    </rtept>
    <rtept lat="45.46795573" lon="15.25534036" >
      <name>rte1_1471</name>
      <ele>250.00</ele>
    </rtept>
    <rtept lat="45.46791513" lon="15.25538494" >
      <name>rte1_1472</name>
      <ele>250.00</ele>
    </rtept>
    <rtept lat="45.46787902" lon="15.25543593" >
      <name>rte1_1473</name>
      <ele>250.00</ele>
    </rtept>
    <rtept lat="45.46781586" lon="15.25551238" >
      <name>rte1_1474</name>
      <ele>240.00</ele>
    </rtept>
    <rtept lat="45.46775723" lon="15.25557605" >
      <name>rte1_1475</name>
      <ele>240.00</ele>
    </rtept>
    <rtept lat="45.46770311" lon="15.25563336" >
      <name>rte1_1476</name>
      <ele>240.00</ele>
    </rtept>
    <rtept lat="45.46764000" lon="15.25568422" >
      <name>rte1_1477</name>
      <ele>240.00</ele>
    </rtept>
    <rtept lat="45.46757690" lon="15.25573509" >
      <name>rte1_1478</name>
      <ele>240.00</ele>
    </rtept>
    <rtept lat="45.46750030" lon="15.25578590" >
      <name>rte1_1479</name>
      <ele>233.23</ele>
    </rtept>
    <rtept lat="45.46745525" lon="15.25581127" >
      <name>rte1_1480</name>
      <ele>230.00</ele>
    </rtept>
    <rtept lat="45.46741018" lon="15.25584303" >
      <name>rte1_1481</name>
      <ele>230.00</ele>
    </rtept>
    <rtept lat="45.46721634" lon="15.25600840" >
      <name>rte1_1482</name>
      <ele>225.00</ele>
    </rtept>
    <rtept lat="45.46718011" lon="15.25611055" >
      <name>rte1_1483</name>
      <ele>225.00</ele>
    </rtept>
    <rtept lat="45.46710761" lon="15.25634041" >
      <name>rte1_1484</name>
      <ele>220.00</ele>
    </rtept>
    <rtept lat="45.46698995" lon="15.25664040" >
      <name>rte1_1485</name>
      <ele>212.76</ele>
    </rtept>
    <rtept lat="45.46679648" lon="15.25663952" >
      <name>rte1_1486</name>
      <ele>210.00</ele>
    </rtept>
    <rtept lat="45.46663935" lon="15.25648534" >
      <name>rte1_1487</name>
      <ele>206.60</ele>
    </rtept>
    <rtept lat="45.46643741" lon="15.25625423" >
      <name>rte1_1488</name>
      <ele>209.00</ele>
    </rtept>
    <rtept lat="45.46637903" lon="15.25620281" >
      <name>rte1_1489</name>
      <ele>204.70</ele>
    </rtept>
    <rtept lat="45.46632513" lon="15.25616419" >
      <name>rte1_1490</name>
      <ele>204.70</ele>
    </rtept>
    <rtept lat="45.46626672" lon="15.25612556" >
      <name>rte1_1491</name>
      <ele>204.70</ele>
    </rtept>
    <rtept lat="45.46620829" lon="15.25609972" >
      <name>rte1_1492</name>
      <ele>207.80</ele>
    </rtept>
    <rtept lat="45.46614986" lon="15.25607388" >
      <name>rte1_1493</name>
      <ele>202.20</ele>
    </rtept>
    <rtept lat="45.46608690" lon="15.25606080" >
      <name>rte1_1494</name>
      <ele>202.20</ele>
    </rtept>
    <rtept lat="45.46602844" lon="15.25604775" >
      <name>rte1_1495</name>
      <ele>202.20</ele>
    </rtept>
    <rtept lat="45.46596995" lon="15.25604748" >
      <name>rte1_1496</name>
      <ele>200.00</ele>
    </rtept>
    <rtept lat="45.46590696" lon="15.25604719" >
      <name>rte1_1497</name>
      <ele>200.00</ele>
    </rtept>
    <rtept lat="45.46584394" lon="15.25605969" >
      <name>rte1_1498</name>
      <ele>200.00</ele>
    </rtept>
    <rtept lat="45.46578092" lon="15.25607219" >
      <name>rte1_1499</name>
      <ele>200.00</ele>
    </rtept>
    <rtept lat="45.46572239" lon="15.25609111" >
      <name>rte1_1500</name>
      <ele>200.00</ele>
    </rtept>
    <rtept lat="45.46565933" lon="15.25612279" >
      <name>rte1_1501</name>
      <ele>200.00</ele>
    </rtept>
    <rtept lat="45.46559626" lon="15.25615448" >
      <name>rte1_1502</name>
      <ele>200.00</ele>
    </rtept>
    <rtept lat="45.46553317" lon="15.25619895" >
      <name>rte1_1503</name>
      <ele>200.00</ele>
    </rtept>
    <rtept lat="45.46547457" lon="15.25624983" >
      <name>rte1_1504</name>
      <ele>198.50</ele>
    </rtept>
    <rtept lat="45.46540695" lon="15.25630707" >
      <name>rte1_1505</name>
      <ele>198.50</ele>
    </rtept>
    <rtept lat="45.46535280" lon="15.25637716" >
      <name>rte1_1506</name>
      <ele>198.50</ele>
    </rtept>
    <rtept lat="45.46531215" lon="15.25644731" >
      <name>rte1_1507</name>
      <ele>198.20</ele>
    </rtept>
    <rtept lat="45.46528048" lon="15.25652389" >
      <name>rte1_1508</name>
      <ele>197.60</ele>
    </rtept>
    <rtept lat="45.46525780" lon="15.25660691" >
      <name>rte1_1509</name>
      <ele>197.60</ele>
    </rtept>
    <rtept lat="45.46524409" lon="15.25669636" >
      <name>rte1_1510</name>
      <ele>197.60</ele>
    </rtept>
    <rtept lat="45.46523039" lon="15.25678582" >
      <name>rte1_1511</name>
      <ele>196.90</ele>
    </rtept>
    <rtept lat="45.46522568" lon="15.25688171" >
      <name>rte1_1512</name>
      <ele>196.90</ele>
    </rtept>
    <rtept lat="45.46522095" lon="15.25698399" >
      <name>rte1_1513</name>
      <ele>196.90</ele>
    </rtept>
    <rtept lat="45.46521622" lon="15.25708627" >
      <name>rte1_1514</name>
      <ele>196.20</ele>
    </rtept>
    <rtept lat="45.46521598" lon="15.25718858" >
      <name>rte1_1515</name>
      <ele>196.20</ele>
    </rtept>
    <rtept lat="45.46521125" lon="15.25729086" >
      <name>rte1_1516</name>
      <ele>196.20</ele>
    </rtept>
    <rtept lat="45.46520201" lon="15.25739952" >
      <name>rte1_1517</name>
      <ele>195.90</ele>
    </rtept>
    <rtept lat="45.46518826" lon="15.25750815" >
      <name>rte1_1518</name>
      <ele>195.90</ele>
    </rtept>
    <rtept lat="45.46516552" lon="15.25761675" >
      <name>rte1_1519</name>
      <ele>195.90</ele>
    </rtept>
    <rtept lat="45.46514278" lon="15.25772534" >
      <name>rte1_1520</name>
      <ele>195.50</ele>
    </rtept>
    <rtept lat="45.46509758" lon="15.25781465" >
      <name>rte1_1521</name>
      <ele>195.50</ele>
    </rtept>
    <rtept lat="45.46504344" lon="15.25787834" >
      <name>rte1_1522</name>
      <ele>195.70</ele>
    </rtept>
    <rtept lat="45.46498034" lon="15.25792921" >
      <name>rte1_1523</name>
      <ele>195.70</ele>
    </rtept>
    <rtept lat="45.46490825" lon="15.25797363" >
      <name>rte1_1524</name>
      <ele>195.70</ele>
    </rtept>
    <rtept lat="45.46487687" lon="15.25792234" >
      <name>rte1_1525</name>
      <ele>195.70</ele>
    </rtept>
    <rtept lat="45.46484549" lon="15.25787104" >
      <name>rte1_1526</name>
      <ele>196.20</ele>
    </rtept>
    <rtept lat="45.46479172" lon="15.25777488" >
      <name>rte1_1527</name>
      <ele>196.20</ele>
    </rtept>
    <rtept lat="45.46473342" lon="15.25769150" >
      <name>rte1_1528</name>
      <ele>196.10</ele>
    </rtept>
    <rtept lat="45.46467962" lon="15.25760813" >
      <name>rte1_1529</name>
      <ele>196.10</ele>
    </rtept>
    <rtept lat="45.46462579" lon="15.25753755" >
      <name>rte1_1530</name>
      <ele>196.10</ele>
    </rtept>
    <rtept lat="45.46457647" lon="15.25746059" >
      <name>rte1_1531</name>
      <ele>196.40</ele>
    </rtept>
    <rtept lat="45.46452262" lon="15.25739640" >
      <name>rte1_1532</name>
      <ele>196.40</ele>
    </rtept>
    <rtept lat="45.46446878" lon="15.25733222" >
      <name>rte1_1533</name>
      <ele>195.90</ele>
    </rtept>
    <rtept lat="45.46441493" lon="15.25726803" >
      <name>rte1_1534</name>
      <ele>195.90</ele>
    </rtept>
    <rtept lat="45.46435659" lon="15.25720382" >
      <name>rte1_1535</name>
      <ele>197.90</ele>
    </rtept>
    <rtept lat="45.46429824" lon="15.25713962" >
      <name>rte1_1536</name>
      <ele>197.90</ele>
    </rtept>
    <rtept lat="45.46423988" lon="15.25708181" >
      <name>rte1_1537</name>
      <ele>197.90</ele>
    </rtept>
    <rtept lat="45.46417254" lon="15.25701756" >
      <name>rte1_1538</name>
      <ele>196.80</ele>
    </rtept>
    <rtept lat="45.46410519" lon="15.25695331" >
      <name>rte1_1539</name>
      <ele>196.80</ele>
    </rtept>
    <rtept lat="45.46403335" lon="15.25688904" >
      <name>rte1_1540</name>
      <ele>196.80</ele>
    </rtept>
    <rtept lat="45.46396151" lon="15.25682477" >
      <name>rte1_1541</name>
      <ele>196.80</ele>
    </rtept>
    <rtept lat="45.46388966" lon="15.25676051" >
      <name>rte1_1542</name>
      <ele>197.70</ele>
    </rtept>
    <rtept lat="45.46382679" lon="15.25670907" >
      <name>rte1_1543</name>
      <ele>197.20</ele>
    </rtept>
    <rtept lat="45.46376390" lon="15.25666402" >
      <name>rte1_1544</name>
      <ele>197.20</ele>
    </rtept>
    <rtept lat="45.46370100" lon="15.25662537" >
      <name>rte1_1545</name>
      <ele>198.30</ele>
    </rtept>
    <rtept lat="45.46364260" lon="15.25658674" >
      <name>rte1_1546</name>
      <ele>198.30</ele>
    </rtept>
    <rtept lat="45.46358418" lon="15.25655451" >
      <name>rte1_1547</name>
      <ele>198.30</ele>
    </rtept>
    <rtept lat="45.46352576" lon="15.25652227" >
      <name>rte1_1548</name>
      <ele>198.30</ele>
    </rtept>
    <rtept lat="45.46347184" lon="15.25649005" >
      <name>rte1_1549</name>
      <ele>196.80</ele>
    </rtept>
    <rtept lat="45.46341341" lon="15.25646421" >
      <name>rte1_1550</name>
      <ele>196.80</ele>
    </rtept>
    <rtept lat="45.46335498" lon="15.25643837" >
      <name>rte1_1551</name>
      <ele>196.80</ele>
    </rtept>
    <rtept lat="45.46329206" lon="15.25640611" >
      <name>rte1_1552</name>
      <ele>195.80</ele>
    </rtept>
    <rtept lat="45.46323363" lon="15.25638027" >
      <name>rte1_1553</name>
      <ele>195.00</ele>
    </rtept>
    <rtept lat="45.46317071" lon="15.25634801" >
      <name>rte1_1554</name>
      <ele>195.00</ele>
    </rtept>
    <rtept lat="45.46310331" lon="15.25630934" >
      <name>rte1_1555</name>
      <ele>195.00</ele>
    </rtept>
    <rtept lat="45.46303591" lon="15.25627067" >
      <name>rte1_1556</name>
      <ele>194.61</ele>
    </rtept>
    <rtept lat="45.46296850" lon="15.25623200" >
      <name>rte1_1557</name>
      <ele>194.61</ele>
    </rtept>
    <rtept lat="45.46292360" lon="15.25619344" >
      <name>rte1_1558</name>
      <ele>194.61</ele>
    </rtept>
    <rtept lat="45.46288321" lon="15.25614849" >
      <name>rte1_1559</name>
      <ele>194.61</ele>
    </rtept>
    <rtept lat="45.46284733" lon="15.25609718" >
      <name>rte1_1560</name>
      <ele>194.63</ele>
    </rtept>
    <rtept lat="45.46281596" lon="15.25603949" >
      <name>rte1_1561</name>
      <ele>191.18</ele>
    </rtept>
    <rtept lat="45.46278461" lon="15.25597541" >
      <name>rte1_1562</name>
      <ele>191.18</ele>
    </rtept>
    <rtept lat="45.46276226" lon="15.25591137" >
      <name>rte1_1563</name>
      <ele>191.18</ele>
    </rtept>
    <rtept lat="45.46274002" lon="15.25579618" >
      <name>rte1_1564</name>
      <ele>191.18</ele>
    </rtept>
    <rtept lat="45.46272676" lon="15.25569382" >
      <name>rte1_1565</name>
      <ele>190.56</ele>
    </rtept>
    <rtept lat="45.46271797" lon="15.25559788" >
      <name>rte1_1566</name>
      <ele>190.56</ele>
    </rtept>
    <rtept lat="45.46270916" lon="15.25551472" >
      <name>rte1_1567</name>
      <ele>190.56</ele>
    </rtept>
    <rtept lat="45.46270482" lon="15.25544437" >
      <name>rte1_1568</name>
      <ele>187.73</ele>
    </rtept>
    <rtept lat="45.46218347" lon="15.25519264" >
      <name>rte1_1569</name>
      <ele>185.00</ele>
    </rtept>
    <rtept lat="45.46212501" lon="15.25517959" >
      <name>rte1_1570</name>
      <ele>185.00</ele>
    </rtept>
    <rtept lat="45.46207100" lon="15.25518573" >
      <name>rte1_1571</name>
      <ele>185.00</ele>
    </rtept>
    <rtept lat="45.46201250" lon="15.25519186" >
      <name>rte1_1572</name>
      <ele>185.00</ele>
    </rtept>
    <rtept lat="45.46195400" lon="15.25519799" >
      <name>rte1_1573</name>
      <ele>185.00</ele>
    </rtept>
    <rtept lat="45.46190002" lon="15.25519135" >
      <name>rte1_1574</name>
      <ele>185.00</ele>
    </rtept>
    <rtept lat="45.46185053" lon="15.25519113" >
      <name>rte1_1575</name>
      <ele>185.00</ele>
    </rtept>
    <rtept lat="45.46179655" lon="15.25518449" >
      <name>rte1_1576</name>
      <ele>185.00</ele>
    </rtept>
    <rtept lat="45.46175156" lon="15.25518428" >
      <name>rte1_1577</name>
      <ele>185.00</ele>
    </rtept>
    <rtept lat="45.46170207" lon="15.25518406" >
      <name>rte1_1578</name>
      <ele>185.00</ele>
    </rtept>
    <rtept lat="45.46165257" lon="15.25518383" >
      <name>rte1_1579</name>
      <ele>185.00</ele>
    </rtept>
    <rtept lat="45.46160758" lon="15.25518363" >
      <name>rte1_1580</name>
      <ele>185.00</ele>
    </rtept>
    <rtept lat="45.46155809" lon="15.25518340" >
      <name>rte1_1581</name>
      <ele>185.00</ele>
    </rtept>
    <rtept lat="45.46151310" lon="15.25518320" >
      <name>rte1_1582</name>
      <ele>185.00</ele>
    </rtept>
    <rtept lat="45.46146809" lon="15.25518939" >
      <name>rte1_1583</name>
      <ele>185.00</ele>
    </rtept>
    <rtept lat="45.46137811" lon="15.25518898" >
      <name>rte1_1584</name>
      <ele>185.00</ele>
    </rtept>
    <rtept lat="45.46129261" lon="15.25519498" >
      <name>rte1_1585</name>
      <ele>185.00</ele>
    </rtept>
    <rtept lat="45.46120711" lon="15.25520099" >
      <name>rte1_1586</name>
      <ele>184.40</ele>
    </rtept>
    <rtept lat="45.46112162" lon="15.25520060" >
      <name>rte1_1587</name>
      <ele>184.40</ele>
    </rtept>
    <rtept lat="45.46104062" lon="15.25520663" >
      <name>rte1_1588</name>
      <ele>184.40</ele>
    </rtept>
    <rtept lat="45.46095962" lon="15.25521265" >
      <name>rte1_1589</name>
      <ele>183.50</ele>
    </rtept>
    <rtept lat="45.46087862" lon="15.25521868" >
      <name>rte1_1590</name>
      <ele>183.50</ele>
    </rtept>
    <rtept lat="45.46079762" lon="15.25522470" >
      <name>rte1_1591</name>
      <ele>180.00</ele>
    </rtept>
    <rtept lat="45.46071663" lon="15.25522434" >
      <name>rte1_1592</name>
      <ele>180.00</ele>
    </rtept>
    <rtept lat="45.46063564" lon="15.25522397" >
      <name>rte1_1593</name>
      <ele>180.00</ele>
    </rtept>
    <rtept lat="45.46055914" lon="15.25523001" >
      <name>rte1_1594</name>
      <ele>180.00</ele>
    </rtept>
  </rte>
</gpx>
