url;naslov;pripadnost;vrsta;datum_objave;datum_dogodka;tema;razlog;izsek;lokalna_kopija
https://www.radio-odeon.com/novice/mestno-jedro-v-ritmu-igre-sporta-in-bmx-akrobacij/;Mestno jedro v ritmu igre, športa in BMX akrobacij;Črnomelj;Vabilo;2026-09-19;;Ustno zdravje;V besedilu je izrecno naveden črnomaljski CKZ oziroma nekdanji naziv Bela krajina.;ja, Združenje Europa Donna, Rdeči križ Črnomelj, Center za krepitev zdravja ZD Črnomelj, Hiša sadeži družbe Črnomelj in Mladinski center BIT. Obiskovalci so si z zanimanjem ogledali tudi tematsko fotografsko razstavo Zgodbe mobilnosti skozi objektiv , ki jo je za to priložnost pr;raw/web/zdravstvo-20260919-novice-mestno-jedro-v-ritmu-igre-sporta-in-bmx-akrobacij-272ae1a63.md
https://www.radio-odeon.com/novice/od-srcnega-sprehoda-do-casa-ko-je-svet-nosil-cloveka/;Od srčnega sprehoda do časa, ko je svet nosil človeka;Izločeno;Informativna objava;2026-09-18;;Ozaveščanje o raku;Iskalni zadetek brez potrjene relevantnosti za CKZ.;Od srčnega sprehoda do časa, ko je svet nosil človeka pet., 18.09.2026 ob 17:00 V okviru Evropskega tedna mobilnosti (ETM) so se danes na sprehod po Metliki odpravili tudi s stanovalci tamkajšnjega doma starejših občanov. S skupni;raw/web/zdravstvo-20260919-novice-od-srcnega-sprehoda-do-casa-ko-je-svet-nosil-cloveka-3b5c35d6e.md
https://www.radio-odeon.com/novice/koupatlon-2026-bo-v-soboto-na-metliskem-kopaliscu/;Koupatlon 2026 bo v soboto na metliškem kopališču;Drug center;Vabilo;2026-09-18;;Gibanje;"CKZ Metlika oziroma drug izvajalec; ni dokaza vloge CKZ Črnomelj.";ekmovalno ali rekreativno. Med 10. in 12. uro bo CKZ Metlika pripravil otroški poligon, med 12. in 14. uro pa bo Planinsko društvo Metlika poskrbelo za plezanje oziroma tekmovanje v hitrostnem preklapljanju. Namiznoteniški klub M;raw/web/zdravstvo-20260919-novice-koupatlon-2026-bo-v-soboto-na-metliskem-kopaliscu-04678cadc.md
https://www.radio-odeon.com/novice/minister-matoz-v-crnomlju-z-nacelniki-upravnih-enot/;Minister Matoz v Črnomlju z načelniki upravnih enot;Izločeno;Poročilo / novica;2026-09-17;;Skupnost in splošno zdravje;Iskalni zadetek brez potrjene relevantnosti za CKZ.;Minister Matoz v Črnomlju z načelniki upravnih enot čet., 17.09.2026 ob 10:00 Minister za notranje zadeve in javno upravo Franci Matoz ter državni sekretar Božo Predalič sta se v okviru sredinega delovnega obiska v Beli krajini us;raw/web/zdravstvo-20260919-novice-minister-matoz-v-crnomlju-z-nacelniki-upravnih-enot-6bfcb4a23.md
https://www.radio-odeon.com/novice/kolesarski-izlet-z-metliskimi-policisti/;Kolesarski izlet z metliškimi policisti;Izločeno;Poročilo / novica;2026-09-17;;Ozaveščanje o raku;Iskalni zadetek brez potrjene relevantnosti za CKZ.;Kolesarski izlet z metliškimi policisti čet., 17.09.2026 ob 15:00 V okviru Evropskega tedna športa smo se v torek z učenci 9. razreda OŠ Podzemelj odpravili na kolesarski izlet, pri katerem smo združili gibanje, druženje in ozaveš;raw/web/zdravstvo-20260919-novice-kolesarski-izlet-z-metliskimi-policisti-0a561062b.md
https://www.radio-odeon.com/novice/sprejem-novincev-v-dijasko-skupnost/;Sprejem novincev v tekmovalnem vzdušju;Izločeno;Poročilo / novica;2026-09-16;;Skupnost in splošno zdravje;Iskalni zadetek brez potrjene relevantnosti za CKZ.;Sprejem novincev v tekmovalnem vzdušju sre., 16.09.2026 ob 11:00 Tudi Dijaška skupnost Srednje šole Črnomelj je slovesno sprejela dijake prvih letnikov in jim pripravila nekoliko tekmovalen uvod v njihovo novo šolsko obdobje. Dija;raw/web/zdravstvo-20260919-novice-sprejem-novincev-v-dijasko-skupnost-3aa8ddf55.md
https://www.radio-odeon.com/novice/koliko-korakov-je-od-metlike-do-ljubljane/;Koliko korakov je od Metlike do Ljubljane?;Drug center;Poročilo / novica;2026-09-16;;Ozaveščanje o raku;"CKZ Metlika oziroma drug izvajalec; ni dokaza vloge CKZ Črnomelj.";Podzemelj, predstavniki Društva Šola zdravja ter Centra za krepitev zdravja Zdravstvenega doma Metlika. Skupaj so naredili prve korake v teden, ki bo v občini namenjen predvsem hoji, gibanju, druženju in razmisleku o tem, kako lahko svoje vsakodnevne poti naredimo;raw/web/zdravstvo-20260919-novice-koliko-korakov-je-od-metlike-do-ljubljane-b8c03ebf5.md
https://www.radio-odeon.com/novice/koupatlon-2026-ima-nov-termin-vidimo-se-19-septembra/;Koupatlon 2026 ima nov termin – vidimo se 19. septembra;Drug center;Odpoved / preklic;2026-09-11;;Gibanje;"CKZ Metlika oziroma drug izvajalec; ni dokaza vloge CKZ Črnomelj.";), Prijavnica otroškem poligonu (v sodelovanju s Centrom za krepitev zdravja Metlika), Prijavnica Koupatlončku, zabavnem poligonu, ki ga skupaj premagujeta otrok in starš, Prijavnica Koupatlon je zasnovan kot mini olimpijada, vendar za sodelovanje ni treba bi;raw/web/zdravstvo-20260919-novice-koupatlon-2026-ima-nov-termin-vidimo-se-19-septembra-7f44f7ded.md
https://www.radio-odeon.com/novice/lahko.si-v-crnomlju-nova-znanja-povezovanje-in-aktivno-zivljenje-tudi-po-65-letu/;Lahko.si v Črnomlju: nova znanja, povezovanje in aktivno življenje tudi po 65. letu;Izločeno;Vabilo;2026-09-10;;Ustno zdravje;Iskalni zadetek brez potrjene relevantnosti za CKZ.;Lahko.si v Črnomlju: nova znanja, povezovanje in aktivno življenje tudi po 65. letu čet., 10.09.2026 ob 08:00 Knjižnica Črnomelj je v lokalno okolje prinesla dogodek Lahko si zraven! Starati se aktivno , s katerim je želela starej;raw/web/zdravstvo-20260919-novice-lahko-si-v-crnomlju-nova-znanja-povezovanje-in-aktivno-zivljenje-tudi-po-65-letu-a4b5355c2.md
https://www.radio-odeon.com/novice/koupatlon-2026-casovnica-je-znana-prijave-na-discipline-so-odprte/;Koupatlon 2026: časovnica znana, prijave odprte;Drug center;Poročilo / novica;2026-09-04;;Gibanje;"CKZ Metlika oziroma drug izvajalec; ni dokaza vloge CKZ Črnomelj.";PRIJAVA – TEK/KROS 10.00–12.00 | OTROŠKI POLIGON CKZ Metlika Najmlajše čaka dopoldne gibanja, različnih gibalnih nalog in športnih izzivov. Poligon je zasnovan tako, da otroci skozi igro razvijajo svoje gibalne sposobnosti in p;raw/web/zdravstvo-20260919-novice-koupatlon-2026-casovnica-je-znana-prijave-na-discipline-so-odprte-841bb7dce.md
https://www.radio-odeon.com/novice/povezani-in-pripravljeni-na-naravne-ter-druge-nesrece/;Povezani in pripravljeni na naravne ter druge nesreče;Izločeno;Poročilo / novica;2026-08-25;;Ustno zdravje;Iskalni zadetek brez potrjene relevantnosti za CKZ.;Povezani in pripravljeni na naravne ter druge nesreče tor., 25.08.2026 ob 07:30 Gasilska zveza Črnomelj je v okviru projekta Hitro 2 v Adlešičih pripravila tiskovno konferenco in operativno taktično vajo, na katerih so bili predst;raw/web/zdravstvo-20260919-novice-povezani-in-pripravljeni-na-naravne-ter-druge-nesrece-0326ea95b.md
https://www.radio-odeon.com/novice/kolpa-sotori-igre-in-gasilske-dogodivscine/;Kolpa, šotori, igre in gasilske dogodivščine;Nejasno;Poročilo / novica;2026-08-24;;Gibanje;"Povezava s CKZ Črnomelj ni dovolj izrecna; ne vključujemo v njegovo oceno.";sledil zajtrk. Dopoldne jih je obiskal Center za krepitev zdravja, ki je za mlade gasilce pripravil zanimive in zabavne igre na prostem. Čas je hitro minil tudi ob priljubljeni igri med dvema ognjema in osvežitvi v Kolpi. Udeležen;raw/web/zdravstvo-20260919-novice-kolpa-sotori-igre-in-gasilske-dogodivscine-20c95b018.md
https://www.radio-odeon.com/novice/vloga-inkubatorjev-v-lokalnih-okoljih-in-pomen-koncepta-startup-village/;"Vloga inkubatorjev v lokalnih okoljih in pomen koncepta ""Startup Village""";Izločeno;Poročilo / novica;2026-08-23;;Ustno zdravje;Iskalni zadetek brez potrjene relevantnosti za CKZ.;"Vloga inkubatorjev v lokalnih okoljih in pomen koncepta ""Startup Village"" ned., 23.08.2026 ob 16:00 Podjetništvo in inovacije se pogosto povezujejo z velikimi urbanimi središči, univerzitetnimi mesti, tehnološkimi parki in okolji,";raw/web/zdravstvo-20260919-novice-vloga-inkubatorjev-v-lokalnih-okoljih-in-pomen-koncepta-startup-village-5f2ad0adf.md
https://www.radio-odeon.com/novice/koupatlon-2026-mini-olimpijada-sport-zabava-in-dobra-druzba-ob-kolpi/;Koupatlon 2026 - Mini olimpijada: šport, zabava in dobra družba ob Kolpi;Drug center;Poročilo / novica;2026-08-21;;Gibanje;"CKZ Metlika oziroma drug izvajalec; ni dokaza vloge CKZ Črnomelj.";tni posebnosti, otroškem poligonu v organizaciji Centra za krepitev zdravja Metlika ter zabavnem poligonu za otroke in starše. Najmlajše čakajo tudi različne aktivnosti, skozi ves dan pa ne bo manjkalo glasbe, dobre energije in navijanja. Koupatlon ni namenjen samo osvajanju;raw/web/zdravstvo-20260919-novice-koupatlon-2026-mini-olimpijada-sport-zabava-in-dobra-druzba-ob-kolpi-8a73c9867.md
https://www.radio-odeon.com/sport/okrepitev-v-vratih-bele-krajine/;Okrepitev v vratih Bele krajine;Izločeno;Informativna objava;2026-08-15;;Skupnost in splošno zdravje;Iskalni zadetek brez potrjene relevantnosti za CKZ.;Okrepitev v vratih Bele krajine sob., 15.08.2026 ob 10:00 Nogometni klub Bela krajina je predstavil prvo okrepitev pred začetkom nove sezone v Regionalni ljubljanski ligi. Med vratnici se vrača izkušeni ukrajinski vratar Denys Koz;raw/web/zdravstvo-20260919-sport-okrepitev-v-vratih-bele-krajine-a074ea24a.md
https://www.radio-odeon.com/novice/taksne-jamarke-pa-se-ne/;Takšne jamarke pa še ne!;Izločeno;Informativna objava;2026-08-01;;Skupnost in splošno zdravje;Iskalni zadetek brez potrjene relevantnosti za CKZ.;Takšne jamarke pa še ne! sob., 01.08.2026 ob 14:00 Da raziskovanje vodoravne jame ni le delo za najbolj vztrajne jamarje, dokazuje najnovejša okrepitev Jamarskega kluba Krka. Kot so zapisali na svojem Facebook profilu, se raziskov;raw/web/zdravstvo-20260919-novice-taksne-jamarke-pa-se-ne-d1217b3e7.md
https://www.radio-odeon.com/novice/kolpa-pod-pritiskom-podnebnih-sprememb-cas-za-usklajeno-ukrepanje/;Kolpa pod pritiskom podnebnih sprememb: čas za usklajeno ukrepanje;Izločeno;Poročilo / novica;2026-07-31;;Ozaveščanje o raku;Iskalni zadetek brez potrjene relevantnosti za CKZ.;Kolpa pod pritiskom podnebnih sprememb: čas za usklajeno ukrepanje pet., 31.07.2026 ob 12:00 V okviru projekta Striver je na Razvojnem centru Novo mesto potekal posvetovalni sestanek s slovenskimi partnerji in deležniki, namenjen ;raw/web/zdravstvo-20260919-novice-kolpa-pod-pritiskom-podnebnih-sprememb-cas-za-usklajeno-ukrepanje-b6669eee1.md
https://www.radio-odeon.com/novice/zlate-zgodbe-zdrava-dusa-ko-zgodbe-povezujejo-ljudi/;Zlate zgodbe, zdrava duša: ko zgodbe povezujejo ljudi;Izločeno;Poročilo / novica;2026-07-29;;Duševno zdravje;Iskalni zadetek brez potrjene relevantnosti za CKZ.;Zlate zgodbe, zdrava duša: ko zgodbe povezujejo ljudi sre., 29.07.2026 ob 08:00 V Društvu UP v okviru projekta Oljka z različnimi dejavnostmi skrbimo za zmanjševanje osamljenosti, ohranjanje duševne vitalnosti, krepitev medsebojni;raw/web/zdravstvo-20260919-novice-zlate-zgodbe-zdrava-dusa-ko-zgodbe-povezujejo-ljudi-950f49247.md
https://www.radio-odeon.com/novice/krepitev-prijateljskih-vezi-med-pobratenimi-obcinami/;Krepitev prijateljskih vezi med pobratenimi občinami;Izločeno;Poročilo / novica;2026-07-13;;Gibanje;Iskalni zadetek brez potrjene relevantnosti za CKZ.;Krepitev prijateljskih vezi med pobratenimi občinami pon., 13.07.2026 ob 14:00 V Metliki te dni gostijo otroke iz pobratenih občin Wagna (Avstrija) in Ronchi dei Legionari (Italija), ki sodelujejo v tradicionalni mednarodni izmenj;raw/web/zdravstvo-20260919-novice-krepitev-prijateljskih-vezi-med-pobratenimi-obcinami-0f0efb7ff.md
https://www.radio-odeon.com/novice/nova-pridobitev-za-vecjo-varnost-in-odpornost/;Nova pridobitev za večjo varnost in odpornost;Izločeno;Informativna objava;2026-07-11;;Skupnost in splošno zdravje;Iskalni zadetek brez potrjene relevantnosti za CKZ.;Nova pridobitev za večjo varnost in odpornost sob., 11.07.2026 ob 15:00 Občina Črnomelj je v okviru projekta Hitro 2, ki ga vodi Gasilska zveza Črnomelj in se izvaja v programu Interreg Slovenija–Hrvaška, nabavila stacionarni elek;raw/web/zdravstvo-20260919-novice-nova-pridobitev-za-vecjo-varnost-in-odpornost-dbc830149.md
https://www.radio-odeon.com/novice/odbor-dz-za-ponovno-postavitev-ograje-na-meji/;Odbor DZ za ponovno postavitev ograje na meji;Izločeno;Poročilo / novica;2026-07-07;;Tvegana vedenja;Iskalni zadetek brez potrjene relevantnosti za CKZ.;Odbor DZ za ponovno postavitev ograje na meji tor., 07.07.2026 ob 19:00 Člani odbora DZ za notranje zadeve in javno upravo so se seznanili z letnim poročilom policije za lani in sprejeli 12 sklepov, med drugim o pripravi načrta za;raw/web/zdravstvo-20260919-novice-odbor-dz-za-ponovno-postavitev-ograje-na-meji-4dc8e5ffa.md
https://www.radio-odeon.com/novice/v-mestnem-jedru-se-vzpostavlja-plovba-s-plovili-brez-motornega-pogona/;V mestnem jedru se vzpostavlja plovba s plovili brez motornega pogona;Izločeno;Poročilo / novica;2026-07-01;;Skupnost in splošno zdravje;Iskalni zadetek brez potrjene relevantnosti za CKZ.;V mestnem jedru se vzpostavlja plovba s plovili brez motornega pogona sre., 01.07.2026 ob 13:00 Župan Občine Črnomelj Andrej Kavšek in direktor BGP Gradnje Danijel Špingler sta danes v okviru projekta Vstopno izstopna mesta v Črno;raw/web/zdravstvo-20260919-novice-v-mestnem-jedru-se-vzpostavlja-plovba-s-plovili-brez-motornega-pogona-653066249.md
https://www.radio-odeon.com/novice/tokrat-z-najvecjim-avtobusom-na-brione/;Tokrat z največjim avtobusom na Brione;Izločeno;Poročilo / novica;2026-07-01;;Gibanje;Iskalni zadetek brez potrjene relevantnosti za CKZ.;Tokrat z največjim avtobusom na Brione sre., 01.07.2026 ob 15:30 Člani Območnega združenja slovenskih častnikov Bela krajina smo se v soboto, 27. junija, skupaj s člani Območnega združenja slovenskih častnikov Novo mesto odpravili;raw/web/zdravstvo-20260919-novice-tokrat-z-najvecjim-avtobusom-na-brione-2df26da2f.md
https://www.radio-odeon.com/sport/jasmin-kurtic-iz-ljubljane-v-grosuplje/;Jasmin Kurtić iz Ljubljane v Grosuplje;Izločeno;Informativna objava;2026-07-01;;Skupnost in splošno zdravje;Iskalni zadetek brez potrjene relevantnosti za CKZ.;Jasmin Kurtić iz Ljubljane v Grosuplje sre., 01.07.2026 ob 16:30 Dolgoletni slovenski reprezentant Jasmin Kurtić je nova okrepitev novopečenega prvoligaša Brinje. 37-letni vezist bo po neposrečeni epizodi v ljubljanski Olimpiji sv;raw/web/zdravstvo-20260919-sport-jasmin-kurtic-iz-ljubljane-v-grosuplje-639e117ce.md
https://www.radio-odeon.com/novice/v-javni-razpravi-osnutek-regionalnega-prostorskega-nacrta-jugovzhodne-slovenije/;V javni razpravi osnutek regionalnega prostorskega načrta Jugovzhodne Slovenije;Izločeno;Poročilo / novica;2026-06-30;;Skupnost in splošno zdravje;Iskalni zadetek brez potrjene relevantnosti za CKZ.;V javni razpravi osnutek regionalnega prostorskega načrta Jugovzhodne Slovenije tor., 30.06.2026 ob 12:00 Razvojni center Novo mesto je v javno razpravo poslal osnutek regionalnega prostorskega načrta Jugovzhodne Slovenije, ki pri;raw/web/zdravstvo-20260919-novice-v-javni-razpravi-osnutek-regionalnega-prostorskega-nacrta-jugovzhodne-slovenije-9c9654c72.md
https://www.radio-odeon.com/novice/policijska-uprava-novo-mesto-z-novim-vodstvom/;Policijska uprava Novo mesto z novim vodstvom;Izločeno;Poročilo / novica;2026-06-30;;Gibanje;Iskalni zadetek brez potrjene relevantnosti za CKZ.;Policijska uprava Novo mesto z novim vodstvom tor., 30.06.2026 ob 17:00 Dosedanji vodja Letalske policijske enote Dejan Kink je danes prevzel vodenje Policijske uprave (PU) Novo mesto. Posle je prevzel od Bora Jegliča , ki je poli;raw/web/zdravstvo-20260919-novice-policijska-uprava-novo-mesto-z-novim-vodstvom-b09a50bbd.md
https://www.radio-odeon.com/novice/za-livarjem-se-eno-zahtevno-poslovno-leto/;Za Livarjem še eno zahtevno poslovno leto;Izločeno;Poročilo / novica;2026-06-23;;Tvegana vedenja;Iskalni zadetek brez potrjene relevantnosti za CKZ.;Za Livarjem še eno zahtevno poslovno leto tor., 23.06.2026 ob 13:00 Za podjetje Livar, enega največjih slovenskih proizvajalcev livarskih izdelkov, je bilo tudi lansko leto zelo zahtevno. Poslovanje sta zaznamovala predvsem močna ;raw/web/zdravstvo-20260919-novice-za-livarjem-se-eno-zahtevno-poslovno-leto-3c8ceb28a.md
https://www.radio-odeon.com/sport/mladi-kosarkarji-kolpe-na-turnirju-v-crikvenici/;Mladi košarkarji Kolpe na turnirju v Crikvenici;Izločeno;Poročilo / novica;2026-06-12;;Skupnost in splošno zdravje;Iskalni zadetek brez potrjene relevantnosti za CKZ.;Mladi košarkarji Kolpe na turnirju v Crikvenici pet., 12.06.2026 ob 13:00 Minuli konec tedna se je selekcija U13 Košarkarskega kluba Kolpa Črnomelj udeležila mednarodnega košarkarskega turnirja Crikvenica Cup. V treh dneh so odigr;raw/web/zdravstvo-20260919-sport-mladi-kosarkarji-kolpe-na-turnirju-v-crikvenici-0f889aa36.md
https://www.radio-odeon.com/novice/postanite-boter-oljke-in-pomagajte-siriti-povezanost-med-ljudi/;Postanite Boter Oljke in pomagajte širiti povezanost med ljudi;Izločeno;Vabilo;2026-06-09;;Ustno zdravje;Iskalni zadetek brez potrjene relevantnosti za CKZ.;Postanite Boter Oljke in pomagajte širiti povezanost med ljudi tor., 09.06.2026 ob 09:00 V Društvu UP vabimo k sodelovanju nove prostovoljce za širjenje projekta Oljka. Projekt Oljka temelji na preprostem, a pomembnem sporočilu: n;raw/web/zdravstvo-20260919-novice-postanite-boter-oljke-in-pomagajte-siriti-povezanost-med-ljudi-bc7d70598.md
https://www.radio-odeon.com/novice/novomeska-bolnisnica-z-novim-strokovnim-direktorjem/;Novomeška bolnišnica z novim strokovnim direktorjem;Izločeno;Informativna objava;2026-06-04;;Ustno zdravje;Iskalni zadetek brez potrjene relevantnosti za CKZ.;Novomeška bolnišnica z novim strokovnim direktorjem čet., 04.06.2026 ob 13:00 Svet Splošne bolnišnice Novo mesto je na sredini seji za strokovnega direktorja bolnišnice imenoval Iztoka Gradeckega , specialista interne medicine ter;raw/web/zdravstvo-20260919-novice-novomeska-bolnisnica-z-novim-strokovnim-direktorjem-e7040d899.md
https://www.radio-odeon.com/novice/krepitev-povezovanja-med-knjiznicami/;Krepitev povezovanja med knjižnicami;Izločeno;Poročilo / novica;2026-05-30;;Skupnost in splošno zdravje;Iskalni zadetek brez potrjene relevantnosti za CKZ.;Krepitev povezovanja med knjižnicami sob., 30.05.2026 ob 16:00 V Knjižnici Črnomelj smo v petek gostili kolege knjižničarje iz Knjižnice Pavla Golie Trebnje, ki so nas obiskali v okviru strokovne ekskurzije. Obisk je bil priložnos;raw/web/zdravstvo-20260919-novice-krepitev-povezovanja-med-knjiznicami-f1687fcec.md
https://www.radio-odeon.com/novice/eva-stubljar-glas-bele-krajine-na-nacionalnem-otroskem-parlamentu/;Eva Štubljar glas Bele krajine na nacionalnem otroškem parlamentu;Izločeno;Poročilo / novica;2026-05-19;;Ustno zdravje;Iskalni zadetek brez potrjene relevantnosti za CKZ.;Eva Štubljar glas Bele krajine na nacionalnem otroškem parlamentu tor., 19.05.2026 ob 09:00 V ponedeljek je v Državnem zboru RS potekalo 36. zasedanje nacionalnega otroškega parlamenta. Glas Bele krajine in Dolenjske je na dogodku;raw/web/zdravstvo-20260919-novice-eva-stubljar-glas-bele-krajine-na-nacionalnem-otroskem-parlamentu-b97e01c78.md
https://www.radio-odeon.com/nasveti/pravni-nasvet/zbiranje-prostovoljnih-prispevkov/;Zbiranje prostovoljnih prispevkov;Izločeno;Informativna objava;2026-05-13;;Skupnost in splošno zdravje;Iskalni zadetek brez potrjene relevantnosti za CKZ.;Bralca zanima ali je zbiranje prostovoljnih prispevkov po ulicah in javnih krajih dovoljeno in če je, pod katerimi pogoji? Odvetnik odgovarja;raw/web/zdravstvo-20260919-nasveti-pravni-nasvet-zbiranje-prostovoljnih-prispevkov-3a95ec6b3.md
https://www.radio-odeon.com/novice/zlate-zgodbe-zdrava-dusa-zgodbe-ki-povezujejo-ljudi-in-krepijo-dusevno-zdravje/;Zlate zgodbe, zdrava duša: zgodbe, ki povezujejo ljudi in krepijo duševno zdravje;Izločeno;Vabilo;2026-05-12;;Duševno zdravje;Iskalni zadetek brez potrjene relevantnosti za CKZ.;Zlate zgodbe, zdrava duša: zgodbe, ki povezujejo ljudi in krepijo duševno zdravje tor., 12.05.2026 ob 10:00 Sodobni tempo življenja pogosto prinaša občutke osamljenosti, notranje stiske ali izgubo občutka pripadnosti. Prav zato v ;raw/web/zdravstvo-20260919-novice-zlate-zgodbe-zdrava-dusa-zgodbe-ki-povezujejo-ljudi-in-krepijo-dusevno-zdravje-8d9a54471.md
https://www.radio-odeon.com/novice/delavnica-canva-ustvari-svoje-prve-wow-dizajne/;Delavnica Canva – ustvari svoje prve “wow” dizajne;Izločeno;Vabilo;2026-05-01;;Ozaveščanje o raku;Iskalni zadetek brez potrjene relevantnosti za CKZ.;Delavnica Canva – ustvari svoje prve “wow” dizajne pet., 01.05.2026 ob 16:00 Imaš dobro idejo, pa ne veš, kako jo vizualno predstaviti? Bi rad/a izboljšal/a svoje objave, plakate ali predstavitve, da bodo res izstopale? Pridruži s;raw/web/zdravstvo-20260919-novice-delavnica-canva-ustvari-svoje-prve-wow-dizajne-d680cfd1a.md
https://www.radio-odeon.com/novice/med-znanostjo-kulturo-in-tehnologijo/;Med znanostjo, kulturo in tehnologijo;Izločeno;Poročilo / novica;2026-04-29;;Duševno zdravje;Iskalni zadetek brez potrjene relevantnosti za CKZ.;Med znanostjo, kulturo in tehnologijo sre., 29.04.2026 ob 12:30 Dijaki 1. in 2. letnika gimnazije ter 1. in 2. letnika programa strojni tehnik so se med 22. in 24. aprilom udeležili nepozabne medpredmetne ekskurzije v Avstrijo in ;raw/web/zdravstvo-20260919-novice-med-znanostjo-kulturo-in-tehnologijo-2ee1884ce.md
https://www.radio-odeon.com/novice/tretji-javni-poziv-za-sofinanciranje-projektov-eksrp/;Tretji javni poziv za sofinanciranje projektov EKSRP;Izločeno;Vabilo;2026-04-25;;Prehrana in telesna masa;Iskalni zadetek brez potrjene relevantnosti za CKZ.;Tretji javni poziv za sofinanciranje projektov EKSRP sob., 25.04.2026 ob 14:00 LAS Dolenjska in Bela krajina vabi k prijavi projektov, ki bodo prispevali k razvoju našega območja v obdobju 2021 - 2027. Podprti bodo projekti, usmer;raw/web/zdravstvo-20260919-novice-tretji-javni-poziv-za-sofinanciranje-projektov-eksrp-b32d1c2a1.md
https://www.radio-odeon.com/novice/metlika-v-znamenju-spomina-poguma-in-skupnosti/;Metlika v znamenju spomina, poguma in skupnosti;Izločeno;Poročilo / novica;2026-04-24;;Prehrana in telesna masa;Iskalni zadetek brez potrjene relevantnosti za CKZ.;Metlika v znamenju spomina, poguma in skupnosti pet., 24.04.2026 ob 10:00 V Sokolskem domu Metlika je sinoči potekala slovesnost ob dnevu upora proti okupatorju, 85-letnici Osvobodilne fronte ter prazniku Mestne skupnosti Metlika.;raw/web/zdravstvo-20260919-novice-metlika-v-znamenju-spomina-poguma-in-skupnosti-4cba5b900.md
https://www.radio-odeon.com/sport/veterani-kolpe-gostili-slovensko-vinsko-nogometno-reprezentanco/;Veterani Kolpe gostili slovensko vinsko nogometno reprezentanco;Izločeno;Poročilo / novica;2026-04-22;;Gibanje;Iskalni zadetek brez potrjene relevantnosti za CKZ.;Veterani Kolpe gostili slovensko vinsko nogometno reprezentanco sre., 22.04.2026 ob 10:00 Slovenska vinska nogometna reprezentanca, v kateri sta tudi Belokranjca Mitja Žugelj in Andrej Škof , bo v začetku junija nastopila na evrop;raw/web/zdravstvo-20260919-sport-veterani-kolpe-gostili-slovensko-vinsko-nogometno-reprezentanco-df8e379c9.md
https://www.radio-odeon.com/novice/vescine-za-zivljenje/;Veščine za življenje;Izločeno;Poročilo / novica;2026-04-16;;Ozaveščanje o raku;Iskalni zadetek brez potrjene relevantnosti za CKZ.;Veščine za življenje čet., 16.04.2026 ob 09:00 Zakaj bi toaster ob prvi okvari končal na smetišču in zakaj bi najljubša jakna ostala v omari samo zato, ker se je pokvarila zadrga? V hitro spreminjajočem se svetu postaja vedno bolj;raw/web/zdravstvo-20260919-novice-vescine-za-zivljenje-5fd85a0c2.md
https://www.radio-odeon.com/novice/korak-k-oblikovanju-zdravih-zivljenjskih-navad/;Korak k oblikovanju zdravih življenjskih navad;Črnomelj;Informativna objava;2026-04-16;;Ustno zdravje;V besedilu je izrecno naveden črnomaljski CKZ oziroma nekdanji naziv Bela krajina.;in osebno higieno. Obiskala jih je Ana Mavrin iz Centra za krepitev zdravja Črnomelj, ki je učencem na zanimiv in poučen način predstavila pomen zdravih navad. Učencem je pregledala zobe ter jih opozorila na pomen redne in pravilne nege zob. Ob tem so;raw/web/zdravstvo-20260919-novice-korak-k-oblikovanju-zdravih-zivljenjskih-navad-d7b59738f.md
https://www.radio-odeon.com/novice/v-gribljah-odkrili-spominsko-plosco-francu-brincu/;V Gribljah odkrili spominsko ploščo Francu Brincu;Izločeno;Poročilo / novica;2026-04-15;;Ustno zdravje;Iskalni zadetek brez potrjene relevantnosti za CKZ.;V Gribljah odkrili spominsko ploščo Francu Brincu sre., 15.04.2026 ob 19:00 Na pročelju podružnične šole v Gribljah so 10. aprila svečano odkrili spominsko ploščo v znak zahvale izr. prof. dr. Francu Brincu . Slednji je podružničn;raw/web/zdravstvo-20260919-novice-v-gribljah-odkrili-spominsko-plosco-francu-brincu-2e42393b6.md
https://www.radio-odeon.com/novice/cepilni-center-zd-crnomelj-kot-primer-dobre-prakse/;Cepilni center ZD Črnomelj kot primer dobre prakse;Nejasno;Poročilo / novica;2026-04-14;;Prehrana in telesna masa;"Povezava s CKZ Črnomelj ni dovolj izrecna; ne vključujemo v njegovo oceno.";"varstva in tako kot imamo organizirane centre za krepitev zdravja ter referenčne ambulante, je zelo pomembno, da imamo dobro razvite tudi cepilne centre, kjer se jasno ve, da tam dobimo najboljše informacije v zvezi s cepljenjem,"" pouda";raw/web/zdravstvo-20260919-novice-cepilni-center-zd-crnomelj-kot-primer-dobre-prakse-8da540327.md
https://www.radio-odeon.com/novice/dajte-nam-mir-pogovor-o-prostovoljstvu-ki-povezuje-generacije/;Dajte nam mir – pogovor o prostovoljstvu, ki povezuje generacije;Izločeno;Vabilo;2026-04-10;;Duševno zdravje;Iskalni zadetek brez potrjene relevantnosti za CKZ.;Dajte nam mir – pogovor o prostovoljstvu, ki povezuje generacije pet., 10.04.2026 ob 19:00 Ob svetovnem dnevu filantropije je Društvo UP v okviru projekta Oljka – za krepitev duševnega zdravja starejših in ranljivih skupin, ki ga ;raw/web/zdravstvo-20260919-novice-dajte-nam-mir-pogovor-o-prostovoljstvu-ki-povezuje-generacije-a36e71284.md
https://www.radio-odeon.com/novice/z-gosti-iz-severne-makedonije-tudi-o-varnostnih-vprasanjih/;Z gosti iz Severne Makedonije tudi o varnostnih vprašanjih;Izločeno;Informativna objava;2026-04-09;;Ozaveščanje o raku;Iskalni zadetek brez potrjene relevantnosti za CKZ.;Z gosti iz Severne Makedonije tudi o varnostnih vprašanjih čet., 09.04.2026 ob 15:00 Črnomaljski župan Andrej Kavšek je danes sprejel delegacijo iz Občine Delčevo v Severni Makedoniji, ki se na čelu z županom Ivanom Gocevskim mudi;raw/web/zdravstvo-20260919-novice-z-gosti-iz-severne-makedonije-tudi-o-varnostnih-vprasanjih-d9f6e57a3.md
https://www.radio-odeon.com/novice/drobni-trenutki-ki-bogatijo-nas-vsakdan/;Drobni trenutki, ki bogatijo naš vsakdan;Izločeno;Vabilo;2026-04-03;;Duševno zdravje;Iskalni zadetek brez potrjene relevantnosti za CKZ.;Drobni trenutki, ki bogatijo naš vsakdan pet., 03.04.2026 ob 19:00 V Kočevju, Črnomlju in Metliki so se v zadnjem obdobju stkale prav posebne zgodbe – zgodbe topline, povezovanja in moči besede. Oljkini knjižnični klepeti so znova;raw/web/zdravstvo-20260919-novice-drobni-trenutki-ki-bogatijo-nas-vsakdan-4c8615704.md
https://www.radio-odeon.com/sport/matjaz-pintaric-zapusca-radio-odeon-v-igri-tudi-odskodnina/;Matjaž Pintarič zapušča Radio Odeon – v igri tudi odškodnina;Izločeno;Poročilo / novica;2026-04-01;;Skupnost in splošno zdravje;Iskalni zadetek brez potrjene relevantnosti za CKZ.;Matjaž Pintarič zapušča Radio Odeon – v igri tudi odškodnina sre., 01.04.2026 ob 16:00 Tekaška zgodba med spletnim portalom Radio Odeon in Matjažem Pintaričem se je zaključila. Priljubljeni tekač bo po novem nosil barve Tekaškega ;raw/web/zdravstvo-20260919-sport-matjaz-pintaric-zapusca-radio-odeon-v-igri-tudi-odskodnina-d835aafef.md
https://www.radio-odeon.com/novice/pred-dso-crnomelj-zasadili-medoviti-drevesi/;Pred DSO Črnomelj zasadili medoviti drevesi;Izločeno;Poročilo / novica;2026-03-26;;Skupnost in splošno zdravje;Iskalni zadetek brez potrjene relevantnosti za CKZ.;Pred DSO Črnomelj zasadili medoviti drevesi čet., 26.03.2026 ob 08:00 Ob dnevu sajenja medovitih rastlin so po vsej Sloveniji že petič zapored uspešno izvedli vseslovensko akcijo sajenja medovitih rastlin, ki jo skupaj soustvarjat;raw/web/zdravstvo-20260919-novice-pred-dso-crnomelj-zasadili-medoviti-drevesi-31a91ffd9.md
https://www.radio-odeon.com/novice/zdrave-navade-bodo-poskusali-ohranjati-tudi-doma/;Zdrave navade bodo poskušali ohranjati tudi doma;Nejasno;Poročilo / novica;2026-03-22;;Ustno zdravje;"Povezava s CKZ Črnomelj ni dovolj izrecna; ne vključujemo v njegovo oceno.";enja. Obiskali sta nas Ana in Katja iz Centra za krepitev zdravja. Pogovarjali so se o ustni higieni ter o pomenu zdrave prehrane za zdravje naših zob. Skupaj so ponovili tudi pravilno tehniko ščetkanja zob. Svoje znanje so nadgradili;raw/web/zdravstvo-20260919-novice-zdrave-navade-bodo-poskusali-ohranjati-tudi-doma-e57db0df6.md
https://www.radio-odeon.com/novice/delavnica-za-mentorje-tabora-mladih-gasilcev-gasilske-zveze-metlika/;Delavnica za mentorje tabora mladih gasilcev Gasilske zveze Metlika;Drug center;Informativna objava;2026-03-21;;Skupnost in splošno zdravje;"CKZ Metlika oziroma drug izvajalec; ni dokaza vloge CKZ Črnomelj.";tabor mladih gasilcev. Med drugim v organizaciji Centra za krepitev zdravja ZD Metlika potekajo delavnice za (kandidate) mentorje in druge sodelujoče na taboru. Na njih spoznavajo, kako delati z otroki, jih animirati, po potrebi tolažiti, delati v skupini in še mnoge druge;raw/web/zdravstvo-20260919-novice-delavnica-za-mentorje-tabora-mladih-gasilcev-gasilske-zveze-metlika-4cba474d3.md
https://www.radio-odeon.com/novice/lidija-prinesla-pozitivno-energijo/;Lidija prinesla pozitivno energijo;Izločeno;Poročilo / novica;2026-03-20;;Ozaveščanje o raku;Iskalni zadetek brez potrjene relevantnosti za CKZ.;Lidija prinesla pozitivno energijo pet., 20.03.2026 ob 19:00 Knjižnica Črnomelj je v četrtek gostila strokovno delavko, bibliotekarko Lidijo Nemanič Baškovič iz Ljudske knjižnice Metlika, ki se je nam pridružila v okviru projekta ;raw/web/zdravstvo-20260919-novice-lidija-prinesla-pozitivno-energijo-340f5e82c.md
https://www.radio-odeon.com/novice/dan-za-zdrav-nasmeh-in-dobre-navade/;Dan za zdrav nasmeh in dobre navade;Črnomelj;Poročilo / novica;2026-03-19;;Ustno zdravje;V besedilu je izrecno naveden črnomaljski CKZ oziroma nekdanji naziv Bela krajina.;sestra Ana Mavrin in Katarina Guštin Zaletelj iz Centra za krepitev zdravja Črnomelj, ki sta na zanimiv in praktičen način predstavili pomembne teme o osebni higieni in zdravem načinu življenja. Otroci so se pogovarjali o pomenu redne skrbi;raw/web/zdravstvo-20260919-novice-dan-za-zdrav-nasmeh-in-dobre-navade-93dfb1757.md
https://www.radio-odeon.com/novice/regijski-kviz-gasilske-mladine-v-znamenju-znanja-in-tovaristva/;Regijski kviz gasilske mladine v znamenju znanja in tovarištva;Izločeno;Poročilo / novica;2026-03-16;;Skupnost in splošno zdravje;Iskalni zadetek brez potrjene relevantnosti za CKZ.;Regijski kviz gasilske mladine v znamenju znanja in tovarištva pon., 16.03.2026 ob 07:00 Na OŠ Belokranjskega odreda Semič je pod okriljem semiške gasilske zveze potekal letošnji regijski kviz gasilske mladine, ki je znova pokazal;raw/web/zdravstvo-20260919-novice-regijski-kviz-gasilske-mladine-v-znamenju-znanja-in-tovaristva-e13708173.md
https://www.radio-odeon.com/sport/bela-krajina-v-spomladanski-del-sezone-z-remijem/;Bela krajina v spomladanski del sezone z remijem;Izločeno;Poročilo / novica;2026-03-16;;Gibanje;Iskalni zadetek brez potrjene relevantnosti za CKZ.;Bela krajina v spomladanski del sezone z remijem pon., 16.03.2026 ob 14:00 Zimski premor je končan tudi za moštva v Regionalni ljubljanski ligi. Nogometaši Bele krajine, ki so jesenski del prvenstva končali na osmem mestu lestvice;raw/web/zdravstvo-20260919-sport-bela-krajina-v-spomladanski-del-sezone-z-remijem-85423ddc6.md
https://www.radio-odeon.com/novice/osamljenost-ni-izbira/;Osamljenost ni izbira;Izločeno;Vabilo;2026-03-15;;Prehrana in telesna masa;Iskalni zadetek brez potrjene relevantnosti za CKZ.;Osamljenost ni izbira ned., 15.03.2026 ob 16:00 V Pravljični sobi Knjižnice Črnomelj je 11. marca potekal drugi Oljkin knjižnični klepet, tokrat na temo Osamljenost ni izbira . Zbrala se je čudovita skupina žensk, za kar smo organ;raw/web/zdravstvo-20260919-novice-osamljenost-ni-izbira-81f8bd926.md
https://www.radio-odeon.com/novice/trenutek-pozornosti-ki-lahko-resi-zivljenje/;Trenutek pozornosti, ki lahko reši življenje;Črnomelj;Poročilo / novica;2026-03-13;;Ozaveščanje o raku;V besedilu je izrecno naveden črnomaljski CKZ oziroma nekdanji naziv Bela krajina.;medicinska sestra Tatjana Gregorič , sicer vodja Centra za krepitev zdravja ZD Črnomelj. Osebno izkušnjo z boleznijo sta delila gostja in gost, ki sta s svojo močjo in iskrenostjo opomnila na pomen slehernega trenutka pozornosti, ki ga namenimo lastnem;raw/web/zdravstvo-20260919-novice-trenutek-pozornosti-ki-lahko-resi-zivljenje-647ac1c46.md
https://www.radio-odeon.com/novice/prvi-oljkin-knjiznicni-klepet-v-ljudski-knjiznici-metlika/;Prvi Oljkin knjižnični klepet v Ljudski knjižnici Metlika;Izločeno;Vabilo;2026-03-13;;Prehrana in telesna masa;Iskalni zadetek brez potrjene relevantnosti za CKZ.;"Prvi Oljkin knjižnični klepet v Ljudski knjižnici Metlika pet., 13.03.2026 ob 11:00 Na Gregorjevo, ko po ljudskem izročilu pravimo, da se ""ptički ženijo"" – smo v Ljudski knjižnici Metlika izvedli prvi Oljkin knjižnični klepet . Na";raw/web/zdravstvo-20260919-novice-prvi-oljkin-knjiznicni-klepet-v-ljudski-knjiznici-metlika-21039b605.md
https://www.radio-odeon.com/novice/predstavitev-raziskovalnega-projekta-preobrazba-klasicne-degustacije-v-vinsko-dozivetje/;Predstavitev raziskovalnega projekta: Preobrazba klasične degustacije v vinsko doživetje;Izločeno;Vabilo;2026-03-13;;Skupnost in splošno zdravje;Iskalni zadetek brez potrjene relevantnosti za CKZ.;Predstavitev raziskovalnega projekta: Preobrazba klasične degustacije v vinsko doživetje pet., 13.03.2026 ob 15:00 Vabljeni na predstavitev rezultatov raziskovalnega projekta Fakultete za turizem Univerze v Mariboru z naslovom Pre;raw/web/zdravstvo-20260919-novice-predstavitev-raziskovalnega-projekta-preobrazba-klasicne-degustacije-v-vinsko-dozivetje-67ccd3c50.md
https://www.radio-odeon.com/novice/prva-obletnica-skupine-sola-zdravja-adlesici/;Prva obletnica skupine Šola zdravja Adlešiči;Črnomelj;Poročilo / novica;2026-03-11;;Ozaveščanje o raku;V besedilu je izrecno naveden črnomaljski CKZ oziroma nekdanji naziv Bela krajina.;estu hoje na 2 km in dogodku Svit v organizaciji Centra za krepitev zdravja ZD Črnomelj in na črnomaljskem ZIK-u v okviru programa Socialna aktivacija+. Ob svetovnem dnevu zdravja smo se na Svibniku udeležile dogodka Skupaj z naravo – Dihajmo z naravo.;raw/web/zdravstvo-20260919-novice-prva-obletnica-skupine-sola-zdravja-adlesici-1f7001646.md
https://www.radio-odeon.com/novice/trenutek-za-telo-srce-in-um/;Trenutek za telo, srce in um;Črnomelj;Poročilo / novica;2026-03-05;;Prehrana in telesna masa;V besedilu je izrecno naveden črnomaljski CKZ oziroma nekdanji naziv Bela krajina.;avnovesje, ko hormoni govorijo, ki jo je izvedel Center za krepitev zdravja Črnomelj, so udeleženke poglobile razumevanje delovanja hormonov, sprememb po 35. letu ter vpliva prehrane na hormonsko ravnovesje in vsakodnevno počutje. Zn;raw/web/zdravstvo-20260919-novice-trenutek-za-telo-srce-in-um-17f588a8d.md
https://www.radio-odeon.com/novice/igriva-joga-zdruzila-otroke-v-gibanju-praznovanju-in-sprostitvi/;Igriva joga združila otroke v gibanju, praznovanju in sprostitvi;Izločeno;Poročilo / novica;2026-03-05;;Duševno zdravje;Iskalni zadetek brez potrjene relevantnosti za CKZ.;Igriva joga združila otroke v gibanju, praznovanju in sprostitvi čet., 05.03.2026 ob 12:00 V Knjižnici Črnomelj je v torek potekalo že šesto srečanje igrive joge za otroke, ki se ga je udeležilo lepo število mladih nadobudnežev. S;raw/web/zdravstvo-20260919-novice-igriva-joga-zdruzila-otroke-v-gibanju-praznovanju-in-sprostitvi-76c533a71.md
https://www.radio-odeon.com/novice/o-mladih-brez-mladih-ne-gre/;O mladih brez mladih ne gre;Drug center;Poročilo / novica;2026-02-23;;Duševno zdravje;"CKZ Metlika oziroma drug izvajalec; ni dokaza vloge CKZ Črnomelj.";je odgovornosti in spremembo vedenjskih vzorcev. Center za krepitev zdravja Metlika izvaja številne preventivne delavnice na temo tesnobe, depresije in drugih duševnih stisk. Med udeleženci so bili tudi predstavniki Društva prijat;raw/web/zdravstvo-20260919-novice-o-mladih-brez-mladih-ne-gre-76cc70a4d.md
https://www.radio-odeon.com/novice/dusevno-zdravje-mladih-izziv-ki-potrebuje-odziv/;Duševno zdravje mladih: izziv, ki potrebuje odziv;Drug center;Poročilo / novica;2026-02-20;;Duševno zdravje;"CKZ Metlika oziroma drug izvajalec; ni dokaza vloge CKZ Črnomelj.";nega zdravja mladih v Beli krajini. Predstavniki Centra za krepitev zdravja Metlika, Nacionalnega inštituta za javno zdravje (NIJZ), Centra za socialno delo Dolenjska in Bela krajina, podporne skupine Dobročutje, Šent, Društva za življenje brez nasilja;raw/web/zdravstvo-20260919-novice-dusevno-zdravje-mladih-izziv-ki-potrebuje-odziv-c2d2e43e2.md
https://www.radio-odeon.com/novice/zeleni-kilometer-crnomelj-z-novimi-vstopno-izstopnimi-mesti/;Zeleni kilometer: Črnomelj z novimi vstopno-izstopnimi mesti;Izločeno;Informativna objava;2026-02-19;;Ustno zdravje;Iskalni zadetek brez potrjene relevantnosti za CKZ.;Zeleni kilometer: Črnomelj z novimi vstopno-izstopnimi mesti čet., 19.02.2026 ob 16:00 Mladinski Center Bit, turistična agencija Bravina in Občina Črnomelj sodelujejo v projektu Zeleni kilometer, ki prinaša pomemben korak k razvoj;raw/web/zdravstvo-20260919-novice-zeleni-kilometer-crnomelj-z-novimi-vstopno-izstopnimi-mesti-5551eda0f.md
https://www.radio-odeon.com/novice/koscek-spanije-v-crnomlju/;Košček Španije v Črnomlju;Izločeno;Poročilo / novica;2026-02-18;;Skupnost in splošno zdravje;Iskalni zadetek brez potrjene relevantnosti za CKZ.;Košček Španije v Črnomlju sre., 18.02.2026 ob 08:00 V šolski knjižnici OŠ Loka Črnomelj je potekala predstavitev mobilnosti učencev v mesto Cádiz v Španiji, ki je potekala v okviru projekta Erasmus+ novembra 2025. Učenci, ki so so;raw/web/zdravstvo-20260919-novice-koscek-spanije-v-crnomlju-74dffb7ae.md
https://www.radio-odeon.com/novice/od-uveljavitve-sutarjevega-zakona-manj-kaznivih-dejanj/;Od uveljavitve Šutarjevega zakona manj kaznivih dejanj;Izločeno;Poročilo / novica;2026-02-17;;Ustno zdravje;Iskalni zadetek brez potrjene relevantnosti za CKZ.;Od uveljavitve Šutarjevega zakona manj kaznivih dejanj tor., 17.02.2026 ob 13:00 Vlada se je na današnji seji med obiskom v Posavju seznanila s prvim poročilom vladnega strokovnega sveta za spremljanje t. i. Šutarjevega zakona. Pr;raw/web/zdravstvo-20260919-novice-od-uveljavitve-sutarjevega-zakona-manj-kaznivih-dejanj-dac5a0917.md
https://www.radio-odeon.com/sport/marko-vardic-s-hladne-islandije-na-toplo-kreto/;Marko Vardić s hladne Islandije na toplo Kreto;Izločeno;Informativna objava;2026-02-17;;Skupnost in splošno zdravje;Iskalni zadetek brez potrjene relevantnosti za CKZ.;Marko Vardić s hladne Islandije na toplo Kreto tor., 17.02.2026 ob 14:00 Črnomaljec Marko Vardić je po treh letih igranja na Islandiji zapustil to slikovito otoško državo v severnem Atlantskem oceanu in se preselil v južne kraje. ;raw/web/zdravstvo-20260919-sport-marko-vardic-s-hladne-islandije-na-toplo-kreto-c694ff000.md
https://www.radio-odeon.com/sport/smucanje-na-rogli/;Smučanje na Rogli;Izločeno;Poročilo / novica;2026-02-16;;Gibanje;Iskalni zadetek brez potrjene relevantnosti za CKZ.;Smučanje na Rogli pon., 16.02.2026 ob 17:00 Z učenci OŠ Stari trg ob Kolpi smo 11. februarja izvedli smučarski dan na smučišču Rogla. Že zgodaj zjutraj smo se z avtobusom odpravili iz domačega kraja na dolgo pot, ki je bila pred n;raw/web/zdravstvo-20260919-sport-smucanje-na-rogli-f977f6f1d.md
https://www.radio-odeon.com/novice/na-to-skupino-misic-pogosto-pozabimo-a-so-steber-nasega-telesa/;Na to skupino mišic pogosto pozabimo, a so steber našega telesa;Drug center;Poročilo / novica;2026-02-13;;Ozaveščanje o raku;"CKZ Metlika oziroma drug izvajalec; ni dokaza vloge CKZ Črnomelj.";m tednu obiskala Nives Bučan , fizioterapevtka s Centra za krepitev zdravja Metlika in izvedla poučno delavnico na temo medeničnega dna, ki je steber našega telesa. Na nazornem modelu nam je predstavila, kako je zgrajena medenica ter kako pomembno vlogo imajo mišice;raw/web/zdravstvo-20260919-novice-na-to-skupino-misic-pogosto-pozabimo-a-so-steber-nasega-telesa-cee6fc583.md
https://www.radio-odeon.com/novice/pomembna-razvojna-priloznost-za-jugovzhodno-slovenijo/;Pomembna razvojna priložnost za jugovzhodno Slovenijo;Izločeno;Informativna objava;2026-02-11;;Ustno zdravje;Iskalni zadetek brez potrjene relevantnosti za CKZ.;Pomembna razvojna priložnost za jugovzhodno Slovenijo sre., 11.02.2026 ob 16:00 Državni zbor je danes soglasno s 73 glasovi vseh navzočih poslancev in nobenim proti sprejel predlog odloka o ustanovitvi novomeške univerze kot četrt;raw/web/zdravstvo-20260919-novice-pomembna-razvojna-priloznost-za-jugovzhodno-slovenijo-df7210f43.md
https://www.radio-odeon.com/novice/krepitev-sodelovanja-s-partnersko-solo/;Krepitev sodelovanja s partnersko šolo;Izločeno;Vabilo;2026-02-07;;Skupnost in splošno zdravje;Iskalni zadetek brez potrjene relevantnosti za CKZ.;Krepitev sodelovanja s partnersko šolo sob., 07.02.2026 ob 14:00 V okviru projekta Erasmus+ smo konec januarja na OŠ Loka Črnomelj gostili tri učiteljice in ravnateljico partnerske šole iz Srbije, s katero uspešno sodelujemo že da;raw/web/zdravstvo-20260919-novice-krepitev-sodelovanja-s-partnersko-solo-a731d4c68.md
https://www.radio-odeon.com/novice/bravinaexperience-med-finalisti-izbora-best-of-local/;BravinaExperience med finalisti izbora Best of Local;Izločeno;Informativna objava;2026-02-05;;Gibanje;Iskalni zadetek brez potrjene relevantnosti za CKZ.;BravinaExperience med finalisti izbora Best of Local čet., 05.02.2026 ob 20:00 BravinaExperience , ki gostom ponuja aktivna, butična in naravno obarvana doživetja v Beli krajini, se je uvrstila med deset finalistov izbora Best of ;raw/web/zdravstvo-20260919-novice-bravinaexperience-med-finalisti-izbora-best-of-local-0699f4e58.md
https://www.radio-odeon.com/novice/dan-mediacije-in-nenasilja-na-os-loka-crnomelj/;Dan mediacije in nenasilja na OŠ Loka Črnomelj;Izločeno;Poročilo / novica;2026-01-18;;Prehrana in telesna masa;Iskalni zadetek brez potrjene relevantnosti za CKZ.;Dan mediacije in nenasilja na OŠ Loka Črnomelj ned., 18.01.2026 ob 12:00 Na OŠ Loka Črnomelj smo 14. januarja za učence od 6. do 9. razreda v sklopu projekta Od Alje do Žana – čuječa srca budni umi izvedli kulturni dan na temo med;raw/web/zdravstvo-20260919-novice-dan-mediacije-in-nenasilja-na-os-loka-crnomelj-2228db5f5.md
https://www.radio-odeon.com/novice/v-novomeski-bolnisnici-sprostili-obiske/;V novomeški bolnišnici sprostili obiske;Izločeno;Poročilo / novica;2026-01-15;;Ustno zdravje;Iskalni zadetek brez potrjene relevantnosti za CKZ.;V novomeški bolnišnici sprostili obiske čet., 15.01.2026 ob 11:00 Iz novomeške bolnišnice sporočajo, da popolna prepoved obiskov ne velja več. Obiski pri bolnikih so dovoljeni vsak dan med 15. in 16. uro. Zaradi porasta respirator;raw/web/zdravstvo-20260919-novice-v-novomeski-bolnisnici-sprostili-obiske-db19c1888.md
https://www.radio-odeon.com/novice/odprti-pogovori-so-vedno-dragoceni/;Odprti pogovori so vedno dragoceni;Drug center;Poročilo / novica;2026-01-15;;Ustno zdravje;"CKZ Metlika oziroma drug izvajalec; ni dokaza vloge CKZ Črnomelj.";ružbe Metlika, ki jo je vodila Mateja Švajger iz Centra za krepitev zdravja ZD Metlika, smo se pogovarjali o tem, kaj zdravje v resnici pomeni in kako lahko vsak izmed nas prispeva k boljšemu počutju ter kakovostnemu življenju do visoke sta;raw/web/zdravstvo-20260919-novice-odprti-pogovori-so-vedno-dragoceni-5b8fb9876.md
https://www.radio-odeon.com/novice/jansa-v-semicu-kriminal-je-da-se-denar-pobira-se-preden-se-nudi-storitev/;Janša v Semiču: Kriminal je, da se denar pobira, še preden se nudi storitev;Izločeno;Poročilo / novica;2026-01-15;;Ozaveščanje o raku;Iskalni zadetek brez potrjene relevantnosti za CKZ.;Janša v Semiču: Kriminal je, da se denar pobira, še preden se nudi storitev čet., 15.01.2026 ob 07:00 Predsednik SDS Janez Janša je bil sinoči v Semiču gost pogovornega večera, na katerem so spregovorili o nekaterih aktualnih tema;raw/web/zdravstvo-20260919-novice-jansa-v-semicu-kriminal-je-da-se-denar-pobira-se-preden-se-nudi-storitev-7f6c63e2d.md
https://www.radio-odeon.com/novice/osredotocanje-na-norme-in-cas-vodi-v-izgubo-clovecnosti-in-dostojanstva/;"""Osredotočanje na norme in čas vodi v izgubo človečnosti in dostojanstva""";Izločeno;Poročilo / novica;2026-01-15;;Prehrana in telesna masa;Iskalni zadetek brez potrjene relevantnosti za CKZ.;"""Osredotočanje na norme in čas vodi v izgubo človečnosti in dostojanstva"" čet., 15.01.2026 ob 17:00 V skupnosti socialnih zavodov med izzivi pri izvajanju zakona o dolgotrajni oskrbi, v okviru katerega sta se 1. decembra kot zadnj";raw/web/zdravstvo-20260919-novice-osredotocanje-na-norme-in-cas-vodi-v-izgubo-clovecnosti-in-dostojanstva-5527ccf31.md
https://www.radio-odeon.com/novice/bralno-druzenje-v-pravljicnem-svetu/;Bralno druženje v pravljičnem svetu;Izločeno;Poročilo / novica;2026-01-08;;Skupnost in splošno zdravje;Iskalni zadetek brez potrjene relevantnosti za CKZ.;Bralno druženje v pravljičnem svetu čet., 08.01.2026 ob 14:00 V prijetnem zimskem vzdušju smo učenci 3. in 4. razreda OŠ Stari trg ob Kolpi na prav posebno bralno druženje povabili učence 1. in 2. razreda. Skupaj smo se podali v p;raw/web/zdravstvo-20260919-novice-bralno-druzenje-v-pravljicnem-svetu-dac887a8b.md
https://www.radio-odeon.com/novice/zacnite-novo-leto-z-gibanjem/;Začnite novo leto z gibanjem;Izločeno;Vabilo;2026-01-04;;Duševno zdravje;Iskalni zadetek brez potrjene relevantnosti za CKZ.;Začnite novo leto z gibanjem ned., 04.01.2026 ob 14:00 V prvih dveh mesecih leta 2026 Društvo Šola zdravja podarja brezplačno jutranje razgibavanje , ki bo potekalo preko platforme Zoom. Vadba bo na voljo od 5. januarja do 27. feb;raw/web/zdravstvo-20260919-novice-zacnite-novo-leto-z-gibanjem-828e07b82.md
https://www.radio-odeon.com/novice/srcen-december-v-dso-metlika/;Srčen december v DSO Metlika;Drug center;Poročilo / novica;2025-12-18;;Gibanje;"CKZ Metlika oziroma drug izvajalec; ni dokaza vloge CKZ Črnomelj.";a dislocirani enoti potekala telovadba z Dašo iz Centra za krepitev zdravja Zdravstvenega doma Metlika. Člani Hiše Sadeži družbe Metlika so pomagali pri peki piškotov, dom pa so obiskoali tudi dijaki Srednje strojne šole Novo mesto s profesorico Alenko Brežnjak . Stanovalcem so p;raw/web/zdravstvo-20260919-novice-srcen-december-v-dso-metlika-6b76105c4.md
https://www.radio-odeon.com/novice/s-pravilno-drzno-in-zdravo-prehrano-do-boljsega-pocutja/;S pravilno držo in zdravo prehrano do boljšega počutja;Drug center;Poročilo / novica;2025-12-16;;Prehrana in telesna masa;"CKZ Metlika oziroma drug izvajalec; ni dokaza vloge CKZ Črnomelj.";b 16:00 S kineziologinjo Dašo Brajkovič Orlič iz Centra za krepitev zdravja Metlika smo v Hiši Sadeži družbe Metlika pričeli delavnico o zdravi drži. Razložila nam je, kako pomembno je, da imamo pravilno držo, saj nepravilna drža vpliva na bolečine v sklepih in mišicah, dihanje, ;raw/web/zdravstvo-20260919-novice-s-pravilno-drzno-in-zdravo-prehrano-do-boljsega-pocutja-352afc6ea.md
https://www.radio-odeon.com/sport/bozicni-rokomet-v-soncni-opatiji/;Božični rokomet v sončni Opatiji;Izločeno;Poročilo / novica;2025-12-15;;Gibanje;Iskalni zadetek brez potrjene relevantnosti za CKZ.;Božični rokomet v sončni Opatiji pon., 15.12.2025 ob 17:00 Mini rokometaši RK Črnomelj so se udeležili čudovitega božičnega turnirja v Opatiji, ki ga je odlično organiziral RK Liburnija Opatija. Fantje so na igrišču pokazali velik;raw/web/zdravstvo-20260919-sport-bozicni-rokomet-v-soncni-opatiji-84873e8bd.md
https://www.radio-odeon.com/novice/spanec-je-boljsi-kot-zganec/;Spanec je boljši kot žganec;Drug center;Poročilo / novica;2025-12-13;;Ustno zdravje;"CKZ Metlika oziroma drug izvajalec; ni dokaza vloge CKZ Črnomelj.";i je tokratno delavnico začela Mateja Švajger iz Centra za krepitev zdravja Metlika, nadaljevali pa smo z debato o higieni spanja. Ugotovili smo, da je za dober spanec pomembno, da imamo določeno rutino umirjanja preden ležemo k p;raw/web/zdravstvo-20260919-novice-spanec-je-boljsi-kot-zganec-a17009ff7.md
https://www.radio-odeon.com/novice/belokranjski-castniki-po-poteh-soske-fronte/;Belokranjski častniki po poteh soške fronte;Izločeno;Poročilo / novica;2025-12-08;;Duševno zdravje;Iskalni zadetek brez potrjene relevantnosti za CKZ.;Belokranjski častniki po poteh soške fronte pon., 08.12.2025 ob 11:00 Člani Območnega združenja slovenskih častnikov (OZSČ) Bela krajina smo se v soboto, 6. decembra, skupaj s člani OZSČ Novo mesto udeležili vojaško-strokovne eksk;raw/web/zdravstvo-20260919-novice-belokranjski-castniki-po-poteh-soske-fronte-edc46a787.md
https://www.radio-odeon.com/novice/mesec-v-znamenju-zdrave-sole/;Mesec v znamenju zdrave šole;Črnomelj;Poročilo / novica;2025-12-07;;Ustno zdravje;V besedilu je izrecno naveden črnomaljski CKZ oziroma nekdanji naziv Bela krajina.;mo posvetili skrbi za zdravje in v sodelovanju s Centrom za krepitev zdravja iz Zdravstvenega doma Črnomelj v okviru naravoslovnih dni izvedli naslednje delavnice iz sklopa Vzgoja za zdravje in ustno zdravje: V 6. razredu smo obravnavali temo odraščanja te;raw/web/zdravstvo-20260919-novice-mesec-v-znamenju-zdrave-sole-0a428833b.md
https://www.radio-odeon.com/novice/sovinek-v-srediscu-skrbi-od-zanemarjanja-otrok-do-unicevanja-infrastrukture/;Sovinek v središču skrbi: od zanemarjanja otrok do uničevanja infrastrukture;Črnomelj;Poročilo / novica;2025-12-03;;Ustno zdravje;V besedilu je izrecno naveden črnomaljski CKZ oziroma nekdanji naziv Bela krajina.;eče mladoletnice in nenujni obiski urgence Vodja Centra za krepitev zdravja Zdravstvenega doma Črnomelj Tatjana Gregorič izpostavlja nizko zdravstveno pismenost in dejstvo, da Romi težko sledijo navodilom, predvsem v smislu doslednosti pri zdravljenju. Poleg neurejenih bivalnih r;raw/web/zdravstvo-20260919-novice-sovinek-v-srediscu-skrbi-od-zanemarjanja-otrok-do-unicevanja-infrastrukture-582a703c9.md
https://www.radio-odeon.com/novice/policija-na-nasem-obmocju-s-poostrenim-nadzorom/;Policija na našem območju s poostrenim nadzorom;Izločeno;Informativna objava;2025-12-01;;Tvegana vedenja;Iskalni zadetek brez potrjene relevantnosti za CKZ.;Policija na našem območju s poostrenim nadzorom pon., 01.12.2025 ob 13:55 Policijska uprava Novo mesto (PU) bo na vseh javnih javnih prireditvah in dogodkih pa tudi v samem prometu v decembru izvajala poostren nadzor. Cilj bo proa;raw/web/zdravstvo-20260919-novice-policija-na-nasem-obmocju-s-poostrenim-nadzorom-b46e59659.md
https://www.radio-odeon.com/novice/brkati-pohod-ozavescal-o-zdravju-moskih/;Brkati pohod ozaveščal o zdravju moških;Črnomelj;Poročilo / novica;2025-11-25;;Ustno zdravje;V besedilu je izrecno naveden črnomaljski CKZ oziroma nekdanji naziv Bela krajina.;i. Na vrhu Mirne gore sta Rdeči križ Črnomelj in Center za krepitev zdravja ZD Črnomelj izvajala različne meritve ter predstavitev temeljnih postopkov oživljanja in uporabe AED, s čimer sta dogodku dodala pomembno izobraževalno noto. Pohodniki so ;raw/web/zdravstvo-20260919-novice-brkati-pohod-ozavescal-o-zdravju-moskih-8d304ebc6.md
https://www.radio-odeon.com/novice/z-osrednjo-vajo-gz-semic-preverjali-pripravljenost-enot/;Z osrednjo vajo GZ Semič preverjali pripravljenost enot;Izločeno;Poročilo / novica;2025-11-12;;Duševno zdravje;Iskalni zadetek brez potrjene relevantnosti za CKZ.;Z osrednjo vajo GZ Semič preverjali pripravljenost enot sre., 12.11.2025 ob 14:00 Gasilska zveza Semič je 30. oktobra izvedla osrednjo letno vajo Neurje 2025 . Na zahtevnem preizkusu so sodelovala vsa gasilska društva iz občine, e;raw/web/zdravstvo-20260919-novice-z-osrednjo-vajo-gz-semic-preverjali-pripravljenost-enot-15b6db148.md
https://www.radio-odeon.com/novice/tretjesolci-ze-skrbimo-za-zdravje/;Tretješolci že skrbimo za zdravje;Nejasno;Poročilo / novica;2025-11-11;;Gibanje;"Povezava s CKZ Črnomelj ni dovolj izrecna; ne vključujemo v njegovo oceno.";e tor., 11.11.2025 ob 15:00 V okviru programa za krepitev zdravja sta nas obiskali dietetičarka Katja Hudelja in kineziologinja Daša Rajković Orlič iz Zdravstvenega doma Metlika. S tretješolci OŠ Podzemelj sta izvedli z;raw/web/zdravstvo-20260919-novice-tretjesolci-ze-skrbimo-za-zdravje-a47272dee.md
https://www.radio-odeon.com/sport/ucenci-s-posebnimi-potrebami-na-drzavnem-tekmovanju-v-badmintonu/;Učenci s posebnimi potrebami na državnem tekmovanju v badmintonu;Črnomelj;Poročilo / novica;2025-11-07;;Gibanje;V besedilu je izrecno naveden črnomaljski CKZ oziroma nekdanji naziv Bela krajina.;aljujemo kineziologinjam Zali, Tjaši in Klari iz Centra za krepitev zdravja Črnomelj , ki so s poligonom poskrbele, da so se razgibali tudi navijači na tribunah. Posebna zahvala gre prostovoljcem dijakom iz Srednje šole Črnomelj, ki so opravljali sodniško delo, sponzor;raw/web/zdravstvo-20260919-sport-ucenci-s-posebnimi-potrebami-na-drzavnem-tekmovanju-v-badmintonu-40351e62d.md
https://www.radio-odeon.com/novice/zdrave-navade-in-vitaminski-mesec-pri-prvosolcih/;Zdrave navade in vitaminski mesec pri prvošolcih;Črnomelj;Poročilo / novica;2025-11-06;;Ustno zdravje;V besedilu je izrecno naveden črnomaljski CKZ oziroma nekdanji naziv Bela krajina.;u življenja. Obiskale so nas prijazne delavke iz Centra za krepitev zdravja ZD Črnomelj, ki so skupaj z učenci pripravile zanimive in poučne delavnice. Učenci so spoznali, kako pomembne so zdrave navade, gibanje in pravilna higiena za naše telo in počutje.;raw/web/zdravstvo-20260919-novice-zdrave-navade-in-vitaminski-mesec-pri-prvosolcih-8770ec6c2.md
https://www.radio-odeon.com/novice/preventiva-in-prva-pomoc-skrb-za-zdravje-se-zacne-pri-posamezniku/;Preventiva in prva pomoč: skrb za zdravje se začne pri posamezniku;Drug center;Poročilo / novica;2025-11-06;;Ustno zdravje;"CKZ Metlika oziroma drug izvajalec; ni dokaza vloge CKZ Črnomelj.";bmočnem združenju Rdečega križa Metlika skupaj s Centrom za krepitev zdravja Zdravstvenega doma Metlika že vrsto let izvajajo preventivno zdravstveno akcijo Tik - Tak, ki zajema brezplačne meritve krvnega tlaka, holesterola in sladkorja v krvi, pa tudi predstavitev preventivnih d;raw/web/zdravstvo-20260919-novice-preventiva-in-prva-pomoc-skrb-za-zdravje-se-zacne-pri-posamezniku-7de9eb376.md
https://www.radio-odeon.com/novice/belokranjske-gasilke-o-povezanosti-zdravju-in-krepitvi-vloge-zensk-v-gasilstvu/;Belokranjske gasilke o povezanosti, zdravju in krepitvi vloge žensk v gasilstvu;Drug center;Poročilo / novica;2025-11-05;;Prehrana in telesna masa;"CKZ Metlika oziroma drug izvajalec; ni dokaza vloge CKZ Črnomelj.";a gasilske organizacije. V nadaljevanju je ekipa Centra za krepitev zdravja Zdravstvenega doma Metlika pripravila zanimivo in poučno predstavitev na temo psihološke pomoči, premagovanja stresa, tehnik sproščanja ter zdrave prehrane. Udeleženke so se seznanile tudi z vzdržljivostn;raw/web/zdravstvo-20260919-novice-belokranjske-gasilke-o-povezanosti-zdravju-in-krepitvi-vloge-zensk-v-gasilstvu-dc9662c6b.md
https://www.radio-odeon.com/novice/srecanje-starejsih-gasilk-in-gasilcev-gz-metlika/;Srečanje starejših gasilk in gasilcev GZ Metlika;Drug center;Poročilo / novica;2025-11-03;;Gibanje;"CKZ Metlika oziroma drug izvajalec; ni dokaza vloge CKZ Črnomelj.";Novem mestu, so ji številni stisnili dlan. Ekipa Centra za krepitev zdravja Zdravstvenega doma Metlika pa je organizirala predavanje in podala priporočila za aktivno življenje in krepitev zdravja. Nekateri so se pomerili tudi v družabnih igrah. Srečanje se je zaključilo;raw/web/zdravstvo-20260919-novice-srecanje-starejsih-gasilk-in-gasilcev-gz-metlika-e277a91fc.md
https://www.radio-odeon.com/novice/metlika-v-roznatem-duhu/;Metlika v rožnatem duhu;Drug center;Poročilo / novica;2025-10-28;;Ustno zdravje;"CKZ Metlika oziroma drug izvajalec; ni dokaza vloge CKZ Črnomelj.";0 udeleženk. Svoje strokovno znanje je prispeval Center za krepitev zdravja Metlika , ki je udeleženkam predstavil vse tri državne presejalne programe – Zora, Dora in Svit. Za lahkotno ogrevanje pred pohodom so z nizom gibalni;raw/web/zdravstvo-20260919-novice-metlika-v-roznatem-duhu-423e59015.md
https://www.radio-odeon.com/novice/tragedija-odnesla-dva-ministra-predlagana-obcutna-okrepitev-pu-novo-mesto/;Tragedija odnesla dva ministra, predlagana občutna okrepitev PU Novo mesto;Izločeno;Poročilo / novica;2025-10-26;;Prehrana in telesna masa;Iskalni zadetek brez potrjene relevantnosti za CKZ.;Tragedija odnesla dva ministra, predlagana občutna okrepitev PU Novo mesto ned., 26.10.2025 ob 14:05 Po sobotnem nasilnem dogodku, v katerem je bil v Novem mestu ubit 48-letni gostinec Aleš Šutar , sta ministrica za pravosodje And;raw/web/zdravstvo-20260919-novice-tragedija-odnesla-dva-ministra-predlagana-obcutna-okrepitev-pu-novo-mesto-3e4c9adfa.md
https://www.radio-odeon.com/novice/metliska-zupanja-nasilje-romske-manjsine-nad-vecino-se-mora-koncati/;Metliška županja: Nasilje romske manjšine nad večino se mora končati;Izločeno;Poročilo / novica;2025-10-26;;Ustno zdravje;Iskalni zadetek brez potrjene relevantnosti za CKZ.;Metliška županja: Nasilje romske manjšine nad večino se mora končati ned., 26.10.2025 ob 08:00 Po smrti Novomeščana, ki je bil v soboto ponoči napaden pred lokalom na Rozmanovi ulici v Novem mestu, se je z daljšim zapisom na družb;raw/web/zdravstvo-20260919-novice-metliska-zupanja-nasilje-romske-manjsine-nad-vecino-se-mora-koncati-e05e983a1.md
https://www.radio-odeon.com/novice/dogodek-ki-mladim-pomaga-najti-pot-v-prihodnost/;Dogodek, ki mladim pomaga najti pot v prihodnost;Izločeno;Poročilo / novica;2025-10-22;;Ustno zdravje;Iskalni zadetek brez potrjene relevantnosti za CKZ.;Dogodek, ki mladim pomaga najti pot v prihodnost sre., 22.10.2025 ob 11:00 Na Ljudski univerzi ZIK Črnomelj je v torek potekal dogodek Karierni navdih za mlade, ki je v prijetnem in spodbudnem vzdušju povezal mlade, strokovnjake, ;raw/web/zdravstvo-20260919-novice-dogodek-ki-mladim-pomaga-najti-pot-v-prihodnost-67458c2c5.md
https://www.radio-odeon.com/novice/vlada-odgovarja-na-pobudo-za-hitrejsi-razvoj-bele-krajine/;Vlada odgovarja na pobudo za hitrejši razvoj Bele krajine;Izločeno;Vabilo;2025-10-17;;Skupnost in splošno zdravje;Iskalni zadetek brez potrjene relevantnosti za CKZ.;Vlada odgovarja na pobudo za hitrejši razvoj Bele krajine pet., 17.10.2025 ob 10:00 Predsednik državnega sveta Marko Lotrič in državni svetnik Darko Zevnik sta v začetku leta na vlado naslovila pobudo, v kateri predlagata več ukre;raw/web/zdravstvo-20260919-novice-vlada-odgovarja-na-pobudo-za-hitrejsi-razvoj-bele-krajine-a75552dfe.md
https://www.radio-odeon.com/novice/za-izgradnjo-satelitskega-urgentnega-centra-pri-zd-crnomelj-tudi-evropska-sredstva/;Za izgradnjo satelitskega urgentnega centra pri ZD Črnomelj tudi evropska sredstva;Izločeno;Informativna objava;2025-10-13;;Skupnost in splošno zdravje;Iskalni zadetek brez potrjene relevantnosti za CKZ.;Za izgradnjo satelitskega urgentnega centra pri ZD Črnomelj tudi evropska sredstva pon., 13.10.2025 ob 14:00 Ministrstvo za kohezijo in regionalni razvoj je odobrilo evropska sredstva za projekt izgradnje satelitskega urgentnega c;raw/web/zdravstvo-20260919-novice-za-izgradnjo-satelitskega-urgentnega-centra-pri-zd-crnomelj-tudi-evropska-sredstva-f2a5d4633.md
https://www.radio-odeon.com/sport/od-pohoda-so-atletskega-mnogoboja/;Od pohoda do atletskega mnogoboja;Črnomelj;Poročilo / novica;2025-10-12;;Gibanje;V besedilu je izrecno naveden črnomaljski CKZ oziroma nekdanji naziv Bela krajina.;li Griblje, kjer smo se pod vodstvom predstavnic Centra za krepitev zdravja ZD Črnomelj dobro ogreli, nato pa smo se z avtobusom odpeljali do Krasinca. Od tam smo pot nadaljevali peš do ribnika Prilozje, se sprehodili okoli njega ter opazova;raw/web/zdravstvo-20260919-sport-od-pohoda-so-atletskega-mnogoboja-e4ce30615.md
https://www.radio-odeon.com/novice/roznati-koraki-za-zdravje-pogum-in-povezanost/;Rožnati koraki za zdravje, pogum in povezanost;Črnomelj;Poročilo / novica;2025-10-07;;Ozaveščanje o raku;V besedilu je izrecno naveden črnomaljski CKZ oziroma nekdanji naziv Bela krajina.;vanja bolezni, saj je le tako dobro obvladljiva. Center za krepitev zdravja ZD Črnomelj je ob tej priložnosti preteklo soboto skupaj s partnerji pripravil 2. tradicionalni pohod Rožnati koraki, ki je potekal po deset kilometrov dolgi krožni učno-rekreaci;raw/web/zdravstvo-20260919-novice-roznati-koraki-za-zdravje-pogum-in-povezanost-32265a4ce.md
https://www.radio-odeon.com/novice/v-metliki-podpisali-pogodbo-o-izvajanju-dolgotrajne-oskrbe-na-domu/;V Metliki podpisali pogodbo o izvajanju dolgotrajne oskrbe na domu;Izločeno;Poročilo / novica;2025-10-03;;Skupnost in splošno zdravje;Iskalni zadetek brez potrjene relevantnosti za CKZ.;V Metliki podpisali pogodbo o izvajanju dolgotrajne oskrbe na domu pet., 03.10.2025 ob 19:00 Metliška županja Martina Legan Janžekovič in direktorica Doma starejših občanov Metlika Ivica Lozar sta podpisali pogodbo o izvajanju sto;raw/web/zdravstvo-20260919-novice-v-metliki-podpisali-pogodbo-o-izvajanju-dolgotrajne-oskrbe-na-domu-397f75f97.md
https://www.radio-odeon.com/novice/semiski-park-slovesno-predali-namenu/;Semiški park slovesno predali namenu;Črnomelj;Informativna objava;2025-10-03;;Gibanje;V besedilu je izrecno naveden črnomaljski CKZ oziroma nekdanji naziv Bela krajina.;ogajanje so poskrbeli Društvo upokojencev Semič, Center za krepitev zdravja ZD Črnomelj, Krajevna knjižnica Semič, Vrtec Sonček Semič, Folklorna skupina OŠ Belokranjskega odreda Semič in Belokranjsko gobarsko društvo. Na stojnicah so se predsta;raw/web/zdravstvo-20260919-novice-semiski-park-slovesno-predali-namenu-2df84901f.md
https://www.radio-odeon.com/novice/pohod-belokranjskih-podruznicnih-sol/;Pohod belokranjskih podružničnih šol;Črnomelj;Poročilo / novica;2025-09-30;;Gibanje;V besedilu je izrecno naveden črnomaljski CKZ oziroma nekdanji naziv Bela krajina.;Suhor, Adlešiči in Štrekljevec. S predstavnicami Centra za krepitev zdravja ZD Črnomelj smo se pred začetkom pohoda ob živahni glasbi odlično ogreli. Nato smo se z avtobusi odpeljali do Krasinca. Od tam smo pot nadaljevali peš do ribnika Priloz;raw/web/zdravstvo-20260919-novice-pohod-belokranjskih-podruznicnih-sol-750f92af4.md
https://www.radio-odeon.com/novice/dnevi-nepozabnih-dozivetij-narava-ustvarjanje-in-obisk-ministra/;Dnevi nepozabnih doživetij: narava, ustvarjanje in obisk ministra;Črnomelj;Poročilo / novica;2025-09-24;;Gibanje;V besedilu je izrecno naveden črnomaljski CKZ oziroma nekdanji naziv Bela krajina.;ke. Ob dnevu slovenskega športa smo sodelovali s Centrom za krepitev zdravja ZD Črnomelj. Za uporabnike so pripravili malo drugačno, a zelo zabavno aktivnost. Uporabniki so igrali igro Človek, razgibaj se, med katero so se tudi razgibali. Smeh, gibanje in dobra volja so nap;raw/web/zdravstvo-20260919-novice-dnevi-nepozabnih-dozivetij-narava-ustvarjanje-in-obisk-ministra-2bb8fbbb1.md
https://www.radio-odeon.com/novice/mlade-z-obeh-strani-kolpe-povezujeta-branje-in-kultura/;Mlade z obeh strani Kolpe povezujeta branje in kultura;Izločeno;Poročilo / novica;2025-09-20;;Skupnost in splošno zdravje;Iskalni zadetek brez potrjene relevantnosti za CKZ.;Mlade z obeh strani Kolpe povezujeta branje in kultura sob., 20.09.2025 ob 12:00 Knjižnica Mirana Jarca Novo mesto je bila skupaj s partnersko Mestno knjižnico Ivan Goran Kovačić Karlovec uspešna na dveh projektih za sredstva Evro;raw/web/zdravstvo-20260919-novice-mlade-z-obeh-strani-kolpe-povezujeta-branje-in-kultura-b9f1f97e3.md
https://www.radio-odeon.com/novice/igrivo-ustvarjalno-in-poucno/;Igrivo, ustvarjalno in poučno;Drug center;Poročilo / novica;2025-09-19;;Gibanje;"CKZ Metlika oziroma drug izvajalec; ni dokaza vloge CKZ Črnomelj.";an so zaključili na metliškem kopališču, kjer je Center za krepitev zdravja Metlika pravil test hoje na dva kilometra.;raw/web/zdravstvo-20260919-novice-igrivo-ustvarjalno-in-poucno-1c281304d.md
https://www.radio-odeon.com/novice/v-ospredju-skrb-za-najmlajse/;V ospredju skrb za najmlajše;Črnomelj;Poročilo / novica;2025-09-18;;Ustno zdravje;V besedilu je izrecno naveden črnomaljski CKZ oziroma nekdanji naziv Bela krajina.;h postopkov oživljanja z uporabo defibrilatorja. Center za krepitev zdravja Črnomelj je osveščal o negi otroške ustne votline, varni vadbi v nosečnosti, vadbi po porodu ter prehranjevanju otročnice in pripravi zdravih sladic. Svoje v;raw/web/zdravstvo-20260919-novice-v-ospredju-skrb-za-najmlajse-235ef1356.md
https://www.radio-odeon.com/novice/ko-ulica-postane-prostor-za-ucenje-igro-in-zdravje/;Ko ulica postane prostor za učenje, igro in zdravje;Drug center;Poročilo / novica;2025-09-18;;Ustno zdravje;"CKZ Metlika oziroma drug izvajalec; ni dokaza vloge CKZ Črnomelj.";kotiček. Udeleženci so se seznanili z delovanjem Centra za krepitev zdravja ZD Metlika ter predstavitvijo preventivnih programov Svit, Dora in Zora. Poleg tega so si lahko izmerili krvni tlak, krvni sladkor in maščobe, preverili ustno zdravje ter pridobili ;raw/web/zdravstvo-20260919-novice-ko-ulica-postane-prostor-za-ucenje-igro-in-zdravje-f86cdd149.md
https://www.radio-odeon.com/sport/besedne-zveze-konec-kariere-se-ni-v-njegovem-slovarju/;Besedne zveze 'konec kariere' še ni v njegovem slovarju;Izločeno;Poročilo / novica;2025-09-12;;Skupnost in splošno zdravje;Iskalni zadetek brez potrjene relevantnosti za CKZ.;Besedne zveze 'konec kariere' še ni v njegovem slovarju pet., 12.09.2025 ob 20:00 Dan pred velikim derbijem med Olimpijo in Mariborom je v klubskih prostorih ljubljanskega prvoligaša završalo – zeleno-beli so predstavili novo okre;raw/web/zdravstvo-20260919-sport-besedne-zveze-konec-kariere-se-ni-v-njegovem-slovarju-36367f34f.md
https://www.radio-odeon.com/sport/mini-olimpijada-v-metliki/;Mini olimpijada v Metliki;Drug center;Poročilo / novica;2025-09-11;;Duševno zdravje;"CKZ Metlika oziroma drug izvajalec; ni dokaza vloge CKZ Črnomelj.";kaški klub Metlika. Otroški poligon je pripravil Center za krepitev zdravja Metlika, za varnost udeležencev pa je skrbno bdel Rdeči križ Metlika. Bogat program in odlična udeležba Dogajanje je bilo več kot raznoliko. Skupno 114 udeležencev se je preizkusilo v različnih športnih d;raw/web/zdravstvo-20260919-sport-mini-olimpijada-v-metliki-c23151bdc.md
https://www.radio-odeon.com/novice/ne-urejena-semiska-pokopalisca-ocitek-obcanov-odziv-komunale/;(Ne)urejena semiška pokopališča: očitek občanov, odziv komunale;Izločeno;Poročilo / novica;2025-09-03;;Ozaveščanje o raku;Iskalni zadetek brez potrjene relevantnosti za CKZ.;(Ne)urejena semiška pokopališča: očitek občanov, odziv komunale sre., 03.09.2025 ob 13:30 Nekateri prebivalci občine Semič so izrazili nezadovoljstvo nad stanjem na lokalnih pokopališčih in pristopom Komunale Črnomelj do vzdrževan;raw/web/zdravstvo-20260919-novice-ne-urejena-semiska-pokopalisca-ocitek-obcanov-odziv-komunale-4731f6c40.md
https://www.radio-odeon.com/sport/matej-malensek-odhaja-v-tujino/;Matej Malenšek odhaja v tujino;Izločeno;Poročilo / novica;2025-08-29;;Ozaveščanje o raku;Iskalni zadetek brez potrjene relevantnosti za CKZ.;Matej Malenšek odhaja v tujino pet., 29.08.2025 ob 20:00 Slovenski nogometni prvoligaš Kalcer Radomlje je tudi uradno potrdil, da se njegov prvi strelec Matej Malenšek seli v češko ligo k dvakratnemu pokalnemu prvaku Jabloncu. Mal;raw/web/zdravstvo-20260919-sport-matej-malensek-odhaja-v-tujino-6bc37e3e2.md
https://www.radio-odeon.com/novice/ko-se-pocitnice-spremenijo-v-pustolovscino/;Ko se počitnice spremenijo v pustolovščino;Črnomelj;Poročilo / novica;2025-08-29;;Prehrana in telesna masa;V besedilu je izrecno naveden črnomaljski CKZ oziroma nekdanji naziv Bela krajina.;njem, sledile so vodne igre, ki jih je pripravil Center za krepitev zdravja Črnomelj. Otroci so uživali v igri z vodo in različnih zabavnih izzivih. Popoldne so obiskali Vavpčo vas, kjer so spoznali lokalne kmetije – Prešernove, Mihelčičeve in Luk;raw/web/zdravstvo-20260919-novice-ko-se-pocitnice-spremenijo-v-pustolovscino-ed401d782.md
https://www.radio-odeon.com/novice/zacetek-aktivnosti-v-metliskem-romskem-centru/;Začetek aktivnosti v metliškem romskem centru;Izločeno;Poročilo / novica;2025-08-25;;Ustno zdravje;Iskalni zadetek brez potrjene relevantnosti za CKZ.;Začetek aktivnosti v metliškem romskem centru pon., 25.08.2025 ob 14:00 Županja Občine Metlika Martina Legan Janžekovič in direktor Centra šolskih in obšolskih dejavnosti Branko Kumer , sta podpisala pogodbo o uporabi prostorov na;raw/web/zdravstvo-20260919-novice-zacetek-aktivnosti-v-metliskem-romskem-centru-91f920d23.md
https://www.radio-odeon.com/novice/metulji-superjunaki-in-vodne-norcije/;Metulji, superjunaki in vodne norčije;Črnomelj;Poročilo / novica;2025-08-17;;Gibanje;V besedilu je izrecno naveden črnomaljski CKZ oziroma nekdanji naziv Bela krajina.;e vodne igre, ki so jih pripravili v sodelovanju Centrom za krepitev zdravja ZD Črnomelj. Delavnici sta bili dobro obiskani, otroci pa so neizmerno uživali. Pridružite se jim lahko tudi prihodnji teden, natančneje v torek in sredo, ko bodo ponovn;raw/web/zdravstvo-20260919-novice-metulji-superjunaki-in-vodne-norcije-da18ce038.md
https://www.radio-odeon.com/novice/britanska-veleposlanica-na-obisku-v-crnomlju/;Britanska veleposlanica na obisku v Črnomlju;Izločeno;Poročilo / novica;2025-07-24;;Skupnost in splošno zdravje;Iskalni zadetek brez potrjene relevantnosti za CKZ.;Britanska veleposlanica na obisku v Črnomlju čet., 24.07.2025 ob 08:00 Občino Črnomelj je v sredo obiskala britanska veleposlanica v Sloveniji Victoria Harrison . Ob obisku se je sestala z županom Andrejem Kavškom , s katerim sta ;raw/web/zdravstvo-20260919-novice-britanska-veleposlanica-na-obisku-v-crnomlju-8306e4e45.md
https://www.radio-odeon.com/novice/varnost-kmetov-ni-vec-samoumevna-prihaja-skupni-nacrt-ukrepanja/;Varnost kmetov ni več samoumevna – prihaja skupni načrt ukrepanja;Izločeno;Poročilo / novica;2025-07-18;;Ustno zdravje;Iskalni zadetek brez potrjene relevantnosti za CKZ.;Varnost kmetov ni več samoumevna – prihaja skupni načrt ukrepanja pet., 18.07.2025 ob 16:05 Policija in Kmetijsko gozdarska zbornica Slovenije (KGZS) bosta pristopili k pripravi skupnega akcijskega načrta za večjo zaščito kmetov, ;raw/web/zdravstvo-20260919-novice-varnost-kmetov-ni-vec-samoumevna-prihaja-skupni-nacrt-ukrepanja-39f4ebcca.md
https://www.radio-odeon.com/novice/gasilska-pustolovscina-na-hrvaskem-japeticu/;Gasilska pustolovščina na hrvaškem Japetiću;Izločeno;Poročilo / novica;2025-06-28;;Skupnost in splošno zdravje;Iskalni zadetek brez potrjene relevantnosti za CKZ.;Gasilska pustolovščina na hrvaškem Japetiću sob., 28.06.2025 ob 10:00 Na Japetiću se je v četrtek pričel Mladinski tabor za prihodnje sodelovanje (Camp for Future), ki ga organizira VZG Jastrebarsko s podporo hrvaške civilne zašti;raw/web/zdravstvo-20260919-novice-gasilska-pustolovscina-na-hrvaskem-japeticu-6fc40cb82.md
https://www.radio-odeon.com/novice/zaporo-ceste-v-gradcu-obcutijo-tudi-v-gribljah/;Zaporo ceste v Gradcu občutijo tudi v Gribljah;Izločeno;Informativna objava;2025-06-20;;Skupnost in splošno zdravje;Iskalni zadetek brez potrjene relevantnosti za CKZ.;Zaporo ceste v Gradcu občutijo tudi v Gribljah pet., 20.06.2025 ob 13:00 Aprila je stekla prenova skoraj 70 let starega mostu čez reko Lahinjo v Gradcu , zaradi česar bo cesta med Črnomljem in Podzemljem v naselju Gradac predvidom;raw/web/zdravstvo-20260919-novice-zaporo-ceste-v-gradcu-obcutijo-tudi-v-gribljah-c84910418.md
https://www.radio-odeon.com/novice/hisa-dobrot-bele-krajine-praznuje-5-rojstni-dan-praznik-lokalnosti-kakovosti-in-skupnosti/;Hiša dobrot Bele krajine praznuje 5. rojstni dan: praznik lokalnosti, kakovosti in skupnosti;Izločeno;Vabilo;2025-06-20;;Skupnost in splošno zdravje;Iskalni zadetek brez potrjene relevantnosti za CKZ.;Hiša dobrot Bele krajine praznuje 5. rojstni dan: praznik lokalnosti, kakovosti in skupnosti pet., 20.06.2025 ob 16:00 Petek, 27. junij, prinaša posebno priložnost za praznovanje – Hiša dobrot Bele krajine obeležuje per let delova;raw/web/zdravstvo-20260919-novice-hisa-dobrot-bele-krajine-praznuje-5-rojstni-dan-praznik-lokalnosti-kakovosti-in-skupnosti-449ba3b15.md
https://www.radio-odeon.com/fsega/muzika/ob-kolpi-se-svet-vrti-drugace/;Ob Kolpi se svet vrti drugače;Izločeno;Informativna objava;2025-06-12;;Ozaveščanje o raku;Iskalni zadetek brez potrjene relevantnosti za CKZ.;Ob Kolpi se svet vrti drugače čet., 12.06.2025 ob 17:00 Ekipa pedagogov in glasbenih ustvarjalcev avgusta v Vinici organizira Poletni glasbeni tabor ob Kolpi. Letos so poleg organizacije tabora naredili še korak naprej ter z zased;raw/web/zdravstvo-20260919-fsega-muzika-ob-kolpi-se-svet-vrti-drugace-55be59fee.md
https://www.radio-odeon.com/novice/zakljucna-prireditev-tekmovanja-za-ciste-zobke/;Zaključna prireditev tekmovanja za čiste zobke;Črnomelj;Poročilo / novica;2025-06-11;;Ustno zdravje;V besedilu je izrecno naveden črnomaljski CKZ oziroma nekdanji naziv Bela krajina.;kmovanja za čiste zobke. Prišli sta predstavnici Centra za krepitev zdravja Črnomelj ter s sabo pripeljali skrivnostno gostjo – pasto Vlasto. Pripravile so zanimivo točko, ki so je bili učenci izredno veseli. Na koncu je sledila težko pričakovana pode;raw/web/zdravstvo-20260919-novice-zakljucna-prireditev-tekmovanja-za-ciste-zobke-20da5c507.md
https://www.radio-odeon.com/novice/za-zdrave-in-ciste-zobe-ze-stiridesetic/;Za zdrave in čiste zobe že štiridesetič;Izločeno;Poročilo / novica;2025-06-05;;Ustno zdravje;Iskalni zadetek brez potrjene relevantnosti za CKZ.;Za zdrave in čiste zobe že štiridesetič čet., 05.06.2025 ob 10:00 Na Osnovni šoli komandanta Staneta Dragatuš je v sredo potekala zaključna prireditev jubilejnega, že 40. tekmovanja Za zdrave in čiste zobe. Sodelovali so zmagovaln;raw/web/zdravstvo-20260919-novice-za-zdrave-in-ciste-zobe-ze-stiridesetic-bc780a947.md
https://www.radio-odeon.com/novice/kako-spretno-resevati-probleme/;Kako spretno reševati probleme;Drug center;Poročilo / novica;2025-06-04;;Ozaveščanje o raku;"CKZ Metlika oziroma drug izvajalec; ni dokaza vloge CKZ Črnomelj.";i Sadeži družbe Metlika so danes v sodelovanju s Centrom za krepitev zdravja Metlika zaključili s sklopom delavnic na temo zdravih odnosov. Dotaknili so se spretnosti reševanja problemov in načinov, kako se lahko učinkovito odzivamo t;raw/web/zdravstvo-20260919-novice-kako-spretno-resevati-probleme-ee27bc185.md
https://www.radio-odeon.com/novice/najstarejsa-voznica-v-beli-krajini-se-vedno-polna-energije/;Najstarejša voznica v Beli krajini še vedno polna energije;Izločeno;Informativna objava;2025-05-30;;Gibanje;Iskalni zadetek brez potrjene relevantnosti za CKZ.;Najstarejša voznica v Beli krajini še vedno polna energije pet., 30.05.2025 ob 08:00 Pepca Slanc iz Rosalnic je lahko mnogim za vzor. Trdna Belokranjka, ki je odraščala v bližnjem Primostku, v življenju ni imela lahke poti. Pri 52;raw/web/zdravstvo-20260919-novice-najstarejsa-voznica-v-beli-krajini-se-vedno-polna-energije-ba841abe1.md
https://www.radio-odeon.com/novice/na-os-mirana-jarca-je-maj-zelo-pester/;Na OŠ Mirana Jarca je maj zelo pester;Nejasno;Poročilo / novica;2025-05-25;;Ustno zdravje;"Povezava s CKZ Črnomelj ni dovolj izrecna; ne vključujemo v njegovo oceno.";ajale diplomirane medicinske sestre iz Centra za krepitev zdravja, ki so učencem predstavile zdrav način življenja, skrb za zdrave zobe, jim pripravile družabne igre in poskrbele za gibalne aktivnosti. Na športnem dnevu, ki;raw/web/zdravstvo-20260919-novice-na-os-mirana-jarca-je-maj-zelo-pester-105949394.md
https://www.radio-odeon.com/novice/hisa-dobrot-bele-krajine-2/;Hiša dobrot Bele krajine;Izločeno;Informativna objava;2025-05-23;;Ustno zdravje;Iskalni zadetek brez potrjene relevantnosti za CKZ.;Hiša dobrot Bele krajine pet., 23.05.2025 ob 16:00 V središču Metlike, mesta z bogato zgodovino in edinstveno kulturno dediščino, stoji Hiša dobrot Bele krajine – prostor, ki presega vlogo turistično-informacijskega centra . Gre z;raw/web/zdravstvo-20260919-novice-hisa-dobrot-bele-krajine-2-c76fa57e3.md
https://www.radio-odeon.com/novice/poklicijada-privabila-blizu-500-udelezencev/;Poklicijada privabila blizu 500 udeležencev;Črnomelj;Poročilo / novica;2025-05-22;;Ustno zdravje;V besedilu je izrecno naveden črnomaljski CKZ oziroma nekdanji naziv Bela krajina.;v prostore Ljudske univerze ZIK. V sodelovanju s Centrom za krepitev zdravja ZD Črnomelj so izvedli delavnice skrbi za zdravje, s Saro Hutar so prebudili čute z naravo, medgeneracijsko društvo pa je predstavilo prostovoljno delo.;raw/web/zdravstvo-20260919-novice-poklicijada-privabila-blizu-500-udelezencev-f7f672622.md
https://www.radio-odeon.com/novice/kulturni-dom-crnomelj-jeseni-z-novo-scensko-razsvetljavo-in-ozvocenjem/;Kulturni dom Črnomelj jeseni z novo scensko razsvetljavo in ozvočenjem;Izločeno;Vabilo;2025-05-20;;Gibanje;Iskalni zadetek brez potrjene relevantnosti za CKZ.;Kulturni dom Črnomelj jeseni z novo scensko razsvetljavo in ozvočenjem tor., 20.05.2025 ob 13:00 Ministrica za kulturo Asta Vrečko je z izvajalcem MK Light Sound v ponedeljek podpisala pogodbo za dobavo opreme za dvorano v Kulturn;raw/web/zdravstvo-20260919-novice-kulturni-dom-crnomelj-jeseni-z-novo-scensko-razsvetljavo-in-ozvocenjem-32eeca595.md
https://www.radio-odeon.com/novice/vitaminski-dan/;Vitaminski dan;Črnomelj;Poročilo / novica;2025-05-14;;Prehrana in telesna masa;V besedilu je izrecno naveden črnomaljski CKZ oziroma nekdanji naziv Bela krajina.; komandanta Staneta Dragatuš smo v sodelovanju s Centrom za krepitev zdravja Črnomelj pri pouku gospodinjstva izvedli delavnico z naslovom Vitaminski dan. Najprej smo se pogovorili o pomenu vitaminov, mineralov in vlakni;raw/web/zdravstvo-20260919-novice-vitaminski-dan-bf22c0175.md
https://www.radio-odeon.com/novice/mnozica-pohodnikov-po-idilicni-najjuznejsi-slovenski-pespoti/;Množica pohodnikov po idilični najjužnejši slovenski pešpoti;Črnomelj;Poročilo / novica;2025-05-13;;Duševno zdravje;V besedilu je izrecno naveden črnomaljski CKZ oziroma nekdanji naziv Bela krajina.;e. Na dogodku so bile prisotne tudi zaposlene iz Centra za krepitev zdravja ZD Črnomelj, ki so izvajale meritve in spodbujale zdrav način življenja ter člani modelarskega kluba Mušice. Ta dan je bil resnično poseben, saj smo združili naravo, kulturo in zdravje.;raw/web/zdravstvo-20260919-novice-mnozica-pohodnikov-po-idilicni-najjuznejsi-slovenski-pespoti-d0cf76249.md
https://www.radio-odeon.com/novice/pestra-meseca-za-petosolce/;Pestra meseca za petošolce;Nejasno;Poročilo / novica;2025-05-03;;Ustno zdravje;"Povezava s CKZ Črnomelj ni dovolj izrecna; ne vključujemo v njegovo oceno."; ki so ga pripravile strokovnjakinje s Centra za krepitev zdravja. Predavanje o zasvojenosti je bilo osredotočeno na ozaveščanje mladih o nevarnostih, ki jih prinašajo različne oblike odvisnosti, vključno z digit;raw/web/zdravstvo-20260919-novice-pestra-meseca-za-petosolce-1437c24ec.md
https://www.radio-odeon.com/novice/turizem-prihodnosti-je-trajnosten-in-digitalen/;Turizem prihodnosti je trajnosten in digitalen;Izločeno;Informativna objava;2025-04-18;;Ustno zdravje;Iskalni zadetek brez potrjene relevantnosti za CKZ.;Turizem prihodnosti je trajnosten in digitalen pet., 18.04.2025 ob 08:00 Destinacija Bela krajina je v sredo organizirala še zadnje izobraževalno predavanje v sklopu Meseca trajnosti v Beli krajini. Tokrat je na temo družbenih omr;raw/web/zdravstvo-20260919-novice-turizem-prihodnosti-je-trajnosten-in-digitalen-70219ec8d.md
https://www.radio-odeon.com/novice/aktivni-v-okviru-festivala-zdravja/;Aktivni v okviru Festivala zdravja;Črnomelj;Poročilo / novica;2025-04-18;;Ustno zdravje;V besedilu je izrecno naveden črnomaljski CKZ oziroma nekdanji naziv Bela krajina.;je in dobro počutje skupnosti , ki ga organizira Center za krepitev zdravja ZD Črnomelj. Najprej so v okviru dogodka Šport krepi zdravje na športnem igrišču v Vojni vasi udeleženci osnovne šole za odrasle krepili svoje zdravje in sproščali ml;raw/web/zdravstvo-20260919-novice-aktivni-v-okviru-festivala-zdravja-1388ded5e.md
https://www.radio-odeon.com/novice/revija-belokranjskih-modrih-frankinj-uspesno-predstavila-vrhunska-vina-bele-krajine/;Revija belokranjskih modrih frankinj uspešno predstavila vrhunska vina Bele krajine;Izločeno;Poročilo / novica;2025-04-16;;Duševno zdravje;Iskalni zadetek brez potrjene relevantnosti za CKZ.;Revija belokranjskih modrih frankinj uspešno predstavila vrhunska vina Bele krajine sre., 16.04.2025 ob 09:00 V prostorih VIVO cateringa v Ljubljani je včeraj potekala Revija belokranjskih modrih frankinj, edinstven dogodek, namen;raw/web/zdravstvo-20260919-novice-revija-belokranjskih-modrih-frankinj-uspesno-predstavila-vrhunska-vina-bele-krajine-f8970ed74.md
https://www.radio-odeon.com/sport/uspesen-konec-tedna-za-mlade-crnomaljske-rokometase/;Uspešen konec tedna za mlade črnomaljske rokometaše;Izločeno;Poročilo / novica;2025-04-15;;Gibanje;Iskalni zadetek brez potrjene relevantnosti za CKZ.;Uspešen konec tedna za mlade črnomaljske rokometaše tor., 15.04.2025 ob 09:00 Mladi rokometaši Rokometnega kluba Črnomelj so imeli zares pester in uspešen konec tedna, poln športnih izzivov in novih izkušenj. Pod vodstvom trenerje;raw/web/zdravstvo-20260919-sport-uspesen-konec-tedna-za-mlade-crnomaljske-rokometase-268f1a9ed.md
https://www.radio-odeon.com/novice/druzbena-omrezja-in-trajnostni-marketing-v-turizmu/;Družbena omrežja in trajnostni marketing v turizmu;Izločeno;Vabilo;2025-04-13;;Prehrana in telesna masa;Iskalni zadetek brez potrjene relevantnosti za CKZ.;Družbena omrežja in trajnostni marketing v turizmu ned., 13.04.2025 ob 14:00 Turizem se nenehno spreminja – sodobni popotniki iščejo avtentične izkušnje, trajnostne rešitve in zgodbe, ki jih navdihujejo. Vabimo vas, da se nam prid;raw/web/zdravstvo-20260919-novice-druzbena-omrezja-in-trajnostni-marketing-v-turizmu-c4e10f414.md
https://www.radio-odeon.com/novice/pevci-glasbene-sole-crnomelj-na-zborovskem-bumu/;Pevci Glasbene šole Črnomelj na Zborovskem bumu;Izločeno;Poročilo / novica;2025-04-10;;Gibanje;Iskalni zadetek brez potrjene relevantnosti za CKZ.;Pevci Glasbene šole Črnomelj na Zborovskem bumu čet., 10.04.2025 ob 13:00 V soboto so se pevci in pevke Mladinske vokalne skupine Vivace Glasbene šole Črnomelj udeležili Zborovskega buma, ki je potekal v športni dvorani Zlatorog v;raw/web/zdravstvo-20260919-novice-pevci-glasbene-sole-crnomelj-na-zborovskem-bumu-b438702a9.md
https://www.radio-odeon.com/novice/festival-zdravja-v-radencih-ob-kolpi/;Festival zdravja v Radencih ob Kolpi;Črnomelj;Poročilo / novica;2025-04-09;;Duševno zdravje;V besedilu je izrecno naveden črnomaljski CKZ oziroma nekdanji naziv Bela krajina.;"v ob Kolpi, natančneje na igrišču CŠOD. Skupaj s Centrom za krepitev zdravja (CKZ) Črnomelj smo pripravili prav posebno medgeneracijsko druženje, ki je povezalo starejše, mlade in vaščane. Dogajanje se je začelo z jutranjo vadbo po metodi ""1000 gib";raw/web/zdravstvo-20260919-novice-festival-zdravja-v-radencih-ob-kolpi-21c75bcc6.md
https://www.radio-odeon.com/novice/pozor-na-teh-lokacijah-v-beli-krajini-bodo-merili-hitrost/;Pozor, na teh lokacijah v Beli krajini bodo merili hitrost;Izločeno;Informativna objava;2025-04-08;;Ozaveščanje o raku;Iskalni zadetek brez potrjene relevantnosti za CKZ.;Pozor, na teh lokacijah v Beli krajini bodo merili hitrost tor., 08.04.2025 ob 17:00 Policisti bodo v sredo na 575 merilnih mestih izvajali poostren nadzor hitrosti cestnega prometa. Seznam lokacij je objavljen na spletni strani p;raw/web/zdravstvo-20260919-novice-pozor-na-teh-lokacijah-v-beli-krajini-bodo-merili-hitrost-d53d3ae9c.md
https://www.radio-odeon.com/novice/pohod-cujecnost-in-sladke-dobrote-na-svibniku/;Pohod, čuječnost in sladke dobrote na Svibniku;Črnomelj;Poročilo / novica;2025-04-08;;Ozaveščanje o raku;V besedilu je izrecno naveden črnomaljski CKZ oziroma nekdanji naziv Bela krajina.;00 V sklopu Festivala zdravja , ki ga organizira Center za krepitev zdravja Črnomelj, smo doživeli prav poseben dan – dan gibanja, povezovanja in skrbnega diha. Zjutraj smo se v dobrem razpoloženju zbrali v Črnomlju in se v skupinskem pohodu podali sk;raw/web/zdravstvo-20260919-novice-pohod-cujecnost-in-sladke-dobrote-na-svibniku-d657ea225.md
https://www.radio-odeon.com/novice/dan-za-spremembe-1/;Dan za spremembe;Črnomelj;Poročilo / novica;2025-04-06;;Gibanje;V besedilu je izrecno naveden črnomaljski CKZ oziroma nekdanji naziv Bela krajina.;obišča. Pohod smo zaključili z razteznimi vajami Centra za krepitev zdravja Črnomelj in malico.;raw/web/zdravstvo-20260919-novice-dan-za-spremembe-1-0fd280b35.md
https://www.radio-odeon.com/novice/veliko-koristnih-nasvetov-za-zdrav-zivljenjski-slog/;Veliko koristnih nasvetov za zdrav življenjski slog;Črnomelj;Poročilo / novica;2025-04-02;;Gibanje;V besedilu je izrecno naveden črnomaljski CKZ oziroma nekdanji naziv Bela krajina.;rav življenjski slog sre., 02.04.2025 ob 10:00 V Centru za krepitev zdravja ZD Črnomelj so v torek gostili zaposlene na črnomaljski občinski upravi in jim pripravili poseben dan zdravja. Osvežili so znanje temeljnih postopkov oživljanja z uporabo avtomatskega;raw/web/zdravstvo-20260919-novice-veliko-koristnih-nasvetov-za-zdrav-zivljenjski-slog-bbf52ead2.md
https://www.radio-odeon.com/nasveti/odkrijte-krajinski-park-kolpa-zaklad-narave-in-kulturne-dediscine/drobnica-tihi-steber-trajnostnega-podezelja/;Drobnica – tihi steber trajnostnega podeželja;Izločeno;Poročilo / novica;2025-04-02;;Ustno zdravje;Iskalni zadetek brez potrjene relevantnosti za CKZ.;Drobnica – tihi steber trajnostnega podeželja sre., 02.04.2025 ob 12:00 V času, ko se podeželje spreminja, polja zaraščajo in lokalna hrana postaja vse redkejša dobrina, ima reja drobnice – ovac in koz – pomembnejšo vlogo, kot se ;raw/web/zdravstvo-20260919-krajinski-park-kolpa-zaklad-narave-in-kulturne-dediscine-drobnica-tihi-steber-trajnostnega-podezelja-8f93e66c3.md
https://www.radio-odeon.com/novice/ucenje-igra-in-ustvarjanje-v-1-razredu/;Učenje, igra in ustvarjanje v 1. razredu;Črnomelj;Poročilo / novica;2025-03-29;;Ustno zdravje;V besedilu je izrecno naveden črnomaljski CKZ oziroma nekdanji naziv Bela krajina.;vje smo v učilnico povabili medicinski sestri iz Centra za krepitev zdravja Črnomelj. Z različnimi dejavnostmi sta nam približali skrb za zobe in pripravo zdravega obroka.;raw/web/zdravstvo-20260919-novice-ucenje-igra-in-ustvarjanje-v-1-razredu-3f70742b3.md
https://www.radio-odeon.com/novice/strategija-za-boljse-prometne-razmere-v-obcini/;Strategija za boljše prometne razmere v občini;Izločeno;Poročilo / novica;2025-03-28;;Gibanje;Iskalni zadetek brez potrjene relevantnosti za CKZ.;Strategija za boljše prometne razmere v občini pet., 28.03.2025 ob 13:00 Metliški občinski svet je na včerajšnji redni seji sprejel občinsko celostno prometno strategijo. Gre za strateški dokument, s katerim občina opredeli učinko;raw/web/zdravstvo-20260919-novice-strategija-za-boljse-prometne-razmere-v-obcini-324864b4a.md
https://www.radio-odeon.com/novice/zobkovadba-na-os-milke-sobar-natase/;Zobkovadba na OŠ Milke Šobar - Nataše;Črnomelj;Poročilo / novica;2025-03-25;;Ustno zdravje;V besedilu je izrecno naveden črnomaljski CKZ oziroma nekdanji naziv Bela krajina.; - Nataše tor., 25.03.2025 ob 17:00 Zaposlene iz Centra za krepitev zdravja Črnomelj so 20. marca na OŠ Milke Šobar – Nataše izvedle delavnice, s katerimi smo obeležili svetovni dan ustnega zdravja in na igriv način učence ozaveščali o pomenu;raw/web/zdravstvo-20260919-novice-zobkovadba-na-os-milke-sobar-natase-fe08084b3.md
https://www.radio-odeon.com/novice/s-projektom-colapis-do-ozavescanja-o-pomenu-reke-kolpe/;S projektom Colapis do ozaveščanja o pomenu reke Kolpe;Izločeno;Informativna objava;2025-03-21;;Ustno zdravje;Iskalni zadetek brez potrjene relevantnosti za CKZ.;S projektom Colapis do ozaveščanja o pomenu reke Kolpe pet., 21.03.2025 ob 08:00 S projektom Colapis – Kolpa nas povezuje se pričenja čezmejno sodelovanje, ki bo prispevalo k večji ozaveščenosti o pomenu reke Kolpe ter spodbujala ;raw/web/zdravstvo-20260919-novice-s-projektom-colapis-do-ozavescanja-o-pomenu-reke-kolpe-b48ca6ee3.md
https://www.radio-odeon.com/novice/zivimo-zdravo/;Živimo zdravo;Črnomelj;Poročilo / novica;2025-03-20;;Ustno zdravje;V besedilu je izrecno naveden črnomaljski CKZ oziroma nekdanji naziv Bela krajina.;inski sestri Ana Mavrin in Anita Zajec Kambič iz Centra za krepitev zdravja Črnomelj. Učenci so spoznali pomen zdrave prehrane in zdravega načina življenja preko različnih dejavnosti. Obnovili so svoje znanje o ustrezn;raw/web/zdravstvo-20260919-novice-zivimo-zdravo-331bafe8d.md
https://www.radio-odeon.com/novice/obcina-crnomelj-prejemnica-plakete-sever/;Občina Črnomelj prejemnica plakete Sever;Izločeno;Informativna objava;2025-03-20;;Skupnost in splošno zdravje;Iskalni zadetek brez potrjene relevantnosti za CKZ.;Občina Črnomelj prejemnica plakete Sever čet., 20.03.2025 ob 13:00 Zveza policijskih veteranskih društev (ZPVD) Sever je na redni letni skupščini 15. marca, v hotelu Mons v Ljubljani, podelila najvišja priznanja posameznikom in or;raw/web/zdravstvo-20260919-novice-obcina-crnomelj-prejemnica-plakete-sever-d494bf179.md
https://www.radio-odeon.com/novice/o-dusevnem-zdravju-mladih-v-beli-krajini/;O duševnem zdravju mladih v Beli krajini;Črnomelj;Informativna objava;2025-03-12;;Ustno zdravje;V besedilu je izrecno naveden črnomaljski CKZ oziroma nekdanji naziv Bela krajina.;li krajini, na katerega so povabili predstavnike centrov za krepitev zdravja Črnomelj in Metlika, dispanzerja za mentalno zdravje Bela krajina, podporne skupine Dobročutje, društva življenje brez nasilja, metliške enote centra za socialno delo in društva prijateljev mladine Metli;raw/web/zdravstvo-20260919-novice-o-dusevnem-zdravju-mladih-v-beli-krajini-dbf81d9e5.md
https://www.radio-odeon.com/novice/mladi-parlamentarci-s-stevilnimi-predlogi-za-boljsi-solski-sistem/;Mladi parlamentarci s številnimi predlogi za boljši šolski sistem;Drug center;Poročilo / novica;2025-03-05;;Skupnost in splošno zdravje;"CKZ Metlika oziroma drug izvajalec; ni dokaza vloge CKZ Črnomelj."; Andreja Fir iz Zavoda Metlika, Saška Pezdirc iz Centra za krepitev zdravja ZD Metlika ter predstavniki občinske uprave. Mlade parlamentarke in parlamentarci so z retoriko, načinom razmišljanja in nivojem razprave navdušili in dokazali, da se nam za prihodnost ni bati. N;raw/web/zdravstvo-20260919-novice-mladi-parlamentarci-s-stevilnimi-predlogi-za-boljsi-solski-sistem-28c84cdda.md
https://www.radio-odeon.com/novice/spremembe-na-kozi-je-treba-jemati-resno/;Spremembe na koži je treba jemati resno;Drug center;Poročilo / novica;2025-02-26;;Ozaveščanje o raku;"CKZ Metlika oziroma drug izvajalec; ni dokaza vloge CKZ Črnomelj.";bila tema današnje delavnice z Matejo Švajger iz Centra za krepitev zdravja ZD Metlika. Za uvod nam je predstavila kožo kot največji organ telesa, njeno zgradbo in pomen. Pogovarjali smo se o kožnih znamenjih, dejavnikih tveganja, samopregledova;raw/web/zdravstvo-20260919-novice-spremembe-na-kozi-je-treba-jemati-resno-9e46e2785.md
https://www.radio-odeon.com/novice/ob-jubileju-odprli-nove-prostore-hise-sadezi-druzbe-crnomelj/;Ob jubileju odprli nove prostore Hiše Sadeži družbe Črnomelj;Izločeno;Informativna objava;2025-02-17;;Ozaveščanje o raku;Iskalni zadetek brez potrjene relevantnosti za CKZ.;Ob jubileju odprli nove prostore Hiše Sadeži družbe Črnomelj pon., 17.02.2025 ob 19:00 V sklopu črnomaljskega občinskega praznika so danes slovesno odprli nove prostore Hiše Sadeži družbe Črnomelj, predstavili projekt VGC Marela+ ;raw/web/zdravstvo-20260919-novice-ob-jubileju-odprli-nove-prostore-hise-sadezi-druzbe-crnomelj-b8429ccbf.md
https://www.radio-odeon.com/novice/krepitev-dusevnega-zdravja-ucencev/;Krepitev duševnega zdravja učencev;Izločeno;Poročilo / novica;2025-02-11;;Duševno zdravje;Iskalni zadetek brez potrjene relevantnosti za CKZ.;Krepitev duševnega zdravja učencev tor., 11.02.2025 ob 17:00 V letošnjem šolskem letu na OŠ Loka Črnomelj še posebej poudarjamo pomen krepitve duševnega zdravja učencev ter spodbujanja vključujočega okolja. To je tudi cilj projekt;raw/web/zdravstvo-20260919-novice-krepitev-dusevnega-zdravja-ucencev-80c348566.md
https://www.radio-odeon.com/novice/oldtimer-klub-bela-krajina-deluje-ze-30-let/;Oldtimer klub Bela krajina deluje že 30 let;Izločeno;Poročilo / novica;2025-02-05;;Ustno zdravje;Iskalni zadetek brez potrjene relevantnosti za CKZ.;Oldtimer klub Bela krajina deluje že 30 let sre., 05.02.2025 ob 14:00 V soboto, 1. februarja, smo se zbrali in obeležili izjemen mejnik v zgodovini našega kluba – 30 let delovanja, predanosti, strasti in ljubezni do starodobnih vo;raw/web/zdravstvo-20260919-novice-oldtimer-klub-bela-krajina-deluje-ze-30-let-78a0f4d4e.md
https://www.radio-odeon.com/novice/povecan-interes-glede-pravic-iz-dolgotrajne-oskrbe/;Povečan interes glede pravic iz dolgotrajne oskrbe;Izločeno;Informativna objava;2025-02-04;;Skupnost in splošno zdravje;Iskalni zadetek brez potrjene relevantnosti za CKZ.;Povečan interes glede pravic iz dolgotrajne oskrbe tor., 04.02.2025 ob 13:00 Tudi na centrih za socialno delo (CSD) v vzhodnem delu države so z novim letom začele delovati vstopne točke, kjer bodo sprejemali vloge, ocenjevali upra;raw/web/zdravstvo-20260919-novice-povecan-interes-glede-pravic-iz-dolgotrajne-oskrbe-061d5aebb.md
https://www.radio-odeon.com/novice/posojila-za-podjetja-na-obmejnih-problemskih-obmocij/;Posojila za podjetja na obmejnih problemskih območij;Izločeno;Informativna objava;2025-02-02;;Skupnost in splošno zdravje;Iskalni zadetek brez potrjene relevantnosti za CKZ.;Posojila za podjetja na obmejnih problemskih območij ned., 02.02.2025 ob 14:00 Slovenski podjetniški sklad (SPS) je objavil razpis P7R 2025 | Krediti za podjetja iz obmejnih problemskih območij v Republiki Sloveniji. Namen razpisa;raw/web/zdravstvo-20260919-novice-posojila-za-podjetja-na-obmejnih-problemskih-obmocij-525f84066.md
https://www.radio-odeon.com/novice/prvo-desetletje-sole-zdravja-v-metliki/;Prvo desetletje Šole zdravja v Metliki;Drug center;Poročilo / novica;2025-01-31;;Ustno zdravje;"CKZ Metlika oziroma drug izvajalec; ni dokaza vloge CKZ Črnomelj.";ška Vukšinič , Saška Pezdirc in Mirna Nemanič iz Centra za krepitev zdravja Metlika, Marta Strahinič iz Ljudske knjižnice Metlika, Alenka Misja iz Belokranjskega muzeja, učiteljica Nina Bradica iz OŠ Metlika z nastopajočima učenkama Saro Ladika in Ajdo Zgaga Misja . Predsednica D;raw/web/zdravstvo-20260919-novice-prvo-desetletje-sole-zdravja-v-metliki-973d42d1b.md
https://www.radio-odeon.com/novice/obnovili-bi-konzum-in-stavbo-ljudske-knjiznice/;Obnovili bi Konzum in stavbo ljudske knjižnice;Izločeno;Informativna objava;2025-01-31;;Gibanje;Iskalni zadetek brez potrjene relevantnosti za CKZ.;Obnovili bi Konzum in stavbo ljudske knjižnice pet., 31.01.2025 ob 11:00 Metliški občinski svet je na sinočnji seji poleg dviga cen vzgojno-varstvenih programov v vrtcu , ki so posledica sprejema novega plačnega sistema, v drugem ;raw/web/zdravstvo-20260919-novice-obnovili-bi-konzum-in-stavbo-ljudske-knjiznice-991ca4b17.md
https://www.radio-odeon.com/novice/v-skrbi-za-zdravje/;V skrbi za zdravje;Črnomelj;Poročilo / novica;2025-01-28;;Ustno zdravje;V besedilu je izrecno naveden črnomaljski CKZ oziroma nekdanji naziv Bela krajina.; Milke Šobar - Nataše obiskala gospa Katarina iz Centra za krepitev zdravja Črnomelj. Pogovorili smo se o tem, kako sta skrb za osebno higieno in čiste zobe pomembni za naše zdravje. Skozi igro in poučne delavnice smo obnov;raw/web/zdravstvo-20260919-novice-v-skrbi-za-zdravje-54497d589.md
https://www.radio-odeon.com/sport/nepozaben-sportni-dan-na-gacah/;Nepozaben športni dan na Gačah;Izločeno;Poročilo / novica;2025-01-27;;Duševno zdravje;Iskalni zadetek brez potrjene relevantnosti za CKZ.;Nepozaben športni dan na Gačah pon., 27.01.2025 ob 19:00 V ponedeljek, 20. januarja, so učenci Osnovne šole Komandanta Staneta Dragatuš preživeli aktiven in nepozaben športni dan. Učenci od 4. do 8. razreda so se odpravili na smuč;raw/web/zdravstvo-20260919-sport-nepozaben-sportni-dan-na-gacah-623021a8c.md
https://www.radio-odeon.com/novice/vlado-pozvali-k-ukrepom-za-krepitev-razvojne-moci-bele-krajine/;Vlado pozvali k ukrepom za krepitev razvojne moči Bele krajine;Izločeno;Informativna objava;2025-01-22;;Skupnost in splošno zdravje;Iskalni zadetek brez potrjene relevantnosti za CKZ.;Vlado pozvali k ukrepom za krepitev razvojne moči Bele krajine sre., 22.01.2025 ob 16:00 Predsednik državnega sveta (DS) Marko Lotrič in državni svetnik Darko Zevnik sta na današnji redni seji DS predstavila pobudo glede načrtovan;raw/web/zdravstvo-20260919-novice-vlado-pozvali-k-ukrepom-za-krepitev-razvojne-moci-bele-krajine-83931d7c7.md
https://www.radio-odeon.com/novice/o-malih-zobkih-na-zabaven-nacin/;O malih zobkih na zabaven način;Črnomelj;Poročilo / novica;2025-01-18;;Ustno zdravje;V besedilu je izrecno naveden črnomaljski CKZ oziroma nekdanji naziv Bela krajina.;avimi stvarmi nahranili psa Pikota. Gospe Ani iz Centra za krepitev zdravja Črnomelj se zahvaljujemo za poučne urice in njen čas.;raw/web/zdravstvo-20260919-novice-o-malih-zobkih-na-zabaven-nacin-b41f0543d.md
https://www.radio-odeon.com/novice/zobkovadba-in-gibalna-mala-sola/;Zobkovadba in gibalna mala šola;Črnomelj;Poročilo / novica;2025-01-09;;Ustno zdravje;V besedilu je izrecno naveden črnomaljski CKZ oziroma nekdanji naziv Bela krajina.;na OŠ Milke Šobar - Nataše obiskali zaposleni iz Centra za krepitev zdravja Črnomelj. Na zanimiv in poučen način sta nam prikazali ter predstavili skrb za osebno higieno, zobkovadbo in nam skozi igro približali gibalno malo šolo. Da bom;raw/web/zdravstvo-20260919-novice-zobkovadba-in-gibalna-mala-sola-d94fc9cd3.md
https://www.radio-odeon.com/novice/brezplacno-jutranje-razgibavanje-z-drustvom-sola-zdravja/;Brezplačno jutranje razgibavanje s Šolo zdravja;Izločeno;Vabilo;2025-01-04;;Duševno zdravje;Iskalni zadetek brez potrjene relevantnosti za CKZ.;Brezplačno jutranje razgibavanje s Šolo zdravja sob., 04.01.2025 ob 12:00 V prvih dveh mesecih leta 2025 vam Društvo Šola zdravja podarja brezplačno jutranje razgibavanje, ki bo potekalo prek spletne platforme Zoom. Od 6. januarja;raw/web/zdravstvo-20260919-novice-brezplacno-jutranje-razgibavanje-z-drustvom-sola-zdravja-823d6787d.md
https://www.radio-odeon.com/novice/obisk-melanie-arreaga-v-metliki/;Obisk Melanie Arreaga v Metliki;Izločeno;Poročilo / novica;2024-12-17;;Skupnost in splošno zdravje;Iskalni zadetek brez potrjene relevantnosti za CKZ.;Obisk Melanie Arreaga v Metliki tor., 17.12.2024 ob 16:00 V Metliki so danes gostili prav posebno gostjo – Melanie Arreaga , začasno odpravnico poslov na Veleposlaništvu Združenih držav Amerike v Sloveniji. Obisk je bil priložnost;raw/web/zdravstvo-20260919-novice-obisk-melanie-arreaga-v-metliki-f9b001a09.md
https://www.radio-odeon.com/novice/drugi-najbolj-brkati-pohod-na-mirno-goro-druzenje-zdravje-in-brki/;Drugi najbolj brkati pohod na Mirno goro – druženje, zdravje in brki!;Črnomelj;Informativna objava;2024-11-27;;Ozaveščanje o raku;V besedilu je izrecno naveden črnomaljski CKZ oziroma nekdanji naziv Bela krajina.;enje, zdravje in brki! sre., 27.11.2024 ob 06:00 Center za krepitev zdravja ZD Črnomelj je minulo soboto organiziral že drugi najbolj brkati pohod na Mirno goro, ki je z odlično organizacijo, pestro vsebino in pisano druščino pohodnikov postavil nove mejnike v povezovanju, zdr;raw/web/zdravstvo-20260919-novice-drugi-najbolj-brkati-pohod-na-mirno-goro-druzenje-zdravje-in-brki-b286653f3.md
https://www.radio-odeon.com/novice/teden-taboo-jev-v-semicu/;Teden taboo-jev v Semiču;Izločeno;Poročilo / novica;2024-11-23;;Prehrana in telesna masa;Iskalni zadetek brez potrjene relevantnosti za CKZ.;Teden taboo-jev v Semiču sob., 23.11.2024 ob 15:00 V Kulturnem centru Semič smo med 18. in 22. novembrom organizirali Teden taboo-jev , ki je s pestro vsebino odpiral prostor za razprave o tabu temah, spodbujal kritično razmišljan;raw/web/zdravstvo-20260919-novice-teden-taboo-jev-v-semicu-639eeaf30.md
https://www.radio-odeon.com/novice/zdrave-navade-in-vitaminski-mesec-v-1-razredu/;Zdrave navade in vitaminski mesec v 1. razredu;Črnomelj;Poročilo / novica;2024-11-17;;Prehrana in telesna masa;V besedilu je izrecno naveden črnomaljski CKZ oziroma nekdanji naziv Bela krajina.;ca Črnomelj prav poseben dan. Obiskali so nas iz Centra za krepitev zdravja (CKZ) Črnomelj in nam pripravili naravoslovni dan na temo zdravih navad in vitaminskega meseca. Najprej smo se pogovorili o različni zelenjavi in sadju, nato pa smo zavihali rokave,;raw/web/zdravstvo-20260919-novice-zdrave-navade-in-vitaminski-mesec-v-1-razredu-0e9ae8038.md
https://www.radio-odeon.com/sport/o-izzivih-in-priloznostih-metliskega-sporta/;O izzivih in priložnostih metliškega športa;Izločeno;Poročilo / novica;2024-11-16;;Ozaveščanje o raku;Iskalni zadetek brez potrjene relevantnosti za CKZ.;O izzivih in priložnostih metliškega športa sob., 16.11.2024 ob 10:00 Po uspešno zaključenem športnem koncu tedna smo 4. novembra v Metliki pripravili javno razpravo o trenutnem stanju športa v občini. Dogodek je bil odprt za javn;raw/web/zdravstvo-20260919-sport-o-izzivih-in-priloznostih-metliskega-sporta-3dee90ffa.md
https://www.radio-odeon.com/novice/semiska-iskra-seli-del-proizvodnje-v-bih/;Semiška Iskra seli del proizvodnje v BiH;Izločeno;Informativna objava;2024-11-14;;Gibanje;Iskalni zadetek brez potrjene relevantnosti za CKZ.;Semiška Iskra seli del proizvodnje v BiH čet., 14.11.2024 ob 15:00 Skupina Iskra je lani začela graditi novo tovarno v Laktaših v Bosni in Hercegovini, kamor nameravajo do sredine prihodnjega leta iz semiškega obrata preseliti pro;raw/web/zdravstvo-20260919-novice-semiska-iskra-seli-del-proizvodnje-v-bih-632d27107.md
https://www.radio-odeon.com/novice/predsednik-ds-v-beli-krajini-cimprej-zgraditi-tretjo-razvojno-os/;Predsednik DS v Beli krajini: Čimprej zgraditi tretjo razvojno os;Izločeno;Poročilo / novica;2024-11-12;;Skupnost in splošno zdravje;Iskalni zadetek brez potrjene relevantnosti za CKZ.;Predsednik DS v Beli krajini: Čimprej zgraditi tretjo razvojno os tor., 12.11.2024 ob 16:00 Udeleženci današnjega sestanka predsednika državnega sveta Marka Lotriča s tremi belokranjskimi župani so opozorili na nujnost čimprejšnje;raw/web/zdravstvo-20260919-novice-predsednik-ds-v-beli-krajini-cimprej-zgraditi-tretjo-razvojno-os-47f47f30f.md
https://www.radio-odeon.com/novice/zdravstvena-in-zobozdravstvena-vzgoja-na-os-dragatus/;Zdravstvena in zobozdravstvena vzgoja na OŠ Dragatuš;Nejasno;Vabilo;2024-10-19;;Ustno zdravje;"Povezava s CKZ Črnomelj ni dovolj izrecna; ne vključujemo v njegovo oceno.";. 2024, je prišla medicinska sestra iz centra za krepitev zdravja. Najprej nam je pregledala zobke. Razveselil sem se »rdečega fredija«. Povedala nam je, kaj bomo počeli. Pripravili smo si zelo dober namaz, naredili smo ga z zelenjavo. Sl;raw/web/zdravstvo-20260919-novice-zdravstvena-in-zobozdravstvena-vzgoja-na-os-dragatus-c870d3b51.md
https://www.radio-odeon.com/novice/roznati-koraki-v-doblicah/;Rožnati koraki v Dobličah;Črnomelj;Poročilo / novica;2024-10-15;;Ozaveščanje o raku;V besedilu je izrecno naveden črnomaljski CKZ oziroma nekdanji naziv Bela krajina.; ki ga je v okviru rožnatega oktobra organiziral Center za krepitev zdravja (CKZ) Črnomelj, je zbral okoli 50 udeležencev, ki so s svojo prisotnostjo podprli prizadevanja za ozaveščanje o raku dojk. Dogodek sta otvorili vodja CKZ Črnome;raw/web/zdravstvo-20260919-novice-roznati-koraki-v-doblicah-04697ad13.md
https://www.radio-odeon.com/novice/uravnotezena-zdrava-prehrana/;Uravnotežena zdrava prehrana;Drug center;Informativna objava;2024-10-11;;Prehrana in telesna masa;"CKZ Metlika oziroma drug izvajalec; ni dokaza vloge CKZ Črnomelj.";ce v Hiši Sadeži družbe Metlika, v sodelovanju s Centrom za krepitev zdravja ZD Metlika, je bila uravnotežena zdrava prehrana. Magistra inženirka živilstva in prehrane Katja Gregorič nam je predstavila metode in priporočila zdravega na;raw/web/zdravstvo-20260919-novice-uravnotezena-zdrava-prehrana-d8c9d7b61.md
https://www.radio-odeon.com/sport/clani-klonili-v-koncnici-veterani-osvojili-turnir/;Člani klonili v končnici, veterani osvojili turnir na Hvaru;Izločeno;Poročilo / novica;2024-10-07;;Gibanje;Iskalni zadetek brez potrjene relevantnosti za CKZ.;Člani klonili v končnici, veterani osvojili turnir na Hvaru pon., 07.10.2024 ob 08:00 Rokometaši Črnomlja so v 4. krogu 1. B SRL gostili ekipo Ajdovščine, ki se je pred pričetkom nove sezone izdatno igralsko in finančno okrepila t;raw/web/zdravstvo-20260919-sport-clani-klonili-v-koncnici-veterani-osvojili-turnir-fe62e14a1.md
https://www.radio-odeon.com/novice/delavnica-ob-svetovnemu-dnevu-higiene-rok/;Delavnica ob svetovnemu dnevu higiene rok;Drug center;Poročilo / novica;2024-10-04;;Ustno zdravje;"CKZ Metlika oziroma drug izvajalec; ni dokaza vloge CKZ Črnomelj."; higiene rok, ki je 15. oktobra. V sodelovanju s Centrom za krepitev zdravja ZD Metlika smo se pogovarjali z dipl. med. sestro Matejo Švajger o pomenu higiene rok v vsakdanjem življenju. O prenosu in širjenju bolezni, o poteku pravilnega umivanja i;raw/web/zdravstvo-20260919-novice-delavnica-ob-svetovnemu-dnevu-higiene-rok-8c95aa9f3.md
https://www.radio-odeon.com/sport/drugacen-sportni-dan/;Drugačen športni dan;Nejasno;Informativna objava;2024-10-02;;Gibanje;"Povezava s CKZ Črnomelj ni dovolj izrecna; ne vključujemo v njegovo oceno."; športni dan. Obiskala jih je Laura iz Centra za krepitev zdravja. Predstavila jim je različne vsebine gibanj ter učence dobro razgibala. Bil je lep dopoldan.;raw/web/zdravstvo-20260919-sport-drugacen-sportni-dan-3f61194a5.md
https://www.radio-odeon.com/novice/svetovni-dan-turizma-2024-turizem-in-mir/;Svetovni dan turizma v Črnomlju: Turizem in mir;Nejasno;Poročilo / novica;2024-09-30;;Prehrana in telesna masa;"Povezava s CKZ Črnomelj ni dovolj izrecna; ne vključujemo v njegovo oceno.";odil Rok Simčič iz Špica servis koles. Center za krepitev zdravja je na stojnici z zdravimi prigrizki promoviral zdrav način prehranjevanja. Tam je pred odprtjem tržnice potekala tudi delavnica za otroke in odrasle z naslovom Ajda za;raw/web/zdravstvo-20260919-novice-svetovni-dan-turizma-2024-turizem-in-mir-76fca6b14.md
https://www.radio-odeon.com/nasveti/princip/princip-20-kaj-je-hisni-sejem-in-zakaj-bi-se-podjetniki-odlocili-zanj/;Princip 20: Kaj je hišni sejem in zakaj bi se podjetniki odločili zanj?;Izločeno;Vabilo;2024-09-26;;Gibanje;Iskalni zadetek brez potrjene relevantnosti za CKZ.;Princip 20: Kaj je hišni sejem in zakaj bi se podjetniki odločili zanj? čet., 26.09.2024 ob 09:30 Z raznimi tipi predstavitev podjetij imam dobrih 10 let izkušenj. In ko sem na radiu slišal oglas za hišni sejem enega od slovenskih;raw/web/zdravstvo-20260919-nasveti-princip-princip-20-kaj-je-hisni-sejem-in-zakaj-bi-se-podjetniki-odlocili-zanj-4002e9558.md
https://www.radio-odeon.com/novice/kljub-kislemu-vremenu-izvedli-pester-nabor-aktivnosti/;Kljub kislemu vremenu izvedli pester nabor aktivnosti;Drug center;Poročilo / novica;2024-09-18;;Prehrana in telesna masa;"CKZ Metlika oziroma drug izvajalec; ni dokaza vloge CKZ Črnomelj.";dkov v okviru evropskega tedna mobilnosti (ETM). Center za krepitev zdravja Metlika je v dopoldanskih urah v domu starejših občanov izvajal meritve krvnega tlaka, sladkorja in maščob v krvi. Starejše so spomnili na vpliv prehrane na telo ter na pomembnost ;raw/web/zdravstvo-20260919-novice-kljub-kislemu-vremenu-izvedli-pester-nabor-aktivnosti-05e80a0b0.md
https://www.radio-odeon.com/novice/skupaj-so-ustvarili-udoben-javni-prostor-za-vse/;Skupaj so ustvarili udoben javni prostor za vse;Drug center;Poročilo / novica;2024-09-17;;Gibanje;"CKZ Metlika oziroma drug izvajalec; ni dokaza vloge CKZ Črnomelj.";tino Legan Janžekovič razgibale na mestnem trgu. Center za krepitev zdravja Metlika je na stojnici evropskega tedna mobilnosti skozi različne brošure, teste ter nasvete mimoidoče opomnil, da je potrebno lastno zdravje vedno postaviti na prvo mesto. K;raw/web/zdravstvo-20260919-novice-skupaj-so-ustvarili-udoben-javni-prostor-za-vse-867b2178e.md
https://www.radio-odeon.com/nasveti/pravni-nasvet/odgovornost-lastnika-vozila-za-prekrsek/;Odgovornost lastnika vozila za prekršek;Izločeno;Informativna objava;2024-09-11;;Skupnost in splošno zdravje;Iskalni zadetek brez potrjene relevantnosti za CKZ.;Bralec je na dom dobil plačilni nalog za prehitro vožnjo skupaj s fotografijo njegovega vozila. Plačilni nalog so izdali medobčinski redarji. Zanima ga zakaj vedno pošiljajo plačilne naloge na dom in ne ustavijo voznika in mu pred;raw/web/zdravstvo-20260919-nasveti-pravni-nasvet-odgovornost-lastnika-vozila-za-prekrsek-6dbcda18c.md
https://www.radio-odeon.com/novice/pogovor-o-epidemiji-sodobnega-sveta/;Pogovor o epidemiji sodobnega sveta;Drug center;Poročilo / novica;2024-09-05;;Skupnost in splošno zdravje;"CKZ Metlika oziroma drug izvajalec; ni dokaza vloge CKZ Črnomelj.";co na to temo, ki jo je vodila Mateja Švajger iz Centra za krepitev zdravja Metlika. Pogovarjali smo se o demenci, epidemiji sodobnega sveta, o začetnih znakih, o stanju družine v katero se ta bolezen pritihotapi. Alzheimerjeva bolezen se;raw/web/zdravstvo-20260919-novice-pogovor-o-epidemiji-sodobnega-sveta-146ada3a8.md
https://www.radio-odeon.com/novice/drugi-dan-pocitniskega-tabora-v-hsd-crnomelj/;Drugi dan počitniškega tabora v HSD Črnomelj;Nejasno;Poročilo / novica;2024-08-21;;Ozaveščanje o raku;"Povezava s CKZ Črnomelj ni dovolj izrecna; ne vključujemo v njegovo oceno.";ko smo bili še malo zaspani, smo se s Centrom za krepitev zdravja iz Črnomlja dobro razgibali. Po dolgem obdobju vročine, smo veselo poskakovali na svežem jutranjem zraku. Tako je cel dopoldan minil v zdravem gibanju. Kot bi naše ;raw/web/zdravstvo-20260919-novice-drugi-dan-pocitniskega-tabora-v-hsd-crnomelj-d16aabafb.md
https://www.radio-odeon.com/novice/pocitniske-aktivnosti-v-mladinskem-centru-metlika-2024/;Počitniške aktivnosti v Mladinskem centru Metlika 2024;Nejasno;Poročilo / novica;2024-08-16;;Prehrana in telesna masa;"Povezava s CKZ Črnomelj ni dovolj izrecna; ne vključujemo v njegovo oceno.";ohod in pogovor Urbanka (skupaj s kineziologinjo CKZ) 11.00 – 13.00: mentorica Katja, kviz na temo prehrane, ogled kratkih filmov • Ponedeljek, 26.8. Gremo se pomenat? 9.30 – 11.00: mentor Sandi, spoznavni krog, igre 11.00 – 13;raw/web/zdravstvo-20260919-novice-pocitniske-aktivnosti-v-mladinskem-centru-metlika-2024-5db3861b9.md
https://www.radio-odeon.com/novice/poceni-skafi-na-metliskem-gradu/;Počeni škafi na metliškem gradu;Izločeno;Informativna objava;2024-08-09;;Skupnost in splošno zdravje;Iskalni zadetek brez potrjene relevantnosti za CKZ.;Počeni škafi na metliškem gradu pet., 09.08.2024 ob 14:00 Včerajšnji večer je bil prava glasbena poslastica! Počeni Škafi so s svojo energijo in edinstvenim zvokom ponovno navdušili občinstvo. Stare grajske stene so zaživele ob nj;raw/web/zdravstvo-20260919-novice-poceni-skafi-na-metliskem-gradu-12244716b.md
https://www.radio-odeon.com/novice/delavnica-o-tesnobi-in-napadih-panike/;Delavnica o tesnobi in napadih panike;Drug center;Informativna objava;2024-08-07;;Duševno zdravje;"CKZ Metlika oziroma drug izvajalec; ni dokaza vloge CKZ Črnomelj.";HSD Metlika je imela včeraj psihologinja Ryma iz CKZ Metlika pogovorno delavnico o tesnobi in napadih panike. Posvetila se je vsakemu posamezniku in njegovim osebnim izkušnjam. Le kdo se ni že kdaj počutil nelagodno, ;raw/web/zdravstvo-20260919-novice-delavnica-o-tesnobi-in-napadih-panike-ad261a40b.md
https://www.radio-odeon.com/novice/90-let-pgd-adlesici/;90 let PGD Adlešiči;Izločeno;Poročilo / novica;2024-08-06;;Ozaveščanje o raku;Iskalni zadetek brez potrjene relevantnosti za CKZ.;90 let PGD Adlešiči tor., 06.08.2024 ob 15:00 Korak za korakom smo z veliko mero odgovornosti, povezanosti, vztrajnosti in predvsem predanosti gasilski dejavnosti ustvarili sedanje jedro društva. Da to opazijo tudi številni gasilc;raw/web/zdravstvo-20260919-novice-90-let-pgd-adlesici-862c6a511.md
https://www.radio-odeon.com/sport/mladi-tecajniki-rolanja-dobili-prav-poseben-obisk/;Mladi tečajniki rolanja dobili prav poseben obisk;Črnomelj;Poročilo / novica;2024-08-02;;Gibanje;V besedilu je izrecno naveden črnomaljski CKZ oziroma nekdanji naziv Bela krajina.;ben obisk pet., 02.08.2024 ob 15:00 Pod okriljem Centra za krepitev zdravja Črnomelj se je zaključil petdnevni poletni tečaj rolanja, ki je potekal v tem tednu nad črnomaljskim Čardakom Otroci so se ves teden pridno učili in trenirali, predvsem pa se zab;raw/web/zdravstvo-20260919-sport-mladi-tecajniki-rolanja-dobili-prav-poseben-obisk-d8e17a402.md
https://www.radio-odeon.com/nasveti/princip/princip-16-spletna-stran-to-vam-pa-odsvetujem/;Princip 16: Spletna stran? To vam pa odsvetujem.;Izločeno;Poročilo / novica;2024-08-01;;Ozaveščanje o raku;Iskalni zadetek brez potrjene relevantnosti za CKZ.;Princip 16: Spletna stran? To vam pa odsvetujem. čet., 01.08.2024 ob 09:30 Nedolgo nazaj sem na mail prejel povpraševanje za izdelavo spletne strani. Super se mi je zdelo, ker je oseba v mailu odkrito napisala, da že ima nekaj pon;raw/web/zdravstvo-20260919-nasveti-princip-princip-16-spletna-stran-to-vam-pa-odsvetujem-665415fa4.md
https://www.radio-odeon.com/novice/z-novo-stavbo-bodo-najvec-pridobili-otroci/;Z novo stavbo bodo največ pridobili otroci;Črnomelj;Poročilo / novica;2024-07-31;;Ustno zdravje;V besedilu je izrecno naveden črnomaljski CKZ oziroma nekdanji naziv Bela krajina.;v Loki, začela dograditev OŠ Dragatuš, izgradila Center za krepitev zdravja Črnomelj, uredila igrišče znanja in druženja v Dobličah, sanirala stavbo nekdanjega dijaškega doma, uredila vadbeni park na prostem v Jurjevanjski dragi v Črnomlju, nabavi;raw/web/zdravstvo-20260919-novice-z-novo-stavbo-bodo-najvec-pridobili-otroci-dc48ed6cd.md
https://www.radio-odeon.com/novice/trim-steza-na-vrazjem-kamnu-vabi/;Trim steza na Vražjem kamnu vabi;Izločeno;Informativna objava;2024-07-28;;Gibanje;Iskalni zadetek brez potrjene relevantnosti za CKZ.;Trim steza na Vražjem kamnu vabi ned., 28.07.2024 ob 16:00 Izkoristite prijetno gozdno klimo, ptičje petje ter senco za gibanje v naravi. Tudi vadbene naprave, opremljene z navodili za varno in učinkovito vadbo, so vam na voljo. V;raw/web/zdravstvo-20260919-novice-trim-steza-na-vrazjem-kamnu-vabi-d074137db.md
https://www.radio-odeon.com/novice/tehnike-sproscanja-v-hsd-metlika/;Tehnike sproščanja v HSD Metlika;Drug center;Poročilo / novica;2024-07-21;;Duševno zdravje;"CKZ Metlika oziroma drug izvajalec; ni dokaza vloge CKZ Črnomelj.";lo drugačen način. Psihologinja Rymma Štubler iz Centra za krepitev zdravja ZD Metlika nam je predstavila več vrst tehnik sproščanja, od gibalnih, dihalnih, ustvarjalnih (risanje, barvanje mandal, kvačkanje, pletenje,...), meditacijskih, ;raw/web/zdravstvo-20260919-novice-tehnike-sproscanja-v-hsd-metlika-966d18a18.md
https://www.radio-odeon.com/novice/na-pohodu-s-ckz-jem/;Na pohodu do otovskega lepotca;Črnomelj;Poročilo / novica;2024-07-20;;Gibanje;V besedilu je izrecno naveden črnomaljski CKZ oziroma nekdanji naziv Bela krajina.;lepotca sob., 20.07.2024 ob 14:00 V organizaciji Centra za krepitev zdravja Zdravstvenega doma Črnomelj smo se v četrtek podali na čudovit pohod do otovskega viadukta. Med potjo smo pokazali, kako lahko krepimo mišično moč v naravi in na koncu izvedli ra;raw/web/zdravstvo-20260919-novice-na-pohodu-s-ckz-jem-15bae28f6.md
https://www.radio-odeon.com/novice/sredstva-za-krepitev-prepoznavnosti-bele-krajine/;Sredstva za krepitev prepoznavnosti Bele krajine;Izločeno;Poročilo / novica;2024-07-13;;Duševno zdravje;Iskalni zadetek brez potrjene relevantnosti za CKZ.;Sredstva za krepitev prepoznavnosti Bele krajine sob., 13.07.2024 ob 14:00 Razvojno informacijski center Bela krajina v sklopu katerega deluje DMO Bela krajina, ki skrbi za razvoj ponudbe in promocijo destinacije, je uspešno kandi;raw/web/zdravstvo-20260919-novice-sredstva-za-krepitev-prepoznavnosti-bele-krajine-3b30253fd.md
https://www.radio-odeon.com/novice/vse-zobozdravstvene-storitve-pod-eno-streho/;Vse zobozdravstvene storitve pod eno streho;Izločeno;Poročilo / novica;2024-07-09;;Ustno zdravje;Iskalni zadetek brez potrjene relevantnosti za CKZ.;Vse zobozdravstvene storitve pod eno streho tor., 09.07.2024 ob 08:00 Zobozdravstvene storitve so del našega življenja. Nekateri zobarja pridno obiskujejo predvsem v otroštvu in kasneje v najstništvu, nato pa nanj kar pozabijo. Ko;raw/web/zdravstvo-20260919-novice-vse-zobozdravstvene-storitve-pod-eno-streho-fd8cc073d.md
https://www.radio-odeon.com/novice/metliski-sokoli-v-ceski-prestolnici/;Metliški sokoli v češki prestolnici;Izločeno;Poročilo / novica;2024-07-08;;Gibanje;Iskalni zadetek brez potrjene relevantnosti za CKZ.;Metliški sokoli v češki prestolnici pon., 08.07.2024 ob 12:00 Metliški sokoli in sokolice smo skupnost prostovoljnih telovadnih navdušencev, ki z veseljem nadaljujemo bogato tradicijo nekdanjega Belokranjskega sokola, ustanovljene;raw/web/zdravstvo-20260919-novice-metliski-sokoli-v-ceski-prestolnici-253a5a6c5.md
https://www.radio-odeon.com/novice/prvi-dogodek-v-okviru-projekta-jurka-24-25/;Prvi dogodek v okviru projekta Jurka 24-25;Izločeno;Poročilo / novica;2024-07-04;;Ozaveščanje o raku;Iskalni zadetek brez potrjene relevantnosti za CKZ.;Prvi dogodek v okviru projekta Jurka 24-25 čet., 04.07.2024 ob 12:00 V Dugi Resi je 1. julija potekal prvi dogodek v okviru projekta JURKA 24-25, ki ga sofinancira Evropska unija iz programa CERV (državljani, enakost, pravice in v;raw/web/zdravstvo-20260919-novice-prvi-dogodek-v-okviru-projekta-jurka-24-25-8c37bde1e.md
https://www.radio-odeon.com/nasveti/princip/princip-13-zakaj-ne-bi-za-marketing-skrbel-kar-sam/;Princip 13: Zakaj ne bi za marketing skrbel kar sam?;Izločeno;Informativna objava;2024-06-20;;Ustno zdravje;Iskalni zadetek brez potrjene relevantnosti za CKZ.;Princip 13: Zakaj ne bi za marketing skrbel kar sam? čet., 20.06.2024 ob 09:30 Zakaj bi marketing delal kar sam? Simon je čisto na začetku pripomnil: “Moja zgodba, mislim, da ni aplikativna za vse …”, in tukaj sva se takoj na zače;raw/web/zdravstvo-20260919-nasveti-princip-princip-13-zakaj-ne-bi-za-marketing-skrbel-kar-sam-2794e3de7.md
https://www.radio-odeon.com/novice/podpis-sporazuma-o-vzajemni-pomoci-v-primeru-naravnih-in-drugih-nesrec/;Podpis sporazuma o vzajemni pomoči v primeru naravnih in drugih nesreč;Izločeno;Poročilo / novica;2024-06-19;;Gibanje;Iskalni zadetek brez potrjene relevantnosti za CKZ.;Podpis sporazuma o vzajemni pomoči v primeru naravnih in drugih nesreč sre., 19.06.2024 ob 10:00 Gasilska zveza Črnomelj in Občina Črnomelj sta bili v letih 2018–2021 partnerici pri projektu Skupna čezmejna operativna enota zaščit;raw/web/zdravstvo-20260919-novice-podpis-sporazuma-o-vzajemni-pomoci-v-primeru-naravnih-in-drugih-nesrec-e4c685964.md
https://www.radio-odeon.com/sport/lovro-stubljar-k-drzavnim-prvakom/;Lovro Štubljar k državnim prvakom;Izločeno;Informativna objava;2024-06-14;;Skupnost in splošno zdravje;Iskalni zadetek brez potrjene relevantnosti za CKZ.;Lovro Štubljar k državnim prvakom pet., 14.06.2024 ob 15:00 Slovenski nogometni prvoligaš Celje je danes uradno predstavil prvo poletno okrepitev. Celjani so se z italijanskim Empolijem dogovorili o posoji vratarja Lovra Štubljarj;raw/web/zdravstvo-20260919-sport-lovro-stubljar-k-drzavnim-prvakom-7a8919a55.md
https://www.radio-odeon.com/sport/luka-kambic-ostaja-med-prvoligasko-druscino/;Luka Kambič ostaja med prvoligaško druščino;Izločeno;Poročilo / novica;2024-06-13;;Skupnost in splošno zdravje;Iskalni zadetek brez potrjene relevantnosti za CKZ.;Luka Kambič ostaja med prvoligaško druščino čet., 13.06.2024 ob 15:00 Slovenski nogometni prvoligaš Domžale je predstavil novo okrepitev. Konkurenco v obrambi rumene družine bo okrepil Luka Kambič . 25-letni desni bočni branilec j;raw/web/zdravstvo-20260919-sport-luka-kambic-ostaja-med-prvoligasko-druscino-fea07fe00.md
https://www.radio-odeon.com/novice/robotska-roka-na-srednji-soli-crnomelj/;Robotska roka na Srednji šoli Črnomelj;Izločeno;Informativna objava;2024-06-11;;Ustno zdravje;Iskalni zadetek brez potrjene relevantnosti za CKZ.;Robotska roka na Srednji šoli Črnomelj tor., 11.06.2024 ob 10:00 Srednja šola Črnomelj je v mesecu juniju prejela robotsko roko, ki bo dijakom omogočila boljše razumevanje sodobne tehnologije ter uporabe le-te. Dijaki bodo dobili ;raw/web/zdravstvo-20260919-novice-robotska-roka-na-srednji-soli-crnomelj-ee9b303e0.md
https://www.radio-odeon.com/novice/nepozabno-plavanje-hvala-starsem-za-podporo/;Nepozabno plavanje – hvala staršem za podporo!;Nejasno;Poročilo / novica;2024-06-11;;Skupnost in splošno zdravje;"Povezava s CKZ Črnomelj ni dovolj izrecna; ne vključujemo v njegovo oceno."; le zabavno, temveč tudi priložnost za učenje in krepitev zdravja naših otrok. Najlepša hvala vsem staršem za vaš prispevek in podporo. Skupaj smo dokazali, kako močna je naša skupnost, ko delujemo enotno. Hvala tudi Turizmu Malerič;raw/web/zdravstvo-20260919-novice-nepozabno-plavanje-hvala-starsem-za-podporo-8114caaef.md
https://www.radio-odeon.com/novice/razigrano-druzenje-na-metliskem-kopaliscu/;Razigrano druženje na metliškem kopališču;Drug center;Poročilo / novica;2024-06-08;;Ustno zdravje;"CKZ Metlika oziroma drug izvajalec; ni dokaza vloge CKZ Črnomelj.";na metliškem kopališču sob., 08.06.2024 ob 16:00 Center za krepitev zdravja ZD Metlika je v petek na metliškem kopališču pripravil zaključno druženje tekmovanja za zdrave in čiste zobe ob zdravi prehrani za zmagovalne razrede. Zmagovalci v metlišk;raw/web/zdravstvo-20260919-novice-razigrano-druzenje-na-metliskem-kopaliscu-27eb36c92.md
https://www.radio-odeon.com/novice/na-delavnici-o-boleznih-scitnice/;Na delavnici o boleznih ščitnice;Drug center;Poročilo / novica;2024-06-08;;Prehrana in telesna masa;"CKZ Metlika oziroma drug izvajalec; ni dokaza vloge CKZ Črnomelj.";itnice sob., 08.06.2024 ob 12:00 V sodelovanju s Centrom za krepitev zdravja ZD Metlika je v sredo v Hiši Sadeži družbe Metlika potekala delavnica na temo bolezni ščitnice. Prisluhnili smo dipl. med. sestri Mateji Švajger , ki nam je predstavila to endokrilno žlezo. Ščitnica je ;raw/web/zdravstvo-20260919-novice-na-delavnici-o-boleznih-scitnice-52820a82f.md
https://www.radio-odeon.com/novice/zobni-pokal-je-sel-letos-v-dragatus/;Zobni pokal je šel letos v Dragatuš;Izločeno;Poročilo / novica;2024-06-05;;Ustno zdravje;Iskalni zadetek brez potrjene relevantnosti za CKZ.;Zobni pokal je šel letos v Dragatuš sre., 05.06.2024 ob 13:00 Danes je bilo pri nas veselo. Na zaključni prireditvi 39. Tekmovanja za čiste zobe ob zdravi prehrani smo nagradili zmagovalne razrede osnovnih šol občin Črnomelj in Se;raw/web/zdravstvo-20260919-novice-zobni-pokal-je-sel-letos-v-dragatus-e7d2753a8.md
https://www.radio-odeon.com/novice/projekt-simbioza-priznanji-tudi-v-crnomelj/;Projekt Simbioza: priznanji tudi v Črnomelj;Izločeno;Informativna objava;2024-06-04;;Ustno zdravje;Iskalni zadetek brez potrjene relevantnosti za CKZ.;Projekt Simbioza: priznanji tudi v Črnomelj tor., 04.06.2024 ob 09:00 Zavod Simbioza, ki deluje na področju medgeneracijskega sodelovanja, je 1. junija v Mozirskem gaju praznoval deset let svojega delovanja. Zbrane je nagovoril mi;raw/web/zdravstvo-20260919-novice-projekt-simbioza-priznanji-tudi-v-crnomelj-7565e6a59.md
https://www.radio-odeon.com/novice/v-enem-prostoru-se-je-kuhalo-v-drugem-predavalo/;V enem prostoru se je kuhalo, v drugem predavalo;Črnomelj;Poročilo / novica;2024-05-30;;Skupnost in splošno zdravje;V besedilu je izrecno naveden črnomaljski CKZ oziroma nekdanji naziv Bela krajina.;"kuhalo, v dnevnem prostoru pa nam je Katarina iz Centra za krepitev zdravja Zdravstvenega doma Črnomelj predavala o krvnem tlaku in kaj lahko sami storimo za preprečevanje in zniževanje povišanega krvnega tlaka. Po takšnem predavanju, bi si vsak želel bolj ""skromno"" kosil";raw/web/zdravstvo-20260919-novice-v-enem-prostoru-se-je-kuhalo-v-drugem-predavalo-03a124ebc.md
https://www.radio-odeon.com/novice/uporaba-agrometeoroloskih-podatkov-pri-prilaganju-kmetijstva-na-podnebne-spremembe/;Uporaba agrometeoroloških podatkov pri prilaganju kmetijstva na podnebne spremembe;Izločeno;Vabilo;2024-05-26;;Ozaveščanje o raku;Iskalni zadetek brez potrjene relevantnosti za CKZ.;Uporaba agrometeoroloških podatkov pri prilaganju kmetijstva na podnebne spremembe ned., 26.05.2024 ob 16:00 Izredni vremenski dogodki so se v preteklosti že dogajali, a je zaradi podnebnih sprememb prišlo do anomalij njihove pogo;raw/web/zdravstvo-20260919-novice-uporaba-agrometeoroloskih-podatkov-pri-prilaganju-kmetijstva-na-podnebne-spremembe-3d32848d7.md
https://www.radio-odeon.com/novice/po-vec-kot-treh-desetletjih-z-novo-direktorico/;Po več kot treh desetletjih z novo direktorico;Izločeno;Informativna objava;2024-05-22;;Ustno zdravje;Iskalni zadetek brez potrjene relevantnosti za CKZ.;Po več kot treh desetletjih z novo direktorico sre., 22.05.2024 ob 15:00 Zavod za izobraževanje in kulturo (ZIK) Črnomelj je osrednja belokranjska organizacija za izobraževanje odraslih in kulturo, ki v lokalnem okolju odločilno v;raw/web/zdravstvo-20260919-novice-po-vec-kot-treh-desetletjih-z-novo-direktorico-235705836.md
https://www.radio-odeon.com/novice/podelitev-bralnih-priznanj-in-noc-knjige-2024/;Podelitev bralnih priznanj in Noč knjige 2024;Izločeno;Poročilo / novica;2024-05-21;;Duševno zdravje;Iskalni zadetek brez potrjene relevantnosti za CKZ.;Podelitev bralnih priznanj in Noč knjige 2024 tor., 21.05.2024 ob 08:00 Bralna značka je odličen način za spodbujanje branja med otroki in mladimi ter krepitev njihove bralne pismenosti. Sodelovanje v bralni znački jih spodbuja k ;raw/web/zdravstvo-20260919-novice-podelitev-bralnih-priznanj-in-noc-knjige-2024-b9f98ce08.md
https://www.radio-odeon.com/novice/delavnica-ob-mednarodnem-dnevu-medicinskih-sester/;Delavnica ob mednarodnem dnevu medicinskih sester;Drug center;Poročilo / novica;2024-05-20;;Skupnost in splošno zdravje;"CKZ Metlika oziroma drug izvajalec; ni dokaza vloge CKZ Črnomelj.";arodni dan medicinskih sester. Mateja Švajger iz Centra za krepitev zdravja Metlika nam je na pogovorni delavnici, kjer smo sodelovali vsi prisotni, predstavila poklic, kompetence ter kodeks zdravstvenega delavca. Ugotovili smo, da gre za delo, za kate;raw/web/zdravstvo-20260919-novice-delavnica-ob-mednarodnem-dnevu-medicinskih-sester-ac549ba28.md
https://www.radio-odeon.com/novice/mnozica-pohodnikov-po-najjuznejsi-slovenski-pespoti/;Množica pohodnikov po najjužnejši slovenski pešpoti;Črnomelj;Poročilo / novica;2024-05-13;;Gibanje;V besedilu je izrecno naveden črnomaljski CKZ oziroma nekdanji naziv Bela krajina.;ki izdelkov, RIC Bela krajina, Zavod Kočevsko in Center za krepitev zdravja ZD Črnomelj.;raw/web/zdravstvo-20260919-novice-mnozica-pohodnikov-po-najjuznejsi-slovenski-pespoti-b208c3722.md
https://www.radio-odeon.com/novice/dan-za-prostovoljstvo/;Dan za prostovoljstvo;Črnomelj;Poročilo / novica;2024-05-02;;Ozaveščanje o raku;V besedilu je izrecno naveden črnomaljski CKZ oziroma nekdanji naziv Bela krajina.;, pomoč pa smo ponudili tudi strokovnim delavkam Centra za krepitev zdravja Črnomelj in jim na terenu pomagali pri njihovem delu.;raw/web/zdravstvo-20260919-novice-dan-za-prostovoljstvo-50e8fa5ff.md
https://www.radio-odeon.com/novice/naravoslovni-dan-zdravje/;Naravoslovni dan - zdravje;Črnomelj;Poročilo / novica;2024-04-19;;Ustno zdravje;V besedilu je izrecno naveden črnomaljski CKZ oziroma nekdanji naziv Bela krajina.;dan na temo Zdravje. S pomočjo strokovnih delavk Centra za krepitev zdravja ZD Črnomelj smo spoznavali zdrave navade. Jutro smo pričeli z razgibavanjem. Dan smo nadaljevali z delavnico nege zob in priprave zdravih obrokov. Preživeli s;raw/web/zdravstvo-20260919-novice-naravoslovni-dan-zdravje-e5ae87df1.md
https://www.radio-odeon.com/novice/zdravje-in-njegove-vrednote/;Zdravje in njegove vrednote;Drug center;Poročilo / novica;2024-04-12;;Duševno zdravje;"CKZ Metlika oziroma drug izvajalec; ni dokaza vloge CKZ Črnomelj.";družbe Metlika. Obiskala nas je Mateja Švajger s Centra za krepitev zdravja ZD Metlika s katero smo imeli delavnico na temo Zdravje in njegove vrednote. Zdravje je stanje telesnega, duševnega, socialnega stanja. Za zdravje smo odgovo;raw/web/zdravstvo-20260919-novice-zdravje-in-njegove-vrednote-509a08b37.md
https://www.radio-odeon.com/novice/letosnji-festival-zdravja-je-zakljucen/;Letošnji festival zdravja uspešno zaključen;Črnomelj;Poročilo / novica;2024-04-12;;Gibanje;V besedilu je izrecno naveden črnomaljski CKZ oziroma nekdanji naziv Bela krajina.; svobodno ne glede na to, kdo smo in kje živimo. Center za krepitev zdravja Zdravstvenega doma Črnomelj je v duhu letošnjega slogana organiziral tridnevni Festival zdravja, ki je bil namenjen vsem generacijam. Ponedeljek je bil namenjen otrokom in mladostnikom, ki so;raw/web/zdravstvo-20260919-novice-letosnji-festival-zdravja-je-zakljucen-a649dade2.md
https://www.radio-odeon.com/novice/projektni-dnevi-osnovne-sole-za-odrasle/;Projektni dnevi osnovne šole za odrasle;Nejasno;Poročilo / novica;2024-04-11;;Ustno zdravje;"Povezava s CKZ Črnomelj ni dovolj izrecna; ne vključujemo v njegovo oceno.";u Festivala zdravja. Nato smo imeli s Centrom za krepitev zdravja posvet o ustni higieni. Naučili smo se pravilno ščetkati in skrbeti za svoje zobe. Odpravili smo se tudi v gasilski dom Črnomelj, kjer so nam prostovoljni gasi;raw/web/zdravstvo-20260919-novice-projektni-dnevi-osnovne-sole-za-odrasle-205dff8b1.md
https://www.radio-odeon.com/sport/sportna-urica-v-1-razredih/;Športna urica v 1. razredih;Črnomelj;Poročilo / novica;2024-04-10;;Gibanje;V besedilu je izrecno naveden črnomaljski CKZ oziroma nekdanji naziv Bela krajina.;j drugačno urico športa, saj smo v sodelovanju s Centrom za krepitev zdravja ZD Črnomelj izvedli urico športa. Najprej smo se dobro ogreli, nato pa smo se odpravili do poligona katerega so nam pripravili. Med izvajanjem vaj smo se zelo ;raw/web/zdravstvo-20260919-sport-sportna-urica-v-1-razredih-69b664910.md
https://www.radio-odeon.com/novice/skrb-za-zdravje-v-1-razredu-os-loka/;Skrb za zdravje v 1. razredu OŠ Loka;Črnomelj;Poročilo / novica;2024-04-05;;Ustno zdravje;V besedilu je izrecno naveden črnomaljski CKZ oziroma nekdanji naziv Bela krajina.;Š Loka pet., 05.04.2024 ob 14:00 V sodelovanju s Centrom za krepitev zdravja ZD Črnomelj smo v februarju in marcu izvedli naravoslovni dan ZDRAVJE. Pogovarjali smo se o zdravem načinu življenja, ustni higieni, zdravi prehrani in pomenu gibanja z;raw/web/zdravstvo-20260919-novice-skrb-za-zdravje-v-1-razredu-os-loka-c66d85da4.md
https://www.radio-odeon.com/novice/ob-svetovnem-dnevu-ustnega-zdravja/;Ob svetovnem dnevu ustnega zdravja;Črnomelj;Poročilo / novica;2024-03-22;;Ustno zdravje;V besedilu je izrecno naveden črnomaljski CKZ oziroma nekdanji naziv Bela krajina.;e. Obiskali sta nas Ana Mavrin in Laura Muhič iz Centra za krepitev zdravja ZD Črnomelj, ki sta dogodek pripravili in izvedli. Ustno zdravje je neločljiv del splošnega zdravja in pomemben dejavnik kakovosti življenja. Skrb za ustno zdravje je;raw/web/zdravstvo-20260919-novice-ob-svetovnem-dnevu-ustnega-zdravja-90c58f3a8.md
https://www.radio-odeon.com/novice/belokranjske-sole-na-regijskem-otroskem-parlamentu/;Belokranjske šole na regijskem otroškem parlamentu;Izločeno;Poročilo / novica;2024-03-22;;Duševno zdravje;Iskalni zadetek brez potrjene relevantnosti za CKZ.;Belokranjske šole na regijskem otroškem parlamentu pet., 22.03.2024 ob 19:00 OŠ Vinica: V četrtek, 14. marca, se je naša devetošolka Ana udeležila regijskega srečanja na Osnovni šoli Grm v Novem mestu. Tam so se učenci Dolenjske i;raw/web/zdravstvo-20260919-novice-belokranjske-sole-na-regijskem-otroskem-parlamentu-48deb4fb9.md
https://www.radio-odeon.com/novice/skrb-za-zdravje-v-3-razredih/;Skrb za zdravje v 3. razredih;Črnomelj;Poročilo / novica;2024-03-21;;Ustno zdravje;V besedilu je izrecno naveden črnomaljski CKZ oziroma nekdanji naziv Bela krajina.;o ga organizirali v sodelovanju s predstavnicami Centra za krepitev zdravja iz Zdravstvenega doma Črnomelj. Skozi delavnice so obnovili pomen ustrezne ustne higiene, spoznali razliko med mlečnimi in stalnimi zobmi ter izdelali svoj model mlečnega zobovja. ;raw/web/zdravstvo-20260919-novice-skrb-za-zdravje-v-3-razredih-16411ef43.md
https://www.radio-odeon.com/novice/osebna-higiena-v-2-razredu/;Osebna higiena v 2. razredu;Črnomelj;Poročilo / novica;2024-03-10;;Ustno zdravje;V besedilu je izrecno naveden črnomaljski CKZ oziroma nekdanji naziv Bela krajina.;jec Kambič in Ana Mavrin, zdravstveni delavki iz Centra za krepitev zdravja Črnomelj. Predstavili sta jim projekt Zobkovadka, jih naučili pravilnega ščetkanja zob ter jih poučili o pomenu rednega uživanja jabolk, ki pripomorejo k bo;raw/web/zdravstvo-20260919-novice-osebna-higiena-v-2-razredu-0aaf76322.md
https://www.radio-odeon.com/novice/zdravstvena-in-zobozdravstvena-vzgoja-na-ps-griblje/;Zdravstvena in zobozdravstvena vzgoja na PŠ Griblje;Nejasno;Poročilo / novica;2024-03-09;;Ustno zdravje;"Povezava s CKZ Črnomelj ni dovolj izrecna; ne vključujemo v njegovo oceno.";kali sta nas tudi medicinski sestri iz Centra za krepitev zdravja, ki so učence seznanile s pomenom zdravih zob, pravilno ustno higieno ter s tem, kako preprečevati težave z zobmi. Ob zaključku naravoslovnega dne so učenci preko igre izv;raw/web/zdravstvo-20260919-novice-zdravstvena-in-zobozdravstvena-vzgoja-na-ps-griblje-975b46ed5.md
https://www.radio-odeon.com/novice/naravoslovni-dan-zdrave-navade/;Naravoslovni dan - zdrave navade;Črnomelj;Poročilo / novica;2024-03-08;;Skupnost in splošno zdravje;V besedilu je izrecno naveden črnomaljski CKZ oziroma nekdanji naziv Bela krajina.;li sta nas medicinski sestri Adrijana in Tina iz Centra za krepitev zdravja Črnomelj. Pogovarjali smo se o zdravem načinu življenja in o navadah, ki pomembno vplivajo na naše zdravje. Sami smo si pripravili sadni napitek in skutno-zelenj;raw/web/zdravstvo-20260919-novice-naravoslovni-dan-zdrave-navade-8e6bcee55.md
https://www.radio-odeon.com/novice/aktivna-dneva-v-hsd-metlika-in-crnomelj/;Aktivna dneva v HSD Metlika in Črnomelj;Drug center;Vabilo;2024-03-07;;Duševno zdravje;"CKZ Metlika oziroma drug izvajalec; ni dokaza vloge CKZ Črnomelj.";elavnic o stresu s psihologinjo Rymmo Štubler iz Centra za krepitev zdravja ZD Metlika. Stres je povsem normalno odzivanje. Gre namreč za telesni, duševni in vedenjski odgovor posameznika, ki se poskuša prilagoditi in privaditi notranjim in zuna;raw/web/zdravstvo-20260919-novice-aktivna-dneva-v-hsd-metlika-in-crnomelj-70e605fa5.md
https://www.radio-odeon.com/novice/34-obcinski-otroski-parlament-v-metliki/;34. občinski otroški parlament v Metliki;Drug center;Poročilo / novica;2024-03-07;;Duševno zdravje;"CKZ Metlika oziroma drug izvajalec; ni dokaza vloge CKZ Črnomelj.";ižnice Metlika, psihologom Sandijem Verščajem iz Centra za krepitev zdravja Metlika, Nastjo Salmič Tisovec, koordinatorico za področje duševnega zdravja iz novomeške enote NIJZ, metliško podžupanjo Anico Kopinič in županjo Martino Legan Janžek;raw/web/zdravstvo-20260919-novice-34-obcinski-otroski-parlament-v-metliki-bc1de449a.md
https://www.radio-odeon.com/novice/naravoslovni-dan-zdravje-na-ps-adlesici/;Naravoslovni dan na temo zdravja v PŠ Adlešiči;Črnomelj;Poročilo / novica;2024-03-04;;Ustno zdravje;V besedilu je izrecno naveden črnomaljski CKZ oziroma nekdanji naziv Bela krajina.;avja. Dan dejavnosti smo izvedli v sodelovanju s Centrom za krepitev zdravja Črnomelj. Prvo šolsko uro smo se zbrali v telovadnici, kjer smo skupaj s kineziologinjo Lauro telovadili. Nato smo prvošolci imeli najprej delavnico o zdravi prehrani, učenci ;raw/web/zdravstvo-20260919-novice-naravoslovni-dan-zdravje-na-ps-adlesici-ecede44ce.md
https://www.radio-odeon.com/novice/v-metliki-terjajo-jasna-pojasnila-glede-reorganizacije-nmp/;V Metliki terjajo jasna pojasnila glede reorganizacije NMP;Izločeno;Vabilo;2024-02-27;;Ozaveščanje o raku;Iskalni zadetek brez potrjene relevantnosti za CKZ.;V Metliki terjajo jasna pojasnila glede reorganizacije NMP tor., 27.02.2024 ob 17:00 Reorganizacija nujne medicinske pomoči (NMP), ki jo je ministrstvo za zdravje javnosti predstavilo pred dnevi , sproža števila vprašanja, enotno ;raw/web/zdravstvo-20260919-novice-v-metliki-terjajo-jasna-pojasnila-glede-reorganizacije-nmp-e5edcecf7.md
https://www.radio-odeon.com/sport/vodilni-krcani-premocni-za-crnomaljce-mladi-upi-krepili-prijateljske-vezi/;Krčani premočni za Črnomaljce, mladi upi krepili prijateljske vezi;Izločeno;Informativna objava;2024-02-26;;Gibanje;Iskalni zadetek brez potrjene relevantnosti za CKZ.;Krčani premočni za Črnomaljce, mladi upi krepili prijateljske vezi pon., 26.02.2024 ob 13:00 Rokometaši Črnomlja so v 18. krogu 1.B državne rokometne lige v domači dvorani gostili vodilno ekipo Krškega, ki je upravičila vlogo favo;raw/web/zdravstvo-20260919-sport-vodilni-krcani-premocni-za-crnomaljce-mladi-upi-krepili-prijateljske-vezi-8fef0f038.md
https://www.radio-odeon.com/novice/skupnostno-delovanje-na-osojniku/;Skupnostno delovanje na Osojniku;Izločeno;Informativna objava;2024-02-23;;Ustno zdravje;Iskalni zadetek brez potrjene relevantnosti za CKZ.;Skupnostno delovanje na Osojniku pet., 23.02.2024 ob 11:00 V sklopu letošnjih tridnevnih dogodkov Hojte k nam po znanje, z naslovom Razvijamo spretnosti, je Zavod za izobraževanje in kulturo Črnomelj v vseh treh belokranjskih obči;raw/web/zdravstvo-20260919-novice-skupnostno-delovanje-na-osojniku-f094f117f.md
https://www.radio-odeon.com/novice/zanimiva-sreda-v-hsd-crnomelj/;Zanimiva sreda v HSD Črnomelj;Črnomelj;Vabilo;2024-02-22;;Skupnost in splošno zdravje;V besedilu je izrecno naveden črnomaljski CKZ oziroma nekdanji naziv Bela krajina.;ora, ki ga je vodila psihologinja Sabina Prah iz Centra za krepitev zdravja ZD Črnomelj. Vadili smo kako živeti kakovostne medsebojne odnose in kaj narediti, da bo motenj v komuniciranju čim manj. Lepo vabljeni naslednji mesec (zadnja sr;raw/web/zdravstvo-20260919-novice-zanimiva-sreda-v-hsd-crnomelj-4f448ec47.md
https://www.radio-odeon.com/novice/valentinova-klepetalnica-in-sklop-delavnic/;Valentinova klepetalnica in zdravi odnosi;Drug center;Poročilo / novica;2024-02-15;;Duševno zdravje;"CKZ Metlika oziroma drug izvajalec; ni dokaza vloge CKZ Črnomelj.";ic Zdravi odnosi s psihologinjo Rymmo Štubler iz Centra za krepitev zdravja ZD Metlika. Skozi delovne liste smo predelali veščine asertivnosti (iskali smo načine, kako v odnosu z drugimi zastopati svoje želje, potrebe, mnenje, jih izraziti, hkrati;raw/web/zdravstvo-20260919-novice-valentinova-klepetalnica-in-sklop-delavnic-6674e2056.md
https://www.radio-odeon.com/novice/dihamo-z-naravo-tudi-v-crnomlju-in-metliki/;Dihamo z naravo tudi v Črnomlju in Metliki;Izločeno;Poročilo / novica;2024-02-13;;Duševno zdravje;Iskalni zadetek brez potrjene relevantnosti za CKZ.;Dihamo z naravo tudi v Črnomlju in Metliki tor., 13.02.2024 ob 15:00 Po zimskem premoru bomo v Društvu šola zdravja spet organizirali vodeno brezplačno vadbo Dihamo z naravo. Tedenska srečanja za krepitev čuječnosti in spodbujanje;raw/web/zdravstvo-20260919-novice-dihamo-z-naravo-tudi-v-crnomlju-in-metliki-9b76b7be6.md
https://www.radio-odeon.com/novice/las-dolenjska-in-bela-krajina-z-novim-vodstvom/;LAS Dolenjska in Bela krajina z novim vodstvom;Izločeno;Poročilo / novica;2024-02-09;;Prehrana in telesna masa;Iskalni zadetek brez potrjene relevantnosti za CKZ.;LAS Dolenjska in Bela krajina z novim vodstvom pet., 09.02.2024 ob 17:00 Osrednji točki dnevnega reda na nedavni skupščini LAS Dolenjska in Bela krajina (LAS DBK) sta bili imenovanje novih članov upravnega ter nadzornega odbora. N;raw/web/zdravstvo-20260919-novice-las-dolenjska-in-bela-krajina-z-novim-vodstvom-989d3b5d4.md
https://www.radio-odeon.com/novice/postajamo-vedno-boljsi/;Postajamo vedno boljši;Izločeno;Poročilo / novica;2024-02-08;;Skupnost in splošno zdravje;Iskalni zadetek brez potrjene relevantnosti za CKZ.;Postajamo vedno boljši čet., 08.02.2024 ob 17:00 Naša dnevna rutina postaja vedno bolj zanimiva, zabavna in polna novih dogodivščin. Včeraj je bilo naše smučanje že zelo dobro. Zjutraj smo za ogrevanje ponovili zavoje in zaustavlj;raw/web/zdravstvo-20260919-novice-postajamo-vedno-boljsi-d2acb687e.md
https://www.radio-odeon.com/sport/matko-poskodba-je-koncno-stvar-preteklosti/;Matko: Poškodba je končno stvar preteklosti;Izločeno;Informativna objava;2024-01-31;;Skupnost in splošno zdravje;Iskalni zadetek brez potrjene relevantnosti za CKZ.;Matko: Poškodba je končno stvar preteklosti sre., 31.01.2024 ob 14:30 Jesenski prvak Celje je priprave v Turčiji sklenil s porazom proti zadnjeuvrščenemu avstrijskemu prvoligašu Austria Lustenau (0:1), a za dobro novico je poskrbe;raw/web/zdravstvo-20260919-sport-matko-poskodba-je-koncno-stvar-preteklosti-c6a709673.md
https://www.radio-odeon.com/novice/spanje-in-zdravje/;Spanje in zdravje;Drug center;Poročilo / novica;2024-01-14;;Skupnost in splošno zdravje;"CKZ Metlika oziroma drug izvajalec; ni dokaza vloge CKZ Črnomelj.";avje ned., 14.01.2024 ob 16:00 Mateja Švajger iz Centra za krepitev zdravja Metlika nam je v četrtek na delavnici predstavila pomen spanja za zdravje. Kadar se dobro naspimo, se dobro počutimo, smo bolj zbrani, bistri, o;raw/web/zdravstvo-20260919-novice-spanje-in-zdravje-bee57d0c7.md
https://www.radio-odeon.com/novice/v-metliki-o-dusevnem-zdravju-mladih/;V Metliki o duševnem zdravju otrok in mladih;Črnomelj;Poročilo / novica;2024-01-12;;Duševno zdravje;V besedilu je izrecno naveden črnomaljski CKZ oziroma nekdanji naziv Bela krajina.;c in psiholog Sandi Verščaj , dr. Sabina Prah iz Centra za krepitev zdravja ZD Črnomelj, Nastja Salmič Tisovec iz Nacionalnega inštituta za javno zdravje (NIJZ), sekretarka Območnega združenja RK Metlika Zalka Klemenčič , pripravnica psihologinja Eva K;raw/web/zdravstvo-20260919-novice-v-metliki-o-dusevnem-zdravju-mladih-80e8417ba.md
https://www.radio-odeon.com/novice/brezplacno-razgibavanje-prek-zooma/;Brezplačno razgibavanje prek Zooma;Izločeno;Poročilo / novica;2024-01-02;;Duševno zdravje;Iskalni zadetek brez potrjene relevantnosti za CKZ.;Brezplačno razgibavanje prek Zooma tor., 02.01.2024 ob 10:00 V Društvu Šola zdravja so se odločili, da bodo v prvih dveh mesecih leta 2024 podarili brezplačno jutranje razgibavanje prek Zoom platforme tako svojim članom, kakor tud;raw/web/zdravstvo-20260919-novice-brezplacno-razgibavanje-prek-zooma-2767da3cf.md
https://www.radio-odeon.com/novice/sodelovanje-prvosolcev-s-centrom-za-krepitev-zdravja/;Sodelovanje prvošolcev s centrom za krepitev zdravja;Nejasno;Poročilo / novica;2023-12-28;;Skupnost in splošno zdravje;"Povezava s CKZ Črnomelj ni dovolj izrecna; ne vključujemo v njegovo oceno.";Sodelovanje prvošolcev s centrom za krepitev zdravja čet., 28.12.2023 ob 07:00 V tem predprazničnem času smo se odzvali vabilu Centra za krepitev zdravja in ustvarili likov;raw/web/zdravstvo-20260919-novice-sodelovanje-prvosolcev-s-centrom-za-krepitev-zdravja-e2fd0aef9.md
https://www.radio-odeon.com/novice/novomesko-evropsko-digitalno-inovacijsko-sticisce-za-pomoc-pri-digitalni-preobrazbi/;Novomeško evropsko digitalno-inovacijsko stičišče za pomoč pri digitalni preobrazbi;Izločeno;Informativna objava;2023-12-05;;Ustno zdravje;Iskalni zadetek brez potrjene relevantnosti za CKZ.;Novomeško evropsko digitalno-inovacijsko stičišče za pomoč pri digitalni preobrazbi tor., 05.12.2023 ob 17:00 Evropsko digitalno inovacijsko stičišče SRC-EDIH, katerega koordinator je Razvojni center Novo mesto, med partnerji pa j;raw/web/zdravstvo-20260919-novice-novomesko-evropsko-digitalno-inovacijsko-sticisce-za-pomoc-pri-digitalni-preobrazbi-07ef1ec17.md
https://www.radio-odeon.com/novice/za-varno-spolnost-in-varen-splet/;Za varno spolnost in varen splet;Črnomelj;Poročilo / novica;2023-12-02;;Ustno zdravje;V besedilu je izrecno naveden črnomaljski CKZ oziroma nekdanji naziv Bela krajina.;delavnice. Obiskala nas je Anita Zajec Kambič iz Centra za krepitev zdravja Črnomelj, ki je predstavila varno spolnost – vse od primernih kontracepcijskih sredstev in načina uporabe, do higiene ter zaščite pred spolno prenosljivimi bolez;raw/web/zdravstvo-20260919-novice-za-varno-spolnost-in-varen-splet-557dbf147.md
https://www.radio-odeon.com/novice/najbolj-brkati-pohod-v-beli-krajini/;Najbolj brkati pohod v Beli krajini;Črnomelj;Poročilo / novica;2023-11-26;;Ozaveščanje o raku;V besedilu je izrecno naveden črnomaljski CKZ oziroma nekdanji naziv Bela krajina.;a račun srčno-žilnih bolezni in posledic le-teh. Center za krepitev zdravja Zdravstvenega doma Črnomelj je s tem namenom organiziral Najbolj brkati pohod v Beli krajini - na Mirno goro z Vrčic. Tisti, ki pod nosom niso imeli nič kosmatega, so brke dobili na š;raw/web/zdravstvo-20260919-novice-najbolj-brkati-pohod-v-beli-krajini-a0dc0392e.md
https://www.radio-odeon.com/novice/porast-macje-kuge/;Porast mačje kuge;Nejasno;Informativna objava;2023-11-20;;Ustno zdravje;"Povezava s CKZ Črnomelj ni dovolj izrecna; ne vključujemo v njegovo oceno.";Porast mačje kuge pon., 20.11.2023 ob 10:00 Belokranjska veterinarska služba opozarja na porast mačje kuge po Sloveniji, tudi v Beli krajini, zato želijo mačje lastnike seznaniti s to boleznijo, njenim zdravljenjem in preventivnim;raw/web/zdravstvo-20260919-novice-porast-macje-kuge-153de0af2.md
https://www.radio-odeon.com/novice/z-novim-prizidkom-konec-prostorske-stiske-zd-metlika/;Z novim prizidkom konec prostorske stiske ZD Metlika;Drug center;Poročilo / novica;2023-11-16;;Skupnost in splošno zdravje;"CKZ Metlika oziroma drug izvajalec; ni dokaza vloge CKZ Črnomelj.";ogatim programom. Na stojnicah so se predstavili Center za krepitev zdravja Metlika, ŠENT DC Metlika, Hiša Sadeži družbe Metlika, Nacionalni inštitut za javno zdravje - program SVIT, Rdeči križ Metlika pa je predstavil temeljne postopke oživljanja.;raw/web/zdravstvo-20260919-novice-z-novim-prizidkom-konec-prostorske-stiske-zd-metlika-1dc100f92.md
https://www.radio-odeon.com/novice/uspesno-usposabljanje-mladih-v-hostlu-v-crnomlju/;Uspešno usposabljanje mladih v Črnomlju;Izločeno;Poročilo / novica;2023-11-16;;Ustno zdravje;Iskalni zadetek brez potrjene relevantnosti za CKZ.;Uspešno usposabljanje mladih v Črnomlju čet., 16.11.2023 ob 12:00 V črnomaljskem hostlu je 10. in 11. novembra potekalo usposabljanje za krepitev digitalnih kompetenc mladih, z naslovom Digitalna transformacija mladinskih centrov,;raw/web/zdravstvo-20260919-novice-uspesno-usposabljanje-mladih-v-hostlu-v-crnomlju-54b05f020.md
https://www.radio-odeon.com/novice/za-ozivitev-cezmejne-zeleznice-tudi-belokranjske-obcine/;Za oživitev čezmejne železnice tudi belokranjske občine;Izločeno;Poročilo / novica;2023-11-10;;Ozaveščanje o raku;Iskalni zadetek brez potrjene relevantnosti za CKZ.;Za oživitev čezmejne železnice tudi belokranjske občine pet., 10.11.2023 ob 15:00 Z izvedbo prve skupščine je v Novem mestu danes zaživelo slovensko-hrvaško združenje za oživitev železnice Ljubljana-Novo mesto-Karlovec-Zagreb. Gre;raw/web/zdravstvo-20260919-novice-za-ozivitev-cezmejne-zeleznice-tudi-belokranjske-obcine-c2d041256.md
https://www.radio-odeon.com/novice/proces-ki-se-zacne-z-lahko-ja/;"Proces, ki se začne z ""lahko, ja""";Črnomelj;Poročilo / novica;2023-11-07;;Ozaveščanje o raku;V besedilu je izrecno naveden črnomaljski CKZ oziroma nekdanji naziv Bela krajina.;ljica čuječnosti dr. Sabina Prah. Zaposlena je v Centru za krepitev zdravja ZD Črnomelj, v svoji zasebni praksi pa izvaja kognitivno-vedenjsko psihoterapijo.;raw/web/zdravstvo-20260919-novice-proces-ki-se-zacne-z-lahko-ja-ea2795d10.md
https://www.radio-odeon.com/novice/zdravo-jem/;Zdravo jem;Drug center;Poročilo / novica;2023-11-06;;Prehrana in telesna masa;"CKZ Metlika oziroma drug izvajalec; ni dokaza vloge CKZ Črnomelj.";"ovom ""Zdravo jem"" pod vodstvom Katje Gregorič iz CKZ ZD Metlika. Teme pogovora so bile: - o nakupovanju živil (hrane), - o sladilih, - o označevanju živil (ime, sestavine, teža, rok uporabe, na";raw/web/zdravstvo-20260919-novice-zdravo-jem-a289c3e3a.md
https://www.radio-odeon.com/sport/strelsko-tekmovanje-in-kostanjev-piknik-belokranjskih-castnikov/;Strelsko tekmovanje in kostanjev piknik belokranjskih častnikov;Izločeno;Poročilo / novica;2023-10-29;;Skupnost in splošno zdravje;Iskalni zadetek brez potrjene relevantnosti za CKZ.;Strelsko tekmovanje in kostanjev piknik belokranjskih častnikov ned., 29.10.2023 ob 13:00 Območno združenje slovenskih častnikov (OZSČ) Bela krajina si prizadeva za vzdrževanje in krepitev strelske usposobljenosti svojih članic in;raw/web/zdravstvo-20260919-sport-strelsko-tekmovanje-in-kostanjev-piknik-belokranjskih-castnikov-110507dd7.md
https://www.radio-odeon.com/novice/v-semicu-podelili-obcinska-priznanja/;V Semiču podelili občinska priznanja;Izločeno;Informativna objava;2023-10-28;;Skupnost in splošno zdravje;Iskalni zadetek brez potrjene relevantnosti za CKZ.;V Semiču podelili občinska priznanja sob., 28.10.2023 ob 12:00 Na predvečer semiškega občinskega praznika so v Kulturnem centru Semič podelili letošnja občinska priznanja. Diploma občine je šla v roke Iztoku Ogulinu za osvojen nas;raw/web/zdravstvo-20260919-novice-v-semicu-podelili-obcinska-priznanja-6fa1a7d7f.md
https://www.radio-odeon.com/novice/pohod-za-zdravje-v-roznatem-oktobru/;Pohod za zdravje v rožnatem oktobru;Črnomelj;Poročilo / novica;2023-10-27;;Ozaveščanje o raku;V besedilu je izrecno naveden črnomaljski CKZ oziroma nekdanji naziv Bela krajina.;revanju, ki ga je vodila kineziologinja Laura iz Centra za krepitev zdravja ZD Črnomelj. S skupnimi vajami smo pripravili svoje telo na prijetno hojo skozi naravo. Domačini iz Obrha so pohodnike prijazno sprejeli in jim predstavili svojo idejo;raw/web/zdravstvo-20260919-novice-pohod-za-zdravje-v-roznatem-oktobru-b80c8176d.md
https://www.radio-odeon.com/novice/skrb-za-zdravje-v-5-razredu/;Skrb za zdravje v 5. razredu;Nejasno;Poročilo / novica;2023-10-24;;Ustno zdravje;"Povezava s CKZ Črnomelj ni dovolj izrecna; ne vključujemo v njegovo oceno.";Zjutraj je k nam prišla gospa Anita iz Centra za krepitev zdravja. Prvo uro smo se pogovarjali o odraščanju in puberteti. Tema mi je bila zelo smešna. Naslednjo uro smo se malo več pogovarjali o odraščanju punc. Sl;raw/web/zdravstvo-20260919-novice-skrb-za-zdravje-v-5-razredu-fa175423d.md
https://www.radio-odeon.com/novice/roznati-oktober-v-semicu/;Rožnati oktober v Semiču s Sašo Einsiedler;Črnomelj;Informativna objava;2023-10-05;;Ozaveščanje o raku;V besedilu je izrecno naveden črnomaljski CKZ oziroma nekdanji naziv Bela krajina.;e vaje za raztezanje je za zdravje poskrbel tudi Center za krepitev zdravja ZD Črnomelj.;raw/web/zdravstvo-20260919-novice-roznati-oktober-v-semicu-8829b12fa.md
https://www.radio-odeon.com/sport/dan-slovenskega-sporta-v-crnomlju/;Dan slovenskega športa v Črnomlju;Črnomelj;Poročilo / novica;2023-09-26;;Gibanje;V besedilu je izrecno naveden črnomaljski CKZ oziroma nekdanji naziv Bela krajina.;anji vadbi pridružil tudi župan Andrej Kavšek, v Centru za krepitev zdravja ZD Črnomelj pa so obiskovalce seznanili s preventivnimi dejavnostmi. Osnovni namen dneva slovenskega športa je spodbuditi ljudi k telesni dejavnosti in skrbi za zdra;raw/web/zdravstvo-20260919-sport-dan-slovenskega-sporta-v-crnomlju-3f0bc2624.md
https://www.radio-odeon.com/novice/otroski-zivzav-za-zakljucek-tedna-mobilnosti/;Otroški živžav za zaključek tedna mobilnosti;Drug center;Poročilo / novica;2023-09-22;;Gibanje;"CKZ Metlika oziroma drug izvajalec; ni dokaza vloge CKZ Črnomelj.";sti so v Metliki zaključili z otroškim živžavom. Center za krepitev zdravja ZD Metlika je na Mestnem trgu petkovo dopoldne namenil gibalnim igram za vrtčevske otroke. Malčki iz metliškega vrtca so poleg tega pripravljali smutije in se z njimi seveda ;raw/web/zdravstvo-20260919-novice-otroski-zivzav-za-zakljucek-tedna-mobilnosti-0df766682.md
https://www.radio-odeon.com/novice/predstavitev-resevalnega-vozila-in-sprehod-za-spomin/;Predstavitev reševalnega vozila in sprehod za spomin;Drug center;Poročilo / novica;2023-09-21;;Gibanje;"CKZ Metlika oziroma drug izvajalec; ni dokaza vloge CKZ Črnomelj.";če za Osnovno šolo Metlika, kjer bo pod okriljem Centra za krepitev zdravja Metlika potekalo testiranje telesne pripravljenosti in občinski preizkus hoje na 2 km.;raw/web/zdravstvo-20260919-novice-predstavitev-resevalnega-vozila-in-sprehod-za-spomin-975b9d0a5.md
https://www.radio-odeon.com/novice/petro-torkovo-dopoldne-na-metliskem-placu/;Pestro torkovo dopoldne na metliškem placu;Drug center;Poročilo / novica;2023-09-20;;Presnovno in srčno-žilno zdravje;"CKZ Metlika oziroma drug izvajalec; ni dokaza vloge CKZ Črnomelj.";"avo besede ""defibrilator"". Z nami pa je bil tudi Center za krepitev zdravja Metlika, kjer so obiskovalci izvedeli več o živilih in kje se skriva sladkor, preverili vsebnost sladkorja in maščob v krvi ter vrednost krvnega tlaka. Hvala Zavodu za t";raw/web/zdravstvo-20260919-novice-petro-torkovo-dopoldne-na-metliskem-placu-aff51bd94.md
https://www.radio-odeon.com/novice/beti-isce-vodjo-prodajnega-podrocja/;Beti išče vodjo prodajnega področja;Izločeno;Informativna objava;2023-09-20;;Ustno zdravje;Iskalni zadetek brez potrjene relevantnosti za CKZ.;Beti išče vodjo prodajnega področja sre., 20.09.2023 ob 16:00 Uživaš v prodaji in marketingu in v ustvarjanju novih odnosov s pomembnimi partnerji iz tujine? Je trajnost tvoja vrednota? Beti d.o.o., prepoznaven kot odgovoren in za;raw/web/zdravstvo-20260919-novice-beti-isce-vodjo-prodajnega-podrocja-a0c6d5654.md
https://www.radio-odeon.com/novice/v-semicu-preverjali-telesno-pripravljenost/;V Semiču preverjali telesno pripravljenost;Črnomelj;Poročilo / novica;2023-09-14;;Gibanje;V besedilu je izrecno naveden črnomaljski CKZ oziroma nekdanji naziv Bela krajina.;telesno pripravljenost čet., 14.09.2023 ob 16:00 Center za krepitev zdravja Bela krajina – ZD Črnomelj je v sklopu Evropskega tedna mobilnosti včeraj pripravil preizkus hoje na 2 kilometra. Delavnica je potekala na Kraški učni poti od Lebice do Krupe, z izhodiščem ;raw/web/zdravstvo-20260919-novice-v-semicu-preverjali-telesno-pripravljenost-4ae9eaa7d.md
https://www.radio-odeon.com/novice/v-vecurni-razpravi-pogresali-napredek-pri-resevanju-izzivov-povezanih-z-romsko-skupnostjo/;V večurni razpravi pogrešali napredek pri reševanju romskih vprašanj;Izločeno;Poročilo / novica;2023-09-13;;Ozaveščanje o raku;Iskalni zadetek brez potrjene relevantnosti za CKZ.;V večurni razpravi pogrešali napredek pri reševanju romskih vprašanj sre., 13.09.2023 ob 08:00 Odbor DZ za notranje zadeve, javno upravo in lokalno samoupravo je včeraj več ur razpravljal o položaju romske skupnosti. V 30 letih se;raw/web/zdravstvo-20260919-novice-v-vecurni-razpravi-pogresali-napredek-pri-resevanju-izzivov-povezanih-z-romsko-skupnostjo-1dc0126b0.md
https://www.radio-odeon.com/novice/igre-pri-lovski-koci/;Igre pri lovski koči;Črnomelj;Poročilo / novica;2023-09-13;;Skupnost in splošno zdravje;V besedilu je izrecno naveden črnomaljski CKZ oziroma nekdanji naziv Bela krajina.;2., 3. in 4. razreda OŠ Vinica obiskala ekipa iz Centra za krepitev zdravja Črnomelj. Najprej smo se zbrali na šolskem igrišču, kjer smo se ogreli z različnimi gimnastičnimi vajami. Nato smo odšli do lovskega doma, kjer smo s;raw/web/zdravstvo-20260919-novice-igre-pri-lovski-koci-0d7d6f2da.md
https://www.radio-odeon.com/novice/crnomelj-ima-kolopark/;Črnomelj ima kolopark;Izločeno;Poročilo / novica;2023-09-09;;Gibanje;Iskalni zadetek brez potrjene relevantnosti za CKZ.;Črnomelj ima kolopark sob., 09.09.2023 ob 10:00 Župan občine Črnomelj Andrej Kavšek je skupaj s predstavnikom podjetja Planapark Janezom Bajdo in mladim kolesarjem Davidom uradno predal namenu novo zgrajen kolopark v črnomaljski L;raw/web/zdravstvo-20260919-novice-crnomelj-ima-kolopark-6b3a30597.md
https://www.radio-odeon.com/novice/v-oranzno-odeta-belokranjska-vinica/;V oranžno odeta belokranjska Vinica;Črnomelj;Poročilo / novica;2023-09-04;;Presnovno in srčno-žilno zdravje;V besedilu je izrecno naveden črnomaljski CKZ oziroma nekdanji naziv Bela krajina.;azličnih praktičnih delavnic, ki so jih izvajali Center za krepitev zdravja Črnomelj, NIJZ, Fakulteta za šport, Gasilska zveza Črnomelj, diagnostika telesa na osnovi bioenergije, KUD Vinica ali pa so se z vodjo projekta Dihamo z naravo Andražem Purgerjem, odpravili do čudovite ja;raw/web/zdravstvo-20260919-novice-v-oranzno-odeta-belokranjska-vinica-be8230607.md
https://www.radio-odeon.com/novice/pocitniske-dogodivscine-s-kc-semic/;Počitniške dogodivščine s KC Semič;Nejasno;Poročilo / novica;2023-08-31;;Gibanje;"Povezava s CKZ Črnomelj ni dovolj izrecna; ne vključujemo v njegovo oceno.";iko gibali, k čemer je pripomogel tudi Center za krepitev zdravja. Poleg tega so izdelali čisto svoj papir in odkrivali katere vrste semen poznamo v Krajevni knjižnici Semič. Drugi dan so spoznali veterinarko in njena ps;raw/web/zdravstvo-20260919-novice-pocitniske-dogodivscine-s-kc-semic-48e94cf39.md
https://www.radio-odeon.com/novice/vracajo-se-brezplacne-vadbe-na-prostem/;Vračajo se brezplačne vadbe na prostem;Nejasno;Poročilo / novica;2023-08-24;;Ustno zdravje;"Povezava s CKZ Črnomelj ni dovolj izrecna; ne vključujemo v njegovo oceno.";ogodka lahko sodelovali na dejavnostih Centra za krepitev zdravja, Gasilske zveze, Policije ter Zavoda za izobraževanje in kulturo Črnomelj.;raw/web/zdravstvo-20260919-novice-vracajo-se-brezplacne-vadbe-na-prostem-317018ffa.md
https://www.radio-odeon.com/novice/sola-zdravja-vabi-na-vseslovensko-srecanje-v-vinico/;Šola zdravja vabi na vseslovensko srečanje v Vinico;Črnomelj;Vabilo;2023-08-11;;Gibanje;V besedilu je izrecno naveden črnomaljski CKZ oziroma nekdanji naziv Bela krajina.;n tamburaši. Na dogodku bodo različne dejavnosti Centra za krepitev zdravja, Gasilske zveze, Policije, ZIK Črnomelj, v katere se bodo udeleženci srečanja lahko vključili. Na stojnicah bo pestra ponudba belokranjskih rokodelcev. Verjamem, da je pred nami prijeten in nepozaben dogo;raw/web/zdravstvo-20260919-novice-sola-zdravja-vabi-na-vseslovensko-srecanje-v-vinico-138ff76e9.md
https://www.radio-odeon.com/novice/zik-crnomelj-med-izvajalci-za-usposabljanje-mladih-s-podrocja-digitalnih-kompetenc/;ZIK Črnomelj med izvajalci za usposabljanje mladih s področja digitalnih kompetenc;Izločeno;Poročilo / novica;2023-08-09;;Ustno zdravje;Iskalni zadetek brez potrjene relevantnosti za CKZ.;ZIK Črnomelj med izvajalci za usposabljanje mladih s področja digitalnih kompetenc sre., 09.08.2023 ob 12:00 Sredstva za sofinanciranje izvedbe programov usposabljanj mladih za krepitev digitalnih kompetenc ter spodbujanje naravos;raw/web/zdravstvo-20260919-novice-zik-crnomelj-med-izvajalci-za-usposabljanje-mladih-s-podrocja-digitalnih-kompetenc-a3324c8f0.md
https://www.radio-odeon.com/novice/pri-kulturnem-centru-semic-bo-park/;Pri Kulturnem centru Semič bodo uredili park;Izločeno;Poročilo / novica;2023-07-31;;Gibanje;Iskalni zadetek brez potrjene relevantnosti za CKZ.;Pri Kulturnem centru Semič bodo uredili park pon., 31.07.2023 ob 16:00 Občina Semič je z uspešno prijavo na razpis Ministrstva za gospodarstvo, turizem in šport pridobila 350.000 evrov za projekt Ureditev parka pri Kulturnem centr;raw/web/zdravstvo-20260919-novice-pri-kulturnem-centru-semic-bo-park-301f4d9ec.md
https://www.radio-odeon.com/novice/nova-predsednica-drustva-sola-zdravja-zdenka-kavcic/;Nova predsednica Društva Šola zdravja je Zdenka Kavčič;Črnomelj;Vabilo;2023-07-24;;Prehrana in telesna masa;V besedilu je izrecno naveden črnomaljski CKZ oziroma nekdanji naziv Bela krajina.;n tamburaši. Na dogodku bodo različne dejavnosti Centra za krepitev zdravja, Gasilske zveze, Policije, ZIK Črnomelj, v katere se bodo udeleženci srečanja lahko vključili. Na stojnicah bo pestra ponudba belokranjskih rokodelcev. Verjamem, da je pred nami prijeten in nepozaben dogo;raw/web/zdravstvo-20260919-novice-nova-predsednica-drustva-sola-zdravja-zdenka-kavcic-7e4cbdc3f.md
https://www.radio-odeon.com/novice/vodne-igre-s-centrom-za-krepitev-zdravja-bela-krajina/;Vodne igre s Centrom za krepitev zdravja Bela krajina;Črnomelj;Vabilo;2023-07-20;;Gibanje;V besedilu je izrecno naveden črnomaljski CKZ oziroma nekdanji naziv Bela krajina.;Vodne igre s Centrom za krepitev zdravja Bela krajina čet., 20.07.2023 ob 09:00 V Lipovem gaju pri PGD Semič je Center za krepitev zdravja ZD Črnomelj v sodelovanju s Hišo Sadeži družbe Črnomelj in Kulturnim centrom Semič včera;raw/web/zdravstvo-20260919-novice-vodne-igre-s-centrom-za-krepitev-zdravja-bela-krajina-b0a1fda54.md
https://www.radio-odeon.com/novice/pridobili-sredstva-za-promocijo-destinacije-bela-krajina/;Pridobili sredstva za promocijo destinacije Bela krajina;Izločeno;Poročilo / novica;2023-07-20;;Ozaveščanje o raku;Iskalni zadetek brez potrjene relevantnosti za CKZ.;Pridobili sredstva za promocijo destinacije Bela krajina čet., 20.07.2023 ob 12:00 Razvojno informacijski center Bela krajina v sklopu katerega deluje DMO Bela krajina, ki skrbi za promocijo destinacije, je uspešno kandidiral na j;raw/web/zdravstvo-20260919-novice-pridobili-sredstva-za-promocijo-destinacije-bela-krajina-496400ccb.md
https://www.radio-odeon.com/novice/izdelava-deznika/;Izdelava dežnika;Črnomelj;Vabilo;2023-07-12;;Gibanje;V besedilu je izrecno naveden črnomaljski CKZ oziroma nekdanji naziv Bela krajina.;ed 9. in 11. uro pa ste vabljeni na Vodne igre s Centrom za krepitev zdravja Zdravstvenega doma Črnomelj. Igre se bodo izvedle v Lipovem gaju pri Gasilskem domu Semič, zbor pri Domu Partizan. Zaželjene so prijave na: 040 625 148;raw/web/zdravstvo-20260919-novice-izdelava-deznika-bdb63a920.md
https://www.radio-odeon.com/novice/vcerajsnji-dan-v-hsd-metlika/;Včerajšnji dan v HSD Metlika;Nejasno;Poročilo / novica;2023-07-06;;Skupnost in splošno zdravje;"Povezava s CKZ Črnomelj ni dovolj izrecna; ne vključujemo v njegovo oceno."; in zajtrkovanja smo dočakali obisk iz Centra za krepitev zdravja. Prišel je psiholog Sandi Verščaj, ki je otroke takoj pritegnil v igro metanja obročev. Igra razvija koordinacijo rok in oči, ocenjevanje razdalje, ;raw/web/zdravstvo-20260919-novice-vcerajsnji-dan-v-hsd-metlika-8750c455d.md
https://www.radio-odeon.com/novice/pocitnisko-dogajanje-v-semicu/;Aktivne počitnice v Semiču;Črnomelj;Vabilo;2023-07-06;;Gibanje;V besedilu je izrecno naveden črnomaljski CKZ oziroma nekdanji naziv Bela krajina.;in gosenico, dan pozneje pa bodo v sodelovanju s Centrom za krepitev zdravja ZD Črnomelj potekale vodne igre. Zaželene so predhodne prijave na 040 625 148.;raw/web/zdravstvo-20260919-novice-pocitnisko-dogajanje-v-semicu-34c6632d9.md
https://www.radio-odeon.com/novice/ucenci-ps-adlesici-zmagovalci-tekmovanja-za-ciste-zobe-ob-zdravi-prehrani/;Učenci PŠ Adlešiči zmagovalci tekmovanja za čiste zobe ob zdravi prehrani;Črnomelj;Poročilo / novica;2023-07-05;;Ustno zdravje;V besedilu je izrecno naveden črnomaljski CKZ oziroma nekdanji naziv Bela krajina.;ob zdravi prehrani. Za nagrado so nas povabili v Center za krepitev zdravja Črnomelj, kjer so za nas pripravili več presenečenj. Skupaj smo pripravili in pojedli sladoled ter se razgibali s pomočjo različnih štafetnih iger. Učenci so prejeli simbolične nagrade in priznanja. S s;raw/web/zdravstvo-20260919-novice-ucenci-ps-adlesici-zmagovalci-tekmovanja-za-ciste-zobe-ob-zdravi-prehrani-aff98b979.md
https://www.radio-odeon.com/novice/spoprijemanje-s-stresom-2/;Kako se spoprijeti s stresom;Drug center;Vabilo;2023-06-26;;Duševno zdravje;"CKZ Metlika oziroma drug izvajalec; ni dokaza vloge CKZ Črnomelj.";delavnica spoprijemanja s stresom s psihologinjo Centra za krepitev zdravja ZD Metlika Rymmo Štubler. Stres je povsem normalno odzivanje. Gre namreč za telesni, duševni in vedenjski odgovor posameznika, ki se poskuša prilagoditi in pr;raw/web/zdravstvo-20260919-novice-spoprijemanje-s-stresom-2-e648ad1b7.md
https://www.radio-odeon.com/novice/zdravo-v-pocitnice/;Zdravo v počitnice;Črnomelj;Poročilo / novica;2023-06-21;;Prehrana in telesna masa;V besedilu je izrecno naveden črnomaljski CKZ oziroma nekdanji naziv Bela krajina.;eda in PPVI III OŠ Milke Šobar - Nataše smo se v Centru za krepitev zdravja ZD Črnomelj udeležili delavnice priprave zdravega sladoleda. Preizkusili smo sladoled s temno čokolado in skupaj pripravili sadni sladoled z bananami,;raw/web/zdravstvo-20260919-novice-zdravo-v-pocitnice-0068ced0d.md
https://www.radio-odeon.com/blog/direkt-v-celo-17/;Direkt v čelo (17);Izločeno;Poročilo / novica;2023-06-13;;Ustno zdravje;Iskalni zadetek brez potrjene relevantnosti za CKZ.;Direkt v čelo (17) tor., 13.06.2023 ob 08:30 Je banka naš prijatelj? Banke poslujejo na več načinov, ki so odvisni od vrste banke in regulativnih okvirjev v posamezni državi. V splošnem pa banke opravljajo naslednje dejavnosti: Sp;raw/web/zdravstvo-20260919-blog-direkt-v-celo-17-40e5bdd03.md
https://www.radio-odeon.com/novice/najbolj-cisti-in-zdravi-zobje-na-soli/;Najbolj čisti in zdravi zobje na šoli;Črnomelj;Poročilo / novica;2023-06-12;;Ustno zdravje;V besedilu je izrecno naveden črnomaljski CKZ oziroma nekdanji naziv Bela krajina.;om presenetili ter razveselili Anita in Katja iz Centra za krepitev zdravja ZD Črnomelj. Sporočili sta nam veselo novico – da smo zmagali v šolskem tekmovanju za najbolj čiste zobe. Prinesli sta nam nagrado, ki nas bo še bolj spodbujala k umivan;raw/web/zdravstvo-20260919-novice-najbolj-cisti-in-zdravi-zobje-na-soli-ad5c01439.md
https://www.radio-odeon.com/novice/aktiven-teden-v-hsd-crnomelj/;Aktiven teden v HSD Črnomelj;Črnomelj;Poročilo / novica;2023-06-04;;Ozaveščanje o raku;V besedilu je izrecno naveden črnomaljski CKZ oziroma nekdanji naziv Bela krajina.;adbi joge. V sredo zjutraj smo se s Katarino, iz Centra za krepitev zdravja Črnomelj, najprej pogovarjali o dejavnikih tveganja za kronične bolezni, potem pa smo na kuharski delavnici praznovali Metkin rojstni dan. V četrtek so nas o;raw/web/zdravstvo-20260919-novice-aktiven-teden-v-hsd-crnomelj-ec4de44c7.md
https://www.radio-odeon.com/novice/junaki-smo-pravi-saj-nasi-zobje-so-cisti-in-zdravi/;Junaki smo pravi, saj naši zobje so čisti in zdravi;Drug center;Poročilo / novica;2023-06-02;;Ustno zdravje;"CKZ Metlika oziroma drug izvajalec; ni dokaza vloge CKZ Črnomelj.";agode ter medicinskima sestrama Mirno in Sašo iz Centra za krepitev zdravja ZD Metlika, smo 30. maja odpotovali v Ljubljano. V Hali Tivoli smo se udeležili zaključne prireditve 38. tekmovanja za zdrave in čiste zobe. Uživali smo v predstavi akrobatske skupi;raw/web/zdravstvo-20260919-novice-junaki-smo-pravi-saj-nasi-zobje-so-cisti-in-zdravi-f05064e98.md
https://www.radio-odeon.com/nasveti/starkmat/prdruzite-se-nam-na-podd-dogodkih/;Pridružite se nam na PODD dogodkih;Izločeno;Informativna objava;2023-06-01;;Ustno zdravje;Iskalni zadetek brez potrjene relevantnosti za CKZ.;Pridružite se nam na PODD dogodkih čet., 01.06.2023 ob 09:30 PODD ( Po djetno d ružabni d ogodki) je neformalna skupina posameznikov, ustvarjena z namenom, da se družimo, si solidarno pomagamo pri premagovanju poslovnih izzivov, d;raw/web/zdravstvo-20260919-nasveti-starkmat-prdruzite-se-nam-na-podd-dogodkih-4fd66b18d.md
https://www.radio-odeon.com/novice/na-dan-za-kakovost-s-kolesi/;Na dan za kakovost s kolesi;Izločeno;Poročilo / novica;2023-05-28;;Ustno zdravje;Iskalni zadetek brez potrjene relevantnosti za CKZ.;Na dan za kakovost s kolesi ned., 28.05.2023 ob 12:00 Letošnji dan za kakovost izobraževanja odraslih smo na Zavodu za izobraževanje in kulturo (ZIK) Črnomelj obeležili malo drugače kot prejšnja leta. Na obisk k poslovnemu partner;raw/web/zdravstvo-20260919-novice-na-dan-za-kakovost-s-kolesi-57929a4e3.md
https://www.radio-odeon.com/fsega/ki-gre-pocasi-daleko-dojde/kairo-via-rodine-ali-kako-sem-egipcanom-vrnil-izido-1/;Kairo via Rodine;Izločeno;Poročilo / novica;2023-05-27;;Ozaveščanje o raku;Iskalni zadetek brez potrjene relevantnosti za CKZ.;Kairo via Rodine sob., 27.05.2023 ob 10:00 Vrnitev Boginje Izide Boštjana Kavčiča v NMEC v Kairu Ideja se je porodila pri nas doma v Rodinah, nato je bila potrebna obilica predanega dela in nazadnje sem le dočakal izpolnitev v obl;raw/web/zdravstvo-20260919-fsega-ki-gre-pocasi-daleko-dojde-kairo-via-rodine-ali-kako-sem-egipcanom-vrnil-izido-1-65f934c2b.md
https://www.radio-odeon.com/novice/zmaga-na-s-factorju-crnomaljcem/;Zmaga na S-Factorju Črnomaljcem (foto & avdio);Črnomelj;Poročilo / novica;2023-05-26;;Ustno zdravje;V besedilu je izrecno naveden črnomaljski CKZ oziroma nekdanji naziv Bela krajina.; drugim podprli tudi Zdravstveni dom Črnomelj in Center za krepitev zdravja, policisti Policijske postaje Črnomelj, Občina Črnomelj, Občina Semič, vplivnica Teja Jugovic – Cool Mamacita in njen partner Jani – Cool Fotr ter mnogi drugi. Kdo je prejel priznanja in kako se je razple;raw/web/zdravstvo-20260919-novice-zmaga-na-s-factorju-crnomaljcem-205f9a7e9.md
https://www.radio-odeon.com/novice/slovenske-zupanje-v-metliki/;Slovenske županje na srečanju v Metliki;Drug center;Poročilo / novica;2023-05-26;;Ozaveščanje o raku;"CKZ Metlika oziroma drug izvajalec; ni dokaza vloge CKZ Črnomelj.";plomirana kineziologinja Daša Brajkovič Orlič iz Centra za krepitev zdravja ZD Metlika, jim je v občinski mestni hiši pripravila poučno in razgibano predavanje na temo vpliva sedečega načina dela na zdravje. Sledila je razprava s praktičnim prik;raw/web/zdravstvo-20260919-novice-slovenske-zupanje-v-metliki-4c4a33b93.md
https://www.radio-odeon.com/novice/tretjesolci-in-cetrtosolci-skrbimo-za-svoje-zdravje/;Tretješolci in četrtošolci skrbimo za svoje zdravje;Črnomelj;Poročilo / novica;2023-05-25;;Ustno zdravje;V besedilu je izrecno naveden črnomaljski CKZ oziroma nekdanji naziv Bela krajina.;aja sta nas obiskali ga. Adriana in ga. Laura iz Centra za krepitev zdravja Črnomelj. Predstavili sta nam zdrav način življenja in nas povprašali o naših zdravih navadah. Učenci so si ogledali pripomočke za osebno higieno, izdelali model mlečnih in stalnih;raw/web/zdravstvo-20260919-novice-tretjesolci-in-cetrtosolci-skrbimo-za-svoje-zdravje-10fc4960e.md
https://www.radio-odeon.com/novice/tvu-tudi-v-vdc-ju/;TVU tudi v VDC-ju;Črnomelj;Poročilo / novica;2023-05-19;;Skupnost in splošno zdravje;V besedilu je izrecno naveden črnomaljski CKZ oziroma nekdanji naziv Bela krajina.;omelj. Tokrat smo v enoti Vinica v sodelovanju s Centrom za krepitev zdravja ZD Črnomelj organizirali poučni predavanji. Kako pomembno je poznati preventivne programe ZORA, DORA in SVIT, nam je podrobno predstavila diplomirana;raw/web/zdravstvo-20260919-novice-tvu-tudi-v-vdc-ju-9172d1f5b.md
https://www.radio-odeon.com/novice/s-factor-2023-se-4-dni-za-glasovanje-10-dni-do-zakljucne-prireditve/;S-Factor 2023: Še 4 dni za glasovanje, 10 dni do zaključne prireditve;Črnomelj;Vabilo;2023-05-15;;Skupnost in splošno zdravje;V besedilu je izrecno naveden črnomaljski CKZ oziroma nekdanji naziv Bela krajina.;ed drugim že podprli Zdravstveni dom Črnomelj in Center za krepitev zdravja, policisti Policijske postaje Črnomelj, vplivnica Teja Jugovic - Cool Mamacita in drugi. Dodajmo, da je letošnjo broško upodobila Tina Jakopič , za zapestnicami pa stoji Nace Mirosavljević. Za naročilo br;raw/web/zdravstvo-20260919-novice-s-factor-2023-se-4-dni-za-glasovanje-10-dni-do-zakljucne-prireditve-8cf8f23e1.md
https://www.radio-odeon.com/novice/pogovor-o-zdravih-odnosih/;Pogovor o zdravih odnosih;Drug center;Poročilo / novica;2023-05-11;;Duševno zdravje;"CKZ Metlika oziroma drug izvajalec; ni dokaza vloge CKZ Črnomelj.";"užbe Metlika pogovarjali s psihologinjo Rymmo iz CKZ ZD Metlika. Tema delavnice je bila ""zdravi odnosi"". Ali veš, da medosebni odnosi vplivajo na tvoje zdravje? Lahko svoje počutje izboljšaš s prakticiranjem ";raw/web/zdravstvo-20260919-novice-pogovor-o-zdravih-odnosih-273726212.md
https://www.radio-odeon.com/nasveti/starkmat/kbz-belokranjsko-z-marketinskega-vidika/;KBZ Belokranjsko z marketinškega vidika;Izločeno;Poročilo / novica;2023-05-04;;Ozaveščanje o raku;Iskalni zadetek brez potrjene relevantnosti za CKZ.;KBZ Belokranjsko z marketinškega vidika čet., 04.05.2023 ob 09:15 Ste vedeli, da smo STARKMAT prek našega hišnega projekta Belokranjski izdelki eden izmed partnerjev v projektu nastanka Kolektivne blagovne znamke Belokranjsko in d;raw/web/zdravstvo-20260919-nasveti-starkmat-kbz-belokranjsko-z-marketinskega-vidika-ee62def3d.md
https://www.radio-odeon.com/novice/moji-vtisi-z-nacionalnega-otroskega-parlamenta/;Moji vtisi z nacionalnega otroškega parlamenta;Izločeno;Poročilo / novica;2023-04-21;;Duševno zdravje;Iskalni zadetek brez potrjene relevantnosti za CKZ.;Moji vtisi z nacionalnega otroškega parlamenta pet., 21.04.2023 ob 10:00 V torek, 11. aprila 2023, je v veliki dvorani Državnega zbora potekal 33. nacionalni otroški parlament na temo Duševno zdravje otrok in mladih . Parlament so;raw/web/zdravstvo-20260919-novice-moji-vtisi-z-nacionalnega-otroskega-parlamenta-2d5888f02.md
https://www.radio-odeon.com/novice/naravoslovni-dan-v-3-razredu/;Naravoslovni dan v 3. razredu;Črnomelj;Poročilo / novica;2023-04-20;;Ustno zdravje;V besedilu je izrecno naveden črnomaljski CKZ oziroma nekdanji naziv Bela krajina.;reda OŠ Vinica naravoslovni dan. V sodelovanju s Centrom za krepitev zdravja iz ZD Črnomelj so spoznavali zdrav način življenja, pomen gibanja in skrb za svoje zdravje. Najprej so se razgibali v šolski telovadnici, nato so pripravljali zelen;raw/web/zdravstvo-20260919-novice-naravoslovni-dan-v-3-razredu-e9639f2eb.md
https://www.radio-odeon.com/novice/poslovna-cona-tris-kanizarica-dobiva-vizijo-razvoja/;Tris Kanižarica dobiva vizijo razvoja;Izločeno;Informativna objava;2023-04-14;;Ozaveščanje o raku;Iskalni zadetek brez potrjene relevantnosti za CKZ.;Tris Kanižarica dobiva vizijo razvoja pet., 14.04.2023 ob 08:00 V poslovni coni (PC) Tris Kanižarica se nadaljuje tretji del projekta urejanja ekonomsko-poslovno infrastrukture območja v vrednosti skoraj 1,44 milijona evrov. Občin;raw/web/zdravstvo-20260919-novice-poslovna-cona-tris-kanizarica-dobiva-vizijo-razvoja-bc58d0336.md
https://www.radio-odeon.com/sport/pohod-za-spremembe/;Pohod za spremembe;Črnomelj;Poročilo / novica;2023-04-14;;Duševno zdravje;V besedilu je izrecno naveden črnomaljski CKZ oziroma nekdanji naziv Bela krajina.; Občino Črnomelj, Društvom upokojencev Črnomelj, Centrom za krepitev zdravja ZD Črnomelj, Društvom invalidov Črnomelj, OZARO Črnomelj, OŠ Loka Črnomelj in Šolo zdravja Črnomelj smo želeli pokazati vsej lokalni skupnosti, da se z aktivnim življenjem izboljša počutje in duš;raw/web/zdravstvo-20260919-sport-pohod-za-spremembe-250bda7b8.md
https://www.radio-odeon.com/zvitica/poziv-mladim/;Poziv mladim;Izločeno;Vabilo;2023-04-12;;Skupnost in splošno zdravje;Iskalni zadetek brez potrjene relevantnosti za CKZ.;Poziv mladim sre., 12.04.2023 ob 09:45 Dragi dijaki in študenti! Dragi mladi! Vabimo vas, da se pridružite Klubu belokranjskih študentov in skupaj z nami prispevate za razvoj in krepitev našega lokalnega okolja. Kako? S sodelovanj;raw/web/zdravstvo-20260919-zvitica-poziv-mladim-d07e55b73.md
https://www.radio-odeon.com/novice/naravoslovni-dan-zdravje-v-1-in-2-razredu-ps-adlesici-1/;Naravoslovni dan Zdravje v 1. in 2. razredu PŠ Adlešiči;Črnomelj;Poročilo / novica;2023-04-07;;Ustno zdravje;V besedilu je izrecno naveden črnomaljski CKZ oziroma nekdanji naziv Bela krajina.;seben dan. Obiskali sta nas Adrijana in Laura iz CKZ Črnomelj. Pogovarjali smo se o zdravi – manj zdravi hrani, zdravju in higieni zob (nitkanje, pravilno ščetkanje). Iz papirja smo izdelali dva zobka ter po skupinah ustvarili in zaigral;raw/web/zdravstvo-20260919-novice-naravoslovni-dan-zdravje-v-1-in-2-razredu-ps-adlesici-1-8053fbb28.md
https://www.radio-odeon.com/novice/v-skrbi-za-dusevno-zdravje-belokranjcev/;V skrbi za duševno zdravje Belokranjcev;Črnomelj;Poročilo / novica;2023-04-06;;Ustno zdravje;V besedilu je izrecno naveden črnomaljski CKZ oziroma nekdanji naziv Bela krajina.;ranjcev čet., 06.04.2023 ob 16:00 V koordinaciji Centra za krepitev zdravja Zdravstvenega doma Črnomelj v tednu, ko obeležujemo svetovni dan zdravja, poteka Festival zdravja. Od 4. do 7. aprila so v sklopu festivala pod sloganom »Nekarte zamudit« v sodelovanju z ;raw/web/zdravstvo-20260919-novice-v-skrbi-za-dusevno-zdravje-belokranjcev-e87bce642.md
https://www.radio-odeon.com/novice/akrapovic-kljub-spremembam-tudi-letos-pricakuje-rast-dobicka/;Akrapovič kljub spremembam tudi letos pričakuje rast dobička;Izločeno;Informativna objava;2023-04-05;;Skupnost in splošno zdravje;Iskalni zadetek brez potrjene relevantnosti za CKZ.;Akrapovič kljub spremembam tudi letos pričakuje rast dobička sre., 05.04.2023 ob 11:00 Podjetje Akrapovič je ob nadaljnji rasti povpraševanja tudi lani ustvarilo višje prihodke in dobiček. Zaradi sprememb v industriji, ki jih prin;raw/web/zdravstvo-20260919-novice-akrapovic-kljub-spremembam-tudi-letos-pricakuje-rast-dobicka-1544c791b.md
https://www.radio-odeon.com/novice/prevzemimo-odgovornost-za-svoje-zdravje/;Prevzemimo odgovornost za svoje zdravje;Drug center;Poročilo / novica;2023-04-02;;Ozaveščanje o raku;"CKZ Metlika oziroma drug izvajalec; ni dokaza vloge CKZ Črnomelj.";023 ob 12:00 Na pobudo članic Šole zdravja smo v Centru za krepitev zdravja Zdravstvenega doma Metlika izvedli delavnico samopregledovanje dojk. V Sloveniji je rak dojk vodilni rak pri ženskah, saj letno zboli okoli 1500 žensk. Ključno vlogo pri odkrivanju raka;raw/web/zdravstvo-20260919-novice-prevzemimo-odgovornost-za-svoje-zdravje-3ff725647.md
https://www.radio-odeon.com/novice/v-beli-krajini-turisticni-obisk-lani-presegel-predcovidno-raven/;V Beli krajini turistični obisk lani presegel predcovidno raven;Izločeno;Informativna objava;2023-03-28;;Skupnost in splošno zdravje;Iskalni zadetek brez potrjene relevantnosti za CKZ.;V Beli krajini turistični obisk lani presegel predcovidno raven tor., 28.03.2023 ob 11:59 Na turističnem območju Bela krajina so imeli lani nekaj več kot 110.000 prenočitev, s čimer so tovrstni izid predcovidnega leta 2019 presegl;raw/web/zdravstvo-20260919-novice-v-beli-krajini-turisticni-obisk-lani-presegel-predcovidno-raven-0ec821752.md
https://www.radio-odeon.com/novice/naravoslovni-dan-na-podruznicni-soli-strekljevec/;Naravoslovni dan na Podružnični šoli Štrekljevec;Črnomelj;Poročilo / novica;2023-03-23;;Ustno zdravje;V besedilu je izrecno naveden črnomaljski CKZ oziroma nekdanji naziv Bela krajina.;bozdravstveni vzgoji. S strokovnimi delavkami iz Centra za krepitev zdravja Črnomelj smo se pogovarjali o zdravih in manj zdravih življenjskih navadah, o pomenu gibanja za naše telo, o higieni zob in oblikovali modele zobkov. Ob koncu dneva pa smo se še;raw/web/zdravstvo-20260919-novice-naravoslovni-dan-na-podruznicni-soli-strekljevec-d329f1712.md
https://www.radio-odeon.com/novice/mladi-parlamentarci-v-metliki-o-dusevnem-zdravju/;Mladi parlamentarci v Metliki o duševnem zdravju;Izločeno;Poročilo / novica;2023-03-17;;Duševno zdravje;Iskalni zadetek brez potrjene relevantnosti za CKZ.;Mladi parlamentarci v Metliki o duševnem zdravju pet., 17.03.2023 ob 15:00 V sejni sobi Občine Metlika je danes potekal 33. občinski otroški parlament, ki se ga je skupaj z mentorji udeležilo 18 učencev iz osnovnih šol Metlika in ;raw/web/zdravstvo-20260919-novice-mladi-parlamentarci-v-metliki-o-dusevnem-zdravju-60d2da4cf.md
https://www.radio-odeon.com/novice/umovadba-skrb-za-zdravje-mozganov/;Umovadba – skrb za zdravje možganov;Izločeno;Informativna objava;2023-03-15;;Gibanje;Iskalni zadetek brez potrjene relevantnosti za CKZ.;Umovadba – skrb za zdravje možganov sre., 15.03.2023 ob 08:00 Mednarodna akcija Teden možganov je namenjena ozaveščanju javnosti o skrbi za zdravje možganov. Možgani so najbolj zapleten del živčnega sistema, ki sprejema informacij;raw/web/zdravstvo-20260919-novice-umovadba-skrb-za-zdravje-mozganov-e1138b259.md
https://www.radio-odeon.com/novice/zenske-zenskam/;Ženske ženskam;Črnomelj;Poročilo / novica;2023-03-09;;Ozaveščanje o raku;V besedilu je izrecno naveden črnomaljski CKZ oziroma nekdanji naziv Bela krajina.;a je predstavila njihovo delovanje, predstavnice Centra za krepitev zdravja Bele krajine pa so predstavile vplive in posledice raka na dojki ter preventivne ukrepe, s katerimi lahko bolezen pravočasno odkrijemo in tako lažj;raw/web/zdravstvo-20260919-novice-zenske-zenskam-2a270c440.md
https://www.radio-odeon.com/novice/v-livarju-lani-rekordno/;V Livarju lani rekordno;Izločeno;Poročilo / novica;2023-03-02;;Gibanje;Iskalni zadetek brez potrjene relevantnosti za CKZ.;V Livarju lani rekordno čet., 02.03.2023 ob 14:00 V Livarju, ki ima svoji proizvodni enoti livarne in mehanske obdelave tudi v Črnomlju, so v lanskem letu zabeležili zgodovinsko najvišji obseg prodaje. Poslovni prihodki so znašali;raw/web/zdravstvo-20260919-novice-v-livarju-lani-rekordno-93ac82730.md
https://www.radio-odeon.com/sport/po-ribji-poti-za-duso-in-telo/;"Po ""ribji poti"" za dušo in telo";Črnomelj;Poročilo / novica;2023-02-24;;Ozaveščanje o raku;V besedilu je izrecno naveden črnomaljski CKZ oziroma nekdanji naziv Bela krajina.;" poti"" za dušo in telo pet., 24.02.2023 ob 15:00 Center za krepitev zdravja Bela krajina, Zdravstveni dom (ZD) Črnomelj in Občina Črnomelj so včeraj pripravili pohod po t.i. ribji poti, od ZD Črnomelj do Jelševnika in nazaj. Skupaj s člani Hiše Sadeži družbe Črnomel j , Društva Š";raw/web/zdravstvo-20260919-sport-po-ribji-poti-za-duso-in-telo-f0fadd5b1.md
https://www.radio-odeon.com/novice/v-crnomlju-se-obeta-vec-vecjih-podjetniskih-nalozb/;Krepitev podjetniškega okolja v Črnomlju;Izločeno;Informativna objava;2023-02-21;;Ustno zdravje;Iskalni zadetek brez potrjene relevantnosti za CKZ.;Krepitev podjetniškega okolja v Črnomlju tor., 21.02.2023 ob 10:00 V Občini Črnomelj so zadnja leta v razvoj infrastrukture v poslovni coni Tris Kanžarica vložili nekaj več kot 2,5 milijona evrov. Glavni namen tega je bil razvoj t;raw/web/zdravstvo-20260919-novice-v-crnomlju-se-obeta-vec-vecjih-podjetniskih-nalozb-821cf421b.md
https://www.radio-odeon.com/novice/delavnica-zdravo-zivim/;"Delavnica ""Zdravo živim""";Črnomelj;Poročilo / novica;2023-01-26;;Gibanje;V besedilu je izrecno naveden črnomaljski CKZ oziroma nekdanji naziv Bela krajina.;"novimi življenjskimi smernicami. V sodelovanju s Centrom za krepitev zdravja (CKZ) Zdravstvenega doma Črnomelj smo včeraj pripravili delavnico ""Zdravo živim"". Z zaposleno v CKZ ZD Katarino smo se pogovarjali o zdravem načinu življenja. Opozorila nas je na";raw/web/zdravstvo-20260919-novice-delavnica-zdravo-zivim-33db1f529.md
https://www.radio-odeon.com/novice/terjatve-do-druzbe-beti-v-roke-nemcev/;Terjatve do družbe Beti v roke Nemcev;Izločeno;Informativna objava;2023-01-12;;Gibanje;Iskalni zadetek brez potrjene relevantnosti za CKZ.;Terjatve do družbe Beti v roke Nemcev čet., 12.01.2023 ob 11:00 Terjatve do metliške Beti, ene vodilnih evropskih proizvajalk barvane poliamidne preje, v višini 3,9 milijona evrov je po neuradnih podatkih Dnevnika od Družbe za upr;raw/web/zdravstvo-20260919-novice-terjatve-do-druzbe-beti-v-roke-nemcev-29eb8d341.md
https://www.radio-odeon.com/novice/hrvaska-opolnoci-dviga-zapornice-na-mejnih-prehodih/;Hrvaška opolnoči dviga zapornice na mejnih prehodih;Izločeno;Informativna objava;2022-12-31;;Skupnost in splošno zdravje;Iskalni zadetek brez potrjene relevantnosti za CKZ.;Hrvaška opolnoči dviga zapornice na mejnih prehodih sob., 31.12.2022 ob 12:00 Hrvaška bo s 1. januarjem odpravila 73 mejnih prehodov na kopenski meji in 12 mejnih prehodov na morski meji. Vsak, ki bo prehajal mejo med Hrvaško in S;raw/web/zdravstvo-20260919-novice-hrvaska-opolnoci-dviga-zapornice-na-mejnih-prehodih-d708a6b74.md
https://www.radio-odeon.com/novice/zdravstvena-vzgoja-za-2-letnike/;Zdravstvena vzgoja za 2. letnike;Črnomelj;Informativna objava;2022-12-25;;Skupnost in splošno zdravje;V besedilu je izrecno naveden črnomaljski CKZ oziroma nekdanji naziv Bela krajina.;strojnega tehnika so včeraj dopoldne preživeli v Centru za krepitev zdravja v ZD Črnomelj. Preverili so svoje telesno stanje, izmerili moč ter prisluhnili predavanju iz spolne vzgoje.;raw/web/zdravstvo-20260919-novice-zdravstvena-vzgoja-za-2-letnike-79d1e8005.md
https://www.radio-odeon.com/novice/veselijo-se-predvsem-krajsih-kolon/;Veselijo se predvsem krajših kolon;Izločeno;Informativna objava;2022-12-22;;Ustno zdravje;Iskalni zadetek brez potrjene relevantnosti za CKZ.;Veselijo se predvsem krajših kolon čet., 22.12.2022 ob 12:00 V občinah ob meji s Hrvaško ob vstopu sosednje države v schengensko območje pričakujejo predvsem sprostitev prometa in okrepitev njegove pretočnosti, pa tudi manj ovir p;raw/web/zdravstvo-20260919-novice-veselijo-se-predvsem-krajsih-kolon-a6de25ea6.md
https://www.radio-odeon.com/novice/bodo-taksni-prizori-postali-zgodovina/;Bodo takšni prizori končno postali zgodovina?;Izločeno;Informativna objava;2022-12-09;;Gibanje;Iskalni zadetek brez potrjene relevantnosti za CKZ.;Bodo takšni prizori končno postali zgodovina? pet., 09.12.2022 ob 16:00 Ministrica za notranje zadeve v odstopu Tatjana Bobnar je po včerajšnji potrditvi vstopa Hrvaške v schengen , v intervjuju za Delo med drugim povedala tudi, a;raw/web/zdravstvo-20260919-novice-bodo-taksni-prizori-postali-zgodovina-ef023b7c3.md
https://www.radio-odeon.com/novice/8-kongres-socialnega-dela/;8. Kongres socialnega dela;Izločeno;Poročilo / novica;2022-11-20;;Ustno zdravje;Iskalni zadetek brez potrjene relevantnosti za CKZ.;"8. Kongres socialnega dela ned., 20.11.2022 ob 13:00 16. in 17.novembra je v Termah Zreče potekal 8. Kongres socialnega dela z naslovom "" Prihodnost socialnega dela: stroka, politika, akcija"". Socialno delo je v svojem jedru povez";raw/web/zdravstvo-20260919-novice-8-kongres-socialnega-dela-abfe69705.md
https://www.radio-odeon.com/novice/pohod-za-sladki-movember/;Pohod za sladki movember;Črnomelj;Poročilo / novica;2022-11-15;;Presnovno in srčno-žilno zdravje;V besedilu je izrecno naveden črnomaljski CKZ oziroma nekdanji naziv Bela krajina.;čerajšnjem svetovnem dnevu sladkorne bolezni sta Center za krepitev zdravja Zdravstvenega doma Črnomelj in Občina Črnomelj organizirala pohod za sladki movember. November je tudi mesec ozaveščanja o rakastih obolenjih pri moških, zato v ZD Črnomelj skozi ves mesec oz;raw/web/zdravstvo-20260919-novice-pohod-za-sladki-movember-e33352012.md
https://www.radio-odeon.com/novice/obelezili-svetovni-dan-boja-proti-odvisnosti/;Obeležili svetovni dan boja proti odvisnosti;Črnomelj;Poročilo / novica;2022-11-11;;Tvegana vedenja;V besedilu je izrecno naveden črnomaljski CKZ oziroma nekdanji naziv Bela krajina.;amen sta učiteljica šole in strokovna delavka iz Centra za krepitev zdravja ZD Črnomelj pripravili delavnico ozaveščanja o zasvojenosti med mladimi. Skozi izredno zabavne in interaktivne metode so spoznavali učinke, ki jih ima kajenje na naše telo, si ;raw/web/zdravstvo-20260919-novice-obelezili-svetovni-dan-boja-proti-odvisnosti-dba286e76.md
https://www.radio-odeon.com/novice/v-crnomlju-zupana-izzvala-njegova-predhodnica/;V Črnomlju župana izzvala njegova predhodnica;Izločeno;Informativna objava;2022-11-10;;Gibanje;Iskalni zadetek brez potrjene relevantnosti za CKZ.;V Črnomlju župana izzvala njegova predhodnica čet., 10.11.2022 ob 10:00 Črnomaljski župan Andrej Kavšek , kandidat s podpisi volivcev in podporo Liste za razvoj, se po prvem županskem mandatu v tekmi za vnovičnega sooča s predhodn;raw/web/zdravstvo-20260919-novice-v-crnomlju-zupana-izzvala-njegova-predhodnica-f07dd25b5.md
https://www.radio-odeon.com/novice/movember-tudi-v-crnomlju/;Movember tudi v Črnomlju;Črnomelj;Vabilo;2022-11-04;;Presnovno in srčno-žilno zdravje;V besedilu je izrecno naveden črnomaljski CKZ oziroma nekdanji naziv Bela krajina.;"užili tudi na Občini Črnomelj in v sodelovanju s Centrom za krepitev zdravja ZD Črnomelj balkon Črnomaljskega gradu okrasili z modrimi baloni ter brki, ki simbolizirajo svetovni dobrodelni projekt ""Movember"". 14. novembra je svetovni";raw/web/zdravstvo-20260919-novice-movember-tudi-v-crnomlju-438d6a0cb.md
https://www.radio-odeon.com/novice/stiske-ljudi-vse-vecje-pomoci-pa-odlocno-premalo/;Stiske ljudi vse večje, pomoči pa odločno premalo;Črnomelj;Poročilo / novica;2022-10-29;;Duševno zdravje;V besedilu je izrecno naveden črnomaljski CKZ oziroma nekdanji naziv Bela krajina.;a za socialno delo Dolenjske in Bele krajine ter Centra za krepitev zdravja Zdravstvenega doma Črnomelj, so uvodoma izvedeli, s kako hudimi stiskami se srečuje vse več mladih in z njimi družine, kako morajo na pomoč kliničnega psihologa čakati tudi več kot dve leti, kako i;raw/web/zdravstvo-20260919-novice-stiske-ljudi-vse-vecje-pomoci-pa-odlocno-premalo-ff8c047a8.md
https://www.radio-odeon.com/novice/ric-bela-krajina-del-evropskega-sticisca-za-digitalizacijo-v-sloveniji/;RIC Bela krajina del evropskega stičišča za digitalizacijo v Sloveniji;Izločeno;Poročilo / novica;2022-10-26;;Ustno zdravje;Iskalni zadetek brez potrjene relevantnosti za CKZ.;RIC Bela krajina del evropskega stičišča za digitalizacijo v Sloveniji sre., 26.10.2022 ob 11:03 Razvojno informacijski center Bela krajina je postal del konzorcija SRC-EDIH z več kot deset partnerji iz vse države, ki ga koordinir;raw/web/zdravstvo-20260919-novice-ric-bela-krajina-del-evropskega-sticisca-za-digitalizacijo-v-sloveniji-31cd945d1.md
https://www.radio-odeon.com/sport/gibalni-ucenjak-je-junak/;Gibalni učenjak je junak;Črnomelj;Poročilo / novica;2022-10-22;;Gibanje;V besedilu je izrecno naveden črnomaljski CKZ oziroma nekdanji naziv Bela krajina.;ence 4. razreda malo drugačen. Povezali smo se s Centrom za krepitev zdravja Črnomelj. Obiskal nas je kineziolog Zoran, ki nam je predstavil svoj poklic in različne vsebine gibanj ter učence dobro razgibal. Bilo je super.;raw/web/zdravstvo-20260919-sport-gibalni-ucenjak-je-junak-25a0d2bbf.md
https://www.radio-odeon.com/novice/gricek-v-znamenju-roznatega-oktobra/;Griček v znamenju rožnatega oktobra;Črnomelj;Informativna objava;2022-10-20;;Ustno zdravje;V besedilu je izrecno naveden črnomaljski CKZ oziroma nekdanji naziv Bela krajina.;vadili pod vodstvom kineziologa Zorana Šuteja iz Centra za krepitev zdravja ZD Črnomelj. Program prireditve je povezovala Vesna Gregorič , prostovoljka in članica Združenja Europa Donna Slovenija.;raw/web/zdravstvo-20260919-novice-gricek-v-znamenju-roznatega-oktobra-8d7fb3af7.md
https://www.radio-odeon.com/novice/cepljenje-proti-gripi-v-crnomlju-semicu-in-metliki/;Cepljenje proti gripi v Črnomlju, Semiču in Metliki;Nejasno;Vabilo;2022-10-19;;Starši in otroci;"Povezava s CKZ Črnomelj ni dovolj izrecna; ne vključujemo v njegovo oceno.";:30 in 14:30, v prostorih tamkajšnjega centra za krepitev zdravja (nad garažami). Za vse informacije lahko pišete na elektronski naslov [email protected] . Pri starejših in kroničnih bolnikih je hkrati s cepljenjem proti gripi priporočlj;raw/web/zdravstvo-20260919-novice-cepljenje-proti-gripi-v-crnomlju-semicu-in-metliki-ab8f8466f.md
https://www.radio-odeon.com/novice/roznati-oktober-v-crnomlju-1/;Rožnati oktober v Črnomlju;Črnomelj;Vabilo;2022-10-18;;Ozaveščanje o raku;V besedilu je izrecno naveden črnomaljski CKZ oziroma nekdanji naziv Bela krajina.;"n zgodnjega odkrivanja raka. Hkrati vas skupaj s Centrom za krepitev zdravja ZD Črnomelj in Združenjem Europa Donna Slovenija vabimo na Griček , kjer bo črnomaljska osrednja prireditev ob vseslovenski akciji ""rožnati oktober"".";raw/web/zdravstvo-20260919-novice-roznati-oktober-v-crnomlju-1-cb429e210.md
https://www.radio-odeon.com/novice/kandidate-za-zupane-v-solske-klopi/;Kandidate za župane v šolske klopi;Drug center;Informativna objava;2022-10-14;;Duševno zdravje;"CKZ Metlika oziroma drug izvajalec; ni dokaza vloge CKZ Črnomelj.";ntra za socialno delo Dolenjske in Bele krajine, Centra za krepitev zdravja Bela krajina, Zavoda Metlika in MC Bit.;raw/web/zdravstvo-20260919-novice-kandidate-za-zupane-v-solske-klopi-9ae8d3d0b.md
https://www.radio-odeon.com/novice/roznati-oktober-2022-v-semicu/;Rožnati oktober 2022 v Semiču;Črnomelj;Informativna objava;2022-10-06;;Ozaveščanje o raku;V besedilu je izrecno naveden črnomaljski CKZ oziroma nekdanji naziv Bela krajina.;bo, kratek nastop otrok iz vrtca Sonček Semič. S Centrom za krepitev zdravja ZD Črnomelj so se otroci in drugi obiskovalci razgibali za bolj zdravo življenje. Center za krepitev zdravja Bele krajine je osveščal o zdravju ustja in izvajal ;raw/web/zdravstvo-20260919-novice-roznati-oktober-2022-v-semicu-0f07d2944.md
https://www.radio-odeon.com/novice/predavanje-sabine-prah-o-otrokovi-varni-navezanosti/;Predavanje Sabine Prah o otrokovi varni navezanosti;Črnomelj;Poročilo / novica;2022-10-05;;Duševno zdravje;V besedilu je izrecno naveden črnomaljski CKZ oziroma nekdanji naziv Bela krajina.; travm ter učiteljice čuječnosti. Zaposlena je v Centru za krepitev zdravja Bela krajina, v svoji zasebni praksi pa izvaja kognitivno-vedenjsko psihoterapijo. Starši želimo svojim otrokom dobro, vendar se pogosto ujamemo v zanko vzorcev in avtomatizmov. S pred;raw/web/zdravstvo-20260919-novice-predavanje-sabine-prah-o-otrokovi-varni-navezanosti-138be8915.md
https://www.radio-odeon.com/novice/za-ozivitev-juzne-trase-zeleznice-od-ljubljane-do-zagreba/;Za oživitev južne trase železnice od Ljubljane do Zagreba;Izločeno;Informativna objava;2022-10-03;;Skupnost in splošno zdravje;Iskalni zadetek brez potrjene relevantnosti za CKZ.;Za oživitev južne trase železnice od Ljubljane do Zagreba pon., 03.10.2022 ob 16:30 V Novem mestu so predstavniki sodelujočih občin in družb danes podpisali konvencijo in statut novoustanovljenega Evropskega združenja za teritoria;raw/web/zdravstvo-20260919-novice-za-ozivitev-juzne-trase-zeleznice-od-ljubljane-do-zagreba-b0bf0cb68.md
https://www.radio-odeon.com/sport/sportaj-v-mestu-crnomelj/;Športaj v mestu Črnomelj;Črnomelj;Poročilo / novica;2022-09-28;;Gibanje;V besedilu je izrecno naveden črnomaljski CKZ oziroma nekdanji naziv Bela krajina.; Ženski odbojkarski klub, Šola zdravja Črnomelj, Center za krepitev zdravja ZD Črnomelj, Društvo upokojencev Črnomelj, Planinsko društvo Črnomelj, Lokostrelski klub Paradoks, Društvo invalidov Črnomelj, Twirling klub Spin, Gladiator Muay Thay Gym klub Črnomelj in Šahovski klub St;raw/web/zdravstvo-20260919-sport-sportaj-v-mestu-crnomelj-496c552c7.md
https://www.radio-odeon.com/novice/skrb-za-zdrave-zobe-1/;Skrb za zdrave zobe v VDC-ju;Črnomelj;Poročilo / novica;2022-09-28;;Ustno zdravje;V besedilu je izrecno naveden črnomaljski CKZ oziroma nekdanji naziv Bela krajina.;azložila strokovna delavka Anita Zajec Kambič iz CKZ ZD Črnomelj. Obljubili smo ji, da bomo vsakodnevno skrbeli za ustno zdravje in dajali poudarek natančnemu ščetkanju zob.;raw/web/zdravstvo-20260919-novice-skrb-za-zdrave-zobe-1-1b9fc71d1.md
https://www.radio-odeon.com/sport/ali-sem-fit/;Ali sem fit?;Črnomelj;Poročilo / novica;2022-09-22;;Skupnost in splošno zdravje;V besedilu je izrecno naveden črnomaljski CKZ oziroma nekdanji naziv Bela krajina.;a mobilnosti so v Semiču pod strokovnim vodstvom Centra za krepitev zdravja Bela krajina - ZD Črnomelj opravili preizkus telesne pripravljenosti. Udeleženci so na delavnici »Ali sem fit?« izvedeli, kakšna je njihova telesna pripravljen;raw/web/zdravstvo-20260919-sport-ali-sem-fit-289330ee6.md
https://www.radio-odeon.com/nasveti/zeleno-ki-te-ljubim-zeleno/brsljan-izjemna-zimzelena-pregrada/;Bršljan, izjemna zimzelena pregrada;Izločeno;Informativna objava;2022-09-19;;Prehrana in telesna masa;Iskalni zadetek brez potrjene relevantnosti za CKZ.;Bršljan, izjemna zimzelena pregrada pon., 19.09.2022 ob 09:15 Navadni bršljan (Hedera helix) je do 20 m dolga zimzelena lesnata ovijalka. Njegovi listi so različnih oblik. Na poganjkih, ki ne cveto, so listi 3-5 krpi in imajo belo;raw/web/zdravstvo-20260919-nasveti-zeleno-ki-te-ljubim-zeleno-brsljan-izjemna-zimzelena-pregrada-a08b520ff.md
https://www.radio-odeon.com/ruzanc/lavra-budala-dan-sporta-na-pungarti/;Lavra Budala - Dan športa na Pungarti;Izločeno;Poročilo / novica;2022-09-09;;Gibanje;Iskalni zadetek brez potrjene relevantnosti za CKZ.;Lavra Budala - Dan športa na Pungarti pet., 09.09.2022 ob 09:15 Letos ni potrebe po provociranju po ničemur iz dogodka kot se je lani, ker so že na prizorišču Virex i Dejo prcali mimoidoče, čeprav ni blo niti lani sploh te potrebe;raw/web/zdravstvo-20260919-ruzanc-lavra-budala-dan-sporta-na-pungarti-3dade9a95.md
https://www.radio-odeon.com/sport/tecaj-nordijske-hoje-v-semicu/;Tečaj nordijske hoje v Semiču;Črnomelj;Poročilo / novica;2022-09-06;;Gibanje;V besedilu je izrecno naveden črnomaljski CKZ oziroma nekdanji naziv Bela krajina.; Evropskega tedna mobilnosti včeraj pod okriljem Centra za krepitev zdravja Bela krajina, pripravili pred Kulturnim centrom Semič. Udeleženci tečaja so se naučili pravilne tehnike hoje, spoznali pripomočke ter številne koristi nordijske h;raw/web/zdravstvo-20260919-sport-tecaj-nordijske-hoje-v-semicu-d74378ab3.md
https://www.radio-odeon.com/nasveti/zeleno-ki-te-ljubim-zeleno/sliva-koscicasto-sadno-zdravje/;Sliva, koščičasto sadno zdravje;Izločeno;Informativna objava;2022-09-05;;Prehrana in telesna masa;Iskalni zadetek brez potrjene relevantnosti za CKZ.;Sliva, koščičasto sadno zdravje pon., 05.09.2022 ob 09:15 »Fruške , jabuke, slive, mene voli Ive…« lepo zvenijo verzi v belokranjski ljudski pesmi. Naši predniki so to sadno drevo zelo pogosto sadili ob hišah in v mešanih sadovnja;raw/web/zdravstvo-20260919-nasveti-zeleno-ki-te-ljubim-zeleno-sliva-koscicasto-sadno-zdravje-6ec5bdd70.md
https://www.radio-odeon.com/zvitica/izmenjava-v-prestolnico-evropske-unije/;Izmenjava v prestolnico Evropske unije;Izločeno;Poročilo / novica;2022-08-24;;Ozaveščanje o raku;Iskalni zadetek brez potrjene relevantnosti za CKZ.;Izmenjava v prestolnico Evropske unije sre., 24.08.2022 ob 09:15 V soboto, 7. 5. 2022, sva se s Saro že zgodaj zjutraj odpravili v prestolnico Belgije — Bruselj. Glavno mesto Belgije je hkrati tudi prestolnica Evropske unije. Tam ;raw/web/zdravstvo-20260919-zvitica-izmenjava-v-prestolnico-evropske-unije-73c00c41e.md
https://www.radio-odeon.com/novice/na-pocitniskem-taboru-tudi-ob-kislem-vremenu-pestro/;Na počitniškem taboru tudi ob kislem vremenu pestro;Črnomelj;Poročilo / novica;2022-08-23;;Skupnost in splošno zdravje;V besedilu je izrecno naveden črnomaljski CKZ oziroma nekdanji naziv Bela krajina.;raj sta se počitnikarjem pridružili zaposleni iz Centra za krepitev zdravja ZD Črnomelj, ki sta pripravili delavnico o prepoznavanju, izražanju in uravnavanju čustev. Skozi igro, pantomimo in barvanjem risbice so otroci spoznavali čustva ter občutke ob njih. ;raw/web/zdravstvo-20260919-novice-na-pocitniskem-taboru-tudi-ob-kislem-vremenu-pestro-348d92b60.md
https://www.radio-odeon.com/novice/delavnice-za-otroke-v-semicu/;Delavnice za otroke v Semiču;Črnomelj;Poročilo / novica;2022-08-21;;Skupnost in splošno zdravje;V besedilu je izrecno naveden črnomaljski CKZ oziroma nekdanji naziv Bela krajina.;vico z Alino, v sredo smo varno rolali z Dašo iz CKZ ZD Črnomelj, v četrtek pa smo si izdelali prav simpatičen akvarij z Nado.;raw/web/zdravstvo-20260919-novice-delavnice-za-otroke-v-semicu-c1e3868de.md
https://www.radio-odeon.com/novice/vtisi-19-tabora-gasilske-mladine-gz-crnomelj/;Vtisi 19. tabora gasilske mladine GZ Črnomelj;Črnomelj;Poročilo / novica;2022-08-19;;Ustno zdravje;V besedilu je izrecno naveden črnomaljski CKZ oziroma nekdanji naziv Bela krajina.;o se odzvali našemu vabilu. Zahvaljujemo se tudi Centru za krepitev zdravja Zdravstvenega doma Črnomelj, gospe Petri Planinc iz Slovenskega gasilskega muzeja dr. Branka Božiča, Policiji Slovenije in Spominski hiši Otona Župančiča Vinica. Na koncu naj še poudarim, da je;raw/web/zdravstvo-20260919-novice-vtisi-19-tabora-gasilske-mladine-gz-crnomelj-dd714fd7d.md
https://www.radio-odeon.com/novice/vlada-obcinam-odobrila-sodelovanje-pri-ustanovitvi-etzs/;Vlada občinam odobrila sodelovanje pri ustanovitvi EZTS;Izločeno;Informativna objava;2022-08-19;;Ozaveščanje o raku;Iskalni zadetek brez potrjene relevantnosti za CKZ.;Vlada občinam odobrila sodelovanje pri ustanovitvi EZTS pet., 19.08.2022 ob 16:00 Vlada je Razvojnemu centru Novo mesto, občinam Škofljica, Grosuplje, Ivančna Gorica, Trebnje, Mirna Peč, Semič, Črnomelj, Metlika ter Mestna občina ;raw/web/zdravstvo-20260919-novice-vlada-obcinam-odobrila-sodelovanje-pri-ustanovitvi-etzs-3cf334e61.md
https://www.radio-odeon.com/sport/matko-vracam-se-motiviran/;Matko: Vračam se motiviran;Izločeno;Poročilo / novica;2022-08-17;;Skupnost in splošno zdravje;Iskalni zadetek brez potrjene relevantnosti za CKZ.;Matko: Vračam se motiviran sre., 17.08.2022 ob 08:30 Aljoša Matko je nova okrepitev nogometnega kluba Celje , s katerim je podpisal dveletno pogodbo. Donedavni mladi slovenski reprezentant, ki je za izbrano vrsto do 21 let nastopi;raw/web/zdravstvo-20260919-sport-matko-vracam-se-motiviran-28176267d.md
https://www.radio-odeon.com/novice/uspesno-zakljucen-tabor-mladih-gasilcev-gz-crnomelj/;Uspešno zaključen 19. Tabor mladih gasilcev GZ Črnomelj;Črnomelj;Poročilo / novica;2022-08-15;;Gibanje;V besedilu je izrecno naveden črnomaljski CKZ oziroma nekdanji naziv Bela krajina.;neh dogajalo v taboru? Obiskali so na policisti, Center za krepitev zdravja Zdravstvenega doma Črnomelj nas je animiral z družabnimi igrami, obiskali pa smo tudi Spominsko hišo Otona Župančiča. Popoldne smo preživeli ob ali v Kolpi, mentorji so za nas pripravili vodni top. Po sl;raw/web/zdravstvo-20260919-novice-uspesno-zakljucen-tabor-mladih-gasilcev-gz-crnomelj-9fe595a60.md
https://www.radio-odeon.com/novice/pester-pocitniski-teden-v-semicu/;Pester počitniški teden v Semiču;Črnomelj;Vabilo;2022-08-12;;Skupnost in splošno zdravje;V besedilu je izrecno naveden črnomaljski CKZ oziroma nekdanji naziv Bela krajina.;k in četrtek. V sredo pa lahko pod budnim očesom Centra za krepitev zdravja ZD Črnomelj rolate v telovadnici Partizan. Svojo prisotnost potrdite na tel. št. 040 625 148.;raw/web/zdravstvo-20260919-novice-pester-pocitniski-teden-v-semicu-25c5dd23c.md
https://www.radio-odeon.com/novice/obcina-semic-tudi-letos-aktivna-v-evropskem-tednu-mobilnosti-2022/;Občina Semič tudi letos aktivna v Evropskem tednu mobilnosti 2022;Črnomelj;Poročilo / novica;2022-08-06;;Gibanje;V besedilu je izrecno naveden črnomaljski CKZ oziroma nekdanji naziv Bela krajina.;Belokranjskega odreda Semič, Vrtec Sonček Semič, Center za krepitev zdravja ZD Črnomelj, Šola zdravja, podružnica Semič in Planinsko društvo Semič pripravili številne tedenske in dnevne aktivnosti, ki se bodo izvajale od septembra pa vse do konca oktobra 2022. Rdeča nit le;raw/web/zdravstvo-20260919-novice-obcina-semic-tudi-letos-aktivna-v-evropskem-tednu-mobilnosti-2022-8be7d84b3.md
https://www.radio-odeon.com/novice/svetovni-teden-dojenja/;Svetovni teden dojenja;Črnomelj;Informativna objava;2022-08-03;;Ustno zdravje;V besedilu je izrecno naveden črnomaljski CKZ oziroma nekdanji naziv Bela krajina.;"oleznimi, varnosti in tolažbe, poudarjajo tudi v Centru za krepitev zdravja ZD Črnomelj. ""Rojstvo otroka prinese ogromno sprememb v življenju, veselje, tudi odgovornost, fizične in psihične obremenitve. Ne pozabite na sebe, tudi v";raw/web/zdravstvo-20260919-novice-svetovni-teden-dojenja-78c19213f.md
https://www.radio-odeon.com/novice/moja-prebavna-pot/;Moja prebavna pot;Nejasno;Poročilo / novica;2022-07-14;;Prehrana in telesna masa;"Povezava s CKZ Črnomelj ni dovolj izrecna; ne vključujemo v njegovo oceno.";"stveni dom Črnomelj, kjer so zaposlene Centra za krepitev zdravja pripravile sklop delavnic na temo ""naša prebava"". Razdelili smo se v tri skupine. V prvi so otroci pripravljali zdrav smuti, v drugi so o";raw/web/zdravstvo-20260919-novice-moja-prebavna-pot-37af81d35.md
https://www.radio-odeon.com/sport/radost-gibanja-na-osmih-kolesckih/;Radost gibanja na osmih koleščkih;Črnomelj;Poročilo / novica;2022-07-06;;Gibanje;V besedilu je izrecno naveden črnomaljski CKZ oziroma nekdanji naziv Bela krajina.;e otroci pri treh letih. Tega se zavedajo tudi v Centru za krepitev zdravja ZD Črnomelj, kjer so uspešno zaključil brezplačni tečaj rolanja za predšolske in šolske otroke. Otroci so se tako naučili prvih zavojev, izboljšali ravnotežje, prido;raw/web/zdravstvo-20260919-sport-radost-gibanja-na-osmih-kolesckih-63aeebe97.md
https://www.radio-odeon.com/novice/os-loka-kandidatka-za-clanico-unesco-pridruzenih-sol/;OŠ Loka kandidatka za članico UNESCO pridruženih šol;Izločeno;Informativna objava;2022-07-06;;Ustno zdravje;Iskalni zadetek brez potrjene relevantnosti za CKZ.;OŠ Loka kandidatka za članico UNESCO pridruženih šol sre., 06.07.2022 ob 12:00 V letošnjem šolskem je naša šola postala kandidatka za članico UNESCO pridruženih šol, ki deluje pod okriljem Organizacije združenih narodov za izobraž;raw/web/zdravstvo-20260919-novice-os-loka-kandidatka-za-clanico-unesco-pridruzenih-sol-39983149d.md
https://www.radio-odeon.com/novice/prvi-trije-dnevi-pocitnic-v-hsd-crnomelj/;Prvi trije dnevi počitnic v HSD Črnomelj;Črnomelj;Poročilo / novica;2022-06-30;;Ustno zdravje;V besedilu je izrecno naveden črnomaljski CKZ oziroma nekdanji naziv Bela krajina.;čeraj, tretji dan počitniškega tabora smo bili v Centru za krepitev zdravja v ZD Črnomelj. Pomagali smo pri izdelavi zdravega in dobrega sladoleda iz svežega sadja, jogurta in smetane. Bil je odličen. V Hiši nas je pričakal ričet, ki smo ga kljub vro;raw/web/zdravstvo-20260919-novice-prvi-trije-dnevi-pocitnic-v-hsd-crnomelj-786f7ff9a.md
https://www.radio-odeon.com/novice/milkina-odprta-kuhna/;Milkina »Odprta kuhna«;Nejasno;Poročilo / novica;2022-06-20;;Prehrana in telesna masa;"Povezava s CKZ Črnomelj ni dovolj izrecna; ne vključujemo v njegovo oceno.";. Pod mentorstvom strokovnih delavk iz Centra za krepitev zdravja so pripravljali zdrav sladoled, z učiteljico naravoslovja so odkrivali skriti sladkor v gaziranih pijačah in sokovih ter pripravili zdrave alt;raw/web/zdravstvo-20260919-novice-milkina-odprta-kuhna-70430acd4.md
https://www.radio-odeon.com/novice/beti-isce-ambicioznega-vodjo-kljucnih-kupcev/;Beti išče ambicioznega vodjo ključnih kupcev;Izločeno;Informativna objava;2022-06-09;;Ustno zdravje;Iskalni zadetek brez potrjene relevantnosti za CKZ.;Beti išče ambicioznega vodjo ključnih kupcev čet., 09.06.2022 ob 10:00 Ti je izziv vzdrževanje odnosov s pomembnimi partnerji iz tujine? Te timsko in dinamično delo motivira za doseg skupnih ciljev? Beti d.d., prepoznaven kot odgo;raw/web/zdravstvo-20260919-novice-beti-isce-ambicioznega-vodjo-kljucnih-kupcev-a8444d5e9.md
https://www.radio-odeon.com/novice/domaci-sladoled/;Domači sladoled;Črnomelj;Poročilo / novica;2022-05-29;;Prehrana in telesna masa;V besedilu je izrecno naveden črnomaljski CKZ oziroma nekdanji naziv Bela krajina.;"a naredili ob pomoči dietetičarke Tine Resman iz CKZ ZD Črnomelj. In to zdrav, domači sladoled. Glavni ""masterchef"" enote Vinica je bil tokrat Miha. Bravo, Miha! Res okusen, osvežujoč sladoled!";raw/web/zdravstvo-20260919-novice-domaci-sladoled-a935f2afd.md
https://www.radio-odeon.com/novice/parada-ucenja-v-znamenju-zanimivih-poklicev/;Parada učenja v znamenju zanimivih poklicev;Črnomelj;Informativna objava;2022-05-26;;Ustno zdravje;V besedilu je izrecno naveden črnomaljski CKZ oziroma nekdanji naziv Bela krajina.;jska postaja Črnomelj, Šolski center Novo mesto, Center za krepitev zdravja ZD Črnomelj, Alenka Kukman, Miha Henigsman in Anže Weiss.;raw/web/zdravstvo-20260919-novice-parada-ucenja-v-znamenju-zanimivih-poklicev-d0d00df66.md
https://www.radio-odeon.com/zvitica/viniska-malonogometna-liga-vml/;Viniška malonogometna liga - VML;Izločeno;Poročilo / novica;2022-05-25;;Gibanje;Iskalni zadetek brez potrjene relevantnosti za CKZ.;Viniška malonogometna liga - VML sre., 25.05.2022 ob 09:15 Viniška malonogometna liga – VML je bila ustanovljena okoli leta 2002 in je trenutno edina belokranjska amaterska liga, na katero se prijavijo ekipe s področja vseh treh b;raw/web/zdravstvo-20260919-zvitica-viniska-malonogometna-liga-vml-25c2e700e.md
https://www.radio-odeon.com/sport/mlada-belokranjca-na-izhodnih-vratih-olimpije/;Mlada Belokranjca na izhodnih vratih Olimpije;Izločeno;Informativna objava;2022-05-25;;Gibanje;Iskalni zadetek brez potrjene relevantnosti za CKZ.;Mlada Belokranjca na izhodnih vratih Olimpije sre., 25.05.2022 ob 16:30 Pri NK Olimpija le nekaj dni po koncu prejšnje pospešeno kadrujejo za novo sezono. Ob tem se po pisanju Sportkluba obetajo številni odhodi igralcev. Po vsega ;raw/web/zdravstvo-20260919-sport-mlada-belokranjca-na-izhodnih-vratih-olimpije-a609a33bb.md
https://www.radio-odeon.com/novice/delavnice-o-zdravem-nacinu-zivljenja/;Delavnice o zdravem načinu življenja;Črnomelj;Poročilo / novica;2022-05-12;;Skupnost in splošno zdravje;V besedilu je izrecno naveden črnomaljski CKZ oziroma nekdanji naziv Bela krajina.;življenja. Delavnice smo izvedli v sodelovanju s Centrom za krepitev zdravja ZD Črnomelj. Višja medicinska sestra Katarina nas je danes podučila o pravilnem merjenju krvnega tlaka, kdaj naj se tlak meri in koliko dni naj se meritev izvaja, da do;raw/web/zdravstvo-20260919-novice-delavnice-o-zdravem-nacinu-zivljenja-88ddea546.md
https://www.radio-odeon.com/novice/opozorili-bodo-na-zastali-socialni-dialog-in-krcenje-delavskih-pravic/;Opozorili bodo na zastali socialni dialog in krčenje delavskih pravic;Izločeno;Informativna objava;2022-04-29;;Skupnost in splošno zdravje;Iskalni zadetek brez potrjene relevantnosti za CKZ.;Opozorili bodo na zastali socialni dialog in krčenje delavskih pravic pet., 29.04.2022 ob 16:00 Območna organizacija Zveze svobodnih sindikatov Slovenije (ZSSS) Dolenjske, Bele krajine in Posavja bo praznik dela po dveletnem covid;raw/web/zdravstvo-20260919-novice-opozorili-bodo-na-zastali-socialni-dialog-in-krcenje-delavskih-pravic-949aa0042.md
https://www.radio-odeon.com/novice/mladost-radost-festival-srednje-sole-crnomelj/;MLADOST = RADOST, Festival Srednje šole Črnomelj;Nejasno;Poročilo / novica;2022-04-24;;Gibanje;"Povezava s CKZ Črnomelj ni dovolj izrecna; ne vključujemo v njegovo oceno.";o, predstavil se je tudi ZD Črnomelj – Center za krepitev zdravja. Ob 18. uri so v športni dvorani nastopila dekleta Twirling kluba Spin Bela krajina pod vodstvom trenerke twirlinga Mojce Jakop. Sledil je nastop naših dijakov in dijak;raw/web/zdravstvo-20260919-novice-mladost-radost-festival-srednje-sole-crnomelj-0fc1536de.md
https://www.radio-odeon.com/novice/naravoslovni-dan-skrb-za-zdravje/;Naravoslovni dan - skrb za zdravje;Črnomelj;Poročilo / novica;2022-04-20;;Ustno zdravje;V besedilu je izrecno naveden črnomaljski CKZ oziroma nekdanji naziv Bela krajina.;2022, so učence 3. razreda obiskale predstavnice Centra za krepitev zdravja iz ZD Črnomelj. Na dnevu dejavnosti so učenci z njihovo pomočjo obnovili svoje znanje o pomenu ustrezne ustne higiene in izdelali svoj model mlečnega zobovja. Otroci so ;raw/web/zdravstvo-20260919-novice-naravoslovni-dan-skrb-za-zdravje-f69a9cc2f.md
https://www.radio-odeon.com/novice/srecanje-z-gospodarstveniki-tokrat-malo-drugace/;Srečanje s podjetniki tokrat malo drugače;Izločeno;Poročilo / novica;2022-04-14;;Duševno zdravje;Iskalni zadetek brez potrjene relevantnosti za CKZ.;Srečanje s podjetniki tokrat malo drugače čet., 14.04.2022 ob 16:00 Danes so se predstavniki občine srečali s podjetniki, ki delujejo v občini Črnomelj. Srečanje je potekalo po principu svetovne kavarne, kjer so se udeleženci bolj;raw/web/zdravstvo-20260919-novice-srecanje-z-gospodarstveniki-tokrat-malo-drugace-0ee89b579.md
https://www.radio-odeon.com/blog/o-tem-in-onem-6/;O tem in onem ... (6);Nejasno;Poročilo / novica;2022-04-12;;Ustno zdravje;"Povezava s CKZ Črnomelj ni dovolj izrecna; ne vključujemo v njegovo oceno.";em pojem bencinski servis in dobim,….. center za krepitev zdravja. Vsekakor pa bi bila dobrodošla uporaba ikon, ki smo jih vajeni in so dober smerokaz do željenih vsebin. Vsebinska zasnova: občinsko spletno ;raw/web/zdravstvo-20260919-blog-o-tem-in-onem-6-ab0d98eef.md
https://www.radio-odeon.com/novice/dan-za-spremembe-tudi-v-metliki/;Dan za spremembe tudi v Metliki;Nejasno;Poročilo / novica;2022-04-11;;Presnovno in srčno-žilno zdravje;"Povezava s CKZ Črnomelj ni dovolj izrecna; ne vključujemo v njegovo oceno.";e sprpti pripravljal DC ŠENT. Mirna iz Centra za krepitev zdravja nam je izmerila krvni tlak in podelila nasvete za zdravo življenje, kjer so vrednosti odstopale od priporočljivih. Seveda ni skoparila tudi s pohvalami;raw/web/zdravstvo-20260919-novice-dan-za-spremembe-tudi-v-metliki-8dea077a5.md
https://www.radio-odeon.com/novice/izobrazevanje-o-najpomembnejsi-vrednoti/;Izobraževanje o najpomembnejši vrednoti;Črnomelj;Poročilo / novica;2022-04-09;;Ustno zdravje;V besedilu je izrecno naveden črnomaljski CKZ oziroma nekdanji naziv Bela krajina.;rnomelj že več let aktivno in uspešno sodeluje s Centrom za krepitev zdravja Zdravstvenega doma (CZK ZD) Črnomelj, ki uporabnike srčno in približano osvešča in izobražuje o najpomembnejši človeški vrednoti - zdravju. Zaposleni v CKZ ZD Črnomelj Tina in Anita sta nam v sred;raw/web/zdravstvo-20260919-novice-izobrazevanje-o-najpomembnejsi-vrednoti-9428c0428.md
https://www.radio-odeon.com/novice/prijetno-druzenje-ob-dnevu-za-spremembe/;Prijetno druženje ob Dnevu za spremembe;Črnomelj;Vabilo;2022-04-08;;Duševno zdravje;V besedilu je izrecno naveden črnomaljski CKZ oziroma nekdanji naziv Bela krajina.; Šole zdravja Črnomelj in Kanižarica, zaposlenih Centra za krepitev zdravja ZD Črnomelj, članov društva upokojencev in društva invalidov Črnomelj, učenci petih razredov OŠ Loka, uporabniki VDC Črnomelj, pa tudi pohodniki iz sosednjih občin so se zbrali pred Srednjo šolo Črnomelj ;raw/web/zdravstvo-20260919-novice-prijetno-druzenje-ob-dnevu-za-spremembe-2cd71c0eb.md
https://www.radio-odeon.com/novice/skrb-za-zdravje-v-1-razredu/;Skrb za zdravje v 1. razredu;Črnomelj;Poročilo / novica;2022-04-07;;Ustno zdravje;V besedilu je izrecno naveden črnomaljski CKZ oziroma nekdanji naziv Bela krajina.;2022 ob 19:00 V mesecu marcu smo v sodelovanju s Centrom za krepitev zdravja ZD Črnomelj izvedli naravoslovni dan ZDRAVJE. Pogovarjali smo se o zdravem načinu življenja, ustni higieni in pomenu gibanja za zdrav življenjski slog. Izdelali;raw/web/zdravstvo-20260919-novice-skrb-za-zdravje-v-1-razredu-10e21b96a.md
https://www.radio-odeon.com/novice/rc-novo-mesto-ustanovitev-raziskovalnega-zavoda-rudolfovo-plod-vecletnega-dela/;RC Novo mesto: Ustanovitev zavoda Rudolfovo plod večletnega dela;Izločeno;Poročilo / novica;2022-03-30;;Ustno zdravje;Iskalni zadetek brez potrjene relevantnosti za CKZ.;RC Novo mesto: Ustanovitev zavoda Rudolfovo plod večletnega dela sre., 30.03.2022 ob 14:00 V Novem mestu so predstavili razloge za nedavni vladni sklep za ustanovitev tamkajšnjega javnega raziskovalnega zavoda Rudolfovo in njegove;raw/web/zdravstvo-20260919-novice-rc-novo-mesto-ustanovitev-raziskovalnega-zavoda-rudolfovo-plod-vecletnega-dela-657c38384.md
https://www.radio-odeon.com/novice/naravoslovni-dan-na-ps-strekljevec/;Naravoslovni dan na PŠ Štrekljevec;Nejasno;Poročilo / novica;2022-03-28;;Ustno zdravje;"Povezava s CKZ Črnomelj ni dovolj izrecna; ne vključujemo v njegovo oceno.";eni vzgoji. S strokovnima delavkama iz Centra za krepitev zdravja iz Črnomlja smo se pogovarjali o zdravju in higieni zob, o zdravih in manj zdravih življenjskih navadah ter o pomenu gibanja za naše telo. Preizkusili smo;raw/web/zdravstvo-20260919-novice-naravoslovni-dan-na-ps-strekljevec-e999ffbe0.md
https://www.radio-odeon.com/sport/luka-kambic-naj-bi-zacel-trenirati/;Luka Kambič naj bi začel trenirati ...;Izločeno;Informativna objava;2022-03-12;;Ozaveščanje o raku;Iskalni zadetek brez potrjene relevantnosti za CKZ.;Luka Kambič naj bi začel trenirati ... sob., 12.03.2022 ob 11:00 23-letni Luka Kambič, član Nogometnega kluba Koper se že od samega začetka sezone ubada s hudo poškodbo kolena, po kateri še vedno ni povsem okreval. Od podpisa pogo;raw/web/zdravstvo-20260919-sport-luka-kambic-naj-bi-zacel-trenirati-534f74d2b.md
https://www.radio-odeon.com/novice/dejavnikih-tveganja-in-zdrav-nacin-zivljenja/;Dejavnikih tveganja in zdrav način življenja;Črnomelj;Poročilo / novica;2022-03-07;;Prehrana in telesna masa;V besedilu je izrecno naveden črnomaljski CKZ oziroma nekdanji naziv Bela krajina.; nas v Hiši Sadeži družbe v Črnomlju obiščejo iz Centra za krepitev zdravja iz Zdravstvenega doma Črnomelj. Tokrat je prišla Katarina Brgan Pertic, s katero smo reševali kviz o dejavnikih tveganja in diskutirali na temo zdravega načina življenja. Kviz je temeljil na tveg;raw/web/zdravstvo-20260919-novice-dejavnikih-tveganja-in-zdrav-nacin-zivljenja-28ee281fe.md
https://www.radio-odeon.com/blog/metlika-je-opij-za-ljudstvo-2/;Metlika je opij za ljudstvo (2);Izločeno;Poročilo / novica;2022-02-22;;Ustno zdravje;Iskalni zadetek brez potrjene relevantnosti za CKZ.;Metlika je opij za ljudstvo (2) tor., 22.02.2022 ob 08:30 Republika Zlovenija Jugoslavije ni več, Jugoslavije ni več, zdaj gre za brezpravno tranzicijsko divjo privatizacijo in legalizacijo diskriminacije! Srečna in vesela tridese;raw/web/zdravstvo-20260919-blog-metlika-je-opij-za-ljudstvo-2-9f98373ce.md
https://www.radio-odeon.com/novice/nalozba-ki-bi-lahko-prerodila-belo-krajino/;Naložba, ki bi lahko prerodila Belo krajino;Izločeno;Poročilo / novica;2022-02-19;;Ozaveščanje o raku;Iskalni zadetek brez potrjene relevantnosti za CKZ.;"Naložba, ki bi lahko prerodila Belo krajino sob., 19.02.2022 ob 13:00 Članek iz Dela s podnaslovom ""Zaživela je pobuda, ki bi pokrajini ob Kolpi zagotovila varne kolesarske povezave. S tem bi spodbudili razvoj turizma in alternati";raw/web/zdravstvo-20260919-novice-nalozba-ki-bi-lahko-prerodila-belo-krajino-af27bed06.md
https://www.radio-odeon.com/novice/jejmo-z-vsemi-cutili/;Jejmo z vsemi čutili;Črnomelj;Poročilo / novica;2022-02-14;;Prehrana in telesna masa;V besedilu je izrecno naveden črnomaljski CKZ oziroma nekdanji naziv Bela krajina.;"jmo z vsemi čutili"". Dietetičarka Tina Resman iz CKZ Črnomelj nam je predstavila kako pri prehranjevanju uporabiti vsa čutila. Predvsem je poudarila, da je pri uživanju zelo pomembno, da smo osredotočen";raw/web/zdravstvo-20260919-novice-jejmo-z-vsemi-cutili-425b5d7f5.md
https://www.radio-odeon.com/novice/podpisano-pismo-o-nameri-za-ureditev-ceste-do-krizevske-vasi/;Podpisano pismo o nameri za ureditev ceste do Križevske vasi;Izločeno;Poročilo / novica;2022-01-26;;Gibanje;Iskalni zadetek brez potrjene relevantnosti za CKZ.;Podpisano pismo o nameri za ureditev ceste do Križevske vasi sre., 26.01.2022 ob 10:03 Minister za notranje zadeve Aleš Hojs in metliški župan Darko Zevnik sta v Metliki danes podpisala pismo o nameri, s katerim sta potrdila pripr;raw/web/zdravstvo-20260919-novice-podpisano-pismo-o-nameri-za-ureditev-ceste-do-krizevske-vasi-10c87ec0a.md
https://www.radio-odeon.com/sport/matej-potokar-v-orlovem-gnezdu/;"Matej Potokar v ""orlovem gnezdu""";Izločeno;Informativna objava;2022-01-26;;Skupnost in splošno zdravje;Iskalni zadetek brez potrjene relevantnosti za CKZ.;"Matej Potokar v ""orlovem gnezdu"" sre., 26.01.2022 ob 14:00 Kranjski Triglav se bo v svojo dvajseto drugoligaško pomlad podal okrepljen. Jesenski podprvaki so predstavili svojo tretjo zimsko okrepitev, ki prihaja iz Bele krajine. T";raw/web/zdravstvo-20260919-sport-matej-potokar-v-orlovem-gnezdu-84174830e.md
https://www.radio-odeon.com/novice/o-skodljivosti-kajenja/;O škodljivosti kajenja;Črnomelj;Poročilo / novica;2022-01-18;;Tvegana vedenja;V besedilu je izrecno naveden črnomaljski CKZ oziroma nekdanji naziv Bela krajina.;a tor., 18.01.2022 ob 10:00 Medicinska sestra iz Centra za krepitev zdravja Zdravstvenega doma Črnomelj je na včerajšnjem predavanju v Hiši Sadeži družbe predstavila različne škodljive vplive kajenja. Z zanimanjem smo prisluhnili tako kadilci, ko;raw/web/zdravstvo-20260919-novice-o-skodljivosti-kajenja-b258dffd9.md
https://www.radio-odeon.com/blog/kaj-pravi-moja-7-cakra-kronska-cakra/;Kaj pravi moja 7. čakra - kronska čakra?;Izločeno;Poročilo / novica;2021-12-17;;Ustno zdravje;Iskalni zadetek brez potrjene relevantnosti za CKZ.;Kaj pravi moja 7. čakra - kronska čakra? pet., 17.12.2021 ob 08:30 Tako. Prišel je december. Zadnji mesec leta. Mesec za zaključke na vseh področjih. In tako smo tudi mi prišli do zadnje in najvišje čakre v sistemu sedmih glavnih ;raw/web/zdravstvo-20260919-blog-kaj-pravi-moja-7-cakra-kronska-cakra-0d1e681f9.md
https://www.radio-odeon.com/novice/tuji-policisti-zapustili-juzno-mejo/;Tuji policisti zapustili južno mejo;Izločeno;Poročilo / novica;2021-12-08;;Skupnost in splošno zdravje;Iskalni zadetek brez potrjene relevantnosti za CKZ.;Tuji policisti zapustili južno mejo sre., 08.12.2021 ob 15:00 Z odhodom zadnjega kontingenta - osmih čeških in treh madžarskih policistov - se končuje projekt sodelovanja tujih varnostnih organov pri nadzoru slovenske državne meje;raw/web/zdravstvo-20260919-novice-tuji-policisti-zapustili-juzno-mejo-f1d070438.md
https://www.radio-odeon.com/novice/credniska-pot-nalozbe-v-ohranjanje-narave-in-trajnostni-turizem/;Čredniška pot - naložbe v ohranjanje narave in trajnostni turizem;Izločeno;Poročilo / novica;2021-11-19;;Ozaveščanje o raku;Iskalni zadetek brez potrjene relevantnosti za CKZ.;Čredniška pot - naložbe v ohranjanje narave in trajnostni turizem pet., 19.11.2021 ob 12:00 RIC Bela krajina je skupaj s partnerji v glavnini končal projekt Interpretacija vodnih virov in ekstenzivnih pašnikov v Poljanski dolini -;raw/web/zdravstvo-20260919-novice-credniska-pot-nalozbe-v-ohranjanje-narave-in-trajnostni-turizem-b4d30783c.md
https://www.radio-odeon.com/blog/kaj-pravi-moja-6-cakra-cakra-tretjega-ocesa/;"Kaj pravi moja 6. čakra - čakra ""tretjega očesa""?";Izločeno;Poročilo / novica;2021-11-19;;Duševno zdravje;Iskalni zadetek brez potrjene relevantnosti za CKZ.;"Kaj pravi moja 6. čakra - čakra ""tretjega očesa""? pet., 19.11.2021 ob 08:30 Nahajamo se tik pod vrhom stebra sedmih glavnih čaker. V prvem delu smo govorili o treh nižjih materialnih čakrah, kjer preko prehoda oziroma meje na četr";raw/web/zdravstvo-20260919-blog-kaj-pravi-moja-6-cakra-cakra-tretjega-ocesa-614396142.md
https://www.radio-odeon.com/novice/podjetniski-inkubator-bela-krajina-isce-okrepitev/;Podjetniški inkubator Bela krajina išče okrepitev;Izločeno;Informativna objava;2021-11-18;;Ustno zdravje;Iskalni zadetek brez potrjene relevantnosti za CKZ.;Podjetniški inkubator Bela krajina išče okrepitev čet., 18.11.2021 ob 09:00 Podjetniški inkubator (PI) Bela krajina deluje v sklopu Razvojno informacijskega centra (RIC) Bela krajina, ki je razvojna institucija na področju podjetn;raw/web/zdravstvo-20260919-novice-podjetniski-inkubator-bela-krajina-isce-okrepitev-43c17708f.md
https://www.radio-odeon.com/novice/77-obletnica-tragicne-smrti-franca-rozmana-staneta/;77. obletnica tragične smrti Franca Rozmana Staneta;Izločeno;Poročilo / novica;2021-11-09;;Ustno zdravje;Iskalni zadetek brez potrjene relevantnosti za CKZ.;77. obletnica tragične smrti Franca Rozmana Staneta tor., 09.11.2021 ob 07:00 Na Lokvah pri Črnomlju je v nedeljo dopoldne potekala tradicionalna spominska svečanost ob obletnici smrti Franca Rozmana Staneta. Pozdravni nagovor je ;raw/web/zdravstvo-20260919-novice-77-obletnica-tragicne-smrti-franca-rozmana-staneta-ae7971230.md
https://www.radio-odeon.com/novice/naravoslovni-dan-v-4-razredu-os-vinica/;Naravoslovni dan v 4. razredu, OŠ Vinica;Črnomelj;Informativna objava;2021-11-05;;Ustno zdravje;V besedilu je izrecno naveden črnomaljski CKZ oziroma nekdanji naziv Bela krajina.;h je diplomirana medicinska sestra Ana Mavrin iz Centra za krepitev zdravja Črnomelj. Učenci so preko zanimiv didaktičnih iger raziskovali in spoznavali prebavno pot. V skupinah so ustvarjali na temo varnosti doma, v šoli, v naravi, ob vodi in v;raw/web/zdravstvo-20260919-novice-naravoslovni-dan-v-4-razredu-os-vinica-956f7d212.md
https://www.radio-odeon.com/novice/leta-2050-bomo-srecni-in-zaceli-graditi-drugi-tir-do-metlike/;Leta 2050 bomo srečni in začeli graditi drugi tir do Metlike;Izločeno;Informativna objava;2021-11-03;;Skupnost in splošno zdravje;Iskalni zadetek brez potrjene relevantnosti za CKZ.;Leta 2050 bomo srečni in začeli graditi drugi tir do Metlike sre., 03.11.2021 ob 16:00 Država namerava do leta 2030 zgraditi drugi tir od Ljubljane do Ivančne Gorice, med letoma 2030 in 2035 pa začeti gradnjo drugega tira do Noveg;raw/web/zdravstvo-20260919-novice-leta-2050-bomo-srecni-in-zaceli-graditi-drugi-tir-do-metlike-ac8587a50.md
https://www.radio-odeon.com/novice/ucimo-se-da-ucimo-vas/;Učimo se, da učimo vas;Izločeno;Poročilo / novica;2021-10-27;;Ozaveščanje o raku;Iskalni zadetek brez potrjene relevantnosti za CKZ.;Učimo se, da učimo vas sre., 27.10.2021 ob 14:00 Jesenske počitnice so tu in s seboj so odpeljale naše učence, da užijejo radosti narave, se spočijejo in pripravijo na nove šolske izzive. A mi, učitelji in vsi ostali delavci OŠ Mi;raw/web/zdravstvo-20260919-novice-ucimo-se-da-ucimo-vas-8ac1f292f.md
https://www.radio-odeon.com/zvitica/mladinska-izmenjava-brave-new-you-reloaded/;Mladinska izmenjava »Brave new you – Reloaded«;Izločeno;Poročilo / novica;2021-10-27;;Ustno zdravje;Iskalni zadetek brez potrjene relevantnosti za CKZ.;Mladinska izmenjava »Brave new you – Reloaded« sre., 27.10.2021 ob 09:15 Mladinski center BIT je v času od 23. do 30. septembra v Metliki gostil mladinsko izmenjavo »Brave New You,« ki je združila 50 mladih iz 11 partnerskih organ;raw/web/zdravstvo-20260919-zvitica-mladinska-izmenjava-brave-new-you-reloaded-083fc5969.md
https://www.radio-odeon.com/novice/naravoslovni-dan-zdrav-nacin-zivljenja/;Naravoslovni dan - zdrav način življenja;Nejasno;Informativna objava;2021-10-22;;Ustno zdravje;"Povezava s CKZ Črnomelj ni dovolj izrecna; ne vključujemo v njegovo oceno.";reda naravoslovni dan. Ana in Anita iz Centra za krepitev zdravja sta z njimi podelile znanje o zdravem načinu življenja ter o mlečnih in stalnih zobeh. Skupaj so naredili piramido zdravega prehranjevanja. Najbolj so uživali v;raw/web/zdravstvo-20260919-novice-naravoslovni-dan-zdrav-nacin-zivljenja-bc2b8e113.md
https://www.radio-odeon.com/novice/obcina-semic-zmagovalka-med-nemestnimi-obcinami-etm/;Občina Semič zmagovalka med nemestnimi občinami ETM;Črnomelj;Poročilo / novica;2021-10-21;;Gibanje;V besedilu je izrecno naveden črnomaljski CKZ oziroma nekdanji naziv Bela krajina.;nček Semič, Špica servis koles, Rok Simčič s.p., Center za krepitev zdravja ZD Črnomelj in drugimi pripravili številne tedenske in dnevne aktivnosti za vse generacije. Izvajali smo jih v septembru in oktobru 2021. Veseli in ponosni smo na prejeto priznanje, k;raw/web/zdravstvo-20260919-novice-obcina-semic-zmagovalka-med-nemestnimi-obcinami-etm-022551743.md
https://www.radio-odeon.com/blog/kaj-pravi-moja-5-cakra-grlena-cakra/;Kaj pravi moja 5. čakra - grlena čakra?;Izločeno;Poročilo / novica;2021-10-15;;Ustno zdravje;Iskalni zadetek brez potrjene relevantnosti za CKZ.;Kaj pravi moja 5. čakra - grlena čakra? pet., 15.10.2021 ob 08:30 Počasi potujemo po lestvici čaker navzgor in nazadnje smo prešli ravno preko sredinske bariere oz. meje – t.j. srčne čakre, ki ločuje prve tri t.i. temeljne, nižje ;raw/web/zdravstvo-20260919-blog-kaj-pravi-moja-5-cakra-grlena-cakra-de536f918.md
https://www.radio-odeon.com/novice/na-obcinski-seji-o-zelezniski-infrastrukturi-bioplinarni-rebalansu-in-se-cem/;Na občinski seji o železniški infrastrukturi, bioplinarni, rebalansu in še čem ...;Izločeno;Informativna objava;2021-10-13;;Tvegana vedenja;Iskalni zadetek brez potrjene relevantnosti za CKZ.;Na občinski seji o železniški infrastrukturi, bioplinarni, rebalansu in še čem ... sre., 13.10.2021 ob 10:00 Člani Občinskega sveta občine Črnomelj so včeraj na 23. redni seji obravnavali 16 točk dnevnega reda, med katerimi so nad;raw/web/zdravstvo-20260919-novice-na-obcinski-seji-o-zelezniski-infrastrukturi-bioplinarni-rebalansu-in-se-cem-9ea9417aa.md
https://www.radio-odeon.com/novice/roznati-oktober-v-crnomlju/;Rožnati oktober v Črnomlju;Črnomelj;Poročilo / novica;2021-10-06;;Ustno zdravje;V besedilu je izrecno naveden črnomaljski CKZ oziroma nekdanji naziv Bela krajina.;uči, ki so črnomaljski grad obarvale roza. Hvala Centru za krepitev zdravja Bela krajina, predvsem pa Občini Črnomelj, za partnerstvo v projektu. S tem želimo Belokranjce in širšo družbo opozoriti na zdrav življenjski slog, ki nam bo pomagal, da ostanemo zdravi, k;raw/web/zdravstvo-20260919-novice-roznati-oktober-v-crnomlju-5d2be5872.md
https://www.radio-odeon.com/novice/na-medgeneracijskem-vrtu-o-zdravju-in-izobrazevanju/;Zaključek dnevov svetovanja za znanje;Črnomelj;Poročilo / novica;2021-09-24;;Ustno zdravje;V besedilu je izrecno naveden črnomaljski CKZ oziroma nekdanji naziv Bela krajina.;nkubatorjem Bela krajina, podjetjem Adria Dom in Centrom za krepitev zdravja Bela krajina, Zdravstvenim domom Črnomelj. Če se želite vključiti v vseživljenjsko izobraževanje in potrebujete nasvet, jih obiščite v Svetovalnem središču Pokolpje.;raw/web/zdravstvo-20260919-novice-na-medgeneracijskem-vrtu-o-zdravju-in-izobrazevanju-7d9fedf66.md
https://www.radio-odeon.com/novice/sarajevo-in-projekt-snapshots-utrinki-z-mej/;"Sarajevo in projekt ""Snapshots - utrinki z mej""";Izločeno;Poročilo / novica;2021-09-17;;Tvegana vedenja;Iskalni zadetek brez potrjene relevantnosti za CKZ.;"Sarajevo in projekt ""Snapshots - utrinki z mej"" pet., 17.09.2021 ob 08:00 Pred tednom dni je v Sarajevu potekal delovni obisk v okviru projekta omenjenega v naslovu članka. Gre za triletni projekt, ki ga izvaja 35 partnerjev (loka";raw/web/zdravstvo-20260919-novice-sarajevo-in-projekt-snapshots-utrinki-z-mej-5ee30796b.md
https://www.radio-odeon.com/novice/svetovni-dan-prve-pomoci-tudi-z-vajo-v-metliki/;Svetovni dan prve pomoči tudi z vajo v Metliki;Izločeno;Poročilo / novica;2021-09-09;;Ustno zdravje;Iskalni zadetek brez potrjene relevantnosti za CKZ.;Svetovni dan prve pomoči tudi z vajo v Metliki čet., 09.09.2021 ob 17:00 Vsako leto zaradi pomanjkanja pravočasne pomoči ali neustrezne prve pomoči umre na milijone ljudi ali pa pride do zapletov zaradi poškodb. Prva pomoč, vključ;raw/web/zdravstvo-20260919-novice-svetovni-dan-prve-pomoci-tudi-z-vajo-v-metliki-881805ca3.md
https://www.radio-odeon.com/novice/evropska-sredstva-za-tretjo-razvojno-os-jug/;Evropska sredstva za tretjo razvojno os jug;Izločeno;Poročilo / novica;2021-08-20;;Skupnost in splošno zdravje;Iskalni zadetek brez potrjene relevantnosti za CKZ.;Evropska sredstva za tretjo razvojno os jug pet., 20.08.2021 ob 17:00 V Službi vlade za razvoj in evropsko kohezijsko politiko je odobrila evropska sredstva za projekt »Izdelava dokumentacije za 2. odsek 3. razvojne osi jug, na od;raw/web/zdravstvo-20260919-novice-evropska-sredstva-za-tretjo-razvojno-os-jug-96699b6d2.md
https://www.radio-odeon.com/novice/po-juznem-se-severni-prizidek-k-zdravstvenemu-domu/;Po južnem še severni prizidek k zdravstvenemu domu;Črnomelj;Informativna objava;2021-08-18;;Skupnost in splošno zdravje;V besedilu je izrecno naveden črnomaljski CKZ oziroma nekdanji naziv Bela krajina.;izidek, v katerem je lani mesto med drugim dobil Center za krepitev zdravja Bele krajine, pokrili z evropskim, državnim denarjem ter sredstvi občin Črnomelj in Semič.;raw/web/zdravstvo-20260919-novice-po-juznem-se-severni-prizidek-k-zdravstvenemu-domu-7564a5c41.md
https://www.radio-odeon.com/sport/matko-v-novem-dresu-debitiral-s-porazom/;VIDEO: Matko v novem dresu debitiral s porazom;Izločeno;Informativna objava;2021-08-16;;Skupnost in splošno zdravje;Iskalni zadetek brez potrjene relevantnosti za CKZ.;VIDEO: Matko v novem dresu debitiral s porazom pon., 16.08.2021 ob 16:00 Potem ko je Aljoša Matko na presenečenje mnogih za slabega pol milijona evrov iz Maribora prestopil v švedski Hammarby, je minuli konec tedna že odigral debi;raw/web/zdravstvo-20260919-sport-matko-v-novem-dresu-debitiral-s-porazom-b6225e5e6.md
https://www.radio-odeon.com/novice/pocitnikarji-na-obisku-v-zd-crnomelj/;Počitnikarji na obisku v ZD Črnomelj;Črnomelj;Informativna objava;2021-08-16;;Skupnost in splošno zdravje;V besedilu je izrecno naveden črnomaljski CKZ oziroma nekdanji naziv Bela krajina.;obisku v ZD Črnomelj pon., 16.08.2021 ob 14:00 V Centru za krepitev zdravja ZD Črnomelj so nov teden začeli s počitniškimi delavnicami za otroke, ki jih organizira Hiša sadeži družbe Črnomelj. Vedoželjni otroci so za začetek preverili svoje zna;raw/web/zdravstvo-20260919-novice-pocitnikarji-na-obisku-v-zd-crnomelj-c8e49557f.md
https://www.radio-odeon.com/novice/marta-kelvisar-za-vsakim-uspehom-se-skrivajo-izzivi/;Marta Kelvišar: Za vsakim uspehom se skrivajo izzivi;Izločeno;Vabilo;2021-08-09;;Ustno zdravje;Iskalni zadetek brez potrjene relevantnosti za CKZ.;Marta Kelvišar: Za vsakim uspehom se skrivajo izzivi pon., 09.08.2021 ob 16:00 M arta Kelvišar , direktorica Adrie Doma, regijske gazele 2017, je prejela nagrado Gospodarske zbornice Slovenije za leto 2020 za izjemne gospodarske i;raw/web/zdravstvo-20260919-novice-marta-kelvisar-za-vsakim-uspehom-se-skrivajo-izzivi-90af43bef.md
https://www.radio-odeon.com/novice/obelezili-svetovni-teden-dojenja/;Obeležili svetovni teden dojenja;Črnomelj;Vabilo;2021-08-03;;Prehrana in telesna masa;V besedilu je izrecno naveden črnomaljski CKZ oziroma nekdanji naziv Bela krajina.;ob druženju z bodočima mamicama obeležili tudi v Centru za krepitev zdravja Zdravstvenega doma Črnomelj. Beseda je seveda tekla o nosečnosti in dojenju, udeleženke pa so se tudi v praksi preizkusile v pravilnem rokovanju z novorojenčkom. V Centru za krepit;raw/web/zdravstvo-20260919-novice-obelezili-svetovni-teden-dojenja-599bedce9.md
https://www.radio-odeon.com/novice/v-zd-crnomelj-znova-varna-vadba-v-nosecnosti/;V ZD Črnomelj znova varna vadba v nosečnosti;Črnomelj;Informativna objava;2021-07-28;;Duševno zdravje;V besedilu je izrecno naveden črnomaljski CKZ oziroma nekdanji naziv Bela krajina.;a vadba v nosečnosti sre., 28.07.2021 ob 16:00 V Centru za krepitev zdravja Zdravstvenega doma Črnomelj je znova možna prijava na varno vadbo v nosečnosti. Brezplačna vadba poteka v sklopu priprave na porod in starševstvo v telovadnici fizioterapije dvakrat tedensko, ;raw/web/zdravstvo-20260919-novice-v-zd-crnomelj-znova-varna-vadba-v-nosecnosti-8d3e6de02.md
https://www.radio-odeon.com/blog/kaj-pravi-moja-4-cakra-srcna-cakra/;Kaj pravi moja 4. čakra - srčna čakra?;Izločeno;Informativna objava;2021-07-16;;Duševno zdravje;Iskalni zadetek brez potrjene relevantnosti za CKZ.;Kaj pravi moja 4. čakra - srčna čakra? pet., 16.07.2021 ob 08:30 Nahajamo se že globoko v poletju, ki je po TKM čas elementa ognja oz. SRCA, energije srčnega tipa in prav tako srčne čakre, ki je globoko povezana z vsem, kar doživl;raw/web/zdravstvo-20260919-blog-kaj-pravi-moja-4-cakra-srcna-cakra-384a5efae.md
https://www.radio-odeon.com/novice/imeli-smo-tudi-zdravstveno-vzgojo/;Imeli smo tudi zdravstveno vzgojo …;Nejasno;Poročilo / novica;2021-06-28;;Prehrana in telesna masa;"Povezava s CKZ Črnomelj ni dovolj izrecna; ne vključujemo v njegovo oceno.";lavcem iz ZD Črnomelj in njihovi enoti Centra za krepitev zdravja se iskreno zahvaljujemo za njihovo strokovno pomoč in želimo, da se naslednje leto spet srečamo.;raw/web/zdravstvo-20260919-novice-imeli-smo-tudi-zdravstveno-vzgojo-503d42ade.md
https://www.radio-odeon.com/novice/apiterapevtski-cebelnjak-vdc-crnomelj-uradno-odprt/;Apiterapevtski čebelnjak VDC Črnomelj uradno odprt;Nejasno;Poročilo / novica;2021-06-24;;Skupnost in splošno zdravje;"Povezava s CKZ Črnomelj ni dovolj izrecna; ne vključujemo v njegovo oceno.";čebeljih pridelkov za ohranjanje, izboljšanje in krepitev zdravja našega organizma. Z njo si lahko pomagamo pri številnih težavah, saj čebelji izdelki okrepijo organizem bolnega človeka in učinkovito dopolnjujejo standardne oblike zdrav;raw/web/zdravstvo-20260919-novice-apiterapevtski-cebelnjak-vdc-crnomelj-uradno-odprt-0af6bf2a8.md
https://www.radio-odeon.com/blog/kaj-pravi-moja-3-cakra-cakra-solarnega-pleksusa/;Kaj pravi moja 3. čakra - čakra solarnega pleksusa?;Izločeno;Poročilo / novica;2021-06-18;;Ustno zdravje;Iskalni zadetek brez potrjene relevantnosti za CKZ.;Kaj pravi moja 3. čakra - čakra solarnega pleksusa? pet., 18.06.2021 ob 08:30 V junijskem blogu znova nadaljujemo zgodbo o pregledu čaker skozi energijski sistem telesa na podlagi sedmih glavnih čaker. Danes je na vrsti tretja čak;raw/web/zdravstvo-20260919-blog-kaj-pravi-moja-3-cakra-cakra-solarnega-pleksusa-468de5665.md
https://www.radio-odeon.com/novice/dnevi-dejavnosti-na-ps-strekljevec/;Dnevi dejavnosti na PŠ Štrekljevec;Črnomelj;Poročilo / novica;2021-06-14;;Ustno zdravje;V besedilu je izrecno naveden črnomaljski CKZ oziroma nekdanji naziv Bela krajina.;dravstveni vzgoji. Obiskala nas je Katja Cerar s Centra za krepitev zdravja Črnomelj. Obnovili smo svoje znanje, kako uporabljati številko 112 in kaj je potrebno povedati, kadar kličemo. Seznanili smo se s temeljnimi postopki oživljanja z ;raw/web/zdravstvo-20260919-novice-dnevi-dejavnosti-na-ps-strekljevec-a25e40a18.md
https://www.radio-odeon.com/novice/olimpijska-bakla-tudi-v-metliki/;Olimpijska bakla tudi v Metliki;Nejasno;Poročilo / novica;2021-06-03;;Gibanje;"Povezava s CKZ Črnomelj ni dovolj izrecna; ne vključujemo v njegovo oceno."; vaje članic Šole zdravja in delavnice Centra za krepitev zdravja. Zbrane je nagovoril tudi metliški župan Darko Zevnik. Več fotografij najdete s klikom na vir spodaj.;raw/web/zdravstvo-20260919-novice-olimpijska-bakla-tudi-v-metliki-ba8c5c4d3.md
https://www.radio-odeon.com/novice/novo-vodstvo-policijske-postaje-crnomelj/;Novo vodstvo Policijske postaje Črnomelj;Izločeno;Informativna objava;2021-06-03;;Skupnost in splošno zdravje;Iskalni zadetek brez potrjene relevantnosti za CKZ.;Novo vodstvo Policijske postaje Črnomelj čet., 03.06.2021 ob 14:00 Služba generalnega direktorja policije Antona Olaja je v ponedeljek dobila novega vodjo. To je postal Boris Korasa , ki je bil pred tem zaposlen kot komandir Polic;raw/web/zdravstvo-20260919-novice-novo-vodstvo-policijske-postaje-crnomelj-ef4200011.md
https://www.radio-odeon.com/novice/s-custveno-inteligenco-in-empatijo-do-poslovnega-uspeha-in-zadovoljstva/;S čustveno inteligenco in empatijo do poslovnega uspeha in zadovoljstva;Izločeno;Vabilo;2021-05-30;;Duševno zdravje;Iskalni zadetek brez potrjene relevantnosti za CKZ.;S čustveno inteligenco in empatijo do poslovnega uspeha in zadovoljstva ned., 30.05.2021 ob 14:00 SPOT Svetovanje JV Slovenija v koordinaciji Območne obrtno-podjetniške zbornice Novo mesto vabi na brezplačno dvodnevno usposabljanj;raw/web/zdravstvo-20260919-novice-s-custveno-inteligenco-in-empatijo-do-poslovnega-uspeha-in-zadovoljstva-f1e02e432.md
https://www.radio-odeon.com/novice/foto-plamenica-je-belokranjsko-pot-zakljucila-v-metliki/;FOTO: Plamenica je belokranjsko pot zaključila v Metliki;Nejasno;Poročilo / novica;2021-05-28;;Gibanje;"Povezava s CKZ Črnomelj ni dovolj izrecna; ne vključujemo v njegovo oceno."; vaje članic Šole zdravja in delavnice Centra za krepitev zdravja. Zbrane je nagovoril tudi metliški župan Darko Zevnik .;raw/web/zdravstvo-20260919-novice-foto-plamenica-je-belokranjsko-pot-zakljucila-v-metliki-1abc291eb.md
https://www.radio-odeon.com/novice/na-juzno-mejo-prihaja-okrepitev-iz-tujine/;Na južno mejo prihaja okrepitev iz tujine;Izločeno;Informativna objava;2021-05-07;;Gibanje;Iskalni zadetek brez potrjene relevantnosti za CKZ.;Na južno mejo prihaja okrepitev iz tujine pet., 07.05.2021 ob 10:55 Slovenskim policistom se bo prihodnji teden pri varovanju meje s Hrvaško pridružilo tudi 21 policistov iz Estonije, Litve in Poljske, so danes sporočili z ministr;raw/web/zdravstvo-20260919-novice-na-juzno-mejo-prihaja-okrepitev-iz-tujine-ad0a23efd.md
https://www.radio-odeon.com/blog/kaj-pravi-moja-2-cakra-sakralna-cakra/;Kaj pravi moja 2. čakra - sakralna čakra?;Izločeno;Poročilo / novica;2021-04-16;;Duševno zdravje;Iskalni zadetek brez potrjene relevantnosti za CKZ.;Kaj pravi moja 2. čakra - sakralna čakra? pet., 16.04.2021 ob 08:30 V tokratnem blogu nadaljujemo zgodbo s spoznavanjem sedmih glavnih čaker, ki so nanizane vzdolž naše hrbtenice in se vzpenjajo navzgor kot vibracija prebujene kun;raw/web/zdravstvo-20260919-blog-kaj-pravi-moja-2-cakra-sakralna-cakra-2763d2e77.md
https://www.radio-odeon.com/blog/kaj-pravi-moja-1-cakra-korenska-cakra/;Kaj pravi moja 1. čakra - korenska čakra?;Izločeno;Poročilo / novica;2021-03-19;;Ustno zdravje;Iskalni zadetek brez potrjene relevantnosti za CKZ.;Kaj pravi moja 1. čakra - korenska čakra? pet., 19.03.2021 ob 08:30 V januarskem blogu smo se lotili tematike čaker in na splošno povedali, kaj so in kakšen je njihov osnovni pomen oz. naloga. Tokrat pa se bomo lotili in pogledali;raw/web/zdravstvo-20260919-blog-kaj-pravi-moja-1-cakra-korenska-cakra-2276c52bf.md
https://www.radio-odeon.com/novice/svetovni-dan-ustnega-zdravja-in-vasi-izdelki/;Svetovni dan ustnega zdravja in vaši izdelki;Izločeno;Poročilo / novica;2021-03-10;;Ustno zdravje;Iskalni zadetek brez potrjene relevantnosti za CKZ.;Svetovni dan ustnega zdravja in vaši izdelki sre., 10.03.2021 ob 16:00 Dragi otroci, večkrat ste nam že pokazali, da vaša domišljija nima mej! Naslednjih 10 dni imate čas, da: - narišete risbo, - izdelate plakat, - posnamete video;raw/web/zdravstvo-20260919-novice-svetovni-dan-ustnega-zdravja-in-vasi-izdelki-58a0b3654.md
https://www.radio-odeon.com/novice/crnomelj-bo-v-okviru-najvecjega-investicijskega-cikla-do-sedaj-dobil-eno-kljucnih-investicij-v-obcini/;Črnomelj bo v okviru največjega investicijskega cikla do sedaj dobil eno ključnih investicij v občini;Črnomelj;Poročilo / novica;2021-02-16;;Gibanje;V besedilu je izrecno naveden črnomaljski CKZ oziroma nekdanji naziv Bela krajina.;A KREPITEV ZDRAVJA Lani smo zaključili z gradnjo Centra za krepitev zdravja (CKZ). Gre za prizidek k zdravstvenemu domu Črnomelj, in sicer v dveh etažah. V etaži so predavalnica, delovni prostori za zaposlene in pripadajoče sanitarije. V kletnih prostorih je nova pralnica, likaln;raw/web/zdravstvo-20260919-rnomelj-bo-v-okviru-najvecjega-investicijskega-cikla-do-sedaj-dobil-eno-kljucnih-investicij-v-obcini-388080abc.md
https://www.radio-odeon.com/novice/zdravstvena-vzgoja-pobuda-za-zdrav-zivljenjski-slog/;Zdravstvena vzgoja: pobuda za zdrav življenjski slog;Črnomelj;Poročilo / novica;2020-12-21;;Prehrana in telesna masa;V besedilu je izrecno naveden črnomaljski CKZ oziroma nekdanji naziv Bela krajina.;spa Katja Cerar, dipl. medicinska sestra, obe iz Centra za krepitev zdravja, ki deluje v okviru ZD Črnomelj. Več o centru najdete na povezavi TUKAJ . Obema predavateljicama se iskreno zahvaljujemo, saj nam svoje znanje in izkušnje redno predajata pri zdravstveni vzgoji. Zahvaljuj;raw/web/zdravstvo-20260919-novice-zdravstvena-vzgoja-pobuda-za-zdrav-zivljenjski-slog-09dc32ebf.md
https://www.radio-odeon.com/novice/piko-skrbi-za-svoje-zobke/;Piko skrbi za svoje zobke;Nejasno;Informativna objava;2020-12-17;;Ustno zdravje;"Povezava s CKZ Črnomelj ni dovolj izrecna; ne vključujemo v njegovo oceno.";ek sta z nami delili Katja in Anita iz Centra za krepitev zdravja.;raw/web/zdravstvo-20260919-novice-piko-skrbi-za-svoje-zobke-2dbccbd8c.md
https://www.radio-odeon.com/nasveti/zeleno-ki-te-ljubim-zeleno/kako-si-krepimo-obrambne-moci/;Kako si krepimo obrambne moči?;Izločeno;Poročilo / novica;2020-11-23;;Prehrana in telesna masa;Iskalni zadetek brez potrjene relevantnosti za CKZ.;Kako si krepimo obrambne moči? pon., 23.11.2020 ob 09:15 »Za krepitev obrambnim moči do prehladnih obolenj je dobro uživati močne krepilne snovi: kislo mleko, jogurt, med in večje količine vitamina C. Jejmo več sadja, zlasti pomar;raw/web/zdravstvo-20260919-nasveti-zeleno-ki-te-ljubim-zeleno-kako-si-krepimo-obrambne-moci-cebba1b0c.md
https://www.radio-odeon.com/blog/kaj-je-tkm-tradiconalna-kitajska-medicina/;Kaj je TKM – tradiconalna kitajska medicina?;Izločeno;Poročilo / novica;2020-11-20;;Prehrana in telesna masa;Iskalni zadetek brez potrjene relevantnosti za CKZ.;Kaj je TKM – tradiconalna kitajska medicina? pet., 20.11.2020 ob 08:30 V vseh svojih blogih se sklicujem na tradicionalno kitajsko medicino (TKM) oz. na njena načela, zakonitosti in pravila. Zato je prav, da si v tokratnem blogu m;raw/web/zdravstvo-20260919-blog-kaj-je-tkm-tradiconalna-kitajska-medicina-f3ce34448.md
https://www.radio-odeon.com/novice/festival-zate-aktivirali-smo-se-online/;Festival zaTe - Aktivirali smo se online;Črnomelj;Poročilo / novica;2020-11-13;;Ustno zdravje;V besedilu je izrecno naveden črnomaljski CKZ oziroma nekdanji naziv Bela krajina.;a, podjetjem Adria Dom, Srednjo šolo Črnomelj in Centrom za krepitev zdravja, Zdravstvenim domom Črnomelj organiziral 9 delavnic, ki jih je skupaj spletno obiskalo 269 udeležencev. Festival zaTe se je na področju Bele krajine začel odvijati v torek, 10. novembra 202;raw/web/zdravstvo-20260919-novice-festival-zate-aktivirali-smo-se-online-1f45cf67b.md
https://www.radio-odeon.com/novice/zacel-se-je-9-regijski-festival-zate/;Začel se je 9. regijski Festival zaTE;Črnomelj;Vabilo;2020-11-11;;Ustno zdravje;V besedilu je izrecno naveden črnomaljski CKZ oziroma nekdanji naziv Bela krajina.;a jo pripravili Nastja Luič in Valentina Wolf iz Centra za krepitev zdravja, Zdravstveni dom Črnomelj, so udeleženci spoznali raztezne vaje in vaje sproščanja za obvladovanje stresa. Skupaj z mentoricama so udeleženci na daljavo telovadili kar doma in se spro;raw/web/zdravstvo-20260919-novice-zacel-se-je-9-regijski-festival-zate-57faa3194.md
https://www.radio-odeon.com/novice/ne-pozabite-prepoved-gibanja-med-deveto-uro-zvecer-in-sesto-uro-zjutraj/;Ne pozabite: prepoved gibanja med deveto uro zvečer in šesto uro zjutraj!;Izločeno;Vabilo;2020-10-20;;Prehrana in telesna masa;Iskalni zadetek brez potrjene relevantnosti za CKZ.;Ne pozabite: prepoved gibanja med deveto uro zvečer in šesto uro zjutraj! tor., 20.10.2020 ob 20:00 Danes zvečer bo večina prvič doživela prepoved gibanja, ki bo veljala vsak dan od 21. ure do 6. ure zjutraj. Druženje je omejeno n;raw/web/zdravstvo-20260919-novice-ne-pozabite-prepoved-gibanja-med-deveto-uro-zvecer-in-sesto-uro-zjutraj-6edc1f616.md
https://www.radio-odeon.com/novice/dejavnosti-ob-dnevu-dusevnega-zdravja/;Dejavnosti ob dnevu duševnega zdravja;Izločeno;Poročilo / novica;2020-10-14;;Duševno zdravje;Iskalni zadetek brez potrjene relevantnosti za CKZ.;Dejavnosti ob dnevu duševnega zdravja sre., 14.10.2020 ob 08:00 10. oktobra obeležujemo dan duševnega zdravja. Letošnja tema: “Duševno zdravje za vse. Večje naložbe – večja dostopnost. Vsakomur, vsepovsod.” Svetovni dan duševnega ;raw/web/zdravstvo-20260919-novice-dejavnosti-ob-dnevu-dusevnega-zdravja-b232a1b11.md
https://www.radio-odeon.com/novice/mednarodni-teden-dojenja/;Mednarodni teden dojenja;Črnomelj;Poročilo / novica;2020-10-03;;Skupnost in splošno zdravje;V besedilu je izrecno naveden črnomaljski CKZ oziroma nekdanji naziv Bela krajina.;ostavitev kot za vztrajanje pri dojenju. V našem centru za krepitev zdravja ZD Črnomelj smo Vam vedno na voljo za nasvete in vzpodbudo pri vzpostavitvi dojenja.;raw/web/zdravstvo-20260919-novice-mednarodni-teden-dojenja-ce3ed5eb9.md
https://www.radio-odeon.com/novice/zdravstveni-dom-crnomelj-razpis-za-kadrovske-stipendije/;Zdravstveni dom Črnomelj - razpis za kadrovske štipendije;Nejasno;Informativna objava;2020-09-30;;Ozaveščanje o raku;"Povezava s CKZ Črnomelj ni dovolj izrecna; ne vključujemo v njegovo oceno.";reventivnih programov, usmerjenih v ohranitev in krepitev zdravja. ZD vzdržuje, razvija in poglablja dobro sodelovanje z vsemi zdravstvenimi ustanovami in koncesionarji v dobrobit in zadovoljstvo uporabnikov. SODELAVCEM - ŠTIPENDISTOM NUDIJO :;raw/web/zdravstvo-20260919-novice-zdravstveni-dom-crnomelj-razpis-za-kadrovske-stipendije-7eee54220.md
https://www.radio-odeon.com/nasveti/zeleno-ki-te-ljubim-zeleno/sipek-odlicen-pomocnik-za-imunski-sistem/;Šipek, odličen pomočnik za imunski sistem;Izločeno;Poročilo / novica;2020-09-28;;Ustno zdravje;Iskalni zadetek brez potrjene relevantnosti za CKZ.;Šipek, odličen pomočnik za imunski sistem pon., 28.09.2020 ob 09:15 Navadni šipek (Rosa canina), pasja roža, divja roža, tudi divja vrtnica, je 2 do 3 m visok, trnasto razrasel divji grm, ki raste na gozdnih robovih, posekah, gmaj;raw/web/zdravstvo-20260919-nasveti-zeleno-ki-te-ljubim-zeleno-sipek-odlicen-pomocnik-za-imunski-sistem-6368d5d06.md
https://www.radio-odeon.com/novice/5-let-hise-sadezi-druzbe-metlika/;5 let Hiše Sadeži družbe Metlika;Nejasno;Poročilo / novica;2020-09-28;;Skupnost in splošno zdravje;"Povezava s CKZ Črnomelj ni dovolj izrecna; ne vključujemo v njegovo oceno.";Novak, predsednik DU Metlika Jože Mozetič, vodja CKZ Mirna Nemanič ter vodja DC Šent Marjetka Vukšinič. Za popestritev programa se moramo zahvaliti PZ DU Metlika, Urbanu Kočevarju z recitacijami, Vidu Nema;raw/web/zdravstvo-20260919-novice-5-let-hise-sadezi-druzbe-metlika-c196fabef.md
https://www.radio-odeon.com/sport/obelezili-dan-slovenskega-sporta/;Obeležili Dan slovenskega športa;Izločeno;Poročilo / novica;2020-09-24;;Duševno zdravje;Iskalni zadetek brez potrjene relevantnosti za CKZ.;Obeležili Dan slovenskega športa čet., 24.09.2020 ob 18:30 Včeraj smo prvič v zgodovini obeležili državni praznik Dan slovenskega športa. Dan je posvečen zavedanju pomembnosti telesne dejavnosti za zdravje in namenjen promociji šp;raw/web/zdravstvo-20260919-sport-obelezili-dan-slovenskega-sporta-9f3223426.md
https://www.radio-odeon.com/novice/ne-prepuscaj-se-toku-spreminjaj-tudi-ti/;Ne prepuščaj se toku, spreminjaj tudi ti!;Črnomelj;Poročilo / novica;2020-09-19;;Gibanje;V besedilu je izrecno naveden črnomaljski CKZ oziroma nekdanji naziv Bela krajina.;"nomelj skupaj z Društvom upokojencev Črnomelj in Centrom za krepitev zdravja Črnomelj izvedla vseslovenski prostovoljski Dan za spremembe, s sloganom ""Ne prepuščaj se toku, spreminjaj tudi ti!"". Družili smo se na športnem pikniku, na balinišču, na";raw/web/zdravstvo-20260919-novice-ne-prepuscaj-se-toku-spreminjaj-tudi-ti-940c58f97.md
https://www.radio-odeon.com/sport/sprehod-in-test-hoje/;Sprehod in test hoje;Črnomelj;Poročilo / novica;2020-09-17;;Gibanje;V besedilu je izrecno naveden črnomaljski CKZ oziroma nekdanji naziv Bela krajina.;"nili sprehodu in testu hoje, katerega je izvedel CKZ ZD Metlika in Črnomelj v sklopu akcije ""bodi fit"". Poligon testa so pripravili na igrišču pri Beti. UKK test hoje predvideva vzdržljivost vašega kardiovaskularnega";raw/web/zdravstvo-20260919-sport-sprehod-in-test-hoje-01bbf19e5.md
https://www.radio-odeon.com/novice/usposabljanja-mvp-mladi-v-praksi-kmalu-tudi-v-crnomlju/;Usposabljanja MVP – Mladi v praksi kmalu tudi v Črnomlju;Izločeno;Poročilo / novica;2020-09-10;;Ozaveščanje o raku;Iskalni zadetek brez potrjene relevantnosti za CKZ.;Usposabljanja MVP – Mladi v praksi kmalu tudi v Črnomlju čet., 10.09.2020 ob 08:00 V večnamenskem prostoru knjižnice Črnomelj so predstavili projekt MVP Mladi v praksi, ki je namenjen mladim brezposelnim osebam. Usposabljanja znot;raw/web/zdravstvo-20260919-novice-usposabljanja-mvp-mladi-v-praksi-kmalu-tudi-v-crnomlju-382cf852c.md
https://www.radio-odeon.com/novice/otvoritev-centra-za-krepitev-zdravja-bela-krajina/;Otvoritev Centra za krepitev zdravja Bela krajina;Črnomelj;Poročilo / novica;2020-09-08;;Skupnost in splošno zdravje;V besedilu je izrecno naveden črnomaljski CKZ oziroma nekdanji naziv Bela krajina.;Otvoritev Centra za krepitev zdravja Bela krajina tor., 08.09.2020 ob 14:00 Danes dopoldne je v Zdravstvenem domu (oz. zunaj) potekalo odprtje Centra za krepitev zdravja Bela krajina. Za kulturni program sta poskrbela K;raw/web/zdravstvo-20260919-novice-otvoritev-centra-za-krepitev-zdravja-bela-krajina-f8acc4fb2.md
https://www.radio-odeon.com/novice/delavnica-zdravo-hujsanje/;"Delavnica ""Zdravo hujšanje""";Drug center;Vabilo;2020-08-27;;Prehrana in telesna masa;"CKZ Metlika oziroma drug izvajalec; ni dokaza vloge CKZ Črnomelj.";"ca ""Zdravo hujšanje"" čet., 27.08.2020 ob 14:00 V Centru za krepitev zdravja v Zdravstvenem domu Metlika v začetku septembra pričnemo z delavnico Zdravo hujšanje . Udeleženci prejmejo strokovno podporo in pomoč pri zdravem hujšanju, ter znanja in vešč";raw/web/zdravstvo-20260919-novice-delavnica-zdravo-hujsanje-f6432a1ab.md
https://www.radio-odeon.com/novice/7-dan-pocitniskega-tabora-v-hsd-crnomelj/;7. dan počitniškega tabora v HSD Črnomelj;Nejasno;Poročilo / novica;2020-08-26;;Skupnost in splošno zdravje;"Povezava s CKZ Črnomelj ni dovolj izrecna; ne vključujemo v njegovo oceno.";živeli v družbi psihologinje Marine iz Centra za krepitev zdravja. Pogovarjali smo se o samopodobi. Po kosilu smo se posladkali s torto, ki nam jo je pripravila naša Marica. Izdelovali smo zapestnice, sončnice ter se igrali...;raw/web/zdravstvo-20260919-novice-7-dan-pocitniskega-tabora-v-hsd-crnomelj-eef9ccf54.md
https://www.radio-odeon.com/novice/pocitniski-tabor-6-dan/;Počitniški tabor, 6. dan;Nejasno;Poročilo / novica;2020-08-25;;Skupnost in splošno zdravje;"Povezava s CKZ Črnomelj ni dovolj izrecna; ne vključujemo v njegovo oceno.";r., 25.08.2020 ob 19:00 Z Valentino iz Centra za krepitev zdravja smo ponovili kako je zgrajena naša hrbtenica in kakšna naj bo naša pravilna drža. Na igrišču smo se skupaj razmigali. Igrali smo se družabne igr;raw/web/zdravstvo-20260919-novice-pocitniski-tabor-6-dan-f43b54959.md
https://www.radio-odeon.com/novice/priprava-na-porod-in-starsevstvo-1/;Priprava na porod in starševstvo;Črnomelj;Poročilo / novica;2020-08-23;;Duševno zdravje;V besedilu je izrecno naveden črnomaljski CKZ oziroma nekdanji naziv Bela krajina.;porod in starševstvo ned., 23.08.2020 ob 08:00 V Centru za krepitev zdravja ZD Črnomelj potekajo individualna srečanja in srečanja v manjših skupinah. Skupina za september je že polna. Pohiti s prijavo in si zagotovi mesto na naslednji dela;raw/web/zdravstvo-20260919-novice-priprava-na-porod-in-starsevstvo-1-b18ba7c4d.md
https://www.radio-odeon.com/novice/5-dan-pocitniskega-tabora-hsd-crnomelj/;5. dan počitniškega tabora HSD Črnomelj;Nejasno;Poročilo / novica;2020-08-22;;Skupnost in splošno zdravje;"Povezava s CKZ Črnomelj ni dovolj izrecna; ne vključujemo v njegovo oceno.";j nas je obiskala dietetičarka Tina iz Centra za krepitev zdravja. Pogovarjali smo se katera je super hrana za naše telo. Po koncu zanimivega pogovora, smo odšli v Jurjevansko drago. Igrali smo nogomet, badminton, odbojko ter;raw/web/zdravstvo-20260919-novice-5-dan-pocitniskega-tabora-hsd-crnomelj-246f2eeea.md
https://www.radio-odeon.com/novice/drugi-teden-pocitniskega-tabora-dan-3-in-4-zopet-se-je-dogajalo/;Drugi teden počitniškega tabora, dan 3 in 4: zopet se je dogajalo!;Nejasno;Poročilo / novica;2020-08-21;;Ustno zdravje;"Povezava s CKZ Črnomelj ni dovolj izrecna; ne vključujemo v njegovo oceno.";stnic. Včeraj nas je obiskala Saška iz Centra za krepitev zdravja. Otroke je pred šolo spomnila na higieno kašlja, umivanje rok, razkuževanje, pogovarjali so se tudi o virusih in izdelali plakat z naslovom MI SMO KOS KORONA VIRUSU. Popoldne smo bili zo;raw/web/zdravstvo-20260919-novice-drugi-teden-pocitniskega-tabora-dan-3-in-4-zopet-se-je-dogajalo-acbae68f0.md
https://www.radio-odeon.com/novice/prijave-na-delavnico-zdravo-hujsanje/;"Prijave na delavnico ""Zdravo hujšanje""";Izločeno;Vabilo;2020-08-12;;Prehrana in telesna masa;Iskalni zadetek brez potrjene relevantnosti za CKZ.;"Prijave na delavnico ""Zdravo hujšanje"" sre., 12.08.2020 ob 16:00 S pomočjo strokovnjakov poskrbite za svoje zdravje in se nam pridružite na delavnici Zdravo hujšanje. Delavnica se prične v začetku septembra in je brezplačna ozirom";raw/web/zdravstvo-20260919-novice-prijave-na-delavnico-zdravo-hujsanje-2373c832e.md
https://www.radio-odeon.com/nasveti/zeleno-ki-te-ljubim-zeleno/koper/;Koper;Izločeno;Informativna objava;2020-08-03;;Duševno zdravje;Iskalni zadetek brez potrjene relevantnosti za CKZ.;Koper pon., 03.08.2020 ob 09:30 Koper, dokaj poznana začimbno (in okrasno) zelišče, so v srednjem veku v Evropo zanesli Mongoli. Od takrat ga gojimo na mnogih vrtovih, po vsem svetu. Vsa rastlina in plod imata svojevrsten, prijete;raw/web/zdravstvo-20260919-nasveti-zeleno-ki-te-ljubim-zeleno-koper-1d88c02f2.md
https://www.radio-odeon.com/novice/vinska-klet-metlika-osvojila-pet-zlatih-medalj/;Vinska klet Metlika osvojila pet zlatih medalj;Izločeno;Poročilo / novica;2020-07-29;;Skupnost in splošno zdravje;Iskalni zadetek brez potrjene relevantnosti za CKZ.;Vinska klet Metlika osvojila pet zlatih medalj sre., 29.07.2020 ob 08:00 V Gornji Radgoni je od 13. do 17. julija 2020 potekalo 46. odprto državno ocenjevanje vin – Vino Slovenija Gornja Radgona. Ocenjevanje je potekalo v štirih k;raw/web/zdravstvo-20260919-novice-vinska-klet-metlika-osvojila-pet-zlatih-medalj-f236452a4.md
https://www.radio-odeon.com/novice/skupna-cezmejna-operativna-enota-zascite-in-resevanja-hitro/;Skupna čezmejna operativna enota zaščite in reševanja HITRO;Izločeno;Vabilo;2020-07-09;;Gibanje;Iskalni zadetek brez potrjene relevantnosti za CKZ.;Skupna čezmejna operativna enota zaščite in reševanja HITRO čet., 09.07.2020 ob 17:00 Danes dopoldne je v sejni sobi gasilskega doma Črnomelj potekala konferenca za novinarje z namenom predstavitve čezmejnega projekta HITRO. Čezme;raw/web/zdravstvo-20260919-novice-skupna-cezmejna-operativna-enota-zascite-in-resevanja-hitro-aed568b2c.md
https://www.radio-odeon.com/novice/pocitniski-tabor-v-hsd-crnomelj-3/;Počitniški tabor v HSD Črnomelj;Nejasno;Poročilo / novica;2020-07-09;;Prehrana in telesna masa;"Povezava s CKZ Črnomelj ni dovolj izrecna; ne vključujemo v njegovo oceno.";. dan: Obiskala nas je psihologinja iz Centra za krepitev zdravja. Pokazala nam je tehnike sproščanja. Pogovarjali smo se o doživljanju in čustvih. Za kosilo so si otroci sami pripravili pico. 6. dan: Dan smo začeli z;raw/web/zdravstvo-20260919-novice-pocitniski-tabor-v-hsd-crnomelj-3-a359edebb.md
https://www.radio-odeon.com/novice/center-za-krepitev-zdravja-sporoca/;Center za krepitev zdravja sporoča ...;Nejasno;Informativna objava;2020-07-06;;Skupnost in splošno zdravje;"Povezava s CKZ Črnomelj ni dovolj izrecna; ne vključujemo v njegovo oceno.";Center za krepitev zdravja sporoča ... pon., 06.07.2020 ob 12:00 Četudi je vodna osvežitev v vročih poletnih dneh več kot prijetna, ne smemo pozab;raw/web/zdravstvo-20260919-novice-center-za-krepitev-zdravja-sporoca-9844b6e5f.md
https://www.radio-odeon.com/novice/aktivnosti-v-vecnamenskem-romskem-centru-2/;Aktivnosti v Večnamenskem romskem centru;Nejasno;Poročilo / novica;2020-06-30;;Skupnost in splošno zdravje;"Povezava s CKZ Črnomelj ni dovolj izrecna; ne vključujemo v njegovo oceno.";h. Pred zabavo pa smo se s Katarino iz Centra za krepitev zdravja pogovarjali o koronavirusu, našteli ukrepe za preprečevanje in širjenja vseh vrst virusov ter ponovili , kako poskrbimo za odpornost, da do viroz in drugih bole;raw/web/zdravstvo-20260919-novice-aktivnosti-v-vecnamenskem-romskem-centru-2-264fac8a5.md
https://www.radio-odeon.com/novice/1-in-2-dan-pocitniskega-tabora-hsd-crnomelj/;1. in 2. dan počitniškega tabora HSD Črnomelj;Nejasno;Poročilo / novica;2020-06-30;;Skupnost in splošno zdravje;"Povezava s CKZ Črnomelj ni dovolj izrecna; ne vključujemo v njegovo oceno.";5 1. dan: Obiskala nas je ga. Anita iz Centra za krepitev zdravja. Poučila nas je kako ravnati v primeru poškodbe, kako pravilno imobiliziramo poškodovani ud in kako pravilno oživljati človeka. Igrali smo se različne družabne igre,;raw/web/zdravstvo-20260919-novice-1-in-2-dan-pocitniskega-tabora-hsd-crnomelj-9b5999038.md
https://www.radio-odeon.com/novice/delavnica-gibalno-izobrazevalne-urice/;Delavnica Gibalno izobraževalne urice;Črnomelj;Poročilo / novica;2020-06-18;;Ustno zdravje;V besedilu je izrecno naveden črnomaljski CKZ oziroma nekdanji naziv Bela krajina.;ki je potekala na igrišču v Dobličah, je izvedel Center za krepitev zdravja ZD Črnomelj. Bilo je poučno in zabavno hkrati. Z organizacijo delavnic in drugih dogodkov v projektu želimo vključiti lokalno prebivalstvo vseh generacij in jim omogočit;raw/web/zdravstvo-20260919-novice-delavnica-gibalno-izobrazevalne-urice-60df966b4.md
https://www.radio-odeon.com/novice/odprta-vrata-za-zdravje-higiena-in-zascita-pred-virusi/;Odprta vrata za zdravje - higiena in zaščita pred virusi;Drug center;Poročilo / novica;2020-06-16;;Ustno zdravje;"CKZ Metlika oziroma drug izvajalec; ni dokaza vloge CKZ Črnomelj.";"a Sadeži družbe Metlika je danes v sodelovanju s CKZ ZD Metlika pripravila delavnico ""Odprta vrata za zdravje - higiena in zaščita pred virusi."" Kljub uradnemu preklicu epidemije nalezljive bolezni Kovid 19, moramo biti še naprej previdni,";raw/web/zdravstvo-20260919-novice-odprta-vrata-za-zdravje-higiena-in-zascita-pred-virusi-484e364c6.md
https://www.radio-odeon.com/novice/v-vinski-kleti-metlika-stavijo-na-svoj-ponos-metlisko-crnino/;V vinski kleti Metlika stavijo na svoj ponos - metliško črnino;Izločeno;Poročilo / novica;2020-06-04;;Ustno zdravje;Iskalni zadetek brez potrjene relevantnosti za CKZ.;V vinski kleti Metlika stavijo na svoj ponos - metliško črnino čet., 04.06.2020 ob 13:15 V Vinski kleti Metlika se zavedajo, da morajo s ponudbo slediti evoluciji pivcev, ki o vinu vedo čedalje več. Za krepitev blagovne znamke so ;raw/web/zdravstvo-20260919-novice-v-vinski-kleti-metlika-stavijo-na-svoj-ponos-metlisko-crnino-e59cfe2a4.md
https://www.radio-odeon.com/novice/ii-objema-zasvojenosti-s-pomocjo-nove-svetovalnice-srecanje-v-crnomlju/;Iz objema zasvojenosti s pomočjo nove svetovalnice Srečanje v Črnomlju;Črnomelj;Vabilo;2020-05-30;;Duševno zdravje;V besedilu je izrecno naveden črnomaljski CKZ oziroma nekdanji naziv Bela krajina.;ega življenja. Svetovalnica je nastala na pobudo Centra za krepitev zdravja Črnomelj, njeno delovanje pa podpira Lokalna akcijska skupina za preprečevanje zasvojenosti Črnomelj. Program pomoči bo brezplačen zahvaljujoč sofinanciranju Občine Črnomelj in Ministrstvu za delo, d;raw/web/zdravstvo-20260919-novice-ii-objema-zasvojenosti-s-pomocjo-nove-svetovalnice-srecanje-v-crnomlju-390437c56.md
https://www.radio-odeon.com/novice/obvestilo-zd-metlika-22.5.2020/;Obvestilo ZD Metlika (22.5.2020);Nejasno;Poročilo / novica;2020-05-22;;Ustno zdravje;"Povezava s CKZ Črnomelj ni dovolj izrecna; ne vključujemo v njegovo oceno.";kamor vas bo naročil vaš zobozdravnik. Center za krepitev zdravja, zdravstvena vzgoja, zobozdravstvena vzgoja Dejavnost se odpira postopoma. Z vami dodo vzpostavile kontakt medicinske sestre. Za vse informacije pokliči;raw/web/zdravstvo-20260919-novice-obvestilo-zd-metlika-22-5-2020-6f09f8b49.md
https://www.radio-odeon.com/novice/drustvo-prostovoljnega-dela-novo-mesto-potrebuje-pomoc-pri-anketah/;Društvo prostovoljnega dela Novo mesto potrebuje pomoč pri anketah;Izločeno;Vabilo;2020-05-12;;Ustno zdravje;Iskalni zadetek brez potrjene relevantnosti za CKZ.;Društvo prostovoljnega dela Novo mesto potrebuje pomoč pri anketah tor., 12.05.2020 ob 09:00 V Društvu prostovoljnega dela Novo mesto vas v sklopu projekta Youth Ambassadors of Non-Formal Learning, če ste stari od 15 do 30 let, va;raw/web/zdravstvo-20260919-novice-drustvo-prostovoljnega-dela-novo-mesto-potrebuje-pomoc-pri-anketah-5381ddeb6.md
https://www.radio-odeon.com/novice/mesecno-obvestilo-zupanje-in-voscilo-ob-prazniku-dela/;Mesečno obvestilo županje in voščilo ob prazniku dela;Črnomelj;Poročilo / novica;2020-04-30;;Duševno zdravje;V besedilu je izrecno naveden črnomaljski CKZ oziroma nekdanji naziv Bela krajina.;skovcu pri Novem mestu. V izvedbi je že dozidava Centra za krepitev zdravja pri ZD Črnomelj, postavitev nadstrešnice na balinišču v Semiču in obnova objekta stare trgovine na Cerovcu. V nadaljevanju podajam nekoliko več informacij o projektu obnove stare trgovine n;raw/web/zdravstvo-20260919-novice-mesecno-obvestilo-zupanje-in-voscilo-ob-prazniku-dela-5c7d035c6.md
https://www.radio-odeon.com/novice/zaradi-koronavirusa-sto-objavila-razpis-za-subvencijo-za-promocijo-na-domacem-trgu/;Zaradi koronavirusa STO objavila razpis za subvencijo za promocijo na domačem trgu;Izločeno;Informativna objava;2020-03-11;;Skupnost in splošno zdravje;Iskalni zadetek brez potrjene relevantnosti za CKZ.;Zaradi koronavirusa STO objavila razpis za subvencijo za promocijo na domačem trgu sre., 11.03.2020 ob 11:00 Slovenska turistična organizacija ( STO ) je znova objavila razpis za sofinanciranje promocije slovenske turistične ponud;raw/web/zdravstvo-20260919-novice-zaradi-koronavirusa-sto-objavila-razpis-za-subvencijo-za-promocijo-na-domacem-trgu-335f1e706.md
https://www.radio-odeon.com/novice/obvestili-zdravstvenega-doma-crnomelj/;Obvestili Zdravstvenega doma Črnomelj;Nejasno;Informativna objava;2020-03-10;;Ustno zdravje;"Povezava s CKZ Črnomelj ni dovolj izrecna; ne vključujemo v njegovo oceno.";"nih ambulantah, preventivne dejavnosti Centra za krepitev zdravja) – pacienti, ki so naročeni na te preglede, bodo osebno obveščeni; - obiski pri osebnem zdravniku se izvajajo po predhodnem telefonskem dogovoru; - v zobozdr";raw/web/zdravstvo-20260919-novice-obvestili-zdravstvenega-doma-crnomelj-ca9da8112.md
https://www.radio-odeon.com/novice/preklic-dejavnosti-ckz-bela-krajina/;Preklic dejavnosti CKZ Bela krajina;Črnomelj;Odpoved / preklic;2020-03-09;;Skupnost in splošno zdravje;V besedilu je izrecno naveden črnomaljski CKZ oziroma nekdanji naziv Bela krajina.;Preklic dejavnosti CKZ Bela krajina pon., 09.03.2020 ob 10:00 Do nadaljnjega dejavnosti Centra za krepitev zdravja Bela krajina zaradi preventivnih ukrepov ODPADEJO. O ponovnem pričetku dejav;raw/web/zdravstvo-20260919-novice-preklic-dejavnosti-ckz-bela-krajina-308ce1bdc.md
https://www.radio-odeon.com/novice/obvestilo-staba-cz-obcine-crnomelj-in-zd-crnomelj/;Obvestilo Štaba CZ Občine Črnomelj in ZD Črnomelj;Črnomelj;Odpoved / preklic;2020-03-09;;Ustno zdravje;V besedilu je izrecno naveden črnomaljski CKZ oziroma nekdanji naziv Bela krajina.;j pokriva tudi NMP za Metliko Preklic dejavnosti CKZ Bela krajina Obvestilo Centra za socialno delo V Sloveniji imamo do zdaj potrjenih 19 primerov koronavirusa, veliko pa lahko za zajezitev nadaljnjega širjenja storimo tudi sami z upo;raw/web/zdravstvo-20260919-novice-obvestilo-staba-cz-obcine-crnomelj-in-zd-crnomelj-60422c5b5.md
https://www.radio-odeon.com/novice/obvestilo-semiske-zupanje/;Obvestilo semiške županje;Nejasno;Poročilo / novica;2020-02-27;;Duševno zdravje;"Povezava s CKZ Črnomelj ni dovolj izrecna; ne vključujemo v njegovo oceno.";iranje dozidave ZD Črnomelj za potrebe Centra za krepitev zdravja v višini 65.537 € (celotna vrednost je 819.445 €, ostali sofinancerji: Ministrstva za zdravje 200.000 €, ZD Črnomelj 130.000 €, Občina Črnomelj 4;raw/web/zdravstvo-20260919-novice-obvestilo-semiske-zupanje-a9199e3bc.md
https://www.radio-odeon.com/novice/delavnico-na-temo-statusa-normiranca/;Delavnica na temo statusa normiranca;Izločeno;Informativna objava;2020-02-14;;Ozaveščanje o raku;Iskalni zadetek brez potrjene relevantnosti za CKZ.;Delavnica na temo statusa normiranca pet., 14.02.2020 ob 07:30 SPOT Svetovanje Jugovzhodna Slovenija v koordinaciji RIC Bela krajina je prejšnji teden v Metliki organiziral delavnico na temo statusa normiranca. Predavateljica mag.;raw/web/zdravstvo-20260919-novice-delavnico-na-temo-statusa-normiranca-bb1a61082.md
https://www.radio-odeon.com/novice/novica-o-sprejetju-proracuna-obcine-semic-za-leto-2020/;Novica o sprejetju proračuna občine Semič za leto 2020;Nejasno;Poročilo / novica;2020-02-13;;Duševno zdravje;"Povezava s CKZ Črnomelj ni dovolj izrecna; ne vključujemo v njegovo oceno.";) sofinanciranje dozidave ZD Črnomelj (Center za krepitev zdravja) v višini 65.537 EUR (celotna vrednost je 819.445 EUR, investicija bo financirana s strani: Ministrstva za zdravje 200.000 EUR, ZD Črnomelj 130.000 EUR, Občine Črnomelj 423.9;raw/web/zdravstvo-20260919-novice-novica-o-sprejetju-proracuna-obcine-semic-za-leto-2020-6c13c9543.md
https://www.radio-odeon.com/novice/aktivni-odmor-v-2-razredu-1/;Aktivni odmor v 2. razredu;Črnomelj;Informativna objava;2020-01-31;;Gibanje;V besedilu je izrecno naveden črnomaljski CKZ oziroma nekdanji naziv Bela krajina.; 31.01.2020 ob 08:15 OŠ Dragatuš sodeluje tudi s Centrom za krepitev zdravja Črnomelj. Učenci 2. razreda redno vodeno telovadimo tudi med poukom ob videoposnetkih, ki nam jih je prijazno posredoval Center za krepitev zdravja Črnomel;raw/web/zdravstvo-20260919-novice-aktivni-odmor-v-2-razredu-1-3c5bab048.md
https://www.radio-odeon.com/novice/zakljucena-11-redna-seja-obcinskega-sveta-obcine-crnomelj/;Zaključena 11. redna seja Občinskega sveta Občine Črnomelj;Črnomelj;Poročilo / novica;2020-01-29;;Gibanje;V besedilu je izrecno naveden črnomaljski CKZ oziroma nekdanji naziv Bela krajina.; OŠ Loka, rekonstrukcija OŠ Dragatuš, dograditev Centra za krepitev zdravja, Kanalizacija Črnomelj, Sekundarni vodovodi in Brv na Majer. Župančičevo diplomo prejmejo Jaka Birkelbach, ki je že vrsto let aktiven na več področjih kulture, Nastasja Schweiger, mlada kulturna ustvar;raw/web/zdravstvo-20260919-novice-zakljucena-11-redna-seja-obcinskega-sveta-obcine-crnomelj-fbd2402f0.md
https://www.radio-odeon.com/novice/nosecnice-telesna-dejavnost-in-vadba-za-misicno-moc/;Nosečnice, telesna dejavnost in vadba za mišično moč;Nejasno;Informativna objava;2020-01-27;;Starši in otroci;"Povezava s CKZ Črnomelj ni dovolj izrecna; ne vključujemo v njegovo oceno."; tedensko v Zdravstvenem domu Črnomelj Centru za krepitev zdravja in je za nosečnice brezplačna oz. krita iz obveznega zdravstvenega zavarovanja (KZZ). Priporoča se vključitev po 12. tednu nosečnosti. Za več informacij oziroma prijavo na ;raw/web/zdravstvo-20260919-novice-nosecnice-telesna-dejavnost-in-vadba-za-misicno-moc-e77e5961b.md
https://www.radio-odeon.com/novice/zobni-alarm-v-1-razredu/;Zobni alarm v 1. razredu;Črnomelj;Poročilo / novica;2020-01-24;;Ustno zdravje;V besedilu je izrecno naveden črnomaljski CKZ oziroma nekdanji naziv Bela krajina.;ram. Danes jih je obiskala ga. Ana Starešinič iz Centra za krepitev zdravja Bela krajina (Zdravstveni dom Črnomelj) in z njimi izvedla prvo delavnico z naslovom Zobna higiena. Razdelila jim je ščetke, darila in jim pokazala pravilno ščetkanje zob. Učenci so ž;raw/web/zdravstvo-20260919-novice-zobni-alarm-v-1-razredu-7fe8c81e4.md
https://www.radio-odeon.com/novice/zdravo-zivim/;Zdravo živim;Nejasno;Poročilo / novica;2020-01-21;;Prehrana in telesna masa;"Povezava s CKZ Črnomelj ni dovolj izrecna; ne vključujemo v njegovo oceno.";ša Pezdirc, dipl. medicinska sestra iz Centra za krepitev zdravja je poskrbela za zanimivo in poučno predavanje in pogovorno delavnico o pomenu uravnotežene zdrave prehrane in koristih vsakodnevne t;raw/web/zdravstvo-20260919-novice-zdravo-zivim-064507bc4.md
https://www.radio-odeon.com/blog/ponovoletni-detoks/;Ponovoletni detoks;Izločeno;Poročilo / novica;2020-01-17;;Prehrana in telesna masa;Iskalni zadetek brez potrjene relevantnosti za CKZ.;Ponovoletni detoks pet., 17.01.2020 ob 08:00 ČAS ZA ČISTILNO AKCIJO V TELESU IN DUŠI Očistimo telo toksinov in duha toksičnih misli in čustev. Pa smo v letu 2020! Prednovoletna evforija je že zdavnaj mimo. Preživeli smo, ampak….ka;raw/web/zdravstvo-20260919-blog-ponovoletni-detoks-5070a9f1a.md
https://www.radio-odeon.com/novice/ucenci-3-razreda-skrbimo-za-svoje-zdravje/;Učenci 3. razreda skrbimo za svoje zdravje;Črnomelj;Poročilo / novica;2020-01-09;;Ustno zdravje;V besedilu je izrecno naveden črnomaljski CKZ oziroma nekdanji naziv Bela krajina.; ga. Ana Starešinič in ga. Anita Zajec Kambič iz Centra za krepitev zdravja Bela krajina (Zdravstveni dom Črnomelj). Na delavnici z naslovom Mlečni in stalni zobje so učenci obnovili pomen ustrezne ustne higiene in razliko med mlečnimi in stalnimi zobmi. Obenem smo pričeli s p;raw/web/zdravstvo-20260919-novice-ucenci-3-razreda-skrbimo-za-svoje-zdravje-300f8147b.md
https://www.radio-odeon.com/blog/zima-zima-bela-kako-bom-ledvicke-ogrela/;Zima, zima bela, kako bom ledvičke ogrela?;Izločeno;Poročilo / novica;2019-12-20;;Ustno zdravje;Iskalni zadetek brez potrjene relevantnosti za CKZ.;Zima, zima bela, kako bom ledvičke ogrela? pet., 20.12.2019 ob 08:00 Jooooj, spet ta zima. Spet ta mraz. In še enkrat mraz. Čas življenja v temi. Zbudiš se ponoči, domov se vračaš ponoči. Neizmerna utrujenost in zaspanost. Čas nen;raw/web/zdravstvo-20260919-blog-zima-zima-bela-kako-bom-ledvicke-ogrela-223db9d50.md
https://www.radio-odeon.com/novice/srecanje-in-mrezenje-podpornega-okolja-v-regiji-jv-slovenija-1/;Srečanje in mreženje podpornega okolja v regiji JV Slovenija;Izločeno;Poročilo / novica;2019-12-10;;Skupnost in splošno zdravje;Iskalni zadetek brez potrjene relevantnosti za CKZ.;Srečanje in mreženje podpornega okolja v regiji JV Slovenija tor., 10.12.2019 ob 13:00 V četrtek, 5. 12. 2019, je v okviru projekta SPOT svetovanje JV SLOVENIJA, v Kulturnem centru Semič potekalo regijsko srečanje podjetniških pod;raw/web/zdravstvo-20260919-novice-srecanje-in-mrezenje-podpornega-okolja-v-regiji-jv-slovenija-1-175385c49.md
https://www.radio-odeon.com/nasveti/hruske-jabuke-brokoli/avtoimune-bolezni-alergije/;Avtoimune bolezni, alergije;Izločeno;Informativna objava;2019-12-09;;Prehrana in telesna masa;Iskalni zadetek brez potrjene relevantnosti za CKZ.;"Avtoimune bolezni, alergije pon., 09.12.2019 ob 05:15 Prepoznavanje, kaj je ""moje""in kaj ni, je poglavitna naloga telesa. Ko v telo prispejo mikrobi, jih mora posebna vrsta imunskih celic najprej prepoznati kot tujo snov. Zato pot";raw/web/zdravstvo-20260919-nasveti-hruske-jabuke-brokoli-avtoimune-bolezni-alergije-fcbfd2eae.md
https://www.radio-odeon.com/novice/srecanje-starejsih-obcanov-v-crnomlju/;Srečanje starejših občanov v Črnomlju;Nejasno;Informativna objava;2019-12-03;;Skupnost in splošno zdravje;"Povezava s CKZ Črnomelj ni dovolj izrecna; ne vključujemo v njegovo oceno.";lka Kocjan. Predstavnica ZD Črnomelj – Centra za krepitev zdravja Tatjana Gregorič je spregovorila o zdravi hrani starostnika. Tudi Joško s harmoniko je razveselil udeležence srečanja. Hvala prostovoljkam RKS OZ Črnomelj za;raw/web/zdravstvo-20260919-novice-srecanje-starejsih-obcanov-v-crnomlju-d0fbc516e.md
https://www.radio-odeon.com/novice/odprta-vrata-za-zdravje-sladkorna-bolezen/;Odprta vrata za zdravje - sladkorna bolezen;Drug center;Poročilo / novica;2019-11-25;;Prehrana in telesna masa;"CKZ Metlika oziroma drug izvajalec; ni dokaza vloge CKZ Črnomelj.";navke, ki izloča premalo inzulina ... S Saško iz CKZ - ZD Metlika smo se pogovarjali o: - Znakih sladkorne bolezni, - Razlikah med sladkorno boleznijo tipa 2 in sladkorno boleznijo tipa 2, - Zdravljenju sladkorne bolezni, - Vpli;raw/web/zdravstvo-20260919-novice-odprta-vrata-za-zdravje-sladkorna-bolezen-17c214926.md
https://www.radio-odeon.com/blog/moksa-in-preslica-ko-telo-klice-po-naravni-pomoci/;Moksa in preslica - ko telo kliče po naravni pomoči;Izločeno;Poročilo / novica;2019-11-22;;Prehrana in telesna masa;Iskalni zadetek brez potrjene relevantnosti za CKZ.;Moksa in preslica - ko telo kliče po naravni pomoči pet., 22.11.2019 ob 08:00 Čudežna naravna pomoč v jesensko-zimskem času, ko nas večina kašlja, kiha in ima nenehno mrzle roke in noge. Čeprav smo v naših koncih šele dobro zakora;raw/web/zdravstvo-20260919-blog-moksa-in-preslica-ko-telo-klice-po-naravni-pomoci-c25ed24a8.md
https://www.radio-odeon.com/novice/zlato-priznanje-za-razvoj-trajnostnega-turizma-v-beli-krajini-1/;Zlato priznanje za razvoj trajnostnega turizma v Beli krajini;Izločeno;Informativna objava;2019-11-20;;Ustno zdravje;Iskalni zadetek brez potrjene relevantnosti za CKZ.;Zlato priznanje za razvoj trajnostnega turizma v Beli krajini sre., 20.11.2019 ob 14:30 Po tem, ko je bila Bela krajina oktobra 2019 uvrščena na seznam »Global TOP 100 Sustainable Destinations«, na katerem se nahajajo destinacije ;raw/web/zdravstvo-20260919-novice-zlato-priznanje-za-razvoj-trajnostnega-turizma-v-beli-krajini-1-d49b47135.md
https://www.radio-odeon.com/novice/predavanje-o-okuzbah-in-virusih/;Predavanje o okužbah in virusih;Črnomelj;Poročilo / novica;2019-11-20;;Skupnost in splošno zdravje;V besedilu je izrecno naveden črnomaljski CKZ oziroma nekdanji naziv Bela krajina.; tema ravno prava. Delavnico je izvedla Anita iz Centra za krepitev zdravja, Zdravstvenega doma Črnomelj.;raw/web/zdravstvo-20260919-novice-predavanje-o-okuzbah-in-virusih-3098ae6cc.md
https://www.radio-odeon.com/novice/radio-odeon-vam-podarja-2-vstopnici-za-koncert-gibonnija-v-crnomlju/;Radio Odeon vam podarja 2 vstopnici za koncert Gibonnija v Črnomlju;Izločeno;Informativna objava;2019-11-13;;Gibanje;Iskalni zadetek brez potrjene relevantnosti za CKZ.;Radio Odeon vam podarja 2 vstopnici za koncert Gibonnija v Črnomlju sre., 13.11.2019 ob 20:30 Gibonni prvič v svoji karieri prihaja v Belo krajino - Črnomelj! V ogrevanem šotoru na Majeru bo namreč nastopil na velikem božičnem kon;raw/web/zdravstvo-20260919-novice-radio-odeon-vam-podarja-2-vstopnici-za-koncert-gibonnija-v-crnomlju-dfafde58d.md
https://www.radio-odeon.com/novice/zgodilo-se-je-v-vecnamenskem-romskem-centru/;Zgodilo se je v Večnamenskem romskem centru;Nejasno;Poročilo / novica;2019-10-30;;Duševno zdravje;"Povezava s CKZ Črnomelj ni dovolj izrecna; ne vključujemo v njegovo oceno."; gibalnih igric z Anito in Katarino iz Centra za krepitev zdravja, iskanja informacij na spletu in spoznavanju varne rabe interneta z go. Tajano z ZIK-a, kuhanja kosila s prostovoljko Amando, plesa in petja, ki ga vodi prostovolj;raw/web/zdravstvo-20260919-novice-zgodilo-se-je-v-vecnamenskem-romskem-centru-1b560e710.md
https://www.radio-odeon.com/novice/odprta-vrata-za-zdravje-okuzbe/;Odprta vrata za zdravje - okužbe;Drug center;Poročilo / novica;2019-10-25;;Skupnost in splošno zdravje;"CKZ Metlika oziroma drug izvajalec; ni dokaza vloge CKZ Črnomelj.";" vrata za zdravje - okužbe"". Saška iz Metliškega CKZ - ZD Metlika nam je predstavila s katerimi okužbami se najpogosteje srečujemo, kdaj in zakaj se je priporočljivo cepiti, kako in s čim se najpogosteje okužimo ... S";raw/web/zdravstvo-20260919-novice-odprta-vrata-za-zdravje-okuzbe-976422fc9.md
https://www.radio-odeon.com/novice/dozidava-zdravstvenega-doma-crnomelj/;Dozidava Zdravstvenega doma Črnomelj;Črnomelj;Informativna objava;2019-10-25;;Skupnost in splošno zdravje;V besedilu je izrecno naveden črnomaljski CKZ oziroma nekdanji naziv Bela krajina.;epan Jarnević sta podpisala pogodbo za izgradnjo Centra za krepitev zdravja – dozidava Zdravstvenega doma. Občina Črnomelj je s strani Ministrstva za zdravje, pridobila nepovratna sredstva v višini 200.000,00 EUR (od tega 80% EU in 20% slovenska udeležba) za izvedbo aktivnosti i;raw/web/zdravstvo-20260919-novice-dozidava-zdravstvenega-doma-crnomelj-91f121978.md
https://www.radio-odeon.com/novice/depresija-in-bolecine-predavanje/;Depresija in bolečine, predavanje;Izločeno;Poročilo / novica;2019-10-23;;Duševno zdravje;Iskalni zadetek brez potrjene relevantnosti za CKZ.;Depresija in bolečine, predavanje sre., 23.10.2019 ob 12:00 Ozara Slovenija, Nacionalno združenje za kakovost življenja, je nevladna, humanitarna organizacija, ki deluje v javnem interesu na področju socialnega in zdravstvenega va;raw/web/zdravstvo-20260919-novice-depresija-in-bolecine-predavanje-89964ed2a.md
https://www.radio-odeon.com/novice/predavanje-zdrav-zivljenjski-slog-v-izvedbi-centra-za-krepitev-zdravja-zd-crnomelj/;Predavanje Zdrav življenjski slog, v Izvedbi Centra za krepitev zdravja – ZD Črnomelj;Črnomelj;Poročilo / novica;2019-10-17;;Skupnost in splošno zdravje;V besedilu je izrecno naveden črnomaljski CKZ oziroma nekdanji naziv Bela krajina.;Predavanje Zdrav življenjski slog, v Izvedbi Centra za krepitev zdravja – ZD Črnomelj čet., 17.10.2019 ob 13:15 Včeraj smo v okviru projekta Igrišče znanja in druženja v Dobličah – IZID, izvedli prvi dogod;raw/web/zdravstvo-20260919-novice-predavanje-zdrav-zivljenjski-slog-v-izvedbi-centra-za-krepitev-zdravja-zd-crnomelj-33d6619f3.md
https://www.radio-odeon.com/nasveti/hruske-jabuke-brokoli/okrepitev-delovanja-imunskega-sistema/;Okrepitev delovanja imunskega sistema;Izločeno;Poročilo / novica;2019-10-07;;Skupnost in splošno zdravje;Iskalni zadetek brez potrjene relevantnosti za CKZ.;Okrepitev delovanja imunskega sistema pon., 07.10.2019 ob 05:15 Ko se prehladimo, se pogosto začnemo spraševati, kje smo se prehladili, pri tem pa premišljujemo, kje in kdaj nas je najbolj zeblo. Vendar mraz ne povečuje možnosti z;raw/web/zdravstvo-20260919-nasveti-hruske-jabuke-brokoli-okrepitev-delovanja-imunskega-sistema-04913a837.md
https://www.radio-odeon.com/novice/dan-praznovanj-na-zik-u/;Dan praznovanj na ZIK-u;Črnomelj;Poročilo / novica;2019-10-03;;Ustno zdravje;V besedilu je izrecno naveden črnomaljski CKZ oziroma nekdanji naziv Bela krajina.;pravili na krožni pohod čez Majer ali pa z ekipo Centra za krepitev zdravja Bela krajina iz Zdravstvenega doma Črnomelj preverili svoje zdravstveno stanje. Ob praznični torti smo se vsi skupaj strinjali, da smo preživeli lep dopoldan v dobri družbi z dobrim namen;raw/web/zdravstvo-20260919-novice-dan-praznovanj-na-zik-u-d36481c6c.md
https://www.radio-odeon.com/novice/dnevi-svetovalnih-sredisc-so-se-uspesno-zakljucili/;Dnevi svetovalnih središč so se uspešno zaključili;Črnomelj;Poročilo / novica;2019-09-30;;Gibanje;V besedilu je izrecno naveden črnomaljski CKZ oziroma nekdanji naziv Bela krajina.;melj, je bil namenjen predvsem skrbi za zdravje. Center za krepitev zdravja Bela krajina je pripravil delavnico Zdrav začetek dneva in test hoje na 2 km, kjer se je preizkusilo 74 udeležencev. V delavnici varna raba interneta, ki je potekala v sodelovanju z V;raw/web/zdravstvo-20260919-novice-dnevi-svetovalnih-sredisc-so-se-uspesno-zakljucili-05953e624.md
https://www.radio-odeon.com/nasveti/nasvet-iz-utice/ali-se-hrana-razlikuje-glede-na-velikost-psa/;Ali se hrana razlikuje glede na velikost psa?;Izločeno;Informativna objava;2019-09-26;;Prehrana in telesna masa;Iskalni zadetek brez potrjene relevantnosti za CKZ.;Ali se hrana razlikuje glede na velikost psa? čet., 26.09.2019 ob 07:00 Psi so ena izmed živalskih vrst z velikim številom različic, pasem,... Kljub temu, da z genetskega vidika še vedno govorimo o eni vrsti živali pa so med njimi;raw/web/zdravstvo-20260919-nasveti-nasvet-iz-utice-ali-se-hrana-razlikuje-glede-na-velikost-psa-5eb6dd0cb.md
https://www.radio-odeon.com/novice/meritve-krvnega-sladkorja-in-tlaka-ob-evropskem-tednu-mobilnosti/;Meritve krvnega sladkorja in tlaka ob Evropskem tednu mobilnosti;Drug center;Poročilo / novica;2019-09-23;;Presnovno in srčno-žilno zdravje;"CKZ Metlika oziroma drug izvajalec; ni dokaza vloge CKZ Črnomelj.";eležbo na preventivnih delavnicah, ki jih bomo v CKZ Bela krajina ZD Metlika začeli izvajati z oktobrom. Dobrodošli vsi, ki bi želeli vpeljati pozitivno spremembo v svoje življenje.;raw/web/zdravstvo-20260919-novice-meritve-krvnega-sladkorja-in-tlaka-ob-evropskem-tednu-mobilnosti-944234079.md
https://www.radio-odeon.com/novice/parkirisce-pred-crnomaljskim-gradom-za-en-dan-postalo-izobrazevalno-zabavisce/;Parkirišče pred črnomaljskim gradom za en dan postalo izobraževalno zabavišče;Nejasno;Poročilo / novica;2019-09-21;;Ustno zdravje;"Povezava s CKZ Črnomelj ni dovolj izrecna; ne vključujemo v njegovo oceno.";alci različnih prehrambnih izdelkov in Center za krepitev zdravja. Otroci so se razveselili različnih animacijskih aktivnosti, v sklopu katerih so imeli prometno delavnico in preizkusili svoje znanje na električnih avtomobilčkih. Obiskal jih je tudi čarovnik Sam ;raw/web/zdravstvo-20260919-novice-parkirisce-pred-crnomaljskim-gradom-za-en-dan-postalo-izobrazevalno-zabavisce-5302bf85b.md
https://www.radio-odeon.com/novice/trajnostna-mobilnost/;Trajnostna mobilnost;Nejasno;Poročilo / novica;2019-09-16;;Gibanje;"Povezava s CKZ Črnomelj ni dovolj izrecna; ne vključujemo v njegovo oceno.";jskih obremenitev, spodbujanje gibanja otrok ter krepitev zdravja otrok. V času Evropskega tedna mobilnosti, od 16. 9. do 22. 9. 2019, bomo izvedli aktivnost, ki poteka pod sloganom Gremo peš s kokoško Rozi;raw/web/zdravstvo-20260919-novice-trajnostna-mobilnost-d54bddea5.md
https://www.radio-odeon.com/novice/raznolike-dejavnosti-v-hsd-metlika/;Raznolike dejavnosti v HSD Metlika;Drug center;Poročilo / novica;2019-08-21;;Skupnost in splošno zdravje;"CKZ Metlika oziroma drug izvajalec; ni dokaza vloge CKZ Črnomelj.";"poldanskem času nas je obiskala Mirna Nemanič iz CKZ ZD Metlika. Podučila nas je kaj preži na nas poleti, nevarnosti in nevšečnosti; sonce, piki, ugrizi, komarji, znojenje, zaščitna sredstva, zaščitne, negovalne kreme";raw/web/zdravstvo-20260919-novice-raznolike-dejavnosti-v-hsd-metlika-4e287a8d1.md
https://www.radio-odeon.com/novice/mladinski-gasilski-tabor-gz-crnomelj-je-zakljucen/;Mladinski gasilski tabor GZ Črnomelj je zaključen;Črnomelj;Poročilo / novica;2019-08-20;;Gibanje;V besedilu je izrecno naveden črnomaljski CKZ oziroma nekdanji naziv Bela krajina.;štva Črnomelj, pekli smo pice s Polono, Matic iz Centra za krepitev zdravja Zdravstvenega doma Črnomelj pa nam je predstavil potrebo po zdravem življenju z aktivno delavnico. Člana Ribiške družine Novo mesto sta nam povedala vse in še več o ribištvu, gasilci gasilskih druš;raw/web/zdravstvo-20260919-novice-mladinski-gasilski-tabor-gz-crnomelj-je-zakljucen-e5caad64c.md
https://www.radio-odeon.com/novice/bilo-je-ustvarjalno-in-zabavno/;Bilo je ustvarjalno in zabavno;Nejasno;Poročilo / novica;2019-07-12;;Ustno zdravje;"Povezava s CKZ Črnomelj ni dovolj izrecna; ne vključujemo v njegovo oceno."; obisk je prišla tudi Saška Pezdirc iz Centra za krepitev zdravja s katero so na zabaven način spoznavali pomen čistoče in ustne higiene. Nepozabno pa je bilo tudi praznovanje Tininega sedmega rojstnega dne.;raw/web/zdravstvo-20260919-novice-bilo-je-ustvarjalno-in-zabavno-d3adcbeb1.md
https://www.radio-odeon.com/novice/v-vecnamenskem-romskem-centru-je-pestro/;V Večnamenskem romskem centru je pestro;Črnomelj;Poročilo / novica;2019-06-27;;Ustno zdravje;V besedilu je izrecno naveden črnomaljski CKZ oziroma nekdanji naziv Bela krajina.;a rok in zob - vse to s pomočjo ekipe sodelavcev Centra za krepitev zdravja ZD Črnomelj. Odpravili smo se v gozd po bezeg in naredili bezgov sirup. S policistom smo se pogovarjali o prepovedanih substancah, kaznih in prekrških ter posledicah le-te;raw/web/zdravstvo-20260919-novice-v-vecnamenskem-romskem-centru-je-pestro-44786f643.md
https://www.radio-odeon.com/novice/iz-metlike-v-ljubljano-bomo-z-vlakom-potovali-hitreje/;Iz Metlike v Ljubljano bomo z vlakom potovali hitreje;Izločeno;Informativna objava;2019-06-19;;Skupnost in splošno zdravje;Iskalni zadetek brez potrjene relevantnosti za CKZ.;Iz Metlike v Ljubljano bomo z vlakom potovali hitreje sre., 19.06.2019 ob 09:45 Župani občin Škofljica, Grosuplje, Ivančna Gorica, Trebnje, Mirna Peč, Semič, Metlika, Črnomelj, Mestne občine Novo mesto in predstavnik Mestne občine;raw/web/zdravstvo-20260919-novice-iz-metlike-v-ljubljano-bomo-z-vlakom-potovali-hitreje-e2eac2c8e.md
https://www.radio-odeon.com/novice/zakljucna-prireditev-tekmovanja-za-ciste-in-zdrave-zobe/;Zaključna prireditev Tekmovanja za čiste in zdrave zobe;Nejasno;Poročilo / novica;2019-06-06;;Ustno zdravje;"Povezava s CKZ Črnomelj ni dovolj izrecna; ne vključujemo v njegovo oceno.";iložnosti se zahvaljujemo ZD Črnomelj (Center za krepitev zdravja), da na tako igriv in privlačen način spodbujajo in privzgajajo skrb za čiste in zdrave zobe.;raw/web/zdravstvo-20260919-novice-zakljucna-prireditev-tekmovanja-za-ciste-in-zdrave-zobe-3d1e49328.md
https://www.radio-odeon.com/novice/soncni-videi-v-semic-priklicali-sonce/;Sončni videi v Semič priklicali sonce;Črnomelj;Poročilo / novica;2019-05-25;;Gibanje;V besedilu je izrecno naveden črnomaljski CKZ oziroma nekdanji naziv Bela krajina.;a krajina, KUD Božo Račič, Krajinski park Kolpa, Center za krepitev zdravja, Zdravstveni dom Črnomelj, Vrtec Metlika, Osnovna šola Metlika, Varstveno delovni center Črnomelj, enoti Črnomelj in Vinica, Društvo upokojencev Črnomelj, Osnovna šola Loka, Podružnič;raw/web/zdravstvo-20260919-novice-soncni-videi-v-semic-priklicali-sonce-66e189f8c.md
https://www.radio-odeon.com/novice/tudi-center-za-krepitev-zdravja-na-festivalu-igraj-se-z-mano/;Tudi Center za krepitev zdravja na festivalu Igraj se z mano;Nejasno;Poročilo / novica;2019-05-24;;Skupnost in splošno zdravje;"Povezava s CKZ Črnomelj ni dovolj izrecna; ne vključujemo v njegovo oceno.";Tudi Center za krepitev zdravja na festivalu Igraj se z mano pet., 24.05.2019 ob 13:00 Z ekipo Centra za krepitev zdravja smo sodelovali pri festivalu ;raw/web/zdravstvo-20260919-novice-tudi-center-za-krepitev-zdravja-na-festivalu-igraj-se-z-mano-242c06fc8.md
https://www.radio-odeon.com/novice/obisk-centra-za-krepitev-zdravja-v-zdravstvenem-domu-crnomelj/;Obisk Centra za krepitev zdravja v Zdravstvenem domu Črnomelj;Črnomelj;Poročilo / novica;2019-05-14;;Ustno zdravje;V besedilu je izrecno naveden črnomaljski CKZ oziroma nekdanji naziv Bela krajina.;Obisk Centra za krepitev zdravja v Zdravstvenem domu Črnomelj tor., 14.05.2019 ob 15:57 V okviru aktivnosti Tedna vseživljenjskega učenja smo se z udeleženci programa osnovne šole z;raw/web/zdravstvo-20260919-novice-obisk-centra-za-krepitev-zdravja-v-zdravstvenem-domu-crnomelj-344a428b9.md
https://www.radio-odeon.com/novice/poslovanje-zdravstvenega-doma-crnomelj-in-nacrti/;Poslovanje Zdravstvenega doma Črnomelj in načrti;Črnomelj;Poročilo / novica;2019-05-13;;Ustno zdravje;V besedilu je izrecno naveden črnomaljski CKZ oziroma nekdanji naziv Bela krajina.;, 13.05.2019 ob 15:45 V okviru Projektnega tedna Centra za krepitev zdravja je danes v Zdravstvenem domu Črnomelj potekalo srečanje z novinarji, ki ga je sklicala direktorica Eva Čemas. Direktorica nam je predstavila najaktualnejše teme v zvezi z delovanjem in poslovanjem zavoda.;raw/web/zdravstvo-20260919-novice-poslovanje-zdravstvenega-doma-crnomelj-in-nacrti-3369fddaa.md
https://www.radio-odeon.com/novice/pravilno-scetkanje-malih-zobkov/;Pravilno ščetkanje malih zobkov;Črnomelj;Informativna objava;2019-04-25;;Ustno zdravje;V besedilu je izrecno naveden črnomaljski CKZ oziroma nekdanji naziv Bela krajina.; zobkov čet., 25.04.2019 ob 16:30 Danes je ekipa Centra za krepitev zdravja ZD Črnomelj s kravico Lili vadila pravilno ščetkanje malih zobkov v 1.razredu v OŠ Dragatuš. Lili je bila navdušena nad spretnostjo prvošolčkov.;raw/web/zdravstvo-20260919-novice-pravilno-scetkanje-malih-zobkov-13ddad98b.md
https://www.radio-odeon.com/novice/na-pomoc-gori/;Na pomoč, gori!;Nejasno;Poročilo / novica;2019-04-18;;Skupnost in splošno zdravje;"Povezava s CKZ Črnomelj ni dovolj izrecna; ne vključujemo v njegovo oceno.";Na pomoč, gori! obiskala gospa Anita s Centra za krepitev zdravja. Naučili smo se, kako uporabljati številko 112 in kaj je potrebno povedati, kadar kličemo. Sledil pa je še najbolj zanimiv del, v kater;raw/web/zdravstvo-20260919-novice-na-pomoc-gori-241e6ef86.md
https://www.radio-odeon.com/novice/odprta-vrata-za-zdravje-e-narocanje/;Odprta vrata za zdravje, e-naročanje;Drug center;Vabilo;2019-04-17;;Skupnost in splošno zdravje;"CKZ Metlika oziroma drug izvajalec; ni dokaza vloge CKZ Črnomelj.";"avje, e-naročanje"". Delavnico je vodila Saška iz CKZ ZD Metlika. Seznanila nas je z navodili in novostmi e-naročanja. Predstavila nam je prednosti e-naročanja, kako se naročiti, šli smo ""skozi"" obrazec e-naročanja preko";raw/web/zdravstvo-20260919-novice-odprta-vrata-za-zdravje-e-narocanje-055076bee.md
https://www.radio-odeon.com/novice/belokranjski-projekt-v-vodstvu-glasujete-lahko-se-danes-in-jutri/;Belokranjski projekt v vodstvu, glasujete lahko še danes in jutri;Nejasno;Poročilo / novica;2019-04-14;;Gibanje;"Povezava s CKZ Črnomelj ni dovolj izrecna; ne vključujemo v njegovo oceno.";"trenutno med predlogi vodi Belokranjski projekt ""Krepitev zdravja za vse"", Brežice zaostajajo samo za dobrih 300 glasov. Glasovanje poteka samo še danes in jutri, z vašo pomočjo pa belokranjski projekt lahko zmaga. Torej ... veste kaj vam je storiti. ";raw/web/zdravstvo-20260919-novice-belokranjski-projekt-v-vodstvu-glasujete-lahko-se-danes-in-jutri-e61b1808a.md
https://www.radio-odeon.com/novice/se-stiri-dni-glasovanja-bela-krajina-na-2-mestu/;Še štiri dni glasovanja, Bela krajina na 2. mestu;Nejasno;Poročilo / novica;2019-04-11;;Gibanje;"Povezava s CKZ Črnomelj ni dovolj izrecna; ne vključujemo v njegovo oceno.";"d predlogi vodijo Brežice, Belokranjski projekt ""Krepitev zdravja za vse"" pa je na drugem mestu. Kot kaže, drugega mesta ne moremo več izgubiti, z vašo pomočjo pa belokranjski projekt lahko zmaga. Glasujete lahko vsak dan enkrat, vse d";raw/web/zdravstvo-20260919-novice-se-stiri-dni-glasovanja-bela-krajina-na-2-mestu-e4ddf2e26.md
https://www.radio-odeon.com/novice/naravoslovni-dan-v-2-a-razredu/;Naravoslovni dan v 2. A razredu;Črnomelj;Poročilo / novica;2019-04-10;;Ustno zdravje;V besedilu je izrecno naveden črnomaljski CKZ oziroma nekdanji naziv Bela krajina.;" vodstvom dipl. medicinske sestre Katje Cerar iz Centra za krepitev zdravja Črnomelj. Učence je motivirala z zgodbico o jabolku, nato so se preizkusili v igri vlog. Predstavila jim je tudi projekt ""Zobkovadba"" in učenci so bili navdušen";raw/web/zdravstvo-20260919-novice-naravoslovni-dan-v-2-a-razredu-032ed39b4.md
https://www.radio-odeon.com/novice/zdravje-v-belokranjskih-obcinah/;Zdravje v belokranjskih občinah;Nejasno;Informativna objava;2019-04-09;;Skupnost in splošno zdravje;"Povezava s CKZ Črnomelj ni dovolj izrecna; ne vključujemo v njegovo oceno.";evalce, pri njihovih aktivnostih za promocijo in krepitev zdravja svojih prebivalcev. Podatke za vse slovenske občine, dodatne grafčne prikaze in defnicije kazalnikov najdete na spletni strani TUKAJ . Podatke za vse t;raw/web/zdravstvo-20260919-novice-zdravje-v-belokranjskih-obcinah-b5a74a0b4.md
https://www.radio-odeon.com/novice/dan-za-spremembe-na-preloki-sinjem-vrhu-radencih-in-sodevcih/;Dan za spremembe na Preloki, Sinjem Vrhu, Radencih in Sodevcih;Nejasno;Poročilo / novica;2019-04-08;;Presnovno in srčno-žilno zdravje;"Povezava s CKZ Črnomelj ni dovolj izrecna; ne vključujemo v njegovo oceno.";rostovoljci in zaposleni HSD Črnomelj, Center za krepitev zdravja, Društvo upokojencev smo se podali v oddaljene vasi črnomaljske občine. Obiskali smo Preloko, Sinji Vrh, Radence in Sodevce. Vaščanom smo za en dan približali dejavnosti HSD Črnomelj;raw/web/zdravstvo-20260919-novice-dan-za-spremembe-na-preloki-sinjem-vrhu-radencih-in-sodevcih-92d9fa1b6.md
https://www.radio-odeon.com/novice/kako-starejsim-in-drugim-oviranim-osebam-olajsati-dostop-do-dobrin/;Kako starejšim in drugim oviranim osebam olajšati dostop do dobrin?;Črnomelj;Poročilo / novica;2019-04-05;;Skupnost in splošno zdravje;V besedilu je izrecno naveden črnomaljski CKZ oziroma nekdanji naziv Bela krajina.;omelj, predstavnica ZIK-a Črnomelj, predstavnica CKZ Črnomelj, predstavnica diskriminiranih, ter predstavniki nevladnih organizacij občine Črnomelj. Ugotovili smo, da je diskriminacija starih pereč problem, česar se zaveda tudi župan, ki nas je pozv;raw/web/zdravstvo-20260919-novice-kako-starejsim-in-drugim-oviranim-osebam-olajsati-dostop-do-dobrin-d78fa26e9.md
https://www.radio-odeon.com/novice/skrb-za-zdravje-naravoslovni-dan-v-3.b/;Skrb za zdravje - naravoslovni dan v 3.b;Črnomelj;Informativna objava;2019-04-04;;Ustno zdravje;V besedilu je izrecno naveden črnomaljski CKZ oziroma nekdanji naziv Bela krajina.;e. Delavnici je vodila ga. Anita Zajec Kambič iz Centra za krepitev zdravja Bela krajina (Zdravstveni dom Črnomelj). Na prvi delavnici z naslovom Mlečni in stalni zobje so učenci obnovili pomen ustrezne ustne higiene in razlike med mlečnimi in stalnimi zobmi. Izdelali so tud;raw/web/zdravstvo-20260919-novice-skrb-za-zdravje-naravoslovni-dan-v-3-b-000274d31.md
https://www.radio-odeon.com/novice/krepitev-zdravja-za-vse-crnomelj-in-metlika/;Krepitev zdravja za vse – Črnomelj in Metlika;Nejasno;Informativna objava;2019-04-04;;Skupnost in splošno zdravje;"Povezava s CKZ Črnomelj ni dovolj izrecna; ne vključujemo v njegovo oceno.";Krepitev zdravja za vse – Črnomelj in Metlika čet., 04.04.2019 ob 20:56 V projektu nadgradnje in razvoja preventivnih programov za otrok;raw/web/zdravstvo-20260919-novice-krepitev-zdravja-za-vse-crnomelj-in-metlika-a6704cf18.md
https://www.radio-odeon.com/novice/naravoslovni-dan-v-prvem-razredu/;Naravoslovni dan v prvem razredu;Črnomelj;Poročilo / novica;2019-03-23;;Ustno zdravje;V besedilu je izrecno naveden črnomaljski CKZ oziroma nekdanji naziv Bela krajina.;ni dan v prvem razredu sob., 23.03.2019 ob 10:33 Center za krepitev zdravja Zdravstvenega doma Črnomelj in 1.c razred OŠ Loka sta imela včeraj naravoslovni dan. Pogovarjali smo se o zdravih navadah naših prvošolcev. Sestavljali smo različne obroke, izdelov;raw/web/zdravstvo-20260919-novice-naravoslovni-dan-v-prvem-razredu-6782c96a0.md
https://www.radio-odeon.com/nasveti/hruske-jabuke-brokoli/zatrimo-prehlad-s-karotenoidi/;Zatrimo prehlad s karotenoidi;Izločeno;Informativna objava;2019-03-18;;Skupnost in splošno zdravje;Iskalni zadetek brez potrjene relevantnosti za CKZ.;Zatrimo prehlad s karotenoidi pon., 18.03.2019 ob 05:15 Izredno vlogo pri krepitvi delovanja imunskega sistema ima tudi skupina karotenoidnih snovi v predvsem rdeče obarvanem sadju in zelenjavi, saj dokazano pospeši tvorbo imunski;raw/web/zdravstvo-20260919-nasveti-hruske-jabuke-brokoli-zatrimo-prehlad-s-karotenoidi-a996eeb6d.md
https://www.radio-odeon.com/novice/odprta-vrata-za-zdravje-zdravo-zivim/;Odprta vrata za zdravje - zdravo živim;Nejasno;Vabilo;2019-03-18;;Prehrana in telesna masa;"Povezava s CKZ Črnomelj ni dovolj izrecna; ne vključujemo v njegovo oceno.";avo živim, v sodelovanju z ZD Metlika (Center za krepitev zdravja). Saška nam je predavala o zdravem načinu življenja: o prehrani, gibanju. Naslednjič se vidimo na delavnici odprta vrata za zdravje - e-naročanje, e-napotnice;raw/web/zdravstvo-20260919-novice-odprta-vrata-za-zdravje-zdravo-zivim-e3ec9acc0.md
https://www.radio-odeon.com/novice/sola-zdravja-spoznava-tudi-druge-tehnike-sproscanja/;Šola zdravja spoznava tudi druge tehnike sproščanja;Črnomelj;Poročilo / novica;2019-03-08;;Duševno zdravje;V besedilu je izrecno naveden črnomaljski CKZ oziroma nekdanji naziv Bela krajina.;uge tehnike sproščanja pet., 08.03.2019 ob 11:35 Center za krepitev zdravja Zdravstvenega doma Črnomelj izvaja delavnice tudi izven zdravstvenega doma, v lokalni skupnosti. Tako so se v Gradacu v gasilskem domu z udeleženkami Šole zdravja naučili, kako se spoprijemati s stre;raw/web/zdravstvo-20260919-novice-sola-zdravja-spoznava-tudi-druge-tehnike-sproscanja-f2208f787.md
https://www.radio-odeon.com/novice/naravoslovni-dan-v-1-razredu-zdrave-navade-1/;"Naravoslovni dan v 1. razredu: ""Zdrave navade""";Črnomelj;Poročilo / novica;2019-03-05;;Ustno zdravje;V besedilu je izrecno naveden črnomaljski CKZ oziroma nekdanji naziv Bela krajina.;"eda predstavili diplomirani medicinski sestri iz Centra za krepitev zdravja Črnomelj, smo pričeli naravoslovni dan ""Zdrave navade"" V nadaljevanju smo se seznanili s pomenom osebne higiene in zdravega načina življenja ter se praktično preizkusili v pra";raw/web/zdravstvo-20260919-novice-naravoslovni-dan-v-1-razredu-zdrave-navade-1-3497d3bce.md
https://www.radio-odeon.com/novice/predstavitev-presejalnih-programov-v-hsd-metlika/;Predstavitev presejalnih programov v HSD Metlika;Drug center;Vabilo;2019-01-23;;Ozaveščanje o raku;"CKZ Metlika oziroma drug izvajalec; ni dokaza vloge CKZ Črnomelj.";je v Hiši Sadeži družbe Metlika obiskala Saša iz Centra za krepitev zdravja (ZD Metlika) in nam v sklopu meseca boja proti raku na materničnem vratu predstavila presejalne programe, ki se izvajajo v Sloveniji. Skupaj smo pogledali tudi zanimivo statistiko;raw/web/zdravstvo-20260919-novice-predstavitev-presejalnih-programov-v-hsd-metlika-170c6f964.md
https://www.radio-odeon.com/novice/v-novembru-so-ucenci-razmisljali-o-pogumu/;V novembru so učenci razmišljali o POGUMU;Izločeno;Informativna objava;2018-12-19;;Ustno zdravje;Iskalni zadetek brez potrjene relevantnosti za CKZ.;V novembru so učenci razmišljali o POGUMU sre., 19.12.2018 ob 07:42 Učenci OŠ Belokranjskega odreda Semič so v mesecu novembru razmišljali o POGUMU kot vrednoti. Beseda je okrajšava za mednarodni projekt PO-djetnost, Gradnik za-Up;raw/web/zdravstvo-20260919-novice-v-novembru-so-ucenci-razmisljali-o-pogumu-53ae73c72.md
https://www.radio-odeon.com/nasveti/hruske-jabuke-brokoli/vitamini-in-kakovostne-beljakovine/;Vitamini in kakovostne beljakovine;Izločeno;Informativna objava;2018-12-03;;Prehrana in telesna masa;Iskalni zadetek brez potrjene relevantnosti za CKZ.;Vitamini in kakovostne beljakovine pon., 03.12.2018 ob 05:15 Izrednega pomena je okrepitev delovanja imunskega sistema s tem, da organizmu zagotovimo osnovne surovine za gradnjo dovolj velikega števila imunskih celic in protiteles;raw/web/zdravstvo-20260919-nasveti-hruske-jabuke-brokoli-vitamini-in-kakovostne-beljakovine-8956d35f2.md
https://www.radio-odeon.com/novice/74-let-od-nesrece-franca-rozmana-staneta/;74 let od nesreče Franca Rozmana - Staneta;Izločeno;Poročilo / novica;2018-11-07;;Ustno zdravje;Iskalni zadetek brez potrjene relevantnosti za CKZ.;74 let od nesreče Franca Rozmana - Staneta sre., 07.11.2018 ob 21:25 Na Lokvah pri Črnomlju je danes dopoldne potekala tradicionalna spominska svečanost ob obletnici smrti Franca Rozmana Staneta. Franc Rozman – Stane, narodni hero;raw/web/zdravstvo-20260919-novice-74-let-od-nesrece-franca-rozmana-staneta-ce9314a01.md
https://www.radio-odeon.com/novice/aktiven-dan-v-hsd-crnomelj/;Aktiven dan v HSD Črnomelj;Črnomelj;Poročilo / novica;2018-10-31;;Prehrana in telesna masa;V besedilu je izrecno naveden črnomaljski CKZ oziroma nekdanji naziv Bela krajina.;ano in merjenjem tlaka. Te aktivnosti je izvajal Center za krepitev zdravja - ZD Črnomelj. Nadaljevali smo z delavnico za otroke. Fantje so se ukvarjali s sudoku razpredelnico in številkami, dekleta pa so pod vodstvom naše prostovoljke ;raw/web/zdravstvo-20260919-novice-aktiven-dan-v-hsd-crnomelj-dae9de41f.md
https://www.radio-odeon.com/novice/brezposelnost-in-prosta-delovna-mesta/;Brezposelnost in prosta delovna mesta;Izločeno;Informativna objava;2018-10-14;;Skupnost in splošno zdravje;Iskalni zadetek brez potrjene relevantnosti za CKZ.;Brezposelnost in prosta delovna mesta ned., 14.10.2018 ob 12:15 Od 1.398 vseh brezposelnih v Beli krajini (podatek junij 2018), ki so kot iskalci zaposlitve prijavljeni na Zavodu RS za zaposlovanje, je 730 moških in 558 žensk. V Č;raw/web/zdravstvo-20260919-novice-brezposelnost-in-prosta-delovna-mesta-774e490b6.md
https://www.radio-odeon.com/novice/identiteta-bele-krajine-na-enem-mestu/;Identiteta Bele krajine na enem mestu;Izločeno;Poročilo / novica;2018-08-16;;Skupnost in splošno zdravje;Iskalni zadetek brez potrjene relevantnosti za CKZ.;Identiteta Bele krajine na enem mestu čet., 16.08.2018 ob 14:50 Bela krajina ima novo pridobitev, ki bo povezovala vse ponudnike raznovrstnih belokranjskih izdelkov. Spletno platformo so mladi belokranjski podjetniki iz podjetja S;raw/web/zdravstvo-20260919-novice-identiteta-bele-krajine-na-enem-mestu-877db537a.md
https://www.radio-odeon.com/novice/nevihte-in-s-tem-tudi-strele-so-vse-bolj-pogoste/;Nevihte in s tem tudi strele so vse bolj pogoste;Izločeno;Poročilo / novica;2018-07-23;;Prehrana in telesna masa;Iskalni zadetek brez potrjene relevantnosti za CKZ.;Nevihte in s tem tudi strele so vse bolj pogoste pon., 23.07.2018 ob 19:26 Ravno zato so na Zdravstveno vzgojnem centru Zdravstvenega doma Novo mesto pripravili naslednji nasvet: Kako ravnati, ko se približuje nevihta? Ne hitite n;raw/web/zdravstvo-20260919-novice-nevihte-in-s-tem-tudi-strele-so-vse-bolj-pogoste-f490b629d.md
https://www.radio-odeon.com/novice/kaj-je-aktivno-sedenje-in-kaksen-je-aktiven-stol/;Kaj je aktivno sedenje in kakšen je aktiven stol?;Izločeno;Poročilo / novica;2018-07-18;;Ozaveščanje o raku;Iskalni zadetek brez potrjene relevantnosti za CKZ.;Kaj je aktivno sedenje in kakšen je aktiven stol? sre., 18.07.2018 ob 08:15 Danes se nam vsem zdi normalno, da večino dneva sedimo. Vendar gledano evolucijsko, je ta drža povsem nenaravna za človeško telo. O sedenju, aktivnem sede;raw/web/zdravstvo-20260919-novice-kaj-je-aktivno-sedenje-in-kaksen-je-aktiven-stol-b51a87916.md
https://www.radio-odeon.com/novice/nov-projekt-svetovanja-za-podjetnike-spot-svetovanje-jugovzhodna-slovenija/;Nov projekt svetovanja za podjetnike - SPOT Svetovanje Jugovzhodna Slovenija;Izločeno;Poročilo / novica;2018-04-16;;Ozaveščanje o raku;Iskalni zadetek brez potrjene relevantnosti za CKZ.;Nov projekt svetovanja za podjetnike - SPOT Svetovanje Jugovzhodna Slovenija pon., 16.04.2018 ob 09:37 RIC Bela krajina je skupaj s konzorcijskimi partnerji RC Novo mesto, RC Kočevje - Ribnica in OOZ Novo mesto uspel na javnem raz;raw/web/zdravstvo-20260919-novice-nov-projekt-svetovanja-za-podjetnike-spot-svetovanje-jugovzhodna-slovenija-92a98c02e.md
https://www.radio-odeon.com/novice/tragicna-statistika-7-mrtvih-ali-pogresanih-tudi-na-slovenski-meji/;Tragična statistika: 7 mrtvih ali pogrešanih tudi na slovenski meji;Izločeno;Poročilo / novica;2018-04-12;;Skupnost in splošno zdravje;Iskalni zadetek brez potrjene relevantnosti za CKZ.;Tragična statistika: 7 mrtvih ali pogrešanih tudi na slovenski meji čet., 12.04.2018 ob 17:24 Smrtonosnost branjenja trdnjave Evrope račune ne izstavlja več le v Sredozemlju, ampak vse bolj tudi na notranjih mejah članic EU. Tri t;raw/web/zdravstvo-20260919-novice-tragicna-statistika-7-mrtvih-ali-pogresanih-tudi-na-slovenski-meji-4d9e90e3b.md
https://www.radio-odeon.com/sport/aljosa-matko-zadel-za-zmago-maribora/;Aljoša Matko zadel za zmago Maribora;Izločeno;Informativna objava;2018-04-06;;Skupnost in splošno zdravje;Iskalni zadetek brez potrjene relevantnosti za CKZ.;Aljoša Matko zadel za zmago Maribora pet., 06.04.2018 ob 21:49 Le nekaj dni po obračunu med Olimpijo in Mariborom je včeraj spet sledil večni derbi. In to kar dvojni. Ljubljančani in Štajerci so se pomerili tako v mladinski kot tu;raw/web/zdravstvo-20260919-sport-aljosa-matko-zadel-za-zmago-maribora-6393cde7d.md
https://www.radio-odeon.com/novice/razpis-700.000-za-odpravo-zarascanja/;Razpis: 700.000€ za odpravo zaraščanja;Izločeno;Informativna objava;2018-04-05;;Prehrana in telesna masa;Iskalni zadetek brez potrjene relevantnosti za CKZ.;Razpis: 700.000€ za odpravo zaraščanja čet., 05.04.2018 ob 08:40 Ministrstvo za kmetijstvo, gozdarstvo in prehrano je v petkovem (30.3.) Uradnem listu objavilo 2. javni razpis za ukrep odpravljanje zaraščanja na kmetijskih zemljiš;raw/web/zdravstvo-20260919-novice-razpis-700-000-za-odpravo-zarascanja-10edfad23.md
https://www.radio-odeon.com/sport/praznovale-smo-3-obletnico-sole-zdravja-v-metliki/;Praznovale smo 3. obletnico Šole zdravja v Metliki;Izločeno;Poročilo / novica;2018-02-05;;Ustno zdravje;Iskalni zadetek brez potrjene relevantnosti za CKZ.;Praznovale smo 3. obletnico Šole zdravja v Metliki pon., 05.02.2018 ob 15:23 Med kolegicami se je dalj časa pojavljala želja po vodeni rekreaciji v Metliki. Želje in ideje so dobre samo takrat, ko jih uresničimo. Trojka, Milena, M;raw/web/zdravstvo-20260919-sport-praznovale-smo-3-obletnico-sole-zdravja-v-metliki-2c1149da5.md
https://www.radio-odeon.com/novice/predavanje-za-starse/;Predavanje za starše;Izločeno;Poročilo / novica;2018-02-01;;Ustno zdravje;Iskalni zadetek brez potrjene relevantnosti za CKZ.;"Predavanje za starše čet., 01.02.2018 ob 12:18 V torek smo imeli v Vrtcu Črnomelj predavanje za starše. Predavali sta Tatjana Gregorič na temo ""Zobozdravstvena vzgoja in preventiva"" ter Janja Bajt Smrekar na temo ""Zdrava prehrana ";raw/web/zdravstvo-20260919-novice-predavanje-za-starse-fb2b9a8c7.md
https://www.radio-odeon.com/novice/naravoslovni-dan-v-zdravstvenem-domu-crnomelj/;Naravoslovni dan v Zdravstvenem domu Črnomelj;Izločeno;Poročilo / novica;2017-12-15;;Ustno zdravje;Iskalni zadetek brez potrjene relevantnosti za CKZ.;Naravoslovni dan v Zdravstvenem domu Črnomelj pet., 15.12.2017 ob 19:42 Letošnji naravoslovni dan zdravstvene in zobozdravstvene vzgoje smo z učenci 6., 7., 8. in 9. razreda v torek preživeli v prostorih Zdravstvenega doma Črnomel;raw/web/zdravstvo-20260919-novice-naravoslovni-dan-v-zdravstvenem-domu-crnomelj-eec512e36.md
https://www.radio-odeon.com/novice/zasvojenost-in-poskodbe-zob/;Zasvojenost in poškodbe zob;Izločeno;Poročilo / novica;2017-12-12;;Ustno zdravje;Iskalni zadetek brez potrjene relevantnosti za CKZ.;Zasvojenost in poškodbe zob tor., 12.12.2017 ob 10:22 V 5. razredu OŠ Loka imamo učenci naravoslovni dan z zdravstvenimi in zobozdravstvenimi vsebinami. Medicinski sestri iz Zdravstvenega doma Črnomelj Tatjana Gregorič in Anita St;raw/web/zdravstvo-20260919-novice-zasvojenost-in-poskodbe-zob-0de6eb2a1.md
https://www.radio-odeon.com/novice/glas-mladih-2017-finalni-vecer/;Glas mladih 2017 - finalni večer;Izločeno;Vabilo;2017-11-15;;Skupnost in splošno zdravje;Iskalni zadetek brez potrjene relevantnosti za CKZ.;Glas mladih 2017 - finalni večer sre., 15.11.2017 ob 15:40 To soboto ob 19. uri ste vabljeni k ogledu finalnega večera glasbene prireditve Glas mladih 2017, ki bo potekal v Kulturnem domu Črnomelj. Nastopili bodo: - osnovnošolci: ;raw/web/zdravstvo-20260919-novice-glas-mladih-2017-finalni-vecer-efc6b2ec9.md
https://www.radio-odeon.com/novice/spominska-svecanost-ob-obletnici-smrti-franca-rozmana-staneta/;Spominska svečanost ob obletnici smrti Franca Rozmana Staneta;Izločeno;Poročilo / novica;2017-11-07;;Ustno zdravje;Iskalni zadetek brez potrjene relevantnosti za CKZ.;Spominska svečanost ob obletnici smrti Franca Rozmana Staneta tor., 07.11.2017 ob 20:59 Na Lokvah pri Črnomlju je danes dopoldne potekala tradicionalna spominska svečanost ob obletnici smrti Franca Rozmana Staneta. Franc Rozman – ;raw/web/zdravstvo-20260919-novice-spominska-svecanost-ob-obletnici-smrti-franca-rozmana-staneta-006346008.md
https://www.radio-odeon.com/novice/tud-zdravstveni-dom-crnomelj-je-sodeloval-na-sportni-prireditvi/;Zdravstveni dom Črnomelj je sodeloval na dogodku v Semiču;Izločeno;Poročilo / novica;2017-10-17;;Ustno zdravje;Iskalni zadetek brez potrjene relevantnosti za CKZ.;Zdravstveni dom Črnomelj je sodeloval na dogodku v Semiču tor., 17.10.2017 ob 15:22 Na zabavnem dogodku »Jaz in očka tečeva«, ki ga je organiziral Vrtec Sonček Semič, OŠ Semič in TIC Semič, je sodeloval tudi Zdravstveni dom Črnome;raw/web/zdravstvo-20260919-novice-tud-zdravstveni-dom-crnomelj-je-sodeloval-na-sportni-prireditvi-4a30dbfa5.md
https://www.radio-odeon.com/sport/deep-water-solo-slovenija/;"""Deep water"" solo Slovenija";Izločeno;Poročilo / novica;2017-07-21;;Skupnost in splošno zdravje;Iskalni zadetek brez potrjene relevantnosti za CKZ.;"""Deep water"" solo Slovenija pet., 21.07.2017 ob 09:53 Plezanje nad vodo. Potrebuješ samo plezalnike in vrečko za magnezij. Dodatno dozo adrenalina pa ti da strah pred padcem. Ta zvrst plezanja je super za vroče poletne dni, saj te";raw/web/zdravstvo-20260919-sport-deep-water-solo-slovenija-0732afecf.md
https://www.radio-odeon.com/novice/preventivna-akcija-na-mirni-gori/;Preventivna akcija na Mirni gori;Izločeno;Poročilo / novica;2017-04-24;;Ustno zdravje;Iskalni zadetek brez potrjene relevantnosti za CKZ.;Preventivna akcija na Mirni gori pon., 24.04.2017 ob 15:16 Včeraj smo v domu na Mirni gori pohodnikom in obiskovalcem pripravili preventivno akcijo. Tudi jutranje snežinke niso zmotile strastnih pohodnikov. Že pred vhodom je ekipa;raw/web/zdravstvo-20260919-novice-preventivna-akcija-na-mirni-gori-d40c9a55e.md
https://www.radio-odeon.com/novice/skrb-za-zdravje-zdravstvena-vzgoja-v-3-razredu/;Skrb za zdravje - zdravstvena vzgoja v 3. razredu;Izločeno;Informativna objava;2017-04-19;;Ustno zdravje;Iskalni zadetek brez potrjene relevantnosti za CKZ.;Skrb za zdravje - zdravstvena vzgoja v 3. razredu sre., 19.04.2017 ob 20:50 Danes so imeli učenci 3. a in 3. b razreda OŠ Belokranjskega odreda, v okviru zdravstvene vzgoje, delavnici o preprečevanju nalezljivih bolezni ter o skrb;raw/web/zdravstvo-20260919-novice-skrb-za-zdravje-zdravstvena-vzgoja-v-3-razredu-5132828b8.md
https://www.radio-odeon.com/novice/mushy-slovenci-izdelali-najboljsi-stol-za-otroke/;Mushy – Slovenci izdelali najboljši stol za otroke;Izločeno;Informativna objava;2017-04-17;;Gibanje;Iskalni zadetek brez potrjene relevantnosti za CKZ.;"Mushy – Slovenci izdelali najboljši stol za otroke pon., 17.04.2017 ob 21:15 Tako namreč pravijo v City magazinu, kjer nadaljujejo takole ... ""Mushy je aktiven otroški stol slovenske izdelave, ki med omogoča krepitev hrbtnih mišic";raw/web/zdravstvo-20260919-novice-mushy-slovenci-izdelali-najboljsi-stol-za-otroke-c3240a103.md
https://www.radio-odeon.com/novice/razgledni-stolp-na-preloki/;Razgledni stolp na Preloki;Izločeno;Informativna objava;2017-04-02;;Skupnost in splošno zdravje;Iskalni zadetek brez potrjene relevantnosti za CKZ.;Razgledni stolp na Preloki ned., 02.04.2017 ob 20:17 Včerajšnja novica, da bo Telekom Slovenije povečal moč signala na svojem oddajniku na Preloki in oddajnik nadgradil v razgledni stolp, ni v celoti prvoaprilska šala. Signal s te;raw/web/zdravstvo-20260919-novice-razgledni-stolp-na-preloki-c97bebc57.md
https://www.radio-odeon.com/novice/mali-vrtnarji/;Mali vrtnarji;Nejasno;Poročilo / novica;2017-03-30;;Skupnost in splošno zdravje;"Povezava s CKZ Črnomelj ni dovolj izrecna; ne vključujemo v njegovo oceno."; sence rastlinam. Plodove vrta bomo uporabili za krepitev zdravja in počutja.;raw/web/zdravstvo-20260919-novice-mali-vrtnarji-5ab694390.md
https://www.radio-odeon.com/novice/nevarnosti-alkohola-in-sladkih-pijac/;Nevarnosti alkohola in sladkih pijač;Izločeno;Poročilo / novica;2017-02-17;;Ustno zdravje;Iskalni zadetek brez potrjene relevantnosti za CKZ.;Nevarnosti alkohola in sladkih pijač pet., 17.02.2017 ob 09:39 Včeraj so imeli učenci 4., 5. in 6. razreda OŠ Milke Šobar Nataše naravoslovni dan. Obiskali sta nas Tatjana Gregorič in Ana Starašinič iz ZD Črnomelj. Pogovor je teke;raw/web/zdravstvo-20260919-novice-nevarnosti-alkohola-in-sladkih-pijac-5804f8c8a.md
https://www.radio-odeon.com/novice/o-zasvojenosti-in-nepravilnosti-zob/;O zasvojenosti in nepravilnosti zob;Izločeno;Informativna objava;2017-02-03;;Ustno zdravje;Iskalni zadetek brez potrjene relevantnosti za CKZ.;O zasvojenosti in nepravilnosti zob pet., 03.02.2017 ob 12:29 Vrsto let že sodelujemo z ZD Črnomelj pri pripravi naravoslovnega dneva o zdravstveni in zobozdravstveni vzgoji. Tokrat so učenci 7., 8. in 9. razreda OŠ Milke Šobar Na;raw/web/zdravstvo-20260919-novice-o-zasvojenosti-in-nepravilnosti-zob-b5ef8df18.md
https://www.radio-odeon.com/novice/zdravje-v-vrtcu-3680/;Zdravje v vrtcu;Nejasno;Informativna objava;2017-01-20;;Ustno zdravje;"Povezava s CKZ Črnomelj ni dovolj izrecna; ne vključujemo v njegovo oceno.";usmerjanje izvajanja aktivnosti za ohranjanje in krepitev zdravja v vrtčevskem okolju. Tako otroci izvajajo različne aktivnosti zdravega načina življenja, kot na primer: zobozdravstvena vzgoja, zdrava ;raw/web/zdravstvo-20260919-novice-zdravje-v-vrtcu-3680-73d946aee.md
https://www.radio-odeon.com/novice/active-chair-uspesna-premiera-na-pohistvenem-sejmu-ambient/;ACTIVE CHAIR: Uspešna premiera na pohištvenem sejmu Ambient;Izločeno;Poročilo / novica;2016-11-15;;Gibanje;Iskalni zadetek brez potrjene relevantnosti za CKZ.;ACTIVE CHAIR: Uspešna premiera na pohištvenem sejmu Ambient tor., 15.11.2016 ob 21:06 V podjetju StarkMAT smo pred poletjem začeli s projektom industrializacije aktivnega stola Active Chair™ za otroke, imenovanega Mushy, danes pa ;raw/web/zdravstvo-20260919-novice-active-chair-uspesna-premiera-na-pohistvenem-sejmu-ambient-d173e7b66.md
https://www.radio-odeon.com/nasveti/nasvet-iz-utice/macji-mladicki/;Mačji mladički;Izločeno;Poročilo / novica;2016-09-15;;Prehrana in telesna masa;Iskalni zadetek brez potrjene relevantnosti za CKZ.;Mačji mladički čet., 15.09.2016 ob 07:00 Smo v delu leta, ko je zopet veliko mačjih mladičev. Nekateri imajo srečo in imajo skrbne in ljubeče lastnike. Večina pa ima drugačno usodo in veliko premladi in nepripravljeni končajo v ne;raw/web/zdravstvo-20260919-nasveti-nasvet-iz-utice-macji-mladicki-f4442e37d.md
https://www.radio-odeon.com/nasveti/nasvet-iz-utice/posladki-za-kuzke/;Posladki za kužke;Izločeno;Informativna objava;2016-09-01;;Ustno zdravje;Iskalni zadetek brez potrjene relevantnosti za CKZ.;Posladki za kužke čet., 01.09.2016 ob 07:09 Trenutki, ki jih preživimo s svojimi kosmatinci, so zagotovo med lepšimi vsakodnevnimi dogodki. Še toliko lepši so, kadar so naši najzvestejši prijatelji zadovoljni in veseli. Zato skrbn;raw/web/zdravstvo-20260919-nasveti-nasvet-iz-utice-posladki-za-kuzke-6fa62b7a7.md
https://www.radio-odeon.com/novice/zdravstvena-in-zobozdravstvena-vzgoja-v-ppvi-5-6/;Zdravstvena in zobozdravstvena vzgoja v PPVI 5, 6;Izločeno;Poročilo / novica;2016-06-07;;Ustno zdravje;Iskalni zadetek brez potrjene relevantnosti za CKZ.;Zdravstvena in zobozdravstvena vzgoja v PPVI 5, 6 tor., 07.06.2016 ob 10:48 V petek, 3. junija, nas obiskala gospa Tatjana Gregorič iz Zdravstvenega doma Črnomelj. V okviru zobozdravstvene vzgoje nas je podučila o pomembnosti skrb;raw/web/zdravstvo-20260919-novice-zdravstvena-in-zobozdravstvena-vzgoja-v-ppvi-5-6-dcb38954b.md
https://www.radio-odeon.com/novice/zdravstvena-in-zobozdravstvena-vzgoja-v-6-razredu/;Zdravstvena in zobozdravstvena vzgoja v 6. razredu;Izločeno;Poročilo / novica;2016-06-02;;Ustno zdravje;Iskalni zadetek brez potrjene relevantnosti za CKZ.;Zdravstvena in zobozdravstvena vzgoja v 6. razredu čet., 02.06.2016 ob 16:22 V okviru zdravstvene vzgoje nas je na OŠ Milke Šobar Nataše sredi meseca maja obiskala gospa Tatjana Gregorič iz Zdravstvenega doma Črnomelj. Za naš razr;raw/web/zdravstvo-20260919-novice-zdravstvena-in-zobozdravstvena-vzgoja-v-6-razredu-f873f5831.md
https://www.radio-odeon.com/novice/zdravje-v-vrtcu/;Zdravje v vrtcu;Izločeno;Poročilo / novica;2016-05-31;;Ustno zdravje;Iskalni zadetek brez potrjene relevantnosti za CKZ.;Zdravje v vrtcu tor., 31.05.2016 ob 16:40 V sklopu projekta Zdravje v vrtcu sta skupino Sončki iz vrtca na Čardaku obiskali dve zdravstveni delavki, in sicer zobna asistentka, Tatjana Gregorič, ki nam je poudarila pomen rednega in;raw/web/zdravstvo-20260919-novice-zdravje-v-vrtcu-8287102df.md
https://www.radio-odeon.com/novice/podelitev-priznanj-za-ciste-in-zdrave-zobe/;Podelitev priznanj za čiste in zdrave zobe;Izločeno;Poročilo / novica;2016-05-31;;Ustno zdravje;Iskalni zadetek brez potrjene relevantnosti za CKZ.;Podelitev priznanj za čiste in zdrave zobe tor., 31.05.2016 ob 16:44 V petek, 27. maja, nas je na OŠ Milke Šobar Nataše še zadnjič v tem šolskem letu obiskala ga. Tatjana Gregorič iz ZD Črnomelj. Tekmovanje za čiste in zdrave zobe;raw/web/zdravstvo-20260919-novice-podelitev-priznanj-za-ciste-in-zdrave-zobe-ebcf5b27a.md
https://www.radio-odeon.com/novice/prihodki-v-2015-v-primerjavi-z-2014-visji-za-vec-kot-90/;Prihodki v 2015, v primerjavi z 2014, višji za več kot 90%!;Izločeno;Poročilo / novica;2016-04-22;;Skupnost in splošno zdravje;Iskalni zadetek brez potrjene relevantnosti za CKZ.;Prihodki v 2015, v primerjavi z 2014, višji za več kot 90%! pet., 22.04.2016 ob 11:57 Danes je potekala 16. redna seja skupščine družbenikov družbe TGH, Trgovsko gradbena hiša, d.o.o., vodilnega ponudnika gradbenega materiala, teh;raw/web/zdravstvo-20260919-novice-prihodki-v-2015-v-primerjavi-z-2014-visji-za-vec-kot-90-e7adfd5c2.md
https://www.radio-odeon.com/novice/delavnica-stoje-na-glavi/;Delavnica stoje na glavi;Izločeno;Poročilo / novica;2016-04-17;;Gibanje;Iskalni zadetek brez potrjene relevantnosti za CKZ.;Delavnica stoje na glavi ned., 17.04.2016 ob 15:32 Včeraj se še nismo vse postavile na glavo, smo pa dobile neprecenljivo znanje in navodila za okrepitev najglobljih trebušnih mišic, rok in ramenskega obroča. Z redno vadbo in upoš;raw/web/zdravstvo-20260919-novice-delavnica-stoje-na-glavi-f7c664343.md
https://www.radio-odeon.com/sport/na-istrskem-maratonu-kar-nekaj-belokranjcev/;Na Istrskem maratonu kar nekaj Belokranjcev;Izločeno;Informativna objava;2016-04-10;;Skupnost in splošno zdravje;Iskalni zadetek brez potrjene relevantnosti za CKZ.;Na Istrskem maratonu kar nekaj Belokranjcev ned., 10.04.2016 ob 18:38 Seveda moramo najprej omeniti Cirila Tottra, ki je edini (po naših podatkih) od Belokranjcev premagal 42 kilometrov. Za to je potreboval 3 ure, 15 minut in 12 s;raw/web/zdravstvo-20260919-sport-na-istrskem-maratonu-kar-nekaj-belokranjcev-25a53a0ad.md
https://www.radio-odeon.com/novice/naravoslovni-dan-3-razred-skrb-za-zdravje/;Naravoslovni dan 3. razred: Skrb za zdravje;Izločeno;Poročilo / novica;2016-04-04;;Ustno zdravje;Iskalni zadetek brez potrjene relevantnosti za CKZ.;Naravoslovni dan 3. razred: Skrb za zdravje pon., 04.04.2016 ob 06:30 V petek, 1. aprila, sta učence 3. razredov OŠ Belokranjskega odreda Semič obiskali zunanji sodelavki iz Zdravstvenega doma Črnomelj, ga. Mirna Nemanič in ga. Ta;raw/web/zdravstvo-20260919-novice-naravoslovni-dan-3-razred-skrb-za-zdravje-29fc8238d.md
https://www.radio-odeon.com/novice/zdravstvena-in-zobozdravstvena-vzgoja-v-ppvi-3/;Zdravstvena in zobozdravstvena vzgoja v PPVI 3;Izločeno;Poročilo / novica;2016-03-25;;Ustno zdravje;Iskalni zadetek brez potrjene relevantnosti za CKZ.;Zdravstvena in zobozdravstvena vzgoja v PPVI 3 pet., 25.03.2016 ob 14:00 Danes so učenci PPVI 3 zaključili z zdravstveno in zobozdravstveno vzgojo. V okviru zobozdravstvene vzgoje nas je že v začetku šolskega leta obiskala gospa T;raw/web/zdravstvo-20260919-novice-zdravstvena-in-zobozdravstvena-vzgoja-v-ppvi-3-6a5e62e1c.md
https://www.radio-odeon.com/novice/naravoslovni-dan-v-1-in-2-razredu-na-strekljevcu/;Naravoslovni dan v 1. in 2. razredu na Štrekljevcu;Izločeno;Poročilo / novica;2016-03-16;;Ustno zdravje;Iskalni zadetek brez potrjene relevantnosti za CKZ.;Naravoslovni dan v 1. in 2. razredu na Štrekljevcu sre., 16.03.2016 ob 14:05 Danes smo na podružnični šoli Štrekljevec v 1. in 2. razredu izvedli naravoslovni dan. Obiskala nas je gospa Tatjana Gregorič iz Zdravstvenega doma Črnom;raw/web/zdravstvo-20260919-novice-naravoslovni-dan-v-1-in-2-razredu-na-strekljevcu-b08bd3e7e.md
https://www.radio-odeon.com/novice/v-soboto-bo-v-beli-krajini-potekal-popis-velike-uharice/;V soboto bo v Beli krajini potekal popis velike uharice;Izločeno;Vabilo;2016-03-14;;Skupnost in splošno zdravje;Iskalni zadetek brez potrjene relevantnosti za CKZ.;V soboto bo v Beli krajini potekal popis velike uharice pon., 14.03.2016 ob 11:30 Dolenjska sekcija DOPPS v sodelovanju s Krajinskim parkom Kolpa vabi na družabni skupinski popis velike uharice v Beli krajini. Popis bo potekal v s;raw/web/zdravstvo-20260919-novice-v-soboto-bo-v-beli-krajini-potekal-popis-velike-uharice-4438fc99d.md
https://www.radio-odeon.com/novice/zdravstvena-in-zobozdravstvena-vzgoja-v-1-in-2-razredu/;Zdravstvena in zobozdravstvena vzgoja v 1. in 2. razredu;Izločeno;Poročilo / novica;2016-01-30;;Ustno zdravje;Iskalni zadetek brez potrjene relevantnosti za CKZ.;Zdravstvena in zobozdravstvena vzgoja v 1. in 2. razredu sob., 30.01.2016 ob 08:00 V četrtek, 28. januarja, smo v oddelku 1. in 2. razreda OŠ Milke Šobar Nataše zaključili z zdravstveno in zobozdravstveno vzgojo. V okviru zobozdra;raw/web/zdravstvo-20260919-novice-zdravstvena-in-zobozdravstvena-vzgoja-v-1-in-2-razredu-8658e7cdd.md
https://www.radio-odeon.com/novice/zdravstvena-in-zobozdravstvena-vzgoja-v-ppvi-4/;Zdravstvena in zobozdravstvena vzgoja v PPVI 4;Izločeno;Poročilo / novica;2016-01-28;;Ustno zdravje;Iskalni zadetek brez potrjene relevantnosti za CKZ.;Zdravstvena in zobozdravstvena vzgoja v PPVI 4 čet., 28.01.2016 ob 20:35 Učenci PPVI 4 OŠ Milke Šobar Nataše so imeli v sredo, 27. januarja, naravoslovni dan. Obiskali smo gospo Mirno Nemanič v Zdravstvenem domu Črnomelj. Za nas j;raw/web/zdravstvo-20260919-novice-zdravstvena-in-zobozdravstvena-vzgoja-v-ppvi-4-edc89d1e5.md
https://www.radio-odeon.com/novice/eko-dan-2-razredov-os-mirana-jarca/;EKO dan 2. razredov OŠ Mirana Jarca;Izločeno;Poročilo / novica;2015-11-18;;Ustno zdravje;Iskalni zadetek brez potrjene relevantnosti za CKZ.;EKO dan 2. razredov OŠ Mirana Jarca sre., 18.11.2015 ob 08:07 Prejšnji teden smo imeli drugošolci eko dan. Iz Zdravstvenega doma Črnomelj sta nas obiskali ga. Mirna Nemanič in ga. Tatjana Gregorič. Pogovarjali smo se o zdravi preh;raw/web/zdravstvo-20260919-novice-eko-dan-2-razredov-os-mirana-jarca-59429dae5.md
https://www.radio-odeon.com/koledar-dogodkov/zivljenjski-slog-in-dejavniki-tveganja-7/;Življenjski slog in dejavniki tveganja (4);Drug center;Vabilo;;;Skupnost in splošno zdravje;"CKZ Metlika oziroma drug izvajalec; ni dokaza vloge CKZ Črnomelj.";Center za krepitev zdravja ZD Metlika vas vabi na delavnico z naslovom Življenjski slog in dejavniki tveganja, ki bo potekala ob 17. uri v Zdravstvenem domu Metlika.;raw/web/zdravstvo-20260919-koledar-dogodkov-zivljenjski-slog-in-dejavniki-tveganja-7-2b29b8865.md
https://www.radio-odeon.com/koledar-dogodkov/zivljenjski-slog-in-dejavniki-tveganja-6/;Življenjski slog in dejavniki tveganja (3);Drug center;Vabilo;;;Skupnost in splošno zdravje;"CKZ Metlika oziroma drug izvajalec; ni dokaza vloge CKZ Črnomelj.";Center za krepitev zdravja ZD Metlika vas vabi na delavnico z naslovom Življenjski slog in dejavniki tveganja, ki bo potekala ob 17. uri v Zdravstvenem domu Metlika.;raw/web/zdravstvo-20260919-koledar-dogodkov-zivljenjski-slog-in-dejavniki-tveganja-6-d39c32306.md
https://www.radio-odeon.com/koledar-dogodkov/zivljenjski-slog-in-dejavniki-tveganja-5/;Življenjski slog in dejavniki tveganja (2);Drug center;Vabilo;;;Skupnost in splošno zdravje;"CKZ Metlika oziroma drug izvajalec; ni dokaza vloge CKZ Črnomelj.";Center za krepitev zdravja ZD Metlika vas vabi na delavnico z naslovom Življenjski slog in dejavniki tveganja, ki bo potekala ob 9.30 v Zdravstvenem domu Metlika.;raw/web/zdravstvo-20260919-koledar-dogodkov-zivljenjski-slog-in-dejavniki-tveganja-5-095533ba9.md
https://www.radio-odeon.com/koledar-dogodkov/zalovanje-psihologinja-rymma-stubler-hsdm/;Žalovanje - psihologinja Rymma Štubler - HSDM;Drug center;Vabilo;;;Skupnost in splošno zdravje;"CKZ Metlika oziroma drug izvajalec; ni dokaza vloge CKZ Črnomelj.";"co "" Žalovanje "" s psihologinjo Rymmo Štubler iz CKZ ZD Metlika. Žalovanje je naraven proces, ki vsakemu posamezniku omogoča, da se postopoma sooči z izgubo. Ob pogovoru, podpori in razumevanju je pot skozi žalost lahko nekoliko";raw/web/zdravstvo-20260919-koledar-dogodkov-zalovanje-psihologinja-rymma-stubler-hsdm-b936ea035.md
https://www.radio-odeon.com/koledar-dogodkov/zivljenski-slig-prehrana/;ŽIVLJENSKI SLOG, PREHRANA;Črnomelj;Vabilo;;;Prehrana in telesna masa;V besedilu je izrecno naveden črnomaljski CKZ oziroma nekdanji naziv Bela krajina.;ki slog, prehrana, merjenje tlaka, kar pa izvaja Center za krepitev zdravja-ZD Črnomelj. Kar nekaj znanja o navedeni tematiki nam bo podala strokovna delavka, katera bo izvedla tudi merjenje tlaka. Veseli bomo, če se nam pridružite. ;raw/web/zdravstvo-20260919-koledar-dogodkov-zivljenski-slig-prehrana-a4c0f65e3.md
https://www.radio-odeon.com/koledar-dogodkov/sportanje-pocitniske-delavnice/;Športanje, Počitniške delavnice;Črnomelj;Vabilo;;;Gibanje;V besedilu je izrecno naveden črnomaljski CKZ oziroma nekdanji naziv Bela krajina.;zan Semič ŠPORTANJE, športna aktivnost v izvedbi CKZ Črnomelj Delavnice primerne za otroke od 6. do 12. let. Prijave na delavnico sprejemamo na TIC Semič 07 35 65 200! Delavnice so brezplačne! Dobrodošli!;raw/web/zdravstvo-20260919-koledar-dogodkov-sportanje-pocitniske-delavnice-4ee01246e.md
https://www.radio-odeon.com/koledar-dogodkov/clovek-razgibaj-se-ckz-hsd-crnomelj/;Človek razgibaj se! (CKZ), HSD Črnomelj;Črnomelj;Vabilo;;;Gibanje;V besedilu je izrecno naveden črnomaljski CKZ oziroma nekdanji naziv Bela krajina.;Vabljeni na razgibavanje v Hišo Sadeži družbe Črnomelj pod vodstvom Centra za Krepitev Zdravja Črnomelj. Se vidimo.;raw/web/zdravstvo-20260919-koledar-dogodkov-clovek-razgibaj-se-ckz-hsd-crnomelj-746fe247f.md
https://www.radio-odeon.com/koledar-dogodkov/cas-zase-dogodek-ob-dnevu-zena/;Čas zase: Dogodek ob dnevu žena;Črnomelj;Vabilo;;;Prehrana in telesna masa;V besedilu je izrecno naveden črnomaljski CKZ oziroma nekdanji naziv Bela krajina.;otraj - za sijoč videz navzven. Delavnico izvaja Center za krepitev zdravja Črnomelj. . Poleg delavnic bo potekala tudi izmenjevalnica oblačil in dodatkov , kjer lahko osvežite svojo garderobo na trajnosten način. Kaj izmenjujemo? Žensk;raw/web/zdravstvo-20260919-koledar-dogodkov-cas-zase-dogodek-ob-dnevu-zena-740f3e91a.md
https://www.radio-odeon.com/koledar-dogodkov/cas-zase-dogodek-ob-dnevu-zena-1/;Čas zase: Dogodek ob dnevu žena;Črnomelj;Vabilo;;;Prehrana in telesna masa;V besedilu je izrecno naveden črnomaljski CKZ oziroma nekdanji naziv Bela krajina.;e, ko hormoni govorijo – PRIJAVNICA Na delavnici Centra za krepitev zdravja Črnomelj boste spoznale, kaj so hormoni in kakšno vlogo imajo v ženskem telesu. Poseben poudarek bo namenjen ključnim hormonom ter razumevanju hormonskih spreme;raw/web/zdravstvo-20260919-koledar-dogodkov-cas-zase-dogodek-ob-dnevu-zena-1-a3866e1f2.md
https://www.radio-odeon.com/koledar-dogodkov/cas-za-toploto-cas-za-moxo/;Čas za toploto - čas za moxo;Izločeno;Vabilo;;;Ozaveščanje o raku;Iskalni zadetek brez potrjene relevantnosti za CKZ.;Moxa, zmes tradicionalnih kitajskih zelišč v obliki cigare, toda take cigare, ki zdravi. In to povsem naravno! Poznana tudi kot zelišče, ki zdravi 100 bolezni, saj si lahko z njo pomagamo tako, da si pregrevamo hladne dele telesa.;raw/web/zdravstvo-20260919-koledar-dogodkov-cas-za-toploto-cas-za-moxo-6e069e217.md
https://www.radio-odeon.com/koledar-dogodkov/sladkorna-bolezen-tip-2/;sladkorna bolezen tip 2;Nejasno;Vabilo;;;Presnovno in srčno-žilno zdravje;"Povezava s CKZ Črnomelj ni dovolj izrecna; ne vključujemo v njegovo oceno."; [email protected] . Vljudno vabljeni! Center za krepitev zdravja.;raw/web/zdravstvo-20260919-koledar-dogodkov-sladkorna-bolezen-tip-2-dfeca1428.md
https://www.radio-odeon.com/koledar-dogodkov/delavnica-zdravo-zivim-in-zvisan-krvni-tlak/;delavnica Zdravo živim in Zvišan krvni tlak;Nejasno;Vabilo;;;Presnovno in srčno-žilno zdravje;"Povezava s CKZ Črnomelj ni dovolj izrecna; ne vključujemo v njegovo oceno.";55 ali na e-naslovu: [email protected] Center za krepitev zdravja;raw/web/zdravstvo-20260919-koledar-dogodkov-delavnica-zdravo-zivim-in-zvisan-krvni-tlak-6149b216c.md
https://www.radio-odeon.com/koledar-dogodkov/delavnica-zdravo-hujsanje/;delavnica Zdravo hujšanje;Črnomelj;Vabilo;;;Prehrana in telesna masa;V besedilu je izrecno naveden črnomaljski CKZ oziroma nekdanji naziv Bela krajina.;a tel.št.: 07 30 61 723 ali pišite na el.naslov: ckz@zd-crnomelj. Center za krepitev zdravja.;raw/web/zdravstvo-20260919-koledar-dogodkov-delavnica-zdravo-hujsanje-ed043f2d5.md
https://www.radio-odeon.com/koledar-dogodkov/delavnica-zdravo-hujsanje-1/;delavnica Zdravo hujšanje;Nejasno;Vabilo;;;Prehrana in telesna masa;"Povezava s CKZ Črnomelj ni dovolj izrecna; ne vključujemo v njegovo oceno.";informacije pokličite na 07 620 57 55. Center za krepitev zdravja;raw/web/zdravstvo-20260919-koledar-dogodkov-delavnica-zdravo-hujsanje-1-5db7cedb1.md
https://www.radio-odeon.com/koledar-dogodkov/delavnica-zvisane-mascobe-v-krvi/;delavnica ZVIŠANE MAŠČOBE V KRVI - ODPADE;Nejasno;Vabilo;;;Presnovno in srčno-žilno zdravje;"Povezava s CKZ Črnomelj ni dovolj izrecna; ne vključujemo v njegovo oceno."; Črnomelj v sejni sobi. Lepo vabljeni, Center za krepitev zdravja.;raw/web/zdravstvo-20260919-koledar-dogodkov-delavnica-zvisane-mascobe-v-krvi-b62b452fc.md
https://www.radio-odeon.com/koledar-dogodkov/delavnica-zvisane-mascobe-v-krvi-3/;delavnica ZVIŠANE MAŠČOBE V KRVI;Izločeno;Vabilo;;;Presnovno in srčno-žilno zdravje;Iskalni zadetek brez potrjene relevantnosti za CKZ.;Ali veste kako način življenja vpliva na zvišane maščobe v krvi in kakšni so dejavniki tveganja za srčno žilna obolenja? V četrtek, 26.1.2022, ob 9.00 uri vabljeni na delavnico Zvišane maščobe v krvi. Za prijave in več informacij ;raw/web/zdravstvo-20260919-koledar-dogodkov-delavnica-zvisane-mascobe-v-krvi-3-3ef8d6900.md
https://www.radio-odeon.com/koledar-dogodkov/delavnica-zvisane-mascobe-v-krvi-1/;delavnica ZVIŠANE MAŠČOBE V KRVI;Nejasno;Vabilo;;;Presnovno in srčno-žilno zdravje;"Povezava s CKZ Črnomelj ni dovolj izrecna; ne vključujemo v njegovo oceno."; ali na e-naslovu: [email protected] . Center za krepitev zdravja;raw/web/zdravstvo-20260919-koledar-dogodkov-delavnica-zvisane-mascobe-v-krvi-1-08d71c3ea.md
https://www.radio-odeon.com/koledar-dogodkov/delavnica-sladkorna-bolezen-tipa-3/;delavnica SLADKORNA BOLEZEN TIPA 2;Nejasno;Vabilo;;;Presnovno in srčno-žilno zdravje;"Povezava s CKZ Črnomelj ni dovolj izrecna; ne vključujemo v njegovo oceno."; ne vodijo v diabetoloških ambulantah. Center za krepitev zdravja.;raw/web/zdravstvo-20260919-koledar-dogodkov-delavnica-sladkorna-bolezen-tipa-3-0f315bf31.md
https://www.radio-odeon.com/koledar-dogodkov/delavnica-zvisane-mascobe-v-krvi-2/;Zvišane maščobe v krvi - delavnica;Črnomelj;Vabilo;;;Presnovno in srčno-žilno zdravje;V besedilu je izrecno naveden črnomaljski CKZ oziroma nekdanji naziv Bela krajina.;avnico ZVIŠANE MAŠČOBE V KRVI, ki bo ob 9. uri v Centru za krepitev zdravja ZD Črnomelj. Pridobili boste informacije o nastanku holesterola ter o pomenu normalnih in mejnih vrednostih krvnih maščob za zdravje, povezanosti izbire zdravega nači;raw/web/zdravstvo-20260919-koledar-dogodkov-delavnica-zvisane-mascobe-v-krvi-2-9a94244f8.md
https://www.radio-odeon.com/koledar-dogodkov/zvisane-mascobe-v-krvi-2/;Zvišane maščobe v krvi;Drug center;Vabilo;;;Presnovno in srčno-žilno zdravje;"CKZ Metlika oziroma drug izvajalec; ni dokaza vloge CKZ Črnomelj.";Vabljeni ste na delavnico v sejno sobo Centra za krepitev zdravja Zd Metlika. Udeležba je krita preko osnovnega zdravstvenega zavarovanja. Za potrditev udeležbe na delavnico pokličite na tel.št.: 07 36 91 423 ali pišit;raw/web/zdravstvo-20260919-koledar-dogodkov-zvisane-mascobe-v-krvi-2-545d72d75.md
https://www.radio-odeon.com/koledar-dogodkov/zvisane-mascobe-v-krvi-3/;Zvišane maščobe v krvi;Nejasno;Vabilo;;;Presnovno in srčno-žilno zdravje;"Povezava s CKZ Črnomelj ni dovolj izrecna; ne vključujemo v njegovo oceno.";nju normalnih vrednosti krvnih maščob. Center za krepitev zdravja;raw/web/zdravstvo-20260919-koledar-dogodkov-zvisane-mascobe-v-krvi-3-f5be95bb7.md
https://www.radio-odeon.com/koledar-dogodkov/zvisane-krvne-mascobe/;Zvišane krvne maščobe;Črnomelj;Vabilo;;;Skupnost in splošno zdravje;V besedilu je izrecno naveden črnomaljski CKZ oziroma nekdanji naziv Bela krajina.; maščob. Meritve bo opravljala dipl. med. sestra Centra za krepitev zdravja Črnomelj. Vse aktivnosti in dejavnosti v Hiši Sadeži družbe Črnomelj so brezplačna in se izvajajo ob priporočilih NIJZ.;raw/web/zdravstvo-20260919-koledar-dogodkov-zvisane-krvne-mascobe-2c4977067.md
https://www.radio-odeon.com/koledar-dogodkov/zvisan-krvni-tlak-in-meritve/;Zvišan krvni tlak in meritve;Črnomelj;Vabilo;;;Presnovno in srčno-žilno zdravje;V besedilu je izrecno naveden črnomaljski CKZ oziroma nekdanji naziv Bela krajina.;elj na meritev krvnega tlaka. Meritve bo izvajal Center za krepitev zdravja ZD Črnomelj. Vse aktivnosti v Hiši Sadeži družbe Črnomelj so brezplačne in se izvajajo ob priporočilih NIJZ.;raw/web/zdravstvo-20260919-koledar-dogodkov-zvisan-krvni-tlak-in-meritve-9ffcb61d1.md
https://www.radio-odeon.com/koledar-dogodkov/zvisan-krvni-sladkor/;Zvišan krvni sladkor;Črnomelj;Vabilo;;;Presnovno in srčno-žilno zdravje;V besedilu je izrecno naveden črnomaljski CKZ oziroma nekdanji naziv Bela krajina.;"Ob 11. uri ste vabljeni na predavanje - (CKZ ZD Črnomelj) ""zvišan krvni sladkor"", ki poteka v Hiši Sadeži družbe Črnomelj. Vse delavnice so brezplačne.";raw/web/zdravstvo-20260919-koledar-dogodkov-zvisan-krvni-sladkor-347aaeda2.md
https://www.radio-odeon.com/koledar-dogodkov/zeliscni-pripravki-za-vsakdanjo-rabo/;Zeliščni pripravki za vsakdanjo rabo;Izločeno;Vabilo;;;Skupnost in splošno zdravje;Iskalni zadetek brez potrjene relevantnosti za CKZ.;ZIK Črnomelj vabi na delavnico z zeliščarko Alenko Kukman, ki vam bo predstavila zelišča za krepitev imunskega sistema, pripravila lovorjev sirup in lovorjevo mazilo. Delavnica bo v Gasilskem domu v Gradacu. Dodatne informacije: [;raw/web/zdravstvo-20260919-koledar-dogodkov-zeliscni-pripravki-za-vsakdanjo-rabo-0e18bfb10.md
https://www.radio-odeon.com/koledar-dogodkov/zdravstveno-vzgojna-delavnica-kako-pa-kaj-vas-krvni-pritisk/;"Zdravstveno-vzgojna delavnica ""Kako pa kaj vaš krvni pritisk?""";Črnomelj;Vabilo;;;Skupnost in splošno zdravje;V besedilu je izrecno naveden črnomaljski CKZ oziroma nekdanji naziv Bela krajina.;"Center za krepitev zdravja ZD Črnomelj vas vabi zdravstveno - vzgojno delavnico ""Kako pa kaj vaš krvni pritisk? z meritvami krvnega tlaka"", ki bo danes ob 18. uri v Kulturnem centru Semič. Delavnica in meritve so brezplač";raw/web/zdravstvo-20260919-koledar-dogodkov-zdravstveno-vzgojna-delavnica-kako-pa-kaj-vas-krvni-pritisk-618205b9e.md
https://www.radio-odeon.com/koledar-dogodkov/zdravstveni-dom-crnomelj-dan-odprtih-vrat/;Zdravstveni dom Črnomelj - dan odprtih vrat;Nejasno;Vabilo;;;Ustno zdravje;"Povezava s CKZ Črnomelj ni dovolj izrecna; ne vključujemo v njegovo oceno.";"Ob svetovnem dnevu zdravja vas Zdravstveni dom Črnomelj med 10. in 14. uro vabi na ""Dan odprtih vrat"". Predstavili se bodo: urgenca - temeljni postopki oživljanja in predstavitev urgentnega vozila ZVC - sestava telesne mase, promo";raw/web/zdravstvo-20260919-koledar-dogodkov-zdravstveni-dom-crnomelj-dan-odprtih-vrat-77afb9e5d.md
https://www.radio-odeon.com/koledar-dogodkov/zdravo-zivim-izvaja-ckz-crnomelj-v-hsd-crnomelj/;Zdravo živim, izvaja CKZ Črnomelj v HSD Črnomelj;Črnomelj;Vabilo;;;Skupnost in splošno zdravje;V besedilu je izrecno naveden črnomaljski CKZ oziroma nekdanji naziv Bela krajina.;Vabljeni v HSD Črnomelj na delavnico: ZDRAVO ŽIVIM, izvaja CKZ Črnomelj. Vse delavnice in aktivnosti v Hiši Sadeži družbe Črnomelj so brezplačne.;raw/web/zdravstvo-20260919-koledar-dogodkov-zdravo-zivim-izvaja-ckz-crnomelj-v-hsd-crnomelj-8e1e43464.md
https://www.radio-odeon.com/koledar-dogodkov/zdravo-zivim-izvaja-ckz-crnomelj-v-hsd-crnomelj-2/;Zdravo živim, izvaja CKZ Črnomelj v HSD Črnomelj;Črnomelj;Vabilo;;;Skupnost in splošno zdravje;V besedilu je izrecno naveden črnomaljski CKZ oziroma nekdanji naziv Bela krajina.;Vabljeni v HSD Črnomelj na Delavnico zdravja, ki jo izvaja CKZ Črnomelj. Vse delavnice in aktivnosti v Hiši Sadeži družbe Črnomelj so brezplačne.;raw/web/zdravstvo-20260919-koledar-dogodkov-zdravo-zivim-izvaja-ckz-crnomelj-v-hsd-crnomelj-2-3341d715b.md
https://www.radio-odeon.com/koledar-dogodkov/zdravo-jem-nutricistka-katja-ckz-zd-metlika-hsdm-2/;Zdravo jem – nutricistka Katja – CKZ ZD Metlika - HSDM;Drug center;Vabilo;;;Prehrana in telesna masa;"CKZ Metlika oziroma drug izvajalec; ni dokaza vloge CKZ Črnomelj.";"V Hišo Sadeži družbe Metlika vas vabimo na delavnico na temo ""Zdravo jem"" z nutricistko Katjo iz CKZ ZD . Če želimo obdržati svoje telo zdravo , je dobro poznati hranilne vrednosti naše prehrane , njiho";raw/web/zdravstvo-20260919-koledar-dogodkov-zdravo-jem-nutricistka-katja-ckz-zd-metlika-hsdm-2-75dbf9e4e.md
https://www.radio-odeon.com/koledar-dogodkov/zdravo-jem-nutricistka-katja-ckz-zd-metlika-hsdm/;Zdravo jem – nutricistka Katja – CKZ ZD Metlika - HSDM;Drug center;Vabilo;;;Prehrana in telesna masa;"CKZ Metlika oziroma drug izvajalec; ni dokaza vloge CKZ Črnomelj.";"V Hišo Sadeži družbe Metlika vas vabimo na delavnico na temo ""Zdravo jem"" z nutricistko Katjo iz CKZ ZD . Če želimo obdržati svoje telo zdravo , je dobro poznati hranilne vrednosti naše prehrane , njiho";raw/web/zdravstvo-20260919-koledar-dogodkov-zdravo-jem-nutricistka-katja-ckz-zd-metlika-hsdm-3b025d4a8.md
https://www.radio-odeon.com/koledar-dogodkov/zdravo-hujsanje-2/;Zdravo hujšanje;Izločeno;Vabilo;;;Prehrana in telesna masa;Iskalni zadetek brez potrjene relevantnosti za CKZ.;Zdravstveno-vzgojni center Črnomelj ob 17.uri prične s prenovljeno delavnico Zdravo hujšanje, ki bo v spodnji sejni sobi Zdravstvenega doma Črnomelj. Delavnica je namenjena odraslim osebam (19+), ki se soočajo z debelostjo. Cilj p;raw/web/zdravstvo-20260919-koledar-dogodkov-zdravo-hujsanje-2-b868ad67c.md
https://www.radio-odeon.com/koledar-dogodkov/zdravje-vrednota-mateja-svajger-ckz-zd-metlika-hsdm/;Zdravje - Vrednota - Mateja Švajger CKZ ZD Metlika - HSDM;Drug center;Vabilo;;;Skupnost in splošno zdravje;"CKZ Metlika oziroma drug izvajalec; ni dokaza vloge CKZ Črnomelj.";"V Hišo Sadeži družbe Metlika vas vabimo na delavnico na temo "" Zdravje je Vrednota"" z Matejo Švajger iz CKZ ZD Metlika. Zdravje je osnovna človekova vrednota in naše največje bogastvo . Omogoča nam samosto";raw/web/zdravstvo-20260919-koledar-dogodkov-zdravje-vrednota-mateja-svajger-ckz-zd-metlika-hsdm-d6d812062.md
https://www.radio-odeon.com/koledar-dogodkov/zdravi-odnosi-psihologinja-rymma-stubler-ckz-hsdm-1/;Zdravi odnosi - psihologinja Rymma Štubler CKZ - HSDM;Drug center;Vabilo;;;Duševno zdravje;"CKZ Metlika oziroma drug izvajalec; ni dokaza vloge CKZ Črnomelj.";"V Hišo Sadeži družbe Metlika vas vabimo na delavnico "" Zdravi odnosi s psihologinjo Rymmo Štubler "" iz CKZ ZD Metlika. Pogovori potekajo individualno - po predhodni najavi na 051 785 217 (HSDM). Če žel";raw/web/zdravstvo-20260919-koledar-dogodkov-zdravi-odnosi-psihologinja-rymma-stubler-ckz-hsdm-1-7045fac2f.md
https://www.radio-odeon.com/koledar-dogodkov/zdravi-odnosi-psihologinja-rymma-stubler-ckz-hsdm-2/;Zdravi odnosi - psihologinja Rymma Štubler CKZ - HSDM;Drug center;Vabilo;;;Duševno zdravje;"CKZ Metlika oziroma drug izvajalec; ni dokaza vloge CKZ Črnomelj.";"V Hišo Sadeži družbe Metlika vas vabimo na delavnico "" Zdravi odnosi s psihologinjo Rymmo Štubler "" iz CKZ ZD Metlika. Pogovori potekajo individualno - po predhodni najavi na 051 785 217 (HSDM). Če žel";raw/web/zdravstvo-20260919-koledar-dogodkov-zdravi-odnosi-psihologinja-rymma-stubler-ckz-hsdm-2-4869ff1e3.md
https://www.radio-odeon.com/koledar-dogodkov/zdravi-odnosi-psihologinja-rymma-stubler-ckz-hsdm/;Zdravi odnosi - psihologinja Rymma Štubler CKZ - HSDM;Drug center;Vabilo;;;Duševno zdravje;"CKZ Metlika oziroma drug izvajalec; ni dokaza vloge CKZ Črnomelj.";"V Hišo Sadeži družbe Metlika vas vabimo na delavnico "" Zdravi odnosi s psihologinjo Rymmo Štubler "" iz CKZ ZD Metlika. Pogovori potekajo individualno - po predhodni najavi na 051 785 217 (HSDM). Če žel";raw/web/zdravstvo-20260919-koledar-dogodkov-zdravi-odnosi-psihologinja-rymma-stubler-ckz-hsdm-e89a64e7d.md
https://www.radio-odeon.com/koledar-dogodkov/zdravi-odnosi-s-psihologinjo-ckz-zd-metlika-hsdm/;Zdravi odnosi - Katja Povše CKZ ZD Metlika - HSDM;Drug center;Vabilo;;;Duševno zdravje;"CKZ Metlika oziroma drug izvajalec; ni dokaza vloge CKZ Črnomelj.";"V Hišo Sadeži družbe Metlika vas vabimo na delavnico "" Zdravi odnosi "" s Katjo Povše iz CKZ ZD Metlika. Komunikacija je najbolj pomembni del naših odnosov. Spoznajmo se. Vse delavnice in aktivnosti";raw/web/zdravstvo-20260919-koledar-dogodkov-zdravi-odnosi-s-psihologinjo-ckz-zd-metlika-hsdm-976c240f1.md
https://www.radio-odeon.com/koledar-dogodkov/zdravi-odnosi-katja-povse-ckz-zd-metlika-hsdm/;Zdravi odnosi - Katja Povše CKZ ZD Metlika - HSDM;Drug center;Vabilo;;;Duševno zdravje;"CKZ Metlika oziroma drug izvajalec; ni dokaza vloge CKZ Črnomelj.";"V Hišo Sadeži družbe Metlika vas vabimo na delavnico "" Zdravi odnosi "" s Katja Povše iz CKZ ZD Metlika. Komunikacija je najbolj pomembni del naših odnosov. Spoznajmo se. Vse delavnice in aktivnosti";raw/web/zdravstvo-20260919-koledar-dogodkov-zdravi-odnosi-katja-povse-ckz-zd-metlika-hsdm-e477a65a3.md
https://www.radio-odeon.com/koledar-dogodkov/zdrava-prehrana-delavnica-za-starse-in-mladostnike-zavod-metlika-in-ckz-metlika/;Zdrava prehrana: delavnica za starše in mladostnike (Zavod Metlika in CKZ Metlika);Drug center;Vabilo;;;Prehrana in telesna masa;"CKZ Metlika oziroma drug izvajalec; ni dokaza vloge CKZ Črnomelj.";Zavod Metlika v sodelovanju s Centrom za krepitev zdravja Metlika tokrat pripravlja delavnico na temo prehrane za starše in mladostnike. Pridružite se nam na ekskluzivni delavnici o prehrani! V sodelovanju s Centrom;raw/web/zdravstvo-20260919-koledar-dogodkov-zdrava-prehrana-delavnica-za-starse-in-mladostnike-zavod-metlika-in-ckz-metlika-b787f474a.md
https://www.radio-odeon.com/koledar-dogodkov/zdrava-prehrana-nina-rogina-ckz-metlika-hsdm/;Zdrava prehrana - Nina Rogina - CKZ Metlika - HSDM;Drug center;Vabilo;;;Prehrana in telesna masa;"CKZ Metlika oziroma drug izvajalec; ni dokaza vloge CKZ Črnomelj.";"V Hišo Sadeži družbe Metlika vas vabimo na delavnico "" Zdrava prehrana "" z Nino Rogina iz CKZ Metlika. Zdrava hrana je najboljše zdravilo . Zato ji je dobro nameniti veliko pozornosti in jo pripravi";raw/web/zdravstvo-20260919-koledar-dogodkov-zdrava-prehrana-nina-rogina-ckz-metlika-hsdm-9b8700321.md
https://www.radio-odeon.com/koledar-dogodkov/zdrava-hrbtenica/;Zdrava hrbtenica;Črnomelj;Vabilo;;;Skupnost in splošno zdravje;V besedilu je izrecno naveden črnomaljski CKZ oziroma nekdanji naziv Bela krajina.;Hiša Sadeži družbe Črnomelj bo v sodelovanju s Centrom za krepitev zdravja ( ZD Črnomelj ) organizirala predavanje o Zdravi hrbtenici. Predavanje bo potekalo na Zik - ovem vrtu oz. v primeru slabega vremena v HSD. Vsa predava;raw/web/zdravstvo-20260919-koledar-dogodkov-zdrava-hrbtenica-b5521b32a.md
https://www.radio-odeon.com/koledar-dogodkov/zdrav-zivljenjski-slog/;Zdrav življenjski slog;Izločeno;Vabilo;;;Skupnost in splošno zdravje;Iskalni zadetek brez potrjene relevantnosti za CKZ.;Zdravstveno-vzgojni center Črnomelj vas ob 17. uri vabi na kratko delavnico na temo Zdrav življenjski slog, ki bo potekala v sejni sobi Zdravstvenega doma Črnomelj. Delavnica je brezplačna - krita iz obveznega zdravstvenega zavaro;raw/web/zdravstvo-20260919-koledar-dogodkov-zdrav-zivljenjski-slog-5704b5493.md
https://www.radio-odeon.com/koledar-dogodkov/zdrav-zacetek-dneva/;Zdrav začetek dneva;Črnomelj;Vabilo;;;Skupnost in splošno zdravje;V besedilu je izrecno naveden črnomaljski CKZ oziroma nekdanji naziv Bela krajina.;tati zdrav na delovnem mestu. Delavnico bo vodil Center za krepitev zdravja Bela krajina, Zdravstveni dom Črnomelj. Potekala bo v prostorih ZIK Črnomelj - enota ljudska univerza, Kolodvorska 32 c, Črnomelj. Program v Črnomlju Celoten program festivala;raw/web/zdravstvo-20260919-koledar-dogodkov-zdrav-zacetek-dneva-40428a592.md
https://www.radio-odeon.com/koledar-dogodkov/zdrav-praznicni-obrok/;Zdrav praznični obrok;Črnomelj;Vabilo;;;Prehrana in telesna masa;V besedilu je izrecno naveden črnomaljski CKZ oziroma nekdanji naziv Bela krajina.;reativna delavnica Zdrav praznični obrok. Izvaja Center za krepitev zdravja, ZD Črnomelj. Zdrava prehrana je še kako pomembna za naše zdravje nasplošno. Če želite kaj več izvedeti o tem, se nam pridružite. Lepo vabljeni! Vse aktiv;raw/web/zdravstvo-20260919-koledar-dogodkov-zdrav-praznicni-obrok-9e9b4ea7e.md
https://www.radio-odeon.com/koledar-dogodkov/vsega-po-malo-pocitniske-delavnice/;Vsega po malo, Počitniške delavnice;Črnomelj;Vabilo;;;Gibanje;V besedilu je izrecno naveden črnomaljski CKZ oziroma nekdanji naziv Bela krajina.;emič Vsega po malo , športna aktivnost v izvedbi CKZ Črnomelj Delavnice primerne za otroke od 6. do 12. let. Prijave na delavnico sprejemamo na TIC Semič 07 35 65 200! Delavnice so brezplačne! Dobrodošli!;raw/web/zdravstvo-20260919-koledar-dogodkov-vsega-po-malo-pocitniske-delavnice-1511e7fe3.md
https://www.radio-odeon.com/koledar-dogodkov/vpliv-in-pomen-gibanja-na-otrokov-celostni-razvoj-2/;Vpliv in pomen gibanja na otrokov celostni razvoj;Črnomelj;Vabilo;;;Gibanje;V besedilu je izrecno naveden črnomaljski CKZ oziroma nekdanji naziv Bela krajina.;4. 2024 : PRIJAVNICA Festival zdravja koordinira Center za krepitev zdravja Črnomelj.;raw/web/zdravstvo-20260919-koledar-dogodkov-vpliv-in-pomen-gibanja-na-otrokov-celostni-razvoj-2-c1fcfafd1.md
https://www.radio-odeon.com/koledar-dogodkov/vpliv-hormonov-na-zivljenje-mateja-svajger-ckz-zd-metlika-hsdm/;Vpliv hormonov na življenje - Mateja Švajger CKZ ZD Metlika - HSDM;Drug center;Vabilo;;;Skupnost in splošno zdravje;"CKZ Metlika oziroma drug izvajalec; ni dokaza vloge CKZ Črnomelj.";"V Hišo Sadeži družbe Metlika vas vabimo na delavnico na temo "" Vpliv hormonov na življenje"" z Matejo Švajger iz ZD Metlika . Hormoni imajo številne vloge v našem telesu. Vplivajo na naše vedenje, čustva , imunski s";raw/web/zdravstvo-20260919-koledar-dogodkov-vpliv-hormonov-na-zivljenje-mateja-svajger-ckz-zd-metlika-hsdm-918e7c3e7.md
https://www.radio-odeon.com/koledar-dogodkov/vodni-zur-sportna-aktivnost-v-sklopu-poletnih-pocitnic/;Vodni žur, športna aktivnost v sklopu poletnih počitnic;Črnomelj;Vabilo;;;Gibanje;V besedilu je izrecno naveden črnomaljski CKZ oziroma nekdanji naziv Bela krajina.;a, 21.8., Vodni žur, športna aktivnost v izvedbi CKZ – Zdravstveni dom Črnomelj. Zaželjene predhodne prijave na TIC-u Semič: T.: 07 35 65 200, E.: [email protected] Dobrodošli!;raw/web/zdravstvo-20260919-koledar-dogodkov-vodni-zur-sportna-aktivnost-v-sklopu-poletnih-pocitnic-511ce6c6f.md
https://www.radio-odeon.com/koledar-dogodkov/vodne-igre-pocitniske-delavnice/;Vodne igre, počitniške delavnice;Črnomelj;Vabilo;;;Gibanje;V besedilu je izrecno naveden črnomaljski CKZ oziroma nekdanji naziv Bela krajina.;Hiša sadeži družbe Črnomelj in CKZ – Zdravstveni dom Črnomelj vas v sklopu Počitniških delavnic med 9. in 11. uro vabita na športno aktivost vodne igre pri telovadnici Partizan. Dobrodošli!;raw/web/zdravstvo-20260919-koledar-dogodkov-vodne-igre-pocitniske-delavnice-37c822c38.md
https://www.radio-odeon.com/koledar-dogodkov/vodne-igre-hsd-crnomelj/;Vodne igre, HSD Črnomelj;Nejasno;Vabilo;;;Gibanje;"Povezava s CKZ Črnomelj ni dovolj izrecna; ne vključujemo v njegovo oceno.";ireja pri telovadnici Partizan v Semiču skupaj z CKZ športne aktivnosti vodne igre. Vabljeni.;raw/web/zdravstvo-20260919-koledar-dogodkov-vodne-igre-hsd-crnomelj-e2c1098d1.md
https://www.radio-odeon.com/koledar-dogodkov/vloga-medicinske-sestre-v-zdravstvu-mateja-svajger-ckz-zd-metlika-hsdm/;Vloga medicinske sestre v zdravstvu - Mateja Švajger CKZ ZD Metlika - HSDM;Drug center;Vabilo;;;Skupnost in splošno zdravje;"CKZ Metlika oziroma drug izvajalec; ni dokaza vloge CKZ Črnomelj.";"V Hišo Sadeži družbe Metlika vas vabimo na delavnico na temo "" Vloga medicinske sestre v zdravstvu"" z Matejo Švajger iz CKZ ZD Metlika. Zdravje je osnovna človekova vrednota in pravica. Medicinske sestre in bratje pri oskr";raw/web/zdravstvo-20260919-koledar-dogodkov-vloga-medicinske-sestre-v-zdravstvu-mateja-svajger-ckz-zd-metlika-hsdm-bbd4d7906.md
https://www.radio-odeon.com/koledar-dogodkov/virusi-higiena-maske/;Virusi, higiena, maske;Drug center;Vabilo;;;Ustno zdravje;"CKZ Metlika oziroma drug izvajalec; ni dokaza vloge CKZ Črnomelj.";čne ob 10. uri. Delavnica poteka v sodelovanju s CKZ ZD Metlika. Vse delavnice v Hiši Sadeži družbe Metlika so brezplačne in se izvajajo ob upoštevanju priporočil NIJZ.;raw/web/zdravstvo-20260919-koledar-dogodkov-virusi-higiena-maske-b6dbf5988.md
https://www.radio-odeon.com/koledar-dogodkov/ali-sem-fit-test-hoje-na-2-kilometra/;Večerni test hoje na 2 kilometra ODPOVEDAN;Črnomelj;Odpoved / preklic;;;Gibanje;V besedilu je izrecno naveden črnomaljski CKZ oziroma nekdanji naziv Bela krajina.;je na 2km odpovedan. Hvala za razumevanje! Ekipa CKZ Bela krajina - ZD Črnomelj;raw/web/zdravstvo-20260919-koledar-dogodkov-ali-sem-fit-test-hoje-na-2-kilometra-4257d3698.md
https://www.radio-odeon.com/koledar-dogodkov/veselica-ob-110-obletnici-pgd-mavrlen/;Veselica ob 110. obletnici PGD Mavrlen;Izločeno;Vabilo;;;Skupnost in splošno zdravje;Iskalni zadetek brez potrjene relevantnosti za CKZ.;Pgd Mavrlen vabi na veselico ob 110. obletnici društva z ansamblom Pogled. Za okrepitev s hrano in pijačo bodo poskrbeli člani in članice PGD Mavrlen. Svojo srečo boste lahko preizkusili na bogatem srečelovu. Vidimo se na igrišču ;raw/web/zdravstvo-20260919-koledar-dogodkov-veselica-ob-110-obletnici-pgd-mavrlen-d0bb17c90.md
https://www.radio-odeon.com/koledar-dogodkov/velikonocni-pohod-po-urbanovi-poti/;Velikonočni pohod po Urbanovi poti;Nejasno;Vabilo;;;Gibanje;"Povezava s CKZ Črnomelj ni dovolj izrecna; ne vključujemo v njegovo oceno.";na pohodu po Urbanovi poti: Zbor pred Centrom za krepitev zdravja ob 10. uri. Pohod bo aktiven, a ne prezahteven – ravno prav za to, da začutiš mišice in naravo hkrati. Po poti nas čakajo razgledi in super energija. S sa;raw/web/zdravstvo-20260919-koledar-dogodkov-velikonocni-pohod-po-urbanovi-poti-ae52a554e.md
https://www.radio-odeon.com/koledar-dogodkov/varna-vadba-v-nosecnosti/;Varna vadba v nosečnosti;Črnomelj;Vabilo;;;Starši in otroci;V besedilu je izrecno naveden črnomaljski CKZ oziroma nekdanji naziv Bela krajina.;VARNA VADBA V NOSEČNOSTI V Centru za krepitev zdravja Črnomelj se bo pričela izvajati varna vadba v nosečnosti. Vadba je brezplačna in je namenjena vsem nosečnicam, ki si želite aktivno preživljati čas med č;raw/web/zdravstvo-20260919-koledar-dogodkov-varna-vadba-v-nosecnosti-3bd011810.md
https://www.radio-odeon.com/koledar-dogodkov/vaje-za-medenicno-dno-1/;Vaje za medenično dno;Nejasno;Vabilo;;;Skupnost in splošno zdravje;"Povezava s CKZ Črnomelj ni dovolj izrecna; ne vključujemo v njegovo oceno.";Hiša Sadeži družbe skupaj z Centrom za krepitev zdravja organizira delavnico Vaje za medenično dno. Vse delavnice in aktivnosti v Hiši Sadeži družbe Črnomelj so brezplačne in se izvajajo ob upoštev;raw/web/zdravstvo-20260919-koledar-dogodkov-vaje-za-medenicno-dno-1-3bf14ade8.md
https://www.radio-odeon.com/koledar-dogodkov/vadbena-skupina-za-srcne-bolnike/;Vadbena skupina za srčne bolnike;Črnomelj;Vabilo;;;Gibanje;V besedilu je izrecno naveden črnomaljski CKZ oziroma nekdanji naziv Bela krajina.;njske in Bele krajine v sodelovanju in ob pomoči Centra za krepitev zdravja Zdravstvenega doma Črnomelj organizira vadbeno skupino vse življenjske rehabilitacije koronarnih bolnikov tudi v Črnomlju. Vadba se uradno prične danes ob 19. uri s pozdravnim nago;raw/web/zdravstvo-20260919-koledar-dogodkov-vadbena-skupina-za-srcne-bolnike-31d14fedd.md
https://www.radio-odeon.com/koledar-dogodkov/vadba-na-zunanjih-fitnes-napravah/;Vadba na zunanjih fitnes napravah;Izločeno;Vabilo;;;Gibanje;Iskalni zadetek brez potrjene relevantnosti za CKZ.;Teden gibanja - Move Week je vseevropski projekt in del kampanje Sedaj se gibamo - NowWeMove, ki se je začel leta 2012. Letos bo teden gibanja potekal med 27. majem in 2. junijem 2024. Cilj Tedna gibanja je širša evropska promocij;raw/web/zdravstvo-20260919-koledar-dogodkov-vadba-na-zunanjih-fitnes-napravah-4c5a536ed.md
https://www.radio-odeon.com/koledar-dogodkov/vabilo-na-pohod-na-rasico/;Vabilo na pohod na Rašico;Izločeno;Vabilo;;;Gibanje;Iskalni zadetek brez potrjene relevantnosti za CKZ.;Društvo Bela krajina Ljubljana vabi na pohod na Rašico, kjer bomo izkoristili letošnji zadnji dan poletja. Kdaj: Sobota, 14.10.2023 ob 10. uri. Kje: Osnovna Šola Maks Pečar, Črnuška cesta 9 - Parkirišče ob parku narodnih herojev. ;raw/web/zdravstvo-20260919-koledar-dogodkov-vabilo-na-pohod-na-rasico-397afd1ac.md
https://www.radio-odeon.com/koledar-dogodkov/v-gibanju-pocitniske-delavnice/;V gibanju, počitniške delavnice;Črnomelj;Vabilo;;;Gibanje;V besedilu je izrecno naveden črnomaljski CKZ oziroma nekdanji naziv Bela krajina.;Hiša sadeži družbe Črnomelj in CKZ – Zdravstveni dom Črnomelj vas v sklopu počitniških delavnic med 9. in 11. uro vabita na športno aktivnost “V gibanju” , ki bo pri telovadnici Partizan. Dobrodošli!;raw/web/zdravstvo-20260919-koledar-dogodkov-v-gibanju-pocitniske-delavnice-4f9c248ef.md
https://www.radio-odeon.com/koledar-dogodkov/v-gibanju/;V gibanju;Nejasno;Vabilo;;;Gibanje;"Povezava s CKZ Črnomelj ni dovolj izrecna; ne vključujemo v njegovo oceno.";Športne aktivnosti za otroke, pod vodstvom CKZ-ja v telovadnici Partizan v Semiču.;raw/web/zdravstvo-20260919-koledar-dogodkov-v-gibanju-d4c7eba59.md
https://www.radio-odeon.com/koledar-dogodkov/ucne-urice-v-mladinskem-centru-metlika-zavod-metlika/;Učne urice v Mladinskem centru Metlika (Zavod Metlika);Izločeno;Vabilo;;;Duševno zdravje;Iskalni zadetek brez potrjene relevantnosti za CKZ.;Učne urice nadaljujemo, tokrat se bomo skozi metode neformalnega učenja in pogovor posvetili duševnemu zdravju mladih. Neformalno učenje je izjemno učinkovito pri obravnavi tem, kot je duševno zdravje mladih, saj ustvarja sproščen;raw/web/zdravstvo-20260919-koledar-dogodkov-ucne-urice-v-mladinskem-centru-metlika-zavod-metlika-5cd6dd028.md
https://www.radio-odeon.com/koledar-dogodkov/uvodno-srecanje-na-temo-mentalnega-zdravja-mladih-zavod-metlika/;Uvodno srečanje na temo mentalnega zdravja mladih - Zavod Metlika;Drug center;Vabilo;;;Skupnost in splošno zdravje;"CKZ Metlika oziroma drug izvajalec; ni dokaza vloge CKZ Črnomelj.";dravje Črnomelj, Center za socialno delo Metlika Center za krepitev zdravja Metlika NIJZ Društvo življenje brez nasilja Na prvo srečanje smo povabili predvsem psihologe, pedagoge ter druge mentorje društev in organizacij, ki delujejo z mladimi.;raw/web/zdravstvo-20260919-koledar-dogodkov-uvodno-srecanje-na-temo-mentalnega-zdravja-mladih-zavod-metlika-fa5d4b5f0.md
https://www.radio-odeon.com/koledar-dogodkov/ustna-higiena/;Ustna higiena;Nejasno;Vabilo;;;Ustno zdravje;"Povezava s CKZ Črnomelj ni dovolj izrecna; ne vključujemo v njegovo oceno.";"Skupaj s Centrom za krepitev zdravja pripravljamo predavanje; USTNA HIGIENA - Ni vseeno kaj izberete. Predavanje bo izvedla diplomirana medicinska sestra. Lepo vabljeni. ";raw/web/zdravstvo-20260919-koledar-dogodkov-ustna-higiena-050454128.md
https://www.radio-odeon.com/koledar-dogodkov/urnik-delavnic-centra-za-krepitev-zdravja-bela-krajina/;Urnik delavnic Centra za krepitev zdravja Bela krajina;Črnomelj;Vabilo;;;Prehrana in telesna masa;V besedilu je izrecno naveden črnomaljski CKZ oziroma nekdanji naziv Bela krajina.;Poletje je v zadnjih izdihljajih. Upamo, da ste si naredili dobro zalogo vitamina D. Mi smo že polni energije in pripravljeni, da začnemo z novim sklopom naših delavnic. Urni;raw/web/zdravstvo-20260919-koledar-dogodkov-urnik-delavnic-centra-za-krepitev-zdravja-bela-krajina-7638aa05f.md
https://www.radio-odeon.com/koledar-dogodkov/urnik-delavnic-centra-za-krepitev-zdravja-bela-krajina-1/;Urnik delavnic Centra za krepitev zdravja Bela krajina;Črnomelj;Vabilo;;;Prehrana in telesna masa;V besedilu je izrecno naveden črnomaljski CKZ oziroma nekdanji naziv Bela krajina.;Poletje je v zadnjih izdihljajih. Upamo, da ste si naredili dobro zalogo vitamina D. Mi smo že polni energije in pripravljeni, da začnemo z novim sklopom naših delavnic. Urni;raw/web/zdravstvo-20260919-koledar-dogodkov-urnik-delavnic-centra-za-krepitev-zdravja-bela-krajina-1-0fc118102.md
https://www.radio-odeon.com/koledar-dogodkov/urjenje-mozganov/;Urjenje možganov;Izločeno;Vabilo;;;Gibanje;Iskalni zadetek brez potrjene relevantnosti za CKZ.;V okviru Dnevov svetovanja za znanje 2026 vabljeni na delavnico Urjenje možganov , ki bo v sredo, 23. septembra 2026, ob 8.00 pred Kulturnim centrom Semič. Delavnico bo vodila delovna terapevtka Vesna Petric, ki bo predstavila pom;raw/web/zdravstvo-20260919-koledar-dogodkov-urjenje-mozganov-898585a9d.md
https://www.radio-odeon.com/koledar-dogodkov/urejanje-zeliscnega-vrta-in-sajenje-avtohtone-cebule-belokranjke/;Urejanje zeliščnega vrta in sajenje avtohtone čebule Belokranjke;Črnomelj;Vabilo;;;Skupnost in splošno zdravje;V besedilu je izrecno naveden črnomaljski CKZ oziroma nekdanji naziv Bela krajina.; v okviru Festivala za zdravje, ki ga organizira Center za krepitev zdravja Bela krajina, ZD Črnomelj s partnerji. Celoten program Festivala zdravja.;raw/web/zdravstvo-20260919-koledar-dogodkov-urejanje-zeliscnega-vrta-in-sajenje-avtohtone-cebule-belokranjke-3747c9611.md
https://www.radio-odeon.com/koledar-dogodkov/uravnotezena-zdrava-prehrana-katja-gregoric-hsdm/;Uravnotežena zdrava prehrana - Katja Gregorič - HSDM;Drug center;Vabilo;;;Prehrana in telesna masa;"CKZ Metlika oziroma drug izvajalec; ni dokaza vloge CKZ Črnomelj.";"avnotežena zdrava prehrana "" s Katjo Gregorič iz CKZ ZD Metlika. Uravnotežena prehrana vsebuje pravo razmerje mineralov, vitaminov in drugih pomembnih hranil ter optimalno količino kalorij za pravilno delovanje in regeneracijo vašega t";raw/web/zdravstvo-20260919-koledar-dogodkov-uravnotezena-zdrava-prehrana-katja-gregoric-hsdm-b7f388200.md
https://www.radio-odeon.com/koledar-dogodkov/uporaba-agrometeoroloskih-podatkov-pri-prilaganju-kmetijstva-na-podnebne-spremembe/;Uporaba agrometeoroloških podatkov pri prilaganju kmetijstva na podnebne spremembe;Izločeno;Vabilo;;;Ozaveščanje o raku;Iskalni zadetek brez potrjene relevantnosti za CKZ.;Agencija Republike Slovenije za okolje (ARSO), Oddelek za meteorološko podporo kmetijstvu organizira dogodek ''Uporaba agrometeoroloških podatkov pri prilaganju kmetijstva na podnebne spremembe'' za deležnike iz Bele krajine. Dogo;raw/web/zdravstvo-20260919-koledar-dogodkov-uporaba-agrometeoroloskih-podatkov-pri-prilaganju-kmetijstva-na-podnebne-spremembe-6bb1d95c0.md
https://www.radio-odeon.com/koledar-dogodkov/urnik-delavnic-v-centru-za-krepitev-zdravja-zd-crnomelj/;URNIK DELAVNIC V CENTRU ZA KREPITEV ZDRAVJA ZD ČRNOMELJ;Črnomelj;Vabilo;;;Skupnost in splošno zdravje;V besedilu je izrecno naveden črnomaljski CKZ oziroma nekdanji naziv Bela krajina.;Vabimo vas na delavnice v mesecu novembru, ki bodo potekale v Centru za krepitev zdravja ZD Črnomelj . Zaradi lažje organizacije dela so zaželene prijave na mail [email protec;raw/web/zdravstvo-20260919-koledar-dogodkov-urnik-delavnic-v-centru-za-krepitev-zdravja-zd-crnomelj-ed9dc7c8d.md
https://www.radio-odeon.com/koledar-dogodkov/tvojih-5-minut-katja-povse-ckz-metlika-hsdm/;Tvojih 5 minut - Katja Povše CKZ Metlika - HSDM;Drug center;Vabilo;;;Skupnost in splošno zdravje;"CKZ Metlika oziroma drug izvajalec; ni dokaza vloge CKZ Črnomelj.";"V Hišo Sadeži družbe Metlika vas vabimo na delavnico "" Tvojih 5 minut"" s Katjo Povše iz CKZ ZD Metlika. Vse delavnice in aktivnosti v Hiši Sadeži družbe Metlika so brezplačne .";raw/web/zdravstvo-20260919-koledar-dogodkov-tvojih-5-minut-katja-povse-ckz-metlika-hsdm-19875567c.md
https://www.radio-odeon.com/koledar-dogodkov/tom-holliston-ford-pier-ddh/;Tom Holliston, Ford Pier, Ddh;Izločeno;Vabilo;;;Skupnost in splošno zdravje;Iskalni zadetek brez potrjene relevantnosti za CKZ.;November se začneja z oldskul poslastico. V MKK prihajata legendi in legendica, bivša člana NOMEANSNO, D.O.A., FORD PIER in TOM HOLLISTON! Kot support se nam bo tudi premierno predstavil DOMEN DON HOLC. //TOM HOLLISTON Tom Hollist;raw/web/zdravstvo-20260919-koledar-dogodkov-tom-holliston-ford-pier-ddh-70bfc45d5.md
https://www.radio-odeon.com/koledar-dogodkov/tecaj-nordijske-hoje-in-teka-9850/;Tečaj nordijske hoje in teka;Nejasno;Vabilo;;;Presnovno in srčno-žilno zdravje;"Povezava s CKZ Črnomelj ni dovolj izrecna; ne vključujemo v njegovo oceno.";a za vse starostne skupine. Tečaj bo organiziral CKZ BK v sodelovanju z Društvom upokojencev Semič, pridružite pa se lahko vsi, ki vas ta oblika gibanja zanima. Tečaj bo potekal bo v štirih srečanjih. ;raw/web/zdravstvo-20260919-koledar-dogodkov-tecaj-nordijske-hoje-in-teka-9850-59f1377db.md
https://www.radio-odeon.com/koledar-dogodkov/tecaj-nordijske-hoje-in-teka/;Tečaj nordijske hoje in teka;Črnomelj;Vabilo;;;Gibanje;V besedilu je izrecno naveden črnomaljski CKZ oziroma nekdanji naziv Bela krajina.;e na tečaj nordijske hoje in teka v organizaciji Centra za krepitev zdravja Bele krajine. Predvidena so štiri srečanja. Zbirno mesto je ob 16. uri pred Kulturnim centrom Semič. Obvezne prijave: ZD Črnomelj, tel. 07/62 05 723 ali e-mail: ;raw/web/zdravstvo-20260919-koledar-dogodkov-tecaj-nordijske-hoje-in-teka-8295ed5cc.md
https://www.radio-odeon.com/koledar-dogodkov/testiranje-telesne-pripravljenosti-na-zdravstveni-postaji-vinica/;Testiranje telesne pripravljenosti na Zdravstveni postaji Vinica;Izločeno;Vabilo;;;Skupnost in splošno zdravje;Iskalni zadetek brez potrjene relevantnosti za CKZ.;Vabimo vas na delavnico Testiranje telesne pripravljenosti , ki bo potekala na ZP Vinica . Zaradi lažje organizacije dela so zaželene prijave na mail [email protected] ali telefonsko številko 07 62 05 755 .;raw/web/zdravstvo-20260919-koledar-dogodkov-testiranje-telesne-pripravljenosti-na-zdravstveni-postaji-vinica-2f655ef4d.md
https://www.radio-odeon.com/koledar-dogodkov/testiranje-telesne-pripravljenosti-na-zdravstveni-postaji-semic-1/;Testiranje telesne pripravljenosti na Zdravstveni postaji Semič;Izločeno;Vabilo;;;Skupnost in splošno zdravje;Iskalni zadetek brez potrjene relevantnosti za CKZ.;Vabimo vas na delavnico Testiranje telesne pripravljenosti , ki bo potekala na ZP Semič . Zaradi lažje organizacije dela so zaželene prijave na mail [email protected] ali telefonsko številko 07 62 05 755 .;raw/web/zdravstvo-20260919-koledar-dogodkov-testiranje-telesne-pripravljenosti-na-zdravstveni-postaji-semic-1-f9ff35128.md
https://www.radio-odeon.com/koledar-dogodkov/testiranje-telesne-pripravljenosti-in-analiza-telesne-sestave-v-ckz-bela-krajina/;Testiranje telesne pripravljenosti in analiza telesne sestave v CKZ Bela krajina;Črnomelj;Vabilo;;;Skupnost in splošno zdravje;V besedilu je izrecno naveden črnomaljski CKZ oziroma nekdanji naziv Bela krajina.;Projektni teden CKZ Bela krajina vam ponuja številne dogodke, ki se jih bo možno brezplačno udeležiti. V torek nas obiščite v telovadnici fizioterapije v Zdravstvenem domu Črnomelj, kjer bomo preverili vašo telesno pripravljenost, an;raw/web/zdravstvo-20260919-koledar-dogodkov-testiranje-telesne-pripravljenosti-in-analiza-telesne-sestave-v-ckz-bela-krajina-6c1a1e237.md
https://www.radio-odeon.com/koledar-dogodkov/testiranje-telesne-pripravljenosti-1/;Testiranje telesne pripravljenosti;Črnomelj;Vabilo;;;Skupnost in splošno zdravje;V besedilu je izrecno naveden črnomaljski CKZ oziroma nekdanji naziv Bela krajina.;ranje telesne pripravljenosti , ki bo potekala v Centru za krepitev zdravja ZD Črnomelj . Zaradi lažje organizacije dela so zaželene prijave na mail [email protected] ali telefonsko številko 07 62 05 755 .;raw/web/zdravstvo-20260919-koledar-dogodkov-testiranje-telesne-pripravljenosti-1-ae4e49c33.md
https://www.radio-odeon.com/koledar-dogodkov/testiranje-telesne-pripravljenosti/;Testiranje telesne pripravljenosti;Črnomelj;Vabilo;;;Gibanje;V besedilu je izrecno naveden črnomaljski CKZ oziroma nekdanji naziv Bela krajina.;še od 65 let, ki bo potekalo med 9. in 12. uro v Centru za krepitev zdravja Zdravstvenega doma Črnomelj. S sklopom enostavnih brezplačnih testov bodo preverili vaše gibalne sposobnosti in vam na podlagi dobljenih rezultatov svetovali glede vrste in količine ;raw/web/zdravstvo-20260919-koledar-dogodkov-testiranje-telesne-pripravljenosti-f8c707fb1.md
https://www.radio-odeon.com/koledar-dogodkov/test-telesne-pripravljenosti-za-starejse-65/;Test telesne pripravljenosti za starejše (65+);Nejasno;Vabilo;;;Tvegana vedenja;"Povezava s CKZ Črnomelj ni dovolj izrecna; ne vključujemo v njegovo oceno."; posamezniku svetuje o ustrezni telesni vadbi za krepitev zdravja, skladno z rezultatom testiranja in zdravstvenim stanjem. Strokovnjaki iz CKZ BK bodo svetovali glede izboljšanja kakovosti življenja, ohranjanja zdravja in neodvisno;raw/web/zdravstvo-20260919-koledar-dogodkov-test-telesne-pripravljenosti-za-starejse-65-61339fc51.md
https://www.radio-odeon.com/koledar-dogodkov/test-hoje-na-2-km-v-semicu/;Test telesne pripravljenosti za odrasle in starejše na Vinici;Črnomelj;Vabilo;;;Skupnost in splošno zdravje;V besedilu je izrecno naveden črnomaljski CKZ oziroma nekdanji naziv Bela krajina.;e pred zdravstveno postajo Vinica. Organizira ga Center za krepitev zdravja Bela krajina skupaj z Občino Črnomelj in RIC Bela krajina v sklopu Evropskega tedna mobilnosti v občini Črnomelj 2022. Več informacij na 07 62 05 755 ali [email protected] .;raw/web/zdravstvo-20260919-koledar-dogodkov-test-hoje-na-2-km-v-semicu-0f234951c.md
https://www.radio-odeon.com/koledar-dogodkov/test-hoje-hsd-crnomelj-1/;Test hoje, HSD Črnomelj;Črnomelj;Vabilo;;;Gibanje;V besedilu je izrecno naveden črnomaljski CKZ oziroma nekdanji naziv Bela krajina.;leta nas vsako zadnjo sredo v mesecu obiščejo iz CKZ Črnomelj. V sredo, 26. 6. bo zadnji obisk v tem sklopu in sicer, 6 minutni test hoje. Tovrstno testiranje je zelo uporabno pri diagnosticiranju številni;raw/web/zdravstvo-20260919-koledar-dogodkov-test-hoje-hsd-crnomelj-1-ec3390298.md
https://www.radio-odeon.com/koledar-dogodkov/test-hoje-na-2km/;Test hoje na 2km;Izločeno;Vabilo;;;Gibanje;Iskalni zadetek brez potrjene relevantnosti za CKZ.;Vabimo vas na občinski preizkus hoje na 2 km , ki bo potekal v Črnomlju, na stadionu Loka . Občinski preizkus hoje je timski, zdravstveno vzgojni dogodek s področja telesne dejavnosti. Zaradi lažje organizacije dela so zaželene pr;raw/web/zdravstvo-20260919-koledar-dogodkov-test-hoje-na-2km-a5a49551a.md
https://www.radio-odeon.com/koledar-dogodkov/test-hoje-na-2-km-3/;Test hoje na 2 km v parku DSO Črnomelj;Črnomelj;Vabilo;;;Gibanje;V besedilu je izrecno naveden črnomaljski CKZ oziroma nekdanji naziv Bela krajina.;bčanov Črnomelj test hoje na 2 km. Organizira ga Center za krepitev zdravja Bela krajina skupaj z Občino Črnomelj in RIC Bela krajina v sklopu Evropskega tedna mobilnosti v občini Črnomelj 2022. Več informacij na 07 62 05 755 ali [email protected] .;raw/web/zdravstvo-20260919-koledar-dogodkov-test-hoje-na-2-km-3-520d2cd27.md
https://www.radio-odeon.com/koledar-dogodkov/test-telesne-pripravljenosti-za-odrasle-in-starejse-na-vinici/;Test hoje na 2 km v Semiču;Črnomelj;Vabilo;;;Gibanje;V besedilu je izrecno naveden črnomaljski CKZ oziroma nekdanji naziv Bela krajina.;je na 2 km pri cerkvi Sv. Mihaela. Organizira ga Center za krepitev zdravja Bela krajina skupaj z Občino Črnomelj in RIC Bela krajina v sklopu Evropskega tedna mobilnosti v občini Črnomelj 2022. Več informacij na 07 62 05 755 ali [email protected] .;raw/web/zdravstvo-20260919-koledar-dogodkov-test-telesne-pripravljenosti-za-odrasle-in-starejse-na-vinici-04d20fd51.md
https://www.radio-odeon.com/koledar-dogodkov/test-hoje-na-2-km-v-jurjevanski-dragi/;Test hoje na 2 km v Jurjevanski dragi;Črnomelj;Vabilo;;;Gibanje;V besedilu je izrecno naveden črnomaljski CKZ oziroma nekdanji naziv Bela krajina.;ragi v Črnomlju test hoje na 2 km. Organizira ga Center za krepitev zdravja Bela krajina skupaj z Občino Črnomelj in RIC Bela krajina v sklopu Evropskega tedna mobilnosti v občini Črnomelj 2022. Več informacij na 07 62 05 755 ali [email protected] .;raw/web/zdravstvo-20260919-koledar-dogodkov-test-hoje-na-2-km-v-jurjevanski-dragi-b30d5598f.md
https://www.radio-odeon.com/koledar-dogodkov/test-hoje-na-2-km-ali-sem-fit/;"Test hoje na 2 km "" Ali sem fit? """;Črnomelj;Vabilo;;;Gibanje;V besedilu je izrecno naveden črnomaljski CKZ oziroma nekdanji naziv Bela krajina.; Stadionu Loka v Črnomlju . Lepo vabljeni! Ekipa CKZ Bela krajina;raw/web/zdravstvo-20260919-koledar-dogodkov-test-hoje-na-2-km-ali-sem-fit-087040ba0.md
https://www.radio-odeon.com/koledar-dogodkov/test-hoje-na-2-km-6/;Test hoje na 2 km;Drug center;Vabilo;;;Gibanje;"CKZ Metlika oziroma drug izvajalec; ni dokaza vloge CKZ Črnomelj.";18.00 uro na Metliškem kopališču. Lepo vabljeni! CKZ Metlika;raw/web/zdravstvo-20260919-koledar-dogodkov-test-hoje-na-2-km-6-c583c935d.md
https://www.radio-odeon.com/koledar-dogodkov/test-hoje-na-2-km-2/;Test hoje na 2 km;Črnomelj;Vabilo;;;Gibanje;V besedilu je izrecno naveden črnomaljski CKZ oziroma nekdanji naziv Bela krajina.;bo potekalo na Stadionu Loka Črnomelj. Vabljeni! Center za krepitev zdravja, ZD Črnomelj;raw/web/zdravstvo-20260919-koledar-dogodkov-test-hoje-na-2-km-2-3ed9947ac.md
https://www.radio-odeon.com/koledar-dogodkov/test-hoje/;Test hoje;Drug center;Vabilo;;;Gibanje;"CKZ Metlika oziroma drug izvajalec; ni dokaza vloge CKZ Črnomelj.";CENTER ZA KREPITEV ZDRAVJA BELA KRAJINA Zdravstvenega doma Metlika vas vabi na delavnico Ali sem fit? ( Preizkus hoje na 2 km) Testiranje bo potekalo na igrišču izza Beti. Bodite športno oblečeni;raw/web/zdravstvo-20260919-koledar-dogodkov-test-hoje-a4798b214.md
https://www.radio-odeon.com/koledar-dogodkov/tesnoba-psihologinja-rymma-stubler-ckz-zd-metlika-hsdm-1/;Tesnoba - psihologinja Rymma Štubler CKZ ZD Metlika - HSDM;Drug center;Vabilo;;;Duševno zdravje;"CKZ Metlika oziroma drug izvajalec; ni dokaza vloge CKZ Črnomelj.";"V Hišo Sadeži družbe Metlika vas vabimo na delavnico "" Tesnoba "" s psihologinjo Rymmo Štubler iz CKZ ZD Metlika. Tesnoba ali anksioznost je čustveno stanje negotovosti, pričakovanja česa neugodnega, brez st";raw/web/zdravstvo-20260919-koledar-dogodkov-tesnoba-psihologinja-rymma-stubler-ckz-zd-metlika-hsdm-1-82ab14e22.md
https://www.radio-odeon.com/koledar-dogodkov/tesnoba-psihologinja-rymma-stubler-ckz-zd-metlika-hsdm/;Tesnoba - psihologinja Rymma Štubler CKZ ZD Metlika - HSDM;Drug center;Vabilo;;;Duševno zdravje;"CKZ Metlika oziroma drug izvajalec; ni dokaza vloge CKZ Črnomelj.";"V Hišo Sadeži družbe Metlika vas vabimo na delavnico "" Tesnoba "" s psihologinjo Rymmo Štubler iz CKZ ZD Metlika. Tesnoba ali anksioznost je čustveno stanje negotovosti, pričakovanja česa neugodnega, brez st";raw/web/zdravstvo-20260919-koledar-dogodkov-tesnoba-psihologinja-rymma-stubler-ckz-zd-metlika-hsdm-ded341c5b.md
https://www.radio-odeon.com/koledar-dogodkov/tekaski-seminar/;Tekaški seminar;Nejasno;Vabilo;;;Duševno zdravje;"Povezava s CKZ Črnomelj ni dovolj izrecna; ne vključujemo v njegovo oceno."; Zdravstvenem domu Črnomelj. Kratki predstavitvi CKZ-ja in njegovih aktivnosti v lokalni skupnosti bo sledil tekaški seminar z Gašperjem Predaničem, katerega poudarek bo na učenju izvedbe ;raw/web/zdravstvo-20260919-koledar-dogodkov-tekaski-seminar-9909254bc.md
https://www.radio-odeon.com/koledar-dogodkov/tehnike-sproscanja-s-psihologinjo-ckz-zd-metlika-hsdm/;Tehnike sproščanja s psihologinjo – CKZ ZD Metlika - HSDM;Drug center;Vabilo;;;Duševno zdravje;"CKZ Metlika oziroma drug izvajalec; ni dokaza vloge CKZ Črnomelj.";"V Hišo Sadeži družbe Metlika vas vabimo na delavnico ""Tehnike sproščanja s psihologinjo"" iz CKZ ZD . Če želimo najti svoj mir, moramo najprej najti sebe. Dihajte in sproščajte se z nami . Vse delavnice in ";raw/web/zdravstvo-20260919-koledar-dogodkov-tehnike-sproscanja-s-psihologinjo-ckz-zd-metlika-hsdm-19343b4cf.md
https://www.radio-odeon.com/koledar-dogodkov/tehnike-sproscanja-rymma-stubler-ckz-zd-metlika-hsdm-2/;Tehnike sproščanja - Rymma Štubler CKZ ZD Metlika - HSDM;Drug center;Vabilo;;;Duševno zdravje;"CKZ Metlika oziroma drug izvajalec; ni dokaza vloge CKZ Črnomelj.";"V Hišo Sadeži družbe Metlika vas vabimo na delavnico "" Tehnike sproščanja "" z Rymmo Štubler iz CKZ ZD Metlika. Za naš dobrobit je ključno, da najdemo načine, kako se razbremenimo vseh vsakodnevnih napetos";raw/web/zdravstvo-20260919-koledar-dogodkov-tehnike-sproscanja-rymma-stubler-ckz-zd-metlika-hsdm-2-8b4963dec.md
https://www.radio-odeon.com/koledar-dogodkov/tehnike-sproscanja-rymma-stubler-ckz-zd-metlika-hsdm-1/;Tehnike sproščanja - Rymma Štubler CKZ ZD Metlika - HSDM;Drug center;Vabilo;;;Duševno zdravje;"CKZ Metlika oziroma drug izvajalec; ni dokaza vloge CKZ Črnomelj.";"V Hišo Sadeži družbe Metlika vas vabimo na delavnico "" Tehnike sproščanja "" z Rymmo Štubler iz CKZ ZD Metlika. Za naš dobrobit je ključno, da najdemo načine, kako se razbremenimo vseh vsakodnevnih napetos";raw/web/zdravstvo-20260919-koledar-dogodkov-tehnike-sproscanja-rymma-stubler-ckz-zd-metlika-hsdm-1-e6fb61619.md
https://www.radio-odeon.com/koledar-dogodkov/tehnike-sproscanja-rymma-stubler-ckz-zd-metlika-hsdm/;Tehnike sproščanja - Rymma Štubler CKZ ZD Metlika - HSDM;Drug center;Vabilo;;;Duševno zdravje;"CKZ Metlika oziroma drug izvajalec; ni dokaza vloge CKZ Črnomelj.";"V Hišo Sadeži družbe Metlika vas vabimo na delavnico "" Tehnike sproščanja "" z Rymmo Štubler iz CKZ ZD Metlika. Za naš dobrobit je ključno, da najdemo načine, kako se razbremenimo vseh vsakodnevnih napetos";raw/web/zdravstvo-20260919-koledar-dogodkov-tehnike-sproscanja-rymma-stubler-ckz-zd-metlika-hsdm-080cf9407.md
https://www.radio-odeon.com/koledar-dogodkov/tehnike-sproscanja-hsd-crnomelj/;Tehnike sproščanja - HSD Črnomelj;Nejasno;Vabilo;;;Duševno zdravje;"Povezava s CKZ Črnomelj ni dovolj izrecna; ne vključujemo v njegovo oceno.";Obiščite delavnico, Centra za krepitev zdravja, na temo sproščanja. Delavnice in aktivnosti v Hiši Sadeži družbe Črnomelj so brezplačne.;raw/web/zdravstvo-20260919-koledar-dogodkov-tehnike-sproscanja-hsd-crnomelj-fde3092ac.md
https://www.radio-odeon.com/koledar-dogodkov/tehnike-sproscanja-2/;Tehnike sproščanja (2);Drug center;Vabilo;;;Duševno zdravje;"CKZ Metlika oziroma drug izvajalec; ni dokaza vloge CKZ Črnomelj.";Center za krepitev zdravja ZD Metlika vas vabi na delavnico z naslovom Tehnike sproščanja, ki bo potekala ob 17. uri v Zdravstvenem domu Metlika.;raw/web/zdravstvo-20260919-koledar-dogodkov-tehnike-sproscanja-2-a16325dd3.md
https://www.radio-odeon.com/koledar-dogodkov/tehnike-sproscanja/;Tehnike sproščanja;Drug center;Vabilo;;;Duševno zdravje;"CKZ Metlika oziroma drug izvajalec; ni dokaza vloge CKZ Črnomelj.";Center za krepitev zdravja ZD Metlika vas vabi na delavnico z naslovom Tehnike sproščanja, ki bo potekala ob 9.30 v Zdravstvenem domu Metlika.;raw/web/zdravstvo-20260919-koledar-dogodkov-tehnike-sproscanja-16267b5a4.md
https://www.radio-odeon.com/koledar-dogodkov/test-hoje-na-2-km-5/;TEST HOJE NA 2 KM;Nejasno;Vabilo;;;Gibanje;"Povezava s CKZ Črnomelj ni dovolj izrecna; ne vključujemo v njegovo oceno.";"dili svetovanje o ustrezni telesni dejavnosti za krepitev zdravja. ""Vsak dan je popoln dan za gibanje, če se odločimo, da bo tako."" Več informacij na 07 62 05 755 ali [email protected] Lepo vabljeni! #tr";raw/web/zdravstvo-20260919-koledar-dogodkov-test-hoje-na-2-km-5-27554fa00.md
https://www.radio-odeon.com/koledar-dogodkov/svetovni-dan-ustnega-zdravja-1/;Svetovni dan ustnega zdravja;Drug center;Vabilo;;;Ustno zdravje;"CKZ Metlika oziroma drug izvajalec; ni dokaza vloge CKZ Črnomelj.";Center za krepitev zdravja Bela krajina, vas vabi od 9. do 12. ure v Zdravstveni dom Metlika. Obeležili bomo Svetovni dan ustnega zdravja in namenili pozornost čiščenju medzobnih prostorov ter ustnemu zdravju.;raw/web/zdravstvo-20260919-koledar-dogodkov-svetovni-dan-ustnega-zdravja-1-2603da3d6.md
https://www.radio-odeon.com/koledar-dogodkov/svetovni-dan-ustnega-zdravja-i/;Svetovni dan ustnega zdravja;Drug center;Vabilo;;;Ustno zdravje;"CKZ Metlika oziroma drug izvajalec; ni dokaza vloge CKZ Črnomelj.";Center za krepitev zdravja Bela krajina, vas vabi v atrij Gale Metlika, kjer bomo namenili pozornost boljšemu ustnemu zdravju in lepemu nasmehu. Veselimo se vašega obiska.;raw/web/zdravstvo-20260919-koledar-dogodkov-svetovni-dan-ustnega-zdravja-i-808dafcb4.md
https://www.radio-odeon.com/koledar-dogodkov/svetovni-dan-ustnega-zdravja/;Svetovni dan ustnega zdravja;Nejasno;Vabilo;;;Ustno zdravje;"Povezava s CKZ Črnomelj ni dovolj izrecna; ne vključujemo v njegovo oceno.";Med 8. do 11. uro vas v okviru sejma na metliškem placu vabimo na zdravstveno vzgojno stojnico na temo ustnega zdravja in ustne higiene. Na informativni točki bo potekala tudi predstavitev zdravstveno vzgojnega centra (ZVC) Zdravs;raw/web/zdravstvo-20260919-koledar-dogodkov-svetovni-dan-ustnega-zdravja-1daac0dbf.md
https://www.radio-odeon.com/koledar-dogodkov/svetovni-dan-ustnega-zdravja-2/;Svetovni dan ustnega zdravja;Drug center;Vabilo;;;Ustno zdravje;"CKZ Metlika oziroma drug izvajalec; ni dokaza vloge CKZ Črnomelj.";Center za krepitev zdravja ZD Metlika vas vabi v knjižnico Metlika. Obeležili bomo svetovni dan ustnega zdravja. Na svetovalni točki boste lahko preizkusili različne pripomočke za ustno higieno. Veselimo se vašega ;raw/web/zdravstvo-20260919-koledar-dogodkov-svetovni-dan-ustnega-zdravja-2-a506a507e.md
https://www.radio-odeon.com/koledar-dogodkov/svetovni-dan-ledvic-2019-v-zd-crnomelj/;Svetovni dan ledvic 2019 v ZD Črnomelj;Črnomelj;Vabilo;;;Skupnost in splošno zdravje;V besedilu je izrecno naveden črnomaljski CKZ oziroma nekdanji naziv Bela krajina.;na prisotnost beljakovin v urinu. Lepo vabljeni! Center za krepitev zdravja Bela krajina;raw/web/zdravstvo-20260919-koledar-dogodkov-svetovni-dan-ledvic-2019-v-zd-crnomelj-2d7c28ecf.md
https://www.radio-odeon.com/koledar-dogodkov/svetovni-dan-ledvic/;Svetovni dan ledvic - odpoved akcije;Črnomelj;Vabilo;;;Skupnost in splošno zdravje;V besedilu je izrecno naveden črnomaljski CKZ oziroma nekdanji naziv Bela krajina.;nirali v četrtek 12.3.2020. Hvala za razumevanje CKZ ZD Črnomelj;raw/web/zdravstvo-20260919-koledar-dogodkov-svetovni-dan-ledvic-162510002.md
https://www.radio-odeon.com/koledar-dogodkov/svetovni-dan-hipertenzije/;Svetovni dan hipertenzije;Drug center;Vabilo;;;Skupnost in splošno zdravje;"CKZ Metlika oziroma drug izvajalec; ni dokaza vloge CKZ Črnomelj."; brezpačne meritve krvnega tlaka. Lepo vabljeni! Center za krepitev zdravja Metlika ZARADI SLABEGA VREMENA DOGODEK ODPADE!;raw/web/zdravstvo-20260919-koledar-dogodkov-svetovni-dan-hipertenzije-cdbb4859a.md
https://www.radio-odeon.com/koledar-dogodkov/svetovni-dan-debelosti-mateja-svajger-ckz-zd-metlika-hsdm/;Svetovni dan debelosti – Mateja Švajger CKZ ZD Metlika - HSDM;Drug center;Vabilo;;;Prehrana in telesna masa;"CKZ Metlika oziroma drug izvajalec; ni dokaza vloge CKZ Črnomelj.";"V Hišo Sadeži družbe Metlika vas vabimo na delavnico na temo ""Svetovni dan debelosti"" z Matejo Švajger iz CKZ ZD Metlika . Kakovost življenja je odvisna tudi od naše telesne teže, ki je posledica naše prehrane";raw/web/zdravstvo-20260919-koledar-dogodkov-svetovni-dan-debelosti-mateja-svajger-ckz-zd-metlika-hsdm-ee5eee06f.md
https://www.radio-odeon.com/koledar-dogodkov/svetovna-kavarna-1/;Svetovna kavarna #1;Izločeno;Vabilo;;;Skupnost in splošno zdravje;Iskalni zadetek brez potrjene relevantnosti za CKZ.;"V prostorih MC BIT (bivši dijaški dom, 2. nadstropje (nasproti OŠ Mirana Jarca), Črnomelj) se ob 13. uri prične ""Svetovna kavarna"" za mlade med 14 in 25 letom. ZAKAJ: da se upgrejdaš (osebnostno, z znanjem, izkušnjami) Te zanimajo";raw/web/zdravstvo-20260919-koledar-dogodkov-svetovna-kavarna-1-21de6baa3.md
https://www.radio-odeon.com/koledar-dogodkov/svetovalnica-za-zdravje-hsd-crnomelj-3/;Svetovalnica za zdravje - HSD Črnomelj;Črnomelj;Vabilo;;;Duševno zdravje;V besedilu je izrecno naveden črnomaljski CKZ oziroma nekdanji naziv Bela krajina.; drugi del Svetovalnice za zdravje, ki jo izvaja Center za krepitev zdravja Črnomelj. Naslov delavnice: ZDRAVI ODNOSI Vabljeni, da se nam pridružite, ob 9. uri zjutraj. Vse delavnice in aktivnosti v naši Hiši so brezplačne.;raw/web/zdravstvo-20260919-koledar-dogodkov-svetovalnica-za-zdravje-hsd-crnomelj-3-ed3ef9ca4.md
https://www.radio-odeon.com/koledar-dogodkov/svetovalnica-za-zdravje-hsd-crnomelj-1/;Svetovalnica za zdravje - HSD Črnomelj;Črnomelj;Vabilo;;;Skupnost in splošno zdravje;V besedilu je izrecno naveden črnomaljski CKZ oziroma nekdanji naziv Bela krajina.;lj gostimo Svetovalnico za zdravje, ki jo izvaja Center za krepitev zdravja Črnomelj;raw/web/zdravstvo-20260919-koledar-dogodkov-svetovalnica-za-zdravje-hsd-crnomelj-1-9e42cc7aa.md
https://www.radio-odeon.com/koledar-dogodkov/svetovalnica-za-zdravje-hsd-crnomelj-2/;Svetovalnica za zdravje - HSD Črnomelj;Črnomelj;Vabilo;;;Skupnost in splošno zdravje;V besedilu je izrecno naveden črnomaljski CKZ oziroma nekdanji naziv Bela krajina.;lj gostimo Svetovalnico za zdravje, ki jo izvaja Center za krepitev zdravja Črnomelj.;raw/web/zdravstvo-20260919-koledar-dogodkov-svetovalnica-za-zdravje-hsd-crnomelj-2-ea3afba7f.md
https://www.radio-odeon.com/koledar-dogodkov/stres-psihologinja-hsdm/;Stres psihologinja - HSDM;Drug center;Vabilo;;;Duševno zdravje;"CKZ Metlika oziroma drug izvajalec; ni dokaza vloge CKZ Črnomelj.";" vas vabimo na delavnico ""Stres psihologinja"" iz CKZ ZD Metlika . Če želimo najti svoj mir, moramo najprej najti sebe. Dihajte z nami. Vse delavnice in aktivnosti v Hiši Sadeži družbe Metlika so brezplačne .";raw/web/zdravstvo-20260919-koledar-dogodkov-stres-psihologinja-hsdm-6c74a654a.md
https://www.radio-odeon.com/koledar-dogodkov/stres-psihologinja-rymma-stubler-ckzm-hsdm-1/;Stres - psihologinja Rymma Štubler CKZM - HSDM;Drug center;Vabilo;;;Duševno zdravje;"CKZ Metlika oziroma drug izvajalec; ni dokaza vloge CKZ Črnomelj.";"V Hišo Sadeži družbe Metlika vas vabimo na delavnico "" Stres "" s psihologinjo Rymmo Štubler iz CKZ ZD Metlika. Kaj je stres, kako vpliva na naše življenje in kako se soočati z njim . Spoznajmo s";raw/web/zdravstvo-20260919-koledar-dogodkov-stres-psihologinja-rymma-stubler-ckzm-hsdm-1-b42ca136f.md
https://www.radio-odeon.com/koledar-dogodkov/stres-psihologinja-rymma-stubler-ckzm-hsdm-2/;Stres - psihologinja Rymma Štubler CKZM - HSDM;Drug center;Vabilo;;;Duševno zdravje;"CKZ Metlika oziroma drug izvajalec; ni dokaza vloge CKZ Črnomelj.";"V Hišo Sadeži družbe Metlika vas vabimo na delavnico "" Stres "" s psihologinjo Rymmo Štubler iz CKZ ZD Metlika. Kaj je stres, kako vpliva na naše življenje in kako se soočati z njim . Spoznajmo s";raw/web/zdravstvo-20260919-koledar-dogodkov-stres-psihologinja-rymma-stubler-ckzm-hsdm-2-9d6b501fb.md
https://www.radio-odeon.com/koledar-dogodkov/stres-psihologinja-rymma-stubler-ckzm-hsdm/;Stres - psihologinja Rymma Štubler CKZM - HSDM;Drug center;Vabilo;;;Duševno zdravje;"CKZ Metlika oziroma drug izvajalec; ni dokaza vloge CKZ Črnomelj.";"V Hišo Sadeži družbe Metlika vas vabimo na delavnico "" Stres "" s psihologinjo Rymmo Štubler iz CKZ ZD Metlika. Kaj je stres, kako vpliva na naše življenje in kako se soočati z njim . Spoznajmo s";raw/web/zdravstvo-20260919-koledar-dogodkov-stres-psihologinja-rymma-stubler-ckzm-hsdm-f184bbc75.md
https://www.radio-odeon.com/koledar-dogodkov/stres-psihologinja-rymma-stubler-ckzm-hsdm-3/;Stres - psihologinja Rymma Štubler CKZM - HSDM;Drug center;Vabilo;;;Duševno zdravje;"CKZ Metlika oziroma drug izvajalec; ni dokaza vloge CKZ Črnomelj.";"V Hišo Sadeži družbe Metlika vas vabimo na delavnico "" Stres "" s psihologinjo Rymmo Štubler iz CKZ ZD Metlika. Kaj je stres, kako vpliva na naše življenje in kako se soočati z njim . Spoznajmo s";raw/web/zdravstvo-20260919-koledar-dogodkov-stres-psihologinja-rymma-stubler-ckzm-hsdm-3-e402a653d.md
https://www.radio-odeon.com/koledar-dogodkov/sprostitveni-pohod-po-urbanovi-poti-z-europo-donno/;Sprostitveni pohod po Urbanovi poti z Europo Donno;Drug center;Vabilo;;;Duševno zdravje;"CKZ Metlika oziroma drug izvajalec; ni dokaza vloge CKZ Črnomelj.";ramov DORA, ZORA, SVIT ter -pomen HPV cepljenja (CKZ Metlika) -čaj in pogostitev (DKŽ Metlika) 11:00 -raztezne vaje s Šolo zdravja Metlika na Pungartu in začetek pohoda 11:45 -zvočna terapija pri cerkvici sv. Urbana. 13:00 predstavitev zelišč kot zdravega načina ;raw/web/zdravstvo-20260919-koledar-dogodkov-sprostitveni-pohod-po-urbanovi-poti-z-europo-donno-ec4564feb.md
https://www.radio-odeon.com/koledar-dogodkov/sprostitveni-pohod-po-urbanovi-poti/;Sprostitveni pohod po Urbanovi poti;Drug center;Vabilo;;;Gibanje;"CKZ Metlika oziroma drug izvajalec; ni dokaza vloge CKZ Črnomelj.";se ob 16h pred Hišo dobrot Bele krajine, kjer bo Center za krepitev zdravja Metlika opravil določene zdravstvene meritve in udeležencem pohoda podal napotke glede na opravljene meritve. Nato se bomo odpravili na sprostitveni pohod, ki bo ;raw/web/zdravstvo-20260919-koledar-dogodkov-sprostitveni-pohod-po-urbanovi-poti-ab9c48ee2.md
https://www.radio-odeon.com/koledar-dogodkov/sprostitvene-aktivnosti-za-vse-generacije/;Sprostitvene aktivnosti za vse generacije;Nejasno;Vabilo;;;Gibanje;"Povezava s CKZ Črnomelj ni dovolj izrecna; ne vključujemo v njegovo oceno.";ranje ravnovesje. Delavnico bo izvajal Center za krepitev zdravja na daljavo (online). Prijavite se zdaj! Za več informacij obiščite spletno stran. KOLEDAR DOGODKOV Kontaktna oseba za dogodek: mag. Irena Bohte, [email protected;raw/web/zdravstvo-20260919-koledar-dogodkov-sprostitvene-aktivnosti-za-vse-generacije-36a4f6133.md
https://www.radio-odeon.com/koledar-dogodkov/sprehod-do-igrisca-pri-beti-in-test-hoje-s-ckz/;Sprehod do igrišča pri Beti in test hoje s CKZ;Drug center;Vabilo;;;Gibanje;"CKZ Metlika oziroma drug izvajalec; ni dokaza vloge CKZ Črnomelj.";" ""Ali sem fit"" izvedli test hoje v sodelovanju s CKZ Metlika. Zborno mesto je ob 9.uri pred Hsd Metlika. Vse delavnice so v Hiši Sadeži družbe Metlika brezplačne in se izvajajo ob upoštevanju priporočil NIJZ.";raw/web/zdravstvo-20260919-koledar-dogodkov-sprehod-do-igrisca-pri-beti-in-test-hoje-s-ckz-1c5f90237.md
https://www.radio-odeon.com/koledar-dogodkov/spoprijemanje-z-depresijo/;Spoprijemanje z depresijo;Izločeno;Vabilo;;;Duševno zdravje;Iskalni zadetek brez potrjene relevantnosti za CKZ.;Zdravstveno-vzgojni center Črnomelj bo 4. decembra pričel s psihoedukativno delavnico Spoprijemanje z depresijo. V delavnici bomo spoznali vzroke in simptome depresije ter načine zdravljenja. Spoznali bomo, kako misli vplivajo na ;raw/web/zdravstvo-20260919-koledar-dogodkov-spoprijemanje-z-depresijo-1c88cc5db.md
https://www.radio-odeon.com/koledar-dogodkov/spoprijemanje-s-tesnobo-3/;Spoprijemanje s tesnobo;Izločeno;Vabilo;;;Duševno zdravje;Iskalni zadetek brez potrjene relevantnosti za CKZ.;Ste zaskrbljeni, tesnobni, napeti, ne morete spati, vas zvija v želodcu, vas mučijo glavoboli? Na delavnici Spoprijemanje s tesnobo se učimo o tesnobi, kako se odraža na našem telesu, v vedenju in mišljenju. Naučimo se strategij, ;raw/web/zdravstvo-20260919-koledar-dogodkov-spoprijemanje-s-tesnobo-3-9f1f89ca3.md
https://www.radio-odeon.com/koledar-dogodkov/spoprijemanje-s-tesnobo-1/;Spoprijemanje s tesnobo;Drug center;Vabilo;;;Duševno zdravje;"CKZ Metlika oziroma drug izvajalec; ni dokaza vloge CKZ Črnomelj.";Center za krepitev zdravja ZD Metlika vas vabi na delavnico z naslovom Spoprijemanje s tesnobo, ki bo potekala ob 17. uri v Zdravstvenem domu Metlika.;raw/web/zdravstvo-20260919-koledar-dogodkov-spoprijemanje-s-tesnobo-1-9fde6220f.md
https://www.radio-odeon.com/koledar-dogodkov/spoprijemanje-s-tesnobo-2/;Spoprijemanje s tesnobo;Drug center;Vabilo;;;Duševno zdravje;"CKZ Metlika oziroma drug izvajalec; ni dokaza vloge CKZ Črnomelj.";Center za krepitev zdravja Zd Metlika vas vabi na delavnico Podpora pri spoprijemanju s tesnobo, ki se prične ob 9.30 v sejni sobi ZD Metlika.;raw/web/zdravstvo-20260919-koledar-dogodkov-spoprijemanje-s-tesnobo-2-b885e9308.md
https://www.radio-odeon.com/koledar-dogodkov/spoprijemanje-s-stresom-s-psihologinjo-iz-ckz-hsdm/;Spoprijemanje s stresom s psihologinjo iz CKZ - HSDM;Drug center;Vabilo;;;Duševno zdravje;"CKZ Metlika oziroma drug izvajalec; ni dokaza vloge CKZ Črnomelj.";"V Hišo Sadeži družbe Metlika vas vabimo na delavnico ""Spoprijemanje s stresom s psihologinjo iz CKZ"". Če želimo najti svoj mir, moramo najprej najti sebe. Dihajte z nami. Vse delavnice in aktivnosti v";raw/web/zdravstvo-20260919-koledar-dogodkov-spoprijemanje-s-stresom-s-psihologinjo-iz-ckz-hsdm-4d03e2415.md
https://www.radio-odeon.com/koledar-dogodkov/spoprijemanje-s-stresom-2/;Spoprijemanje s stresom;Drug center;Vabilo;;;Duševno zdravje;"CKZ Metlika oziroma drug izvajalec; ni dokaza vloge CKZ Črnomelj.";Center za krepitev zdravja ZD Metlika vas vabi na delavnico z naslovom Spoprijemanje s stresom, ki bo potekala ob 9.30 in ob 17. uri v Zdravstvenem domu Metlika.;raw/web/zdravstvo-20260919-koledar-dogodkov-spoprijemanje-s-stresom-2-d1aeae57e.md
https://www.radio-odeon.com/koledar-dogodkov/spomladanski-test-hoje-2km/;Spomladanski test hoje (2km);Izločeno;Vabilo;;;Gibanje;Iskalni zadetek brez potrjene relevantnosti za CKZ.;Vabljeni, da se nam pridružite med 15:30 in 18. uro na Stadionu Loka v Črnomlju in preverite ali vam je v času epidemije uspelo vzdrževati takšen nivo telesne dejavnosti, da je pripomogel k izboljšanju ali pa vsaj ohranjanju vašeg;raw/web/zdravstvo-20260919-koledar-dogodkov-spomladanski-test-hoje-2km-e08e3dfa7.md
https://www.radio-odeon.com/koledar-dogodkov/spanje-mateja-svajger-ckz-zd-metlika-hsdm/;Spanje - Mateja Švajger CKZ ZD Metlika - HSDM;Drug center;Vabilo;;;Skupnost in splošno zdravje;"CKZ Metlika oziroma drug izvajalec; ni dokaza vloge CKZ Črnomelj.";"V Hišo Sadeži družbe Metlika vas vabimo na delavnico na temo "" Spanje"" z Matejo Švajger iz CKZ ZD Metlika. Kvaliteten počitek in spanec je zelo pomemben faktor za naše psihično počutje in zdrav";raw/web/zdravstvo-20260919-koledar-dogodkov-spanje-mateja-svajger-ckz-zd-metlika-hsdm-c473b223c.md
https://www.radio-odeon.com/koledar-dogodkov/slovesno-odprtje-semiskega-parka/;Slovesno odprtje Semiškega parka;Črnomelj;Vabilo;;;Gibanje;V besedilu je izrecno naveden črnomaljski CKZ oziroma nekdanji naziv Bela krajina.;5:30! Sodelujoči: - Društvo upokojencev Semič, - Center za krepitev zdravja ZD Črnomelj, Knjižnica Črnomelj – Krajevna knjižnica Semič, - Vrtec Sonček Semič, - Folklorna skupina OŠ Belokranjskega odreda Semič in - Belokranjsko gobarsko društvo. Praznujte z nam;raw/web/zdravstvo-20260919-koledar-dogodkov-slovesno-odprtje-semiskega-parka-a1347438b.md
https://www.radio-odeon.com/koledar-dogodkov/sladkorna-bolezen-tipa-2-in-meritve-krvnega-sladkorja-ckz-hsd-crnomelj/;Sladkorna bolezen tipa 2 in meritve krvnega sladkorja (CKZ), HSD Črnomelj;Črnomelj;Vabilo;;;Presnovno in srčno-žilno zdravje;V besedilu je izrecno naveden črnomaljski CKZ oziroma nekdanji naziv Bela krajina.;Vabljeni na predavanje o sladkorni bolezni tipa 2. Izvajale se bojo tudi meritve krvnega sladkorja. Dogodek izvaja Center za krepitev zdravja.Predavanje je brezplačno. Se vidimo!;raw/web/zdravstvo-20260919-koledar-dogodkov-sladkorna-bolezen-tipa-2-in-meritve-krvnega-sladkorja-ckz-hsd-crnomelj-2c5785776.md
https://www.radio-odeon.com/koledar-dogodkov/sladkorna-bolezen-tip-3/;Sladkorna bolezen tip 2;Črnomelj;Vabilo;;;Presnovno in srčno-žilno zdravje;V besedilu je izrecno naveden črnomaljski CKZ oziroma nekdanji naziv Bela krajina.;55 ali pišite na [email protected] Lepo vabljeni Center za krepitev zdravja Črnomelj;raw/web/zdravstvo-20260919-koledar-dogodkov-sladkorna-bolezen-tip-3-94dfd6aed.md
https://www.radio-odeon.com/koledar-dogodkov/skrb-za-zdravje-v-lokalnem-okolju/;Skrb za zdravje v lokalnem okolju;Črnomelj;Vabilo;;;Skupnost in splošno zdravje;V besedilu je izrecno naveden črnomaljski CKZ oziroma nekdanji naziv Bela krajina.;., NIJZ OE Novo mesto, - Tatjana Gregorič, vodja Centra za krepitev zdravja, ZD Črnomelj, - Valerija Lekič Poljšak, direktorica DSO Črnomelj, - Mateja Malnarič, koordinatorka obravnave v skupnosti, CSD Dolenjska in Bela krajina, - Boris Mužar, ravnatelj OŠ Miran Jarca Črnomelj in;raw/web/zdravstvo-20260919-koledar-dogodkov-skrb-za-zdravje-v-lokalnem-okolju-2af37d04a.md
https://www.radio-odeon.com/koledar-dogodkov/simbioza-gibanja/;Simbioza gibanja;Črnomelj;Vabilo;;;Gibanje;V besedilu je izrecno naveden črnomaljski CKZ oziroma nekdanji naziv Bela krajina.;"Hiša Sadeži družbe Črnomelj se je pridružila CKZ Bela krajina pri projektu ""Medgeneracijsko druženje"". Obisk in skupinska vadba v DSO Črnomelj, skupaj z Vrtec Črnomelj in HSD Črnomelj, ki bo potekal";raw/web/zdravstvo-20260919-koledar-dogodkov-simbioza-gibanja-f3e6c2656.md
https://www.radio-odeon.com/koledar-dogodkov/samopregledovanje-dojk/;Samopregledovanje dojk - ODPOVEDANO;Črnomelj;Odpoved / preklic;;;Ozaveščanje o raku;V besedilu je izrecno naveden črnomaljski CKZ oziroma nekdanji naziv Bela krajina.; Sadeži družbe Črnomelj, kjer bomo v sodelovanju Centra za krepitev zdravja, ZD Črnomelj, izvedli predavanje o samopregledovanju dojk. Vse aktivnosti v Hiši Sadeži družbe Črnomelj so brezplačne. Zaradi trenutne situacije ( koronavirus ) predava;raw/web/zdravstvo-20260919-koledar-dogodkov-samopregledovanje-dojk-9bfe7fe40.md
https://www.radio-odeon.com/koledar-dogodkov/test-hoje-na-2-km/;SPOMLADANSKI TEST HOJE NA 2 KM V METLIKI;Črnomelj;Vabilo;;;Gibanje;V besedilu je izrecno naveden črnomaljski CKZ oziroma nekdanji naziv Bela krajina.;i čim več občanov k aktivnem življenjskem slogu. Center za krepitev zdravja Bela krajina;raw/web/zdravstvo-20260919-koledar-dogodkov-test-hoje-na-2-km-be22bddc5.md
https://www.radio-odeon.com/koledar-dogodkov/s-custveno-inteligenco-in-empatijo-do-poslovnega-uspeha-in-zadovoljstva-2/;S čustveno inteligenco in empatijo do poslovnega uspeha in zadovoljstva (2);Izločeno;Vabilo;;;Duševno zdravje;Iskalni zadetek brez potrjene relevantnosti za CKZ.;"SPOT Svetovanje JV Slovenija v koordinaciji Območne obrtno-podjetniške zbornice Novo mesto vabi na brezplačno dvodnevno usposabljanje "" S čustveno inteligenco in empatijo do poslovnega uspeha in zadovoljstva"". Usposabljanje bo pot";raw/web/zdravstvo-20260919-koledar-dogodkov-s-custveno-inteligenco-in-empatijo-do-poslovnega-uspeha-in-zadovoljstva-2-a661e3eee.md
https://www.radio-odeon.com/koledar-dogodkov/s-custveno-inteligenco-in-empatijo-do-poslovnega-uspeha-in-zadovoljstva-1/;S čustveno inteligenco in empatijo do poslovnega uspeha in zadovoljstva (1);Izločeno;Vabilo;;;Duševno zdravje;Iskalni zadetek brez potrjene relevantnosti za CKZ.;"SPOT Svetovanje JV Slovenija v koordinaciji Območne obrtno-podjetniške zbornice Novo mesto vabi na brezplačno dvodnevno usposabljanje "" S čustveno inteligenco in empatijo do poslovnega uspeha in zadovoljstva"". Usposabljanje bo pot";raw/web/zdravstvo-20260919-koledar-dogodkov-s-custveno-inteligenco-in-empatijo-do-poslovnega-uspeha-in-zadovoljstva-1-42cd65925.md
https://www.radio-odeon.com/koledar-dogodkov/s-sladkorno-boleznijo-skozi-zivljenje/;S sladkorno boleznijo skozi življenje;Črnomelj;Vabilo;;;Presnovno in srčno-žilno zdravje;V besedilu je izrecno naveden črnomaljski CKZ oziroma nekdanji naziv Bela krajina.; 30 61 723 ali pišite na mail: [email protected] Center za krepitev zdravja Črnomelj;raw/web/zdravstvo-20260919-koledar-dogodkov-s-sladkorno-boleznijo-skozi-zivljenje-a434a8de5.md
https://www.radio-odeon.com/koledar-dogodkov/roznato-drevo/;Rožnato drevo;Črnomelj;Vabilo;;;Ozaveščanje o raku;V besedilu je izrecno naveden črnomaljski CKZ oziroma nekdanji naziv Bela krajina.; mednarodnem mesecu ozaveščanja o raku dojk tudi Center za krepitev zdravja ZD Črnomelj poziva k učenju pravilnega samopregledovanja dojk, o katerem lahko več izveste prav pri njih. Za individualni posvet ali posvet v sku;raw/web/zdravstvo-20260919-koledar-dogodkov-roznato-drevo-4fa11ab3b.md
https://www.radio-odeon.com/koledar-dogodkov/roznati-pohod-na-cudno-selo/;Rožnati pohod na Čudno selo;Črnomelj;Vabilo;;;Ozaveščanje o raku;V besedilu je izrecno naveden črnomaljski CKZ oziroma nekdanji naziv Bela krajina.;ojni vasi. Imeli bo potekala krajša predstavitev Centra za krepitev zdravja Bela krajina o nordijski hoji, sledil bo pohod na Čudno selo. Hoja bo po gozdu, zato je potrebna primerna obutev in pohodne palice. Pot je lažja, okoli 5 km in ;raw/web/zdravstvo-20260919-koledar-dogodkov-roznati-pohod-na-cudno-selo-b265099b2.md
https://www.radio-odeon.com/koledar-dogodkov/roznati-oktober-v-crnomlju/;Rožnati oktober v Črnomlju;Črnomelj;Vabilo;;;Ustno zdravje;V besedilu je izrecno naveden črnomaljski CKZ oziroma nekdanji naziv Bela krajina.; razvadim, saj vaja osvobaja«, s kineziologom iz Centra za krepitev zdravja Bele krajine, promocija ustnega zdravja z nasveti zobozdravnice, promocija temeljnih postopkov oživljanja in uporaba AED, prilagojena za otroke in odrasle – Zd;raw/web/zdravstvo-20260919-koledar-dogodkov-roznati-oktober-v-crnomlju-13a5b70b0.md
https://www.radio-odeon.com/koledar-dogodkov/roznati-oktober-v-semicu-pogovor-s-saso-einsiedler-1/;"Rožnati oktober v Semiču; Pogovor s Sašo Einsiedler";Črnomelj;Vabilo;;;Ozaveščanje o raku;V besedilu je izrecno naveden črnomaljski CKZ oziroma nekdanji naziv Bela krajina.;tudi Glasbena šola Črnomelj, Klepetave Šokice in Center za krepitev zdravja Bela krajina.;raw/web/zdravstvo-20260919-koledar-dogodkov-roznati-oktober-v-semicu-pogovor-s-saso-einsiedler-1-6099906f2.md
https://www.radio-odeon.com/koledar-dogodkov/roznati-oktober-v-semicu/;Rožnati oktober v Semiču;Črnomelj;Vabilo;;;Ustno zdravje;V besedilu je izrecno naveden črnomaljski CKZ oziroma nekdanji naziv Bela krajina.;č “Telovadim da se razvadim, saj vaja osvobaja”, Center za krepitev zdravja Bele krajine Promocija ustnega zdravja in meritve tlaka, Center za krepitev zdravja Bele krajine 19.00 Slavnostni prižig roza lučk Vabljeni, da se nam pridru;raw/web/zdravstvo-20260919-koledar-dogodkov-roznati-oktober-v-semicu-8e61ec855.md
https://www.radio-odeon.com/koledar-dogodkov/roznati-oktober/;Rožnati oktober;Nejasno;Vabilo;;;Ustno zdravje;"Povezava s CKZ Črnomelj ni dovolj izrecna; ne vključujemo v njegovo oceno.";ri pripravljamo predavanje in delavnico Vadba za krepitev zdravja, ki jo bo vodil mag. kineziologije, Darjan Spudič. Ob 19. uri pa si boste lahko ogledali novi film belokranjske režiserke Maje Weiss, M;raw/web/zdravstvo-20260919-koledar-dogodkov-roznati-oktober-ca5afc6d2.md
https://www.radio-odeon.com/koledar-dogodkov/rolanje-s-centrom-za-krepitev-zdravja-crnomelj/;Rolanje s Centrom za krepitev zdravja Črnomelj;Črnomelj;Vabilo;;;Gibanje;V besedilu je izrecno naveden črnomaljski CKZ oziroma nekdanji naziv Bela krajina.;Kulturni center Semič vas vabi na počitniške delavnice. Tokratna brezplačna delavnica bo potekala v telovadnici Partizan.;raw/web/zdravstvo-20260919-koledar-dogodkov-rolanje-s-centrom-za-krepitev-zdravja-crnomelj-267bb7442.md
https://www.radio-odeon.com/koledar-dogodkov/regijsko-preverjanje-usposobljenosti-ekip-prve-pomoci-1/;Regijsko preverjanje usposobljenosti ekip prve pomoči;Drug center;Vabilo;;;Skupnost in splošno zdravje;"CKZ Metlika oziroma drug izvajalec; ni dokaza vloge CKZ Črnomelj.";ram: preventivni programi Rdečega križa Metlika, Centra za krepitev zdravja ZD Metlika in NIJZ Novo mesto.;raw/web/zdravstvo-20260919-koledar-dogodkov-regijsko-preverjanje-usposobljenosti-ekip-prve-pomoci-1-d08f74ec1.md
https://www.radio-odeon.com/koledar-dogodkov/depresija-s-psihologinjo-iz-ckz-hsdm/;Razbremenilni pogovor s psihologinjo CKZ - HSDM;Drug center;Vabilo;;;Skupnost in splošno zdravje;"CKZ Metlika oziroma drug izvajalec; ni dokaza vloge CKZ Črnomelj.";"V Hišo Sadeži družbe Metlika vas vabimo na delavnico ""Razbremenilni pogovor s psihologinjo"". Pogovori potekajo individualno - po predhodni najavi na 051 785 217 (HSDM). Če želimo najti svoj mir, ";raw/web/zdravstvo-20260919-koledar-dogodkov-depresija-s-psihologinjo-iz-ckz-hsdm-1a0f27fcd.md
https://www.radio-odeon.com/koledar-dogodkov/spoprijemanje-s-stresom-s-psihologinjo-iz-ckz-hsdm-1/;Razbremenilni pogovor s psihologinjo CKZ - HSDM;Drug center;Vabilo;;;Skupnost in splošno zdravje;"CKZ Metlika oziroma drug izvajalec; ni dokaza vloge CKZ Črnomelj.";"V Hišo Sadeži družbe Metlika vas vabimo na delavnico ""Razbremenilni pogovor s psihologinjo"". Pogovori potekajo individualno - po predhodni najavi na 051 785 217 (HSDM). Če želimo najti svoj mir, ";raw/web/zdravstvo-20260919-koledar-dogodkov-spoprijemanje-s-stresom-s-psihologinjo-iz-ckz-hsdm-1-384611265.md
https://www.radio-odeon.com/koledar-dogodkov/retoricne-vragolije-dr-zdravka-zupancica-smo-slovenci-dobri-ali-slabi-govorci/;RETORIČNE VRAGOLIJE dr. Zdravka Zupančiča - Smo Slovenci dobri ali slabi govorci?;Izločeno;Vabilo;;;Ustno zdravje;Iskalni zadetek brez potrjene relevantnosti za CKZ.;Predavatelj dr. Zdravko Zupančič iz Šole retorike bo v dveh urah razgrnil skrivnosti odličnega govorjenja in nastopanja, tako v šolah, v poslovnem svetu, na televiziji kot po spletu ter popestril dogajanje s kratkimi prikazi. Neum;raw/web/zdravstvo-20260919-koledar-dogodkov-retoricne-vragolije-dr-zdravka-zupancica-smo-slovenci-dobri-ali-slabi-govorci-0d4decb98.md
https://www.radio-odeon.com/koledar-dogodkov/prva-pomoc-pri-poskodbah-otrok-predavanje-kristine-grahek/;Prva pomoč pri poškodbah otrok, predavanje Kristine Grahek;Nejasno;Vabilo;;;Skupnost in splošno zdravje;"Povezava s CKZ Črnomelj ni dovolj izrecna; ne vključujemo v njegovo oceno.";ZD Črnomelj – CKZ in Kulturni center Semič vas ob 18. uri vabita v Mladinsko sobo (Taborska ulica 8, Semič) na predavanje prva pomoč pri poškodbah otrok. Predavanje bo izvedla Kristna Grahek , dip;raw/web/zdravstvo-20260919-koledar-dogodkov-prva-pomoc-pri-poskodbah-otrok-predavanje-kristine-grahek-875a080a3.md
https://www.radio-odeon.com/koledar-dogodkov/prva-pomoc-pri-najmlajsih/;Prva pomoč pri najmlajših;Črnomelj;Vabilo;;;Ozaveščanje o raku;V besedilu je izrecno naveden črnomaljski CKZ oziroma nekdanji naziv Bela krajina.;Vabljeni na novo delavnico v Center za krepitev zdravja ZD Črnomelj Delavnica: Prva pomoč pri otrocih Kdaj? Ponedeljek, 3. 2. ob 16:00 Kje? CKZ ZD Črnomelj Naučite se ključnih korakov prve pomoči, ki lahko rešijo ;raw/web/zdravstvo-20260919-koledar-dogodkov-prva-pomoc-pri-najmlajsih-f804670ac.md
https://www.radio-odeon.com/koledar-dogodkov/projekt-evropski-teden-mobilnosti-meritve-krvnega-tlaka/;"Projekt Evropski teden mobilnosti ""Meritve krvnega tlaka""";Drug center;Vabilo;;;Presnovno in srčno-žilno zdravje;"CKZ Metlika oziroma drug izvajalec; ni dokaza vloge CKZ Črnomelj.";"Sadeži družbe Metlika pristopila k sodelovanju s Centrom za krepitev zdravja Metlika v projekt ""Meritve krvnega sladkorja in tlaka"", ki se prične ob 9. uri v atriju pri Gali. Vljudno vabljeni!";raw/web/zdravstvo-20260919-koledar-dogodkov-projekt-evropski-teden-mobilnosti-meritve-krvnega-tlaka-0e6a0d52d.md
https://www.radio-odeon.com/koledar-dogodkov/programa-luka-in-peter-mateja-svajger-ckz-zd-metlika-hsdm/;Programa Luka in Peter – Mateja Švajger CKZ ZD Metlika - HSDM;Drug center;Vabilo;;;Ozaveščanje o raku;"CKZ Metlika oziroma drug izvajalec; ni dokaza vloge CKZ Črnomelj.";"V Hišo Sadeži družbe Metlika vas vabimo na delavnico "" Programa Luka in Peter"" z Matejo Švajger iz CKZ ZD Metlika. Vabljeni na predavanje o novih presejalnih programih za rakasta obolenja , Luka (rak pljuč) in";raw/web/zdravstvo-20260919-koledar-dogodkov-programa-luka-in-peter-mateja-svajger-ckz-zd-metlika-hsdm-cd81ee48f.md
https://www.radio-odeon.com/koledar-dogodkov/priprava-na-porod-in-starsevstvo-marec-in-april-2019/;Priprava na porod in starševstvo (marec in april 2019);Nejasno;Vabilo;;;Prehrana in telesna masa;"Povezava s CKZ Črnomelj ni dovolj izrecna; ne vključujemo v njegovo oceno.";ič, na tel. številko: 07 62 05 748 ali Center za krepitev zdravja, na tel.št.: 07 30 61 723, vsak dan med 7. in 8. uro, ali pišete na el. naslov: [email protected] Naslednji termin delavnice Priprava na porod in starševstvo bo razpisan v me;raw/web/zdravstvo-20260919-koledar-dogodkov-priprava-na-porod-in-starsevstvo-marec-in-april-2019-1c8595a86.md
https://www.radio-odeon.com/koledar-dogodkov/priprava-na-porod-in-starsevstvo/;Priprava na porod in starševstvo;Črnomelj;Vabilo;;;Starši in otroci;V besedilu je izrecno naveden črnomaljski CKZ oziroma nekdanji naziv Bela krajina.;Center za krepitev zdravja Zdravstvenega doma Črnomelj vas ob 17. uri vabi z novim sklopom predavanj Priprava na porod in starševstvo, ki je namenjen vsem bodočim staršem. Na prvem predavanju bomo govorili o;raw/web/zdravstvo-20260919-koledar-dogodkov-priprava-na-porod-in-starsevstvo-ab8e93936.md
https://www.radio-odeon.com/koledar-dogodkov/primerna-prehrana-v-starosti/;Primerna prehrana v starosti;Črnomelj;Vabilo;;;Prehrana in telesna masa;V besedilu je izrecno naveden črnomaljski CKZ oziroma nekdanji naziv Bela krajina.;""". Predava Tina Resman, univ.dipl.inž.živil.teh, CKZ ZD Črnomelj in sicer ob 18. uri v Domu starejših občanov Črnomelj. Ne pozabite priti!";raw/web/zdravstvo-20260919-koledar-dogodkov-primerna-prehrana-v-starosti-a5b704eb5.md
https://www.radio-odeon.com/koledar-dogodkov/pridite-na-mirno-goro/;Pridite na Mirno goro!;Črnomelj;Vabilo;;;Ustno zdravje;V besedilu je izrecno naveden črnomaljski CKZ oziroma nekdanji naziv Bela krajina.;merili srčni utrip in nasičenost krvi s kisikom (ZVC ZD Črnomelj) ravno tako si boste lahko preverili sestavo telesne mase z analizatorjem (ZVC ZD Črnomelj) ogledali si boste demonstracijo temeljnih postopko;raw/web/zdravstvo-20260919-koledar-dogodkov-pridite-na-mirno-goro-ef4c5809c.md
https://www.radio-odeon.com/koledar-dogodkov/preventivne-delavnice-zvisane-mascobe-v-krvi/;Preventivne delavnice: Zvišane maščobe v krvi;Drug center;Vabilo;;;Presnovno in srčno-žilno zdravje;"CKZ Metlika oziroma drug izvajalec; ni dokaza vloge CKZ Črnomelj.";avnico Zvišane maščobe v krvi 12.9.2023 ob 9.00. Center za krepitev zdravja Metlika;raw/web/zdravstvo-20260919-koledar-dogodkov-preventivne-delavnice-zvisane-mascobe-v-krvi-2543beae6.md
https://www.radio-odeon.com/koledar-dogodkov/preventivna-delavnica-zdravo-hujsanje/;Preventivna delavnica Zdravo hujšanje;Drug center;Vabilo;;;Prehrana in telesna masa;"CKZ Metlika oziroma drug izvajalec; ni dokaza vloge CKZ Črnomelj.";uspelo spremeniti vaš življenjski slog na bolje. Center za krepitev zdravja Metlika;raw/web/zdravstvo-20260919-koledar-dogodkov-preventivna-delavnica-zdravo-hujsanje-fc4039df5.md
https://www.radio-odeon.com/koledar-dogodkov/preizkus-hoje-na-2km-v-sklopu-etm-ja-2024/;Preizkus hoje na 2km, v sklopu ETM-ja 2023;Črnomelj;Vabilo;;;Gibanje;V besedilu je izrecno naveden črnomaljski CKZ oziroma nekdanji naziv Bela krajina.; vsem občanom, starejšim od 18 let. Organizator: Center za krepitev zdravja Bela krajina Zborno mesto/lokacija: pri cerkvi sv. Mihaela na Trati. Dobrodošli!;raw/web/zdravstvo-20260919-koledar-dogodkov-preizkus-hoje-na-2km-v-sklopu-etm-ja-2024-11b3b4b1a.md
https://www.radio-odeon.com/koledar-dogodkov/preizkus-hoje-na-2-km-crnomelj/;Preizkus hoje na 2 km, Črnomelj;Nejasno;Vabilo;;;Gibanje;"Povezava s CKZ Črnomelj ni dovolj izrecna; ne vključujemo v njegovo oceno.";Zdravstveni dom Črnomelj, Center za krepitev zdravja, vas vabi na tradicionalni preizkus hoje na 2 km, ki bo potekal na stadionu Loka Črnomelj od 15.30 do 18.30 ure. Izvajali bomo tudi presejanje za oceno;raw/web/zdravstvo-20260919-koledar-dogodkov-preizkus-hoje-na-2-km-crnomelj-57fa19eef.md
https://www.radio-odeon.com/koledar-dogodkov/preizkus-hoje-na-2-km-vinica/;Preizkus hoje na 2 km, Vinica;Nejasno;Vabilo;;;Gibanje;"Povezava s CKZ Črnomelj ni dovolj izrecna; ne vključujemo v njegovo oceno.";Zdravstveni dom Črnomelj, Center za krepitev zdravja, vas vabi na tradicionalni preizkus hoje na 2 km, ki bo potekal na igrišču pri OŠ Vinica od 17. do 19. ure. Izvajali bomo tudi presejanje za oceno fu;raw/web/zdravstvo-20260919-koledar-dogodkov-preizkus-hoje-na-2-km-vinica-86a24221e.md
https://www.radio-odeon.com/koledar-dogodkov/preizkus-hoje-na-2km-v-crnomlju/;Preizkus hoje na 2 km v Črnomlju;Črnomelj;Vabilo;;;Gibanje;V besedilu je izrecno naveden črnomaljski CKZ oziroma nekdanji naziv Bela krajina.;"Center za krepitev zdravja ZD Črnomelj vas vabi na jesenski ""Preizkus hoje na 2 kilometra"". Testiranje bo potekalo na stadionu Loka Črnomelj od 15.30 do 18.30 ure. Vzporedno bomo izvajali raz";raw/web/zdravstvo-20260919-koledar-dogodkov-preizkus-hoje-na-2km-v-crnomlju-4cdc8b393.md
https://www.radio-odeon.com/koledar-dogodkov/preizkus-hoje-na-2-km-1/;Preizkus hoje na 2 km;Izločeno;Vabilo;;;Gibanje;Iskalni zadetek brez potrjene relevantnosti za CKZ.;Zdravstveno-vzgojni center ZD Črnomelj, vas vabi na preizkus hoje na 2 km. Testiranje se bo izvajalo na stadionu Loka od 15.30 do 18.00 ure. Vzporedno bo potekala demonstracija nordijske hoje. V primeru dežja bo preizkus hoje pres;raw/web/zdravstvo-20260919-koledar-dogodkov-preizkus-hoje-na-2-km-1-ce2e54d05.md
https://www.radio-odeon.com/koledar-dogodkov/prehrana-za-boljse-pocutje-ckz-hsd-crnomelj/;Prehrana za boljše počutje CKZ, HSD Črnomelj;Črnomelj;Vabilo;;;Prehrana in telesna masa;V besedilu je izrecno naveden črnomaljski CKZ oziroma nekdanji naziv Bela krajina.;S centrom za krepitev zdravja bomo izvedli delavnico na temo zdravega prehranjevanja.;raw/web/zdravstvo-20260919-koledar-dogodkov-prehrana-za-boljse-pocutje-ckz-hsd-crnomelj-ba3b60386.md
https://www.radio-odeon.com/koledar-dogodkov/predstavitev-nadgrajenih-programov-v-centru-za-krepitev-zdravja/;Predstavitev nadgrajenih programov v Centru za krepitev zdravja;Črnomelj;Vabilo;;;Skupnost in splošno zdravje;V besedilu je izrecno naveden črnomaljski CKZ oziroma nekdanji naziv Bela krajina.;Projektni teden CKZ Bela krajina vam ponuja številne dogodke, ki se jih bo možno brezplačno udeležiti. Obiščite nas v Zdravstvenem domu Črnomelj, kjer bomo na stojnicah predstavili svoje delo. Za vsakega nekaj, za zd;raw/web/zdravstvo-20260919-koledar-dogodkov-predstavitev-nadgrajenih-programov-v-centru-za-krepitev-zdravja-7760658f5.md
https://www.radio-odeon.com/koledar-dogodkov/prehrana-predavanje/;Predavanje o prehrani;Črnomelj;Vabilo;;;Prehrana in telesna masa;V besedilu je izrecno naveden črnomaljski CKZ oziroma nekdanji naziv Bela krajina.;nje z naslovom Prehrana v izvedbi Tine Resman iz Centra za krepitev zdravja Črnomelj. Vstop prost! Dobrodošli!;raw/web/zdravstvo-20260919-koledar-dogodkov-prehrana-predavanje-77ef51b83.md
https://www.radio-odeon.com/koledar-dogodkov/predavanje-prebava-skozi-leta/;Predavanje Prebava skozi leta;Črnomelj;Vabilo;;;Prehrana in telesna masa;V besedilu je izrecno naveden črnomaljski CKZ oziroma nekdanji naziv Bela krajina.;a predavanje Tine Resman, univ. dipl. živ. teh. (CKZ Črnomelj), o pomembnosti prebavil in vpliv prehrane nanje. Predavanje bo na Ljudski univerzi ZIK Črnomelj v četrtek, 30. maja, ob 18:00, v učilnici Pisanica. ;raw/web/zdravstvo-20260919-koledar-dogodkov-predavanje-prebava-skozi-leta-5d5257df8.md
https://www.radio-odeon.com/koledar-dogodkov/predavanje-nimam-casa-izgoreti/;Predavanje Nimam časa izgoreti;Črnomelj;Vabilo;;;Ustno zdravje;V besedilu je izrecno naveden črnomaljski CKZ oziroma nekdanji naziv Bela krajina.;vila univ. dipl. psihologinja dr. Sabina Prah iz Centra za krepitev zdravja, enota Črnomelj. Predavanje bo potekalo v torek, 10. oktobra 2023, ob 17.00 v Kulturnem domu Črnomelj. Organizira ga Center za krepitev zdravja, enota Črnomelj v sode;raw/web/zdravstvo-20260919-koledar-dogodkov-predavanje-nimam-casa-izgoreti-7d0ea2756.md
https://www.radio-odeon.com/koledar-dogodkov/predavanje-kako-se-umiriti-ko-ne-morem-spati/;Predavanje Kako se umiriti, ko ne morem spati;Črnomelj;Vabilo;;;Ustno zdravje;V besedilu je izrecno naveden črnomaljski CKZ oziroma nekdanji naziv Bela krajina.;V okviru Festivala zdravja, ki ga Center za krepitev zdravja Zdravstvenega doma Črnomelj organizira s partnerji, se bomo dotaknili tudi nespečnosti, ki marsikomu otežuje vsakodnevno funkcioniranje in znižuje kvaliteto življenja. Na predavanju bomo iskali;raw/web/zdravstvo-20260919-koledar-dogodkov-predavanje-kako-se-umiriti-ko-ne-morem-spati-ee0117e3d.md
https://www.radio-odeon.com/koledar-dogodkov/predavanje-kako-do-dobrega-pocutja/;Predavanje Kako do dobrega počutja;Črnomelj;Vabilo;;;Duševno zdravje;V besedilu je izrecno naveden črnomaljski CKZ oziroma nekdanji naziv Bela krajina.; okviru Festivala zdravja s partnerji organizira CKZ ZD Črnomelj, bo v sejni dobi ZD ČR potekalo predavanje Kako do dobrega počutja. Govorili bomo o tem, kako misli vplivajo na naše počutje, telo in vedenje ter kakšno m;raw/web/zdravstvo-20260919-koledar-dogodkov-predavanje-kako-do-dobrega-pocutja-9f53169e2.md
https://www.radio-odeon.com/koledar-dogodkov/predavanje-obvladovanje-sladkorne-bolezni/;"Predavanje ""Obvladovanje sladkorne bolezni""";Izločeno;Vabilo;;;Presnovno in srčno-žilno zdravje;Iskalni zadetek brez potrjene relevantnosti za CKZ.;"Društvo upokojencev Semič in Društvo diabetikov Metlika vas vabita na predavanje "" OBVLADOVANJE SLADKORNE BOLEZNI"", ki bo v torek, 28.11.2017, ob 17. uri v Kulturnem centru Semič. Predavateljica bo Tatjana Gregorič, dip. medicinsk";raw/web/zdravstvo-20260919-koledar-dogodkov-predavanje-obvladovanje-sladkorne-bolezni-2b39bd240.md
https://www.radio-odeon.com/koledar-dogodkov/poskrbimo-za-zdravje-z-umovadbo/;Poskrbimo za zdravje z umovadbo;Črnomelj;Vabilo;;;Gibanje;V besedilu je izrecno naveden črnomaljski CKZ oziroma nekdanji naziv Bela krajina.; v okviru Festivala za zdravje, ki ga organizira Center za krepitev zdravja Bela krajina, ZD Črnomelj s partnerji. Celoten program Festivala zdravja.;raw/web/zdravstvo-20260919-koledar-dogodkov-poskrbimo-za-zdravje-z-umovadbo-df33dadac.md
https://www.radio-odeon.com/koledar-dogodkov/popis-velike-uharice-v-beli-krajini/;Popis velike uharice v Beli krajini;Izločeno;Vabilo;;;Skupnost in splošno zdravje;Iskalni zadetek brez potrjene relevantnosti za CKZ.;Dolenjska sekcija DOPPS v sodelovanju s Krajinskim parkom Kolpa vabi na družabni skupinski popis velike uharice v Beli krajini. Popis bo potekal v soboto, 19. marca , pod vodstvom Gregorja Bernarda in Tomaža Miheliča . Zborno mest;raw/web/zdravstvo-20260919-koledar-dogodkov-popis-velike-uharice-v-beli-krajini-8aeda04c0.md
https://www.radio-odeon.com/koledar-dogodkov/pomen-zdravega-zivljenjskega-sloga/;Pomen zdravega življenjskega sloga;Drug center;Vabilo;;;Prehrana in telesna masa;"CKZ Metlika oziroma drug izvajalec; ni dokaza vloge CKZ Črnomelj.";s prosimo za prijave na [email protected] Izvaja Center za krepitev zdravja Bele krajine (Zdravstveni dom Črnomelj in Zdravstveni dom Metlika);raw/web/zdravstvo-20260919-koledar-dogodkov-pomen-zdravega-zivljenjskega-sloga-d0fcd9480.md
https://www.radio-odeon.com/koledar-dogodkov/pomen-spanja-in-tezave-pri-spanju-predavanje/;Pomen spanja in težave pri spanju, predavanje;Črnomelj;Vabilo;;;Skupnost in splošno zdravje;V besedilu je izrecno naveden črnomaljski CKZ oziroma nekdanji naziv Bela krajina.;anje bo izvedla diplo. psihologinja Lea Štravs s Centra za krepitev zdravja ZD Črnomelj. Predavanje je brezplačno! Dobrodošli!;raw/web/zdravstvo-20260919-koledar-dogodkov-pomen-spanja-in-tezave-pri-spanju-predavanje-f058724ac.md
https://www.radio-odeon.com/koledar-dogodkov/pohod-po-crmosnjiski-dolini-1/;Pohod po črmošnjiški dolini;Črnomelj;Vabilo;;;Gibanje;V besedilu je izrecno naveden črnomaljski CKZ oziroma nekdanji naziv Bela krajina.;ected] ali 031 377 061. Teden zdravja koordinira Center za krepitev zdravja Črnomelj.;raw/web/zdravstvo-20260919-koledar-dogodkov-pohod-po-crmosnjiski-dolini-1-6a21ed34f.md
https://www.radio-odeon.com/koledar-dogodkov/pohod-po-okolici-metlike/;Pohod po okolici Metlike;Drug center;Vabilo;;;Duševno zdravje;"CKZ Metlika oziroma drug izvajalec; ni dokaza vloge CKZ Črnomelj.";? Potem se vidimo v sredo, 14. maja ob 8.00 pred Centrom za krepitev zdravja Metlika! Pot je lahka. Vmes je dovolj časa za klepet, razgled in oddih. Družba? Prava – nasmejana in sproščena! Kaj rabiš? Udobne čevlje (lahko tudi po;raw/web/zdravstvo-20260919-koledar-dogodkov-pohod-po-okolici-metlike-7381133dd.md
https://www.radio-odeon.com/koledar-dogodkov/pohod-po-gozdni-poti/;Pohod po gozdni poti;Drug center;Vabilo;;;Gibanje;"CKZ Metlika oziroma drug izvajalec; ni dokaza vloge CKZ Črnomelj.";8.00 uri. Zberemo se na parkirišču Salona Kolpa. CKZ Metlika;raw/web/zdravstvo-20260919-koledar-dogodkov-pohod-po-gozdni-poti-fb4f0ecd2.md
https://www.radio-odeon.com/koledar-dogodkov/pohod-po-delu-kraske-ucne-poti-od-lebice-do-krupe-v-sklopu-festivala-zdravje/;Pohod po delu kraške učne poti od Lebice do Krupe, v sklopu festivala Zdravje;Nejasno;Vabilo;;;Gibanje;"Povezava s CKZ Črnomelj ni dovolj izrecna; ne vključujemo v njegovo oceno.";ZD Črnomelj – CKZ in Planinsko društvo Semič vas v sklopu festivala Zdravje vabita na pohod po delu kraške učne poti od Lebice do Krupe. Zbor pohodnikov na parkirišču v vasi Krupa ob 9. uri. Dobrodošli!;raw/web/zdravstvo-20260919-koledar-dogodkov-pohod-po-delu-kraske-ucne-poti-od-lebice-do-krupe-v-sklopu-festivala-zdravje-2433f4793.md
https://www.radio-odeon.com/koledar-dogodkov/pohod-z-zdravjem-skozi-mesto/;Pohod Z zdravjem skozi mesto;Drug center;Vabilo;;;Gibanje;"CKZ Metlika oziroma drug izvajalec; ni dokaza vloge CKZ Črnomelj."; Z zdravjem skozi mesto. Zberemo se ob 9.00 pred Centrom za krepitev zdravja Metlika. Pot je dolga 6 km in je lažje zahtevnosti. Lepo vabljeni, Center za krepitev zdravja Metlika;raw/web/zdravstvo-20260919-koledar-dogodkov-pohod-z-zdravjem-skozi-mesto-d3c911bf1.md
https://www.radio-odeon.com/koledar-dogodkov/pogovorni-dogodek/;"Pogovorni dogodek: ""Moč samopregledovanja in samoopazovanja: ko trenutek pozornosti reši življenje""";Črnomelj;Vabilo;;;Ozaveščanje o raku;V besedilu je izrecno naveden črnomaljski CKZ oziroma nekdanji naziv Bela krajina.; specialnimi znanji s področja preventive, Vodja CKZ iz ZD Črnomelj, gostja in gost, ki bosta z nami delila svojo osebno pot soočanja z boleznijo. moderatorka: Skozi pogovor nas bo vodila Mojca Čemas Stjepanovič Tvoje telo, tvoja odgovornost. V vsakem obdobju. Pridite, prisluhnit;raw/web/zdravstvo-20260919-koledar-dogodkov-pogovorni-dogodek-186372cde.md
https://www.radio-odeon.com/koledar-dogodkov/pogovor-s-psihologinjo-rymmo-iz-ckz-zd-metlika-hsdm/;Pogovor s psihologinjo Rymmo iz CKZ ZD Metlika - HSDM;Drug center;Vabilo;;;Skupnost in splošno zdravje;"CKZ Metlika oziroma drug izvajalec; ni dokaza vloge CKZ Črnomelj.";"V Hišo Sadeži družbe Metlika vas vabimo na delavnico ""Pogovor s psihologinjo Rymmo"" iz CKZ ZD Metlika. Pogovori potekajo individualno - po predhodni najavi na 051 785 217 (HSDM). Če želimo najti svoj m";raw/web/zdravstvo-20260919-koledar-dogodkov-pogovor-s-psihologinjo-rymmo-iz-ckz-zd-metlika-hsdm-bffb2c9d0.md
https://www.radio-odeon.com/koledar-dogodkov/podpora-pri-spoprijemanju-z-depresijo/;Podpora pri spoprijemanju z depresijo;Drug center;Vabilo;;;Duševno zdravje;"CKZ Metlika oziroma drug izvajalec; ni dokaza vloge CKZ Črnomelj.";Center za krepitev zdravja ZD Metlika vas vabi na delavnico Podpora pri spoprijemanju z depresijo, ki se prične ob 9.30 uri v sejni sobi ZD Metlika.;raw/web/zdravstvo-20260919-koledar-dogodkov-podpora-pri-spoprijemanju-z-depresijo-8b498d688.md
https://www.radio-odeon.com/koledar-dogodkov/pilates-hsd-crnomelj-2/;Pilates, HSD Črnomelj;Izločeno;Vabilo;;;Duševno zdravje;Iskalni zadetek brez potrjene relevantnosti za CKZ.;Z veseljem sporočamo, da je skupina za jesenski ciklus pilatesa že polna! Hvala vsem za prijave in zaupanje – veselimo se naše skupne poti do boljšega počutja. Na vadbah bomo izvajali kontrolirane pilates vaje za krepitev trupa, i;raw/web/zdravstvo-20260919-koledar-dogodkov-pilates-hsd-crnomelj-2-eda152f2f.md
https://www.radio-odeon.com/koledar-dogodkov/pilates-hsd-crnomelj-3/;Pilates, HSD Črnomelj;Izločeno;Vabilo;;;Duševno zdravje;Iskalni zadetek brez potrjene relevantnosti za CKZ.;Z veseljem sporočamo, da je skupina za jesenski ciklus pilatesa že polna! Hvala vsem za prijave in zaupanje – veselimo se naše skupne poti do boljšega počutja. Na vadbah bomo izvajali kontrolirane pilates vaje za krepitev trupa, i;raw/web/zdravstvo-20260919-koledar-dogodkov-pilates-hsd-crnomelj-3-dc8ca0554.md
https://www.radio-odeon.com/koledar-dogodkov/pilates-hsd-crnomelj/;Pilates, HSD Črnomelj;Izločeno;Vabilo;;;Duševno zdravje;Iskalni zadetek brez potrjene relevantnosti za CKZ.;Z veseljem sporočamo, da je skupina za jesenski ciklus pilatesa že polna! Hvala vsem za prijave in zaupanje – veselimo se naše skupne poti do boljšega počutja. Na vadbah bomo izvajali kontrolirane pilates vaje za krepitev trupa, i;raw/web/zdravstvo-20260919-koledar-dogodkov-pilates-hsd-crnomelj-9323e76a9.md
https://www.radio-odeon.com/koledar-dogodkov/pilates-hsd-crnomelj-1/;Pilates, HSD Črnomelj;Izločeno;Vabilo;;;Duševno zdravje;Iskalni zadetek brez potrjene relevantnosti za CKZ.;Z veseljem sporočamo, da je skupina za jesenski ciklus pilatesa že polna! Hvala vsem za prijave in zaupanje – veselimo se naše skupne poti do boljšega počutja. Na vadbah bomo izvajali kontrolirane pilates vaje za krepitev trupa, i;raw/web/zdravstvo-20260919-koledar-dogodkov-pilates-hsd-crnomelj-1-a7c60bbc7.md
https://www.radio-odeon.com/koledar-dogodkov/pilates-2-skupina-mesta-so-ze-popolnjena-hsd-crnomelj-13/;Pilates 2. skupina (mesta so že popolnjena) - HSD Črnomelj;Izločeno;Vabilo;;;Duševno zdravje;Iskalni zadetek brez potrjene relevantnosti za CKZ.;Z veseljem sporočamo, da je skupina za jesenski ciklus pilatesa že polna! Hvala vsem za prijave in zaupanje – veselimo se naše skupne poti do boljšega počutja. Na vadbah bomo izvajali kontrolirane pilates vaje za krepitev trupa, i;raw/web/zdravstvo-20260919-koledar-dogodkov-pilates-2-skupina-mesta-so-ze-popolnjena-hsd-crnomelj-13-18df69736.md
https://www.radio-odeon.com/koledar-dogodkov/pilates-2-skupina-mesta-so-ze-popolnjena-hsd-crnomelj-4/;Pilates 2. skupina (mesta so že popolnjena) - HSD Črnomelj;Izločeno;Vabilo;;;Duševno zdravje;Iskalni zadetek brez potrjene relevantnosti za CKZ.;Z veseljem sporočamo, da je skupina za jesenski ciklus pilatesa že polna! Hvala vsem za prijave in zaupanje – veselimo se naše skupne poti do boljšega počutja. Na vadbah bomo izvajali kontrolirane pilates vaje za krepitev trupa, i;raw/web/zdravstvo-20260919-koledar-dogodkov-pilates-2-skupina-mesta-so-ze-popolnjena-hsd-crnomelj-4-f8c548554.md
https://www.radio-odeon.com/koledar-dogodkov/pilates-2-skupina-mesta-so-ze-popolnjena-hsd-crnomelj-5/;Pilates 2. skupina (mesta so že popolnjena) - HSD Črnomelj;Izločeno;Vabilo;;;Duševno zdravje;Iskalni zadetek brez potrjene relevantnosti za CKZ.;Z veseljem sporočamo, da je skupina za jesenski ciklus pilatesa že polna! Hvala vsem za prijave in zaupanje – veselimo se naše skupne poti do boljšega počutja. Na vadbah bomo izvajali kontrolirane pilates vaje za krepitev trupa, i;raw/web/zdravstvo-20260919-koledar-dogodkov-pilates-2-skupina-mesta-so-ze-popolnjena-hsd-crnomelj-5-af2eabcd2.md
https://www.radio-odeon.com/koledar-dogodkov/pilates-2-skupina-mesta-so-ze-popolnjena-hsd-crnomelj/;Pilates 2. skupina (mesta so že popolnjena) - HSD Črnomelj;Izločeno;Vabilo;;;Duševno zdravje;Iskalni zadetek brez potrjene relevantnosti za CKZ.;Z veseljem sporočamo, da je skupina za jesenski ciklus pilatesa že polna! Hvala vsem za prijave in zaupanje – veselimo se naše skupne poti do boljšega počutja. Na vadbah bomo izvajali kontrolirane pilates vaje za krepitev trupa, i;raw/web/zdravstvo-20260919-koledar-dogodkov-pilates-2-skupina-mesta-so-ze-popolnjena-hsd-crnomelj-fedd87d7a.md
https://www.radio-odeon.com/koledar-dogodkov/pilates-2-skupina-mesta-so-ze-popolnjena-hsd-crnomelj-10/;Pilates 2. skupina (mesta so že popolnjena) - HSD Črnomelj;Izločeno;Vabilo;;;Duševno zdravje;Iskalni zadetek brez potrjene relevantnosti za CKZ.;Z veseljem sporočamo, da je skupina za jesenski ciklus pilatesa že polna! Hvala vsem za prijave in zaupanje – veselimo se naše skupne poti do boljšega počutja. Na vadbah bomo izvajali kontrolirane pilates vaje za krepitev trupa, i;raw/web/zdravstvo-20260919-koledar-dogodkov-pilates-2-skupina-mesta-so-ze-popolnjena-hsd-crnomelj-10-50f115707.md
https://www.radio-odeon.com/koledar-dogodkov/pilates-2-skupina-mesta-so-ze-popolnjena-hsd-crnomelj-11/;Pilates 2. skupina (mesta so že popolnjena) - HSD Črnomelj;Izločeno;Vabilo;;;Duševno zdravje;Iskalni zadetek brez potrjene relevantnosti za CKZ.;Z veseljem sporočamo, da je skupina za jesenski ciklus pilatesa že polna! Hvala vsem za prijave in zaupanje – veselimo se naše skupne poti do boljšega počutja. Na vadbah bomo izvajali kontrolirane pilates vaje za krepitev trupa, i;raw/web/zdravstvo-20260919-koledar-dogodkov-pilates-2-skupina-mesta-so-ze-popolnjena-hsd-crnomelj-11-523892e70.md
https://www.radio-odeon.com/koledar-dogodkov/pilates-2-skupina-mesta-so-ze-popolnjena-hsd-crnomelj-12/;Pilates 2. skupina (mesta so že popolnjena) - HSD Črnomelj;Izločeno;Vabilo;;;Duševno zdravje;Iskalni zadetek brez potrjene relevantnosti za CKZ.;Z veseljem sporočamo, da je skupina za jesenski ciklus pilatesa že polna! Hvala vsem za prijave in zaupanje – veselimo se naše skupne poti do boljšega počutja. Na vadbah bomo izvajali kontrolirane pilates vaje za krepitev trupa, i;raw/web/zdravstvo-20260919-koledar-dogodkov-pilates-2-skupina-mesta-so-ze-popolnjena-hsd-crnomelj-12-8868cd4b3.md
https://www.radio-odeon.com/koledar-dogodkov/pilates-2-skupina-mesta-so-ze-popolnjena-hsd-crnomelj-14/;Pilates 2. skupina (mesta so že popolnjena) - HSD Črnomelj;Izločeno;Vabilo;;;Duševno zdravje;Iskalni zadetek brez potrjene relevantnosti za CKZ.;Z veseljem sporočamo, da je skupina za jesenski ciklus pilatesa že polna! Hvala vsem za prijave in zaupanje – veselimo se naše skupne poti do boljšega počutja. Na vadbah bomo izvajali kontrolirane pilates vaje za krepitev trupa, i;raw/web/zdravstvo-20260919-koledar-dogodkov-pilates-2-skupina-mesta-so-ze-popolnjena-hsd-crnomelj-14-c12cb6e9b.md
https://www.radio-odeon.com/koledar-dogodkov/pilates-2-skupina-mesta-so-ze-popolnjena-hsd-crnomelj-2/;Pilates 2. skupina (mesta so že popolnjena) - HSD Črnomelj;Izločeno;Vabilo;;;Duševno zdravje;Iskalni zadetek brez potrjene relevantnosti za CKZ.;Z veseljem sporočamo, da je skupina za jesenski ciklus pilatesa že polna! Hvala vsem za prijave in zaupanje – veselimo se naše skupne poti do boljšega počutja. Na vadbah bomo izvajali kontrolirane pilates vaje za krepitev trupa, i;raw/web/zdravstvo-20260919-koledar-dogodkov-pilates-2-skupina-mesta-so-ze-popolnjena-hsd-crnomelj-2-ed5569600.md
https://www.radio-odeon.com/koledar-dogodkov/pilates-2-skupina-mesta-so-ze-popolnjena-hsd-crnomelj-3/;Pilates 2. skupina (mesta so že popolnjena) - HSD Črnomelj;Izločeno;Vabilo;;;Duševno zdravje;Iskalni zadetek brez potrjene relevantnosti za CKZ.;Z veseljem sporočamo, da je skupina za jesenski ciklus pilatesa že polna! Hvala vsem za prijave in zaupanje – veselimo se naše skupne poti do boljšega počutja. Na vadbah bomo izvajali kontrolirane pilates vaje za krepitev trupa, i;raw/web/zdravstvo-20260919-koledar-dogodkov-pilates-2-skupina-mesta-so-ze-popolnjena-hsd-crnomelj-3-d37879768.md
https://www.radio-odeon.com/koledar-dogodkov/pilates-2-skupina-mesta-so-ze-popolnjena-hsd-crnomelj-6/;Pilates 2. skupina (mesta so že popolnjena) - HSD Črnomelj;Izločeno;Vabilo;;;Duševno zdravje;Iskalni zadetek brez potrjene relevantnosti za CKZ.;Z veseljem sporočamo, da je skupina za jesenski ciklus pilatesa že polna! Hvala vsem za prijave in zaupanje – veselimo se naše skupne poti do boljšega počutja. Na vadbah bomo izvajali kontrolirane pilates vaje za krepitev trupa, i;raw/web/zdravstvo-20260919-koledar-dogodkov-pilates-2-skupina-mesta-so-ze-popolnjena-hsd-crnomelj-6-de0af8ce5.md
https://www.radio-odeon.com/koledar-dogodkov/pilates-2-skupina-mesta-so-ze-popolnjena-hsd-crnomelj-7/;Pilates 2. skupina (mesta so že popolnjena) - HSD Črnomelj;Izločeno;Vabilo;;;Duševno zdravje;Iskalni zadetek brez potrjene relevantnosti za CKZ.;Z veseljem sporočamo, da je skupina za jesenski ciklus pilatesa že polna! Hvala vsem za prijave in zaupanje – veselimo se naše skupne poti do boljšega počutja. Na vadbah bomo izvajali kontrolirane pilates vaje za krepitev trupa, i;raw/web/zdravstvo-20260919-koledar-dogodkov-pilates-2-skupina-mesta-so-ze-popolnjena-hsd-crnomelj-7-fa7325a4c.md
https://www.radio-odeon.com/koledar-dogodkov/pilates-2-skupina-mesta-so-ze-popolnjena-hsd-crnomelj-9/;Pilates 2. skupina (mesta so že popolnjena) - HSD Črnomelj;Izločeno;Vabilo;;;Duševno zdravje;Iskalni zadetek brez potrjene relevantnosti za CKZ.;Z veseljem sporočamo, da je skupina za jesenski ciklus pilatesa že polna! Hvala vsem za prijave in zaupanje – veselimo se naše skupne poti do boljšega počutja. Na vadbah bomo izvajali kontrolirane pilates vaje za krepitev trupa, i;raw/web/zdravstvo-20260919-koledar-dogodkov-pilates-2-skupina-mesta-so-ze-popolnjena-hsd-crnomelj-9-90e41a039.md
https://www.radio-odeon.com/koledar-dogodkov/pilates-1-skupina-mesta-so-ze-popolnjena-hsd-crnomelj-12/;Pilates 1. skupina (mesta so že popolnjena) - HSD Črnomelj;Izločeno;Vabilo;;;Duševno zdravje;Iskalni zadetek brez potrjene relevantnosti za CKZ.;Z veseljem sporočamo, da je skupina za jesenski ciklus pilatesa že polna! Hvala vsem za prijave in zaupanje – veselimo se naše skupne poti do boljšega počutja. Na vadbah bomo izvajali kontrolirane pilates vaje za krepitev trupa, i;raw/web/zdravstvo-20260919-koledar-dogodkov-pilates-1-skupina-mesta-so-ze-popolnjena-hsd-crnomelj-12-10473e690.md
https://www.radio-odeon.com/koledar-dogodkov/pilates-1-skupina-mesta-so-ze-popolnjena-hsd-crnomelj-1/;Pilates 1. skupina (mesta so že popolnjena) - HSD Črnomelj;Izločeno;Vabilo;;;Duševno zdravje;Iskalni zadetek brez potrjene relevantnosti za CKZ.;Z veseljem sporočamo, da je skupina za jesenski ciklus pilatesa že polna! Hvala vsem za prijave in zaupanje – veselimo se naše skupne poti do boljšega počutja. Na vadbah bomo izvajali kontrolirane pilates vaje za krepitev trupa, i;raw/web/zdravstvo-20260919-koledar-dogodkov-pilates-1-skupina-mesta-so-ze-popolnjena-hsd-crnomelj-1-eaa10dd79.md
https://www.radio-odeon.com/koledar-dogodkov/pilates-1-skupina-mesta-so-ze-popolnjena-hsd-crnomelj-13/;Pilates 1. skupina (mesta so že popolnjena) - HSD Črnomelj;Izločeno;Vabilo;;;Duševno zdravje;Iskalni zadetek brez potrjene relevantnosti za CKZ.;Z veseljem sporočamo, da je skupina za jesenski ciklus pilatesa že polna! Hvala vsem za prijave in zaupanje – veselimo se naše skupne poti do boljšega počutja. Na vadbah bomo izvajali kontrolirane pilates vaje za krepitev trupa, i;raw/web/zdravstvo-20260919-koledar-dogodkov-pilates-1-skupina-mesta-so-ze-popolnjena-hsd-crnomelj-13-3da18fc12.md
https://www.radio-odeon.com/koledar-dogodkov/pilates-1-skupina-mesta-so-ze-popolnjena-hsd-crnomelj-14/;Pilates 1. skupina (mesta so že popolnjena) - HSD Črnomelj;Izločeno;Vabilo;;;Duševno zdravje;Iskalni zadetek brez potrjene relevantnosti za CKZ.;Z veseljem sporočamo, da je skupina za jesenski ciklus pilatesa že polna! Hvala vsem za prijave in zaupanje – veselimo se naše skupne poti do boljšega počutja. Na vadbah bomo izvajali kontrolirane pilates vaje za krepitev trupa, i;raw/web/zdravstvo-20260919-koledar-dogodkov-pilates-1-skupina-mesta-so-ze-popolnjena-hsd-crnomelj-14-c61d1ea24.md
https://www.radio-odeon.com/koledar-dogodkov/pilates-1-skupina-mesta-so-ze-popolnjena-hsd-crnomelj-7/;Pilates 1. skupina (mesta so že popolnjena) - HSD Črnomelj;Izločeno;Vabilo;;;Duševno zdravje;Iskalni zadetek brez potrjene relevantnosti za CKZ.;Z veseljem sporočamo, da je skupina za jesenski ciklus pilatesa že polna! Hvala vsem za prijave in zaupanje – veselimo se naše skupne poti do boljšega počutja. Na vadbah bomo izvajali kontrolirane pilates vaje za krepitev trupa, i;raw/web/zdravstvo-20260919-koledar-dogodkov-pilates-1-skupina-mesta-so-ze-popolnjena-hsd-crnomelj-7-8576bbadd.md
https://www.radio-odeon.com/koledar-dogodkov/pilates-1-skupina-mesta-so-ze-popolnjena-hsd-crnomelj-5/;Pilates 1. skupina (mesta so že popolnjena) - HSD Črnomelj;Izločeno;Vabilo;;;Duševno zdravje;Iskalni zadetek brez potrjene relevantnosti za CKZ.;Z veseljem sporočamo, da je skupina za jesenski ciklus pilatesa že polna! Hvala vsem za prijave in zaupanje – veselimo se naše skupne poti do boljšega počutja. Na vadbah bomo izvajali kontrolirane pilates vaje za krepitev trupa, i;raw/web/zdravstvo-20260919-koledar-dogodkov-pilates-1-skupina-mesta-so-ze-popolnjena-hsd-crnomelj-5-19b51424e.md
https://www.radio-odeon.com/koledar-dogodkov/pilates-1-skupina-mesta-so-ze-popolnjena-hsd-crnomelj-2/;Pilates 1. skupina (mesta so že popolnjena) - HSD Črnomelj;Izločeno;Vabilo;;;Duševno zdravje;Iskalni zadetek brez potrjene relevantnosti za CKZ.;Z veseljem sporočamo, da je skupina za jesenski ciklus pilatesa že polna! Hvala vsem za prijave in zaupanje – veselimo se naše skupne poti do boljšega počutja. Na vadbah bomo izvajali kontrolirane pilates vaje za krepitev trupa, i;raw/web/zdravstvo-20260919-koledar-dogodkov-pilates-1-skupina-mesta-so-ze-popolnjena-hsd-crnomelj-2-d816e1448.md
https://www.radio-odeon.com/koledar-dogodkov/pilates-1-skupina-mesta-so-ze-popolnjena-hsd-crnomelj-9/;Pilates 1. skupina (mesta so že popolnjena) - HSD Črnomelj;Izločeno;Vabilo;;;Duševno zdravje;Iskalni zadetek brez potrjene relevantnosti za CKZ.;Z veseljem sporočamo, da je skupina za jesenski ciklus pilatesa že polna! Hvala vsem za prijave in zaupanje – veselimo se naše skupne poti do boljšega počutja. Na vadbah bomo izvajali kontrolirane pilates vaje za krepitev trupa, i;raw/web/zdravstvo-20260919-koledar-dogodkov-pilates-1-skupina-mesta-so-ze-popolnjena-hsd-crnomelj-9-742be3784.md
https://www.radio-odeon.com/koledar-dogodkov/pilates-1-skupina-mesta-so-ze-popolnjena-hsd-crnomelj/;Pilates 1. skupina (mesta so že popolnjena) - HSD Črnomelj;Izločeno;Vabilo;;;Duševno zdravje;Iskalni zadetek brez potrjene relevantnosti za CKZ.;Z veseljem sporočamo, da je skupina za jesenski ciklus pilatesa že polna! Hvala vsem za prijave in zaupanje – veselimo se naše skupne poti do boljšega počutja. Na vadbah bomo izvajali kontrolirane pilates vaje za krepitev trupa, i;raw/web/zdravstvo-20260919-koledar-dogodkov-pilates-1-skupina-mesta-so-ze-popolnjena-hsd-crnomelj-06582b116.md
https://www.radio-odeon.com/koledar-dogodkov/pilates-1-skupina-mesta-so-ze-popolnjena-hsd-crnomelj-10/;Pilates 1. skupina (mesta so že popolnjena) - HSD Črnomelj;Izločeno;Vabilo;;;Duševno zdravje;Iskalni zadetek brez potrjene relevantnosti za CKZ.;Z veseljem sporočamo, da je skupina za jesenski ciklus pilatesa že polna! Hvala vsem za prijave in zaupanje – veselimo se naše skupne poti do boljšega počutja. Na vadbah bomo izvajali kontrolirane pilates vaje za krepitev trupa, i;raw/web/zdravstvo-20260919-koledar-dogodkov-pilates-1-skupina-mesta-so-ze-popolnjena-hsd-crnomelj-10-364223f04.md
https://www.radio-odeon.com/koledar-dogodkov/pilates-1-skupina-mesta-so-ze-popolnjena-hsd-crnomelj-11/;Pilates 1. skupina (mesta so že popolnjena) - HSD Črnomelj;Izločeno;Vabilo;;;Duševno zdravje;Iskalni zadetek brez potrjene relevantnosti za CKZ.;Z veseljem sporočamo, da je skupina za jesenski ciklus pilatesa že polna! Hvala vsem za prijave in zaupanje – veselimo se naše skupne poti do boljšega počutja. Na vadbah bomo izvajali kontrolirane pilates vaje za krepitev trupa, i;raw/web/zdravstvo-20260919-koledar-dogodkov-pilates-1-skupina-mesta-so-ze-popolnjena-hsd-crnomelj-11-f61d7a8bd.md
https://www.radio-odeon.com/koledar-dogodkov/pilates-1-skupina-mesta-so-ze-popolnjena-hsd-crnomelj-3/;Pilates 1. skupina (mesta so že popolnjena) - HSD Črnomelj;Izločeno;Vabilo;;;Duševno zdravje;Iskalni zadetek brez potrjene relevantnosti za CKZ.;Z veseljem sporočamo, da je skupina za jesenski ciklus pilatesa že polna! Hvala vsem za prijave in zaupanje – veselimo se naše skupne poti do boljšega počutja. Na vadbah bomo izvajali kontrolirane pilates vaje za krepitev trupa, i;raw/web/zdravstvo-20260919-koledar-dogodkov-pilates-1-skupina-mesta-so-ze-popolnjena-hsd-crnomelj-3-6a292c786.md
https://www.radio-odeon.com/koledar-dogodkov/pilates-1-skupina-mesta-so-ze-popolnjena-hsd-crnomelj-4/;Pilates 1. skupina (mesta so že popolnjena) - HSD Črnomelj;Izločeno;Vabilo;;;Duševno zdravje;Iskalni zadetek brez potrjene relevantnosti za CKZ.;Z veseljem sporočamo, da je skupina za jesenski ciklus pilatesa že polna! Hvala vsem za prijave in zaupanje – veselimo se naše skupne poti do boljšega počutja. Na vadbah bomo izvajali kontrolirane pilates vaje za krepitev trupa, i;raw/web/zdravstvo-20260919-koledar-dogodkov-pilates-1-skupina-mesta-so-ze-popolnjena-hsd-crnomelj-4-acbb1cd57.md
https://www.radio-odeon.com/koledar-dogodkov/pilates-1-skupina-mesta-so-ze-popolnjena-hsd-crnomelj-6/;Pilates 1. skupina (mesta so že popolnjena) - HSD Črnomelj;Izločeno;Vabilo;;;Duševno zdravje;Iskalni zadetek brez potrjene relevantnosti za CKZ.;Z veseljem sporočamo, da je skupina za jesenski ciklus pilatesa že polna! Hvala vsem za prijave in zaupanje – veselimo se naše skupne poti do boljšega počutja. Na vadbah bomo izvajali kontrolirane pilates vaje za krepitev trupa, i;raw/web/zdravstvo-20260919-koledar-dogodkov-pilates-1-skupina-mesta-so-ze-popolnjena-hsd-crnomelj-6-e630a6469.md
https://www.radio-odeon.com/koledar-dogodkov/pilates-1-skupina-mesta-so-ze-popolnjena-hsd-crnomelj-8/;Pilates 1. skupina (mesta so že popolnjena) - HSD Črnomelj;Izločeno;Vabilo;;;Duševno zdravje;Iskalni zadetek brez potrjene relevantnosti za CKZ.;Z veseljem sporočamo, da je skupina za jesenski ciklus pilatesa že polna! Hvala vsem za prijave in zaupanje – veselimo se naše skupne poti do boljšega počutja. Na vadbah bomo izvajali kontrolirane pilates vaje za krepitev trupa, i;raw/web/zdravstvo-20260919-koledar-dogodkov-pilates-1-skupina-mesta-so-ze-popolnjena-hsd-crnomelj-8-162743940.md
https://www.radio-odeon.com/koledar-dogodkov/pilates-mesta-so-ze-popolnjena-hsd-crnomelj-3/;Pilates (mesta so že popolnjena) - HSD Črnomelj;Izločeno;Vabilo;;;Duševno zdravje;Iskalni zadetek brez potrjene relevantnosti za CKZ.;Z veseljem sporočamo, da je skupina za jesenski ciklus pilatesa že polna! Hvala vsem za prijave in zaupanje – veselimo se naše skupne poti do boljšega počutja. Na vadbah bomo izvajali kontrolirane pilates vaje za krepitev trupa, i;raw/web/zdravstvo-20260919-koledar-dogodkov-pilates-mesta-so-ze-popolnjena-hsd-crnomelj-3-78e7fc6ad.md
https://www.radio-odeon.com/koledar-dogodkov/pilates-mesta-so-ze-popolnjena-hsd-crnomelj/;Pilates (mesta so že popolnjena) - HSD Črnomelj;Izločeno;Vabilo;;;Duševno zdravje;Iskalni zadetek brez potrjene relevantnosti za CKZ.;Z veseljem sporočamo, da je skupina za jesenski ciklus pilatesa že polna! Hvala vsem za prijave in zaupanje – veselimo se naše skupne poti do boljšega počutja. Na vadbah bomo izvajali kontrolirane pilates vaje za krepitev trupa, i;raw/web/zdravstvo-20260919-koledar-dogodkov-pilates-mesta-so-ze-popolnjena-hsd-crnomelj-50d1c47ae.md
https://www.radio-odeon.com/koledar-dogodkov/pilates-mesta-so-ze-popolnjena-hsd-crnomelj-1/;Pilates (mesta so že popolnjena) - HSD Črnomelj;Izločeno;Vabilo;;;Duševno zdravje;Iskalni zadetek brez potrjene relevantnosti za CKZ.;Z veseljem sporočamo, da je skupina za jesenski ciklus pilatesa že polna! Hvala vsem za prijave in zaupanje – veselimo se naše skupne poti do boljšega počutja. Na vadbah bomo izvajali kontrolirane pilates vaje za krepitev trupa, i;raw/web/zdravstvo-20260919-koledar-dogodkov-pilates-mesta-so-ze-popolnjena-hsd-crnomelj-1-a3f38765c.md
https://www.radio-odeon.com/koledar-dogodkov/pilates-mesta-so-ze-popolnjena-hsd-crnomelj-4/;Pilates (mesta so že popolnjena) - HSD Črnomelj;Izločeno;Vabilo;;;Duševno zdravje;Iskalni zadetek brez potrjene relevantnosti za CKZ.;Z veseljem sporočamo, da je skupina za jesenski ciklus pilatesa že polna! Hvala vsem za prijave in zaupanje – veselimo se naše skupne poti do boljšega počutja. Na vadbah bomo izvajali kontrolirane pilates vaje za krepitev trupa, i;raw/web/zdravstvo-20260919-koledar-dogodkov-pilates-mesta-so-ze-popolnjena-hsd-crnomelj-4-33dc9ef8b.md
https://www.radio-odeon.com/koledar-dogodkov/pilates-mesta-so-ze-popolnjena-hsd-crnomelj-5/;Pilates (mesta so že popolnjena) - HSD Črnomelj;Izločeno;Vabilo;;;Duševno zdravje;Iskalni zadetek brez potrjene relevantnosti za CKZ.;Z veseljem sporočamo, da je skupina za jesenski ciklus pilatesa že polna! Hvala vsem za prijave in zaupanje – veselimo se naše skupne poti do boljšega počutja. Na vadbah bomo izvajali kontrolirane pilates vaje za krepitev trupa, i;raw/web/zdravstvo-20260919-koledar-dogodkov-pilates-mesta-so-ze-popolnjena-hsd-crnomelj-5-78f3819bb.md
https://www.radio-odeon.com/koledar-dogodkov/pilates-mesta-so-ze-popolnjena-hsd-crnomelj-2/;Pilates (mesta so že popolnjena) - HSD Črnomelj;Izločeno;Vabilo;;;Duševno zdravje;Iskalni zadetek brez potrjene relevantnosti za CKZ.;Z veseljem sporočamo, da je skupina za jesenski ciklus pilatesa že polna! Hvala vsem za prijave in zaupanje – veselimo se naše skupne poti do boljšega počutja. Na vadbah bomo izvajali kontrolirane pilates vaje za krepitev trupa, i;raw/web/zdravstvo-20260919-koledar-dogodkov-pilates-mesta-so-ze-popolnjena-hsd-crnomelj-2-2ec9d4808.md
https://www.radio-odeon.com/koledar-dogodkov/pigmentni-madezi-na-kozi-ckz-zd-metlika-hsdm/;Pigmentni madeži na koži - CKZ ZD Metlika - HSDM;Drug center;Vabilo;;;Skupnost in splošno zdravje;"CKZ Metlika oziroma drug izvajalec; ni dokaza vloge CKZ Črnomelj.";"V Hišo Sadeži družbe Metlika vas vabimo na delavnico na temo "" Pigmentni madeži na koži"" z Matejo Švajger iz CKZ ZD Metlika. Kaj so pigmentni madeži in kdaj moramo biti pozorni. Zato vabljeni, pri";raw/web/zdravstvo-20260919-koledar-dogodkov-pigmentni-madezi-na-kozi-ckz-zd-metlika-hsdm-ae43e1105.md
https://www.radio-odeon.com/koledar-dogodkov/pasti-shujsevalnih-diet/;Pasti shujševalnih diet;Nejasno;Vabilo;;;Prehrana in telesna masa;"Povezava s CKZ Črnomelj ni dovolj izrecna; ne vključujemo v njegovo oceno.";m času. V HSD Črnomelj bo zaposlena iz Centra za krepitev zdravja predstavila pasti diet z vidika zdravja. Lepo vabljeni! Vse delavnice in aktivnosti v Hiši Sadeži družbe Črnomelj so brezplačne in se izvajajo ;raw/web/zdravstvo-20260919-koledar-dogodkov-pasti-shujsevalnih-diet-8e1672c73.md
https://www.radio-odeon.com/koledar-dogodkov/parada-ucenja-2025-delavnice-skrbi-za-zdravje-in-predstavitev-prostovoljstva/;Parada učenja 2025: Delavnice skrbi za zdravje in predstavitev prostovoljstva;Črnomelj;Vabilo;;;Ustno zdravje;V besedilu je izrecno naveden črnomaljski CKZ oziroma nekdanji naziv Bela krajina.;voljstva. Delavnice s področja skrbi za zdravje: Center za krepitev zdravja ZD Črnomelj: Kviz o ustnem zdravju in kolo sreče, Meritve krvnega tlaka in stisk pesti, Tehnike sproščanja pod lipo, Igra »Človek, razgibaj se«. Predstavitev prostovoljnega dela : Medgeneracijsko društvo ;raw/web/zdravstvo-20260919-koledar-dogodkov-parada-ucenja-2025-delavnice-skrbi-za-zdravje-in-predstavitev-prostovoljstva-21346612d.md
https://www.radio-odeon.com/koledar-dogodkov/preizkus-hoje-na-2-km-v-podzemlju/;PREIZKUS HOJE NA 2 KM V PODZEMLJU;Črnomelj;Vabilo;;;Gibanje;V besedilu je izrecno naveden črnomaljski CKZ oziroma nekdanji naziv Bela krajina.;bljeni vsi, ki bi radi še bolj aktivno zaživeli. Center za krepitev zdravja Bela krajina.;raw/web/zdravstvo-20260919-koledar-dogodkov-preizkus-hoje-na-2-km-v-podzemlju-50e603dbc.md
https://www.radio-odeon.com/koledar-dogodkov/otvoritev-centra-za-krepitev-zdravja/;Otvoritev Centra za krepitev zdravja;Črnomelj;Vabilo;;;Skupnost in splošno zdravje;V besedilu je izrecno naveden črnomaljski CKZ oziroma nekdanji naziv Bela krajina.;Ob 10. uri svoja vrata odpira Center za krepitev zdravja v Zdravstvenem domu Črnomelj.;raw/web/zdravstvo-20260919-koledar-dogodkov-otvoritev-centra-za-krepitev-zdravja-0a3cb251d.md
https://www.radio-odeon.com/koledar-dogodkov/otroska-joga-hsd-crnomelj/;Otroška joga-HSD Črnomelj;Nejasno;Vabilo;;;Gibanje;"Povezava s CKZ Črnomelj ni dovolj izrecna; ne vključujemo v njegovo oceno.";reja pri telovadnici Partizan v Semiču, skupaj z CKZ, športne aktivnosti otroška joga. Vabljeni.;raw/web/zdravstvo-20260919-koledar-dogodkov-otroska-joga-hsd-crnomelj-41ccc25a3.md
https://www.radio-odeon.com/koledar-dogodkov/risanje-mandal-22/;Osveščanje o raku dojk - ODPADE;Drug center;Vabilo;;;Ozaveščanje o raku;"CKZ Metlika oziroma drug izvajalec; ni dokaza vloge CKZ Črnomelj.";na voljo v Hiši, kamor so jo dostavile zaposlene CKZ ZD Metlika. Vse delavnice in aktivnosti v Hiši Sadeži družbe Metlika so brezplačne in se izvajajo ob upoštevanju navodil NIJZ. Čeprav bomo zaradi nastale epidemiološke situacije nekatere delavnice odpovedali ali prilago;raw/web/zdravstvo-20260919-koledar-dogodkov-risanje-mandal-22-7b8cd8832.md
https://www.radio-odeon.com/koledar-dogodkov/okrogla-miza-za-starse-v-sodelovanju-s-ckz-me-vzgoja-in-stres-zavod-metlika/;Okrogla miza za starše v sodelovanju s CKZ ME: Vzgoja in stres (Zavod Metlika);Drug center;Vabilo;;;Duševno zdravje;"CKZ Metlika oziroma drug izvajalec; ni dokaza vloge CKZ Črnomelj.";OKROGLA MIZA: VZGOJA IN STRES Vzgoja danes ni enostavna. Hitri tempo, zasloni, različni vzgojni pristopi in vsakodnevni stres pogosto odpirajo več vprašanj kot odgovorov. Zato vabimo starše na nef;raw/web/zdravstvo-20260919-koledar-dogodkov-okrogla-miza-za-starse-v-sodelovanju-s-ckz-me-vzgoja-in-stres-zavod-metlika-964658714.md
https://www.radio-odeon.com/koledar-dogodkov/ogrejmo-se-za-pomlad-z-nives-iz-ckz-zd-metlika-hsdm/;Ogrejmo se za pomlad - z Nives iz CKZ ZD Metlika - HSDM;Drug center;Vabilo;;;Gibanje;"CKZ Metlika oziroma drug izvajalec; ni dokaza vloge CKZ Črnomelj.";"V Hišo Sadeži družbe Metlika vas vabimo na delavnico na temo "" Ogrejmo se za pomlad"" z Nives iz CKZ ZD Metlika. Naš imunski sistem, splošno počutje in gibalnost so odvisni od naših aktivnosti. Z gibanjem";raw/web/zdravstvo-20260919-koledar-dogodkov-ogrejmo-se-za-pomlad-z-nives-iz-ckz-zd-metlika-hsdm-41ce72f9e.md
https://www.radio-odeon.com/koledar-dogodkov/odprta-vrata-za-zdravje-zdravo-zivim/;Odprta vrata za zdravje-zdravo živim;Drug center;Vabilo;;;Skupnost in splošno zdravje;"CKZ Metlika oziroma drug izvajalec; ni dokaza vloge CKZ Črnomelj.";tekala delavnica Zdravo živim , ki jo organizira Center za krepitev zdravja Metlika. Tema obsega pomen zdravega življenjskega sloga ter preprečevanje in zdravljenje kroničnih bolezni in motivira k spremembam z zdravjem povezanih življenjsk;raw/web/zdravstvo-20260919-koledar-dogodkov-odprta-vrata-za-zdravje-zdravo-zivim-475d2b8f4.md
https://www.radio-odeon.com/koledar-dogodkov/odprta-vrata-za-zdravje-zdrav-zajtrk/;Odprta vrata za zdravje-zdrav zajtrk;Drug center;Vabilo;;;Skupnost in splošno zdravje;"CKZ Metlika oziroma drug izvajalec; ni dokaza vloge CKZ Črnomelj.";"trk"" v sodelovanju z dietetičarko Tino Resman iz CKZ ZD Metlika, ki bo potekala v Hiši Sadeži družbe v Metliki. Za svoje telo naredimo veliko, če že zjutraj zaužijemo zdrav obrok. S tem pripomoremo tudi k večji delovni storilnosti, saj tako kot naše telo tudi naši m";raw/web/zdravstvo-20260919-koledar-dogodkov-odprta-vrata-za-zdravje-zdrav-zajtrk-638c67447.md
https://www.radio-odeon.com/koledar-dogodkov/odprta-vrata-za-zdravje-gibanje-preprecevanje-poskodb/;Odprta vrata za zdravje-gibanje-preprečevanje poškodb;Drug center;Vabilo;;;Ozaveščanje o raku;"CKZ Metlika oziroma drug izvajalec; ni dokaza vloge CKZ Črnomelj.";V okviru Centra za krepitev zdravja Bela krajina je danes v Hiši na Kolodvorski 1 v Metliki pogovor o pomembnosti gibanja za naše zdravje in prijazna voditeljica Saška nam bo gibalne vaje za krepitev mišic in koordinacijo pokazala tudi praktično. Vabljeni!;raw/web/zdravstvo-20260919-koledar-dogodkov-odprta-vrata-za-zdravje-gibanje-preprecevanje-poskodb-1644d6bfa.md
https://www.radio-odeon.com/koledar-dogodkov/odprta-vrata-za-zdravje-z-nives-bucan-ckz-metlika-hsdm/;Odprta vrata za zdravje z Nives Bučan CKZ Metlika - HSDM;Drug center;Vabilo;;;Skupnost in splošno zdravje;"CKZ Metlika oziroma drug izvajalec; ni dokaza vloge CKZ Črnomelj.";"V Hišo Sadeži družbe Metlika vas vabimo na delavnico "" Odprta vrata za zdravje"" z Nives Bučan CKZ Metlika. Naše zdravje je naša odgovornost. Vzemimo se v svoje roke . Vse delavnice in aktivnosti v Hiši Sa";raw/web/zdravstvo-20260919-koledar-dogodkov-odprta-vrata-za-zdravje-z-nives-bucan-ckz-metlika-hsdm-cb3f71637.md
https://www.radio-odeon.com/koledar-dogodkov/odprta-vrata-za-zdravje-zascita-higiena/;Odprta vrata za zdravje - zaščita, higiena;Drug center;Vabilo;;;Ustno zdravje;"CKZ Metlika oziroma drug izvajalec; ni dokaza vloge CKZ Črnomelj.";"Hiša Sadeži družbe Metlika je v sodelovanju s CKZ ZD Metlika pripravila delavnico ""Odprta vrata za zdravje - higiena in zaščita pred virusi, ki se prične ob 10. uri na Kolodvorski 1. Kako jih preprečiti in se zaščititi pa ";raw/web/zdravstvo-20260919-koledar-dogodkov-odprta-vrata-za-zdravje-zascita-higiena-b75776546.md
https://www.radio-odeon.com/koledar-dogodkov/odprta-vrata-za-zdravje-zasvojenost/;Odprta vrata za zdravje - zasvojenost DELAVNICA ODPADE;Črnomelj;Vabilo;;;Duševno zdravje;V besedilu je izrecno naveden črnomaljski CKZ oziroma nekdanji naziv Bela krajina.;" vrata za zdravje - zasvojenost"" v sodelovanju s CKZ - ZD Črnomelj, ki se prične ob 10. uri . Pogovarjali se bomo z mag. psihologije Marino Strahinić. Nekoč je bila zasvojenost opredeljena predvsem v povezavi s ponavljajočim uživanjem snovi,";raw/web/zdravstvo-20260919-koledar-dogodkov-odprta-vrata-za-zdravje-zasvojenost-6448b72cc.md
https://www.radio-odeon.com/koledar-dogodkov/odprta-vrata-za-zdravje-sladkorna-bolezen/;Odprta vrata za zdravje - sladkorna bolezen;Drug center;Vabilo;;;Prehrana in telesna masa;"CKZ Metlika oziroma drug izvajalec; ni dokaza vloge CKZ Črnomelj.";" za zdravje - sladkorna bolezen"" v sodelovanju s CKZ ZD Metlika, ki bo potekala v Hiši Sadeži družbe v Metliki na Kolodvorski 1. V novembru je svetiovni dan diabetesa, zato tudi delavnica na to tematiko, s katero želimo informirati čim večje število ljudi. Z zaposlenimi s ";raw/web/zdravstvo-20260919-koledar-dogodkov-odprta-vrata-za-zdravje-sladkorna-bolezen-ba694389c.md
https://www.radio-odeon.com/koledar-dogodkov/odprta-vrata-za-zdravje-predstavitev-presejalnih-programov/;Odprta vrata za zdravje - predstavitev presejalnih programov;Drug center;Vabilo;;;Skupnost in splošno zdravje;"CKZ Metlika oziroma drug izvajalec; ni dokaza vloge CKZ Črnomelj."; bo tudi tokrat v HSD Metlika potekala delavnica Centra za krepitev zdravja iz ZD Metlika. Na januarski delavnici bodo predstavili presejalne programe Dora, Zora in Svit. Pogovarjali se bomo o tem kaj te programi sploh so in zakaj je tako pomembno, da se odzovemo na po;raw/web/zdravstvo-20260919-koledar-dogodkov-odprta-vrata-za-zdravje-predstavitev-presejalnih-programov-dc8f8a2e2.md
https://www.radio-odeon.com/koledar-dogodkov/odprta-vrata-za-zdravje-okuzbe/;Odprta vrata za zdravje - okužbe;Drug center;Vabilo;;;Skupnost in splošno zdravje;"CKZ Metlika oziroma drug izvajalec; ni dokaza vloge CKZ Črnomelj.";"Hiša Sadeži družbe Metlika je v sodelovanju s CKZ ZD Metlika pripravila delavnico ""Odprta vrata za zdravje - okožbe, virusi"", ki se prične ob 10. uri na Kolodvorski 1. Kot vsako jesen in zimo, se tudi letos ne bo";raw/web/zdravstvo-20260919-koledar-dogodkov-odprta-vrata-za-zdravje-okuzbe-f0fc4c19b.md
https://www.radio-odeon.com/koledar-dogodkov/odprta-vrata-za-zdravje-dusevne-motnje/;Odprta vrata za zdravje - duševne motnje;Drug center;Vabilo;;;Duševno zdravje;"CKZ Metlika oziroma drug izvajalec; ni dokaza vloge CKZ Črnomelj.";eka v Hiši Sadeži družbe Metlika v sodelovanju s CKZ ZD Metlika. Pogovarjali se bomo s psihologino z ZD Črnomelj. Duševna motnja je oznaka za bolezni, ki so jim skupne različne kombinacije bolezensko spremenjenega mišljenja;raw/web/zdravstvo-20260919-koledar-dogodkov-odprta-vrata-za-zdravje-dusevne-motnje-f4290d271.md
https://www.radio-odeon.com/koledar-dogodkov/odprta-vrata-za-zdravje-e-narocanje/;Odprta vrata za zdravje - E-naročanje;Drug center;Vabilo;;;Skupnost in splošno zdravje;"CKZ Metlika oziroma drug izvajalec; ni dokaza vloge CKZ Črnomelj.";dprta vrata za zdravje - E-naročanje, napotnice (CKZ ZD Metlika), ki se prične ob 09.15. uri. Izvedeli boste kakšen je namen e-Napotnice, kako se naročimo in kakšne so storitve, ter registracija preko portala zVEM, kakšn;raw/web/zdravstvo-20260919-koledar-dogodkov-odprta-vrata-za-zdravje-e-narocanje-3318376f6.md
https://www.radio-odeon.com/koledar-dogodkov/od-prenajedanja-do-stradanja-resitev-ali-breme-za-telo/;Od prenajedanja do stradanja: rešitev ali breme za telo?;Črnomelj;Vabilo;;;Prehrana in telesna masa;V besedilu je izrecno naveden črnomaljski CKZ oziroma nekdanji naziv Bela krajina.;nov vseživljenjskega učenja 2026 v sodelovanju s Centrom za krepitev zdravja ZD Črnomelj organiziramo predavanje z naslovom Od prenajedanja do stradanja: rešitev ali breme za telo? Predavanje bo v ponedeljek, 8. junija 2026, ob 17:00, na Ljudski univerzi Črnomelj i;raw/web/zdravstvo-20260919-koledar-dogodkov-od-prenajedanja-do-stradanja-resitev-ali-breme-za-telo-879b590e1.md
https://www.radio-odeon.com/koledar-dogodkov/obcinski-preizkus-hoje-v-podzemlju/;Občinski preizkus hoje v Podzemlju;Drug center;Vabilo;;;Gibanje;"CKZ Metlika oziroma drug izvajalec; ni dokaza vloge CKZ Črnomelj.";vnjakov kako jo lahko izboljšate. Lepo vabljeni, Center za krepitev zdravja Metlika;raw/web/zdravstvo-20260919-koledar-dogodkov-obcinski-preizkus-hoje-v-podzemlju-2e7d045e1.md
https://www.radio-odeon.com/koledar-dogodkov/obcinski-preizkus-hoje-v-metliki/;Občinski preizkus hoje v Metliki;Drug center;Vabilo;;;Gibanje;"CKZ Metlika oziroma drug izvajalec; ni dokaza vloge CKZ Črnomelj.";vnjakov kako jo lahko izboljšate. Lepo vabljeni, Center za krepitev zdravja Metlika;raw/web/zdravstvo-20260919-koledar-dogodkov-obcinski-preizkus-hoje-v-metliki-bc38f8f5c.md
https://www.radio-odeon.com/koledar-dogodkov/obcinski-preizkus-hoje-na-2-km-ob-evropskem-tednu-mobilnosti/;Občinski preizkus hoje na 2 km ob Evropskem tednu mobilnosti;Drug center;Vabilo;;;Gibanje;"CKZ Metlika oziroma drug izvajalec; ni dokaza vloge CKZ Črnomelj.";2024 od 16.00 do 18.00 na igrišču za OŠ Metlika. Center za krepitev zdravja Metlika;raw/web/zdravstvo-20260919-koledar-dogodkov-obcinski-preizkus-hoje-na-2-km-ob-evropskem-tednu-mobilnosti-3b16a0d38.md
https://www.radio-odeon.com/koledar-dogodkov/obvladovanje-sladkorne-bolezni-predavanje-3382/;Obvladovanje sladkorne bolezni, predavanje;Izločeno;Vabilo;;;Presnovno in srčno-žilno zdravje;Iskalni zadetek brez potrjene relevantnosti za CKZ.;"Društvo upokojencev Semič in Društvo diabetikov Metlika vas vabita na predavanje "" Obvladovanje sladkorne bolezni,"" ki bo ob 17. uri v KC Semič. Predavateljica bo Tatjana Gregorič, dip. medicinska sestra Zdravstvenega doma Črnomel";raw/web/zdravstvo-20260919-koledar-dogodkov-obvladovanje-sladkorne-bolezni-predavanje-3382-04a00be62.md
https://www.radio-odeon.com/koledar-dogodkov/ob-svetovnem-dnevu-ledvic-poskrbite-za-svoje-zdravje/;Ob Svetovnem dnevu ledvic – poskrbite za svoje zdravje!;Črnomelj;Vabilo;;;Presnovno in srčno-žilno zdravje;V besedilu je izrecno naveden črnomaljski CKZ oziroma nekdanji naziv Bela krajina.;l protected] 07/62 05 755 ali osebno v prostorih CKZ Črnomelj Vzemite si čas za svoje zdravje in se nam pridružite. Vaše ledvice vam bodo hvaležne!;raw/web/zdravstvo-20260919-koledar-dogodkov-ob-svetovnem-dnevu-ledvic-poskrbite-za-svoje-zdravje-e04b7f943.md
https://www.radio-odeon.com/koledar-dogodkov/odprta-vrata-za-zdravje-ustna-higiena/;ODPRTA VRATA ZA ZDRAVJE-USTNA HIGIENA;Drug center;Vabilo;;;Ustno zdravje;"CKZ Metlika oziroma drug izvajalec; ni dokaza vloge CKZ Črnomelj.";o USTNA HIGIENA. Delavnico bo izvajala sestra iz Centra za krepitev zdravja (ZD Metlika). Pridružite se otroci od 6 do 12 leta starosti, lahko tudi starši, babice in dedki.;raw/web/zdravstvo-20260919-koledar-dogodkov-odprta-vrata-za-zdravje-ustna-higiena-7986f89a1.md
https://www.radio-odeon.com/koledar-dogodkov/odprta-vrata-za-zdravje-1/;ODPRTA VRATA ZA ZDRAVJE - Svetovni dan HIPERTENZIJE;Drug center;Vabilo;;;Presnovno in srčno-žilno zdravje;"CKZ Metlika oziroma drug izvajalec; ni dokaza vloge CKZ Črnomelj.";e vableni na delavnico: Odprta vrata za zdravje (CKZ ZD Metlika), ki bo v Hiši Sadeži družbe Metlika. Ker je svetovni dan Hipertenzije, bomo imeli na tokratni delavnici meritve krvnega tlaka. Namen svetovnega dne hipertenzije je širiti znanje o krvnem tlaku in javnost se;raw/web/zdravstvo-20260919-koledar-dogodkov-odprta-vrata-za-zdravje-1-f5a449c8d.md
https://www.radio-odeon.com/koledar-dogodkov/spomladanski-test-hoje-na-2-km/;"ODPADE - Spomladanski ""Test hoje na 2 km""";Izločeno;Vabilo;;;Gibanje;Iskalni zadetek brez potrjene relevantnosti za CKZ.;Zaradi dežja današnji test hoje na 2km odpade. Ko bodo vremenske razmere boljše vas obvestimo o novem terminu. Z največjim veseljem vam sporočamo, da prvič odkar nam je COVID situacija prekrižala načrte organiziramo spomladanski T;raw/web/zdravstvo-20260919-koledar-dogodkov-spomladanski-test-hoje-na-2-km-279d851bb.md
https://www.radio-odeon.com/koledar-dogodkov/nordijska-hoja-hsd-crnomelj/;Nordijska hoja, HSD Črnomelj;Črnomelj;Vabilo;;;Gibanje;V besedilu je izrecno naveden črnomaljski CKZ oziroma nekdanji naziv Bela krajina.;a delavnico Nordijske hoje, ki jo pripravljamo s Centrom za krepitev zdravja ZD Črnomelj. Zaželjeno je, da palice prinesete s seboj, če pa jih nimate, bo za to poskrbljeno. Dobimo se v Hiši Sadeži družbe.;raw/web/zdravstvo-20260919-koledar-dogodkov-nordijska-hoja-hsd-crnomelj-45415216f.md
https://www.radio-odeon.com/koledar-dogodkov/nordijska-hoja-11/;Nordijska hoja;Črnomelj;Vabilo;;;Gibanje;V besedilu je izrecno naveden črnomaljski CKZ oziroma nekdanji naziv Bela krajina.;Hiša Sadeži družbe Črnomelj in Center za krepitev zdravja Črnomelj organizirata nordijsko hojo. Vse delavnice in aktivnosti v Hiši Sadeži družbe Črnomelj so brezplačne in se izvajajo ob priporočilih NI;raw/web/zdravstvo-20260919-koledar-dogodkov-nordijska-hoja-11-91188b149.md
https://www.radio-odeon.com/koledar-dogodkov/nordijska-hoja-5/;Nordijska hoja;Črnomelj;Vabilo;;;Gibanje;V besedilu je izrecno naveden črnomaljski CKZ oziroma nekdanji naziv Bela krajina.;Hiša Sadeži družbe Črnomelj bo skupaj s Centrom za krepitev zdravja ZD Črnomelj izvedla nordijsko hojo. Potrebne so predhodne prijave na telefon 040/ 696-100. Vse delavnice in aktivnosti v Hiši Sadeži družbe Črnome;raw/web/zdravstvo-20260919-koledar-dogodkov-nordijska-hoja-5-45d5ac91b.md
https://www.radio-odeon.com/koledar-dogodkov/nordijska-hoja-9/;Nordijska hoja;Črnomelj;Vabilo;;;Gibanje;V besedilu je izrecno naveden črnomaljski CKZ oziroma nekdanji naziv Bela krajina.;Hiša Sadeži družbe Črnomelj in Center za krepitev zdravja Črnomelj organizirata nordijsko hojo. Vse delavnice in aktivnosti v Hiši Sadeži družbe Črnomelj so brezplačne in se izvajajo ob priporočilih NI;raw/web/zdravstvo-20260919-koledar-dogodkov-nordijska-hoja-9-379b4650e.md
https://www.radio-odeon.com/koledar-dogodkov/nordijska-hoja-10/;Nordijska hoja;Črnomelj;Vabilo;;;Gibanje;V besedilu je izrecno naveden črnomaljski CKZ oziroma nekdanji naziv Bela krajina.;Hiša Sadeži družbe Črnomelj in Center za krepitev zdravja Črnomelj organizirata nordijsko hojo. Vse delavnice in aktivnosti v Hiši Sadeži družbe Črnomelj so brezplačne in se izvajajo ob priporočilih NI;raw/web/zdravstvo-20260919-koledar-dogodkov-nordijska-hoja-10-a25396480.md
https://www.radio-odeon.com/koledar-dogodkov/nordijska-hoja-3/;Nordijska hoja;Črnomelj;Vabilo;;;Gibanje;V besedilu je izrecno naveden črnomaljski CKZ oziroma nekdanji naziv Bela krajina.; na nordijski hoji. Vodila nas bo ga. Tatjana iz Centra za krepitev zdravja. Vse aktivnosti in delavnice v Hiši Sadeži družbe Črnomelj so brezplačne.;raw/web/zdravstvo-20260919-koledar-dogodkov-nordijska-hoja-3-936db108a.md
https://www.radio-odeon.com/koledar-dogodkov/nordijska-hoja-6/;Nordijska hoja;Črnomelj;Vabilo;;;Gibanje;V besedilu je izrecno naveden črnomaljski CKZ oziroma nekdanji naziv Bela krajina.;Hiša Sadeži družbe Črnomelj skupaj s Centrom za krepitev zdravja Črnomelj organizira nordijsko hojo. Vse delavnice in aktivnosti v Hiši Sadeži družbe Črnomelj so brezplačne in se izvajajo ob priporočilih NIJZ;raw/web/zdravstvo-20260919-koledar-dogodkov-nordijska-hoja-6-67efd2973.md
https://www.radio-odeon.com/koledar-dogodkov/nordijska-hoja/;Nordijska hoja;Črnomelj;Vabilo;;;Gibanje;V besedilu je izrecno naveden črnomaljski CKZ oziroma nekdanji naziv Bela krajina.; na nordijski hoji, katero organiziramo skupaj s Centrom za krepitev zdravja Črnomelj. Dobimo se pred ZD Črnomelj. Vse delavnice in aktivnosti v Hiši sadeži družbe Črnomelj so brezplačne.;raw/web/zdravstvo-20260919-koledar-dogodkov-nordijska-hoja-c6c47ea19.md
https://www.radio-odeon.com/koledar-dogodkov/naravna-pomoc-za-krepitev-imunskega-sistema/;Naravna pomoč za krepitev imunskega sistema;Izločeno;Vabilo;;;Skupnost in splošno zdravje;Iskalni zadetek brez potrjene relevantnosti za CKZ.;Se zavedamo koliko nam lahko narava pomaga pri krepitvi imunskega sistema? Poznate vrednost zelišč in tradicionalnih pripravkov iz zelišč? Pridite na delavnico zeliščarske Alenke Kukman, ki bo v četrtek, 17. februarja 2022, ob 17.;raw/web/zdravstvo-20260919-koledar-dogodkov-naravna-pomoc-za-krepitev-imunskega-sistema-d3cdde497.md
https://www.radio-odeon.com/koledar-dogodkov/najbolj-roza-pohod-roznati-koraki/;"Najbolj roza pohod ""Rožnati koraki"" ob reki Dobličici";Črnomelj;Vabilo;;;Ozaveščanje o raku;V besedilu je izrecno naveden črnomaljski CKZ oziroma nekdanji naziv Bela krajina.;raku pri ženskah, zato smo ga obarvali v roza. V Centru za krepitev zdravja ZD Črnomelj vas v sodelovanju z Občino Črnomelj, GD Dobliče, PD Črnomelj in RK Črnomelj, vabimo na najbolj rožnati pohod, kjer bomo skupaj podprli vse, ki se borijo s to boleznijo in spodbudili k samopreg;raw/web/zdravstvo-20260919-koledar-dogodkov-najbolj-roza-pohod-roznati-koraki-b509084be.md
https://www.radio-odeon.com/koledar-dogodkov/najbolj-brkati-pohod-v-beli-krajini/;Najbolj brkati pohod v Beli krajini;Črnomelj;Vabilo;;;Ozaveščanje o raku;V besedilu je izrecno naveden črnomaljski CKZ oziroma nekdanji naziv Bela krajina.;hoda v Beli krajini na Mirno goro v organizaciji Centra za krepitev zdravja ZD Črnomelj. Kdaj: sobota, 25.11.2023 Kje: 9:00 uri , parkirišče na Vrčicah Tako kot je mesec oktober posvečen ozaveščanju bolezni pri ženskah, je mesec november namen;raw/web/zdravstvo-20260919-koledar-dogodkov-najbolj-brkati-pohod-v-beli-krajini-5bfe481af.md
https://www.radio-odeon.com/koledar-dogodkov/najbolj-brkati-pohod-na-mirno-goro/;Najbolj brkati pohod na Mirno goro;Nejasno;Vabilo;;;Duševno zdravje;"Povezava s CKZ Črnomelj ni dovolj izrecna; ne vključujemo v njegovo oceno."; k udeležbi in podpori. V ZD Črnomelj, centru za krepitev zdravja, bodo 23. novembra v ta namen organizirali že 2. tradicionalni, Najbolj brkati pohod na Mirno goro. Na štartu vsem udeležencem, ki nimajo svoji brkov, moš;raw/web/zdravstvo-20260919-koledar-dogodkov-najbolj-brkati-pohod-na-mirno-goro-657d5c417.md
https://www.radio-odeon.com/koledar-dogodkov/nad-bolezen-s-prehrano/;Nad bolezen s prehrano;Nejasno;Vabilo;;;Prehrana in telesna masa;"Povezava s CKZ Črnomelj ni dovolj izrecna; ne vključujemo v njegovo oceno.";ridružite se nam! Delavnico bo izvajal Center za krepitev zdravja na daljavo (online). Prijavite se zdaj! Za več informacij obiščite spletno stran . KOLEDAR DOGODKOV Kontaktna oseba: mag. Irena Bohte, [email ;raw/web/zdravstvo-20260919-koledar-dogodkov-nad-bolezen-s-prehrano-66eea1265.md
https://www.radio-odeon.com/koledar-dogodkov/mladinski-pocitniski-program-zavod-metlika-in-ckz-metlika-cadralnica/;Mladinski počitniški program (Zavod Metlika in CKZ Metlika): Čadralnica;Drug center;Vabilo;;;Duševno zdravje;"CKZ Metlika oziroma drug izvajalec; ni dokaza vloge CKZ Črnomelj.";Ali si star/a med 12 in 25 let? Imaš dovolj dolgčasa in bi rad/a preživel/a nepozabno poletje? Pridruži se nam v MC Metlika na nizu kul aktivnosti, ki smo jih pripravili posebej;raw/web/zdravstvo-20260919-koledar-dogodkov-mladinski-pocitniski-program-zavod-metlika-in-ckz-metlika-cadralnica-e790c0b01.md
https://www.radio-odeon.com/koledar-dogodkov/mladinski-pocitniski-program-zavod-metlika-in-ckz-metlika-migaj-z-nami-1/;Mladinski počitniški program (Zavod Metlika in CKZ Metlika): Migaj z nami!;Drug center;Vabilo;;;Duševno zdravje;"CKZ Metlika oziroma drug izvajalec; ni dokaza vloge CKZ Črnomelj.";Ali si star/a med 12 in 25 let? Imaš dovolj dolgčasa in bi rad/a preživel/a nepozabno poletje? Pridruži se nam v MC Metlika na nizu kul aktivnosti, ki smo jih pripravili posebej;raw/web/zdravstvo-20260919-koledar-dogodkov-mladinski-pocitniski-program-zavod-metlika-in-ckz-metlika-migaj-z-nami-1-ef9e0790a.md
https://www.radio-odeon.com/koledar-dogodkov/mladinski-pocitniski-program-zavod-metlika-in-ckz-metlika-kaj-ti-je-kaj-dosadno-1/;Mladinski počitniški program (Zavod Metlika in CKZ Metlika): Kaj ti je kaj dosadno?;Drug center;Vabilo;;;Duševno zdravje;"CKZ Metlika oziroma drug izvajalec; ni dokaza vloge CKZ Črnomelj.";Ali si star/a med 12 in 25 let? Imaš dovolj dolgčasa in bi rad/a preživel/a nepozabno poletje? Pridruži se nam v MC Metlika na nizu kul aktivnosti, ki smo jih pripravili posebej;raw/web/zdravstvo-20260919-koledar-dogodkov-mladinski-pocitniski-program-zavod-metlika-in-ckz-metlika-kaj-ti-je-kaj-dosadno-1-b6ecb8d29.md
https://www.radio-odeon.com/koledar-dogodkov/mladinski-pocitniski-program-zavod-metlika-in-ckz-metlika-kaj-ti-je-kaj-dosadno/;Mladinski počitniški program (Zavod Metlika in CKZ Metlika): Kaj ti je kaj dosadno?;Drug center;Vabilo;;;Duševno zdravje;"CKZ Metlika oziroma drug izvajalec; ni dokaza vloge CKZ Črnomelj.";Ali si star/a med 12 in 25 let? Imaš dovolj dolgčasa in bi rad/a preživel/a nepozabno poletje? Pridruži se nam v MC Metlika na nizu kul aktivnosti, ki smo jih pripravili posebej;raw/web/zdravstvo-20260919-koledar-dogodkov-mladinski-pocitniski-program-zavod-metlika-in-ckz-metlika-kaj-ti-je-kaj-dosadno-0e002ff0e.md
https://www.radio-odeon.com/koledar-dogodkov/mladinski-pocitniski-program-zavod-metlika-in-ckz-metlika-kaj-bo-za-frustik/;Mladinski počitniški program (Zavod Metlika in CKZ Metlika): Kaj bo za fruštik?;Drug center;Vabilo;;;Duševno zdravje;"CKZ Metlika oziroma drug izvajalec; ni dokaza vloge CKZ Črnomelj.";Ali si star/a med 12 in 25 let? Imaš dovolj dolgčasa in bi rad/a preživel/a nepozabno poletje? Pridruži se nam v MC Metlika na nizu kul aktivnosti, ki smo jih pripravili posebej;raw/web/zdravstvo-20260919-koledar-dogodkov-mladinski-pocitniski-program-zavod-metlika-in-ckz-metlika-kaj-bo-za-frustik-2f66c5f0d.md
https://www.radio-odeon.com/koledar-dogodkov/mladinski-pocitniski-program-zavod-metlika-in-ckz-metlika-joj-bas-sm-nekej-gladan/;Mladinski počitniški program (Zavod Metlika in CKZ Metlika): Joj, baš sm nekej gladan...;Drug center;Vabilo;;;Duševno zdravje;"CKZ Metlika oziroma drug izvajalec; ni dokaza vloge CKZ Črnomelj.";Ali si star/a med 12 in 25 let? Imaš dovolj dolgčasa in bi rad/a preživel/a nepozabno poletje? Pridruži se nam v MC Metlika na nizu kul aktivnosti, ki smo jih pripravili posebej;raw/web/zdravstvo-20260919-koledar-dogodkov-mladinski-pocitniski-program-zavod-metlika-in-ckz-metlika-joj-bas-sm-nekej-gladan-2dad9630b.md
https://www.radio-odeon.com/koledar-dogodkov/mladinski-pocitniski-program-zavod-metlika-in-ckz-metlika-hoj-z-nami-po-urbanki/;Mladinski počitniški program (Zavod Metlika in CKZ Metlika): Hoj z nami po Urbanki!;Drug center;Vabilo;;;Prehrana in telesna masa;"CKZ Metlika oziroma drug izvajalec; ni dokaza vloge CKZ Črnomelj.";Ali si star/a med 12 in 25 let? Imaš dovolj dolgčasa in bi rad/a preživel/a nepozabno poletje? Pridruži se nam v MC Metlika na nizu kul aktivnosti, ki smo jih pripravili posebej;raw/web/zdravstvo-20260919-koledar-dogodkov-mladinski-pocitniski-program-zavod-metlika-in-ckz-metlika-hoj-z-nami-po-urbanki-bfcd52e24.md
https://www.radio-odeon.com/koledar-dogodkov/mladinski-pocitniski-program-zavod-metlika-in-ckz-metlika-hoj-z-nami-do-metliske-koupe/;Mladinski počitniški program (Zavod Metlika in CKZ Metlika): Hoj z nami do metliške Koupe!;Drug center;Vabilo;;;Duševno zdravje;"CKZ Metlika oziroma drug izvajalec; ni dokaza vloge CKZ Črnomelj.";Ali si star/a med 12 in 25 let? Imaš dovolj dolgčasa in bi rad/a preživel/a nepozabno poletje? Pridruži se nam v MC Metlika na nizu kul aktivnosti, ki smo jih pripravili posebej;raw/web/zdravstvo-20260919-edar-dogodkov-mladinski-pocitniski-program-zavod-metlika-in-ckz-metlika-hoj-z-nami-do-metliske-koupe-5a84e6e86.md
https://www.radio-odeon.com/koledar-dogodkov/mladinski-pocitniski-program-zavod-metlika-in-ckz-metlika-gremo-se-pomenat-1/;Mladinski počitniški program (Zavod Metlika in CKZ Metlika): Gremo se pomenat?;Drug center;Vabilo;;;Duševno zdravje;"CKZ Metlika oziroma drug izvajalec; ni dokaza vloge CKZ Črnomelj.";Ali si star/a med 12 in 25 let? Imaš dovolj dolgčasa in bi rad/a preživel/a nepozabno poletje? Pridruži se nam v MC Metlika na nizu kul aktivnosti, ki smo jih pripravili posebej;raw/web/zdravstvo-20260919-koledar-dogodkov-mladinski-pocitniski-program-zavod-metlika-in-ckz-metlika-gremo-se-pomenat-1-4d21a75a1.md
https://www.radio-odeon.com/koledar-dogodkov/mladinski-pocitniski-program-zavod-metlika-in-ckz-metlika-gremo-nekaj-cmarit-na-metlisko/;Mladinski počitniški program (Zavod Metlika in CKZ Metlika): Gremo nekaj cmarit na metliško?;Drug center;Vabilo;;;Duševno zdravje;"CKZ Metlika oziroma drug izvajalec; ni dokaza vloge CKZ Črnomelj.";Ali si star/a med 12 in 25 let? Imaš dovolj dolgčasa in bi rad/a preživel/a nepozabno poletje? Pridruži se nam v MC Metlika na nizu kul aktivnosti, ki smo jih pripravili posebej;raw/web/zdravstvo-20260919-ar-dogodkov-mladinski-pocitniski-program-zavod-metlika-in-ckz-metlika-gremo-nekaj-cmarit-na-metlisko-43b19ad9b.md
https://www.radio-odeon.com/koledar-dogodkov/mladinski-pocitniski-program-zavod-metlika-in-ckz-metlika-gremo-malo-po-placu/;Mladinski počitniški program (Zavod Metlika in CKZ Metlika): Gremo malo po placu!;Drug center;Vabilo;;;Duševno zdravje;"CKZ Metlika oziroma drug izvajalec; ni dokaza vloge CKZ Črnomelj.";Ali si star/a med 12 in 25 let? Imaš dovolj dolgčasa in bi rad/a preživel/a nepozabno poletje? Pridruži se nam v MC Metlika na nizu kul aktivnosti, ki smo jih pripravili posebej;raw/web/zdravstvo-20260919-koledar-dogodkov-mladinski-pocitniski-program-zavod-metlika-in-ckz-metlika-gremo-malo-po-placu-de5894eb4.md
https://www.radio-odeon.com/koledar-dogodkov/mladinski-pocitniski-program-zavod-metlika-in-ckz-metlika-gremo-malo-po-placu-1/;Mladinski počitniški program (Zavod Metlika in CKZ Metlika): Gremo malo po Placu!;Drug center;Vabilo;;;Duševno zdravje;"CKZ Metlika oziroma drug izvajalec; ni dokaza vloge CKZ Črnomelj.";Ali si star/a med 12 in 25 let? Imaš dovolj dolgčasa in bi rad/a preživel/a nepozabno poletje? Pridruži se nam v MC Metlika na nizu kul aktivnosti, ki smo jih pripravili posebej;raw/web/zdravstvo-20260919-koledar-dogodkov-mladinski-pocitniski-program-zavod-metlika-in-ckz-metlika-gremo-malo-po-placu-1-96fbbff89.md
https://www.radio-odeon.com/koledar-dogodkov/mladinski-pocitniski-program-zavod-metlika-in-ckz-metlika-a-kaj-ti-gledas-1/;Mladinski počitniški program (Zavod Metlika in CKZ Metlika): A kaj ti gledaš?;Drug center;Vabilo;;;Duševno zdravje;"CKZ Metlika oziroma drug izvajalec; ni dokaza vloge CKZ Črnomelj.";Ali si star/a med 12 in 25 let? Imaš dovolj dolgčasa in bi rad/a preživel/a nepozabno poletje? Pridruži se nam v MC Metlika na nizu kul aktivnosti, ki smo jih pripravili posebej;raw/web/zdravstvo-20260919-koledar-dogodkov-mladinski-pocitniski-program-zavod-metlika-in-ckz-metlika-a-kaj-ti-gledas-1-6ddcb2fbe.md
https://www.radio-odeon.com/koledar-dogodkov/mladinski-pocitniski-program-zavod-metlika-in-ckz-metlika-a-kaj-ti-gledas/;Mladinski počitniški program (Zavod Metlika in CKZ Metlika): A kaj ti gledaš?;Drug center;Vabilo;;;Duševno zdravje;"CKZ Metlika oziroma drug izvajalec; ni dokaza vloge CKZ Črnomelj.";Ali si star/a med 12 in 25 let? Imaš dovolj dolgčasa in bi rad/a preživel/a nepozabno poletje? Pridruži se nam v MC Metlika na nizu kul aktivnosti, ki smo jih pripravili posebej;raw/web/zdravstvo-20260919-koledar-dogodkov-mladinski-pocitniski-program-zavod-metlika-in-ckz-metlika-a-kaj-ti-gledas-7f28f5b1f.md
https://www.radio-odeon.com/koledar-dogodkov/meritve-s-centrom-za-krepitev-zdravja-zd-crnomelj-v-ks-stari-trg-ob-kolpi-kulturni-dom/;Meritve s Centrom za krepitev zdravja v KS Stari trg ob Kolpi (kulturni dom);Črnomelj;Vabilo;;;Presnovno in srčno-žilno zdravje;V besedilu je izrecno naveden črnomaljski CKZ oziroma nekdanji naziv Bela krajina.;sladkorja in testiranje telesne pripravljenosti. Center za krepitev zdravja ZD Črnomelj;raw/web/zdravstvo-20260919-edar-dogodkov-meritve-s-centrom-za-krepitev-zdravja-zd-crnomelj-v-ks-stari-trg-ob-kolpi-kulturni-dom-8f8d9ad0f.md
https://www.radio-odeon.com/koledar-dogodkov/meritve-krvnega-tlaka-obsega-pasu-tanita-1/;Meritve krvnega tlaka,obsega pasu,tanita;Nejasno;Vabilo;;;Skupnost in splošno zdravje;"Povezava s CKZ Črnomelj ni dovolj izrecna; ne vključujemo v njegovo oceno.";Skupaj z Centrom za krepitev zdravja pripravljamo predavanje Meritve krvnega tlaka, obseg pasu, tanita. Predavanje bo izvedla diplomirana medicinska sestra. Prisluhnili bomo o pravilni meritvi krvn;raw/web/zdravstvo-20260919-koledar-dogodkov-meritve-krvnega-tlaka-obsega-pasu-tanita-1-752c8ffdf.md
https://www.radio-odeon.com/koledar-dogodkov/meritve-krvnega-tlaka-sladkorja-in-holesterola-v-krvi/;Meritve krvnega tlaka, sladkorja in holesterola v krvi;Drug center;Vabilo;;;Presnovno in srčno-žilno zdravje;"CKZ Metlika oziroma drug izvajalec; ni dokaza vloge CKZ Črnomelj.";dkor, zato bo Rdeči križ Metlika v sodelovanju s Centrom za krepitev zdravja ZD Metlika, ob letošnjem svetovnem dnevu zdravja izvedel akcijo meritev krvnega tlaka ter sladkorja in holesterola v krvi. Akcija bo potekala med 9. in 11. uro v prostorih gasilskega d;raw/web/zdravstvo-20260919-koledar-dogodkov-meritve-krvnega-tlaka-sladkorja-in-holesterola-v-krvi-46039f2a7.md
https://www.radio-odeon.com/koledar-dogodkov/meritve-krvnega-tlaka-obsega-pasu-tanita/;Meritve krvnega tlaka, obsega pasu, tanita;Nejasno;Vabilo;;;Skupnost in splošno zdravje;"Povezava s CKZ Črnomelj ni dovolj izrecna; ne vključujemo v njegovo oceno.";Skupaj s Centrom za krepitev zdravja pripravljamo predavanje Meritve krvnega tlaka, obseg pasu, tanita. Predavanje bo izvedla diplomirana medicinska sestra. Prisluhnili bomo o pravilni meritvi krvneg;raw/web/zdravstvo-20260919-koledar-dogodkov-meritve-krvnega-tlaka-obsega-pasu-tanita-0a0fcd893.md
https://www.radio-odeon.com/koledar-dogodkov/meritve-krvnega-sladkorja-in-krvnega-tlaka-ob-evropskem-tednu-mobilnosti-2019/;"Meritve krvnega sladkorja in krvnega tlaka ob ""Evropskem tednu mobilnosti 2019""";Drug center;Vabilo;;;Presnovno in srčno-žilno zdravje;"CKZ Metlika oziroma drug izvajalec; ni dokaza vloge CKZ Črnomelj.";ika. Izvajali bomo tudi individualna svetovanja. Center za krepitev zdravja Bela krajina ZD Metlika;raw/web/zdravstvo-20260919-koledar-dogodkov-meritve-krvnega-sladkorja-in-krvnega-tlaka-ob-evropskem-tednu-mobilnosti-2019-8e61bc0a1.md
https://www.radio-odeon.com/koledar-dogodkov/meritev-sestave-telesne-mase-in-interpelacija-rezultatov-ckz-hsd-crnomelj/;Meritev sestave telesne mase in interpelacija rezultatov CKZ, HSD Črnomelj;Črnomelj;Vabilo;;;Skupnost in splošno zdravje;V besedilu je izrecno naveden črnomaljski CKZ oziroma nekdanji naziv Bela krajina.;Lepo vabljeni na delavnico CKZ Črnomelj, kjer bomo izvajali meritve telesne mase.;raw/web/zdravstvo-20260919-koledar-dogodkov-meritev-sestave-telesne-mase-in-interpelacija-rezultatov-ckz-hsd-crnomelj-1ab94af96.md
https://www.radio-odeon.com/koledar-dogodkov/mednarodno-tekmovanje-v-sahu-1/;Mednarodno tekmovanje v šahu;Izločeno;Vabilo;;;Gibanje;Iskalni zadetek brez potrjene relevantnosti za CKZ.;Zveza paraplegikov Slovenije in Kulturni center Semič vabita na Mednarodno tekmovanje v šahu , ki se prične ob 10. uri v KC Semič. Turnirja se bodo udeležile tri slovenske ekipe, tri zasedbe pa prihajajo iz Bosne in Hercegovine. „;raw/web/zdravstvo-20260919-koledar-dogodkov-mednarodno-tekmovanje-v-sahu-1-5e8fd334c.md
https://www.radio-odeon.com/koledar-dogodkov/medgeneracijsko-predpraznicno-druzenje-1/;Medgeneracijsko predpraznično druženje - ZIK Črnomelj;Drug center;Vabilo;;;Ustno zdravje;"CKZ Metlika oziroma drug izvajalec; ni dokaza vloge CKZ Črnomelj.";vam bodo prostovoljci RK Metlika in zaposleni iz Centra za krepitev zdravja ZD Metlika predstavili programe za krepitev zdravja in temeljni postopek oživljanja. Lepo vabljeni! Več informacij na [email protected] ali 040 879 039.;raw/web/zdravstvo-20260919-koledar-dogodkov-medgeneracijsko-predpraznicno-druzenje-1-972ba000b.md
https://www.radio-odeon.com/koledar-dogodkov/medgeneracijsko-druzenje-simbioza-giba-1/;"Medgeneracijsko druženje - ""Simbioza giba""";Drug center;Vabilo;;;Gibanje;"CKZ Metlika oziroma drug izvajalec; ni dokaza vloge CKZ Črnomelj.";in skupinska vadba v DSO Metlika v sodelovanju s CKZ, Vrtec in HSD Metlika. Gibanje je življenje in živlenje je gibanje!;raw/web/zdravstvo-20260919-koledar-dogodkov-medgeneracijsko-druzenje-simbioza-giba-1-e04fd48d7.md
https://www.radio-odeon.com/koledar-dogodkov/medgeneracijski-dan-zdravja-v-vinici-1/;Medgeneracijski dan zdravja v Vinici (popoldan);Črnomelj;Vabilo;;;Gibanje;V besedilu je izrecno naveden črnomaljski CKZ oziroma nekdanji naziv Bela krajina.; Dogodek pripravljamo Ljudska univerza Črnomelj, Center za krepitev zdravja Črnomelj in Društvo Šola zdravja.;raw/web/zdravstvo-20260919-koledar-dogodkov-medgeneracijski-dan-zdravja-v-vinici-1-1482e2fa5.md
https://www.radio-odeon.com/koledar-dogodkov/medgeneracijski-dan-zdravja-v-vinici/;Medgeneracijski dan zdravja v Vinici (dopoldan);Črnomelj;Vabilo;;;Gibanje;V besedilu je izrecno naveden črnomaljski CKZ oziroma nekdanji naziv Bela krajina.; Dogoden pripravljamo Ljudska univerza Črnomelj, Center za krepitev zdravja Črnomelj in Društvo Šola zdravja.;raw/web/zdravstvo-20260919-koledar-dogodkov-medgeneracijski-dan-zdravja-v-vinici-27c498802.md
https://www.radio-odeon.com/koledar-dogodkov/mascobe-v-krvi-ckz-hsd-crnomelj/;Maščobe v krvi (CKZ ), HSD Črnomelj;Črnomelj;Vabilo;;;Presnovno in srčno-žilno zdravje;V besedilu je izrecno naveden črnomaljski CKZ oziroma nekdanji naziv Bela krajina.;Z Centrom za krepitev zdravja - Črnomelj, pripravljamo predavanje na temo: Maščobe v krvi. Lepo vabljeni;raw/web/zdravstvo-20260919-koledar-dogodkov-mascobe-v-krvi-ckz-hsd-crnomelj-df3cf8a3b.md
https://www.radio-odeon.com/koledar-dogodkov/movember-ozavescanje-o-rakih-pri-moskih-mateja-svajger-ckz-hsdm/;MOVEMBER – ozaveščanje o rakih pri moških - Mateja Švajger - CKZ - HSDM;Drug center;Vabilo;;;Ozaveščanje o raku;"CKZ Metlika oziroma drug izvajalec; ni dokaza vloge CKZ Črnomelj.";"V Hišo Sadeži družbe Metlika vas vabimo na delavnico ""Movember"" z Matejo Švajger iz CKZ . Movember je mednarodno gibanje, katerega cilj je osveščanje javnosti o zdravju in boleznih moške populacije. November je mesec, v";raw/web/zdravstvo-20260919-koledar-dogodkov-movember-ozavescanje-o-rakih-pri-moskih-mateja-svajger-ckz-hsdm-27fe8455b.md
https://www.radio-odeon.com/koledar-dogodkov/mladost-radost/;MLADOST = RADOST;Nejasno;Vabilo;;;Gibanje;"Povezava s CKZ Črnomelj ni dovolj izrecna; ne vključujemo v njegovo oceno.";šola, Likovna delavnica, ZD Črnomelj - Center za krepitev zdravja, družabne igre in še kaj… Nastop dijakinj in dijakov: Talenti SŠ (ob 18. uri). Koncert (ob 19. uri): glasbena skupina Pulover. Pričakale;raw/web/zdravstvo-20260919-koledar-dogodkov-mladost-radost-a94fe7d5c.md
https://www.radio-odeon.com/koledar-dogodkov/meritve-s-centrom-za-krepitev-zdravja-zd-crnomelj-v-gasilskem-domu-na-cerovcu-pri-semicu/;MERITVE S CENTROM ZA KREPITEV ZDRAVJA ZD ČRNOMELJ v gasilskem domu na Cerovcu pri Semiču;Črnomelj;Vabilo;;;Presnovno in srčno-žilno zdravje;V besedilu je izrecno naveden črnomaljski CKZ oziroma nekdanji naziv Bela krajina.;Od 9. do 11. ure vabimo vse krajane občine Semič v Gasilski dom Cerovec , kjer bomo izvajali meritve krvnega tlaka, krvnega sladkorja in testiranje telesne pripravljenos;raw/web/zdravstvo-20260919-ar-dogodkov-meritve-s-centrom-za-krepitev-zdravja-zd-crnomelj-v-gasilskem-domu-na-cerovcu-pri-semicu-288a223b1.md
https://www.radio-odeon.com/koledar-dogodkov/meritve-s-centrom-za-krepitev-zdravja-zd-crnomelj-v-ks-adlesici-kulturni-dom/;MERITVE S CENTROM ZA KREPITEV ZDRAVJA ZD ČRNOMELJ v KS Adlešiči (kulturni dom);Črnomelj;Vabilo;;;Presnovno in srčno-žilno zdravje;V besedilu je izrecno naveden črnomaljski CKZ oziroma nekdanji naziv Bela krajina.;Ob 9. uri vabimo vse krajane KS Adlešiči v kulturni dom na meritve krvnega sladkorja, krvnega tlaka ter testiranje telesne pripravljenosti. Center za krepitev zdravja ZD;raw/web/zdravstvo-20260919-koledar-dogodkov-meritve-s-centrom-za-krepitev-zdravja-zd-crnomelj-v-ks-adlesici-kulturni-dom-69bfd6817.md
https://www.radio-odeon.com/koledar-dogodkov/mamiii-predavanje-logopedinje-vlaste-lah-iz-svetovalnice-os-milke-sobar-natase-crnomelj/;MAMIII!!! predavanje logopedinje Vlaste Lah iz Svetovalnice OŠ Milke Šobar - Nataše Črnomelj;Črnomelj;Vabilo;;;Skupnost in splošno zdravje;V besedilu je izrecno naveden črnomaljski CKZ oziroma nekdanji naziv Bela krajina.;govora pri otrocih Kdaj? Torek, 4.2. ob 16h Kje? CKZ ZD Črnomelj Spoznajte, kako spodbujati govorni razvoj pri otrocih, prepoznati morebitne težave in jih pravočasno nasloviti. Delavnico vodi logoped z bogatimi izkušnjami. Prijave: Število mest je omejeno, zato pohitite s prij;raw/web/zdravstvo-20260919-dar-dogodkov-mamiii-predavanje-logopedinje-vlaste-lah-iz-svetovalnice-os-milke-sobar-natase-crnomelj-fdba4ed5d.md
https://www.radio-odeon.com/koledar-dogodkov/krvni-tlak-in-predstavitev-programa-sopa/;Krvni tlak in predstavitev programa SOPA;Črnomelj;Vabilo;;;Presnovno in srčno-žilno zdravje;V besedilu je izrecno naveden črnomaljski CKZ oziroma nekdanji naziv Bela krajina.;n odnos do pitja alkohola. Predavanje bo izvajal CKZ ZD Črnomelj.;raw/web/zdravstvo-20260919-koledar-dogodkov-krvni-tlak-in-predstavitev-programa-sopa-31ac9098d.md
https://www.radio-odeon.com/koledar-dogodkov/krvni-tlak-meritve-in-nadziranje-mateja-svajger-ckz-zd-metlika/;Krvni tlak - meritve in nadziranje, Mateja Švajger - CKZ ZD Metlika - HSDM;Drug center;Vabilo;;;Presnovno in srčno-žilno zdravje;"CKZ Metlika oziroma drug izvajalec; ni dokaza vloge CKZ Črnomelj.";"V Hišo Sadeži družbe Metlika vas vabimo na delavnico na temo "" Krvni tlak - meritve in nadziranje"" z Matejo Švajger iz CKZ ZD Metlika . Za vzdrževanje zdravega življenjskega sloga si krvni tlak izmerite vsaj enkrat na četr";raw/web/zdravstvo-20260919-koledar-dogodkov-krvni-tlak-meritve-in-nadziranje-mateja-svajger-ckz-zd-metlika-baa317a4c.md
https://www.radio-odeon.com/koledar-dogodkov/kako-se-zascititi-pred-boleznimi-mateja-svajger-ckz-metlika-hsdm/;Kako se zaščititi pred boleznimi - Mateja Švajger CKZ Metlika - HSDM;Drug center;Vabilo;;;Skupnost in splošno zdravje;"CKZ Metlika oziroma drug izvajalec; ni dokaza vloge CKZ Črnomelj.";"V Hišo Sadeži družbe Metlika vas vabimo na delavnico na temo "" Kako se zaščititi pred boleznimi"" z Matejo Švajger iz CKZ ZD Metlika. Naše zdravje je naša odgovornost , ki je zelo pomemben faktor za naše psihično in f";raw/web/zdravstvo-20260919-koledar-dogodkov-kako-se-zascititi-pred-boleznimi-mateja-svajger-ckz-metlika-hsdm-002cbf391.md
https://www.radio-odeon.com/koledar-dogodkov/kako-se-sprostiti-s-psihologinjo-katjo-povse-iz-ckz-metlika-hsdm/;Kako se sprostiti - s psihologinjo Katjo Povše iz CKZ Metlika - HSDM;Drug center;Vabilo;;;Skupnost in splošno zdravje;"CKZ Metlika oziroma drug izvajalec; ni dokaza vloge CKZ Črnomelj.";"V Hišo Sadeži družbe Metlika vas vabimo na delavnico "" Kako se sprostiti "" s psihologinjo Katjo Povše iz CKZ Metlika. Če želimo najti svoj mir, moramo najprej najti sebe. Dihajte z nami. Vse delavnice in aktivnosti v";raw/web/zdravstvo-20260919-koledar-dogodkov-kako-se-sprostiti-s-psihologinjo-katjo-povse-iz-ckz-metlika-hsdm-d5c443c39.md
https://www.radio-odeon.com/koledar-dogodkov/kako-pravilno-izmeriti-tlak-mateja-svajger-ckz-hsdm/;Kako pravilno izmeriti tlak - Mateja Švajger CKZ - HSDM;Drug center;Vabilo;;;Skupnost in splošno zdravje;"CKZ Metlika oziroma drug izvajalec; ni dokaza vloge CKZ Črnomelj.";"V Hišo Sadeži družbe Metlika vas vabimo na delavnico ""Kako pravilno izmeriti tlak "" z Matejo Švajger iz CKZ ZD . Naučimo se različnih tehnik merjenja krvnega tlaka . Redne meritve so pomembne. Vse delavn";raw/web/zdravstvo-20260919-koledar-dogodkov-kako-pravilno-izmeriti-tlak-mateja-svajger-ckz-hsdm-da30484bf.md
https://www.radio-odeon.com/koledar-dogodkov/kajenje-1/;Kajenje;Nejasno;Vabilo;;;Tvegana vedenja;"Povezava s CKZ Črnomelj ni dovolj izrecna; ne vključujemo v njegovo oceno.";"HSD Črnomelj bo diplomirana medicinska sestra iz CKZ izvedla predavanje o kajenju; o škodljivih učinkih na telo, kako težko je opustiti kajenje....Lepo vabljeni. Vse delavnice in a";raw/web/zdravstvo-20260919-koledar-dogodkov-kajenje-1-8ec02b19f.md
https://www.radio-odeon.com/koledar-dogodkov/test-hoje-na-2-km-ali-sem-fit-1/;"Jesenski test hoje na 2km "" Ali sem fit? """;Črnomelj;Vabilo;;;Gibanje;V besedilu je izrecno naveden črnomaljski CKZ oziroma nekdanji naziv Bela krajina.;as o vaši odsotnosti obvestite. Se vidimo! Ekipa CKZ Bela krajina ZD Črnomelj;raw/web/zdravstvo-20260919-koledar-dogodkov-test-hoje-na-2-km-ali-sem-fit-1-c6d432d40.md
https://www.radio-odeon.com/koledar-dogodkov/jejmo-z-vsemi-cutili/;Jejmo z vsemi čutili;Nejasno;Vabilo;;;Prehrana in telesna masa;"Povezava s CKZ Črnomelj ni dovolj izrecna; ne vključujemo v njegovo oceno.";HSD Črnomelj bo diplomirana medicinska sestra iz CKZ izvedla delavnico: Jejmo z vsemi čutili. Naučili se bomo, kako pri prehranjevanju uporabljati vsa čutila. Lepo vabljeni. Vse delavnice in ak;raw/web/zdravstvo-20260919-koledar-dogodkov-jejmo-z-vsemi-cutili-379da905b.md
https://www.radio-odeon.com/koledar-dogodkov/industrija-4.0-kako-pametna-tovarna-lahko-postane-resnicnost/;Industrija 4.0 - Kako pametna tovarna lahko postane resničnost?;Izločeno;Vabilo;;;Ozaveščanje o raku;Iskalni zadetek brez potrjene relevantnosti za CKZ.;Industrijo 4.0 imenujemo tudi četrta industrijska revolucija, v kateri so inteligentna omrežja tista, ki bodo prinesla temeljne spremembe. Je skupen izraz za tehnologije in koncepte za ureditev celotne vrednostne verige, ki predst;raw/web/zdravstvo-20260919-koledar-dogodkov-industrija-4-0-kako-pametna-tovarna-lahko-postane-resnicnost-614a04295.md
https://www.radio-odeon.com/koledar-dogodkov/igre-za-otroke-v-sklopu-poletnih-pocitnicah-1/;Igre za otroke v sklopu poletnih počitnicah;Črnomelj;Vabilo;;;Skupnost in splošno zdravje;V besedilu je izrecno naveden črnomaljski CKZ oziroma nekdanji naziv Bela krajina.;ici Partizan Semič bodo ob 9. uri v organizaciji Centra za krepitev zdravja ZD Črnomelj potekale brezplačne igre za otroke. Zaželjene predhodne prijave na TIC Semič na tel. št. 07 35 65 200 ali po e-pošti na [email protected];raw/web/zdravstvo-20260919-koledar-dogodkov-igre-za-otroke-v-sklopu-poletnih-pocitnicah-1-851e5e999.md
https://www.radio-odeon.com/koledar-dogodkov/igre-za-otroke-v-sklopu-poletnih-pocitnicah-2/;Igre za otroke v sklopu poletnih počitnicah;Črnomelj;Vabilo;;;Gibanje;V besedilu je izrecno naveden črnomaljski CKZ oziroma nekdanji naziv Bela krajina.;kale igre za otroke, športna aktivnost v izvedbi Centra za krepitev zdravja ZD Črnomelj. Športna aktivnost brezplačna, zaželjene so predhodne prijave na TIC Semič: Telefon: 07 35 65 200 E-pošta: [email protected];raw/web/zdravstvo-20260919-koledar-dogodkov-igre-za-otroke-v-sklopu-poletnih-pocitnicah-2-966bc8de0.md
https://www.radio-odeon.com/koledar-dogodkov/hormoni-in-prebava-hsd-crnomelj/;Hormoni in prebava, HSD Črnomelj;Nejasno;Vabilo;;;Skupnost in splošno zdravje;"Povezava s CKZ Črnomelj ni dovolj izrecna; ne vključujemo v njegovo oceno.";na predavanje, ki ga enkrat mesečno pripravimo z CKZ. Tema tokratnega predavanja so HORMONI in PREBAVA.;raw/web/zdravstvo-20260919-koledar-dogodkov-hormoni-in-prebava-hsd-crnomelj-94505f122.md
https://www.radio-odeon.com/koledar-dogodkov/higiena-rok-mateja-svajger-hsdm/;Higiena rok - Mateja Švajger - HSDM;Drug center;Vabilo;;;Ustno zdravje;"CKZ Metlika oziroma drug izvajalec; ni dokaza vloge CKZ Črnomelj.";"na delavnico "" Higiena rok "" z Matejo Švajger iz CKZ ZD Metlika. Kaj je higiena rok? Ob pravilnem izvajanju higiene rok se zmanjša število mikroorganizmov na rokah, kar prispeva k preprečevanju okužb. To pa vpliva na o";raw/web/zdravstvo-20260919-koledar-dogodkov-higiena-rok-mateja-svajger-hsdm-096bdb941.md
https://www.radio-odeon.com/koledar-dogodkov/gremo-sportat-pocitniske-delavnice/;Gremo športat? počitniške delavnice;Črnomelj;Vabilo;;;Gibanje;V besedilu je izrecno naveden črnomaljski CKZ oziroma nekdanji naziv Bela krajina.;Hiša sadeži družbe Črnomelj in CKZ – Zdravstveni dom Črnomelj vas v sklopu Počitniških delavnic med 9. in 11. uro vabita na športno aktivost Gremo športat? pri telovadnici Partizan. Dobrodošli!;raw/web/zdravstvo-20260919-koledar-dogodkov-gremo-sportat-pocitniske-delavnice-07fa1dbef.md
https://www.radio-odeon.com/koledar-dogodkov/gibanje-za-zdravje/;Gibanje za zdravje;Nejasno;Vabilo;;;Duševno zdravje;"Povezava s CKZ Črnomelj ni dovolj izrecna; ne vključujemo v njegovo oceno.";0 ure Gibanje za zdravje, ki ga izvaja Center za krepitev zdravja ZD Črnomellj. Pridružite se nam v gibanju in sproščanju. Lepo vabljeni! Vse aktivnosti v Hiši Sadeži družbe Črnomelj so brezplačne.;raw/web/zdravstvo-20260919-koledar-dogodkov-gibanje-za-zdravje-a04776cb0.md
https://www.radio-odeon.com/koledar-dogodkov/test-6-minutne-hoje-nives-bucan-iz-ckz-metlika-hsdm/;Gibanje na prostem - Nives Bučan iz CKZ Metlika - HSDM;Drug center;Vabilo;;;Gibanje;"CKZ Metlika oziroma drug izvajalec; ni dokaza vloge CKZ Črnomelj.";"V Hišo Sadeži družbe Metlika vas vabimo na delavnico "" Gibanje na prostem"" z Nives Bučan iz CKZ ZD Metlika. Za svoje telo moramo skrbeti. Zato potrebujemo bogato hrano , telesno aktivnost in pozitiven p";raw/web/zdravstvo-20260919-koledar-dogodkov-test-6-minutne-hoje-nives-bucan-iz-ckz-metlika-hsdm-f9e3277c5.md
https://www.radio-odeon.com/koledar-dogodkov/gibam-se-kineziologinja-dasa-ckz-zd-metlika-hsdm-3/;Gibam se – kineziologinja Daša - CKZ ZD Metlika - HSDM;Drug center;Vabilo;;;Gibanje;"CKZ Metlika oziroma drug izvajalec; ni dokaza vloge CKZ Črnomelj.";"V Hišo Sadeži družbe Metlika vas vabimo na delavnico na temo ""Kineziologija"" z Dašo iz CKZ ZD . Če želimo obdržati svoje telo zdravo , moramo vzdrževati zdravo fizično kondicijo . Naučimo se osebne vadb";raw/web/zdravstvo-20260919-koledar-dogodkov-gibam-se-kineziologinja-dasa-ckz-zd-metlika-hsdm-3-00aa3f676.md
https://www.radio-odeon.com/koledar-dogodkov/gibam-se-kineziologinja-dasa-ckz-zd-metlika-hsdm-2/;Gibam se – kineziologinja Daša - CKZ ZD Metlika - HSDM;Drug center;Vabilo;;;Gibanje;"CKZ Metlika oziroma drug izvajalec; ni dokaza vloge CKZ Črnomelj.";"V Hišo Sadeži družbe Metlika vas vabimo na delavnico na temo ""Kineziologija"" z Dašo iz CKZ ZD . Če želimo obdržati svoje telo zdravo , moramo vzdrževati zdravo fizično kondicijo . Naučimo se osebne vadb";raw/web/zdravstvo-20260919-koledar-dogodkov-gibam-se-kineziologinja-dasa-ckz-zd-metlika-hsdm-2-695e8b0ea.md
https://www.radio-odeon.com/koledar-dogodkov/gibam-se-kineziologinja-dasa-ckz-zd-metlika-hsdm/;Gibam se – kineziologinja Daša - CKZ ZD Metlika - HSDM;Drug center;Vabilo;;;Gibanje;"CKZ Metlika oziroma drug izvajalec; ni dokaza vloge CKZ Črnomelj.";"V Hišo Sadeži družbe Metlika vas vabimo na delavnico na temo ""Kineziologija"" z Dašo iz CKZ ZD . Če želimo obdržati svoje telo zdravo , moramo vzdrževati zdravo fizično kondicijo . Naučimo se osebne vadb";raw/web/zdravstvo-20260919-koledar-dogodkov-gibam-se-kineziologinja-dasa-ckz-zd-metlika-hsdm-87721c613.md
https://www.radio-odeon.com/koledar-dogodkov/gibam-se-kineziologinja-dasa-ckz-zd-metlika-hsdm-1/;Gibam se – kineziologinja Daša - CKZ ZD Metlika - HSDM;Drug center;Vabilo;;;Gibanje;"CKZ Metlika oziroma drug izvajalec; ni dokaza vloge CKZ Črnomelj.";"V Hišo Sadeži družbe Metlika vas vabimo na delavnico na temo ""Kineziologija"" z Dašo iz CKZ ZD . Če želimo obdržati svoje telo zdravo , moramo vzdrževati zdravo fizično kondicijo . Naučimo se osebne vadb";raw/web/zdravstvo-20260919-koledar-dogodkov-gibam-se-kineziologinja-dasa-ckz-zd-metlika-hsdm-1-47abb7ec4.md
https://www.radio-odeon.com/koledar-dogodkov/gasilska-veselica-na-krasincu/;Gasilska veselica na Krasincu;Izločeno;Vabilo;;;Skupnost in splošno zdravje;Iskalni zadetek brez potrjene relevantnosti za CKZ.;PDG Krasinec prireja gasilsko veselico s pričetkom ob 18. uri! Za podkrepitev s hrano in pijačo bodo poskrbele domače gasilke in gasilci, za žur do jutranjih ur pa GLASBENA SKUPINA JACKPOT. Svojo srečo boste lahko poskusili tudi v;raw/web/zdravstvo-20260919-koledar-dogodkov-gasilska-veselica-na-krasincu-36d8d90bf.md
https://www.radio-odeon.com/koledar-dogodkov/gasilska-veselica-pgd-rosalnice-1/;Gasilska veselica - PGD Rosalnice;Izločeno;Vabilo;;;Skupnost in splošno zdravje;Iskalni zadetek brez potrjene relevantnosti za CKZ.;PDG Rosalnice prireja gasilsko veselico s pričetkom ob 20. uri. Za podkrepitev s hrano in pijačo bodo poskrbeli domači gasilci, za žur do jutranjih ur pa Ansambel Blaža Hutevca .;raw/web/zdravstvo-20260919-koledar-dogodkov-gasilska-veselica-pgd-rosalnice-1-40cb6d805.md
https://www.radio-odeon.com/koledar-dogodkov/festival-zdravja-v-crnomlju-in-semicu-3/;Festival zdravja v Črnomlju in Semiču (3. dan);Nejasno;Vabilo;;;Skupnost in splošno zdravje;"Povezava s CKZ Črnomelj ni dovolj izrecna; ne vključujemo v njegovo oceno."; do srede 10. aprila, ki ga organizira Center za krepitev zdravja ZD Črnomel j skupaj z lokalnimi deležniki. Na voljo bodo različne aktivnosti, na različnih področjih krepitve zdravja in za vse starostne skupine. Pridružite se nam n;raw/web/zdravstvo-20260919-koledar-dogodkov-festival-zdravja-v-crnomlju-in-semicu-3-5d9ea2009.md
https://www.radio-odeon.com/koledar-dogodkov/festival-zdravja-v-crnomlju-in-semicu-2/;Festival zdravja v Črnomlju in Semiču (2. dan);Nejasno;Vabilo;;;Skupnost in splošno zdravje;"Povezava s CKZ Črnomelj ni dovolj izrecna; ne vključujemo v njegovo oceno."; do srede 10. aprila, ki ga organizira Center za krepitev zdravja ZD Črnomel j skupaj z lokalnimi deležniki. Na voljo bodo različne aktivnosti, na različnih področjih krepitve zdravja in za vse starostne skupine. Pridružite se nam n;raw/web/zdravstvo-20260919-koledar-dogodkov-festival-zdravja-v-crnomlju-in-semicu-2-cf4298b3c.md
https://www.radio-odeon.com/koledar-dogodkov/festival-zdravja-v-crnomlju-in-semicu-1/;Festival zdravja v Črnomlju in Semiču (1. dan);Črnomelj;Vabilo;;;Skupnost in splošno zdravje;V besedilu je izrecno naveden črnomaljski CKZ oziroma nekdanji naziv Bela krajina.;8. aprila, do srede 10. aprila, ki ga organizira Center za krepitev zdravja ZD Črnomelj skupaj z lokalnimi deležniki. Na voljo bodo različne aktivnosti, na različnih področjih krepitve zdravja in za vse starostne skupine. Pridružite se nam na »maratonu z;raw/web/zdravstvo-20260919-koledar-dogodkov-festival-zdravja-v-crnomlju-in-semicu-1-592600d4c.md
https://www.radio-odeon.com/koledar-dogodkov/festival-zdravja-dan-meritev/;Festival zdravja - dan meritev;Črnomelj;Vabilo;;;Skupnost in splošno zdravje;V besedilu je izrecno naveden črnomaljski CKZ oziroma nekdanji naziv Bela krajina.;FESTIVAL ZDRAVJA, ki ga organizira Center za krepitev zdravja, ZD Črnomelj se bo odvijal od 4.4.2023 do 7.4.2023. 1. dan: torek, 4.4.2023 - DAN MERITEV Od 9. do 12. ure: Meritve in svetovanja (ZD: prostori CKZ) Od 12. do 14. ;raw/web/zdravstvo-20260919-koledar-dogodkov-festival-zdravja-dan-meritev-061e679cc.md
https://www.radio-odeon.com/koledar-dogodkov/festival-zdravja-dan-zdrave-prehrane/;Festival zdravja - Dan zdrave prehrane;Črnomelj;Vabilo;;;Prehrana in telesna masa;V besedilu je izrecno naveden črnomaljski CKZ oziroma nekdanji naziv Bela krajina.;Festival zdravja, ki ga organizira Center za krepitev zdravja, ZD Črnomelj se bo odvijal od 4.4.2023 do 7.4.2023. 3. dan: četrtek, 6.4.2023 - Dan zdrave prehrane Ob 10.30 do 11.30 delavnica Moja 1. žlička: priprava kašic za dojenčke ;raw/web/zdravstvo-20260919-koledar-dogodkov-festival-zdravja-dan-zdrave-prehrane-b0a6c52ea.md
https://www.radio-odeon.com/koledar-dogodkov/festival-zdravja/;Festival zdravja - Dan gibanja, zaključek festivala, svetovni dan zdravja;Črnomelj;Vabilo;;;Duševno zdravje;V besedilu je izrecno naveden črnomaljski CKZ oziroma nekdanji naziv Bela krajina.;Festival zdravja, ki ga organizira Center za krepitev zdravja, ZD Črnomelj se bo odvijal od 4.4.2023 do 7.4.2023. 4. dan: petek, 7.4.2023 - Dan gibanja, zaključek festivala, svetovni dan zdravja Ob 7.30 do 8.00 vadba skupaj s Šolo zdravja in Društvom koronarnih bolnik;raw/web/zdravstvo-20260919-koledar-dogodkov-festival-zdravja-a631261d9.md
https://www.radio-odeon.com/koledar-dogodkov/festival-zdravja-dan-dusevnega-zdravja-1/;Festival zdravja - Dan duševnega zdravja;Črnomelj;Vabilo;;;Duševno zdravje;V besedilu je izrecno naveden črnomaljski CKZ oziroma nekdanji naziv Bela krajina.;Festival zdravja, ki ga organizira Center za krepitev zdravja, ZD Črnomelj se bo odvijal od 4.4.2023 do 7.4.2023. 2. dan: SREDA, 5.4.2023 - Dan duševnjega zdravja Od 10.00 do 11.30 v KC Semič: Kako se lahko umirim, ko ne morem spati? (;raw/web/zdravstvo-20260919-koledar-dogodkov-festival-zdravja-dan-dusevnega-zdravja-1-aa90a6cf9.md
https://www.radio-odeon.com/koledar-dogodkov/festival-zdravja-6.dan/;Festival zdravja - 6.dan;Črnomelj;Vabilo;;;Skupnost in splošno zdravje;V besedilu je izrecno naveden črnomaljski CKZ oziroma nekdanji naziv Bela krajina.; aprila, do sobote 12. aprila , ki ga organizira Center za krepitev zdravja ZD Črnomelj skupaj z lokalnimi deležniki. Na voljo bodo različne aktivnosti, na različnih področjih krepitve zdravja in za vse starostne skupine. Dodatne in;raw/web/zdravstvo-20260919-koledar-dogodkov-festival-zdravja-6-dan-223454c68.md
https://www.radio-odeon.com/koledar-dogodkov/festival-zdravja-5.dan/;Festival zdravja - 5.dan;Črnomelj;Vabilo;;;Skupnost in splošno zdravje;V besedilu je izrecno naveden črnomaljski CKZ oziroma nekdanji naziv Bela krajina.; aprila, do sobote 12. aprila , ki ga organizira Center za krepitev zdravja ZD Črnomelj skupaj z lokalnimi deležniki. Na voljo bodo različne aktivnosti, na različnih področjih krepitve zdravja in za vse starostne skupine. Dodatne in;raw/web/zdravstvo-20260919-koledar-dogodkov-festival-zdravja-5-dan-e86357f75.md
https://www.radio-odeon.com/koledar-dogodkov/festival-zdravja-4.dan/;Festival zdravja - 4.dan;Črnomelj;Vabilo;;;Skupnost in splošno zdravje;V besedilu je izrecno naveden črnomaljski CKZ oziroma nekdanji naziv Bela krajina.; aprila, do sobote 12. aprila , ki ga organizira Center za krepitev zdravja ZD Črnomelj skupaj z lokalnimi deležniki. Na voljo bodo različne aktivnosti, na različnih področjih krepitve zdravja in za vse starostne skupine. Dodatne in;raw/web/zdravstvo-20260919-koledar-dogodkov-festival-zdravja-4-dan-7f389bb20.md
https://www.radio-odeon.com/koledar-dogodkov/festival-zdravja-3.dan/;Festival zdravja - 3.dan;Črnomelj;Vabilo;;;Skupnost in splošno zdravje;V besedilu je izrecno naveden črnomaljski CKZ oziroma nekdanji naziv Bela krajina.; aprila, do sobote 12. aprila , ki ga organizira Center za krepitev zdravja ZD Črnomelj skupaj z lokalnimi deležniki. Na voljo bodo različne aktivnosti, na različnih področjih krepitve zdravja in za vse starostne skupine. Dodatne in;raw/web/zdravstvo-20260919-koledar-dogodkov-festival-zdravja-3-dan-fa87315bb.md
https://www.radio-odeon.com/koledar-dogodkov/festival-zdravja-2.dan/;Festival zdravja - 2.dan;Črnomelj;Vabilo;;;Skupnost in splošno zdravje;V besedilu je izrecno naveden črnomaljski CKZ oziroma nekdanji naziv Bela krajina.; aprila, do sobote 12. aprila , ki ga organizira Center za krepitev zdravja ZD Črnomelj skupaj z lokalnimi deležniki. Na voljo bodo različne aktivnosti, na različnih področjih krepitve zdravja in za vse starostne skupine. Dodatne in;raw/web/zdravstvo-20260919-koledar-dogodkov-festival-zdravja-2-dan-b92fe11ab.md
https://www.radio-odeon.com/koledar-dogodkov/festival-zdravja-1.dan/;Festival zdravja - 1.dan;Črnomelj;Vabilo;;;Skupnost in splošno zdravje;V besedilu je izrecno naveden črnomaljski CKZ oziroma nekdanji naziv Bela krajina.; aprila, do sobote 12. aprila , ki ga organizira Center za krepitev zdravja ZD Črnomelj skupaj z lokalnimi deležniki. Na voljo bodo različne aktivnosti, na različnih področjih krepitve zdravja in za vse starostne skupine. Dodatne in;raw/web/zdravstvo-20260919-koledar-dogodkov-festival-zdravja-1-dan-c8d9a48b4.md
https://www.radio-odeon.com/koledar-dogodkov/festival-zdravja-dan-dusevnega-zdravja/;FESTIVAL ZDRAVJA - DAN DUŠEVNEGA ZDRAVJA;Črnomelj;Vabilo;;;Duševno zdravje;V besedilu je izrecno naveden črnomaljski CKZ oziroma nekdanji naziv Bela krajina.;FESTIVAL ZDRAVJA, ki ga organizira Center za krepitev zdravja, ZD Črnomelj se bo odvijal od 4.4.2023 do 7.4.2023. 2. dan: sreda, 5.4.2023 - DAN DUŠEVNEGA ZDRAVJA Od 10.00 do 11.30 v KC Semič: Kako se lahko umirim, ko ne morem spati? (S;raw/web/zdravstvo-20260919-koledar-dogodkov-festival-zdravja-dan-dusevnega-zdravja-9908b6132.md
https://www.radio-odeon.com/koledar-dogodkov/europa-donna-in-roznati-oktober-v-crnomlju/;Europa Donna in rožnati oktober v Črnomlju;Črnomelj;Vabilo;;;Ozaveščanje o raku;V besedilu je izrecno naveden črnomaljski CKZ oziroma nekdanji naziv Bela krajina.;enja Europa Donna Slovenija ob 17. uri, skupaj s Centrom za krepitev zdravja Bela krajina. Ob 19. uri bomo črnomaljski grad, skupaj s predstavniki občine, osvetlili v roza barvi. Vabljeni, da se udeležite posebnega dogodka prižiga luči, ki bodo celoten;raw/web/zdravstvo-20260919-koledar-dogodkov-europa-donna-in-roznati-oktober-v-crnomlju-f2797f066.md
https://www.radio-odeon.com/koledar-dogodkov/etm-metlika-mestni-trg-3/;ETM Metlika, Mestni trg (3);Drug center;Vabilo;;;Gibanje;"CKZ Metlika oziroma drug izvajalec; ni dokaza vloge CKZ Črnomelj.";ce DSO 6 min test hoje ob 9. uri in predstavitev Centra za krepitev zdravja Metlika;raw/web/zdravstvo-20260919-koledar-dogodkov-etm-metlika-mestni-trg-3-611d8f01b.md
https://www.radio-odeon.com/koledar-dogodkov/ese-sola-za-zivljenje-krepitev-kreativnih-in-digitalnih-vescin-delavnica-canva/;ESE: Šola za življenje - Krepitev kreativnih in digitalnih veščin (delavnica Canva);Izločeno;Vabilo;;;Skupnost in splošno zdravje;Iskalni zadetek brez potrjene relevantnosti za CKZ.;USTVARJAJ KOT PRO – V CANVI! Imaš idejo, ampak ne veš, kako jo vizualno spraviti na nivo? Ali pa želiš izboljšati svoje objave, plakate, predstavitve in jih narediti? Pridi na delavnico, kjer bomo skupaj raziskovali osnove oblikov;raw/web/zdravstvo-20260919-koledar-dogodkov-ese-sola-za-zivljenje-krepitev-kreativnih-in-digitalnih-vescin-delavnica-canva-b4ef7a331.md
https://www.radio-odeon.com/koledar-dogodkov/dobro-sem-delavnice-za-krepitev-dusevnega-zdravja/;Dobro sem - delavnice za krepitev duševnega zdravja;Izločeno;Vabilo;;;Duševno zdravje;Iskalni zadetek brez potrjene relevantnosti za CKZ.;Se kdaj sprašuješ: Se dobro počutim? Zakaj me obdajajo te misli? Zakaj tako čutim? Kako naj te pohvalim? Kako naj rešim ta konflikt? Kako naj se spopadem s stresom,...??? Naslednji mesec bom v Črnomlju pričela z izvajanjem delavni;raw/web/zdravstvo-20260919-koledar-dogodkov-dobro-sem-delavnice-za-krepitev-dusevnega-zdravja-0865167c9.md
https://www.radio-odeon.com/koledar-dogodkov/dobre-in-slabe-izbire-zivil-hsd-crnomelj/;Dobre in slabe izbire živil - HSD Črnomelj;Črnomelj;Vabilo;;;Skupnost in splošno zdravje;V besedilu je izrecno naveden črnomaljski CKZ oziroma nekdanji naziv Bela krajina.;o potekala Svetovalnica za zdravje, ki jo izvaja Center za krepitev zdravja Črnomelj. Tema delavnice: Dobre in slabe izbire živil Vabljeni, da se nam pridružite, ob 9. uri zjutraj. Vse delavnice in aktivnosti v naši Hiši so brezplačne.;raw/web/zdravstvo-20260919-koledar-dogodkov-dobre-in-slabe-izbire-zivil-hsd-crnomelj-b7b0caa0f.md
https://www.radio-odeon.com/koledar-dogodkov/dobra-drza-in-hrana-za-imunski-sistem-ckz-zd-metlika-hsdm/;Dobra drža in hrana za imunski sistem - CKZ ZD Metlika - HSDM;Drug center;Vabilo;;;Skupnost in splošno zdravje;"CKZ Metlika oziroma drug izvajalec; ni dokaza vloge CKZ Črnomelj.";"V Hišo Sadeži družbe Metlika vas vabimo na delavnico na temo "" Dobra drža in hrana za imunski sistem "" s CKZ ZD Metlika . Za vzdrževanje zdravega telesa , potrebujemo zdravo in bogato hrano. Hrana, ki nahrani ";raw/web/zdravstvo-20260919-koledar-dogodkov-dobra-drza-in-hrana-za-imunski-sistem-ckz-zd-metlika-hsdm-1675c7257.md
https://www.radio-odeon.com/koledar-dogodkov/destilacija-sladkega-pelina/;Destilacija sladkega pelina s Slavkotom Žagarjem;Izločeno;Vabilo;;;Prehrana in telesna masa;Iskalni zadetek brez potrjene relevantnosti za CKZ.;Destilacija je postopek, pri katerem ločimo zmesi tekočin , ki imajo različne temperature vrelišč . Najprej se loči tista snov, ki ima nižje vrelišče. Danes bomo v vodi raztopljen sladki pelin segrevali do 100 stopinj, dobili bomo;raw/web/zdravstvo-20260919-koledar-dogodkov-destilacija-sladkega-pelina-82350f714.md
https://www.radio-odeon.com/koledar-dogodkov/sprostitvene-tehnike-s-psihologinjo-iz-ckz-hsdm/;Depresija - s psihologinjo iz CKZ - HSDM;Drug center;Vabilo;;;Duševno zdravje;"CKZ Metlika oziroma drug izvajalec; ni dokaza vloge CKZ Črnomelj.";"V Hišo Sadeži družbe Metlika vas vabimo na delavnico na temo ""Depresija"" s psihologinjo iz CKZ . Če želimo najti svoj mir, moramo najprej najti sebe. Dihajte z nami. Vse delavnice in aktiv";raw/web/zdravstvo-20260919-koledar-dogodkov-sprostitvene-tehnike-s-psihologinjo-iz-ckz-hsdm-8acc676f2.md
https://www.radio-odeon.com/koledar-dogodkov/depresija-s-psihologinjo-iz-ckz-hsdm-1/;Depresija - psihologinja Rymma Štubler - HSDM;Drug center;Vabilo;;;Duševno zdravje;"CKZ Metlika oziroma drug izvajalec; ni dokaza vloge CKZ Črnomelj.";"co "" Depresija "" s psihologinjo Rymmo Štubler iz CKZ ZD Metlika. Depresivna motnja ali depresija je pogosta duševna motnja, ki se lahko zgodi vsakomur. Zanjo je značilno slabo razpoloženje ali izguba zadovoljstva ali zanimanja z";raw/web/zdravstvo-20260919-koledar-dogodkov-depresija-s-psihologinjo-iz-ckz-hsdm-1-6a9f01db4.md
https://www.radio-odeon.com/koledar-dogodkov/demenca-odkrijmo-jo-zgodaj/;Demenca: Odkrijmo jo zgodaj;Črnomelj;Vabilo;;;Skupnost in splošno zdravje;V besedilu je izrecno naveden črnomaljski CKZ oziroma nekdanji naziv Bela krajina.;"Vabljeni v predavalnico Centra za krepitev zdravja v Zdravstvenem domu Črnomelj, kjer se ob 13:30 prične predavanje z naslovom ""Demenca: Odkrijmo jo zgodaj"".";raw/web/zdravstvo-20260919-koledar-dogodkov-demenca-odkrijmo-jo-zgodaj-0f1dc1e7e.md
https://www.radio-odeon.com/koledar-dogodkov/demenca-epidemija-sodobnega-sveta-mateja-svajger-hsdm/;Demenca - epidemija sodobnega sveta - Mateja Švajger - HSDM;Drug center;Vabilo;;;Skupnost in splošno zdravje;"CKZ Metlika oziroma drug izvajalec; ni dokaza vloge CKZ Črnomelj.";" epidemija sodobnega sveta "" z Matejo Švajger iz CKZ ZD Metlika. Demenca je posledica sprememb v določenih delih možganov, zaradi katerih nevroni (živčne celice) in njihove povezave prenehajo pravilno delovati. Spoznajmo simptome, kako vpliva";raw/web/zdravstvo-20260919-koledar-dogodkov-demenca-epidemija-sodobnega-sveta-mateja-svajger-hsdm-d851b6990.md
https://www.radio-odeon.com/koledar-dogodkov/delavnica-growth-hacking-triki-in-vescine-sodobnega-marketingasa-2-del/;"Delavnica: Growth Hacking = Triki in veščine sodobnega ""marketingaša"" (2. del)";Izločeno;Vabilo;;;Ustno zdravje;Iskalni zadetek brez potrjene relevantnosti za CKZ.;Če se želite seznaniti s kopico marketinških trikov, nasvetov, trendov in praktičnih primerov, potem vabljeni k udeležbi na 2. interaktivno delavnico (oz. nadaljevanje Growth hacking = triki in veščine sodobnega 'marketingaša' (1.;raw/web/zdravstvo-20260919-koledar-dogodkov-delavnica-growth-hacking-triki-in-vescine-sodobnega-marketingasa-2-del-74d8329b6.md
https://www.radio-odeon.com/koledar-dogodkov/delavnica-zvisane-mascobe-v-krvi-6/;Delavnica zvišane maščobe v krvi;Črnomelj;Vabilo;;;Presnovno in srčno-žilno zdravje;V besedilu je izrecno naveden črnomaljski CKZ oziroma nekdanji naziv Bela krajina.;ane maščobe v krvi , ki bo potekala v sejni sobi Centra za krepitev zdravja, ZD Črnomelj . Zaradi lažje organizacije dela so zaželene prijave na mail [email protected] ali telefonsko številko 07 62 05 755 .;raw/web/zdravstvo-20260919-koledar-dogodkov-delavnica-zvisane-mascobe-v-krvi-6-2f623a9ff.md
https://www.radio-odeon.com/koledar-dogodkov/delavnica-za-starse-s-psihologom-sandijem-verscajem-iz-ckz-metlika-zavod-metlika/;Delavnica za starše s psihologom Sandijem Verščajem iz CKZ Metlika - Zavod Metlika;Drug center;Vabilo;;;Ozaveščanje o raku;"CKZ Metlika oziroma drug izvajalec; ni dokaza vloge CKZ Črnomelj.";Kličemo vse starše! Ali iščete učinkovite strategije za postavljanje meja svojim otrokom in krmarjenje v zahtevnih vodah pubertete? Ne iščite več! Pridružite se naši delavnici: Postavljanje meja in sam;raw/web/zdravstvo-20260919-koledar-dogodkov-delavnica-za-starse-s-psihologom-sandijem-verscajem-iz-ckz-metlika-zavod-metlika-f5e0a3266.md
https://www.radio-odeon.com/koledar-dogodkov/delavnica-za-opuscanje-kajenja-v-zd-crnomelj/;Delavnica za opuščanje kajenja v ZD Črnomelj;Črnomelj;Vabilo;;;Tvegana vedenja;V besedilu je izrecno naveden črnomaljski CKZ oziroma nekdanji naziv Bela krajina.;bimo se v sejni sobi zdravstvenega doma Črnomelj Center za krepitev zdravja Bela krajina;raw/web/zdravstvo-20260919-koledar-dogodkov-delavnica-za-opuscanje-kajenja-v-zd-crnomelj-b69e40e50.md
https://www.radio-odeon.com/koledar-dogodkov/delavnica-predstavitve-postopkov-ozivljanja/;Delavnica predstavitve postopkov oživljanja;Črnomelj;Vabilo;;;Presnovno in srčno-žilno zdravje;V besedilu je izrecno naveden črnomaljski CKZ oziroma nekdanji naziv Bela krajina.;rvnega tlaka ter sladkorja. Delavnico bo izvedel Center za krepitev zdravja ZD Črnomelj v četrtek, 30. maja, ob 19h. Lokacija delavnice je Dom krajanov Bojanci (naslov Bojanci 1). Dogodek bo izveden v sklopu dogodkov Tednov vseživljenjskega učenja 202;raw/web/zdravstvo-20260919-koledar-dogodkov-delavnica-predstavitve-postopkov-ozivljanja-de796392f.md
https://www.radio-odeon.com/koledar-dogodkov/delavnica-jejmo-z-vsemi-cutili-ckz-hsd-crnomelj/;Delavnica jejmo z vsemi čutili (CKZ ) - HSD Črnomelj;Črnomelj;Vabilo;;;Prehrana in telesna masa;V besedilu je izrecno naveden črnomaljski CKZ oziroma nekdanji naziv Bela krajina.;V HSD Črnomelj bo diplomirana medicinska sestra iz CKZ izvedla delavnico: JEJMO Z VSEMI ČUTILI. Naučili se bomo, kako pri prehranjevanju uporabljati vsa čutila. Lepo vabljeni. Vse delavni;raw/web/zdravstvo-20260919-koledar-dogodkov-delavnica-jejmo-z-vsemi-cutili-ckz-hsd-crnomelj-97f55d886.md
https://www.radio-odeon.com/koledar-dogodkov/delavnica-zvisane-mascobe-v-krvi-12/;Delavnica Zvišane maščobe v krvi;Črnomelj;Vabilo;;;Presnovno in srčno-žilno zdravje;V besedilu je izrecno naveden črnomaljski CKZ oziroma nekdanji naziv Bela krajina.;CKZ ZD ČRNOMELJ;raw/web/zdravstvo-20260919-koledar-dogodkov-delavnica-zvisane-mascobe-v-krvi-12-fc9a86ab7.md
https://www.radio-odeon.com/koledar-dogodkov/delavnica-zvisane-mascobe-v-krvi-9/;Delavnica Zvišane maščobe v krvi;Črnomelj;Vabilo;;;Presnovno in srčno-žilno zdravje;V besedilu je izrecno naveden črnomaljski CKZ oziroma nekdanji naziv Bela krajina.;ane maščobe v krvi , ki bo potekala v sejni sobi Centra za krepitev zdravja, ZD Črnomelj . Zaradi lažje organizacije dela so zaželene prijave na mail [email protected] ali telefonsko številko 07 62 05 755 .;raw/web/zdravstvo-20260919-koledar-dogodkov-delavnica-zvisane-mascobe-v-krvi-9-a1bca21c4.md
https://www.radio-odeon.com/koledar-dogodkov/delavnica-zvisane-mascobe-v-krvi-8/;Delavnica Zvišane maščobe v krvi;Črnomelj;Vabilo;;;Presnovno in srčno-žilno zdravje;V besedilu je izrecno naveden črnomaljski CKZ oziroma nekdanji naziv Bela krajina.;ane maščobe v krvi , ki bo potekala v sejni sobi Centra za krepitev zdravja, ZD Črnomelj . Zaradi lažje organizacije dela so zaželene prijave na mail [email protected] ali telefonsko številko 07 62 05 755 .;raw/web/zdravstvo-20260919-koledar-dogodkov-delavnica-zvisane-mascobe-v-krvi-8-8a8bd5776.md
https://www.radio-odeon.com/koledar-dogodkov/delavnica-zvisane-mascobe-v-krvi-10/;Delavnica Zvišane maščobe v krvi;Črnomelj;Vabilo;;;Presnovno in srčno-žilno zdravje;V besedilu je izrecno naveden črnomaljski CKZ oziroma nekdanji naziv Bela krajina.;ane maščobe v krvi , ki bo potekala v sejni sobi Centra za krepitev zdravja, ZD Črnomelj . Zaradi lažje organizacije dela so zaželene prijave na mail [email protected] ali telefonsko številko 07 62 05 755 .;raw/web/zdravstvo-20260919-koledar-dogodkov-delavnica-zvisane-mascobe-v-krvi-10-9cd753fa7.md
https://www.radio-odeon.com/koledar-dogodkov/delavnica-zvisane-mascobe-v-krvi-11/;Delavnica Zvišane maščobe v krvi;Črnomelj;Vabilo;;;Presnovno in srčno-žilno zdravje;V besedilu je izrecno naveden črnomaljski CKZ oziroma nekdanji naziv Bela krajina.;ane maščobe v krvi , ki bo potekala v sejni sobi Centra za krepitev zdravja, ZD Črnomelj . Zaradi lažje organizacije dela so zaželene prijave na mail [email protected] ali telefonsko številko 07 62 05 755 .;raw/web/zdravstvo-20260919-koledar-dogodkov-delavnica-zvisane-mascobe-v-krvi-11-4e384136e.md
https://www.radio-odeon.com/koledar-dogodkov/delavnica-zvisan-krvni-tlak-8/;Delavnica Zvišan krvni tlak;Črnomelj;Vabilo;;;Presnovno in srčno-žilno zdravje;V besedilu je izrecno naveden črnomaljski CKZ oziroma nekdanji naziv Bela krajina.; Zvišan krvni tlak , ki bo potekala v sejni sobi Centra za krepitev zdravja, ZD Črnomelj . Zaradi lažje organizacije dela so zaželene prijave na mail [email protected] ali telefonsko številko 07 62 05 755 .;raw/web/zdravstvo-20260919-koledar-dogodkov-delavnica-zvisan-krvni-tlak-8-d5b9693f6.md
https://www.radio-odeon.com/koledar-dogodkov/delavnica-zvisan-krvni-tlak-10/;Delavnica Zvišan krvni tlak;Črnomelj;Vabilo;;;Presnovno in srčno-žilno zdravje;V besedilu je izrecno naveden črnomaljski CKZ oziroma nekdanji naziv Bela krajina.; Zvišan krvni tlak , ki bo potekala v sejni sobi Centra za krepitev zdravja, ZD Črnomelj . Zaradi lažje organizacije dela so zaželene prijave na mail [email protected] ali telefonsko številko 07 62 05 755 .;raw/web/zdravstvo-20260919-koledar-dogodkov-delavnica-zvisan-krvni-tlak-10-ac96aefdb.md
https://www.radio-odeon.com/koledar-dogodkov/delavnica-zvisan-krvni-tlak-9/;Delavnica Zvišan krvni tlak;Črnomelj;Vabilo;;;Presnovno in srčno-žilno zdravje;V besedilu je izrecno naveden črnomaljski CKZ oziroma nekdanji naziv Bela krajina.;o Zvišan krvni tlak, ki bo potekala v sejni sobi Centra za krepitev zdravja, ZD Črnomelj . Zaradi lažje organizacije dela so zaželene prijave na mail [email protected] ali telefonsko številko 07 62 05 755 .;raw/web/zdravstvo-20260919-koledar-dogodkov-delavnica-zvisan-krvni-tlak-9-6e81a3210.md
https://www.radio-odeon.com/koledar-dogodkov/delavnica-zvisan-krvni-tlak-12/;Delavnica Zvišan krvni tlak;Črnomelj;Vabilo;;;Presnovno in srčno-žilno zdravje;V besedilu je izrecno naveden črnomaljski CKZ oziroma nekdanji naziv Bela krajina.; Zvišan krvni tlak , ki bo potekala v sejni sobi Centra za krepitev zdravja, ZD Črnomelj . Zaradi lažje organizacije dela so zaželene prijave na mail [email protected] ali telefonsko številko 07 62 05 755 .;raw/web/zdravstvo-20260919-koledar-dogodkov-delavnica-zvisan-krvni-tlak-12-41bd764b8.md
https://www.radio-odeon.com/koledar-dogodkov/delavnica-zvisan-krvni-tlak-7/;Delavnica Zvišan krvni tlak;Črnomelj;Vabilo;;;Presnovno in srčno-žilno zdravje;V besedilu je izrecno naveden črnomaljski CKZ oziroma nekdanji naziv Bela krajina.; Zvišan krvni tlak , ki bo potekala v sejni sobi Centra za krepitev zdravja, ZD Črnomelj . Zaradi lažje organizacije dela so zaželene prijave na mail [email protected] ali telefonsko številko 07 62 05 755 .;raw/web/zdravstvo-20260919-koledar-dogodkov-delavnica-zvisan-krvni-tlak-7-469f80c0b.md
https://www.radio-odeon.com/koledar-dogodkov/delavnica-zvisan-krvni-tlak-ii/;Delavnica Zvišan krvni tlak;Nejasno;Vabilo;;;Presnovno in srčno-žilno zdravje;"Povezava s CKZ Črnomelj ni dovolj izrecna; ne vključujemo v njegovo oceno."; enkratnem srečanju. Vljudno vabljeni. Center za krepitev zdravja;raw/web/zdravstvo-20260919-koledar-dogodkov-delavnica-zvisan-krvni-tlak-ii-f42f31420.md
https://www.radio-odeon.com/koledar-dogodkov/delavnica-zvisan-krvni-tlak/;Delavnica Zvišan krvni tlak;Nejasno;Vabilo;;;Presnovno in srčno-žilno zdravje;"Povezava s CKZ Črnomelj ni dovolj izrecna; ne vključujemo v njegovo oceno."; enkratnem srečanju. Vljudno vabljeni. Center za krepitev zdravja;raw/web/zdravstvo-20260919-koledar-dogodkov-delavnica-zvisan-krvni-tlak-61af144c9.md
https://www.radio-odeon.com/koledar-dogodkov/delavnica-zvisan-krvni-tlak-11/;Delavnica Zvišan krvni tlak;Črnomelj;Vabilo;;;Presnovno in srčno-žilno zdravje;V besedilu je izrecno naveden črnomaljski CKZ oziroma nekdanji naziv Bela krajina.; Zvišan krvni tlak , ki bo potekala v sejni sobi Centra za krepitev zdravja, ZD Črnomelj . Zaradi lažje organizacije dela so zaželene prijave na mail [email protected] ali telefonsko številko 07 62 05 755 .;raw/web/zdravstvo-20260919-koledar-dogodkov-delavnica-zvisan-krvni-tlak-11-cc05f50c5.md
https://www.radio-odeon.com/koledar-dogodkov/delavnica-zvisan-krvni-tlak-iii/;Delavnica Zvišan krvni tlak;Nejasno;Vabilo;;;Presnovno in srčno-žilno zdravje;"Povezava s CKZ Črnomelj ni dovolj izrecna; ne vključujemo v njegovo oceno."; enkratnem srečanju. Vljudno vabljeni. Center za krepitev zdravja;raw/web/zdravstvo-20260919-koledar-dogodkov-delavnica-zvisan-krvni-tlak-iii-bd346e0f5.md
https://www.radio-odeon.com/koledar-dogodkov/delavnica-zvisan-krvni-tlak-iiii/;Delavnica Zvišan krvni tlak;Nejasno;Vabilo;;;Presnovno in srčno-žilno zdravje;"Povezava s CKZ Črnomelj ni dovolj izrecna; ne vključujemo v njegovo oceno."; enkratnem srečanju. Vljudno vabljeni. Center za krepitev zdravja;raw/web/zdravstvo-20260919-koledar-dogodkov-delavnica-zvisan-krvni-tlak-iiii-3a08a9d2a.md
https://www.radio-odeon.com/koledar-dogodkov/delavnica-zvisan-krvni-sladkor-6/;Delavnica Zvišan krvni sladkor;Črnomelj;Vabilo;;;Presnovno in srčno-žilno zdravje;V besedilu je izrecno naveden črnomaljski CKZ oziroma nekdanji naziv Bela krajina.;višan krvni sladkor, ki bo potekala v sejni sobi Centra za krepitev zdravja, ZD Črnomelj . Zaradi lažje organizacije dela so zaželene prijave na mail [email protected] ali telefonsko številko 07 62 05 755 .;raw/web/zdravstvo-20260919-koledar-dogodkov-delavnica-zvisan-krvni-sladkor-6-0ff7d58b2.md
https://www.radio-odeon.com/koledar-dogodkov/delavnica-zvisan-krvni-sladkor-8/;Delavnica Zvišan krvni sladkor;Črnomelj;Vabilo;;;Presnovno in srčno-žilno zdravje;V besedilu je izrecno naveden črnomaljski CKZ oziroma nekdanji naziv Bela krajina.;išan krvni sladkor , ki bo potekala v sejni sobi Centra za krepitev zdravja, ZD Črnomelj . Zaradi lažje organizacije dela so zaželene prijave na mail [email protected] ali telefonsko številko 07 62 05 755 .;raw/web/zdravstvo-20260919-koledar-dogodkov-delavnica-zvisan-krvni-sladkor-8-ff082ddb6.md
https://www.radio-odeon.com/koledar-dogodkov/delavnica-zvisan-krvni-sladkor-9/;Delavnica Zvišan krvni sladkor;Črnomelj;Vabilo;;;Presnovno in srčno-žilno zdravje;V besedilu je izrecno naveden črnomaljski CKZ oziroma nekdanji naziv Bela krajina.;išan krvni sladkor , ki bo potekala v sejni sobi Centra za krepitev zdravja, ZD Črnomelj . Zaradi lažje organizacije dela so zaželene prijave na mail [email protected] ali telefonsko številko 07 62 05 755 .;raw/web/zdravstvo-20260919-koledar-dogodkov-delavnica-zvisan-krvni-sladkor-9-e4aa1ca56.md
https://www.radio-odeon.com/koledar-dogodkov/delavnica-zvisan-krvni-sladkor-ii/;Delavnica Zvišan krvni sladkor;Nejasno;Vabilo;;;Presnovno in srčno-žilno zdravje;"Povezava s CKZ Črnomelj ni dovolj izrecna; ne vključujemo v njegovo oceno.";tel. št. 36 91 423 . Vljudno vabljeni. Center za krepitev zdravja;raw/web/zdravstvo-20260919-koledar-dogodkov-delavnica-zvisan-krvni-sladkor-ii-5847f06c8.md
https://www.radio-odeon.com/koledar-dogodkov/delavnica-zvisan-krvni-sladkor-iii/;Delavnica Zvišan krvni sladkor;Nejasno;Vabilo;;;Presnovno in srčno-žilno zdravje;"Povezava s CKZ Črnomelj ni dovolj izrecna; ne vključujemo v njegovo oceno.";tel. št. 36 91 423 . Vljudno vabljeni. Center za krepitev zdravja;raw/web/zdravstvo-20260919-koledar-dogodkov-delavnica-zvisan-krvni-sladkor-iii-012a51bd0.md
https://www.radio-odeon.com/koledar-dogodkov/delavnica-zvisan-krvni-sladkor-7/;Delavnica Zvišan krvni sladkor;Črnomelj;Vabilo;;;Presnovno in srčno-žilno zdravje;V besedilu je izrecno naveden črnomaljski CKZ oziroma nekdanji naziv Bela krajina.;išan krvni sladkor , ki bo potekala v sejni sobi Centra za krepitev zdravja, ZD Črnomelj . Zaradi lažje organizacije dela so zaželene prijave na mail [email protected] ali telefonsko številko 07 62 05 755 .;raw/web/zdravstvo-20260919-koledar-dogodkov-delavnica-zvisan-krvni-sladkor-7-901a0a7c2.md
https://www.radio-odeon.com/koledar-dogodkov/delavnica-zvisan-krvni-sladkor-iiii/;Delavnica Zvišan krvni sladkor;Nejasno;Vabilo;;;Presnovno in srčno-žilno zdravje;"Povezava s CKZ Črnomelj ni dovolj izrecna; ne vključujemo v njegovo oceno.";tel. št. 36 91 423 . Vljudno vabljeni. Center za krepitev zdravja;raw/web/zdravstvo-20260919-koledar-dogodkov-delavnica-zvisan-krvni-sladkor-iiii-dbc81b4dc.md
https://www.radio-odeon.com/koledar-dogodkov/delavnica-zdravo-zivim-vii/;Delavnica Zdravo živim;Nejasno;Vabilo;;;Skupnost in splošno zdravje;"Povezava s CKZ Črnomelj ni dovolj izrecna; ne vključujemo v njegovo oceno.";Center za krepitev zdravja vas vabi na delavnico Zdravo živim, ki bo potekala v sejni sobi ZD Metlika. Na delavnici boste pridobili informacije o pomenu zdravega življen;raw/web/zdravstvo-20260919-koledar-dogodkov-delavnica-zdravo-zivim-vii-76307f52c.md
https://www.radio-odeon.com/koledar-dogodkov/delavnica-zdravo-zivim-iii/;Delavnica Zdravo živim;Nejasno;Vabilo;;;Skupnost in splošno zdravje;"Povezava s CKZ Črnomelj ni dovolj izrecna; ne vključujemo v njegovo oceno.";Center za krepitev zdravja vas vabi na delavnico Zdravo živim, ki bo potekala v sejni sobi ZD Metlika. Na delavnici boste pridobili informacije o pomenu zdravega življen;raw/web/zdravstvo-20260919-koledar-dogodkov-delavnica-zdravo-zivim-iii-cef9b469b.md
https://www.radio-odeon.com/koledar-dogodkov/delavnica-zdravo-zivim-ii/;Delavnica Zdravo živim;Nejasno;Vabilo;;;Skupnost in splošno zdravje;"Povezava s CKZ Črnomelj ni dovolj izrecna; ne vključujemo v njegovo oceno.";Center za krepitev zdravja vas vabi na delavnico Zdravo živim, ki bo potekala v sejni sobi ZD Metlika. Na delavnici boste pridobili informacije o pomenu zdravega življen;raw/web/zdravstvo-20260919-koledar-dogodkov-delavnica-zdravo-zivim-ii-80aed1a22.md
https://www.radio-odeon.com/koledar-dogodkov/delavnica-zdravo-zivim-iv/;Delavnica Zdravo živim;Nejasno;Vabilo;;;Skupnost in splošno zdravje;"Povezava s CKZ Črnomelj ni dovolj izrecna; ne vključujemo v njegovo oceno.";Center za krepitev zdravja vas vabi na delavnico Zdravo živim, ki bo potekala v sejni sobi ZD Metlika. Na delavnici boste pridobili informacije o pomenu zdravega življen;raw/web/zdravstvo-20260919-koledar-dogodkov-delavnica-zdravo-zivim-iv-759451359.md
https://www.radio-odeon.com/koledar-dogodkov/delavnica-zdravo-zivim-v/;Delavnica Zdravo živim;Nejasno;Vabilo;;;Skupnost in splošno zdravje;"Povezava s CKZ Črnomelj ni dovolj izrecna; ne vključujemo v njegovo oceno.";Center za krepitev zdravja vas vabi na delavnico Zdravo živim, ki bo potekala v sejni sobi ZD Metlika. Na delavnici boste pridobili informacije o pomenu zdravega življen;raw/web/zdravstvo-20260919-koledar-dogodkov-delavnica-zdravo-zivim-v-f62d94bd4.md
https://www.radio-odeon.com/koledar-dogodkov/delavnica-zdravo-zivim-vi/;Delavnica Zdravo živim;Nejasno;Vabilo;;;Skupnost in splošno zdravje;"Povezava s CKZ Črnomelj ni dovolj izrecna; ne vključujemo v njegovo oceno.";Center za krepitev zdravja vas vabi na delavnico Zdravo živim, ki bo potekala v sejni sobi ZD Metlika. Na delavnici boste pridobili informacije o pomenu zdravega življen;raw/web/zdravstvo-20260919-koledar-dogodkov-delavnica-zdravo-zivim-vi-92fb9a29f.md
https://www.radio-odeon.com/koledar-dogodkov/delavnica-zdravo-zivim-viii/;Delavnica Zdravo živim;Nejasno;Vabilo;;;Skupnost in splošno zdravje;"Povezava s CKZ Črnomelj ni dovolj izrecna; ne vključujemo v njegovo oceno.";Center za krepitev zdravja vas vabi na delavnico Zdravo živim, ki bo potekala v sejni sobi ZD Metlika. Na delavnici boste pridobili informacije o pomenu zdravega življen;raw/web/zdravstvo-20260919-koledar-dogodkov-delavnica-zdravo-zivim-viii-10cbf8dac.md
https://www.radio-odeon.com/koledar-dogodkov/delavnica-zdravo-jem/;Delavnica Zdravo jem v ZD Črnomelj;Črnomelj;Vabilo;;;Prehrana in telesna masa;V besedilu je izrecno naveden črnomaljski CKZ oziroma nekdanji naziv Bela krajina.;mo se v sejni sobi zdravstvenega doma. VABLJENI! Center za krepitev zdravja Bela krajina;raw/web/zdravstvo-20260919-koledar-dogodkov-delavnica-zdravo-jem-8f833c01c.md
https://www.radio-odeon.com/koledar-dogodkov/delavnica-zdravo-jem-1-skupinsko-srecanje/;Delavnica Zdravo jem (1. skupinsko srečanje);Črnomelj;Vabilo;;;Prehrana in telesna masa;V besedilu je izrecno naveden črnomaljski CKZ oziroma nekdanji naziv Bela krajina.;lavnico Zdravo jem , ki bo potekala v sejni sobi Centra za krepitev zdravja, ZD Črnomelj . Delavnica bo potekala v treh srečanjih. Zaradi lažje organizacije dela so zaželene prijave na mail [email protected] ali telefonsko številko 07 62 05 755 .;raw/web/zdravstvo-20260919-koledar-dogodkov-delavnica-zdravo-jem-1-skupinsko-srecanje-19c76eb3f.md
https://www.radio-odeon.com/koledar-dogodkov/delavnica-zdravo-jem-8/;Delavnica Zdravo jem (1. skupinsko srečanje);Črnomelj;Vabilo;;;Prehrana in telesna masa;V besedilu je izrecno naveden črnomaljski CKZ oziroma nekdanji naziv Bela krajina.;lavnico Zdravo jem , ki bo potekala v sejni sobi Centra za krepitev zdravja, ZD Črnomelj . Delavnica bo potekala v treh srečanjih. Zaradi lažje organizacije dela so zaželene prijave na mail [email protected] ali telefonsko številko 07 62 05 755 .;raw/web/zdravstvo-20260919-koledar-dogodkov-delavnica-zdravo-jem-8-d77060399.md
https://www.radio-odeon.com/koledar-dogodkov/delavnica-zdravo-hujsanje-2/;Delavnica Zdravo hujšanje;Nejasno;Vabilo;;;Prehrana in telesna masa;"Povezava s CKZ Črnomelj ni dovolj izrecna; ne vključujemo v njegovo oceno."; življenje. Veselimo se vaše udeležbe. Center za krepitev zdravja;raw/web/zdravstvo-20260919-koledar-dogodkov-delavnica-zdravo-hujsanje-2-dfee595b0.md
https://www.radio-odeon.com/koledar-dogodkov/delavnica-zdravo-jem-7/;Delavnica Zdravo Jem;Črnomelj;Vabilo;;;Prehrana in telesna masa;V besedilu je izrecno naveden črnomaljski CKZ oziroma nekdanji naziv Bela krajina.;o vas na delavnico Zdravo jem , ki bo potekala v Centru za krepitev zdravja Črnomelj, ZD Črnomelj . Zaradi lažje organizacije dela so zaželene prijave na mail [email protected] ali telefonsko številko 07 62 05 755 .;raw/web/zdravstvo-20260919-koledar-dogodkov-delavnica-zdravo-jem-7-69b4fdc37.md
https://www.radio-odeon.com/koledar-dogodkov/delavnica-zdravi-odnosi/;Delavnica Zdravi odnosi;Črnomelj;Vabilo;;;Duševno zdravje;V besedilu je izrecno naveden črnomaljski CKZ oziroma nekdanji naziv Bela krajina.;05 755, [email protected] ali osebno v prostorih Centra za krepitev zdravja Zdravstvenega doma Črnomelj. Zaradi lažje organizacije so potrebne prijave. Delavnica je krita s strani obveznega zdravstvenega zavarovanja.;raw/web/zdravstvo-20260919-koledar-dogodkov-delavnica-zdravi-odnosi-c06b84c87.md
https://www.radio-odeon.com/koledar-dogodkov/delavnica-zdrava-mera/;Delavnica Zdrava mera;Črnomelj;Vabilo;;;Skupnost in splošno zdravje;V besedilu je izrecno naveden črnomaljski CKZ oziroma nekdanji naziv Bela krajina.;avnico Zdrava mera , ki bo potekala v sejni sobi Centra za krepitev zdravja, ZD Črnomelj . Delavnica poteka 18 tednov. Prijave na mail [email protected] ali telefonsko številko 07 62 05 755 .;raw/web/zdravstvo-20260919-koledar-dogodkov-delavnica-zdrava-mera-20a5ae4ad.md
https://www.radio-odeon.com/koledar-dogodkov/delavnica-zd-crnomelj/;Delavnica ZD Črnomelj;Črnomelj;Vabilo;;;Ustno zdravje;V besedilu je izrecno naveden črnomaljski CKZ oziroma nekdanji naziv Bela krajina.;"ibalno - izobraževalne urice za otroke v izvedbi Centra za krepitev zdravja - ZD Črnomelj, ki bo potekal v okviru projekta ""Igrišče znanja in druženja v Dobličah"". Starši, vabljeni da pripeljete svoje otroke.";raw/web/zdravstvo-20260919-koledar-dogodkov-delavnica-zd-crnomelj-2f2377d0c.md
https://www.radio-odeon.com/koledar-dogodkov/delavnica-tehnike-sproscanja-6/;Delavnica Tehnike sproščanja;Črnomelj;Vabilo;;;Duševno zdravje;V besedilu je izrecno naveden črnomaljski CKZ oziroma nekdanji naziv Bela krajina.; delavnico Tehnike sproščanja , ki bo potekala v Centru za krepitev zdravja Črnomelj, ZD Črnomelj . Zaradi lažje organizacije dela so zaželene prijave na mail [email protected] ali telefonsko številko 07 62 05 755 .;raw/web/zdravstvo-20260919-koledar-dogodkov-delavnica-tehnike-sproscanja-6-5725049ad.md
https://www.radio-odeon.com/koledar-dogodkov/delavnica-tehnike-sproscanja-3/;Delavnica Tehnike sproščanja;Črnomelj;Vabilo;;;Duševno zdravje;V besedilu je izrecno naveden črnomaljski CKZ oziroma nekdanji naziv Bela krajina.;ruge tehnike samoumiritve. Vabljeni v sejno sobo CKZ-ja v ZD Črnomelj.;raw/web/zdravstvo-20260919-koledar-dogodkov-delavnica-tehnike-sproscanja-3-77a087c08.md
https://www.radio-odeon.com/koledar-dogodkov/delavnica-tehnike-sproscanja-1/;Delavnica Tehnike sproščanja;Črnomelj;Vabilo;;;Duševno zdravje;V besedilu je izrecno naveden črnomaljski CKZ oziroma nekdanji naziv Bela krajina.;tnega kraja. Vabljeni v našo družbo v sejno sobo Centra za krepitev zdravja Zdravstvenega doma Črnomelj. Prijave na: 07 62 05 755 ali [email protected] .;raw/web/zdravstvo-20260919-koledar-dogodkov-delavnica-tehnike-sproscanja-1-8cd404678.md
https://www.radio-odeon.com/koledar-dogodkov/delavnica-tehnike-sproscanja-7/;Delavnica Tehnike sproščanja;Črnomelj;Vabilo;;;Duševno zdravje;V besedilu je izrecno naveden črnomaljski CKZ oziroma nekdanji naziv Bela krajina.;Tehnike sproščanja , ki bo potekala v sejni sobi Centra za krepitev zdravja, ZD Črnomelj . Zaradi lažje organizacije dela so zaželene prijave na mail [email protected] ali telefonsko številko 07 62 05 755 .;raw/web/zdravstvo-20260919-koledar-dogodkov-delavnica-tehnike-sproscanja-7-bbec3d5c8.md
https://www.radio-odeon.com/koledar-dogodkov/delavnica-spoprijemanje-z-depresijo/;Delavnica Spoprijemanje z depresijo;Nejasno;Vabilo;;;Duševno zdravje;"Povezava s CKZ Črnomelj ni dovolj izrecna; ne vključujemo v njegovo oceno.";formacij dobite na telefonski številki Centra za krepitev zdravja: 07 30 61 723. Lepo vabljeni.;raw/web/zdravstvo-20260919-koledar-dogodkov-delavnica-spoprijemanje-z-depresijo-d826f08a8.md
https://www.radio-odeon.com/koledar-dogodkov/delavnica-spoprijemanje-s-stresom-v-gradacu/;Delavnica Spoprijemanje s stresom v Gradacu;Črnomelj;Vabilo;;;Duševno zdravje;V besedilu je izrecno naveden črnomaljski CKZ oziroma nekdanji naziv Bela krajina.;V Centru za krepitev zdravja Bela krajina predavanja in delavnice izvajamo ne samo v zdravstvenem domu, ampak tudi v lokalni skupnosti. Tako smo se v Gradacu v gasilskem domu z udeleženkami Šole zdravja na;raw/web/zdravstvo-20260919-koledar-dogodkov-delavnica-spoprijemanje-s-stresom-v-gradacu-92f38dc15.md
https://www.radio-odeon.com/koledar-dogodkov/delavnica-spoprijemanje-s-stresom-zp-vinica/;Delavnica Spoprijemanje s stresom ZP Vinica;Izločeno;Vabilo;;;Duševno zdravje;Iskalni zadetek brez potrjene relevantnosti za CKZ.;Vabimo vas na delavnico Spoprijemanje s stresom , ki bo potekala na ZP Vinica . Zaradi lažje organizacije dela so zaželene prijave na mail [email protected] ali telefonsko številko 07 62 05 755 .;raw/web/zdravstvo-20260919-koledar-dogodkov-delavnica-spoprijemanje-s-stresom-zp-vinica-ff838d847.md
https://www.radio-odeon.com/koledar-dogodkov/delavnica-spoprijemanje-s-stresom-1/;Delavnica Spoprijemanje s stresom;Črnomelj;Vabilo;;;Duševno zdravje;V besedilu je izrecno naveden črnomaljski CKZ oziroma nekdanji naziv Bela krajina.;ijemanje s stresom , ki bo potekala v sejni sobi Centra za krepitev zdravja, ZD Črnomelj . Delavnica poteka v 4 srečanjih. Zaradi lažje organizacije dela so zaželene prijave na mail [email protected] ali telefonsko številko 07 62 05 755 .;raw/web/zdravstvo-20260919-koledar-dogodkov-delavnica-spoprijemanje-s-stresom-1-45a9eff8f.md
https://www.radio-odeon.com/koledar-dogodkov/delavnica-spoprijemanje-s-stresom/;Delavnica Spoprijemanje s stresom;Črnomelj;Vabilo;;;Duševno zdravje;V besedilu je izrecno naveden črnomaljski CKZ oziroma nekdanji naziv Bela krajina.; srečanj po 1,5h. Vabljeni k udeležbi v prostore Centra za krepitev zdravja v Zdravstvenem domu Črnomelj.;raw/web/zdravstvo-20260919-koledar-dogodkov-delavnica-spoprijemanje-s-stresom-cc22e5939.md
https://www.radio-odeon.com/koledar-dogodkov/delavnica-sladkorna-bolezen-tipa-4/;Delavnica Sladkorna bolezen tipa 2;Črnomelj;Vabilo;;;Presnovno in srčno-žilno zdravje;V besedilu je izrecno naveden črnomaljski CKZ oziroma nekdanji naziv Bela krajina.;nico Sladkorna bolezen tipa 2 , ki bo potekala v Centru za krepitev zdravja Črnomelj, ZD Črnomelj . Zaradi lažje organizacije dela so zaželene prijave na mail [email protected] ali telefonsko številko 07 62 05 755 .;raw/web/zdravstvo-20260919-koledar-dogodkov-delavnica-sladkorna-bolezen-tipa-4-16b1a5b74.md
https://www.radio-odeon.com/koledar-dogodkov/delavnica-sladkorna-bolezen-tipa-6/;Delavnica Sladkorna bolezen tipa 2;Črnomelj;Vabilo;;;Presnovno in srčno-žilno zdravje;V besedilu je izrecno naveden črnomaljski CKZ oziroma nekdanji naziv Bela krajina.;rna bolezen tipa 2 , ki bo potekala v sejni sobi Centra za krepitev zdravja, ZD Črnomelj . Zaradi lažje organizacije dela so zaželene prijave na mail [email protected] ali telefonsko številko 07 62 05 755 .;raw/web/zdravstvo-20260919-koledar-dogodkov-delavnica-sladkorna-bolezen-tipa-6-998a5005d.md
https://www.radio-odeon.com/koledar-dogodkov/delavnica-sladkorna-bolezen-tipa-8/;Delavnica Sladkorna bolezen tipa 2;Črnomelj;Vabilo;;;Presnovno in srčno-žilno zdravje;V besedilu je izrecno naveden črnomaljski CKZ oziroma nekdanji naziv Bela krajina.;rna bolezen tipa 2 , ki bo potekala v sejni sobi Centra za krepitev zdravja, ZD Črnomelj . Zaradi lažje organizacije dela so zaželene prijave na mail [email protected] ali telefonsko številko 07 62 05 755 .;raw/web/zdravstvo-20260919-koledar-dogodkov-delavnica-sladkorna-bolezen-tipa-8-601ecfd99.md
https://www.radio-odeon.com/koledar-dogodkov/delavnica-sladkorna-bolezen-tipa-7/;Delavnica Sladkorna bolezen tipa 2;Črnomelj;Vabilo;;;Presnovno in srčno-žilno zdravje;V besedilu je izrecno naveden črnomaljski CKZ oziroma nekdanji naziv Bela krajina.;rna bolezen tipa 2 , ki bo potekala v sejni sobi Centra za krepitev zdravja, ZD Črnomelj . Zaradi lažje organizacije dela so zaželene prijave na mail [email protected] ali telefonsko številko 07 62 05 755 .;raw/web/zdravstvo-20260919-koledar-dogodkov-delavnica-sladkorna-bolezen-tipa-7-dbff12d9e.md
https://www.radio-odeon.com/koledar-dogodkov/delavnica-sladkorna-bolezen-tip-4/;Delavnica Sladkorna bolezen tip 2;Črnomelj;Vabilo;;;Presnovno in srčno-žilno zdravje;V besedilu je izrecno naveden črnomaljski CKZ oziroma nekdanji naziv Bela krajina.;orna bolezen tip 2 , ki bo potekala v sejni sobi Centra za krepitev zdravja, ZD Črnomelj . Zaradi lažje organizacije dela so zaželene prijave na mail [email protected] ali telefonsko številko 07 62 05 755 .;raw/web/zdravstvo-20260919-koledar-dogodkov-delavnica-sladkorna-bolezen-tip-4-deaca73b2.md
https://www.radio-odeon.com/koledar-dogodkov/delavnica-sladkorna-bolezen-tip-5/;Delavnica Sladkorna bolezen tip 2;Črnomelj;Vabilo;;;Presnovno in srčno-žilno zdravje;V besedilu je izrecno naveden črnomaljski CKZ oziroma nekdanji naziv Bela krajina.;orna bolezen tip 2 , ki bo potekala v sejni sobi Centra za krepitev zdravja, ZD Črnomelj . Zaradi lažje organizacije dela so zaželene prijave na mail [email protected] ali telefonsko številko 07 62 05 755 .;raw/web/zdravstvo-20260919-koledar-dogodkov-delavnica-sladkorna-bolezen-tip-5-7c43d9169.md
https://www.radio-odeon.com/koledar-dogodkov/delavnica-sladkorna-bolezen-tip-6/;Delavnica Sladkorna bolezen tip 2;Črnomelj;Vabilo;;;Presnovno in srčno-žilno zdravje;V besedilu je izrecno naveden črnomaljski CKZ oziroma nekdanji naziv Bela krajina.;orna bolezen tip 2 , ki bo potekala v sejni sobi Centra za krepitev zdravja, ZD Črnomelj . Zaradi lažje organizacije dela so zaželene prijave na mail [email protected] ali telefonsko številko 07 62 05 755 .;raw/web/zdravstvo-20260919-koledar-dogodkov-delavnica-sladkorna-bolezen-tip-6-7a60f2e7f.md
https://www.radio-odeon.com/koledar-dogodkov/delavnica-sladkorna-bolezen-tip-2/;Delavnica SLADKORNA BOLEZEN TIP 2;Črnomelj;Vabilo;;;Presnovno in srčno-žilno zdravje;V besedilu je izrecno naveden črnomaljski CKZ oziroma nekdanji naziv Bela krajina.;2 05 755 ali pišite na mail: [email protected] . Center za krepitev zdravja Črnomelj;raw/web/zdravstvo-20260919-koledar-dogodkov-delavnica-sladkorna-bolezen-tip-2-750283625.md
https://www.radio-odeon.com/koledar-dogodkov/delavnica-s-sladkorno-boleznijo-skozi-zivljenje-5-srecanj-2/;Delavnica S sladkorno boleznijo skozi življenje (5 srečanj);Črnomelj;Vabilo;;;Presnovno in srčno-žilno zdravje;V besedilu je izrecno naveden črnomaljski CKZ oziroma nekdanji naziv Bela krajina.;jo skozi življenje , ki bo potekala v sejni sobi Centra za krepitev zdravja, ZD Črnomelj . Zaradi lažje organizacije dela so zaželene prijave na mail [email protected] ali telefonsko številko 07 62 05 755 .;raw/web/zdravstvo-20260919-koledar-dogodkov-delavnica-s-sladkorno-boleznijo-skozi-zivljenje-5-srecanj-2-dc401f222.md
https://www.radio-odeon.com/koledar-dogodkov/delavnica-s-sladkorno-boleznijo-skozi-zivljenje-1-skupinsko-srecanje/;Delavnica S sladkorno boleznijo skozi življenje (1. skupinsko srečanje);Črnomelj;Vabilo;;;Presnovno in srčno-žilno zdravje;V besedilu je izrecno naveden črnomaljski CKZ oziroma nekdanji naziv Bela krajina.;jo skozi življenje , ki bo potekala v sejni sobi Centra za krepitev zdravja, ZD Črnomelj . Delavnica bo potekala v petih srečanjih. Zaradi lažje organizacije dela so zaželene prijave na mail [email protected] ali telefonsko številko 07 62 05 755 .;raw/web/zdravstvo-20260919-koledar-dogodkov-delavnica-s-sladkorno-boleznijo-skozi-zivljenje-1-skupinsko-srecanje-d4042b4ee.md
https://www.radio-odeon.com/koledar-dogodkov/delavnica-s-sladkorno-boleznijo-skozi-zivljenje-1/;Delavnica S sladkorno boleznijo skozi življenje;Črnomelj;Vabilo;;;Presnovno in srčno-žilno zdravje;V besedilu je izrecno naveden črnomaljski CKZ oziroma nekdanji naziv Bela krajina.;jo skozi življenje , ki bo potekala v sejni sobi Centra za krepitev zdravja, ZD Črnomelj . Delavnica poteka v 4 srečanjih. Zaradi lažje organizacije dela so zaželene prijave na mail [email protected] ali telefonsko številko 07 62 05 755 .;raw/web/zdravstvo-20260919-koledar-dogodkov-delavnica-s-sladkorno-boleznijo-skozi-zivljenje-1-cf089352e.md
https://www.radio-odeon.com/koledar-dogodkov/delavnica-gibam-se/;Delavnica GIBAM SE;Črnomelj;Vabilo;;;Ozaveščanje o raku;V besedilu je izrecno naveden črnomaljski CKZ oziroma nekdanji naziv Bela krajina.;ši meseci, ko postajamo nekoliko manj aktivni. V Centru za krepitev zdravja ZD Črnomelj vam ponujamo, da se nam pridružite na delavnici Gibam se, pri kateri boste pridobili znanja o principih različnih vadb, ki jih lahko prene;raw/web/zdravstvo-20260919-koledar-dogodkov-delavnica-gibam-se-02f55a8eb.md
https://www.radio-odeon.com/koledar-dogodkov/delavnica-ali-sem-fit-1/;Delavnica Ali sem fit?;Črnomelj;Vabilo;;;Skupnost in splošno zdravje;V besedilu je izrecno naveden črnomaljski CKZ oziroma nekdanji naziv Bela krajina.;vnico Ali sem fit? , ki bo potekala v sejni sobi Centra za krepitev zdravja, ZD Črnomelj . Zaradi lažje organizacije dela so zaželene prijave na mail [email protected] ali telefonsko številko 07 62 05 755 .;raw/web/zdravstvo-20260919-koledar-dogodkov-delavnica-ali-sem-fit-1-d6d06f514.md
https://www.radio-odeon.com/koledar-dogodkov/delavnica-ali-sem-fit/;Delavnica ALI SEM FIT?;Izločeno;Vabilo;;;Skupnost in splošno zdravje;Iskalni zadetek brez potrjene relevantnosti za CKZ.;Vabimo vas na delavnico Ali sem fit? , ki bo potekala na ZIK-u Črnomelj . Zaradi lažje organizacije dela so zaželene prijave na mail [email protected] ali telefonsko številko 07 62 05 755 .;raw/web/zdravstvo-20260919-koledar-dogodkov-delavnica-ali-sem-fit-159ca3734.md
https://www.radio-odeon.com/koledar-dogodkov/delavnica-zvisan-krvni-tlak-2/;Delavnica - Zvišan krvni tlak;Črnomelj;Vabilo;;;Presnovno in srčno-žilno zdravje;V besedilu je izrecno naveden črnomaljski CKZ oziroma nekdanji naziv Bela krajina.;a delavnico Zvišan krvni tlak , ki bo potekala v Centru za krepitev zdravja ZD Črnomelj . Zaradi lažje organizacije dela so zaželene prijave na mail [email protected] ali telefonsko številko 07 62 05 755 .;raw/web/zdravstvo-20260919-koledar-dogodkov-delavnica-zvisan-krvni-tlak-2-95fd13632.md
https://www.radio-odeon.com/koledar-dogodkov/delavnica-testiranje-telesne-pripravljenosti/;Delavnica - Testiranje telesne pripravljenosti;Črnomelj;Vabilo;;;Skupnost in splošno zdravje;V besedilu je izrecno naveden črnomaljski CKZ oziroma nekdanji naziv Bela krajina.;ranje telesne pripravljenosti , ki bo potekala v Centru za krepitev zdravja ZD Črnomelj . Zaradi lažje organizacije dela so zaželene prijave na mail [email protected] ali telefonsko številko 07 62 05 755 .;raw/web/zdravstvo-20260919-koledar-dogodkov-delavnica-testiranje-telesne-pripravljenosti-51f2c157a.md
https://www.radio-odeon.com/koledar-dogodkov/delavnica-sladkorna-bolezen-tip-3/;Delavnica - Sladkorna bolezen tip 2;Črnomelj;Vabilo;;;Presnovno in srčno-žilno zdravje;V besedilu je izrecno naveden črnomaljski CKZ oziroma nekdanji naziv Bela krajina.;vnico Sladkorna bolezen tip 2 , ki bo potekala v Centru za krepitev zdravja ZD Črnomelj . Zaradi lažje organizacije dela so zaželene prijave na mail [email protected] ali telefonsko številko 07 62 05 755 .;raw/web/zdravstvo-20260919-koledar-dogodkov-delavnica-sladkorna-bolezen-tip-3-de3d6f7b3.md
https://www.radio-odeon.com/koledar-dogodkov/delavnica-zvisane-mascobe-v-krvi-4/;"Delavnica ""Zvišane maščobe v krvi""";Črnomelj;Vabilo;;;Presnovno in srčno-žilno zdravje;V besedilu je izrecno naveden črnomaljski CKZ oziroma nekdanji naziv Bela krajina.;šane maščobe v krvi , ki bo potekala v prostorih Centra za krepitev zdravja Črnomelj . Zaradi lažje organizacije dela so zaželene prijave na mail [email protected] ali telefonsko številko 07 62 05 755 .;raw/web/zdravstvo-20260919-koledar-dogodkov-delavnica-zvisane-mascobe-v-krvi-4-303f559bd.md
https://www.radio-odeon.com/koledar-dogodkov/delavnica-zvisane-mascobe-v-krvi-7/;"Delavnica ""Zvišane maščobe v krvi""";Črnomelj;Vabilo;;;Presnovno in srčno-žilno zdravje;V besedilu je izrecno naveden črnomaljski CKZ oziroma nekdanji naziv Bela krajina.;ane maščobe v krvi , ki bo potekala v sejni sobi Centra za krepitev zdravja, ZD Črnomelj . Zaradi lažje organizacije dela so zaželene prijave na mail [email protected] ali telefonsko številko 07 62 05 755 .;raw/web/zdravstvo-20260919-koledar-dogodkov-delavnica-zvisane-mascobe-v-krvi-7-4020de662.md
https://www.radio-odeon.com/koledar-dogodkov/delavnica-zvisan-krvni-tlak-3/;"Delavnica ""Zvišan krvni tlak""";Črnomelj;Vabilo;;;Presnovno in srčno-žilno zdravje;V besedilu je izrecno naveden črnomaljski CKZ oziroma nekdanji naziv Bela krajina.;a delavnico Zvišan krvni tlak , ki bo potekala v Centru za krepitev zdravja ZD Črnomelj . Zaradi lažje organizacije dela so zaželene prijave na mail [email protected] ali telefonsko številko 07 62 05 755 .;raw/web/zdravstvo-20260919-koledar-dogodkov-delavnica-zvisan-krvni-tlak-3-645ff9c66.md
https://www.radio-odeon.com/koledar-dogodkov/delavnica-zvisan-krvni-tlak-4/;"Delavnica ""Zvišan krvni tlak""";Črnomelj;Vabilo;;;Presnovno in srčno-žilno zdravje;V besedilu je izrecno naveden črnomaljski CKZ oziroma nekdanji naziv Bela krajina.;o Zvišan krvni tlak , ki bo potekala v prostorih Centra za krepitev zdravja Črnomelj . Zaradi lažje organizacije dela so zaželene prijave na mail [email protected] ali telefonsko številko 07 62 05 755 .;raw/web/zdravstvo-20260919-koledar-dogodkov-delavnica-zvisan-krvni-tlak-4-e02695cc4.md
https://www.radio-odeon.com/koledar-dogodkov/delavnica-zvisan-krvni-tlak-5/;"Delavnica ""Zvišan krvni tlak""";Črnomelj;Vabilo;;;Presnovno in srčno-žilno zdravje;V besedilu je izrecno naveden črnomaljski CKZ oziroma nekdanji naziv Bela krajina.; Zvišan krvni tlak , ki bo potekala v sejni sobi Centra za krepitev zdravja, ZD Črnomelj . Zaradi lažje organizacije dela so zaželene prijave na mail [email protected] ali telefonsko številko 07 62 05 755 .;raw/web/zdravstvo-20260919-koledar-dogodkov-delavnica-zvisan-krvni-tlak-5-f0d4a331f.md
https://www.radio-odeon.com/koledar-dogodkov/delavnica-zvisan-krvni-tlak-6/;"Delavnica ""Zvišan krvni tlak""";Črnomelj;Vabilo;;;Presnovno in srčno-žilno zdravje;V besedilu je izrecno naveden črnomaljski CKZ oziroma nekdanji naziv Bela krajina.; Zvišan krvni tlak , ki bo potekala v sejni sobi Centra za krepitev zdravja, ZD Črnomelj . Zaradi lažje organizacije dela so zaželene prijave na mail [email protected] ali telefonsko številko 07 62 05 755 .;raw/web/zdravstvo-20260919-koledar-dogodkov-delavnica-zvisan-krvni-tlak-6-c1a9e4d88.md
https://www.radio-odeon.com/koledar-dogodkov/delavnica-zvisan-krvni-sladkor-3/;"Delavnica ""Zvišan krvni sladkor""";Črnomelj;Vabilo;;;Presnovno in srčno-žilno zdravje;V besedilu je izrecno naveden črnomaljski CKZ oziroma nekdanji naziv Bela krajina.;elavnico Zvišan krvni sladkor , ki bo potekala v Centru za krepitev zdravja ZD Črnomelj . Zaradi lažje organizacije dela so zaželene prijave na mail [email protected] ali telefonsko številko 07 62 05 755 .;raw/web/zdravstvo-20260919-koledar-dogodkov-delavnica-zvisan-krvni-sladkor-3-18f40e771.md
https://www.radio-odeon.com/koledar-dogodkov/delavnica-zvisan-krvni-sladkor-5/;"Delavnica ""Zvišan krvni sladkor""";Črnomelj;Vabilo;;;Presnovno in srčno-žilno zdravje;V besedilu je izrecno naveden črnomaljski CKZ oziroma nekdanji naziv Bela krajina.;višan krvni sladkor, ki bo potekala v sejni sobi Centra za krepitev zdravja, ZD Črnomelj . Zaradi lažje organizacije dela so zaželene prijave na mail [email protected] ali telefonsko številko 07 62 05 755 .;raw/web/zdravstvo-20260919-koledar-dogodkov-delavnica-zvisan-krvni-sladkor-5-4c2586c0f.md
https://www.radio-odeon.com/koledar-dogodkov/delavnica-zvisan-krvni-sladkor-4/;"Delavnica ""Zvišan krvni sladkor""";Črnomelj;Vabilo;;;Presnovno in srčno-žilno zdravje;V besedilu je izrecno naveden črnomaljski CKZ oziroma nekdanji naziv Bela krajina.;elavnico Zvišan krvni sladkor , ki bo potekala v Centru za krepitev zdravja ZD Črnomelj . Zaradi lažje organizacije dela so zaželene prijave na mail [email protected] ali telefonsko številko 07 62 05 755 .;raw/web/zdravstvo-20260919-koledar-dogodkov-delavnica-zvisan-krvni-sladkor-4-c67e19ae6.md
https://www.radio-odeon.com/koledar-dogodkov/delavnica-zdravo-jem-5/;"Delavnica ""Zdravo jem""";Črnomelj;Vabilo;;;Prehrana in telesna masa;V besedilu je izrecno naveden črnomaljski CKZ oziroma nekdanji naziv Bela krajina.;o vas na delavnico Zdravo jem , ki bo potekala v Centru za krepitev zdravja ZD Črnomelj . Zaradi lažje organizacije dela so zaželene prijave na mail [email protected] ali telefonsko številko 07 62 05 755 .;raw/web/zdravstvo-20260919-koledar-dogodkov-delavnica-zdravo-jem-5-c05e178fd.md
https://www.radio-odeon.com/koledar-dogodkov/delavnica-zdravo-jem-6/;"Delavnica ""Zdravo jem""";Črnomelj;Vabilo;;;Prehrana in telesna masa;V besedilu je izrecno naveden črnomaljski CKZ oziroma nekdanji naziv Bela krajina.;o vas na delavnico Zdravo jem , ki bo potekala v Centru za krepitev zdravja ZD Črnomelj . Zaradi lažje organizacije dela so zaželene prijave na mail [email protected] ali telefonsko številko 07 62 05 755 .;raw/web/zdravstvo-20260919-koledar-dogodkov-delavnica-zdravo-jem-6-c8214d0a4.md
https://www.radio-odeon.com/koledar-dogodkov/delavnica-zdravo-jem-3/;"Delavnica ""Zdravo jem""";Črnomelj;Vabilo;;;Prehrana in telesna masa;V besedilu je izrecno naveden črnomaljski CKZ oziroma nekdanji naziv Bela krajina.;o vas na delavnico Zdravo jem , ki bo potekala v Centru za krepitev zdravja ZD Črnomelj . Zaradi lažje organizacije dela so zaželene prijave na mail [email protected] ali telefonsko številko 07 62 05 755 .;raw/web/zdravstvo-20260919-koledar-dogodkov-delavnica-zdravo-jem-3-395ded629.md
https://www.radio-odeon.com/koledar-dogodkov/delavnica-zdravo-jem-4/;"Delavnica ""Zdravo jem""";Črnomelj;Vabilo;;;Prehrana in telesna masa;V besedilu je izrecno naveden črnomaljski CKZ oziroma nekdanji naziv Bela krajina.;o vas na delavnico Zdravo jem , ki bo potekala v Centru za krepitev zdravja ZD Črnomelj . Zaradi lažje organizacije dela so zaželene prijave na mail [email protected] ali telefonsko številko 07 62 05 755 .;raw/web/zdravstvo-20260919-koledar-dogodkov-delavnica-zdravo-jem-4-b282cd629.md
https://www.radio-odeon.com/koledar-dogodkov/delavnica-zdravo-hujsanje-4/;"Delavnica ""Zdravo hujšanje""";Črnomelj;Vabilo;;;Prehrana in telesna masa;V besedilu je izrecno naveden črnomaljski CKZ oziroma nekdanji naziv Bela krajina.; na delavnico Zdravo hujšanje , ki bo potekala v Centru za krepitev zdravja ZD Črnomelj . Zaradi lažje organizacije dela so zaželene prijave na mail [email protected] ali telefonsko številko 07 62 05 755 .;raw/web/zdravstvo-20260919-koledar-dogodkov-delavnica-zdravo-hujsanje-4-4fc182e1f.md
https://www.radio-odeon.com/koledar-dogodkov/delavnica-zdravo-hujsanje-3/;"Delavnica ""Zdravo hujšanje""";Črnomelj;Vabilo;;;Prehrana in telesna masa;V besedilu je izrecno naveden črnomaljski CKZ oziroma nekdanji naziv Bela krajina.; na delavnico Zdravo hujšanje , ki bo potekala v Centru za krepitev zdravja ZD Črnomelj . Zaradi lažje organizacije dela so zaželene prijave na mail [email protected] ali telefonsko številko 07 62 05 755 .;raw/web/zdravstvo-20260919-koledar-dogodkov-delavnica-zdravo-hujsanje-3-886091143.md
https://www.radio-odeon.com/koledar-dogodkov/delavnica-zdravi-odnosi-4/;"Delavnica ""Zdravi odnosi""";Črnomelj;Vabilo;;;Duševno zdravje;V besedilu je izrecno naveden črnomaljski CKZ oziroma nekdanji naziv Bela krajina.;as na delavnico Zdravi odnosi , ki bo potekala v Centru za krepitev zdravja ZD Črnomelj . Zaradi lažje organizacije dela so zaželene prijave na mail [email protected] ali telefonsko številko 07 62 05 755 .;raw/web/zdravstvo-20260919-koledar-dogodkov-delavnica-zdravi-odnosi-4-fbf7533a2.md
https://www.radio-odeon.com/koledar-dogodkov/delavnica-zdravi-odnosi-3/;"Delavnica ""Zdravi odnosi""";Črnomelj;Vabilo;;;Duševno zdravje;V besedilu je izrecno naveden črnomaljski CKZ oziroma nekdanji naziv Bela krajina.;as na delavnico Zdravi odnosi , ki bo potekala v Centru za krepitev zdravja ZD Črnomelj . Zaradi lažje organizacije dela so zaželene prijave na mail [email protected] ali telefonsko številko 07 62 05 755 .;raw/web/zdravstvo-20260919-koledar-dogodkov-delavnica-zdravi-odnosi-3-0b2b4ec99.md
https://www.radio-odeon.com/koledar-dogodkov/delavnica-zdravi-odnosi-2/;"Delavnica ""Zdravi odnosi""";Črnomelj;Vabilo;;;Duševno zdravje;V besedilu je izrecno naveden črnomaljski CKZ oziroma nekdanji naziv Bela krajina.;as na delavnico Zdravi odnosi , ki bo potekala v Centru za krepitev zdravja ZD Črnomelj . Zaradi lažje organizacije dela so zaželene prijave na mail [email protected] ali telefonsko številko 07 62 05 755 .;raw/web/zdravstvo-20260919-koledar-dogodkov-delavnica-zdravi-odnosi-2-b1053366c.md
https://www.radio-odeon.com/koledar-dogodkov/delavnica-tehnike-sproscanja-5/;"Delavnica ""Tehnike sproščanja""";Črnomelj;Vabilo;;;Duševno zdravje;V besedilu je izrecno naveden črnomaljski CKZ oziroma nekdanji naziv Bela krajina.; delavnico Tehnike sproščanja , ki bo potekala v Centru za krepitev zdravja ZD Črnomelj . Zaradi lažje organizacije dela so zaželene prijave na mail [email protected] ali telefonsko številko 07 62 05 755 .;raw/web/zdravstvo-20260919-koledar-dogodkov-delavnica-tehnike-sproscanja-5-a64438e1c.md
https://www.radio-odeon.com/koledar-dogodkov/delavnica-tehnike-sproscanja-7191/;"Delavnica ""TEHNIKE SPROŠČANJA""";Črnomelj;Vabilo;;;Duševno zdravje;V besedilu je izrecno naveden črnomaljski CKZ oziroma nekdanji naziv Bela krajina.;"Center za krepitev zdravja Bela krajina vas danes ob 15. uri vabi na delavnico ""TEHNIKE SPROŠČANJA"" , ki bo v prostorih Podjetniškega inkubatorja Bela krajina (2. nadstropje Poslovne hiše St";raw/web/zdravstvo-20260919-koledar-dogodkov-delavnica-tehnike-sproscanja-7191-2c30e3021.md
https://www.radio-odeon.com/koledar-dogodkov/delavnica-spoprijemanje-z-depresijo-4-srecanja/;"Delavnica ""Spoprijemanje z depresijo"" (4 srečanja)";Črnomelj;Vabilo;;;Duševno zdravje;V besedilu je izrecno naveden črnomaljski CKZ oziroma nekdanji naziv Bela krajina.;emanje z depresijo , ki bo potekala v sejni sobi Centra za krepitev zdravja, ZD Črnomelj . Zaradi lažje organizacije dela so zaželene prijave na mail [email protected] ali telefonsko številko 07 62 05 755 .;raw/web/zdravstvo-20260919-koledar-dogodkov-delavnica-spoprijemanje-z-depresijo-4-srecanja-81e189014.md
https://www.radio-odeon.com/koledar-dogodkov/delavnica-spoprijemanje-s-stresom-4-srecanja-1/;"Delavnica ""Spoprijemanje s stresom"" (4 srečanja)";Črnomelj;Vabilo;;;Duševno zdravje;V besedilu je izrecno naveden črnomaljski CKZ oziroma nekdanji naziv Bela krajina.;ijemanje s stresom , ki bo potekala v sejni sobi Centra za krepitev zdravja, ZD Črnomelj . Zaradi lažje organizacije dela so zaželene prijave na mail [email protected] ali telefonsko številko 07 62 05 755 .;raw/web/zdravstvo-20260919-koledar-dogodkov-delavnica-spoprijemanje-s-stresom-4-srecanja-1-aee300e49.md
https://www.radio-odeon.com/koledar-dogodkov/delavnica-spoprijemanje-s-stresom-4-srecanja/;"Delavnica ""Spoprijemanje s stresom"" (4 srečanja)";Črnomelj;Vabilo;;;Duševno zdravje;V besedilu je izrecno naveden črnomaljski CKZ oziroma nekdanji naziv Bela krajina.; ki bo potekala v štirih srečanjih, v sejni sobi Centra za krepitev zdravja, ZD Črnomelj . Zaradi lažje organizacije dela so zaželene prijave na mail [email protected] ali telefonsko številko 07 62 05 755 .;raw/web/zdravstvo-20260919-koledar-dogodkov-delavnica-spoprijemanje-s-stresom-4-srecanja-0f6b18677.md
https://www.radio-odeon.com/koledar-dogodkov/delavnica-sladkorna-bolezen-tipa-2/;"Delavnica ""Sladkorna bolezen tipa 2"" v ZD Črnomelj";Nejasno;Vabilo;;;Presnovno in srčno-žilno zdravje;"Povezava s CKZ Črnomelj ni dovolj izrecna; ne vključujemo v njegovo oceno."; [email protected] . Vljudno vabljeni, Center za krepitev zdravja.;raw/web/zdravstvo-20260919-koledar-dogodkov-delavnica-sladkorna-bolezen-tipa-2-1e3600b9e.md
https://www.radio-odeon.com/koledar-dogodkov/delavnica-sladkorna-bolezen-tipa-5/;"Delavnica ""Sladkorna bolezen tipa 2""";Črnomelj;Vabilo;;;Presnovno in srčno-žilno zdravje;V besedilu je izrecno naveden črnomaljski CKZ oziroma nekdanji naziv Bela krajina.;rna bolezen tipa 2 , ki bo potekala v sejni sobi Centra za krepitev zdravja, ZD Črnomelj . Zaradi lažje organizacije dela so zaželene prijave na mail [email protected] ali telefonsko številko 07 62 05 755 .;raw/web/zdravstvo-20260919-koledar-dogodkov-delavnica-sladkorna-bolezen-tipa-5-469254b9a.md
https://www.radio-odeon.com/koledar-dogodkov/zgodnja-nosecnost/;"Delavnica ""Sladkorna bolezen tipa 2""";Črnomelj;Vabilo;;;Presnovno in srčno-žilno zdravje;V besedilu je izrecno naveden črnomaljski CKZ oziroma nekdanji naziv Bela krajina.;orna bolezen tipa 2 , ki bo potekala v prostorih Centra za krepitev zdravja Črnomelj . Zaradi lažje organizacije dela so zaželene prijave na mail [email protected] ali telefonsko številko 07 62 05 755 .;raw/web/zdravstvo-20260919-koledar-dogodkov-zgodnja-nosecnost-e96777470.md
https://www.radio-odeon.com/koledar-dogodkov/delavnica-skupinsko-svetovanje-za-opuscanje-kajenja/;"Delavnica ""Skupinsko svetovanje za opuščanje kajenja""";Črnomelj;Vabilo;;;Tvegana vedenja;V besedilu je izrecno naveden črnomaljski CKZ oziroma nekdanji naziv Bela krajina.;etovanje za opuščanje kajenja , ki bo potekala v Centru za krepitev zdravja ZD Črnomelj . Zaradi lažje organizacije dela so zaželene prijave na mail [email protected] ali telefonsko številko 07 62 05 755 .;raw/web/zdravstvo-20260919-koledar-dogodkov-delavnica-skupinsko-svetovanje-za-opuscanje-kajenja-7abb6a829.md
https://www.radio-odeon.com/koledar-dogodkov/delavnica-s-sladkorno-boleznijo-skozi-zivljenje-5-srecanj/;"Delavnica ""S sladkorno boleznijo skozi življenje"" (5 srečanj)";Črnomelj;Vabilo;;;Presnovno in srčno-žilno zdravje;V besedilu je izrecno naveden črnomaljski CKZ oziroma nekdanji naziv Bela krajina.;ijo skozi življenje , ki bo potekala v prostorih Centra za krepitev zdravja Črnomelj . Zaradi lažje organizacije dela so zaželene prijave na mail [email protected] ali telefonsko številko 07 62 05 755 .;raw/web/zdravstvo-20260919-koledar-dogodkov-delavnica-s-sladkorno-boleznijo-skozi-zivljenje-5-srecanj-06494d641.md
https://www.radio-odeon.com/koledar-dogodkov/delavnica-s-sladkorno-boleznijo-skozi-zivljenje-5-srecanj-1/;"Delavnica ""S sladkorno boleznijo skozi življenje"" (5 srečanj)";Črnomelj;Vabilo;;;Presnovno in srčno-žilno zdravje;V besedilu je izrecno naveden črnomaljski CKZ oziroma nekdanji naziv Bela krajina.;jo skozi življenje , ki bo potekala v sejni sobi Centra za krepitev zdravja, ZD Črnomelj . Zaradi lažje organizacije dela so zaželene prijave na mail [email protected] ali telefonsko številko 07 62 05 755 .;raw/web/zdravstvo-20260919-koledar-dogodkov-delavnica-s-sladkorno-boleznijo-skozi-zivljenje-5-srecanj-1-506ad4639.md
https://www.radio-odeon.com/koledar-dogodkov/delavnica-s-sladkorno-boleznijo-skozi-zivljenje/;"Delavnica ""S sladkorno boleznijo skozi življenje""";Črnomelj;Vabilo;;;Presnovno in srčno-žilno zdravje;V besedilu je izrecno naveden črnomaljski CKZ oziroma nekdanji naziv Bela krajina.;rno boleznijo skozi življenje , ki bo potekala v Centru za krepitev zdravja ZD Črnomelj . Zaradi lažje organizacije dela so zaželene prijave na mail [email protected] ali telefonsko številko 07 62 05 755 .;raw/web/zdravstvo-20260919-koledar-dogodkov-delavnica-s-sladkorno-boleznijo-skozi-zivljenje-877e38d33.md
https://www.radio-odeon.com/koledar-dogodkov/delavnica-podpora-pri-spoprijemanju-z-depresijo-3-srecanja/;"Delavnica ""Podpora pri spoprijemanju z depresijo""(3 srečanja)";Črnomelj;Vabilo;;;Duševno zdravje;V besedilu je izrecno naveden črnomaljski CKZ oziroma nekdanji naziv Bela krajina.;emanju z depresijo , ki bo potekala v sejni sobi Centra za krepitev zdravja, ZD Črnomelj . Zaradi lažje organizacije dela so zaželene prijave na mail [email protected] ali telefonsko številko 07 62 05 755 .;raw/web/zdravstvo-20260919-koledar-dogodkov-delavnica-podpora-pri-spoprijemanju-z-depresijo-3-srecanja-1f8c6e770.md
https://www.radio-odeon.com/koledar-dogodkov/delavnica-podpora-pri-spoprijemanju-z-depresijo-3/;"Delavnica ""Podpora pri spoprijemanju z depresijo""";Črnomelj;Vabilo;;;Duševno zdravje;V besedilu je izrecno naveden črnomaljski CKZ oziroma nekdanji naziv Bela krajina.;jemanju z depresijo , ki bo potekala v prostorih Centra za krepitev zdravja Črnomelj . Zaradi lažje organizacije dela so zaželene prijave na mail [email protected] ali telefonsko številko 07 62 05 755 .;raw/web/zdravstvo-20260919-koledar-dogodkov-delavnica-podpora-pri-spoprijemanju-z-depresijo-3-a8020af1a.md
https://www.radio-odeon.com/koledar-dogodkov/delavnica-podpora-pri-spoprijemanju-z-depresijo/;"Delavnica ""Podpora pri spoprijemanju z depresijo""";Črnomelj;Vabilo;;;Duševno zdravje;V besedilu je izrecno naveden črnomaljski CKZ oziroma nekdanji naziv Bela krajina.;nformacije ali morebitna vprašanja se obrnite na Center za krepitev zdravja Zdravstvenega doma Črnomelj ali jih pokličite na telefonsko številko 07 30 61 723. Lepo vabljeni!;raw/web/zdravstvo-20260919-koledar-dogodkov-delavnica-podpora-pri-spoprijemanju-z-depresijo-25f2729d1.md
https://www.radio-odeon.com/koledar-dogodkov/delavnica-podpora-pri-spoprijemanju-s-tesnobo/;"Delavnica ""Podpora pri spoprijemanju s tesnobo""";Črnomelj;Vabilo;;;Duševno zdravje;V besedilu je izrecno naveden črnomaljski CKZ oziroma nekdanji naziv Bela krajina.;a pri spoprijemanju s tesnobo , ki bo potekala v Centru za krepitev zdravja ZD Črnomelj . Zaradi lažje organizacije dela so zaželene prijave na mail [email protected] ali telefonsko številko 07 62 05 755 .;raw/web/zdravstvo-20260919-koledar-dogodkov-delavnica-podpora-pri-spoprijemanju-s-tesnobo-92ad93d95.md
https://www.radio-odeon.com/koledar-dogodkov/delavnica-gibam-se-3/;"Delavnica ""Gibam se""";Črnomelj;Vabilo;;;Gibanje;V besedilu je izrecno naveden črnomaljski CKZ oziroma nekdanji naziv Bela krajina.;imo vas na delavnico Gibam se , ki bo potekala v Centru za krepitev zdravja ZD Črnomelj . Zaradi lažje organizacije dela so zaželene prijave na mail [email protected] ali telefonsko številko 07 62 05 755 .;raw/web/zdravstvo-20260919-koledar-dogodkov-delavnica-gibam-se-3-e0bb4fa65.md
https://www.radio-odeon.com/koledar-dogodkov/delavnica-gibam-se-2/;"Delavnica ""Gibam se""";Črnomelj;Vabilo;;;Gibanje;V besedilu je izrecno naveden črnomaljski CKZ oziroma nekdanji naziv Bela krajina.;imo vas na delavnico Gibam se , ki bo potekala v Centru za krepitev zdravja ZD Črnomelj . Zaradi lažje organizacije dela so zaželene prijave na mail [email protected] ali telefonsko številko 07 62 05 755 .;raw/web/zdravstvo-20260919-koledar-dogodkov-delavnica-gibam-se-2-89dfa20ad.md
https://www.radio-odeon.com/koledar-dogodkov/delavnica-gibam-se-1/;"Delavnica ""Gibam se""";Črnomelj;Vabilo;;;Gibanje;V besedilu je izrecno naveden črnomaljski CKZ oziroma nekdanji naziv Bela krajina.;bimo vas na delavnico Gibam se, ki bo potekala v Centru za krepitev zdravja ZD Črnomelj . Zaradi lažje organizacije dela so zaželene prijave na mail [email protected] ali telefonsko številko 07 62 05 755 .;raw/web/zdravstvo-20260919-koledar-dogodkov-delavnica-gibam-se-1-f9bd2a144.md
https://www.radio-odeon.com/koledar-dogodkov/dejavniki-tveganja-za-srcno-zilne-bolezni-in-meritev-krvnega-tlaka-hsd-crnomelj/;Dejavniki tveganja za srčno žilne bolezni in meritev krvnega tlaka, HSD Črnomelj;Črnomelj;Vabilo;;;Skupnost in splošno zdravje;V besedilu je izrecno naveden črnomaljski CKZ oziroma nekdanji naziv Bela krajina.;lavnica bo opravljena pod vodstvom zaposlenih iz CKZ Črnomelj. Vabljeni!;raw/web/zdravstvo-20260919-koledar-dogodkov-dejavniki-tveganja-za-srcno-zilne-bolezni-in-meritev-krvnega-tlaka-hsd-crnomelj-86c775f4c.md
https://www.radio-odeon.com/koledar-dogodkov/zasvojenost-s-tobakom-hsd-crnomelj/;Dejavniki tveganja - HSD Črnomelj;Črnomelj;Vabilo;;;Ustno zdravje;V besedilu je izrecno naveden črnomaljski CKZ oziroma nekdanji naziv Bela krajina.;ezni (zvišan krvni tlak, KM in KS), ki ga izvaja CKZ Črnomelj. Vse delavnice in aktivnosti v Hiši Sadeži družbe Črnomelj so brezplačne. Vljudno vabljeni, da se nam pridružite.;raw/web/zdravstvo-20260919-koledar-dogodkov-zasvojenost-s-tobakom-hsd-crnomelj-ac6afd963.md
https://www.radio-odeon.com/koledar-dogodkov/dejavniki-tveganja/;Dejavniki tveganja;Izločeno;Vabilo;;;Skupnost in splošno zdravje;Iskalni zadetek brez potrjene relevantnosti za CKZ.;Zdravstveno-vzgojni center Črnomelj vas ob 17. uri vabi na delavnico Dejavniki tveganja za srčno-žilne bolezni. Delavnica bo potekala v sejni sobi Zdravstvenega doma Črnomelj. Več dejavnikov imate, večja je verjetnost, da boste zb;raw/web/zdravstvo-20260919-koledar-dogodkov-dejavniki-tveganja-acdd8872c.md
https://www.radio-odeon.com/koledar-dogodkov/dan-za-sremembe-premagajmo-osamljenost/;Dan za sremembe - Premagajmo osamljenost;Črnomelj;Vabilo;;;Skupnost in splošno zdravje;V besedilu je izrecno naveden črnomaljski CKZ oziroma nekdanji naziv Bela krajina.;ov. Z vami bomo: - Hiša Sadeži družbe Črnomelj - Center za krepitev zdravja - Društvo upokojencev Črnomelj - Varstveno delovni center Črnomelj - Večnamenski Romski center Črnomelj - Društvo invalidov Črnomelj Dogodek se izvaja ob upoštevanju priporočil NIJZ.;raw/web/zdravstvo-20260919-koledar-dogodkov-dan-za-sremembe-premagajmo-osamljenost-45dfe92b4.md
https://www.radio-odeon.com/koledar-dogodkov/dan-za-spremembe-1/;Dan za spremembe - športni piknik;Črnomelj;Vabilo;;;Gibanje;V besedilu je izrecno naveden črnomaljski CKZ oziroma nekdanji naziv Bela krajina.;elj bo skupaj z Društvom upokojencev Črnomelj in Centrom za krepitev zdravja Črnomelj izvedla vseslovenski prostovoljski Dan za spremembe, s sloganom Ne prepuščaj se toku, SPREMINJAJ tudi TI! Družili se bomo na balinišču, na Majerju. Vablj;raw/web/zdravstvo-20260919-koledar-dogodkov-dan-za-spremembe-1-2c5889065.md
https://www.radio-odeon.com/koledar-dogodkov/dan-slovenskega-sporta-2023/;Dan slovenskega športa 2023;Črnomelj;Vabilo;;;Gibanje;V besedilu je izrecno naveden črnomaljski CKZ oziroma nekdanji naziv Bela krajina.;oredu, ki ga najdete v prilogi spodaj. Prav tako Center za krepitev zdravja ZD Črnomelj vabi k dnevu odprtih vrat pri njih in na ogled trim steze na Vražjem kamnu.;raw/web/zdravstvo-20260919-koledar-dogodkov-dan-slovenskega-sporta-2023-b9ca52407.md
https://www.radio-odeon.com/koledar-dogodkov/dan-odprtih-vrat-za-srcne-bolnike/;Dan odprtih vrat za srčne bolnike;Črnomelj;Vabilo;;;Gibanje;V besedilu je izrecno naveden črnomaljski CKZ oziroma nekdanji naziv Bela krajina.;Center za krepitev zdravja Črnomelj in Društvo koronarnih bolnikov Dolenjske in Bele krajine vabi vse srčne bolnike in vse, ki želite nekaj narediti za svoje zdravje, na Dan odprtih vrat za srčne bolnike. Zberemo se v soboto, 28.5.2022, ob 8.30 u;raw/web/zdravstvo-20260919-koledar-dogodkov-dan-odprtih-vrat-za-srcne-bolnike-23f8e20bb.md
https://www.radio-odeon.com/koledar-dogodkov/dan-odprtih-vrat-zdravstvenega-doma-metlika/;Dan odprtih vrat Zdravstvenega doma Metlika;Nejasno;Vabilo;;;Ustno zdravje;"Povezava s CKZ Črnomelj ni dovolj izrecna; ne vključujemo v njegovo oceno.";ZD Metlika organizira dan odprtih vrat, z namenom predstaviti preventivne programe, delovanje zavoda, uporabnike seznaniti s pravicami in obveznostmi ter v sodelovanju z zavodi in društvi v občini Metlika predstaviti prebivalcem a;raw/web/zdravstvo-20260919-koledar-dogodkov-dan-odprtih-vrat-zdravstvenega-doma-metlika-d7f158a7a.md
https://www.radio-odeon.com/koledar-dogodkov/dan-odprtih-vrat-kud-zlatni-ritmovi/;Dan odprtih vrat KUD Zlatni ritmovi;Izločeno;Vabilo;;;Skupnost in splošno zdravje;Iskalni zadetek brez potrjene relevantnosti za CKZ.;V Črnomlju je oktobra nastalo novo kulturno-umetniško društvo Zlatni ritmovi, ki ga vodita sestri Lejla in Edina. Društvo, ki deluje v srcu Bele krajine, je v kratkem času povezalo približno 39 članov, ki z veliko srčnosti ohranja;raw/web/zdravstvo-20260919-koledar-dogodkov-dan-odprtih-vrat-kud-zlatni-ritmovi-527a950e1.md
https://www.radio-odeon.com/koledar-dogodkov/dan-brez-avtomobila-s-centrom-za-krepitev-zdravja-zd-crnomelj/;Dan brez avtomobila s Centrom za krepitev zdravja ZD Črnomelj;Črnomelj;Vabilo;;;Duševno zdravje;V besedilu je izrecno naveden črnomaljski CKZ oziroma nekdanji naziv Bela krajina.;Ob evropskem tednu mobilnosti vas ob dnevu brez avtomobila od 16.30 do 18.30 ure vabimo na stojnico Centra za krepitev zdravja , ki bo v starem mestnem jedru Črnomlja. Izvajali bomo;raw/web/zdravstvo-20260919-koledar-dogodkov-dan-brez-avtomobila-s-centrom-za-krepitev-zdravja-zd-crnomelj-d12a99be5.md
https://www.radio-odeon.com/koledar-dogodkov/delavnica-zvisan-krvni-tlak-1/;DELAVNICA ZVIŠAN KRVNI TLAK;Črnomelj;Vabilo;;;Presnovno in srčno-žilno zdravje;V besedilu je izrecno naveden črnomaljski CKZ oziroma nekdanji naziv Bela krajina.;vni tlak, ki bo 25.4.2022 ob 18. uri v prostorih CKZ ZD Črnomelj. Udeleženci boste prejeli informacije o pomenu normalnih vrednosti krvnega tlaka za zdravje, povezavo med zdravim načinom življenja in krvnim tlako;raw/web/zdravstvo-20260919-koledar-dogodkov-delavnica-zvisan-krvni-tlak-1-cec01e3dc.md
https://www.radio-odeon.com/koledar-dogodkov/delavnica-zvisan-krvni-sladkor-1/;DELAVNICA ZVIŠAN KRVNI SLADKOR;Nejasno;Vabilo;;;Presnovno in srčno-žilno zdravje;"Povezava s CKZ Črnomelj ni dovolj izrecna; ne vključujemo v njegovo oceno.";a bo v torek, 13. 10. 2020, ob 9.uri v prostorih CKZ. Zaradi preprečevanja širjenja okužbe s koronavirusom so obvezne predhodne prijave na tel.št.: 07 62 05 755 ali e-naslovu: [email protected] Center za;raw/web/zdravstvo-20260919-koledar-dogodkov-delavnica-zvisan-krvni-sladkor-1-21d2539c6.md
https://www.radio-odeon.com/koledar-dogodkov/delavnica-zvisan-krvni-sladkor-2/;DELAVNICA ZVIŠAN KRVNI SLADKOR;Črnomelj;Vabilo;;;Presnovno in srčno-žilno zdravje;V besedilu je izrecno naveden črnomaljski CKZ oziroma nekdanji naziv Bela krajina.;rvni sladkor, ki bo v petek, 1.4.2022, ob 9.00 v Centru za krepitev zdravja, ZD Črnomelj. Pridobili boste informacije o mejni bazalni glikemiji in moteni toleranci za glukozo, ter kako ravnati, da bi se sladkorna bolezen tipa 2 pojavila či;raw/web/zdravstvo-20260919-koledar-dogodkov-delavnica-zvisan-krvni-sladkor-2-7bdf9952b.md
https://www.radio-odeon.com/koledar-dogodkov/delavnica-zvisan-krvni-sladkor/;DELAVNICA ZVIŠAN KRVNI SLADKOR;Črnomelj;Vabilo;;;Ustno zdravje;V besedilu je izrecno naveden črnomaljski CKZ oziroma nekdanji naziv Bela krajina.;čim bolj kakovostno življenje. Vljudno vabljeni, Center za krepitev zdravja Črnomelj;raw/web/zdravstvo-20260919-koledar-dogodkov-delavnica-zvisan-krvni-sladkor-35a5734ff.md
https://www.radio-odeon.com/koledar-dogodkov/delavnica-zdravo-zivim/;DELAVNICA ZDRAVO ŽIVIM;Nejasno;Vabilo;;;Skupnost in splošno zdravje;"Povezava s CKZ Črnomelj ni dovolj izrecna; ne vključujemo v njegovo oceno.";Center za krepitev zdravja vas vabi na delavnico Zdravo živim, ki bo potekala v sejni sobi ZD Metlika. Na delavnici boste pridobili informacije o pomenu zdravega življen;raw/web/zdravstvo-20260919-koledar-dogodkov-delavnica-zdravo-zivim-06831ef65.md
https://www.radio-odeon.com/koledar-dogodkov/center-za-krepitev-zdravja-zd-crnomelj-zdravo-jem-2/;Center za krepitev zdravja ZD Črnomelj: Zdravo jem (2);Črnomelj;Vabilo;;;Prehrana in telesna masa;V besedilu je izrecno naveden črnomaljski CKZ oziroma nekdanji naziv Bela krajina.;Center za krepitev zdravja ZD Črnomelj vabi na delavnico z naslovom Zdravo jem, ki se prične ob 9.30 uri v Zdravstvenem domu Črnomelj. Pokličite nas: 07 30 617 23 ali nam pišite: [email protected] .;raw/web/zdravstvo-20260919-koledar-dogodkov-center-za-krepitev-zdravja-zd-crnomelj-zdravo-jem-2-725bbaee8.md
https://www.radio-odeon.com/koledar-dogodkov/center-za-krepitev-zdravja-zd-crnomelj-zdravo-jem/;Center za krepitev zdravja ZD Črnomelj: Zdravo jem (1);Črnomelj;Vabilo;;;Prehrana in telesna masa;V besedilu je izrecno naveden črnomaljski CKZ oziroma nekdanji naziv Bela krajina.;Center za krepitev zdravja ZD Črnomelj vabi na delavnico z naslovom Zdravo jem, ki se prične ob 17. uri v Zdravstvenem domu Črnomelj. Pokličite nas: 07 30 617 23 ali nam pišite: [email protected] .;raw/web/zdravstvo-20260919-koledar-dogodkov-center-za-krepitev-zdravja-zd-crnomelj-zdravo-jem-17b545191.md
https://www.radio-odeon.com/koledar-dogodkov/center-za-krepitev-zdravja-zd-crnomelj-zdravo-hujsanje/;Center za krepitev zdravja ZD Črnomelj: Zdravo hujšanje;Črnomelj;Vabilo;;;Prehrana in telesna masa;V besedilu je izrecno naveden črnomaljski CKZ oziroma nekdanji naziv Bela krajina.;Center za krepitev zdravja ZD Črnomelj vabi na delavnico z naslovom Zdravo hujšanje, ki se prične ob 17. uri v Zdravstvenem domu Črnomelj. Pokličite nas: 07 30 617 23 ali nam pišite: [email protected] .;raw/web/zdravstvo-20260919-koledar-dogodkov-center-za-krepitev-zdravja-zd-crnomelj-zdravo-hujsanje-e4ca7b073.md
https://www.radio-odeon.com/koledar-dogodkov/center-za-krepitev-zdravja-zd-crnomelj-podpora-pri-spoprijemanju-z-depresijo/;Center za krepitev zdravja ZD Črnomelj: Podpora pri spoprijemanju z depresijo;Črnomelj;Vabilo;;;Duševno zdravje;V besedilu je izrecno naveden črnomaljski CKZ oziroma nekdanji naziv Bela krajina.;Center za krepitev zdravja ZD Črnomelj vabi na delavnico z naslovom Podpora pri spoprijemanju z depresijo, ki se prične ob 18. uri v Zdravstvenem domu Črnomel;raw/web/zdravstvo-20260919-koledar-dogodkov-center-za-krepitev-zdravja-zd-crnomelj-podpora-pri-spoprijemanju-z-depresijo-65ea842fd.md
https://www.radio-odeon.com/koledar-dogodkov/center-za-krepitev-zdravja-zd-crnomelj-podpora-pri-spoprijemanju-s-tesnobo/;Center za krepitev zdravja ZD Črnomelj: Podpora pri spoprijemanju s tesnobo;Črnomelj;Vabilo;;;Duševno zdravje;V besedilu je izrecno naveden črnomaljski CKZ oziroma nekdanji naziv Bela krajina.;Center za krepitev zdravja Bela krajina vabi na delavnico Podpora pri spoprijemanju s tesnobo, ki se začne ob 16. uri, v spodnji sejni sobi Zdravstvenega doma;raw/web/zdravstvo-20260919-koledar-dogodkov-center-za-krepitev-zdravja-zd-crnomelj-podpora-pri-spoprijemanju-s-tesnobo-2085a04c1.md
https://www.radio-odeon.com/koledar-dogodkov/center-za-krepitev-zdravja-zd-crnomelj-podpora-pri-spoprijemanju-s-stresom/;Center za krepitev zdravja ZD Črnomelj: Podpora pri spoprijemanju s stresom;Črnomelj;Vabilo;;;Duševno zdravje;V besedilu je izrecno naveden črnomaljski CKZ oziroma nekdanji naziv Bela krajina.;Center za krepitev zdravja ZD Črnomelj vabi na delavnico z naslovom Podpora pri spoprijemanju s stresom, ki se prične ob 17. uri v Zdravstvenem domu Črnomelj.;raw/web/zdravstvo-20260919-koledar-dogodkov-center-za-krepitev-zdravja-zd-crnomelj-podpora-pri-spoprijemanju-s-stresom-403ead9b5.md
https://www.radio-odeon.com/koledar-dogodkov/center-za-krepitev-zdravja-zd-crnomelj-gibam-se-2/;Center za krepitev zdravja ZD Črnomelj: Gibam se (2);Črnomelj;Vabilo;;;Gibanje;V besedilu je izrecno naveden črnomaljski CKZ oziroma nekdanji naziv Bela krajina.;Center za krepitev zdravja ZD Črnomelj vabi na delavnico z naslovom Gibam se, ki se prične ob 9. uri v prostorih fizioterapije v Zdravstvenem domu Črnomelj. Pokličite nas: 07 30 617 23 ali nam pišite: [email pro;raw/web/zdravstvo-20260919-koledar-dogodkov-center-za-krepitev-zdravja-zd-crnomelj-gibam-se-2-d66a4fb26.md
https://www.radio-odeon.com/koledar-dogodkov/center-za-krepitev-zdravja-zd-crnomelj-gibam-se/;Center za krepitev zdravja ZD Črnomelj: Gibam se;Črnomelj;Vabilo;;;Gibanje;V besedilu je izrecno naveden črnomaljski CKZ oziroma nekdanji naziv Bela krajina.;Center za krepitev zdravja ZD Črnomelj vabi na delavnico z naslovom Gibam se, ki se prične ob 16. uri v prostorih fizioterapije v Zdravstvenem domu Črnomelj. Pokličite nas: 07 30 617 23 ali nam pišite: [emai;raw/web/zdravstvo-20260919-koledar-dogodkov-center-za-krepitev-zdravja-zd-crnomelj-gibam-se-6559e17c1.md
https://www.radio-odeon.com/koledar-dogodkov/ckz-delavnica-zdravo-zivim/;CKZ, delavnica Zdravo živim - odpade!;Črnomelj;Vabilo;;;Skupnost in splošno zdravje;V besedilu je izrecno naveden črnomaljski CKZ oziroma nekdanji naziv Bela krajina.;"Vabljeni na CKZ delavnico ""Zdravo živim"" v Hišo Sadeži družbe Črnomelj. Vse delavnice in aktivnosti v Hiši Sadeži družbe Črnomelj so brezplačne in se izvajajo ob upoštevanju priporočil NIJZ. Na delavnici je zato lahko prisotna s";raw/web/zdravstvo-20260919-koledar-dogodkov-ckz-delavnica-zdravo-zivim-922838c17.md
https://www.radio-odeon.com/koledar-dogodkov/brezplacne-meritve-krvnega-tlaka-ob-svetovnem-dnevu-hipertenzije/;Brezplačne meritve krvnega tlaka ob svetovnem dnevu hipertenzije;Črnomelj;Vabilo;;;Presnovno in srčno-žilno zdravje;V besedilu je izrecno naveden črnomaljski CKZ oziroma nekdanji naziv Bela krajina.;acije ter poskrbite za svoje zdravje. Se vidimo! Center za krepitev zdravja ZD Črnomelj;raw/web/zdravstvo-20260919-koledar-dogodkov-brezplacne-meritve-krvnega-tlaka-ob-svetovnem-dnevu-hipertenzije-b616e329d.md
https://www.radio-odeon.com/koledar-dogodkov/brez-dusevnega-zdravja-ni-zdravja-katja-povse-ckz-zd-metlika-hsdm/;Brez duševnega zdravja ni zdravja - Katja Povše CKZ ZD Metlika - HSDM;Drug center;Vabilo;;;Duševno zdravje;"CKZ Metlika oziroma drug izvajalec; ni dokaza vloge CKZ Črnomelj.";"V Hišo Sadeži družbe Metlika vas vabimo na delavnico "" Brez duševnega zdravja ni zdravja "" s Katjo Povše iz CKZ ZD Metlika. Vse delavnice in aktivnosti v Hiši Sadeži družbe Metlika so brezplačne .";raw/web/zdravstvo-20260919-koledar-dogodkov-brez-dusevnega-zdravja-ni-zdravja-katja-povse-ckz-zd-metlika-hsdm-82be31cb3.md
https://www.radio-odeon.com/koledar-dogodkov/bolezni-scitnice-mateja-svajger-ckz-zd-metlika-hsdm/;Bolezni ščitnice - Mateja Švajger CKZ ZD Metlika - HSDM;Drug center;Vabilo;;;Skupnost in splošno zdravje;"CKZ Metlika oziroma drug izvajalec; ni dokaza vloge CKZ Črnomelj.";"V Hišo Sadeži družbe Metlika vas vabimo na delavnico na temo "" Bolezni ščitnice"" z Matejo Švajger iz CKZ ZD Metlika. Ščitnica je zelo pomembna žleza v našem telesu. Njena vloga je za naše zdravje izredne";raw/web/zdravstvo-20260919-koledar-dogodkov-bolezni-scitnice-mateja-svajger-ckz-zd-metlika-hsdm-19e87f052.md
https://www.radio-odeon.com/koledar-dogodkov/bodimo-aktivni-ohranimo-moc-in-preprecimo-padce/;Bodimo aktivni, ohranimo moč in preprečimo padce;Drug center;Vabilo;;;Gibanje;"CKZ Metlika oziroma drug izvajalec; ni dokaza vloge CKZ Črnomelj."; Torek, 19. maj 2026, ob 9. uri. KJE: Sejna soba Centra za krepitev zdravja Metlika (Cesta bratstva in enotnosti 71, Metlika). Delavnico bo vodila Nives Bućan, fizioterapevtka Centra za krepitev zdravja Metlika v okviru Demenci prijazne točke Ljudske univerze Črnomelj. Pridite, v;raw/web/zdravstvo-20260919-koledar-dogodkov-bodimo-aktivni-ohranimo-moc-in-preprecimo-padce-5aaae9662.md
https://www.radio-odeon.com/koledar-dogodkov/bass-fiction-t-e-c-h-n-o-edition/;Bass Fiction: T E C H N O edition;Izločeno;Vabilo;;;Tvegana vedenja;Iskalni zadetek brez potrjene relevantnosti za CKZ.;Bass fiction - Techno edition bodo obarvali temnejši techno zvoki in trdi ritmi, s katerimi si bomo napolnili baterije po vseh pocukranih valentinovih forah i napornem izpitnem obdobju. Dečki bote lahk končno zadihali po valentino;raw/web/zdravstvo-20260919-koledar-dogodkov-bass-fiction-t-e-c-h-n-o-edition-1cd8c16f6.md
https://www.radio-odeon.com/koledar-dogodkov/babilon-kino-crnomelj/;Babilon (Kino Črnomelj);Izločeno;Vabilo;;;Skupnost in splošno zdravje;Iskalni zadetek brez potrjene relevantnosti za CKZ.;Vračamo se v Hollywood v dvajseta leta prejšnjega stoletja v epskem filmu z naslovom Babilon, ki ga je režiral in napisal scenarij Damien Chazelle (dobitnik oskarja za režijo filma Dežela La la). Zgodba je postavljena v dobo jazza;raw/web/zdravstvo-20260919-koledar-dogodkov-babilon-kino-crnomelj-913edf067.md
https://www.radio-odeon.com/koledar-dogodkov/anksioznost-psihologinja-rymma-stubler-hsdm/;Anksioznost - psihologinja Rymma Štubler - HSDM;Drug center;Vabilo;;;Duševno zdravje;"CKZ Metlika oziroma drug izvajalec; ni dokaza vloge CKZ Črnomelj.";" "" Anksioznost "" s psihologinjo Rymmo Štubler iz CKZ ZD Metlika . Anksioznost ali tesnoba je čustveno stanje negotovosti, pričakovanja česa neugodnega, brez stvarnega zunanjega razloga, zato je potrebno najti vzrok nastanka. Spozn";raw/web/zdravstvo-20260919-koledar-dogodkov-anksioznost-psihologinja-rymma-stubler-hsdm-1e81914a6.md
https://www.radio-odeon.com/koledar-dogodkov/ali-sem-fit-ckz-zd-crnomelj/;Ali sem fit?-CKZ ZD Črnomelj;Črnomelj;Vabilo;;;Skupnost in splošno zdravje;V besedilu je izrecno naveden črnomaljski CKZ oziroma nekdanji naziv Bela krajina.;Vabljeni v HSD Črnomelj na delavnico: ALI SEM FIT? Izvaja CKZ Črnomelj. Vse delavnice in aktivnosti v Hiši Sadeži družbe Črnomelj so brezplačne.;raw/web/zdravstvo-20260919-koledar-dogodkov-ali-sem-fit-ckz-zd-crnomelj-e18825234.md
https://www.radio-odeon.com/koledar-dogodkov/ali-sem-fit-2/;Ali sem fit?;Črnomelj;Vabilo;;;Ustno zdravje;V besedilu je izrecno naveden črnomaljski CKZ oziroma nekdanji naziv Bela krajina.; s področja skrbi za zdravje. Delavnica bo vodil Center za krepitev zdravja Bela krajina na Stadionu Loka Črnomelj. Program v Črnomlju Celoten program festivala;raw/web/zdravstvo-20260919-koledar-dogodkov-ali-sem-fit-2-2aa83dde9.md
https://www.radio-odeon.com/koledar-dogodkov/ali-sem-fit-3/;Ali sem fit?;Drug center;Vabilo;;;Gibanje;"CKZ Metlika oziroma drug izvajalec; ni dokaza vloge CKZ Črnomelj.";CENTER ZA KREPITEV ZDRAVJA BELA KRAJINA Zdravstvenega doma Metlika vas vabi na delavnico Ali sem fit? ( preizkus hoje na 2 km) . Testiranje bo potekalo na igrišču izza Beti. Bodite športno oblečeni ;raw/web/zdravstvo-20260919-koledar-dogodkov-ali-sem-fit-3-223ae9bcc.md
https://www.radio-odeon.com/koledar-dogodkov/ali-sem-fit-1/;Ali sem fit?;Drug center;Vabilo;;;Skupnost in splošno zdravje;"CKZ Metlika oziroma drug izvajalec; ni dokaza vloge CKZ Črnomelj.";Center za krepitev zdravja ZD Metlika vas vabi na delavnico z naslovom Ali sem fit?, ki bo potekala med 8.30 in ob 10. uro na igrišču izza Beti. Za dodatne informacije p;raw/web/zdravstvo-20260919-koledar-dogodkov-ali-sem-fit-1-febaf03d0.md
https://www.radio-odeon.com/koledar-dogodkov/ali-sem-fit-preizkus-hoje-na-2-km-v-sklopu-etm-9694/;Ali sem fit, preizkus hoje na 2 km v sklopu ETM;Črnomelj;Vabilo;;;Gibanje;V besedilu je izrecno naveden črnomaljski CKZ oziroma nekdanji naziv Bela krajina.; Semiču. Udeleženci bodo pod strokovnim vodstvom Centra za krepitev zdravja ZD Črnomelj opravili preizkus hoje na 2km in izvedeli, kakšna je njihova telesna pripravljenost. Testiranje bomo izvedli na Kraški učni poti od Lebice do Krupe, kjer bodo udeležen;raw/web/zdravstvo-20260919-koledar-dogodkov-ali-sem-fit-preizkus-hoje-na-2-km-v-sklopu-etm-9694-99eeb1f1e.md
https://www.radio-odeon.com/koledar-dogodkov/ali-sem-fit-ckz-hsd-crnomelj/;Ali sem fit ? (CKZ ), HSD Črnomelj;Črnomelj;Vabilo;;;Skupnost in splošno zdravje;V besedilu je izrecno naveden črnomaljski CKZ oziroma nekdanji naziv Bela krajina.;V sodelovanju z CKZ vas vabimo na delavnico : ALI SEM FIT ?;raw/web/zdravstvo-20260919-koledar-dogodkov-ali-sem-fit-ckz-hsd-crnomelj-a99465b79.md
https://www.radio-odeon.com/koledar-dogodkov/ali-sem-fit-z-nives-iz-ckz-zd-metlika-hsdm/;Ali sem Fit - z Nives iz CKZ ZD Metlika - HSDM;Drug center;Vabilo;;;Gibanje;"CKZ Metlika oziroma drug izvajalec; ni dokaza vloge CKZ Črnomelj.";"V Hišo Sadeži družbe Metlika vas vabimo na delavnico na temo "" Ali sem Fit"" z Nives iz CKZ ZD Metlika. Naš imunski sistem, splošno počutje in gibalnost so odvisni od naših aktivnosti. Z gibanjem";raw/web/zdravstvo-20260919-koledar-dogodkov-ali-sem-fit-z-nives-iz-ckz-zd-metlika-hsdm-69e1b002a.md
https://www.radio-odeon.com/koledar-dogodkov/ali-dovolj-poznamo-hepatitis-mateja-svajger-ckz-metlika-hsdm/;Ali dovolj poznamo hepatitis - Mateja Švajger CKZ ZD Metlika - HSDM;Drug center;Vabilo;;;Skupnost in splošno zdravje;"CKZ Metlika oziroma drug izvajalec; ni dokaza vloge CKZ Črnomelj.";"V Hišo Sadeži družbe Metlika vas vabimo na delavnico na temo "" Ali dovolj poznamo hepatitis"" z Matejo Švajger iz CKZ ZD Metlika. Vnetje jeter , ki ga povzročajo virusi hepatitisa, spada med najbolj nevarne nalezljiv";raw/web/zdravstvo-20260919-koledar-dogodkov-ali-dovolj-poznamo-hepatitis-mateja-svajger-ckz-metlika-hsdm-ecf68f23b.md
https://www.radio-odeon.com/koledar-dogodkov/8-marec-zenske-zenskam-zavod-metlika/;8. marec: Ženske ženskam - Zavod Metlika;Drug center;Vabilo;;;Ustno zdravje;"CKZ Metlika oziroma drug izvajalec; ni dokaza vloge CKZ Črnomelj.";ranjka nas bo razvajala s sladkimi pregrehami, - Center za krepitev zdravja Metlika nam bo pokazal, kako skrbeti za svoje zdravje in kako se samopregledati, - Iva Popović, študentka fizioterapije, pa nam bo pokazala samomasažne tehnike za bolj;raw/web/zdravstvo-20260919-koledar-dogodkov-8-marec-zenske-zenskam-zavod-metlika-91cd1bad5.md
https://www.radio-odeon.com/koledar-dogodkov/6-minutni-test-hoje-ob-svetovnem-dnevu-ledvic/;6-minutni test hoje ob svetovnem dnevu ledvic;Izločeno;Vabilo;;;Duševno zdravje;Iskalni zadetek brez potrjene relevantnosti za CKZ.;Slogan ob letošnjem dnevu ledvic je GREMO VSI VEN! ZA ZDRAVE LEDVICE, DUŠO IN SRCE. Ledvične bolezni so vse pogostejše in so povezane z nezdravim življenjskim slogom. Obrnimo ta neugoden trend. Vrnimo se k boljšemu, bolj zdravemu ;raw/web/zdravstvo-20260919-koledar-dogodkov-6-minutni-test-hoje-ob-svetovnem-dnevu-ledvic-0aa72f9db.md
https://www.radio-odeon.com/koledar-dogodkov/6-minutni-test-hoje-in-prikaz-vaj-za-misicno-moc-ckz-zd-crnomelj/;6-minutni test hoje in prikaz vaj za mišično moč-CKZ ZD Črnomelj;Črnomelj;Vabilo;;;Gibanje;V besedilu je izrecno naveden črnomaljski CKZ oziroma nekdanji naziv Bela krajina.;CKZ ZD Črnomelj bo izvajal 6-minutni test hoje in prikaz vaj za mišično moč. Test se bo izvajal na sedežu Hiša Sadeži družbe Črnomelj. Vabljeni.;raw/web/zdravstvo-20260919-koledar-dogodkov-6-minutni-test-hoje-in-prikaz-vaj-za-misicno-moc-ckz-zd-crnomelj-1af96c120.md
https://www.radio-odeon.com/koledar-dogodkov/4-dan-dnevov-svetovanja-za-znanje/;4. dan Dnevov svetovanja za znanje;Črnomelj;Vabilo;;;Skupnost in splošno zdravje;V besedilu je izrecno naveden črnomaljski CKZ oziroma nekdanji naziv Bela krajina.;: Okušaj z vsemi čutili , izvajalka Tina Resman (Center za krepitev zdravja Bela krajina), lokacija: Medgeneracijski vrt, Kulturni dom Črnomelj - 9.00 do 11.00: Testiranje telesne zmogljivosti za starejše , izvajalka Meta Rovan (Center za krepitev zdravja Bela krajina), lokacija:;raw/web/zdravstvo-20260919-koledar-dogodkov-4-dan-dnevov-svetovanja-za-znanje-29676380b.md
https://www.radio-odeon.com/koledar-dogodkov/2-srecanje-na-temo-dusevnega-zdravja-v-mladinskem-centru-metlika-zavod-metlika/;2. srečanje na temo duševnega zdravja v Mladinskem centru Metlika (Zavod Metlika);Črnomelj;Vabilo;;;Duševno zdravje;V besedilu je izrecno naveden črnomaljski CKZ oziroma nekdanji naziv Bela krajina.;organizacij: - Center za socialno delo Metlika - Center za krepitev zdravja Črnomelj - Nacionalni inštitut za javno zdravje - NIJZ - Rdeči Križ Metlika - ZD ČR – dispanzer za mentalno zdravje - Mladinski Center Bit Lepo vabljeni vsi, predvsem tisti, ki se ukvarjate z mladino na r;raw/web/zdravstvo-20260919-koledar-dogodkov-2-srecanje-na-temo-dusevnega-zdravja-v-mladinskem-centru-metlika-zavod-metlika-47d643874.md
https://www.radio-odeon.com/koledar-dogodkov/13.dan-za-spremembe/;13.DAN ZA SPREMEMBE;Črnomelj;Vabilo;;;Duševno zdravje;V besedilu je izrecno naveden črnomaljski CKZ oziroma nekdanji naziv Bela krajina.; zdravja bodo poskrbele za 1000 gibov, zaposlene Centra za krepitev zdravja iz ZD Črnomelj nam bodo predstavile tehnike sproščanja in vadbo za dober dan. S skrbnikom ribnika se bomo lahko odpravili na sprehod okrog ribnika. V HSD ;raw/web/zdravstvo-20260919-koledar-dogodkov-13-dan-za-spremembe-2a33a2b6a.md
https://www.radio-odeon.com/koledar-dogodkov/postani-krvodajalec/;(P)ostani krvodajalec;Črnomelj;Vabilo;;;Skupnost in splošno zdravje;V besedilu je izrecno naveden črnomaljski CKZ oziroma nekdanji naziv Bela krajina.; 039. Lepo vabljeni! Festival zdravja koordinira Center za krepitev zdravja Črnomelj.;raw/web/zdravstvo-20260919-koledar-dogodkov-postani-krvodajalec-59912d61a.md
https://www.radio-odeon.com/koledar-dogodkov/svetovni-dan-ledvic-zdravje-ledvic-za-vse-in-povsod/;"""Zdravje ledvic za vse in povsod"" - PREKLIC DOGODKA!";Drug center;Vabilo;;;Skupnost in splošno zdravje;"CKZ Metlika oziroma drug izvajalec; ni dokaza vloge CKZ Črnomelj.";novah velja poseben režim dostopa. Zato smo se v Centru za krepitev zdravja ZD Metlika odločili, da letos ob Svetovnem dnevu ledvic ne bomo organizirali informativnih točk in ne bomo izvajali merjenja prisotnosti beljakovin v seču . Hvala za razumevanje. Cen;raw/web/zdravstvo-20260919-koledar-dogodkov-svetovni-dan-ledvic-zdravje-ledvic-za-vse-in-povsod-58056b731.md
