<?xml version="1.0" encoding="UTF-8"?>
<gpx xmlns:xsi="http://www.w3.org/2001/XMLSchema-instance" xmlns="http://www.topografix.com/GPX/1/1" xsi:schemaLocation="http://www.topografix.com/GPX/1/1 http://www.topografix.com/GPX/1/1/gpx.xsd http://www.garmin.com/xmlschemas/GpxExtensions/v3 http://www.garmin.com/xmlschemas/GpxExtensionsv3.xsd http://www.garmin.com/xmlschemas/TrackPointExtension/v1 http://www.garmin.com/xmlschemas/TrackPointExtensionv1.xsd http://www.topografix.com/GPX/gpx_style/0/2 http://www.topografix.com/GPX/gpx_style/0/2/gpx_style.xsd" xmlns:gpxtpx="http://www.garmin.com/xmlschemas/TrackPointExtension/v1" xmlns:gpxx="http://www.garmin.com/xmlschemas/GpxExtensions/v3" xmlns:gpx_style="http://www.topografix.com/GPX/gpx_style/0/2" version="1.1" creator="Garmin Connect">
<metadata>
    <name>kolesarska_pot-ravnace_1(1)</name>
    <author>
        <name>gpx.studio</name>
        <link href="https://gpx.studio"></link>
    </author>
</metadata>
<trk>
    <name>Metlika Kolesarjenje</name>
    <type>Cycling</type>
    <trkseg>
    <trkpt lat="45.65110665746033" lon="15.316921379417181">
        <ele>164.0</ele>
        <time>2020-06-26T11:42:51.000Z</time>
    </trkpt>
    <trkpt lat="45.651245042681694" lon="15.316580487415195">
        <ele>164.4</ele>
        <time>2020-06-26T11:42:56.000Z</time>
    </trkpt>
    <trkpt lat="45.651274379342794" lon="15.316503122448921">
        <ele>164.6</ele>
        <time>2020-06-26T11:42:57.000Z</time>
    </trkpt>
    <trkpt lat="45.651353085413575" lon="15.316351326182485">
        <ele>165.0</ele>
        <time>2020-06-26T11:42:59.000Z</time>
    </trkpt>
    <trkpt lat="45.65148367546499" lon="15.316250994801521">
        <ele>165.0</ele>
        <time>2020-06-26T11:43:01.000Z</time>
    </trkpt>
    <trkpt lat="45.65156506374478" lon="15.316218137741089">
        <ele>165.0</ele>
        <time>2020-06-26T11:43:02.000Z</time>
    </trkpt>
    <trkpt lat="45.651719123125076" lon="15.31614487990737">
        <ele>165.0</ele>
        <time>2020-06-26T11:43:04.000Z</time>
    </trkpt>
    <trkpt lat="45.65184292383492" lon="15.316027952358127">
        <ele>164.6</ele>
        <time>2020-06-26T11:43:06.000Z</time>
    </trkpt>
    <trkpt lat="45.65196546725929" lon="15.315940696746111">
        <ele>164.2</ele>
        <time>2020-06-26T11:43:08.000Z</time>
    </trkpt>
    <trkpt lat="45.65203595906496" lon="15.315936505794525">
        <ele>164.2</ele>
        <time>2020-06-26T11:43:09.000Z</time>
    </trkpt>
    <trkpt lat="45.65218004398048" lon="15.315928375348449">
        <ele>164.2</ele>
        <time>2020-06-26T11:43:11.000Z</time>
    </trkpt>
    <trkpt lat="45.65231985412538" lon="15.315849585458636">
        <ele>166.4</ele>
        <time>2020-06-26T11:43:13.000Z</time>
    </trkpt>
    <trkpt lat="45.65263191238046" lon="15.31552436761558">
        <ele>169.0</ele>
        <time>2020-06-26T11:43:18.000Z</time>
    </trkpt>
    <trkpt lat="45.652804328128695" lon="15.31529227271676">
        <ele>172.2</ele>
        <time>2020-06-26T11:43:21.000Z</time>
    </trkpt>
    <trkpt lat="45.65293684601784" lon="15.31504014506936">
        <ele>171.0</ele>
        <time>2020-06-26T11:43:24.000Z</time>
    </trkpt>
    <trkpt lat="45.653133150190115" lon="15.31449431553483">
        <ele>169.8</ele>
        <time>2020-06-26T11:43:30.000Z</time>
    </trkpt>
    <trkpt lat="45.65338837914169" lon="15.313735166564584">
        <ele>171.6</ele>
        <time>2020-06-26T11:43:38.000Z</time>
    </trkpt>
    <trkpt lat="45.65353841520846" lon="15.313244238495827">
        <ele>172.2</ele>
        <time>2020-06-26T11:43:44.000Z</time>
    </trkpt>
    <trkpt lat="45.653655" lon="15.312753">
        <ele>169.8</ele>
        <time>2020-06-26T11:43:50.584Z</time>
        <extensions>
        <gpxtpx:TrackPointExtension>
        <gpxtpx:Extensions>
            <surface>asphalt</surface>
        </gpxtpx:Extensions>
        </gpxtpx:TrackPointExtension>
        </extensions>
    </trkpt>
    <trkpt lat="45.65368" lon="15.312674">
        <ele>169.8</ele>
        <time>2020-06-26T11:43:51.684Z</time>
        <extensions>
        <gpxtpx:TrackPointExtension>
        <gpxtpx:Extensions>
            <surface>asphalt</surface>
        </gpxtpx:Extensions>
        </gpxtpx:TrackPointExtension>
        </extensions>
    </trkpt>
    <trkpt lat="45.653751" lon="15.312654">
        <ele>169.5</ele>
        <time>2020-06-26T11:43:52.997Z</time>
    </trkpt>
    <trkpt lat="45.653823" lon="15.312589">
        <ele>169.3</ele>
        <time>2020-06-26T11:43:54.542Z</time>
    </trkpt>
    <trkpt lat="45.653923" lon="15.312475">
        <ele>168.8</ele>
        <time>2020-06-26T11:43:56.863Z</time>
    </trkpt>
    <trkpt lat="45.654012" lon="15.312369">
        <ele>168.3</ele>
        <time>2020-06-26T11:43:58.965Z</time>
    </trkpt>
    <trkpt lat="45.65405" lon="15.312339">
        <ele>168.0</ele>
        <time>2020-06-26T11:43:59.753Z</time>
    </trkpt>
    <trkpt lat="45.654143" lon="15.312269">
        <ele>167.8</ele>
        <time>2020-06-26T11:44:01.661Z</time>
    </trkpt>
    <trkpt lat="45.654273" lon="15.312252">
        <ele>168.3</ele>
        <time>2020-06-26T11:44:04.031Z</time>
    </trkpt>
    <trkpt lat="45.654312" lon="15.312258">
        <ele>168.5</ele>
        <time>2020-06-26T11:44:05.122Z</time>
    </trkpt>
    <trkpt lat="45.65432" lon="15.31226">
        <ele>168.8</ele>
        <time>2020-06-26T11:44:05.347Z</time>
    </trkpt>
    <trkpt lat="45.654459" lon="15.312312">
        <ele>169.8</ele>
        <time>2020-06-26T11:44:09.345Z</time>
    </trkpt>
    <trkpt lat="45.654661" lon="15.312433">
        <ele>171.3</ele>
        <time>2020-06-26T11:44:15.439Z</time>
    </trkpt>
    <trkpt lat="45.654742" lon="15.312528">
        <ele>172.3</ele>
        <time>2020-06-26T11:44:18.353Z</time>
    </trkpt>
    <trkpt lat="45.654833" lon="15.3126">
        <ele>173.5</ele>
        <time>2020-06-26T11:44:21.246Z</time>
    </trkpt>
    <trkpt lat="45.654873" lon="15.312622">
        <ele>174.0</ele>
        <time>2020-06-26T11:44:22.306Z</time>
    </trkpt>
    <trkpt lat="45.6549" lon="15.312637">
        <ele>174.5</ele>
        <time>2020-06-26T11:44:23.022Z</time>
    </trkpt>
    <trkpt lat="45.654992" lon="15.312649">
        <ele>175.5</ele>
        <time>2020-06-26T11:44:25.307Z</time>
    </trkpt>
    <trkpt lat="45.655083" lon="15.312631">
        <ele>175.8</ele>
        <time>2020-06-26T11:44:27.579Z</time>
    </trkpt>
    <trkpt lat="45.655157" lon="15.312601">
        <ele>176.0</ele>
        <time>2020-06-26T11:44:29.481Z</time>
    </trkpt>
    <trkpt lat="45.655258" lon="15.312546">
        <ele>176.3</ele>
        <time>2020-06-26T11:44:32.154Z</time>
    </trkpt>
    <trkpt lat="45.655285" lon="15.312523">
        <ele>176.3</ele>
        <time>2020-06-26T11:44:32.849Z</time>
    </trkpt>
    <trkpt lat="45.655323" lon="15.312492">
        <ele>176.3</ele>
        <time>2020-06-26T11:44:33.817Z</time>
    </trkpt>
    <trkpt lat="45.655502" lon="15.312263">
        <ele>177.3</ele>
        <time>2020-06-26T11:44:39.131Z</time>
    </trkpt>
    <trkpt lat="45.655648" lon="15.312102">
        <ele>178.0</ele>
        <time>2020-06-26T11:44:43.210Z</time>
    </trkpt>
    <trkpt lat="45.655923" lon="15.311847">
        <ele>179.3</ele>
        <time>2020-06-26T11:44:50.462Z</time>
    </trkpt>
    <trkpt lat="45.655992" lon="15.311793">
        <ele>179.5</ele>
        <time>2020-06-26T11:44:52.202Z</time>
    </trkpt>
    <trkpt lat="45.65624" lon="15.311616">
        <ele>179.8</ele>
        <time>2020-06-26T11:44:58.335Z</time>
    </trkpt>
    <trkpt lat="45.656355" lon="15.311535">
        <ele>180.0</ele>
        <time>2020-06-26T11:45:01.171Z</time>
    </trkpt>
    <trkpt lat="45.656537" lon="15.311412">
        <ele>180.3</ele>
        <time>2020-06-26T11:45:05.625Z</time>
    </trkpt>
    <trkpt lat="45.656655" lon="15.311353">
        <ele>180.3</ele>
        <time>2020-06-26T11:45:08.117Z</time>
    </trkpt>
    <trkpt lat="45.656807" lon="15.311277">
        <ele>180.5</ele>
        <time>2020-06-26T11:45:11.328Z</time>
    </trkpt>
    <trkpt lat="45.657205" lon="15.311101">
        <ele>180.5</ele>
        <time>2020-06-26T11:45:19.635Z</time>
    </trkpt>
    <trkpt lat="45.657609" lon="15.310937">
        <ele>180.5</ele>
        <time>2020-06-26T11:45:28.009Z</time>
    </trkpt>
    <trkpt lat="45.657767" lon="15.310908">
        <ele>180.5</ele>
        <time>2020-06-26T11:45:31.185Z</time>
    </trkpt>
    <trkpt lat="45.657827" lon="15.310917">
        <ele>180.5</ele>
        <time>2020-06-26T11:45:32.208Z</time>
    </trkpt>
    <trkpt lat="45.657833" lon="15.310918">
        <ele>180.8</ele>
        <time>2020-06-26T11:45:32.310Z</time>
    </trkpt>
    <trkpt lat="45.658022" lon="15.310994">
        <ele>181.8</ele>
        <time>2020-06-26T11:45:35.639Z</time>
    </trkpt>
    <trkpt lat="45.658341" lon="15.311139">
        <ele>183.8</ele>
        <time>2020-06-26T11:45:41.315Z</time>
    </trkpt>
    <trkpt lat="45.6585" lon="15.311197">
        <ele>185.3</ele>
        <time>2020-06-26T11:45:44.098Z</time>
    </trkpt>
    <trkpt lat="45.658641" lon="15.31123">
        <ele>186.3</ele>
        <time>2020-06-26T11:45:46.521Z</time>
    </trkpt>
    <trkpt lat="45.658667" lon="15.311229">
        <ele>186.3</ele>
        <time>2020-06-26T11:45:46.913Z</time>
    </trkpt>
    <trkpt lat="45.658858" lon="15.311224">
        <ele>187.5</ele>
        <time>2020-06-26T11:45:49.796Z</time>
    </trkpt>
    <trkpt lat="45.659039" lon="15.311191">
        <ele>188.0</ele>
        <time>2020-06-26T11:45:52.550Z</time>
    </trkpt>
    <trkpt lat="45.659129" lon="15.311191">
        <ele>188.5</ele>
        <time>2020-06-26T11:45:53.908Z</time>
    </trkpt>
    <trkpt lat="45.659196" lon="15.311208">
        <ele>188.8</ele>
        <time>2020-06-26T11:45:54.960Z</time>
    </trkpt>
    <trkpt lat="45.659364" lon="15.311337">
        <ele>189.8</ele>
        <time>2020-06-26T11:45:57.909Z</time>
    </trkpt>
    <trkpt lat="45.659566" lon="15.311519">
        <ele>190.0</ele>
        <time>2020-06-26T11:46:01.602Z</time>
    </trkpt>
    <trkpt lat="45.659674" lon="15.311604">
        <ele>190.0</ele>
        <time>2020-06-26T11:46:03.508Z</time>
    </trkpt>
    <trkpt lat="45.659762" lon="15.311667">
        <ele>189.5</ele>
        <time>2020-06-26T11:46:05.030Z</time>
    </trkpt>
    <trkpt lat="45.659885" lon="15.311736">
        <ele>189.3</ele>
        <time>2020-06-26T11:46:07.073Z</time>
    </trkpt>
    <trkpt lat="45.659972" lon="15.311771">
        <ele>189.0</ele>
        <time>2020-06-26T11:46:08.471Z</time>
    </trkpt>
    <trkpt lat="45.660118" lon="15.311784">
        <ele>188.5</ele>
        <time>2020-06-26T11:46:10.734Z</time>
    </trkpt>
    <trkpt lat="45.660169" lon="15.311766">
        <ele>188.0</ele>
        <time>2020-06-26T11:46:11.546Z</time>
    </trkpt>
    <trkpt lat="45.660171" lon="15.311765">
        <ele>187.8</ele>
        <time>2020-06-26T11:46:11.590Z</time>
    </trkpt>
    <trkpt lat="45.660287" lon="15.311713">
        <ele>187.3</ele>
        <time>2020-06-26T11:46:14.163Z</time>
    </trkpt>
    <trkpt lat="45.660368" lon="15.311635">
        <ele>186.5</ele>
        <time>2020-06-26T11:46:16.230Z</time>
    </trkpt>
    <trkpt lat="45.660455" lon="15.311481">
        <ele>186.3</ele>
        <time>2020-06-26T11:46:19.159Z</time>
    </trkpt>
    <trkpt lat="45.660577" lon="15.311211">
        <ele>185.8</ele>
        <time>2020-06-26T11:46:23.916Z</time>
    </trkpt>
    <trkpt lat="45.660769" lon="15.310734">
        <ele>186.0</ele>
        <time>2020-06-26T11:46:32.060Z</time>
    </trkpt>
    <trkpt lat="45.660828" lon="15.31062">
        <ele>187.3</ele>
        <time>2020-06-26T11:46:34.158Z</time>
    </trkpt>
    <trkpt lat="45.660871" lon="15.310554">
        <ele>187.8</ele>
        <time>2020-06-26T11:46:35.493Z</time>
    </trkpt>
    <trkpt lat="45.660935" lon="15.310476">
        <ele>188.5</ele>
        <time>2020-06-26T11:46:37.272Z</time>
    </trkpt>
    <trkpt lat="45.660984" lon="15.310434">
        <ele>188.8</ele>
        <time>2020-06-26T11:46:38.753Z</time>
    </trkpt>
    <trkpt lat="45.661013" lon="15.31041">
        <ele>189.3</ele>
        <time>2020-06-26T11:46:39.621Z</time>
    </trkpt>
    <trkpt lat="45.661138" lon="15.310358">
        <ele>189.8</ele>
        <time>2020-06-26T11:46:42.997Z</time>
    </trkpt>
    <trkpt lat="45.661278" lon="15.310326">
        <ele>189.8</ele>
        <time>2020-06-26T11:46:46.674Z</time>
    </trkpt>
    <trkpt lat="45.661434" lon="15.310277">
        <ele>190.3</ele>
        <time>2020-06-26T11:46:50.816Z</time>
    </trkpt>
    <trkpt lat="45.661816" lon="15.310125">
        <ele>192.3</ele>
        <time>2020-06-26T11:47:01.100Z</time>
    </trkpt>
    <trkpt lat="45.662038" lon="15.309926">
        <ele>195.5</ele>
        <time>2020-06-26T11:47:07.894Z</time>
    </trkpt>
    <trkpt lat="45.662154" lon="15.309867">
        <ele>196.5</ele>
        <time>2020-06-26T11:47:11.087Z</time>
    </trkpt>
    <trkpt lat="45.662274" lon="15.309829">
        <ele>197.3</ele>
        <time>2020-06-26T11:47:14.274Z</time>
    </trkpt>
    <trkpt lat="45.662844" lon="15.309819">
        <ele>201.5</ele>
        <time>2020-06-26T11:47:29.059Z</time>
    </trkpt>
    <trkpt lat="45.662883" lon="15.309823">
        <ele>201.8</ele>
        <time>2020-06-26T11:47:30.073Z</time>
    </trkpt>
    <trkpt lat="45.663262" lon="15.309867">
        <ele>204.8</ele>
        <time>2020-06-26T11:47:39.935Z</time>
    </trkpt>
    <trkpt lat="45.663454" lon="15.309913">
        <ele>208.0</ele>
        <time>2020-06-26T11:47:44.984Z</time>
    </trkpt>
    <trkpt lat="45.663719" lon="15.309977">
        <ele>213.3</ele>
        <time>2020-06-26T11:47:51.954Z</time>
    </trkpt>
    <trkpt lat="45.664092" lon="15.310033">
        <ele>220.8</ele>
        <time>2020-06-26T11:48:01.681Z</time>
    </trkpt>
    <trkpt lat="45.66418" lon="15.310058">
        <ele>222.3</ele>
        <time>2020-06-26T11:48:04.008Z</time>
    </trkpt>
    <trkpt lat="45.664294" lon="15.310111">
        <ele>224.0</ele>
        <time>2020-06-26T11:48:07.117Z</time>
    </trkpt>
    <trkpt lat="45.66436" lon="15.310189">
        <ele>224.0</ele>
        <time>2020-06-26T11:48:09.337Z</time>
    </trkpt>
    <trkpt lat="45.664516" lon="15.31032">
        <ele>225.3</ele>
        <time>2020-06-26T11:48:14.028Z</time>
    </trkpt>
    <trkpt lat="45.664658" lon="15.310412">
        <ele>226.5</ele>
        <time>2020-06-26T11:48:18.071Z</time>
    </trkpt>
    <trkpt lat="45.664887" lon="15.310478">
        <ele>229.5</ele>
        <time>2020-06-26T11:48:24.129Z</time>
    </trkpt>
    <trkpt lat="45.665146" lon="15.310484">
        <ele>232.5</ele>
        <time>2020-06-26T11:48:30.847Z</time>
    </trkpt>
    <trkpt lat="45.665329" lon="15.310503">
        <ele>233.3</ele>
        <time>2020-06-26T11:48:35.605Z</time>
    </trkpt>
    <trkpt lat="45.665474" lon="15.310556">
        <ele>233.5</ele>
        <time>2020-06-26T11:48:40.104Z</time>
    </trkpt>
    <trkpt lat="45.665728" lon="15.310691">
        <ele>233.3</ele>
        <time>2020-06-26T11:48:48.249Z</time>
    </trkpt>
    <trkpt lat="45.665912" lon="15.310833">
        <ele>232.8</ele>
        <time>2020-06-26T11:48:54.533Z</time>
    </trkpt>
    <trkpt lat="45.666113" lon="15.311015">
        <ele>232.8</ele>
        <time>2020-06-26T11:49:01.683Z</time>
    </trkpt>
    <trkpt lat="45.666246" lon="15.311122">
        <ele>232.8</ele>
        <time>2020-06-26T11:49:06.269Z</time>
    </trkpt>
    <trkpt lat="45.666362" lon="15.3112">
        <ele>233.0</ele>
        <time>2020-06-26T11:49:10.122Z</time>
    </trkpt>
    <trkpt lat="45.666474" lon="15.311235">
        <ele>234.0</ele>
        <time>2020-06-26T11:49:13.568Z</time>
    </trkpt>
    <trkpt lat="45.666569" lon="15.311233">
        <ele>234.8</ele>
        <time>2020-06-26T11:49:16.601Z</time>
    </trkpt>
    <trkpt lat="45.666577" lon="15.311233">
        <ele>235.0</ele>
        <time>2020-06-26T11:49:16.856Z</time>
    </trkpt>
    <trkpt lat="45.666711" lon="15.311181">
        <ele>237.0</ele>
        <time>2020-06-26T11:49:21.288Z</time>
    </trkpt>
    <trkpt lat="45.667222" lon="15.310864">
        <ele>244.0</ele>
        <time>2020-06-26T11:49:39.069Z</time>
    </trkpt>
    <trkpt lat="45.667256" lon="15.310844">
        <ele>244.5</ele>
        <time>2020-06-26T11:49:40.242Z</time>
    </trkpt>
    <trkpt lat="45.66738" lon="15.310769">
        <ele>246.3</ele>
        <time>2020-06-26T11:49:44.540Z</time>
    </trkpt>
    <trkpt lat="45.667472" lon="15.310682">
        <ele>248.3</ele>
        <time>2020-06-26T11:49:48.060Z</time>
    </trkpt>
    <trkpt lat="45.667576" lon="15.310535">
        <ele>251.5</ele>
        <time>2020-06-26T11:49:52.727Z</time>
    </trkpt>
    <trkpt lat="45.6677" lon="15.310377">
        <ele>254.8</ele>
        <time>2020-06-26T11:49:58.027Z</time>
    </trkpt>
    <trkpt lat="45.667788" lon="15.310293">
        <ele>256.5</ele>
        <time>2020-06-26T11:50:01.404Z</time>
    </trkpt>
    <trkpt lat="45.667871" lon="15.310248">
        <ele>257.5</ele>
        <time>2020-06-26T11:50:04.237Z</time>
    </trkpt>
    <trkpt lat="45.667905" lon="15.310237">
        <ele>257.8</ele>
        <time>2020-06-26T11:50:05.495Z</time>
    </trkpt>
    <trkpt lat="45.668011" lon="15.310205">
        <ele>258.8</ele>
        <time>2020-06-26T11:50:09.405Z</time>
    </trkpt>
    <trkpt lat="45.668092" lon="15.310203">
        <ele>259.0</ele>
        <time>2020-06-26T11:50:12.329Z</time>
    </trkpt>
    <trkpt lat="45.668444" lon="15.31031">
        <ele>260.3</ele>
        <time>2020-06-26T11:50:25.318Z</time>
    </trkpt>
    <trkpt lat="45.668604" lon="15.310404">
        <ele>261.0</ele>
        <time>2020-06-26T11:50:31.561Z</time>
    </trkpt>
    <trkpt lat="45.668757" lon="15.31051">
        <ele>261.5</ele>
        <time>2020-06-26T11:50:37.696Z</time>
    </trkpt>
    <trkpt lat="45.668816" lon="15.310525">
        <ele>262.0</ele>
        <time>2020-06-26T11:50:39.859Z</time>
    </trkpt>
    <trkpt lat="45.66887" lon="15.310518">
        <ele>262.5</ele>
        <time>2020-06-26T11:50:41.816Z</time>
    </trkpt>
    <trkpt lat="45.668917" lon="15.310498">
        <ele>263.3</ele>
        <time>2020-06-26T11:50:43.585Z</time>
    </trkpt>
    <trkpt lat="45.668947" lon="15.310461">
        <ele>263.8</ele>
        <time>2020-06-26T11:50:44.901Z</time>
    </trkpt>
    <trkpt lat="45.668981" lon="15.310422">
        <ele>264.5</ele>
        <time>2020-06-26T11:50:46.349Z</time>
    </trkpt>
    <trkpt lat="45.669147" lon="15.310173">
        <ele>268.8</ele>
        <time>2020-06-26T11:50:54.340Z</time>
    </trkpt>
    <trkpt lat="45.669507" lon="15.309752">
        <ele>278.0</ele>
        <time>2020-06-26T11:51:09.790Z</time>
    </trkpt>
    <trkpt lat="45.669646" lon="15.309642">
        <ele>280.8</ele>
        <time>2020-06-26T11:51:15.068Z</time>
    </trkpt>
    <trkpt lat="45.669732" lon="15.309615">
        <ele>282.0</ele>
        <time>2020-06-26T11:51:17.993Z</time>
    </trkpt>
    <trkpt lat="45.669798" lon="15.309614">
        <ele>282.5</ele>
        <time>2020-06-26T11:51:20.310Z</time>
    </trkpt>
    <trkpt lat="45.670116" lon="15.30961">
        <ele>285.8</ele>
        <time>2020-06-26T11:51:31.473Z</time>
    </trkpt>
    <trkpt lat="45.670214" lon="15.309637">
        <ele>286.3</ele>
        <time>2020-06-26T11:51:34.976Z</time>
    </trkpt>
    <trkpt lat="45.670478" lon="15.309768">
        <ele>287.5</ele>
        <time>2020-06-26T11:51:44.785Z</time>
    </trkpt>
    <trkpt lat="45.670579" lon="15.309802">
        <ele>288.3</ele>
        <time>2020-06-26T11:51:48.427Z</time>
    </trkpt>
    <trkpt lat="45.670688" lon="15.309814">
        <ele>289.3</ele>
        <time>2020-06-26T11:51:52.264Z</time>
    </trkpt>
    <trkpt lat="45.67077" lon="15.309794">
        <ele>290.3</ele>
        <time>2020-06-26T11:51:55.184Z</time>
    </trkpt>
    <trkpt lat="45.67086" lon="15.309751">
        <ele>291.8</ele>
        <time>2020-06-26T11:51:58.514Z</time>
    </trkpt>
    <trkpt lat="45.670887" lon="15.309726">
        <ele>292.3</ele>
        <time>2020-06-26T11:51:59.442Z</time>
    </trkpt>
    <trkpt lat="45.670947" lon="15.309672">
        <ele>293.8</ele>
        <time>2020-06-26T11:52:01.488Z</time>
    </trkpt>
    <trkpt lat="45.671158" lon="15.309438">
        <ele>298.0</ele>
        <time>2020-06-26T11:52:09.193Z</time>
    </trkpt>
    <trkpt lat="45.67125" lon="15.309304">
        <ele>299.8</ele>
        <time>2020-06-26T11:52:12.982Z</time>
    </trkpt>
    <trkpt lat="45.671454" lon="15.308848">
        <ele>306.3</ele>
        <time>2020-06-26T11:52:23.903Z</time>
    </trkpt>
    <trkpt lat="45.671528" lon="15.308722">
        <ele>308.3</ele>
        <time>2020-06-26T11:52:27.223Z</time>
    </trkpt>
    <trkpt lat="45.671616" lon="15.308609">
        <ele>310.3</ele>
        <time>2020-06-26T11:52:30.636Z</time>
    </trkpt>
    <trkpt lat="45.671741" lon="15.308483">
        <ele>312.8</ele>
        <time>2020-06-26T11:52:34.086Z</time>
    </trkpt>
    <trkpt lat="45.671871" lon="15.308398">
        <ele>314.3</ele>
        <time>2020-06-26T11:52:37.311Z</time>
    </trkpt>
    <trkpt lat="45.672309" lon="15.308184">
        <ele>317.0</ele>
        <time>2020-06-26T11:52:47.756Z</time>
    </trkpt>
    <trkpt lat="45.672342" lon="15.30817">
        <ele>317.3</ele>
        <time>2020-06-26T11:52:48.532Z</time>
    </trkpt>
    <trkpt lat="45.672664" lon="15.308053">
        <ele>318.0</ele>
        <time>2020-06-26T11:52:56.029Z</time>
    </trkpt>
    <trkpt lat="45.672793" lon="15.307998">
        <ele>318.3</ele>
        <time>2020-06-26T11:52:59.066Z</time>
    </trkpt>
    <trkpt lat="45.672858" lon="15.307965">
        <ele>318.5</ele>
        <time>2020-06-26T11:53:00.622Z</time>
    </trkpt>
    <trkpt lat="45.672935" lon="15.307906">
        <ele>318.3</ele>
        <time>2020-06-26T11:53:02.593Z</time>
    </trkpt>
    <trkpt lat="45.673027" lon="15.307813">
        <ele>318.0</ele>
        <time>2020-06-26T11:53:05.135Z</time>
    </trkpt>
    <trkpt lat="45.673137" lon="15.307667">
        <ele>317.0</ele>
        <time>2020-06-26T11:53:07.857Z</time>
    </trkpt>
    <trkpt lat="45.673437" lon="15.307274">
        <ele>314.5</ele>
        <time>2020-06-26T11:53:15.237Z</time>
    </trkpt>
    <trkpt lat="45.674009" lon="15.306552">
        <ele>314.8</ele>
        <time>2020-06-26T11:53:29.076Z</time>
    </trkpt>
    <trkpt lat="45.674322" lon="15.306067">
        <ele>315.8</ele>
        <time>2020-06-26T11:53:37.446Z</time>
    </trkpt>
    <trkpt lat="45.674453" lon="15.305881">
        <ele>316.0</ele>
        <time>2020-06-26T11:53:40.794Z</time>
    </trkpt>
    <trkpt lat="45.674643" lon="15.305672">
        <ele>317.0</ele>
        <time>2020-06-26T11:53:45.142Z</time>
    </trkpt>
    <trkpt lat="45.674763" lon="15.305572">
        <ele>317.5</ele>
        <time>2020-06-26T11:53:47.661Z</time>
    </trkpt>
    <trkpt lat="45.674847" lon="15.305528">
        <ele>317.8</ele>
        <time>2020-06-26T11:53:49.436Z</time>
    </trkpt>
    <trkpt lat="45.674999" lon="15.305481">
        <ele>318.3</ele>
        <time>2020-06-26T11:53:52.523Z</time>
    </trkpt>
    <trkpt lat="45.675359" lon="15.305395">
        <ele>316.5</ele>
        <time>2020-06-26T11:53:59.768Z</time>
    </trkpt>
    <trkpt lat="45.675831" lon="15.305246">
        <ele>313.3</ele>
        <time>2020-06-26T11:54:09.363Z</time>
    </trkpt>
    <trkpt lat="45.675954" lon="15.305173">
        <ele>312.8</ele>
        <time>2020-06-26T11:54:12.006Z</time>
    </trkpt>
    <trkpt lat="45.676059" lon="15.30509">
        <ele>312.5</ele>
        <time>2020-06-26T11:54:14.387Z</time>
    </trkpt>
    <trkpt lat="45.676213" lon="15.304948">
        <ele>311.8</ele>
        <time>2020-06-26T11:54:18.023Z</time>
    </trkpt>
    <trkpt lat="45.676368" lon="15.304851">
        <ele>311.5</ele>
        <time>2020-06-26T11:54:21.381Z</time>
    </trkpt>
    <trkpt lat="45.6765" lon="15.304808">
        <ele>311.8</ele>
        <time>2020-06-26T11:54:24.068Z</time>
    </trkpt>
    <trkpt lat="45.676582" lon="15.304805">
        <ele>312.0</ele>
        <time>2020-06-26T11:54:25.767Z</time>
    </trkpt>
    <trkpt lat="45.676617" lon="15.304805">
        <ele>312.3</ele>
        <time>2020-06-26T11:54:26.491Z</time>
    </trkpt>
    <trkpt lat="45.676715" lon="15.304827">
        <ele>313.3</ele>
        <time>2020-06-26T11:54:28.545Z</time>
    </trkpt>
    <trkpt lat="45.676813" lon="15.304884">
        <ele>314.5</ele>
        <time>2020-06-26T11:54:30.736Z</time>
    </trkpt>
    <trkpt lat="45.677078" lon="15.305215">
        <ele>318.8</ele>
        <time>2020-06-26T11:54:38.021Z</time>
    </trkpt>
    <trkpt lat="45.677205" lon="15.305339">
        <ele>320.3</ele>
        <time>2020-06-26T11:54:41.205Z</time>
    </trkpt>
    <trkpt lat="45.677437" lon="15.305519">
        <ele>322.5</ele>
        <time>2020-06-26T11:54:45.346Z</time>
    </trkpt>
    <trkpt lat="45.677489" lon="15.305529">
        <ele>322.8</ele>
        <time>2020-06-26T11:54:46.169Z</time>
    </trkpt>
    <trkpt lat="45.677542" lon="15.30553">
        <ele>323.0</ele>
        <time>2020-06-26T11:54:47.000Z</time>
    </trkpt>
    <trkpt lat="45.678424" lon="15.30528">
        <ele>323.0</ele>
        <time>2020-06-26T11:55:01.111Z</time>
    </trkpt>
    <trkpt lat="45.678548" lon="15.305236">
        <ele>322.0</ele>
        <time>2020-06-26T11:55:03.116Z</time>
    </trkpt>
    <trkpt lat="45.678563" lon="15.305227">
        <ele>321.8</ele>
        <time>2020-06-26T11:55:03.371Z</time>
    </trkpt>
    <trkpt lat="45.678645" lon="15.305181">
        <ele>321.0</ele>
        <time>2020-06-26T11:55:04.753Z</time>
    </trkpt>
    <trkpt lat="45.678928" lon="15.304903">
        <ele>319.3</ele>
        <time>2020-06-26T11:55:10.140Z</time>
    </trkpt>
    <trkpt lat="45.678946" lon="15.304889">
        <ele>319.0</ele>
        <time>2020-06-26T11:55:10.461Z</time>
    </trkpt>
    <trkpt lat="45.679035" lon="15.304838">
        <ele>318.5</ele>
        <time>2020-06-26T11:55:11.965Z</time>
    </trkpt>
    <trkpt lat="45.679173" lon="15.304789">
        <ele>318.0</ele>
        <time>2020-06-26T11:55:14.196Z</time>
    </trkpt>
    <trkpt lat="45.679302" lon="15.304762">
        <ele>317.8</ele>
        <time>2020-06-26T11:55:16.242Z</time>
    </trkpt>
    <trkpt lat="45.679403" lon="15.304757">
        <ele>317.8</ele>
        <time>2020-06-26T11:55:17.828Z</time>
    </trkpt>
    <trkpt lat="45.679547" lon="15.304725">
        <ele>317.8</ele>
        <time>2020-06-26T11:55:20.115Z</time>
    </trkpt>
    <trkpt lat="45.679652" lon="15.304666">
        <ele>318.0</ele>
        <time>2020-06-26T11:55:21.885Z</time>
    </trkpt>
    <trkpt lat="45.67986" lon="15.304519">
        <ele>318.3</ele>
        <time>2020-06-26T11:55:25.525Z</time>
    </trkpt>
    <trkpt lat="45.679952" lon="15.304455">
        <ele>318.5</ele>
        <time>2020-06-26T11:55:27.130Z</time>
    </trkpt>
    <trkpt lat="45.680056" lon="15.304409">
        <ele>319.3</ele>
        <time>2020-06-26T11:55:28.838Z</time>
    </trkpt>
    <trkpt lat="45.680281" lon="15.304335">
        <ele>321.3</ele>
        <time>2020-06-26T11:55:32.461Z</time>
    </trkpt>
    <trkpt lat="45.680364" lon="15.304282">
        <ele>322.3</ele>
        <time>2020-06-26T11:55:33.887Z</time>
    </trkpt>
    <trkpt lat="45.680403" lon="15.304196">
        <ele>323.0</ele>
        <time>2020-06-26T11:55:35.011Z</time>
    </trkpt>
    <trkpt lat="45.68043" lon="15.304095">
        <ele>323.5</ele>
        <time>2020-06-26T11:55:36.714Z</time>
    </trkpt>
    <trkpt lat="45.680458" lon="15.303901">
        <ele>324.3</ele>
        <time>2020-06-26T11:55:39.834Z</time>
    </trkpt>
    <trkpt lat="45.680515" lon="15.303665">
        <ele>325.0</ele>
        <time>2020-06-26T11:55:43.767Z</time>
    </trkpt>
    <trkpt lat="45.680555" lon="15.303671">
        <ele>325.0</ele>
        <time>2020-06-26T11:55:44.673Z</time>
    </trkpt>
    <trkpt lat="45.68063" lon="15.303682">
        <ele>325.5</ele>
        <time>2020-06-26T11:55:46.372Z</time>
    </trkpt>
    <trkpt lat="45.680685" lon="15.303726">
        <ele>326.0</ele>
        <time>2020-06-26T11:55:47.792Z</time>
    </trkpt>
    <trkpt lat="45.680726" lon="15.303797">
        <ele>326.3</ele>
        <time>2020-06-26T11:55:49.242Z</time>
    </trkpt>
    <trkpt lat="45.680793" lon="15.303969">
        <ele>326.5</ele>
        <time>2020-06-26T11:55:52.343Z</time>
    </trkpt>
    <trkpt lat="45.680869" lon="15.304185">
        <ele>327.3</ele>
        <time>2020-06-26T11:55:56.152Z</time>
    </trkpt>
    <trkpt lat="45.680891" lon="15.304214">
        <ele>327.3</ele>
        <time>2020-06-26T11:55:56.953Z</time>
    </trkpt>
    <trkpt lat="45.680926" lon="15.304261">
        <ele>327.3</ele>
        <time>2020-06-26T11:55:58.239Z</time>
    </trkpt>
    <trkpt lat="45.680989" lon="15.304317">
        <ele>327.8</ele>
        <time>2020-06-26T11:56:00.226Z</time>
    </trkpt>
    <trkpt lat="45.681072" lon="15.30436">
        <ele>328.3</ele>
        <time>2020-06-26T11:56:02.591Z</time>
    </trkpt>
    <trkpt lat="45.681122" lon="15.304372">
        <ele>328.8</ele>
        <time>2020-06-26T11:56:03.949Z</time>
    </trkpt>
    <trkpt lat="45.681166" lon="15.304383">
        <ele>329.3</ele>
        <time>2020-06-26T11:56:05.146Z</time>
    </trkpt>
    <trkpt lat="45.681277" lon="15.304382">
        <ele>330.3</ele>
        <time>2020-06-26T11:56:07.490Z</time>
    </trkpt>
    <trkpt lat="45.681371" lon="15.304362">
        <ele>331.5</ele>
        <time>2020-06-26T11:56:09.496Z</time>
    </trkpt>
    <trkpt lat="45.681504" lon="15.304322">
        <ele>333.0</ele>
        <time>2020-06-26T11:56:11.841Z</time>
    </trkpt>
    <trkpt lat="45.681685" lon="15.304269">
        <ele>335.3</ele>
        <time>2020-06-26T11:56:15.029Z</time>
    </trkpt>
    <trkpt lat="45.681739" lon="15.304226">
        <ele>335.5</ele>
        <time>2020-06-26T11:56:16.095Z</time>
    </trkpt>
    <trkpt lat="45.68185" lon="15.304117">
        <ele>335.5</ele>
        <time>2020-06-26T11:56:18.418Z</time>
    </trkpt>
    <trkpt lat="45.681968" lon="15.303964">
        <ele>335.5</ele>
        <time>2020-06-26T11:56:21.165Z</time>
    </trkpt>
    <trkpt lat="45.682054" lon="15.303919">
        <ele>335.5</ele>
        <time>2020-06-26T11:56:22.745Z</time>
    </trkpt>
    <trkpt lat="45.682259" lon="15.30386">
        <ele>335.3</ele>
        <time>2020-06-26T11:56:26.353Z</time>
    </trkpt>
    <trkpt lat="45.682302" lon="15.303899">
        <ele>335.3</ele>
        <time>2020-06-26T11:56:27.231Z</time>
    </trkpt>
    <trkpt lat="45.682417" lon="15.304006">
        <ele>335.3</ele>
        <time>2020-06-26T11:56:29.598Z</time>
    </trkpt>
    <trkpt lat="45.682518" lon="15.304124">
        <ele>334.8</ele>
        <time>2020-06-26T11:56:31.847Z</time>
    </trkpt>
    <trkpt lat="45.682804" lon="15.3045">
        <ele>332.3</ele>
        <time>2020-06-26T11:56:38.548Z</time>
    </trkpt>
    <trkpt lat="45.682849" lon="15.304546">
        <ele>331.8</ele>
        <time>2020-06-26T11:56:39.124Z</time>
    </trkpt>
    <trkpt lat="45.682859" lon="15.304557">
        <ele>331.8</ele>
        <time>2020-06-26T11:56:39.255Z</time>
    </trkpt>
    <trkpt lat="45.682961" lon="15.304588">
        <ele>330.8</ele>
        <time>2020-06-26T11:56:40.342Z</time>
    </trkpt>
    <trkpt lat="45.682986" lon="15.304586">
        <ele>330.5</ele>
        <time>2020-06-26T11:56:40.603Z</time>
    </trkpt>
    <trkpt lat="45.683079" lon="15.30458">
        <ele>329.8</ele>
        <time>2020-06-26T11:56:41.573Z</time>
    </trkpt>
    <trkpt lat="45.683208" lon="15.304526">
        <ele>328.5</ele>
        <time>2020-06-26T11:56:42.974Z</time>
    </trkpt>
    <trkpt lat="45.68326" lon="15.304475">
        <ele>328.0</ele>
        <time>2020-06-26T11:56:43.631Z</time>
    </trkpt>
    <trkpt lat="45.683304" lon="15.304433">
        <ele>327.8</ele>
        <time>2020-06-26T11:56:44.182Z</time>
    </trkpt>
    <trkpt lat="45.683381" lon="15.304256">
        <ele>327.3</ele>
        <time>2020-06-26T11:56:45.701Z</time>
    </trkpt>
    <trkpt lat="45.68339" lon="15.304224">
        <ele>327.0</ele>
        <time>2020-06-26T11:56:45.888Z</time>
    </trkpt>
    <trkpt lat="45.683515" lon="15.303784">
        <ele>324.8</ele>
        <time>2020-06-26T11:56:48.475Z</time>
    </trkpt>
    <trkpt lat="45.683527" lon="15.303744">
        <ele>324.8</ele>
        <time>2020-06-26T11:56:48.712Z</time>
    </trkpt>
    <trkpt lat="45.683609" lon="15.303349">
        <ele>323.0</ele>
        <time>2020-06-26T11:56:50.956Z</time>
    </trkpt>
    <trkpt lat="45.683857" lon="15.302399">
        <ele>318.0</ele>
        <time>2020-06-26T11:56:56.479Z</time>
    </trkpt>
    <trkpt lat="45.684066" lon="15.301476">
        <ele>315.8</ele>
        <time>2020-06-26T11:57:01.763Z</time>
    </trkpt>
    <trkpt lat="45.684121" lon="15.301286">
        <ele>315.0</ele>
        <time>2020-06-26T11:57:02.883Z</time>
    </trkpt>
    <trkpt lat="45.684157" lon="15.301197">
        <ele>314.5</ele>
        <time>2020-06-26T11:57:03.443Z</time>
    </trkpt>
    <trkpt lat="45.684206" lon="15.301113">
        <ele>314.0</ele>
        <time>2020-06-26T11:57:04.153Z</time>
    </trkpt>
    <trkpt lat="45.684241" lon="15.301056">
        <ele>313.8</ele>
        <time>2020-06-26T11:57:04.645Z</time>
    </trkpt>
    <trkpt lat="45.684355" lon="15.300884">
        <ele>312.3</ele>
        <time>2020-06-26T11:57:06.184Z</time>
    </trkpt>
    <trkpt lat="45.684471" lon="15.30071">
        <ele>311.0</ele>
        <time>2020-06-26T11:57:07.746Z</time>
    </trkpt>
    <trkpt lat="45.684556" lon="15.300584">
        <ele>310.3</ele>
        <time>2020-06-26T11:57:08.883Z</time>
    </trkpt>
    <trkpt lat="45.684607" lon="15.300476">
        <ele>309.5</ele>
        <time>2020-06-26T11:57:10.019Z</time>
    </trkpt>
    <trkpt lat="45.684623" lon="15.300385">
        <ele>309.0</ele>
        <time>2020-06-26T11:57:10.836Z</time>
    </trkpt>
    <trkpt lat="45.684619" lon="15.300154">
        <ele>308.3</ele>
        <time>2020-06-26T11:57:12.849Z</time>
    </trkpt>
    <trkpt lat="45.684612" lon="15.299721">
        <ele>307.5</ele>
        <time>2020-06-26T11:57:16.623Z</time>
    </trkpt>
    <trkpt lat="45.684587" lon="15.299063">
        <ele>307.3</ele>
        <time>2020-06-26T11:57:22.366Z</time>
    </trkpt>
    <trkpt lat="45.684556" lon="15.298475">
        <ele>307.3</ele>
        <time>2020-06-26T11:57:27.505Z</time>
    </trkpt>
    <trkpt lat="45.68456" lon="15.298355">
        <ele>307.3</ele>
        <time>2020-06-26T11:57:28.552Z</time>
    </trkpt>
    <trkpt lat="45.684575" lon="15.29825">
        <ele>307.3</ele>
        <time>2020-06-26T11:57:29.486Z</time>
    </trkpt>
    <trkpt lat="45.68458" lon="15.298226">
        <ele>307.3</ele>
        <time>2020-06-26T11:57:29.878Z</time>
    </trkpt>
    <trkpt lat="45.684667" lon="15.297864">
        <ele>307.8</ele>
        <time>2020-06-26T11:57:35.883Z</time>
    </trkpt>
    <trkpt lat="45.6847" lon="15.297686">
        <ele>308.0</ele>
        <time>2020-06-26T11:57:38.772Z</time>
    </trkpt>
    <trkpt lat="45.684734" lon="15.297452">
        <ele>308.3</ele>
        <time>2020-06-26T11:57:42.521Z</time>
    </trkpt>
    <trkpt lat="45.684736" lon="15.297443">
        <ele>308.5</ele>
        <time>2020-06-26T11:57:42.669Z</time>
    </trkpt>
    <trkpt lat="45.684756" lon="15.297238">
        <ele>309.0</ele>
        <time>2020-06-26T11:57:45.916Z</time>
    </trkpt>
    <trkpt lat="45.684753" lon="15.296612">
        <ele>310.5</ele>
        <time>2020-06-26T11:57:55.736Z</time>
    </trkpt>
    <trkpt lat="45.68478" lon="15.295972">
        <ele>313.3</ele>
        <time>2020-06-26T11:58:05.794Z</time>
    </trkpt>
    <trkpt lat="45.684785" lon="15.295683">
        <ele>314.5</ele>
        <time>2020-06-26T11:58:10.329Z</time>
    </trkpt>
    <trkpt lat="45.684779" lon="15.295546">
        <ele>315.3</ele>
        <time>2020-06-26T11:58:12.482Z</time>
    </trkpt>
    <trkpt lat="45.684759" lon="15.295409">
        <ele>315.5</ele>
        <time>2020-06-26T11:58:13.863Z</time>
    </trkpt>
    <trkpt lat="45.684747" lon="15.295324">
        <ele>315.8</ele>
        <time>2020-06-26T11:58:14.716Z</time>
    </trkpt>
    <trkpt lat="45.684725" lon="15.295241">
        <ele>315.8</ele>
        <time>2020-06-26T11:58:15.589Z</time>
    </trkpt>
    <trkpt lat="45.684518" lon="15.29461">
        <ele>316.3</ele>
        <time>2020-06-26T11:58:22.449Z</time>
    </trkpt>
    <trkpt lat="45.68438" lon="15.29413">
        <ele>317.3</ele>
        <time>2020-06-26T11:58:27.557Z</time>
    </trkpt>
    <trkpt lat="45.684124" lon="15.293341">
        <ele>318.3</ele>
        <time>2020-06-26T11:58:36.119Z</time>
    </trkpt>
    <trkpt lat="45.684085" lon="15.293129">
        <ele>317.8</ele>
        <time>2020-06-26T11:58:38.276Z</time>
    </trkpt>
    <trkpt lat="45.684059" lon="15.292871">
        <ele>317.0</ele>
        <time>2020-06-26T11:58:40.841Z</time>
    </trkpt>
    <trkpt lat="45.68406" lon="15.292804">
        <ele>317.0</ele>
        <time>2020-06-26T11:58:41.500Z</time>
    </trkpt>
    <trkpt lat="45.684077" lon="15.29275">
        <ele>317.3</ele>
        <time>2020-06-26T11:58:42.082Z</time>
    </trkpt>
    <trkpt lat="45.684106" lon="15.292711">
        <ele>317.5</ele>
        <time>2020-06-26T11:58:42.642Z</time>
    </trkpt>
    <trkpt lat="45.684077" lon="15.292637">
        <ele>316.8</ele>
        <time>2020-06-26T11:58:43.477Z</time>
    </trkpt>
    <trkpt lat="45.684064" lon="15.292603">
        <ele>316.8</ele>
        <time>2020-06-26T11:58:43.858Z</time>
    </trkpt>
    <trkpt lat="45.684041" lon="15.292545">
        <ele>316.5</ele>
        <time>2020-06-26T11:58:44.514Z</time>
    </trkpt>
    <trkpt lat="45.683409" lon="15.290968">
        <ele>312.5</ele>
        <time>2020-06-26T11:59:02.407Z</time>
    </trkpt>
    <trkpt lat="45.683296" lon="15.290671">
        <ele>311.5</ele>
        <time>2020-06-26T11:59:05.735Z</time>
    </trkpt>
    <trkpt lat="45.683179" lon="15.290389">
        <ele>310.5</ele>
        <time>2020-06-26T11:59:08.963Z</time>
    </trkpt>
    <trkpt lat="45.68288" lon="15.289759">
        <ele>309.5</ele>
        <time>2020-06-26T11:59:16.459Z</time>
    </trkpt>
    <trkpt lat="45.68255" lon="15.289109">
        <ele>311.5</ele>
        <time>2020-06-26T11:59:24.367Z</time>
    </trkpt>
    <trkpt lat="45.682342" lon="15.2887">
        <ele>312.8</ele>
        <time>2020-06-26T11:59:29.346Z</time>
    </trkpt>
    <trkpt lat="45.682285" lon="15.288569">
        <ele>313.3</ele>
        <time>2020-06-26T11:59:30.864Z</time>
    </trkpt>
    <trkpt lat="45.682237" lon="15.288428">
        <ele>313.5</ele>
        <time>2020-06-26T11:59:32.407Z</time>
    </trkpt>
    <trkpt lat="45.682116" lon="15.288011">
        <ele>313.5</ele>
        <time>2020-06-26T11:59:36.851Z</time>
    </trkpt>
    <trkpt lat="45.68211" lon="15.287945">
        <ele>313.5</ele>
        <time>2020-06-26T11:59:37.506Z</time>
    </trkpt>
    <trkpt lat="45.68211" lon="15.287883">
        <ele>313.5</ele>
        <time>2020-06-26T11:59:38.115Z</time>
    </trkpt>
    <trkpt lat="45.68212" lon="15.287813">
        <ele>313.8</ele>
        <time>2020-06-26T11:59:38.817Z</time>
    </trkpt>
    <trkpt lat="45.682127" lon="15.287787">
        <ele>313.8</ele>
        <time>2020-06-26T11:59:39.039Z</time>
    </trkpt>
    <trkpt lat="45.682166" lon="15.287647">
        <ele>314.3</ele>
        <time>2020-06-26T11:59:40.243Z</time>
    </trkpt>
    <trkpt lat="45.682238" lon="15.287328">
        <ele>314.8</ele>
        <time>2020-06-26T11:59:42.922Z</time>
    </trkpt>
    <trkpt lat="45.682265" lon="15.287103">
        <ele>314.5</ele>
        <time>2020-06-26T11:59:44.746Z</time>
    </trkpt>
    <trkpt lat="45.68226" lon="15.28699">
        <ele>314.3</ele>
        <time>2020-06-26T11:59:45.667Z</time>
    </trkpt>
    <trkpt lat="45.682251" lon="15.286919">
        <ele>314.0</ele>
        <time>2020-06-26T11:59:46.254Z</time>
    </trkpt>
    <trkpt lat="45.682214" lon="15.286827">
        <ele>313.5</ele>
        <time>2020-06-26T11:59:47.118Z</time>
    </trkpt>
    <trkpt lat="45.682105" lon="15.286647">
        <ele>311.5</ele>
        <time>2020-06-26T11:59:49.056Z</time>
    </trkpt>
    <trkpt lat="45.682058" lon="15.286529">
        <ele>310.5</ele>
        <time>2020-06-26T11:59:50.161Z</time>
    </trkpt>
    <trkpt lat="45.681983" lon="15.286292">
        <ele>308.8</ele>
        <time>2020-06-26T11:59:52.278Z</time>
    </trkpt>
    <trkpt lat="45.681936" lon="15.286199">
        <ele>307.5</ele>
        <time>2020-06-26T11:59:53.212Z</time>
    </trkpt>
    <trkpt lat="45.681906" lon="15.286043">
        <ele>306.3</ele>
        <time>2020-06-26T11:59:54.529Z</time>
    </trkpt>
    <trkpt lat="45.681923" lon="15.285879">
        <ele>306.3</ele>
        <time>2020-06-26T11:59:55.878Z</time>
    </trkpt>
    <trkpt lat="45.68194" lon="15.285719">
        <ele>306.3</ele>
        <time>2020-06-26T11:59:57.195Z</time>
    </trkpt>
    <trkpt lat="45.681956" lon="15.285497">
        <ele>307.0</ele>
        <time>2020-06-26T11:59:59.011Z</time>
    </trkpt>
    <trkpt lat="45.681949" lon="15.285303">
        <ele>307.3</ele>
        <time>2020-06-26T12:00:00.592Z</time>
    </trkpt>
    <trkpt lat="45.681912" lon="15.284796">
        <ele>307.0</ele>
        <time>2020-06-26T12:00:04.741Z</time>
    </trkpt>
    <trkpt lat="45.681892" lon="15.28467">
        <ele>306.5</ele>
        <time>2020-06-26T12:00:05.792Z</time>
    </trkpt>
    <trkpt lat="45.68182" lon="15.284337">
        <ele>305.3</ele>
        <time>2020-06-26T12:00:08.629Z</time>
    </trkpt>
    <trkpt lat="45.681792" lon="15.284166">
        <ele>304.8</ele>
        <time>2020-06-26T12:00:10.058Z</time>
    </trkpt>
    <trkpt lat="45.681738" lon="15.283748">
        <ele>302.5</ele>
        <time>2020-06-26T12:00:13.518Z</time>
    </trkpt>
    <trkpt lat="45.681721" lon="15.283396">
        <ele>301.0</ele>
        <time>2020-06-26T12:00:16.390Z</time>
    </trkpt>
    <trkpt lat="45.681716" lon="15.283065">
        <ele>300.3</ele>
        <time>2020-06-26T12:00:19.084Z</time>
    </trkpt>
    <trkpt lat="45.681708" lon="15.282932">
        <ele>299.8</ele>
        <time>2020-06-26T12:00:20.170Z</time>
    </trkpt>
    <trkpt lat="45.681692" lon="15.282851">
        <ele>299.3</ele>
        <time>2020-06-26T12:00:20.855Z</time>
    </trkpt>
    <trkpt lat="45.681653" lon="15.282763">
        <ele>298.3</ele>
        <time>2020-06-26T12:00:21.703Z</time>
    </trkpt>
    <trkpt lat="45.681564" lon="15.282614">
        <ele>296.3</ele>
        <time>2020-06-26T12:00:23.298Z</time>
    </trkpt>
    <trkpt lat="45.681591" lon="15.282458">
        <ele>296.8</ele>
        <time>2020-06-26T12:00:24.606Z</time>
        <extensions>
        <gpxtpx:TrackPointExtension>
        <gpxtpx:Extensions>
            <surface>asphalt</surface>
        </gpxtpx:Extensions>
        </gpxtpx:TrackPointExtension>
        </extensions>
    </trkpt>
    <trkpt lat="45.681656" lon="15.282158">
        <ele>297.8</ele>
        <time>2020-06-26T12:00:27.162Z</time>
        <extensions>
        <gpxtpx:TrackPointExtension>
        <gpxtpx:Extensions>
            <surface>asphalt</surface>
        </gpxtpx:Extensions>
        </gpxtpx:TrackPointExtension>
        </extensions>
    </trkpt>
    <trkpt lat="45.6817" lon="15.282">
        <ele>298.5</ele>
        <time>2020-06-26T12:00:28.546Z</time>
        <extensions>
        <gpxtpx:TrackPointExtension>
        <gpxtpx:Extensions>
            <surface>asphalt</surface>
        </gpxtpx:Extensions>
        </gpxtpx:TrackPointExtension>
        </extensions>
    </trkpt>
    <trkpt lat="45.681817" lon="15.281733">
        <ele>300.5</ele>
        <time>2020-06-26T12:00:32.683Z</time>
        <extensions>
        <gpxtpx:TrackPointExtension>
        <gpxtpx:Extensions>
            <surface>asphalt</surface>
        </gpxtpx:Extensions>
        </gpxtpx:TrackPointExtension>
        </extensions>
    </trkpt>
    <trkpt lat="45.68187" lon="15.281649">
        <ele>301.3</ele>
        <time>2020-06-26T12:00:34.417Z</time>
        <extensions>
        <gpxtpx:TrackPointExtension>
        <gpxtpx:Extensions>
            <surface>asphalt</surface>
        </gpxtpx:Extensions>
        </gpxtpx:TrackPointExtension>
        </extensions>
    </trkpt>
    <trkpt lat="45.681898" lon="15.281607">
        <ele>301.8</ele>
        <time>2020-06-26T12:00:35.306Z</time>
        <extensions>
        <gpxtpx:TrackPointExtension>
        <gpxtpx:Extensions>
            <surface>asphalt</surface>
        </gpxtpx:Extensions>
        </gpxtpx:TrackPointExtension>
        </extensions>
    </trkpt>
    <trkpt lat="45.682194" lon="15.281267">
        <ele>306.0</ele>
        <time>2020-06-26T12:00:43.629Z</time>
        <extensions>
        <gpxtpx:TrackPointExtension>
        <gpxtpx:Extensions>
            <surface>asphalt</surface>
        </gpxtpx:Extensions>
        </gpxtpx:TrackPointExtension>
        </extensions>
    </trkpt>
    <trkpt lat="45.682369" lon="15.281081">
        <ele>308.5</ele>
        <time>2020-06-26T12:00:48.409Z</time>
        <extensions>
        <gpxtpx:TrackPointExtension>
        <gpxtpx:Extensions>
            <surface>asphalt</surface>
        </gpxtpx:Extensions>
        </gpxtpx:TrackPointExtension>
        </extensions>
    </trkpt>
    <trkpt lat="45.682523" lon="15.280937">
        <ele>310.0</ele>
        <time>2020-06-26T12:00:52.443Z</time>
        <extensions>
        <gpxtpx:TrackPointExtension>
        <gpxtpx:Extensions>
            <surface>asphalt</surface>
        </gpxtpx:Extensions>
        </gpxtpx:TrackPointExtension>
        </extensions>
    </trkpt>
    <trkpt lat="45.682527" lon="15.280934">
        <ele>310.3</ele>
        <time>2020-06-26T12:00:52.542Z</time>
        <extensions>
        <gpxtpx:TrackPointExtension>
        <gpxtpx:Extensions>
            <surface>asphalt</surface>
        </gpxtpx:Extensions>
        </gpxtpx:TrackPointExtension>
        </extensions>
    </trkpt>
    <trkpt lat="45.68262" lon="15.280865">
        <ele>311.0</ele>
        <time>2020-06-26T12:00:54.839Z</time>
        <extensions>
        <gpxtpx:TrackPointExtension>
        <gpxtpx:Extensions>
            <surface>asphalt</surface>
        </gpxtpx:Extensions>
        </gpxtpx:TrackPointExtension>
        </extensions>
    </trkpt>
    <trkpt lat="45.682899" lon="15.280675">
        <ele>313.0</ele>
        <time>2020-06-26T12:01:01.615Z</time>
        <extensions>
        <gpxtpx:TrackPointExtension>
        <gpxtpx:Extensions>
            <surface>asphalt</surface>
        </gpxtpx:Extensions>
        </gpxtpx:TrackPointExtension>
        </extensions>
    </trkpt>
    <trkpt lat="45.683403" lon="15.280418">
        <ele>316.8</ele>
        <time>2020-06-26T12:01:13.349Z</time>
        <extensions>
        <gpxtpx:TrackPointExtension>
        <gpxtpx:Extensions>
            <surface>asphalt</surface>
        </gpxtpx:Extensions>
        </gpxtpx:TrackPointExtension>
        </extensions>
    </trkpt>
    <trkpt lat="45.683519" lon="15.280349">
        <ele>317.0</ele>
        <time>2020-06-26T12:01:16.104Z</time>
        <extensions>
        <gpxtpx:TrackPointExtension>
        <gpxtpx:Extensions>
            <surface>asphalt</surface>
        </gpxtpx:Extensions>
        </gpxtpx:TrackPointExtension>
        </extensions>
    </trkpt>
    <trkpt lat="45.683621" lon="15.28027">
        <ele>317.5</ele>
        <time>2020-06-26T12:01:18.465Z</time>
        <extensions>
        <gpxtpx:TrackPointExtension>
        <gpxtpx:Extensions>
            <surface>asphalt</surface>
        </gpxtpx:Extensions>
        </gpxtpx:TrackPointExtension>
        </extensions>
    </trkpt>
    <trkpt lat="45.683728" lon="15.280138">
        <ele>317.8</ele>
        <time>2020-06-26T12:01:21.341Z</time>
        <extensions>
        <gpxtpx:TrackPointExtension>
        <gpxtpx:Extensions>
            <surface>asphalt</surface>
        </gpxtpx:Extensions>
        </gpxtpx:TrackPointExtension>
        </extensions>
    </trkpt>
    <trkpt lat="45.683814" lon="15.279992">
        <ele>318.3</ele>
        <time>2020-06-26T12:01:24.057Z</time>
        <extensions>
        <gpxtpx:TrackPointExtension>
        <gpxtpx:Extensions>
            <surface>asphalt</surface>
        </gpxtpx:Extensions>
        </gpxtpx:TrackPointExtension>
        </extensions>
    </trkpt>
    <trkpt lat="45.68383" lon="15.279952">
        <ele>318.3</ele>
        <time>2020-06-26T12:01:24.621Z</time>
        <extensions>
        <gpxtpx:TrackPointExtension>
        <gpxtpx:Extensions>
            <surface>asphalt</surface>
        </gpxtpx:Extensions>
        </gpxtpx:TrackPointExtension>
        </extensions>
    </trkpt>
    <trkpt lat="45.683877" lon="15.279842">
        <ele>318.5</ele>
        <time>2020-06-26T12:01:26.201Z</time>
        <extensions>
        <gpxtpx:TrackPointExtension>
        <gpxtpx:Extensions>
            <surface>asphalt</surface>
        </gpxtpx:Extensions>
        </gpxtpx:TrackPointExtension>
        </extensions>
    </trkpt>
    <trkpt lat="45.684114" lon="15.278989">
        <ele>320.8</ele>
        <time>2020-06-26T12:01:37.452Z</time>
        <extensions>
        <gpxtpx:TrackPointExtension>
        <gpxtpx:Extensions>
            <surface>asphalt</surface>
        </gpxtpx:Extensions>
        </gpxtpx:TrackPointExtension>
        </extensions>
    </trkpt>
    <trkpt lat="45.684161" lon="15.27882">
        <ele>322.0</ele>
        <time>2020-06-26T12:01:39.681Z</time>
        <extensions>
        <gpxtpx:TrackPointExtension>
        <gpxtpx:Extensions>
            <surface>asphalt</surface>
        </gpxtpx:Extensions>
        </gpxtpx:TrackPointExtension>
        </extensions>
    </trkpt>
    <trkpt lat="45.684294" lon="15.278143">
        <ele>324.8</ele>
        <time>2020-06-26T12:01:48.300Z</time>
        <extensions>
        <gpxtpx:TrackPointExtension>
        <gpxtpx:Extensions>
            <surface>asphalt</surface>
        </gpxtpx:Extensions>
        </gpxtpx:TrackPointExtension>
        </extensions>
    </trkpt>
    <trkpt lat="45.684349" lon="15.278006">
        <ele>325.3</ele>
        <time>2020-06-26T12:01:50.236Z</time>
        <extensions>
        <gpxtpx:TrackPointExtension>
        <gpxtpx:Extensions>
            <surface>asphalt</surface>
        </gpxtpx:Extensions>
        </gpxtpx:TrackPointExtension>
        </extensions>
    </trkpt>
    <trkpt lat="45.684432" lon="15.277876">
        <ele>325.0</ele>
        <time>2020-06-26T12:01:52.394Z</time>
        <extensions>
        <gpxtpx:TrackPointExtension>
        <gpxtpx:Extensions>
            <surface>asphalt</surface>
        </gpxtpx:Extensions>
        </gpxtpx:TrackPointExtension>
        </extensions>
    </trkpt>
    <trkpt lat="45.684543" lon="15.277763">
        <ele>324.0</ele>
        <time>2020-06-26T12:01:54.783Z</time>
        <extensions>
        <gpxtpx:TrackPointExtension>
        <gpxtpx:Extensions>
            <surface>asphalt</surface>
        </gpxtpx:Extensions>
        </gpxtpx:TrackPointExtension>
        </extensions>
    </trkpt>
    <trkpt lat="45.684641" lon="15.277651">
        <ele>323.3</ele>
        <time>2020-06-26T12:01:56.983Z</time>
        <extensions>
        <gpxtpx:TrackPointExtension>
        <gpxtpx:Extensions>
            <surface>asphalt</surface>
        </gpxtpx:Extensions>
        </gpxtpx:TrackPointExtension>
        </extensions>
    </trkpt>
    <trkpt lat="45.68472" lon="15.277545">
        <ele>322.5</ele>
        <time>2020-06-26T12:01:58.882Z</time>
        <extensions>
        <gpxtpx:TrackPointExtension>
        <gpxtpx:Extensions>
            <surface>asphalt</surface>
        </gpxtpx:Extensions>
        </gpxtpx:TrackPointExtension>
        </extensions>
    </trkpt>
    <trkpt lat="45.684802" lon="15.277407">
        <ele>321.0</ele>
        <time>2020-06-26T12:02:00.843Z</time>
        <extensions>
        <gpxtpx:TrackPointExtension>
        <gpxtpx:Extensions>
            <surface>asphalt</surface>
        </gpxtpx:Extensions>
        </gpxtpx:TrackPointExtension>
        </extensions>
    </trkpt>
    <trkpt lat="45.684925" lon="15.277134">
        <ele>318.5</ele>
        <time>2020-06-26T12:02:04.360Z</time>
        <extensions>
        <gpxtpx:TrackPointExtension>
        <gpxtpx:Extensions>
            <surface>asphalt</surface>
        </gpxtpx:Extensions>
        </gpxtpx:TrackPointExtension>
        </extensions>
    </trkpt>
    <trkpt lat="45.68496" lon="15.277042">
        <ele>318.0</ele>
        <time>2020-06-26T12:02:05.494Z</time>
        <extensions>
        <gpxtpx:TrackPointExtension>
        <gpxtpx:Extensions>
            <surface>asphalt</surface>
        </gpxtpx:Extensions>
        </gpxtpx:TrackPointExtension>
        </extensions>
    </trkpt>
    <trkpt lat="45.685118" lon="15.276632">
        <ele>318.5</ele>
        <time>2020-06-26T12:02:10.563Z</time>
        <extensions>
        <gpxtpx:TrackPointExtension>
        <gpxtpx:Extensions>
            <surface>asphalt</surface>
        </gpxtpx:Extensions>
        </gpxtpx:TrackPointExtension>
        </extensions>
    </trkpt>
    <trkpt lat="45.685285" lon="15.276217">
        <ele>320.3</ele>
        <time>2020-06-26T12:02:15.748Z</time>
        <extensions>
        <gpxtpx:TrackPointExtension>
        <gpxtpx:Extensions>
            <surface>asphalt</surface>
        </gpxtpx:Extensions>
        </gpxtpx:TrackPointExtension>
        </extensions>
    </trkpt>
    <trkpt lat="45.685349" lon="15.276006">
        <ele>321.5</ele>
        <time>2020-06-26T12:02:18.238Z</time>
        <extensions>
        <gpxtpx:TrackPointExtension>
        <gpxtpx:Extensions>
            <surface>asphalt</surface>
        </gpxtpx:Extensions>
        </gpxtpx:TrackPointExtension>
        </extensions>
    </trkpt>
    <trkpt lat="45.685357" lon="15.275965">
        <ele>321.8</ele>
        <time>2020-06-26T12:02:18.698Z</time>
        <extensions>
        <gpxtpx:TrackPointExtension>
        <gpxtpx:Extensions>
            <surface>asphalt</surface>
        </gpxtpx:Extensions>
        </gpxtpx:TrackPointExtension>
        </extensions>
    </trkpt>
    <trkpt lat="45.685394" lon="15.275801">
        <ele>323.0</ele>
        <time>2020-06-26T12:02:20.563Z</time>
        <extensions>
        <gpxtpx:TrackPointExtension>
        <gpxtpx:Extensions>
            <surface>asphalt</surface>
        </gpxtpx:Extensions>
        </gpxtpx:TrackPointExtension>
        </extensions>
    </trkpt>
    <trkpt lat="45.685397" lon="15.275634">
        <ele>323.0</ele>
        <time>2020-06-26T12:02:22.371Z</time>
        <extensions>
        <gpxtpx:TrackPointExtension>
        <gpxtpx:Extensions>
            <surface>asphalt</surface>
        </gpxtpx:Extensions>
        </gpxtpx:TrackPointExtension>
        </extensions>
    </trkpt>
    <trkpt lat="45.685347" lon="15.27517">
        <ele>322.0</ele>
        <time>2020-06-26T12:02:27.454Z</time>
        <extensions>
        <gpxtpx:TrackPointExtension>
        <gpxtpx:Extensions>
            <surface>asphalt</surface>
        </gpxtpx:Extensions>
        </gpxtpx:TrackPointExtension>
        </extensions>
    </trkpt>
    <trkpt lat="45.685351" lon="15.275074">
        <ele>322.0</ele>
        <time>2020-06-26T12:02:28.733Z</time>
        <extensions>
        <gpxtpx:TrackPointExtension>
        <gpxtpx:Extensions>
            <surface>asphalt</surface>
        </gpxtpx:Extensions>
        </gpxtpx:TrackPointExtension>
        </extensions>
    </trkpt>
    <trkpt lat="45.685353" lon="15.275028">
        <ele>322.0</ele>
        <time>2020-06-26T12:02:29.346Z</time>
        <extensions>
        <gpxtpx:TrackPointExtension>
        <gpxtpx:Extensions>
            <surface>asphalt</surface>
        </gpxtpx:Extensions>
        </gpxtpx:TrackPointExtension>
        </extensions>
    </trkpt>
    <trkpt lat="45.685374" lon="15.274901">
        <ele>322.3</ele>
        <time>2020-06-26T12:02:31.082Z</time>
        <extensions>
        <gpxtpx:TrackPointExtension>
        <gpxtpx:Extensions>
            <surface>asphalt</surface>
        </gpxtpx:Extensions>
        </gpxtpx:TrackPointExtension>
        </extensions>
    </trkpt>
    <trkpt lat="45.685403" lon="15.27478">
        <ele>322.3</ele>
        <time>2020-06-26T12:02:32.784Z</time>
        <extensions>
        <gpxtpx:TrackPointExtension>
        <gpxtpx:Extensions>
            <surface>asphalt</surface>
        </gpxtpx:Extensions>
        </gpxtpx:TrackPointExtension>
        </extensions>
    </trkpt>
    <trkpt lat="45.685445" lon="15.274671">
        <ele>322.8</ele>
        <time>2020-06-26T12:02:34.440Z</time>
        <extensions>
        <gpxtpx:TrackPointExtension>
        <gpxtpx:Extensions>
            <surface>asphalt</surface>
        </gpxtpx:Extensions>
        </gpxtpx:TrackPointExtension>
        </extensions>
    </trkpt>
    <trkpt lat="45.685492" lon="15.274577">
        <ele>323.0</ele>
        <time>2020-06-26T12:02:35.978Z</time>
        <extensions>
        <gpxtpx:TrackPointExtension>
        <gpxtpx:Extensions>
            <surface>asphalt</surface>
        </gpxtpx:Extensions>
        </gpxtpx:TrackPointExtension>
        </extensions>
    </trkpt>
    <trkpt lat="45.685588" lon="15.274434">
        <ele>324.0</ele>
        <time>2020-06-26T12:02:38.616Z</time>
        <extensions>
        <gpxtpx:TrackPointExtension>
        <gpxtpx:Extensions>
            <surface>asphalt</surface>
        </gpxtpx:Extensions>
        </gpxtpx:TrackPointExtension>
        </extensions>
    </trkpt>
    <trkpt lat="45.685688" lon="15.274348">
        <ele>325.0</ele>
        <time>2020-06-26T12:02:40.838Z</time>
        <extensions>
        <gpxtpx:TrackPointExtension>
        <gpxtpx:Extensions>
            <surface>asphalt</surface>
        </gpxtpx:Extensions>
        </gpxtpx:TrackPointExtension>
        </extensions>
    </trkpt>
    <trkpt lat="45.685775" lon="15.274286">
        <ele>325.8</ele>
        <time>2020-06-26T12:02:42.768Z</time>
        <extensions>
        <gpxtpx:TrackPointExtension>
        <gpxtpx:Extensions>
            <surface>asphalt</surface>
        </gpxtpx:Extensions>
        </gpxtpx:TrackPointExtension>
        </extensions>
    </trkpt>
    <trkpt lat="45.685847" lon="15.274235">
        <ele>326.5</ele>
        <time>2020-06-26T12:02:44.363Z</time>
        <extensions>
        <gpxtpx:TrackPointExtension>
        <gpxtpx:Extensions>
            <surface>asphalt</surface>
        </gpxtpx:Extensions>
        </gpxtpx:TrackPointExtension>
        </extensions>
    </trkpt>
    <trkpt lat="45.68611" lon="15.274141">
        <ele>329.3</ele>
        <time>2020-06-26T12:02:49.747Z</time>
        <extensions>
        <gpxtpx:TrackPointExtension>
        <gpxtpx:Extensions>
            <surface>asphalt</surface>
        </gpxtpx:Extensions>
        </gpxtpx:TrackPointExtension>
        </extensions>
    </trkpt>
    <trkpt lat="45.686559" lon="15.274011">
        <ele>333.5</ele>
        <time>2020-06-26T12:02:58.846Z</time>
        <extensions>
        <gpxtpx:TrackPointExtension>
        <gpxtpx:Extensions>
            <surface>asphalt</surface>
        </gpxtpx:Extensions>
        </gpxtpx:TrackPointExtension>
        </extensions>
    </trkpt>
    <trkpt lat="45.686677" lon="15.273957">
        <ele>334.3</ele>
        <time>2020-06-26T12:03:01.306Z</time>
        <extensions>
        <gpxtpx:TrackPointExtension>
        <gpxtpx:Extensions>
            <surface>asphalt</surface>
        </gpxtpx:Extensions>
        </gpxtpx:TrackPointExtension>
        </extensions>
    </trkpt>
    <trkpt lat="45.686733" lon="15.27392">
        <ele>334.3</ele>
        <time>2020-06-26T12:03:02.586Z</time>
        <extensions>
        <gpxtpx:TrackPointExtension>
        <gpxtpx:Extensions>
            <surface>asphalt</surface>
        </gpxtpx:Extensions>
        </gpxtpx:TrackPointExtension>
        </extensions>
    </trkpt>
    <trkpt lat="45.686756" lon="15.273906">
        <ele>334.3</ele>
        <time>2020-06-26T12:03:03.104Z</time>
        <extensions>
        <gpxtpx:TrackPointExtension>
        <gpxtpx:Extensions>
            <surface>asphalt</surface>
        </gpxtpx:Extensions>
        </gpxtpx:TrackPointExtension>
        </extensions>
    </trkpt>
    <trkpt lat="45.686814" lon="15.273842">
        <ele>334.3</ele>
        <time>2020-06-26T12:03:04.624Z</time>
        <extensions>
        <gpxtpx:TrackPointExtension>
        <gpxtpx:Extensions>
            <surface>asphalt</surface>
        </gpxtpx:Extensions>
        </gpxtpx:TrackPointExtension>
        </extensions>
    </trkpt>
    <trkpt lat="45.687031" lon="15.273547">
        <ele>332.8</ele>
        <time>2020-06-26T12:03:10.837Z</time>
        <extensions>
        <gpxtpx:TrackPointExtension>
        <gpxtpx:Extensions>
            <surface>asphalt</surface>
        </gpxtpx:Extensions>
        </gpxtpx:TrackPointExtension>
        </extensions>
    </trkpt>
    <trkpt lat="45.687107" lon="15.273461">
        <ele>332.8</ele>
        <time>2020-06-26T12:03:12.848Z</time>
        <extensions>
        <gpxtpx:TrackPointExtension>
        <gpxtpx:Extensions>
            <surface>asphalt</surface>
        </gpxtpx:Extensions>
        </gpxtpx:TrackPointExtension>
        </extensions>
    </trkpt>
    <trkpt lat="45.687185" lon="15.273405">
        <ele>333.0</ele>
        <time>2020-06-26T12:03:14.659Z</time>
        <extensions>
        <gpxtpx:TrackPointExtension>
        <gpxtpx:Extensions>
            <surface>asphalt</surface>
        </gpxtpx:Extensions>
        </gpxtpx:TrackPointExtension>
        </extensions>
    </trkpt>
    <trkpt lat="45.687254" lon="15.273371">
        <ele>333.3</ele>
        <time>2020-06-26T12:03:16.174Z</time>
        <extensions>
        <gpxtpx:TrackPointExtension>
        <gpxtpx:Extensions>
            <surface>asphalt</surface>
        </gpxtpx:Extensions>
        </gpxtpx:TrackPointExtension>
        </extensions>
    </trkpt>
    <trkpt lat="45.687385" lon="15.273327">
        <ele>334.5</ele>
        <time>2020-06-26T12:03:18.967Z</time>
        <extensions>
        <gpxtpx:TrackPointExtension>
        <gpxtpx:Extensions>
            <surface>asphalt</surface>
        </gpxtpx:Extensions>
        </gpxtpx:TrackPointExtension>
        </extensions>
    </trkpt>
    <trkpt lat="45.687494" lon="15.273316">
        <ele>335.5</ele>
        <time>2020-06-26T12:03:21.235Z</time>
        <extensions>
        <gpxtpx:TrackPointExtension>
        <gpxtpx:Extensions>
            <surface>asphalt</surface>
        </gpxtpx:Extensions>
        </gpxtpx:TrackPointExtension>
        </extensions>
    </trkpt>
    <trkpt lat="45.687505" lon="15.273317">
        <ele>335.5</ele>
        <time>2020-06-26T12:03:21.455Z</time>
        <extensions>
        <gpxtpx:TrackPointExtension>
        <gpxtpx:Extensions>
            <surface>asphalt</surface>
        </gpxtpx:Extensions>
        </gpxtpx:TrackPointExtension>
        </extensions>
    </trkpt>
    <trkpt lat="45.687571" lon="15.273324">
        <ele>335.5</ele>
        <time>2020-06-26T12:03:22.781Z</time>
        <extensions>
        <gpxtpx:TrackPointExtension>
        <gpxtpx:Extensions>
            <surface>asphalt</surface>
        </gpxtpx:Extensions>
        </gpxtpx:TrackPointExtension>
        </extensions>
    </trkpt>
    <trkpt lat="45.6877" lon="15.273369">
        <ele>335.8</ele>
        <time>2020-06-26T12:03:25.441Z</time>
        <extensions>
        <gpxtpx:TrackPointExtension>
        <gpxtpx:Extensions>
            <surface>asphalt</surface>
        </gpxtpx:Extensions>
        </gpxtpx:TrackPointExtension>
        </extensions>
    </trkpt>
    <trkpt lat="45.687889" lon="15.273533">
        <ele>337.3</ele>
        <time>2020-06-26T12:03:29.870Z</time>
        <extensions>
        <gpxtpx:TrackPointExtension>
        <gpxtpx:Extensions>
            <surface>asphalt</surface>
        </gpxtpx:Extensions>
        </gpxtpx:TrackPointExtension>
        </extensions>
    </trkpt>
    <trkpt lat="45.688164" lon="15.273825">
        <ele>340.0</ele>
        <time>2020-06-26T12:03:36.731Z</time>
        <extensions>
        <gpxtpx:TrackPointExtension>
        <gpxtpx:Extensions>
            <surface>asphalt</surface>
        </gpxtpx:Extensions>
        </gpxtpx:TrackPointExtension>
        </extensions>
    </trkpt>
    <trkpt lat="45.688274" lon="15.273923">
        <ele>341.0</ele>
        <time>2020-06-26T12:03:39.327Z</time>
        <extensions>
        <gpxtpx:TrackPointExtension>
        <gpxtpx:Extensions>
            <surface>asphalt</surface>
        </gpxtpx:Extensions>
        </gpxtpx:TrackPointExtension>
        </extensions>
    </trkpt>
    <trkpt lat="45.688433" lon="15.274023">
        <ele>342.5</ele>
        <time>2020-06-26T12:03:42.807Z</time>
        <extensions>
        <gpxtpx:TrackPointExtension>
        <gpxtpx:Extensions>
            <surface>asphalt</surface>
        </gpxtpx:Extensions>
        </gpxtpx:TrackPointExtension>
        </extensions>
    </trkpt>
    <trkpt lat="45.688547" lon="15.274067">
        <ele>343.0</ele>
        <time>2020-06-26T12:03:45.173Z</time>
        <extensions>
        <gpxtpx:TrackPointExtension>
        <gpxtpx:Extensions>
            <surface>asphalt</surface>
        </gpxtpx:Extensions>
        </gpxtpx:TrackPointExtension>
        </extensions>
    </trkpt>
    <trkpt lat="45.688612" lon="15.274078">
        <ele>343.3</ele>
        <time>2020-06-26T12:03:46.711Z</time>
        <extensions>
        <gpxtpx:TrackPointExtension>
        <gpxtpx:Extensions>
            <surface>asphalt</surface>
        </gpxtpx:Extensions>
        </gpxtpx:TrackPointExtension>
        </extensions>
    </trkpt>
    <trkpt lat="45.688622" lon="15.27408">
        <ele>343.5</ele>
        <time>2020-06-26T12:03:46.948Z</time>
        <extensions>
        <gpxtpx:TrackPointExtension>
        <gpxtpx:Extensions>
            <surface>asphalt</surface>
        </gpxtpx:Extensions>
        </gpxtpx:TrackPointExtension>
        </extensions>
    </trkpt>
    <trkpt lat="45.688695" lon="15.274077">
        <ele>343.5</ele>
        <time>2020-06-26T12:03:48.664Z</time>
        <extensions>
        <gpxtpx:TrackPointExtension>
        <gpxtpx:Extensions>
            <surface>asphalt</surface>
        </gpxtpx:Extensions>
        </gpxtpx:TrackPointExtension>
        </extensions>
    </trkpt>
    <trkpt lat="45.688807" lon="15.274048">
        <ele>343.5</ele>
        <time>2020-06-26T12:03:51.339Z</time>
        <extensions>
        <gpxtpx:TrackPointExtension>
        <gpxtpx:Extensions>
            <surface>asphalt</surface>
        </gpxtpx:Extensions>
        </gpxtpx:TrackPointExtension>
        </extensions>
    </trkpt>
    <trkpt lat="45.688902" lon="15.274008">
        <ele>343.5</ele>
        <time>2020-06-26T12:03:53.666Z</time>
        <extensions>
        <gpxtpx:TrackPointExtension>
        <gpxtpx:Extensions>
            <surface>asphalt</surface>
        </gpxtpx:Extensions>
        </gpxtpx:TrackPointExtension>
        </extensions>
    </trkpt>
    <trkpt lat="45.689002" lon="15.273949">
        <ele>343.3</ele>
        <time>2020-06-26T12:03:56.208Z</time>
        <extensions>
        <gpxtpx:TrackPointExtension>
        <gpxtpx:Extensions>
            <surface>asphalt</surface>
        </gpxtpx:Extensions>
        </gpxtpx:TrackPointExtension>
        </extensions>
    </trkpt>
    <trkpt lat="45.689035" lon="15.273921">
        <ele>343.3</ele>
        <time>2020-06-26T12:03:57.109Z</time>
        <extensions>
        <gpxtpx:TrackPointExtension>
        <gpxtpx:Extensions>
            <surface>asphalt</surface>
        </gpxtpx:Extensions>
        </gpxtpx:TrackPointExtension>
        </extensions>
    </trkpt>
    <trkpt lat="45.68907" lon="15.273893">
        <ele>343.3</ele>
        <time>2020-06-26T12:03:58.051Z</time>
        <extensions>
        <gpxtpx:TrackPointExtension>
        <gpxtpx:Extensions>
            <surface>asphalt</surface>
        </gpxtpx:Extensions>
        </gpxtpx:TrackPointExtension>
        </extensions>
    </trkpt>
    <trkpt lat="45.689156" lon="15.273796">
        <ele>343.0</ele>
        <time>2020-06-26T12:04:00.624Z</time>
        <extensions>
        <gpxtpx:TrackPointExtension>
        <gpxtpx:Extensions>
            <surface>asphalt</surface>
        </gpxtpx:Extensions>
        </gpxtpx:TrackPointExtension>
        </extensions>
    </trkpt>
    <trkpt lat="45.689245" lon="15.273663">
        <ele>342.5</ele>
        <time>2020-06-26T12:04:03.648Z</time>
        <extensions>
        <gpxtpx:TrackPointExtension>
        <gpxtpx:Extensions>
            <surface>asphalt</surface>
        </gpxtpx:Extensions>
        </gpxtpx:TrackPointExtension>
        </extensions>
    </trkpt>
    <trkpt lat="45.689301" lon="15.273669">
        <ele>342.5</ele>
        <time>2020-06-26T12:04:04.967Z</time>
    </trkpt>
    <trkpt lat="45.689355" lon="15.273645">
        <ele>342.8</ele>
        <time>2020-06-26T12:04:06.296Z</time>
    </trkpt>
    <trkpt lat="45.689459" lon="15.273567">
        <ele>342.8</ele>
        <time>2020-06-26T12:04:09.878Z</time>
    </trkpt>
    <trkpt lat="45.68991" lon="15.273068">
        <ele>348.0</ele>
        <time>2020-06-26T12:04:27.269Z</time>
    </trkpt>
    <trkpt lat="45.690136" lon="15.272835">
        <ele>350.8</ele>
        <time>2020-06-26T12:04:35.766Z</time>
    </trkpt>
    <trkpt lat="45.690165" lon="15.272796">
        <ele>350.8</ele>
        <time>2020-06-26T12:04:37.250Z</time>
    </trkpt>
    <trkpt lat="45.690289" lon="15.272632">
        <ele>352.0</ele>
        <time>2020-06-26T12:04:43.549Z</time>
    </trkpt>
    <trkpt lat="45.69058" lon="15.272108">
        <ele>358.0</ele>
        <time>2020-06-26T12:05:00.999Z</time>
    </trkpt>
    <trkpt lat="45.690657" lon="15.271954">
        <ele>360.3</ele>
        <time>2020-06-26T12:05:05.935Z</time>
    </trkpt>
    <trkpt lat="45.690662" lon="15.271946">
        <ele>360.5</ele>
        <time>2020-06-26T12:05:06.214Z</time>
    </trkpt>
    <trkpt lat="45.690979" lon="15.27139">
        <ele>369.5</ele>
        <time>2020-06-26T12:05:24.922Z</time>
    </trkpt>
    <trkpt lat="45.691071" lon="15.271208">
        <ele>371.5</ele>
        <time>2020-06-26T12:05:30.191Z</time>
    </trkpt>
    <trkpt lat="45.691104" lon="15.271144">
        <ele>372.5</ele>
        <time>2020-06-26T12:05:32.057Z</time>
    </trkpt>
    <trkpt lat="45.691165" lon="15.270909">
        <ele>375.5</ele>
        <time>2020-06-26T12:05:37.937Z</time>
    </trkpt>
    <trkpt lat="45.691198" lon="15.270647">
        <ele>377.3</ele>
        <time>2020-06-26T12:05:44.182Z</time>
    </trkpt>
    <trkpt lat="45.691257" lon="15.270458">
        <ele>377.8</ele>
        <time>2020-06-26T12:05:49.038Z</time>
    </trkpt>
    <trkpt lat="45.691297" lon="15.270379">
        <ele>378.0</ele>
        <time>2020-06-26T12:05:51.414Z</time>
    </trkpt>
    <trkpt lat="45.691471" lon="15.27004">
        <ele>379.8</ele>
        <time>2020-06-26T12:06:01.658Z</time>
    </trkpt>
    <trkpt lat="45.691599" lon="15.269745">
        <ele>380.8</ele>
        <time>2020-06-26T12:06:10.115Z</time>
    </trkpt>
    <trkpt lat="45.691656" lon="15.269587">
        <ele>381.3</ele>
        <time>2020-06-26T12:06:14.445Z</time>
    </trkpt>
    <trkpt lat="45.691709" lon="15.269487">
        <ele>382.0</ele>
        <time>2020-06-26T12:06:17.501Z</time>
    </trkpt>
    <trkpt lat="45.691774" lon="15.269383">
        <ele>382.8</ele>
        <time>2020-06-26T12:06:20.899Z</time>
    </trkpt>
    <trkpt lat="45.691826" lon="15.2693">
        <ele>383.8</ele>
        <time>2020-06-26T12:06:23.614Z</time>
    </trkpt>
    <trkpt lat="45.692036" lon="15.269056">
        <ele>385.5</ele>
        <time>2020-06-26T12:06:33.042Z</time>
    </trkpt>
    <trkpt lat="45.692221" lon="15.268836">
        <ele>386.5</ele>
        <time>2020-06-26T12:06:41.426Z</time>
    </trkpt>
    <trkpt lat="45.69241" lon="15.268527">
        <ele>388.0</ele>
        <time>2020-06-26T12:06:51.427Z</time>
    </trkpt>
    <trkpt lat="45.692578" lon="15.268301">
        <ele>390.3</ele>
        <time>2020-06-26T12:06:59.463Z</time>
    </trkpt>
    <trkpt lat="45.692832" lon="15.268028">
        <ele>394.0</ele>
        <time>2020-06-26T12:07:10.535Z</time>
    </trkpt>
    <trkpt lat="45.692989" lon="15.267871">
        <ele>396.8</ele>
        <time>2020-06-26T12:07:17.211Z</time>
    </trkpt>
    <trkpt lat="45.693113" lon="15.267694">
        <ele>399.0</ele>
        <time>2020-06-26T12:07:23.315Z</time>
    </trkpt>
    <trkpt lat="45.693265" lon="15.267449">
        <ele>402.3</ele>
        <time>2020-06-26T12:07:31.294Z</time>
    </trkpt>
    <trkpt lat="45.693538" lon="15.267057">
        <ele>408.5</ele>
        <time>2020-06-26T12:07:44.773Z</time>
    </trkpt>
    <trkpt lat="45.693603" lon="15.266973">
        <ele>410.0</ele>
        <time>2020-06-26T12:07:47.825Z</time>
    </trkpt>
    <trkpt lat="45.693603" lon="15.266973">
        <ele>410.0</ele>
        <time>2020-06-26T12:07:47.825Z</time>
    </trkpt>
    <trkpt lat="45.693583" lon="15.267123">
        <ele>409.5</ele>
        <time>2020-06-26T12:07:51.543Z</time>
    </trkpt>
    <trkpt lat="45.693543" lon="15.26724">
        <ele>408.8</ele>
        <time>2020-06-26T12:07:53.572Z</time>
    </trkpt>
    <trkpt lat="45.693491" lon="15.267332">
        <ele>407.5</ele>
        <time>2020-06-26T12:07:55.416Z</time>
    </trkpt>
    <trkpt lat="45.693452" lon="15.267436">
        <ele>406.8</ele>
        <time>2020-06-26T12:07:57.255Z</time>
    </trkpt>
    <trkpt lat="45.693415" lon="15.267598">
        <ele>405.8</ele>
        <time>2020-06-26T12:07:59.910Z</time>
    </trkpt>
    <trkpt lat="45.693373" lon="15.267838">
        <ele>405.0</ele>
        <time>2020-06-26T12:08:03.904Z</time>
    </trkpt>
    <trkpt lat="45.69336" lon="15.268007">
        <ele>405.0</ele>
        <time>2020-06-26T12:08:06.648Z</time>
    </trkpt>
    <trkpt lat="45.693371" lon="15.268381">
        <ele>405.3</ele>
        <time>2020-06-26T12:08:12.691Z</time>
    </trkpt>
    <trkpt lat="45.693364" lon="15.268549">
        <ele>405.0</ele>
        <time>2020-06-26T12:08:15.408Z</time>
    </trkpt>
    <trkpt lat="45.693326" lon="15.268739">
        <ele>404.3</ele>
        <time>2020-06-26T12:08:18.598Z</time>
    </trkpt>
    <trkpt lat="45.693283" lon="15.268885">
        <ele>403.3</ele>
        <time>2020-06-26T12:08:21.156Z</time>
    </trkpt>
    <trkpt lat="45.693311" lon="15.268936">
        <ele>403.5</ele>
        <time>2020-06-26T12:08:22.203Z</time>
    </trkpt>
    <trkpt lat="45.693317" lon="15.268948">
        <ele>403.8</ele>
        <time>2020-06-26T12:08:22.441Z</time>
    </trkpt>
    <trkpt lat="45.69347" lon="15.2691">
        <ele>404.8</ele>
        <time>2020-06-26T12:08:26.745Z</time>
    </trkpt>
    <trkpt lat="45.693713" lon="15.26922">
        <ele>405.8</ele>
        <time>2020-06-26T12:08:32.686Z</time>
    </trkpt>
    <trkpt lat="45.693751" lon="15.269229">
        <ele>405.8</ele>
        <time>2020-06-26T12:08:33.599Z</time>
    </trkpt>
    <trkpt lat="45.693822" lon="15.269248">
        <ele>406.0</ele>
        <time>2020-06-26T12:08:35.311Z</time>
    </trkpt>
    <trkpt lat="45.69409" lon="15.269228">
        <ele>407.8</ele>
        <time>2020-06-26T12:08:41.672Z</time>
    </trkpt>
    <trkpt lat="45.694119" lon="15.26921">
        <ele>407.8</ele>
        <time>2020-06-26T12:08:42.422Z</time>
    </trkpt>
    <trkpt lat="45.694331" lon="15.269087">
        <ele>409.3</ele>
        <time>2020-06-26T12:08:47.851Z</time>
    </trkpt>
    <trkpt lat="45.694354" lon="15.269048">
        <ele>409.5</ele>
        <time>2020-06-26T12:08:48.697Z</time>
    </trkpt>
    <trkpt lat="45.694473" lon="15.268857">
        <ele>412.0</ele>
        <time>2020-06-26T12:08:52.940Z</time>
    </trkpt>
    <trkpt lat="45.694627" lon="15.268663">
        <ele>414.5</ele>
        <time>2020-06-26T12:08:57.579Z</time>
    </trkpt>
    <trkpt lat="45.694892" lon="15.268477">
        <ele>418.0</ele>
        <time>2020-06-26T12:09:04.253Z</time>
    </trkpt>
    <trkpt lat="45.694923" lon="15.268471">
        <ele>418.3</ele>
        <time>2020-06-26T12:09:04.960Z</time>
    </trkpt>
    <trkpt lat="45.695053" lon="15.268451">
        <ele>419.8</ele>
        <time>2020-06-26T12:09:07.916Z</time>
    </trkpt>
    <trkpt lat="45.69517" lon="15.268468">
        <ele>421.0</ele>
        <time>2020-06-26T12:09:10.196Z</time>
    </trkpt>
    <trkpt lat="45.695281" lon="15.268583">
        <ele>420.8</ele>
        <time>2020-06-26T12:09:12.853Z</time>
    </trkpt>
    <trkpt lat="45.695361" lon="15.268716">
        <ele>419.8</ele>
        <time>2020-06-26T12:09:15.230Z</time>
    </trkpt>
    <trkpt lat="45.695491" lon="15.269113">
        <ele>415.5</ele>
        <time>2020-06-26T12:09:21.169Z</time>
    </trkpt>
    <trkpt lat="45.695559" lon="15.269202">
        <ele>415.3</ele>
        <time>2020-06-26T12:09:22.955Z</time>
    </trkpt>
    <trkpt lat="45.695606" lon="15.269213">
        <ele>415.8</ele>
        <time>2020-06-26T12:09:23.878Z</time>
    </trkpt>
    <trkpt lat="45.695624" lon="15.269217">
        <ele>416.0</ele>
        <time>2020-06-26T12:09:24.231Z</time>
    </trkpt>
    <trkpt lat="45.695695" lon="15.269228">
        <ele>417.0</ele>
        <time>2020-06-26T12:09:25.616Z</time>
    </trkpt>
    <trkpt lat="45.69583" lon="15.269228">
        <ele>419.0</ele>
        <time>2020-06-26T12:09:28.234Z</time>
    </trkpt>
    <trkpt lat="45.696016" lon="15.269308">
        <ele>417.8</ele>
        <time>2020-06-26T12:09:32.000Z</time>
    </trkpt>
    <trkpt lat="45.696275" lon="15.269378">
        <ele>416.5</ele>
        <time>2020-06-26T12:09:37.112Z</time>
    </trkpt>
    <trkpt lat="45.696374" lon="15.269325">
        <ele>417.3</ele>
        <time>2020-06-26T12:09:39.161Z</time>
    </trkpt>
    <trkpt lat="45.696466" lon="15.269157">
        <ele>419.3</ele>
        <time>2020-06-26T12:09:41.722Z</time>
    </trkpt>
    <trkpt lat="45.696577" lon="15.269007">
        <ele>420.8</ele>
        <time>2020-06-26T12:09:44.343Z</time>
    </trkpt>
    <trkpt lat="45.696651" lon="15.268954">
        <ele>421.3</ele>
        <time>2020-06-26T12:09:45.764Z</time>
    </trkpt>
    <trkpt lat="45.696744" lon="15.268954">
        <ele>420.3</ele>
        <time>2020-06-26T12:09:47.361Z</time>
    </trkpt>
    <trkpt lat="45.696762" lon="15.268959">
        <ele>419.8</ele>
        <time>2020-06-26T12:09:47.675Z</time>
    </trkpt>
    <trkpt lat="45.696978" lon="15.269016">
        <ele>416.8</ele>
        <time>2020-06-26T12:09:51.447Z</time>
    </trkpt>
    <trkpt lat="45.697199" lon="15.269037">
        <ele>413.8</ele>
        <time>2020-06-26T12:09:54.530Z</time>
    </trkpt>
    <trkpt lat="45.697262" lon="15.269043">
        <ele>413.0</ele>
        <time>2020-06-26T12:09:55.450Z</time>
    </trkpt>
    <trkpt lat="45.69738" lon="15.269193">
        <ele>411.0</ele>
        <time>2020-06-26T12:09:57.750Z</time>
    </trkpt>
    <trkpt lat="45.697588" lon="15.269535">
        <ele>409.8</ele>
        <time>2020-06-26T12:10:02.368Z</time>
    </trkpt>
    <trkpt lat="45.697614" lon="15.269573">
        <ele>409.8</ele>
        <time>2020-06-26T12:10:02.909Z</time>
    </trkpt>
    <trkpt lat="45.69765" lon="15.269591">
        <ele>409.8</ele>
        <time>2020-06-26T12:10:03.483Z</time>
    </trkpt>
    <trkpt lat="45.698176" lon="15.269856">
        <ele>411.5</ele>
        <time>2020-06-26T12:10:11.889Z</time>
    </trkpt>
    <trkpt lat="45.698497" lon="15.269997">
        <ele>412.3</ele>
        <time>2020-06-26T12:10:16.950Z</time>
    </trkpt>
    <trkpt lat="45.698842" lon="15.270182">
        <ele>412.8</ele>
        <time>2020-06-26T12:10:22.503Z</time>
    </trkpt>
    <trkpt lat="45.698877" lon="15.270183">
        <ele>412.8</ele>
        <time>2020-06-26T12:10:23.068Z</time>
    </trkpt>
    <trkpt lat="45.699132" lon="15.270191">
        <ele>413.5</ele>
        <time>2020-06-26T12:10:27.189Z</time>
    </trkpt>
    <trkpt lat="45.69928" lon="15.270262">
        <ele>414.8</ele>
        <time>2020-06-26T12:10:29.711Z</time>
    </trkpt>
    <trkpt lat="45.699385" lon="15.27028">
        <ele>416.0</ele>
        <time>2020-06-26T12:10:31.419Z</time>
    </trkpt>
    <trkpt lat="45.699424" lon="15.270264">
        <ele>416.3</ele>
        <time>2020-06-26T12:10:32.074Z</time>
    </trkpt>
    <trkpt lat="45.699546" lon="15.270218">
        <ele>417.5</ele>
        <time>2020-06-26T12:10:34.112Z</time>
    </trkpt>
    <trkpt lat="45.699756" lon="15.270059">
        <ele>419.5</ele>
        <time>2020-06-26T12:10:37.950Z</time>
    </trkpt>
    <trkpt lat="45.69999" lon="15.2699">
        <ele>421.3</ele>
        <time>2020-06-26T12:10:42.135Z</time>
    </trkpt>
    <trkpt lat="45.700102" lon="15.269769">
        <ele>423.0</ele>
        <time>2020-06-26T12:10:44.471Z</time>
    </trkpt>
    <trkpt lat="45.700151" lon="15.269714">
        <ele>424.0</ele>
        <time>2020-06-26T12:10:45.649Z</time>
    </trkpt>
    <trkpt lat="45.70025" lon="15.269567">
        <ele>425.8</ele>
        <time>2020-06-26T12:10:48.348Z</time>
    </trkpt>
    <trkpt lat="45.700364" lon="15.269387">
        <ele>428.0</ele>
        <time>2020-06-26T12:10:51.560Z</time>
    </trkpt>
    <trkpt lat="45.700401" lon="15.269269">
        <ele>428.3</ele>
        <time>2020-06-26T12:10:53.269Z</time>
    </trkpt>
    <trkpt lat="45.700399" lon="15.269238">
        <ele>428.0</ele>
        <time>2020-06-26T12:10:53.603Z</time>
    </trkpt>
    <trkpt lat="45.700394" lon="15.269096">
        <ele>427.3</ele>
        <time>2020-06-26T12:10:55.132Z</time>
    </trkpt>
    <trkpt lat="45.700406" lon="15.268623">
        <ele>425.3</ele>
        <time>2020-06-26T12:11:00.223Z</time>
    </trkpt>
    <trkpt lat="45.700397" lon="15.268345">
        <ele>423.5</ele>
        <time>2020-06-26T12:11:03.460Z</time>
    </trkpt>
    <trkpt lat="45.700447" lon="15.268097">
        <ele>424.3</ele>
        <time>2020-06-26T12:11:06.462Z</time>
    </trkpt>
    <trkpt lat="45.700475" lon="15.267997">
        <ele>424.8</ele>
        <time>2020-06-26T12:11:07.715Z</time>
    </trkpt>
    <trkpt lat="45.700489" lon="15.267864">
        <ele>424.8</ele>
        <time>2020-06-26T12:11:09.279Z</time>
    </trkpt>
    <trkpt lat="45.700483" lon="15.267697">
        <ele>424.3</ele>
        <time>2020-06-26T12:11:11.350Z</time>
    </trkpt>
    <trkpt lat="45.700467" lon="15.267512">
        <ele>423.5</ele>
        <time>2020-06-26T12:11:13.658Z</time>
    </trkpt>
    <trkpt lat="45.700406" lon="15.267029">
        <ele>422.0</ele>
        <time>2020-06-26T12:11:19.737Z</time>
    </trkpt>
    <trkpt lat="45.70026" lon="15.266434">
        <ele>423.5</ele>
        <time>2020-06-26T12:11:27.547Z</time>
    </trkpt>
    <trkpt lat="45.700261" lon="15.266402">
        <ele>423.8</ele>
        <time>2020-06-26T12:11:28.054Z</time>
    </trkpt>
    <trkpt lat="45.700267" lon="15.266317">
        <ele>424.8</ele>
        <time>2020-06-26T12:11:29.407Z</time>
    </trkpt>
    <trkpt lat="45.700304" lon="15.266239">
        <ele>425.5</ele>
        <time>2020-06-26T12:11:30.901Z</time>
    </trkpt>
    <trkpt lat="45.700371" lon="15.26615">
        <ele>426.3</ele>
        <time>2020-06-26T12:11:33.111Z</time>
    </trkpt>
    <trkpt lat="45.700376" lon="15.266145">
        <ele>426.5</ele>
        <time>2020-06-26T12:11:33.258Z</time>
    </trkpt>
    <trkpt lat="45.700586" lon="15.266103">
        <ele>427.0</ele>
        <time>2020-06-26T12:11:38.387Z</time>
    </trkpt>
    <trkpt lat="45.700653" lon="15.266074">
        <ele>427.3</ele>
        <time>2020-06-26T12:11:40.080Z</time>
    </trkpt>
    <trkpt lat="45.700676" lon="15.26605">
        <ele>427.3</ele>
        <time>2020-06-26T12:11:40.918Z</time>
    </trkpt>
    <trkpt lat="45.700703" lon="15.266023">
        <ele>427.8</ele>
        <time>2020-06-26T12:11:41.888Z</time>
    </trkpt>
    <trkpt lat="45.700749" lon="15.265909">
        <ele>428.5</ele>
        <time>2020-06-26T12:11:44.597Z</time>
    </trkpt>
    <trkpt lat="45.70082" lon="15.265671">
        <ele>431.8</ele>
        <time>2020-06-26T12:11:49.922Z</time>
    </trkpt>
    <trkpt lat="45.700875" lon="15.265538">
        <ele>434.3</ele>
        <time>2020-06-26T12:11:53.102Z</time>
    </trkpt>
    <trkpt lat="45.700899" lon="15.265501">
        <ele>434.8</ele>
        <time>2020-06-26T12:11:54.155Z</time>
    </trkpt>
    <trkpt lat="45.700925" lon="15.265463">
        <ele>435.5</ele>
        <time>2020-06-26T12:11:55.264Z</time>
    </trkpt>
    <trkpt lat="45.701138" lon="15.2652">
        <ele>437.8</ele>
        <time>2020-06-26T12:12:03.665Z</time>
    </trkpt>
    <trkpt lat="45.701182" lon="15.265098">
        <ele>438.3</ele>
        <time>2020-06-26T12:12:06.166Z</time>
    </trkpt>
    <trkpt lat="45.701233" lon="15.264938">
        <ele>439.8</ele>
        <time>2020-06-26T12:12:09.835Z</time>
    </trkpt>
    <trkpt lat="45.701318" lon="15.264766">
        <ele>441.5</ele>
        <time>2020-06-26T12:12:14.230Z</time>
    </trkpt>
    <trkpt lat="45.701489" lon="15.264539">
        <ele>443.3</ele>
        <time>2020-06-26T12:12:21.195Z</time>
    </trkpt>
    <trkpt lat="45.701596" lon="15.264447">
        <ele>444.0</ele>
        <time>2020-06-26T12:12:24.825Z</time>
    </trkpt>
    <trkpt lat="45.702028" lon="15.264078">
        <ele>447.0</ele>
        <time>2020-06-26T12:12:40.279Z</time>
    </trkpt>
    <trkpt lat="45.702101" lon="15.264017">
        <ele>447.8</ele>
        <time>2020-06-26T12:12:42.875Z</time>
    </trkpt>
    <trkpt lat="45.70234" lon="15.263685">
        <ele>453.8</ele>
        <time>2020-06-26T12:12:53.105Z</time>
    </trkpt>
    <trkpt lat="45.702391" lon="15.263639">
        <ele>454.3</ele>
        <time>2020-06-26T12:12:54.956Z</time>
    </trkpt>
    <trkpt lat="45.702401" lon="15.263631">
        <ele>454.5</ele>
        <time>2020-06-26T12:12:55.307Z</time>
    </trkpt>
    <trkpt lat="45.702974" lon="15.263239">
        <ele>459.3</ele>
        <time>2020-06-26T12:13:14.815Z</time>
    </trkpt>
    <trkpt lat="45.703313" lon="15.262994">
        <ele>459.8</ele>
        <time>2020-06-26T12:13:26.480Z</time>
    </trkpt>
    <trkpt lat="45.703357" lon="15.262947">
        <ele>460.3</ele>
        <time>2020-06-26T12:13:28.166Z</time>
    </trkpt>
    <trkpt lat="45.703398" lon="15.262887">
        <ele>461.5</ele>
        <time>2020-06-26T12:13:29.359Z</time>
    </trkpt>
    <trkpt lat="45.703398" lon="15.262887">
        <ele>461.5</ele>
        <time>2020-06-26T12:13:29.359Z</time>
    </trkpt>
    <trkpt lat="45.703454" lon="15.262723">
        <ele>463.8</ele>
        <time>2020-06-26T12:13:31.955Z</time>
    </trkpt>
    <trkpt lat="45.703528" lon="15.262535">
        <ele>466.3</ele>
        <time>2020-06-26T12:13:35.023Z</time>
    </trkpt>
    <trkpt lat="45.703637" lon="15.262322">
        <ele>467.0</ele>
        <time>2020-06-26T12:13:38.778Z</time>
    </trkpt>
    <trkpt lat="45.703672" lon="15.26229">
        <ele>467.0</ele>
        <time>2020-06-26T12:13:39.623Z</time>
    </trkpt>
    <trkpt lat="45.703865" lon="15.261998">
        <ele>466.5</ele>
        <time>2020-06-26T12:13:45.340Z</time>
    </trkpt>
    <trkpt lat="45.703902" lon="15.261928">
        <ele>466.0</ele>
        <time>2020-06-26T12:13:46.085Z</time>
    </trkpt>
    <trkpt lat="45.703964" lon="15.261816">
        <ele>465.8</ele>
        <time>2020-06-26T12:13:47.298Z</time>
    </trkpt>
    <trkpt lat="45.703982" lon="15.261709">
        <ele>465.0</ele>
        <time>2020-06-26T12:13:48.232Z</time>
    </trkpt>
    <trkpt lat="45.703988" lon="15.261679">
        <ele>465.0</ele>
        <time>2020-06-26T12:13:48.497Z</time>
    </trkpt>
    <trkpt lat="45.70398" lon="15.261541">
        <ele>464.5</ele>
        <time>2020-06-26T12:13:49.673Z</time>
    </trkpt>
    <trkpt lat="45.703967" lon="15.261463">
        <ele>464.3</ele>
        <time>2020-06-26T12:13:50.289Z</time>
    </trkpt>
    <trkpt lat="45.70396" lon="15.261419">
        <ele>464.3</ele>
        <time>2020-06-26T12:13:50.635Z</time>
    </trkpt>
    <trkpt lat="45.703915" lon="15.261247">
        <ele>463.8</ele>
        <time>2020-06-26T12:13:52.046Z</time>
    </trkpt>
    <trkpt lat="45.703795" lon="15.260925">
        <ele>462.8</ele>
        <time>2020-06-26T12:13:54.851Z</time>
    </trkpt>
    <trkpt lat="45.703663" lon="15.260498">
        <ele>460.3</ele>
        <time>2020-06-26T12:13:58.440Z</time>
    </trkpt>
    <trkpt lat="45.703611" lon="15.260308">
        <ele>458.5</ele>
        <time>2020-06-26T12:14:00.008Z</time>
    </trkpt>
    <trkpt lat="45.703558" lon="15.260163">
        <ele>457.0</ele>
        <time>2020-06-26T12:14:01.266Z</time>
    </trkpt>
    <trkpt lat="45.703533" lon="15.260116">
        <ele>456.3</ele>
        <time>2020-06-26T12:14:01.677Z</time>
    </trkpt>
    <trkpt lat="45.703484" lon="15.260021">
        <ele>455.0</ele>
        <time>2020-06-26T12:14:02.499Z</time>
    </trkpt>
    <trkpt lat="45.703471" lon="15.259989">
        <ele>454.5</ele>
        <time>2020-06-26T12:14:02.756Z</time>
    </trkpt>
    <trkpt lat="45.703376" lon="15.259855">
        <ele>452.0</ele>
        <time>2020-06-26T12:14:04.085Z</time>
    </trkpt>
    <trkpt lat="45.703244" lon="15.259694">
        <ele>450.8</ele>
        <time>2020-06-26T12:14:05.813Z</time>
    </trkpt>
    <trkpt lat="45.702931" lon="15.259256">
        <ele>449.0</ele>
        <time>2020-06-26T12:14:10.176Z</time>
    </trkpt>
    <trkpt lat="45.702833" lon="15.25912">
        <ele>448.8</ele>
        <time>2020-06-26T12:14:11.536Z</time>
    </trkpt>
    <trkpt lat="45.702604" lon="15.258709">
        <ele>445.8</ele>
        <time>2020-06-26T12:14:15.196Z</time>
    </trkpt>
    <trkpt lat="45.702308" lon="15.258076">
        <ele>439.5</ele>
        <time>2020-06-26T12:14:20.499Z</time>
    </trkpt>
    <trkpt lat="45.70216" lon="15.257785">
        <ele>437.5</ele>
        <time>2020-06-26T12:14:23.005Z</time>
    </trkpt>
    <trkpt lat="45.702005" lon="15.25754">
        <ele>436.3</ele>
        <time>2020-06-26T12:14:25.306Z</time>
    </trkpt>
    <trkpt lat="45.701744" lon="15.25718">
        <ele>436.0</ele>
        <time>2020-06-26T12:14:28.918Z</time>
    </trkpt>
    <trkpt lat="45.701676" lon="15.257044">
        <ele>435.5</ele>
        <time>2020-06-26T12:14:30.169Z</time>
    </trkpt>
    <trkpt lat="45.701627" lon="15.256896">
        <ele>434.0</ele>
        <time>2020-06-26T12:14:31.394Z</time>
    </trkpt>
    <trkpt lat="45.701574" lon="15.256526">
        <ele>431.3</ele>
        <time>2020-06-26T12:14:34.220Z</time>
    </trkpt>
    <trkpt lat="45.701575" lon="15.256473">
        <ele>431.0</ele>
        <time>2020-06-26T12:14:34.616Z</time>
    </trkpt>
    <trkpt lat="45.701586" lon="15.256208">
        <ele>430.8</ele>
        <time>2020-06-26T12:14:36.602Z</time>
    </trkpt>
    <trkpt lat="45.70166" lon="15.255881">
        <ele>430.0</ele>
        <time>2020-06-26T12:14:39.203Z</time>
    </trkpt>
    <trkpt lat="45.701775" lon="15.25557">
        <ele>430.5</ele>
        <time>2020-06-26T12:14:41.866Z</time>
    </trkpt>
    <trkpt lat="45.701809" lon="15.255531">
        <ele>430.5</ele>
        <time>2020-06-26T12:14:42.338Z</time>
    </trkpt>
    <trkpt lat="45.70203" lon="15.255288">
        <ele>430.8</ele>
        <time>2020-06-26T12:14:45.357Z</time>
    </trkpt>
    <trkpt lat="45.702078" lon="15.255193">
        <ele>430.8</ele>
        <time>2020-06-26T12:14:46.358Z</time>
    </trkpt>
    <trkpt lat="45.702162" lon="15.255033">
        <ele>431.0</ele>
        <time>2020-06-26T12:14:48.068Z</time>
    </trkpt>
    <trkpt lat="45.702175" lon="15.254796">
        <ele>431.3</ele>
        <time>2020-06-26T12:14:50.421Z</time>
    </trkpt>
    <trkpt lat="45.702182" lon="15.254683">
        <ele>431.5</ele>
        <time>2020-06-26T12:14:51.544Z</time>
    </trkpt>
    <trkpt lat="45.702209" lon="15.254477">
        <ele>431.8</ele>
        <time>2020-06-26T12:14:53.619Z</time>
    </trkpt>
    <trkpt lat="45.702201" lon="15.254285">
        <ele>432.0</ele>
        <time>2020-06-26T12:14:55.523Z</time>
    </trkpt>
    <trkpt lat="45.702157" lon="15.254151">
        <ele>432.0</ele>
        <time>2020-06-26T12:14:57.031Z</time>
    </trkpt>
    <trkpt lat="45.702105" lon="15.253988">
        <ele>432.3</ele>
        <time>2020-06-26T12:14:58.775Z</time>
    </trkpt>
    <trkpt lat="45.701974" lon="15.253725">
        <ele>431.8</ele>
        <time>2020-06-26T12:15:01.919Z</time>
    </trkpt>
    <trkpt lat="45.701609" lon="15.252905">
        <ele>429.8</ele>
        <time>2020-06-26T12:15:11.384Z</time>
    </trkpt>
    <trkpt lat="45.701567" lon="15.252948">
        <ele>429.5</ele>
        <time>2020-06-26T12:15:12.103Z</time>
        <extensions>
        <gpxtpx:TrackPointExtension>
        <gpxtpx:Extensions>
            <surface>asphalt</surface>
        </gpxtpx:Extensions>
        </gpxtpx:TrackPointExtension>
        </extensions>
    </trkpt>
    <trkpt lat="45.70094" lon="15.253606">
        <ele>427.5</ele>
        <time>2020-06-26T12:15:22.938Z</time>
        <extensions>
        <gpxtpx:TrackPointExtension>
        <gpxtpx:Extensions>
            <surface>asphalt</surface>
        </gpxtpx:Extensions>
        </gpxtpx:TrackPointExtension>
        </extensions>
    </trkpt>
    <trkpt lat="45.700842" lon="15.253707">
        <ele>427.8</ele>
        <time>2020-06-26T12:15:24.620Z</time>
    </trkpt>
    <trkpt lat="45.700766" lon="15.253817">
        <ele>427.3</ele>
        <time>2020-06-26T12:15:26.126Z</time>
    </trkpt>
    <trkpt lat="45.700745" lon="15.253862">
        <ele>427.0</ele>
        <time>2020-06-26T12:15:26.652Z</time>
    </trkpt>
    <trkpt lat="45.700673293322325" lon="15.254050064831972">
        <ele>430.8</ele>
        <time>2020-06-26T12:15:28.737Z</time>
    </trkpt>
    <trkpt lat="45.70064772851765" lon="15.254152156412601">
        <ele>431.0</ele>
        <time>2020-06-26T12:15:29.737Z</time>
    </trkpt>
    <trkpt lat="45.70062283426523" lon="15.254361368715763">
        <ele>431.4</ele>
        <time>2020-06-26T12:15:31.737Z</time>
    </trkpt>
    <trkpt lat="45.700612189248204" lon="15.254582231864333">
        <ele>432.0</ele>
        <time>2020-06-26T12:15:33.737Z</time>
    </trkpt>
    <trkpt lat="45.700609" lon="15.254692">
        <ele>428.0</ele>
        <time>2020-06-26T12:15:34.742Z</time>
        <extensions>
        <gpxtpx:TrackPointExtension>
        <gpxtpx:Extensions>
            <surface>asphalt</surface>
        </gpxtpx:Extensions>
        </gpxtpx:TrackPointExtension>
        </extensions>
    </trkpt>
    <trkpt lat="45.700606" lon="15.254737">
        <ele>428.3</ele>
        <time>2020-06-26T12:15:35.155Z</time>
        <extensions>
        <gpxtpx:TrackPointExtension>
        <gpxtpx:Extensions>
            <surface>asphalt</surface>
        </gpxtpx:Extensions>
        </gpxtpx:TrackPointExtension>
        </extensions>
    </trkpt>
    <trkpt lat="45.700566" lon="15.254879">
        <ele>428.0</ele>
        <time>2020-06-26T12:15:36.557Z</time>
        <extensions>
        <gpxtpx:TrackPointExtension>
        <gpxtpx:Extensions>
            <surface>asphalt</surface>
        </gpxtpx:Extensions>
        </gpxtpx:TrackPointExtension>
        </extensions>
    </trkpt>
    <trkpt lat="45.700454" lon="15.255075">
        <ele>427.0</ele>
        <time>2020-06-26T12:15:38.872Z</time>
        <extensions>
        <gpxtpx:TrackPointExtension>
        <gpxtpx:Extensions>
            <surface>asphalt</surface>
        </gpxtpx:Extensions>
        </gpxtpx:TrackPointExtension>
        </extensions>
    </trkpt>
    <trkpt lat="45.700288" lon="15.255219">
        <ele>425.5</ele>
        <time>2020-06-26T12:15:41.412Z</time>
        <extensions>
        <gpxtpx:TrackPointExtension>
        <gpxtpx:Extensions>
            <surface>asphalt</surface>
        </gpxtpx:Extensions>
        </gpxtpx:TrackPointExtension>
        </extensions>
    </trkpt>
    <trkpt lat="45.700128" lon="15.255308">
        <ele>424.5</ele>
        <time>2020-06-26T12:15:43.658Z</time>
        <extensions>
        <gpxtpx:TrackPointExtension>
        <gpxtpx:Extensions>
            <surface>asphalt</surface>
        </gpxtpx:Extensions>
        </gpxtpx:TrackPointExtension>
        </extensions>
    </trkpt>
    <trkpt lat="45.699409" lon="15.255624">
        <ele>425.0</ele>
        <time>2020-06-26T12:15:53.502Z</time>
        <extensions>
        <gpxtpx:TrackPointExtension>
        <gpxtpx:Extensions>
            <surface>asphalt</surface>
        </gpxtpx:Extensions>
        </gpxtpx:TrackPointExtension>
        </extensions>
    </trkpt>
    <trkpt lat="45.699394" lon="15.255631">
        <ele>425.0</ele>
        <time>2020-06-26T12:15:53.706Z</time>
        <extensions>
        <gpxtpx:TrackPointExtension>
        <gpxtpx:Extensions>
            <surface>asphalt</surface>
        </gpxtpx:Extensions>
        </gpxtpx:TrackPointExtension>
        </extensions>
    </trkpt>
    <trkpt lat="45.699192" lon="15.255738">
        <ele>426.5</ele>
        <time>2020-06-26T12:15:56.500Z</time>
        <extensions>
        <gpxtpx:TrackPointExtension>
        <gpxtpx:Extensions>
            <surface>asphalt</surface>
        </gpxtpx:Extensions>
        </gpxtpx:TrackPointExtension>
        </extensions>
    </trkpt>
    <trkpt lat="45.699021" lon="15.255893">
        <ele>426.3</ele>
        <time>2020-06-26T12:15:59.126Z</time>
        <extensions>
        <gpxtpx:TrackPointExtension>
        <gpxtpx:Extensions>
            <surface>asphalt</surface>
        </gpxtpx:Extensions>
        </gpxtpx:TrackPointExtension>
        </extensions>
    </trkpt>
    <trkpt lat="45.69894" lon="15.256082">
        <ele>426.3</ele>
        <time>2020-06-26T12:16:01.153Z</time>
        <extensions>
        <gpxtpx:TrackPointExtension>
        <gpxtpx:Extensions>
            <surface>asphalt</surface>
        </gpxtpx:Extensions>
        </gpxtpx:TrackPointExtension>
        </extensions>
    </trkpt>
    <trkpt lat="45.698915" lon="15.256142">
        <ele>426.5</ele>
        <time>2020-06-26T12:16:01.791Z</time>
        <extensions>
        <gpxtpx:TrackPointExtension>
        <gpxtpx:Extensions>
            <surface>asphalt</surface>
        </gpxtpx:Extensions>
        </gpxtpx:TrackPointExtension>
        </extensions>
    </trkpt>
    <trkpt lat="45.698829" lon="15.256408">
        <ele>426.8</ele>
        <time>2020-06-26T12:16:04.471Z</time>
        <extensions>
        <gpxtpx:TrackPointExtension>
        <gpxtpx:Extensions>
            <surface>asphalt</surface>
        </gpxtpx:Extensions>
        </gpxtpx:TrackPointExtension>
        </extensions>
    </trkpt>
    <trkpt lat="45.698735" lon="15.256957">
        <ele>427.8</ele>
        <time>2020-06-26T12:16:09.639Z</time>
        <extensions>
        <gpxtpx:TrackPointExtension>
        <gpxtpx:Extensions>
            <surface>asphalt</surface>
        </gpxtpx:Extensions>
        </gpxtpx:TrackPointExtension>
        </extensions>
    </trkpt>
    <trkpt lat="45.698642" lon="15.257235">
        <ele>427.5</ele>
        <time>2020-06-26T12:16:12.432Z</time>
        <extensions>
        <gpxtpx:TrackPointExtension>
        <gpxtpx:Extensions>
            <surface>asphalt</surface>
        </gpxtpx:Extensions>
        </gpxtpx:TrackPointExtension>
        </extensions>
    </trkpt>
    <trkpt lat="45.698625" lon="15.257288">
        <ele>427.5</ele>
        <time>2020-06-26T12:16:12.960Z</time>
        <extensions>
        <gpxtpx:TrackPointExtension>
        <gpxtpx:Extensions>
            <surface>asphalt</surface>
        </gpxtpx:Extensions>
        </gpxtpx:TrackPointExtension>
        </extensions>
    </trkpt>
    <trkpt lat="45.698485" lon="15.257563">
        <ele>427.0</ele>
        <time>2020-06-26T12:16:16.044Z</time>
        <extensions>
        <gpxtpx:TrackPointExtension>
        <gpxtpx:Extensions>
            <surface>asphalt</surface>
        </gpxtpx:Extensions>
        </gpxtpx:TrackPointExtension>
        </extensions>
    </trkpt>
    <trkpt lat="45.698215" lon="15.258007">
        <ele>427.5</ele>
        <time>2020-06-26T12:16:21.379Z</time>
        <extensions>
        <gpxtpx:TrackPointExtension>
        <gpxtpx:Extensions>
            <surface>asphalt</surface>
        </gpxtpx:Extensions>
        </gpxtpx:TrackPointExtension>
        </extensions>
    </trkpt>
    <trkpt lat="45.698138" lon="15.258188">
        <ele>428.0</ele>
        <time>2020-06-26T12:16:23.238Z</time>
        <extensions>
        <gpxtpx:TrackPointExtension>
        <gpxtpx:Extensions>
            <surface>asphalt</surface>
        </gpxtpx:Extensions>
        </gpxtpx:TrackPointExtension>
        </extensions>
    </trkpt>
    <trkpt lat="45.69811" lon="15.258255">
        <ele>428.5</ele>
        <time>2020-06-26T12:16:23.923Z</time>
        <extensions>
        <gpxtpx:TrackPointExtension>
        <gpxtpx:Extensions>
            <surface>asphalt</surface>
        </gpxtpx:Extensions>
        </gpxtpx:TrackPointExtension>
        </extensions>
    </trkpt>
    <trkpt lat="45.698018" lon="15.258615">
        <ele>430.3</ele>
        <time>2020-06-26T12:16:27.287Z</time>
        <extensions>
        <gpxtpx:TrackPointExtension>
        <gpxtpx:Extensions>
            <surface>asphalt</surface>
        </gpxtpx:Extensions>
        </gpxtpx:TrackPointExtension>
        </extensions>
    </trkpt>
    <trkpt lat="45.69796" lon="15.258758">
        <ele>430.8</ele>
        <time>2020-06-26T12:16:28.738Z</time>
        <extensions>
        <gpxtpx:TrackPointExtension>
        <gpxtpx:Extensions>
            <surface>asphalt</surface>
        </gpxtpx:Extensions>
        </gpxtpx:TrackPointExtension>
        </extensions>
    </trkpt>
    <trkpt lat="45.69788" lon="15.258884">
        <ele>430.8</ele>
        <time>2020-06-26T12:16:30.232Z</time>
        <extensions>
        <gpxtpx:TrackPointExtension>
        <gpxtpx:Extensions>
            <surface>asphalt</surface>
        </gpxtpx:Extensions>
        </gpxtpx:TrackPointExtension>
        </extensions>
    </trkpt>
    <trkpt lat="45.697843" lon="15.258909">
        <ele>430.5</ele>
        <time>2020-06-26T12:16:30.739Z</time>
        <extensions>
        <gpxtpx:TrackPointExtension>
        <gpxtpx:Extensions>
            <surface>asphalt</surface>
        </gpxtpx:Extensions>
        </gpxtpx:TrackPointExtension>
        </extensions>
    </trkpt>
    <trkpt lat="45.697745" lon="15.258978">
        <ele>430.0</ele>
        <time>2020-06-26T12:16:32.092Z</time>
        <extensions>
        <gpxtpx:TrackPointExtension>
        <gpxtpx:Extensions>
            <surface>asphalt</surface>
        </gpxtpx:Extensions>
        </gpxtpx:TrackPointExtension>
        </extensions>
    </trkpt>
    <trkpt lat="45.697644" lon="15.258999">
        <ele>429.0</ele>
        <time>2020-06-26T12:16:33.357Z</time>
        <extensions>
        <gpxtpx:TrackPointExtension>
        <gpxtpx:Extensions>
            <surface>asphalt</surface>
        </gpxtpx:Extensions>
        </gpxtpx:TrackPointExtension>
        </extensions>
    </trkpt>
    <trkpt lat="45.697303" lon="15.259018">
        <ele>424.5</ele>
        <time>2020-06-26T12:16:37.587Z</time>
        <extensions>
        <gpxtpx:TrackPointExtension>
        <gpxtpx:Extensions>
            <surface>asphalt</surface>
        </gpxtpx:Extensions>
        </gpxtpx:TrackPointExtension>
        </extensions>
    </trkpt>
    <trkpt lat="45.6972" lon="15.259052">
        <ele>423.3</ele>
        <time>2020-06-26T12:16:38.897Z</time>
        <extensions>
        <gpxtpx:TrackPointExtension>
        <gpxtpx:Extensions>
            <surface>asphalt</surface>
        </gpxtpx:Extensions>
        </gpxtpx:TrackPointExtension>
        </extensions>
    </trkpt>
    <trkpt lat="45.697095" lon="15.259112">
        <ele>422.5</ele>
        <time>2020-06-26T12:16:40.298Z</time>
        <extensions>
        <gpxtpx:TrackPointExtension>
        <gpxtpx:Extensions>
            <surface>asphalt</surface>
        </gpxtpx:Extensions>
        </gpxtpx:TrackPointExtension>
        </extensions>
    </trkpt>
    <trkpt lat="45.697078" lon="15.259133">
        <ele>422.5</ele>
        <time>2020-06-26T12:16:40.576Z</time>
        <extensions>
        <gpxtpx:TrackPointExtension>
        <gpxtpx:Extensions>
            <surface>asphalt</surface>
        </gpxtpx:Extensions>
        </gpxtpx:TrackPointExtension>
        </extensions>
    </trkpt>
    <trkpt lat="45.696756" lon="15.259549">
        <ele>424.8</ele>
        <time>2020-06-26T12:16:45.953Z</time>
        <extensions>
        <gpxtpx:TrackPointExtension>
        <gpxtpx:Extensions>
            <surface>asphalt</surface>
        </gpxtpx:Extensions>
        </gpxtpx:TrackPointExtension>
        </extensions>
    </trkpt>
    <trkpt lat="45.696589" lon="15.25971">
        <ele>425.5</ele>
        <time>2020-06-26T12:16:48.449Z</time>
        <extensions>
        <gpxtpx:TrackPointExtension>
        <gpxtpx:Extensions>
            <surface>asphalt</surface>
        </gpxtpx:Extensions>
        </gpxtpx:TrackPointExtension>
        </extensions>
    </trkpt>
    <trkpt lat="45.696114" lon="15.259989">
        <ele>425.5</ele>
        <time>2020-06-26T12:16:54.814Z</time>
        <extensions>
        <gpxtpx:TrackPointExtension>
        <gpxtpx:Extensions>
            <surface>asphalt</surface>
        </gpxtpx:Extensions>
        </gpxtpx:TrackPointExtension>
        </extensions>
    </trkpt>
    <trkpt lat="45.696039" lon="15.260034">
        <ele>425.8</ele>
        <time>2020-06-26T12:16:55.793Z</time>
        <extensions>
        <gpxtpx:TrackPointExtension>
        <gpxtpx:Extensions>
            <surface>asphalt</surface>
        </gpxtpx:Extensions>
        </gpxtpx:TrackPointExtension>
        </extensions>
    </trkpt>
    <trkpt lat="45.695816" lon="15.260147">
        <ele>426.3</ele>
        <time>2020-06-26T12:16:58.642Z</time>
        <extensions>
        <gpxtpx:TrackPointExtension>
        <gpxtpx:Extensions>
            <surface>asphalt</surface>
        </gpxtpx:Extensions>
        </gpxtpx:TrackPointExtension>
        </extensions>
    </trkpt>
    <trkpt lat="45.69558" lon="15.260134">
        <ele>427.8</ele>
        <time>2020-06-26T12:17:01.486Z</time>
        <extensions>
        <gpxtpx:TrackPointExtension>
        <gpxtpx:Extensions>
            <surface>asphalt</surface>
        </gpxtpx:Extensions>
        </gpxtpx:TrackPointExtension>
        </extensions>
    </trkpt>
    <trkpt lat="45.695545" lon="15.260119">
        <ele>427.8</ele>
        <time>2020-06-26T12:17:01.919Z</time>
        <extensions>
        <gpxtpx:TrackPointExtension>
        <gpxtpx:Extensions>
            <surface>asphalt</surface>
        </gpxtpx:Extensions>
        </gpxtpx:TrackPointExtension>
        </extensions>
    </trkpt>
    <trkpt lat="45.695258" lon="15.259996">
        <ele>427.8</ele>
        <time>2020-06-26T12:17:05.472Z</time>
        <extensions>
        <gpxtpx:TrackPointExtension>
        <gpxtpx:Extensions>
            <surface>asphalt</surface>
        </gpxtpx:Extensions>
        </gpxtpx:TrackPointExtension>
        </extensions>
    </trkpt>
    <trkpt lat="45.694896" lon="15.259733">
        <ele>426.0</ele>
        <time>2020-06-26T12:17:10.286Z</time>
        <extensions>
        <gpxtpx:TrackPointExtension>
        <gpxtpx:Extensions>
            <surface>asphalt</surface>
        </gpxtpx:Extensions>
        </gpxtpx:TrackPointExtension>
        </extensions>
    </trkpt>
    <trkpt lat="45.694473" lon="15.259484">
        <ele>424.0</ele>
        <time>2020-06-26T12:17:15.710Z</time>
        <extensions>
        <gpxtpx:TrackPointExtension>
        <gpxtpx:Extensions>
            <surface>asphalt</surface>
        </gpxtpx:Extensions>
        </gpxtpx:TrackPointExtension>
        </extensions>
    </trkpt>
    <trkpt lat="45.694429" lon="15.259468">
        <ele>424.0</ele>
        <time>2020-06-26T12:17:16.221Z</time>
        <extensions>
        <gpxtpx:TrackPointExtension>
        <gpxtpx:Extensions>
            <surface>asphalt</surface>
        </gpxtpx:Extensions>
        </gpxtpx:TrackPointExtension>
        </extensions>
    </trkpt>
    <trkpt lat="45.694218" lon="15.259397">
        <ele>424.0</ele>
        <time>2020-06-26T12:17:18.662Z</time>
        <extensions>
        <gpxtpx:TrackPointExtension>
        <gpxtpx:Extensions>
            <surface>asphalt</surface>
        </gpxtpx:Extensions>
        </gpxtpx:TrackPointExtension>
        </extensions>
    </trkpt>
    <trkpt lat="45.693948" lon="15.259344">
        <ele>424.0</ele>
        <time>2020-06-26T12:17:21.731Z</time>
        <extensions>
        <gpxtpx:TrackPointExtension>
        <gpxtpx:Extensions>
            <surface>asphalt</surface>
        </gpxtpx:Extensions>
        </gpxtpx:TrackPointExtension>
        </extensions>
    </trkpt>
    <trkpt lat="45.6936" lon="15.259197">
        <ele>423.5</ele>
        <time>2020-06-26T12:17:25.817Z</time>
        <extensions>
        <gpxtpx:TrackPointExtension>
        <gpxtpx:Extensions>
            <surface>asphalt</surface>
        </gpxtpx:Extensions>
        </gpxtpx:TrackPointExtension>
        </extensions>
    </trkpt>
    <trkpt lat="45.693371" lon="15.259079">
        <ele>423.5</ele>
        <time>2020-06-26T12:17:28.558Z</time>
        <extensions>
        <gpxtpx:TrackPointExtension>
        <gpxtpx:Extensions>
            <surface>asphalt</surface>
        </gpxtpx:Extensions>
        </gpxtpx:TrackPointExtension>
        </extensions>
    </trkpt>
    <trkpt lat="45.693178" lon="15.258998">
        <ele>423.3</ele>
        <time>2020-06-26T12:17:30.823Z</time>
        <extensions>
        <gpxtpx:TrackPointExtension>
        <gpxtpx:Extensions>
            <surface>asphalt</surface>
        </gpxtpx:Extensions>
        </gpxtpx:TrackPointExtension>
        </extensions>
    </trkpt>
    <trkpt lat="45.69305" lon="15.258975">
        <ele>423.3</ele>
        <time>2020-06-26T12:17:32.177Z</time>
        <extensions>
        <gpxtpx:TrackPointExtension>
        <gpxtpx:Extensions>
            <surface>asphalt</surface>
        </gpxtpx:Extensions>
        </gpxtpx:TrackPointExtension>
        </extensions>
    </trkpt>
    <trkpt lat="45.693004" lon="15.258968">
        <ele>423.3</ele>
        <time>2020-06-26T12:17:32.662Z</time>
        <extensions>
        <gpxtpx:TrackPointExtension>
        <gpxtpx:Extensions>
            <surface>asphalt</surface>
        </gpxtpx:Extensions>
        </gpxtpx:TrackPointExtension>
        </extensions>
    </trkpt>
    <trkpt lat="45.692826" lon="15.258959">
        <ele>423.3</ele>
        <time>2020-06-26T12:17:34.532Z</time>
        <extensions>
        <gpxtpx:TrackPointExtension>
        <gpxtpx:Extensions>
            <surface>asphalt</surface>
        </gpxtpx:Extensions>
        </gpxtpx:TrackPointExtension>
        </extensions>
    </trkpt>
    <trkpt lat="45.692505" lon="15.259001">
        <ele>423.5</ele>
        <time>2020-06-26T12:17:37.916Z</time>
        <extensions>
        <gpxtpx:TrackPointExtension>
        <gpxtpx:Extensions>
            <surface>asphalt</surface>
        </gpxtpx:Extensions>
        </gpxtpx:TrackPointExtension>
        </extensions>
    </trkpt>
    <trkpt lat="45.692477" lon="15.259005">
        <ele>423.3</ele>
        <time>2020-06-26T12:17:38.211Z</time>
        <extensions>
        <gpxtpx:TrackPointExtension>
        <gpxtpx:Extensions>
            <surface>asphalt</surface>
        </gpxtpx:Extensions>
        </gpxtpx:TrackPointExtension>
        </extensions>
    </trkpt>
    <trkpt lat="45.692296" lon="15.258996">
        <ele>421.8</ele>
        <time>2020-06-26T12:17:40.112Z</time>
        <extensions>
        <gpxtpx:TrackPointExtension>
        <gpxtpx:Extensions>
            <surface>asphalt</surface>
        </gpxtpx:Extensions>
        </gpxtpx:TrackPointExtension>
        </extensions>
    </trkpt>
    <trkpt lat="45.692158" lon="15.258935">
        <ele>420.3</ele>
        <time>2020-06-26T12:17:41.628Z</time>
        <extensions>
        <gpxtpx:TrackPointExtension>
        <gpxtpx:Extensions>
            <surface>asphalt</surface>
        </gpxtpx:Extensions>
        </gpxtpx:TrackPointExtension>
        </extensions>
    </trkpt>
    <trkpt lat="45.691733" lon="15.258624">
        <ele>415.5</ele>
        <time>2020-06-26T12:17:46.639Z</time>
        <extensions>
        <gpxtpx:TrackPointExtension>
        <gpxtpx:Extensions>
            <surface>asphalt</surface>
        </gpxtpx:Extensions>
        </gpxtpx:TrackPointExtension>
        </extensions>
    </trkpt>
    <trkpt lat="45.691648" lon="15.25858">
        <ele>414.3</ele>
        <time>2020-06-26T12:17:47.433Z</time>
        <extensions>
        <gpxtpx:TrackPointExtension>
        <gpxtpx:Extensions>
            <surface>asphalt</surface>
        </gpxtpx:Extensions>
        </gpxtpx:TrackPointExtension>
        </extensions>
    </trkpt>
    <trkpt lat="45.691612" lon="15.258562">
        <ele>414.0</ele>
        <time>2020-06-26T12:17:47.768Z</time>
        <extensions>
        <gpxtpx:TrackPointExtension>
        <gpxtpx:Extensions>
            <surface>asphalt</surface>
        </gpxtpx:Extensions>
        </gpxtpx:TrackPointExtension>
        </extensions>
    </trkpt>
    <trkpt lat="45.691506" lon="15.258541">
        <ele>412.8</ele>
        <time>2020-06-26T12:17:48.708Z</time>
        <extensions>
        <gpxtpx:TrackPointExtension>
        <gpxtpx:Extensions>
            <surface>asphalt</surface>
        </gpxtpx:Extensions>
        </gpxtpx:TrackPointExtension>
        </extensions>
    </trkpt>
    <trkpt lat="45.691403" lon="15.258553">
        <ele>411.8</ele>
        <time>2020-06-26T12:17:49.616Z</time>
        <extensions>
        <gpxtpx:TrackPointExtension>
        <gpxtpx:Extensions>
            <surface>asphalt</surface>
        </gpxtpx:Extensions>
        </gpxtpx:TrackPointExtension>
        </extensions>
    </trkpt>
    <trkpt lat="45.691301" lon="15.258591">
        <ele>410.5</ele>
        <time>2020-06-26T12:17:50.542Z</time>
        <extensions>
        <gpxtpx:TrackPointExtension>
        <gpxtpx:Extensions>
            <surface>asphalt</surface>
        </gpxtpx:Extensions>
        </gpxtpx:TrackPointExtension>
        </extensions>
    </trkpt>
    <trkpt lat="45.691206" lon="15.258653">
        <ele>409.5</ele>
        <time>2020-06-26T12:17:51.459Z</time>
        <extensions>
        <gpxtpx:TrackPointExtension>
        <gpxtpx:Extensions>
            <surface>asphalt</surface>
        </gpxtpx:Extensions>
        </gpxtpx:TrackPointExtension>
        </extensions>
    </trkpt>
    <trkpt lat="45.691093" lon="15.258826">
        <ele>408.8</ele>
        <time>2020-06-26T12:17:52.913Z</time>
        <extensions>
        <gpxtpx:TrackPointExtension>
        <gpxtpx:Extensions>
            <surface>asphalt</surface>
        </gpxtpx:Extensions>
        </gpxtpx:TrackPointExtension>
        </extensions>
    </trkpt>
    <trkpt lat="45.691072" lon="15.258873">
        <ele>408.5</ele>
        <time>2020-06-26T12:17:53.236Z</time>
        <extensions>
        <gpxtpx:TrackPointExtension>
        <gpxtpx:Extensions>
            <surface>asphalt</surface>
        </gpxtpx:Extensions>
        </gpxtpx:TrackPointExtension>
        </extensions>
    </trkpt>
    <trkpt lat="45.691009" lon="15.259023">
        <ele>408.0</ele>
        <time>2020-06-26T12:17:54.250Z</time>
        <extensions>
        <gpxtpx:TrackPointExtension>
        <gpxtpx:Extensions>
            <surface>asphalt</surface>
        </gpxtpx:Extensions>
        </gpxtpx:TrackPointExtension>
        </extensions>
    </trkpt>
    <trkpt lat="45.690922" lon="15.25926">
        <ele>407.0</ele>
        <time>2020-06-26T12:17:55.802Z</time>
        <extensions>
        <gpxtpx:TrackPointExtension>
        <gpxtpx:Extensions>
            <surface>asphalt</surface>
        </gpxtpx:Extensions>
        </gpxtpx:TrackPointExtension>
        </extensions>
    </trkpt>
    <trkpt lat="45.690862" lon="15.259497">
        <ele>406.3</ele>
        <time>2020-06-26T12:17:57.263Z</time>
        <extensions>
        <gpxtpx:TrackPointExtension>
        <gpxtpx:Extensions>
            <surface>asphalt</surface>
        </gpxtpx:Extensions>
        </gpxtpx:TrackPointExtension>
        </extensions>
    </trkpt>
    <trkpt lat="45.690835" lon="15.25961">
        <ele>406.0</ele>
        <time>2020-06-26T12:17:57.955Z</time>
        <extensions>
        <gpxtpx:TrackPointExtension>
        <gpxtpx:Extensions>
            <surface>asphalt</surface>
        </gpxtpx:Extensions>
        </gpxtpx:TrackPointExtension>
        </extensions>
    </trkpt>
    <trkpt lat="45.690822" lon="15.259705">
        <ele>405.8</ele>
        <time>2020-06-26T12:17:58.502Z</time>
        <extensions>
        <gpxtpx:TrackPointExtension>
        <gpxtpx:Extensions>
            <surface>asphalt</surface>
        </gpxtpx:Extensions>
        </gpxtpx:TrackPointExtension>
        </extensions>
    </trkpt>
    <trkpt lat="45.690819" lon="15.259728">
        <ele>405.8</ele>
        <time>2020-06-26T12:17:58.634Z</time>
        <extensions>
        <gpxtpx:TrackPointExtension>
        <gpxtpx:Extensions>
            <surface>asphalt</surface>
        </gpxtpx:Extensions>
        </gpxtpx:TrackPointExtension>
        </extensions>
    </trkpt>
    <trkpt lat="45.690804" lon="15.259948">
        <ele>405.5</ele>
        <time>2020-06-26T12:17:59.884Z</time>
        <extensions>
        <gpxtpx:TrackPointExtension>
        <gpxtpx:Extensions>
            <surface>asphalt</surface>
        </gpxtpx:Extensions>
        </gpxtpx:TrackPointExtension>
        </extensions>
    </trkpt>
    <trkpt lat="45.690804" lon="15.260183">
        <ele>404.0</ele>
        <time>2020-06-26T12:18:01.213Z</time>
        <extensions>
        <gpxtpx:TrackPointExtension>
        <gpxtpx:Extensions>
            <surface>asphalt</surface>
        </gpxtpx:Extensions>
        </gpxtpx:TrackPointExtension>
        </extensions>
    </trkpt>
    <trkpt lat="45.690811" lon="15.260228">
        <ele>403.5</ele>
        <time>2020-06-26T12:18:01.471Z</time>
    </trkpt>
    <trkpt lat="45.690842" lon="15.260426">
        <ele>402.5</ele>
        <time>2020-06-26T12:18:02.609Z</time>
    </trkpt>
    <trkpt lat="45.690939" lon="15.260668">
        <ele>402.3</ele>
        <time>2020-06-26T12:18:04.174Z</time>
    </trkpt>
    <trkpt lat="45.691078" lon="15.261022">
        <ele>402.8</ele>
        <time>2020-06-26T12:18:06.452Z</time>
    </trkpt>
    <trkpt lat="45.691091" lon="15.261072">
        <ele>402.8</ele>
        <time>2020-06-26T12:18:06.751Z</time>
        <extensions>
        <gpxtpx:TrackPointExtension>
        <gpxtpx:Extensions>
            <surface>asphalt</surface>
        </gpxtpx:Extensions>
        </gpxtpx:TrackPointExtension>
        </extensions>
    </trkpt>
    <trkpt lat="45.691122" lon="15.261193">
        <ele>402.8</ele>
        <time>2020-06-26T12:18:07.473Z</time>
        <extensions>
        <gpxtpx:TrackPointExtension>
        <gpxtpx:Extensions>
            <surface>asphalt</surface>
        </gpxtpx:Extensions>
        </gpxtpx:TrackPointExtension>
        </extensions>
    </trkpt>
    <trkpt lat="45.691139" lon="15.26138">
        <ele>402.0</ele>
        <time>2020-06-26T12:18:08.530Z</time>
        <extensions>
        <gpxtpx:TrackPointExtension>
        <gpxtpx:Extensions>
            <surface>asphalt</surface>
        </gpxtpx:Extensions>
        </gpxtpx:TrackPointExtension>
        </extensions>
    </trkpt>
    <trkpt lat="45.691134" lon="15.261437">
        <ele>401.5</ele>
        <time>2020-06-26T12:18:08.847Z</time>
        <extensions>
        <gpxtpx:TrackPointExtension>
        <gpxtpx:Extensions>
            <surface>asphalt</surface>
        </gpxtpx:Extensions>
        </gpxtpx:TrackPointExtension>
        </extensions>
    </trkpt>
    <trkpt lat="45.691125" lon="15.261569">
        <ele>401.0</ele>
        <time>2020-06-26T12:18:09.580Z</time>
        <extensions>
        <gpxtpx:TrackPointExtension>
        <gpxtpx:Extensions>
            <surface>asphalt</surface>
        </gpxtpx:Extensions>
        </gpxtpx:TrackPointExtension>
        </extensions>
    </trkpt>
    <trkpt lat="45.690984" lon="15.261867">
        <ele>397.5</ele>
        <time>2020-06-26T12:18:11.571Z</time>
        <extensions>
        <gpxtpx:TrackPointExtension>
        <gpxtpx:Extensions>
            <surface>asphalt</surface>
        </gpxtpx:Extensions>
        </gpxtpx:TrackPointExtension>
        </extensions>
    </trkpt>
    <trkpt lat="45.690748" lon="15.262291">
        <ele>392.8</ele>
        <time>2020-06-26T12:18:14.570Z</time>
        <extensions>
        <gpxtpx:TrackPointExtension>
        <gpxtpx:Extensions>
            <surface>asphalt</surface>
        </gpxtpx:Extensions>
        </gpxtpx:TrackPointExtension>
        </extensions>
    </trkpt>
    <trkpt lat="45.690693" lon="15.262436">
        <ele>391.3</ele>
        <time>2020-06-26T12:18:15.482Z</time>
        <extensions>
        <gpxtpx:TrackPointExtension>
        <gpxtpx:Extensions>
            <surface>asphalt</surface>
        </gpxtpx:Extensions>
        </gpxtpx:TrackPointExtension>
        </extensions>
    </trkpt>
    <trkpt lat="45.690688" lon="15.26247">
        <ele>391.0</ele>
        <time>2020-06-26T12:18:15.689Z</time>
        <extensions>
        <gpxtpx:TrackPointExtension>
        <gpxtpx:Extensions>
            <surface>asphalt</surface>
        </gpxtpx:Extensions>
        </gpxtpx:TrackPointExtension>
        </extensions>
    </trkpt>
    <trkpt lat="45.690643" lon="15.262804">
        <ele>389.8</ele>
        <time>2020-06-26T12:18:17.716Z</time>
        <extensions>
        <gpxtpx:TrackPointExtension>
        <gpxtpx:Extensions>
            <surface>asphalt</surface>
        </gpxtpx:Extensions>
        </gpxtpx:TrackPointExtension>
        </extensions>
    </trkpt>
    <trkpt lat="45.690648" lon="15.262969">
        <ele>389.5</ele>
        <time>2020-06-26T12:18:18.700Z</time>
        <extensions>
        <gpxtpx:TrackPointExtension>
        <gpxtpx:Extensions>
            <surface>asphalt</surface>
        </gpxtpx:Extensions>
        </gpxtpx:TrackPointExtension>
        </extensions>
    </trkpt>
    <trkpt lat="45.690676" lon="15.263141">
        <ele>389.8</ele>
        <time>2020-06-26T12:18:19.752Z</time>
        <extensions>
        <gpxtpx:TrackPointExtension>
        <gpxtpx:Extensions>
            <surface>asphalt</surface>
        </gpxtpx:Extensions>
        </gpxtpx:TrackPointExtension>
        </extensions>
    </trkpt>
    <trkpt lat="45.690724" lon="15.263297">
        <ele>390.3</ele>
        <time>2020-06-26T12:18:20.767Z</time>
        <extensions>
        <gpxtpx:TrackPointExtension>
        <gpxtpx:Extensions>
            <surface>asphalt</surface>
        </gpxtpx:Extensions>
        </gpxtpx:TrackPointExtension>
        </extensions>
    </trkpt>
    <trkpt lat="45.690739" lon="15.263336">
        <ele>390.0</ele>
        <time>2020-06-26T12:18:21.036Z</time>
        <extensions>
        <gpxtpx:TrackPointExtension>
        <gpxtpx:Extensions>
            <surface>asphalt</surface>
        </gpxtpx:Extensions>
        </gpxtpx:TrackPointExtension>
        </extensions>
    </trkpt>
    <trkpt lat="45.690794" lon="15.26347">
        <ele>389.5</ele>
        <time>2020-06-26T12:18:21.978Z</time>
        <extensions>
        <gpxtpx:TrackPointExtension>
        <gpxtpx:Extensions>
            <surface>asphalt</surface>
        </gpxtpx:Extensions>
        </gpxtpx:TrackPointExtension>
        </extensions>
    </trkpt>
    <trkpt lat="45.691191" lon="15.264169">
        <ele>388.3</ele>
        <time>2020-06-26T12:18:27.441Z</time>
        <extensions>
        <gpxtpx:TrackPointExtension>
        <gpxtpx:Extensions>
            <surface>asphalt</surface>
        </gpxtpx:Extensions>
        </gpxtpx:TrackPointExtension>
        </extensions>
    </trkpt>
    <trkpt lat="45.69125" lon="15.264314">
        <ele>388.0</ele>
        <time>2020-06-26T12:18:28.458Z</time>
        <extensions>
        <gpxtpx:TrackPointExtension>
        <gpxtpx:Extensions>
            <surface>asphalt</surface>
        </gpxtpx:Extensions>
        </gpxtpx:TrackPointExtension>
        </extensions>
    </trkpt>
    <trkpt lat="45.691282" lon="15.264472">
        <ele>387.0</ele>
        <time>2020-06-26T12:18:29.455Z</time>
        <extensions>
        <gpxtpx:TrackPointExtension>
        <gpxtpx:Extensions>
            <surface>asphalt</surface>
        </gpxtpx:Extensions>
        </gpxtpx:TrackPointExtension>
        </extensions>
    </trkpt>
    <trkpt lat="45.691288" lon="15.264585">
        <ele>386.3</ele>
        <time>2020-06-26T12:18:30.142Z</time>
        <extensions>
        <gpxtpx:TrackPointExtension>
        <gpxtpx:Extensions>
            <surface>asphalt</surface>
        </gpxtpx:Extensions>
        </gpxtpx:TrackPointExtension>
        </extensions>
    </trkpt>
    <trkpt lat="45.691289" lon="15.26459">
        <ele>386.3</ele>
        <time>2020-06-26T12:18:30.173Z</time>
        <extensions>
        <gpxtpx:TrackPointExtension>
        <gpxtpx:Extensions>
            <surface>asphalt</surface>
        </gpxtpx:Extensions>
        </gpxtpx:TrackPointExtension>
        </extensions>
    </trkpt>
    <trkpt lat="45.691285" lon="15.26476">
        <ele>384.5</ele>
        <time>2020-06-26T12:18:31.204Z</time>
        <extensions>
        <gpxtpx:TrackPointExtension>
        <gpxtpx:Extensions>
            <surface>asphalt</surface>
        </gpxtpx:Extensions>
        </gpxtpx:TrackPointExtension>
        </extensions>
    </trkpt>
    <trkpt lat="45.691252" lon="15.26489">
        <ele>382.5</ele>
        <time>2020-06-26T12:18:32.042Z</time>
        <extensions>
        <gpxtpx:TrackPointExtension>
        <gpxtpx:Extensions>
            <surface>asphalt</surface>
        </gpxtpx:Extensions>
        </gpxtpx:TrackPointExtension>
        </extensions>
    </trkpt>
    <trkpt lat="45.691219" lon="15.265001">
        <ele>380.8</ele>
        <time>2020-06-26T12:18:32.773Z</time>
        <extensions>
        <gpxtpx:TrackPointExtension>
        <gpxtpx:Extensions>
            <surface>asphalt</surface>
        </gpxtpx:Extensions>
        </gpxtpx:TrackPointExtension>
        </extensions>
    </trkpt>
    <trkpt lat="45.691164" lon="15.265109">
        <ele>379.3</ele>
        <time>2020-06-26T12:18:33.664Z</time>
        <extensions>
        <gpxtpx:TrackPointExtension>
        <gpxtpx:Extensions>
            <surface>asphalt</surface>
        </gpxtpx:Extensions>
        </gpxtpx:TrackPointExtension>
        </extensions>
    </trkpt>
    <trkpt lat="45.691162" lon="15.265114">
        <ele>379.3</ele>
        <time>2020-06-26T12:18:33.702Z</time>
        <extensions>
        <gpxtpx:TrackPointExtension>
        <gpxtpx:Extensions>
            <surface>asphalt</surface>
        </gpxtpx:Extensions>
        </gpxtpx:TrackPointExtension>
        </extensions>
    </trkpt>
    <trkpt lat="45.690928" lon="15.265446">
        <ele>375.3</ele>
        <time>2020-06-26T12:18:36.846Z</time>
        <extensions>
        <gpxtpx:TrackPointExtension>
        <gpxtpx:Extensions>
            <surface>asphalt</surface>
        </gpxtpx:Extensions>
        </gpxtpx:TrackPointExtension>
        </extensions>
    </trkpt>
    <trkpt lat="45.690847" lon="15.265584">
        <ele>374.3</ele>
        <time>2020-06-26T12:18:38.047Z</time>
        <extensions>
        <gpxtpx:TrackPointExtension>
        <gpxtpx:Extensions>
            <surface>asphalt</surface>
        </gpxtpx:Extensions>
        </gpxtpx:TrackPointExtension>
        </extensions>
    </trkpt>
    <trkpt lat="45.690794" lon="15.26571">
        <ele>373.5</ele>
        <time>2020-06-26T12:18:39.027Z</time>
        <extensions>
        <gpxtpx:TrackPointExtension>
        <gpxtpx:Extensions>
            <surface>asphalt</surface>
        </gpxtpx:Extensions>
        </gpxtpx:TrackPointExtension>
        </extensions>
    </trkpt>
    <trkpt lat="45.690788" lon="15.265738">
        <ele>373.3</ele>
        <time>2020-06-26T12:18:39.222Z</time>
        <extensions>
        <gpxtpx:TrackPointExtension>
        <gpxtpx:Extensions>
            <surface>asphalt</surface>
        </gpxtpx:Extensions>
        </gpxtpx:TrackPointExtension>
        </extensions>
    </trkpt>
    <trkpt lat="45.690765" lon="15.26587">
        <ele>373.3</ele>
        <time>2020-06-26T12:18:40.128Z</time>
        <extensions>
        <gpxtpx:TrackPointExtension>
        <gpxtpx:Extensions>
            <surface>asphalt</surface>
        </gpxtpx:Extensions>
        </gpxtpx:TrackPointExtension>
        </extensions>
    </trkpt>
    <trkpt lat="45.690755" lon="15.26602">
        <ele>372.3</ele>
        <time>2020-06-26T12:18:41.132Z</time>
        <extensions>
        <gpxtpx:TrackPointExtension>
        <gpxtpx:Extensions>
            <surface>asphalt</surface>
        </gpxtpx:Extensions>
        </gpxtpx:TrackPointExtension>
        </extensions>
    </trkpt>
    <trkpt lat="45.690766" lon="15.266156">
        <ele>371.8</ele>
        <time>2020-06-26T12:18:42.044Z</time>
        <extensions>
        <gpxtpx:TrackPointExtension>
        <gpxtpx:Extensions>
            <surface>asphalt</surface>
        </gpxtpx:Extensions>
        </gpxtpx:TrackPointExtension>
        </extensions>
    </trkpt>
    <trkpt lat="45.690777" lon="15.266204">
        <ele>371.8</ele>
        <time>2020-06-26T12:18:42.397Z</time>
        <extensions>
        <gpxtpx:TrackPointExtension>
        <gpxtpx:Extensions>
            <surface>asphalt</surface>
        </gpxtpx:Extensions>
        </gpxtpx:TrackPointExtension>
        </extensions>
    </trkpt>
    <trkpt lat="45.690803" lon="15.266319">
        <ele>372.0</ele>
        <time>2020-06-26T12:18:43.243Z</time>
        <extensions>
        <gpxtpx:TrackPointExtension>
        <gpxtpx:Extensions>
            <surface>asphalt</surface>
        </gpxtpx:Extensions>
        </gpxtpx:TrackPointExtension>
        </extensions>
    </trkpt>
    <trkpt lat="45.69085" lon="15.266395">
        <ele>372.3</ele>
        <time>2020-06-26T12:18:43.954Z</time>
        <extensions>
        <gpxtpx:TrackPointExtension>
        <gpxtpx:Extensions>
            <surface>asphalt</surface>
        </gpxtpx:Extensions>
        </gpxtpx:TrackPointExtension>
        </extensions>
    </trkpt>
    <trkpt lat="45.690942" lon="15.266518">
        <ele>372.3</ele>
        <time>2020-06-26T12:18:45.180Z</time>
        <extensions>
        <gpxtpx:TrackPointExtension>
        <gpxtpx:Extensions>
            <surface>asphalt</surface>
        </gpxtpx:Extensions>
        </gpxtpx:TrackPointExtension>
        </extensions>
    </trkpt>
    <trkpt lat="45.690971" lon="15.266558">
        <ele>372.3</ele>
        <time>2020-06-26T12:18:45.572Z</time>
        <extensions>
        <gpxtpx:TrackPointExtension>
        <gpxtpx:Extensions>
            <surface>asphalt</surface>
        </gpxtpx:Extensions>
        </gpxtpx:TrackPointExtension>
        </extensions>
    </trkpt>
    <trkpt lat="45.691198" lon="15.26675">
        <ele>372.3</ele>
        <time>2020-06-26T12:18:48.140Z</time>
        <extensions>
        <gpxtpx:TrackPointExtension>
        <gpxtpx:Extensions>
            <surface>asphalt</surface>
        </gpxtpx:Extensions>
        </gpxtpx:TrackPointExtension>
        </extensions>
    </trkpt>
    <trkpt lat="45.691287" lon="15.266838">
        <ele>372.0</ele>
        <time>2020-06-26T12:18:49.193Z</time>
        <extensions>
        <gpxtpx:TrackPointExtension>
        <gpxtpx:Extensions>
            <surface>asphalt</surface>
        </gpxtpx:Extensions>
        </gpxtpx:TrackPointExtension>
        </extensions>
    </trkpt>
    <trkpt lat="45.691387" lon="15.266992">
        <ele>371.3</ele>
        <time>2020-06-26T12:18:50.623Z</time>
        <extensions>
        <gpxtpx:TrackPointExtension>
        <gpxtpx:Extensions>
            <surface>asphalt</surface>
        </gpxtpx:Extensions>
        </gpxtpx:TrackPointExtension>
        </extensions>
    </trkpt>
    <trkpt lat="45.691441" lon="15.267135">
        <ele>370.5</ele>
        <time>2020-06-26T12:18:51.728Z</time>
        <extensions>
        <gpxtpx:TrackPointExtension>
        <gpxtpx:Extensions>
            <surface>asphalt</surface>
        </gpxtpx:Extensions>
        </gpxtpx:TrackPointExtension>
        </extensions>
    </trkpt>
    <trkpt lat="45.691453" lon="15.267166">
        <ele>370.5</ele>
        <time>2020-06-26T12:18:51.969Z</time>
        <extensions>
        <gpxtpx:TrackPointExtension>
        <gpxtpx:Extensions>
            <surface>asphalt</surface>
        </gpxtpx:Extensions>
        </gpxtpx:TrackPointExtension>
        </extensions>
    </trkpt>
    <trkpt lat="45.691482" lon="15.267339">
        <ele>369.5</ele>
        <time>2020-06-26T12:18:53.179Z</time>
        <extensions>
        <gpxtpx:TrackPointExtension>
        <gpxtpx:Extensions>
            <surface>asphalt</surface>
        </gpxtpx:Extensions>
        </gpxtpx:TrackPointExtension>
        </extensions>
    </trkpt>
    <trkpt lat="45.691485" lon="15.267379">
        <ele>369.0</ele>
        <time>2020-06-26T12:18:53.432Z</time>
        <extensions>
        <gpxtpx:TrackPointExtension>
        <gpxtpx:Extensions>
            <surface>asphalt</surface>
        </gpxtpx:Extensions>
        </gpxtpx:TrackPointExtension>
        </extensions>
    </trkpt>
    <trkpt lat="45.69149" lon="15.267433">
        <ele>368.8</ele>
        <time>2020-06-26T12:18:53.775Z</time>
        <extensions>
        <gpxtpx:TrackPointExtension>
        <gpxtpx:Extensions>
            <surface>asphalt</surface>
        </gpxtpx:Extensions>
        </gpxtpx:TrackPointExtension>
        </extensions>
    </trkpt>
    <trkpt lat="45.691484" lon="15.267547">
        <ele>368.5</ele>
        <time>2020-06-26T12:18:54.496Z</time>
        <extensions>
        <gpxtpx:TrackPointExtension>
        <gpxtpx:Extensions>
            <surface>asphalt</surface>
        </gpxtpx:Extensions>
        </gpxtpx:TrackPointExtension>
        </extensions>
    </trkpt>
    <trkpt lat="45.69145" lon="15.267704">
        <ele>369.3</ele>
        <time>2020-06-26T12:18:55.509Z</time>
        <extensions>
        <gpxtpx:TrackPointExtension>
        <gpxtpx:Extensions>
            <surface>asphalt</surface>
        </gpxtpx:Extensions>
        </gpxtpx:TrackPointExtension>
        </extensions>
    </trkpt>
    <trkpt lat="45.691449" lon="15.267712">
        <ele>369.5</ele>
        <time>2020-06-26T12:18:55.559Z</time>
        <extensions>
        <gpxtpx:TrackPointExtension>
        <gpxtpx:Extensions>
            <surface>asphalt</surface>
        </gpxtpx:Extensions>
        </gpxtpx:TrackPointExtension>
        </extensions>
    </trkpt>
    <trkpt lat="45.691394" lon="15.26785">
        <ele>369.5</ele>
        <time>2020-06-26T12:18:56.538Z</time>
        <extensions>
        <gpxtpx:TrackPointExtension>
        <gpxtpx:Extensions>
            <surface>asphalt</surface>
        </gpxtpx:Extensions>
        </gpxtpx:TrackPointExtension>
        </extensions>
    </trkpt>
    <trkpt lat="45.691304" lon="15.267999">
        <ele>369.3</ele>
        <time>2020-06-26T12:18:57.752Z</time>
        <extensions>
        <gpxtpx:TrackPointExtension>
        <gpxtpx:Extensions>
            <surface>asphalt</surface>
        </gpxtpx:Extensions>
        </gpxtpx:TrackPointExtension>
        </extensions>
    </trkpt>
    <trkpt lat="45.691205" lon="15.268095">
        <ele>368.3</ele>
        <time>2020-06-26T12:18:58.769Z</time>
        <extensions>
        <gpxtpx:TrackPointExtension>
        <gpxtpx:Extensions>
            <surface>asphalt</surface>
        </gpxtpx:Extensions>
        </gpxtpx:TrackPointExtension>
        </extensions>
    </trkpt>
    <trkpt lat="45.691189" lon="15.268112">
        <ele>368.3</ele>
        <time>2020-06-26T12:18:58.938Z</time>
        <extensions>
        <gpxtpx:TrackPointExtension>
        <gpxtpx:Extensions>
            <surface>asphalt</surface>
        </gpxtpx:Extensions>
        </gpxtpx:TrackPointExtension>
        </extensions>
    </trkpt>
    <trkpt lat="45.691003" lon="15.268215">
        <ele>366.0</ele>
        <time>2020-06-26T12:19:00.635Z</time>
        <extensions>
        <gpxtpx:TrackPointExtension>
        <gpxtpx:Extensions>
            <surface>asphalt</surface>
        </gpxtpx:Extensions>
        </gpxtpx:TrackPointExtension>
        </extensions>
    </trkpt>
    <trkpt lat="45.690748" lon="15.268332">
        <ele>362.5</ele>
        <time>2020-06-26T12:19:02.914Z</time>
        <extensions>
        <gpxtpx:TrackPointExtension>
        <gpxtpx:Extensions>
            <surface>asphalt</surface>
        </gpxtpx:Extensions>
        </gpxtpx:TrackPointExtension>
        </extensions>
    </trkpt>
    <trkpt lat="45.690592" lon="15.268453">
        <ele>361.3</ele>
        <time>2020-06-26T12:19:04.404Z</time>
        <extensions>
        <gpxtpx:TrackPointExtension>
        <gpxtpx:Extensions>
            <surface>asphalt</surface>
        </gpxtpx:Extensions>
        </gpxtpx:TrackPointExtension>
        </extensions>
    </trkpt>
    <trkpt lat="45.690588" lon="15.268457">
        <ele>361.3</ele>
        <time>2020-06-26T12:19:04.445Z</time>
        <extensions>
        <gpxtpx:TrackPointExtension>
        <gpxtpx:Extensions>
            <surface>asphalt</surface>
        </gpxtpx:Extensions>
        </gpxtpx:TrackPointExtension>
        </extensions>
    </trkpt>
    <trkpt lat="45.690455" lon="15.268594">
        <ele>360.8</ele>
        <time>2020-06-26T12:19:05.821Z</time>
        <extensions>
        <gpxtpx:TrackPointExtension>
        <gpxtpx:Extensions>
            <surface>asphalt</surface>
        </gpxtpx:Extensions>
        </gpxtpx:TrackPointExtension>
        </extensions>
    </trkpt>
    <trkpt lat="45.690196" lon="15.268936">
        <ele>360.5</ele>
        <time>2020-06-26T12:19:08.781Z</time>
        <extensions>
        <gpxtpx:TrackPointExtension>
        <gpxtpx:Extensions>
            <surface>asphalt</surface>
        </gpxtpx:Extensions>
        </gpxtpx:TrackPointExtension>
        </extensions>
    </trkpt>
    <trkpt lat="45.690137" lon="15.269019">
        <ele>360.5</ele>
        <time>2020-06-26T12:19:09.476Z</time>
        <extensions>
        <gpxtpx:TrackPointExtension>
        <gpxtpx:Extensions>
            <surface>asphalt</surface>
        </gpxtpx:Extensions>
        </gpxtpx:TrackPointExtension>
        </extensions>
    </trkpt>
    <trkpt lat="45.690035" lon="15.269119">
        <ele>360.0</ele>
        <time>2020-06-26T12:19:10.514Z</time>
        <extensions>
        <gpxtpx:TrackPointExtension>
        <gpxtpx:Extensions>
            <surface>asphalt</surface>
        </gpxtpx:Extensions>
        </gpxtpx:TrackPointExtension>
        </extensions>
    </trkpt>
    <trkpt lat="45.689787" lon="15.269294">
        <ele>355.5</ele>
        <time>2020-06-26T12:19:12.837Z</time>
        <extensions>
        <gpxtpx:TrackPointExtension>
        <gpxtpx:Extensions>
            <surface>asphalt</surface>
        </gpxtpx:Extensions>
        </gpxtpx:TrackPointExtension>
        </extensions>
    </trkpt>
    <trkpt lat="45.689647" lon="15.269378">
        <ele>352.5</ele>
        <time>2020-06-26T12:19:14.112Z</time>
        <extensions>
        <gpxtpx:TrackPointExtension>
        <gpxtpx:Extensions>
            <surface>asphalt</surface>
        </gpxtpx:Extensions>
        </gpxtpx:TrackPointExtension>
        </extensions>
    </trkpt>
    <trkpt lat="45.689545" lon="15.26951">
        <ele>351.0</ele>
        <time>2020-06-26T12:19:15.267Z</time>
        <extensions>
        <gpxtpx:TrackPointExtension>
        <gpxtpx:Extensions>
            <surface>asphalt</surface>
        </gpxtpx:Extensions>
        </gpxtpx:TrackPointExtension>
        </extensions>
    </trkpt>
    <trkpt lat="45.689457" lon="15.269674">
        <ele>349.8</ele>
        <time>2020-06-26T12:19:16.464Z</time>
        <extensions>
        <gpxtpx:TrackPointExtension>
        <gpxtpx:Extensions>
            <surface>asphalt</surface>
        </gpxtpx:Extensions>
        </gpxtpx:TrackPointExtension>
        </extensions>
    </trkpt>
    <trkpt lat="45.689417" lon="15.269905">
        <ele>350.5</ele>
        <time>2020-06-26T12:19:17.842Z</time>
        <extensions>
        <gpxtpx:TrackPointExtension>
        <gpxtpx:Extensions>
            <surface>asphalt</surface>
        </gpxtpx:Extensions>
        </gpxtpx:TrackPointExtension>
        </extensions>
    </trkpt>
    <trkpt lat="45.689398" lon="15.270133">
        <ele>350.3</ele>
        <time>2020-06-26T12:19:19.171Z</time>
        <extensions>
        <gpxtpx:TrackPointExtension>
        <gpxtpx:Extensions>
            <surface>asphalt</surface>
        </gpxtpx:Extensions>
        </gpxtpx:TrackPointExtension>
        </extensions>
    </trkpt>
    <trkpt lat="45.689403" lon="15.270348">
        <ele>349.8</ele>
        <time>2020-06-26T12:19:20.519Z</time>
        <extensions>
        <gpxtpx:TrackPointExtension>
        <gpxtpx:Extensions>
            <surface>asphalt</surface>
        </gpxtpx:Extensions>
        </gpxtpx:TrackPointExtension>
        </extensions>
    </trkpt>
    <trkpt lat="45.689405" lon="15.270403">
        <ele>349.8</ele>
        <time>2020-06-26T12:19:20.864Z</time>
        <extensions>
        <gpxtpx:TrackPointExtension>
        <gpxtpx:Extensions>
            <surface>asphalt</surface>
        </gpxtpx:Extensions>
        </gpxtpx:TrackPointExtension>
        </extensions>
    </trkpt>
    <trkpt lat="45.689428" lon="15.270724">
        <ele>349.3</ele>
        <time>2020-06-26T12:19:22.886Z</time>
        <extensions>
        <gpxtpx:TrackPointExtension>
        <gpxtpx:Extensions>
            <surface>asphalt</surface>
        </gpxtpx:Extensions>
        </gpxtpx:TrackPointExtension>
        </extensions>
    </trkpt>
    <trkpt lat="45.689499" lon="15.271169">
        <ele>348.8</ele>
        <time>2020-06-26T12:19:25.746Z</time>
        <extensions>
        <gpxtpx:TrackPointExtension>
        <gpxtpx:Extensions>
            <surface>asphalt</surface>
        </gpxtpx:Extensions>
        </gpxtpx:TrackPointExtension>
        </extensions>
    </trkpt>
    <trkpt lat="45.689503" lon="15.271299">
        <ele>347.8</ele>
        <time>2020-06-26T12:19:26.561Z</time>
        <extensions>
        <gpxtpx:TrackPointExtension>
        <gpxtpx:Extensions>
            <surface>asphalt</surface>
        </gpxtpx:Extensions>
        </gpxtpx:TrackPointExtension>
        </extensions>
    </trkpt>
    <trkpt lat="45.689491" lon="15.271435">
        <ele>346.3</ele>
        <time>2020-06-26T12:19:27.420Z</time>
        <extensions>
        <gpxtpx:TrackPointExtension>
        <gpxtpx:Extensions>
            <surface>asphalt</surface>
        </gpxtpx:Extensions>
        </gpxtpx:TrackPointExtension>
        </extensions>
    </trkpt>
    <trkpt lat="45.689471" lon="15.27152">
        <ele>345.0</ele>
        <time>2020-06-26T12:19:27.982Z</time>
        <extensions>
        <gpxtpx:TrackPointExtension>
        <gpxtpx:Extensions>
            <surface>asphalt</surface>
        </gpxtpx:Extensions>
        </gpxtpx:TrackPointExtension>
        </extensions>
    </trkpt>
    <trkpt lat="45.689418" lon="15.27176">
        <ele>342.0</ele>
        <time>2020-06-26T12:19:29.559Z</time>
        <extensions>
        <gpxtpx:TrackPointExtension>
        <gpxtpx:Extensions>
            <surface>asphalt</surface>
        </gpxtpx:Extensions>
        </gpxtpx:TrackPointExtension>
        </extensions>
    </trkpt>
    <trkpt lat="45.689384" lon="15.272999">
        <ele>341.0</ele>
        <time>2020-06-26T12:19:37.330Z</time>
        <extensions>
        <gpxtpx:TrackPointExtension>
        <gpxtpx:Extensions>
            <surface>asphalt</surface>
        </gpxtpx:Extensions>
        </gpxtpx:TrackPointExtension>
        </extensions>
    </trkpt>
    <trkpt lat="45.68936" lon="15.273243">
        <ele>341.8</ele>
        <time>2020-06-26T12:19:38.874Z</time>
        <extensions>
        <gpxtpx:TrackPointExtension>
        <gpxtpx:Extensions>
            <surface>asphalt</surface>
        </gpxtpx:Extensions>
        </gpxtpx:TrackPointExtension>
        </extensions>
    </trkpt>
    <trkpt lat="45.689348" lon="15.27331">
        <ele>341.8</ele>
        <time>2020-06-26T12:19:39.307Z</time>
        <extensions>
        <gpxtpx:TrackPointExtension>
        <gpxtpx:Extensions>
            <surface>asphalt</surface>
        </gpxtpx:Extensions>
        </gpxtpx:TrackPointExtension>
        </extensions>
    </trkpt>
    <trkpt lat="45.68932696245611" lon="15.273439167067409">
        <ele>339.4</ele>
        <time>2020-06-26T12:19:40.138Z</time>
    </trkpt>
    <trkpt lat="45.68928857333958" lon="15.273555926978588">
        <ele>340.2</ele>
        <time>2020-06-26T12:19:41.138Z</time>
    </trkpt>
    <trkpt lat="45.68918145261705" lon="15.273760864511132">
        <ele>342.2</ele>
        <time>2020-06-26T12:19:43.138Z</time>
    </trkpt>
    <trkpt lat="45.689043402671814" lon="15.273907966911793">
        <ele>343.6</ele>
        <time>2020-06-26T12:19:45.138Z</time>
    </trkpt>
    <trkpt lat="45.688969893381" lon="15.27395473793149">
        <ele>344.2</ele>
        <time>2020-06-26T12:19:46.138Z</time>
    </trkpt>
    <trkpt lat="45.68889420479536" lon="15.273990696296096">
        <ele>345.2</ele>
        <time>2020-06-26T12:19:47.138Z</time>
    </trkpt>
    <trkpt lat="45.6886678095907" lon="15.274043418467045">
        <ele>345.4</ele>
        <time>2020-06-26T12:19:50.138Z</time>
    </trkpt>
    <trkpt lat="45.68843420594931" lon="15.273986421525478">
        <ele>345.0</ele>
        <time>2020-06-26T12:19:53.138Z</time>
    </trkpt>
    <trkpt lat="45.688268" lon="15.273917">
        <ele>340.8</ele>
        <time>2020-06-26T12:19:54.988Z</time>
        <extensions>
        <gpxtpx:TrackPointExtension>
        <gpxtpx:Extensions>
            <surface>asphalt</surface>
        </gpxtpx:Extensions>
        </gpxtpx:TrackPointExtension>
        </extensions>
    </trkpt>
    <trkpt lat="45.688164" lon="15.273825">
        <ele>340.0</ele>
        <time>2020-06-26T12:19:56.294Z</time>
        <extensions>
        <gpxtpx:TrackPointExtension>
        <gpxtpx:Extensions>
            <surface>asphalt</surface>
        </gpxtpx:Extensions>
        </gpxtpx:TrackPointExtension>
        </extensions>
    </trkpt>
    <trkpt lat="45.687889" lon="15.273533">
        <ele>337.3</ele>
        <time>2020-06-26T12:19:59.952Z</time>
        <extensions>
        <gpxtpx:TrackPointExtension>
        <gpxtpx:Extensions>
            <surface>asphalt</surface>
        </gpxtpx:Extensions>
        </gpxtpx:TrackPointExtension>
        </extensions>
    </trkpt>
    <trkpt lat="45.6877" lon="15.273369">
        <ele>335.8</ele>
        <time>2020-06-26T12:20:02.313Z</time>
        <extensions>
        <gpxtpx:TrackPointExtension>
        <gpxtpx:Extensions>
            <surface>asphalt</surface>
        </gpxtpx:Extensions>
        </gpxtpx:TrackPointExtension>
        </extensions>
    </trkpt>
    <trkpt lat="45.68764" lon="15.273239">
        <ele>334.0</ele>
        <time>2020-06-26T12:20:03.476Z</time>
    </trkpt>
    <trkpt lat="45.687482" lon="15.273066">
        <ele>331.3</ele>
        <time>2020-06-26T12:20:05.601Z</time>
    </trkpt>
    <trkpt lat="45.687393" lon="15.272988">
        <ele>329.0</ele>
        <time>2020-06-26T12:20:06.716Z</time>
    </trkpt>
    <trkpt lat="45.687302" lon="15.272944">
        <ele>327.5</ele>
        <time>2020-06-26T12:20:07.742Z</time>
    </trkpt>
    <trkpt lat="45.687222" lon="15.27293">
        <ele>326.5</ele>
        <time>2020-06-26T12:20:08.589Z</time>
    </trkpt>
    <trkpt lat="45.68704" lon="15.272901">
        <ele>324.5</ele>
        <time>2020-06-26T12:20:10.514Z</time>
    </trkpt>
    <trkpt lat="45.686838" lon="15.27291">
        <ele>322.8</ele>
        <time>2020-06-26T12:20:12.638Z</time>
    </trkpt>
    <trkpt lat="45.686571" lon="15.272942">
        <ele>320.8</ele>
        <time>2020-06-26T12:20:15.454Z</time>
    </trkpt>
    <trkpt lat="45.686425" lon="15.272959">
        <ele>319.5</ele>
        <time>2020-06-26T12:20:16.993Z</time>
    </trkpt>
    <trkpt lat="45.686366" lon="15.272951">
        <ele>319.0</ele>
        <time>2020-06-26T12:20:17.615Z</time>
    </trkpt>
    <trkpt lat="45.686299" lon="15.272915">
        <ele>318.0</ele>
        <time>2020-06-26T12:20:18.367Z</time>
    </trkpt>
    <trkpt lat="45.686272" lon="15.272895">
        <ele>317.5</ele>
        <time>2020-06-26T12:20:18.686Z</time>
    </trkpt>
    <trkpt lat="45.686191" lon="15.272833">
        <ele>316.5</ele>
        <time>2020-06-26T12:20:19.651Z</time>
    </trkpt>
    <trkpt lat="45.686045" lon="15.2727">
        <ele>314.5</ele>
        <time>2020-06-26T12:20:21.470Z</time>
    </trkpt>
    <trkpt lat="45.68583" lon="15.27252">
        <ele>312.0</ele>
        <time>2020-06-26T12:20:24.088Z</time>
        <extensions>
        <gpxtpx:TrackPointExtension>
        <gpxtpx:Extensions>
            <surface>asphalt</surface>
        </gpxtpx:Extensions>
        </gpxtpx:TrackPointExtension>
        </extensions>
    </trkpt>
    <trkpt lat="45.68571" lon="15.272398">
        <ele>310.5</ele>
        <time>2020-06-26T12:20:25.671Z</time>
        <extensions>
        <gpxtpx:TrackPointExtension>
        <gpxtpx:Extensions>
            <surface>asphalt</surface>
        </gpxtpx:Extensions>
        </gpxtpx:TrackPointExtension>
        </extensions>
    </trkpt>
    <trkpt lat="45.685543" lon="15.272193">
        <ele>308.0</ele>
        <time>2020-06-26T12:20:28.037Z</time>
        <extensions>
        <gpxtpx:TrackPointExtension>
        <gpxtpx:Extensions>
            <surface>asphalt</surface>
        </gpxtpx:Extensions>
        </gpxtpx:TrackPointExtension>
        </extensions>
    </trkpt>
    <trkpt lat="45.685402" lon="15.271988">
        <ele>305.3</ele>
        <time>2020-06-26T12:20:30.199Z</time>
        <extensions>
        <gpxtpx:TrackPointExtension>
        <gpxtpx:Extensions>
            <surface>asphalt</surface>
        </gpxtpx:Extensions>
        </gpxtpx:TrackPointExtension>
        </extensions>
    </trkpt>
    <trkpt lat="45.685334" lon="15.271879">
        <ele>303.8</ele>
        <time>2020-06-26T12:20:31.239Z</time>
        <extensions>
        <gpxtpx:TrackPointExtension>
        <gpxtpx:Extensions>
            <surface>asphalt</surface>
        </gpxtpx:Extensions>
        </gpxtpx:TrackPointExtension>
        </extensions>
    </trkpt>
    <trkpt lat="45.685323" lon="15.271862">
        <ele>303.8</ele>
        <time>2020-06-26T12:20:31.403Z</time>
        <extensions>
        <gpxtpx:TrackPointExtension>
        <gpxtpx:Extensions>
            <surface>asphalt</surface>
        </gpxtpx:Extensions>
        </gpxtpx:TrackPointExtension>
        </extensions>
    </trkpt>
    <trkpt lat="45.68528" lon="15.271728">
        <ele>302.3</ele>
        <time>2020-06-26T12:20:32.452Z</time>
        <extensions>
        <gpxtpx:TrackPointExtension>
        <gpxtpx:Extensions>
            <surface>asphalt</surface>
        </gpxtpx:Extensions>
        </gpxtpx:TrackPointExtension>
        </extensions>
    </trkpt>
    <trkpt lat="45.685306" lon="15.271593">
        <ele>301.3</ele>
        <time>2020-06-26T12:20:33.448Z</time>
        <extensions>
        <gpxtpx:TrackPointExtension>
        <gpxtpx:Extensions>
            <surface>asphalt</surface>
        </gpxtpx:Extensions>
        </gpxtpx:TrackPointExtension>
        </extensions>
    </trkpt>
    <trkpt lat="45.685376" lon="15.271492">
        <ele>300.5</ele>
        <time>2020-06-26T12:20:34.460Z</time>
        <extensions>
        <gpxtpx:TrackPointExtension>
        <gpxtpx:Extensions>
            <surface>asphalt</surface>
        </gpxtpx:Extensions>
        </gpxtpx:TrackPointExtension>
        </extensions>
    </trkpt>
    <trkpt lat="45.685521" lon="15.271396">
        <ele>300.8</ele>
        <time>2020-06-26T12:20:36.087Z</time>
        <extensions>
        <gpxtpx:TrackPointExtension>
        <gpxtpx:Extensions>
            <surface>asphalt</surface>
        </gpxtpx:Extensions>
        </gpxtpx:TrackPointExtension>
        </extensions>
    </trkpt>
    <trkpt lat="45.685605" lon="15.271321">
        <ele>300.5</ele>
        <time>2020-06-26T12:20:37.095Z</time>
        <extensions>
        <gpxtpx:TrackPointExtension>
        <gpxtpx:Extensions>
            <surface>asphalt</surface>
        </gpxtpx:Extensions>
        </gpxtpx:TrackPointExtension>
        </extensions>
    </trkpt>
    <trkpt lat="45.685862" lon="15.271055">
        <ele>299.0</ele>
        <time>2020-06-26T12:20:40.326Z</time>
        <extensions>
        <gpxtpx:TrackPointExtension>
        <gpxtpx:Extensions>
            <surface>asphalt</surface>
        </gpxtpx:Extensions>
        </gpxtpx:TrackPointExtension>
        </extensions>
    </trkpt>
    <trkpt lat="45.686026" lon="15.270902">
        <ele>297.0</ele>
        <time>2020-06-26T12:20:42.383Z</time>
        <extensions>
        <gpxtpx:TrackPointExtension>
        <gpxtpx:Extensions>
            <surface>asphalt</surface>
        </gpxtpx:Extensions>
        </gpxtpx:TrackPointExtension>
        </extensions>
    </trkpt>
    <trkpt lat="45.686033" lon="15.270896">
        <ele>297.0</ele>
        <time>2020-06-26T12:20:42.468Z</time>
        <extensions>
        <gpxtpx:TrackPointExtension>
        <gpxtpx:Extensions>
            <surface>asphalt</surface>
        </gpxtpx:Extensions>
        </gpxtpx:TrackPointExtension>
        </extensions>
    </trkpt>
    <trkpt lat="45.686068" lon="15.270819">
        <ele>296.3</ele>
        <time>2020-06-26T12:20:43.142Z</time>
        <extensions>
        <gpxtpx:TrackPointExtension>
        <gpxtpx:Extensions>
            <surface>asphalt</surface>
        </gpxtpx:Extensions>
        </gpxtpx:TrackPointExtension>
        </extensions>
    </trkpt>
    <trkpt lat="45.686083" lon="15.270705">
        <ele>296.0</ele>
        <time>2020-06-26T12:20:43.993Z</time>
        <extensions>
        <gpxtpx:TrackPointExtension>
        <gpxtpx:Extensions>
            <surface>asphalt</surface>
        </gpxtpx:Extensions>
        </gpxtpx:TrackPointExtension>
        </extensions>
    </trkpt>
    <trkpt lat="45.686086" lon="15.270623">
        <ele>296.0</ele>
        <time>2020-06-26T12:20:44.595Z</time>
        <extensions>
        <gpxtpx:TrackPointExtension>
        <gpxtpx:Extensions>
            <surface>asphalt</surface>
        </gpxtpx:Extensions>
        </gpxtpx:TrackPointExtension>
        </extensions>
    </trkpt>
    <trkpt lat="45.686089" lon="15.270543">
        <ele>296.0</ele>
        <time>2020-06-26T12:20:45.183Z</time>
        <extensions>
        <gpxtpx:TrackPointExtension>
        <gpxtpx:Extensions>
            <surface>asphalt</surface>
        </gpxtpx:Extensions>
        </gpxtpx:TrackPointExtension>
        </extensions>
    </trkpt>
    <trkpt lat="45.686074" lon="15.270175">
        <ele>295.5</ele>
        <time>2020-06-26T12:20:47.889Z</time>
        <extensions>
        <gpxtpx:TrackPointExtension>
        <gpxtpx:Extensions>
            <surface>asphalt</surface>
        </gpxtpx:Extensions>
        </gpxtpx:TrackPointExtension>
        </extensions>
    </trkpt>
    <trkpt lat="45.686031" lon="15.269872">
        <ele>296.0</ele>
        <time>2020-06-26T12:20:50.158Z</time>
        <extensions>
        <gpxtpx:TrackPointExtension>
        <gpxtpx:Extensions>
            <surface>asphalt</surface>
        </gpxtpx:Extensions>
        </gpxtpx:TrackPointExtension>
        </extensions>
    </trkpt>
    <trkpt lat="45.686022" lon="15.269854">
        <ele>296.0</ele>
        <time>2020-06-26T12:20:50.386Z</time>
        <extensions>
        <gpxtpx:TrackPointExtension>
        <gpxtpx:Extensions>
            <surface>asphalt</surface>
        </gpxtpx:Extensions>
        </gpxtpx:TrackPointExtension>
        </extensions>
    </trkpt>
    <trkpt lat="45.685964" lon="15.26973">
        <ele>296.5</ele>
        <time>2020-06-26T12:20:51.927Z</time>
        <extensions>
        <gpxtpx:TrackPointExtension>
        <gpxtpx:Extensions>
            <surface>asphalt</surface>
        </gpxtpx:Extensions>
        </gpxtpx:TrackPointExtension>
        </extensions>
    </trkpt>
    <trkpt lat="45.685834" lon="15.269562">
        <ele>297.5</ele>
        <time>2020-06-26T12:20:54.517Z</time>
        <extensions>
        <gpxtpx:TrackPointExtension>
        <gpxtpx:Extensions>
            <surface>asphalt</surface>
        </gpxtpx:Extensions>
        </gpxtpx:TrackPointExtension>
        </extensions>
    </trkpt>
    <trkpt lat="45.685781" lon="15.269492">
        <ele>298.0</ele>
        <time>2020-06-26T12:20:55.583Z</time>
        <extensions>
        <gpxtpx:TrackPointExtension>
        <gpxtpx:Extensions>
            <surface>asphalt</surface>
        </gpxtpx:Extensions>
        </gpxtpx:TrackPointExtension>
        </extensions>
    </trkpt>
    <trkpt lat="45.6855" lon="15.269227">
        <ele>299.8</ele>
        <time>2020-06-26T12:21:00.559Z</time>
        <extensions>
        <gpxtpx:TrackPointExtension>
        <gpxtpx:Extensions>
            <surface>asphalt</surface>
        </gpxtpx:Extensions>
        </gpxtpx:TrackPointExtension>
        </extensions>
    </trkpt>
    <trkpt lat="45.685349" lon="15.269117">
        <ele>301.0</ele>
        <time>2020-06-26T12:21:03.542Z</time>
        <extensions>
        <gpxtpx:TrackPointExtension>
        <gpxtpx:Extensions>
            <surface>asphalt</surface>
        </gpxtpx:Extensions>
        </gpxtpx:TrackPointExtension>
        </extensions>
    </trkpt>
    <trkpt lat="45.685328" lon="15.269102">
        <ele>301.3</ele>
        <time>2020-06-26T12:21:03.955Z</time>
        <extensions>
        <gpxtpx:TrackPointExtension>
        <gpxtpx:Extensions>
            <surface>asphalt</surface>
        </gpxtpx:Extensions>
        </gpxtpx:TrackPointExtension>
        </extensions>
    </trkpt>
    <trkpt lat="45.685233" lon="15.269058">
        <ele>302.0</ele>
        <time>2020-06-26T12:21:05.712Z</time>
        <extensions>
        <gpxtpx:TrackPointExtension>
        <gpxtpx:Extensions>
            <surface>asphalt</surface>
        </gpxtpx:Extensions>
        </gpxtpx:TrackPointExtension>
        </extensions>
    </trkpt>
    <trkpt lat="45.685088" lon="15.269017">
        <ele>302.3</ele>
        <time>2020-06-26T12:21:08.314Z</time>
        <extensions>
        <gpxtpx:TrackPointExtension>
        <gpxtpx:Extensions>
            <surface>asphalt</surface>
        </gpxtpx:Extensions>
        </gpxtpx:TrackPointExtension>
        </extensions>
    </trkpt>
    <trkpt lat="45.68461" lon="15.268926">
        <ele>303.0</ele>
        <time>2020-06-26T12:21:16.804Z</time>
        <extensions>
        <gpxtpx:TrackPointExtension>
        <gpxtpx:Extensions>
            <surface>asphalt</surface>
        </gpxtpx:Extensions>
        </gpxtpx:TrackPointExtension>
        </extensions>
    </trkpt>
    <trkpt lat="45.684556" lon="15.268891">
        <ele>303.3</ele>
        <time>2020-06-26T12:21:17.814Z</time>
        <extensions>
        <gpxtpx:TrackPointExtension>
        <gpxtpx:Extensions>
            <surface>asphalt</surface>
        </gpxtpx:Extensions>
        </gpxtpx:TrackPointExtension>
        </extensions>
    </trkpt>
    <trkpt lat="45.684464" lon="15.268833">
        <ele>303.8</ele>
        <time>2020-06-26T12:21:19.527Z</time>
        <extensions>
        <gpxtpx:TrackPointExtension>
        <gpxtpx:Extensions>
            <surface>asphalt</surface>
        </gpxtpx:Extensions>
        </gpxtpx:TrackPointExtension>
        </extensions>
    </trkpt>
    <trkpt lat="45.684362" lon="15.268756">
        <ele>304.5</ele>
        <time>2020-06-26T12:21:21.492Z</time>
        <extensions>
        <gpxtpx:TrackPointExtension>
        <gpxtpx:Extensions>
            <surface>asphalt</surface>
        </gpxtpx:Extensions>
        </gpxtpx:TrackPointExtension>
        </extensions>
    </trkpt>
    <trkpt lat="45.684271" lon="15.268703">
        <ele>304.8</ele>
        <time>2020-06-26T12:21:23.166Z</time>
        <extensions>
        <gpxtpx:TrackPointExtension>
        <gpxtpx:Extensions>
            <surface>asphalt</surface>
        </gpxtpx:Extensions>
        </gpxtpx:TrackPointExtension>
        </extensions>
    </trkpt>
    <trkpt lat="45.684053" lon="15.268632">
        <ele>304.5</ele>
        <time>2020-06-26T12:21:26.977Z</time>
        <extensions>
        <gpxtpx:TrackPointExtension>
        <gpxtpx:Extensions>
            <surface>asphalt</surface>
        </gpxtpx:Extensions>
        </gpxtpx:TrackPointExtension>
        </extensions>
    </trkpt>
    <trkpt lat="45.684025" lon="15.268627">
        <ele>304.5</ele>
        <time>2020-06-26T12:21:27.458Z</time>
        <extensions>
        <gpxtpx:TrackPointExtension>
        <gpxtpx:Extensions>
            <surface>asphalt</surface>
        </gpxtpx:Extensions>
        </gpxtpx:TrackPointExtension>
        </extensions>
    </trkpt>
    <trkpt lat="45.68373" lon="15.26856">
        <ele>303.8</ele>
        <time>2020-06-26T12:21:32.549Z</time>
        <extensions>
        <gpxtpx:TrackPointExtension>
        <gpxtpx:Extensions>
            <surface>asphalt</surface>
        </gpxtpx:Extensions>
        </gpxtpx:TrackPointExtension>
        </extensions>
    </trkpt>
    <trkpt lat="45.683565" lon="15.268486">
        <ele>303.5</ele>
        <time>2020-06-26T12:21:35.496Z</time>
        <extensions>
        <gpxtpx:TrackPointExtension>
        <gpxtpx:Extensions>
            <surface>asphalt</surface>
        </gpxtpx:Extensions>
        </gpxtpx:TrackPointExtension>
        </extensions>
    </trkpt>
    <trkpt lat="45.683137" lon="15.268236">
        <ele>303.0</ele>
        <time>2020-06-26T12:21:43.376Z</time>
        <extensions>
        <gpxtpx:TrackPointExtension>
        <gpxtpx:Extensions>
            <surface>asphalt</surface>
        </gpxtpx:Extensions>
        </gpxtpx:TrackPointExtension>
        </extensions>
    </trkpt>
    <trkpt lat="45.682961" lon="15.268158">
        <ele>303.0</ele>
        <time>2020-06-26T12:21:46.516Z</time>
        <extensions>
        <gpxtpx:TrackPointExtension>
        <gpxtpx:Extensions>
            <surface>asphalt</surface>
        </gpxtpx:Extensions>
        </gpxtpx:TrackPointExtension>
        </extensions>
    </trkpt>
    <trkpt lat="45.682942" lon="15.268152">
        <ele>303.0</ele>
        <time>2020-06-26T12:21:46.842Z</time>
        <extensions>
        <gpxtpx:TrackPointExtension>
        <gpxtpx:Extensions>
            <surface>asphalt</surface>
        </gpxtpx:Extensions>
        </gpxtpx:TrackPointExtension>
        </extensions>
    </trkpt>
    <trkpt lat="45.682817" lon="15.26812">
        <ele>303.0</ele>
        <time>2020-06-26T12:21:48.970Z</time>
        <extensions>
        <gpxtpx:TrackPointExtension>
        <gpxtpx:Extensions>
            <surface>asphalt</surface>
        </gpxtpx:Extensions>
        </gpxtpx:TrackPointExtension>
        </extensions>
    </trkpt>
    <trkpt lat="45.682509" lon="15.268073">
        <ele>302.8</ele>
        <time>2020-06-26T12:21:54.162Z</time>
        <extensions>
        <gpxtpx:TrackPointExtension>
        <gpxtpx:Extensions>
            <surface>asphalt</surface>
        </gpxtpx:Extensions>
        </gpxtpx:TrackPointExtension>
        </extensions>
    </trkpt>
    <trkpt lat="45.682326" lon="15.268012">
        <ele>302.0</ele>
        <time>2020-06-26T12:21:57.311Z</time>
        <extensions>
        <gpxtpx:TrackPointExtension>
        <gpxtpx:Extensions>
            <surface>asphalt</surface>
        </gpxtpx:Extensions>
        </gpxtpx:TrackPointExtension>
        </extensions>
    </trkpt>
    <trkpt lat="45.682256" lon="15.267941">
        <ele>302.0</ele>
        <time>2020-06-26T12:21:58.680Z</time>
        <extensions>
        <gpxtpx:TrackPointExtension>
        <gpxtpx:Extensions>
            <surface>asphalt</surface>
        </gpxtpx:Extensions>
        </gpxtpx:TrackPointExtension>
        </extensions>
    </trkpt>
    <trkpt lat="45.68225" lon="15.267935">
        <ele>302.0</ele>
        <time>2020-06-26T12:21:58.796Z</time>
        <extensions>
        <gpxtpx:TrackPointExtension>
        <gpxtpx:Extensions>
            <surface>asphalt</surface>
        </gpxtpx:Extensions>
        </gpxtpx:TrackPointExtension>
        </extensions>
    </trkpt>
    <trkpt lat="45.682166" lon="15.267795">
        <ele>302.0</ele>
        <time>2020-06-26T12:22:00.853Z</time>
        <extensions>
        <gpxtpx:TrackPointExtension>
        <gpxtpx:Extensions>
            <surface>asphalt</surface>
        </gpxtpx:Extensions>
        </gpxtpx:TrackPointExtension>
        </extensions>
    </trkpt>
    <trkpt lat="45.681978" lon="15.267436">
        <ele>302.8</ele>
        <time>2020-06-26T12:22:05.856Z</time>
        <extensions>
        <gpxtpx:TrackPointExtension>
        <gpxtpx:Extensions>
            <surface>asphalt</surface>
        </gpxtpx:Extensions>
        </gpxtpx:TrackPointExtension>
        </extensions>
    </trkpt>
    <trkpt lat="45.681721" lon="15.267012">
        <ele>302.5</ele>
        <time>2020-06-26T12:22:11.730Z</time>
        <extensions>
        <gpxtpx:TrackPointExtension>
        <gpxtpx:Extensions>
            <surface>asphalt</surface>
        </gpxtpx:Extensions>
        </gpxtpx:TrackPointExtension>
        </extensions>
    </trkpt>
    <trkpt lat="45.681694" lon="15.266967">
        <ele>302.5</ele>
        <time>2020-06-26T12:22:12.350Z</time>
        <extensions>
        <gpxtpx:TrackPointExtension>
        <gpxtpx:Extensions>
            <surface>asphalt</surface>
        </gpxtpx:Extensions>
        </gpxtpx:TrackPointExtension>
        </extensions>
    </trkpt>
    <trkpt lat="45.681552" lon="15.266763">
        <ele>302.3</ele>
        <time>2020-06-26T12:22:15.363Z</time>
        <extensions>
        <gpxtpx:TrackPointExtension>
        <gpxtpx:Extensions>
            <surface>asphalt</surface>
        </gpxtpx:Extensions>
        </gpxtpx:TrackPointExtension>
        </extensions>
    </trkpt>
    <trkpt lat="45.681347" lon="15.26652">
        <ele>302.3</ele>
        <time>2020-06-26T12:22:19.349Z</time>
        <extensions>
        <gpxtpx:TrackPointExtension>
        <gpxtpx:Extensions>
            <surface>asphalt</surface>
        </gpxtpx:Extensions>
        </gpxtpx:TrackPointExtension>
        </extensions>
    </trkpt>
    <trkpt lat="45.681306" lon="15.266482">
        <ele>302.3</ele>
        <time>2020-06-26T12:22:20.090Z</time>
        <extensions>
        <gpxtpx:TrackPointExtension>
        <gpxtpx:Extensions>
            <surface>asphalt</surface>
        </gpxtpx:Extensions>
        </gpxtpx:TrackPointExtension>
        </extensions>
    </trkpt>
    <trkpt lat="45.681192" lon="15.266375">
        <ele>302.3</ele>
        <time>2020-06-26T12:22:22.159Z</time>
        <extensions>
        <gpxtpx:TrackPointExtension>
        <gpxtpx:Extensions>
            <surface>asphalt</surface>
        </gpxtpx:Extensions>
        </gpxtpx:TrackPointExtension>
        </extensions>
    </trkpt>
    <trkpt lat="45.681014" lon="15.266269">
        <ele>302.0</ele>
        <time>2020-06-26T12:22:25.086Z</time>
        <extensions>
        <gpxtpx:TrackPointExtension>
        <gpxtpx:Extensions>
            <surface>asphalt</surface>
        </gpxtpx:Extensions>
        </gpxtpx:TrackPointExtension>
        </extensions>
    </trkpt>
    <trkpt lat="45.680921" lon="15.266235">
        <ele>301.8</ele>
        <time>2020-06-26T12:22:26.543Z</time>
        <extensions>
        <gpxtpx:TrackPointExtension>
        <gpxtpx:Extensions>
            <surface>asphalt</surface>
        </gpxtpx:Extensions>
        </gpxtpx:TrackPointExtension>
        </extensions>
    </trkpt>
    <trkpt lat="45.68087" lon="15.266234">
        <ele>301.8</ele>
        <time>2020-06-26T12:22:27.289Z</time>
        <extensions>
        <gpxtpx:TrackPointExtension>
        <gpxtpx:Extensions>
            <surface>asphalt</surface>
        </gpxtpx:Extensions>
        </gpxtpx:TrackPointExtension>
        </extensions>
    </trkpt>
    <trkpt lat="45.680177" lon="15.266224">
        <ele>304.8</ele>
        <time>2020-06-26T12:22:37.432Z</time>
        <extensions>
        <gpxtpx:TrackPointExtension>
        <gpxtpx:Extensions>
            <surface>asphalt</surface>
        </gpxtpx:Extensions>
        </gpxtpx:TrackPointExtension>
        </extensions>
    </trkpt>
    <trkpt lat="45.68005" lon="15.266213">
        <ele>305.5</ele>
        <time>2020-06-26T12:22:39.294Z</time>
        <extensions>
        <gpxtpx:TrackPointExtension>
        <gpxtpx:Extensions>
            <surface>asphalt</surface>
        </gpxtpx:Extensions>
        </gpxtpx:TrackPointExtension>
        </extensions>
    </trkpt>
    <trkpt lat="45.679417" lon="15.266204">
        <ele>305.5</ele>
        <time>2020-06-26T12:22:48.559Z</time>
        <extensions>
        <gpxtpx:TrackPointExtension>
        <gpxtpx:Extensions>
            <surface>asphalt</surface>
        </gpxtpx:Extensions>
        </gpxtpx:TrackPointExtension>
        </extensions>
    </trkpt>
    <trkpt lat="45.679372" lon="15.266232">
        <ele>305.0</ele>
        <time>2020-06-26T12:22:49.277Z</time>
        <extensions>
        <gpxtpx:TrackPointExtension>
        <gpxtpx:Extensions>
            <surface>asphalt</surface>
        </gpxtpx:Extensions>
        </gpxtpx:TrackPointExtension>
        </extensions>
    </trkpt>
    <trkpt lat="45.679198" lon="15.266345">
        <ele>304.0</ele>
        <time>2020-06-26T12:22:52.073Z</time>
        <extensions>
        <gpxtpx:TrackPointExtension>
        <gpxtpx:Extensions>
            <surface>asphalt</surface>
        </gpxtpx:Extensions>
        </gpxtpx:TrackPointExtension>
        </extensions>
    </trkpt>
    <trkpt lat="45.679109" lon="15.266439">
        <ele>303.0</ele>
        <time>2020-06-26T12:22:53.691Z</time>
        <extensions>
        <gpxtpx:TrackPointExtension>
        <gpxtpx:Extensions>
            <surface>asphalt</surface>
        </gpxtpx:Extensions>
        </gpxtpx:TrackPointExtension>
        </extensions>
    </trkpt>
    <trkpt lat="45.679065" lon="15.266496">
        <ele>302.5</ele>
        <time>2020-06-26T12:22:54.753Z</time>
        <extensions>
        <gpxtpx:TrackPointExtension>
        <gpxtpx:Extensions>
            <surface>asphalt</surface>
        </gpxtpx:Extensions>
        </gpxtpx:TrackPointExtension>
        </extensions>
    </trkpt>
    <trkpt lat="45.679029" lon="15.266544">
        <ele>302.3</ele>
        <time>2020-06-26T12:22:55.633Z</time>
        <extensions>
        <gpxtpx:TrackPointExtension>
        <gpxtpx:Extensions>
            <surface>asphalt</surface>
        </gpxtpx:Extensions>
        </gpxtpx:TrackPointExtension>
        </extensions>
    </trkpt>
    <trkpt lat="45.678945" lon="15.266705">
        <ele>301.5</ele>
        <time>2020-06-26T12:22:58.146Z</time>
        <extensions>
        <gpxtpx:TrackPointExtension>
        <gpxtpx:Extensions>
            <surface>asphalt</surface>
        </gpxtpx:Extensions>
        </gpxtpx:TrackPointExtension>
        </extensions>
    </trkpt>
    <trkpt lat="45.678828" lon="15.266997">
        <ele>299.8</ele>
        <time>2020-06-26T12:23:02.356Z</time>
        <extensions>
        <gpxtpx:TrackPointExtension>
        <gpxtpx:Extensions>
            <surface>asphalt</surface>
        </gpxtpx:Extensions>
        </gpxtpx:TrackPointExtension>
        </extensions>
    </trkpt>
    <trkpt lat="45.678801" lon="15.267028">
        <ele>299.5</ele>
        <time>2020-06-26T12:23:03.016Z</time>
        <extensions>
        <gpxtpx:TrackPointExtension>
        <gpxtpx:Extensions>
            <surface>asphalt</surface>
        </gpxtpx:Extensions>
        </gpxtpx:TrackPointExtension>
        </extensions>
    </trkpt>
    <trkpt lat="45.678768" lon="15.267046">
        <ele>299.5</ele>
        <time>2020-06-26T12:23:03.690Z</time>
        <extensions>
        <gpxtpx:TrackPointExtension>
        <gpxtpx:Extensions>
            <surface>asphalt</surface>
        </gpxtpx:Extensions>
        </gpxtpx:TrackPointExtension>
        </extensions>
    </trkpt>
    <trkpt lat="45.678724" lon="15.267047">
        <ele>299.8</ele>
        <time>2020-06-26T12:23:04.530Z</time>
        <extensions>
        <gpxtpx:TrackPointExtension>
        <gpxtpx:Extensions>
            <surface>asphalt</surface>
        </gpxtpx:Extensions>
        </gpxtpx:TrackPointExtension>
        </extensions>
    </trkpt>
    <trkpt lat="45.678525" lon="15.26697">
        <ele>301.3</ele>
        <time>2020-06-26T12:23:08.465Z</time>
        <extensions>
        <gpxtpx:TrackPointExtension>
        <gpxtpx:Extensions>
            <surface>asphalt</surface>
        </gpxtpx:Extensions>
        </gpxtpx:TrackPointExtension>
        </extensions>
    </trkpt>
    <trkpt lat="45.678392" lon="15.266867">
        <ele>302.5</ele>
        <time>2020-06-26T12:23:11.351Z</time>
        <extensions>
        <gpxtpx:TrackPointExtension>
        <gpxtpx:Extensions>
            <surface>asphalt</surface>
        </gpxtpx:Extensions>
        </gpxtpx:TrackPointExtension>
        </extensions>
    </trkpt>
    <trkpt lat="45.678258" lon="15.266726">
        <ele>304.0</ele>
        <time>2020-06-26T12:23:14.525Z</time>
        <extensions>
        <gpxtpx:TrackPointExtension>
        <gpxtpx:Extensions>
            <surface>asphalt</surface>
        </gpxtpx:Extensions>
        </gpxtpx:TrackPointExtension>
        </extensions>
    </trkpt>
    <trkpt lat="45.678228" lon="15.266729">
        <ele>304.0</ele>
        <time>2020-06-26T12:23:15.099Z</time>
        <extensions>
        <gpxtpx:TrackPointExtension>
        <gpxtpx:Extensions>
            <surface>asphalt</surface>
        </gpxtpx:Extensions>
        </gpxtpx:TrackPointExtension>
        </extensions>
    </trkpt>
    <trkpt lat="45.678201" lon="15.266746">
        <ele>304.0</ele>
        <time>2020-06-26T12:23:15.662Z</time>
        <extensions>
        <gpxtpx:TrackPointExtension>
        <gpxtpx:Extensions>
            <surface>asphalt</surface>
        </gpxtpx:Extensions>
        </gpxtpx:TrackPointExtension>
        </extensions>
    </trkpt>
    <trkpt lat="45.678143" lon="15.266808">
        <ele>304.0</ele>
        <time>2020-06-26T12:23:17.052Z</time>
        <extensions>
        <gpxtpx:TrackPointExtension>
        <gpxtpx:Extensions>
            <surface>asphalt</surface>
        </gpxtpx:Extensions>
        </gpxtpx:TrackPointExtension>
        </extensions>
    </trkpt>
    <trkpt lat="45.677997" lon="15.266967">
        <ele>304.0</ele>
        <time>2020-06-26T12:23:20.576Z</time>
        <extensions>
        <gpxtpx:TrackPointExtension>
        <gpxtpx:Extensions>
            <surface>asphalt</surface>
        </gpxtpx:Extensions>
        </gpxtpx:TrackPointExtension>
        </extensions>
    </trkpt>
    <trkpt lat="45.677848" lon="15.267066">
        <ele>304.3</ele>
        <time>2020-06-26T12:23:23.731Z</time>
        <extensions>
        <gpxtpx:TrackPointExtension>
        <gpxtpx:Extensions>
            <surface>asphalt</surface>
        </gpxtpx:Extensions>
        </gpxtpx:TrackPointExtension>
        </extensions>
    </trkpt>
    <trkpt lat="45.677703" lon="15.267149">
        <ele>305.0</ele>
        <time>2020-06-26T12:23:26.731Z</time>
        <extensions>
        <gpxtpx:TrackPointExtension>
        <gpxtpx:Extensions>
            <surface>asphalt</surface>
        </gpxtpx:Extensions>
        </gpxtpx:TrackPointExtension>
        </extensions>
    </trkpt>
    <trkpt lat="45.67769" lon="15.267186">
        <ele>304.8</ele>
        <time>2020-06-26T12:23:27.286Z</time>
        <extensions>
        <gpxtpx:TrackPointExtension>
        <gpxtpx:Extensions>
            <surface>asphalt</surface>
        </gpxtpx:Extensions>
        </gpxtpx:TrackPointExtension>
        </extensions>
    </trkpt>
    <trkpt lat="45.677634" lon="15.267353">
        <ele>304.5</ele>
        <time>2020-06-26T12:23:29.772Z</time>
        <extensions>
        <gpxtpx:TrackPointExtension>
        <gpxtpx:Extensions>
            <surface>asphalt</surface>
        </gpxtpx:Extensions>
        </gpxtpx:TrackPointExtension>
        </extensions>
    </trkpt>
    <trkpt lat="45.677585" lon="15.267415">
        <ele>304.5</ele>
        <time>2020-06-26T12:23:31.028Z</time>
        <extensions>
        <gpxtpx:TrackPointExtension>
        <gpxtpx:Extensions>
            <surface>asphalt</surface>
        </gpxtpx:Extensions>
        </gpxtpx:TrackPointExtension>
        </extensions>
    </trkpt>
    <trkpt lat="45.677547" lon="15.267449">
        <ele>304.5</ele>
        <time>2020-06-26T12:23:32.861Z</time>
        <extensions>
        <gpxtpx:TrackPointExtension>
        <gpxtpx:Extensions>
            <surface>asphalt</surface>
        </gpxtpx:Extensions>
        </gpxtpx:TrackPointExtension>
        </extensions>
    </trkpt>
    <trkpt lat="45.677492" lon="15.2675">
        <ele>305.0</ele>
        <time>2020-06-26T12:23:35.541Z</time>
        <extensions>
        <gpxtpx:TrackPointExtension>
        <gpxtpx:Extensions>
            <surface>asphalt</surface>
        </gpxtpx:Extensions>
        </gpxtpx:TrackPointExtension>
        </extensions>
    </trkpt>
    <trkpt lat="45.677439" lon="15.267531">
        <ele>304.5</ele>
        <time>2020-06-26T12:23:37.882Z</time>
        <extensions>
        <gpxtpx:TrackPointExtension>
        <gpxtpx:Extensions>
            <surface>asphalt</surface>
        </gpxtpx:Extensions>
        </gpxtpx:TrackPointExtension>
        </extensions>
    </trkpt>
    <trkpt lat="45.677365" lon="15.267543">
        <ele>304.5</ele>
        <time>2020-06-26T12:23:40.928Z</time>
        <extensions>
        <gpxtpx:TrackPointExtension>
        <gpxtpx:Extensions>
            <surface>asphalt</surface>
        </gpxtpx:Extensions>
        </gpxtpx:TrackPointExtension>
        </extensions>
    </trkpt>
    <trkpt lat="45.67735" lon="15.267573">
        <ele>304.3</ele>
        <time>2020-06-26T12:23:41.724Z</time>
    </trkpt>
    <trkpt lat="45.677341" lon="15.267592">
        <ele>304.3</ele>
        <time>2020-06-26T12:23:42.219Z</time>
    </trkpt>
    <trkpt lat="45.677298" lon="15.267633">
        <ele>303.8</ele>
        <time>2020-06-26T12:23:43.815Z</time>
    </trkpt>
    <trkpt lat="45.677248" lon="15.267659">
        <ele>303.8</ele>
        <time>2020-06-26T12:23:45.458Z</time>
    </trkpt>
    <trkpt lat="45.677004" lon="15.267714">
        <ele>303.5</ele>
        <time>2020-06-26T12:23:53.088Z</time>
    </trkpt>
    <trkpt lat="45.676923" lon="15.267743">
        <ele>303.3</ele>
        <time>2020-06-26T12:23:55.667Z</time>
    </trkpt>
    <trkpt lat="45.676903" lon="15.26776">
        <ele>303.3</ele>
        <time>2020-06-26T12:23:56.385Z</time>
    </trkpt>
    <trkpt lat="45.676884" lon="15.267775">
        <ele>303.0</ele>
        <time>2020-06-26T12:23:56.824Z</time>
    </trkpt>
    <trkpt lat="45.676877" lon="15.267781">
        <ele>303.0</ele>
        <time>2020-06-26T12:23:56.989Z</time>
    </trkpt>
    <trkpt lat="45.676734" lon="15.267972">
        <ele>302.0</ele>
        <time>2020-06-26T12:24:00.948Z</time>
    </trkpt>
    <trkpt lat="45.6767" lon="15.268073">
        <ele>301.5</ele>
        <time>2020-06-26T12:24:02.533Z</time>
    </trkpt>
    <trkpt lat="45.676682" lon="15.268144">
        <ele>301.0</ele>
        <time>2020-06-26T12:24:03.601Z</time>
    </trkpt>
    <trkpt lat="45.676644" lon="15.268308">
        <ele>300.0</ele>
        <time>2020-06-26T12:24:06.044Z</time>
    </trkpt>
    <trkpt lat="45.676559" lon="15.268995">
        <ele>294.3</ele>
        <time>2020-06-26T12:24:15.911Z</time>
    </trkpt>
    <trkpt lat="45.676528" lon="15.269338">
        <ele>292.3</ele>
        <time>2020-06-26T12:24:20.802Z</time>
    </trkpt>
    <trkpt lat="45.676546" lon="15.269502">
        <ele>291.8</ele>
        <time>2020-06-26T12:24:23.149Z</time>
    </trkpt>
    <trkpt lat="45.676622" lon="15.269837">
        <ele>290.5</ele>
        <time>2020-06-26T12:24:26.651Z</time>
    </trkpt>
    <trkpt lat="45.676642" lon="15.269958">
        <ele>290.0</ele>
        <time>2020-06-26T12:24:27.887Z</time>
    </trkpt>
    <trkpt lat="45.676651" lon="15.270134">
        <ele>289.5</ele>
        <time>2020-06-26T12:24:29.641Z</time>
    </trkpt>
    <trkpt lat="45.676641" lon="15.270256">
        <ele>289.0</ele>
        <time>2020-06-26T12:24:30.862Z</time>
    </trkpt>
    <trkpt lat="45.676637" lon="15.270279">
        <ele>288.8</ele>
        <time>2020-06-26T12:24:31.097Z</time>
    </trkpt>
    <trkpt lat="45.67662" lon="15.270385">
        <ele>288.8</ele>
        <time>2020-06-26T12:24:32.178Z</time>
    </trkpt>
    <trkpt lat="45.676595" lon="15.270503">
        <ele>288.5</ele>
        <time>2020-06-26T12:24:33.404Z</time>
    </trkpt>
    <trkpt lat="45.676557" lon="15.270617">
        <ele>288.5</ele>
        <time>2020-06-26T12:24:34.659Z</time>
    </trkpt>
    <trkpt lat="45.676502" lon="15.270755">
        <ele>288.5</ele>
        <time>2020-06-26T12:24:36.238Z</time>
    </trkpt>
    <trkpt lat="45.676455" lon="15.270857">
        <ele>288.5</ele>
        <time>2020-06-26T12:24:37.452Z</time>
    </trkpt>
    <trkpt lat="45.676273" lon="15.271209">
        <ele>289.8</ele>
        <time>2020-06-26T12:24:41.806Z</time>
    </trkpt>
    <trkpt lat="45.676121" lon="15.271697">
        <ele>292.3</ele>
        <time>2020-06-26T12:24:47.118Z</time>
    </trkpt>
    <trkpt lat="45.675803" lon="15.272414">
        <ele>296.0</ele>
        <time>2020-06-26T12:24:55.562Z</time>
    </trkpt>
    <trkpt lat="45.675663" lon="15.272802">
        <ele>295.3</ele>
        <time>2020-06-26T12:25:00.208Z</time>
    </trkpt>
    <trkpt lat="45.675661" lon="15.272809">
        <ele>295.3</ele>
        <time>2020-06-26T12:25:00.288Z</time>
    </trkpt>
    <trkpt lat="45.675523" lon="15.273396">
        <ele>293.8</ele>
        <time>2020-06-26T12:25:06.878Z</time>
    </trkpt>
    <trkpt lat="45.675441" lon="15.273971">
        <ele>289.3</ele>
        <time>2020-06-26T12:25:13.122Z</time>
    </trkpt>
    <trkpt lat="45.675415" lon="15.274417">
        <ele>287.3</ele>
        <time>2020-06-26T12:25:17.884Z</time>
    </trkpt>
    <trkpt lat="45.675422" lon="15.274563">
        <ele>287.0</ele>
        <time>2020-06-26T12:25:19.441Z</time>
    </trkpt>
    <trkpt lat="45.675445" lon="15.274765">
        <ele>286.5</ele>
        <time>2020-06-26T12:25:21.618Z</time>
    </trkpt>
    <trkpt lat="45.675442" lon="15.274874">
        <ele>286.3</ele>
        <time>2020-06-26T12:25:22.778Z</time>
    </trkpt>
    <trkpt lat="45.675428" lon="15.275011">
        <ele>286.0</ele>
        <time>2020-06-26T12:25:24.251Z</time>
    </trkpt>
    <trkpt lat="45.675402" lon="15.275169">
        <ele>286.0</ele>
        <time>2020-06-26T12:25:26.181Z</time>
    </trkpt>
    <trkpt lat="45.675358" lon="15.275364">
        <ele>286.0</ele>
        <time>2020-06-26T12:25:28.618Z</time>
    </trkpt>
    <trkpt lat="45.675291" lon="15.275572">
        <ele>286.5</ele>
        <time>2020-06-26T12:25:31.342Z</time>
    </trkpt>
    <trkpt lat="45.675226" lon="15.275722">
        <ele>286.8</ele>
        <time>2020-06-26T12:25:33.441Z</time>
    </trkpt>
    <trkpt lat="45.675107" lon="15.27596">
        <ele>289.3</ele>
        <time>2020-06-26T12:25:36.921Z</time>
    </trkpt>
    <trkpt lat="45.674998" lon="15.276158">
        <ele>293.0</ele>
        <time>2020-06-26T12:25:39.919Z</time>
    </trkpt>
    <trkpt lat="45.674962" lon="15.276246">
        <ele>294.0</ele>
        <time>2020-06-26T12:25:41.131Z</time>
    </trkpt>
    <trkpt lat="45.674942" lon="15.276242">
        <ele>293.8</ele>
        <time>2020-06-26T12:25:41.474Z</time>
    </trkpt>
    <trkpt lat="45.674814" lon="15.276223">
        <ele>292.8</ele>
        <time>2020-06-26T12:25:43.664Z</time>
    </trkpt>
    <trkpt lat="45.674726" lon="15.276225">
        <ele>292.0</ele>
        <time>2020-06-26T12:25:45.162Z</time>
    </trkpt>
    <trkpt lat="45.674633" lon="15.276256">
        <ele>291.8</ele>
        <time>2020-06-26T12:25:46.787Z</time>
    </trkpt>
    <trkpt lat="45.674545" lon="15.276299">
        <ele>291.8</ele>
        <time>2020-06-26T12:25:48.369Z</time>
    </trkpt>
    <trkpt lat="45.67444" lon="15.276366">
        <ele>291.8</ele>
        <time>2020-06-26T12:25:50.342Z</time>
    </trkpt>
    <trkpt lat="45.674291" lon="15.276481">
        <ele>292.0</ele>
        <time>2020-06-26T12:25:53.686Z</time>
    </trkpt>
    <trkpt lat="45.674237" lon="15.276535">
        <ele>292.0</ele>
        <time>2020-06-26T12:25:54.987Z</time>
    </trkpt>
    <trkpt lat="45.673957" lon="15.2769">
        <ele>292.5</ele>
        <time>2020-06-26T12:26:02.469Z</time>
    </trkpt>
    <trkpt lat="45.673784" lon="15.277097">
        <ele>292.3</ele>
        <time>2020-06-26T12:26:06.836Z</time>
    </trkpt>
    <trkpt lat="45.673767" lon="15.277132">
        <ele>292.3</ele>
        <time>2020-06-26T12:26:07.424Z</time>
    </trkpt>
    <trkpt lat="45.673714" lon="15.277243">
        <ele>293.0</ele>
        <time>2020-06-26T12:26:09.279Z</time>
    </trkpt>
    <trkpt lat="45.673674" lon="15.277362">
        <ele>293.8</ele>
        <time>2020-06-26T12:26:11.101Z</time>
    </trkpt>
    <trkpt lat="45.673638" lon="15.27749">
        <ele>294.8</ele>
        <time>2020-06-26T12:26:13.005Z</time>
    </trkpt>
    <trkpt lat="45.673559" lon="15.277828">
        <ele>292.3</ele>
        <time>2020-06-26T12:26:17.644Z</time>
    </trkpt>
    <trkpt lat="45.673429" lon="15.277832">
        <ele>290.8</ele>
        <time>2020-06-26T12:26:20.066Z</time>
    </trkpt>
    <trkpt lat="45.673204" lon="15.277857">
        <ele>288.5</ele>
        <time>2020-06-26T12:26:24.269Z</time>
    </trkpt>
    <trkpt lat="45.672845" lon="15.277858">
        <ele>285.5</ele>
        <time>2020-06-26T12:26:30.956Z</time>
    </trkpt>
    <trkpt lat="45.672737" lon="15.27787">
        <ele>284.8</ele>
        <time>2020-06-26T12:26:32.973Z</time>
    </trkpt>
    <trkpt lat="45.672662" lon="15.277894">
        <ele>284.3</ele>
        <time>2020-06-26T12:26:34.404Z</time>
    </trkpt>
    <trkpt lat="45.672641" lon="15.27791">
        <ele>284.3</ele>
        <time>2020-06-26T12:26:34.847Z</time>
    </trkpt>
    <trkpt lat="45.672574" lon="15.277965">
        <ele>284.3</ele>
        <time>2020-06-26T12:26:36.285Z</time>
    </trkpt>
    <trkpt lat="45.672534" lon="15.278009">
        <ele>284.5</ele>
        <time>2020-06-26T12:26:37.224Z</time>
    </trkpt>
    <trkpt lat="45.672228" lon="15.278481">
        <ele>284.8</ele>
        <time>2020-06-26T12:26:45.604Z</time>
    </trkpt>
    <trkpt lat="45.672145" lon="15.27858">
        <ele>283.5</ele>
        <time>2020-06-26T12:26:47.616Z</time>
    </trkpt>
    <trkpt lat="45.672079" lon="15.278634">
        <ele>283.0</ele>
        <time>2020-06-26T12:26:49.032Z</time>
    </trkpt>
    <trkpt lat="45.672037" lon="15.278665">
        <ele>282.5</ele>
        <time>2020-06-26T12:26:49.912Z</time>
    </trkpt>
    <trkpt lat="45.671978" lon="15.278678">
        <ele>282.0</ele>
        <time>2020-06-26T12:26:51.024Z</time>
    </trkpt>
    <trkpt lat="45.671767" lon="15.278699">
        <ele>280.8</ele>
        <time>2020-06-26T12:26:54.823Z</time>
    </trkpt>
    <trkpt lat="45.671676" lon="15.278729">
        <ele>280.0</ele>
        <time>2020-06-26T12:26:56.500Z</time>
    </trkpt>
    <trkpt lat="45.671579" lon="15.278774">
        <ele>279.5</ele>
        <time>2020-06-26T12:26:58.331Z</time>
    </trkpt>
    <trkpt lat="45.671451" lon="15.278895">
        <ele>279.0</ele>
        <time>2020-06-26T12:27:01.086Z</time>
    </trkpt>
    <trkpt lat="45.671272" lon="15.278911">
        <ele>278.5</ele>
        <time>2020-06-26T12:27:04.308Z</time>
    </trkpt>
    <trkpt lat="45.671236" lon="15.278874">
        <ele>278.3</ele>
        <time>2020-06-26T12:27:05.104Z</time>
    </trkpt>
    <trkpt lat="45.671213" lon="15.278819">
        <ele>277.8</ele>
        <time>2020-06-26T12:27:05.609Z</time>
    </trkpt>
    <trkpt lat="45.671201" lon="15.278789">
        <ele>277.8</ele>
        <time>2020-06-26T12:27:05.881Z</time>
    </trkpt>
    <trkpt lat="45.671129" lon="15.278626">
        <ele>276.8</ele>
        <time>2020-06-26T12:27:07.401Z</time>
    </trkpt>
    <trkpt lat="45.67107" lon="15.278553">
        <ele>275.8</ele>
        <time>2020-06-26T12:27:08.281Z</time>
    </trkpt>
    <trkpt lat="45.670965" lon="15.278499">
        <ele>274.5</ele>
        <time>2020-06-26T12:27:09.519Z</time>
    </trkpt>
    <trkpt lat="45.670938" lon="15.278485">
        <ele>274.3</ele>
        <time>2020-06-26T12:27:09.837Z</time>
    </trkpt>
    <trkpt lat="45.670701" lon="15.278384">
        <ele>271.3</ele>
        <time>2020-06-26T12:27:12.580Z</time>
    </trkpt>
    <trkpt lat="45.670636" lon="15.278344">
        <ele>270.3</ele>
        <time>2020-06-26T12:27:13.365Z</time>
    </trkpt>
    <trkpt lat="45.670486" lon="15.278226">
        <ele>267.8</ele>
        <time>2020-06-26T12:27:15.264Z</time>
    </trkpt>
    <trkpt lat="45.670422" lon="15.278187">
        <ele>266.8</ele>
        <time>2020-06-26T12:27:16.035Z</time>
    </trkpt>
    <trkpt lat="45.670306" lon="15.278137">
        <ele>265.0</ele>
        <time>2020-06-26T12:27:17.379Z</time>
    </trkpt>
    <trkpt lat="45.669911" lon="15.278017">
        <ele>260.5</ele>
        <time>2020-06-26T12:27:21.859Z</time>
    </trkpt>
    <trkpt lat="45.66956" lon="15.277895">
        <ele>257.8</ele>
        <time>2020-06-26T12:27:25.867Z</time>
    </trkpt>
    <trkpt lat="45.669356" lon="15.277777">
        <ele>255.5</ele>
        <time>2020-06-26T12:27:28.308Z</time>
    </trkpt>
    <trkpt lat="45.669118" lon="15.277613">
        <ele>252.3</ele>
        <time>2020-06-26T12:27:31.239Z</time>
    </trkpt>
    <trkpt lat="45.668862" lon="15.277472">
        <ele>249.8</ele>
        <time>2020-06-26T12:27:34.282Z</time>
    </trkpt>
    <trkpt lat="45.668637" lon="15.277389">
        <ele>249.0</ele>
        <time>2020-06-26T12:27:36.860Z</time>
    </trkpt>
    <trkpt lat="45.668524" lon="15.277331">
        <ele>248.5</ele>
        <time>2020-06-26T12:27:38.192Z</time>
    </trkpt>
    <trkpt lat="45.668493" lon="15.277302">
        <ele>248.5</ele>
        <time>2020-06-26T12:27:38.602Z</time>
    </trkpt>
    <trkpt lat="45.668476" lon="15.277273">
        <ele>248.3</ele>
        <time>2020-06-26T12:27:38.877Z</time>
    </trkpt>
    <trkpt lat="45.668452" lon="15.277234">
        <ele>248.3</ele>
        <time>2020-06-26T12:27:39.254Z</time>
    </trkpt>
    <trkpt lat="45.668397" lon="15.277116">
        <ele>248.0</ele>
        <time>2020-06-26T12:27:40.285Z</time>
    </trkpt>
    <trkpt lat="45.668358" lon="15.277006">
        <ele>248.0</ele>
        <time>2020-06-26T12:27:41.181Z</time>
    </trkpt>
    <trkpt lat="45.66812" lon="15.27643">
        <ele>246.3</ele>
        <time>2020-06-26T12:27:46.046Z</time>
    </trkpt>
    <trkpt lat="45.668069" lon="15.276248">
        <ele>246.3</ele>
        <time>2020-06-26T12:27:47.471Z</time>
    </trkpt>
    <trkpt lat="45.668041" lon="15.276176">
        <ele>246.3</ele>
        <time>2020-06-26T12:27:48.070Z</time>
    </trkpt>
    <trkpt lat="45.667987" lon="15.276121">
        <ele>246.0</ele>
        <time>2020-06-26T12:27:48.759Z</time>
    </trkpt>
    <trkpt lat="45.667916" lon="15.27609">
        <ele>245.5</ele>
        <time>2020-06-26T12:27:49.531Z</time>
    </trkpt>
    <trkpt lat="45.667864" lon="15.27608">
        <ele>245.0</ele>
        <time>2020-06-26T12:27:50.087Z</time>
    </trkpt>
    <trkpt lat="45.667838" lon="15.276075">
        <ele>244.8</ele>
        <time>2020-06-26T12:27:50.365Z</time>
    </trkpt>
    <trkpt lat="45.667654" lon="15.276062">
        <ele>243.3</ele>
        <time>2020-06-26T12:27:52.319Z</time>
    </trkpt>
    <trkpt lat="45.667547" lon="15.276056">
        <ele>242.3</ele>
        <time>2020-06-26T12:27:53.454Z</time>
    </trkpt>
    <trkpt lat="45.667455" lon="15.276031">
        <ele>241.8</ele>
        <time>2020-06-26T12:27:54.447Z</time>
    </trkpt>
    <trkpt lat="45.667367" lon="15.275981">
        <ele>241.5</ele>
        <time>2020-06-26T12:27:55.451Z</time>
    </trkpt>
    <trkpt lat="45.667173" lon="15.275839">
        <ele>241.3</ele>
        <time>2020-06-26T12:27:57.762Z</time>
    </trkpt>
    <trkpt lat="45.666923" lon="15.275757">
        <ele>240.5</ele>
        <time>2020-06-26T12:28:00.482Z</time>
    </trkpt>
    <trkpt lat="45.666874" lon="15.275726">
        <ele>240.5</ele>
        <time>2020-06-26T12:28:01.050Z</time>
    </trkpt>
    <trkpt lat="45.666808" lon="15.275678">
        <ele>240.3</ele>
        <time>2020-06-26T12:28:01.835Z</time>
    </trkpt>
    <trkpt lat="45.666749" lon="15.275622">
        <ele>240.3</ele>
        <time>2020-06-26T12:28:02.926Z</time>
    </trkpt>
    <trkpt lat="45.666584" lon="15.275437">
        <ele>239.8</ele>
        <time>2020-06-26T12:28:06.156Z</time>
    </trkpt>
    <trkpt lat="45.666519" lon="15.27538">
        <ele>239.5</ele>
        <time>2020-06-26T12:28:07.330Z</time>
    </trkpt>
    <trkpt lat="45.666347" lon="15.275273">
        <ele>238.5</ele>
        <time>2020-06-26T12:28:10.220Z</time>
    </trkpt>
    <trkpt lat="45.666247" lon="15.275195">
        <ele>238.0</ele>
        <time>2020-06-26T12:28:11.975Z</time>
    </trkpt>
    <trkpt lat="45.666156" lon="15.275101">
        <ele>237.5</ele>
        <time>2020-06-26T12:28:13.704Z</time>
    </trkpt>
    <trkpt lat="45.66603" lon="15.274947">
        <ele>236.8</ele>
        <time>2020-06-26T12:28:16.257Z</time>
    </trkpt>
    <trkpt lat="45.665977" lon="15.274868">
        <ele>236.5</ele>
        <time>2020-06-26T12:28:17.436Z</time>
    </trkpt>
    <trkpt lat="45.66592" lon="15.274765">
        <ele>236.3</ele>
        <time>2020-06-26T12:28:18.851Z</time>
    </trkpt>
    <trkpt lat="45.665874" lon="15.27466">
        <ele>236.0</ele>
        <time>2020-06-26T12:28:20.485Z</time>
    </trkpt>
    <trkpt lat="45.665823" lon="15.27454">
        <ele>236.0</ele>
        <time>2020-06-26T12:28:22.337Z</time>
    </trkpt>
    <trkpt lat="45.665758" lon="15.274337">
        <ele>235.8</ele>
        <time>2020-06-26T12:28:25.281Z</time>
    </trkpt>
    <trkpt lat="45.665547" lon="15.273363">
        <ele>234.5</ele>
        <time>2020-06-26T12:28:38.728Z</time>
    </trkpt>
    <trkpt lat="45.665497" lon="15.272985">
        <ele>235.5</ele>
        <time>2020-06-26T12:28:43.801Z</time>
    </trkpt>
    <trkpt lat="45.665479" lon="15.272894">
        <ele>236.0</ele>
        <time>2020-06-26T12:28:45.048Z</time>
    </trkpt>
    <trkpt lat="45.665449" lon="15.272824">
        <ele>236.0</ele>
        <time>2020-06-26T12:28:46.130Z</time>
    </trkpt>
    <trkpt lat="45.665412" lon="15.272782">
        <ele>235.8</ele>
        <time>2020-06-26T12:28:47.082Z</time>
    </trkpt>
    <trkpt lat="45.665349" lon="15.272744">
        <ele>235.5</ele>
        <time>2020-06-26T12:28:48.461Z</time>
    </trkpt>
    <trkpt lat="45.665067" lon="15.272608">
        <ele>233.8</ele>
        <time>2020-06-26T12:28:54.465Z</time>
    </trkpt>
    <trkpt lat="45.665009" lon="15.272566">
        <ele>233.5</ele>
        <time>2020-06-26T12:28:55.776Z</time>
    </trkpt>
    <trkpt lat="45.664953" lon="15.272491">
        <ele>233.5</ele>
        <time>2020-06-26T12:28:57.323Z</time>
    </trkpt>
    <trkpt lat="45.664916" lon="15.272414">
        <ele>233.5</ele>
        <time>2020-06-26T12:28:58.640Z</time>
    </trkpt>
    <trkpt lat="45.664882" lon="15.272311">
        <ele>233.8</ele>
        <time>2020-06-26T12:29:00.246Z</time>
    </trkpt>
    <trkpt lat="45.664859" lon="15.272186">
        <ele>234.3</ele>
        <time>2020-06-26T12:29:02.068Z</time>
    </trkpt>
    <trkpt lat="45.664858" lon="15.272143">
        <ele>234.3</ele>
        <time>2020-06-26T12:29:02.674Z</time>
    </trkpt>
    <trkpt lat="45.664844" lon="15.271368">
        <ele>236.8</ele>
        <time>2020-06-26T12:29:13.605Z</time>
    </trkpt>
    <trkpt lat="45.66483" lon="15.271116">
        <ele>236.5</ele>
        <time>2020-06-26T12:29:17.169Z</time>
    </trkpt>
    <trkpt lat="45.664777" lon="15.270652">
        <ele>236.0</ele>
        <time>2020-06-26T12:29:23.798Z</time>
    </trkpt>
    <trkpt lat="45.664744" lon="15.270129">
        <ele>235.3</ele>
        <time>2020-06-26T12:29:31.869Z</time>
    </trkpt>
    <trkpt lat="45.66474" lon="15.270059">
        <ele>235.3</ele>
        <time>2020-06-26T12:29:32.948Z</time>
    </trkpt>
    <trkpt lat="45.664726" lon="15.269956">
        <ele>235.3</ele>
        <time>2020-06-26T12:29:34.560Z</time>
    </trkpt>
    <trkpt lat="45.66461" lon="15.269427">
        <ele>234.5</ele>
        <time>2020-06-26T12:29:43.081Z</time>
    </trkpt>
    <trkpt lat="45.664557" lon="15.269226">
        <ele>234.0</ele>
        <time>2020-06-26T12:29:46.382Z</time>
    </trkpt>
    <trkpt lat="45.664434" lon="15.268915">
        <ele>231.3</ele>
        <time>2020-06-26T12:29:52.183Z</time>
    </trkpt>
    <trkpt lat="45.66433" lon="15.268649">
        <ele>229.0</ele>
        <time>2020-06-26T12:29:57.131Z</time>
    </trkpt>
    <trkpt lat="45.664211" lon="15.268293">
        <ele>225.5</ele>
        <time>2020-06-26T12:30:03.537Z</time>
    </trkpt>
    <trkpt lat="45.66417" lon="15.268197">
        <ele>225.0</ele>
        <time>2020-06-26T12:30:05.363Z</time>
    </trkpt>
    <trkpt lat="45.664068" lon="15.268011">
        <ele>224.3</ele>
        <time>2020-06-26T12:30:09.201Z</time>
    </trkpt>
    <trkpt lat="45.663806" lon="15.267722">
        <ele>221.8</ele>
        <time>2020-06-26T12:30:16.886Z</time>
    </trkpt>
    <trkpt lat="45.663761" lon="15.267634">
        <ele>221.3</ele>
        <time>2020-06-26T12:30:18.656Z</time>
    </trkpt>
    <trkpt lat="45.663732" lon="15.267541">
        <ele>220.8</ele>
        <time>2020-06-26T12:30:20.309Z</time>
    </trkpt>
    <trkpt lat="45.663719" lon="15.267432">
        <ele>220.3</ele>
        <time>2020-06-26T12:30:22.104Z</time>
    </trkpt>
    <trkpt lat="45.663718" lon="15.267417">
        <ele>220.3</ele>
        <time>2020-06-26T12:30:22.348Z</time>
    </trkpt>
    <trkpt lat="45.663736" lon="15.267091">
        <ele>218.8</ele>
        <time>2020-06-26T12:30:27.657Z</time>
    </trkpt>
    <trkpt lat="45.66377" lon="15.266847">
        <ele>218.0</ele>
        <time>2020-06-26T12:30:31.696Z</time>
    </trkpt>
    <trkpt lat="45.663779" lon="15.266738">
        <ele>217.5</ele>
        <time>2020-06-26T12:30:33.478Z</time>
    </trkpt>
    <trkpt lat="45.663787" lon="15.266557">
        <ele>217.5</ele>
        <time>2020-06-26T12:30:36.422Z</time>
    </trkpt>
    <trkpt lat="45.663777" lon="15.266422">
        <ele>217.5</ele>
        <time>2020-06-26T12:30:38.626Z</time>
    </trkpt>
    <trkpt lat="45.663761" lon="15.266292">
        <ele>217.5</ele>
        <time>2020-06-26T12:30:40.769Z</time>
    </trkpt>
    <trkpt lat="45.663729" lon="15.266148">
        <ele>217.8</ele>
        <time>2020-06-26T12:30:43.222Z</time>
    </trkpt>
    <trkpt lat="45.663692" lon="15.266038">
        <ele>217.8</ele>
        <time>2020-06-26T12:30:45.204Z</time>
    </trkpt>
    <trkpt lat="45.663639" lon="15.265936">
        <ele>218.0</ele>
        <time>2020-06-26T12:30:47.267Z</time>
    </trkpt>
    <trkpt lat="45.663607" lon="15.2659">
        <ele>218.0</ele>
        <time>2020-06-26T12:30:48.212Z</time>
    </trkpt>
    <trkpt lat="45.663568" lon="15.265857">
        <ele>218.0</ele>
        <time>2020-06-26T12:30:49.355Z</time>
    </trkpt>
    <trkpt lat="45.663546" lon="15.265835">
        <ele>218.0</ele>
        <time>2020-06-26T12:30:49.996Z</time>
    </trkpt>
    <trkpt lat="45.663472" lon="15.265761">
        <ele>218.5</ele>
        <time>2020-06-26T12:30:52.154Z</time>
    </trkpt>
    <trkpt lat="45.663404" lon="15.265713">
        <ele>218.8</ele>
        <time>2020-06-26T12:30:53.967Z</time>
    </trkpt>
    <trkpt lat="45.663295" lon="15.265653">
        <ele>219.0</ele>
        <time>2020-06-26T12:30:56.759Z</time>
    </trkpt>
    <trkpt lat="45.663001" lon="15.26554">
        <ele>220.3</ele>
        <time>2020-06-26T12:31:04.038Z</time>
    </trkpt>
    <trkpt lat="45.662826" lon="15.265439">
        <ele>220.8</ele>
        <time>2020-06-26T12:31:08.550Z</time>
    </trkpt>
    <trkpt lat="45.662673" lon="15.265307">
        <ele>221.0</ele>
        <time>2020-06-26T12:31:12.822Z</time>
    </trkpt>
    <trkpt lat="45.662512" lon="15.265148">
        <ele>221.0</ele>
        <time>2020-06-26T12:31:17.499Z</time>
    </trkpt>
    <trkpt lat="45.662314" lon="15.264945">
        <ele>220.5</ele>
        <time>2020-06-26T12:31:23.323Z</time>
    </trkpt>
    <trkpt lat="45.662149" lon="15.264751">
        <ele>219.5</ele>
        <time>2020-06-26T12:31:28.429Z</time>
    </trkpt>
    <trkpt lat="45.662087" lon="15.26467">
        <ele>219.3</ele>
        <time>2020-06-26T12:31:30.436Z</time>
    </trkpt>
    <trkpt lat="45.661647" lon="15.264086">
        <ele>217.8</ele>
        <time>2020-06-26T12:31:44.787Z</time>
    </trkpt>
    <trkpt lat="45.661247" lon="15.263499">
        <ele>216.0</ele>
        <time>2020-06-26T12:31:58.488Z</time>
    </trkpt>
    <trkpt lat="45.661101" lon="15.263277">
        <ele>215.8</ele>
        <time>2020-06-26T12:32:03.582Z</time>
    </trkpt>
    <trkpt lat="45.66103" lon="15.263126">
        <ele>215.8</ele>
        <time>2020-06-26T12:32:06.623Z</time>
    </trkpt>
    <trkpt lat="45.66077" lon="15.262652">
        <ele>216.5</ele>
        <time>2020-06-26T12:32:16.693Z</time>
    </trkpt>
    <trkpt lat="45.660486" lon="15.262213">
        <ele>216.8</ele>
        <time>2020-06-26T12:32:26.690Z</time>
    </trkpt>
    <trkpt lat="45.660429" lon="15.262147">
        <ele>216.5</ele>
        <time>2020-06-26T12:32:28.509Z</time>
    </trkpt>
    <trkpt lat="45.660385" lon="15.262096">
        <ele>216.5</ele>
        <time>2020-06-26T12:32:29.914Z</time>
    </trkpt>
    <trkpt lat="45.660336" lon="15.262051">
        <ele>216.5</ele>
        <time>2020-06-26T12:32:31.358Z</time>
    </trkpt>
    <trkpt lat="45.660298" lon="15.26203">
        <ele>216.3</ele>
        <time>2020-06-26T12:32:32.368Z</time>
    </trkpt>
    <trkpt lat="45.660252" lon="15.262023">
        <ele>216.3</ele>
        <time>2020-06-26T12:32:33.515Z</time>
    </trkpt>
    <trkpt lat="45.660121" lon="15.26205">
        <ele>216.0</ele>
        <time>2020-06-26T12:32:36.798Z</time>
    </trkpt>
    <trkpt lat="45.659916" lon="15.262109">
        <ele>215.5</ele>
        <time>2020-06-26T12:32:41.986Z</time>
    </trkpt>
    <trkpt lat="45.659841" lon="15.262115">
        <ele>215.3</ele>
        <time>2020-06-26T12:32:43.849Z</time>
    </trkpt>
    <trkpt lat="45.659645" lon="15.262083">
        <ele>214.3</ele>
        <time>2020-06-26T12:32:48.743Z</time>
    </trkpt>
    <trkpt lat="45.65958" lon="15.262062">
        <ele>213.8</ele>
        <time>2020-06-26T12:32:50.396Z</time>
    </trkpt>
    <trkpt lat="45.659446" lon="15.261999">
        <ele>213.0</ele>
        <time>2020-06-26T12:32:53.895Z</time>
    </trkpt>
    <trkpt lat="45.659187" lon="15.261864">
        <ele>211.5</ele>
        <time>2020-06-26T12:33:00.734Z</time>
    </trkpt>
    <trkpt lat="45.65906" lon="15.261799">
        <ele>211.0</ele>
        <time>2020-06-26T12:33:04.080Z</time>
    </trkpt>
    <trkpt lat="45.658942" lon="15.261719">
        <ele>210.5</ele>
        <time>2020-06-26T12:33:07.319Z</time>
    </trkpt>
    <trkpt lat="45.658552" lon="15.261342">
        <ele>210.0</ele>
        <time>2020-06-26T12:33:18.997Z</time>
    </trkpt>
    <trkpt lat="45.658185" lon="15.260959">
        <ele>210.8</ele>
        <time>2020-06-26T12:33:30.268Z</time>
    </trkpt>
    <trkpt lat="45.65806" lon="15.260781">
        <ele>211.0</ele>
        <time>2020-06-26T12:33:34.643Z</time>
    </trkpt>
    <trkpt lat="45.658038" lon="15.2608">
        <ele>211.0</ele>
        <time>2020-06-26T12:33:34.984Z</time>
        <extensions>
        <gpxtpx:TrackPointExtension>
        <gpxtpx:Extensions>
            <surface>asphalt</surface>
        </gpxtpx:Extensions>
        </gpxtpx:TrackPointExtension>
        </extensions>
    </trkpt>
    <trkpt lat="45.658013" lon="15.260824">
        <ele>211.0</ele>
        <time>2020-06-26T12:33:35.383Z</time>
        <extensions>
        <gpxtpx:TrackPointExtension>
        <gpxtpx:Extensions>
            <surface>asphalt</surface>
        </gpxtpx:Extensions>
        </gpxtpx:TrackPointExtension>
        </extensions>
    </trkpt>
    <trkpt lat="45.657769" lon="15.261006">
        <ele>211.0</ele>
        <time>2020-06-26T12:33:39.037Z</time>
        <extensions>
        <gpxtpx:TrackPointExtension>
        <gpxtpx:Extensions>
            <surface>asphalt</surface>
        </gpxtpx:Extensions>
        </gpxtpx:TrackPointExtension>
        </extensions>
    </trkpt>
    <trkpt lat="45.6577" lon="15.261068">
        <ele>211.3</ele>
        <time>2020-06-26T12:33:40.119Z</time>
        <extensions>
        <gpxtpx:TrackPointExtension>
        <gpxtpx:Extensions>
            <surface>asphalt</surface>
        </gpxtpx:Extensions>
        </gpxtpx:TrackPointExtension>
        </extensions>
    </trkpt>
    <trkpt lat="45.657447" lon="15.261355">
        <ele>211.8</ele>
        <time>2020-06-26T12:33:44.407Z</time>
        <extensions>
        <gpxtpx:TrackPointExtension>
        <gpxtpx:Extensions>
            <surface>asphalt</surface>
        </gpxtpx:Extensions>
        </gpxtpx:TrackPointExtension>
        </extensions>
    </trkpt>
    <trkpt lat="45.657366" lon="15.261439">
        <ele>211.5</ele>
        <time>2020-06-26T12:33:45.735Z</time>
        <extensions>
        <gpxtpx:TrackPointExtension>
        <gpxtpx:Extensions>
            <surface>asphalt</surface>
        </gpxtpx:Extensions>
        </gpxtpx:TrackPointExtension>
        </extensions>
    </trkpt>
    <trkpt lat="45.657289" lon="15.261506">
        <ele>210.8</ele>
        <time>2020-06-26T12:33:46.931Z</time>
        <extensions>
        <gpxtpx:TrackPointExtension>
        <gpxtpx:Extensions>
            <surface>asphalt</surface>
        </gpxtpx:Extensions>
        </gpxtpx:TrackPointExtension>
        </extensions>
    </trkpt>
    <trkpt lat="45.657253" lon="15.261526">
        <ele>210.5</ele>
        <time>2020-06-26T12:33:47.443Z</time>
        <extensions>
        <gpxtpx:TrackPointExtension>
        <gpxtpx:Extensions>
            <surface>asphalt</surface>
        </gpxtpx:Extensions>
        </gpxtpx:TrackPointExtension>
        </extensions>
    </trkpt>
    <trkpt lat="45.657209" lon="15.261552">
        <ele>210.3</ele>
        <time>2020-06-26T12:33:48.075Z</time>
        <extensions>
        <gpxtpx:TrackPointExtension>
        <gpxtpx:Extensions>
            <surface>asphalt</surface>
        </gpxtpx:Extensions>
        </gpxtpx:TrackPointExtension>
        </extensions>
    </trkpt>
    <trkpt lat="45.657046" lon="15.261608">
        <ele>208.8</ele>
        <time>2020-06-26T12:33:50.301Z</time>
        <extensions>
        <gpxtpx:TrackPointExtension>
        <gpxtpx:Extensions>
            <surface>asphalt</surface>
        </gpxtpx:Extensions>
        </gpxtpx:TrackPointExtension>
        </extensions>
    </trkpt>
    <trkpt lat="45.656796" lon="15.261641">
        <ele>206.3</ele>
        <time>2020-06-26T12:33:53.635Z</time>
        <extensions>
        <gpxtpx:TrackPointExtension>
        <gpxtpx:Extensions>
            <surface>asphalt</surface>
        </gpxtpx:Extensions>
        </gpxtpx:TrackPointExtension>
        </extensions>
    </trkpt>
    <trkpt lat="45.656487" lon="15.261654">
        <ele>204.0</ele>
        <time>2020-06-26T12:33:57.740Z</time>
        <extensions>
        <gpxtpx:TrackPointExtension>
        <gpxtpx:Extensions>
            <surface>asphalt</surface>
        </gpxtpx:Extensions>
        </gpxtpx:TrackPointExtension>
        </extensions>
    </trkpt>
    <trkpt lat="45.656382" lon="15.26167">
        <ele>203.3</ele>
        <time>2020-06-26T12:33:59.142Z</time>
        <extensions>
        <gpxtpx:TrackPointExtension>
        <gpxtpx:Extensions>
            <surface>asphalt</surface>
        </gpxtpx:Extensions>
        </gpxtpx:TrackPointExtension>
        </extensions>
    </trkpt>
    <trkpt lat="45.65634" lon="15.261683">
        <ele>202.8</ele>
        <time>2020-06-26T12:33:59.712Z</time>
        <extensions>
        <gpxtpx:TrackPointExtension>
        <gpxtpx:Extensions>
            <surface>asphalt</surface>
        </gpxtpx:Extensions>
        </gpxtpx:TrackPointExtension>
        </extensions>
    </trkpt>
    <trkpt lat="45.656153" lon="15.261757">
        <ele>201.8</ele>
        <time>2020-06-26T12:34:01.701Z</time>
        <extensions>
        <gpxtpx:TrackPointExtension>
        <gpxtpx:Extensions>
            <surface>asphalt</surface>
        </gpxtpx:Extensions>
        </gpxtpx:TrackPointExtension>
        </extensions>
    </trkpt>
    <trkpt lat="45.656071" lon="15.2618">
        <ele>201.5</ele>
        <time>2020-06-26T12:34:02.596Z</time>
        <extensions>
        <gpxtpx:TrackPointExtension>
        <gpxtpx:Extensions>
            <surface>asphalt</surface>
        </gpxtpx:Extensions>
        </gpxtpx:TrackPointExtension>
        </extensions>
    </trkpt>
    <trkpt lat="45.655807" lon="15.261972">
        <ele>199.5</ele>
        <time>2020-06-26T12:34:05.570Z</time>
        <extensions>
        <gpxtpx:TrackPointExtension>
        <gpxtpx:Extensions>
            <surface>asphalt</surface>
        </gpxtpx:Extensions>
        </gpxtpx:TrackPointExtension>
        </extensions>
    </trkpt>
    <trkpt lat="45.655705" lon="15.262057">
        <ele>199.5</ele>
        <time>2020-06-26T12:34:06.780Z</time>
        <extensions>
        <gpxtpx:TrackPointExtension>
        <gpxtpx:Extensions>
            <surface>asphalt</surface>
        </gpxtpx:Extensions>
        </gpxtpx:TrackPointExtension>
        </extensions>
    </trkpt>
    <trkpt lat="45.655694" lon="15.262067">
        <ele>199.5</ele>
        <time>2020-06-26T12:34:06.913Z</time>
        <extensions>
        <gpxtpx:TrackPointExtension>
        <gpxtpx:Extensions>
            <surface>asphalt</surface>
        </gpxtpx:Extensions>
        </gpxtpx:TrackPointExtension>
        </extensions>
    </trkpt>
    <trkpt lat="45.6556" lon="15.262166">
        <ele>199.5</ele>
        <time>2020-06-26T12:34:08.109Z</time>
        <extensions>
        <gpxtpx:TrackPointExtension>
        <gpxtpx:Extensions>
            <surface>asphalt</surface>
        </gpxtpx:Extensions>
        </gpxtpx:TrackPointExtension>
        </extensions>
    </trkpt>
    <trkpt lat="45.655158" lon="15.262767">
        <ele>199.3</ele>
        <time>2020-06-26T12:34:14.362Z</time>
        <extensions>
        <gpxtpx:TrackPointExtension>
        <gpxtpx:Extensions>
            <surface>asphalt</surface>
        </gpxtpx:Extensions>
        </gpxtpx:TrackPointExtension>
        </extensions>
    </trkpt>
    <trkpt lat="45.654755" lon="15.263334">
        <ele>197.3</ele>
        <time>2020-06-26T12:34:19.680Z</time>
        <extensions>
        <gpxtpx:TrackPointExtension>
        <gpxtpx:Extensions>
            <surface>asphalt</surface>
        </gpxtpx:Extensions>
        </gpxtpx:TrackPointExtension>
        </extensions>
    </trkpt>
    <trkpt lat="45.654735" lon="15.263364">
        <ele>197.3</ele>
        <time>2020-06-26T12:34:19.952Z</time>
        <extensions>
        <gpxtpx:TrackPointExtension>
        <gpxtpx:Extensions>
            <surface>asphalt</surface>
        </gpxtpx:Extensions>
        </gpxtpx:TrackPointExtension>
        </extensions>
    </trkpt>
    <trkpt lat="45.654683" lon="15.263493">
        <ele>197.3</ele>
        <time>2020-06-26T12:34:20.931Z</time>
        <extensions>
        <gpxtpx:TrackPointExtension>
        <gpxtpx:Extensions>
            <surface>asphalt</surface>
        </gpxtpx:Extensions>
        </gpxtpx:TrackPointExtension>
        </extensions>
    </trkpt>
    <trkpt lat="45.654652" lon="15.263619">
        <ele>197.0</ele>
        <time>2020-06-26T12:34:21.809Z</time>
        <extensions>
        <gpxtpx:TrackPointExtension>
        <gpxtpx:Extensions>
            <surface>asphalt</surface>
        </gpxtpx:Extensions>
        </gpxtpx:TrackPointExtension>
        </extensions>
    </trkpt>
    <trkpt lat="45.654633" lon="15.263768">
        <ele>197.0</ele>
        <time>2020-06-26T12:34:22.805Z</time>
        <extensions>
        <gpxtpx:TrackPointExtension>
        <gpxtpx:Extensions>
            <surface>asphalt</surface>
        </gpxtpx:Extensions>
        </gpxtpx:TrackPointExtension>
        </extensions>
    </trkpt>
    <trkpt lat="45.654634" lon="15.263951">
        <ele>197.3</ele>
        <time>2020-06-26T12:34:24.063Z</time>
        <extensions>
        <gpxtpx:TrackPointExtension>
        <gpxtpx:Extensions>
            <surface>asphalt</surface>
        </gpxtpx:Extensions>
        </gpxtpx:TrackPointExtension>
        </extensions>
    </trkpt>
    <trkpt lat="45.654702" lon="15.264718">
        <ele>197.3</ele>
        <time>2020-06-26T12:34:29.379Z</time>
        <extensions>
        <gpxtpx:TrackPointExtension>
        <gpxtpx:Extensions>
            <surface>asphalt</surface>
        </gpxtpx:Extensions>
        </gpxtpx:TrackPointExtension>
        </extensions>
    </trkpt>
    <trkpt lat="45.654711" lon="15.265011">
        <ele>197.0</ele>
        <time>2020-06-26T12:34:31.395Z</time>
        <extensions>
        <gpxtpx:TrackPointExtension>
        <gpxtpx:Extensions>
            <surface>asphalt</surface>
        </gpxtpx:Extensions>
        </gpxtpx:TrackPointExtension>
        </extensions>
    </trkpt>
    <trkpt lat="45.654701" lon="15.265223">
        <ele>196.0</ele>
        <time>2020-06-26T12:34:32.856Z</time>
        <extensions>
        <gpxtpx:TrackPointExtension>
        <gpxtpx:Extensions>
            <surface>asphalt</surface>
        </gpxtpx:Extensions>
        </gpxtpx:TrackPointExtension>
        </extensions>
    </trkpt>
    <trkpt lat="45.654697" lon="15.265318">
        <ele>195.8</ele>
        <time>2020-06-26T12:34:33.510Z</time>
        <extensions>
        <gpxtpx:TrackPointExtension>
        <gpxtpx:Extensions>
            <surface>asphalt</surface>
        </gpxtpx:Extensions>
        </gpxtpx:TrackPointExtension>
        </extensions>
    </trkpt>
    <trkpt lat="45.654678" lon="15.265428">
        <ele>195.0</ele>
        <time>2020-06-26T12:34:34.289Z</time>
        <extensions>
        <gpxtpx:TrackPointExtension>
        <gpxtpx:Extensions>
            <surface>asphalt</surface>
        </gpxtpx:Extensions>
        </gpxtpx:TrackPointExtension>
        </extensions>
    </trkpt>
    <trkpt lat="45.654606" lon="15.265697">
        <ele>193.5</ele>
        <time>2020-06-26T12:34:36.269Z</time>
        <extensions>
        <gpxtpx:TrackPointExtension>
        <gpxtpx:Extensions>
            <surface>asphalt</surface>
        </gpxtpx:Extensions>
        </gpxtpx:TrackPointExtension>
        </extensions>
    </trkpt>
    <trkpt lat="45.65455" lon="15.26583">
        <ele>192.8</ele>
        <time>2020-06-26T12:34:37.336Z</time>
        <extensions>
        <gpxtpx:TrackPointExtension>
        <gpxtpx:Extensions>
            <surface>asphalt</surface>
        </gpxtpx:Extensions>
        </gpxtpx:TrackPointExtension>
        </extensions>
    </trkpt>
    <trkpt lat="45.654487" lon="15.265948">
        <ele>192.5</ele>
        <time>2020-06-26T12:34:38.357Z</time>
        <extensions>
        <gpxtpx:TrackPointExtension>
        <gpxtpx:Extensions>
            <surface>asphalt</surface>
        </gpxtpx:Extensions>
        </gpxtpx:TrackPointExtension>
        </extensions>
    </trkpt>
    <trkpt lat="45.654436" lon="15.266027">
        <ele>192.5</ele>
        <time>2020-06-26T12:34:39.201Z</time>
        <extensions>
        <gpxtpx:TrackPointExtension>
        <gpxtpx:Extensions>
            <surface>asphalt</surface>
        </gpxtpx:Extensions>
        </gpxtpx:TrackPointExtension>
        </extensions>
    </trkpt>
    <trkpt lat="45.654346" lon="15.266157">
        <ele>192.5</ele>
        <time>2020-06-26T12:34:40.638Z</time>
        <extensions>
        <gpxtpx:TrackPointExtension>
        <gpxtpx:Extensions>
            <surface>asphalt</surface>
        </gpxtpx:Extensions>
        </gpxtpx:TrackPointExtension>
        </extensions>
    </trkpt>
    <trkpt lat="45.654167" lon="15.266389">
        <ele>192.5</ele>
        <time>2020-06-26T12:34:43.352Z</time>
        <extensions>
        <gpxtpx:TrackPointExtension>
        <gpxtpx:Extensions>
            <surface>asphalt</surface>
        </gpxtpx:Extensions>
        </gpxtpx:TrackPointExtension>
        </extensions>
    </trkpt>
    <trkpt lat="45.654004" lon="15.266643">
        <ele>195.3</ele>
        <time>2020-06-26T12:34:46.060Z</time>
        <extensions>
        <gpxtpx:TrackPointExtension>
        <gpxtpx:Extensions>
            <surface>asphalt</surface>
        </gpxtpx:Extensions>
        </gpxtpx:TrackPointExtension>
        </extensions>
    </trkpt>
    <trkpt lat="45.653682" lon="15.267217">
        <ele>199.3</ele>
        <time>2020-06-26T12:34:51.840Z</time>
        <extensions>
        <gpxtpx:TrackPointExtension>
        <gpxtpx:Extensions>
            <surface>asphalt</surface>
        </gpxtpx:Extensions>
        </gpxtpx:TrackPointExtension>
        </extensions>
    </trkpt>
    <trkpt lat="45.653447" lon="15.267614">
        <ele>200.5</ele>
        <time>2020-06-26T12:34:55.926Z</time>
        <extensions>
        <gpxtpx:TrackPointExtension>
        <gpxtpx:Extensions>
            <surface>asphalt</surface>
        </gpxtpx:Extensions>
        </gpxtpx:TrackPointExtension>
        </extensions>
    </trkpt>
    <trkpt lat="45.653384" lon="15.267732">
        <ele>200.8</ele>
        <time>2020-06-26T12:34:57.092Z</time>
        <extensions>
        <gpxtpx:TrackPointExtension>
        <gpxtpx:Extensions>
            <surface>asphalt</surface>
        </gpxtpx:Extensions>
        </gpxtpx:TrackPointExtension>
        </extensions>
    </trkpt>
    <trkpt lat="45.653339" lon="15.267862">
        <ele>200.8</ele>
        <time>2020-06-26T12:34:58.448Z</time>
        <extensions>
        <gpxtpx:TrackPointExtension>
        <gpxtpx:Extensions>
            <surface>asphalt</surface>
        </gpxtpx:Extensions>
        </gpxtpx:TrackPointExtension>
        </extensions>
    </trkpt>
    <trkpt lat="45.653288" lon="15.268137">
        <ele>200.8</ele>
        <time>2020-06-26T12:35:01.108Z</time>
        <extensions>
        <gpxtpx:TrackPointExtension>
        <gpxtpx:Extensions>
            <surface>asphalt</surface>
        </gpxtpx:Extensions>
        </gpxtpx:TrackPointExtension>
        </extensions>
    </trkpt>
    <trkpt lat="45.653257" lon="15.268596">
        <ele>200.5</ele>
        <time>2020-06-26T12:35:05.419Z</time>
        <extensions>
        <gpxtpx:TrackPointExtension>
        <gpxtpx:Extensions>
            <surface>asphalt</surface>
        </gpxtpx:Extensions>
        </gpxtpx:TrackPointExtension>
        </extensions>
    </trkpt>
    <trkpt lat="45.653248" lon="15.26894">
        <ele>200.5</ele>
        <time>2020-06-26T12:35:08.637Z</time>
        <extensions>
        <gpxtpx:TrackPointExtension>
        <gpxtpx:Extensions>
            <surface>asphalt</surface>
        </gpxtpx:Extensions>
        </gpxtpx:TrackPointExtension>
        </extensions>
    </trkpt>
    <trkpt lat="45.653232" lon="15.269086">
        <ele>200.5</ele>
        <time>2020-06-26T12:35:10.018Z</time>
        <extensions>
        <gpxtpx:TrackPointExtension>
        <gpxtpx:Extensions>
            <surface>asphalt</surface>
        </gpxtpx:Extensions>
        </gpxtpx:TrackPointExtension>
        </extensions>
    </trkpt>
    <trkpt lat="45.653202" lon="15.269243">
        <ele>200.5</ele>
        <time>2020-06-26T12:35:11.539Z</time>
        <extensions>
        <gpxtpx:TrackPointExtension>
        <gpxtpx:Extensions>
            <surface>asphalt</surface>
        </gpxtpx:Extensions>
        </gpxtpx:TrackPointExtension>
        </extensions>
    </trkpt>
    <trkpt lat="45.653176" lon="15.269344">
        <ele>200.3</ele>
        <time>2020-06-26T12:35:12.492Z</time>
        <extensions>
        <gpxtpx:TrackPointExtension>
        <gpxtpx:Extensions>
            <surface>asphalt</surface>
        </gpxtpx:Extensions>
        </gpxtpx:TrackPointExtension>
        </extensions>
    </trkpt>
    <trkpt lat="45.653166" lon="15.269384">
        <ele>200.3</ele>
        <time>2020-06-26T12:35:12.868Z</time>
        <extensions>
        <gpxtpx:TrackPointExtension>
        <gpxtpx:Extensions>
            <surface>asphalt</surface>
        </gpxtpx:Extensions>
        </gpxtpx:TrackPointExtension>
        </extensions>
    </trkpt>
    <trkpt lat="45.653081" lon="15.269593">
        <ele>200.0</ele>
        <time>2020-06-26T12:35:15.009Z</time>
        <extensions>
        <gpxtpx:TrackPointExtension>
        <gpxtpx:Extensions>
            <surface>asphalt</surface>
        </gpxtpx:Extensions>
        </gpxtpx:TrackPointExtension>
        </extensions>
    </trkpt>
    <trkpt lat="45.652883" lon="15.269998">
        <ele>199.8</ele>
        <time>2020-06-26T12:35:19.385Z</time>
        <extensions>
        <gpxtpx:TrackPointExtension>
        <gpxtpx:Extensions>
            <surface>asphalt</surface>
        </gpxtpx:Extensions>
        </gpxtpx:TrackPointExtension>
        </extensions>
    </trkpt>
    <trkpt lat="45.652797" lon="15.270271">
        <ele>199.0</ele>
        <time>2020-06-26T12:35:22.036Z</time>
        <extensions>
        <gpxtpx:TrackPointExtension>
        <gpxtpx:Extensions>
            <surface>asphalt</surface>
        </gpxtpx:Extensions>
        </gpxtpx:TrackPointExtension>
        </extensions>
    </trkpt>
    <trkpt lat="45.652731" lon="15.270482">
        <ele>198.5</ele>
        <time>2020-06-26T12:35:24.083Z</time>
        <extensions>
        <gpxtpx:TrackPointExtension>
        <gpxtpx:Extensions>
            <surface>asphalt</surface>
        </gpxtpx:Extensions>
        </gpxtpx:TrackPointExtension>
        </extensions>
    </trkpt>
    <trkpt lat="45.652634" lon="15.27096">
        <ele>196.5</ele>
        <time>2020-06-26T12:35:28.490Z</time>
        <extensions>
        <gpxtpx:TrackPointExtension>
        <gpxtpx:Extensions>
            <surface>asphalt</surface>
        </gpxtpx:Extensions>
        </gpxtpx:TrackPointExtension>
        </extensions>
    </trkpt>
    <trkpt lat="45.652591" lon="15.271242">
        <ele>195.3</ele>
        <time>2020-06-26T12:35:31.046Z</time>
        <extensions>
        <gpxtpx:TrackPointExtension>
        <gpxtpx:Extensions>
            <surface>asphalt</surface>
        </gpxtpx:Extensions>
        </gpxtpx:TrackPointExtension>
        </extensions>
    </trkpt>
    <trkpt lat="45.652584" lon="15.271407">
        <ele>194.5</ele>
        <time>2020-06-26T12:35:32.509Z</time>
        <extensions>
        <gpxtpx:TrackPointExtension>
        <gpxtpx:Extensions>
            <surface>asphalt</surface>
        </gpxtpx:Extensions>
        </gpxtpx:TrackPointExtension>
        </extensions>
    </trkpt>
    <trkpt lat="45.652598" lon="15.27153">
        <ele>193.8</ele>
        <time>2020-06-26T12:35:33.612Z</time>
        <extensions>
        <gpxtpx:TrackPointExtension>
        <gpxtpx:Extensions>
            <surface>asphalt</surface>
        </gpxtpx:Extensions>
        </gpxtpx:TrackPointExtension>
        </extensions>
    </trkpt>
    <trkpt lat="45.652676" lon="15.271924">
        <ele>191.5</ele>
        <time>2020-06-26T12:35:36.809Z</time>
        <extensions>
        <gpxtpx:TrackPointExtension>
        <gpxtpx:Extensions>
            <surface>asphalt</surface>
        </gpxtpx:Extensions>
        </gpxtpx:TrackPointExtension>
        </extensions>
    </trkpt>
    <trkpt lat="45.65271" lon="15.272141">
        <ele>190.0</ele>
        <time>2020-06-26T12:35:38.545Z</time>
        <extensions>
        <gpxtpx:TrackPointExtension>
        <gpxtpx:Extensions>
            <surface>asphalt</surface>
        </gpxtpx:Extensions>
        </gpxtpx:TrackPointExtension>
        </extensions>
    </trkpt>
    <trkpt lat="45.652727" lon="15.272357">
        <ele>188.5</ele>
        <time>2020-06-26T12:35:40.242Z</time>
        <extensions>
        <gpxtpx:TrackPointExtension>
        <gpxtpx:Extensions>
            <surface>asphalt</surface>
        </gpxtpx:Extensions>
        </gpxtpx:TrackPointExtension>
        </extensions>
    </trkpt>
    <trkpt lat="45.652708" lon="15.273018">
        <ele>185.8</ele>
        <time>2020-06-26T12:35:45.408Z</time>
        <extensions>
        <gpxtpx:TrackPointExtension>
        <gpxtpx:Extensions>
            <surface>asphalt</surface>
        </gpxtpx:Extensions>
        </gpxtpx:TrackPointExtension>
        </extensions>
    </trkpt>
    <trkpt lat="45.652689" lon="15.273165">
        <ele>185.0</ele>
        <time>2020-06-26T12:35:46.575Z</time>
        <extensions>
        <gpxtpx:TrackPointExtension>
        <gpxtpx:Extensions>
            <surface>asphalt</surface>
        </gpxtpx:Extensions>
        </gpxtpx:TrackPointExtension>
        </extensions>
    </trkpt>
    <trkpt lat="45.652662" lon="15.273382">
        <ele>184.5</ele>
        <time>2020-06-26T12:35:48.296Z</time>
        <extensions>
        <gpxtpx:TrackPointExtension>
        <gpxtpx:Extensions>
            <surface>asphalt</surface>
        </gpxtpx:Extensions>
        </gpxtpx:TrackPointExtension>
        </extensions>
    </trkpt>
    <trkpt lat="45.652598" lon="15.273715">
        <ele>186.0</ele>
        <time>2020-06-26T12:35:50.993Z</time>
        <extensions>
        <gpxtpx:TrackPointExtension>
        <gpxtpx:Extensions>
            <surface>asphalt</surface>
        </gpxtpx:Extensions>
        </gpxtpx:TrackPointExtension>
        </extensions>
    </trkpt>
    <trkpt lat="45.652564" lon="15.273861">
        <ele>186.5</ele>
        <time>2020-06-26T12:35:52.194Z</time>
        <extensions>
        <gpxtpx:TrackPointExtension>
        <gpxtpx:Extensions>
            <surface>asphalt</surface>
        </gpxtpx:Extensions>
        </gpxtpx:TrackPointExtension>
        </extensions>
    </trkpt>
    <trkpt lat="45.652457" lon="15.274183">
        <ele>188.0</ele>
        <time>2020-06-26T12:35:54.978Z</time>
        <extensions>
        <gpxtpx:TrackPointExtension>
        <gpxtpx:Extensions>
            <surface>asphalt</surface>
        </gpxtpx:Extensions>
        </gpxtpx:TrackPointExtension>
        </extensions>
    </trkpt>
    <trkpt lat="45.652421" lon="15.274326">
        <ele>188.5</ele>
        <time>2020-06-26T12:35:56.164Z</time>
        <extensions>
        <gpxtpx:TrackPointExtension>
        <gpxtpx:Extensions>
            <surface>asphalt</surface>
        </gpxtpx:Extensions>
        </gpxtpx:TrackPointExtension>
        </extensions>
    </trkpt>
    <trkpt lat="45.652398" lon="15.274492">
        <ele>189.3</ele>
        <time>2020-06-26T12:35:57.485Z</time>
        <extensions>
        <gpxtpx:TrackPointExtension>
        <gpxtpx:Extensions>
            <surface>asphalt</surface>
        </gpxtpx:Extensions>
        </gpxtpx:TrackPointExtension>
        </extensions>
    </trkpt>
    <trkpt lat="45.652396" lon="15.274654">
        <ele>189.8</ele>
        <time>2020-06-26T12:35:58.750Z</time>
        <extensions>
        <gpxtpx:TrackPointExtension>
        <gpxtpx:Extensions>
            <surface>asphalt</surface>
        </gpxtpx:Extensions>
        </gpxtpx:TrackPointExtension>
        </extensions>
    </trkpt>
    <trkpt lat="45.652407" lon="15.274812">
        <ele>190.3</ele>
        <time>2020-06-26T12:36:00.120Z</time>
        <extensions>
        <gpxtpx:TrackPointExtension>
        <gpxtpx:Extensions>
            <surface>asphalt</surface>
        </gpxtpx:Extensions>
        </gpxtpx:TrackPointExtension>
        </extensions>
    </trkpt>
    <trkpt lat="45.652427" lon="15.274955">
        <ele>190.8</ele>
        <time>2020-06-26T12:36:01.379Z</time>
        <extensions>
        <gpxtpx:TrackPointExtension>
        <gpxtpx:Extensions>
            <surface>asphalt</surface>
        </gpxtpx:Extensions>
        </gpxtpx:TrackPointExtension>
        </extensions>
    </trkpt>
    <trkpt lat="45.652501" lon="15.275636">
        <ele>191.0</ele>
        <time>2020-06-26T12:36:07.329Z</time>
        <extensions>
        <gpxtpx:TrackPointExtension>
        <gpxtpx:Extensions>
            <surface>asphalt</surface>
        </gpxtpx:Extensions>
        </gpxtpx:TrackPointExtension>
        </extensions>
    </trkpt>
    <trkpt lat="45.652537" lon="15.275835">
        <ele>191.3</ele>
        <time>2020-06-26T12:36:09.103Z</time>
        <extensions>
        <gpxtpx:TrackPointExtension>
        <gpxtpx:Extensions>
            <surface>asphalt</surface>
        </gpxtpx:Extensions>
        </gpxtpx:TrackPointExtension>
        </extensions>
    </trkpt>
    <trkpt lat="45.652612" lon="15.276155">
        <ele>191.8</ele>
        <time>2020-06-26T12:36:12.017Z</time>
        <extensions>
        <gpxtpx:TrackPointExtension>
        <gpxtpx:Extensions>
            <surface>asphalt</surface>
        </gpxtpx:Extensions>
        </gpxtpx:TrackPointExtension>
        </extensions>
    </trkpt>
    <trkpt lat="45.652681" lon="15.276604">
        <ele>192.0</ele>
        <time>2020-06-26T12:36:15.986Z</time>
        <extensions>
        <gpxtpx:TrackPointExtension>
        <gpxtpx:Extensions>
            <surface>asphalt</surface>
        </gpxtpx:Extensions>
        </gpxtpx:TrackPointExtension>
        </extensions>
    </trkpt>
    <trkpt lat="45.652708" lon="15.276713">
        <ele>191.8</ele>
        <time>2020-06-26T12:36:16.984Z</time>
        <extensions>
        <gpxtpx:TrackPointExtension>
        <gpxtpx:Extensions>
            <surface>asphalt</surface>
        </gpxtpx:Extensions>
        </gpxtpx:TrackPointExtension>
        </extensions>
    </trkpt>
    <trkpt lat="45.652744" lon="15.276813">
        <ele>191.5</ele>
        <time>2020-06-26T12:36:17.955Z</time>
        <extensions>
        <gpxtpx:TrackPointExtension>
        <gpxtpx:Extensions>
            <surface>asphalt</surface>
        </gpxtpx:Extensions>
        </gpxtpx:TrackPointExtension>
        </extensions>
    </trkpt>
    <trkpt lat="45.65276" lon="15.276844">
        <ele>191.3</ele>
        <time>2020-06-26T12:36:18.287Z</time>
        <extensions>
        <gpxtpx:TrackPointExtension>
        <gpxtpx:Extensions>
            <surface>asphalt</surface>
        </gpxtpx:Extensions>
        </gpxtpx:TrackPointExtension>
        </extensions>
    </trkpt>
    <trkpt lat="45.652777" lon="15.276874">
        <ele>191.3</ele>
        <time>2020-06-26T12:36:18.620Z</time>
        <extensions>
        <gpxtpx:TrackPointExtension>
        <gpxtpx:Extensions>
            <surface>asphalt</surface>
        </gpxtpx:Extensions>
        </gpxtpx:TrackPointExtension>
        </extensions>
    </trkpt>
    <trkpt lat="45.652822" lon="15.276927">
        <ele>191.0</ele>
        <time>2020-06-26T12:36:19.339Z</time>
        <extensions>
        <gpxtpx:TrackPointExtension>
        <gpxtpx:Extensions>
            <surface>asphalt</surface>
        </gpxtpx:Extensions>
        </gpxtpx:TrackPointExtension>
        </extensions>
    </trkpt>
    <trkpt lat="45.652909" lon="15.277006">
        <ele>190.8</ele>
        <time>2020-06-26T12:36:20.629Z</time>
        <extensions>
        <gpxtpx:TrackPointExtension>
        <gpxtpx:Extensions>
            <surface>asphalt</surface>
        </gpxtpx:Extensions>
        </gpxtpx:TrackPointExtension>
        </extensions>
    </trkpt>
    <trkpt lat="45.653914" lon="15.277636">
        <ele>187.0</ele>
        <time>2020-06-26T12:36:34.370Z</time>
        <extensions>
        <gpxtpx:TrackPointExtension>
        <gpxtpx:Extensions>
            <surface>asphalt</surface>
        </gpxtpx:Extensions>
        </gpxtpx:TrackPointExtension>
        </extensions>
    </trkpt>
    <trkpt lat="45.653989" lon="15.277711">
        <ele>187.0</ele>
        <time>2020-06-26T12:36:35.516Z</time>
        <extensions>
        <gpxtpx:TrackPointExtension>
        <gpxtpx:Extensions>
            <surface>asphalt</surface>
        </gpxtpx:Extensions>
        </gpxtpx:TrackPointExtension>
        </extensions>
    </trkpt>
    <trkpt lat="45.654002" lon="15.277723">
        <ele>187.0</ele>
        <time>2020-06-26T12:36:35.709Z</time>
        <extensions>
        <gpxtpx:TrackPointExtension>
        <gpxtpx:Extensions>
            <surface>asphalt</surface>
        </gpxtpx:Extensions>
        </gpxtpx:TrackPointExtension>
        </extensions>
    </trkpt>
    <trkpt lat="45.654082" lon="15.277818">
        <ele>186.8</ele>
        <time>2020-06-26T12:36:37.011Z</time>
        <extensions>
        <gpxtpx:TrackPointExtension>
        <gpxtpx:Extensions>
            <surface>asphalt</surface>
        </gpxtpx:Extensions>
        </gpxtpx:TrackPointExtension>
        </extensions>
    </trkpt>
    <trkpt lat="45.65415" lon="15.277938">
        <ele>186.5</ele>
        <time>2020-06-26T12:36:38.363Z</time>
        <extensions>
        <gpxtpx:TrackPointExtension>
        <gpxtpx:Extensions>
            <surface>asphalt</surface>
        </gpxtpx:Extensions>
        </gpxtpx:TrackPointExtension>
        </extensions>
    </trkpt>
    <trkpt lat="45.654206" lon="15.278082">
        <ele>186.3</ele>
        <time>2020-06-26T12:36:39.805Z</time>
        <extensions>
        <gpxtpx:TrackPointExtension>
        <gpxtpx:Extensions>
            <surface>asphalt</surface>
        </gpxtpx:Extensions>
        </gpxtpx:TrackPointExtension>
        </extensions>
    </trkpt>
    <trkpt lat="45.654236" lon="15.278221">
        <ele>186.0</ele>
        <time>2020-06-26T12:36:41.078Z</time>
        <extensions>
        <gpxtpx:TrackPointExtension>
        <gpxtpx:Extensions>
            <surface>asphalt</surface>
        </gpxtpx:Extensions>
        </gpxtpx:TrackPointExtension>
        </extensions>
    </trkpt>
    <trkpt lat="45.654257" lon="15.278379">
        <ele>186.0</ele>
        <time>2020-06-26T12:36:42.485Z</time>
        <extensions>
        <gpxtpx:TrackPointExtension>
        <gpxtpx:Extensions>
            <surface>asphalt</surface>
        </gpxtpx:Extensions>
        </gpxtpx:TrackPointExtension>
        </extensions>
    </trkpt>
    <trkpt lat="45.65426" lon="15.278574">
        <ele>186.3</ele>
        <time>2020-06-26T12:36:44.192Z</time>
        <extensions>
        <gpxtpx:TrackPointExtension>
        <gpxtpx:Extensions>
            <surface>asphalt</surface>
        </gpxtpx:Extensions>
        </gpxtpx:TrackPointExtension>
        </extensions>
    </trkpt>
    <trkpt lat="45.654261" lon="15.278601">
        <ele>186.5</ele>
        <time>2020-06-26T12:36:44.424Z</time>
        <extensions>
        <gpxtpx:TrackPointExtension>
        <gpxtpx:Extensions>
            <surface>asphalt</surface>
        </gpxtpx:Extensions>
        </gpxtpx:TrackPointExtension>
        </extensions>
    </trkpt>
    <trkpt lat="45.654255" lon="15.278683">
        <ele>186.5</ele>
        <time>2020-06-26T12:36:45.134Z</time>
        <extensions>
        <gpxtpx:TrackPointExtension>
        <gpxtpx:Extensions>
            <surface>asphalt</surface>
        </gpxtpx:Extensions>
        </gpxtpx:TrackPointExtension>
        </extensions>
    </trkpt>
    <trkpt lat="45.654217" lon="15.279261">
        <ele>187.5</ele>
        <time>2020-06-26T12:36:50.134Z</time>
        <extensions>
        <gpxtpx:TrackPointExtension>
        <gpxtpx:Extensions>
            <surface>asphalt</surface>
        </gpxtpx:Extensions>
        </gpxtpx:TrackPointExtension>
        </extensions>
    </trkpt>
    <trkpt lat="45.654195" lon="15.27941">
        <ele>187.3</ele>
        <time>2020-06-26T12:36:51.445Z</time>
        <extensions>
        <gpxtpx:TrackPointExtension>
        <gpxtpx:Extensions>
            <surface>asphalt</surface>
        </gpxtpx:Extensions>
        </gpxtpx:TrackPointExtension>
        </extensions>
    </trkpt>
    <trkpt lat="45.654033" lon="15.280124">
        <ele>188.3</ele>
        <time>2020-06-26T12:36:57.911Z</time>
        <extensions>
        <gpxtpx:TrackPointExtension>
        <gpxtpx:Extensions>
            <surface>asphalt</surface>
        </gpxtpx:Extensions>
        </gpxtpx:TrackPointExtension>
        </extensions>
    </trkpt>
    <trkpt lat="45.653978" lon="15.280396">
        <ele>188.3</ele>
        <time>2020-06-26T12:37:00.350Z</time>
        <extensions>
        <gpxtpx:TrackPointExtension>
        <gpxtpx:Extensions>
            <surface>asphalt</surface>
        </gpxtpx:Extensions>
        </gpxtpx:TrackPointExtension>
        </extensions>
    </trkpt>
    <trkpt lat="45.653953" lon="15.280564">
        <ele>187.8</ele>
        <time>2020-06-26T12:37:01.829Z</time>
        <extensions>
        <gpxtpx:TrackPointExtension>
        <gpxtpx:Extensions>
            <surface>asphalt</surface>
        </gpxtpx:Extensions>
        </gpxtpx:TrackPointExtension>
        </extensions>
    </trkpt>
    <trkpt lat="45.65394" lon="15.28067">
        <ele>187.5</ele>
        <time>2020-06-26T12:37:02.756Z</time>
        <extensions>
        <gpxtpx:TrackPointExtension>
        <gpxtpx:Extensions>
            <surface>asphalt</surface>
        </gpxtpx:Extensions>
        </gpxtpx:TrackPointExtension>
        </extensions>
    </trkpt>
    <trkpt lat="45.653937" lon="15.280705">
        <ele>187.5</ele>
        <time>2020-06-26T12:37:03.059Z</time>
        <extensions>
        <gpxtpx:TrackPointExtension>
        <gpxtpx:Extensions>
            <surface>asphalt</surface>
        </gpxtpx:Extensions>
        </gpxtpx:TrackPointExtension>
        </extensions>
    </trkpt>
    <trkpt lat="45.653926" lon="15.280924">
        <ele>186.8</ele>
        <time>2020-06-26T12:37:04.950Z</time>
        <extensions>
        <gpxtpx:TrackPointExtension>
        <gpxtpx:Extensions>
            <surface>asphalt</surface>
        </gpxtpx:Extensions>
        </gpxtpx:TrackPointExtension>
        </extensions>
    </trkpt>
    <trkpt lat="45.653938" lon="15.281463">
        <ele>184.0</ele>
        <time>2020-06-26T12:37:09.595Z</time>
        <extensions>
        <gpxtpx:TrackPointExtension>
        <gpxtpx:Extensions>
            <surface>asphalt</surface>
        </gpxtpx:Extensions>
        </gpxtpx:TrackPointExtension>
        </extensions>
    </trkpt>
    <trkpt lat="45.653972" lon="15.281964">
        <ele>184.8</ele>
        <time>2020-06-26T12:37:13.930Z</time>
        <extensions>
        <gpxtpx:TrackPointExtension>
        <gpxtpx:Extensions>
            <surface>asphalt</surface>
        </gpxtpx:Extensions>
        </gpxtpx:TrackPointExtension>
        </extensions>
    </trkpt>
    <trkpt lat="45.653977" lon="15.282095">
        <ele>185.8</ele>
        <time>2020-06-26T12:37:15.060Z</time>
        <extensions>
        <gpxtpx:TrackPointExtension>
        <gpxtpx:Extensions>
            <surface>asphalt</surface>
        </gpxtpx:Extensions>
        </gpxtpx:TrackPointExtension>
        </extensions>
    </trkpt>
    <trkpt lat="45.653966" lon="15.282372">
        <ele>187.3</ele>
        <time>2020-06-26T12:37:17.449Z</time>
        <extensions>
        <gpxtpx:TrackPointExtension>
        <gpxtpx:Extensions>
            <surface>asphalt</surface>
        </gpxtpx:Extensions>
        </gpxtpx:TrackPointExtension>
        </extensions>
    </trkpt>
    <trkpt lat="45.653945" lon="15.282567">
        <ele>188.3</ele>
        <time>2020-06-26T12:37:19.148Z</time>
        <extensions>
        <gpxtpx:TrackPointExtension>
        <gpxtpx:Extensions>
            <surface>asphalt</surface>
        </gpxtpx:Extensions>
        </gpxtpx:TrackPointExtension>
        </extensions>
    </trkpt>
    <trkpt lat="45.653869" lon="15.283139">
        <ele>191.5</ele>
        <time>2020-06-26T12:37:24.163Z</time>
        <extensions>
        <gpxtpx:TrackPointExtension>
        <gpxtpx:Extensions>
            <surface>asphalt</surface>
        </gpxtpx:Extensions>
        </gpxtpx:TrackPointExtension>
        </extensions>
    </trkpt>
    <trkpt lat="45.653888" lon="15.28382">
        <ele>192.8</ele>
        <time>2020-06-26T12:37:30.033Z</time>
        <extensions>
        <gpxtpx:TrackPointExtension>
        <gpxtpx:Extensions>
            <surface>asphalt</surface>
        </gpxtpx:Extensions>
        </gpxtpx:TrackPointExtension>
        </extensions>
    </trkpt>
    <trkpt lat="45.653884" lon="15.283967">
        <ele>192.5</ele>
        <time>2020-06-26T12:37:31.342Z</time>
        <extensions>
        <gpxtpx:TrackPointExtension>
        <gpxtpx:Extensions>
            <surface>asphalt</surface>
        </gpxtpx:Extensions>
        </gpxtpx:TrackPointExtension>
        </extensions>
    </trkpt>
    <trkpt lat="45.653874" lon="15.284088">
        <ele>192.3</ele>
        <time>2020-06-26T12:37:32.426Z</time>
        <extensions>
        <gpxtpx:TrackPointExtension>
        <gpxtpx:Extensions>
            <surface>asphalt</surface>
        </gpxtpx:Extensions>
        </gpxtpx:TrackPointExtension>
        </extensions>
    </trkpt>
    <trkpt lat="45.653828" lon="15.284343">
        <ele>191.8</ele>
        <time>2020-06-26T12:37:34.770Z</time>
        <extensions>
        <gpxtpx:TrackPointExtension>
        <gpxtpx:Extensions>
            <surface>asphalt</surface>
        </gpxtpx:Extensions>
        </gpxtpx:TrackPointExtension>
        </extensions>
    </trkpt>
    <trkpt lat="45.6538" lon="15.284565">
        <ele>191.5</ele>
        <time>2020-06-26T12:37:36.778Z</time>
        <extensions>
        <gpxtpx:TrackPointExtension>
        <gpxtpx:Extensions>
            <surface>asphalt</surface>
        </gpxtpx:Extensions>
        </gpxtpx:TrackPointExtension>
        </extensions>
    </trkpt>
    <trkpt lat="45.653716" lon="15.285262">
        <ele>190.8</ele>
        <time>2020-06-26T12:37:43.075Z</time>
        <extensions>
        <gpxtpx:TrackPointExtension>
        <gpxtpx:Extensions>
            <surface>asphalt</surface>
        </gpxtpx:Extensions>
        </gpxtpx:TrackPointExtension>
        </extensions>
    </trkpt>
    <trkpt lat="45.653676" lon="15.28552">
        <ele>190.5</ele>
        <time>2020-06-26T12:37:45.428Z</time>
        <extensions>
        <gpxtpx:TrackPointExtension>
        <gpxtpx:Extensions>
            <surface>asphalt</surface>
        </gpxtpx:Extensions>
        </gpxtpx:TrackPointExtension>
        </extensions>
    </trkpt>
    <trkpt lat="45.653669" lon="15.285552">
        <ele>190.3</ele>
        <time>2020-06-26T12:37:45.723Z</time>
        <extensions>
        <gpxtpx:TrackPointExtension>
        <gpxtpx:Extensions>
            <surface>asphalt</surface>
        </gpxtpx:Extensions>
        </gpxtpx:TrackPointExtension>
        </extensions>
    </trkpt>
    <trkpt lat="45.65363" lon="15.285736">
        <ele>190.0</ele>
        <time>2020-06-26T12:37:47.418Z</time>
        <extensions>
        <gpxtpx:TrackPointExtension>
        <gpxtpx:Extensions>
            <surface>asphalt</surface>
        </gpxtpx:Extensions>
        </gpxtpx:TrackPointExtension>
        </extensions>
    </trkpt>
    <trkpt lat="45.653567" lon="15.285944">
        <ele>189.3</ele>
        <time>2020-06-26T12:37:49.416Z</time>
        <extensions>
        <gpxtpx:TrackPointExtension>
        <gpxtpx:Extensions>
            <surface>asphalt</surface>
        </gpxtpx:Extensions>
        </gpxtpx:TrackPointExtension>
        </extensions>
    </trkpt>
    <trkpt lat="45.653083" lon="15.287262">
        <ele>185.0</ele>
        <time>2020-06-26T12:38:02.544Z</time>
        <extensions>
        <gpxtpx:TrackPointExtension>
        <gpxtpx:Extensions>
            <surface>asphalt</surface>
        </gpxtpx:Extensions>
        </gpxtpx:TrackPointExtension>
        </extensions>
    </trkpt>
    <trkpt lat="45.653021" lon="15.28741">
        <ele>184.8</ele>
        <time>2020-06-26T12:38:04.014Z</time>
        <extensions>
        <gpxtpx:TrackPointExtension>
        <gpxtpx:Extensions>
            <surface>asphalt</surface>
        </gpxtpx:Extensions>
        </gpxtpx:TrackPointExtension>
        </extensions>
    </trkpt>
    <trkpt lat="45.652658" lon="15.288296">
        <ele>183.5</ele>
        <time>2020-06-26T12:38:12.763Z</time>
        <extensions>
        <gpxtpx:TrackPointExtension>
        <gpxtpx:Extensions>
            <surface>asphalt</surface>
        </gpxtpx:Extensions>
        </gpxtpx:TrackPointExtension>
        </extensions>
    </trkpt>
    <trkpt lat="45.652389" lon="15.288876">
        <ele>181.5</ele>
        <time>2020-06-26T12:38:18.693Z</time>
        <extensions>
        <gpxtpx:TrackPointExtension>
        <gpxtpx:Extensions>
            <surface>asphalt</surface>
        </gpxtpx:Extensions>
        </gpxtpx:TrackPointExtension>
        </extensions>
    </trkpt>
    <trkpt lat="45.652251" lon="15.289208">
        <ele>181.3</ele>
        <time>2020-06-26T12:38:21.983Z</time>
        <extensions>
        <gpxtpx:TrackPointExtension>
        <gpxtpx:Extensions>
            <surface>asphalt</surface>
        </gpxtpx:Extensions>
        </gpxtpx:TrackPointExtension>
        </extensions>
    </trkpt>
    <trkpt lat="45.652115" lon="15.289581">
        <ele>179.8</ele>
        <time>2020-06-26T12:38:25.567Z</time>
        <extensions>
        <gpxtpx:TrackPointExtension>
        <gpxtpx:Extensions>
            <surface>asphalt</surface>
        </gpxtpx:Extensions>
        </gpxtpx:TrackPointExtension>
        </extensions>
    </trkpt>
    <trkpt lat="45.652014" lon="15.289886">
        <ele>178.5</ele>
        <time>2020-06-26T12:38:28.442Z</time>
        <extensions>
        <gpxtpx:TrackPointExtension>
        <gpxtpx:Extensions>
            <surface>asphalt</surface>
        </gpxtpx:Extensions>
        </gpxtpx:TrackPointExtension>
        </extensions>
    </trkpt>
    <trkpt lat="45.651893" lon="15.290173">
        <ele>177.8</ele>
        <time>2020-06-26T12:38:31.297Z</time>
        <extensions>
        <gpxtpx:TrackPointExtension>
        <gpxtpx:Extensions>
            <surface>asphalt</surface>
        </gpxtpx:Extensions>
        </gpxtpx:TrackPointExtension>
        </extensions>
    </trkpt>
    <trkpt lat="45.651735" lon="15.290459">
        <ele>176.8</ele>
        <time>2020-06-26T12:38:34.402Z</time>
        <extensions>
        <gpxtpx:TrackPointExtension>
        <gpxtpx:Extensions>
            <surface>asphalt</surface>
        </gpxtpx:Extensions>
        </gpxtpx:TrackPointExtension>
        </extensions>
    </trkpt>
    <trkpt lat="45.651606" lon="15.290712">
        <ele>176.5</ele>
        <time>2020-06-26T12:38:37.070Z</time>
        <extensions>
        <gpxtpx:TrackPointExtension>
        <gpxtpx:Extensions>
            <surface>asphalt</surface>
        </gpxtpx:Extensions>
        </gpxtpx:TrackPointExtension>
        </extensions>
    </trkpt>
    <trkpt lat="45.651577" lon="15.290768">
        <ele>176.3</ele>
        <time>2020-06-26T12:38:37.663Z</time>
        <extensions>
        <gpxtpx:TrackPointExtension>
        <gpxtpx:Extensions>
            <surface>asphalt</surface>
        </gpxtpx:Extensions>
        </gpxtpx:TrackPointExtension>
        </extensions>
    </trkpt>
    <trkpt lat="45.651496" lon="15.290979">
        <ele>177.0</ele>
        <time>2020-06-26T12:38:39.713Z</time>
        <extensions>
        <gpxtpx:TrackPointExtension>
        <gpxtpx:Extensions>
            <surface>asphalt</surface>
        </gpxtpx:Extensions>
        </gpxtpx:TrackPointExtension>
        </extensions>
    </trkpt>
    <trkpt lat="45.651446" lon="15.291162">
        <ele>177.5</ele>
        <time>2020-06-26T12:38:41.270Z</time>
        <extensions>
        <gpxtpx:TrackPointExtension>
        <gpxtpx:Extensions>
            <surface>asphalt</surface>
        </gpxtpx:Extensions>
        </gpxtpx:TrackPointExtension>
        </extensions>
    </trkpt>
    <trkpt lat="45.65144" lon="15.291186">
        <ele>177.8</ele>
        <time>2020-06-26T12:38:41.471Z</time>
        <extensions>
        <gpxtpx:TrackPointExtension>
        <gpxtpx:Extensions>
            <surface>asphalt</surface>
        </gpxtpx:Extensions>
        </gpxtpx:TrackPointExtension>
        </extensions>
    </trkpt>
    <trkpt lat="45.651354" lon="15.2916">
        <ele>179.5</ele>
        <time>2020-06-26T12:38:44.893Z</time>
        <extensions>
        <gpxtpx:TrackPointExtension>
        <gpxtpx:Extensions>
            <surface>asphalt</surface>
        </gpxtpx:Extensions>
        </gpxtpx:TrackPointExtension>
        </extensions>
    </trkpt>
    <trkpt lat="45.651161" lon="15.292613">
        <ele>177.5</ele>
        <time>2020-06-26T12:38:53.213Z</time>
        <extensions>
        <gpxtpx:TrackPointExtension>
        <gpxtpx:Extensions>
            <surface>asphalt</surface>
        </gpxtpx:Extensions>
        </gpxtpx:TrackPointExtension>
        </extensions>
    </trkpt>
    <trkpt lat="45.651077" lon="15.293083">
        <ele>175.3</ele>
        <time>2020-06-26T12:38:57.006Z</time>
        <extensions>
        <gpxtpx:TrackPointExtension>
        <gpxtpx:Extensions>
            <surface>asphalt</surface>
        </gpxtpx:Extensions>
        </gpxtpx:TrackPointExtension>
        </extensions>
    </trkpt>
    <trkpt lat="45.651072" lon="15.293112">
        <ele>175.3</ele>
        <time>2020-06-26T12:38:57.239Z</time>
        <extensions>
        <gpxtpx:TrackPointExtension>
        <gpxtpx:Extensions>
            <surface>asphalt</surface>
        </gpxtpx:Extensions>
        </gpxtpx:TrackPointExtension>
        </extensions>
    </trkpt>
    <trkpt lat="45.651006" lon="15.293845">
        <ele>174.5</ele>
        <time>2020-06-26T12:39:03.017Z</time>
        <extensions>
        <gpxtpx:TrackPointExtension>
        <gpxtpx:Extensions>
            <surface>asphalt</surface>
        </gpxtpx:Extensions>
        </gpxtpx:TrackPointExtension>
        </extensions>
    </trkpt>
    <trkpt lat="45.650974" lon="15.294519">
        <ele>175.8</ele>
        <time>2020-06-26T12:39:08.299Z</time>
        <extensions>
        <gpxtpx:TrackPointExtension>
        <gpxtpx:Extensions>
            <surface>asphalt</surface>
        </gpxtpx:Extensions>
        </gpxtpx:TrackPointExtension>
        </extensions>
    </trkpt>
    <trkpt lat="45.650881" lon="15.295401">
        <ele>176.3</ele>
        <time>2020-06-26T12:39:15.273Z</time>
        <extensions>
        <gpxtpx:TrackPointExtension>
        <gpxtpx:Extensions>
            <surface>asphalt</surface>
        </gpxtpx:Extensions>
        </gpxtpx:TrackPointExtension>
        </extensions>
    </trkpt>
    <trkpt lat="45.650809" lon="15.295859">
        <ele>174.8</ele>
        <time>2020-06-26T12:39:19.024Z</time>
        <extensions>
        <gpxtpx:TrackPointExtension>
        <gpxtpx:Extensions>
            <surface>asphalt</surface>
        </gpxtpx:Extensions>
        </gpxtpx:TrackPointExtension>
        </extensions>
    </trkpt>
    <trkpt lat="45.650796" lon="15.295945">
        <ele>174.5</ele>
        <time>2020-06-26T12:39:19.727Z</time>
        <extensions>
        <gpxtpx:TrackPointExtension>
        <gpxtpx:Extensions>
            <surface>asphalt</surface>
        </gpxtpx:Extensions>
        </gpxtpx:TrackPointExtension>
        </extensions>
    </trkpt>
    <trkpt lat="45.650683" lon="15.29645">
        <ele>173.8</ele>
        <time>2020-06-26T12:39:23.964Z</time>
        <extensions>
        <gpxtpx:TrackPointExtension>
        <gpxtpx:Extensions>
            <surface>asphalt</surface>
        </gpxtpx:Extensions>
        </gpxtpx:TrackPointExtension>
        </extensions>
    </trkpt>
    <trkpt lat="45.650648" lon="15.296548">
        <ele>173.5</ele>
        <time>2020-06-26T12:39:24.843Z</time>
        <extensions>
        <gpxtpx:TrackPointExtension>
        <gpxtpx:Extensions>
            <surface>asphalt</surface>
        </gpxtpx:Extensions>
        </gpxtpx:TrackPointExtension>
        </extensions>
    </trkpt>
    <trkpt lat="45.650408" lon="15.297156">
        <ele>171.8</ele>
        <time>2020-06-26T12:39:30.422Z</time>
        <extensions>
        <gpxtpx:TrackPointExtension>
        <gpxtpx:Extensions>
            <surface>asphalt</surface>
        </gpxtpx:Extensions>
        </gpxtpx:TrackPointExtension>
        </extensions>
    </trkpt>
    <trkpt lat="45.65019" lon="15.297745">
        <ele>171.0</ele>
        <time>2020-06-26T12:39:35.748Z</time>
        <extensions>
        <gpxtpx:TrackPointExtension>
        <gpxtpx:Extensions>
            <surface>asphalt</surface>
        </gpxtpx:Extensions>
        </gpxtpx:TrackPointExtension>
        </extensions>
    </trkpt>
    <trkpt lat="45.650143" lon="15.29793">
        <ele>170.5</ele>
        <time>2020-06-26T12:39:37.321Z</time>
        <extensions>
        <gpxtpx:TrackPointExtension>
        <gpxtpx:Extensions>
            <surface>asphalt</surface>
        </gpxtpx:Extensions>
        </gpxtpx:TrackPointExtension>
        </extensions>
    </trkpt>
    <trkpt lat="45.650116" lon="15.298082">
        <ele>170.3</ele>
        <time>2020-06-26T12:39:38.574Z</time>
        <extensions>
        <gpxtpx:TrackPointExtension>
        <gpxtpx:Extensions>
            <surface>asphalt</surface>
        </gpxtpx:Extensions>
        </gpxtpx:TrackPointExtension>
        </extensions>
    </trkpt>
    <trkpt lat="45.650108" lon="15.29813">
        <ele>170.3</ele>
        <time>2020-06-26T12:39:38.968Z</time>
        <extensions>
        <gpxtpx:TrackPointExtension>
        <gpxtpx:Extensions>
            <surface>asphalt</surface>
        </gpxtpx:Extensions>
        </gpxtpx:TrackPointExtension>
        </extensions>
    </trkpt>
    <trkpt lat="45.650022" lon="15.298787">
        <ele>168.8</ele>
        <time>2020-06-26T12:39:44.309Z</time>
        <extensions>
        <gpxtpx:TrackPointExtension>
        <gpxtpx:Extensions>
            <surface>asphalt</surface>
        </gpxtpx:Extensions>
        </gpxtpx:TrackPointExtension>
        </extensions>
    </trkpt>
    <trkpt lat="45.649962" lon="15.299352">
        <ele>168.0</ele>
        <time>2020-06-26T12:39:48.876Z</time>
        <extensions>
        <gpxtpx:TrackPointExtension>
        <gpxtpx:Extensions>
            <surface>asphalt</surface>
        </gpxtpx:Extensions>
        </gpxtpx:TrackPointExtension>
        </extensions>
    </trkpt>
    <trkpt lat="45.649936" lon="15.299716">
        <ele>168.8</ele>
        <time>2020-06-26T12:39:51.800Z</time>
        <extensions>
        <gpxtpx:TrackPointExtension>
        <gpxtpx:Extensions>
            <surface>asphalt</surface>
        </gpxtpx:Extensions>
        </gpxtpx:TrackPointExtension>
        </extensions>
    </trkpt>
    <trkpt lat="45.649931" lon="15.300126">
        <ele>169.3</ele>
        <time>2020-06-26T12:39:55.077Z</time>
        <extensions>
        <gpxtpx:TrackPointExtension>
        <gpxtpx:Extensions>
            <surface>asphalt</surface>
        </gpxtpx:Extensions>
        </gpxtpx:TrackPointExtension>
        </extensions>
    </trkpt>
    <trkpt lat="45.649886" lon="15.300974">
        <ele>169.0</ele>
        <time>2020-06-26T12:40:01.873Z</time>
        <extensions>
        <gpxtpx:TrackPointExtension>
        <gpxtpx:Extensions>
            <surface>asphalt</surface>
        </gpxtpx:Extensions>
        </gpxtpx:TrackPointExtension>
        </extensions>
    </trkpt>
    <trkpt lat="45.649894" lon="15.301247">
        <ele>169.8</ele>
        <time>2020-06-26T12:40:04.456Z</time>
        <extensions>
        <gpxtpx:TrackPointExtension>
        <gpxtpx:Extensions>
            <surface>asphalt</surface>
        </gpxtpx:Extensions>
        </gpxtpx:TrackPointExtension>
        </extensions>
    </trkpt>
    <trkpt lat="45.6499" lon="15.301423">
        <ele>170.5</ele>
        <time>2020-06-26T12:40:06.122Z</time>
        <extensions>
        <gpxtpx:TrackPointExtension>
        <gpxtpx:Extensions>
            <surface>asphalt</surface>
        </gpxtpx:Extensions>
        </gpxtpx:TrackPointExtension>
        </extensions>
    </trkpt>
    <trkpt lat="45.649916" lon="15.301697">
        <ele>171.3</ele>
        <time>2020-06-26T12:40:08.721Z</time>
        <extensions>
        <gpxtpx:TrackPointExtension>
        <gpxtpx:Extensions>
            <surface>asphalt</surface>
        </gpxtpx:Extensions>
        </gpxtpx:TrackPointExtension>
        </extensions>
    </trkpt>
    <trkpt lat="45.649962" lon="15.302048">
        <ele>172.3</ele>
        <time>2020-06-26T12:40:12.072Z</time>
        <extensions>
        <gpxtpx:TrackPointExtension>
        <gpxtpx:Extensions>
            <surface>asphalt</surface>
        </gpxtpx:Extensions>
        </gpxtpx:TrackPointExtension>
        </extensions>
    </trkpt>
    <trkpt lat="45.649972" lon="15.302124">
        <ele>172.5</ele>
        <time>2020-06-26T12:40:12.797Z</time>
        <extensions>
        <gpxtpx:TrackPointExtension>
        <gpxtpx:Extensions>
            <surface>asphalt</surface>
        </gpxtpx:Extensions>
        </gpxtpx:TrackPointExtension>
        </extensions>
    </trkpt>
    <trkpt lat="45.650038" lon="15.302483">
        <ele>173.8</ele>
        <time>2020-06-26T12:40:16.280Z</time>
        <extensions>
        <gpxtpx:TrackPointExtension>
        <gpxtpx:Extensions>
            <surface>asphalt</surface>
        </gpxtpx:Extensions>
        </gpxtpx:TrackPointExtension>
        </extensions>
    </trkpt>
    <trkpt lat="45.650113" lon="15.302732">
        <ele>173.3</ele>
        <time>2020-06-26T12:40:18.824Z</time>
        <extensions>
        <gpxtpx:TrackPointExtension>
        <gpxtpx:Extensions>
            <surface>asphalt</surface>
        </gpxtpx:Extensions>
        </gpxtpx:TrackPointExtension>
        </extensions>
    </trkpt>
    <trkpt lat="45.65022" lon="15.303002">
        <ele>172.5</ele>
        <time>2020-06-26T12:40:21.736Z</time>
        <extensions>
        <gpxtpx:TrackPointExtension>
        <gpxtpx:Extensions>
            <surface>asphalt</surface>
        </gpxtpx:Extensions>
        </gpxtpx:TrackPointExtension>
        </extensions>
    </trkpt>
    <trkpt lat="45.6503" lon="15.3032">
        <ele>172.3</ele>
        <time>2020-06-26T12:40:23.882Z</time>
        <extensions>
        <gpxtpx:TrackPointExtension>
        <gpxtpx:Extensions>
            <surface>asphalt</surface>
        </gpxtpx:Extensions>
        </gpxtpx:TrackPointExtension>
        </extensions>
    </trkpt>
    <trkpt lat="45.65038" lon="15.303362">
        <ele>171.8</ele>
        <time>2020-06-26T12:40:25.743Z</time>
        <extensions>
        <gpxtpx:TrackPointExtension>
        <gpxtpx:Extensions>
            <surface>asphalt</surface>
        </gpxtpx:Extensions>
        </gpxtpx:TrackPointExtension>
        </extensions>
    </trkpt>
    <trkpt lat="45.650416" lon="15.303462">
        <ele>171.5</ele>
        <time>2020-06-26T12:40:26.798Z</time>
        <extensions>
        <gpxtpx:TrackPointExtension>
        <gpxtpx:Extensions>
            <surface>asphalt</surface>
        </gpxtpx:Extensions>
        </gpxtpx:TrackPointExtension>
        </extensions>
    </trkpt>
    <trkpt lat="45.650442" lon="15.303534">
        <ele>171.3</ele>
        <time>2020-06-26T12:40:27.558Z</time>
        <extensions>
        <gpxtpx:TrackPointExtension>
        <gpxtpx:Extensions>
            <surface>asphalt</surface>
        </gpxtpx:Extensions>
        </gpxtpx:TrackPointExtension>
        </extensions>
    </trkpt>
    <trkpt lat="45.650501" lon="15.303606">
        <ele>171.0</ele>
        <time>2020-06-26T12:40:28.599Z</time>
        <extensions>
        <gpxtpx:TrackPointExtension>
        <gpxtpx:Extensions>
            <surface>asphalt</surface>
        </gpxtpx:Extensions>
        </gpxtpx:TrackPointExtension>
        </extensions>
    </trkpt>
    <trkpt lat="45.650579" lon="15.303713">
        <ele>170.8</ele>
        <time>2020-06-26T12:40:30.049Z</time>
        <extensions>
        <gpxtpx:TrackPointExtension>
        <gpxtpx:Extensions>
            <surface>asphalt</surface>
        </gpxtpx:Extensions>
        </gpxtpx:TrackPointExtension>
        </extensions>
    </trkpt>
    <trkpt lat="45.65058" lon="15.303783">
        <ele>170.8</ele>
        <time>2020-06-26T12:40:30.706Z</time>
    </trkpt>
    <trkpt lat="45.650596" lon="15.303849">
        <ele>170.5</ele>
        <time>2020-06-26T12:40:31.361Z</time>
    </trkpt>
    <trkpt lat="45.650627" lon="15.303903">
        <ele>170.3</ele>
        <time>2020-06-26T12:40:32.016Z</time>
    </trkpt>
    <trkpt lat="45.650639" lon="15.303916">
        <ele>170.3</ele>
        <time>2020-06-26T12:40:32.211Z</time>
    </trkpt>
    <trkpt lat="45.650654" lon="15.303931">
        <ele>170.3</ele>
        <time>2020-06-26T12:40:32.448Z</time>
    </trkpt>
    <trkpt lat="45.650686" lon="15.303949">
        <ele>170.3</ele>
        <time>2020-06-26T12:40:32.894Z</time>
    </trkpt>
    <trkpt lat="45.650719" lon="15.303957">
        <ele>170.3</ele>
        <time>2020-06-26T12:40:33.328Z</time>
    </trkpt>
    <trkpt lat="45.650753" lon="15.303954">
        <ele>170.3</ele>
        <time>2020-06-26T12:40:33.769Z</time>
    </trkpt>
    <trkpt lat="45.650806" lon="15.303924">
        <ele>170.5</ele>
        <time>2020-06-26T12:40:34.508Z</time>
    </trkpt>
    <trkpt lat="45.650877" lon="15.303939">
        <ele>170.5</ele>
        <time>2020-06-26T12:40:35.439Z</time>
    </trkpt>
    <trkpt lat="45.650934" lon="15.303971">
        <ele>170.8</ele>
        <time>2020-06-26T12:40:36.233Z</time>
    </trkpt>
    <trkpt lat="45.651132" lon="15.304135">
        <ele>171.0</ele>
        <time>2020-06-26T12:40:39.201Z</time>
    </trkpt>
    <trkpt lat="45.651151" lon="15.304166">
        <ele>171.0</ele>
        <time>2020-06-26T12:40:39.574Z</time>
        <extensions>
        <gpxtpx:TrackPointExtension>
        <gpxtpx:Extensions>
            <surface>asphalt</surface>
        </gpxtpx:Extensions>
        </gpxtpx:TrackPointExtension>
        </extensions>
    </trkpt>
    <trkpt lat="45.651195" lon="15.30424">
        <ele>171.3</ele>
        <time>2020-06-26T12:40:40.454Z</time>
        <extensions>
        <gpxtpx:TrackPointExtension>
        <gpxtpx:Extensions>
            <surface>asphalt</surface>
        </gpxtpx:Extensions>
        </gpxtpx:TrackPointExtension>
        </extensions>
    </trkpt>
    <trkpt lat="45.651273" lon="15.304411">
        <ele>171.5</ele>
        <time>2020-06-26T12:40:42.305Z</time>
        <extensions>
        <gpxtpx:TrackPointExtension>
        <gpxtpx:Extensions>
            <surface>asphalt</surface>
        </gpxtpx:Extensions>
        </gpxtpx:TrackPointExtension>
        </extensions>
    </trkpt>
    <trkpt lat="45.65134" lon="15.304618">
        <ele>171.8</ele>
        <time>2020-06-26T12:40:44.373Z</time>
        <extensions>
        <gpxtpx:TrackPointExtension>
        <gpxtpx:Extensions>
            <surface>asphalt</surface>
        </gpxtpx:Extensions>
        </gpxtpx:TrackPointExtension>
        </extensions>
    </trkpt>
    <trkpt lat="45.651381" lon="15.304783">
        <ele>172.0</ele>
        <time>2020-06-26T12:40:45.811Z</time>
        <extensions>
        <gpxtpx:TrackPointExtension>
        <gpxtpx:Extensions>
            <surface>asphalt</surface>
        </gpxtpx:Extensions>
        </gpxtpx:TrackPointExtension>
        </extensions>
    </trkpt>
    <trkpt lat="45.651397" lon="15.304843">
        <ele>172.3</ele>
        <time>2020-06-26T12:40:46.338Z</time>
        <extensions>
        <gpxtpx:TrackPointExtension>
        <gpxtpx:Extensions>
            <surface>asphalt</surface>
        </gpxtpx:Extensions>
        </gpxtpx:TrackPointExtension>
        </extensions>
    </trkpt>
    <trkpt lat="45.65142" lon="15.305081">
        <ele>172.3</ele>
        <time>2020-06-26T12:40:48.311Z</time>
        <extensions>
        <gpxtpx:TrackPointExtension>
        <gpxtpx:Extensions>
            <surface>asphalt</surface>
        </gpxtpx:Extensions>
        </gpxtpx:TrackPointExtension>
        </extensions>
    </trkpt>
    <trkpt lat="45.651419" lon="15.30528">
        <ele>172.0</ele>
        <time>2020-06-26T12:40:49.945Z</time>
        <extensions>
        <gpxtpx:TrackPointExtension>
        <gpxtpx:Extensions>
            <surface>asphalt</surface>
        </gpxtpx:Extensions>
        </gpxtpx:TrackPointExtension>
        </extensions>
    </trkpt>
    <trkpt lat="45.65137" lon="15.305909">
        <ele>170.8</ele>
        <time>2020-06-26T12:40:55.142Z</time>
        <extensions>
        <gpxtpx:TrackPointExtension>
        <gpxtpx:Extensions>
            <surface>asphalt</surface>
        </gpxtpx:Extensions>
        </gpxtpx:TrackPointExtension>
        </extensions>
    </trkpt>
    <trkpt lat="45.651382" lon="15.306305">
        <ele>170.8</ele>
        <time>2020-06-26T12:40:58.397Z</time>
        <extensions>
        <gpxtpx:TrackPointExtension>
        <gpxtpx:Extensions>
            <surface>asphalt</surface>
        </gpxtpx:Extensions>
        </gpxtpx:TrackPointExtension>
        </extensions>
    </trkpt>
    <trkpt lat="45.651403" lon="15.306465">
        <ele>170.8</ele>
        <time>2020-06-26T12:40:59.733Z</time>
        <extensions>
        <gpxtpx:TrackPointExtension>
        <gpxtpx:Extensions>
            <surface>asphalt</surface>
        </gpxtpx:Extensions>
        </gpxtpx:TrackPointExtension>
        </extensions>
    </trkpt>
    <trkpt lat="45.651421" lon="15.306554">
        <ele>170.8</ele>
        <time>2020-06-26T12:41:00.493Z</time>
        <extensions>
        <gpxtpx:TrackPointExtension>
        <gpxtpx:Extensions>
            <surface>asphalt</surface>
        </gpxtpx:Extensions>
        </gpxtpx:TrackPointExtension>
        </extensions>
    </trkpt>
    <trkpt lat="45.65144" lon="15.306645">
        <ele>170.8</ele>
        <time>2020-06-26T12:41:01.272Z</time>
        <extensions>
        <gpxtpx:TrackPointExtension>
        <gpxtpx:Extensions>
            <surface>asphalt</surface>
        </gpxtpx:Extensions>
        </gpxtpx:TrackPointExtension>
        </extensions>
    </trkpt>
    <trkpt lat="45.651491" lon="15.306823">
        <ele>171.3</ele>
        <time>2020-06-26T12:41:02.851Z</time>
        <extensions>
        <gpxtpx:TrackPointExtension>
        <gpxtpx:Extensions>
            <surface>asphalt</surface>
        </gpxtpx:Extensions>
        </gpxtpx:TrackPointExtension>
        </extensions>
    </trkpt>
    <trkpt lat="45.651743" lon="15.307445">
        <ele>172.8</ele>
        <time>2020-06-26T12:41:08.755Z</time>
        <extensions>
        <gpxtpx:TrackPointExtension>
        <gpxtpx:Extensions>
            <surface>asphalt</surface>
        </gpxtpx:Extensions>
        </gpxtpx:TrackPointExtension>
        </extensions>
    </trkpt>
    <trkpt lat="45.651785" lon="15.307571">
        <ele>172.8</ele>
        <time>2020-06-26T12:41:09.901Z</time>
        <extensions>
        <gpxtpx:TrackPointExtension>
        <gpxtpx:Extensions>
            <surface>asphalt</surface>
        </gpxtpx:Extensions>
        </gpxtpx:TrackPointExtension>
        </extensions>
    </trkpt>
    <trkpt lat="45.65181" lon="15.307693">
        <ele>172.5</ele>
        <time>2020-06-26T12:41:11.065Z</time>
        <extensions>
        <gpxtpx:TrackPointExtension>
        <gpxtpx:Extensions>
            <surface>asphalt</surface>
        </gpxtpx:Extensions>
        </gpxtpx:TrackPointExtension>
        </extensions>
    </trkpt>
    <trkpt lat="45.651826" lon="15.307767">
        <ele>172.5</ele>
        <time>2020-06-26T12:41:11.774Z</time>
        <extensions>
        <gpxtpx:TrackPointExtension>
        <gpxtpx:Extensions>
            <surface>asphalt</surface>
        </gpxtpx:Extensions>
        </gpxtpx:TrackPointExtension>
        </extensions>
    </trkpt>
    <trkpt lat="45.651843" lon="15.307964">
        <ele>172.3</ele>
        <time>2020-06-26T12:41:13.592Z</time>
        <extensions>
        <gpxtpx:TrackPointExtension>
        <gpxtpx:Extensions>
            <surface>asphalt</surface>
        </gpxtpx:Extensions>
        </gpxtpx:TrackPointExtension>
        </extensions>
    </trkpt>
    <trkpt lat="45.651858" lon="15.308373">
        <ele>172.0</ele>
        <time>2020-06-26T12:41:17.343Z</time>
        <extensions>
        <gpxtpx:TrackPointExtension>
        <gpxtpx:Extensions>
            <surface>asphalt</surface>
        </gpxtpx:Extensions>
        </gpxtpx:TrackPointExtension>
        </extensions>
    </trkpt>
    <trkpt lat="45.651888" lon="15.308542">
        <ele>172.0</ele>
        <time>2020-06-26T12:41:18.940Z</time>
        <extensions>
        <gpxtpx:TrackPointExtension>
        <gpxtpx:Extensions>
            <surface>asphalt</surface>
        </gpxtpx:Extensions>
        </gpxtpx:TrackPointExtension>
        </extensions>
    </trkpt>
    <trkpt lat="45.651921" lon="15.308677">
        <ele>172.0</ele>
        <time>2020-06-26T12:41:20.228Z</time>
        <extensions>
        <gpxtpx:TrackPointExtension>
        <gpxtpx:Extensions>
            <surface>asphalt</surface>
        </gpxtpx:Extensions>
        </gpxtpx:TrackPointExtension>
        </extensions>
    </trkpt>
    <trkpt lat="45.651934" lon="15.308728">
        <ele>172.3</ele>
        <time>2020-06-26T12:41:20.717Z</time>
        <extensions>
        <gpxtpx:TrackPointExtension>
        <gpxtpx:Extensions>
            <surface>asphalt</surface>
        </gpxtpx:Extensions>
        </gpxtpx:TrackPointExtension>
        </extensions>
    </trkpt>
    <trkpt lat="45.652377" lon="15.309792">
        <ele>175.0</ele>
        <time>2020-06-26T12:41:31.877Z</time>
        <extensions>
        <gpxtpx:TrackPointExtension>
        <gpxtpx:Extensions>
            <surface>asphalt</surface>
        </gpxtpx:Extensions>
        </gpxtpx:TrackPointExtension>
        </extensions>
    </trkpt>
    <trkpt lat="45.652497" lon="15.310169">
        <ele>175.5</ele>
        <time>2020-06-26T12:41:35.609Z</time>
        <extensions>
        <gpxtpx:TrackPointExtension>
        <gpxtpx:Extensions>
            <surface>asphalt</surface>
        </gpxtpx:Extensions>
        </gpxtpx:TrackPointExtension>
        </extensions>
    </trkpt>
    <trkpt lat="45.652538" lon="15.310344">
        <ele>175.0</ele>
        <time>2020-06-26T12:41:37.272Z</time>
        <extensions>
        <gpxtpx:TrackPointExtension>
        <gpxtpx:Extensions>
            <surface>asphalt</surface>
        </gpxtpx:Extensions>
        </gpxtpx:TrackPointExtension>
        </extensions>
    </trkpt>
    <trkpt lat="45.652622" lon="15.310746">
        <ele>173.8</ele>
        <time>2020-06-26T12:41:41.052Z</time>
        <extensions>
        <gpxtpx:TrackPointExtension>
        <gpxtpx:Extensions>
            <surface>asphalt</surface>
        </gpxtpx:Extensions>
        </gpxtpx:TrackPointExtension>
        </extensions>
    </trkpt>
    <trkpt lat="45.652639" lon="15.310799">
        <ele>173.5</ele>
        <time>2020-06-26T12:41:41.577Z</time>
        <extensions>
        <gpxtpx:TrackPointExtension>
        <gpxtpx:Extensions>
            <surface>asphalt</surface>
        </gpxtpx:Extensions>
        </gpxtpx:TrackPointExtension>
        </extensions>
    </trkpt>
    <trkpt lat="45.652698" lon="15.310917">
        <ele>173.3</ele>
        <time>2020-06-26T12:41:42.884Z</time>
        <extensions>
        <gpxtpx:TrackPointExtension>
        <gpxtpx:Extensions>
            <surface>asphalt</surface>
        </gpxtpx:Extensions>
        </gpxtpx:TrackPointExtension>
        </extensions>
    </trkpt>
    <trkpt lat="45.652734" lon="15.310971">
        <ele>173.0</ele>
        <time>2020-06-26T12:41:43.556Z</time>
        <extensions>
        <gpxtpx:TrackPointExtension>
        <gpxtpx:Extensions>
            <surface>asphalt</surface>
        </gpxtpx:Extensions>
        </gpxtpx:TrackPointExtension>
        </extensions>
    </trkpt>
    <trkpt lat="45.652793" lon="15.311016">
        <ele>172.8</ele>
        <time>2020-06-26T12:41:44.417Z</time>
        <extensions>
        <gpxtpx:TrackPointExtension>
        <gpxtpx:Extensions>
            <surface>asphalt</surface>
        </gpxtpx:Extensions>
        </gpxtpx:TrackPointExtension>
        </extensions>
    </trkpt>
    <trkpt lat="45.652856" lon="15.311064">
        <ele>172.5</ele>
        <time>2020-06-26T12:41:45.337Z</time>
        <extensions>
        <gpxtpx:TrackPointExtension>
        <gpxtpx:Extensions>
            <surface>asphalt</surface>
        </gpxtpx:Extensions>
        </gpxtpx:TrackPointExtension>
        </extensions>
    </trkpt>
    <trkpt lat="45.653528" lon="15.311473">
        <ele>170.0</ele>
        <time>2020-06-26T12:41:54.751Z</time>
        <extensions>
        <gpxtpx:TrackPointExtension>
        <gpxtpx:Extensions>
            <surface>asphalt</surface>
        </gpxtpx:Extensions>
        </gpxtpx:TrackPointExtension>
        </extensions>
    </trkpt>
    <trkpt lat="45.653646" lon="15.311578">
        <ele>169.5</ele>
        <time>2020-06-26T12:41:56.542Z</time>
        <extensions>
        <gpxtpx:TrackPointExtension>
        <gpxtpx:Extensions>
            <surface>asphalt</surface>
        </gpxtpx:Extensions>
        </gpxtpx:TrackPointExtension>
        </extensions>
    </trkpt>
    <trkpt lat="45.65371" lon="15.31166">
        <ele>169.0</ele>
        <time>2020-06-26T12:41:57.649Z</time>
        <extensions>
        <gpxtpx:TrackPointExtension>
        <gpxtpx:Extensions>
            <surface>asphalt</surface>
        </gpxtpx:Extensions>
        </gpxtpx:TrackPointExtension>
        </extensions>
    </trkpt>
    <trkpt lat="45.653717" lon="15.311676">
        <ele>169.0</ele>
        <time>2020-06-26T12:41:57.819Z</time>
        <extensions>
        <gpxtpx:TrackPointExtension>
        <gpxtpx:Extensions>
            <surface>asphalt</surface>
        </gpxtpx:Extensions>
        </gpxtpx:TrackPointExtension>
        </extensions>
    </trkpt>
    <trkpt lat="45.653788363561034" lon="15.311912102624774">
        <ele>168.0</ele>
        <time>2020-06-26T12:42:00.136Z</time>
    </trkpt>
    <trkpt lat="45.653805043548346" lon="15.312041770666838">
        <ele>168.2</ele>
        <time>2020-06-26T12:42:01.136Z</time>
    </trkpt>
    <trkpt lat="45.653803618624806" lon="15.3121801558882">
        <ele>168.4</ele>
        <time>2020-06-26T12:42:02.136Z</time>
    </trkpt>
    <trkpt lat="45.65375433303416" lon="15.312454663217068">
        <ele>169.6</ele>
        <time>2020-06-26T12:42:04.136Z</time>
    </trkpt>
    <trkpt lat="45.653525590896606" lon="15.313142985105515">
        <ele>171.4</ele>
        <time>2020-06-26T12:42:09.136Z</time>
    </trkpt>
    <trkpt lat="45.65325711853802" lon="15.313961394131184">
        <ele>171.0</ele>
        <time>2020-06-26T12:42:15.136Z</time>
    </trkpt>
    <trkpt lat="45.65297942608595" lon="15.314750634133816">
        <ele>168.8</ele>
        <time>2020-06-26T12:42:21.136Z</time>
    </trkpt>
    <trkpt lat="45.652685" lon="15.315325">
        <ele>165.0</ele>
        <time>2020-06-26T12:42:27.760Z</time>
        <extensions>
        <gpxtpx:TrackPointExtension>
        <gpxtpx:Extensions>
            <surface>asphalt</surface>
        </gpxtpx:Extensions>
        </gpxtpx:TrackPointExtension>
        </extensions>
    </trkpt>
    <trkpt lat="45.652661" lon="15.315361">
        <ele>164.8</ele>
        <time>2020-06-26T12:42:28.222Z</time>
        <extensions>
        <gpxtpx:TrackPointExtension>
        <gpxtpx:Extensions>
            <surface>asphalt</surface>
        </gpxtpx:Extensions>
        </gpxtpx:TrackPointExtension>
        </extensions>
    </trkpt>
    <trkpt lat="45.652531" lon="15.315523">
        <ele>162.8</ele>
        <time>2020-06-26T12:42:30.516Z</time>
        <extensions>
        <gpxtpx:TrackPointExtension>
        <gpxtpx:Extensions>
            <surface>asphalt</surface>
        </gpxtpx:Extensions>
        </gpxtpx:TrackPointExtension>
        </extensions>
    </trkpt>
    <trkpt lat="45.652385" lon="15.315682">
        <ele>161.5</ele>
        <time>2020-06-26T12:42:32.957Z</time>
        <extensions>
        <gpxtpx:TrackPointExtension>
        <gpxtpx:Extensions>
            <surface>asphalt</surface>
        </gpxtpx:Extensions>
        </gpxtpx:TrackPointExtension>
        </extensions>
    </trkpt>
    <trkpt lat="45.652254" lon="15.315809">
        <ele>160.8</ele>
        <time>2020-06-26T12:42:35.062Z</time>
        <extensions>
        <gpxtpx:TrackPointExtension>
        <gpxtpx:Extensions>
            <surface>asphalt</surface>
        </gpxtpx:Extensions>
        </gpxtpx:TrackPointExtension>
        </extensions>
    </trkpt>
    <trkpt lat="45.652208" lon="15.315841">
        <ele>160.5</ele>
        <time>2020-06-26T12:42:35.742Z</time>
        <extensions>
        <gpxtpx:TrackPointExtension>
        <gpxtpx:Extensions>
            <surface>asphalt</surface>
        </gpxtpx:Extensions>
        </gpxtpx:TrackPointExtension>
        </extensions>
    </trkpt>
    <trkpt lat="45.652139" lon="15.315873">
        <ele>160.8</ele>
        <time>2020-06-26T12:42:36.707Z</time>
        <extensions>
        <gpxtpx:TrackPointExtension>
        <gpxtpx:Extensions>
            <surface>asphalt</surface>
        </gpxtpx:Extensions>
        </gpxtpx:TrackPointExtension>
        </extensions>
    </trkpt>
    <trkpt lat="45.65203" lon="15.315884">
        <ele>160.8</ele>
        <time>2020-06-26T12:42:38.160Z</time>
        <extensions>
        <gpxtpx:TrackPointExtension>
        <gpxtpx:Extensions>
            <surface>asphalt</surface>
        </gpxtpx:Extensions>
        </gpxtpx:TrackPointExtension>
        </extensions>
    </trkpt>
    <trkpt lat="45.65199" lon="15.315879">
        <ele>160.5</ele>
        <time>2020-06-26T12:42:38.694Z</time>
        <extensions>
        <gpxtpx:TrackPointExtension>
        <gpxtpx:Extensions>
            <surface>asphalt</surface>
        </gpxtpx:Extensions>
        </gpxtpx:TrackPointExtension>
        </extensions>
    </trkpt>
    <trkpt lat="45.651891" lon="15.315845">
        <ele>160.3</ele>
        <time>2020-06-26T12:42:40.048Z</time>
        <extensions>
        <gpxtpx:TrackPointExtension>
        <gpxtpx:Extensions>
            <surface>asphalt</surface>
        </gpxtpx:Extensions>
        </gpxtpx:TrackPointExtension>
        </extensions>
    </trkpt>
    <trkpt lat="45.651879" lon="15.315841">
        <ele>160.3</ele>
        <time>2020-06-26T12:42:40.211Z</time>
        <extensions>
        <gpxtpx:TrackPointExtension>
        <gpxtpx:Extensions>
            <surface>asphalt</surface>
        </gpxtpx:Extensions>
        </gpxtpx:TrackPointExtension>
        </extensions>
    </trkpt>
    <trkpt lat="45.651862" lon="15.3159">
        <ele>160.5</ele>
        <time>2020-06-26T12:42:40.804Z</time>
    </trkpt>
    <trkpt lat="45.651836" lon="15.315967">
        <ele>161.0</ele>
        <time>2020-06-26T12:42:41.516Z</time>
    </trkpt>
    <trkpt lat="45.651796" lon="15.316022">
        <ele>161.3</ele>
        <time>2020-06-26T12:42:42.254Z</time>
    </trkpt>
    <trkpt lat="45.651727" lon="15.316067">
        <ele>161.3</ele>
        <time>2020-06-26T12:42:43.263Z</time>
    </trkpt>
    <trkpt lat="45.651552" lon="15.316159">
        <ele>161.8</ele>
        <time>2020-06-26T12:42:45.743Z</time>
    </trkpt>
    <trkpt lat="45.65148" lon="15.316189">
        <ele>161.8</ele>
        <time>2020-06-26T12:42:46.740Z</time>
    </trkpt>
    <trkpt lat="45.651418" lon="15.316227">
        <ele>161.8</ele>
        <time>2020-06-26T12:42:47.637Z</time>
    </trkpt>
    <trkpt lat="45.651347" lon="15.316283">
        <ele>161.8</ele>
        <time>2020-06-26T12:42:48.715Z</time>
    </trkpt>
    <trkpt lat="45.651281" lon="15.316357">
        <ele>162.0</ele>
        <time>2020-06-26T12:42:50.320Z</time>
    </trkpt>
    <trkpt lat="45.651257" lon="15.3164">
        <ele>162.0</ele>
        <time>2020-06-26T12:42:51.056Z</time>
    </trkpt>
    <trkpt lat="45.65121" lon="15.316567">
        <ele>162.5</ele>
        <time>2020-06-26T12:42:53.465Z</time>
    </trkpt>
    <trkpt lat="45.651158" lon="15.31671">
        <ele>162.5</ele>
        <time>2020-06-26T12:42:55.622Z</time>
    </trkpt>
    <trkpt lat="45.651109" lon="15.316726">
        <ele>162.3</ele>
        <time>2020-06-26T12:42:56.584Z</time>
    </trkpt>
    </trkseg>
</trk>
</gpx>