<?xml version="1.0" encoding="UTF-8"?>
<gpx xmlns:xsi="http://www.w3.org/2001/XMLSchema-instance" xmlns="http://www.topografix.com/GPX/1/1" xsi:schemaLocation="http://www.topografix.com/GPX/1/1 http://www.topografix.com/GPX/1/1/gpx.xsd http://www.garmin.com/xmlschemas/GpxExtensions/v3 http://www.garmin.com/xmlschemas/GpxExtensionsv3.xsd http://www.garmin.com/xmlschemas/TrackPointExtension/v1 http://www.garmin.com/xmlschemas/TrackPointExtensionv1.xsd http://www.topografix.com/GPX/gpx_style/0/2 http://www.topografix.com/GPX/gpx_style/0/2/gpx_style.xsd" xmlns:gpxtpx="http://www.garmin.com/xmlschemas/TrackPointExtension/v1" xmlns:gpxx="http://www.garmin.com/xmlschemas/GpxExtensions/v3" xmlns:gpx_style="http://www.topografix.com/GPX/gpx_style/0/2" version="1.1" creator="Garmin Connect">
<metadata>
    <name>kolesarska_pot-krasnji_vrh(3)</name>
    <author>
        <name>gpx.studio</name>
        <link href="https://gpx.studio"></link>
    </author>
</metadata>
<trk>
    <name>Metlika Kolesarjenje</name>
    <type>Cycling</type>
    <trkseg>
    <trkpt lat="45.650767190381885" lon="15.316936802119017">
        <ele>163.6</ele>
        <time>2020-06-24T08:19:27.000Z</time>
    </trkpt>
    <trkpt lat="45.651051169261336" lon="15.316735301166773">
        <ele>163.6</ele>
        <time>2020-06-24T08:19:32.000Z</time>
    </trkpt>
    <trkpt lat="45.65110908821225" lon="15.316681237891316">
        <ele>163.8</ele>
        <time>2020-06-24T08:19:33.000Z</time>
    </trkpt>
    <trkpt lat="45.651207994669676" lon="15.316540086641908">
        <ele>164.2</ele>
        <time>2020-06-24T08:19:35.000Z</time>
    </trkpt>
    <trkpt lat="45.651290472596884" lon="15.316406562924385">
        <ele>164.6</ele>
        <time>2020-06-24T08:19:37.000Z</time>
    </trkpt>
    <trkpt lat="45.651401784271" lon="15.316301956772804">
        <ele>165.0</ele>
        <time>2020-06-24T08:19:39.000Z</time>
    </trkpt>
    <trkpt lat="45.65146657638252" lon="15.316254179924726">
        <ele>165.0</ele>
        <time>2020-06-24T08:19:40.000Z</time>
    </trkpt>
    <trkpt lat="45.65161828882992" lon="15.316201793029904">
        <ele>165.0</ele>
        <time>2020-06-24T08:19:42.000Z</time>
    </trkpt>
    <trkpt lat="45.65178810618818" lon="15.316126104444265">
        <ele>165.0</ele>
        <time>2020-06-24T08:19:44.000Z</time>
    </trkpt>
    <trkpt lat="45.6518526468426" lon="15.316077321767807">
        <ele>164.8</ele>
        <time>2020-06-24T08:19:45.000Z</time>
    </trkpt>
    <trkpt lat="45.651935460045934" lon="15.316001884639263">
        <ele>164.6</ele>
        <time>2020-06-24T08:19:47.000Z</time>
    </trkpt>
    <trkpt lat="45.65195180475712" lon="15.31595385633409">
        <ele>164.2</ele>
        <time>2020-06-24T08:19:48.000Z</time>
    </trkpt>
    <trkpt lat="45.651981979608536" lon="15.315934494137764">
        <ele>164.0</ele>
        <time>2020-06-24T08:19:49.000Z</time>
    </trkpt>
    <trkpt lat="45.652052722871304" lon="15.315916389226913">
        <ele>164.0</ele>
        <time>2020-06-24T08:19:51.000Z</time>
    </trkpt>
    <trkpt lat="45.65216797403991" lon="15.315878000110388">
        <ele>164.0</ele>
        <time>2020-06-24T08:19:53.000Z</time>
    </trkpt>
    <trkpt lat="45.65228330902755" lon="15.315793342888355">
        <ele>165.2</ele>
        <time>2020-06-24T08:19:55.000Z</time>
    </trkpt>
    <trkpt lat="45.65245086327195" lon="15.315633499994874">
        <ele>167.2</ele>
        <time>2020-06-24T08:19:58.000Z</time>
    </trkpt>
    <trkpt lat="45.65255186520517" lon="15.315521601587534">
        <ele>167.6</ele>
        <time>2020-06-24T08:20:00.000Z</time>
    </trkpt>
    <trkpt lat="45.652831150218844" lon="15.315235359594226">
        <ele>172.4</ele>
        <time>2020-06-24T08:20:05.000Z</time>
    </trkpt>
    <trkpt lat="45.65297858789563" lon="15.314834536984563">
        <ele>169.4</ele>
        <time>2020-06-24T08:20:10.000Z</time>
    </trkpt>
    <trkpt lat="45.653094593435526" lon="15.314499009400606">
        <ele>169.0</ele>
        <time>2020-06-24T08:20:14.000Z</time>
    </trkpt>
    <trkpt lat="45.65312225371599" lon="15.314419129863381">
        <ele>169.4</ele>
        <time>2020-06-24T08:20:15.000Z</time>
    </trkpt>
    <trkpt lat="45.65320506691933" lon="15.31416985206306">
        <ele>170.6</ele>
        <time>2020-06-24T08:20:18.000Z</time>
    </trkpt>
    <trkpt lat="45.65329710021615" lon="15.313943708315492">
        <ele>171.2</ele>
        <time>2020-06-24T08:20:21.000Z</time>
    </trkpt>
    <trkpt lat="45.65332484431565" lon="15.313879251480103">
        <ele>171.2</ele>
        <time>2020-06-24T08:20:22.000Z</time>
    </trkpt>
    <trkpt lat="45.6533651612699" lon="15.3138483222574">
        <ele>171.4</ele>
        <time>2020-06-24T08:20:23.000Z</time>
    </trkpt>
    <trkpt lat="45.65340539440513" lon="15.31385368667543">
        <ele>172.0</ele>
        <time>2020-06-24T08:20:24.000Z</time>
    </trkpt>
    <trkpt lat="45.65345929004252" lon="15.3139778226614">
        <ele>173.4</ele>
        <time>2020-06-24T08:20:26.000Z</time>
    </trkpt>
    <trkpt lat="45.65345887094736" lon="15.314134145155549">
        <ele>174.6</ele>
        <time>2020-06-24T08:20:28.000Z</time>
    </trkpt>
    <trkpt lat="45.65344671718776" lon="15.314195165410638">
        <ele>174.8</ele>
        <time>2020-06-24T08:20:29.000Z</time>
    </trkpt>
    <trkpt lat="45.653383266180754" lon="15.314466236159205">
        <ele>174.2</ele>
        <time>2020-06-24T08:20:34.000Z</time>
    </trkpt>
    <trkpt lat="45.65337379463017" lon="15.314766140654683">
        <ele>176.2</ele>
        <time>2020-06-24T08:20:41.000Z</time>
    </trkpt>
    <trkpt lat="45.6533429492265" lon="15.314993374049664">
        <ele>178.6</ele>
        <time>2020-06-24T08:20:47.000Z</time>
    </trkpt>
    <trkpt lat="45.6532877124846" lon="15.31527517363429">
        <ele>179.6</ele>
        <time>2020-06-24T08:20:55.000Z</time>
    </trkpt>
    <trkpt lat="45.65322803333402" lon="15.315502574667335">
        <ele>180.2</ele>
        <time>2020-06-24T08:21:01.000Z</time>
    </trkpt>
    <trkpt lat="45.653096521273255" lon="15.315768113359809">
        <ele>180.0</ele>
        <time>2020-06-24T08:21:08.000Z</time>
    </trkpt>
    <trkpt lat="45.653032064437866" lon="15.316092912107706">
        <ele>181.8</ele>
        <time>2020-06-24T08:21:15.000Z</time>
    </trkpt>
    <trkpt lat="45.65306584350765" lon="15.316424332559109">
        <ele>185.2</ele>
        <time>2020-06-24T08:21:21.000Z</time>
    </trkpt>
    <trkpt lat="45.65303063951433" lon="15.316607812419534">
        <ele>184.2</ele>
        <time>2020-06-24T08:21:24.000Z</time>
    </trkpt>
    <trkpt lat="45.65298135392368" lon="15.316761201247573">
        <ele>183.0</ele>
        <time>2020-06-24T08:21:27.000Z</time>
    </trkpt>
    <trkpt lat="45.65298956818879" lon="15.316949123516679">
        <ele>183.2</ele>
        <time>2020-06-24T08:21:31.000Z</time>
    </trkpt>
    <trkpt lat="45.653107250109315" lon="15.317140398547053">
        <ele>186.6</ele>
        <time>2020-06-24T08:21:36.000Z</time>
    </trkpt>
    <trkpt lat="45.653259716928005" lon="15.317381210625172">
        <ele>191.0</ele>
        <time>2020-06-24T08:21:42.000Z</time>
    </trkpt>
    <trkpt lat="45.65335116349161" lon="15.317626632750034">
        <ele>194.6</ele>
        <time>2020-06-24T08:21:47.000Z</time>
    </trkpt>
    <trkpt lat="45.65333222039044" lon="15.317870127037168">
        <ele>195.2</ele>
        <time>2020-06-24T08:21:52.000Z</time>
    </trkpt>
    <trkpt lat="45.653210347518325" lon="15.318173049017787">
        <ele>192.0</ele>
        <time>2020-06-24T08:21:59.000Z</time>
    </trkpt>
    <trkpt lat="45.65312812104821" lon="15.318408915773034">
        <ele>192.2</ele>
        <time>2020-06-24T08:22:04.000Z</time>
    </trkpt>
    <trkpt lat="45.65308160148561" lon="15.31879037618637">
        <ele>193.8</ele>
        <time>2020-06-24T08:22:10.000Z</time>
    </trkpt>
    <trkpt lat="45.653076404705644" lon="15.318936305120587">
        <ele>193.2</ele>
        <time>2020-06-24T08:22:12.000Z</time>
    </trkpt>
    <trkpt lat="45.65310599282384" lon="15.319157587364316">
        <ele>192.8</ele>
        <time>2020-06-24T08:22:15.000Z</time>
    </trkpt>
    <trkpt lat="45.65316173247993" lon="15.319558829069138">
        <ele>192.0</ele>
        <time>2020-06-24T08:22:21.000Z</time>
    </trkpt>
    <trkpt lat="45.65317246131599" lon="15.319624627009034">
        <ele>192.0</ele>
        <time>2020-06-24T08:22:22.000Z</time>
    </trkpt>
    <trkpt lat="45.65320674329996" lon="15.319755217060447">
        <ele>192.0</ele>
        <time>2020-06-24T08:22:24.000Z</time>
    </trkpt>
    <trkpt lat="45.653255358338356" lon="15.319871474057436">
        <ele>192.2</ele>
        <time>2020-06-24T08:22:26.000Z</time>
    </trkpt>
    <trkpt lat="45.65331872552633" lon="15.319966189563274">
        <ele>192.8</ele>
        <time>2020-06-24T08:22:28.000Z</time>
    </trkpt>
    <trkpt lat="45.65340983681381" lon="15.320039531216025">
        <ele>193.6</ele>
        <time>2020-06-24T08:22:30.000Z</time>
    </trkpt>
    <trkpt lat="45.65369976684451" lon="15.32027866691351">
        <ele>196.6</ele>
        <time>2020-06-24T08:22:36.000Z</time>
    </trkpt>
    <trkpt lat="45.65377394668758" lon="15.320412693545222">
        <ele>197.2</ele>
        <time>2020-06-24T08:22:38.000Z</time>
    </trkpt>
    <trkpt lat="45.65381711348891" lon="15.320585863664746">
        <ele>196.8</ele>
        <time>2020-06-24T08:22:40.000Z</time>
    </trkpt>
    <trkpt lat="45.65386983565986" lon="15.321166729554534">
        <ele>194.0</ele>
        <time>2020-06-24T08:22:46.000Z</time>
    </trkpt>
    <trkpt lat="45.653966311365366" lon="15.321759162470698">
        <ele>190.4</ele>
        <time>2020-06-24T08:22:52.000Z</time>
    </trkpt>
    <trkpt lat="45.654018195346" lon="15.321945073083043">
        <ele>189.6</ele>
        <time>2020-06-24T08:22:54.000Z</time>
    </trkpt>
    <trkpt lat="45.6540890224278" lon="15.32211497426033">
        <ele>189.0</ele>
        <time>2020-06-24T08:22:56.000Z</time>
    </trkpt>
    <trkpt lat="45.6541336979717" lon="15.322196278721094">
        <ele>188.6</ele>
        <time>2020-06-24T08:22:57.000Z</time>
    </trkpt>
    <trkpt lat="45.654304353520274" lon="15.322417225688696">
        <ele>187.6</ele>
        <time>2020-06-24T08:23:00.000Z</time>
    </trkpt>
    <trkpt lat="45.654369397088885" lon="15.322483526542783">
        <ele>187.6</ele>
        <time>2020-06-24T08:23:01.000Z</time>
    </trkpt>
    <trkpt lat="45.65486401319504" lon="15.322951655834913">
        <ele>185.8</ele>
        <time>2020-06-24T08:23:08.000Z</time>
    </trkpt>
    <trkpt lat="45.65532602369785" lon="15.323368739336729">
        <ele>184.8</ele>
        <time>2020-06-24T08:23:14.000Z</time>
    </trkpt>
    <trkpt lat="45.655403388664126" lon="15.323443673551083">
        <ele>184.8</ele>
        <time>2020-06-24T08:23:15.000Z</time>
    </trkpt>
    <trkpt lat="45.65578510053456" lon="15.32381339929998">
        <ele>184.6</ele>
        <time>2020-06-24T08:23:20.000Z</time>
    </trkpt>
    <trkpt lat="45.65585408359766" lon="15.323909372091293">
        <ele>185.0</ele>
        <time>2020-06-24T08:23:21.000Z</time>
    </trkpt>
    <trkpt lat="45.655971262604" lon="15.324114728718996">
        <ele>186.0</ele>
        <time>2020-06-24T08:23:23.000Z</time>
    </trkpt>
    <trkpt lat="45.656057093292475" lon="15.324346907436848">
        <ele>186.8</ele>
        <time>2020-06-24T08:23:25.000Z</time>
    </trkpt>
    <trkpt lat="45.656127501279116" lon="15.324590988457203">
        <ele>187.4</ele>
        <time>2020-06-24T08:23:27.000Z</time>
    </trkpt>
    <trkpt lat="45.65615692175925" lon="15.32482786104083">
        <ele>187.8</ele>
        <time>2020-06-24T08:23:29.000Z</time>
    </trkpt>
    <trkpt lat="45.65624124370515" lon="15.32529498450458">
        <ele>189.0</ele>
        <time>2020-06-24T08:23:34.000Z</time>
    </trkpt>
    <trkpt lat="45.65626731142402" lon="15.325371008366346">
        <ele>189.2</ele>
        <time>2020-06-24T08:23:35.000Z</time>
    </trkpt>
    <trkpt lat="45.656329337507486" lon="15.325508890673518">
        <ele>189.6</ele>
        <time>2020-06-24T08:23:37.000Z</time>
    </trkpt>
    <trkpt lat="45.65636387094855" lon="15.325576532632113">
        <ele>190.0</ele>
        <time>2020-06-24T08:23:38.000Z</time>
    </trkpt>
    <trkpt lat="45.65660937689245" lon="15.325968218967319">
        <ele>191.4</ele>
        <time>2020-06-24T08:23:44.000Z</time>
    </trkpt>
    <trkpt lat="45.65681213513017" lon="15.326339872553945">
        <ele>192.6</ele>
        <time>2020-06-24T08:23:49.000Z</time>
    </trkpt>
    <trkpt lat="45.656969882547855" lon="15.326784364879131">
        <ele>191.2</ele>
        <time>2020-06-24T08:23:54.000Z</time>
    </trkpt>
    <trkpt lat="45.65722360275686" lon="15.327414264902472">
        <ele>190.6</ele>
        <time>2020-06-24T08:24:01.000Z</time>
    </trkpt>
    <trkpt lat="45.65747698768973" lon="15.327883316203952">
        <ele>191.0</ele>
        <time>2020-06-24T08:24:07.000Z</time>
    </trkpt>
    <trkpt lat="45.657659796997905" lon="15.32813393510878">
        <ele>192.0</ele>
        <time>2020-06-24T08:24:11.000Z</time>
    </trkpt>
    <trkpt lat="45.65785593353212" lon="15.328358318656683">
        <ele>193.4</ele>
        <time>2020-06-24T08:24:16.000Z</time>
    </trkpt>
    <trkpt lat="45.65814510919154" lon="15.328640872612596">
        <ele>194.6</ele>
        <time>2020-06-24T08:24:23.000Z</time>
    </trkpt>
    <trkpt lat="45.65823622047901" lon="15.328729469329119">
        <ele>194.6</ele>
        <time>2020-06-24T08:24:25.000Z</time>
    </trkpt>
    <trkpt lat="45.65832557156682" lon="15.32883265055716">
        <ele>194.6</ele>
        <time>2020-06-24T08:24:27.000Z</time>
    </trkpt>
    <trkpt lat="45.65847720019519" lon="15.329001881182194">
        <ele>194.0</ele>
        <time>2020-06-24T08:24:30.000Z</time>
    </trkpt>
    <trkpt lat="45.6585200317204" lon="15.329058794304729">
        <ele>193.8</ele>
        <time>2020-06-24T08:24:31.000Z</time>
    </trkpt>
    <trkpt lat="45.65875698812306" lon="15.329388622194529">
        <ele>192.8</ele>
        <time>2020-06-24T08:24:36.000Z</time>
    </trkpt>
    <trkpt lat="45.658978186547756" lon="15.3296715952456">
        <ele>192.4</ele>
        <time>2020-06-24T08:24:40.000Z</time>
    </trkpt>
    <trkpt lat="45.65930147655308" lon="15.329917017370462">
        <ele>193.6</ele>
        <time>2020-06-24T08:24:45.000Z</time>
    </trkpt>
    <trkpt lat="45.65967120230198" lon="15.330050541087985">
        <ele>195.0</ele>
        <time>2020-06-24T08:24:50.000Z</time>
    </trkpt>
    <trkpt lat="45.659753093495965" lon="15.330077782273293">
        <ele>194.8</ele>
        <time>2020-06-24T08:24:51.000Z</time>
    </trkpt>
    <trkpt lat="45.659891394898295" lon="15.330116925761104">
        <ele>194.0</ele>
        <time>2020-06-24T08:24:53.000Z</time>
    </trkpt>
    <trkpt lat="45.66016439348459" lon="15.330277942121029">
        <ele>192.8</ele>
        <time>2020-06-24T08:24:58.000Z</time>
    </trkpt>
    <trkpt lat="45.660271095111966" lon="15.330385062843561">
        <ele>192.2</ele>
        <time>2020-06-24T08:25:00.000Z</time>
    </trkpt>
    <trkpt lat="45.66036312840879" lon="15.330507354810834">
        <ele>191.8</ele>
        <time>2020-06-24T08:25:02.000Z</time>
    </trkpt>
    <trkpt lat="45.66054308786988" lon="15.330888731405139">
        <ele>190.0</ele>
        <time>2020-06-24T08:25:07.000Z</time>
    </trkpt>
    <trkpt lat="45.66056873649359" lon="15.330973891541362">
        <ele>189.8</ele>
        <time>2020-06-24T08:25:08.000Z</time>
    </trkpt>
    <trkpt lat="45.66064400598407" lon="15.331333978101611">
        <ele>189.2</ele>
        <time>2020-06-24T08:25:12.000Z</time>
    </trkpt>
    <trkpt lat="45.660665296018124" lon="15.331722227856517">
        <ele>189.8</ele>
        <time>2020-06-24T08:25:16.000Z</time>
    </trkpt>
    <trkpt lat="45.66068801097572" lon="15.331814009696245">
        <ele>190.0</ele>
        <time>2020-06-24T08:25:17.000Z</time>
    </trkpt>
    <trkpt lat="45.660725394263864" lon="15.331899086013436">
        <ele>190.2</ele>
        <time>2020-06-24T08:25:18.000Z</time>
    </trkpt>
    <trkpt lat="45.66082279197872" lon="15.332053732126951">
        <ele>190.8</ele>
        <time>2020-06-24T08:25:20.000Z</time>
    </trkpt>
    <trkpt lat="45.6611689645797" lon="15.332483053207397">
        <ele>193.6</ele>
        <time>2020-06-24T08:25:26.000Z</time>
    </trkpt>
    <trkpt lat="45.66163835115731" lon="15.33301630988717">
        <ele>198.6</ele>
        <time>2020-06-24T08:25:34.000Z</time>
    </trkpt>
    <trkpt lat="45.66190070472658" lon="15.33334605395794">
        <ele>198.6</ele>
        <time>2020-06-24T08:25:39.000Z</time>
    </trkpt>
    <trkpt lat="45.66194739192724" lon="15.333414617925882">
        <ele>198.6</ele>
        <time>2020-06-24T08:25:40.000Z</time>
    </trkpt>
    <trkpt lat="45.66201612353325" lon="15.333528695628047">
        <ele>198.4</ele>
        <time>2020-06-24T08:25:42.000Z</time>
    </trkpt>
    <trkpt lat="45.66218468360603" lon="15.333714857697487">
        <ele>198.6</ele>
        <time>2020-06-24T08:25:46.000Z</time>
    </trkpt>
    <trkpt lat="45.66232851706445" lon="15.333852907642722">
        <ele>198.4</ele>
        <time>2020-06-24T08:25:50.000Z</time>
    </trkpt>
    <trkpt lat="45.66257360391319" lon="15.33408684656024">
        <ele>199.0</ele>
        <time>2020-06-24T08:25:56.000Z</time>
    </trkpt>
    <trkpt lat="45.66262607462704" lon="15.334127079695463">
        <ele>199.0</ele>
        <time>2020-06-24T08:25:57.000Z</time>
    </trkpt>
    <trkpt lat="45.662862276658416" lon="15.334269069135189">
        <ele>199.6</ele>
        <time>2020-06-24T08:26:01.000Z</time>
    </trkpt>
    <trkpt lat="45.663314228877425" lon="15.334525974467397">
        <ele>201.8</ele>
        <time>2020-06-24T08:26:09.000Z</time>
    </trkpt>
    <trkpt lat="45.663450518622994" lon="15.334627563133836">
        <ele>202.6</ele>
        <time>2020-06-24T08:26:12.000Z</time>
    </trkpt>
    <trkpt lat="45.66353048197925" lon="15.334691936150193">
        <ele>202.8</ele>
        <time>2020-06-24T08:26:14.000Z</time>
    </trkpt>
    <trkpt lat="45.663643050938845" lon="15.33480316400528">
        <ele>203.2</ele>
        <time>2020-06-24T08:26:17.000Z</time>
    </trkpt>
    <trkpt lat="45.66372443921864" lon="15.33485353924334">
        <ele>203.6</ele>
        <time>2020-06-24T08:26:19.000Z</time>
    </trkpt>
    <trkpt lat="45.66392560489476" lon="15.335005419328809">
        <ele>204.4</ele>
        <time>2020-06-24T08:26:25.000Z</time>
    </trkpt>
    <trkpt lat="45.66410657018423" lon="15.335209351032972">
        <ele>204.6</ele>
        <time>2020-06-24T08:26:31.000Z</time>
    </trkpt>
    <trkpt lat="45.66420673392713" lon="15.335342707112432">
        <ele>204.6</ele>
        <time>2020-06-24T08:26:34.000Z</time>
    </trkpt>
    <trkpt lat="45.66429851576686" lon="15.335439937189221">
        <ele>204.6</ele>
        <time>2020-06-24T08:26:36.000Z</time>
    </trkpt>
    <trkpt lat="45.66452926956117" lon="15.33570371568203">
        <ele>203.4</ele>
        <time>2020-06-24T08:26:41.000Z</time>
    </trkpt>
    <trkpt lat="45.66460085101426" lon="15.335776386782527">
        <ele>203.2</ele>
        <time>2020-06-24T08:26:42.000Z</time>
    </trkpt>
    <trkpt lat="45.664677545428276" lon="15.335849141702056">
        <ele>202.8</ele>
        <time>2020-06-24T08:26:43.000Z</time>
    </trkpt>
    <trkpt lat="45.66499991342425" lon="15.336203360930085">
        <ele>200.2</ele>
        <time>2020-06-24T08:26:48.000Z</time>
    </trkpt>
    <trkpt lat="45.66514056175947" lon="15.336350547149777">
        <ele>199.4</ele>
        <time>2020-06-24T08:26:50.000Z</time>
    </trkpt>
    <trkpt lat="45.66521817818284" lon="15.33641911111772">
        <ele>199.2</ele>
        <time>2020-06-24T08:26:51.000Z</time>
    </trkpt>
    <trkpt lat="45.66559486091137" lon="15.336724547669291">
        <ele>199.2</ele>
        <time>2020-06-24T08:26:56.000Z</time>
    </trkpt>
    <trkpt lat="45.66603063605726" lon="15.336969718337059">
        <ele>202.4</ele>
        <time>2020-06-24T08:27:02.000Z</time>
    </trkpt>
    <trkpt lat="45.6664705183357" lon="15.337081281468272">
        <ele>206.4</ele>
        <time>2020-06-24T08:27:08.000Z</time>
    </trkpt>
    <trkpt lat="45.66686522215605" lon="15.33717641606927">
        <ele>210.4</ele>
        <time>2020-06-24T08:27:14.000Z</time>
    </trkpt>
    <trkpt lat="45.6672543939203" lon="15.3372888173908">
        <ele>213.6</ele>
        <time>2020-06-24T08:27:22.000Z</time>
    </trkpt>
    <trkpt lat="45.667615067213774" lon="15.337358135730028">
        <ele>212.8</ele>
        <time>2020-06-24T08:27:30.000Z</time>
    </trkpt>
    <trkpt lat="45.668089" lon="15.337398">
        <ele>214.0</ele>
        <time>2020-06-24T08:27:44.617Z</time>
    </trkpt>
    <trkpt lat="45.668197" lon="15.337424">
        <ele>213.8</ele>
        <time>2020-06-24T08:27:47.988Z</time>
    </trkpt>
    <trkpt lat="45.668268" lon="15.337365">
        <ele>214.3</ele>
        <time>2020-06-24T08:27:50.515Z</time>
    </trkpt>
    <trkpt lat="45.668443" lon="15.337314">
        <ele>214.8</ele>
        <time>2020-06-24T08:27:56.013Z</time>
    </trkpt>
    <trkpt lat="45.668677" lon="15.337274">
        <ele>215.0</ele>
        <time>2020-06-24T08:28:03.268Z</time>
    </trkpt>
    <trkpt lat="45.668861" lon="15.337274">
        <ele>215.0</ele>
        <time>2020-06-24T08:28:08.933Z</time>
    </trkpt>
    <trkpt lat="45.669058" lon="15.337301">
        <ele>214.8</ele>
        <time>2020-06-24T08:28:15.026Z</time>
    </trkpt>
    <trkpt lat="45.669391" lon="15.337405">
        <ele>215.0</ele>
        <time>2020-06-24T08:28:25.520Z</time>
    </trkpt>
    <trkpt lat="45.669522" lon="15.337413">
        <ele>215.3</ele>
        <time>2020-06-24T08:28:29.557Z</time>
    </trkpt>
    <trkpt lat="45.669686" lon="15.337401">
        <ele>215.8</ele>
        <time>2020-06-24T08:28:34.612Z</time>
    </trkpt>
    <trkpt lat="45.670098" lon="15.337331">
        <ele>217.8</ele>
        <time>2020-06-24T08:28:47.386Z</time>
    </trkpt>
    <trkpt lat="45.670324" lon="15.337316">
        <ele>219.8</ele>
        <time>2020-06-24T08:28:54.351Z</time>
    </trkpt>
    <trkpt lat="45.671015" lon="15.337361">
        <ele>226.0</ele>
        <time>2020-06-24T08:29:15.648Z</time>
    </trkpt>
    <trkpt lat="45.671181" lon="15.337363">
        <ele>227.8</ele>
        <time>2020-06-24T08:29:20.759Z</time>
    </trkpt>
    <trkpt lat="45.671482" lon="15.337359">
        <ele>230.8</ele>
        <time>2020-06-24T08:29:30.026Z</time>
    </trkpt>
    <trkpt lat="45.671726" lon="15.337298">
        <ele>233.5</ele>
        <time>2020-06-24T08:29:37.652Z</time>
    </trkpt>
    <trkpt lat="45.671766" lon="15.337284">
        <ele>233.8</ele>
        <time>2020-06-24T08:29:38.823Z</time>
    </trkpt>
    <trkpt lat="45.671897" lon="15.337241">
        <ele>235.3</ele>
        <time>2020-06-24T08:29:42.646Z</time>
    </trkpt>
    <trkpt lat="45.672225" lon="15.337105">
        <ele>239.3</ele>
        <time>2020-06-24T08:29:52.361Z</time>
    </trkpt>
    <trkpt lat="45.672468" lon="15.336958">
        <ele>243.0</ele>
        <time>2020-06-24T08:29:59.866Z</time>
    </trkpt>
    <trkpt lat="45.672647" lon="15.336836">
        <ele>245.3</ele>
        <time>2020-06-24T08:30:05.506Z</time>
    </trkpt>
    <trkpt lat="45.672867" lon="15.336659">
        <ele>248.3</ele>
        <time>2020-06-24T08:30:12.686Z</time>
    </trkpt>
    <trkpt lat="45.673049" lon="15.336466">
        <ele>251.3</ele>
        <time>2020-06-24T08:30:19.130Z</time>
    </trkpt>
    <trkpt lat="45.673171" lon="15.336341">
        <ele>253.5</ele>
        <time>2020-06-24T08:30:23.398Z</time>
    </trkpt>
    <trkpt lat="45.673228" lon="15.336293">
        <ele>254.5</ele>
        <time>2020-06-24T08:30:25.279Z</time>
    </trkpt>
    <trkpt lat="45.673288" lon="15.336265">
        <ele>255.3</ele>
        <time>2020-06-24T08:30:27.074Z</time>
    </trkpt>
    <trkpt lat="45.673486" lon="15.336215">
        <ele>256.8</ele>
        <time>2020-06-24T08:30:32.794Z</time>
    </trkpt>
    <trkpt lat="45.673573" lon="15.336179">
        <ele>257.5</ele>
        <time>2020-06-24T08:30:35.370Z</time>
    </trkpt>
    <trkpt lat="45.673699" lon="15.33612">
        <ele>258.8</ele>
        <time>2020-06-24T08:30:39.141Z</time>
    </trkpt>
    <trkpt lat="45.673765" lon="15.336069">
        <ele>259.8</ele>
        <time>2020-06-24T08:30:41.274Z</time>
    </trkpt>
    <trkpt lat="45.673894" lon="15.33594">
        <ele>261.8</ele>
        <time>2020-06-24T08:30:45.751Z</time>
    </trkpt>
    <trkpt lat="45.673938" lon="15.335881">
        <ele>262.8</ele>
        <time>2020-06-24T08:30:47.466Z</time>
    </trkpt>
    <trkpt lat="45.673978" lon="15.335813">
        <ele>263.5</ele>
        <time>2020-06-24T08:30:49.233Z</time>
    </trkpt>
    <trkpt lat="45.673986" lon="15.335793">
        <ele>263.5</ele>
        <time>2020-06-24T08:30:49.693Z</time>
    </trkpt>
    <trkpt lat="45.674023" lon="15.335712">
        <ele>264.3</ele>
        <time>2020-06-24T08:30:51.627Z</time>
    </trkpt>
    <trkpt lat="45.674094" lon="15.335561">
        <ele>265.3</ele>
        <time>2020-06-24T08:30:55.265Z</time>
    </trkpt>
    <trkpt lat="45.674184" lon="15.335459">
        <ele>266.3</ele>
        <time>2020-06-24T08:30:58.549Z</time>
    </trkpt>
    <trkpt lat="45.674228" lon="15.335418">
        <ele>266.3</ele>
        <time>2020-06-24T08:31:00.051Z</time>
    </trkpt>
    <trkpt lat="45.674316" lon="15.335384">
        <ele>266.5</ele>
        <time>2020-06-24T08:31:02.659Z</time>
    </trkpt>
    <trkpt lat="45.674471" lon="15.335362">
        <ele>266.5</ele>
        <time>2020-06-24T08:31:07.115Z</time>
    </trkpt>
    <trkpt lat="45.67461" lon="15.335314">
        <ele>266.8</ele>
        <time>2020-06-24T08:31:11.206Z</time>
    </trkpt>
    <trkpt lat="45.67475" lon="15.335195">
        <ele>267.0</ele>
        <time>2020-06-24T08:31:15.864Z</time>
    </trkpt>
    <trkpt lat="45.675037" lon="15.334854">
        <ele>267.5</ele>
        <time>2020-06-24T08:31:26.536Z</time>
    </trkpt>
    <trkpt lat="45.675092" lon="15.334791">
        <ele>268.0</ele>
        <time>2020-06-24T08:31:28.551Z</time>
    </trkpt>
    <trkpt lat="45.675186" lon="15.334685">
        <ele>269.0</ele>
        <time>2020-06-24T08:31:31.975Z</time>
    </trkpt>
    <trkpt lat="45.675391" lon="15.334473">
        <ele>271.3</ele>
        <time>2020-06-24T08:31:39.211Z</time>
    </trkpt>
    <trkpt lat="45.675414" lon="15.334451">
        <ele>271.8</ele>
        <time>2020-06-24T08:31:40.002Z</time>
    </trkpt>
    <trkpt lat="45.675465" lon="15.334404">
        <ele>272.3</ele>
        <time>2020-06-24T08:31:41.737Z</time>
    </trkpt>
    <trkpt lat="45.675615" lon="15.334232">
        <ele>274.5</ele>
        <time>2020-06-24T08:31:47.236Z</time>
    </trkpt>
    <trkpt lat="45.675866" lon="15.333923">
        <ele>278.3</ele>
        <time>2020-06-24T08:31:56.709Z</time>
    </trkpt>
    <trkpt lat="45.676089" lon="15.333684">
        <ele>279.5</ele>
        <time>2020-06-24T08:32:04.680Z</time>
    </trkpt>
    <trkpt lat="45.676226" lon="15.333537">
        <ele>280.3</ele>
        <time>2020-06-24T08:32:09.579Z</time>
    </trkpt>
    <trkpt lat="45.676445" lon="15.333321">
        <ele>281.3</ele>
        <time>2020-06-24T08:32:17.188Z</time>
    </trkpt>
    <trkpt lat="45.676627" lon="15.333167">
        <ele>282.8</ele>
        <time>2020-06-24T08:32:23.237Z</time>
    </trkpt>
    <trkpt lat="45.676748" lon="15.333068">
        <ele>283.0</ele>
        <time>2020-06-24T08:32:27.224Z</time>
    </trkpt>
    <trkpt lat="45.677223" lon="15.332727">
        <ele>282.8</ele>
        <time>2020-06-24T08:32:42.428Z</time>
    </trkpt>
    <trkpt lat="45.677486" lon="15.332518">
        <ele>282.8</ele>
        <time>2020-06-24T08:32:51.035Z</time>
    </trkpt>
    <trkpt lat="45.67764" lon="15.332374">
        <ele>284.0</ele>
        <time>2020-06-24T08:32:56.298Z</time>
    </trkpt>
    <trkpt lat="45.678113" lon="15.331878">
        <ele>291.8</ele>
        <time>2020-06-24T08:33:13.075Z</time>
    </trkpt>
    <trkpt lat="45.678293" lon="15.331721">
        <ele>294.8</ele>
        <time>2020-06-24T08:33:19.106Z</time>
    </trkpt>
    <trkpt lat="45.678395" lon="15.331654">
        <ele>295.8</ele>
        <time>2020-06-24T08:33:22.317Z</time>
    </trkpt>
    <trkpt lat="45.678441" lon="15.331636">
        <ele>295.8</ele>
        <time>2020-06-24T08:33:23.500Z</time>
    </trkpt>
    <trkpt lat="45.67892" lon="15.331451">
        <ele>298.0</ele>
        <time>2020-06-24T08:33:35.812Z</time>
    </trkpt>
    <trkpt lat="45.679082" lon="15.331378">
        <ele>299.3</ele>
        <time>2020-06-24T08:33:40.026Z</time>
    </trkpt>
    <trkpt lat="45.679304" lon="15.331308">
        <ele>300.0</ele>
        <time>2020-06-24T08:33:45.667Z</time>
    </trkpt>
    <trkpt lat="45.679322" lon="15.331303">
        <ele>300.3</ele>
        <time>2020-06-24T08:33:46.122Z</time>
    </trkpt>
    <trkpt lat="45.679515" lon="15.331309">
        <ele>298.8</ele>
        <time>2020-06-24T08:33:50.912Z</time>
    </trkpt>
    <trkpt lat="45.679787" lon="15.331336">
        <ele>296.5</ele>
        <time>2020-06-24T08:33:57.678Z</time>
    </trkpt>
    <trkpt lat="45.679935" lon="15.33135">
        <ele>295.3</ele>
        <time>2020-06-24T08:34:01.358Z</time>
    </trkpt>
    <trkpt lat="45.680006" lon="15.33133">
        <ele>295.5</ele>
        <time>2020-06-24T08:34:03.153Z</time>
    </trkpt>
    <trkpt lat="45.680272" lon="15.331242">
        <ele>299.3</ele>
        <time>2020-06-24T08:34:09.201Z</time>
    </trkpt>
    <trkpt lat="45.680493" lon="15.331169">
        <ele>302.5</ele>
        <time>2020-06-24T08:34:15.717Z</time>
    </trkpt>
    <trkpt lat="45.680536" lon="15.331155">
        <ele>303.3</ele>
        <time>2020-06-24T08:34:16.984Z</time>
    </trkpt>
    <trkpt lat="45.680698" lon="15.331088">
        <ele>305.0</ele>
        <time>2020-06-24T08:34:21.828Z</time>
    </trkpt>
    <trkpt lat="45.680875" lon="15.330987">
        <ele>307.3</ele>
        <time>2020-06-24T08:34:27.302Z</time>
    </trkpt>
    <trkpt lat="45.681009" lon="15.330887">
        <ele>309.8</ele>
        <time>2020-06-24T08:34:31.279Z</time>
    </trkpt>
    <trkpt lat="45.68123" lon="15.330632">
        <ele>314.3</ele>
        <time>2020-06-24T08:34:38.749Z</time>
    </trkpt>
    <trkpt lat="45.681376" lon="15.330378">
        <ele>317.0</ele>
        <time>2020-06-24T08:34:44.796Z</time>
    </trkpt>
    <trkpt lat="45.681496" lon="15.330137">
        <ele>318.8</ele>
        <time>2020-06-24T08:34:50.237Z</time>
    </trkpt>
    <trkpt lat="45.681572" lon="15.33004">
        <ele>319.0</ele>
        <time>2020-06-24T08:34:52.916Z</time>
    </trkpt>
    <trkpt lat="45.68162" lon="15.329997">
        <ele>319.0</ele>
        <time>2020-06-24T08:34:54.375Z</time>
    </trkpt>
    <trkpt lat="45.681637" lon="15.329983">
        <ele>319.0</ele>
        <time>2020-06-24T08:34:54.880Z</time>
    </trkpt>
    <trkpt lat="45.681726" lon="15.329938">
        <ele>319.5</ele>
        <time>2020-06-24T08:34:57.312Z</time>
    </trkpt>
    <trkpt lat="45.681999" lon="15.329931">
        <ele>320.8</ele>
        <time>2020-06-24T08:35:04.349Z</time>
    </trkpt>
    <trkpt lat="45.682648" lon="15.329981">
        <ele>323.5</ele>
        <time>2020-06-24T08:35:21.100Z</time>
    </trkpt>
    <trkpt lat="45.683161" lon="15.33003">
        <ele>326.3</ele>
        <time>2020-06-24T08:35:34.351Z</time>
    </trkpt>
    <trkpt lat="45.683336" lon="15.330056">
        <ele>327.0</ele>
        <time>2020-06-24T08:35:38.885Z</time>
    </trkpt>
    <trkpt lat="45.68359" lon="15.330133">
        <ele>327.0</ele>
        <time>2020-06-24T08:35:45.576Z</time>
    </trkpt>
    <trkpt lat="45.683672" lon="15.330139">
        <ele>327.0</ele>
        <time>2020-06-24T08:35:47.692Z</time>
    </trkpt>
    <trkpt lat="45.684065" lon="15.330103">
        <ele>326.5</ele>
        <time>2020-06-24T08:35:57.841Z</time>
    </trkpt>
    <trkpt lat="45.684158" lon="15.330121">
        <ele>326.5</ele>
        <time>2020-06-24T08:36:00.059Z</time>
    </trkpt>
    <trkpt lat="45.684168" lon="15.330123">
        <ele>326.5</ele>
        <time>2020-06-24T08:36:00.297Z</time>
    </trkpt>
    <trkpt lat="45.684399" lon="15.330228">
        <ele>328.0</ele>
        <time>2020-06-24T08:36:06.026Z</time>
    </trkpt>
    <trkpt lat="45.684539" lon="15.330281">
        <ele>328.8</ele>
        <time>2020-06-24T08:36:09.449Z</time>
    </trkpt>
    <trkpt lat="45.684743" lon="15.330327">
        <ele>330.3</ele>
        <time>2020-06-24T08:36:14.331Z</time>
    </trkpt>
    <trkpt lat="45.684826" lon="15.330359">
        <ele>330.8</ele>
        <time>2020-06-24T08:36:16.363Z</time>
    </trkpt>
    <trkpt lat="45.684944" lon="15.330424">
        <ele>331.5</ele>
        <time>2020-06-24T08:36:19.352Z</time>
    </trkpt>
    <trkpt lat="45.684956" lon="15.330437">
        <ele>331.3</ele>
        <time>2020-06-24T08:36:19.605Z</time>
    </trkpt>
    <trkpt lat="45.685446" lon="15.330931">
        <ele>330.0</ele>
        <time>2020-06-24T08:36:29.699Z</time>
    </trkpt>
    <trkpt lat="45.685498" lon="15.330964">
        <ele>329.8</ele>
        <time>2020-06-24T08:36:30.657Z</time>
    </trkpt>
    <trkpt lat="45.685538" lon="15.330973">
        <ele>329.8</ele>
        <time>2020-06-24T08:36:31.266Z</time>
    </trkpt>
    <trkpt lat="45.685596" lon="15.330987">
        <ele>329.8</ele>
        <time>2020-06-24T08:36:32.150Z</time>
    </trkpt>
    <trkpt lat="45.68595" lon="15.330973">
        <ele>329.8</ele>
        <time>2020-06-24T08:36:37.478Z</time>
    </trkpt>
    <trkpt lat="45.686127" lon="15.330988">
        <ele>329.3</ele>
        <time>2020-06-24T08:36:40.145Z</time>
    </trkpt>
    <trkpt lat="45.686905" lon="15.331243">
        <ele>326.0</ele>
        <time>2020-06-24T08:36:52.153Z</time>
    </trkpt>
    <trkpt lat="45.687057" lon="15.331279">
        <ele>326.5</ele>
        <time>2020-06-24T08:36:54.470Z</time>
    </trkpt>
    <trkpt lat="45.687123" lon="15.331258">
        <ele>327.0</ele>
        <time>2020-06-24T08:36:55.487Z</time>
    </trkpt>
    <trkpt lat="45.687239" lon="15.331371">
        <ele>326.5</ele>
        <time>2020-06-24T08:36:57.598Z</time>
    </trkpt>
    <trkpt lat="45.687287" lon="15.331436">
        <ele>326.0</ele>
        <time>2020-06-24T08:36:58.592Z</time>
    </trkpt>
    <trkpt lat="45.687307" lon="15.331464">
        <ele>326.0</ele>
        <time>2020-06-24T08:36:59.012Z</time>
    </trkpt>
    <trkpt lat="45.68735" lon="15.331625">
        <ele>325.0</ele>
        <time>2020-06-24T08:37:00.823Z</time>
    </trkpt>
    <trkpt lat="45.687367" lon="15.331925">
        <ele>323.8</ele>
        <time>2020-06-24T08:37:03.986Z</time>
    </trkpt>
    <trkpt lat="45.687355" lon="15.332319">
        <ele>322.3</ele>
        <time>2020-06-24T08:37:08.131Z</time>
    </trkpt>
    <trkpt lat="45.687355" lon="15.332325">
        <ele>322.3</ele>
        <time>2020-06-24T08:37:08.194Z</time>
    </trkpt>
    <trkpt lat="45.687316" lon="15.332558">
        <ele>321.0</ele>
        <time>2020-06-24T08:37:10.154Z</time>
    </trkpt>
    <trkpt lat="45.687249" lon="15.332714">
        <ele>320.3</ele>
        <time>2020-06-24T08:37:11.652Z</time>
    </trkpt>
    <trkpt lat="45.687127" lon="15.332915">
        <ele>319.0</ele>
        <time>2020-06-24T08:37:13.831Z</time>
    </trkpt>
    <trkpt lat="45.687061" lon="15.333073">
        <ele>318.5</ele>
        <time>2020-06-24T08:37:15.337Z</time>
    </trkpt>
    <trkpt lat="45.687007" lon="15.333304">
        <ele>318.3</ele>
        <time>2020-06-24T08:37:17.782Z</time>
    </trkpt>
    <trkpt lat="45.686997" lon="15.333347">
        <ele>318.3</ele>
        <time>2020-06-24T08:37:18.237Z</time>
    </trkpt>
    <trkpt lat="45.68696" lon="15.333545">
        <ele>318.8</ele>
        <time>2020-06-24T08:37:20.295Z</time>
    </trkpt>
    <trkpt lat="45.686934" lon="15.333773">
        <ele>319.3</ele>
        <time>2020-06-24T08:37:22.614Z</time>
    </trkpt>
    <trkpt lat="45.686932" lon="15.333993">
        <ele>320.3</ele>
        <time>2020-06-24T08:37:24.823Z</time>
    </trkpt>
    <trkpt lat="45.686949" lon="15.334192">
        <ele>321.3</ele>
        <time>2020-06-24T08:37:26.836Z</time>
    </trkpt>
    <trkpt lat="45.686995" lon="15.334304">
        <ele>321.8</ele>
        <time>2020-06-24T08:37:28.204Z</time>
    </trkpt>
    <trkpt lat="45.687012" lon="15.334345">
        <ele>322.0</ele>
        <time>2020-06-24T08:37:28.706Z</time>
    </trkpt>
    <trkpt lat="45.687095" lon="15.334487">
        <ele>323.0</ele>
        <time>2020-06-24T08:37:30.655Z</time>
    </trkpt>
    <trkpt lat="45.687367" lon="15.334795">
        <ele>324.8</ele>
        <time>2020-06-24T08:37:35.882Z</time>
    </trkpt>
    <trkpt lat="45.687721" lon="15.335133">
        <ele>325.8</ele>
        <time>2020-06-24T08:37:42.295Z</time>
    </trkpt>
    <trkpt lat="45.68785" lon="15.335299">
        <ele>325.8</ele>
        <time>2020-06-24T08:37:44.909Z</time>
    </trkpt>
    <trkpt lat="45.68818" lon="15.335804">
        <ele>325.3</ele>
        <time>2020-06-24T08:37:52.190Z</time>
    </trkpt>
    <trkpt lat="45.688288" lon="15.335943">
        <ele>325.8</ele>
        <time>2020-06-24T08:37:54.379Z</time>
    </trkpt>
    <trkpt lat="45.688639" lon="15.336345">
        <ele>326.8</ele>
        <time>2020-06-24T08:38:01.154Z</time>
    </trkpt>
    <trkpt lat="45.688785" lon="15.336539">
        <ele>326.8</ele>
        <time>2020-06-24T08:38:04.156Z</time>
    </trkpt>
    <trkpt lat="45.688896" lon="15.336702">
        <ele>327.0</ele>
        <time>2020-06-24T08:38:06.552Z</time>
    </trkpt>
    <trkpt lat="45.688912" lon="15.336731">
        <ele>327.0</ele>
        <time>2020-06-24T08:38:06.959Z</time>
    </trkpt>
    <trkpt lat="45.689141" lon="15.337153">
        <ele>327.5</ele>
        <time>2020-06-24T08:38:12.853Z</time>
    </trkpt>
    <trkpt lat="45.68972" lon="15.338188">
        <ele>329.0</ele>
        <time>2020-06-24T08:38:27.479Z</time>
    </trkpt>
    <trkpt lat="45.689844" lon="15.338459">
        <ele>328.8</ele>
        <time>2020-06-24T08:38:31.052Z</time>
    </trkpt>
    <trkpt lat="45.689911" lon="15.338682">
        <ele>328.8</ele>
        <time>2020-06-24T08:38:33.975Z</time>
    </trkpt>
    <trkpt lat="45.690055" lon="15.339288">
        <ele>329.0</ele>
        <time>2020-06-24T08:38:41.684Z</time>
    </trkpt>
    <trkpt lat="45.69014" lon="15.339567">
        <ele>329.3</ele>
        <time>2020-06-24T08:38:45.349Z</time>
    </trkpt>
    <trkpt lat="45.690239" lon="15.339808">
        <ele>329.5</ele>
        <time>2020-06-24T08:38:48.716Z</time>
    </trkpt>
    <trkpt lat="45.690346" lon="15.34011">
        <ele>330.0</ele>
        <time>2020-06-24T08:38:52.794Z</time>
    </trkpt>
    <trkpt lat="45.690396" lon="15.340288">
        <ele>330.3</ele>
        <time>2020-06-24T08:38:55.104Z</time>
    </trkpt>
    <trkpt lat="45.690417" lon="15.340495">
        <ele>330.0</ele>
        <time>2020-06-24T08:38:57.623Z</time>
    </trkpt>
    <trkpt lat="45.690428" lon="15.340744">
        <ele>330.0</ele>
        <time>2020-06-24T08:39:00.627Z</time>
    </trkpt>
    <trkpt lat="45.690445" lon="15.340951">
        <ele>330.5</ele>
        <time>2020-06-24T08:39:03.137Z</time>
    </trkpt>
    <trkpt lat="45.690484" lon="15.341128">
        <ele>331.8</ele>
        <time>2020-06-24T08:39:05.372Z</time>
    </trkpt>
    <trkpt lat="45.690546" lon="15.34127">
        <ele>332.5</ele>
        <time>2020-06-24T08:39:07.388Z</time>
    </trkpt>
    <trkpt lat="45.690576" lon="15.341377">
        <ele>333.3</ele>
        <time>2020-06-24T08:39:08.776Z</time>
    </trkpt>
    <trkpt lat="45.690587" lon="15.341487">
        <ele>333.8</ele>
        <time>2020-06-24T08:39:10.222Z</time>
    </trkpt>
    <trkpt lat="45.690589" lon="15.341503">
        <ele>334.0</ele>
        <time>2020-06-24T08:39:10.433Z</time>
    </trkpt>
    <trkpt lat="45.690582" lon="15.341605">
        <ele>334.5</ele>
        <time>2020-06-24T08:39:11.767Z</time>
    </trkpt>
    <trkpt lat="45.690514" lon="15.341774">
        <ele>335.3</ele>
        <time>2020-06-24T08:39:14.306Z</time>
    </trkpt>
    <trkpt lat="45.690389" lon="15.341962">
        <ele>336.0</ele>
        <time>2020-06-24T08:39:17.685Z</time>
    </trkpt>
    <trkpt lat="45.690283" lon="15.342059">
        <ele>336.3</ele>
        <time>2020-06-24T08:39:21.060Z</time>
    </trkpt>
    <trkpt lat="45.690269" lon="15.342072">
        <ele>336.5</ele>
        <time>2020-06-24T08:39:21.507Z</time>
    </trkpt>
    <trkpt lat="45.690119" lon="15.342136">
        <ele>337.0</ele>
        <time>2020-06-24T08:39:25.706Z</time>
    </trkpt>
    <trkpt lat="45.689709" lon="15.342276">
        <ele>337.3</ele>
        <time>2020-06-24T08:39:37.015Z</time>
    </trkpt>
    <trkpt lat="45.689315" lon="15.342356">
        <ele>336.5</ele>
        <time>2020-06-24T08:39:47.692Z</time>
    </trkpt>
    <trkpt lat="45.689203" lon="15.342423">
        <ele>336.5</ele>
        <time>2020-06-24T08:39:50.948Z</time>
    </trkpt>
    <trkpt lat="45.689154" lon="15.342493">
        <ele>337.0</ele>
        <time>2020-06-24T08:39:52.805Z</time>
    </trkpt>
    <trkpt lat="45.689102" lon="15.342568">
        <ele>337.8</ele>
        <time>2020-06-24T08:39:54.785Z</time>
    </trkpt>
    <trkpt lat="45.688538" lon="15.343512">
        <ele>347.8</ele>
        <time>2020-06-24T08:40:18.067Z</time>
    </trkpt>
    <trkpt lat="45.688358" lon="15.34384">
        <ele>350.3</ele>
        <time>2020-06-24T08:40:25.885Z</time>
    </trkpt>
    <trkpt lat="45.688144" lon="15.344245">
        <ele>352.8</ele>
        <time>2020-06-24T08:40:35.403Z</time>
    </trkpt>
    <trkpt lat="45.68808" lon="15.344375">
        <ele>353.3</ele>
        <time>2020-06-24T08:40:38.492Z</time>
    </trkpt>
    <trkpt lat="45.688009" lon="15.344524">
        <ele>354.3</ele>
        <time>2020-06-24T08:40:41.995Z</time>
    </trkpt>
    <trkpt lat="45.687858" lon="15.344918">
        <ele>356.0</ele>
        <time>2020-06-24T08:40:50.725Z</time>
    </trkpt>
    <trkpt lat="45.687756" lon="15.345224">
        <ele>357.0</ele>
        <time>2020-06-24T08:40:57.311Z</time>
    </trkpt>
    <trkpt lat="45.6877" lon="15.345465">
        <ele>358.0</ele>
        <time>2020-06-24T08:41:02.244Z</time>
    </trkpt>
    <trkpt lat="45.687655" lon="15.345832">
        <ele>360.3</ele>
        <time>2020-06-24T08:41:09.482Z</time>
    </trkpt>
    <trkpt lat="45.687588" lon="15.346508">
        <ele>365.3</ele>
        <time>2020-06-24T08:41:22.745Z</time>
    </trkpt>
    <trkpt lat="45.687592" lon="15.346762">
        <ele>367.5</ele>
        <time>2020-06-24T08:41:27.680Z</time>
    </trkpt>
    <trkpt lat="45.687592" lon="15.346772">
        <ele>367.5</ele>
        <time>2020-06-24T08:41:27.882Z</time>
    </trkpt>
    <trkpt lat="45.687606" lon="15.347045">
        <ele>370.0</ele>
        <time>2020-06-24T08:41:33.411Z</time>
    </trkpt>
    <trkpt lat="45.687631" lon="15.347385">
        <ele>373.3</ele>
        <time>2020-06-24T08:41:40.317Z</time>
    </trkpt>
    <trkpt lat="45.687668" lon="15.34764">
        <ele>375.8</ele>
        <time>2020-06-24T08:41:45.578Z</time>
    </trkpt>
    <trkpt lat="45.687865" lon="15.348196">
        <ele>383.0</ele>
        <time>2020-06-24T08:41:58.172Z</time>
    </trkpt>
    <trkpt lat="45.687917" lon="15.348426">
        <ele>385.3</ele>
        <time>2020-06-24T08:42:03.055Z</time>
    </trkpt>
    <trkpt lat="45.687911" lon="15.348646">
        <ele>386.0</ele>
        <time>2020-06-24T08:42:07.502Z</time>
    </trkpt>
    <trkpt lat="45.687897" lon="15.348851">
        <ele>386.8</ele>
        <time>2020-06-24T08:42:11.663Z</time>
    </trkpt>
    <trkpt lat="45.687897" lon="15.348871">
        <ele>386.8</ele>
        <time>2020-06-24T08:42:12.067Z</time>
    </trkpt>
    <trkpt lat="45.687897" lon="15.348912">
        <ele>387.0</ele>
        <time>2020-06-24T08:42:12.895Z</time>
    </trkpt>
    <trkpt lat="45.687913" lon="15.34898">
        <ele>387.5</ele>
        <time>2020-06-24T08:42:14.344Z</time>
    </trkpt>
    <trkpt lat="45.687958" lon="15.349112">
        <ele>388.5</ele>
        <time>2020-06-24T08:42:17.311Z</time>
    </trkpt>
    <trkpt lat="45.68812" lon="15.349392">
        <ele>390.3</ele>
        <time>2020-06-24T08:42:24.655Z</time>
    </trkpt>
    <trkpt lat="45.688184" lon="15.349603">
        <ele>390.8</ele>
        <time>2020-06-24T08:42:29.301Z</time>
    </trkpt>
    <trkpt lat="45.688221" lon="15.349673">
        <ele>391.0</ele>
        <time>2020-06-24T08:42:31.074Z</time>
    </trkpt>
    <trkpt lat="45.688256" lon="15.349693">
        <ele>391.3</ele>
        <time>2020-06-24T08:42:32.163Z</time>
    </trkpt>
    <trkpt lat="45.688286" lon="15.349697">
        <ele>391.8</ele>
        <time>2020-06-24T08:42:33.034Z</time>
    </trkpt>
    <trkpt lat="45.68831853568554" lon="15.349729740992188">
        <ele>392.6</ele>
        <time>2020-06-24T08:42:34.184Z</time>
    </trkpt>
    <trkpt lat="45.688416017219424" lon="15.349580207839608">
        <ele>394.4</ele>
        <time>2020-06-24T08:42:39.184Z</time>
    </trkpt>
    <trkpt lat="45.68843579851091" lon="15.349347274750471">
        <ele>394.8</ele>
        <time>2020-06-24T08:42:45.184Z</time>
    </trkpt>
    <trkpt lat="45.68845155648887" lon="15.349009819328785">
        <ele>396.8</ele>
        <time>2020-06-24T08:42:53.184Z</time>
    </trkpt>
    <trkpt lat="45.68852045573294" lon="15.34887378104031">
        <ele>399.0</ele>
        <time>2020-06-24T08:42:58.184Z</time>
    </trkpt>
    <trkpt lat="45.68859237246215" lon="15.348700024187565">
        <ele>400.2</ele>
        <time>2020-06-24T08:43:03.184Z</time>
    </trkpt>
    <trkpt lat="45.6886123213917" lon="15.348662808537483">
        <ele>400.4</ele>
        <time>2020-06-24T08:43:04.184Z</time>
    </trkpt>
    <trkpt lat="45.68864115513861" lon="15.348600447177887">
        <ele>400.8</ele>
        <time>2020-06-24T08:43:06.184Z</time>
    </trkpt>
    <trkpt lat="45.68881164304912" lon="15.348442951217294">
        <ele>402.2</ele>
        <time>2020-06-24T08:43:12.184Z</time>
    </trkpt>
    <trkpt lat="45.688920775428414" lon="15.348258381709456">
        <ele>401.6</ele>
        <time>2020-06-24T08:43:17.184Z</time>
    </trkpt>
    <trkpt lat="45.68898615427315" lon="15.348197696730494">
        <ele>401.0</ele>
        <time>2020-06-24T08:43:19.184Z</time>
    </trkpt>
    <trkpt lat="45.68908212706447" lon="15.34818235784769">
        <ele>400.4</ele>
        <time>2020-06-24T08:43:21.184Z</time>
    </trkpt>
    <trkpt lat="45.689179357141256" lon="15.348202474415302">
        <ele>400.0</ele>
        <time>2020-06-24T08:43:23.184Z</time>
    </trkpt>
    <trkpt lat="45.689312210306525" lon="15.348251592367887">
        <ele>399.6</ele>
        <time>2020-06-24T08:43:26.184Z</time>
    </trkpt>
    <trkpt lat="45.689434" lon="15.348258">
        <ele>399.3</ele>
        <time>2020-06-24T08:43:28.400Z</time>
    </trkpt>
    <trkpt lat="45.689441" lon="15.34826">
        <ele>399.3</ele>
        <time>2020-06-24T08:43:28.529Z</time>
    </trkpt>
    <trkpt lat="45.689508" lon="15.348311">
        <ele>399.3</ele>
        <time>2020-06-24T08:43:29.909Z</time>
    </trkpt>
    <trkpt lat="45.689566" lon="15.348378">
        <ele>399.0</ele>
        <time>2020-06-24T08:43:31.264Z</time>
    </trkpt>
    <trkpt lat="45.689592" lon="15.348425">
        <ele>399.0</ele>
        <time>2020-06-24T08:43:32.025Z</time>
    </trkpt>
    <trkpt lat="45.689675" lon="15.34856">
        <ele>399.0</ele>
        <time>2020-06-24T08:43:34.310Z</time>
    </trkpt>
    <trkpt lat="45.689752" lon="15.348646">
        <ele>399.0</ele>
        <time>2020-06-24T08:43:36.086Z</time>
    </trkpt>
    <trkpt lat="45.689832" lon="15.348692">
        <ele>398.8</ele>
        <time>2020-06-24T08:43:37.116Z</time>
    </trkpt>
    <trkpt lat="45.689864" lon="15.348633">
        <ele>398.3</ele>
        <time>2020-06-24T08:43:37.739Z</time>
    </trkpt>
    <trkpt lat="45.689929" lon="15.348608">
        <ele>398.0</ele>
        <time>2020-06-24T08:43:38.543Z</time>
    </trkpt>
    <trkpt lat="45.68997" lon="15.348613">
        <ele>397.5</ele>
        <time>2020-06-24T08:43:39.034Z</time>
    </trkpt>
    <trkpt lat="45.690003" lon="15.348617">
        <ele>397.5</ele>
        <time>2020-06-24T08:43:39.429Z</time>
    </trkpt>
    <trkpt lat="45.690144" lon="15.34868">
        <ele>396.5</ele>
        <time>2020-06-24T08:43:41.193Z</time>
    </trkpt>
    <trkpt lat="45.690299" lon="15.348735">
        <ele>395.3</ele>
        <time>2020-06-24T08:43:43.101Z</time>
    </trkpt>
    <trkpt lat="45.690439" lon="15.34881">
        <ele>394.5</ele>
        <time>2020-06-24T08:43:44.887Z</time>
    </trkpt>
    <trkpt lat="45.690577" lon="15.34886">
        <ele>393.5</ele>
        <time>2020-06-24T08:43:46.587Z</time>
    </trkpt>
    <trkpt lat="45.690636" lon="15.34887">
        <ele>393.0</ele>
        <time>2020-06-24T08:43:47.150Z</time>
    </trkpt>
    <trkpt lat="45.690704" lon="15.348882">
        <ele>392.5</ele>
        <time>2020-06-24T08:43:47.800Z</time>
    </trkpt>
    <trkpt lat="45.69084" lon="15.348877">
        <ele>391.5</ele>
        <time>2020-06-24T08:43:49.091Z</time>
    </trkpt>
    <trkpt lat="45.690969" lon="15.348911">
        <ele>390.5</ele>
        <time>2020-06-24T08:43:50.335Z</time>
    </trkpt>
    <trkpt lat="45.691152" lon="15.348974">
        <ele>389.3</ele>
        <time>2020-06-24T08:43:52.121Z</time>
    </trkpt>
    <trkpt lat="45.691188" lon="15.348981">
        <ele>388.8</ele>
        <time>2020-06-24T08:43:52.465Z</time>
    </trkpt>
    <trkpt lat="45.691305" lon="15.349003">
        <ele>388.0</ele>
        <time>2020-06-24T08:43:53.585Z</time>
    </trkpt>
    <trkpt lat="45.691393" lon="15.349">
        <ele>387.3</ele>
        <time>2020-06-24T08:43:54.420Z</time>
    </trkpt>
    <trkpt lat="45.691487" lon="15.348971">
        <ele>386.3</ele>
        <time>2020-06-24T08:43:55.332Z</time>
    </trkpt>
    <trkpt lat="45.691663" lon="15.348903">
        <ele>384.3</ele>
        <time>2020-06-24T08:43:57.062Z</time>
    </trkpt>
    <trkpt lat="45.691804" lon="15.348863">
        <ele>382.8</ele>
        <time>2020-06-24T08:43:58.426Z</time>
    </trkpt>
    <trkpt lat="45.691864" lon="15.348861">
        <ele>382.3</ele>
        <time>2020-06-24T08:43:58.995Z</time>
    </trkpt>
    <trkpt lat="45.691884" lon="15.34886">
        <ele>382.0</ele>
        <time>2020-06-24T08:43:59.184Z</time>
    </trkpt>
    <trkpt lat="45.6921576987952" lon="15.348891634494066">
        <ele>376.6</ele>
        <time>2020-06-24T08:44:01.790Z</time>
    </trkpt>
    <trkpt lat="45.69228476844728" lon="15.34891719929874">
        <ele>376.0</ele>
        <time>2020-06-24T08:44:02.790Z</time>
    </trkpt>
    <trkpt lat="45.692399851977825" lon="15.348920803517103">
        <ele>376.2</ele>
        <time>2020-06-24T08:44:03.790Z</time>
    </trkpt>
    <trkpt lat="45.692503452301025" lon="15.348883923143148">
        <ele>376.2</ele>
        <time>2020-06-24T08:44:04.790Z</time>
    </trkpt>
    <trkpt lat="45.69258785806596" lon="15.348805133253336">
        <ele>376.4</ele>
        <time>2020-06-24T08:44:05.790Z</time>
    </trkpt>
    <trkpt lat="45.69264007732272" lon="15.348695665597916">
        <ele>376.6</ele>
        <time>2020-06-24T08:44:06.790Z</time>
    </trkpt>
    <trkpt lat="45.69269196130335" lon="15.348469438031316">
        <ele>377.0</ele>
        <time>2020-06-24T08:44:08.790Z</time>
    </trkpt>
    <trkpt lat="45.69272121414542" lon="15.348388720303774">
        <ele>377.4</ele>
        <time>2020-06-24T08:44:09.790Z</time>
    </trkpt>
    <trkpt lat="45.69274904206395" lon="15.348328202962875">
        <ele>377.8</ele>
        <time>2020-06-24T08:44:10.790Z</time>
    </trkpt>
    <trkpt lat="45.69278910756111" lon="15.348230889067054">
        <ele>378.2</ele>
        <time>2020-06-24T08:44:12.790Z</time>
    </trkpt>
    <trkpt lat="45.692857671529055" lon="15.348115470260382">
        <ele>378.8</ele>
        <time>2020-06-24T08:44:15.790Z</time>
    </trkpt>
    <trkpt lat="45.692902179434896" lon="15.348107507452369">
        <ele>379.0</ele>
        <time>2020-06-24T08:44:16.790Z</time>
    </trkpt>
    <trkpt lat="45.69295431487262" lon="15.348110692575574">
        <ele>379.2</ele>
        <time>2020-06-24T08:44:17.790Z</time>
    </trkpt>
    <trkpt lat="45.6930417381227" lon="15.348180178552866">
        <ele>379.4</ele>
        <time>2020-06-24T08:44:19.790Z</time>
    </trkpt>
    <trkpt lat="45.693126898258924" lon="15.348281180486083">
        <ele>379.6</ele>
        <time>2020-06-24T08:44:21.790Z</time>
    </trkpt>
    <trkpt lat="45.69322915747762" lon="15.348335327580571">
        <ele>380.2</ele>
        <time>2020-06-24T08:44:23.790Z</time>
    </trkpt>
    <trkpt lat="45.69332538172603" lon="15.34833088517189">
        <ele>380.8</ele>
        <time>2020-06-24T08:44:25.790Z</time>
    </trkpt>
    <trkpt lat="45.69342663511634" lon="15.348325604572892">
        <ele>381.6</ele>
        <time>2020-06-24T08:44:27.790Z</time>
    </trkpt>
    <trkpt lat="45.69353367201984" lon="15.348391653969884">
        <ele>382.2</ele>
        <time>2020-06-24T08:44:29.790Z</time>
    </trkpt>
    <trkpt lat="45.693585220724344" lon="15.348441442474723">
        <ele>382.2</ele>
        <time>2020-06-24T08:44:30.790Z</time>
    </trkpt>
    <trkpt lat="45.693668285384774" lon="15.34853707998991">
        <ele>382.6</ele>
        <time>2020-06-24T08:44:32.790Z</time>
    </trkpt>
    <trkpt lat="45.69371203891933" lon="15.348584353923798">
        <ele>382.6</ele>
        <time>2020-06-24T08:44:33.790Z</time>
    </trkpt>
    <trkpt lat="45.69375210441649" lon="15.348631963133812">
        <ele>382.8</ele>
        <time>2020-06-24T08:44:34.790Z</time>
    </trkpt>
    <trkpt lat="45.693871" lon="15.348777">
        <ele>382.3</ele>
        <time>2020-06-24T08:44:37.817Z</time>
    </trkpt>
    <trkpt lat="45.693885" lon="15.34881">
        <ele>382.3</ele>
        <time>2020-06-24T08:44:38.339Z</time>
    </trkpt>
    <trkpt lat="45.693934" lon="15.348985">
        <ele>381.8</ele>
        <time>2020-06-24T08:44:40.891Z</time>
    </trkpt>
    <trkpt lat="45.693941" lon="15.349011">
        <ele>381.8</ele>
        <time>2020-06-24T08:44:41.268Z</time>
    </trkpt>
    <trkpt lat="45.693984" lon="15.349118">
        <ele>381.8</ele>
        <time>2020-06-24T08:44:42.939Z</time>
    </trkpt>
    <trkpt lat="45.693996" lon="15.349134">
        <ele>381.8</ele>
        <time>2020-06-24T08:44:43.256Z</time>
    </trkpt>
    <trkpt lat="45.69411219097674" lon="15.349257756024599">
        <ele>381.8</ele>
        <time>2020-06-24T08:44:46.062Z</time>
    </trkpt>
    <trkpt lat="45.694277146831155" lon="15.349247781559825">
        <ele>382.8</ele>
        <time>2020-06-24T08:44:49.062Z</time>
    </trkpt>
    <trkpt lat="45.694451071321964" lon="15.349212577566504">
        <ele>383.2</ele>
        <time>2020-06-24T08:44:54.062Z</time>
    </trkpt>
    <trkpt lat="45.69458342157304" lon="15.349278710782528">
        <ele>383.2</ele>
        <time>2020-06-24T08:44:58.062Z</time>
    </trkpt>
    <trkpt lat="45.69467721506953" lon="15.349395470693707">
        <ele>383.2</ele>
        <time>2020-06-24T08:45:01.062Z</time>
    </trkpt>
    <trkpt lat="45.694872764870524" lon="15.349646508693695">
        <ele>382.8</ele>
        <time>2020-06-24T08:45:05.062Z</time>
    </trkpt>
    <trkpt lat="45.695023303851485" lon="15.349774919450283">
        <ele>382.8</ele>
        <time>2020-06-24T08:45:07.062Z</time>
    </trkpt>
    <trkpt lat="45.69509647786617" lon="15.349807441234589">
        <ele>382.8</ele>
        <time>2020-06-24T08:45:08.062Z</time>
    </trkpt>
    <trkpt lat="45.695170825347304" lon="15.349817583337426">
        <ele>382.6</ele>
        <time>2020-06-24T08:45:09.062Z</time>
    </trkpt>
    <trkpt lat="45.69533234462142" lon="15.349768130108714">
        <ele>382.4</ele>
        <time>2020-06-24T08:45:11.062Z</time>
    </trkpt>
    <trkpt lat="45.695422" lon="15.349724">
        <ele>381.8</ele>
        <time>2020-06-24T08:45:12.436Z</time>
    </trkpt>
    <trkpt lat="45.695483" lon="15.349687">
        <ele>381.8</ele>
        <time>2020-06-24T08:45:13.396Z</time>
    </trkpt>
    <trkpt lat="45.695532" lon="15.349636">
        <ele>381.5</ele>
        <time>2020-06-24T08:45:14.274Z</time>
    </trkpt>
    <trkpt lat="45.695582" lon="15.349558">
        <ele>381.3</ele>
        <time>2020-06-24T08:45:15.346Z</time>
    </trkpt>
    <trkpt lat="45.695687" lon="15.349429">
        <ele>380.5</ele>
        <time>2020-06-24T08:45:17.351Z</time>
    </trkpt>
    <trkpt lat="45.695833" lon="15.349319">
        <ele>379.5</ele>
        <time>2020-06-24T08:45:19.742Z</time>
    </trkpt>
    <trkpt lat="45.695856" lon="15.34929">
        <ele>379.5</ele>
        <time>2020-06-24T08:45:20.186Z</time>
    </trkpt>
    <trkpt lat="45.695869" lon="15.349274">
        <ele>379.5</ele>
        <time>2020-06-24T08:45:20.434Z</time>
    </trkpt>
    <trkpt lat="45.695948" lon="15.34904">
        <ele>379.5</ele>
        <time>2020-06-24T08:45:23.065Z</time>
    </trkpt>
    <trkpt lat="45.696009" lon="15.348949">
        <ele>379.8</ele>
        <time>2020-06-24T08:45:24.342Z</time>
    </trkpt>
    <trkpt lat="45.696071" lon="15.34889">
        <ele>380.3</ele>
        <time>2020-06-24T08:45:25.421Z</time>
    </trkpt>
    <trkpt lat="45.696126" lon="15.348804">
        <ele>380.5</ele>
        <time>2020-06-24T08:45:26.601Z</time>
    </trkpt>
    <trkpt lat="45.696182" lon="15.348694">
        <ele>380.8</ele>
        <time>2020-06-24T08:45:27.979Z</time>
    </trkpt>
    <trkpt lat="45.696281" lon="15.348445">
        <ele>381.3</ele>
        <time>2020-06-24T08:45:30.880Z</time>
    </trkpt>
    <trkpt lat="45.696358" lon="15.348284">
        <ele>382.3</ele>
        <time>2020-06-24T08:45:32.855Z</time>
    </trkpt>
    <trkpt lat="45.69653" lon="15.34801">
        <ele>386.0</ele>
        <time>2020-06-24T08:45:36.585Z</time>
    </trkpt>
    <trkpt lat="45.696566" lon="15.34789">
        <ele>387.0</ele>
        <time>2020-06-24T08:45:37.907Z</time>
    </trkpt>
    <trkpt lat="45.696569" lon="15.34786">
        <ele>387.0</ele>
        <time>2020-06-24T08:45:38.213Z</time>
    </trkpt>
    <trkpt lat="45.696611758321524" lon="15.34775773063302">
        <ele>394.0</ele>
        <time>2020-06-24T08:45:39.419Z</time>
    </trkpt>
    <trkpt lat="45.69662760011852" lon="15.347720263525844">
        <ele>394.4</ele>
        <time>2020-06-24T08:45:40.419Z</time>
    </trkpt>
    <trkpt lat="45.696684177964926" lon="15.347496634349227">
        <ele>396.8</ele>
        <time>2020-06-24T08:45:46.419Z</time>
    </trkpt>
    <trkpt lat="45.696714855730534" lon="15.347291864454746">
        <ele>396.8</ele>
        <time>2020-06-24T08:45:51.419Z</time>
    </trkpt>
    <trkpt lat="45.69677981548011" lon="15.347064463421702">
        <ele>397.4</ele>
        <time>2020-06-24T08:45:56.419Z</time>
    </trkpt>
    <trkpt lat="45.69684762507677" lon="15.346843684092164">
        <ele>398.6</ele>
        <time>2020-06-24T08:46:00.419Z</time>
    </trkpt>
    <trkpt lat="45.696838488802314" lon="15.34665483981371">
        <ele>398.0</ele>
        <time>2020-06-24T08:46:04.419Z</time>
    </trkpt>
    <trkpt lat="45.696845361962914" lon="15.346433306112885">
        <ele>397.4</ele>
        <time>2020-06-24T08:46:09.419Z</time>
    </trkpt>
    <trkpt lat="45.69687293842435" lon="15.346303721889853">
        <ele>397.2</ele>
        <time>2020-06-24T08:46:13.419Z</time>
    </trkpt>
    <trkpt lat="45.69689062424004" lon="15.346284359693527">
        <ele>397.4</ele>
        <time>2020-06-24T08:46:14.419Z</time>
    </trkpt>
    <trkpt lat="45.6969082262367" lon="15.346269188448787">
        <ele>397.6</ele>
        <time>2020-06-24T08:46:15.419Z</time>
    </trkpt>
    <trkpt lat="45.69699506275356" lon="15.346248904243112">
        <ele>398.6</ele>
        <time>2020-06-24T08:46:18.419Z</time>
    </trkpt>
    <trkpt lat="45.69715742021799" lon="15.346342278644443">
        <ele>401.6</ele>
        <time>2020-06-24T08:46:24.419Z</time>
    </trkpt>
    <trkpt lat="45.69721223786473" lon="15.34635342657566">
        <ele>402.4</ele>
        <time>2020-06-24T08:46:26.419Z</time>
    </trkpt>
    <trkpt lat="45.697277365252376" lon="15.346329370513558">
        <ele>403.0</ele>
        <time>2020-06-24T08:46:28.419Z</time>
    </trkpt>
    <trkpt lat="45.69743989035487" lon="15.346168437972665">
        <ele>402.6</ele>
        <time>2020-06-24T08:46:33.419Z</time>
    </trkpt>
    <trkpt lat="45.6975456699729" lon="15.34607095643878">
        <ele>402.6</ele>
        <time>2020-06-24T08:46:36.419Z</time>
    </trkpt>
    <trkpt lat="45.69762932136655" lon="15.345996525138617">
        <ele>402.6</ele>
        <time>2020-06-24T08:46:38.419Z</time>
    </trkpt>
    <trkpt lat="45.69771749898791" lon="15.345889320597053">
        <ele>402.0</ele>
        <time>2020-06-24T08:46:40.419Z</time>
    </trkpt>
    <trkpt lat="45.69779025390744" lon="15.345746744424105">
        <ele>400.8</ele>
        <time>2020-06-24T08:46:42.419Z</time>
    </trkpt>
    <trkpt lat="45.697821686044335" lon="15.345663763582706">
        <ele>400.0</ele>
        <time>2020-06-24T08:46:43.419Z</time>
    </trkpt>
    <trkpt lat="45.69792218506336" lon="15.345377689227462">
        <ele>397.8</ele>
        <time>2020-06-24T08:46:46.419Z</time>
    </trkpt>
    <trkpt lat="45.69800709374249" lon="15.345073761418462">
        <ele>397.8</ele>
        <time>2020-06-24T08:46:49.419Z</time>
    </trkpt>
    <trkpt lat="45.69804531522095" lon="15.344869326800108">
        <ele>397.6</ele>
        <time>2020-06-24T08:46:51.419Z</time>
    </trkpt>
    <trkpt lat="45.69807113148272" lon="15.344770001247525">
        <ele>397.4</ele>
        <time>2020-06-24T08:46:52.419Z</time>
    </trkpt>
    <trkpt lat="45.698156375437975" lon="15.344599848613143">
        <ele>398.4</ele>
        <time>2020-06-24T08:46:54.419Z</time>
    </trkpt>
    <trkpt lat="45.698266262188554" lon="15.344471773132682">
        <ele>399.6</ele>
        <time>2020-06-24T08:46:56.419Z</time>
    </trkpt>
    <trkpt lat="45.698368018493056" lon="15.344386864453554">
        <ele>400.6</ele>
        <time>2020-06-24T08:46:58.419Z</time>
    </trkpt>
    <trkpt lat="45.698482" lon="15.344241">
        <ele>399.3</ele>
        <time>2020-06-24T08:47:03.630Z</time>
    </trkpt>
    <trkpt lat="45.698499" lon="15.34422">
        <ele>399.8</ele>
        <time>2020-06-24T08:47:04.395Z</time>
    </trkpt>
    <trkpt lat="45.698583" lon="15.344062">
        <ele>401.3</ele>
        <time>2020-06-24T08:47:09.122Z</time>
    </trkpt>
    <trkpt lat="45.698754" lon="15.343689">
        <ele>403.8</ele>
        <time>2020-06-24T08:47:19.744Z</time>
    </trkpt>
    <trkpt lat="45.698808" lon="15.343609">
        <ele>404.8</ele>
        <time>2020-06-24T08:47:22.392Z</time>
    </trkpt>
    <trkpt lat="45.69887" lon="15.343558">
        <ele>405.5</ele>
        <time>2020-06-24T08:47:24.829Z</time>
    </trkpt>
    <trkpt lat="45.698913" lon="15.343558">
        <ele>406.3</ele>
        <time>2020-06-24T08:47:26.294Z</time>
    </trkpt>
    <trkpt lat="45.698941" lon="15.343558">
        <ele>406.8</ele>
        <time>2020-06-24T08:47:27.248Z</time>
    </trkpt>
    <trkpt lat="45.698992" lon="15.343585">
        <ele>407.5</ele>
        <time>2020-06-24T08:47:29.101Z</time>
    </trkpt>
    <trkpt lat="45.699003" lon="15.343598">
        <ele>407.5</ele>
        <time>2020-06-24T08:47:29.587Z</time>
    </trkpt>
    <trkpt lat="45.69911249913275" lon="15.34376417286694">
        <ele>417.0</ele>
        <time>2020-06-24T08:47:35.026Z</time>
    </trkpt>
    <trkpt lat="45.69925054907799" lon="15.34393323585391">
        <ele>418.4</ele>
        <time>2020-06-24T08:47:42.026Z</time>
    </trkpt>
    <trkpt lat="45.699366219341755" lon="15.344015546143055">
        <ele>420.0</ele>
        <time>2020-06-24T08:47:47.026Z</time>
    </trkpt>
    <trkpt lat="45.699461018666625" lon="15.344149321317673">
        <ele>420.4</ele>
        <time>2020-06-24T08:47:53.026Z</time>
    </trkpt>
    <trkpt lat="45.69955078884959" lon="15.34431285224855">
        <ele>420.4</ele>
        <time>2020-06-24T08:47:59.026Z</time>
    </trkpt>
    <trkpt lat="45.69969923235476" lon="15.344412932172418">
        <ele>422.4</ele>
        <time>2020-06-24T08:48:06.026Z</time>
    </trkpt>
    <trkpt lat="45.699805431067944" lon="15.344341350719333">
        <ele>425.8</ele>
        <time>2020-06-24T08:48:11.026Z</time>
    </trkpt>
    <trkpt lat="45.69988187402487" lon="15.34421126358211">
        <ele>429.2</ele>
        <time>2020-06-24T08:48:16.026Z</time>
    </trkpt>
    <trkpt lat="45.70000072941184" lon="15.34416533075273">
        <ele>432.8</ele>
        <time>2020-06-24T08:48:21.026Z</time>
    </trkpt>
    <trkpt lat="45.70010952651501" lon="15.34419466741383">
        <ele>435.2</ele>
        <time>2020-06-24T08:48:26.026Z</time>
    </trkpt>
    <trkpt lat="45.70024061948061" lon="15.344260884448886">
        <ele>438.0</ele>
        <time>2020-06-24T08:48:32.026Z</time>
    </trkpt>
    <trkpt lat="45.70035821758211" lon="15.344358868896961">
        <ele>439.8</ele>
        <time>2020-06-24T08:48:38.026Z</time>
    </trkpt>
    <trkpt lat="45.70042787119746" lon="15.34446137957275">
        <ele>440.4</ele>
        <time>2020-06-24T08:48:43.026Z</time>
    </trkpt>
    <trkpt lat="45.700473887845874" lon="15.344520639628172">
        <ele>441.0</ele>
        <time>2020-06-24T08:48:46.026Z</time>
    </trkpt>
    <trkpt lat="45.70050045847893" lon="15.34456992521882">
        <ele>441.0</ele>
        <time>2020-06-24T08:48:48.026Z</time>
    </trkpt>
    <trkpt lat="45.70058746263385" lon="15.34471208229661">
        <ele>441.4</ele>
        <time>2020-06-24T08:48:53.026Z</time>
    </trkpt>
    <trkpt lat="45.70071176625788" lon="15.344858514145017">
        <ele>442.6</ele>
        <time>2020-06-24T08:49:00.026Z</time>
    </trkpt>
    <trkpt lat="45.70082785561681" lon="15.344955157488585">
        <ele>444.2</ele>
        <time>2020-06-24T08:49:06.026Z</time>
    </trkpt>
    <trkpt lat="45.70093288086355" lon="15.345071330666542">
        <ele>445.4</ele>
        <time>2020-06-24T08:49:12.026Z</time>
    </trkpt>
    <trkpt lat="45.701055927202106" lon="15.34520166926086">
        <ele>446.8</ele>
        <time>2020-06-24T08:49:18.026Z</time>
    </trkpt>
    <trkpt lat="45.70119213312864" lon="15.345339719206095">
        <ele>448.4</ele>
        <time>2020-06-24T08:49:24.026Z</time>
    </trkpt>
    <trkpt lat="45.70131526328623" lon="15.345455054193735">
        <ele>450.0</ele>
        <time>2020-06-24T08:49:30.026Z</time>
    </trkpt>
    <trkpt lat="45.701383743435144" lon="15.345511129125953">
        <ele>451.4</ele>
        <time>2020-06-24T08:49:34.026Z</time>
    </trkpt>
    <trkpt lat="45.70144761353731" lon="15.345552116632462">
        <ele>453.2</ele>
        <time>2020-06-24T08:49:38.026Z</time>
    </trkpt>
    <trkpt lat="45.7014637067914" lon="15.34556477330625">
        <ele>453.6</ele>
        <time>2020-06-24T08:49:39.026Z</time>
    </trkpt>
    <trkpt lat="45.70157962851226" lon="15.345627637580037">
        <ele>456.6</ele>
        <time>2020-06-24T08:49:45.026Z</time>
    </trkpt>
    <trkpt lat="45.70168884471059" lon="15.345680192112923">
        <ele>459.4</ele>
        <time>2020-06-24T08:49:50.026Z</time>
    </trkpt>
    <trkpt lat="45.70186343975365" lon="15.34571279771626">
        <ele>463.8</ele>
        <time>2020-06-24T08:49:57.026Z</time>
    </trkpt>
    <trkpt lat="45.7019420620054" lon="15.345705756917596">
        <ele>465.6</ele>
        <time>2020-06-24T08:50:01.026Z</time>
    </trkpt>
    <trkpt lat="45.70204675197601" lon="15.345703912898898">
        <ele>468.2</ele>
        <time>2020-06-24T08:50:07.026Z</time>
    </trkpt>
    <trkpt lat="45.70214088074863" lon="15.34575336612761">
        <ele>470.6</ele>
        <time>2020-06-24T08:50:12.026Z</time>
    </trkpt>
    <trkpt lat="45.70224682800472" lon="15.34578219987452">
        <ele>473.2</ele>
        <time>2020-06-24T08:50:18.026Z</time>
    </trkpt>
    <trkpt lat="45.70229577831924" lon="15.345781361684203">
        <ele>474.4</ele>
        <time>2020-06-24T08:50:21.026Z</time>
    </trkpt>
    <trkpt lat="45.7023342512548" lon="15.3457763325423">
        <ele>475.4</ele>
        <time>2020-06-24T08:50:23.026Z</time>
    </trkpt>
    <trkpt lat="45.70246182382107" lon="15.345770129933953">
        <ele>478.6</ele>
        <time>2020-06-24T08:50:29.026Z</time>
    </trkpt>
    <trkpt lat="45.70254094898701" lon="15.345749007537961">
        <ele>480.0</ele>
        <time>2020-06-24T08:50:34.026Z</time>
    </trkpt>
    <trkpt lat="45.702575985342264" lon="15.345742050558329">
        <ele>480.6</ele>
        <time>2020-06-24T08:50:36.026Z</time>
    </trkpt>
    <trkpt lat="45.702636670321226" lon="15.345741547644138">
        <ele>481.8</ele>
        <time>2020-06-24T08:50:39.026Z</time>
    </trkpt>
    <trkpt lat="45.702699" lon="15.345838">
        <ele>474.5</ele>
        <time>2020-06-24T08:50:42.589Z</time>
    </trkpt>
    <trkpt lat="45.702705" lon="15.345851">
        <ele>474.8</ele>
        <time>2020-06-24T08:50:43.011Z</time>
    </trkpt>
    <trkpt lat="45.702727" lon="15.346173">
        <ele>476.8</ele>
        <time>2020-06-24T08:50:51.784Z</time>
    </trkpt>
    <trkpt lat="45.702733" lon="15.346345">
        <ele>478.0</ele>
        <time>2020-06-24T08:50:56.454Z</time>
    </trkpt>
    <trkpt lat="45.702832" lon="15.3472">
        <ele>486.8</ele>
        <time>2020-06-24T08:51:19.955Z</time>
    </trkpt>
    <trkpt lat="45.702858" lon="15.347372">
        <ele>489.0</ele>
        <time>2020-06-24T08:51:24.727Z</time>
    </trkpt>
    <trkpt lat="45.702892" lon="15.347538">
        <ele>491.0</ele>
        <time>2020-06-24T08:51:29.418Z</time>
    </trkpt>
    <trkpt lat="45.702903" lon="15.347704">
        <ele>492.5</ele>
        <time>2020-06-24T08:51:33.939Z</time>
    </trkpt>
    <trkpt lat="45.702907" lon="15.34775">
        <ele>493.0</ele>
        <time>2020-06-24T08:51:35.196Z</time>
    </trkpt>
    <trkpt lat="45.702884" lon="15.347895">
        <ele>493.5</ele>
        <time>2020-06-24T08:51:39.228Z</time>
    </trkpt>
    <trkpt lat="45.702851" lon="15.348045">
        <ele>493.8</ele>
        <time>2020-06-24T08:51:43.492Z</time>
    </trkpt>
    <trkpt lat="45.702802" lon="15.348225">
        <ele>493.8</ele>
        <time>2020-06-24T08:51:48.730Z</time>
    </trkpt>
    <trkpt lat="45.702746" lon="15.348686">
        <ele>496.5</ele>
        <time>2020-06-24T08:52:01.418Z</time>
    </trkpt>
    <trkpt lat="45.70271" lon="15.348834">
        <ele>497.0</ele>
        <time>2020-06-24T08:52:05.667Z</time>
    </trkpt>
    <trkpt lat="45.702716" lon="15.348987">
        <ele>498.8</ele>
        <time>2020-06-24T08:52:09.822Z</time>
    </trkpt>
    <trkpt lat="45.70277941413224" lon="15.34914979711175">
        <ele>506.0</ele>
        <time>2020-06-24T08:52:14.876Z</time>
    </trkpt>
    <trkpt lat="45.70278637111187" lon="15.349180055782199">
        <ele>506.0</ele>
        <time>2020-06-24T08:52:15.876Z</time>
    </trkpt>
    <trkpt lat="45.702785" lon="15.349291">
        <ele>502.3</ele>
        <time>2020-06-24T08:52:18.833Z</time>
    </trkpt>
    <trkpt lat="45.702785" lon="15.349293">
        <ele>502.5</ele>
        <time>2020-06-24T08:52:18.886Z</time>
    </trkpt>
    <trkpt lat="45.702766" lon="15.349373">
        <ele>502.3</ele>
        <time>2020-06-24T08:52:21.137Z</time>
    </trkpt>
    <trkpt lat="45.702718" lon="15.349496">
        <ele>502.0</ele>
        <time>2020-06-24T08:52:24.892Z</time>
    </trkpt>
    <trkpt lat="45.702716" lon="15.349521">
        <ele>502.0</ele>
        <time>2020-06-24T08:52:25.562Z</time>
    </trkpt>
    <trkpt lat="45.702714" lon="15.34955">
        <ele>502.3</ele>
        <time>2020-06-24T08:52:26.338Z</time>
    </trkpt>
    <trkpt lat="45.702726" lon="15.349614">
        <ele>502.5</ele>
        <time>2020-06-24T08:52:28.104Z</time>
    </trkpt>
    <trkpt lat="45.702787" lon="15.349654">
        <ele>503.5</ele>
        <time>2020-06-24T08:52:30.408Z</time>
    </trkpt>
    <trkpt lat="45.702954" lon="15.349633">
        <ele>505.8</ele>
        <time>2020-06-24T08:52:36.167Z</time>
    </trkpt>
    <trkpt lat="45.702979" lon="15.349661">
        <ele>506.0</ele>
        <time>2020-06-24T08:52:37.257Z</time>
    </trkpt>
    <trkpt lat="45.703008" lon="15.349719">
        <ele>506.3</ele>
        <time>2020-06-24T08:52:38.968Z</time>
    </trkpt>
    <trkpt lat="45.703063" lon="15.349745">
        <ele>506.8</ele>
        <time>2020-06-24T08:52:40.957Z</time>
    </trkpt>
    <trkpt lat="45.703127" lon="15.349731">
        <ele>507.5</ele>
        <time>2020-06-24T08:52:43.181Z</time>
    </trkpt>
    <trkpt lat="45.703143" lon="15.349719">
        <ele>507.5</ele>
        <time>2020-06-24T08:52:43.786Z</time>
    </trkpt>
    <trkpt lat="45.70316" lon="15.349708">
        <ele>508.0</ele>
        <time>2020-06-24T08:52:44.411Z</time>
    </trkpt>
    <trkpt lat="45.703195" lon="15.34967">
        <ele>508.5</ele>
        <time>2020-06-24T08:52:45.883Z</time>
    </trkpt>
    <trkpt lat="45.70324" lon="15.349405">
        <ele>510.5</ele>
        <time>2020-06-24T08:52:52.265Z</time>
    </trkpt>
    <trkpt lat="45.703266" lon="15.349315">
        <ele>511.5</ele>
        <time>2020-06-24T08:52:54.544Z</time>
    </trkpt>
    <trkpt lat="45.703372" lon="15.349153">
        <ele>514.5</ele>
        <time>2020-06-24T08:52:59.739Z</time>
    </trkpt>
    <trkpt lat="45.70342" lon="15.348981">
        <ele>514.0</ele>
        <time>2020-06-24T08:53:04.074Z</time>
    </trkpt>
    <trkpt lat="45.703484" lon="15.348877">
        <ele>514.8</ele>
        <time>2020-06-24T08:53:07.466Z</time>
    </trkpt>
    <trkpt lat="45.703542" lon="15.348805">
        <ele>515.5</ele>
        <time>2020-06-24T08:53:10.155Z</time>
    </trkpt>
    <trkpt lat="45.703613" lon="15.348781">
        <ele>516.8</ele>
        <time>2020-06-24T08:53:12.711Z</time>
    </trkpt>
    <trkpt lat="45.703652" lon="15.348735">
        <ele>517.5</ele>
        <time>2020-06-24T08:53:14.481Z</time>
    </trkpt>
    <trkpt lat="45.703667" lon="15.348674">
        <ele>517.5</ele>
        <time>2020-06-24T08:53:16.088Z</time>
    </trkpt>
    <trkpt lat="45.7037" lon="15.348551">
        <ele>518.0</ele>
        <time>2020-06-24T08:53:19.363Z</time>
    </trkpt>
    <trkpt lat="45.703862" lon="15.348129">
        <ele>520.3</ele>
        <time>2020-06-24T08:53:31.333Z</time>
    </trkpt>
    <trkpt lat="45.703959" lon="15.347809">
        <ele>520.5</ele>
        <time>2020-06-24T08:53:40.004Z</time>
    </trkpt>
    <trkpt lat="45.704017" lon="15.347686">
        <ele>521.0</ele>
        <time>2020-06-24T08:53:43.693Z</time>
    </trkpt>
    <trkpt lat="45.704055" lon="15.34763">
        <ele>521.8</ele>
        <time>2020-06-24T08:53:45.846Z</time>
    </trkpt>
    <trkpt lat="45.704146" lon="15.34759">
        <ele>524.0</ele>
        <time>2020-06-24T08:53:49.604Z</time>
    </trkpt>
    <trkpt lat="45.704257" lon="15.347593">
        <ele>524.8</ele>
        <time>2020-06-24T08:53:53.987Z</time>
    </trkpt>
    <trkpt lat="45.704282" lon="15.347596">
        <ele>524.8</ele>
        <time>2020-06-24T08:53:55.315Z</time>
    </trkpt>
    <trkpt lat="45.704524" lon="15.347635">
        <ele>525.5</ele>
        <time>2020-06-24T08:54:08.214Z</time>
    </trkpt>
    <trkpt lat="45.70459" lon="15.347656">
        <ele>526.0</ele>
        <time>2020-06-24T08:54:11.795Z</time>
    </trkpt>
    <trkpt lat="45.704779" lon="15.347803">
        <ele>527.8</ele>
        <time>2020-06-24T08:54:23.187Z</time>
    </trkpt>
    <trkpt lat="45.704789" lon="15.347883">
        <ele>528.8</ele>
        <time>2020-06-24T08:54:26.193Z</time>
    </trkpt>
    <trkpt lat="45.704829" lon="15.348075">
        <ele>531.0</ele>
        <time>2020-06-24T08:54:33.604Z</time>
    </trkpt>
    <trkpt lat="45.704883" lon="15.348206">
        <ele>532.5</ele>
        <time>2020-06-24T08:54:39.231Z</time>
    </trkpt>
    <trkpt lat="45.704887211322784" lon="15.348259974271059">
        <ele>534.8</ele>
        <time>2020-06-24T08:54:41.240Z</time>
    </trkpt>
    <trkpt lat="45.704953847453" lon="15.348307332023978">
        <ele>535.0</ele>
        <time>2020-06-24T08:54:43.240Z</time>
    </trkpt>
    <trkpt lat="45.7050141133368" lon="15.348347146064043">
        <ele>535.2</ele>
        <time>2020-06-24T08:54:45.240Z</time>
    </trkpt>
    <trkpt lat="45.705119" lon="15.348424">
        <ele>534.3</ele>
        <time>2020-06-24T08:54:48.836Z</time>
    </trkpt>
    <trkpt lat="45.705232" lon="15.348509">
        <ele>534.0</ele>
        <time>2020-06-24T08:54:52.732Z</time>
    </trkpt>
    <trkpt lat="45.705163" lon="15.348629">
        <ele>533.5</ele>
        <time>2020-06-24T08:54:56.045Z</time>
    </trkpt>
    <trkpt lat="45.705108" lon="15.348727">
        <ele>533.5</ele>
        <time>2020-06-24T08:54:58.725Z</time>
    </trkpt>
    <trkpt lat="45.705017" lon="15.34882">
        <ele>533.3</ele>
        <time>2020-06-24T08:55:02.137Z</time>
    </trkpt>
    <trkpt lat="45.70495" lon="15.348843">
        <ele>532.5</ele>
        <time>2020-06-24T08:55:04.240Z</time>
    </trkpt>
    <trkpt lat="45.704867681488395" lon="15.34881267696619">
        <ele>532.8</ele>
        <time>2020-06-24T08:55:06.834Z</time>
    </trkpt>
    <trkpt lat="45.70473901927471" lon="15.348718212917447">
        <ele>532.6</ele>
        <time>2020-06-24T08:55:11.834Z</time>
    </trkpt>
    <trkpt lat="45.70465981028974" lon="15.348654678091407">
        <ele>532.4</ele>
        <time>2020-06-24T08:55:15.834Z</time>
    </trkpt>
    <trkpt lat="45.70459384471178" lon="15.348582677543163">
        <ele>532.2</ele>
        <time>2020-06-24T08:55:18.834Z</time>
    </trkpt>
    <trkpt lat="45.70466861128807" lon="15.348668759688735">
        <ele>532.4</ele>
        <time>2020-06-24T09:05:05.834Z</time>
    </trkpt>
    <trkpt lat="45.70476684719324" lon="15.348785435780883">
        <ele>532.4</ele>
        <time>2020-06-24T09:05:09.834Z</time>
    </trkpt>
    <trkpt lat="45.704823676496744" lon="15.348840337246656">
        <ele>532.6</ele>
        <time>2020-06-24T09:05:11.834Z</time>
    </trkpt>
    <trkpt lat="45.70488855242729" lon="15.348878307268023">
        <ele>532.8</ele>
        <time>2020-06-24T09:05:13.834Z</time>
    </trkpt>
    <trkpt lat="45.70499936118722" lon="15.348855592310429">
        <ele>533.4</ele>
        <time>2020-06-24T09:05:16.834Z</time>
    </trkpt>
    <trkpt lat="45.705218967050314" lon="15.348631292581558">
        <ele>535.2</ele>
        <time>2020-06-24T09:05:22.834Z</time>
    </trkpt>
    <trkpt lat="45.7052231580019" lon="15.348543617874384">
        <ele>535.4</ele>
        <time>2020-06-24T09:05:24.834Z</time>
    </trkpt>
    <trkpt lat="45.705216033384204" lon="15.348515789955854">
        <ele>535.6</ele>
        <time>2020-06-24T09:05:25.834Z</time>
    </trkpt>
    <trkpt lat="45.70508544333279" lon="15.348395006731153">
        <ele>535.4</ele>
        <time>2020-06-24T09:05:29.834Z</time>
    </trkpt>
    <trkpt lat="45.70499357767403" lon="15.348329711705446">
        <ele>535.2</ele>
        <time>2020-06-24T09:05:31.834Z</time>
    </trkpt>
    <trkpt lat="45.70495057851076" lon="15.348276235163212">
        <ele>535.2</ele>
        <time>2020-06-24T09:05:32.834Z</time>
    </trkpt>
    <trkpt lat="45.70491663180292" lon="15.348217310383916">
        <ele>535.2</ele>
        <time>2020-06-24T09:05:33.834Z</time>
    </trkpt>
    <trkpt lat="45.704871620982885" lon="15.348094096407294">
        <ele>535.0</ele>
        <time>2020-06-24T09:05:35.834Z</time>
    </trkpt>
    <trkpt lat="45.70485879667103" lon="15.348034836351871">
        <ele>534.8</ele>
        <time>2020-06-24T09:05:36.834Z</time>
    </trkpt>
    <trkpt lat="45.70484354160726" lon="15.347975241020322">
        <ele>534.6</ele>
        <time>2020-06-24T09:05:37.834Z</time>
    </trkpt>
    <trkpt lat="45.70478864014149" lon="15.347868539392948">
        <ele>533.6</ele>
        <time>2020-06-24T09:05:39.834Z</time>
    </trkpt>
    <trkpt lat="45.70464162155986" lon="15.347775416448712">
        <ele>532.6</ele>
        <time>2020-06-24T09:05:43.834Z</time>
    </trkpt>
    <trkpt lat="45.704510528594255" lon="15.347713474184275">
        <ele>531.6</ele>
        <time>2020-06-24T09:05:46.834Z</time>
    </trkpt>
    <trkpt lat="45.704422099515796" lon="15.347678270190954">
        <ele>531.2</ele>
        <time>2020-06-24T09:05:48.834Z</time>
    </trkpt>
    <trkpt lat="45.70423845201731" lon="15.347641222178936">
        <ele>529.8</ele>
        <time>2020-06-24T09:05:52.834Z</time>
    </trkpt>
    <trkpt lat="45.704168966040015" lon="15.34762873314321">
        <ele>529.4</ele>
        <time>2020-06-24T09:05:54.834Z</time>
    </trkpt>
    <trkpt lat="45.70413434877992" lon="15.347660081461072">
        <ele>529.4</ele>
        <time>2020-06-24T09:05:55.834Z</time>
    </trkpt>
    <trkpt lat="45.70410316810012" lon="15.347717246040702">
        <ele>529.6</ele>
        <time>2020-06-24T09:05:56.834Z</time>
    </trkpt>
    <trkpt lat="45.70402504876256" lon="15.347932074218988">
        <ele>530.6</ele>
        <time>2020-06-24T09:05:59.834Z</time>
    </trkpt>
    <trkpt lat="45.703980289399624" lon="15.348114464432001">
        <ele>530.2</ele>
        <time>2020-06-24T09:06:02.834Z</time>
    </trkpt>
    <trkpt lat="45.703956400975585" lon="15.348175736144185">
        <ele>529.8</ele>
        <time>2020-06-24T09:06:03.834Z</time>
    </trkpt>
    <trkpt lat="45.703857075423" lon="15.348373046144843">
        <ele>528.2</ele>
        <time>2020-06-24T09:06:06.834Z</time>
    </trkpt>
    <trkpt lat="45.70380619727075" lon="15.348522746935487">
        <ele>526.4</ele>
        <time>2020-06-24T09:06:08.834Z</time>
    </trkpt>
    <trkpt lat="45.703746769577265" lon="15.348665826022625">
        <ele>524.4</ele>
        <time>2020-06-24T09:06:10.834Z</time>
    </trkpt>
    <trkpt lat="45.7037016749382" lon="15.348717626184225">
        <ele>523.8</ele>
        <time>2020-06-24T09:06:11.834Z</time>
    </trkpt>
    <trkpt lat="45.70359019562602" lon="15.348818292841315">
        <ele>522.4</ele>
        <time>2020-06-24T09:06:13.834Z</time>
    </trkpt>
    <trkpt lat="45.703508304432034" lon="15.348957935348153">
        <ele>518.0</ele>
        <time>2020-06-24T09:06:15.834Z</time>
    </trkpt>
    <trkpt lat="45.70341995917261" lon="15.34912096336484">
        <ele>512.8</ele>
        <time>2020-06-24T09:06:17.834Z</time>
    </trkpt>
    <trkpt lat="45.70337117649615" lon="15.34919086843729">
        <ele>511.2</ele>
        <time>2020-06-24T09:06:18.834Z</time>
    </trkpt>
    <trkpt lat="45.703329434618354" lon="15.349264293909073">
        <ele>510.8</ele>
        <time>2020-06-24T09:06:19.834Z</time>
    </trkpt>
    <trkpt lat="45.7032788079232" lon="15.349439308047295">
        <ele>509.4</ele>
        <time>2020-06-24T09:06:21.834Z</time>
    </trkpt>
    <trkpt lat="45.703249387443066" lon="15.349590769037604">
        <ele>508.4</ele>
        <time>2020-06-24T09:06:23.834Z</time>
    </trkpt>
    <trkpt lat="45.70322918705642" lon="15.349646676331758">
        <ele>507.8</ele>
        <time>2020-06-24T09:06:24.834Z</time>
    </trkpt>
    <trkpt lat="45.70319968275726" lon="15.349695039913058">
        <ele>506.4</ele>
        <time>2020-06-24T09:06:25.834Z</time>
    </trkpt>
    <trkpt lat="45.70311913266778" lon="15.349693782627583">
        <ele>506.6</ele>
        <time>2020-06-24T09:06:27.834Z</time>
    </trkpt>
    <trkpt lat="45.70307697169483" lon="15.349662685766816">
        <ele>507.4</ele>
        <time>2020-06-24T09:06:28.834Z</time>
    </trkpt>
    <trkpt lat="45.70296708494425" lon="15.349631672725081">
        <ele>507.6</ele>
        <time>2020-06-24T09:06:30.834Z</time>
    </trkpt>
    <trkpt lat="45.702862394973636" lon="15.349653465673327">
        <ele>506.8</ele>
        <time>2020-06-24T09:06:32.834Z</time>
    </trkpt>
    <trkpt lat="45.70282048545778" lon="15.349650364369154">
        <ele>506.6</ele>
        <time>2020-06-24T09:06:33.834Z</time>
    </trkpt>
    <trkpt lat="45.70279366336763" lon="15.349617004394531">
        <ele>506.4</ele>
        <time>2020-06-24T09:06:34.834Z</time>
    </trkpt>
    <trkpt lat="45.70278628729284" lon="15.349549362435937">
        <ele>505.8</ele>
        <time>2020-06-24T09:06:35.834Z</time>
    </trkpt>
    <trkpt lat="45.70278888568282" lon="15.349473422393203">
        <ele>505.2</ele>
        <time>2020-06-24T09:06:36.834Z</time>
    </trkpt>
    <trkpt lat="45.702815456315875" lon="15.349285751581192">
        <ele>505.8</ele>
        <time>2020-06-24T09:06:38.834Z</time>
    </trkpt>
    <trkpt lat="45.70278394035995" lon="15.349015016108751">
        <ele>507.2</ele>
        <time>2020-06-24T09:06:41.834Z</time>
    </trkpt>
    <trkpt lat="45.70280791260302" lon="15.348776718601584">
        <ele>508.8</ele>
        <time>2020-06-24T09:06:43.834Z</time>
    </trkpt>
    <trkpt lat="45.70283004082739" lon="15.348666748031974">
        <ele>508.0</ele>
        <time>2020-06-24T09:06:44.834Z</time>
    </trkpt>
    <trkpt lat="45.70283909328282" lon="15.348556526005268">
        <ele>507.2</ele>
        <time>2020-06-24T09:06:45.834Z</time>
    </trkpt>
    <trkpt lat="45.702851079404354" lon="15.348346643149853">
        <ele>506.0</ele>
        <time>2020-06-24T09:06:47.834Z</time>
    </trkpt>
    <trkpt lat="45.70295409299433" lon="15.347949927672744">
        <ele>505.8</ele>
        <time>2020-06-24T09:06:51.834Z</time>
    </trkpt>
    <trkpt lat="45.70296658203006" lon="15.347707271575928">
        <ele>504.2</ele>
        <time>2020-06-24T09:06:53.834Z</time>
    </trkpt>
    <trkpt lat="45.7029471360147" lon="15.347558744251728">
        <ele>502.6</ele>
        <time>2020-06-24T09:06:54.834Z</time>
    </trkpt>
    <trkpt lat="45.70291796699166" lon="15.347402254119515">
        <ele>500.6</ele>
        <time>2020-06-24T09:06:55.834Z</time>
    </trkpt>
    <trkpt lat="45.70285904221237" lon="15.347070749849081">
        <ele>496.4</ele>
        <time>2020-06-24T09:06:57.834Z</time>
    </trkpt>
    <trkpt lat="45.70278234779835" lon="15.346479155123234">
        <ele>489.8</ele>
        <time>2020-06-24T09:07:01.834Z</time>
    </trkpt>
    <trkpt lat="45.70273892953992" lon="15.346030220389366">
        <ele>486.6</ele>
        <time>2020-06-24T09:07:05.834Z</time>
    </trkpt>
    <trkpt lat="45.702702132984996" lon="15.34585545770824">
        <ele>484.2</ele>
        <time>2020-06-24T09:07:07.834Z</time>
    </trkpt>
    <trkpt lat="45.70262309163809" lon="15.345756886526942">
        <ele>481.6</ele>
        <time>2020-06-24T09:07:09.834Z</time>
    </trkpt>
    <trkpt lat="45.70244547910988" lon="15.345773734152317">
        <ele>478.2</ele>
        <time>2020-06-24T09:07:12.834Z</time>
    </trkpt>
    <trkpt lat="45.70225722156465" lon="15.34578270278871">
        <ele>473.6</ele>
        <time>2020-06-24T09:07:14.834Z</time>
    </trkpt>
    <trkpt lat="45.702150855213404" lon="15.345766693353653">
        <ele>470.8</ele>
        <time>2020-06-24T09:07:15.834Z</time>
    </trkpt>
    <trkpt lat="45.70193041115999" lon="15.34571724012494">
        <ele>465.4</ele>
        <time>2020-06-24T09:07:17.834Z</time>
    </trkpt>
    <trkpt lat="45.70181591436267" lon="15.345711875706911">
        <ele>462.6</ele>
        <time>2020-06-24T09:07:18.834Z</time>
    </trkpt>
    <trkpt lat="45.70171189494431" lon="15.345693686977029">
        <ele>460.0</ele>
        <time>2020-06-24T09:07:19.834Z</time>
    </trkpt>
    <trkpt lat="45.70152095519006" lon="15.345601318404078">
        <ele>455.2</ele>
        <time>2020-06-24T09:07:21.834Z</time>
    </trkpt>
    <trkpt lat="45.70132238790393" lon="15.345479110255837">
        <ele>450.0</ele>
        <time>2020-06-24T09:07:23.834Z</time>
    </trkpt>
    <trkpt lat="45.70112926885486" lon="15.345282051712275">
        <ele>447.6</ele>
        <time>2020-06-24T09:07:25.834Z</time>
    </trkpt>
    <trkpt lat="45.70063054561615" lon="15.344760278239846">
        <ele>441.8</ele>
        <time>2020-06-24T09:07:30.834Z</time>
    </trkpt>
    <trkpt lat="45.70039258338511" lon="15.344422738999128">
        <ele>440.0</ele>
        <time>2020-06-24T09:07:33.834Z</time>
    </trkpt>
    <trkpt lat="45.70031823590398" lon="15.344337159767747">
        <ele>439.0</ele>
        <time>2020-06-24T09:07:34.834Z</time>
    </trkpt>
    <trkpt lat="45.70015696808696" lon="15.344205144792795">
        <ele>436.4</ele>
        <time>2020-06-24T09:07:36.834Z</time>
    </trkpt>
    <trkpt lat="45.70001699030399" lon="15.344136413186789">
        <ele>433.4</ele>
        <time>2020-06-24T09:07:38.834Z</time>
    </trkpt>
    <trkpt lat="45.699949180707335" lon="15.344133479520679">
        <ele>431.8</ele>
        <time>2020-06-24T09:07:39.834Z</time>
    </trkpt>
    <trkpt lat="45.699880784377456" lon="15.344166085124016">
        <ele>429.6</ele>
        <time>2020-06-24T09:07:40.834Z</time>
    </trkpt>
    <trkpt lat="45.69982378743589" lon="15.344233307987452">
        <ele>427.6</ele>
        <time>2020-06-24T09:07:41.834Z</time>
    </trkpt>
    <trkpt lat="45.6997249647975" lon="15.34438082948327">
        <ele>423.4</ele>
        <time>2020-06-24T09:07:43.834Z</time>
    </trkpt>
    <trkpt lat="45.69966050796211" lon="15.344409998506308">
        <ele>421.6</ele>
        <time>2020-06-24T09:07:44.834Z</time>
    </trkpt>
    <trkpt lat="45.69959311746061" lon="15.344384852796793">
        <ele>420.6</ele>
        <time>2020-06-24T09:07:45.834Z</time>
    </trkpt>
    <trkpt lat="45.69953226484358" lon="15.344312600791454">
        <ele>420.2</ele>
        <time>2020-06-24T09:07:46.834Z</time>
    </trkpt>
    <trkpt lat="45.69935280829668" lon="15.344033651053905">
        <ele>419.4</ele>
        <time>2020-06-24T09:07:49.834Z</time>
    </trkpt>
    <trkpt lat="45.69927611388266" lon="15.343953855335712">
        <ele>418.8</ele>
        <time>2020-06-24T09:07:50.834Z</time>
    </trkpt>
    <trkpt lat="45.699086263775826" lon="15.343728298321366">
        <ele>416.2</ele>
        <time>2020-06-24T09:07:53.834Z</time>
    </trkpt>
    <trkpt lat="45.69903161376715" lon="15.343648921698332">
        <ele>415.0</ele>
        <time>2020-06-24T09:07:54.834Z</time>
    </trkpt>
    <trkpt lat="45.698975790292025" lon="15.343584632501006">
        <ele>413.6</ele>
        <time>2020-06-24T09:07:55.834Z</time>
    </trkpt>
    <trkpt lat="45.69884846918285" lon="15.343566946685314">
        <ele>411.2</ele>
        <time>2020-06-24T09:07:57.834Z</time>
    </trkpt>
    <trkpt lat="45.698752077296376" lon="15.34371136687696">
        <ele>410.0</ele>
        <time>2020-06-24T09:07:59.834Z</time>
    </trkpt>
    <trkpt lat="45.69871016778052" lon="15.343798454850912">
        <ele>409.2</ele>
        <time>2020-06-24T09:08:00.834Z</time>
    </trkpt>
    <trkpt lat="45.69847237318754" lon="15.344273457303643">
        <ele>401.8</ele>
        <time>2020-06-24T09:08:05.834Z</time>
    </trkpt>
    <trkpt lat="45.69821714423597" lon="15.344525249674916">
        <ele>399.0</ele>
        <time>2020-06-24T09:08:08.834Z</time>
    </trkpt>
    <trkpt lat="45.69813651032746" lon="15.34462658688426">
        <ele>398.2</ele>
        <time>2020-06-24T09:08:09.834Z</time>
    </trkpt>
    <trkpt lat="45.69803332909942" lon="15.34487385302782">
        <ele>397.6</ele>
        <time>2020-06-24T09:08:11.834Z</time>
    </trkpt>
    <trkpt lat="45.69792218506336" lon="15.345379281789064">
        <ele>397.8</ele>
        <time>2020-06-24T09:08:15.834Z</time>
    </trkpt>
    <trkpt lat="45.69780056364834" lon="15.345767447724938">
        <ele>401.2</ele>
        <time>2020-06-24T09:08:19.834Z</time>
    </trkpt>
    <trkpt lat="45.69776904769242" lon="15.345846321433783">
        <ele>401.8</ele>
        <time>2020-06-24T09:08:20.834Z</time>
    </trkpt>
    <trkpt lat="45.697685312479734" lon="15.345974564552307">
        <ele>402.8</ele>
        <time>2020-06-24T09:08:22.834Z</time>
    </trkpt>
    <trkpt lat="45.69763510487974" lon="15.346029046922922">
        <ele>403.0</ele>
        <time>2020-06-24T09:08:23.834Z</time>
    </trkpt>
    <trkpt lat="45.697578862309456" lon="15.346073051914573">
        <ele>403.0</ele>
        <time>2020-06-24T09:08:24.834Z</time>
    </trkpt>
    <trkpt lat="45.69747216068208" lon="15.34615888260305">
        <ele>402.8</ele>
        <time>2020-06-24T09:08:26.834Z</time>
    </trkpt>
    <trkpt lat="45.6973675545305" lon="15.346260471269488">
        <ele>403.0</ele>
        <time>2020-06-24T09:08:28.834Z</time>
    </trkpt>
    <trkpt lat="45.69731282070279" lon="15.346311097964644">
        <ele>403.0</ele>
        <time>2020-06-24T09:08:29.834Z</time>
    </trkpt>
    <trkpt lat="45.69718960672617" lon="15.346349319443107">
        <ele>402.0</ele>
        <time>2020-06-24T09:08:31.834Z</time>
    </trkpt>
    <trkpt lat="45.69700051099062" lon="15.346236750483513">
        <ele>398.6</ele>
        <time>2020-06-24T09:08:34.834Z</time>
    </trkpt>
    <trkpt lat="45.69686715491116" lon="15.34626885317266">
        <ele>397.0</ele>
        <time>2020-06-24T09:08:36.834Z</time>
    </trkpt>
    <trkpt lat="45.69679" lon="15.346427">
        <ele>389.8</ele>
        <time>2020-06-24T09:08:38.285Z</time>
    </trkpt>
    <trkpt lat="45.696787" lon="15.346506">
        <ele>390.5</ele>
        <time>2020-06-24T09:08:38.880Z</time>
    </trkpt>
    <trkpt lat="45.6968" lon="15.346608">
        <ele>391.3</ele>
        <time>2020-06-24T09:08:39.660Z</time>
    </trkpt>
    <trkpt lat="45.696828" lon="15.346752">
        <ele>392.3</ele>
        <time>2020-06-24T09:08:40.784Z</time>
    </trkpt>
    <trkpt lat="45.69683" lon="15.346833">
        <ele>392.3</ele>
        <time>2020-06-24T09:08:41.393Z</time>
    </trkpt>
    <trkpt lat="45.696815" lon="15.346938">
        <ele>392.3</ele>
        <time>2020-06-24T09:08:42.199Z</time>
    </trkpt>
    <trkpt lat="45.696787" lon="15.347015">
        <ele>391.8</ele>
        <time>2020-06-24T09:08:42.852Z</time>
    </trkpt>
    <trkpt lat="45.696761" lon="15.347048">
        <ele>391.3</ele>
        <time>2020-06-24T09:08:43.226Z</time>
    </trkpt>
    <trkpt lat="45.696678" lon="15.34716">
        <ele>390.0</ele>
        <time>2020-06-24T09:08:44.454Z</time>
    </trkpt>
    <trkpt lat="45.696646" lon="15.347235">
        <ele>389.5</ele>
        <time>2020-06-24T09:08:45.115Z</time>
    </trkpt>
    <trkpt lat="45.69662" lon="15.347359">
        <ele>389.3</ele>
        <time>2020-06-24T09:08:46.089Z</time>
    </trkpt>
    <trkpt lat="45.696566" lon="15.34789">
        <ele>387.0</ele>
        <time>2020-06-24T09:08:50.126Z</time>
    </trkpt>
    <trkpt lat="45.69653" lon="15.34801">
        <ele>386.0</ele>
        <time>2020-06-24T09:08:51.108Z</time>
    </trkpt>
    <trkpt lat="45.696459794417024" lon="15.348158134147525">
        <ele>389.6</ele>
        <time>2020-06-24T09:08:52.455Z</time>
    </trkpt>
    <trkpt lat="45.69631805643439" lon="15.348424846306443">
        <ele>386.8</ele>
        <time>2020-06-24T09:08:54.455Z</time>
    </trkpt>
    <trkpt lat="45.69605930708349" lon="15.348935639485717">
        <ele>384.6</ele>
        <time>2020-06-24T09:08:58.455Z</time>
    </trkpt>
    <trkpt lat="45.6959343329072" lon="15.349143091589212">
        <ele>383.0</ele>
        <time>2020-06-24T09:09:00.455Z</time>
    </trkpt>
    <trkpt lat="45.69588605314493" lon="15.349255492910743">
        <ele>382.8</ele>
        <time>2020-06-24T09:09:01.455Z</time>
    </trkpt>
    <trkpt lat="45.69583064876497" lon="15.349351381883025">
        <ele>382.8</ele>
        <time>2020-06-24T09:09:02.455Z</time>
    </trkpt>
    <trkpt lat="45.69571095518768" lon="15.349477445706725">
        <ele>382.4</ele>
        <time>2020-06-24T09:09:04.455Z</time>
    </trkpt>
    <trkpt lat="45.69561121053994" lon="15.349564952775836">
        <ele>382.2</ele>
        <time>2020-06-24T09:09:06.455Z</time>
    </trkpt>
    <trkpt lat="45.69553644396365" lon="15.349656315520406">
        <ele>382.0</ele>
        <time>2020-06-24T09:09:08.455Z</time>
    </trkpt>
    <trkpt lat="45.69550744257867" lon="15.349701242521405">
        <ele>382.2</ele>
        <time>2020-06-24T09:09:09.455Z</time>
    </trkpt>
    <trkpt lat="45.69540317170322" lon="15.349766621366143">
        <ele>382.4</ele>
        <time>2020-06-24T09:09:12.455Z</time>
    </trkpt>
    <trkpt lat="45.69514383561909" lon="15.349810542538762">
        <ele>382.6</ele>
        <time>2020-06-24T09:09:19.455Z</time>
    </trkpt>
    <trkpt lat="45.695099495351315" lon="15.349800065159798">
        <ele>382.8</ele>
        <time>2020-06-24T09:09:20.455Z</time>
    </trkpt>
    <trkpt lat="45.69501919671893" lon="15.3497567307204">
        <ele>382.8</ele>
        <time>2020-06-24T09:09:22.455Z</time>
    </trkpt>
    <trkpt lat="45.6949464417994" lon="15.349687077105045">
        <ele>382.8</ele>
        <time>2020-06-24T09:09:24.455Z</time>
    </trkpt>
    <trkpt lat="45.694769248366356" lon="15.349469985812902">
        <ele>383.2</ele>
        <time>2020-06-24T09:09:30.455Z</time>
    </trkpt>
    <trkpt lat="45.694599682465196" lon="15.349287427961826">
        <ele>383.4</ele>
        <time>2020-06-24T09:09:36.455Z</time>
    </trkpt>
    <trkpt lat="45.69456573575735" lon="15.349259097129107">
        <ele>383.2</ele>
        <time>2020-06-24T09:09:37.455Z</time>
    </trkpt>
    <trkpt lat="45.69447973743081" lon="15.349223893135786">
        <ele>383.2</ele>
        <time>2020-06-24T09:09:39.455Z</time>
    </trkpt>
    <trkpt lat="45.69442651234567" lon="15.349222384393215">
        <ele>383.2</ele>
        <time>2020-06-24T09:09:40.455Z</time>
    </trkpt>
    <trkpt lat="45.69436683319509" lon="15.349236885085702">
        <ele>383.0</ele>
        <time>2020-06-24T09:09:41.455Z</time>
    </trkpt>
    <trkpt lat="45.694221993908286" lon="15.349267730489373">
        <ele>382.4</ele>
        <time>2020-06-24T09:09:43.455Z</time>
    </trkpt>
    <trkpt lat="45.69407220929861" lon="15.349182737991214">
        <ele>382.0</ele>
        <time>2020-06-24T09:09:45.455Z</time>
    </trkpt>
    <trkpt lat="45.69396953098476" lon="15.349010489881039">
        <ele>382.4</ele>
        <time>2020-06-24T09:09:47.455Z</time>
    </trkpt>
    <trkpt lat="45.6939432118088" lon="15.3489123377949">
        <ele>382.8</ele>
        <time>2020-06-24T09:09:48.455Z</time>
    </trkpt>
    <trkpt lat="45.6938932556659" lon="15.348748471587896">
        <ele>383.2</ele>
        <time>2020-06-24T09:09:50.455Z</time>
    </trkpt>
    <trkpt lat="45.6938448920846" lon="15.348680326715112">
        <ele>383.4</ele>
        <time>2020-06-24T09:09:51.455Z</time>
    </trkpt>
    <trkpt lat="45.69354725070298" lon="15.348336501047015">
        <ele>382.4</ele>
        <time>2020-06-24T09:09:56.455Z</time>
    </trkpt>
    <trkpt lat="45.69340383633971" lon="15.348300710320473">
        <ele>381.6</ele>
        <time>2020-06-24T09:09:58.455Z</time>
    </trkpt>
    <trkpt lat="45.69325472228229" lon="15.348289394751191">
        <ele>380.4</ele>
        <time>2020-06-24T09:10:00.455Z</time>
    </trkpt>
    <trkpt lat="45.693134274333715" lon="15.348211359232664">
        <ele>379.8</ele>
        <time>2020-06-24T09:10:02.455Z</time>
    </trkpt>
    <trkpt lat="45.69303587079048" lon="15.348110441118479">
        <ele>379.6</ele>
        <time>2020-06-24T09:10:04.455Z</time>
    </trkpt>
    <trkpt lat="45.692973509430885" lon="15.34809677861631">
        <ele>379.4</ele>
        <time>2020-06-24T09:10:05.455Z</time>
    </trkpt>
    <trkpt lat="45.692906538024545" lon="15.348128210753202">
        <ele>379.0</ele>
        <time>2020-06-24T09:10:06.455Z</time>
    </trkpt>
    <trkpt lat="45.69284526631236" lon="15.348187386989594">
        <ele>378.6</ele>
        <time>2020-06-24T09:10:07.455Z</time>
    </trkpt>
    <trkpt lat="45.692785922437906" lon="15.348255280405283">
        <ele>378.2</ele>
        <time>2020-06-24T09:10:08.455Z</time>
    </trkpt>
    <trkpt lat="45.692682825028896" lon="15.34844228066504">
        <ele>377.0</ele>
        <time>2020-06-24T09:10:10.455Z</time>
    </trkpt>
    <trkpt lat="45.69261032156646" lon="15.348699521273375">
        <ele>376.6</ele>
        <time>2020-06-24T09:10:12.455Z</time>
    </trkpt>
    <trkpt lat="45.69255449809134" lon="15.348815275356174">
        <ele>376.4</ele>
        <time>2020-06-24T09:10:13.455Z</time>
    </trkpt>
    <trkpt lat="45.69247738458216" lon="15.348898926749825">
        <ele>376.2</ele>
        <time>2020-06-24T09:10:14.455Z</time>
    </trkpt>
    <trkpt lat="45.69238702766597" lon="15.348947290331125">
        <ele>376.0</ele>
        <time>2020-06-24T09:10:15.455Z</time>
    </trkpt>
    <trkpt lat="45.69229834713042" lon="15.348953325301409">
        <ele>376.2</ele>
        <time>2020-06-24T09:10:16.455Z</time>
    </trkpt>
    <trkpt lat="45.69222173653543" lon="15.348928682506084">
        <ele>376.2</ele>
        <time>2020-06-24T09:10:17.455Z</time>
    </trkpt>
    <trkpt lat="45.692099276930094" lon="15.34888450987637">
        <ele>377.4</ele>
        <time>2020-06-24T09:10:19.455Z</time>
    </trkpt>
    <trkpt lat="45.69205074571073" lon="15.348873194307089">
        <ele>378.0</ele>
        <time>2020-06-24T09:10:20.455Z</time>
    </trkpt>
    <trkpt lat="45.69181974045932" lon="15.348867494612932">
        <ele>380.6</ele>
        <time>2020-06-24T09:10:26.455Z</time>
    </trkpt>
    <trkpt lat="45.691578006371856" lon="15.348950307816267">
        <ele>383.8</ele>
        <time>2020-06-24T09:10:34.455Z</time>
    </trkpt>
    <trkpt lat="45.691310623660684" lon="15.349008645862341">
        <ele>387.2</ele>
        <time>2020-06-24T09:10:43.455Z</time>
    </trkpt>
    <trkpt lat="45.69106176495552" lon="15.348947960883379">
        <ele>389.0</ele>
        <time>2020-06-24T09:10:51.455Z</time>
    </trkpt>
    <trkpt lat="45.69088323041797" lon="15.34889129921794">
        <ele>390.4</ele>
        <time>2020-06-24T09:10:56.455Z</time>
    </trkpt>
    <trkpt lat="45.69084132090211" lon="15.348885180428624">
        <ele>390.6</ele>
        <time>2020-06-24T09:10:57.455Z</time>
    </trkpt>
    <trkpt lat="45.69064116105437" lon="15.348865985870361">
        <ele>392.2</ele>
        <time>2020-06-24T09:11:02.455Z</time>
    </trkpt>
    <trkpt lat="45.69033371284604" lon="15.34874570555985">
        <ele>394.2</ele>
        <time>2020-06-24T09:11:10.455Z</time>
    </trkpt>
    <trkpt lat="45.690048560500145" lon="15.348635902628303">
        <ele>396.0</ele>
        <time>2020-06-24T09:11:17.455Z</time>
    </trkpt>
    <trkpt lat="45.68985971622169" lon="15.348637495189905">
        <ele>397.4</ele>
        <time>2020-06-24T09:11:22.455Z</time>
    </trkpt>
    <trkpt lat="45.68972384557128" lon="15.348587203770876">
        <ele>398.2</ele>
        <time>2020-06-24T09:11:26.455Z</time>
    </trkpt>
    <trkpt lat="45.689535" lon="15.348343">
        <ele>399.0</ele>
        <time>2020-06-24T09:11:32.402Z</time>
    </trkpt>
    <trkpt lat="45.689508" lon="15.348311">
        <ele>399.3</ele>
        <time>2020-06-24T09:11:33.221Z</time>
    </trkpt>
    <trkpt lat="45.689441" lon="15.34826">
        <ele>399.3</ele>
        <time>2020-06-24T09:11:34.994Z</time>
    </trkpt>
    <trkpt lat="45.689381" lon="15.348244">
        <ele>399.5</ele>
        <time>2020-06-24T09:11:36.420Z</time>
    </trkpt>
    <trkpt lat="45.689293" lon="15.348254">
        <ele>400.0</ele>
        <time>2020-06-24T09:11:38.483Z</time>
    </trkpt>
    <trkpt lat="45.689203" lon="15.348195">
        <ele>400.0</ele>
        <time>2020-06-24T09:11:40.796Z</time>
    </trkpt>
    <trkpt lat="45.689159" lon="15.348171">
        <ele>400.0</ele>
        <time>2020-06-24T09:11:41.896Z</time>
    </trkpt>
    <trkpt lat="45.689158" lon="15.348171">
        <ele>400.0</ele>
        <time>2020-06-24T09:11:41.919Z</time>
    </trkpt>
    <trkpt lat="45.68907" lon="15.348163">
        <ele>399.0</ele>
        <time>2020-06-24T09:11:43.979Z</time>
    </trkpt>
    <trkpt lat="45.689041" lon="15.34817">
        <ele>398.8</ele>
        <time>2020-06-24T09:11:44.666Z</time>
    </trkpt>
    <trkpt lat="45.688989" lon="15.348182">
        <ele>398.3</ele>
        <time>2020-06-24T09:11:45.897Z</time>
    </trkpt>
    <trkpt lat="45.688976" lon="15.348189">
        <ele>398.0</ele>
        <time>2020-06-24T09:11:46.221Z</time>
    </trkpt>
    <trkpt lat="45.68890057504177" lon="15.348275732249022">
        <ele>401.8</ele>
        <time>2020-06-24T09:11:48.482Z</time>
    </trkpt>
    <trkpt lat="45.68886226974428" lon="15.348319737240672">
        <ele>402.2</ele>
        <time>2020-06-24T09:11:49.482Z</time>
    </trkpt>
    <trkpt lat="45.68882144987583" lon="15.348362317308784">
        <ele>402.0</ele>
        <time>2020-06-24T09:11:50.482Z</time>
    </trkpt>
    <trkpt lat="45.688671" lon="15.348512">
        <ele>395.8</ele>
        <time>2020-06-24T09:11:53.185Z</time>
    </trkpt>
    <trkpt lat="45.688657" lon="15.348531">
        <ele>395.8</ele>
        <time>2020-06-24T09:11:53.469Z</time>
    </trkpt>
    <trkpt lat="45.688637" lon="15.348558">
        <ele>395.5</ele>
        <time>2020-06-24T09:11:53.874Z</time>
    </trkpt>
    <trkpt lat="45.688594" lon="15.348646">
        <ele>395.3</ele>
        <time>2020-06-24T09:11:54.980Z</time>
    </trkpt>
    <trkpt lat="45.68854" lon="15.348783">
        <ele>395.0</ele>
        <time>2020-06-24T09:11:56.601Z</time>
    </trkpt>
    <trkpt lat="45.688496" lon="15.348917">
        <ele>394.5</ele>
        <time>2020-06-24T09:11:58.127Z</time>
    </trkpt>
    <trkpt lat="45.688472" lon="15.348924">
        <ele>394.0</ele>
        <time>2020-06-24T09:11:58.488Z</time>
    </trkpt>
    <trkpt lat="45.688456" lon="15.348929">
        <ele>394.0</ele>
        <time>2020-06-24T09:11:58.729Z</time>
    </trkpt>
    <trkpt lat="45.688427" lon="15.348976">
        <ele>393.8</ele>
        <time>2020-06-24T09:11:59.375Z</time>
    </trkpt>
    <trkpt lat="45.688406" lon="15.349047">
        <ele>393.8</ele>
        <time>2020-06-24T09:12:00.169Z</time>
    </trkpt>
    <trkpt lat="45.688396" lon="15.349447">
        <ele>393.3</ele>
        <time>2020-06-24T09:12:04.294Z</time>
    </trkpt>
    <trkpt lat="45.688384" lon="15.349521">
        <ele>392.8</ele>
        <time>2020-06-24T09:12:05.077Z</time>
    </trkpt>
    <trkpt lat="45.68837469443679" lon="15.34960518591106">
        <ele>394.2</ele>
        <time>2020-06-24T09:12:05.955Z</time>
    </trkpt>
    <trkpt lat="45.68828442133963" lon="15.349683472886682">
        <ele>393.0</ele>
        <time>2020-06-24T09:12:07.955Z</time>
    </trkpt>
    <trkpt lat="45.68819439969957" lon="15.349586997181177">
        <ele>393.0</ele>
        <time>2020-06-24T09:12:09.955Z</time>
    </trkpt>
    <trkpt lat="45.68811426870525" lon="15.349327325820923">
        <ele>392.8</ele>
        <time>2020-06-24T09:12:12.955Z</time>
    </trkpt>
    <trkpt lat="45.68807462230325" lon="15.349255157634616">
        <ele>392.8</ele>
        <time>2020-06-24T09:12:13.955Z</time>
    </trkpt>
    <trkpt lat="45.687971" lon="15.349134">
        <ele>388.5</ele>
        <time>2020-06-24T09:12:15.681Z</time>
    </trkpt>
    <trkpt lat="45.687958" lon="15.349112">
        <ele>388.5</ele>
        <time>2020-06-24T09:12:15.940Z</time>
    </trkpt>
    <trkpt lat="45.687913" lon="15.34898">
        <ele>387.5</ele>
        <time>2020-06-24T09:12:17.264Z</time>
    </trkpt>
    <trkpt lat="45.687856" lon="15.348988">
        <ele>387.0</ele>
        <time>2020-06-24T09:12:18.003Z</time>
    </trkpt>
    <trkpt lat="45.687828" lon="15.348983">
        <ele>386.5</ele>
        <time>2020-06-24T09:12:18.367Z</time>
    </trkpt>
    <trkpt lat="45.687709" lon="15.348923">
        <ele>384.8</ele>
        <time>2020-06-24T09:12:19.995Z</time>
    </trkpt>
    <trkpt lat="45.687579" lon="15.348871">
        <ele>382.8</ele>
        <time>2020-06-24T09:12:21.736Z</time>
    </trkpt>
    <trkpt lat="45.687361" lon="15.348604">
        <ele>378.3</ele>
        <time>2020-06-24T09:12:25.438Z</time>
    </trkpt>
    <trkpt lat="45.687344" lon="15.348586">
        <ele>377.8</ele>
        <time>2020-06-24T09:12:25.749Z</time>
    </trkpt>
    <trkpt lat="45.68731" lon="15.348551">
        <ele>377.3</ele>
        <time>2020-06-24T09:12:26.365Z</time>
    </trkpt>
    <trkpt lat="45.68727" lon="15.348529">
        <ele>376.8</ele>
        <time>2020-06-24T09:12:26.996Z</time>
    </trkpt>
    <trkpt lat="45.687193" lon="15.348529">
        <ele>376.0</ele>
        <time>2020-06-24T09:12:28.130Z</time>
    </trkpt>
    <trkpt lat="45.687086" lon="15.348551">
        <ele>374.8</ele>
        <time>2020-06-24T09:12:29.722Z</time>
    </trkpt>
    <trkpt lat="45.68702" lon="15.34854">
        <ele>374.0</ele>
        <time>2020-06-24T09:12:30.700Z</time>
    </trkpt>
    <trkpt lat="45.686894" lon="15.348477">
        <ele>372.8</ele>
        <time>2020-06-24T09:12:32.666Z</time>
    </trkpt>
    <trkpt lat="45.68668" lon="15.348434">
        <ele>370.8</ele>
        <time>2020-06-24T09:12:35.849Z</time>
    </trkpt>
    <trkpt lat="45.686498" lon="15.348313">
        <ele>369.0</ele>
        <time>2020-06-24T09:12:38.805Z</time>
    </trkpt>
    <trkpt lat="45.686462" lon="15.348262">
        <ele>368.3</ele>
        <time>2020-06-24T09:12:39.464Z</time>
    </trkpt>
    <trkpt lat="45.686411" lon="15.348187">
        <ele>367.8</ele>
        <time>2020-06-24T09:12:40.416Z</time>
    </trkpt>
    <trkpt lat="45.686392" lon="15.34814">
        <ele>367.5</ele>
        <time>2020-06-24T09:12:40.910Z</time>
    </trkpt>
    <trkpt lat="45.686276" lon="15.347747">
        <ele>366.8</ele>
        <time>2020-06-24T09:12:44.792Z</time>
    </trkpt>
    <trkpt lat="45.686228" lon="15.34763">
        <ele>366.8</ele>
        <time>2020-06-24T09:12:46.026Z</time>
    </trkpt>
    <trkpt lat="45.686145" lon="15.34748">
        <ele>367.0</ele>
        <time>2020-06-24T09:12:47.767Z</time>
    </trkpt>
    <trkpt lat="45.685844" lon="15.347028">
        <ele>366.3</ele>
        <time>2020-06-24T09:12:53.449Z</time>
    </trkpt>
    <trkpt lat="45.685764" lon="15.346885">
        <ele>364.3</ele>
        <time>2020-06-24T09:12:55.116Z</time>
    </trkpt>
    <trkpt lat="45.685708" lon="15.346753">
        <ele>363.0</ele>
        <time>2020-06-24T09:12:56.521Z</time>
    </trkpt>
    <trkpt lat="45.685686" lon="15.346674">
        <ele>362.0</ele>
        <time>2020-06-24T09:12:57.294Z</time>
    </trkpt>
    <trkpt lat="45.68566" lon="15.346579">
        <ele>361.0</ele>
        <time>2020-06-24T09:12:58.222Z</time>
    </trkpt>
    <trkpt lat="45.68561" lon="15.346366">
        <ele>358.8</ele>
        <time>2020-06-24T09:13:00.266Z</time>
    </trkpt>
    <trkpt lat="45.685539" lon="15.346019">
        <ele>356.3</ele>
        <time>2020-06-24T09:13:03.556Z</time>
    </trkpt>
    <trkpt lat="45.685512" lon="15.345912">
        <ele>355.5</ele>
        <time>2020-06-24T09:13:04.591Z</time>
    </trkpt>
    <trkpt lat="45.685478" lon="15.345827">
        <ele>355.0</ele>
        <time>2020-06-24T09:13:05.482Z</time>
    </trkpt>
    <trkpt lat="45.685401" lon="15.345669">
        <ele>354.3</ele>
        <time>2020-06-24T09:13:07.235Z</time>
    </trkpt>
    <trkpt lat="45.685283" lon="15.345357">
        <ele>354.0</ele>
        <time>2020-06-24T09:13:10.463Z</time>
    </trkpt>
    <trkpt lat="45.685178" lon="15.345026">
        <ele>354.8</ele>
        <time>2020-06-24T09:13:13.771Z</time>
    </trkpt>
    <trkpt lat="45.685135" lon="15.344933">
        <ele>354.8</ele>
        <time>2020-06-24T09:13:14.785Z</time>
    </trkpt>
    <trkpt lat="45.68508177995682" lon="15.344842923805118">
        <ele>354.6</ele>
        <time>2020-06-24T09:13:15.858Z</time>
    </trkpt>
    <trkpt lat="45.68501212634146" lon="15.34477318637073">
        <ele>354.6</ele>
        <time>2020-06-24T09:13:16.858Z</time>
    </trkpt>
    <trkpt lat="45.68487122654915" lon="15.34467545337975">
        <ele>355.2</ele>
        <time>2020-06-24T09:13:18.858Z</time>
    </trkpt>
    <trkpt lat="45.684744" lon="15.344626">
        <ele>353.8</ele>
        <time>2020-06-24T09:13:21.392Z</time>
    </trkpt>
    <trkpt lat="45.684689" lon="15.344611">
        <ele>353.5</ele>
        <time>2020-06-24T09:13:22.468Z</time>
    </trkpt>
    <trkpt lat="45.684642" lon="15.344612">
        <ele>353.3</ele>
        <time>2020-06-24T09:13:23.371Z</time>
    </trkpt>
    <trkpt lat="45.684535" lon="15.344659">
        <ele>352.5</ele>
        <time>2020-06-24T09:13:25.146Z</time>
    </trkpt>
    <trkpt lat="45.684489" lon="15.34471">
        <ele>352.3</ele>
        <time>2020-06-24T09:13:26.068Z</time>
    </trkpt>
    <trkpt lat="45.684456" lon="15.344786">
        <ele>352.0</ele>
        <time>2020-06-24T09:13:27.059Z</time>
    </trkpt>
    <trkpt lat="45.684399" lon="15.345102">
        <ele>350.5</ele>
        <time>2020-06-24T09:13:30.675Z</time>
    </trkpt>
    <trkpt lat="45.684311" lon="15.345466">
        <ele>347.8</ele>
        <time>2020-06-24T09:13:34.943Z</time>
    </trkpt>
    <trkpt lat="45.684249" lon="15.345758">
        <ele>345.3</ele>
        <time>2020-06-24T09:13:38.324Z</time>
    </trkpt>
    <trkpt lat="45.684178" lon="15.345895">
        <ele>343.5</ele>
        <time>2020-06-24T09:13:40.214Z</time>
    </trkpt>
    <trkpt lat="45.684133" lon="15.345963">
        <ele>342.3</ele>
        <time>2020-06-24T09:13:41.007Z</time>
    </trkpt>
    <trkpt lat="45.684123" lon="15.34598">
        <ele>342.0</ele>
        <time>2020-06-24T09:13:41.195Z</time>
    </trkpt>
    <trkpt lat="45.684083" lon="15.346015">
        <ele>341.3</ele>
        <time>2020-06-24T09:13:41.763Z</time>
    </trkpt>
    <trkpt lat="45.683752" lon="15.346241">
        <ele>337.0</ele>
        <time>2020-06-24T09:13:46.212Z</time>
    </trkpt>
    <trkpt lat="45.68371" lon="15.346281">
        <ele>336.5</ele>
        <time>2020-06-24T09:13:46.824Z</time>
    </trkpt>
    <trkpt lat="45.683675" lon="15.346333">
        <ele>336.3</ele>
        <time>2020-06-24T09:13:47.436Z</time>
    </trkpt>
    <trkpt lat="45.683635" lon="15.346459">
        <ele>336.0</ele>
        <time>2020-06-24T09:13:48.609Z</time>
    </trkpt>
    <trkpt lat="45.683599" lon="15.346538">
        <ele>336.0</ele>
        <time>2020-06-24T09:13:49.408Z</time>
    </trkpt>
    <trkpt lat="45.683545" lon="15.346622">
        <ele>336.0</ele>
        <time>2020-06-24T09:13:50.375Z</time>
    </trkpt>
    <trkpt lat="45.683365" lon="15.346778">
        <ele>336.5</ele>
        <time>2020-06-24T09:13:52.928Z</time>
    </trkpt>
    <trkpt lat="45.683291" lon="15.346813">
        <ele>335.8</ele>
        <time>2020-06-24T09:13:53.873Z</time>
    </trkpt>
    <trkpt lat="45.683251" lon="15.34681">
        <ele>335.0</ele>
        <time>2020-06-24T09:13:54.359Z</time>
    </trkpt>
    <trkpt lat="45.683195" lon="15.346783">
        <ele>333.5</ele>
        <time>2020-06-24T09:13:55.032Z</time>
    </trkpt>
    <trkpt lat="45.683063" lon="15.346722">
        <ele>330.8</ele>
        <time>2020-06-24T09:13:56.613Z</time>
    </trkpt>
    <trkpt lat="45.682837" lon="15.346602">
        <ele>325.5</ele>
        <time>2020-06-24T09:13:59.361Z</time>
    </trkpt>
    <trkpt lat="45.682443" lon="15.346271">
        <ele>317.5</ele>
        <time>2020-06-24T09:14:04.570Z</time>
    </trkpt>
    <trkpt lat="45.682364" lon="15.346177">
        <ele>316.3</ele>
        <time>2020-06-24T09:14:05.741Z</time>
    </trkpt>
    <trkpt lat="45.682313" lon="15.346141">
        <ele>315.3</ele>
        <time>2020-06-24T09:14:06.389Z</time>
    </trkpt>
    <trkpt lat="45.682101" lon="15.346086">
        <ele>311.8</ele>
        <time>2020-06-24T09:14:08.696Z</time>
    </trkpt>
    <trkpt lat="45.681974" lon="15.346053">
        <ele>309.8</ele>
        <time>2020-06-24T09:14:10.078Z</time>
    </trkpt>
    <trkpt lat="45.681885" lon="15.346043">
        <ele>308.3</ele>
        <time>2020-06-24T09:14:11.033Z</time>
    </trkpt>
    <trkpt lat="45.681786" lon="15.346063">
        <ele>306.5</ele>
        <time>2020-06-24T09:14:12.103Z</time>
    </trkpt>
    <trkpt lat="45.681642" lon="15.346142">
        <ele>305.0</ele>
        <time>2020-06-24T09:14:13.754Z</time>
    </trkpt>
    <trkpt lat="45.681594" lon="15.346159">
        <ele>304.8</ele>
        <time>2020-06-24T09:14:14.283Z</time>
    </trkpt>
    <trkpt lat="45.681492" lon="15.346163">
        <ele>304.8</ele>
        <time>2020-06-24T09:14:15.375Z</time>
    </trkpt>
    <trkpt lat="45.681488" lon="15.346164">
        <ele>304.8</ele>
        <time>2020-06-24T09:14:15.418Z</time>
    </trkpt>
    <trkpt lat="45.681407" lon="15.346123">
        <ele>304.3</ele>
        <time>2020-06-24T09:14:16.337Z</time>
    </trkpt>
    <trkpt lat="45.681351" lon="15.346081">
        <ele>303.8</ele>
        <time>2020-06-24T09:14:17.013Z</time>
    </trkpt>
    <trkpt lat="45.681088" lon="15.345801">
        <ele>301.0</ele>
        <time>2020-06-24T09:14:20.522Z</time>
    </trkpt>
    <trkpt lat="45.681033" lon="15.345768">
        <ele>300.5</ele>
        <time>2020-06-24T09:14:21.160Z</time>
    </trkpt>
    <trkpt lat="45.680982" lon="15.34575">
        <ele>300.3</ele>
        <time>2020-06-24T09:14:21.687Z</time>
    </trkpt>
    <trkpt lat="45.680839" lon="15.345736">
        <ele>299.5</ele>
        <time>2020-06-24T09:14:23.126Z</time>
    </trkpt>
    <trkpt lat="45.68073" lon="15.345752">
        <ele>298.8</ele>
        <time>2020-06-24T09:14:24.226Z</time>
    </trkpt>
    <trkpt lat="45.680548" lon="15.345795">
        <ele>297.5</ele>
        <time>2020-06-24T09:14:26.079Z</time>
    </trkpt>
    <trkpt lat="45.680484" lon="15.345803">
        <ele>297.3</ele>
        <time>2020-06-24T09:14:26.724Z</time>
    </trkpt>
    <trkpt lat="45.680394" lon="15.3458">
        <ele>296.5</ele>
        <time>2020-06-24T09:14:27.693Z</time>
    </trkpt>
    <trkpt lat="45.680186" lon="15.345793">
        <ele>294.8</ele>
        <time>2020-06-24T09:14:29.933Z</time>
    </trkpt>
    <trkpt lat="45.680112" lon="15.345767">
        <ele>294.0</ele>
        <time>2020-06-24T09:14:30.753Z</time>
    </trkpt>
    <trkpt lat="45.680064" lon="15.345725">
        <ele>293.3</ele>
        <time>2020-06-24T09:14:31.358Z</time>
    </trkpt>
    <trkpt lat="45.679989" lon="15.345636">
        <ele>291.8</ele>
        <time>2020-06-24T09:14:32.407Z</time>
    </trkpt>
    <trkpt lat="45.679938" lon="15.345599">
        <ele>290.8</ele>
        <time>2020-06-24T09:14:33.022Z</time>
    </trkpt>
    <trkpt lat="45.679878" lon="15.345604">
        <ele>290.0</ele>
        <time>2020-06-24T09:14:33.669Z</time>
    </trkpt>
    <trkpt lat="45.679786" lon="15.345654">
        <ele>289.3</ele>
        <time>2020-06-24T09:14:34.782Z</time>
    </trkpt>
    <trkpt lat="45.679776" lon="15.34566">
        <ele>289.3</ele>
        <time>2020-06-24T09:14:34.904Z</time>
    </trkpt>
    <trkpt lat="45.679528" lon="15.345942">
        <ele>288.0</ele>
        <time>2020-06-24T09:14:38.487Z</time>
    </trkpt>
    <trkpt lat="45.679393" lon="15.346078">
        <ele>287.0</ele>
        <time>2020-06-24T09:14:40.354Z</time>
    </trkpt>
    <trkpt lat="45.679253" lon="15.346197">
        <ele>285.5</ele>
        <time>2020-06-24T09:14:42.196Z</time>
    </trkpt>
    <trkpt lat="45.679153" lon="15.346249">
        <ele>284.3</ele>
        <time>2020-06-24T09:14:43.399Z</time>
    </trkpt>
    <trkpt lat="45.679095" lon="15.346264">
        <ele>283.5</ele>
        <time>2020-06-24T09:14:44.065Z</time>
    </trkpt>
    <trkpt lat="45.679033" lon="15.346299">
        <ele>283.0</ele>
        <time>2020-06-24T09:14:44.819Z</time>
    </trkpt>
    <trkpt lat="45.678906" lon="15.34644">
        <ele>282.0</ele>
        <time>2020-06-24T09:14:46.637Z</time>
    </trkpt>
    <trkpt lat="45.678837" lon="15.346499">
        <ele>281.3</ele>
        <time>2020-06-24T09:14:47.960Z</time>
    </trkpt>
    <trkpt lat="45.678797" lon="15.346534">
        <ele>281.0</ele>
        <time>2020-06-24T09:14:48.731Z</time>
    </trkpt>
    <trkpt lat="45.678593" lon="15.346637">
        <ele>278.5</ele>
        <time>2020-06-24T09:14:52.293Z</time>
    </trkpt>
    <trkpt lat="45.678533" lon="15.346645">
        <ele>277.8</ele>
        <time>2020-06-24T09:14:53.285Z</time>
    </trkpt>
    <trkpt lat="45.678428" lon="15.346641">
        <ele>276.3</ele>
        <time>2020-06-24T09:14:55.014Z</time>
    </trkpt>
    <trkpt lat="45.678396" lon="15.34662">
        <ele>275.8</ele>
        <time>2020-06-24T09:14:55.593Z</time>
    </trkpt>
    <trkpt lat="45.678361" lon="15.346584">
        <ele>275.3</ele>
        <time>2020-06-24T09:14:56.237Z</time>
    </trkpt>
    <trkpt lat="45.678255" lon="15.346471">
        <ele>274.0</ele>
        <time>2020-06-24T09:14:58.212Z</time>
    </trkpt>
    <trkpt lat="45.678191" lon="15.346415">
        <ele>273.3</ele>
        <time>2020-06-24T09:14:59.332Z</time>
    </trkpt>
    <trkpt lat="45.678029" lon="15.346319">
        <ele>272.3</ele>
        <time>2020-06-24T09:15:01.952Z</time>
    </trkpt>
    <trkpt lat="45.67793" lon="15.346274">
        <ele>271.5</ele>
        <time>2020-06-24T09:15:03.504Z</time>
    </trkpt>
    <trkpt lat="45.677875" lon="15.34624">
        <ele>271.0</ele>
        <time>2020-06-24T09:15:04.399Z</time>
    </trkpt>
    <trkpt lat="45.677706" lon="15.346102">
        <ele>270.0</ele>
        <time>2020-06-24T09:15:07.306Z</time>
    </trkpt>
    <trkpt lat="45.677625" lon="15.346046">
        <ele>269.5</ele>
        <time>2020-06-24T09:15:08.650Z</time>
    </trkpt>
    <trkpt lat="45.677622" lon="15.346028">
        <ele>269.5</ele>
        <time>2020-06-24T09:15:08.813Z</time>
    </trkpt>
    <trkpt lat="45.677607" lon="15.345929">
        <ele>269.5</ele>
        <time>2020-06-24T09:15:09.709Z</time>
    </trkpt>
    <trkpt lat="45.677521" lon="15.345709">
        <ele>268.8</ele>
        <time>2020-06-24T09:15:11.940Z</time>
    </trkpt>
    <trkpt lat="45.677438" lon="15.345584">
        <ele>267.8</ele>
        <time>2020-06-24T09:15:13.466Z</time>
    </trkpt>
    <trkpt lat="45.677313" lon="15.34546">
        <ele>266.8</ele>
        <time>2020-06-24T09:15:15.392Z</time>
    </trkpt>
    <trkpt lat="45.677267" lon="15.345434">
        <ele>266.3</ele>
        <time>2020-06-24T09:15:15.981Z</time>
    </trkpt>
    <trkpt lat="45.677183" lon="15.345388">
        <ele>265.8</ele>
        <time>2020-06-24T09:15:17.053Z</time>
    </trkpt>
    <trkpt lat="45.677081" lon="15.345344">
        <ele>265.3</ele>
        <time>2020-06-24T09:15:18.323Z</time>
    </trkpt>
    <trkpt lat="45.67686" lon="15.345269">
        <ele>264.3</ele>
        <time>2020-06-24T09:15:21.030Z</time>
    </trkpt>
    <trkpt lat="45.676486" lon="15.345184">
        <ele>262.0</ele>
        <time>2020-06-24T09:15:25.544Z</time>
    </trkpt>
    <trkpt lat="45.676401" lon="15.345157">
        <ele>261.5</ele>
        <time>2020-06-24T09:15:26.582Z</time>
    </trkpt>
    <trkpt lat="45.67632" lon="15.345106">
        <ele>261.0</ele>
        <time>2020-06-24T09:15:27.636Z</time>
    </trkpt>
    <trkpt lat="45.676282" lon="15.345065">
        <ele>260.8</ele>
        <time>2020-06-24T09:15:28.239Z</time>
    </trkpt>
    <trkpt lat="45.676254" lon="15.345033">
        <ele>260.8</ele>
        <time>2020-06-24T09:15:28.693Z</time>
    </trkpt>
    <trkpt lat="45.676194" lon="15.344946">
        <ele>260.5</ele>
        <time>2020-06-24T09:15:29.776Z</time>
    </trkpt>
    <trkpt lat="45.676086" lon="15.344733">
        <ele>260.3</ele>
        <time>2020-06-24T09:15:32.109Z</time>
    </trkpt>
    <trkpt lat="45.676016" lon="15.344535">
        <ele>260.3</ele>
        <time>2020-06-24T09:15:34.076Z</time>
    </trkpt>
    <trkpt lat="45.675946" lon="15.344341">
        <ele>260.8</ele>
        <time>2020-06-24T09:15:36.011Z</time>
    </trkpt>
    <trkpt lat="45.675872" lon="15.344135">
        <ele>261.0</ele>
        <time>2020-06-24T09:15:38.064Z</time>
    </trkpt>
    <trkpt lat="45.675829" lon="15.344068">
        <ele>260.5</ele>
        <time>2020-06-24T09:15:38.870Z</time>
    </trkpt>
    <trkpt lat="45.675727" lon="15.34394">
        <ele>259.0</ele>
        <time>2020-06-24T09:15:40.591Z</time>
    </trkpt>
    <trkpt lat="45.675546" lon="15.343719">
        <ele>257.0</ele>
        <time>2020-06-24T09:15:43.609Z</time>
    </trkpt>
    <trkpt lat="45.675469" lon="15.343587">
        <ele>256.0</ele>
        <time>2020-06-24T09:15:45.133Z</time>
    </trkpt>
    <trkpt lat="45.675447" lon="15.34351">
        <ele>255.8</ele>
        <time>2020-06-24T09:15:45.870Z</time>
    </trkpt>
    <trkpt lat="45.675438" lon="15.343405">
        <ele>255.5</ele>
        <time>2020-06-24T09:15:46.807Z</time>
    </trkpt>
    <trkpt lat="45.675438" lon="15.343378">
        <ele>255.5</ele>
        <time>2020-06-24T09:15:47.021Z</time>
    </trkpt>
    <trkpt lat="45.675439" lon="15.343329">
        <ele>255.5</ele>
        <time>2020-06-24T09:15:47.410Z</time>
    </trkpt>
    <trkpt lat="45.675483" lon="15.342794">
        <ele>254.8</ele>
        <time>2020-06-24T09:15:51.691Z</time>
    </trkpt>
    <trkpt lat="45.67549" lon="15.342694">
        <ele>254.8</ele>
        <time>2020-06-24T09:15:52.489Z</time>
    </trkpt>
    <trkpt lat="45.675492" lon="15.342492">
        <ele>254.5</ele>
        <time>2020-06-24T09:15:54.094Z</time>
    </trkpt>
    <trkpt lat="45.675492" lon="15.34245">
        <ele>254.3</ele>
        <time>2020-06-24T09:15:54.427Z</time>
    </trkpt>
    <trkpt lat="45.675514" lon="15.342179">
        <ele>253.3</ele>
        <time>2020-06-24T09:15:56.595Z</time>
    </trkpt>
    <trkpt lat="45.675516" lon="15.342045">
        <ele>252.8</ele>
        <time>2020-06-24T09:15:57.660Z</time>
    </trkpt>
    <trkpt lat="45.675496" lon="15.341887">
        <ele>252.0</ele>
        <time>2020-06-24T09:15:58.936Z</time>
    </trkpt>
    <trkpt lat="45.675457" lon="15.34179">
        <ele>251.3</ele>
        <time>2020-06-24T09:15:59.825Z</time>
    </trkpt>
    <trkpt lat="45.675392" lon="15.341778">
        <ele>250.5</ele>
        <time>2020-06-24T09:16:00.527Z</time>
    </trkpt>
    <trkpt lat="45.67537" lon="15.341775">
        <ele>250.3</ele>
        <time>2020-06-24T09:16:00.763Z</time>
    </trkpt>
    <trkpt lat="45.674875" lon="15.341853">
        <ele>245.0</ele>
        <time>2020-06-24T09:16:06.103Z</time>
    </trkpt>
    <trkpt lat="45.674588" lon="15.341914">
        <ele>240.5</ele>
        <time>2020-06-24T09:16:09.214Z</time>
    </trkpt>
    <trkpt lat="45.674179" lon="15.342025">
        <ele>234.3</ele>
        <time>2020-06-24T09:16:13.678Z</time>
    </trkpt>
    <trkpt lat="45.674006" lon="15.342061">
        <ele>231.5</ele>
        <time>2020-06-24T09:16:15.552Z</time>
    </trkpt>
    <trkpt lat="45.673833" lon="15.342077">
        <ele>228.5</ele>
        <time>2020-06-24T09:16:17.411Z</time>
    </trkpt>
    <trkpt lat="45.673779" lon="15.342069">
        <ele>227.5</ele>
        <time>2020-06-24T09:16:17.993Z</time>
    </trkpt>
    <trkpt lat="45.673764" lon="15.342067">
        <ele>227.3</ele>
        <time>2020-06-24T09:16:18.154Z</time>
    </trkpt>
    <trkpt lat="45.673715" lon="15.342026">
        <ele>226.3</ele>
        <time>2020-06-24T09:16:18.762Z</time>
    </trkpt>
    <trkpt lat="45.673682" lon="15.341966">
        <ele>225.3</ele>
        <time>2020-06-24T09:16:19.334Z</time>
    </trkpt>
    <trkpt lat="45.673654" lon="15.341866">
        <ele>224.0</ele>
        <time>2020-06-24T09:16:20.141Z</time>
    </trkpt>
    <trkpt lat="45.673638" lon="15.341747">
        <ele>223.0</ele>
        <time>2020-06-24T09:16:21.049Z</time>
    </trkpt>
    <trkpt lat="45.673637" lon="15.341669">
        <ele>222.5</ele>
        <time>2020-06-24T09:16:21.548Z</time>
    </trkpt>
    <trkpt lat="45.673636" lon="15.341587">
        <ele>222.0</ele>
        <time>2020-06-24T09:16:22.072Z</time>
    </trkpt>
    <trkpt lat="45.673696" lon="15.340803">
        <ele>220.0</ele>
        <time>2020-06-24T09:16:27.118Z</time>
    </trkpt>
    <trkpt lat="45.673695" lon="15.340664">
        <ele>220.0</ele>
        <time>2020-06-24T09:16:28.007Z</time>
    </trkpt>
    <trkpt lat="45.673683" lon="15.340565">
        <ele>220.0</ele>
        <time>2020-06-24T09:16:28.649Z</time>
    </trkpt>
    <trkpt lat="45.673672" lon="15.340541">
        <ele>219.8</ele>
        <time>2020-06-24T09:16:28.832Z</time>
    </trkpt>
    <trkpt lat="45.673641" lon="15.340465">
        <ele>219.5</ele>
        <time>2020-06-24T09:16:29.395Z</time>
    </trkpt>
    <trkpt lat="45.673613" lon="15.340417">
        <ele>219.0</ele>
        <time>2020-06-24T09:16:29.795Z</time>
    </trkpt>
    <trkpt lat="45.673469" lon="15.340226">
        <ele>217.3</ele>
        <time>2020-06-24T09:16:31.592Z</time>
    </trkpt>
    <trkpt lat="45.673264" lon="15.34003">
        <ele>217.0</ele>
        <time>2020-06-24T09:16:34.950Z</time>
    </trkpt>
    <trkpt lat="45.673241" lon="15.340009">
        <ele>217.0</ele>
        <time>2020-06-24T09:16:35.321Z</time>
    </trkpt>
    <trkpt lat="45.673164" lon="15.339953">
        <ele>218.0</ele>
        <time>2020-06-24T09:16:36.497Z</time>
    </trkpt>
    <trkpt lat="45.673094" lon="15.339928">
        <ele>219.0</ele>
        <time>2020-06-24T09:16:37.479Z</time>
    </trkpt>
    <trkpt lat="45.673048" lon="15.339932">
        <ele>219.5</ele>
        <time>2020-06-24T09:16:38.106Z</time>
    </trkpt>
    <trkpt lat="45.673015" lon="15.339942">
        <ele>219.8</ele>
        <time>2020-06-24T09:16:38.642Z</time>
    </trkpt>
    <trkpt lat="45.672999" lon="15.339948">
        <ele>220.0</ele>
        <time>2020-06-24T09:16:38.904Z</time>
    </trkpt>
    <trkpt lat="45.6728" lon="15.340063">
        <ele>221.8</ele>
        <time>2020-06-24T09:16:42.315Z</time>
    </trkpt>
    <trkpt lat="45.672727" lon="15.340119">
        <ele>222.3</ele>
        <time>2020-06-24T09:16:43.631Z</time>
    </trkpt>
    <trkpt lat="45.672641" lon="15.34017">
        <ele>222.8</ele>
        <time>2020-06-24T09:16:45.110Z</time>
    </trkpt>
    <trkpt lat="45.672476" lon="15.340221">
        <ele>223.8</ele>
        <time>2020-06-24T09:16:47.793Z</time>
    </trkpt>
    <trkpt lat="45.672372" lon="15.34023">
        <ele>223.8</ele>
        <time>2020-06-24T09:16:49.230Z</time>
    </trkpt>
    <trkpt lat="45.672204" lon="15.340246">
        <ele>223.8</ele>
        <time>2020-06-24T09:16:51.553Z</time>
    </trkpt>
    <trkpt lat="45.671614" lon="15.340222">
        <ele>224.0</ele>
        <time>2020-06-24T09:16:59.697Z</time>
    </trkpt>
    <trkpt lat="45.671548" lon="15.340195">
        <ele>223.5</ele>
        <time>2020-06-24T09:17:00.598Z</time>
    </trkpt>
    <trkpt lat="45.671531" lon="15.340189">
        <ele>223.5</ele>
        <time>2020-06-24T09:17:00.828Z</time>
    </trkpt>
    <trkpt lat="45.671421" lon="15.340119">
        <ele>223.3</ele>
        <time>2020-06-24T09:17:02.409Z</time>
    </trkpt>
    <trkpt lat="45.671233" lon="15.339966">
        <ele>222.5</ele>
        <time>2020-06-24T09:17:05.250Z</time>
    </trkpt>
    <trkpt lat="45.670855" lon="15.33976">
        <ele>221.5</ele>
        <time>2020-06-24T09:17:10.564Z</time>
    </trkpt>
    <trkpt lat="45.670741" lon="15.339709">
        <ele>221.0</ele>
        <time>2020-06-24T09:17:12.133Z</time>
    </trkpt>
    <trkpt lat="45.670409" lon="15.339461">
        <ele>219.5</ele>
        <time>2020-06-24T09:17:17.053Z</time>
    </trkpt>
    <trkpt lat="45.670192" lon="15.339343">
        <ele>218.3</ele>
        <time>2020-06-24T09:17:20.102Z</time>
    </trkpt>
    <trkpt lat="45.670103" lon="15.339296">
        <ele>217.5</ele>
        <time>2020-06-24T09:17:21.348Z</time>
    </trkpt>
    <trkpt lat="45.669985" lon="15.339207">
        <ele>216.8</ele>
        <time>2020-06-24T09:17:23.100Z</time>
    </trkpt>
    <trkpt lat="45.669647" lon="15.3389">
        <ele>213.5</ele>
        <time>2020-06-24T09:17:28.359Z</time>
    </trkpt>
    <trkpt lat="45.669494" lon="15.338803">
        <ele>212.3</ele>
        <time>2020-06-24T09:17:30.557Z</time>
    </trkpt>
    <trkpt lat="45.669346" lon="15.338698">
        <ele>211.5</ele>
        <time>2020-06-24T09:17:32.727Z</time>
    </trkpt>
    <trkpt lat="45.669283" lon="15.33864">
        <ele>211.0</ele>
        <time>2020-06-24T09:17:33.711Z</time>
    </trkpt>
    <trkpt lat="45.669271" lon="15.338629">
        <ele>211.0</ele>
        <time>2020-06-24T09:17:33.898Z</time>
    </trkpt>
    <trkpt lat="45.669205" lon="15.338548">
        <ele>210.8</ele>
        <time>2020-06-24T09:17:35.040Z</time>
    </trkpt>
    <trkpt lat="45.669023" lon="15.338231">
        <ele>211.0</ele>
        <time>2020-06-24T09:17:38.806Z</time>
    </trkpt>
    <trkpt lat="45.668921" lon="15.338073">
        <ele>211.5</ele>
        <time>2020-06-24T09:17:40.780Z</time>
    </trkpt>
    <trkpt lat="45.668847" lon="15.337979">
        <ele>211.8</ele>
        <time>2020-06-24T09:17:42.079Z</time>
    </trkpt>
    <trkpt lat="45.668833" lon="15.337965">
        <ele>211.8</ele>
        <time>2020-06-24T09:17:42.303Z</time>
    </trkpt>
    <trkpt lat="45.6685443688184" lon="15.337693579494953">
        <ele>211.6</ele>
        <time>2020-06-24T09:17:46.840Z</time>
    </trkpt>
    <trkpt lat="45.668232813477516" lon="15.337456623092294">
        <ele>212.2</ele>
        <time>2020-06-24T09:17:51.840Z</time>
    </trkpt>
    <trkpt lat="45.668168775737286" lon="15.337423766031861">
        <ele>212.2</ele>
        <time>2020-06-24T09:17:52.840Z</time>
    </trkpt>
    <trkpt lat="45.66795101389289" lon="15.337366349995136">
        <ele>212.2</ele>
        <time>2020-06-24T09:17:55.840Z</time>
    </trkpt>
    <trkpt lat="45.667466036975384" lon="15.337304323911667">
        <ele>213.0</ele>
        <time>2020-06-24T09:18:01.840Z</time>
    </trkpt>
    <trkpt lat="45.66694694571197" lon="15.337194940075278">
        <ele>211.2</ele>
        <time>2020-06-24T09:18:07.840Z</time>
    </trkpt>
    <trkpt lat="45.66636499017477" lon="15.33703870140016">
        <ele>205.2</ele>
        <time>2020-06-24T09:18:13.840Z</time>
    </trkpt>
    <trkpt lat="45.6662667542696" lon="15.337017495185137">
        <ele>204.4</ele>
        <time>2020-06-24T09:18:14.840Z</time>
    </trkpt>
    <trkpt lat="45.665800888091326" lon="15.33683200366795">
        <ele>200.8</ele>
        <time>2020-06-24T09:18:19.840Z</time>
    </trkpt>
    <trkpt lat="45.665394365787506" lon="15.336500583216548">
        <ele>199.2</ele>
        <time>2020-06-24T09:18:24.840Z</time>
    </trkpt>
    <trkpt lat="45.6649300083518" lon="15.336022479459643">
        <ele>201.6</ele>
        <time>2020-06-24T09:18:30.840Z</time>
    </trkpt>
    <trkpt lat="45.66485859453678" lon="15.335946036502719">
        <ele>202.2</ele>
        <time>2020-06-24T09:18:31.840Z</time>
    </trkpt>
    <trkpt lat="45.66467536613345" lon="15.335747553035617">
        <ele>203.6</ele>
        <time>2020-06-24T09:18:34.840Z</time>
    </trkpt>
    <trkpt lat="45.664621805772185" lon="15.335695501416922">
        <ele>203.8</ele>
        <time>2020-06-24T09:18:35.840Z</time>
    </trkpt>
    <trkpt lat="45.66435182467103" lon="15.33538419753313">
        <ele>205.0</ele>
        <time>2020-06-24T09:18:41.840Z</time>
    </trkpt>
    <trkpt lat="45.66406105645001" lon="15.335058309137821">
        <ele>204.8</ele>
        <time>2020-06-24T09:18:47.840Z</time>
    </trkpt>
    <trkpt lat="45.66372678615153" lon="15.334772653877735">
        <ele>203.8</ele>
        <time>2020-06-24T09:18:52.840Z</time>
    </trkpt>
    <trkpt lat="45.663368459790945" lon="15.334511892870069">
        <ele>202.0</ele>
        <time>2020-06-24T09:18:56.840Z</time>
    </trkpt>
    <trkpt lat="45.66278197802603" lon="15.334192123264074">
        <ele>199.4</ele>
        <time>2020-06-24T09:19:02.840Z</time>
    </trkpt>
    <trkpt lat="45.662443432956934" lon="15.333955083042383">
        <ele>198.6</ele>
        <time>2020-06-24T09:19:06.840Z</time>
    </trkpt>
    <trkpt lat="45.662158615887165" lon="15.333667248487473">
        <ele>198.8</ele>
        <time>2020-06-24T09:19:10.840Z</time>
    </trkpt>
    <trkpt lat="45.66208996810019" lon="15.333582004532218">
        <ele>198.8</ele>
        <time>2020-06-24T09:19:11.840Z</time>
    </trkpt>
    <trkpt lat="45.661763744428754" lon="15.333106750622392">
        <ele>199.2</ele>
        <time>2020-06-24T09:19:16.840Z</time>
    </trkpt>
    <trkpt lat="45.6613761652261" lon="15.332672987133265">
        <ele>195.4</ele>
        <time>2020-06-24T09:19:21.840Z</time>
    </trkpt>
    <trkpt lat="45.66093720495701" lon="15.332162193953991">
        <ele>191.6</ele>
        <time>2020-06-24T09:19:27.840Z</time>
    </trkpt>
    <trkpt lat="45.66075850278139" lon="15.331882322207093">
        <ele>190.4</ele>
        <time>2020-06-24T09:19:30.840Z</time>
    </trkpt>
    <trkpt lat="45.66068516112864" lon="15.33166715875268">
        <ele>190.0</ele>
        <time>2020-06-24T09:19:32.840Z</time>
    </trkpt>
    <trkpt lat="45.660679042339325" lon="15.331330792978406">
        <ele>189.4</ele>
        <time>2020-06-24T09:19:35.840Z</time>
    </trkpt>
    <trkpt lat="45.66067242063582" lon="15.331225180998445">
        <ele>189.4</ele>
        <time>2020-06-24T09:19:36.840Z</time>
    </trkpt>
    <trkpt lat="45.6606113165617" lon="15.330921420827508">
        <ele>190.0</ele>
        <time>2020-06-24T09:19:39.840Z</time>
    </trkpt>
    <trkpt lat="45.660548117011786" lon="15.330729056149721">
        <ele>190.4</ele>
        <time>2020-06-24T09:19:41.840Z</time>
    </trkpt>
    <trkpt lat="45.66040948033333" lon="15.330471731722355">
        <ele>191.6</ele>
        <time>2020-06-24T09:19:44.840Z</time>
    </trkpt>
    <trkpt lat="45.66024008207023" lon="15.330258077010512">
        <ele>192.4</ele>
        <time>2020-06-24T09:19:47.840Z</time>
    </trkpt>
    <trkpt lat="45.660103373229504" lon="15.330150704830885">
        <ele>193.0</ele>
        <time>2020-06-24T09:19:49.840Z</time>
    </trkpt>
    <trkpt lat="45.659705651924014" lon="15.329997567459941">
        <ele>195.0</ele>
        <time>2020-06-24T09:19:54.840Z</time>
    </trkpt>
    <trkpt lat="45.6592108681798" lon="15.329815428704023">
        <ele>193.2</ele>
        <time>2020-06-24T09:20:00.840Z</time>
    </trkpt>
    <trkpt lat="45.658936528488994" lon="15.329590123146772">
        <ele>192.4</ele>
        <time>2020-06-24T09:20:04.840Z</time>
    </trkpt>
    <trkpt lat="45.65887710079551" lon="15.329519463703036">
        <ele>192.4</ele>
        <time>2020-06-24T09:20:05.840Z</time>
    </trkpt>
    <trkpt lat="45.65882161259651" lon="15.3294488042593">
        <ele>192.6</ele>
        <time>2020-06-24T09:20:06.840Z</time>
    </trkpt>
    <trkpt lat="45.65862078219652" lon="15.329161388799548">
        <ele>193.4</ele>
        <time>2020-06-24T09:20:10.840Z</time>
    </trkpt>
    <trkpt lat="45.65838424488902" lon="15.328844133764505">
        <ele>194.4</ele>
        <time>2020-06-24T09:20:15.840Z</time>
    </trkpt>
    <trkpt lat="45.65811786800623" lon="15.328555041924119">
        <ele>194.6</ele>
        <time>2020-06-24T09:20:20.840Z</time>
    </trkpt>
    <trkpt lat="45.657728277146816" lon="15.328152375295758">
        <ele>192.4</ele>
        <time>2020-06-24T09:20:26.840Z</time>
    </trkpt>
    <trkpt lat="45.657405741512775" lon="15.327693382278085">
        <ele>191.0</ele>
        <time>2020-06-24T09:20:31.840Z</time>
    </trkpt>
    <trkpt lat="45.65715009346604" lon="15.327139422297478">
        <ele>190.6</ele>
        <time>2020-06-24T09:20:36.840Z</time>
    </trkpt>
    <trkpt lat="45.656925374642015" lon="15.326495943590999">
        <ele>192.6</ele>
        <time>2020-06-24T09:20:42.840Z</time>
    </trkpt>
    <trkpt lat="45.6566758453846" lon="15.325961681082845">
        <ele>192.0</ele>
        <time>2020-06-24T09:20:48.840Z</time>
    </trkpt>
    <trkpt lat="45.656356159597635" lon="15.325446864590049">
        <ele>190.0</ele>
        <time>2020-06-24T09:20:54.840Z</time>
    </trkpt>
    <trkpt lat="45.6563114002347" lon="15.325340833514929">
        <ele>189.4</ele>
        <time>2020-06-24T09:20:55.840Z</time>
    </trkpt>
    <trkpt lat="45.65623965114355" lon="15.32510639168322">
        <ele>188.6</ele>
        <time>2020-06-24T09:20:57.840Z</time>
    </trkpt>
    <trkpt lat="45.65621240995824" lon="15.324978232383728">
        <ele>188.4</ele>
        <time>2020-06-24T09:20:58.840Z</time>
    </trkpt>
    <trkpt lat="45.656106043607" lon="15.324424356222153">
        <ele>187.2</ele>
        <time>2020-06-24T09:21:02.840Z</time>
    </trkpt>
    <trkpt lat="45.65607218071818" lon="15.324290161952376">
        <ele>186.8</ele>
        <time>2020-06-24T09:21:03.840Z</time>
    </trkpt>
    <trkpt lat="45.656031277030706" lon="15.324161499738693">
        <ele>186.4</ele>
        <time>2020-06-24T09:21:04.840Z</time>
    </trkpt>
    <trkpt lat="45.655924743041396" lon="15.323937367647886">
        <ele>185.6</ele>
        <time>2020-06-24T09:21:06.840Z</time>
    </trkpt>
    <trkpt lat="45.655660796910524" lon="15.323612317442894">
        <ele>185.0</ele>
        <time>2020-06-24T09:21:10.840Z</time>
    </trkpt>
    <trkpt lat="45.655271373689175" lon="15.32325885258615">
        <ele>185.4</ele>
        <time>2020-06-24T09:21:16.840Z</time>
    </trkpt>
    <trkpt lat="45.65494825132191" lon="15.322956936433911">
        <ele>186.2</ele>
        <time>2020-06-24T09:21:22.840Z</time>
    </trkpt>
    <trkpt lat="45.65460995770991" lon="15.32263733446598">
        <ele>188.4</ele>
        <time>2020-06-24T09:21:29.840Z</time>
    </trkpt>
    <trkpt lat="45.65428314730525" lon="15.322299879044294">
        <ele>189.0</ele>
        <time>2020-06-24T09:21:36.840Z</time>
    </trkpt>
    <trkpt lat="45.654203770682216" lon="15.322186639532447">
        <ele>189.4</ele>
        <time>2020-06-24T09:21:38.840Z</time>
    </trkpt>
    <trkpt lat="45.654099164530635" lon="15.321993939578533">
        <ele>190.0</ele>
        <time>2020-06-24T09:21:41.840Z</time>
    </trkpt>
    <trkpt lat="45.65402255393565" lon="15.321775507181883">
        <ele>191.0</ele>
        <time>2020-06-24T09:21:44.840Z</time>
    </trkpt>
    <trkpt lat="45.653933538123965" lon="15.321298073977232">
        <ele>193.8</ele>
        <time>2020-06-24T09:21:50.840Z</time>
    </trkpt>
    <trkpt lat="45.65383748151362" lon="15.320513192564249">
        <ele>197.4</ele>
        <time>2020-06-24T09:21:59.840Z</time>
    </trkpt>
    <trkpt lat="45.65378978848457" lon="15.320350751280785">
        <ele>197.6</ele>
        <time>2020-06-24T09:22:01.840Z</time>
    </trkpt>
    <trkpt lat="45.65370756201446" lon="15.320221418514848">
        <ele>196.8</ele>
        <time>2020-06-24T09:22:03.840Z</time>
    </trkpt>
    <trkpt lat="45.65349214710295" lon="15.3200460691005">
        <ele>194.6</ele>
        <time>2020-06-24T09:22:07.840Z</time>
    </trkpt>
    <trkpt lat="45.65333163365722" lon="15.31990977935493">
        <ele>193.0</ele>
        <time>2020-06-24T09:22:10.840Z</time>
    </trkpt>
    <trkpt lat="45.65325351431966" lon="15.319768628105521">
        <ele>192.6</ele>
        <time>2020-06-24T09:22:12.840Z</time>
    </trkpt>
    <trkpt lat="45.65320716239512" lon="15.319582130759954">
        <ele>192.6</ele>
        <time>2020-06-24T09:22:14.840Z</time>
    </trkpt>
    <trkpt lat="45.653171204030514" lon="15.319371744990349">
        <ele>192.8</ele>
        <time>2020-06-24T09:22:16.840Z</time>
    </trkpt>
    <trkpt lat="45.653103394433856" lon="15.319021046161652">
        <ele>193.2</ele>
        <time>2020-06-24T09:22:19.840Z</time>
    </trkpt>
    <trkpt lat="45.65310414880514" lon="15.318768247961998">
        <ele>194.0</ele>
        <time>2020-06-24T09:22:21.840Z</time>
    </trkpt>
    <trkpt lat="45.653180591762066" lon="15.318318977952003">
        <ele>192.6</ele>
        <time>2020-06-24T09:22:25.840Z</time>
    </trkpt>
    <trkpt lat="45.653214203193784" lon="15.318217556923628">
        <ele>192.4</ele>
        <time>2020-06-24T09:22:26.840Z</time>
    </trkpt>
    <trkpt lat="45.653258711099625" lon="15.318116638809443">
        <ele>193.4</ele>
        <time>2020-06-24T09:22:27.840Z</time>
    </trkpt>
    <trkpt lat="45.65336273051798" lon="15.317900385707617">
        <ele>196.2</ele>
        <time>2020-06-24T09:22:29.840Z</time>
    </trkpt>
    <trkpt lat="45.653387205675244" lon="15.317769879475236">
        <ele>196.2</ele>
        <time>2020-06-24T09:22:30.840Z</time>
    </trkpt>
    <trkpt lat="45.653381338343024" lon="15.31762059777975">
        <ele>195.2</ele>
        <time>2020-06-24T09:22:31.840Z</time>
    </trkpt>
    <trkpt lat="45.653351582586765" lon="15.317472405731678">
        <ele>193.8</ele>
        <time>2020-06-24T09:22:32.840Z</time>
    </trkpt>
    <trkpt lat="45.65329257398844" lon="15.317334523424506">
        <ele>192.0</ele>
        <time>2020-06-24T09:22:33.840Z</time>
    </trkpt>
    <trkpt lat="45.65321629866958" lon="15.317220194265246">
        <ele>189.8</ele>
        <time>2020-06-24T09:22:34.840Z</time>
    </trkpt>
    <trkpt lat="45.65306290984154" lon="15.317027661949396">
        <ele>185.2</ele>
        <time>2020-06-24T09:22:36.840Z</time>
    </trkpt>
    <trkpt lat="45.65301530063152" lon="15.316914087161422">
        <ele>183.8</ele>
        <time>2020-06-24T09:22:37.840Z</time>
    </trkpt>
    <trkpt lat="45.652990909293294" lon="15.316788777709007">
        <ele>183.2</ele>
        <time>2020-06-24T09:22:38.840Z</time>
    </trkpt>
    <trkpt lat="45.652995351701975" lon="15.316657181829214">
        <ele>183.4</ele>
        <time>2020-06-24T09:22:39.840Z</time>
    </trkpt>
    <trkpt lat="45.6530234310776" lon="15.316527178511024">
        <ele>184.0</ele>
        <time>2020-06-24T09:22:40.840Z</time>
    </trkpt>
    <trkpt lat="45.6530699506402" lon="15.316291814669967">
        <ele>185.0</ele>
        <time>2020-06-24T09:22:42.840Z</time>
    </trkpt>
    <trkpt lat="45.653056958690286" lon="15.315969698131084">
        <ele>181.2</ele>
        <time>2020-06-24T09:22:45.840Z</time>
    </trkpt>
    <trkpt lat="45.653108758851886" lon="15.31575696542859">
        <ele>180.0</ele>
        <time>2020-06-24T09:22:47.840Z</time>
    </trkpt>
    <trkpt lat="45.65315343439579" lon="15.315648503601551">
        <ele>180.0</ele>
        <time>2020-06-24T09:22:48.840Z</time>
    </trkpt>
    <trkpt lat="45.65332115627825" lon="15.315231336280704">
        <ele>180.0</ele>
        <time>2020-06-24T09:22:52.840Z</time>
    </trkpt>
    <trkpt lat="45.65334990620613" lon="15.315132262185216">
        <ele>180.0</ele>
        <time>2020-06-24T09:22:53.840Z</time>
    </trkpt>
    <trkpt lat="45.65336851403117" lon="15.315034110099077">
        <ele>179.6</ele>
        <time>2020-06-24T09:22:54.840Z</time>
    </trkpt>
    <trkpt lat="45.65337622538209" lon="15.314864125102758">
        <ele>177.6</ele>
        <time>2020-06-24T09:22:56.840Z</time>
    </trkpt>
    <trkpt lat="45.65337220206857" lon="15.314789358526468">
        <ele>176.4</ele>
        <time>2020-06-24T09:22:57.840Z</time>
    </trkpt>
    <trkpt lat="45.653376979753375" lon="15.314589198678732">
        <ele>174.2</ele>
        <time>2020-06-24T09:23:00.840Z</time>
    </trkpt>
    <trkpt lat="45.65339282155037" lon="15.314412089064717">
        <ele>174.4</ele>
        <time>2020-06-24T09:23:02.840Z</time>
    </trkpt>
    <trkpt lat="45.65341729670763" lon="15.314316116273403">
        <ele>174.6</ele>
        <time>2020-06-24T09:23:03.840Z</time>
    </trkpt>
    <trkpt lat="45.65345535054803" lon="15.314228273928165">
        <ele>175.2</ele>
        <time>2020-06-24T09:23:04.840Z</time>
    </trkpt>
    <trkpt lat="45.65354084596038" lon="15.314081590622663">
        <ele>175.2</ele>
        <time>2020-06-24T09:23:06.840Z</time>
    </trkpt>
    <trkpt lat="45.65356012433767" lon="15.313933566212654">
        <ele>174.4</ele>
        <time>2020-06-24T09:23:08.840Z</time>
    </trkpt>
    <trkpt lat="45.6535448692739" lon="15.313874809071422">
        <ele>173.8</ele>
        <time>2020-06-24T09:23:09.840Z</time>
    </trkpt>
    <trkpt lat="45.65344914793968" lon="15.313737262040377">
        <ele>172.2</ele>
        <time>2020-06-24T09:23:13.840Z</time>
    </trkpt>
    <trkpt lat="45.65336935222149" lon="15.31373055651784">
        <ele>171.2</ele>
        <time>2020-06-24T09:23:16.840Z</time>
    </trkpt>
    <trkpt lat="45.653308583423495" lon="15.313817225396633">
        <ele>170.4</ele>
        <time>2020-06-24T09:23:18.840Z</time>
    </trkpt>
    <trkpt lat="45.653277235105634" lon="15.313892662525177">
        <ele>170.6</ele>
        <time>2020-06-24T09:23:19.840Z</time>
    </trkpt>
    <trkpt lat="45.653145303949714" lon="15.314287282526493">
        <ele>169.8</ele>
        <time>2020-06-24T09:23:23.840Z</time>
    </trkpt>
    <trkpt lat="45.65293684601784" lon="15.314888432621956">
        <ele>169.8</ele>
        <time>2020-06-24T09:23:29.840Z</time>
    </trkpt>
    <trkpt lat="45.652692932635546" lon="15.315325213596225">
        <ele>170.2</ele>
        <time>2020-06-24T09:23:34.840Z</time>
    </trkpt>
    <trkpt lat="45.65240208059549" lon="15.315678091719747">
        <ele>166.8</ele>
        <time>2020-06-24T09:23:39.840Z</time>
    </trkpt>
    <trkpt lat="45.65221583470702" lon="15.315843801945448">
        <ele>164.2</ele>
        <time>2020-06-24T09:23:42.840Z</time>
    </trkpt>
    <trkpt lat="45.65208130516112" lon="15.315893422812223">
        <ele>164.0</ele>
        <time>2020-06-24T09:23:44.840Z</time>
    </trkpt>
    <trkpt lat="45.65193965099752" lon="15.315911611542106">
        <ele>163.8</ele>
        <time>2020-06-24T09:23:46.840Z</time>
    </trkpt>
    <trkpt lat="45.65181157551706" lon="15.316004315391183">
        <ele>164.2</ele>
        <time>2020-06-24T09:23:48.840Z</time>
    </trkpt>
    <trkpt lat="45.6517577636987" lon="15.316049074754119">
        <ele>164.4</ele>
        <time>2020-06-24T09:23:49.840Z</time>
    </trkpt>
    <trkpt lat="45.65166983753443" lon="15.316107831895351">
        <ele>164.6</ele>
        <time>2020-06-24T09:23:51.840Z</time>
    </trkpt>
    <trkpt lat="45.65162851475179" lon="15.316132390871644">
        <ele>164.6</ele>
        <time>2020-06-24T09:23:52.840Z</time>
    </trkpt>
    <trkpt lat="45.65150831826031" lon="15.316180670633912">
        <ele>164.6</ele>
        <time>2020-06-24T09:23:55.840Z</time>
    </trkpt>
    <trkpt lat="45.65134948119521" lon="15.316284941509366">
        <ele>165.0</ele>
        <time>2020-06-24T09:24:00.840Z</time>
    </trkpt>
    <trkpt lat="45.65125702880323" lon="15.316470768302679">
        <ele>164.6</ele>
        <time>2020-06-24T09:24:04.840Z</time>
    </trkpt>
    <trkpt lat="45.65121243707836" lon="15.316581325605512">
        <ele>164.2</ele>
        <time>2020-06-24T09:24:06.840Z</time>
    </trkpt>
    <trkpt lat="45.65112652257085" lon="15.316700767725706">
        <ele>163.8</ele>
        <time>2020-06-24T09:24:09.840Z</time>
    </trkpt>
    </trkseg>
</trk>
</gpx>