<?xml version="1.0" encoding="UTF-8"?>
<gpx xmlns:xsi="http://www.w3.org/2001/XMLSchema-instance" xmlns="http://www.topografix.com/GPX/1/1" xsi:schemaLocation="http://www.topografix.com/GPX/1/1 http://www.topografix.com/GPX/1/1/gpx.xsd http://www.garmin.com/xmlschemas/GpxExtensions/v3 http://www.garmin.com/xmlschemas/GpxExtensionsv3.xsd http://www.garmin.com/xmlschemas/TrackPointExtension/v1 http://www.garmin.com/xmlschemas/TrackPointExtensionv1.xsd http://www.topografix.com/GPX/gpx_style/0/2 http://www.topografix.com/GPX/gpx_style/0/2/gpx_style.xsd" xmlns:gpxtpx="http://www.garmin.com/xmlschemas/TrackPointExtension/v1" xmlns:gpxx="http://www.garmin.com/xmlschemas/GpxExtensions/v3" xmlns:gpx_style="http://www.topografix.com/GPX/gpx_style/0/2" version="1.1" creator="GDAL 3.1.0">
<metadata>
    <name>turnokolesarska_3049_stkp-_etapa_21_koca_pri_jelenovem_studencu-planinski_dom_na_mirni_gori</name>
    <author>
        <name>gpx.studio</name>
        <link href="https://gpx.studio"></link>
    </author>
</metadata>
<trk>
    <name>Turnokolesarska 3049 STKP, etapa 21: Koča pri Jelenovem studencu-Planinski dom na Mirni gori</name>
    <type>Cycling</type>
    <trkseg>
    <trkpt lat="45.620135" lon="14.847283">
        <ele>907.5</ele>
    </trkpt>
    <trkpt lat="45.620137" lon="14.847246">
        <ele>907.3</ele>
    </trkpt>
    <trkpt lat="45.619916" lon="14.847184">
        <ele>907.0</ele>
        <extensions>
        <gpxtpx:TrackPointExtension>
        <gpxtpx:Extensions>
            <surface>gravel</surface>
        </gpxtpx:Extensions>
        </gpxtpx:TrackPointExtension>
        </extensions>
    </trkpt>
    <trkpt lat="45.619832" lon="14.847206">
        <ele>907.8</ele>
        <extensions>
        <gpxtpx:TrackPointExtension>
        <gpxtpx:Extensions>
            <surface>gravel</surface>
        </gpxtpx:Extensions>
        </gpxtpx:TrackPointExtension>
        </extensions>
    </trkpt>
    <trkpt lat="45.619566" lon="14.847464">
        <ele>913.0</ele>
    </trkpt>
    <trkpt lat="45.61905" lon="14.847407">
        <ele>914.5</ele>
    </trkpt>
    <trkpt lat="45.618789" lon="14.847343">
        <ele>911.8</ele>
    </trkpt>
    <trkpt lat="45.618481" lon="14.847466">
        <ele>910.8</ele>
        <extensions>
        <gpxtpx:TrackPointExtension>
        <gpxtpx:Extensions>
            <surface>gravel</surface>
        </gpxtpx:Extensions>
        </gpxtpx:TrackPointExtension>
        </extensions>
    </trkpt>
    <trkpt lat="45.618062" lon="14.847421">
        <ele>909.5</ele>
        <extensions>
        <gpxtpx:TrackPointExtension>
        <gpxtpx:Extensions>
            <surface>gravel</surface>
        </gpxtpx:Extensions>
        </gpxtpx:TrackPointExtension>
        </extensions>
    </trkpt>
    <trkpt lat="45.617295" lon="14.846915">
        <ele>906.8</ele>
        <extensions>
        <gpxtpx:TrackPointExtension>
        <gpxtpx:Extensions>
            <surface>gravel</surface>
        </gpxtpx:Extensions>
        </gpxtpx:TrackPointExtension>
        </extensions>
    </trkpt>
    <trkpt lat="45.616838" lon="14.846613">
        <ele>905.3</ele>
        <extensions>
        <gpxtpx:TrackPointExtension>
        <gpxtpx:Extensions>
            <surface>gravel</surface>
        </gpxtpx:Extensions>
        </gpxtpx:TrackPointExtension>
        </extensions>
    </trkpt>
    <trkpt lat="45.615791" lon="14.846391">
        <ele>902.5</ele>
        <extensions>
        <gpxtpx:TrackPointExtension>
        <gpxtpx:Extensions>
            <surface>gravel</surface>
        </gpxtpx:Extensions>
        </gpxtpx:TrackPointExtension>
        </extensions>
    </trkpt>
    <trkpt lat="45.612384861" lon="14.85008231">
        <ele>943.7</ele>
    </trkpt>
    <trkpt lat="45.61236914" lon="14.850380068">
        <ele>941.7</ele>
    </trkpt>
    <trkpt lat="45.612668036" lon="14.851966338">
        <ele>927.5</ele>
    </trkpt>
    <trkpt lat="45.612625334" lon="14.852351097">
        <ele>927.2</ele>
    </trkpt>
    <trkpt lat="45.612323231" lon="14.85324772">
        <ele>925.3</ele>
    </trkpt>
    <trkpt lat="45.612325047" lon="14.853322261">
        <ele>925.3</ele>
    </trkpt>
    <trkpt lat="45.612332818" lon="14.853641443">
        <ele>922.0</ele>
    </trkpt>
    <trkpt lat="45.612282286" lon="14.854313676">
        <ele>921.8</ele>
    </trkpt>
    <trkpt lat="45.612038264" lon="14.855008998">
        <ele>922.7</ele>
    </trkpt>
    <trkpt lat="45.612077351" lon="14.855325788">
        <ele>921.9</ele>
    </trkpt>
    <trkpt lat="45.612486959" lon="14.855472195">
        <ele>913.5</ele>
    </trkpt>
    <trkpt lat="45.612475" lon="14.857176">
        <ele>914.8</ele>
    </trkpt>
    <trkpt lat="45.612551" lon="14.857274">
        <ele>913.8</ele>
    </trkpt>
    <trkpt lat="45.612855" lon="14.857668">
        <ele>910.3</ele>
    </trkpt>
    <trkpt lat="45.613031" lon="14.857763">
        <ele>910.3</ele>
    </trkpt>
    <trkpt lat="45.61322" lon="14.857828">
        <ele>910.5</ele>
    </trkpt>
    <trkpt lat="45.613411" lon="14.857914">
        <ele>909.3</ele>
    </trkpt>
    <trkpt lat="45.613461" lon="14.857903">
        <ele>909.3</ele>
    </trkpt>
    <trkpt lat="45.613517" lon="14.85789">
        <ele>908.8</ele>
    </trkpt>
    <trkpt lat="45.61328253" lon="14.858658643">
        <ele>893.4</ele>
    </trkpt>
    <trkpt lat="45.613283023" lon="14.859062527">
        <ele>892.4</ele>
    </trkpt>
    <trkpt lat="45.61312134" lon="14.859300129">
        <ele>892.7</ele>
    </trkpt>
    <trkpt lat="45.613124407" lon="14.859332953">
        <ele>892.2</ele>
    </trkpt>
    <trkpt lat="45.613103718" lon="14.859607891">
        <ele>893.4</ele>
    </trkpt>
    <trkpt lat="45.613350311" lon="14.860032272">
        <ele>894.7</ele>
    </trkpt>
    <trkpt lat="45.613505931" lon="14.860155033">
        <ele>894.9</ele>
    </trkpt>
    <trkpt lat="45.613511554" lon="14.860153416">
        <ele>894.9</ele>
    </trkpt>
    <trkpt lat="45.613407585" lon="14.860195987">
        <ele>897.2</ele>
    </trkpt>
    <trkpt lat="45.613062062" lon="14.860207091">
        <ele>905.4</ele>
    </trkpt>
    <trkpt lat="45.612745555" lon="14.860402755">
        <ele>915.4</ele>
    </trkpt>
    <trkpt lat="45.612600892" lon="14.860503434">
        <ele>919.9</ele>
    </trkpt>
    <trkpt lat="45.612573776" lon="14.860429508">
        <ele>919.3</ele>
    </trkpt>
    <trkpt lat="45.612445209" lon="14.860410035">
        <ele>924.3</ele>
    </trkpt>
    <trkpt lat="45.612336027" lon="14.860346194">
        <ele>928.0</ele>
    </trkpt>
    <trkpt lat="45.61225706" lon="14.860154066">
        <ele>932.3</ele>
    </trkpt>
    <trkpt lat="45.612190598" lon="14.860072492">
        <ele>935.1</ele>
    </trkpt>
    <trkpt lat="45.612153535" lon="14.860117458">
        <ele>937.0</ele>
    </trkpt>
    <trkpt lat="45.61214242" lon="14.86022807">
        <ele>939.1</ele>
    </trkpt>
    <trkpt lat="45.612096434" lon="14.860335563">
        <ele>942.5</ele>
    </trkpt>
    <trkpt lat="45.611993379" lon="14.860427723">
        <ele>948.1</ele>
    </trkpt>
    <trkpt lat="45.611945841" lon="14.860443311">
        <ele>949.8</ele>
    </trkpt>
    <trkpt lat="45.611922203" lon="14.860428944">
        <ele>950.5</ele>
    </trkpt>
    <trkpt lat="45.611931069" lon="14.860319941">
        <ele>952.5</ele>
    </trkpt>
    <trkpt lat="45.611895065" lon="14.860310413">
        <ele>955.2</ele>
    </trkpt>
    <trkpt lat="45.611855794" lon="14.860390644">
        <ele>956.7</ele>
    </trkpt>
    <trkpt lat="45.611831096" lon="14.86043077">
        <ele>957.2</ele>
    </trkpt>
    <trkpt lat="45.611783883" lon="14.860453323">
        <ele>958.8</ele>
    </trkpt>
    <trkpt lat="45.611756041" lon="14.860421893">
        <ele>960.9</ele>
    </trkpt>
    <trkpt lat="45.611769435" lon="14.860335316">
        <ele>963.8</ele>
    </trkpt>
    <trkpt lat="45.611738972" lon="14.860258462">
        <ele>963.5</ele>
    </trkpt>
    <trkpt lat="45.611707446" lon="14.860232898">
        <ele>965.1</ele>
    </trkpt>
    <trkpt lat="45.611672253" lon="14.860226017">
        <ele>966.2</ele>
    </trkpt>
    <trkpt lat="45.611707452" lon="14.860232907">
        <ele>965.1</ele>
    </trkpt>
    <trkpt lat="45.611738978" lon="14.860258471">
        <ele>963.5</ele>
    </trkpt>
    <trkpt lat="45.611769441" lon="14.860335325">
        <ele>963.8</ele>
    </trkpt>
    <trkpt lat="45.611756047" lon="14.860421902">
        <ele>960.9</ele>
    </trkpt>
    <trkpt lat="45.611783889" lon="14.860453332">
        <ele>958.8</ele>
    </trkpt>
    <trkpt lat="45.611831103" lon="14.860430779">
        <ele>957.2</ele>
    </trkpt>
    <trkpt lat="45.6118558" lon="14.860390653">
        <ele>956.7</ele>
    </trkpt>
    <trkpt lat="45.611895071" lon="14.860310422">
        <ele>955.2</ele>
    </trkpt>
    <trkpt lat="45.611931076" lon="14.86031995">
        <ele>952.5</ele>
    </trkpt>
    <trkpt lat="45.61192221" lon="14.860428953">
        <ele>950.5</ele>
    </trkpt>
    <trkpt lat="45.611945847" lon="14.86044332">
        <ele>949.8</ele>
    </trkpt>
    <trkpt lat="45.611993385" lon="14.860427732">
        <ele>948.1</ele>
    </trkpt>
    <trkpt lat="45.612096439" lon="14.860335572">
        <ele>942.5</ele>
    </trkpt>
    <trkpt lat="45.612142427" lon="14.860228079">
        <ele>939.1</ele>
    </trkpt>
    <trkpt lat="45.612153541" lon="14.860117467">
        <ele>937.0</ele>
    </trkpt>
    <trkpt lat="45.612190605" lon="14.860072501">
        <ele>935.1</ele>
    </trkpt>
    <trkpt lat="45.612257067" lon="14.860154075">
        <ele>932.3</ele>
    </trkpt>
    <trkpt lat="45.612336034" lon="14.860346203">
        <ele>928.0</ele>
    </trkpt>
    <trkpt lat="45.612445216" lon="14.860410044">
        <ele>924.3</ele>
    </trkpt>
    <trkpt lat="45.612573782" lon="14.860429517">
        <ele>919.3</ele>
    </trkpt>
    <trkpt lat="45.612600899" lon="14.860503443">
        <ele>919.9</ele>
    </trkpt>
    <trkpt lat="45.612745561" lon="14.860402764">
        <ele>915.4</ele>
    </trkpt>
    <trkpt lat="45.613062068" lon="14.8602071">
        <ele>905.4</ele>
    </trkpt>
    <trkpt lat="45.613407591" lon="14.860195996">
        <ele>897.2</ele>
    </trkpt>
    <trkpt lat="45.61351156" lon="14.860153425">
        <ele>894.9</ele>
    </trkpt>
    <trkpt lat="45.613505938" lon="14.860155042">
        <ele>894.9</ele>
    </trkpt>
    <trkpt lat="45.613350317" lon="14.860032281">
        <ele>894.7</ele>
    </trkpt>
    <trkpt lat="45.613103724" lon="14.8596079">
        <ele>893.4</ele>
    </trkpt>
    <trkpt lat="45.613124413" lon="14.859332962">
        <ele>892.2</ele>
    </trkpt>
    <trkpt lat="45.613121346" lon="14.859300138">
        <ele>892.7</ele>
    </trkpt>
    <trkpt lat="45.613283029" lon="14.859062536">
        <ele>892.4</ele>
    </trkpt>
    <trkpt lat="45.613282537" lon="14.858658652">
        <ele>893.4</ele>
    </trkpt>
    <trkpt lat="45.613517" lon="14.85789">
        <ele>908.8</ele>
    </trkpt>
    <trkpt lat="45.613741" lon="14.85784">
        <ele>907.8</ele>
    </trkpt>
    <trkpt lat="45.614326" lon="14.857545">
        <ele>903.5</ele>
    </trkpt>
    <trkpt lat="45.614974" lon="14.857241">
        <ele>894.8</ele>
    </trkpt>
    <trkpt lat="45.615183" lon="14.857283">
        <ele>891.0</ele>
    </trkpt>
    <trkpt lat="45.615408" lon="14.857329">
        <ele>887.3</ele>
    </trkpt>
    <trkpt lat="45.615831" lon="14.857314">
        <ele>882.5</ele>
    </trkpt>
    <trkpt lat="45.616013" lon="14.857426">
        <ele>877.8</ele>
    </trkpt>
    <trkpt lat="45.616187" lon="14.857577">
        <ele>872.0</ele>
    </trkpt>
    <trkpt lat="45.616276" lon="14.857606">
        <ele>870.3</ele>
    </trkpt>
    <trkpt lat="45.616513" lon="14.857664">
        <ele>866.3</ele>
    </trkpt>
    <trkpt lat="45.617095" lon="14.857392">
        <ele>861.8</ele>
    </trkpt>
    <trkpt lat="45.6172" lon="14.857336">
        <ele>861.0</ele>
    </trkpt>
    <trkpt lat="45.617186" lon="14.857368">
        <ele>860.3</ele>
    </trkpt>
    <trkpt lat="45.617125" lon="14.857513">
        <ele>857.8</ele>
    </trkpt>
    <trkpt lat="45.617075" lon="14.857578">
        <ele>857.5</ele>
    </trkpt>
    <trkpt lat="45.616963" lon="14.857698">
        <ele>857.5</ele>
    </trkpt>
    <trkpt lat="45.616864" lon="14.857843">
        <ele>856.8</ele>
    </trkpt>
    <trkpt lat="45.616723" lon="14.858064">
        <ele>855.3</ele>
    </trkpt>
    <trkpt lat="45.616547" lon="14.858378">
        <ele>851.3</ele>
    </trkpt>
    <trkpt lat="45.616403" lon="14.85857">
        <ele>848.8</ele>
    </trkpt>
    <trkpt lat="45.61632" lon="14.858636">
        <ele>848.5</ele>
    </trkpt>
    <trkpt lat="45.616255" lon="14.858724">
        <ele>847.5</ele>
    </trkpt>
    <trkpt lat="45.616225" lon="14.858788">
        <ele>846.8</ele>
    </trkpt>
    <trkpt lat="45.616219" lon="14.858995">
        <ele>842.8</ele>
    </trkpt>
    <trkpt lat="45.616217" lon="14.859066">
        <ele>841.5</ele>
    </trkpt>
    <trkpt lat="45.616196" lon="14.85927">
        <ele>838.5</ele>
    </trkpt>
    <trkpt lat="45.616162" lon="14.859468">
        <ele>836.8</ele>
    </trkpt>
    <trkpt lat="45.616116" lon="14.859653">
        <ele>835.3</ele>
    </trkpt>
    <trkpt lat="45.616024" lon="14.859913">
        <ele>833.8</ele>
    </trkpt>
    <trkpt lat="45.615862" lon="14.860222">
        <ele>832.0</ele>
    </trkpt>
    <trkpt lat="45.615642" lon="14.860691">
        <ele>830.3</ele>
    </trkpt>
    <trkpt lat="45.615472" lon="14.860999">
        <ele>828.8</ele>
    </trkpt>
    <trkpt lat="45.615389" lon="14.861124">
        <ele>828.3</ele>
    </trkpt>
    <trkpt lat="45.615369" lon="14.861197">
        <ele>827.0</ele>
    </trkpt>
    <trkpt lat="45.615376" lon="14.861228">
        <ele>826.0</ele>
    </trkpt>
    <trkpt lat="45.615391" lon="14.861243">
        <ele>825.0</ele>
    </trkpt>
    <trkpt lat="45.615453" lon="14.861244">
        <ele>822.8</ele>
    </trkpt>
    <trkpt lat="45.61547" lon="14.861245">
        <ele>822.3</ele>
    </trkpt>
    <trkpt lat="45.615574" lon="14.861135">
        <ele>821.5</ele>
    </trkpt>
    <trkpt lat="45.615773" lon="14.86097">
        <ele>819.3</ele>
    </trkpt>
    <trkpt lat="45.616032" lon="14.860822">
        <ele>816.0</ele>
    </trkpt>
    <trkpt lat="45.616345" lon="14.860661">
        <ele>811.3</ele>
    </trkpt>
    <trkpt lat="45.616551" lon="14.860599">
        <ele>807.5</ele>
    </trkpt>
    <trkpt lat="45.616661" lon="14.86058">
        <ele>805.0</ele>
    </trkpt>
    <trkpt lat="45.616815" lon="14.860506">
        <ele>803.3</ele>
    </trkpt>
    <trkpt lat="45.616978" lon="14.860407">
        <ele>801.5</ele>
    </trkpt>
    <trkpt lat="45.617111" lon="14.860255">
        <ele>801.3</ele>
    </trkpt>
    <trkpt lat="45.617226" lon="14.860136">
        <ele>800.8</ele>
    </trkpt>
    <trkpt lat="45.617271" lon="14.860108">
        <ele>800.0</ele>
    </trkpt>
    <trkpt lat="45.617494" lon="14.86006">
        <ele>795.0</ele>
    </trkpt>
    <trkpt lat="45.617683" lon="14.859914">
        <ele>792.5</ele>
    </trkpt>
    <trkpt lat="45.617811" lon="14.859796">
        <ele>791.3</ele>
    </trkpt>
    <trkpt lat="45.617864" lon="14.859684">
        <ele>791.8</ele>
    </trkpt>
    <trkpt lat="45.617929" lon="14.859523">
        <ele>793.3</ele>
    </trkpt>
    <trkpt lat="45.617999" lon="14.859413">
        <ele>793.5</ele>
    </trkpt>
    <trkpt lat="45.618071" lon="14.859325">
        <ele>793.5</ele>
    </trkpt>
    <trkpt lat="45.618194" lon="14.859272">
        <ele>791.3</ele>
    </trkpt>
    <trkpt lat="45.618767" lon="14.859093">
        <ele>779.5</ele>
    </trkpt>
    <trkpt lat="45.618932" lon="14.858981">
        <ele>776.8</ele>
    </trkpt>
    <trkpt lat="45.61901" lon="14.858841">
        <ele>777.3</ele>
    </trkpt>
    <trkpt lat="45.619111" lon="14.858698">
        <ele>776.5</ele>
    </trkpt>
    <trkpt lat="45.619213" lon="14.858625">
        <ele>774.5</ele>
    </trkpt>
    <trkpt lat="45.619535" lon="14.858482">
        <ele>766.3</ele>
    </trkpt>
    <trkpt lat="45.619584" lon="14.858456">
        <ele>765.0</ele>
    </trkpt>
    <trkpt lat="45.619713" lon="14.858389">
        <ele>761.8</ele>
    </trkpt>
    <trkpt lat="45.619838" lon="14.858287">
        <ele>759.5</ele>
    </trkpt>
    <trkpt lat="45.619928" lon="14.858201">
        <ele>758.5</ele>
    </trkpt>
    <trkpt lat="45.619992" lon="14.858063">
        <ele>759.8</ele>
    </trkpt>
    <trkpt lat="45.62007" lon="14.857964">
        <ele>760.0</ele>
    </trkpt>
    <trkpt lat="45.620192" lon="14.857878">
        <ele>758.8</ele>
    </trkpt>
    <trkpt lat="45.620524" lon="14.857712">
        <ele>754.0</ele>
    </trkpt>
    <trkpt lat="45.620548" lon="14.857705">
        <ele>753.5</ele>
    </trkpt>
    <trkpt lat="45.62083" lon="14.857633">
        <ele>747.8</ele>
    </trkpt>
    <trkpt lat="45.621916" lon="14.857512">
        <ele>729.5</ele>
    </trkpt>
    <trkpt lat="45.622367" lon="14.857359">
        <ele>724.8</ele>
    </trkpt>
    <trkpt lat="45.622497" lon="14.857318">
        <ele>723.0</ele>
    </trkpt>
    <trkpt lat="45.622541" lon="14.857305">
        <ele>722.5</ele>
    </trkpt>
    <trkpt lat="45.622846" lon="14.857217">
        <ele>718.3</ele>
    </trkpt>
    <trkpt lat="45.622991" lon="14.857146">
        <ele>716.8</ele>
    </trkpt>
    <trkpt lat="45.623169" lon="14.857035">
        <ele>715.5</ele>
    </trkpt>
    <trkpt lat="45.62328" lon="14.856951">
        <ele>714.5</ele>
    </trkpt>
    <trkpt lat="45.623398" lon="14.856899">
        <ele>713.3</ele>
    </trkpt>
    <trkpt lat="45.623683" lon="14.856797">
        <ele>710.3</ele>
    </trkpt>
    <trkpt lat="45.624225" lon="14.856559">
        <ele>706.8</ele>
    </trkpt>
    <trkpt lat="45.624336" lon="14.856492">
        <ele>705.3</ele>
    </trkpt>
    <trkpt lat="45.6246" lon="14.856307">
        <ele>702.8</ele>
    </trkpt>
    <trkpt lat="45.624803" lon="14.856148">
        <ele>701.0</ele>
    </trkpt>
    <trkpt lat="45.625066" lon="14.856027">
        <ele>696.3</ele>
    </trkpt>
    <trkpt lat="45.62527" lon="14.85595">
        <ele>693.0</ele>
    </trkpt>
    <trkpt lat="45.626278" lon="14.85567">
        <ele>678.3</ele>
    </trkpt>
    <trkpt lat="45.626495" lon="14.85562">
        <ele>675.3</ele>
    </trkpt>
    <trkpt lat="45.62665" lon="14.855599">
        <ele>672.5</ele>
    </trkpt>
    <trkpt lat="45.627097" lon="14.855489">
        <ele>667.0</ele>
    </trkpt>
    <trkpt lat="45.627252" lon="14.855444">
        <ele>665.3</ele>
    </trkpt>
    <trkpt lat="45.627305" lon="14.855424">
        <ele>664.5</ele>
    </trkpt>
    <trkpt lat="45.627467" lon="14.855366">
        <ele>663.0</ele>
    </trkpt>
    <trkpt lat="45.627592" lon="14.855299">
        <ele>661.8</ele>
    </trkpt>
    <trkpt lat="45.62769" lon="14.855228">
        <ele>661.0</ele>
    </trkpt>
    <trkpt lat="45.627807" lon="14.855099">
        <ele>661.8</ele>
    </trkpt>
    <trkpt lat="45.627908" lon="14.855031">
        <ele>661.3</ele>
    </trkpt>
    <trkpt lat="45.628089" lon="14.854943">
        <ele>659.3</ele>
    </trkpt>
    <trkpt lat="45.62836" lon="14.854856">
        <ele>654.3</ele>
    </trkpt>
    <trkpt lat="45.629105" lon="14.854467">
        <ele>641.3</ele>
    </trkpt>
    <trkpt lat="45.630015" lon="14.853833">
        <ele>626.8</ele>
    </trkpt>
    <trkpt lat="45.630371" lon="14.853571">
        <ele>622.0</ele>
    </trkpt>
    <trkpt lat="45.630486" lon="14.853507">
        <ele>619.5</ele>
    </trkpt>
    <trkpt lat="45.630595" lon="14.853506">
        <ele>615.0</ele>
    </trkpt>
    <trkpt lat="45.630749" lon="14.853387">
        <ele>612.8</ele>
    </trkpt>
    <trkpt lat="45.631238" lon="14.853052">
        <ele>605.0</ele>
    </trkpt>
    <trkpt lat="45.63135" lon="14.85296">
        <ele>603.5</ele>
    </trkpt>
    <trkpt lat="45.631442" lon="14.852869">
        <ele>602.3</ele>
    </trkpt>
    <trkpt lat="45.631554" lon="14.85276">
        <ele>601.3</ele>
    </trkpt>
    <trkpt lat="45.631741" lon="14.852542">
        <ele>600.5</ele>
    </trkpt>
    <trkpt lat="45.63195" lon="14.852264">
        <ele>600.8</ele>
    </trkpt>
    <trkpt lat="45.632133" lon="14.852097">
        <ele>597.5</ele>
    </trkpt>
    <trkpt lat="45.632464" lon="14.851758">
        <ele>590.5</ele>
    </trkpt>
    <trkpt lat="45.632574" lon="14.851597">
        <ele>591.0</ele>
    </trkpt>
    <trkpt lat="45.632645" lon="14.851506">
        <ele>592.0</ele>
    </trkpt>
    <trkpt lat="45.632722" lon="14.851431">
        <ele>592.3</ele>
    </trkpt>
    <trkpt lat="45.632996" lon="14.851263">
        <ele>590.0</ele>
    </trkpt>
    <trkpt lat="45.633248" lon="14.851149">
        <ele>586.8</ele>
    </trkpt>
    <trkpt lat="45.633625" lon="14.850951">
        <ele>580.0</ele>
    </trkpt>
    <trkpt lat="45.63379" lon="14.850838">
        <ele>577.3</ele>
    </trkpt>
    <trkpt lat="45.633949" lon="14.850705">
        <ele>575.0</ele>
    </trkpt>
    <trkpt lat="45.63407" lon="14.850585">
        <ele>573.8</ele>
    </trkpt>
    <trkpt lat="45.634342" lon="14.85027">
        <ele>569.5</ele>
    </trkpt>
    <trkpt lat="45.634628" lon="14.849822">
        <ele>565.5</ele>
    </trkpt>
    <trkpt lat="45.635008" lon="14.849464">
        <ele>555.3</ele>
    </trkpt>
    <trkpt lat="45.635463" lon="14.848897">
        <ele>548.8</ele>
    </trkpt>
    <trkpt lat="45.635503" lon="14.848843">
        <ele>548.8</ele>
    </trkpt>
    <trkpt lat="45.635547" lon="14.848737">
        <ele>550.3</ele>
    </trkpt>
    <trkpt lat="45.635605" lon="14.848677">
        <ele>549.8</ele>
    </trkpt>
    <trkpt lat="45.635696" lon="14.848624">
        <ele>547.3</ele>
    </trkpt>
    <trkpt lat="45.635628" lon="14.84888">
        <ele>541.0</ele>
        <extensions>
        <gpxtpx:TrackPointExtension>
        <gpxtpx:Extensions>
            <surface>gravel</surface>
        </gpxtpx:Extensions>
        </gpxtpx:TrackPointExtension>
        </extensions>
    </trkpt>
    <trkpt lat="45.635623" lon="14.848903">
        <ele>540.5</ele>
        <extensions>
        <gpxtpx:TrackPointExtension>
        <gpxtpx:Extensions>
            <surface>gravel</surface>
        </gpxtpx:Extensions>
        </gpxtpx:TrackPointExtension>
        </extensions>
    </trkpt>
    <trkpt lat="45.63549" lon="14.849236">
        <ele>536.5</ele>
        <extensions>
        <gpxtpx:TrackPointExtension>
        <gpxtpx:Extensions>
            <surface>gravel</surface>
        </gpxtpx:Extensions>
        </gpxtpx:TrackPointExtension>
        </extensions>
    </trkpt>
    <trkpt lat="45.635005" lon="14.850239">
        <ele>537.5</ele>
        <extensions>
        <gpxtpx:TrackPointExtension>
        <gpxtpx:Extensions>
            <surface>gravel</surface>
        </gpxtpx:Extensions>
        </gpxtpx:TrackPointExtension>
        </extensions>
    </trkpt>
    <trkpt lat="45.634827" lon="14.850662">
        <ele>539.8</ele>
        <extensions>
        <gpxtpx:TrackPointExtension>
        <gpxtpx:Extensions>
            <surface>gravel</surface>
        </gpxtpx:Extensions>
        </gpxtpx:TrackPointExtension>
        </extensions>
    </trkpt>
    <trkpt lat="45.634739" lon="14.850838">
        <ele>540.5</ele>
        <extensions>
        <gpxtpx:TrackPointExtension>
        <gpxtpx:Extensions>
            <surface>gravel</surface>
        </gpxtpx:Extensions>
        </gpxtpx:TrackPointExtension>
        </extensions>
    </trkpt>
    <trkpt lat="45.6347" lon="14.85094">
        <ele>540.0</ele>
        <extensions>
        <gpxtpx:TrackPointExtension>
        <gpxtpx:Extensions>
            <surface>gravel</surface>
        </gpxtpx:Extensions>
        </gpxtpx:TrackPointExtension>
        </extensions>
    </trkpt>
    <trkpt lat="45.634667" lon="14.851106">
        <ele>537.8</ele>
        <extensions>
        <gpxtpx:TrackPointExtension>
        <gpxtpx:Extensions>
            <surface>gravel</surface>
        </gpxtpx:Extensions>
        </gpxtpx:TrackPointExtension>
        </extensions>
    </trkpt>
    <trkpt lat="45.634624" lon="14.851259">
        <ele>536.3</ele>
        <extensions>
        <gpxtpx:TrackPointExtension>
        <gpxtpx:Extensions>
            <surface>gravel</surface>
        </gpxtpx:Extensions>
        </gpxtpx:TrackPointExtension>
        </extensions>
    </trkpt>
    <trkpt lat="45.634554" lon="14.85143">
        <ele>535.0</ele>
        <extensions>
        <gpxtpx:TrackPointExtension>
        <gpxtpx:Extensions>
            <surface>gravel</surface>
        </gpxtpx:Extensions>
        </gpxtpx:TrackPointExtension>
        </extensions>
    </trkpt>
    <trkpt lat="45.634466" lon="14.851589">
        <ele>534.3</ele>
        <extensions>
        <gpxtpx:TrackPointExtension>
        <gpxtpx:Extensions>
            <surface>gravel</surface>
        </gpxtpx:Extensions>
        </gpxtpx:TrackPointExtension>
        </extensions>
    </trkpt>
    <trkpt lat="45.634242" lon="14.851931">
        <ele>533.0</ele>
        <extensions>
        <gpxtpx:TrackPointExtension>
        <gpxtpx:Extensions>
            <surface>gravel</surface>
        </gpxtpx:Extensions>
        </gpxtpx:TrackPointExtension>
        </extensions>
    </trkpt>
    <trkpt lat="45.634161" lon="14.85209">
        <ele>531.5</ele>
        <extensions>
        <gpxtpx:TrackPointExtension>
        <gpxtpx:Extensions>
            <surface>gravel</surface>
        </gpxtpx:Extensions>
        </gpxtpx:TrackPointExtension>
        </extensions>
    </trkpt>
    <trkpt lat="45.634086" lon="14.852301">
        <ele>528.8</ele>
        <extensions>
        <gpxtpx:TrackPointExtension>
        <gpxtpx:Extensions>
            <surface>gravel</surface>
        </gpxtpx:Extensions>
        </gpxtpx:TrackPointExtension>
        </extensions>
    </trkpt>
    <trkpt lat="45.634035" lon="14.852489">
        <ele>525.8</ele>
        <extensions>
        <gpxtpx:TrackPointExtension>
        <gpxtpx:Extensions>
            <surface>gravel</surface>
        </gpxtpx:Extensions>
        </gpxtpx:TrackPointExtension>
        </extensions>
    </trkpt>
    <trkpt lat="45.633968" lon="14.852643">
        <ele>524.0</ele>
        <extensions>
        <gpxtpx:TrackPointExtension>
        <gpxtpx:Extensions>
            <surface>gravel</surface>
        </gpxtpx:Extensions>
        </gpxtpx:TrackPointExtension>
        </extensions>
    </trkpt>
    <trkpt lat="45.633681" lon="14.853157">
        <ele>521.3</ele>
        <extensions>
        <gpxtpx:TrackPointExtension>
        <gpxtpx:Extensions>
            <surface>gravel</surface>
        </gpxtpx:Extensions>
        </gpxtpx:TrackPointExtension>
        </extensions>
    </trkpt>
    <trkpt lat="45.633612" lon="14.853292">
        <ele>520.5</ele>
        <extensions>
        <gpxtpx:TrackPointExtension>
        <gpxtpx:Extensions>
            <surface>gravel</surface>
        </gpxtpx:Extensions>
        </gpxtpx:TrackPointExtension>
        </extensions>
    </trkpt>
    <trkpt lat="45.633558" lon="14.853433">
        <ele>519.5</ele>
        <extensions>
        <gpxtpx:TrackPointExtension>
        <gpxtpx:Extensions>
            <surface>gravel</surface>
        </gpxtpx:Extensions>
        </gpxtpx:TrackPointExtension>
        </extensions>
    </trkpt>
    <trkpt lat="45.633521" lon="14.853562">
        <ele>518.0</ele>
        <extensions>
        <gpxtpx:TrackPointExtension>
        <gpxtpx:Extensions>
            <surface>gravel</surface>
        </gpxtpx:Extensions>
        </gpxtpx:TrackPointExtension>
        </extensions>
    </trkpt>
    <trkpt lat="45.633487" lon="14.853749">
        <ele>515.5</ele>
        <extensions>
        <gpxtpx:TrackPointExtension>
        <gpxtpx:Extensions>
            <surface>gravel</surface>
        </gpxtpx:Extensions>
        </gpxtpx:TrackPointExtension>
        </extensions>
    </trkpt>
    <trkpt lat="45.633448" lon="14.853856">
        <ele>514.5</ele>
        <extensions>
        <gpxtpx:TrackPointExtension>
        <gpxtpx:Extensions>
            <surface>gravel</surface>
        </gpxtpx:Extensions>
        </gpxtpx:TrackPointExtension>
        </extensions>
    </trkpt>
    <trkpt lat="45.633251" lon="14.854318">
        <ele>510.8</ele>
        <extensions>
        <gpxtpx:TrackPointExtension>
        <gpxtpx:Extensions>
            <surface>gravel</surface>
        </gpxtpx:Extensions>
        </gpxtpx:TrackPointExtension>
        </extensions>
    </trkpt>
    <trkpt lat="45.632805" lon="14.855401">
        <ele>500.3</ele>
        <extensions>
        <gpxtpx:TrackPointExtension>
        <gpxtpx:Extensions>
            <surface>gravel</surface>
        </gpxtpx:Extensions>
        </gpxtpx:TrackPointExtension>
        </extensions>
    </trkpt>
    <trkpt lat="45.632665" lon="14.855652">
        <ele>499.0</ele>
        <extensions>
        <gpxtpx:TrackPointExtension>
        <gpxtpx:Extensions>
            <surface>gravel</surface>
        </gpxtpx:Extensions>
        </gpxtpx:TrackPointExtension>
        </extensions>
    </trkpt>
    <trkpt lat="45.632311" lon="14.856194">
        <ele>494.5</ele>
        <extensions>
        <gpxtpx:TrackPointExtension>
        <gpxtpx:Extensions>
            <surface>gravel</surface>
        </gpxtpx:Extensions>
        </gpxtpx:TrackPointExtension>
        </extensions>
    </trkpt>
    <trkpt lat="45.632147" lon="14.856475">
        <ele>490.3</ele>
        <extensions>
        <gpxtpx:TrackPointExtension>
        <gpxtpx:Extensions>
            <surface>gravel</surface>
        </gpxtpx:Extensions>
        </gpxtpx:TrackPointExtension>
        </extensions>
    </trkpt>
    <trkpt lat="45.63206" lon="14.856811">
        <ele>484.3</ele>
        <extensions>
        <gpxtpx:TrackPointExtension>
        <gpxtpx:Extensions>
            <surface>gravel</surface>
        </gpxtpx:Extensions>
        </gpxtpx:TrackPointExtension>
        </extensions>
    </trkpt>
    <trkpt lat="45.632057" lon="14.856823">
        <ele>484.3</ele>
        <extensions>
        <gpxtpx:TrackPointExtension>
        <gpxtpx:Extensions>
            <surface>gravel</surface>
        </gpxtpx:Extensions>
        </gpxtpx:TrackPointExtension>
        </extensions>
    </trkpt>
    <trkpt lat="45.631988" lon="14.856949">
        <ele>483.5</ele>
        <extensions>
        <gpxtpx:TrackPointExtension>
        <gpxtpx:Extensions>
            <surface>gravel</surface>
        </gpxtpx:Extensions>
        </gpxtpx:TrackPointExtension>
        </extensions>
    </trkpt>
    <trkpt lat="45.631879" lon="14.857125">
        <ele>482.0</ele>
        <extensions>
        <gpxtpx:TrackPointExtension>
        <gpxtpx:Extensions>
            <surface>gravel</surface>
        </gpxtpx:Extensions>
        </gpxtpx:TrackPointExtension>
        </extensions>
    </trkpt>
    <trkpt lat="45.631836" lon="14.857235">
        <ele>480.5</ele>
        <extensions>
        <gpxtpx:TrackPointExtension>
        <gpxtpx:Extensions>
            <surface>gravel</surface>
        </gpxtpx:Extensions>
        </gpxtpx:TrackPointExtension>
        </extensions>
    </trkpt>
    <trkpt lat="45.631772" lon="14.857507">
        <ele>475.8</ele>
        <extensions>
        <gpxtpx:TrackPointExtension>
        <gpxtpx:Extensions>
            <surface>gravel</surface>
        </gpxtpx:Extensions>
        </gpxtpx:TrackPointExtension>
        </extensions>
    </trkpt>
    <trkpt lat="45.631706" lon="14.857687">
        <ele>475.3</ele>
        <extensions>
        <gpxtpx:TrackPointExtension>
        <gpxtpx:Extensions>
            <surface>gravel</surface>
        </gpxtpx:Extensions>
        </gpxtpx:TrackPointExtension>
        </extensions>
    </trkpt>
    <trkpt lat="45.63167" lon="14.857786">
        <ele>474.8</ele>
        <extensions>
        <gpxtpx:TrackPointExtension>
        <gpxtpx:Extensions>
            <surface>gravel</surface>
        </gpxtpx:Extensions>
        </gpxtpx:TrackPointExtension>
        </extensions>
    </trkpt>
    <trkpt lat="45.631639" lon="14.857903">
        <ele>474.5</ele>
        <extensions>
        <gpxtpx:TrackPointExtension>
        <gpxtpx:Extensions>
            <surface>gravel</surface>
        </gpxtpx:Extensions>
        </gpxtpx:TrackPointExtension>
        </extensions>
    </trkpt>
    <trkpt lat="45.631626" lon="14.85801">
        <ele>474.0</ele>
        <extensions>
        <gpxtpx:TrackPointExtension>
        <gpxtpx:Extensions>
            <surface>gravel</surface>
        </gpxtpx:Extensions>
        </gpxtpx:TrackPointExtension>
        </extensions>
    </trkpt>
    <trkpt lat="45.631631" lon="14.858059">
        <ele>473.5</ele>
        <extensions>
        <gpxtpx:TrackPointExtension>
        <gpxtpx:Extensions>
            <surface>gravel</surface>
        </gpxtpx:Extensions>
        </gpxtpx:TrackPointExtension>
        </extensions>
    </trkpt>
    <trkpt lat="45.631648" lon="14.858121">
        <ele>472.8</ele>
        <extensions>
        <gpxtpx:TrackPointExtension>
        <gpxtpx:Extensions>
            <surface>gravel</surface>
        </gpxtpx:Extensions>
        </gpxtpx:TrackPointExtension>
        </extensions>
    </trkpt>
    <trkpt lat="45.631655" lon="14.858133">
        <ele>472.5</ele>
    </trkpt>
    <trkpt lat="45.631683" lon="14.858183">
        <ele>471.8</ele>
    </trkpt>
    <trkpt lat="45.631735" lon="14.858247">
        <ele>471.0</ele>
    </trkpt>
    <trkpt lat="45.631876" lon="14.858356">
        <ele>469.3</ele>
    </trkpt>
    <trkpt lat="45.631933" lon="14.858374">
        <ele>468.8</ele>
    </trkpt>
    <trkpt lat="45.632131" lon="14.858385">
        <ele>467.3</ele>
    </trkpt>
    <trkpt lat="45.632092" lon="14.858424">
        <ele>467.3</ele>
    </trkpt>
    <trkpt lat="45.632027" lon="14.858493">
        <ele>467.8</ele>
    </trkpt>
    <trkpt lat="45.63184" lon="14.858745">
        <ele>468.0</ele>
    </trkpt>
    <trkpt lat="45.63173" lon="14.85892">
        <ele>468.3</ele>
    </trkpt>
    <trkpt lat="45.631507" lon="14.859318">
        <ele>469.5</ele>
    </trkpt>
    <trkpt lat="45.631326" lon="14.859613">
        <ele>470.0</ele>
    </trkpt>
    <trkpt lat="45.630943" lon="14.860145">
        <ele>469.8</ele>
    </trkpt>
    <trkpt lat="45.630884" lon="14.860209">
        <ele>470.0</ele>
    </trkpt>
    <trkpt lat="45.630705" lon="14.860405">
        <ele>471.3</ele>
    </trkpt>
    <trkpt lat="45.630648" lon="14.860481">
        <ele>471.8</ele>
    </trkpt>
    <trkpt lat="45.630487" lon="14.86074">
        <ele>471.8</ele>
    </trkpt>
    <trkpt lat="45.630369" lon="14.860904">
        <ele>471.5</ele>
    </trkpt>
    <trkpt lat="45.63013" lon="14.861164">
        <ele>472.5</ele>
    </trkpt>
    <trkpt lat="45.630059" lon="14.861225">
        <ele>472.5</ele>
    </trkpt>
    <trkpt lat="45.630043" lon="14.861234">
        <ele>472.5</ele>
    </trkpt>
    <trkpt lat="45.629994" lon="14.861264">
        <ele>473.0</ele>
    </trkpt>
    <trkpt lat="45.629471" lon="14.861401">
        <ele>479.5</ele>
    </trkpt>
    <trkpt lat="45.629295" lon="14.861462">
        <ele>481.3</ele>
    </trkpt>
    <trkpt lat="45.629162" lon="14.861556">
        <ele>481.8</ele>
    </trkpt>
    <trkpt lat="45.629064" lon="14.861626">
        <ele>482.5</ele>
    </trkpt>
    <trkpt lat="45.628703" lon="14.861955">
        <ele>482.5</ele>
    </trkpt>
    <trkpt lat="45.628595" lon="14.862044">
        <ele>482.8</ele>
    </trkpt>
    <trkpt lat="45.628492" lon="14.862145">
        <ele>483.3</ele>
    </trkpt>
    <trkpt lat="45.628301" lon="14.862326">
        <ele>484.0</ele>
    </trkpt>
    <trkpt lat="45.628241" lon="14.862373">
        <ele>484.5</ele>
    </trkpt>
    <trkpt lat="45.628207" lon="14.862401">
        <ele>485.0</ele>
    </trkpt>
    <trkpt lat="45.628128" lon="14.862452">
        <ele>485.8</ele>
    </trkpt>
    <trkpt lat="45.627902" lon="14.862551">
        <ele>488.5</ele>
    </trkpt>
    <trkpt lat="45.627677" lon="14.862631">
        <ele>491.5</ele>
    </trkpt>
    <trkpt lat="45.627464" lon="14.862767">
        <ele>493.5</ele>
    </trkpt>
    <trkpt lat="45.627417" lon="14.862825">
        <ele>493.3</ele>
    </trkpt>
    <trkpt lat="45.627397" lon="14.862852">
        <ele>493.3</ele>
    </trkpt>
    <trkpt lat="45.627346" lon="14.862974">
        <ele>492.8</ele>
    </trkpt>
    <trkpt lat="45.627257" lon="14.863219">
        <ele>491.3</ele>
    </trkpt>
    <trkpt lat="45.627172" lon="14.863367">
        <ele>490.8</ele>
    </trkpt>
    <trkpt lat="45.627005" lon="14.86363">
        <ele>489.0</ele>
    </trkpt>
    <trkpt lat="45.626856" lon="14.863832">
        <ele>487.8</ele>
    </trkpt>
    <trkpt lat="45.626852" lon="14.863839">
        <ele>487.8</ele>
    </trkpt>
    <trkpt lat="45.626792" lon="14.863895">
        <ele>487.5</ele>
    </trkpt>
    <trkpt lat="45.626673" lon="14.863925">
        <ele>488.0</ele>
    </trkpt>
    <trkpt lat="45.626507" lon="14.863949">
        <ele>489.5</ele>
    </trkpt>
    <trkpt lat="45.626469" lon="14.864018">
        <ele>489.0</ele>
    </trkpt>
    <trkpt lat="45.626456" lon="14.864045">
        <ele>488.5</ele>
    </trkpt>
    <trkpt lat="45.626421" lon="14.864126">
        <ele>488.0</ele>
    </trkpt>
    <trkpt lat="45.626274" lon="14.864375">
        <ele>487.0</ele>
    </trkpt>
    <trkpt lat="45.626144" lon="14.864507">
        <ele>487.3</ele>
    </trkpt>
    <trkpt lat="45.625693" lon="14.8648">
        <ele>489.5</ele>
    </trkpt>
    <trkpt lat="45.625656" lon="14.864849">
        <ele>489.5</ele>
    </trkpt>
    <trkpt lat="45.62563" lon="14.864885">
        <ele>489.5</ele>
    </trkpt>
    <trkpt lat="45.625582" lon="14.865055">
        <ele>488.3</ele>
    </trkpt>
    <trkpt lat="45.625561" lon="14.865212">
        <ele>486.3</ele>
    </trkpt>
    <trkpt lat="45.625561" lon="14.865532">
        <ele>482.0</ele>
    </trkpt>
    <trkpt lat="45.62554" lon="14.865644">
        <ele>480.8</ele>
    </trkpt>
    <trkpt lat="45.625467" lon="14.865719">
        <ele>480.5</ele>
    </trkpt>
    <trkpt lat="45.625234" lon="14.865961">
        <ele>480.0</ele>
    </trkpt>
    <trkpt lat="45.625057" lon="14.866126">
        <ele>479.8</ele>
    </trkpt>
    <trkpt lat="45.624824" lon="14.866314">
        <ele>479.8</ele>
    </trkpt>
    <trkpt lat="45.624691" lon="14.866477">
        <ele>479.0</ele>
    </trkpt>
    <trkpt lat="45.624646" lon="14.866594">
        <ele>477.8</ele>
    </trkpt>
    <trkpt lat="45.624607" lon="14.8667">
        <ele>476.8</ele>
    </trkpt>
    <trkpt lat="45.624562" lon="14.866868">
        <ele>475.3</ele>
    </trkpt>
    <trkpt lat="45.624465" lon="14.867339">
        <ele>470.3</ele>
    </trkpt>
    <trkpt lat="45.624421" lon="14.86763">
        <ele>467.8</ele>
    </trkpt>
    <trkpt lat="45.62434" lon="14.868007">
        <ele>465.5</ele>
    </trkpt>
    <trkpt lat="45.624307" lon="14.868104">
        <ele>464.8</ele>
    </trkpt>
    <trkpt lat="45.624199" lon="14.868221">
        <ele>464.5</ele>
    </trkpt>
    <trkpt lat="45.624189" lon="14.868232">
        <ele>464.5</ele>
    </trkpt>
    <trkpt lat="45.624133" lon="14.868256">
        <ele>464.8</ele>
    </trkpt>
    <trkpt lat="45.6234" lon="14.868472">
        <ele>468.5</ele>
    </trkpt>
    <trkpt lat="45.623018" lon="14.868601">
        <ele>470.8</ele>
    </trkpt>
    <trkpt lat="45.622666" lon="14.868744">
        <ele>472.8</ele>
    </trkpt>
    <trkpt lat="45.622491" lon="14.868802">
        <ele>473.8</ele>
    </trkpt>
    <trkpt lat="45.622437" lon="14.86882">
        <ele>474.3</ele>
    </trkpt>
    <trkpt lat="45.622314" lon="14.868878">
        <ele>475.3</ele>
    </trkpt>
    <trkpt lat="45.622237" lon="14.868925">
        <ele>475.5</ele>
    </trkpt>
    <trkpt lat="45.622067" lon="14.869052">
        <ele>476.0</ele>
    </trkpt>
    <trkpt lat="45.621776" lon="14.869282">
        <ele>475.8</ele>
    </trkpt>
    <trkpt lat="45.620961" lon="14.869548">
        <ele>482.5</ele>
    </trkpt>
    <trkpt lat="45.620402" lon="14.869798">
        <ele>486.0</ele>
    </trkpt>
    <trkpt lat="45.6201" lon="14.869992">
        <ele>486.5</ele>
    </trkpt>
    <trkpt lat="45.619822" lon="14.870144">
        <ele>490.0</ele>
    </trkpt>
    <trkpt lat="45.619665" lon="14.870249">
        <ele>492.0</ele>
    </trkpt>
    <trkpt lat="45.619627" lon="14.870281">
        <ele>492.0</ele>
    </trkpt>
    <trkpt lat="45.619481" lon="14.870408">
        <ele>493.0</ele>
    </trkpt>
    <trkpt lat="45.61938" lon="14.870577">
        <ele>491.0</ele>
    </trkpt>
    <trkpt lat="45.619301" lon="14.870747">
        <ele>488.3</ele>
    </trkpt>
    <trkpt lat="45.619253" lon="14.870805">
        <ele>487.5</ele>
    </trkpt>
    <trkpt lat="45.619211" lon="14.870857">
        <ele>487.3</ele>
    </trkpt>
    <trkpt lat="45.61909" lon="14.870981">
        <ele>488.3</ele>
    </trkpt>
    <trkpt lat="45.618597" lon="14.871274">
        <ele>496.0</ele>
    </trkpt>
    <trkpt lat="45.618459" lon="14.871421">
        <ele>495.8</ele>
    </trkpt>
    <trkpt lat="45.618387" lon="14.871544">
        <ele>494.3</ele>
    </trkpt>
    <trkpt lat="45.61838" lon="14.871577">
        <ele>493.3</ele>
    </trkpt>
    <trkpt lat="45.618367" lon="14.871643">
        <ele>491.8</ele>
    </trkpt>
    <trkpt lat="45.61835" lon="14.871781">
        <ele>490.5</ele>
    </trkpt>
    <trkpt lat="45.618354" lon="14.872274">
        <ele>485.5</ele>
    </trkpt>
    <trkpt lat="45.618344" lon="14.872404">
        <ele>484.5</ele>
    </trkpt>
    <trkpt lat="45.618334" lon="14.872544">
        <ele>483.5</ele>
    </trkpt>
    <trkpt lat="45.618232" lon="14.872961">
        <ele>484.3</ele>
    </trkpt>
    <trkpt lat="45.618063" lon="14.873801">
        <ele>484.8</ele>
    </trkpt>
    <trkpt lat="45.61799" lon="14.874215">
        <ele>484.5</ele>
    </trkpt>
    <trkpt lat="45.617987" lon="14.874309">
        <ele>483.8</ele>
    </trkpt>
    <trkpt lat="45.617987" lon="14.874332">
        <ele>483.8</ele>
    </trkpt>
    <trkpt lat="45.618009" lon="14.874539">
        <ele>481.8</ele>
    </trkpt>
    <trkpt lat="45.618008" lon="14.874641">
        <ele>481.3</ele>
    </trkpt>
    <trkpt lat="45.617955" lon="14.874787">
        <ele>481.3</ele>
    </trkpt>
    <trkpt lat="45.617913" lon="14.874948">
        <ele>480.8</ele>
    </trkpt>
    <trkpt lat="45.617918" lon="14.875045">
        <ele>480.0</ele>
    </trkpt>
    <trkpt lat="45.618027" lon="14.875474">
        <ele>475.0</ele>
    </trkpt>
    <trkpt lat="45.618032" lon="14.875781">
        <ele>472.5</ele>
    </trkpt>
    <trkpt lat="45.618029" lon="14.876043">
        <ele>471.5</ele>
    </trkpt>
    <trkpt lat="45.617987" lon="14.87631">
        <ele>471.0</ele>
    </trkpt>
    <trkpt lat="45.61802" lon="14.876381">
        <ele>470.3</ele>
    </trkpt>
    <trkpt lat="45.618108" lon="14.876564">
        <ele>468.8</ele>
    </trkpt>
    <trkpt lat="45.618265" lon="14.876943">
        <ele>465.5</ele>
    </trkpt>
    <trkpt lat="45.61835" lon="14.877168">
        <ele>464.0</ele>
    </trkpt>
    <trkpt lat="45.618379" lon="14.877335">
        <ele>463.3</ele>
    </trkpt>
    <trkpt lat="45.61843" lon="14.877511">
        <ele>462.8</ele>
    </trkpt>
    <trkpt lat="45.618535" lon="14.877769">
        <ele>462.3</ele>
    </trkpt>
    <trkpt lat="45.618549" lon="14.877794">
        <ele>462.0</ele>
    </trkpt>
    <trkpt lat="45.618649" lon="14.877968">
        <ele>462.0</ele>
    </trkpt>
    <trkpt lat="45.618825" lon="14.878204">
        <ele>461.3</ele>
    </trkpt>
    <trkpt lat="45.619058" lon="14.878596">
        <ele>460.0</ele>
    </trkpt>
    <trkpt lat="45.619182" lon="14.878777">
        <ele>459.3</ele>
    </trkpt>
    <trkpt lat="45.619397" lon="14.879066">
        <ele>459.0</ele>
    </trkpt>
    <trkpt lat="45.619427" lon="14.879099">
        <ele>459.0</ele>
    </trkpt>
    <trkpt lat="45.619479" lon="14.879154">
        <ele>459.0</ele>
    </trkpt>
    <trkpt lat="45.619636" lon="14.879283">
        <ele>459.0</ele>
    </trkpt>
    <trkpt lat="45.619783" lon="14.879371">
        <ele>459.0</ele>
    </trkpt>
    <trkpt lat="45.619936" lon="14.879488">
        <ele>459.0</ele>
    </trkpt>
    <trkpt lat="45.619943" lon="14.879493">
        <ele>459.0</ele>
    </trkpt>
    <trkpt lat="45.620077" lon="14.879667">
        <ele>459.0</ele>
    </trkpt>
    <trkpt lat="45.620175" lon="14.879814">
        <ele>459.3</ele>
    </trkpt>
    <trkpt lat="45.620309" lon="14.87999">
        <ele>459.5</ele>
    </trkpt>
    <trkpt lat="45.620456" lon="14.880159">
        <ele>459.8</ele>
    </trkpt>
    <trkpt lat="45.620434" lon="14.880211">
        <ele>459.5</ele>
        <extensions>
        <gpxtpx:TrackPointExtension>
        <gpxtpx:Extensions>
            <surface>asphalt</surface>
        </gpxtpx:Extensions>
        </gpxtpx:TrackPointExtension>
        </extensions>
    </trkpt>
    <trkpt lat="45.620366" lon="14.880382">
        <ele>459.5</ele>
        <extensions>
        <gpxtpx:TrackPointExtension>
        <gpxtpx:Extensions>
            <surface>asphalt</surface>
        </gpxtpx:Extensions>
        </gpxtpx:TrackPointExtension>
        </extensions>
    </trkpt>
    <trkpt lat="45.620291" lon="14.880607">
        <ele>459.3</ele>
        <extensions>
        <gpxtpx:TrackPointExtension>
        <gpxtpx:Extensions>
            <surface>asphalt</surface>
        </gpxtpx:Extensions>
        </gpxtpx:TrackPointExtension>
        </extensions>
    </trkpt>
    <trkpt lat="45.620109" lon="14.881277">
        <ele>460.0</ele>
        <extensions>
        <gpxtpx:TrackPointExtension>
        <gpxtpx:Extensions>
            <surface>asphalt</surface>
        </gpxtpx:Extensions>
        </gpxtpx:TrackPointExtension>
        </extensions>
    </trkpt>
    <trkpt lat="45.619849" lon="14.882173">
        <ele>461.8</ele>
        <extensions>
        <gpxtpx:TrackPointExtension>
        <gpxtpx:Extensions>
            <surface>asphalt</surface>
        </gpxtpx:Extensions>
        </gpxtpx:TrackPointExtension>
        </extensions>
    </trkpt>
    <trkpt lat="45.619797" lon="14.882407">
        <ele>462.3</ele>
        <extensions>
        <gpxtpx:TrackPointExtension>
        <gpxtpx:Extensions>
            <surface>asphalt</surface>
        </gpxtpx:Extensions>
        </gpxtpx:TrackPointExtension>
        </extensions>
    </trkpt>
    <trkpt lat="45.619792" lon="14.882434">
        <ele>462.3</ele>
        <extensions>
        <gpxtpx:TrackPointExtension>
        <gpxtpx:Extensions>
            <surface>asphalt</surface>
        </gpxtpx:Extensions>
        </gpxtpx:TrackPointExtension>
        </extensions>
    </trkpt>
    <trkpt lat="45.619759" lon="14.882629">
        <ele>462.3</ele>
        <extensions>
        <gpxtpx:TrackPointExtension>
        <gpxtpx:Extensions>
            <surface>asphalt</surface>
        </gpxtpx:Extensions>
        </gpxtpx:TrackPointExtension>
        </extensions>
    </trkpt>
    <trkpt lat="45.619739" lon="14.882784">
        <ele>462.3</ele>
        <extensions>
        <gpxtpx:TrackPointExtension>
        <gpxtpx:Extensions>
            <surface>asphalt</surface>
        </gpxtpx:Extensions>
        </gpxtpx:TrackPointExtension>
        </extensions>
    </trkpt>
    <trkpt lat="45.619719" lon="14.883033">
        <ele>462.0</ele>
        <extensions>
        <gpxtpx:TrackPointExtension>
        <gpxtpx:Extensions>
            <surface>asphalt</surface>
        </gpxtpx:Extensions>
        </gpxtpx:TrackPointExtension>
        </extensions>
    </trkpt>
    <trkpt lat="45.619699" lon="14.883557">
        <ele>461.8</ele>
        <extensions>
        <gpxtpx:TrackPointExtension>
        <gpxtpx:Extensions>
            <surface>asphalt</surface>
        </gpxtpx:Extensions>
        </gpxtpx:TrackPointExtension>
        </extensions>
    </trkpt>
    <trkpt lat="45.619668" lon="14.883809">
        <ele>461.8</ele>
        <extensions>
        <gpxtpx:TrackPointExtension>
        <gpxtpx:Extensions>
            <surface>asphalt</surface>
        </gpxtpx:Extensions>
        </gpxtpx:TrackPointExtension>
        </extensions>
    </trkpt>
    <trkpt lat="45.619647" lon="14.883901">
        <ele>461.5</ele>
        <extensions>
        <gpxtpx:TrackPointExtension>
        <gpxtpx:Extensions>
            <surface>asphalt</surface>
        </gpxtpx:Extensions>
        </gpxtpx:TrackPointExtension>
        </extensions>
    </trkpt>
    <trkpt lat="45.61971" lon="14.883971">
        <ele>461.5</ele>
    </trkpt>
    <trkpt lat="45.619721" lon="14.883984">
        <ele>461.8</ele>
    </trkpt>
    <trkpt lat="45.619783" lon="14.884069">
        <ele>462.0</ele>
    </trkpt>
    <trkpt lat="45.619852" lon="14.884183">
        <ele>462.3</ele>
    </trkpt>
    <trkpt lat="45.619896" lon="14.884274">
        <ele>462.3</ele>
    </trkpt>
    <trkpt lat="45.619927" lon="14.884356">
        <ele>462.0</ele>
    </trkpt>
    <trkpt lat="45.619999" lon="14.884711">
        <ele>461.0</ele>
    </trkpt>
    <trkpt lat="45.620021" lon="14.884784">
        <ele>460.8</ele>
    </trkpt>
    <trkpt lat="45.620061" lon="14.884879">
        <ele>460.3</ele>
    </trkpt>
    <trkpt lat="45.620277" lon="14.885274">
        <ele>460.3</ele>
    </trkpt>
    <trkpt lat="45.620321" lon="14.885394">
        <ele>460.3</ele>
    </trkpt>
    <trkpt lat="45.620394" lon="14.885655">
        <ele>460.5</ele>
    </trkpt>
    <trkpt lat="45.620443" lon="14.885805">
        <ele>460.3</ele>
    </trkpt>
    <trkpt lat="45.620502" lon="14.885946">
        <ele>460.3</ele>
    </trkpt>
    <trkpt lat="45.620661" lon="14.886288">
        <ele>459.8</ele>
    </trkpt>
    <trkpt lat="45.620803" lon="14.886688">
        <ele>459.0</ele>
    </trkpt>
    <trkpt lat="45.620858" lon="14.886817">
        <ele>458.8</ele>
    </trkpt>
    <trkpt lat="45.620924" lon="14.88693">
        <ele>458.5</ele>
    </trkpt>
    <trkpt lat="45.620964" lon="14.88698">
        <ele>458.5</ele>
    </trkpt>
    <trkpt lat="45.621047" lon="14.887085">
        <ele>458.5</ele>
    </trkpt>
    <trkpt lat="45.621172" lon="14.887192">
        <ele>458.5</ele>
    </trkpt>
    <trkpt lat="45.621263" lon="14.887255">
        <ele>458.5</ele>
    </trkpt>
    <trkpt lat="45.621616" lon="14.887443">
        <ele>458.8</ele>
    </trkpt>
    <trkpt lat="45.621788" lon="14.887597">
        <ele>459.3</ele>
    </trkpt>
    <trkpt lat="45.621911" lon="14.887742">
        <ele>459.5</ele>
    </trkpt>
    <trkpt lat="45.622008" lon="14.887882">
        <ele>459.8</ele>
    </trkpt>
    <trkpt lat="45.622091" lon="14.888037">
        <ele>460.0</ele>
    </trkpt>
    <trkpt lat="45.622108" lon="14.888079">
        <ele>460.0</ele>
    </trkpt>
    <trkpt lat="45.622151" lon="14.888183">
        <ele>460.3</ele>
    </trkpt>
    <trkpt lat="45.622199" lon="14.888333">
        <ele>460.5</ele>
    </trkpt>
    <trkpt lat="45.622404" lon="14.889157">
        <ele>460.8</ele>
    </trkpt>
    <trkpt lat="45.622425" lon="14.889291">
        <ele>461.0</ele>
    </trkpt>
    <trkpt lat="45.622428" lon="14.889359">
        <ele>461.0</ele>
    </trkpt>
    <trkpt lat="45.622433" lon="14.889442">
        <ele>461.3</ele>
    </trkpt>
    <trkpt lat="45.622435" lon="14.889666">
        <ele>461.5</ele>
    </trkpt>
    <trkpt lat="45.622429" lon="14.889846">
        <ele>461.8</ele>
    </trkpt>
    <trkpt lat="45.622434" lon="14.890154">
        <ele>462.0</ele>
    </trkpt>
    <trkpt lat="45.622446" lon="14.890332">
        <ele>462.3</ele>
    </trkpt>
    <trkpt lat="45.622477" lon="14.890493">
        <ele>462.5</ele>
    </trkpt>
    <trkpt lat="45.622528" lon="14.890637">
        <ele>462.8</ele>
    </trkpt>
    <trkpt lat="45.622703" lon="14.891067">
        <ele>462.3</ele>
    </trkpt>
    <trkpt lat="45.62279" lon="14.891336">
        <ele>461.3</ele>
    </trkpt>
    <trkpt lat="45.622869" lon="14.891549">
        <ele>460.3</ele>
    </trkpt>
    <trkpt lat="45.622976" lon="14.891763">
        <ele>459.8</ele>
    </trkpt>
    <trkpt lat="45.623059" lon="14.892076">
        <ele>459.3</ele>
    </trkpt>
    <trkpt lat="45.623114" lon="14.892277">
        <ele>459.0</ele>
    </trkpt>
    <trkpt lat="45.623178" lon="14.892409">
        <ele>458.8</ele>
    </trkpt>
    <trkpt lat="45.623308" lon="14.89263">
        <ele>459.3</ele>
    </trkpt>
    <trkpt lat="45.62339" lon="14.892793">
        <ele>459.5</ele>
    </trkpt>
    <trkpt lat="45.623575" lon="14.893219">
        <ele>460.5</ele>
    </trkpt>
    <trkpt lat="45.623647" lon="14.893488">
        <ele>461.5</ele>
    </trkpt>
    <trkpt lat="45.623651" lon="14.893518">
        <ele>461.5</ele>
    </trkpt>
    <trkpt lat="45.623665" lon="14.893617">
        <ele>462.3</ele>
    </trkpt>
    <trkpt lat="45.623654" lon="14.894283">
        <ele>465.5</ele>
    </trkpt>
    <trkpt lat="45.623683" lon="14.894495">
        <ele>467.0</ele>
    </trkpt>
    <trkpt lat="45.623775" lon="14.894754">
        <ele>468.8</ele>
    </trkpt>
    <trkpt lat="45.623836" lon="14.894906">
        <ele>469.8</ele>
    </trkpt>
    <trkpt lat="45.623857" lon="14.895039">
        <ele>470.8</ele>
    </trkpt>
    <trkpt lat="45.623858" lon="14.895164">
        <ele>471.5</ele>
    </trkpt>
    <trkpt lat="45.62385" lon="14.895234">
        <ele>472.0</ele>
    </trkpt>
    <trkpt lat="45.623823" lon="14.895344">
        <ele>472.5</ele>
    </trkpt>
    <trkpt lat="45.623733" lon="14.895522">
        <ele>473.5</ele>
    </trkpt>
    <trkpt lat="45.623552" lon="14.895815">
        <ele>474.5</ele>
    </trkpt>
    <trkpt lat="45.623259" lon="14.896172">
        <ele>474.8</ele>
    </trkpt>
    <trkpt lat="45.623183" lon="14.896256">
        <ele>474.5</ele>
    </trkpt>
    <trkpt lat="45.623018" lon="14.896389">
        <ele>474.3</ele>
    </trkpt>
    <trkpt lat="45.622623" lon="14.896871">
        <ele>474.3</ele>
    </trkpt>
    <trkpt lat="45.622196" lon="14.897309">
        <ele>474.3</ele>
    </trkpt>
    <trkpt lat="45.62209" lon="14.897481">
        <ele>474.3</ele>
    </trkpt>
    <trkpt lat="45.621977" lon="14.897692">
        <ele>474.5</ele>
    </trkpt>
    <trkpt lat="45.621947" lon="14.897769">
        <ele>474.5</ele>
    </trkpt>
    <trkpt lat="45.621782" lon="14.898197">
        <ele>475.0</ele>
    </trkpt>
    <trkpt lat="45.621591" lon="14.89857">
        <ele>475.3</ele>
    </trkpt>
    <trkpt lat="45.621479" lon="14.898806">
        <ele>475.5</ele>
    </trkpt>
    <trkpt lat="45.621403" lon="14.898985">
        <ele>475.8</ele>
    </trkpt>
    <trkpt lat="45.621376" lon="14.899147">
        <ele>476.0</ele>
    </trkpt>
    <trkpt lat="45.621372" lon="14.899295">
        <ele>476.5</ele>
    </trkpt>
    <trkpt lat="45.62139" lon="14.899407">
        <ele>476.8</ele>
    </trkpt>
    <trkpt lat="45.62146" lon="14.89984">
        <ele>478.3</ele>
    </trkpt>
    <trkpt lat="45.621463" lon="14.899935">
        <ele>478.3</ele>
    </trkpt>
    <trkpt lat="45.621468" lon="14.900061">
        <ele>478.8</ele>
    </trkpt>
    <trkpt lat="45.62141" lon="14.900275">
        <ele>478.5</ele>
    </trkpt>
    <trkpt lat="45.621314" lon="14.900543">
        <ele>478.5</ele>
    </trkpt>
    <trkpt lat="45.621268" lon="14.900794">
        <ele>478.5</ele>
    </trkpt>
    <trkpt lat="45.621279" lon="14.901085">
        <ele>478.3</ele>
    </trkpt>
    <trkpt lat="45.621314" lon="14.901238">
        <ele>478.3</ele>
    </trkpt>
    <trkpt lat="45.621328" lon="14.901294">
        <ele>478.3</ele>
    </trkpt>
    <trkpt lat="45.621543" lon="14.901631">
        <ele>478.0</ele>
    </trkpt>
    <trkpt lat="45.62156" lon="14.901681">
        <ele>477.8</ele>
    </trkpt>
    <trkpt lat="45.621705" lon="14.902116">
        <ele>477.8</ele>
    </trkpt>
    <trkpt lat="45.621897" lon="14.903067">
        <ele>476.3</ele>
    </trkpt>
    <trkpt lat="45.622068" lon="14.903617">
        <ele>475.8</ele>
    </trkpt>
    <trkpt lat="45.622089" lon="14.903739">
        <ele>476.0</ele>
    </trkpt>
    <trkpt lat="45.622118" lon="14.90422">
        <ele>476.0</ele>
    </trkpt>
    <trkpt lat="45.622185" lon="14.904554">
        <ele>476.0</ele>
    </trkpt>
    <trkpt lat="45.622192" lon="14.904589">
        <ele>476.3</ele>
    </trkpt>
    <trkpt lat="45.622254" lon="14.904805">
        <ele>476.5</ele>
    </trkpt>
    <trkpt lat="45.622515" lon="14.905281">
        <ele>478.0</ele>
    </trkpt>
    <trkpt lat="45.622609" lon="14.905467">
        <ele>479.0</ele>
    </trkpt>
    <trkpt lat="45.622661" lon="14.905598">
        <ele>479.5</ele>
    </trkpt>
    <trkpt lat="45.622678" lon="14.905641">
        <ele>479.8</ele>
    </trkpt>
    <trkpt lat="45.622693" lon="14.905822">
        <ele>480.5</ele>
    </trkpt>
    <trkpt lat="45.6227" lon="14.906585">
        <ele>482.5</ele>
    </trkpt>
    <trkpt lat="45.622706" lon="14.906607">
        <ele>482.5</ele>
    </trkpt>
    <trkpt lat="45.623066" lon="14.907759">
        <ele>483.8</ele>
    </trkpt>
    <trkpt lat="45.623179" lon="14.908088">
        <ele>484.3</ele>
    </trkpt>
    <trkpt lat="45.6233" lon="14.908578">
        <ele>484.5</ele>
    </trkpt>
    <trkpt lat="45.623336" lon="14.908773">
        <ele>484.5</ele>
    </trkpt>
    <trkpt lat="45.623434" lon="14.908957">
        <ele>485.3</ele>
    </trkpt>
    <trkpt lat="45.62347" lon="14.909082">
        <ele>485.5</ele>
    </trkpt>
    <trkpt lat="45.623506" lon="14.909207">
        <ele>486.0</ele>
    </trkpt>
    <trkpt lat="45.623533" lon="14.909524">
        <ele>486.3</ele>
    </trkpt>
    <trkpt lat="45.623514" lon="14.909562">
        <ele>486.0</ele>
    </trkpt>
    <trkpt lat="45.623378" lon="14.909858">
        <ele>485.8</ele>
    </trkpt>
    <trkpt lat="45.623347" lon="14.90997">
        <ele>485.8</ele>
    </trkpt>
    <trkpt lat="45.623357" lon="14.910014">
        <ele>485.8</ele>
    </trkpt>
    <trkpt lat="45.623455" lon="14.910421">
        <ele>488.0</ele>
    </trkpt>
    <trkpt lat="45.623557" lon="14.910678">
        <ele>488.8</ele>
    </trkpt>
    <trkpt lat="45.623632" lon="14.910983">
        <ele>488.8</ele>
    </trkpt>
    <trkpt lat="45.623633" lon="14.910988">
        <ele>489.0</ele>
    </trkpt>
    <trkpt lat="45.623685" lon="14.911028">
        <ele>489.0</ele>
    </trkpt>
    <trkpt lat="45.623849" lon="14.911119">
        <ele>488.5</ele>
    </trkpt>
    <trkpt lat="45.623993" lon="14.91126">
        <ele>488.0</ele>
    </trkpt>
    <trkpt lat="45.62409" lon="14.911435">
        <ele>487.5</ele>
    </trkpt>
    <trkpt lat="45.62411" lon="14.911544">
        <ele>487.3</ele>
    </trkpt>
    <trkpt lat="45.624113" lon="14.91171">
        <ele>486.8</ele>
    </trkpt>
    <trkpt lat="45.624099" lon="14.911756">
        <ele>486.8</ele>
    </trkpt>
    <trkpt lat="45.62407" lon="14.911794">
        <ele>486.8</ele>
    </trkpt>
    <trkpt lat="45.623903" lon="14.912083">
        <ele>486.3</ele>
    </trkpt>
    <trkpt lat="45.623895" lon="14.912137">
        <ele>485.8</ele>
    </trkpt>
    <trkpt lat="45.623888" lon="14.912186">
        <ele>485.8</ele>
    </trkpt>
    <trkpt lat="45.623918" lon="14.912339">
        <ele>485.0</ele>
    </trkpt>
    <trkpt lat="45.624043" lon="14.912692">
        <ele>483.5</ele>
    </trkpt>
    <trkpt lat="45.624044" lon="14.912718">
        <ele>483.3</ele>
    </trkpt>
    <trkpt lat="45.624055" lon="14.912922">
        <ele>483.3</ele>
    </trkpt>
    <trkpt lat="45.624019" lon="14.913022">
        <ele>483.3</ele>
    </trkpt>
    <trkpt lat="45.623977" lon="14.913068">
        <ele>483.3</ele>
    </trkpt>
    <trkpt lat="45.623697473" lon="14.913314175">
        <ele>476.4</ele>
    </trkpt>
    <trkpt lat="45.62349" lon="14.913491">
        <ele>483.8</ele>
    </trkpt>
    <trkpt lat="45.623421" lon="14.913562">
        <ele>483.8</ele>
    </trkpt>
    <trkpt lat="45.623326" lon="14.913713">
        <ele>484.0</ele>
    </trkpt>
    <trkpt lat="45.623111" lon="14.914095">
        <ele>484.0</ele>
    </trkpt>
    <trkpt lat="45.623086" lon="14.914141">
        <ele>484.3</ele>
    </trkpt>
    <trkpt lat="45.622995" lon="14.914217">
        <ele>484.5</ele>
    </trkpt>
    <trkpt lat="45.622745" lon="14.914386">
        <ele>484.5</ele>
    </trkpt>
    <trkpt lat="45.622533" lon="14.914645">
        <ele>483.8</ele>
    </trkpt>
    <trkpt lat="45.622486" lon="14.914705">
        <ele>483.3</ele>
    </trkpt>
    <trkpt lat="45.622305751" lon="14.914970579">
        <ele>476.2</ele>
    </trkpt>
    <trkpt lat="45.622204348" lon="14.915177461">
        <ele>476.2</ele>
    </trkpt>
    <trkpt lat="45.622011155" lon="14.915584397">
        <ele>476.0</ele>
    </trkpt>
    <trkpt lat="45.62189" lon="14.915823">
        <ele>478.8</ele>
    </trkpt>
    <trkpt lat="45.621823" lon="14.915956">
        <ele>478.5</ele>
    </trkpt>
    <trkpt lat="45.621667" lon="14.916094">
        <ele>477.8</ele>
    </trkpt>
    <trkpt lat="45.621524" lon="14.916244">
        <ele>477.3</ele>
    </trkpt>
    <trkpt lat="45.621429" lon="14.916308">
        <ele>477.0</ele>
    </trkpt>
    <trkpt lat="45.621413" lon="14.916362">
        <ele>477.0</ele>
    </trkpt>
    <trkpt lat="45.62134" lon="14.916626">
        <ele>477.0</ele>
    </trkpt>
    <trkpt lat="45.621176" lon="14.917053">
        <ele>477.8</ele>
    </trkpt>
    <trkpt lat="45.621107" lon="14.917179">
        <ele>478.3</ele>
    </trkpt>
    <trkpt lat="45.621043" lon="14.917199">
        <ele>478.3</ele>
    </trkpt>
    <trkpt lat="45.620873" lon="14.917253">
        <ele>478.8</ele>
    </trkpt>
    <trkpt lat="45.620612" lon="14.917588">
        <ele>481.8</ele>
    </trkpt>
    <trkpt lat="45.62051" lon="14.917819">
        <ele>483.3</ele>
    </trkpt>
    <trkpt lat="45.620502" lon="14.917853">
        <ele>483.3</ele>
    </trkpt>
    <trkpt lat="45.620446" lon="14.918103">
        <ele>484.5</ele>
    </trkpt>
    <trkpt lat="45.620429" lon="14.918623">
        <ele>486.0</ele>
    </trkpt>
    <trkpt lat="45.620395" lon="14.918907">
        <ele>486.8</ele>
    </trkpt>
    <trkpt lat="45.620352" lon="14.919027">
        <ele>487.0</ele>
    </trkpt>
    <trkpt lat="45.620314" lon="14.919137">
        <ele>487.5</ele>
    </trkpt>
    <trkpt lat="45.620166" lon="14.919269">
        <ele>488.0</ele>
    </trkpt>
    <trkpt lat="45.619898" lon="14.919412">
        <ele>487.5</ele>
    </trkpt>
    <trkpt lat="45.619853" lon="14.919475">
        <ele>487.3</ele>
    </trkpt>
    <trkpt lat="45.619744" lon="14.919633">
        <ele>487.0</ele>
    </trkpt>
    <trkpt lat="45.619652" lon="14.919884">
        <ele>486.8</ele>
    </trkpt>
    <trkpt lat="45.619568" lon="14.920024">
        <ele>486.5</ele>
    </trkpt>
    <trkpt lat="45.619493" lon="14.920228">
        <ele>487.3</ele>
    </trkpt>
    <trkpt lat="45.619426" lon="14.920346">
        <ele>487.3</ele>
    </trkpt>
    <trkpt lat="45.619313" lon="14.920464">
        <ele>487.0</ele>
    </trkpt>
    <trkpt lat="45.619223" lon="14.920587">
        <ele>486.5</ele>
    </trkpt>
    <trkpt lat="45.619182" lon="14.920667">
        <ele>486.5</ele>
    </trkpt>
    <trkpt lat="45.619167" lon="14.920808">
        <ele>486.8</ele>
    </trkpt>
    <trkpt lat="45.619159" lon="14.920893">
        <ele>487.0</ele>
    </trkpt>
    <trkpt lat="45.619174" lon="14.921209">
        <ele>487.5</ele>
    </trkpt>
    <trkpt lat="45.61914" lon="14.921376">
        <ele>487.5</ele>
    </trkpt>
    <trkpt lat="45.619054" lon="14.921665">
        <ele>487.3</ele>
    </trkpt>
    <trkpt lat="45.619028" lon="14.921848">
        <ele>487.8</ele>
    </trkpt>
    <trkpt lat="45.619017" lon="14.922051">
        <ele>488.5</ele>
    </trkpt>
    <trkpt lat="45.619028" lon="14.922245">
        <ele>489.3</ele>
    </trkpt>
    <trkpt lat="45.619017" lon="14.9224">
        <ele>490.0</ele>
    </trkpt>
    <trkpt lat="45.61896" lon="14.922491">
        <ele>490.5</ele>
    </trkpt>
    <trkpt lat="45.618907" lon="14.922578">
        <ele>491.0</ele>
    </trkpt>
    <trkpt lat="45.618824" lon="14.922692">
        <ele>492.0</ele>
    </trkpt>
    <trkpt lat="45.618704" lon="14.922765">
        <ele>492.5</ele>
    </trkpt>
    <trkpt lat="45.618657" lon="14.92274">
        <ele>492.0</ele>
    </trkpt>
    <trkpt lat="45.618578" lon="14.922698">
        <ele>491.3</ele>
    </trkpt>
    <trkpt lat="45.618309" lon="14.92267">
        <ele>490.0</ele>
    </trkpt>
    <trkpt lat="45.618204" lon="14.922703">
        <ele>490.0</ele>
    </trkpt>
    <trkpt lat="45.618082" lon="14.922743">
        <ele>490.5</ele>
    </trkpt>
    <trkpt lat="45.617835" lon="14.923126">
        <ele>494.3</ele>
    </trkpt>
    <trkpt lat="45.617456" lon="14.92328">
        <ele>494.3</ele>
    </trkpt>
    <trkpt lat="45.617234" lon="14.92336">
        <ele>494.3</ele>
    </trkpt>
    <trkpt lat="45.616949" lon="14.923736">
        <ele>496.0</ele>
    </trkpt>
    <trkpt lat="45.616928" lon="14.923757">
        <ele>495.8</ele>
    </trkpt>
    <trkpt lat="45.616589" lon="14.924101">
        <ele>495.8</ele>
    </trkpt>
    <trkpt lat="45.616572" lon="14.924129">
        <ele>495.8</ele>
    </trkpt>
    <trkpt lat="45.616416" lon="14.924401">
        <ele>495.8</ele>
    </trkpt>
    <trkpt lat="45.616233" lon="14.924997">
        <ele>496.8</ele>
    </trkpt>
    <trkpt lat="45.6161" lon="14.925453">
        <ele>495.5</ele>
    </trkpt>
    <trkpt lat="45.616056" lon="14.925608">
        <ele>495.3</ele>
    </trkpt>
    <trkpt lat="45.616041" lon="14.925833">
        <ele>495.3</ele>
    </trkpt>
    <trkpt lat="45.616056" lon="14.925933">
        <ele>495.8</ele>
    </trkpt>
    <trkpt lat="45.616071" lon="14.926027">
        <ele>496.5</ele>
    </trkpt>
    <trkpt lat="45.616131" lon="14.926209">
        <ele>497.8</ele>
    </trkpt>
    <trkpt lat="45.616203" lon="14.926375">
        <ele>499.0</ele>
    </trkpt>
    <trkpt lat="45.616255" lon="14.926547">
        <ele>500.0</ele>
    </trkpt>
    <trkpt lat="45.616259" lon="14.926654">
        <ele>500.5</ele>
    </trkpt>
    <trkpt lat="45.616237" lon="14.926727">
        <ele>500.5</ele>
    </trkpt>
    <trkpt lat="45.616214" lon="14.92681">
        <ele>501.0</ele>
    </trkpt>
    <trkpt lat="45.616142" lon="14.926933">
        <ele>501.0</ele>
    </trkpt>
    <trkpt lat="45.616007" lon="14.927083">
        <ele>500.3</ele>
    </trkpt>
    <trkpt lat="45.615932" lon="14.927242">
        <ele>500.0</ele>
    </trkpt>
    <trkpt lat="45.615932" lon="14.927244">
        <ele>500.0</ele>
    </trkpt>
    <trkpt lat="45.615835" lon="14.927775">
        <ele>502.8</ele>
    </trkpt>
    <trkpt lat="45.615814" lon="14.92781">
        <ele>502.8</ele>
    </trkpt>
    <trkpt lat="45.615591" lon="14.928199">
        <ele>504.5</ele>
    </trkpt>
    <trkpt lat="45.615563" lon="14.92834">
        <ele>505.3</ele>
    </trkpt>
    <trkpt lat="45.615535" lon="14.928489">
        <ele>506.5</ele>
    </trkpt>
    <trkpt lat="45.61549" lon="14.929138">
        <ele>512.0</ele>
    </trkpt>
    <trkpt lat="45.615396" lon="14.929572">
        <ele>513.3</ele>
    </trkpt>
    <trkpt lat="45.615351" lon="14.9299">
        <ele>514.3</ele>
    </trkpt>
    <trkpt lat="45.615348" lon="14.930059">
        <ele>514.8</ele>
    </trkpt>
    <trkpt lat="45.615347" lon="14.930189">
        <ele>515.3</ele>
    </trkpt>
    <trkpt lat="45.615441" lon="14.930635">
        <ele>516.0</ele>
    </trkpt>
    <trkpt lat="45.615458" lon="14.930787">
        <ele>516.0</ele>
    </trkpt>
    <trkpt lat="45.615482" lon="14.930994">
        <ele>516.3</ele>
    </trkpt>
    <trkpt lat="45.615437" lon="14.93131">
        <ele>516.8</ele>
    </trkpt>
    <trkpt lat="45.6154" lon="14.931643">
        <ele>517.5</ele>
    </trkpt>
    <trkpt lat="45.615365" lon="14.931815">
        <ele>518.0</ele>
    </trkpt>
    <trkpt lat="45.615343" lon="14.931927">
        <ele>518.5</ele>
    </trkpt>
    <trkpt lat="45.615137" lon="14.932421">
        <ele>518.3</ele>
    </trkpt>
    <trkpt lat="45.614976" lon="14.93285">
        <ele>517.8</ele>
    </trkpt>
    <trkpt lat="45.614799" lon="14.933207">
        <ele>517.5</ele>
    </trkpt>
    <trkpt lat="45.614788" lon="14.933231">
        <ele>517.5</ele>
    </trkpt>
    <trkpt lat="45.614705" lon="14.933569">
        <ele>517.0</ele>
    </trkpt>
    <trkpt lat="45.614642" lon="14.933907">
        <ele>516.5</ele>
    </trkpt>
    <trkpt lat="45.61454" lon="14.934202">
        <ele>515.5</ele>
    </trkpt>
    <trkpt lat="45.614439" lon="14.93439">
        <ele>514.8</ele>
    </trkpt>
    <trkpt lat="45.614274" lon="14.934754">
        <ele>513.8</ele>
    </trkpt>
    <trkpt lat="45.614254" lon="14.934904">
        <ele>513.8</ele>
    </trkpt>
    <trkpt lat="45.614244" lon="14.93499">
        <ele>514.0</ele>
    </trkpt>
    <trkpt lat="45.614236" lon="14.935135">
        <ele>514.5</ele>
    </trkpt>
    <trkpt lat="45.614214" lon="14.935307">
        <ele>515.0</ele>
    </trkpt>
    <trkpt lat="45.614176" lon="14.935358">
        <ele>514.8</ele>
    </trkpt>
    <trkpt lat="45.61415" lon="14.935393">
        <ele>514.8</ele>
    </trkpt>
    <trkpt lat="45.614026" lon="14.935479">
        <ele>515.3</ele>
    </trkpt>
    <trkpt lat="45.613437" lon="14.935747">
        <ele>516.5</ele>
    </trkpt>
    <trkpt lat="45.613186" lon="14.935988">
        <ele>518.0</ele>
    </trkpt>
    <trkpt lat="45.613091" lon="14.936097">
        <ele>518.3</ele>
    </trkpt>
    <trkpt lat="45.612949" lon="14.936262">
        <ele>518.8</ele>
    </trkpt>
    <trkpt lat="45.612848" lon="14.9366">
        <ele>519.5</ele>
    </trkpt>
    <trkpt lat="45.612698" lon="14.936981">
        <ele>520.0</ele>
    </trkpt>
    <trkpt lat="45.612548" lon="14.937313">
        <ele>520.3</ele>
    </trkpt>
    <trkpt lat="45.612398" lon="14.937614">
        <ele>521.5</ele>
    </trkpt>
    <trkpt lat="45.612303" lon="14.93782">
        <ele>522.5</ele>
    </trkpt>
    <trkpt lat="45.612221" lon="14.938">
        <ele>523.5</ele>
    </trkpt>
    <trkpt lat="45.612067" lon="14.938413">
        <ele>524.3</ele>
    </trkpt>
    <trkpt lat="45.611951" lon="14.939014">
        <ele>524.3</ele>
    </trkpt>
    <trkpt lat="45.611955" lon="14.93925">
        <ele>524.0</ele>
    </trkpt>
    <trkpt lat="45.611914" lon="14.939513">
        <ele>523.3</ele>
    </trkpt>
    <trkpt lat="45.611842" lon="14.939727">
        <ele>522.5</ele>
    </trkpt>
    <trkpt lat="45.61183" lon="14.939737">
        <ele>522.3</ele>
    </trkpt>
    <trkpt lat="45.61176" lon="14.939802">
        <ele>522.0</ele>
    </trkpt>
    <trkpt lat="45.61155" lon="14.939936">
        <ele>522.3</ele>
    </trkpt>
    <trkpt lat="45.61146" lon="14.940054">
        <ele>522.8</ele>
    </trkpt>
    <trkpt lat="45.611396" lon="14.940269">
        <ele>522.5</ele>
    </trkpt>
    <trkpt lat="45.611418" lon="14.940548">
        <ele>521.0</ele>
    </trkpt>
    <trkpt lat="45.61154" lon="14.941318">
        <ele>517.0</ele>
    </trkpt>
    <trkpt lat="45.611621" lon="14.94183">
        <ele>514.8</ele>
    </trkpt>
    <trkpt lat="45.611587" lon="14.94197">
        <ele>514.5</ele>
    </trkpt>
    <trkpt lat="45.611478" lon="14.942297">
        <ele>513.8</ele>
    </trkpt>
    <trkpt lat="45.61143" lon="14.942533">
        <ele>513.0</ele>
    </trkpt>
    <trkpt lat="45.611403" lon="14.94278">
        <ele>512.3</ele>
    </trkpt>
    <trkpt lat="45.611452" lon="14.943075">
        <ele>511.3</ele>
    </trkpt>
    <trkpt lat="45.611546" lon="14.943273">
        <ele>510.5</ele>
    </trkpt>
    <trkpt lat="45.611587" lon="14.943429">
        <ele>510.0</ele>
    </trkpt>
    <trkpt lat="45.611617" lon="14.943627">
        <ele>509.3</ele>
    </trkpt>
    <trkpt lat="45.611606" lon="14.943714">
        <ele>509.0</ele>
    </trkpt>
    <trkpt lat="45.611595" lon="14.94381">
        <ele>509.0</ele>
    </trkpt>
    <trkpt lat="45.611482" lon="14.944029">
        <ele>508.8</ele>
    </trkpt>
    <trkpt lat="45.611238" lon="14.944217">
        <ele>508.5</ele>
    </trkpt>
    <trkpt lat="45.611066" lon="14.944335">
        <ele>508.3</ele>
    </trkpt>
    <trkpt lat="45.611046" lon="14.94434">
        <ele>508.3</ele>
    </trkpt>
    <trkpt lat="45.610882" lon="14.944389">
        <ele>508.3</ele>
    </trkpt>
    <trkpt lat="45.6106" lon="14.944394">
        <ele>508.8</ele>
    </trkpt>
    <trkpt lat="45.610315" lon="14.944432">
        <ele>509.3</ele>
    </trkpt>
    <trkpt lat="45.610218" lon="14.944496">
        <ele>509.0</ele>
    </trkpt>
    <trkpt lat="45.610172" lon="14.944528">
        <ele>509.0</ele>
    </trkpt>
    <trkpt lat="45.61009" lon="14.944754">
        <ele>508.5</ele>
    </trkpt>
    <trkpt lat="45.609951" lon="14.945038">
        <ele>508.0</ele>
    </trkpt>
    <trkpt lat="45.609823" lon="14.945097">
        <ele>508.5</ele>
    </trkpt>
    <trkpt lat="45.609658" lon="14.945108">
        <ele>508.8</ele>
    </trkpt>
    <trkpt lat="45.609527" lon="14.945144">
        <ele>509.0</ele>
    </trkpt>
    <trkpt lat="45.609527" lon="14.945145">
        <ele>509.3</ele>
    </trkpt>
    <trkpt lat="45.609459" lon="14.945285">
        <ele>509.5</ele>
    </trkpt>
    <trkpt lat="45.609369" lon="14.945703">
        <ele>510.3</ele>
    </trkpt>
    <trkpt lat="45.609253" lon="14.945907">
        <ele>511.8</ele>
    </trkpt>
    <trkpt lat="45.609107" lon="14.946052">
        <ele>514.3</ele>
    </trkpt>
    <trkpt lat="45.608983" lon="14.946109">
        <ele>515.8</ele>
    </trkpt>
    <trkpt lat="45.608889" lon="14.946154">
        <ele>517.0</ele>
    </trkpt>
    <trkpt lat="45.608406" lon="14.945983">
        <ele>517.3</ele>
    </trkpt>
    <trkpt lat="45.608392" lon="14.945991">
        <ele>517.3</ele>
    </trkpt>
    <trkpt lat="45.608337" lon="14.946025">
        <ele>518.3</ele>
    </trkpt>
    <trkpt lat="45.608306" lon="14.946082">
        <ele>519.0</ele>
    </trkpt>
    <trkpt lat="45.608165" lon="14.946269">
        <ele>522.0</ele>
    </trkpt>
    <trkpt lat="45.608105" lon="14.946399">
        <ele>523.8</ele>
    </trkpt>
    <trkpt lat="45.608035" lon="14.946464">
        <ele>524.8</ele>
    </trkpt>
    <trkpt lat="45.607979" lon="14.9465">
        <ele>525.5</ele>
    </trkpt>
    <trkpt lat="45.607823" lon="14.946723">
        <ele>528.3</ele>
    </trkpt>
    <trkpt lat="45.607748" lon="14.946766">
        <ele>529.0</ele>
    </trkpt>
    <trkpt lat="45.607642" lon="14.946881">
        <ele>530.5</ele>
    </trkpt>
    <trkpt lat="45.607526" lon="14.946989">
        <ele>532.0</ele>
    </trkpt>
    <trkpt lat="45.6074" lon="14.947075">
        <ele>532.3</ele>
    </trkpt>
    <trkpt lat="45.607275" lon="14.947054">
        <ele>531.5</ele>
    </trkpt>
    <trkpt lat="45.607203" lon="14.94701">
        <ele>530.8</ele>
    </trkpt>
    <trkpt lat="45.607169" lon="14.946989">
        <ele>530.5</ele>
    </trkpt>
    <trkpt lat="45.607129" lon="14.946895">
        <ele>529.3</ele>
    </trkpt>
    <trkpt lat="45.606998" lon="14.946823">
        <ele>528.0</ele>
    </trkpt>
    <trkpt lat="45.606887" lon="14.946687">
        <ele>526.0</ele>
    </trkpt>
    <trkpt lat="45.606751" lon="14.946557">
        <ele>525.0</ele>
    </trkpt>
    <trkpt lat="45.606671" lon="14.946428">
        <ele>524.5</ele>
    </trkpt>
    <trkpt lat="45.606603" lon="14.946428">
        <ele>523.8</ele>
    </trkpt>
    <trkpt lat="45.606573" lon="14.946429">
        <ele>523.8</ele>
    </trkpt>
    <trkpt lat="45.606482" lon="14.946544">
        <ele>523.0</ele>
    </trkpt>
    <trkpt lat="45.606497" lon="14.946652">
        <ele>523.3</ele>
    </trkpt>
    <trkpt lat="45.606462" lon="14.946739">
        <ele>523.5</ele>
    </trkpt>
    <trkpt lat="45.606367" lon="14.946803">
        <ele>523.3</ele>
    </trkpt>
    <trkpt lat="45.606256" lon="14.946933">
        <ele>523.5</ele>
    </trkpt>
    <trkpt lat="45.606165" lon="14.947055">
        <ele>523.8</ele>
    </trkpt>
    <trkpt lat="45.60609" lon="14.94717">
        <ele>524.3</ele>
    </trkpt>
    <trkpt lat="45.606029" lon="14.947278">
        <ele>524.5</ele>
    </trkpt>
    <trkpt lat="45.605919" lon="14.947336">
        <ele>524.0</ele>
    </trkpt>
    <trkpt lat="45.605833" lon="14.94735">
        <ele>523.5</ele>
    </trkpt>
    <trkpt lat="45.605768" lon="14.947422">
        <ele>523.8</ele>
    </trkpt>
    <trkpt lat="45.605662" lon="14.947587">
        <ele>524.3</ele>
    </trkpt>
    <trkpt lat="45.605586" lon="14.947674">
        <ele>524.5</ele>
    </trkpt>
    <trkpt lat="45.605555" lon="14.947735">
        <ele>524.5</ele>
    </trkpt>
    <trkpt lat="45.605451" lon="14.947947">
        <ele>525.5</ele>
    </trkpt>
    <trkpt lat="45.60537" lon="14.948077">
        <ele>525.8</ele>
    </trkpt>
    <trkpt lat="45.605264" lon="14.948278">
        <ele>526.0</ele>
    </trkpt>
    <trkpt lat="45.605229" lon="14.9484">
        <ele>526.3</ele>
    </trkpt>
    <trkpt lat="45.605189" lon="14.948501">
        <ele>526.3</ele>
    </trkpt>
    <trkpt lat="45.604952" lon="14.948868">
        <ele>525.5</ele>
    </trkpt>
    <trkpt lat="45.604877" lon="14.948904">
        <ele>525.0</ele>
    </trkpt>
    <trkpt lat="45.604808" lon="14.949049">
        <ele>525.3</ele>
    </trkpt>
    <trkpt lat="45.604776" lon="14.94912">
        <ele>525.5</ele>
    </trkpt>
    <trkpt lat="45.604686" lon="14.949393">
        <ele>525.8</ele>
    </trkpt>
    <trkpt lat="45.60459" lon="14.949767">
        <ele>526.5</ele>
    </trkpt>
    <trkpt lat="45.604603" lon="14.94993">
        <ele>527.3</ele>
    </trkpt>
    <trkpt lat="45.60461" lon="14.950012">
        <ele>527.8</ele>
    </trkpt>
    <trkpt lat="45.604635" lon="14.950127">
        <ele>528.3</ele>
    </trkpt>
    <trkpt lat="45.604665" lon="14.950213">
        <ele>528.8</ele>
    </trkpt>
    <trkpt lat="45.604732" lon="14.95029">
        <ele>529.8</ele>
    </trkpt>
    <trkpt lat="45.604818" lon="14.950366">
        <ele>531.0</ele>
    </trkpt>
    <trkpt lat="45.604898" lon="14.950451">
        <ele>532.0</ele>
    </trkpt>
    <trkpt lat="45.604984" lon="14.950594">
        <ele>533.5</ele>
    </trkpt>
    <trkpt lat="45.604998" lon="14.95078">
        <ele>534.5</ele>
    </trkpt>
    <trkpt lat="45.605004" lon="14.95086">
        <ele>535.0</ele>
    </trkpt>
    <trkpt lat="45.604957" lon="14.951372">
        <ele>534.5</ele>
    </trkpt>
    <trkpt lat="45.604984" lon="14.9516">
        <ele>534.8</ele>
    </trkpt>
    <trkpt lat="45.604984" lon="14.951809">
        <ele>535.0</ele>
    </trkpt>
    <trkpt lat="45.605021" lon="14.952364">
        <ele>537.0</ele>
    </trkpt>
    <trkpt lat="45.605004" lon="14.952478">
        <ele>537.0</ele>
    </trkpt>
    <trkpt lat="45.604996" lon="14.952609">
        <ele>537.0</ele>
    </trkpt>
    <trkpt lat="45.604968" lon="14.952844">
        <ele>537.5</ele>
    </trkpt>
    <trkpt lat="45.604979" lon="14.952985">
        <ele>538.0</ele>
    </trkpt>
    <trkpt lat="45.604999" lon="14.953107">
        <ele>538.3</ele>
    </trkpt>
    <trkpt lat="45.605042" lon="14.953367">
        <ele>539.5</ele>
    </trkpt>
    <trkpt lat="45.605109" lon="14.953419">
        <ele>540.8</ele>
    </trkpt>
    <trkpt lat="45.60512" lon="14.953422">
        <ele>540.8</ele>
        <extensions>
        <gpxtpx:TrackPointExtension>
        <gpxtpx:Extensions>
            <surface>unpaved</surface>
        </gpxtpx:Extensions>
        </gpxtpx:TrackPointExtension>
        </extensions>
    </trkpt>
    <trkpt lat="45.605302" lon="14.953476">
        <ele>544.5</ele>
        <extensions>
        <gpxtpx:TrackPointExtension>
        <gpxtpx:Extensions>
            <surface>unpaved</surface>
        </gpxtpx:Extensions>
        </gpxtpx:TrackPointExtension>
        </extensions>
    </trkpt>
    <trkpt lat="45.605352" lon="14.953526">
        <ele>545.3</ele>
        <extensions>
        <gpxtpx:TrackPointExtension>
        <gpxtpx:Extensions>
            <surface>unpaved</surface>
        </gpxtpx:Extensions>
        </gpxtpx:TrackPointExtension>
        </extensions>
    </trkpt>
    <trkpt lat="45.605387" lon="14.95356">
        <ele>546.0</ele>
        <extensions>
        <gpxtpx:TrackPointExtension>
        <gpxtpx:Extensions>
            <surface>unpaved</surface>
        </gpxtpx:Extensions>
        </gpxtpx:TrackPointExtension>
        </extensions>
    </trkpt>
    <trkpt lat="45.605462" lon="14.95369">
        <ele>547.0</ele>
        <extensions>
        <gpxtpx:TrackPointExtension>
        <gpxtpx:Extensions>
            <surface>unpaved</surface>
        </gpxtpx:Extensions>
        </gpxtpx:TrackPointExtension>
        </extensions>
    </trkpt>
    <trkpt lat="45.605521" lon="14.953981">
        <ele>547.3</ele>
        <extensions>
        <gpxtpx:TrackPointExtension>
        <gpxtpx:Extensions>
            <surface>unpaved</surface>
        </gpxtpx:Extensions>
        </gpxtpx:TrackPointExtension>
        </extensions>
    </trkpt>
    <trkpt lat="45.605586" lon="14.954179">
        <ele>548.3</ele>
        <extensions>
        <gpxtpx:TrackPointExtension>
        <gpxtpx:Extensions>
            <surface>unpaved</surface>
        </gpxtpx:Extensions>
        </gpxtpx:TrackPointExtension>
        </extensions>
    </trkpt>
    <trkpt lat="45.605623" lon="14.954424">
        <ele>548.5</ele>
        <extensions>
        <gpxtpx:TrackPointExtension>
        <gpxtpx:Extensions>
            <surface>unpaved</surface>
        </gpxtpx:Extensions>
        </gpxtpx:TrackPointExtension>
        </extensions>
    </trkpt>
    <trkpt lat="45.605676" lon="14.954654">
        <ele>549.3</ele>
        <extensions>
        <gpxtpx:TrackPointExtension>
        <gpxtpx:Extensions>
            <surface>unpaved</surface>
        </gpxtpx:Extensions>
        </gpxtpx:TrackPointExtension>
        </extensions>
    </trkpt>
    <trkpt lat="45.605762" lon="14.954738">
        <ele>550.5</ele>
        <extensions>
        <gpxtpx:TrackPointExtension>
        <gpxtpx:Extensions>
            <surface>unpaved</surface>
        </gpxtpx:Extensions>
        </gpxtpx:TrackPointExtension>
        </extensions>
    </trkpt>
    <trkpt lat="45.605901" lon="14.95496">
        <ele>551.8</ele>
        <extensions>
        <gpxtpx:TrackPointExtension>
        <gpxtpx:Extensions>
            <surface>unpaved</surface>
        </gpxtpx:Extensions>
        </gpxtpx:TrackPointExtension>
        </extensions>
    </trkpt>
    <trkpt lat="45.606147" lon="14.95512">
        <ele>554.5</ele>
        <extensions>
        <gpxtpx:TrackPointExtension>
        <gpxtpx:Extensions>
            <surface>unpaved</surface>
        </gpxtpx:Extensions>
        </gpxtpx:TrackPointExtension>
        </extensions>
    </trkpt>
    <trkpt lat="45.606346" lon="14.955273">
        <ele>556.0</ele>
        <extensions>
        <gpxtpx:TrackPointExtension>
        <gpxtpx:Extensions>
            <surface>unpaved</surface>
        </gpxtpx:Extensions>
        </gpxtpx:TrackPointExtension>
        </extensions>
    </trkpt>
    <trkpt lat="45.60649" lon="14.955396">
        <ele>556.5</ele>
        <extensions>
        <gpxtpx:TrackPointExtension>
        <gpxtpx:Extensions>
            <surface>unpaved</surface>
        </gpxtpx:Extensions>
        </gpxtpx:TrackPointExtension>
        </extensions>
    </trkpt>
    <trkpt lat="45.60687" lon="14.95584">
        <ele>557.0</ele>
        <extensions>
        <gpxtpx:TrackPointExtension>
        <gpxtpx:Extensions>
            <surface>unpaved</surface>
        </gpxtpx:Extensions>
        </gpxtpx:TrackPointExtension>
        </extensions>
    </trkpt>
    <trkpt lat="45.607009" lon="14.955924">
        <ele>558.8</ele>
        <extensions>
        <gpxtpx:TrackPointExtension>
        <gpxtpx:Extensions>
            <surface>unpaved</surface>
        </gpxtpx:Extensions>
        </gpxtpx:TrackPointExtension>
        </extensions>
    </trkpt>
    <trkpt lat="45.607089" lon="14.956008">
        <ele>559.8</ele>
        <extensions>
        <gpxtpx:TrackPointExtension>
        <gpxtpx:Extensions>
            <surface>unpaved</surface>
        </gpxtpx:Extensions>
        </gpxtpx:TrackPointExtension>
        </extensions>
    </trkpt>
    <trkpt lat="45.607236" lon="14.956028">
        <ele>561.0</ele>
        <extensions>
        <gpxtpx:TrackPointExtension>
        <gpxtpx:Extensions>
            <surface>unpaved</surface>
        </gpxtpx:Extensions>
        </gpxtpx:TrackPointExtension>
        </extensions>
    </trkpt>
    <trkpt lat="45.607255" lon="14.956031">
        <ele>561.3</ele>
        <extensions>
        <gpxtpx:TrackPointExtension>
        <gpxtpx:Extensions>
            <surface>unpaved</surface>
        </gpxtpx:Extensions>
        </gpxtpx:TrackPointExtension>
        </extensions>
    </trkpt>
    <trkpt lat="45.607475" lon="14.956092">
        <ele>563.3</ele>
        <extensions>
        <gpxtpx:TrackPointExtension>
        <gpxtpx:Extensions>
            <surface>unpaved</surface>
        </gpxtpx:Extensions>
        </gpxtpx:TrackPointExtension>
        </extensions>
    </trkpt>
    <trkpt lat="45.607705" lon="14.9561">
        <ele>565.3</ele>
        <extensions>
        <gpxtpx:TrackPointExtension>
        <gpxtpx:Extensions>
            <surface>unpaved</surface>
        </gpxtpx:Extensions>
        </gpxtpx:TrackPointExtension>
        </extensions>
    </trkpt>
    <trkpt lat="45.607882" lon="14.956123">
        <ele>566.8</ele>
        <extensions>
        <gpxtpx:TrackPointExtension>
        <gpxtpx:Extensions>
            <surface>unpaved</surface>
        </gpxtpx:Extensions>
        </gpxtpx:TrackPointExtension>
        </extensions>
    </trkpt>
    <trkpt lat="45.608037" lon="14.9561">
        <ele>568.0</ele>
        <extensions>
        <gpxtpx:TrackPointExtension>
        <gpxtpx:Extensions>
            <surface>unpaved</surface>
        </gpxtpx:Extensions>
        </gpxtpx:TrackPointExtension>
        </extensions>
    </trkpt>
    <trkpt lat="45.608165" lon="14.956069">
        <ele>569.0</ele>
        <extensions>
        <gpxtpx:TrackPointExtension>
        <gpxtpx:Extensions>
            <surface>unpaved</surface>
        </gpxtpx:Extensions>
        </gpxtpx:TrackPointExtension>
        </extensions>
    </trkpt>
    <trkpt lat="45.608272" lon="14.956176">
        <ele>570.5</ele>
        <extensions>
        <gpxtpx:TrackPointExtension>
        <gpxtpx:Extensions>
            <surface>unpaved</surface>
        </gpxtpx:Extensions>
        </gpxtpx:TrackPointExtension>
        </extensions>
    </trkpt>
    <trkpt lat="45.608508" lon="14.956222">
        <ele>573.0</ele>
        <extensions>
        <gpxtpx:TrackPointExtension>
        <gpxtpx:Extensions>
            <surface>unpaved</surface>
        </gpxtpx:Extensions>
        </gpxtpx:TrackPointExtension>
        </extensions>
    </trkpt>
    <trkpt lat="45.60862" lon="14.956207">
        <ele>574.3</ele>
        <extensions>
        <gpxtpx:TrackPointExtension>
        <gpxtpx:Extensions>
            <surface>unpaved</surface>
        </gpxtpx:Extensions>
        </gpxtpx:TrackPointExtension>
        </extensions>
    </trkpt>
    <trkpt lat="45.608781" lon="14.956169">
        <ele>575.5</ele>
        <extensions>
        <gpxtpx:TrackPointExtension>
        <gpxtpx:Extensions>
            <surface>unpaved</surface>
        </gpxtpx:Extensions>
        </gpxtpx:TrackPointExtension>
        </extensions>
    </trkpt>
    <trkpt lat="45.608963" lon="14.956192">
        <ele>577.8</ele>
        <extensions>
        <gpxtpx:TrackPointExtension>
        <gpxtpx:Extensions>
            <surface>unpaved</surface>
        </gpxtpx:Extensions>
        </gpxtpx:TrackPointExtension>
        </extensions>
    </trkpt>
    <trkpt lat="45.609143" lon="14.956173">
        <ele>579.8</ele>
        <extensions>
        <gpxtpx:TrackPointExtension>
        <gpxtpx:Extensions>
            <surface>unpaved</surface>
        </gpxtpx:Extensions>
        </gpxtpx:TrackPointExtension>
        </extensions>
    </trkpt>
    <trkpt lat="45.609262" lon="14.956161">
        <ele>581.3</ele>
        <extensions>
        <gpxtpx:TrackPointExtension>
        <gpxtpx:Extensions>
            <surface>unpaved</surface>
        </gpxtpx:Extensions>
        </gpxtpx:TrackPointExtension>
        </extensions>
    </trkpt>
    <trkpt lat="45.60946" lon="14.956084">
        <ele>584.0</ele>
        <extensions>
        <gpxtpx:TrackPointExtension>
        <gpxtpx:Extensions>
            <surface>unpaved</surface>
        </gpxtpx:Extensions>
        </gpxtpx:TrackPointExtension>
        </extensions>
    </trkpt>
    <trkpt lat="45.609604" lon="14.955999">
        <ele>585.8</ele>
        <extensions>
        <gpxtpx:TrackPointExtension>
        <gpxtpx:Extensions>
            <surface>unpaved</surface>
        </gpxtpx:Extensions>
        </gpxtpx:TrackPointExtension>
        </extensions>
    </trkpt>
    <trkpt lat="45.609707" lon="14.955939">
        <ele>587.0</ele>
        <extensions>
        <gpxtpx:TrackPointExtension>
        <gpxtpx:Extensions>
            <surface>unpaved</surface>
        </gpxtpx:Extensions>
        </gpxtpx:TrackPointExtension>
        </extensions>
    </trkpt>
    <trkpt lat="45.609921" lon="14.955824">
        <ele>589.5</ele>
        <extensions>
        <gpxtpx:TrackPointExtension>
        <gpxtpx:Extensions>
            <surface>unpaved</surface>
        </gpxtpx:Extensions>
        </gpxtpx:TrackPointExtension>
        </extensions>
    </trkpt>
    <trkpt lat="45.60998" lon="14.955748">
        <ele>589.5</ele>
        <extensions>
        <gpxtpx:TrackPointExtension>
        <gpxtpx:Extensions>
            <surface>unpaved</surface>
        </gpxtpx:Extensions>
        </gpxtpx:TrackPointExtension>
        </extensions>
    </trkpt>
    <trkpt lat="45.610038" lon="14.95571">
        <ele>590.0</ele>
        <extensions>
        <gpxtpx:TrackPointExtension>
        <gpxtpx:Extensions>
            <surface>unpaved</surface>
        </gpxtpx:Extensions>
        </gpxtpx:TrackPointExtension>
        </extensions>
    </trkpt>
    <trkpt lat="45.610081" lon="14.955648">
        <ele>590.0</ele>
        <extensions>
        <gpxtpx:TrackPointExtension>
        <gpxtpx:Extensions>
            <surface>unpaved</surface>
        </gpxtpx:Extensions>
        </gpxtpx:TrackPointExtension>
        </extensions>
    </trkpt>
    <trkpt lat="45.610151" lon="14.955587">
        <ele>590.8</ele>
        <extensions>
        <gpxtpx:TrackPointExtension>
        <gpxtpx:Extensions>
            <surface>unpaved</surface>
        </gpxtpx:Extensions>
        </gpxtpx:TrackPointExtension>
        </extensions>
    </trkpt>
    <trkpt lat="45.610338" lon="14.955434">
        <ele>592.5</ele>
        <extensions>
        <gpxtpx:TrackPointExtension>
        <gpxtpx:Extensions>
            <surface>unpaved</surface>
        </gpxtpx:Extensions>
        </gpxtpx:TrackPointExtension>
        </extensions>
    </trkpt>
    <trkpt lat="45.610459" lon="14.955355">
        <ele>594.0</ele>
        <extensions>
        <gpxtpx:TrackPointExtension>
        <gpxtpx:Extensions>
            <surface>unpaved</surface>
        </gpxtpx:Extensions>
        </gpxtpx:TrackPointExtension>
        </extensions>
    </trkpt>
    <trkpt lat="45.610467" lon="14.95535">
        <ele>594.3</ele>
        <extensions>
        <gpxtpx:TrackPointExtension>
        <gpxtpx:Extensions>
            <surface>unpaved</surface>
        </gpxtpx:Extensions>
        </gpxtpx:TrackPointExtension>
        </extensions>
    </trkpt>
    <trkpt lat="45.610536" lon="14.955404">
        <ele>596.0</ele>
        <extensions>
        <gpxtpx:TrackPointExtension>
        <gpxtpx:Extensions>
            <surface>unpaved</surface>
        </gpxtpx:Extensions>
        </gpxtpx:TrackPointExtension>
        </extensions>
    </trkpt>
    <trkpt lat="45.610707" lon="14.955625">
        <ele>601.0</ele>
        <extensions>
        <gpxtpx:TrackPointExtension>
        <gpxtpx:Extensions>
            <surface>unpaved</surface>
        </gpxtpx:Extensions>
        </gpxtpx:TrackPointExtension>
        </extensions>
    </trkpt>
    <trkpt lat="45.61082" lon="14.955725">
        <ele>603.8</ele>
        <extensions>
        <gpxtpx:TrackPointExtension>
        <gpxtpx:Extensions>
            <surface>unpaved</surface>
        </gpxtpx:Extensions>
        </gpxtpx:TrackPointExtension>
        </extensions>
    </trkpt>
    <trkpt lat="45.610948" lon="14.955809">
        <ele>605.0</ele>
        <extensions>
        <gpxtpx:TrackPointExtension>
        <gpxtpx:Extensions>
            <surface>unpaved</surface>
        </gpxtpx:Extensions>
        </gpxtpx:TrackPointExtension>
        </extensions>
    </trkpt>
    <trkpt lat="45.610969" lon="14.95581">
        <ele>605.0</ele>
        <extensions>
        <gpxtpx:TrackPointExtension>
        <gpxtpx:Extensions>
            <surface>unpaved</surface>
        </gpxtpx:Extensions>
        </gpxtpx:TrackPointExtension>
        </extensions>
    </trkpt>
    <trkpt lat="45.611098" lon="14.955817">
        <ele>605.5</ele>
        <extensions>
        <gpxtpx:TrackPointExtension>
        <gpxtpx:Extensions>
            <surface>unpaved</surface>
        </gpxtpx:Extensions>
        </gpxtpx:TrackPointExtension>
        </extensions>
    </trkpt>
    <trkpt lat="45.611216" lon="14.955801">
        <ele>605.8</ele>
        <extensions>
        <gpxtpx:TrackPointExtension>
        <gpxtpx:Extensions>
            <surface>unpaved</surface>
        </gpxtpx:Extensions>
        </gpxtpx:TrackPointExtension>
        </extensions>
    </trkpt>
    <trkpt lat="45.611408" lon="14.955855">
        <ele>606.5</ele>
        <extensions>
        <gpxtpx:TrackPointExtension>
        <gpxtpx:Extensions>
            <surface>unpaved</surface>
        </gpxtpx:Extensions>
        </gpxtpx:TrackPointExtension>
        </extensions>
    </trkpt>
    <trkpt lat="45.611428" lon="14.955863">
        <ele>606.5</ele>
        <extensions>
        <gpxtpx:TrackPointExtension>
        <gpxtpx:Extensions>
            <surface>unpaved</surface>
        </gpxtpx:Extensions>
        </gpxtpx:TrackPointExtension>
        </extensions>
    </trkpt>
    <trkpt lat="45.611489" lon="14.955886">
        <ele>606.8</ele>
        <extensions>
        <gpxtpx:TrackPointExtension>
        <gpxtpx:Extensions>
            <surface>unpaved</surface>
        </gpxtpx:Extensions>
        </gpxtpx:TrackPointExtension>
        </extensions>
    </trkpt>
    <trkpt lat="45.611617" lon="14.956008">
        <ele>607.8</ele>
        <extensions>
        <gpxtpx:TrackPointExtension>
        <gpxtpx:Extensions>
            <surface>unpaved</surface>
        </gpxtpx:Extensions>
        </gpxtpx:TrackPointExtension>
        </extensions>
    </trkpt>
    <trkpt lat="45.611714" lon="14.956077">
        <ele>607.8</ele>
        <extensions>
        <gpxtpx:TrackPointExtension>
        <gpxtpx:Extensions>
            <surface>unpaved</surface>
        </gpxtpx:Extensions>
        </gpxtpx:TrackPointExtension>
        </extensions>
    </trkpt>
    <trkpt lat="45.611805" lon="14.956056">
        <ele>606.8</ele>
        <extensions>
        <gpxtpx:TrackPointExtension>
        <gpxtpx:Extensions>
            <surface>unpaved</surface>
        </gpxtpx:Extensions>
        </gpxtpx:TrackPointExtension>
        </extensions>
    </trkpt>
    <trkpt lat="45.611868" lon="14.956042">
        <ele>606.3</ele>
        <extensions>
        <gpxtpx:TrackPointExtension>
        <gpxtpx:Extensions>
            <surface>unpaved</surface>
        </gpxtpx:Extensions>
        </gpxtpx:TrackPointExtension>
        </extensions>
    </trkpt>
    <trkpt lat="45.612072" lon="14.955963">
        <ele>604.5</ele>
    </trkpt>
    <trkpt lat="45.612111" lon="14.955957">
        <ele>604.3</ele>
    </trkpt>
    <trkpt lat="45.612165" lon="14.955983">
        <ele>604.0</ele>
    </trkpt>
    <trkpt lat="45.612209" lon="14.956022">
        <ele>603.8</ele>
    </trkpt>
    <trkpt lat="45.612258" lon="14.956093">
        <ele>603.8</ele>
    </trkpt>
    <trkpt lat="45.612302" lon="14.95622">
        <ele>603.8</ele>
    </trkpt>
    <trkpt lat="45.612323" lon="14.95628">
        <ele>603.8</ele>
    </trkpt>
    <trkpt lat="45.612321" lon="14.956306">
        <ele>604.0</ele>
    </trkpt>
    <trkpt lat="45.61238" lon="14.956631">
        <ele>604.8</ele>
    </trkpt>
    <trkpt lat="45.612433" lon="14.956848">
        <ele>605.0</ele>
    </trkpt>
    <trkpt lat="45.612476" lon="14.956955">
        <ele>605.3</ele>
    </trkpt>
    <trkpt lat="45.612527" lon="14.957041">
        <ele>605.5</ele>
    </trkpt>
    <trkpt lat="45.612615" lon="14.957168">
        <ele>606.5</ele>
    </trkpt>
    <trkpt lat="45.612727" lon="14.957278">
        <ele>607.5</ele>
    </trkpt>
    <trkpt lat="45.61278" lon="14.957502">
        <ele>609.0</ele>
    </trkpt>
    <trkpt lat="45.612831" lon="14.957687">
        <ele>610.3</ele>
    </trkpt>
    <trkpt lat="45.612854" lon="14.957728">
        <ele>610.5</ele>
    </trkpt>
    <trkpt lat="45.612892" lon="14.957793">
        <ele>611.3</ele>
    </trkpt>
    <trkpt lat="45.613049" lon="14.957996">
        <ele>613.8</ele>
    </trkpt>
    <trkpt lat="45.613355" lon="14.958335">
        <ele>619.3</ele>
    </trkpt>
    <trkpt lat="45.613422" lon="14.958387">
        <ele>620.3</ele>
    </trkpt>
    <trkpt lat="45.613445" lon="14.958457">
        <ele>620.8</ele>
    </trkpt>
    <trkpt lat="45.613509" lon="14.958649">
        <ele>623.0</ele>
    </trkpt>
    <trkpt lat="45.613635" lon="14.958904">
        <ele>626.5</ele>
    </trkpt>
    <trkpt lat="45.613698" lon="14.959065">
        <ele>628.8</ele>
    </trkpt>
    <trkpt lat="45.613763" lon="14.959163">
        <ele>630.5</ele>
    </trkpt>
    <trkpt lat="45.613862" lon="14.959292">
        <ele>633.5</ele>
    </trkpt>
    <trkpt lat="45.613896" lon="14.959368">
        <ele>634.8</ele>
    </trkpt>
    <trkpt lat="45.613912" lon="14.95945">
        <ele>636.0</ele>
    </trkpt>
    <trkpt lat="45.613912" lon="14.959476">
        <ele>636.3</ele>
    </trkpt>
    <trkpt lat="45.613913" lon="14.959712">
        <ele>638.5</ele>
    </trkpt>
    <trkpt lat="45.61391" lon="14.959895">
        <ele>640.0</ele>
    </trkpt>
    <trkpt lat="45.613935" lon="14.960379">
        <ele>644.8</ele>
    </trkpt>
    <trkpt lat="45.613962" lon="14.960753">
        <ele>648.8</ele>
    </trkpt>
    <trkpt lat="45.613973" lon="14.961079">
        <ele>652.0</ele>
    </trkpt>
    <trkpt lat="45.613991" lon="14.961261">
        <ele>654.3</ele>
    </trkpt>
    <trkpt lat="45.614026" lon="14.961453">
        <ele>656.8</ele>
    </trkpt>
    <trkpt lat="45.614082" lon="14.961654">
        <ele>659.8</ele>
    </trkpt>
    <trkpt lat="45.614107" lon="14.961778">
        <ele>661.8</ele>
    </trkpt>
    <trkpt lat="45.614125" lon="14.961912">
        <ele>663.5</ele>
    </trkpt>
    <trkpt lat="45.61430236" lon="14.963726821">
        <ele>683.0</ele>
    </trkpt>
    <trkpt lat="45.614292935" lon="14.964471075">
        <ele>689.9</ele>
    </trkpt>
    <trkpt lat="45.614360734" lon="14.964891486">
        <ele>694.2</ele>
    </trkpt>
    <trkpt lat="45.614283447" lon="14.965194758">
        <ele>696.8</ele>
    </trkpt>
    <trkpt lat="45.614206221" lon="14.965821961">
        <ele>698.7</ele>
    </trkpt>
    <trkpt lat="45.614157963" lon="14.966221712">
        <ele>700.8</ele>
    </trkpt>
    <trkpt lat="45.613993647" lon="14.966524982">
        <ele>702.6</ele>
    </trkpt>
    <trkpt lat="45.613930873" lon="14.966883411">
        <ele>707.1</ele>
    </trkpt>
    <trkpt lat="45.613892418" lon="14.967931026">
        <ele>718.1</ele>
    </trkpt>
    <trkpt lat="45.613853961" lon="14.968682197">
        <ele>722.6</ele>
    </trkpt>
    <trkpt lat="45.613791188" lon="14.969199177">
        <ele>726.0</ele>
    </trkpt>
    <trkpt lat="45.613776987" lon="14.970480983">
        <ele>737.8</ele>
    </trkpt>
    <trkpt lat="45.613758639" lon="14.970958168">
        <ele>744.8</ele>
    </trkpt>
    <trkpt lat="45.614256678" lon="14.970379025">
        <ele>749.1</ele>
    </trkpt>
    <trkpt lat="45.614483955" lon="14.970048175">
        <ele>754.4</ele>
    </trkpt>
    <trkpt lat="45.61470633" lon="14.969641418">
        <ele>760.3</ele>
    </trkpt>
    <trkpt lat="45.614824" lon="14.969212">
        <ele>766.0</ele>
    </trkpt>
    <trkpt lat="45.614824" lon="14.969266">
        <ele>766.5</ele>
    </trkpt>
    <trkpt lat="45.614827" lon="14.969352">
        <ele>766.3</ele>
    </trkpt>
    <trkpt lat="45.614837" lon="14.96965">
        <ele>765.5</ele>
    </trkpt>
    <trkpt lat="45.614852" lon="14.969805">
        <ele>765.3</ele>
    </trkpt>
    <trkpt lat="45.615066" lon="14.970255">
        <ele>771.3</ele>
    </trkpt>
    <trkpt lat="45.615127" lon="14.970342">
        <ele>773.3</ele>
    </trkpt>
    <trkpt lat="45.61517" lon="14.970345">
        <ele>774.5</ele>
    </trkpt>
    <trkpt lat="45.615183" lon="14.970347">
        <ele>775.0</ele>
    </trkpt>
    <trkpt lat="45.615216" lon="14.970268">
        <ele>775.5</ele>
    </trkpt>
    <trkpt lat="45.615209" lon="14.970093">
        <ele>774.5</ele>
    </trkpt>
    <trkpt lat="45.615307" lon="14.969694">
        <ele>778.3</ele>
    </trkpt>
    <trkpt lat="45.615393" lon="14.969457">
        <ele>781.5</ele>
    </trkpt>
    <trkpt lat="45.615551" lon="14.969316">
        <ele>785.8</ele>
    </trkpt>
    <trkpt lat="45.615855" lon="14.968982">
        <ele>792.8</ele>
    </trkpt>
    <trkpt lat="45.615929" lon="14.968937">
        <ele>793.3</ele>
    </trkpt>
    <trkpt lat="45.61625" lon="14.968744">
        <ele>796.0</ele>
    </trkpt>
    <trkpt lat="45.616405" lon="14.968699">
        <ele>797.5</ele>
    </trkpt>
    <trkpt lat="45.616841" lon="14.968687">
        <ele>800.5</ele>
    </trkpt>
    <trkpt lat="45.616971" lon="14.968644">
        <ele>800.5</ele>
    </trkpt>
    <trkpt lat="45.617066" lon="14.968574">
        <ele>800.5</ele>
    </trkpt>
    <trkpt lat="45.617137" lon="14.968492">
        <ele>800.3</ele>
    </trkpt>
    <trkpt lat="45.617209" lon="14.968412">
        <ele>800.3</ele>
    </trkpt>
    <trkpt lat="45.617306" lon="14.968228">
        <ele>799.8</ele>
    </trkpt>
    <trkpt lat="45.617414" lon="14.967891">
        <ele>799.5</ele>
    </trkpt>
    <trkpt lat="45.617575" lon="14.967431">
        <ele>799.5</ele>
    </trkpt>
    <trkpt lat="45.61764" lon="14.967338">
        <ele>800.0</ele>
    </trkpt>
    <trkpt lat="45.61793" lon="14.967065">
        <ele>802.0</ele>
    </trkpt>
    <trkpt lat="45.617931" lon="14.966965">
        <ele>801.8</ele>
    </trkpt>
    <trkpt lat="45.617927395" lon="14.966871155">
        <ele>798.0</ele>
    </trkpt>
    <trkpt lat="45.617936774" lon="14.966739726">
        <ele>798.5</ele>
    </trkpt>
    <trkpt lat="45.61795366" lon="14.966629756">
        <ele>798.7</ele>
    </trkpt>
    <trkpt lat="45.617993056" lon="14.96649028">
        <ele>799.2</ele>
    </trkpt>
    <trkpt lat="45.618039957" lon="14.966340077">
        <ele>799.9</ele>
    </trkpt>
    <trkpt lat="45.61808123" lon="14.966195238">
        <ele>800.6</ele>
    </trkpt>
    <trkpt lat="45.618116874" lon="14.966039669">
        <ele>801.3</ele>
    </trkpt>
    <trkpt lat="45.618135635" lon="14.96591897">
        <ele>801.8</ele>
    </trkpt>
    <trkpt lat="45.618139387" lon="14.965817046">
        <ele>802.1</ele>
    </trkpt>
    <trkpt lat="45.618120627" lon="14.965581012">
        <ele>803.7</ele>
    </trkpt>
    <trkpt lat="45.618105618" lon="14.96544422">
        <ele>805.0</ele>
    </trkpt>
    <trkpt lat="45.618075601" lon="14.965331566">
        <ele>806.2</ele>
    </trkpt>
    <trkpt lat="45.618030576" lon="14.965235007">
        <ele>806.8</ele>
    </trkpt>
    <trkpt lat="45.617940527" lon="14.965165269">
        <ele>807.8</ele>
    </trkpt>
    <trkpt lat="45.617876741" lon="14.965135765">
        <ele>808.5</ele>
    </trkpt>
    <trkpt lat="45.617811079" lon="14.965122354">
        <ele>809.3</ele>
    </trkpt>
    <trkpt lat="45.617719153" lon="14.965149176">
        <ele>810.3</ele>
    </trkpt>
    <trkpt lat="45.617619722" lon="14.965186727">
        <ele>811.5</ele>
    </trkpt>
    <trkpt lat="45.617544681" lon="14.965210866">
        <ele>812.8</ele>
    </trkpt>
    <trkpt lat="45.617439621" lon="14.965240371">
        <ele>814.1</ele>
    </trkpt>
    <trkpt lat="45.617381463" lon="14.965237689">
        <ele>814.5</ele>
    </trkpt>
    <trkpt lat="45.617328933" lon="14.965213549">
        <ele>815.0</ele>
    </trkpt>
    <trkpt lat="45.617282032" lon="14.965178681">
        <ele>815.4</ele>
    </trkpt>
    <trkpt lat="45.617259519" lon="14.965095532">
        <ele>816.0</ele>
    </trkpt>
    <trkpt lat="45.617263271" lon="14.965007019">
        <ele>816.6</ele>
    </trkpt>
    <trkpt lat="45.617321429" lon="14.964816582">
        <ele>818.3</ele>
    </trkpt>
    <trkpt lat="45.617381463" lon="14.964652968">
        <ele>819.7</ele>
    </trkpt>
    <trkpt lat="45.617582201" lon="14.964443755">
        <ele>822.8</ele>
    </trkpt>
    <trkpt lat="45.61775855" lon="14.964285505">
        <ele>824.9</ele>
    </trkpt>
    <trkpt lat="45.617957411" lon="14.9640602">
        <ele>827.5</ele>
    </trkpt>
    <trkpt lat="45.617758556" lon="14.964285514">
        <ele>824.9</ele>
    </trkpt>
    <trkpt lat="45.617582207" lon="14.964443764">
        <ele>822.8</ele>
    </trkpt>
    <trkpt lat="45.617381469" lon="14.964652977">
        <ele>819.7</ele>
    </trkpt>
    <trkpt lat="45.617321436" lon="14.964816591">
        <ele>818.3</ele>
    </trkpt>
    <trkpt lat="45.617263277" lon="14.965007028">
        <ele>816.6</ele>
    </trkpt>
    <trkpt lat="45.617259525" lon="14.965095541">
        <ele>816.0</ele>
    </trkpt>
    <trkpt lat="45.617282038" lon="14.96517869">
        <ele>815.4</ele>
    </trkpt>
    <trkpt lat="45.617328939" lon="14.965213558">
        <ele>815.0</ele>
    </trkpt>
    <trkpt lat="45.61738147" lon="14.965237698">
        <ele>814.5</ele>
    </trkpt>
    <trkpt lat="45.617439627" lon="14.965240379">
        <ele>814.1</ele>
    </trkpt>
    <trkpt lat="45.617544687" lon="14.965210875">
        <ele>812.8</ele>
    </trkpt>
    <trkpt lat="45.617619729" lon="14.965186736">
        <ele>811.5</ele>
    </trkpt>
    <trkpt lat="45.61771916" lon="14.965149185">
        <ele>810.3</ele>
    </trkpt>
    <trkpt lat="45.617811086" lon="14.965122363">
        <ele>809.3</ele>
    </trkpt>
    <trkpt lat="45.617876747" lon="14.965135774">
        <ele>808.5</ele>
    </trkpt>
    <trkpt lat="45.617940533" lon="14.965165278">
        <ele>807.8</ele>
    </trkpt>
    <trkpt lat="45.618030583" lon="14.965235016">
        <ele>806.8</ele>
    </trkpt>
    <trkpt lat="45.618075608" lon="14.965331575">
        <ele>806.2</ele>
    </trkpt>
    <trkpt lat="45.618105624" lon="14.965444228">
        <ele>805.0</ele>
    </trkpt>
    <trkpt lat="45.618120633" lon="14.965581021">
        <ele>803.7</ele>
    </trkpt>
    <trkpt lat="45.618139393" lon="14.965817055">
        <ele>802.1</ele>
    </trkpt>
    <trkpt lat="45.618135641" lon="14.965918978">
        <ele>801.8</ele>
    </trkpt>
    <trkpt lat="45.61811688" lon="14.966039678">
        <ele>801.3</ele>
    </trkpt>
    <trkpt lat="45.618081236" lon="14.966195247">
        <ele>800.6</ele>
    </trkpt>
    <trkpt lat="45.618039963" lon="14.966340086">
        <ele>799.9</ele>
    </trkpt>
    <trkpt lat="45.617993063" lon="14.966490289">
        <ele>799.2</ele>
    </trkpt>
    <trkpt lat="45.617953666" lon="14.966629764">
        <ele>798.7</ele>
    </trkpt>
    <trkpt lat="45.61793678" lon="14.966739735">
        <ele>798.5</ele>
    </trkpt>
    <trkpt lat="45.617927401" lon="14.966871164">
        <ele>798.0</ele>
    </trkpt>
    <trkpt lat="45.617931" lon="14.966965">
        <ele>801.8</ele>
    </trkpt>
    <trkpt lat="45.61793" lon="14.967065">
        <ele>802.0</ele>
    </trkpt>
    <trkpt lat="45.617946" lon="14.967058">
        <ele>802.0</ele>
    </trkpt>
    <trkpt lat="45.618106" lon="14.966991">
        <ele>802.5</ele>
    </trkpt>
    <trkpt lat="45.618280152" lon="14.966949859">
        <ele>799.6</ele>
    </trkpt>
    <trkpt lat="45.618606649" lon="14.966800264">
        <ele>801.3</ele>
    </trkpt>
    <trkpt lat="45.618967" lon="14.966495">
        <ele>806.8</ele>
    </trkpt>
    <trkpt lat="45.619064" lon="14.966398">
        <ele>807.3</ele>
    </trkpt>
    <trkpt lat="45.61947" lon="14.965907">
        <ele>807.0</ele>
    </trkpt>
    <trkpt lat="45.619872" lon="14.965394">
        <ele>803.8</ele>
    </trkpt>
    <trkpt lat="45.620057" lon="14.965302">
        <ele>803.0</ele>
    </trkpt>
    <trkpt lat="45.620274" lon="14.965196">
        <ele>802.5</ele>
    </trkpt>
    <trkpt lat="45.62053" lon="14.965037">
        <ele>801.5</ele>
    </trkpt>
    <trkpt lat="45.620736" lon="14.964826">
        <ele>800.5</ele>
    </trkpt>
    <trkpt lat="45.620932" lon="14.964726">
        <ele>799.8</ele>
    </trkpt>
    <trkpt lat="45.62096" lon="14.964713">
        <ele>799.8</ele>
    </trkpt>
    <trkpt lat="45.621088" lon="14.964669">
        <ele>799.3</ele>
    </trkpt>
    <trkpt lat="45.621352" lon="14.964648">
        <ele>798.5</ele>
    </trkpt>
    <trkpt lat="45.621546" lon="14.96465">
        <ele>798.3</ele>
    </trkpt>
    <trkpt lat="45.621741" lon="14.964679">
        <ele>798.3</ele>
    </trkpt>
    <trkpt lat="45.621776" lon="14.964685">
        <ele>798.5</ele>
    </trkpt>
    <trkpt lat="45.622022" lon="14.964757">
        <ele>800.3</ele>
    </trkpt>
    <trkpt lat="45.622256" lon="14.964862">
        <ele>802.0</ele>
    </trkpt>
    <trkpt lat="45.622378" lon="14.96496">
        <ele>803.0</ele>
    </trkpt>
    <trkpt lat="45.622395" lon="14.964979">
        <ele>803.0</ele>
    </trkpt>
    <trkpt lat="45.622615002" lon="14.96524331">
        <ele>802.4</ele>
    </trkpt>
    <trkpt lat="45.622910147" lon="14.965636031">
        <ele>802.6</ele>
    </trkpt>
    <trkpt lat="45.623142392" lon="14.965946076">
        <ele>801.6</ele>
    </trkpt>
    <trkpt lat="45.623403715" lon="14.966469788">
        <ele>797.8</ele>
    </trkpt>
    <trkpt lat="45.623692" lon="14.967029">
        <ele>801.8</ele>
    </trkpt>
    <trkpt lat="45.62377" lon="14.967146">
        <ele>801.5</ele>
    </trkpt>
    <trkpt lat="45.624087" lon="14.967578">
        <ele>800.5</ele>
    </trkpt>
    <trkpt lat="45.624205" lon="14.968083">
        <ele>800.8</ele>
    </trkpt>
    <trkpt lat="45.624327" lon="14.968264">
        <ele>799.8</ele>
    </trkpt>
    <trkpt lat="45.624396" lon="14.968367">
        <ele>799.5</ele>
    </trkpt>
    <trkpt lat="45.624408" lon="14.968354">
        <ele>799.3</ele>
    </trkpt>
    <trkpt lat="45.625003" lon="14.967729">
        <ele>791.5</ele>
    </trkpt>
    <trkpt lat="45.625087" lon="14.967713">
        <ele>790.5</ele>
    </trkpt>
    <trkpt lat="45.625433" lon="14.967649">
        <ele>786.5</ele>
    </trkpt>
    <trkpt lat="45.6255" lon="14.96766">
        <ele>786.3</ele>
    </trkpt>
    <trkpt lat="45.626888" lon="14.967887">
        <ele>781.3</ele>
    </trkpt>
    <trkpt lat="45.627166" lon="14.967795">
        <ele>781.0</ele>
    </trkpt>
    <trkpt lat="45.627913" lon="14.96755">
        <ele>781.0</ele>
    </trkpt>
    <trkpt lat="45.628364" lon="14.967035">
        <ele>781.0</ele>
    </trkpt>
    <trkpt lat="45.628952" lon="14.96649">
        <ele>783.8</ele>
    </trkpt>
    <trkpt lat="45.62943" lon="14.965965">
        <ele>782.3</ele>
    </trkpt>
    <trkpt lat="45.629743" lon="14.965554">
        <ele>780.0</ele>
    </trkpt>
    <trkpt lat="45.629777" lon="14.96551">
        <ele>780.0</ele>
    </trkpt>
    <trkpt lat="45.629807" lon="14.965505">
        <ele>779.8</ele>
    </trkpt>
    <trkpt lat="45.630047" lon="14.96547">
        <ele>779.3</ele>
    </trkpt>
    <trkpt lat="45.630421" lon="14.965737">
        <ele>776.5</ele>
    </trkpt>
    <trkpt lat="45.630589" lon="14.966229">
        <ele>777.5</ele>
    </trkpt>
    <trkpt lat="45.630619" lon="14.965685">
        <ele>775.3</ele>
    </trkpt>
    <trkpt lat="45.630649" lon="14.965151">
        <ele>773.5</ele>
    </trkpt>
    <trkpt lat="45.630576" lon="14.963947">
        <ele>774.0</ele>
    </trkpt>
    <trkpt lat="45.630379" lon="14.963122">
        <ele>774.3</ele>
    </trkpt>
    <trkpt lat="45.630288" lon="14.962241">
        <ele>771.5</ele>
    </trkpt>
    <trkpt lat="45.630463" lon="14.961765">
        <ele>768.3</ele>
    </trkpt>
    <trkpt lat="45.630506" lon="14.961752">
        <ele>767.8</ele>
    </trkpt>
    <trkpt lat="45.630781" lon="14.961676">
        <ele>765.3</ele>
    </trkpt>
    <trkpt lat="45.631335" lon="14.961933">
        <ele>760.5</ele>
    </trkpt>
    <trkpt lat="45.631886" lon="14.961897">
        <ele>756.5</ele>
    </trkpt>
    <trkpt lat="45.631996" lon="14.961788">
        <ele>755.5</ele>
    </trkpt>
    <trkpt lat="45.632092" lon="14.961695">
        <ele>755.0</ele>
    </trkpt>
    <trkpt lat="45.632182" lon="14.961509">
        <ele>753.5</ele>
    </trkpt>
    <trkpt lat="45.632156" lon="14.961408">
        <ele>752.8</ele>
    </trkpt>
    <trkpt lat="45.63214" lon="14.96134">
        <ele>752.5</ele>
    </trkpt>
    <trkpt lat="45.631901" lon="14.961139">
        <ele>752.5</ele>
    </trkpt>
    <trkpt lat="45.631853" lon="14.960757">
        <ele>751.3</ele>
    </trkpt>
    <trkpt lat="45.63187" lon="14.960716">
        <ele>751.0</ele>
    </trkpt>
    <trkpt lat="45.632006" lon="14.960405">
        <ele>749.5</ele>
    </trkpt>
    <trkpt lat="45.632263" lon="14.960169">
        <ele>747.3</ele>
    </trkpt>
    <trkpt lat="45.632348" lon="14.960091">
        <ele>746.8</ele>
    </trkpt>
    <trkpt lat="45.632814" lon="14.95981">
        <ele>744.5</ele>
    </trkpt>
    <trkpt lat="45.633041" lon="14.959752">
        <ele>743.3</ele>
    </trkpt>
    <trkpt lat="45.633285" lon="14.959691">
        <ele>742.3</ele>
    </trkpt>
    <trkpt lat="45.633628" lon="14.959864">
        <ele>739.3</ele>
    </trkpt>
    <trkpt lat="45.634136" lon="14.960216">
        <ele>736.5</ele>
    </trkpt>
    <trkpt lat="45.634283" lon="14.960206">
        <ele>735.0</ele>
    </trkpt>
    <trkpt lat="45.635217" lon="14.960147">
        <ele>726.8</ele>
    </trkpt>
    <trkpt lat="45.635321" lon="14.960075">
        <ele>725.0</ele>
    </trkpt>
    <trkpt lat="45.635643" lon="14.959856">
        <ele>720.0</ele>
    </trkpt>
    <trkpt lat="45.635792" lon="14.95974">
        <ele>717.3</ele>
    </trkpt>
    <trkpt lat="45.635801" lon="14.959671">
        <ele>716.5</ele>
    </trkpt>
    <trkpt lat="45.635873" lon="14.95918">
        <ele>712.8</ele>
    </trkpt>
    <trkpt lat="45.63582" lon="14.958504">
        <ele>710.3</ele>
    </trkpt>
    <trkpt lat="45.63589" lon="14.958368">
        <ele>707.8</ele>
    </trkpt>
    <trkpt lat="45.635929" lon="14.958294">
        <ele>706.5</ele>
    </trkpt>
    <trkpt lat="45.636132" lon="14.958195">
        <ele>701.5</ele>
    </trkpt>
    <trkpt lat="45.636418" lon="14.958115">
        <ele>694.5</ele>
    </trkpt>
    <trkpt lat="45.636422" lon="14.958114">
        <ele>694.5</ele>
    </trkpt>
    <trkpt lat="45.636647" lon="14.958136">
        <ele>688.8</ele>
    </trkpt>
    <trkpt lat="45.636819" lon="14.958059">
        <ele>687.3</ele>
    </trkpt>
    <trkpt lat="45.636927" lon="14.957975">
        <ele>686.3</ele>
    </trkpt>
    <trkpt lat="45.637145" lon="14.958022">
        <ele>684.5</ele>
    </trkpt>
    <trkpt lat="45.637289" lon="14.95814">
        <ele>683.8</ele>
    </trkpt>
    <trkpt lat="45.637488" lon="14.958302">
        <ele>682.8</ele>
    </trkpt>
    <trkpt lat="45.637604" lon="14.95825">
        <ele>682.0</ele>
    </trkpt>
    <trkpt lat="45.637622" lon="14.958615">
        <ele>681.0</ele>
    </trkpt>
    <trkpt lat="45.6378" lon="14.958992">
        <ele>679.0</ele>
    </trkpt>
    <trkpt lat="45.638093" lon="14.959364">
        <ele>678.3</ele>
    </trkpt>
    <trkpt lat="45.638168" lon="14.959507">
        <ele>678.3</ele>
    </trkpt>
    <trkpt lat="45.63818" lon="14.959529">
        <ele>678.3</ele>
    </trkpt>
    <trkpt lat="45.638219" lon="14.959643">
        <ele>678.0</ele>
    </trkpt>
    <trkpt lat="45.638343" lon="14.960008">
        <ele>678.0</ele>
    </trkpt>
    <trkpt lat="45.638705" lon="14.960951">
        <ele>677.3</ele>
    </trkpt>
    <trkpt lat="45.638966" lon="14.96158">
        <ele>672.5</ele>
    </trkpt>
    <trkpt lat="45.639224" lon="14.962067">
        <ele>669.5</ele>
    </trkpt>
    <trkpt lat="45.63935" lon="14.9624">
        <ele>668.8</ele>
    </trkpt>
    <trkpt lat="45.639393" lon="14.962513">
        <ele>668.5</ele>
    </trkpt>
    <trkpt lat="45.639418" lon="14.962834">
        <ele>666.8</ele>
    </trkpt>
    <trkpt lat="45.639545" lon="14.963173">
        <ele>664.5</ele>
    </trkpt>
    <trkpt lat="45.639459" lon="14.963676">
        <ele>661.5</ele>
    </trkpt>
    <trkpt lat="45.639471" lon="14.964179">
        <ele>658.8</ele>
    </trkpt>
    <trkpt lat="45.639546" lon="14.964438">
        <ele>656.8</ele>
    </trkpt>
    <trkpt lat="45.639594" lon="14.964599">
        <ele>655.8</ele>
    </trkpt>
    <trkpt lat="45.639741" lon="14.964991">
        <ele>651.3</ele>
    </trkpt>
    <trkpt lat="45.639888" lon="14.965283">
        <ele>650.8</ele>
    </trkpt>
    <trkpt lat="45.640071" lon="14.965478">
        <ele>649.3</ele>
    </trkpt>
    <trkpt lat="45.640141" lon="14.965232">
        <ele>648.3</ele>
    </trkpt>
    <trkpt lat="45.640358" lon="14.964473">
        <ele>645.8</ele>
    </trkpt>
    <trkpt lat="45.640553" lon="14.963883">
        <ele>649.5</ele>
    </trkpt>
    <trkpt lat="45.640572" lon="14.963866">
        <ele>649.5</ele>
    </trkpt>
    <trkpt lat="45.640853" lon="14.963626">
        <ele>651.3</ele>
    </trkpt>
    <trkpt lat="45.640878" lon="14.963629">
        <ele>651.0</ele>
    </trkpt>
    <trkpt lat="45.641243" lon="14.963679">
        <ele>649.3</ele>
    </trkpt>
    <trkpt lat="45.641708" lon="14.963969">
        <ele>643.0</ele>
    </trkpt>
    <trkpt lat="45.641733" lon="14.963976">
        <ele>643.0</ele>
    </trkpt>
    <trkpt lat="45.643377" lon="14.964484">
        <ele>646.3</ele>
    </trkpt>
    <trkpt lat="45.643891" lon="14.964602">
        <ele>643.3</ele>
    </trkpt>
    <trkpt lat="45.643965" lon="14.964651">
        <ele>642.8</ele>
    </trkpt>
    <trkpt lat="45.644194" lon="14.964806">
        <ele>641.5</ele>
    </trkpt>
    <trkpt lat="45.644444" lon="14.965112">
        <ele>643.3</ele>
    </trkpt>
    <trkpt lat="45.644737" lon="14.965648">
        <ele>649.3</ele>
    </trkpt>
    <trkpt lat="45.644978" lon="14.965703">
        <ele>653.8</ele>
    </trkpt>
    <trkpt lat="45.645155" lon="14.965512">
        <ele>653.3</ele>
    </trkpt>
    <trkpt lat="45.645453" lon="14.965104">
        <ele>652.5</ele>
    </trkpt>
    <trkpt lat="45.645512" lon="14.965076">
        <ele>652.5</ele>
    </trkpt>
    <trkpt lat="45.645623" lon="14.965026">
        <ele>653.0</ele>
    </trkpt>
    <trkpt lat="45.645878" lon="14.965051">
        <ele>654.3</ele>
    </trkpt>
    <trkpt lat="45.646288" lon="14.965186">
        <ele>656.0</ele>
    </trkpt>
    <trkpt lat="45.646365" lon="14.965181">
        <ele>656.3</ele>
    </trkpt>
    <trkpt lat="45.646463" lon="14.965176">
        <ele>656.8</ele>
    </trkpt>
    <trkpt lat="45.646666" lon="14.965149">
        <ele>657.5</ele>
    </trkpt>
    <trkpt lat="45.646998" lon="14.964997">
        <ele>658.0</ele>
    </trkpt>
    <trkpt lat="45.647536" lon="14.964827">
        <ele>656.3</ele>
    </trkpt>
    <trkpt lat="45.647616" lon="14.964802">
        <ele>656.3</ele>
    </trkpt>
    <trkpt lat="45.647914" lon="14.964686">
        <ele>651.8</ele>
    </trkpt>
    <trkpt lat="45.648165" lon="14.964355">
        <ele>648.8</ele>
    </trkpt>
    <trkpt lat="45.648838" lon="14.963674">
        <ele>639.8</ele>
    </trkpt>
    <trkpt lat="45.649166" lon="14.963483">
        <ele>636.8</ele>
    </trkpt>
    <trkpt lat="45.650161" lon="14.962905">
        <ele>628.3</ele>
    </trkpt>
    <trkpt lat="45.650406" lon="14.962823">
        <ele>626.0</ele>
    </trkpt>
    <trkpt lat="45.651661" lon="14.962407">
        <ele>617.5</ele>
    </trkpt>
    <trkpt lat="45.652758" lon="14.961636">
        <ele>624.0</ele>
    </trkpt>
    <trkpt lat="45.652791" lon="14.961614">
        <ele>624.3</ele>
    </trkpt>
    <trkpt lat="45.653666" lon="14.961266">
        <ele>612.3</ele>
    </trkpt>
    <trkpt lat="45.654508" lon="14.960705">
        <ele>606.3</ele>
    </trkpt>
    <trkpt lat="45.655218" lon="14.960113">
        <ele>600.3</ele>
    </trkpt>
    <trkpt lat="45.655332" lon="14.959865">
        <ele>602.5</ele>
    </trkpt>
    <trkpt lat="45.655356" lon="14.959601">
        <ele>607.3</ele>
    </trkpt>
    <trkpt lat="45.655407" lon="14.959491">
        <ele>608.0</ele>
    </trkpt>
    <trkpt lat="45.655489" lon="14.95932">
        <ele>609.3</ele>
    </trkpt>
    <trkpt lat="45.65595" lon="14.959094">
        <ele>601.8</ele>
    </trkpt>
    <trkpt lat="45.65657" lon="14.958587">
        <ele>595.5</ele>
    </trkpt>
    <trkpt lat="45.656814" lon="14.958218">
        <ele>593.3</ele>
    </trkpt>
    <trkpt lat="45.657374" lon="14.957374">
        <ele>588.5</ele>
    </trkpt>
    <trkpt lat="45.657602" lon="14.95655">
        <ele>591.0</ele>
    </trkpt>
    <trkpt lat="45.657778" lon="14.956479">
        <ele>588.8</ele>
    </trkpt>
    <trkpt lat="45.657818" lon="14.956464">
        <ele>588.3</ele>
    </trkpt>
    <trkpt lat="45.658095" lon="14.95626">
        <ele>585.5</ele>
    </trkpt>
    <trkpt lat="45.658443" lon="14.955808">
        <ele>584.3</ele>
    </trkpt>
    <trkpt lat="45.658568" lon="14.955664">
        <ele>583.3</ele>
    </trkpt>
    <trkpt lat="45.658601" lon="14.955627">
        <ele>583.0</ele>
    </trkpt>
    <trkpt lat="45.658665" lon="14.955402">
        <ele>583.5</ele>
    </trkpt>
    <trkpt lat="45.658671" lon="14.955002">
        <ele>586.0</ele>
    </trkpt>
    <trkpt lat="45.658759" lon="14.95478">
        <ele>586.5</ele>
    </trkpt>
    <trkpt lat="45.659102" lon="14.954537">
        <ele>582.3</ele>
    </trkpt>
    <trkpt lat="45.659961" lon="14.954114">
        <ele>574.3</ele>
    </trkpt>
    <trkpt lat="45.660524" lon="14.953884">
        <ele>571.0</ele>
    </trkpt>
    <trkpt lat="45.661115" lon="14.953525">
        <ele>567.5</ele>
    </trkpt>
    <trkpt lat="45.661539" lon="14.953366">
        <ele>561.3</ele>
    </trkpt>
    <trkpt lat="45.66162" lon="14.953244">
        <ele>560.5</ele>
    </trkpt>
    <trkpt lat="45.66178" lon="14.953008">
        <ele>559.8</ele>
    </trkpt>
    <trkpt lat="45.661832" lon="14.952588">
        <ele>561.8</ele>
    </trkpt>
    <trkpt lat="45.661781" lon="14.952275">
        <ele>564.0</ele>
    </trkpt>
    <trkpt lat="45.661448" lon="14.951592">
        <ele>574.0</ele>
    </trkpt>
    <trkpt lat="45.661154" lon="14.95107">
        <ele>581.5</ele>
    </trkpt>
    <trkpt lat="45.661044" lon="14.950488">
        <ele>583.5</ele>
    </trkpt>
    <trkpt lat="45.661061" lon="14.949774">
        <ele>582.5</ele>
    </trkpt>
    <trkpt lat="45.661096" lon="14.94971">
        <ele>581.8</ele>
    </trkpt>
    <trkpt lat="45.66133" lon="14.949288">
        <ele>577.3</ele>
    </trkpt>
    <trkpt lat="45.661446" lon="14.948789">
        <ele>581.5</ele>
    </trkpt>
    <trkpt lat="45.661625" lon="14.948443">
        <ele>581.5</ele>
    </trkpt>
    <trkpt lat="45.66184" lon="14.948085">
        <ele>583.3</ele>
    </trkpt>
    <trkpt lat="45.662019" lon="14.947649">
        <ele>587.0</ele>
    </trkpt>
    <trkpt lat="45.662037" lon="14.947634">
        <ele>586.5</ele>
    </trkpt>
    <trkpt lat="45.662493" lon="14.947265">
        <ele>577.8</ele>
    </trkpt>
    <trkpt lat="45.662904" lon="14.946984">
        <ele>577.3</ele>
    </trkpt>
    <trkpt lat="45.663262" lon="14.946651">
        <ele>577.0</ele>
    </trkpt>
    <trkpt lat="45.663269" lon="14.946611">
        <ele>577.0</ele>
    </trkpt>
    <trkpt lat="45.663343" lon="14.946241">
        <ele>578.5</ele>
    </trkpt>
    <trkpt lat="45.663352" lon="14.945896">
        <ele>580.3</ele>
    </trkpt>
    <trkpt lat="45.66354" lon="14.945665">
        <ele>579.8</ele>
    </trkpt>
    <trkpt lat="45.663638" lon="14.945128">
        <ele>579.8</ele>
    </trkpt>
    <trkpt lat="45.663557" lon="14.944564">
        <ele>579.5</ele>
    </trkpt>
    <trkpt lat="45.663325" lon="14.944116">
        <ele>579.8</ele>
    </trkpt>
    <trkpt lat="45.663244" lon="14.943643">
        <ele>579.3</ele>
    </trkpt>
    <trkpt lat="45.66328" lon="14.943156">
        <ele>577.0</ele>
    </trkpt>
    <trkpt lat="45.663182" lon="14.942862">
        <ele>578.8</ele>
    </trkpt>
    <trkpt lat="45.6632" lon="14.942426">
        <ele>578.3</ele>
    </trkpt>
    <trkpt lat="45.663522" lon="14.94194">
        <ele>578.0</ele>
    </trkpt>
    <trkpt lat="45.663575" lon="14.941883">
        <ele>578.0</ele>
    </trkpt>
    <trkpt lat="45.664032" lon="14.941402">
        <ele>578.8</ele>
    </trkpt>
    <trkpt lat="45.664255" lon="14.94121">
        <ele>579.3</ele>
    </trkpt>
    <trkpt lat="45.664551" lon="14.940852">
        <ele>581.3</ele>
    </trkpt>
    <trkpt lat="45.664774" lon="14.940596">
        <ele>582.5</ele>
    </trkpt>
    <trkpt lat="45.66506" lon="14.940481">
        <ele>583.3</ele>
    </trkpt>
    <trkpt lat="45.665275" lon="14.940097">
        <ele>584.8</ele>
    </trkpt>
    <trkpt lat="45.665561" lon="14.939828">
        <ele>585.0</ele>
    </trkpt>
    <trkpt lat="45.66608" lon="14.939636">
        <ele>585.3</ele>
    </trkpt>
    <trkpt lat="45.666552" lon="14.939568">
        <ele>586.5</ele>
    </trkpt>
    <trkpt lat="45.666566" lon="14.939661">
        <ele>586.5</ele>
        <extensions>
        <gpxtpx:TrackPointExtension>
        <gpxtpx:Extensions>
            <surface>compacted</surface>
        </gpxtpx:Extensions>
        </gpxtpx:TrackPointExtension>
        </extensions>
    </trkpt>
    <trkpt lat="45.666657" lon="14.940234">
        <ele>587.0</ele>
        <extensions>
        <gpxtpx:TrackPointExtension>
        <gpxtpx:Extensions>
            <surface>compacted</surface>
        </gpxtpx:Extensions>
        </gpxtpx:TrackPointExtension>
        </extensions>
    </trkpt>
    <trkpt lat="45.666634" lon="14.940487">
        <ele>586.0</ele>
        <extensions>
        <gpxtpx:TrackPointExtension>
        <gpxtpx:Extensions>
            <surface>compacted</surface>
        </gpxtpx:Extensions>
        </gpxtpx:TrackPointExtension>
        </extensions>
    </trkpt>
    <trkpt lat="45.666649" lon="14.940868">
        <ele>584.8</ele>
        <extensions>
        <gpxtpx:TrackPointExtension>
        <gpxtpx:Extensions>
            <surface>compacted</surface>
        </gpxtpx:Extensions>
        </gpxtpx:TrackPointExtension>
        </extensions>
    </trkpt>
    <trkpt lat="45.666702" lon="14.941319">
        <ele>583.5</ele>
        <extensions>
        <gpxtpx:TrackPointExtension>
        <gpxtpx:Extensions>
            <surface>compacted</surface>
        </gpxtpx:Extensions>
        </gpxtpx:TrackPointExtension>
        </extensions>
    </trkpt>
    <trkpt lat="45.666933" lon="14.942059">
        <ele>586.0</ele>
        <extensions>
        <gpxtpx:TrackPointExtension>
        <gpxtpx:Extensions>
            <surface>compacted</surface>
        </gpxtpx:Extensions>
        </gpxtpx:TrackPointExtension>
        </extensions>
    </trkpt>
    <trkpt lat="45.666936" lon="14.942243">
        <ele>586.3</ele>
        <extensions>
        <gpxtpx:TrackPointExtension>
        <gpxtpx:Extensions>
            <surface>compacted</surface>
        </gpxtpx:Extensions>
        </gpxtpx:TrackPointExtension>
        </extensions>
    </trkpt>
    <trkpt lat="45.666892" lon="14.942467">
        <ele>585.8</ele>
        <extensions>
        <gpxtpx:TrackPointExtension>
        <gpxtpx:Extensions>
            <surface>compacted</surface>
        </gpxtpx:Extensions>
        </gpxtpx:TrackPointExtension>
        </extensions>
    </trkpt>
    <trkpt lat="45.666768" lon="14.942977">
        <ele>584.3</ele>
        <extensions>
        <gpxtpx:TrackPointExtension>
        <gpxtpx:Extensions>
            <surface>compacted</surface>
        </gpxtpx:Extensions>
        </gpxtpx:TrackPointExtension>
        </extensions>
    </trkpt>
    <trkpt lat="45.666643" lon="14.943434">
        <ele>582.8</ele>
        <extensions>
        <gpxtpx:TrackPointExtension>
        <gpxtpx:Extensions>
            <surface>compacted</surface>
        </gpxtpx:Extensions>
        </gpxtpx:TrackPointExtension>
        </extensions>
    </trkpt>
    <trkpt lat="45.666615" lon="14.94376">
        <ele>582.3</ele>
        <extensions>
        <gpxtpx:TrackPointExtension>
        <gpxtpx:Extensions>
            <surface>compacted</surface>
        </gpxtpx:Extensions>
        </gpxtpx:TrackPointExtension>
        </extensions>
    </trkpt>
    <trkpt lat="45.666641" lon="14.94442">
        <ele>583.3</ele>
        <extensions>
        <gpxtpx:TrackPointExtension>
        <gpxtpx:Extensions>
            <surface>compacted</surface>
        </gpxtpx:Extensions>
        </gpxtpx:TrackPointExtension>
        </extensions>
    </trkpt>
    <trkpt lat="45.66654" lon="14.945101">
        <ele>583.0</ele>
        <extensions>
        <gpxtpx:TrackPointExtension>
        <gpxtpx:Extensions>
            <surface>compacted</surface>
        </gpxtpx:Extensions>
        </gpxtpx:TrackPointExtension>
        </extensions>
    </trkpt>
    <trkpt lat="45.666255" lon="14.946185">
        <ele>581.0</ele>
        <extensions>
        <gpxtpx:TrackPointExtension>
        <gpxtpx:Extensions>
            <surface>compacted</surface>
        </gpxtpx:Extensions>
        </gpxtpx:TrackPointExtension>
        </extensions>
    </trkpt>
    <trkpt lat="45.666217" lon="14.946549">
        <ele>581.0</ele>
        <extensions>
        <gpxtpx:TrackPointExtension>
        <gpxtpx:Extensions>
            <surface>compacted</surface>
        </gpxtpx:Extensions>
        </gpxtpx:TrackPointExtension>
        </extensions>
    </trkpt>
    <trkpt lat="45.666195" lon="14.948346">
        <ele>581.0</ele>
        <extensions>
        <gpxtpx:TrackPointExtension>
        <gpxtpx:Extensions>
            <surface>compacted</surface>
        </gpxtpx:Extensions>
        </gpxtpx:TrackPointExtension>
        </extensions>
    </trkpt>
    <trkpt lat="45.666217" lon="14.949273">
        <ele>579.5</ele>
        <extensions>
        <gpxtpx:TrackPointExtension>
        <gpxtpx:Extensions>
            <surface>compacted</surface>
        </gpxtpx:Extensions>
        </gpxtpx:TrackPointExtension>
        </extensions>
    </trkpt>
    <trkpt lat="45.666223" lon="14.949507">
        <ele>580.0</ele>
        <extensions>
        <gpxtpx:TrackPointExtension>
        <gpxtpx:Extensions>
            <surface>compacted</surface>
        </gpxtpx:Extensions>
        </gpxtpx:TrackPointExtension>
        </extensions>
    </trkpt>
    <trkpt lat="45.666205" lon="14.949743">
        <ele>580.0</ele>
        <extensions>
        <gpxtpx:TrackPointExtension>
        <gpxtpx:Extensions>
            <surface>compacted</surface>
        </gpxtpx:Extensions>
        </gpxtpx:TrackPointExtension>
        </extensions>
    </trkpt>
    <trkpt lat="45.666022" lon="14.950888">
        <ele>579.0</ele>
        <extensions>
        <gpxtpx:TrackPointExtension>
        <gpxtpx:Extensions>
            <surface>compacted</surface>
        </gpxtpx:Extensions>
        </gpxtpx:TrackPointExtension>
        </extensions>
    </trkpt>
    <trkpt lat="45.666017" lon="14.95155">
        <ele>580.5</ele>
        <extensions>
        <gpxtpx:TrackPointExtension>
        <gpxtpx:Extensions>
            <surface>compacted</surface>
        </gpxtpx:Extensions>
        </gpxtpx:TrackPointExtension>
        </extensions>
    </trkpt>
    <trkpt lat="45.665922" lon="14.951921">
        <ele>579.8</ele>
        <extensions>
        <gpxtpx:TrackPointExtension>
        <gpxtpx:Extensions>
            <surface>compacted</surface>
        </gpxtpx:Extensions>
        </gpxtpx:TrackPointExtension>
        </extensions>
    </trkpt>
    <trkpt lat="45.665795" lon="14.952329">
        <ele>579.0</ele>
        <extensions>
        <gpxtpx:TrackPointExtension>
        <gpxtpx:Extensions>
            <surface>compacted</surface>
        </gpxtpx:Extensions>
        </gpxtpx:TrackPointExtension>
        </extensions>
    </trkpt>
    <trkpt lat="45.665799" lon="14.952567">
        <ele>578.8</ele>
        <extensions>
        <gpxtpx:TrackPointExtension>
        <gpxtpx:Extensions>
            <surface>compacted</surface>
        </gpxtpx:Extensions>
        </gpxtpx:TrackPointExtension>
        </extensions>
    </trkpt>
    <trkpt lat="45.665802" lon="14.952673">
        <ele>578.8</ele>
        <extensions>
        <gpxtpx:TrackPointExtension>
        <gpxtpx:Extensions>
            <surface>compacted</surface>
        </gpxtpx:Extensions>
        </gpxtpx:TrackPointExtension>
        </extensions>
    </trkpt>
    <trkpt lat="45.66588" lon="14.952949">
        <ele>578.8</ele>
        <extensions>
        <gpxtpx:TrackPointExtension>
        <gpxtpx:Extensions>
            <surface>compacted</surface>
        </gpxtpx:Extensions>
        </gpxtpx:TrackPointExtension>
        </extensions>
    </trkpt>
    <trkpt lat="45.666015" lon="14.953212">
        <ele>578.8</ele>
        <extensions>
        <gpxtpx:TrackPointExtension>
        <gpxtpx:Extensions>
            <surface>compacted</surface>
        </gpxtpx:Extensions>
        </gpxtpx:TrackPointExtension>
        </extensions>
    </trkpt>
    <trkpt lat="45.666162" lon="14.953347">
        <ele>578.3</ele>
        <extensions>
        <gpxtpx:TrackPointExtension>
        <gpxtpx:Extensions>
            <surface>compacted</surface>
        </gpxtpx:Extensions>
        </gpxtpx:TrackPointExtension>
        </extensions>
    </trkpt>
    <trkpt lat="45.666416" lon="14.953582">
        <ele>578.0</ele>
        <extensions>
        <gpxtpx:TrackPointExtension>
        <gpxtpx:Extensions>
            <surface>compacted</surface>
        </gpxtpx:Extensions>
        </gpxtpx:TrackPointExtension>
        </extensions>
    </trkpt>
    <trkpt lat="45.666652" lon="14.953593">
        <ele>579.5</ele>
        <extensions>
        <gpxtpx:TrackPointExtension>
        <gpxtpx:Extensions>
            <surface>compacted</surface>
        </gpxtpx:Extensions>
        </gpxtpx:TrackPointExtension>
        </extensions>
    </trkpt>
    <trkpt lat="45.667207" lon="14.95344">
        <ele>583.0</ele>
        <extensions>
        <gpxtpx:TrackPointExtension>
        <gpxtpx:Extensions>
            <surface>compacted</surface>
        </gpxtpx:Extensions>
        </gpxtpx:TrackPointExtension>
        </extensions>
    </trkpt>
    <trkpt lat="45.667578" lon="14.95348">
        <ele>583.8</ele>
        <extensions>
        <gpxtpx:TrackPointExtension>
        <gpxtpx:Extensions>
            <surface>compacted</surface>
        </gpxtpx:Extensions>
        </gpxtpx:TrackPointExtension>
        </extensions>
    </trkpt>
    <trkpt lat="45.667699" lon="14.953533">
        <ele>584.0</ele>
        <extensions>
        <gpxtpx:TrackPointExtension>
        <gpxtpx:Extensions>
            <surface>compacted</surface>
        </gpxtpx:Extensions>
        </gpxtpx:TrackPointExtension>
        </extensions>
    </trkpt>
    <trkpt lat="45.667773" lon="14.953566">
        <ele>584.3</ele>
        <extensions>
        <gpxtpx:TrackPointExtension>
        <gpxtpx:Extensions>
            <surface>compacted</surface>
        </gpxtpx:Extensions>
        </gpxtpx:TrackPointExtension>
        </extensions>
    </trkpt>
    <trkpt lat="45.667952" lon="14.953723">
        <ele>585.0</ele>
        <extensions>
        <gpxtpx:TrackPointExtension>
        <gpxtpx:Extensions>
            <surface>compacted</surface>
        </gpxtpx:Extensions>
        </gpxtpx:TrackPointExtension>
        </extensions>
    </trkpt>
    <trkpt lat="45.668005" lon="14.953957">
        <ele>584.3</ele>
        <extensions>
        <gpxtpx:TrackPointExtension>
        <gpxtpx:Extensions>
            <surface>compacted</surface>
        </gpxtpx:Extensions>
        </gpxtpx:TrackPointExtension>
        </extensions>
    </trkpt>
    <trkpt lat="45.668017" lon="14.954279">
        <ele>583.5</ele>
        <extensions>
        <gpxtpx:TrackPointExtension>
        <gpxtpx:Extensions>
            <surface>compacted</surface>
        </gpxtpx:Extensions>
        </gpxtpx:TrackPointExtension>
        </extensions>
    </trkpt>
    <trkpt lat="45.667844" lon="14.954923">
        <ele>580.0</ele>
        <extensions>
        <gpxtpx:TrackPointExtension>
        <gpxtpx:Extensions>
            <surface>compacted</surface>
        </gpxtpx:Extensions>
        </gpxtpx:TrackPointExtension>
        </extensions>
    </trkpt>
    <trkpt lat="45.66717" lon="14.956125">
        <ele>577.5</ele>
        <extensions>
        <gpxtpx:TrackPointExtension>
        <gpxtpx:Extensions>
            <surface>compacted</surface>
        </gpxtpx:Extensions>
        </gpxtpx:TrackPointExtension>
        </extensions>
    </trkpt>
    <trkpt lat="45.666776" lon="14.957315">
        <ele>578.8</ele>
        <extensions>
        <gpxtpx:TrackPointExtension>
        <gpxtpx:Extensions>
            <surface>compacted</surface>
        </gpxtpx:Extensions>
        </gpxtpx:TrackPointExtension>
        </extensions>
    </trkpt>
    <trkpt lat="45.66642" lon="14.958271">
        <ele>577.0</ele>
        <extensions>
        <gpxtpx:TrackPointExtension>
        <gpxtpx:Extensions>
            <surface>compacted</surface>
        </gpxtpx:Extensions>
        </gpxtpx:TrackPointExtension>
        </extensions>
    </trkpt>
    <trkpt lat="45.666382" lon="14.958533">
        <ele>578.3</ele>
        <extensions>
        <gpxtpx:TrackPointExtension>
        <gpxtpx:Extensions>
            <surface>compacted</surface>
        </gpxtpx:Extensions>
        </gpxtpx:TrackPointExtension>
        </extensions>
    </trkpt>
    <trkpt lat="45.666386" lon="14.958737">
        <ele>580.0</ele>
        <extensions>
        <gpxtpx:TrackPointExtension>
        <gpxtpx:Extensions>
            <surface>compacted</surface>
        </gpxtpx:Extensions>
        </gpxtpx:TrackPointExtension>
        </extensions>
    </trkpt>
    <trkpt lat="45.666456" lon="14.958873">
        <ele>582.0</ele>
        <extensions>
        <gpxtpx:TrackPointExtension>
        <gpxtpx:Extensions>
            <surface>compacted</surface>
        </gpxtpx:Extensions>
        </gpxtpx:TrackPointExtension>
        </extensions>
    </trkpt>
    <trkpt lat="45.666718" lon="14.959184">
        <ele>587.0</ele>
        <extensions>
        <gpxtpx:TrackPointExtension>
        <gpxtpx:Extensions>
            <surface>compacted</surface>
        </gpxtpx:Extensions>
        </gpxtpx:TrackPointExtension>
        </extensions>
    </trkpt>
    <trkpt lat="45.666794" lon="14.959416">
        <ele>588.3</ele>
        <extensions>
        <gpxtpx:TrackPointExtension>
        <gpxtpx:Extensions>
            <surface>compacted</surface>
        </gpxtpx:Extensions>
        </gpxtpx:TrackPointExtension>
        </extensions>
    </trkpt>
    <trkpt lat="45.666828" lon="14.959617">
        <ele>589.3</ele>
        <extensions>
        <gpxtpx:TrackPointExtension>
        <gpxtpx:Extensions>
            <surface>compacted</surface>
        </gpxtpx:Extensions>
        </gpxtpx:TrackPointExtension>
        </extensions>
    </trkpt>
    <trkpt lat="45.666731" lon="14.960352">
        <ele>592.0</ele>
        <extensions>
        <gpxtpx:TrackPointExtension>
        <gpxtpx:Extensions>
            <surface>compacted</surface>
        </gpxtpx:Extensions>
        </gpxtpx:TrackPointExtension>
        </extensions>
    </trkpt>
    <trkpt lat="45.6665" lon="14.960899">
        <ele>590.8</ele>
        <extensions>
        <gpxtpx:TrackPointExtension>
        <gpxtpx:Extensions>
            <surface>compacted</surface>
        </gpxtpx:Extensions>
        </gpxtpx:TrackPointExtension>
        </extensions>
    </trkpt>
    <trkpt lat="45.666263" lon="14.961248">
        <ele>587.3</ele>
        <extensions>
        <gpxtpx:TrackPointExtension>
        <gpxtpx:Extensions>
            <surface>compacted</surface>
        </gpxtpx:Extensions>
        </gpxtpx:TrackPointExtension>
        </extensions>
    </trkpt>
    <trkpt lat="45.66603" lon="14.961779">
        <ele>584.3</ele>
        <extensions>
        <gpxtpx:TrackPointExtension>
        <gpxtpx:Extensions>
            <surface>compacted</surface>
        </gpxtpx:Extensions>
        </gpxtpx:TrackPointExtension>
        </extensions>
    </trkpt>
    <trkpt lat="45.66585" lon="14.962535">
        <ele>587.5</ele>
        <extensions>
        <gpxtpx:TrackPointExtension>
        <gpxtpx:Extensions>
            <surface>compacted</surface>
        </gpxtpx:Extensions>
        </gpxtpx:TrackPointExtension>
        </extensions>
    </trkpt>
    <trkpt lat="45.665855" lon="14.962762">
        <ele>588.5</ele>
        <extensions>
        <gpxtpx:TrackPointExtension>
        <gpxtpx:Extensions>
            <surface>compacted</surface>
        </gpxtpx:Extensions>
        </gpxtpx:TrackPointExtension>
        </extensions>
    </trkpt>
    <trkpt lat="45.665872" lon="14.963517">
        <ele>592.5</ele>
        <extensions>
        <gpxtpx:TrackPointExtension>
        <gpxtpx:Extensions>
            <surface>compacted</surface>
        </gpxtpx:Extensions>
        </gpxtpx:TrackPointExtension>
        </extensions>
    </trkpt>
    <trkpt lat="45.66579" lon="14.96423">
        <ele>590.8</ele>
        <extensions>
        <gpxtpx:TrackPointExtension>
        <gpxtpx:Extensions>
            <surface>compacted</surface>
        </gpxtpx:Extensions>
        </gpxtpx:TrackPointExtension>
        </extensions>
    </trkpt>
    <trkpt lat="45.66579" lon="14.964542">
        <ele>591.3</ele>
        <extensions>
        <gpxtpx:TrackPointExtension>
        <gpxtpx:Extensions>
            <surface>compacted</surface>
        </gpxtpx:Extensions>
        </gpxtpx:TrackPointExtension>
        </extensions>
    </trkpt>
    <trkpt lat="45.665949" lon="14.965289">
        <ele>595.0</ele>
        <extensions>
        <gpxtpx:TrackPointExtension>
        <gpxtpx:Extensions>
            <surface>compacted</surface>
        </gpxtpx:Extensions>
        </gpxtpx:TrackPointExtension>
        </extensions>
    </trkpt>
    <trkpt lat="45.666057" lon="14.965797">
        <ele>597.8</ele>
    </trkpt>
    <trkpt lat="45.666109" lon="14.96635">
        <ele>597.5</ele>
    </trkpt>
    <trkpt lat="45.666158" lon="14.967617">
        <ele>596.0</ele>
    </trkpt>
    <trkpt lat="45.666177" lon="14.968526">
        <ele>595.3</ele>
    </trkpt>
    <trkpt lat="45.665989" lon="14.969628">
        <ele>592.3</ele>
    </trkpt>
    <trkpt lat="45.665917" lon="14.970385">
        <ele>590.0</ele>
    </trkpt>
    <trkpt lat="45.666047" lon="14.971109">
        <ele>589.0</ele>
    </trkpt>
    <trkpt lat="45.666225" lon="14.971536">
        <ele>588.8</ele>
    </trkpt>
    <trkpt lat="45.66624" lon="14.971785">
        <ele>587.8</ele>
    </trkpt>
    <trkpt lat="45.666244" lon="14.971832">
        <ele>587.8</ele>
    </trkpt>
    <trkpt lat="45.666083" lon="14.972038">
        <ele>584.0</ele>
    </trkpt>
    <trkpt lat="45.66587" lon="14.972429">
        <ele>578.0</ele>
    </trkpt>
    <trkpt lat="45.66581" lon="14.972958">
        <ele>580.5</ele>
    </trkpt>
    <trkpt lat="45.665694" lon="14.973057">
        <ele>580.0</ele>
    </trkpt>
    <trkpt lat="45.665652" lon="14.973058">
        <ele>579.5</ele>
    </trkpt>
    <trkpt lat="45.665459" lon="14.973063">
        <ele>577.3</ele>
    </trkpt>
    <trkpt lat="45.665172" lon="14.973288">
        <ele>575.0</ele>
    </trkpt>
    <trkpt lat="45.664875" lon="14.973209">
        <ele>571.5</ele>
    </trkpt>
    <trkpt lat="45.664673" lon="14.973136">
        <ele>569.5</ele>
    </trkpt>
    <trkpt lat="45.664405" lon="14.973163">
        <ele>567.5</ele>
    </trkpt>
    <trkpt lat="45.664313" lon="14.973288">
        <ele>567.3</ele>
    </trkpt>
    <trkpt lat="45.664077" lon="14.973612">
        <ele>566.8</ele>
    </trkpt>
    <trkpt lat="45.663859" lon="14.97379">
        <ele>565.0</ele>
    </trkpt>
    <trkpt lat="45.66357" lon="14.974102">
        <ele>563.5</ele>
    </trkpt>
    <trkpt lat="45.663282" lon="14.974518">
        <ele>565.8</ele>
    </trkpt>
    <trkpt lat="45.66291" lon="14.974704">
        <ele>567.3</ele>
    </trkpt>
    <trkpt lat="45.662492" lon="14.974598">
        <ele>563.8</ele>
    </trkpt>
    <trkpt lat="45.662029" lon="14.974776">
        <ele>564.8</ele>
    </trkpt>
    <trkpt lat="45.661401" lon="14.975107">
        <ele>565.0</ele>
    </trkpt>
    <trkpt lat="45.661198" lon="14.975337">
        <ele>565.5</ele>
    </trkpt>
    <trkpt lat="45.660971" lon="14.975596">
        <ele>566.3</ele>
    </trkpt>
    <trkpt lat="45.660851" lon="14.975887">
        <ele>568.0</ele>
    </trkpt>
    <trkpt lat="45.660675" lon="14.976145">
        <ele>571.8</ele>
    </trkpt>
    <trkpt lat="45.66037" lon="14.976211">
        <ele>570.8</ele>
    </trkpt>
    <trkpt lat="45.660134" lon="14.976297">
        <ele>570.3</ele>
    </trkpt>
    <trkpt lat="45.659797" lon="14.976555">
        <ele>568.3</ele>
    </trkpt>
    <trkpt lat="45.659603" lon="14.976621">
        <ele>566.3</ele>
    </trkpt>
    <trkpt lat="45.65945" lon="14.976608">
        <ele>564.0</ele>
    </trkpt>
    <trkpt lat="45.659307" lon="14.976661">
        <ele>562.8</ele>
    </trkpt>
    <trkpt lat="45.658692" lon="14.977289">
        <ele>568.5</ele>
    </trkpt>
    <trkpt lat="45.658415" lon="14.977342">
        <ele>565.3</ele>
    </trkpt>
    <trkpt lat="45.658128" lon="14.977534">
        <ele>566.3</ele>
    </trkpt>
    <trkpt lat="45.657809" lon="14.977825">
        <ele>572.0</ele>
    </trkpt>
    <trkpt lat="45.657518" lon="14.977944">
        <ele>572.8</ele>
    </trkpt>
    <trkpt lat="45.657445" lon="14.977945">
        <ele>572.5</ele>
    </trkpt>
    <trkpt lat="45.657296" lon="14.97795">
        <ele>572.5</ele>
    </trkpt>
    <trkpt lat="45.657181" lon="14.977778">
        <ele>568.0</ele>
    </trkpt>
    <trkpt lat="45.656904" lon="14.977593">
        <ele>564.0</ele>
    </trkpt>
    <trkpt lat="45.656686" lon="14.977474">
        <ele>562.5</ele>
    </trkpt>
    <trkpt lat="45.65658" lon="14.977269">
        <ele>561.0</ele>
    </trkpt>
    <trkpt lat="45.656488" lon="14.976806">
        <ele>557.5</ele>
    </trkpt>
    <trkpt lat="45.656377" lon="14.976496">
        <ele>556.0</ele>
    </trkpt>
    <trkpt lat="45.656183" lon="14.97635">
        <ele>556.0</ele>
    </trkpt>
    <trkpt lat="45.655905" lon="14.976388">
        <ele>556.5</ele>
    </trkpt>
    <trkpt lat="45.655799" lon="14.976403">
        <ele>557.0</ele>
    </trkpt>
    <trkpt lat="45.655198" lon="14.976601">
        <ele>555.3</ele>
    </trkpt>
    <trkpt lat="45.654671" lon="14.976793">
        <ele>556.5</ele>
    </trkpt>
    <trkpt lat="45.654458" lon="14.976952">
        <ele>558.0</ele>
    </trkpt>
    <trkpt lat="45.654232" lon="14.97719">
        <ele>559.5</ele>
    </trkpt>
    <trkpt lat="45.653941" lon="14.977309">
        <ele>561.3</ele>
    </trkpt>
    <trkpt lat="45.653751" lon="14.977488">
        <ele>561.5</ele>
    </trkpt>
    <trkpt lat="45.653717" lon="14.977541">
        <ele>561.3</ele>
    </trkpt>
    <trkpt lat="45.653599" lon="14.977732">
        <ele>561.3</ele>
    </trkpt>
    <trkpt lat="45.653451" lon="14.978083">
        <ele>559.8</ele>
    </trkpt>
    <trkpt lat="45.653284" lon="14.978526">
        <ele>559.3</ele>
    </trkpt>
    <trkpt lat="45.652965" lon="14.979028">
        <ele>562.8</ele>
    </trkpt>
    <trkpt lat="45.652785" lon="14.979194">
        <ele>563.8</ele>
    </trkpt>
    <trkpt lat="45.65254" lon="14.979194">
        <ele>564.0</ele>
    </trkpt>
    <trkpt lat="45.65236" lon="14.979266">
        <ele>566.0</ele>
    </trkpt>
    <trkpt lat="45.652152" lon="14.979491">
        <ele>568.8</ele>
    </trkpt>
    <trkpt lat="45.651893" lon="14.980093">
        <ele>572.5</ele>
    </trkpt>
    <trkpt lat="45.651736" lon="14.980351">
        <ele>576.0</ele>
    </trkpt>
    <trkpt lat="45.651606" lon="14.98043">
        <ele>576.8</ele>
    </trkpt>
    <trkpt lat="45.651389" lon="14.980483">
        <ele>576.5</ele>
    </trkpt>
    <trkpt lat="45.651241" lon="14.980609">
        <ele>577.0</ele>
    </trkpt>
    <trkpt lat="45.650973" lon="14.980926">
        <ele>579.0</ele>
    </trkpt>
    <trkpt lat="45.650474" lon="14.981224">
        <ele>583.5</ele>
    </trkpt>
    <trkpt lat="45.649951" lon="14.981502">
        <ele>582.8</ele>
    </trkpt>
    <trkpt lat="45.649623" lon="14.981614">
        <ele>582.3</ele>
    </trkpt>
    <trkpt lat="45.649438" lon="14.981693">
        <ele>581.5</ele>
    </trkpt>
    <trkpt lat="45.649416" lon="14.98172">
        <ele>581.5</ele>
    </trkpt>
    <trkpt lat="45.649313" lon="14.981852">
        <ele>581.5</ele>
    </trkpt>
    <trkpt lat="45.649161" lon="14.982302">
        <ele>580.8</ele>
    </trkpt>
    <trkpt lat="45.649022" lon="14.982963">
        <ele>587.0</ele>
    </trkpt>
    <trkpt lat="45.648847" lon="14.983505">
        <ele>592.5</ele>
    </trkpt>
    <trkpt lat="45.648797" lon="14.983577">
        <ele>593.0</ele>
    </trkpt>
    <trkpt lat="45.648666" lon="14.98377">
        <ele>594.5</ele>
    </trkpt>
    <trkpt lat="45.648389" lon="14.983922">
        <ele>592.3</ele>
    </trkpt>
    <trkpt lat="45.647816" lon="14.984193">
        <ele>593.0</ele>
    </trkpt>
    <trkpt lat="45.647464" lon="14.984375">
        <ele>592.5</ele>
    </trkpt>
    <trkpt lat="45.647284" lon="14.984491">
        <ele>592.5</ele>
    </trkpt>
    <trkpt lat="45.647196" lon="14.984568">
        <ele>592.8</ele>
    </trkpt>
    <trkpt lat="45.64709" lon="14.984711">
        <ele>593.5</ele>
    </trkpt>
    <trkpt lat="45.64656" lon="14.98577">
        <ele>603.8</ele>
    </trkpt>
    <trkpt lat="45.646383" lon="14.986164">
        <ele>606.3</ele>
    </trkpt>
    <trkpt lat="45.646315" lon="14.986346">
        <ele>607.5</ele>
    </trkpt>
    <trkpt lat="45.64618" lon="14.986813">
        <ele>611.3</ele>
    </trkpt>
    <trkpt lat="45.646042" lon="14.987363">
        <ele>615.8</ele>
    </trkpt>
    <trkpt lat="45.645948" lon="14.987666">
        <ele>618.3</ele>
    </trkpt>
    <trkpt lat="45.645848" lon="14.987901">
        <ele>620.0</ele>
    </trkpt>
    <trkpt lat="45.645663" lon="14.988243">
        <ele>622.8</ele>
    </trkpt>
    <trkpt lat="45.6456" lon="14.988334">
        <ele>623.3</ele>
    </trkpt>
    <trkpt lat="45.645575" lon="14.988371">
        <ele>623.8</ele>
    </trkpt>
    <trkpt lat="45.645466" lon="14.988482">
        <ele>624.3</ele>
    </trkpt>
    <trkpt lat="45.645162" lon="14.988652">
        <ele>624.3</ele>
    </trkpt>
    <trkpt lat="45.644902" lon="14.988745">
        <ele>624.5</ele>
    </trkpt>
    <trkpt lat="45.643969" lon="14.98913">
        <ele>628.0</ele>
    </trkpt>
    <trkpt lat="45.643711" lon="14.989219">
        <ele>628.3</ele>
    </trkpt>
    <trkpt lat="45.643561" lon="14.989258">
        <ele>628.3</ele>
    </trkpt>
    <trkpt lat="45.643286" lon="14.989302">
        <ele>628.3</ele>
    </trkpt>
    <trkpt lat="45.643144" lon="14.989357">
        <ele>629.0</ele>
    </trkpt>
    <trkpt lat="45.64294" lon="14.989489">
        <ele>630.8</ele>
    </trkpt>
    <trkpt lat="45.642926" lon="14.989506">
        <ele>630.8</ele>
    </trkpt>
    <trkpt lat="45.642773635" lon="14.989673489">
        <ele>631.0</ele>
    </trkpt>
    <trkpt lat="45.642536676" lon="14.99002518">
        <ele>632.9</ele>
    </trkpt>
    <trkpt lat="45.641975706" lon="14.990763056">
        <ele>637.4</ele>
    </trkpt>
    <trkpt lat="45.641835462" lon="14.990997517">
        <ele>638.8</ele>
    </trkpt>
    <trkpt lat="45.641642023" lon="14.991425025">
        <ele>641.1</ele>
    </trkpt>
    <trkpt lat="45.641429238" lon="14.991893945">
        <ele>644.4</ele>
    </trkpt>
    <trkpt lat="45.641279322" lon="14.992059415">
        <ele>645.5</ele>
    </trkpt>
    <trkpt lat="45.641042356" lon="14.992293875">
        <ele>647.3</ele>
    </trkpt>
    <trkpt lat="45.640781146" lon="14.992507675">
        <ele>649.4</ele>
    </trkpt>
    <trkpt lat="45.640708605" lon="14.992617987">
        <ele>650.3</ele>
    </trkpt>
    <trkpt lat="45.640374914" lon="14.993307535">
        <ele>655.8</ele>
    </trkpt>
    <trkpt lat="45.640133108" lon="14.993500582">
        <ele>658.3</ele>
    </trkpt>
    <trkpt lat="45.639799414" lon="14.993866106">
        <ele>658.9</ele>
    </trkpt>
    <trkpt lat="45.639354424" lon="14.994369433">
        <ele>660.0</ele>
    </trkpt>
    <trkpt lat="45.639223846" lon="14.994500407">
        <ele>659.9</ele>
    </trkpt>
    <trkpt lat="45.639025561" lon="14.994631471">
        <ele>660.1</ele>
    </trkpt>
    <trkpt lat="45.638880475" lon="14.994838353">
        <ele>660.7</ele>
    </trkpt>
    <trkpt lat="45.638619317" lon="14.995410579">
        <ele>662.5</ele>
    </trkpt>
    <trkpt lat="45.638503247" lon="14.995569222">
        <ele>663.3</ele>
    </trkpt>
    <trkpt lat="45.638372667" lon="14.995679536">
        <ele>664.0</ele>
    </trkpt>
    <trkpt lat="45.63825176" lon="14.995700197">
        <ele>664.5</ele>
    </trkpt>
    <trkpt lat="45.638150198" lon="14.995679535">
        <ele>664.9</ele>
    </trkpt>
    <trkpt lat="45.638043736" lon="14.99562438">
        <ele>665.2</ele>
    </trkpt>
    <trkpt lat="45.637681013" lon="14.995217621">
        <ele>662.7</ele>
    </trkpt>
    <trkpt lat="45.63761814" lon="14.995231366">
        <ele>662.4</ele>
    </trkpt>
    <trkpt lat="45.637546416" lon="14.99530266">
        <ele>662.0</ele>
    </trkpt>
    <trkpt lat="45.637458534" lon="14.995389971">
        <ele>661.7</ele>
    </trkpt>
    <trkpt lat="45.637303767" lon="14.995493398">
        <ele>660.9</ele>
    </trkpt>
    <trkpt lat="45.637110305" lon="14.995562353">
        <ele>660.8</ele>
    </trkpt>
    <trkpt lat="45.636986972" lon="14.995624411">
        <ele>660.9</ele>
    </trkpt>
    <trkpt lat="45.636822532" lon="14.995803676">
        <ele>661.7</ele>
    </trkpt>
    <trkpt lat="45.636488816" lon="14.996251834">
        <ele>664.2</ele>
    </trkpt>
    <trkpt lat="45.636411432" lon="14.99633457">
        <ele>665.3</ele>
    </trkpt>
    <trkpt lat="45.636232482" lon="14.996603462">
        <ele>668.5</ele>
    </trkpt>
    <trkpt lat="45.636101897" lon="14.996824088">
        <ele>670.0</ele>
    </trkpt>
    <trkpt lat="45.635932619" lon="14.997030926">
        <ele>671.7</ele>
    </trkpt>
    <trkpt lat="45.635661772" lon="14.997299815">
        <ele>672.5</ele>
    </trkpt>
    <trkpt lat="45.635623081" lon="14.997389479">
        <ele>672.6</ele>
    </trkpt>
    <trkpt lat="45.635647" lon="14.997556">
        <ele>672.0</ele>
    </trkpt>
    <trkpt lat="45.635752" lon="14.997652">
        <ele>673.3</ele>
    </trkpt>
    <trkpt lat="45.636076" lon="14.997897">
        <ele>674.8</ele>
    </trkpt>
    <trkpt lat="45.636329" lon="14.998117">
        <ele>676.8</ele>
    </trkpt>
    <trkpt lat="45.636796" lon="14.998506">
        <ele>683.8</ele>
    </trkpt>
    <trkpt lat="45.636832" lon="14.998532">
        <ele>684.3</ele>
    </trkpt>
    <trkpt lat="45.636914" lon="14.99859">
        <ele>685.8</ele>
    </trkpt>
    <trkpt lat="45.637471" lon="14.998628">
        <ele>690.0</ele>
    </trkpt>
    <trkpt lat="45.638013" lon="14.998689">
        <ele>698.3</ele>
    </trkpt>
    <trkpt lat="45.638126" lon="14.998702">
        <ele>700.3</ele>
    </trkpt>
    <trkpt lat="45.638357" lon="14.998644">
        <ele>702.8</ele>
    </trkpt>
    <trkpt lat="45.638683" lon="14.99854">
        <ele>704.5</ele>
    </trkpt>
    <trkpt lat="45.639014" lon="14.998462">
        <ele>706.3</ele>
    </trkpt>
    <trkpt lat="45.639241" lon="14.998458">
        <ele>708.5</ele>
    </trkpt>
    <trkpt lat="45.639298" lon="14.998457">
        <ele>709.3</ele>
    </trkpt>
    <trkpt lat="45.639582" lon="14.998511">
        <ele>714.0</ele>
    </trkpt>
    <trkpt lat="45.639813" lon="14.998492">
        <ele>716.8</ele>
    </trkpt>
    <trkpt lat="45.640455" lon="14.998326">
        <ele>719.5</ele>
    </trkpt>
    <trkpt lat="45.640985" lon="14.998216">
        <ele>722.8</ele>
    </trkpt>
    <trkpt lat="45.641492" lon="14.998216">
        <ele>729.5</ele>
    </trkpt>
    <trkpt lat="45.641954" lon="14.998158">
        <ele>735.5</ele>
    </trkpt>
    <trkpt lat="45.64262" lon="14.997989">
        <ele>743.0</ele>
    </trkpt>
    <trkpt lat="45.643046" lon="14.99795">
        <ele>749.3</ele>
    </trkpt>
    <trkpt lat="45.643304" lon="14.997879">
        <ele>752.0</ele>
    </trkpt>
    <trkpt lat="45.643748" lon="14.997672">
        <ele>754.0</ele>
    </trkpt>
    <trkpt lat="45.644274" lon="14.997516">
        <ele>758.3</ele>
    </trkpt>
    <trkpt lat="45.644732" lon="14.997309">
        <ele>760.8</ele>
    </trkpt>
    <trkpt lat="45.645049" lon="14.997225">
        <ele>763.3</ele>
    </trkpt>
    <trkpt lat="45.645097" lon="14.997235">
        <ele>763.5</ele>
    </trkpt>
    <trkpt lat="45.645225" lon="14.997264">
        <ele>765.0</ele>
    </trkpt>
    <trkpt lat="45.645361" lon="14.99738">
        <ele>768.8</ele>
    </trkpt>
    <trkpt lat="45.645402" lon="14.997594">
        <ele>774.8</ele>
    </trkpt>
    <trkpt lat="45.645348" lon="14.997782">
        <ele>780.3</ele>
    </trkpt>
    <trkpt lat="45.645311" lon="14.997792">
        <ele>780.3</ele>
    </trkpt>
    <trkpt lat="45.645207" lon="14.997821">
        <ele>780.8</ele>
    </trkpt>
    <trkpt lat="45.645067" lon="14.997737">
        <ele>777.3</ele>
    </trkpt>
    <trkpt lat="45.644886" lon="14.997744">
        <ele>775.3</ele>
    </trkpt>
    <trkpt lat="45.644648" lon="14.997984">
        <ele>778.5</ele>
    </trkpt>
    <trkpt lat="45.643957" lon="14.999033">
        <ele>792.3</ele>
    </trkpt>
    <trkpt lat="45.643662" lon="14.999467">
        <ele>794.5</ele>
    </trkpt>
    <trkpt lat="45.643178" lon="15.000121">
        <ele>797.5</ele>
    </trkpt>
    <trkpt lat="45.643086" lon="15.000268">
        <ele>798.8</ele>
    </trkpt>
    <trkpt lat="45.643078" lon="15.0003">
        <ele>799.0</ele>
    </trkpt>
    <trkpt lat="45.643071" lon="15.000334">
        <ele>799.8</ele>
    </trkpt>
    <trkpt lat="45.643107" lon="15.000404">
        <ele>801.8</ele>
    </trkpt>
    <trkpt lat="45.643164" lon="15.000413">
        <ele>803.0</ele>
    </trkpt>
    <trkpt lat="45.643194" lon="15.00039">
        <ele>803.0</ele>
    </trkpt>
    <trkpt lat="45.643372" lon="15.000257">
        <ele>803.5</ele>
    </trkpt>
    <trkpt lat="45.643807" lon="14.999953">
        <ele>806.0</ele>
    </trkpt>
    <trkpt lat="45.644192" lon="14.99972">
        <ele>809.5</ele>
    </trkpt>
    <trkpt lat="45.644677" lon="14.999506">
        <ele>813.8</ele>
    </trkpt>
    <trkpt lat="45.645287" lon="14.999337">
        <ele>816.3</ele>
    </trkpt>
    <trkpt lat="45.645755" lon="14.999208">
        <ele>818.5</ele>
    </trkpt>
    <trkpt lat="45.646548" lon="14.999136">
        <ele>826.5</ele>
    </trkpt>
    <trkpt lat="45.64716" lon="14.999179">
        <ele>831.0</ele>
    </trkpt>
    <trkpt lat="45.647493" lon="14.999256">
        <ele>833.0</ele>
    </trkpt>
    <trkpt lat="45.64758" lon="14.999339">
        <ele>835.0</ele>
    </trkpt>
    <trkpt lat="45.647598" lon="14.999423">
        <ele>836.3</ele>
    </trkpt>
    <trkpt lat="45.647711" lon="14.9995">
        <ele>838.0</ele>
    </trkpt>
    <trkpt lat="45.64778" lon="14.999547">
        <ele>839.3</ele>
    </trkpt>
    <trkpt lat="45.647935" lon="14.999723">
        <ele>841.8</ele>
    </trkpt>
    <trkpt lat="45.648082" lon="14.999938">
        <ele>844.0</ele>
    </trkpt>
    <trkpt lat="45.648206" lon="15.000296">
        <ele>844.5</ele>
    </trkpt>
    <trkpt lat="45.64829" lon="15.000678">
        <ele>844.3</ele>
    </trkpt>
    <trkpt lat="45.648385" lon="15.001271">
        <ele>845.3</ele>
    </trkpt>
    <trkpt lat="45.648668" lon="15.002555">
        <ele>853.8</ele>
    </trkpt>
    <trkpt lat="45.648781" lon="15.002883">
        <ele>856.3</ele>
    </trkpt>
    <trkpt lat="45.64904" lon="15.003534">
        <ele>859.0</ele>
    </trkpt>
    <trkpt lat="45.649212" lon="15.00391">
        <ele>858.8</ele>
    </trkpt>
    <trkpt lat="45.649291" lon="15.004019">
        <ele>858.5</ele>
    </trkpt>
    <trkpt lat="45.649332" lon="15.004076">
        <ele>858.5</ele>
    </trkpt>
    <trkpt lat="45.649561" lon="15.004213">
        <ele>856.8</ele>
    </trkpt>
    <trkpt lat="45.649833" lon="15.004297">
        <ele>854.3</ele>
    </trkpt>
    <trkpt lat="45.650069" lon="15.004283">
        <ele>852.0</ele>
    </trkpt>
    <trkpt lat="45.650264" lon="15.004208">
        <ele>851.3</ele>
    </trkpt>
    <trkpt lat="45.650363" lon="15.004178">
        <ele>851.0</ele>
    </trkpt>
    <trkpt lat="45.6505" lon="15.00421">
        <ele>850.8</ele>
    </trkpt>
    <trkpt lat="45.65056" lon="15.004326">
        <ele>850.5</ele>
    </trkpt>
    <trkpt lat="45.650563" lon="15.004344">
        <ele>850.5</ele>
    </trkpt>
    <trkpt lat="45.650585" lon="15.004473">
        <ele>850.5</ele>
    </trkpt>
    <trkpt lat="45.650564" lon="15.00458">
        <ele>850.8</ele>
    </trkpt>
    <trkpt lat="45.650422" lon="15.004859">
        <ele>851.8</ele>
    </trkpt>
    <trkpt lat="45.650307" lon="15.005031">
        <ele>852.5</ele>
    </trkpt>
    <trkpt lat="45.650242" lon="15.005208">
        <ele>852.8</ele>
    </trkpt>
    <trkpt lat="45.650236" lon="15.005345">
        <ele>852.5</ele>
    </trkpt>
    <trkpt lat="45.650243" lon="15.005432">
        <ele>852.3</ele>
    </trkpt>
    <trkpt lat="45.650275" lon="15.005535">
        <ele>851.5</ele>
    </trkpt>
    <trkpt lat="45.65036" lon="15.005653">
        <ele>850.5</ele>
    </trkpt>
    <trkpt lat="45.650576" lon="15.005827">
        <ele>847.8</ele>
    </trkpt>
    <trkpt lat="45.65069" lon="15.005951">
        <ele>845.8</ele>
    </trkpt>
    <trkpt lat="45.650734" lon="15.006051">
        <ele>845.0</ele>
    </trkpt>
    <trkpt lat="45.650741" lon="15.006149">
        <ele>844.3</ele>
    </trkpt>
    <trkpt lat="45.650696008" lon="15.006319903">
        <ele>836.0</ele>
    </trkpt>
    <trkpt lat="45.65059926" lon="15.006547465">
        <ele>834.7</ele>
    </trkpt>
    <trkpt lat="45.650400932" lon="15.006912936">
        <ele>832.5</ele>
    </trkpt>
    <trkpt lat="45.650197768" lon="15.007278402">
        <ele>830.6</ele>
    </trkpt>
    <trkpt lat="45.650183251" lon="15.00736805">
        <ele>830.0</ele>
    </trkpt>
    <trkpt lat="45.650217095" lon="15.007519773">
        <ele>829.4</ele>
    </trkpt>
    <trkpt lat="45.650541119" lon="15.007823261">
        <ele>827.2</ele>
    </trkpt>
    <trkpt lat="45.650729719" lon="15.008140522">
        <ele>825.2</ele>
    </trkpt>
    <trkpt lat="45.650889441" lon="15.008616256">
        <ele>823.4</ele>
    </trkpt>
    <trkpt lat="45.650891543" lon="15.008622516">
        <ele>823.4</ele>
    </trkpt>
    <trkpt lat="45.650741593" lon="15.008801792">
        <ele>820.3</ele>
    </trkpt>
    <trkpt lat="45.650596489" lon="15.008856935">
        <ele>820.5</ele>
    </trkpt>
    <trkpt lat="45.650412695" lon="15.008905172">
        <ele>821.4</ele>
    </trkpt>
    <trkpt lat="45.650243404" lon="15.009022376">
        <ele>821.6</ele>
    </trkpt>
    <trkpt lat="45.650064426" lon="15.009270604">
        <ele>823.1</ele>
    </trkpt>
    <trkpt lat="45.649812899" lon="15.009525713">
        <ele>824.4</ele>
    </trkpt>
    <trkpt lat="45.649440435" lon="15.009994573">
        <ele>825.8</ele>
    </trkpt>
    <trkpt lat="45.649000238" lon="15.010635814">
        <ele>828.7</ele>
    </trkpt>
    <trkpt lat="45.648821245" lon="15.010994366">
        <ele>829.2</ele>
    </trkpt>
    <trkpt lat="45.648714801" lon="15.011332247">
        <ele>830.9</ele>
    </trkpt>
    <trkpt lat="45.648560006" lon="15.011545987">
        <ele>832.5</ele>
    </trkpt>
    <trkpt lat="45.648342317" lon="15.011911422">
        <ele>833.8</ele>
    </trkpt>
    <trkpt lat="45.648250389" lon="15.012180343">
        <ele>834.7</ele>
    </trkpt>
    <trkpt lat="45.648206833" lon="15.012401003">
        <ele>835.2</ele>
    </trkpt>
    <trkpt lat="45.648090728" lon="15.012614748">
        <ele>836.4</ele>
    </trkpt>
    <trkpt lat="45.648022981" lon="15.012883672">
        <ele>837.2</ele>
    </trkpt>
    <trkpt lat="45.648076157" lon="15.013083667">
        <ele>837.6</ele>
    </trkpt>
    <trkpt lat="45.648221217" lon="15.013366442">
        <ele>839.3</ele>
    </trkpt>
    <trkpt lat="45.64822118" lon="15.01364228">
        <ele>840.3</ele>
    </trkpt>
    <trkpt lat="45.648172782" lon="15.013883624">
        <ele>840.0</ele>
    </trkpt>
    <trkpt lat="45.648138896" lon="15.01409739">
        <ele>841.1</ele>
    </trkpt>
    <trkpt lat="45.648356466" lon="15.014635337">
        <ele>843.7</ele>
    </trkpt>
    <trkpt lat="45.648607863" lon="15.015345701">
        <ele>846.2</ele>
    </trkpt>
    <trkpt lat="45.648801261" lon="15.01578021">
        <ele>847.4</ele>
    </trkpt>
    <trkpt lat="45.64908171" lon="15.016235439">
        <ele>848.8</ele>
    </trkpt>
    <trkpt lat="45.649424976" lon="15.017056186">
        <ele>850.7</ele>
    </trkpt>
    <trkpt lat="45.649487802" lon="15.017345844">
        <ele>851.5</ele>
    </trkpt>
    <trkpt lat="45.649376518" lon="15.017600962">
        <ele>852.9</ele>
    </trkpt>
    <trkpt lat="45.649207227" lon="15.017669864">
        <ele>853.5</ele>
    </trkpt>
    <trkpt lat="45.64900408" lon="15.017724962">
        <ele>854.9</ele>
    </trkpt>
    <trkpt lat="45.648825106" lon="15.017849027">
        <ele>855.6</ele>
    </trkpt>
    <trkpt lat="45.648709003" lon="15.017993804">
        <ele>855.8</ele>
    </trkpt>
    <trkpt lat="45.648588048" lon="15.018221329">
        <ele>855.7</ele>
    </trkpt>
    <trkpt lat="45.648433191" lon="15.018710889">
        <ele>855.7</ele>
    </trkpt>
    <trkpt lat="45.648375117" lon="15.018903955">
        <ele>857.5</ele>
    </trkpt>
    <trkpt lat="45.648413747" lon="15.019241873">
        <ele>858.5</ele>
    </trkpt>
    <trkpt lat="45.648549144" lon="15.019393637">
        <ele>859.5</ele>
    </trkpt>
    <trkpt lat="45.648776437" lon="15.019531642">
        <ele>861.2</ele>
    </trkpt>
    <trkpt lat="45.649134241" lon="15.020076569">
        <ele>863.0</ele>
    </trkpt>
    <trkpt lat="45.649245437" lon="15.02031108">
        <ele>864.3</ele>
    </trkpt>
    <trkpt lat="45.649414686" lon="15.020469756">
        <ele>865.2</ele>
    </trkpt>
    <trkpt lat="45.649646848" lon="15.020442264">
        <ele>865.6</ele>
    </trkpt>
    <trkpt lat="45.649941854" lon="15.020566512">
        <ele>868.2</ele>
    </trkpt>
    <trkpt lat="45.65028037" lon="15.020794223">
        <ele>869.7</ele>
    </trkpt>
    <trkpt lat="45.650473802" lon="15.020952914">
        <ele>871.3</ele>
    </trkpt>
    <trkpt lat="45.650570493" lon="15.021152944">
        <ele>872.0</ele>
    </trkpt>
    <trkpt lat="45.650609121" lon="15.021470188">
        <ele>871.8</ele>
    </trkpt>
    <trkpt lat="45.650768589" lon="15.022146089">
        <ele>873.1</ele>
    </trkpt>
    <trkpt lat="45.65097572" lon="15.022662502">
        <ele>874.9</ele>
    </trkpt>
    <trkpt lat="45.651060093" lon="15.023164074">
        <ele>877.3</ele>
    </trkpt>
    <trkpt lat="45.651211" lon="15.023642">
        <ele>890.8</ele>
    </trkpt>
    <trkpt lat="45.651217" lon="15.023633">
        <ele>890.8</ele>
    </trkpt>
    <trkpt lat="45.651331" lon="15.023578">
        <ele>890.8</ele>
    </trkpt>
    <trkpt lat="45.65138" lon="15.023428">
        <ele>890.3</ele>
    </trkpt>
    <trkpt lat="45.651432" lon="15.023359">
        <ele>890.0</ele>
    </trkpt>
    <trkpt lat="45.651526" lon="15.023316">
        <ele>889.8</ele>
    </trkpt>
    <trkpt lat="45.651923" lon="15.023372">
        <ele>892.8</ele>
    </trkpt>
    <trkpt lat="45.651923" lon="15.023372">
        <ele>892.8</ele>
    </trkpt>
    <trkpt lat="45.652132078" lon="15.025153978">
        <ele>888.0</ele>
    </trkpt>
    <trkpt lat="45.652156065" lon="15.025200961">
        <ele>887.7</ele>
    </trkpt>
    <trkpt lat="45.652179111" lon="15.02524399">
        <ele>887.8</ele>
    </trkpt>
    <trkpt lat="45.652569055" lon="15.025812983">
        <ele>884.7</ele>
    </trkpt>
    <trkpt lat="45.652591096" lon="15.025847029">
        <ele>884.8</ele>
    </trkpt>
    <trkpt lat="45.652605099" lon="15.025894999">
        <ele>884.5</ele>
    </trkpt>
    <trkpt lat="45.652868075" lon="15.026198001">
        <ele>886.6</ele>
    </trkpt>
    <trkpt lat="45.652903113" lon="15.026220009">
        <ele>886.8</ele>
    </trkpt>
    <trkpt lat="45.652929109" lon="15.026252978">
        <ele>886.5</ele>
    </trkpt>
    <trkpt lat="45.65296107" lon="15.026287024">
        <ele>886.1</ele>
    </trkpt>
    <trkpt lat="45.652985057" lon="15.02632098">
        <ele>885.9</ele>
    </trkpt>
    <trkpt lat="45.652997113" lon="15.026363021">
        <ele>885.3</ele>
    </trkpt>
    <trkpt lat="45.653016076" lon="15.026400031">
        <ele>885.1</ele>
    </trkpt>
    <trkpt lat="45.653042073" lon="15.026440995">
        <ele>884.4</ele>
    </trkpt>
    <trkpt lat="45.653063108" lon="15.026478006">
        <ele>884.1</ele>
    </trkpt>
    <trkpt lat="45.653076106" lon="15.026516004">
        <ele>883.4</ele>
    </trkpt>
    <trkpt lat="45.653097078" lon="15.026557956">
        <ele>883.0</ele>
    </trkpt>
    <trkpt lat="45.653120061" lon="15.026604039">
        <ele>882.4</ele>
    </trkpt>
    <trkpt lat="45.653150076" lon="15.026651022">
        <ele>881.7</ele>
    </trkpt>
    <trkpt lat="45.653173057" lon="15.026700967">
        <ele>881.0</ele>
    </trkpt>
    <trkpt lat="45.653192084" lon="15.02675298">
        <ele>880.3</ele>
    </trkpt>
    <trkpt lat="45.65321406" lon="15.026804004">
        <ele>879.7</ele>
    </trkpt>
    <trkpt lat="45.653316098" lon="15.027006036">
        <ele>876.0</ele>
    </trkpt>
    <trkpt lat="45.653340084" lon="15.02705697">
        <ele>875.1</ele>
    </trkpt>
    <trkpt lat="45.653355092" lon="15.027117965">
        <ele>873.9</ele>
    </trkpt>
    <trkpt lat="45.653373113" lon="15.027168001">
        <ele>873.6</ele>
    </trkpt>
    <trkpt lat="45.653394086" lon="15.027205013">
        <ele>873.1</ele>
    </trkpt>
    <trkpt lat="45.653425105" lon="15.027235016">
        <ele>872.4</ele>
    </trkpt>
    <trkpt lat="45.653593074" lon="15.027390963">
        <ele>871.4</ele>
    </trkpt>
    <trkpt lat="45.653630058" lon="15.02742501">
        <ele>871.4</ele>
    </trkpt>
    <trkpt lat="45.653664091" lon="15.027456001">
        <ele>871.0</ele>
    </trkpt>
    <trkpt lat="45.653689082" lon="15.027492024">
        <ele>870.5</ele>
    </trkpt>
    <trkpt lat="45.653861068" lon="15.027956992">
        <ele>865.1</ele>
    </trkpt>
    <trkpt lat="45.653882103" lon="15.028009005">
        <ele>864.1</ele>
    </trkpt>
    <trkpt lat="45.653894096" lon="15.028048979">
        <ele>862.9</ele>
    </trkpt>
    <trkpt lat="45.653903075" lon="15.028094973">
        <ele>861.4</ele>
    </trkpt>
    <trkpt lat="45.65392411" lon="15.028140967">
        <ele>860.0</ele>
    </trkpt>
    <trkpt lat="45.653945083" lon="15.02819298">
        <ele>859.4</ele>
    </trkpt>
    <trkpt lat="45.653953057" lon="15.028244991">
        <ele>859.8</ele>
    </trkpt>
    <trkpt lat="45.653961094" lon="15.028291974">
        <ele>860.1</ele>
    </trkpt>
    <trkpt lat="45.653972083" lon="15.028342998">
        <ele>860.2</ele>
    </trkpt>
    <trkpt lat="45.653978111" lon="15.028400041">
        <ele>859.6</ele>
    </trkpt>
    <trkpt lat="45.6539891" lon="15.028456995">
        <ele>859.0</ele>
    </trkpt>
    <trkpt lat="45.654008063" lon="15.028500024">
        <ele>858.5</ele>
    </trkpt>
    <trkpt lat="45.654030102" lon="15.028545029">
        <ele>857.1</ele>
    </trkpt>
    <trkpt lat="45.654059112" lon="15.028597041">
        <ele>856.4</ele>
    </trkpt>
    <trkpt lat="45.654082093" lon="15.028639981">
        <ele>855.9</ele>
    </trkpt>
    <trkpt lat="45.654102061" lon="15.028675016">
        <ele>855.3</ele>
    </trkpt>
    <trkpt lat="45.65412611" lon="15.028706007">
        <ele>855.0</ele>
    </trkpt>
    <trkpt lat="45.65415311" lon="15.028735023">
        <ele>854.3</ele>
    </trkpt>
    <trkpt lat="45.654176091" lon="15.028767991">
        <ele>854.3</ele>
    </trkpt>
    <trkpt lat="45.654199073" lon="15.028802036">
        <ele>853.8</ele>
    </trkpt>
    <trkpt lat="45.654223059" lon="15.028843988">
        <ele>853.5</ele>
    </trkpt>
    <trkpt lat="45.654247108" lon="15.028888995">
        <ele>852.8</ele>
    </trkpt>
    <trkpt lat="45.654271095" lon="15.028934">
        <ele>852.0</ele>
    </trkpt>
    <trkpt lat="45.654292067" lon="15.028982958">
        <ele>851.4</ele>
    </trkpt>
    <trkpt lat="45.654312097" lon="15.029029041">
        <ele>851.3</ele>
    </trkpt>
    <trkpt lat="45.65433106" lon="15.029077011">
        <ele>851.0</ele>
    </trkpt>
    <trkpt lat="45.654340102" lon="15.029139983">
        <ele>850.5</ele>
    </trkpt>
    <trkpt lat="45.654336083" lon="15.029201967">
        <ele>849.5</ele>
    </trkpt>
    <trkpt lat="45.654334074" lon="15.029258022">
        <ele>848.7</ele>
    </trkpt>
    <trkpt lat="45.654339097" lon="15.029312999">
        <ele>847.8</ele>
    </trkpt>
    <trkpt lat="45.654353099" lon="15.029368963">
        <ele>847.5</ele>
    </trkpt>
    <trkpt lat="45.654373067" lon="15.029419988">
        <ele>847.3</ele>
    </trkpt>
    <trkpt lat="45.654387069" lon="15.029478019">
        <ele>847.0</ele>
    </trkpt>
    <trkpt lat="45.654397053" lon="15.029527966">
        <ele>846.5</ele>
    </trkpt>
    <trkpt lat="45.654414069" lon="15.029575038">
        <ele>846.2</ele>
    </trkpt>
    <trkpt lat="45.65443209" lon="15.029618965">
        <ele>846.2</ele>
    </trkpt>
    <trkpt lat="45.654446093" lon="15.029666037">
        <ele>845.8</ele>
    </trkpt>
    <trkpt lat="45.654468069" lon="15.029721014">
        <ele>845.3</ele>
    </trkpt>
    <trkpt lat="45.654490109" lon="15.029767996">
        <ele>844.9</ele>
    </trkpt>
    <trkpt lat="45.654504111" lon="15.029811024">
        <ele>844.4</ele>
    </trkpt>
    <trkpt lat="45.654510076" lon="15.029861959">
        <ele>843.8</ele>
    </trkpt>
    <trkpt lat="45.654518114" lon="15.029912984">
        <ele>842.9</ele>
    </trkpt>
    <trkpt lat="45.654526088" lon="15.029963019">
        <ele>842.1</ele>
    </trkpt>
    <trkpt lat="45.654535068" lon="15.030008025">
        <ele>841.0</ele>
    </trkpt>
    <trkpt lat="45.654538081" lon="15.030048988">
        <ele>840.4</ele>
    </trkpt>
    <trkpt lat="45.6545421" lon="15.030086987">
        <ele>839.4</ele>
    </trkpt>
    <trkpt lat="45.654543105" lon="15.030133969">
        <ele>838.2</ele>
    </trkpt>
    <trkpt lat="45.65454907" lon="15.030189036">
        <ele>837.6</ele>
    </trkpt>
    <trkpt lat="45.654566086" lon="15.030237994">
        <ele>836.8</ele>
    </trkpt>
    <trkpt lat="45.654590072" lon="15.030268986">
        <ele>836.3</ele>
    </trkpt>
    <trkpt lat="45.654607089" lon="15.030299978">
        <ele>836.0</ele>
    </trkpt>
    <trkpt lat="45.654623099" lon="15.030338965">
        <ele>835.3</ele>
    </trkpt>
    <trkpt lat="45.654645077" lon="15.030393043">
        <ele>834.2</ele>
    </trkpt>
    <trkpt lat="45.654671072" lon="15.030449008">
        <ele>833.0</ele>
    </trkpt>
    <trkpt lat="45.654701085" lon="15.03049599">
        <ele>832.0</ele>
    </trkpt>
    <trkpt lat="45.654725072" lon="15.030547014">
        <ele>830.9</ele>
    </trkpt>
    <trkpt lat="45.654748053" lon="15.030595973">
        <ele>829.4</ele>
    </trkpt>
    <trkpt lat="45.654778067" lon="15.030640978">
        <ele>828.6</ele>
    </trkpt>
    <trkpt lat="45.654811094" lon="15.030689038">
        <ele>827.7</ele>
    </trkpt>
    <trkpt lat="45.654839099" lon="15.030730001">
        <ele>826.6</ele>
    </trkpt>
    <trkpt lat="45.654869113" lon="15.030772043">
        <ele>825.9</ele>
    </trkpt>
    <trkpt lat="45.654901073" lon="15.030816958">
        <ele>825.0</ele>
    </trkpt>
    <trkpt lat="45.654932091" lon="15.030844985">
        <ele>824.5</ele>
    </trkpt>
    <trkpt lat="45.654956077" lon="15.030860976">
        <ele>824.0</ele>
    </trkpt>
    <trkpt lat="45.654979059" lon="15.030887026">
        <ele>823.6</ele>
    </trkpt>
    <trkpt lat="45.655003107" lon="15.030920983">
        <ele>822.9</ele>
    </trkpt>
    <trkpt lat="45.655025084" lon="15.030956018">
        <ele>822.2</ele>
    </trkpt>
    <trkpt lat="45.655046056" lon="15.030993028">
        <ele>821.9</ele>
    </trkpt>
    <trkpt lat="45.655052084" lon="15.031048993">
        <ele>820.8</ele>
    </trkpt>
    <trkpt lat="45.655055098" lon="15.03111996">
        <ele>819.5</ele>
    </trkpt>
    <trkpt lat="45.655044109" lon="15.031192994">
        <ele>818.3</ele>
    </trkpt>
    <trkpt lat="45.655026089" lon="15.031267014">
        <ele>817.5</ele>
    </trkpt>
    <trkpt lat="45.655006058" lon="15.031346964">
        <ele>816.4</ele>
    </trkpt>
    <trkpt lat="45.65499708" lon="15.031440029">
        <ele>816.7</ele>
    </trkpt>
    <trkpt lat="45.655013091" lon="15.031518992">
        <ele>817.0</ele>
    </trkpt>
    <trkpt lat="45.655048065" lon="15.031583041">
        <ele>817.6</ele>
    </trkpt>
    <trkpt lat="45.655081093" lon="15.03164296">
        <ele>818.7</ele>
    </trkpt>
    <trkpt lat="45.655112111" lon="15.031704044">
        <ele>818.3</ele>
    </trkpt>
    <trkpt lat="45.655142062" lon="15.031767016">
        <ele>817.5</ele>
    </trkpt>
    <trkpt lat="45.655157068" lon="15.031839959">
        <ele>817.1</ele>
    </trkpt>
    <trkpt lat="45.655169061" lon="15.031928982">
        <ele>816.5</ele>
    </trkpt>
    <trkpt lat="45.655183064" lon="15.032017017">
        <ele>815.4</ele>
    </trkpt>
    <trkpt lat="45.655192106" lon="15.032096968">
        <ele>814.7</ele>
    </trkpt>
    <trkpt lat="45.655207112" lon="15.03216497">
        <ele>814.1</ele>
    </trkpt>
    <trkpt lat="45.655228084" lon="15.03223396">
        <ele>813.7</ele>
    </trkpt>
    <trkpt lat="45.655254079" lon="15.032314989">
        <ele>813.2</ele>
    </trkpt>
    <trkpt lat="45.655280074" lon="15.032405">
        <ele>813.0</ele>
    </trkpt>
    <trkpt lat="45.65530406" lon="15.032500042">
        <ele>813.1</ele>
    </trkpt>
    <trkpt lat="45.655323085" lon="15.032592029">
        <ele>812.9</ele>
    </trkpt>
    <trkpt lat="45.655339097" lon="15.032688958">
        <ele>812.1</ele>
    </trkpt>
    <trkpt lat="45.655351089" lon="15.032786964">
        <ele>812.6</ele>
    </trkpt>
    <trkpt lat="45.6553671" lon="15.032884969">
        <ele>810.3</ele>
    </trkpt>
    <trkpt lat="45.655386063" lon="15.032978035">
        <ele>809.5</ele>
    </trkpt>
    <trkpt lat="45.655412059" lon="15.033070023">
        <ele>808.4</ele>
    </trkpt>
    <trkpt lat="45.655435102" lon="15.033162999">
        <ele>807.1</ele>
    </trkpt>
    <trkpt lat="45.655449104" lon="15.033261992">
        <ele>806.4</ele>
    </trkpt>
    <trkpt lat="45.655461097" lon="15.03335398">
        <ele>805.6</ele>
    </trkpt>
    <trkpt lat="45.655458083" lon="15.033456029">
        <ele>805.1</ele>
    </trkpt>
    <trkpt lat="45.655458083" lon="15.033565983">
        <ele>804.6</ele>
    </trkpt>
    <trkpt lat="45.655450109" lon="15.033670996">
        <ele>804.1</ele>
    </trkpt>
    <trkpt lat="45.655431084" lon="15.033770978">
        <ele>803.3</ele>
    </trkpt>
    <trkpt lat="45.655408103" lon="15.033867008">
        <ele>801.8</ele>
    </trkpt>
    <trkpt lat="45.655388072" lon="15.033958996">
        <ele>801.0</ele>
    </trkpt>
    <trkpt lat="45.655365091" lon="15.034051971">
        <ele>800.3</ele>
    </trkpt>
    <trkpt lat="45.655350084" lon="15.034140994">
        <ele>799.9</ele>
    </trkpt>
    <trkpt lat="45.655340101" lon="15.034215016">
        <ele>799.4</ele>
    </trkpt>
    <trkpt lat="45.655330055" lon="15.03428203">
        <ele>798.7</ele>
    </trkpt>
    <trkpt lat="45.655319067" lon="15.03435102">
        <ele>797.9</ele>
    </trkpt>
    <trkpt lat="45.655310088" lon="15.034414981">
        <ele>797.3</ele>
    </trkpt>
    <trkpt lat="45.655308079" lon="15.034474989">
        <ele>796.7</ele>
    </trkpt>
    <trkpt lat="45.655306069" lon="15.034544967">
        <ele>796.5</ele>
    </trkpt>
    <trkpt lat="45.655306069" lon="15.034622042">
        <ele>795.6</ele>
    </trkpt>
    <trkpt lat="45.655315111" lon="15.03470298">
        <ele>794.6</ele>
    </trkpt>
    <trkpt lat="45.655343052" lon="15.034786972">
        <ele>794.0</ele>
    </trkpt>
    <trkpt lat="45.655379094" lon="15.034863959">
        <ele>793.3</ele>
    </trkpt>
    <trkpt lat="45.655411054" lon="15.034946963">
        <ele>792.6</ele>
    </trkpt>
    <trkpt lat="45.655441067" lon="15.035026014">
        <ele>792.2</ele>
    </trkpt>
    <trkpt lat="45.655450109" lon="15.035110995">
        <ele>791.5</ele>
    </trkpt>
    <trkpt lat="45.655452056" lon="15.035201995">
        <ele>790.6</ele>
    </trkpt>
    <trkpt lat="45.655452055" lon="15.035277004">
        <ele>790.2</ele>
    </trkpt>
    <trkpt lat="45.655454065" lon="15.035345007">
        <ele>789.5</ele>
    </trkpt>
    <trkpt lat="45.655456074" lon="15.035410044">
        <ele>788.7</ele>
    </trkpt>
    <trkpt lat="45.655457078" lon="15.035489994">
        <ele>787.8</ele>
    </trkpt>
    <trkpt lat="45.655461097" lon="15.035586024">
        <ele>786.6</ele>
    </trkpt>
    <trkpt lat="45.655473089" lon="15.035681964">
        <ele>785.8</ele>
    </trkpt>
    <trkpt lat="45.655503103" lon="15.035767035">
        <ele>784.9</ele>
    </trkpt>
    <trkpt lat="45.655536068" lon="15.035855968">
        <ele>784.1</ele>
    </trkpt>
    <trkpt lat="45.655556098" lon="15.035962957">
        <ele>783.4</ele>
    </trkpt>
    <trkpt lat="45.655573114" lon="15.036072013">
        <ele>782.7</ele>
    </trkpt>
    <trkpt lat="45.65560206" lon="15.036177026">
        <ele>782.2</ele>
    </trkpt>
    <trkpt lat="45.65564507" lon="15.036264971">
        <ele>781.6</ele>
    </trkpt>
    <trkpt lat="45.655688081" lon="15.036356959">
        <ele>781.2</ele>
    </trkpt>
    <trkpt lat="45.655733101" lon="15.036457031">
        <ele>780.6</ele>
    </trkpt>
    <trkpt lat="45.655780068" lon="15.036557014">
        <ele>780.2</ele>
    </trkpt>
    <trkpt lat="45.655828102" lon="15.036661039">
        <ele>779.8</ele>
    </trkpt>
    <trkpt lat="45.655868098" lon="15.03677198">
        <ele>779.4</ele>
    </trkpt>
    <trkpt lat="45.655905081" lon="15.036885976">
        <ele>779.1</ele>
    </trkpt>
    <trkpt lat="45.65593409" lon="15.036997996">
        <ele>778.7</ele>
    </trkpt>
    <trkpt lat="45.655950101" lon="15.03711298">
        <ele>778.4</ele>
    </trkpt>
    <trkpt lat="45.655966112" lon="15.037224013">
        <ele>778.1</ele>
    </trkpt>
    <trkpt lat="45.65598407" lon="15.03733199">
        <ele>777.7</ele>
    </trkpt>
    <trkpt lat="45.656012074" lon="15.037434038">
        <ele>777.5</ele>
    </trkpt>
    <trkpt lat="45.656039073" lon="15.037532044">
        <ele>777.3</ele>
    </trkpt>
    <trkpt lat="45.656065068" lon="15.037623044">
        <ele>777.5</ele>
    </trkpt>
    <trkpt lat="45.656085098" lon="15.037712965">
        <ele>778.0</ele>
    </trkpt>
    <trkpt lat="45.656098094" lon="15.037806031">
        <ele>778.5</ele>
    </trkpt>
    <trkpt lat="45.656100104" lon="15.037896042">
        <ele>778.8</ele>
    </trkpt>
    <trkpt lat="45.656093072" lon="15.037982011">
        <ele>779.0</ele>
    </trkpt>
    <trkpt lat="45.656085097" lon="15.038060972">
        <ele>779.0</ele>
    </trkpt>
    <trkpt lat="45.65607907" lon="15.038127987">
        <ele>779.0</ele>
    </trkpt>
    <trkpt lat="45.656076056" lon="15.038181976">
        <ele>778.7</ele>
    </trkpt>
    <trkpt lat="45.656053075" lon="15.038309986">
        <ele>778.2</ele>
    </trkpt>
    <trkpt lat="45.656044096" lon="15.038346009">
        <ele>778.1</ele>
    </trkpt>
    <trkpt lat="45.656038069" lon="15.038399008">
        <ele>778.0</ele>
    </trkpt>
    <trkpt lat="45.656036059" lon="15.038459017">
        <ele>777.8</ele>
    </trkpt>
    <trkpt lat="45.656034832" lon="15.038536361">
        <ele>777.8</ele>
    </trkpt>
    <trkpt lat="45.656034112" lon="15.038582984">
        <ele>777.8</ele>
    </trkpt>
    <trkpt lat="45.656036059" lon="15.038643979">
        <ele>777.9</ele>
    </trkpt>
    <trkpt lat="45.656035055" lon="15.038707041">
        <ele>777.9</ele>
    </trkpt>
    <trkpt lat="45.656040078" lon="15.03877702">
        <ele>777.8</ele>
    </trkpt>
    <trkpt lat="45.656046105" lon="15.038859036">
        <ele>777.6</ele>
    </trkpt>
    <trkpt lat="45.656053075" lon="15.038946982">
        <ele>777.2</ele>
    </trkpt>
    <trkpt lat="45.656059102" lon="15.039035015">
        <ele>776.7</ele>
    </trkpt>
    <trkpt lat="45.656065068" lon="15.039121973">
        <ele>776.1</ele>
    </trkpt>
    <trkpt lat="45.656069086" lon="15.039209019">
        <ele>775.7</ele>
    </trkpt>
    <trkpt lat="45.656075114" lon="15.039296965">
        <ele>775.0</ele>
    </trkpt>
    <trkpt lat="45.65607907" lon="15.039385">
        <ele>774.7</ele>
    </trkpt>
    <trkpt lat="45.656087107" lon="15.039468992">
        <ele>774.5</ele>
    </trkpt>
    <trkpt lat="45.656095081" lon="15.039551997">
        <ele>774.3</ele>
    </trkpt>
    <trkpt lat="45.656103055" lon="15.039635001">
        <ele>774.2</ele>
    </trkpt>
    <trkpt lat="45.656109083" lon="15.039720969">
        <ele>774.2</ele>
    </trkpt>
    <trkpt lat="45.656112097" lon="15.039804962">
        <ele>774.4</ele>
    </trkpt>
    <trkpt lat="45.656117057" lon="15.039891021">
        <ele>774.6</ele>
    </trkpt>
    <trkpt lat="45.656106" lon="15.039976">
        <ele>776.3</ele>
    </trkpt>
    <trkpt lat="45.656106" lon="15.04005">
        <ele>776.5</ele>
    </trkpt>
    <trkpt lat="45.656087" lon="15.040195">
        <ele>778.3</ele>
    </trkpt>
    <trkpt lat="45.656048" lon="15.040366">
        <ele>780.3</ele>
    </trkpt>
    <trkpt lat="45.656005" lon="15.040482">
        <ele>781.5</ele>
    </trkpt>
    <trkpt lat="45.655962" lon="15.040549">
        <ele>782.0</ele>
    </trkpt>
    <trkpt lat="45.655847" lon="15.040669">
        <ele>783.0</ele>
    </trkpt>
    <trkpt lat="45.655549" lon="15.0409">
        <ele>786.8</ele>
    </trkpt>
    <trkpt lat="45.655141" lon="15.041308">
        <ele>790.3</ele>
    </trkpt>
    <trkpt lat="45.655054" lon="15.041437">
        <ele>791.0</ele>
    </trkpt>
    <trkpt lat="45.655009" lon="15.041522">
        <ele>791.3</ele>
    </trkpt>
    <trkpt lat="45.654989" lon="15.041637">
        <ele>792.0</ele>
    </trkpt>
    <trkpt lat="45.655056" lon="15.041901">
        <ele>792.5</ele>
        <extensions>
        <gpxtpx:TrackPointExtension>
        <gpxtpx:Extensions>
            <surface>gravel</surface>
        </gpxtpx:Extensions>
        </gpxtpx:TrackPointExtension>
        </extensions>
    </trkpt>
    <trkpt lat="45.655081" lon="15.042024">
        <ele>793.0</ele>
        <extensions>
        <gpxtpx:TrackPointExtension>
        <gpxtpx:Extensions>
            <surface>gravel</surface>
        </gpxtpx:Extensions>
        </gpxtpx:TrackPointExtension>
        </extensions>
    </trkpt>
    <trkpt lat="45.655125" lon="15.042136">
        <ele>793.0</ele>
        <extensions>
        <gpxtpx:TrackPointExtension>
        <gpxtpx:Extensions>
            <surface>gravel</surface>
        </gpxtpx:Extensions>
        </gpxtpx:TrackPointExtension>
        </extensions>
    </trkpt>
    <trkpt lat="45.655133" lon="15.042155">
        <ele>793.3</ele>
        <extensions>
        <gpxtpx:TrackPointExtension>
        <gpxtpx:Extensions>
            <surface>gravel</surface>
        </gpxtpx:Extensions>
        </gpxtpx:TrackPointExtension>
        </extensions>
    </trkpt>
    <trkpt lat="45.655171" lon="15.042232">
        <ele>793.3</ele>
        <extensions>
        <gpxtpx:TrackPointExtension>
        <gpxtpx:Extensions>
            <surface>gravel</surface>
        </gpxtpx:Extensions>
        </gpxtpx:TrackPointExtension>
        </extensions>
    </trkpt>
    <trkpt lat="45.655249" lon="15.0423">
        <ele>793.3</ele>
        <extensions>
        <gpxtpx:TrackPointExtension>
        <gpxtpx:Extensions>
            <surface>gravel</surface>
        </gpxtpx:Extensions>
        </gpxtpx:TrackPointExtension>
        </extensions>
    </trkpt>
    <trkpt lat="45.655396" lon="15.042375">
        <ele>792.8</ele>
        <extensions>
        <gpxtpx:TrackPointExtension>
        <gpxtpx:Extensions>
            <surface>gravel</surface>
        </gpxtpx:Extensions>
        </gpxtpx:TrackPointExtension>
        </extensions>
    </trkpt>
    <trkpt lat="45.655553" lon="15.042419">
        <ele>792.0</ele>
        <extensions>
        <gpxtpx:TrackPointExtension>
        <gpxtpx:Extensions>
            <surface>gravel</surface>
        </gpxtpx:Extensions>
        </gpxtpx:TrackPointExtension>
        </extensions>
    </trkpt>
    <trkpt lat="45.655838" lon="15.042441">
        <ele>791.0</ele>
        <extensions>
        <gpxtpx:TrackPointExtension>
        <gpxtpx:Extensions>
            <surface>gravel</surface>
        </gpxtpx:Extensions>
        </gpxtpx:TrackPointExtension>
        </extensions>
    </trkpt>
    <trkpt lat="45.656333" lon="15.042861">
        <ele>787.3</ele>
        <extensions>
        <gpxtpx:TrackPointExtension>
        <gpxtpx:Extensions>
            <surface>gravel</surface>
        </gpxtpx:Extensions>
        </gpxtpx:TrackPointExtension>
        </extensions>
    </trkpt>
    <trkpt lat="45.65642" lon="15.042905">
        <ele>786.3</ele>
        <extensions>
        <gpxtpx:TrackPointExtension>
        <gpxtpx:Extensions>
            <surface>gravel</surface>
        </gpxtpx:Extensions>
        </gpxtpx:TrackPointExtension>
        </extensions>
    </trkpt>
    <trkpt lat="45.656609" lon="15.042965">
        <ele>784.8</ele>
        <extensions>
        <gpxtpx:TrackPointExtension>
        <gpxtpx:Extensions>
            <surface>gravel</surface>
        </gpxtpx:Extensions>
        </gpxtpx:TrackPointExtension>
        </extensions>
    </trkpt>
    <trkpt lat="45.65666" lon="15.043013">
        <ele>783.8</ele>
        <extensions>
        <gpxtpx:TrackPointExtension>
        <gpxtpx:Extensions>
            <surface>gravel</surface>
        </gpxtpx:Extensions>
        </gpxtpx:TrackPointExtension>
        </extensions>
    </trkpt>
    <trkpt lat="45.656941" lon="15.043332">
        <ele>779.3</ele>
        <extensions>
        <gpxtpx:TrackPointExtension>
        <gpxtpx:Extensions>
            <surface>gravel</surface>
        </gpxtpx:Extensions>
        </gpxtpx:TrackPointExtension>
        </extensions>
    </trkpt>
    <trkpt lat="45.657188" lon="15.043686">
        <ele>773.8</ele>
        <extensions>
        <gpxtpx:TrackPointExtension>
        <gpxtpx:Extensions>
            <surface>gravel</surface>
        </gpxtpx:Extensions>
        </gpxtpx:TrackPointExtension>
        </extensions>
    </trkpt>
    <trkpt lat="45.657381" lon="15.043984">
        <ele>768.0</ele>
        <extensions>
        <gpxtpx:TrackPointExtension>
        <gpxtpx:Extensions>
            <surface>gravel</surface>
        </gpxtpx:Extensions>
        </gpxtpx:TrackPointExtension>
        </extensions>
    </trkpt>
    <trkpt lat="45.657477" lon="15.044054">
        <ele>766.3</ele>
        <extensions>
        <gpxtpx:TrackPointExtension>
        <gpxtpx:Extensions>
            <surface>gravel</surface>
        </gpxtpx:Extensions>
        </gpxtpx:TrackPointExtension>
        </extensions>
    </trkpt>
    <trkpt lat="45.65757" lon="15.044068">
        <ele>766.5</ele>
        <extensions>
        <gpxtpx:TrackPointExtension>
        <gpxtpx:Extensions>
            <surface>gravel</surface>
        </gpxtpx:Extensions>
        </gpxtpx:TrackPointExtension>
        </extensions>
    </trkpt>
    <trkpt lat="45.657751" lon="15.044045">
        <ele>768.3</ele>
        <extensions>
        <gpxtpx:TrackPointExtension>
        <gpxtpx:Extensions>
            <surface>gravel</surface>
        </gpxtpx:Extensions>
        </gpxtpx:TrackPointExtension>
        </extensions>
    </trkpt>
    <trkpt lat="45.657926" lon="15.044044">
        <ele>769.3</ele>
        <extensions>
        <gpxtpx:TrackPointExtension>
        <gpxtpx:Extensions>
            <surface>gravel</surface>
        </gpxtpx:Extensions>
        </gpxtpx:TrackPointExtension>
        </extensions>
    </trkpt>
    <trkpt lat="45.658006" lon="15.044075">
        <ele>769.3</ele>
        <extensions>
        <gpxtpx:TrackPointExtension>
        <gpxtpx:Extensions>
            <surface>gravel</surface>
        </gpxtpx:Extensions>
        </gpxtpx:TrackPointExtension>
        </extensions>
    </trkpt>
    <trkpt lat="45.658079" lon="15.044156">
        <ele>768.0</ele>
        <extensions>
        <gpxtpx:TrackPointExtension>
        <gpxtpx:Extensions>
            <surface>gravel</surface>
        </gpxtpx:Extensions>
        </gpxtpx:TrackPointExtension>
        </extensions>
    </trkpt>
    <trkpt lat="45.658093" lon="15.044172">
        <ele>768.0</ele>
        <extensions>
        <gpxtpx:TrackPointExtension>
        <gpxtpx:Extensions>
            <surface>gravel</surface>
        </gpxtpx:Extensions>
        </gpxtpx:TrackPointExtension>
        </extensions>
    </trkpt>
    <trkpt lat="45.658258" lon="15.04472">
        <ele>760.8</ele>
        <extensions>
        <gpxtpx:TrackPointExtension>
        <gpxtpx:Extensions>
            <surface>gravel</surface>
        </gpxtpx:Extensions>
        </gpxtpx:TrackPointExtension>
        </extensions>
    </trkpt>
    <trkpt lat="45.658335" lon="15.044886">
        <ele>758.8</ele>
        <extensions>
        <gpxtpx:TrackPointExtension>
        <gpxtpx:Extensions>
            <surface>gravel</surface>
        </gpxtpx:Extensions>
        </gpxtpx:TrackPointExtension>
        </extensions>
    </trkpt>
    <trkpt lat="45.658497" lon="15.045145">
        <ele>756.3</ele>
        <extensions>
        <gpxtpx:TrackPointExtension>
        <gpxtpx:Extensions>
            <surface>gravel</surface>
        </gpxtpx:Extensions>
        </gpxtpx:TrackPointExtension>
        </extensions>
    </trkpt>
    <trkpt lat="45.658601" lon="15.045294">
        <ele>754.8</ele>
        <extensions>
        <gpxtpx:TrackPointExtension>
        <gpxtpx:Extensions>
            <surface>gravel</surface>
        </gpxtpx:Extensions>
        </gpxtpx:TrackPointExtension>
        </extensions>
    </trkpt>
    <trkpt lat="45.658684" lon="15.045376">
        <ele>754.3</ele>
        <extensions>
        <gpxtpx:TrackPointExtension>
        <gpxtpx:Extensions>
            <surface>gravel</surface>
        </gpxtpx:Extensions>
        </gpxtpx:TrackPointExtension>
        </extensions>
    </trkpt>
    <trkpt lat="45.658763" lon="15.045425">
        <ele>754.0</ele>
        <extensions>
        <gpxtpx:TrackPointExtension>
        <gpxtpx:Extensions>
            <surface>gravel</surface>
        </gpxtpx:Extensions>
        </gpxtpx:TrackPointExtension>
        </extensions>
    </trkpt>
    <trkpt lat="45.65913" lon="15.045585">
        <ele>754.5</ele>
        <extensions>
        <gpxtpx:TrackPointExtension>
        <gpxtpx:Extensions>
            <surface>gravel</surface>
        </gpxtpx:Extensions>
        </gpxtpx:TrackPointExtension>
        </extensions>
    </trkpt>
    <trkpt lat="45.659216" lon="15.045634">
        <ele>754.3</ele>
        <extensions>
        <gpxtpx:TrackPointExtension>
        <gpxtpx:Extensions>
            <surface>gravel</surface>
        </gpxtpx:Extensions>
        </gpxtpx:TrackPointExtension>
        </extensions>
    </trkpt>
    <trkpt lat="45.659273" lon="15.045687">
        <ele>753.5</ele>
        <extensions>
        <gpxtpx:TrackPointExtension>
        <gpxtpx:Extensions>
            <surface>gravel</surface>
        </gpxtpx:Extensions>
        </gpxtpx:TrackPointExtension>
        </extensions>
    </trkpt>
    <trkpt lat="45.659372" lon="15.045833">
        <ele>751.8</ele>
        <extensions>
        <gpxtpx:TrackPointExtension>
        <gpxtpx:Extensions>
            <surface>gravel</surface>
        </gpxtpx:Extensions>
        </gpxtpx:TrackPointExtension>
        </extensions>
    </trkpt>
    <trkpt lat="45.659509" lon="15.046113">
        <ele>750.8</ele>
        <extensions>
        <gpxtpx:TrackPointExtension>
        <gpxtpx:Extensions>
            <surface>gravel</surface>
        </gpxtpx:Extensions>
        </gpxtpx:TrackPointExtension>
        </extensions>
    </trkpt>
    <trkpt lat="45.659582" lon="15.046383">
        <ele>749.5</ele>
        <extensions>
        <gpxtpx:TrackPointExtension>
        <gpxtpx:Extensions>
            <surface>gravel</surface>
        </gpxtpx:Extensions>
        </gpxtpx:TrackPointExtension>
        </extensions>
    </trkpt>
    <trkpt lat="45.659622" lon="15.046631">
        <ele>748.3</ele>
        <extensions>
        <gpxtpx:TrackPointExtension>
        <gpxtpx:Extensions>
            <surface>gravel</surface>
        </gpxtpx:Extensions>
        </gpxtpx:TrackPointExtension>
        </extensions>
    </trkpt>
    <trkpt lat="45.65967" lon="15.046839">
        <ele>745.5</ele>
        <extensions>
        <gpxtpx:TrackPointExtension>
        <gpxtpx:Extensions>
            <surface>gravel</surface>
        </gpxtpx:Extensions>
        </gpxtpx:TrackPointExtension>
        </extensions>
    </trkpt>
    <trkpt lat="45.659719" lon="15.046965">
        <ele>743.5</ele>
        <extensions>
        <gpxtpx:TrackPointExtension>
        <gpxtpx:Extensions>
            <surface>gravel</surface>
        </gpxtpx:Extensions>
        </gpxtpx:TrackPointExtension>
        </extensions>
    </trkpt>
    <trkpt lat="45.659755" lon="15.047017">
        <ele>742.8</ele>
        <extensions>
        <gpxtpx:TrackPointExtension>
        <gpxtpx:Extensions>
            <surface>gravel</surface>
        </gpxtpx:Extensions>
        </gpxtpx:TrackPointExtension>
        </extensions>
    </trkpt>
    <trkpt lat="45.659811" lon="15.047068">
        <ele>742.0</ele>
        <extensions>
        <gpxtpx:TrackPointExtension>
        <gpxtpx:Extensions>
            <surface>gravel</surface>
        </gpxtpx:Extensions>
        </gpxtpx:TrackPointExtension>
        </extensions>
    </trkpt>
    <trkpt lat="45.659878" lon="15.047104">
        <ele>741.5</ele>
        <extensions>
        <gpxtpx:TrackPointExtension>
        <gpxtpx:Extensions>
            <surface>gravel</surface>
        </gpxtpx:Extensions>
        </gpxtpx:TrackPointExtension>
        </extensions>
    </trkpt>
    <trkpt lat="45.660079" lon="15.047154">
        <ele>740.3</ele>
        <extensions>
        <gpxtpx:TrackPointExtension>
        <gpxtpx:Extensions>
            <surface>gravel</surface>
        </gpxtpx:Extensions>
        </gpxtpx:TrackPointExtension>
        </extensions>
    </trkpt>
    <trkpt lat="45.660638" lon="15.047173">
        <ele>734.5</ele>
        <extensions>
        <gpxtpx:TrackPointExtension>
        <gpxtpx:Extensions>
            <surface>gravel</surface>
        </gpxtpx:Extensions>
        </gpxtpx:TrackPointExtension>
        </extensions>
    </trkpt>
    <trkpt lat="45.660748" lon="15.047222">
        <ele>733.0</ele>
        <extensions>
        <gpxtpx:TrackPointExtension>
        <gpxtpx:Extensions>
            <surface>gravel</surface>
        </gpxtpx:Extensions>
        </gpxtpx:TrackPointExtension>
        </extensions>
    </trkpt>
    <trkpt lat="45.660838" lon="15.047297">
        <ele>731.3</ele>
        <extensions>
        <gpxtpx:TrackPointExtension>
        <gpxtpx:Extensions>
            <surface>gravel</surface>
        </gpxtpx:Extensions>
        </gpxtpx:TrackPointExtension>
        </extensions>
    </trkpt>
    <trkpt lat="45.660856" lon="15.047324">
        <ele>730.8</ele>
        <extensions>
        <gpxtpx:TrackPointExtension>
        <gpxtpx:Extensions>
            <surface>gravel</surface>
        </gpxtpx:Extensions>
        </gpxtpx:TrackPointExtension>
        </extensions>
    </trkpt>
    <trkpt lat="45.660892" lon="15.047379">
        <ele>730.5</ele>
        <extensions>
        <gpxtpx:TrackPointExtension>
        <gpxtpx:Extensions>
            <surface>gravel</surface>
        </gpxtpx:Extensions>
        </gpxtpx:TrackPointExtension>
        </extensions>
    </trkpt>
    <trkpt lat="45.660923" lon="15.047486">
        <ele>729.3</ele>
        <extensions>
        <gpxtpx:TrackPointExtension>
        <gpxtpx:Extensions>
            <surface>gravel</surface>
        </gpxtpx:Extensions>
        </gpxtpx:TrackPointExtension>
        </extensions>
    </trkpt>
    <trkpt lat="45.660903" lon="15.04797">
        <ele>731.0</ele>
        <extensions>
        <gpxtpx:TrackPointExtension>
        <gpxtpx:Extensions>
            <surface>gravel</surface>
        </gpxtpx:Extensions>
        </gpxtpx:TrackPointExtension>
        </extensions>
    </trkpt>
    <trkpt lat="45.660866" lon="15.048105">
        <ele>731.8</ele>
        <extensions>
        <gpxtpx:TrackPointExtension>
        <gpxtpx:Extensions>
            <surface>gravel</surface>
        </gpxtpx:Extensions>
        </gpxtpx:TrackPointExtension>
        </extensions>
    </trkpt>
    <trkpt lat="45.660773" lon="15.048273">
        <ele>732.0</ele>
        <extensions>
        <gpxtpx:TrackPointExtension>
        <gpxtpx:Extensions>
            <surface>gravel</surface>
        </gpxtpx:Extensions>
        </gpxtpx:TrackPointExtension>
        </extensions>
    </trkpt>
    <trkpt lat="45.660706" lon="15.048335">
        <ele>731.3</ele>
        <extensions>
        <gpxtpx:TrackPointExtension>
        <gpxtpx:Extensions>
            <surface>gravel</surface>
        </gpxtpx:Extensions>
        </gpxtpx:TrackPointExtension>
        </extensions>
    </trkpt>
    <trkpt lat="45.660645" lon="15.048394">
        <ele>730.8</ele>
        <extensions>
        <gpxtpx:TrackPointExtension>
        <gpxtpx:Extensions>
            <surface>gravel</surface>
        </gpxtpx:Extensions>
        </gpxtpx:TrackPointExtension>
        </extensions>
    </trkpt>
    <trkpt lat="45.660199" lon="15.048675">
        <ele>725.8</ele>
        <extensions>
        <gpxtpx:TrackPointExtension>
        <gpxtpx:Extensions>
            <surface>gravel</surface>
        </gpxtpx:Extensions>
        </gpxtpx:TrackPointExtension>
        </extensions>
    </trkpt>
    <trkpt lat="45.660019" lon="15.048829">
        <ele>723.3</ele>
        <extensions>
        <gpxtpx:TrackPointExtension>
        <gpxtpx:Extensions>
            <surface>gravel</surface>
        </gpxtpx:Extensions>
        </gpxtpx:TrackPointExtension>
        </extensions>
    </trkpt>
    <trkpt lat="45.65961" lon="15.049317">
        <ele>716.8</ele>
        <extensions>
        <gpxtpx:TrackPointExtension>
        <gpxtpx:Extensions>
            <surface>gravel</surface>
        </gpxtpx:Extensions>
        </gpxtpx:TrackPointExtension>
        </extensions>
    </trkpt>
    <trkpt lat="45.659445" lon="15.049529">
        <ele>714.8</ele>
        <extensions>
        <gpxtpx:TrackPointExtension>
        <gpxtpx:Extensions>
            <surface>gravel</surface>
        </gpxtpx:Extensions>
        </gpxtpx:TrackPointExtension>
        </extensions>
    </trkpt>
    <trkpt lat="45.659241" lon="15.049773">
        <ele>712.3</ele>
        <extensions>
        <gpxtpx:TrackPointExtension>
        <gpxtpx:Extensions>
            <surface>gravel</surface>
        </gpxtpx:Extensions>
        </gpxtpx:TrackPointExtension>
        </extensions>
    </trkpt>
    <trkpt lat="45.659154" lon="15.049867">
        <ele>711.0</ele>
        <extensions>
        <gpxtpx:TrackPointExtension>
        <gpxtpx:Extensions>
            <surface>gravel</surface>
        </gpxtpx:Extensions>
        </gpxtpx:TrackPointExtension>
        </extensions>
    </trkpt>
    <trkpt lat="45.658969" lon="15.050016">
        <ele>707.3</ele>
        <extensions>
        <gpxtpx:TrackPointExtension>
        <gpxtpx:Extensions>
            <surface>gravel</surface>
        </gpxtpx:Extensions>
        </gpxtpx:TrackPointExtension>
        </extensions>
    </trkpt>
    <trkpt lat="45.658864" lon="15.050087">
        <ele>705.3</ele>
        <extensions>
        <gpxtpx:TrackPointExtension>
        <gpxtpx:Extensions>
            <surface>gravel</surface>
        </gpxtpx:Extensions>
        </gpxtpx:TrackPointExtension>
        </extensions>
    </trkpt>
    <trkpt lat="45.658749" lon="15.050213">
        <ele>703.3</ele>
        <extensions>
        <gpxtpx:TrackPointExtension>
        <gpxtpx:Extensions>
            <surface>gravel</surface>
        </gpxtpx:Extensions>
        </gpxtpx:TrackPointExtension>
        </extensions>
    </trkpt>
    <trkpt lat="45.658116" lon="15.051076">
        <ele>694.3</ele>
        <extensions>
        <gpxtpx:TrackPointExtension>
        <gpxtpx:Extensions>
            <surface>gravel</surface>
        </gpxtpx:Extensions>
        </gpxtpx:TrackPointExtension>
        </extensions>
    </trkpt>
    <trkpt lat="45.657895" lon="15.051416">
        <ele>693.0</ele>
        <extensions>
        <gpxtpx:TrackPointExtension>
        <gpxtpx:Extensions>
            <surface>gravel</surface>
        </gpxtpx:Extensions>
        </gpxtpx:TrackPointExtension>
        </extensions>
    </trkpt>
    <trkpt lat="45.657838" lon="15.05153">
        <ele>692.8</ele>
        <extensions>
        <gpxtpx:TrackPointExtension>
        <gpxtpx:Extensions>
            <surface>gravel</surface>
        </gpxtpx:Extensions>
        </gpxtpx:TrackPointExtension>
        </extensions>
    </trkpt>
    <trkpt lat="45.65778" lon="15.051688">
        <ele>692.8</ele>
        <extensions>
        <gpxtpx:TrackPointExtension>
        <gpxtpx:Extensions>
            <surface>gravel</surface>
        </gpxtpx:Extensions>
        </gpxtpx:TrackPointExtension>
        </extensions>
    </trkpt>
    <trkpt lat="45.657615" lon="15.051897">
        <ele>691.5</ele>
        <extensions>
        <gpxtpx:TrackPointExtension>
        <gpxtpx:Extensions>
            <surface>gravel</surface>
        </gpxtpx:Extensions>
        </gpxtpx:TrackPointExtension>
        </extensions>
    </trkpt>
    <trkpt lat="45.65755" lon="15.051959">
        <ele>691.0</ele>
        <extensions>
        <gpxtpx:TrackPointExtension>
        <gpxtpx:Extensions>
            <surface>gravel</surface>
        </gpxtpx:Extensions>
        </gpxtpx:TrackPointExtension>
        </extensions>
    </trkpt>
    <trkpt lat="45.657207" lon="15.051953">
        <ele>685.0</ele>
        <extensions>
        <gpxtpx:TrackPointExtension>
        <gpxtpx:Extensions>
            <surface>gravel</surface>
        </gpxtpx:Extensions>
        </gpxtpx:TrackPointExtension>
        </extensions>
    </trkpt>
    <trkpt lat="45.657126" lon="15.051983">
        <ele>684.0</ele>
        <extensions>
        <gpxtpx:TrackPointExtension>
        <gpxtpx:Extensions>
            <surface>gravel</surface>
        </gpxtpx:Extensions>
        </gpxtpx:TrackPointExtension>
        </extensions>
    </trkpt>
    <trkpt lat="45.656928" lon="15.052106">
        <ele>681.0</ele>
        <extensions>
        <gpxtpx:TrackPointExtension>
        <gpxtpx:Extensions>
            <surface>gravel</surface>
        </gpxtpx:Extensions>
        </gpxtpx:TrackPointExtension>
        </extensions>
    </trkpt>
    <trkpt lat="45.65683" lon="15.052197">
        <ele>679.5</ele>
        <extensions>
        <gpxtpx:TrackPointExtension>
        <gpxtpx:Extensions>
            <surface>gravel</surface>
        </gpxtpx:Extensions>
        </gpxtpx:TrackPointExtension>
        </extensions>
    </trkpt>
    <trkpt lat="45.656725" lon="15.052323">
        <ele>677.8</ele>
        <extensions>
        <gpxtpx:TrackPointExtension>
        <gpxtpx:Extensions>
            <surface>gravel</surface>
        </gpxtpx:Extensions>
        </gpxtpx:TrackPointExtension>
        </extensions>
    </trkpt>
    <trkpt lat="45.656681" lon="15.052431">
        <ele>677.0</ele>
        <extensions>
        <gpxtpx:TrackPointExtension>
        <gpxtpx:Extensions>
            <surface>gravel</surface>
        </gpxtpx:Extensions>
        </gpxtpx:TrackPointExtension>
        </extensions>
    </trkpt>
    <trkpt lat="45.656663" lon="15.052512">
        <ele>677.5</ele>
        <extensions>
        <gpxtpx:TrackPointExtension>
        <gpxtpx:Extensions>
            <surface>gravel</surface>
        </gpxtpx:Extensions>
        </gpxtpx:TrackPointExtension>
        </extensions>
    </trkpt>
    <trkpt lat="45.656588" lon="15.052865">
        <ele>679.8</ele>
        <extensions>
        <gpxtpx:TrackPointExtension>
        <gpxtpx:Extensions>
            <surface>gravel</surface>
        </gpxtpx:Extensions>
        </gpxtpx:TrackPointExtension>
        </extensions>
    </trkpt>
    <trkpt lat="45.656562" lon="15.053029">
        <ele>681.0</ele>
        <extensions>
        <gpxtpx:TrackPointExtension>
        <gpxtpx:Extensions>
            <surface>gravel</surface>
        </gpxtpx:Extensions>
        </gpxtpx:TrackPointExtension>
        </extensions>
    </trkpt>
    <trkpt lat="45.656532" lon="15.053288">
        <ele>683.3</ele>
        <extensions>
        <gpxtpx:TrackPointExtension>
        <gpxtpx:Extensions>
            <surface>gravel</surface>
        </gpxtpx:Extensions>
        </gpxtpx:TrackPointExtension>
        </extensions>
    </trkpt>
    <trkpt lat="45.656537" lon="15.053399">
        <ele>684.5</ele>
        <extensions>
        <gpxtpx:TrackPointExtension>
        <gpxtpx:Extensions>
            <surface>gravel</surface>
        </gpxtpx:Extensions>
        </gpxtpx:TrackPointExtension>
        </extensions>
    </trkpt>
    <trkpt lat="45.656568" lon="15.053621">
        <ele>687.5</ele>
        <extensions>
        <gpxtpx:TrackPointExtension>
        <gpxtpx:Extensions>
            <surface>gravel</surface>
        </gpxtpx:Extensions>
        </gpxtpx:TrackPointExtension>
        </extensions>
    </trkpt>
    <trkpt lat="45.656571" lon="15.053729">
        <ele>688.8</ele>
        <extensions>
        <gpxtpx:TrackPointExtension>
        <gpxtpx:Extensions>
            <surface>gravel</surface>
        </gpxtpx:Extensions>
        </gpxtpx:TrackPointExtension>
        </extensions>
    </trkpt>
    <trkpt lat="45.656547" lon="15.053841">
        <ele>689.5</ele>
        <extensions>
        <gpxtpx:TrackPointExtension>
        <gpxtpx:Extensions>
            <surface>gravel</surface>
        </gpxtpx:Extensions>
        </gpxtpx:TrackPointExtension>
        </extensions>
    </trkpt>
    <trkpt lat="45.656481" lon="15.054062">
        <ele>690.5</ele>
        <extensions>
        <gpxtpx:TrackPointExtension>
        <gpxtpx:Extensions>
            <surface>gravel</surface>
        </gpxtpx:Extensions>
        </gpxtpx:TrackPointExtension>
        </extensions>
    </trkpt>
    <trkpt lat="45.656429" lon="15.054191">
        <ele>690.5</ele>
        <extensions>
        <gpxtpx:TrackPointExtension>
        <gpxtpx:Extensions>
            <surface>gravel</surface>
        </gpxtpx:Extensions>
        </gpxtpx:TrackPointExtension>
        </extensions>
    </trkpt>
    <trkpt lat="45.656174" lon="15.054619">
        <ele>687.0</ele>
        <extensions>
        <gpxtpx:TrackPointExtension>
        <gpxtpx:Extensions>
            <surface>gravel</surface>
        </gpxtpx:Extensions>
        </gpxtpx:TrackPointExtension>
        </extensions>
    </trkpt>
    <trkpt lat="45.65614" lon="15.054722">
        <ele>687.0</ele>
        <extensions>
        <gpxtpx:TrackPointExtension>
        <gpxtpx:Extensions>
            <surface>gravel</surface>
        </gpxtpx:Extensions>
        </gpxtpx:TrackPointExtension>
        </extensions>
    </trkpt>
    <trkpt lat="45.656093" lon="15.054917">
        <ele>687.0</ele>
        <extensions>
        <gpxtpx:TrackPointExtension>
        <gpxtpx:Extensions>
            <surface>gravel</surface>
        </gpxtpx:Extensions>
        </gpxtpx:TrackPointExtension>
        </extensions>
    </trkpt>
    <trkpt lat="45.655992" lon="15.055561">
        <ele>691.8</ele>
        <extensions>
        <gpxtpx:TrackPointExtension>
        <gpxtpx:Extensions>
            <surface>gravel</surface>
        </gpxtpx:Extensions>
        </gpxtpx:TrackPointExtension>
        </extensions>
    </trkpt>
    <trkpt lat="45.655936" lon="15.055773">
        <ele>693.3</ele>
        <extensions>
        <gpxtpx:TrackPointExtension>
        <gpxtpx:Extensions>
            <surface>gravel</surface>
        </gpxtpx:Extensions>
        </gpxtpx:TrackPointExtension>
        </extensions>
    </trkpt>
    <trkpt lat="45.655786" lon="15.05618">
        <ele>696.3</ele>
        <extensions>
        <gpxtpx:TrackPointExtension>
        <gpxtpx:Extensions>
            <surface>gravel</surface>
        </gpxtpx:Extensions>
        </gpxtpx:TrackPointExtension>
        </extensions>
    </trkpt>
    <trkpt lat="45.655478" lon="15.057133">
        <ele>702.3</ele>
        <extensions>
        <gpxtpx:TrackPointExtension>
        <gpxtpx:Extensions>
            <surface>gravel</surface>
        </gpxtpx:Extensions>
        </gpxtpx:TrackPointExtension>
        </extensions>
    </trkpt>
    <trkpt lat="45.655405" lon="15.057389">
        <ele>704.0</ele>
        <extensions>
        <gpxtpx:TrackPointExtension>
        <gpxtpx:Extensions>
            <surface>gravel</surface>
        </gpxtpx:Extensions>
        </gpxtpx:TrackPointExtension>
        </extensions>
    </trkpt>
    <trkpt lat="45.655225" lon="15.05764">
        <ele>703.3</ele>
        <extensions>
        <gpxtpx:TrackPointExtension>
        <gpxtpx:Extensions>
            <surface>gravel</surface>
        </gpxtpx:Extensions>
        </gpxtpx:TrackPointExtension>
        </extensions>
    </trkpt>
    <trkpt lat="45.655103" lon="15.057851">
        <ele>702.5</ele>
        <extensions>
        <gpxtpx:TrackPointExtension>
        <gpxtpx:Extensions>
            <surface>gravel</surface>
        </gpxtpx:Extensions>
        </gpxtpx:TrackPointExtension>
        </extensions>
    </trkpt>
    <trkpt lat="45.654991" lon="15.058136">
        <ele>702.5</ele>
        <extensions>
        <gpxtpx:TrackPointExtension>
        <gpxtpx:Extensions>
            <surface>gravel</surface>
        </gpxtpx:Extensions>
        </gpxtpx:TrackPointExtension>
        </extensions>
    </trkpt>
    <trkpt lat="45.654942" lon="15.058312">
        <ele>703.3</ele>
        <extensions>
        <gpxtpx:TrackPointExtension>
        <gpxtpx:Extensions>
            <surface>gravel</surface>
        </gpxtpx:Extensions>
        </gpxtpx:TrackPointExtension>
        </extensions>
    </trkpt>
    <trkpt lat="45.654899" lon="15.058447">
        <ele>703.0</ele>
        <extensions>
        <gpxtpx:TrackPointExtension>
        <gpxtpx:Extensions>
            <surface>gravel</surface>
        </gpxtpx:Extensions>
        </gpxtpx:TrackPointExtension>
        </extensions>
    </trkpt>
    <trkpt lat="45.654801" lon="15.058656">
        <ele>701.8</ele>
        <extensions>
        <gpxtpx:TrackPointExtension>
        <gpxtpx:Extensions>
            <surface>gravel</surface>
        </gpxtpx:Extensions>
        </gpxtpx:TrackPointExtension>
        </extensions>
    </trkpt>
    <trkpt lat="45.654647" lon="15.058912">
        <ele>699.8</ele>
        <extensions>
        <gpxtpx:TrackPointExtension>
        <gpxtpx:Extensions>
            <surface>gravel</surface>
        </gpxtpx:Extensions>
        </gpxtpx:TrackPointExtension>
        </extensions>
    </trkpt>
    <trkpt lat="45.654503" lon="15.059069">
        <ele>697.5</ele>
        <extensions>
        <gpxtpx:TrackPointExtension>
        <gpxtpx:Extensions>
            <surface>gravel</surface>
        </gpxtpx:Extensions>
        </gpxtpx:TrackPointExtension>
        </extensions>
    </trkpt>
    <trkpt lat="45.654494" lon="15.05908">
        <ele>697.5</ele>
        <extensions>
        <gpxtpx:TrackPointExtension>
        <gpxtpx:Extensions>
            <surface>gravel</surface>
        </gpxtpx:Extensions>
        </gpxtpx:TrackPointExtension>
        </extensions>
    </trkpt>
    <trkpt lat="45.654245" lon="15.059258">
        <ele>694.8</ele>
        <extensions>
        <gpxtpx:TrackPointExtension>
        <gpxtpx:Extensions>
            <surface>gravel</surface>
        </gpxtpx:Extensions>
        </gpxtpx:TrackPointExtension>
        </extensions>
    </trkpt>
    <trkpt lat="45.653604" lon="15.059536">
        <ele>691.8</ele>
        <extensions>
        <gpxtpx:TrackPointExtension>
        <gpxtpx:Extensions>
            <surface>gravel</surface>
        </gpxtpx:Extensions>
        </gpxtpx:TrackPointExtension>
        </extensions>
    </trkpt>
    <trkpt lat="45.653433" lon="15.059584">
        <ele>691.0</ele>
        <extensions>
        <gpxtpx:TrackPointExtension>
        <gpxtpx:Extensions>
            <surface>gravel</surface>
        </gpxtpx:Extensions>
        </gpxtpx:TrackPointExtension>
        </extensions>
    </trkpt>
    <trkpt lat="45.653339" lon="15.059629">
        <ele>691.0</ele>
        <extensions>
        <gpxtpx:TrackPointExtension>
        <gpxtpx:Extensions>
            <surface>gravel</surface>
        </gpxtpx:Extensions>
        </gpxtpx:TrackPointExtension>
        </extensions>
    </trkpt>
    <trkpt lat="45.653087" lon="15.059871">
        <ele>692.0</ele>
        <extensions>
        <gpxtpx:TrackPointExtension>
        <gpxtpx:Extensions>
            <surface>gravel</surface>
        </gpxtpx:Extensions>
        </gpxtpx:TrackPointExtension>
        </extensions>
    </trkpt>
    <trkpt lat="45.652628" lon="15.060266">
        <ele>697.0</ele>
        <extensions>
        <gpxtpx:TrackPointExtension>
        <gpxtpx:Extensions>
            <surface>gravel</surface>
        </gpxtpx:Extensions>
        </gpxtpx:TrackPointExtension>
        </extensions>
    </trkpt>
    <trkpt lat="45.652487" lon="15.060338">
        <ele>698.0</ele>
        <extensions>
        <gpxtpx:TrackPointExtension>
        <gpxtpx:Extensions>
            <surface>gravel</surface>
        </gpxtpx:Extensions>
        </gpxtpx:TrackPointExtension>
        </extensions>
    </trkpt>
    <trkpt lat="45.652242" lon="15.060403">
        <ele>701.3</ele>
        <extensions>
        <gpxtpx:TrackPointExtension>
        <gpxtpx:Extensions>
            <surface>gravel</surface>
        </gpxtpx:Extensions>
        </gpxtpx:TrackPointExtension>
        </extensions>
    </trkpt>
    <trkpt lat="45.652073" lon="15.060432">
        <ele>703.0</ele>
        <extensions>
        <gpxtpx:TrackPointExtension>
        <gpxtpx:Extensions>
            <surface>gravel</surface>
        </gpxtpx:Extensions>
        </gpxtpx:TrackPointExtension>
        </extensions>
    </trkpt>
    <trkpt lat="45.652034" lon="15.060429">
        <ele>703.0</ele>
        <extensions>
        <gpxtpx:TrackPointExtension>
        <gpxtpx:Extensions>
            <surface>gravel</surface>
        </gpxtpx:Extensions>
        </gpxtpx:TrackPointExtension>
        </extensions>
    </trkpt>
    <trkpt lat="45.651916" lon="15.060421">
        <ele>703.8</ele>
        <extensions>
        <gpxtpx:TrackPointExtension>
        <gpxtpx:Extensions>
            <surface>gravel</surface>
        </gpxtpx:Extensions>
        </gpxtpx:TrackPointExtension>
        </extensions>
    </trkpt>
    <trkpt lat="45.651715" lon="15.060377">
        <ele>704.3</ele>
        <extensions>
        <gpxtpx:TrackPointExtension>
        <gpxtpx:Extensions>
            <surface>gravel</surface>
        </gpxtpx:Extensions>
        </gpxtpx:TrackPointExtension>
        </extensions>
    </trkpt>
    <trkpt lat="45.651237" lon="15.060155">
        <ele>703.5</ele>
        <extensions>
        <gpxtpx:TrackPointExtension>
        <gpxtpx:Extensions>
            <surface>gravel</surface>
        </gpxtpx:Extensions>
        </gpxtpx:TrackPointExtension>
        </extensions>
    </trkpt>
    <trkpt lat="45.65056" lon="15.059769">
        <ele>705.3</ele>
        <extensions>
        <gpxtpx:TrackPointExtension>
        <gpxtpx:Extensions>
            <surface>gravel</surface>
        </gpxtpx:Extensions>
        </gpxtpx:TrackPointExtension>
        </extensions>
    </trkpt>
    <trkpt lat="45.650444" lon="15.059732">
        <ele>705.8</ele>
        <extensions>
        <gpxtpx:TrackPointExtension>
        <gpxtpx:Extensions>
            <surface>gravel</surface>
        </gpxtpx:Extensions>
        </gpxtpx:TrackPointExtension>
        </extensions>
    </trkpt>
    <trkpt lat="45.650303" lon="15.059721">
        <ele>706.5</ele>
        <extensions>
        <gpxtpx:TrackPointExtension>
        <gpxtpx:Extensions>
            <surface>gravel</surface>
        </gpxtpx:Extensions>
        </gpxtpx:TrackPointExtension>
        </extensions>
    </trkpt>
    <trkpt lat="45.65018" lon="15.059753">
        <ele>707.5</ele>
        <extensions>
        <gpxtpx:TrackPointExtension>
        <gpxtpx:Extensions>
            <surface>gravel</surface>
        </gpxtpx:Extensions>
        </gpxtpx:TrackPointExtension>
        </extensions>
    </trkpt>
    <trkpt lat="45.649989" lon="15.059858">
        <ele>709.3</ele>
        <extensions>
        <gpxtpx:TrackPointExtension>
        <gpxtpx:Extensions>
            <surface>gravel</surface>
        </gpxtpx:Extensions>
        </gpxtpx:TrackPointExtension>
        </extensions>
    </trkpt>
    <trkpt lat="45.649512" lon="15.060154">
        <ele>716.3</ele>
        <extensions>
        <gpxtpx:TrackPointExtension>
        <gpxtpx:Extensions>
            <surface>gravel</surface>
        </gpxtpx:Extensions>
        </gpxtpx:TrackPointExtension>
        </extensions>
    </trkpt>
    <trkpt lat="45.649175" lon="15.060384">
        <ele>720.8</ele>
        <extensions>
        <gpxtpx:TrackPointExtension>
        <gpxtpx:Extensions>
            <surface>gravel</surface>
        </gpxtpx:Extensions>
        </gpxtpx:TrackPointExtension>
        </extensions>
    </trkpt>
    <trkpt lat="45.648965" lon="15.060483">
        <ele>723.8</ele>
        <extensions>
        <gpxtpx:TrackPointExtension>
        <gpxtpx:Extensions>
            <surface>gravel</surface>
        </gpxtpx:Extensions>
        </gpxtpx:TrackPointExtension>
        </extensions>
    </trkpt>
    <trkpt lat="45.648839" lon="15.060507">
        <ele>725.5</ele>
        <extensions>
        <gpxtpx:TrackPointExtension>
        <gpxtpx:Extensions>
            <surface>gravel</surface>
        </gpxtpx:Extensions>
        </gpxtpx:TrackPointExtension>
        </extensions>
    </trkpt>
    <trkpt lat="45.648698" lon="15.06051">
        <ele>727.3</ele>
        <extensions>
        <gpxtpx:TrackPointExtension>
        <gpxtpx:Extensions>
            <surface>gravel</surface>
        </gpxtpx:Extensions>
        </gpxtpx:TrackPointExtension>
        </extensions>
    </trkpt>
    <trkpt lat="45.648449" lon="15.060397">
        <ele>730.3</ele>
        <extensions>
        <gpxtpx:TrackPointExtension>
        <gpxtpx:Extensions>
            <surface>gravel</surface>
        </gpxtpx:Extensions>
        </gpxtpx:TrackPointExtension>
        </extensions>
    </trkpt>
    <trkpt lat="45.648326" lon="15.060296">
        <ele>731.5</ele>
        <extensions>
        <gpxtpx:TrackPointExtension>
        <gpxtpx:Extensions>
            <surface>gravel</surface>
        </gpxtpx:Extensions>
        </gpxtpx:TrackPointExtension>
        </extensions>
    </trkpt>
    <trkpt lat="45.648098" lon="15.060107">
        <ele>734.0</ele>
        <extensions>
        <gpxtpx:TrackPointExtension>
        <gpxtpx:Extensions>
            <surface>gravel</surface>
        </gpxtpx:Extensions>
        </gpxtpx:TrackPointExtension>
        </extensions>
    </trkpt>
    <trkpt lat="45.647986" lon="15.060027">
        <ele>734.8</ele>
        <extensions>
        <gpxtpx:TrackPointExtension>
        <gpxtpx:Extensions>
            <surface>gravel</surface>
        </gpxtpx:Extensions>
        </gpxtpx:TrackPointExtension>
        </extensions>
    </trkpt>
    <trkpt lat="45.647834" lon="15.059947">
        <ele>736.5</ele>
        <extensions>
        <gpxtpx:TrackPointExtension>
        <gpxtpx:Extensions>
            <surface>gravel</surface>
        </gpxtpx:Extensions>
        </gpxtpx:TrackPointExtension>
        </extensions>
    </trkpt>
    <trkpt lat="45.647619" lon="15.059913">
        <ele>738.5</ele>
        <extensions>
        <gpxtpx:TrackPointExtension>
        <gpxtpx:Extensions>
            <surface>gravel</surface>
        </gpxtpx:Extensions>
        </gpxtpx:TrackPointExtension>
        </extensions>
    </trkpt>
    <trkpt lat="45.647521" lon="15.059879">
        <ele>739.5</ele>
        <extensions>
        <gpxtpx:TrackPointExtension>
        <gpxtpx:Extensions>
            <surface>gravel</surface>
        </gpxtpx:Extensions>
        </gpxtpx:TrackPointExtension>
        </extensions>
    </trkpt>
    <trkpt lat="45.647041" lon="15.059652">
        <ele>743.0</ele>
        <extensions>
        <gpxtpx:TrackPointExtension>
        <gpxtpx:Extensions>
            <surface>gravel</surface>
        </gpxtpx:Extensions>
        </gpxtpx:TrackPointExtension>
        </extensions>
    </trkpt>
    <trkpt lat="45.646568" lon="15.059488">
        <ele>745.5</ele>
        <extensions>
        <gpxtpx:TrackPointExtension>
        <gpxtpx:Extensions>
            <surface>gravel</surface>
        </gpxtpx:Extensions>
        </gpxtpx:TrackPointExtension>
        </extensions>
    </trkpt>
    <trkpt lat="45.646499" lon="15.059456">
        <ele>746.0</ele>
        <extensions>
        <gpxtpx:TrackPointExtension>
        <gpxtpx:Extensions>
            <surface>gravel</surface>
        </gpxtpx:Extensions>
        </gpxtpx:TrackPointExtension>
        </extensions>
    </trkpt>
    <trkpt lat="45.646458" lon="15.059418">
        <ele>746.3</ele>
        <extensions>
        <gpxtpx:TrackPointExtension>
        <gpxtpx:Extensions>
            <surface>gravel</surface>
        </gpxtpx:Extensions>
        </gpxtpx:TrackPointExtension>
        </extensions>
    </trkpt>
    <trkpt lat="45.646" lon="15.058807">
        <ele>749.3</ele>
        <extensions>
        <gpxtpx:TrackPointExtension>
        <gpxtpx:Extensions>
            <surface>gravel</surface>
        </gpxtpx:Extensions>
        </gpxtpx:TrackPointExtension>
        </extensions>
    </trkpt>
    <trkpt lat="45.645871" lon="15.058686">
        <ele>750.3</ele>
        <extensions>
        <gpxtpx:TrackPointExtension>
        <gpxtpx:Extensions>
            <surface>gravel</surface>
        </gpxtpx:Extensions>
        </gpxtpx:TrackPointExtension>
        </extensions>
    </trkpt>
    <trkpt lat="45.645664" lon="15.058513">
        <ele>752.0</ele>
        <extensions>
        <gpxtpx:TrackPointExtension>
        <gpxtpx:Extensions>
            <surface>gravel</surface>
        </gpxtpx:Extensions>
        </gpxtpx:TrackPointExtension>
        </extensions>
    </trkpt>
    <trkpt lat="45.645473" lon="15.058399">
        <ele>753.5</ele>
        <extensions>
        <gpxtpx:TrackPointExtension>
        <gpxtpx:Extensions>
            <surface>gravel</surface>
        </gpxtpx:Extensions>
        </gpxtpx:TrackPointExtension>
        </extensions>
    </trkpt>
    <trkpt lat="45.645089" lon="15.058369">
        <ele>756.3</ele>
        <extensions>
        <gpxtpx:TrackPointExtension>
        <gpxtpx:Extensions>
            <surface>gravel</surface>
        </gpxtpx:Extensions>
        </gpxtpx:TrackPointExtension>
        </extensions>
    </trkpt>
    <trkpt lat="45.644945" lon="15.05838">
        <ele>757.5</ele>
        <extensions>
        <gpxtpx:TrackPointExtension>
        <gpxtpx:Extensions>
            <surface>gravel</surface>
        </gpxtpx:Extensions>
        </gpxtpx:TrackPointExtension>
        </extensions>
    </trkpt>
    <trkpt lat="45.644893" lon="15.058392">
        <ele>758.0</ele>
        <extensions>
        <gpxtpx:TrackPointExtension>
        <gpxtpx:Extensions>
            <surface>gravel</surface>
        </gpxtpx:Extensions>
        </gpxtpx:TrackPointExtension>
        </extensions>
    </trkpt>
    <trkpt lat="45.644823" lon="15.05841">
        <ele>759.0</ele>
        <extensions>
        <gpxtpx:TrackPointExtension>
        <gpxtpx:Extensions>
            <surface>gravel</surface>
        </gpxtpx:Extensions>
        </gpxtpx:TrackPointExtension>
        </extensions>
    </trkpt>
    <trkpt lat="45.644039" lon="15.058807">
        <ele>766.8</ele>
        <extensions>
        <gpxtpx:TrackPointExtension>
        <gpxtpx:Extensions>
            <surface>gravel</surface>
        </gpxtpx:Extensions>
        </gpxtpx:TrackPointExtension>
        </extensions>
    </trkpt>
    <trkpt lat="45.643926" lon="15.058874">
        <ele>767.8</ele>
        <extensions>
        <gpxtpx:TrackPointExtension>
        <gpxtpx:Extensions>
            <surface>gravel</surface>
        </gpxtpx:Extensions>
        </gpxtpx:TrackPointExtension>
        </extensions>
    </trkpt>
    <trkpt lat="45.643813" lon="15.058976">
        <ele>768.5</ele>
        <extensions>
        <gpxtpx:TrackPointExtension>
        <gpxtpx:Extensions>
            <surface>gravel</surface>
        </gpxtpx:Extensions>
        </gpxtpx:TrackPointExtension>
        </extensions>
    </trkpt>
    <trkpt lat="45.643711" lon="15.059107">
        <ele>769.0</ele>
        <extensions>
        <gpxtpx:TrackPointExtension>
        <gpxtpx:Extensions>
            <surface>gravel</surface>
        </gpxtpx:Extensions>
        </gpxtpx:TrackPointExtension>
        </extensions>
    </trkpt>
    <trkpt lat="45.64346" lon="15.059467">
        <ele>772.0</ele>
        <extensions>
        <gpxtpx:TrackPointExtension>
        <gpxtpx:Extensions>
            <surface>gravel</surface>
        </gpxtpx:Extensions>
        </gpxtpx:TrackPointExtension>
        </extensions>
    </trkpt>
    <trkpt lat="45.64339" lon="15.05952">
        <ele>772.8</ele>
        <extensions>
        <gpxtpx:TrackPointExtension>
        <gpxtpx:Extensions>
            <surface>gravel</surface>
        </gpxtpx:Extensions>
        </gpxtpx:TrackPointExtension>
        </extensions>
    </trkpt>
    <trkpt lat="45.643321" lon="15.05955">
        <ele>773.3</ele>
        <extensions>
        <gpxtpx:TrackPointExtension>
        <gpxtpx:Extensions>
            <surface>gravel</surface>
        </gpxtpx:Extensions>
        </gpxtpx:TrackPointExtension>
        </extensions>
    </trkpt>
    <trkpt lat="45.643216" lon="15.059582">
        <ele>774.5</ele>
        <extensions>
        <gpxtpx:TrackPointExtension>
        <gpxtpx:Extensions>
            <surface>gravel</surface>
        </gpxtpx:Extensions>
        </gpxtpx:TrackPointExtension>
        </extensions>
    </trkpt>
    <trkpt lat="45.643013" lon="15.059613">
        <ele>776.8</ele>
        <extensions>
        <gpxtpx:TrackPointExtension>
        <gpxtpx:Extensions>
            <surface>gravel</surface>
        </gpxtpx:Extensions>
        </gpxtpx:TrackPointExtension>
        </extensions>
    </trkpt>
    <trkpt lat="45.642801" lon="15.059628">
        <ele>778.8</ele>
        <extensions>
        <gpxtpx:TrackPointExtension>
        <gpxtpx:Extensions>
            <surface>gravel</surface>
        </gpxtpx:Extensions>
        </gpxtpx:TrackPointExtension>
        </extensions>
    </trkpt>
    <trkpt lat="45.642" lon="15.059555">
        <ele>785.0</ele>
        <extensions>
        <gpxtpx:TrackPointExtension>
        <gpxtpx:Extensions>
            <surface>gravel</surface>
        </gpxtpx:Extensions>
        </gpxtpx:TrackPointExtension>
        </extensions>
    </trkpt>
    <trkpt lat="45.641837" lon="15.059507">
        <ele>786.0</ele>
        <extensions>
        <gpxtpx:TrackPointExtension>
        <gpxtpx:Extensions>
            <surface>gravel</surface>
        </gpxtpx:Extensions>
        </gpxtpx:TrackPointExtension>
        </extensions>
    </trkpt>
    <trkpt lat="45.641569" lon="15.059391">
        <ele>787.5</ele>
        <extensions>
        <gpxtpx:TrackPointExtension>
        <gpxtpx:Extensions>
            <surface>gravel</surface>
        </gpxtpx:Extensions>
        </gpxtpx:TrackPointExtension>
        </extensions>
    </trkpt>
    <trkpt lat="45.64147" lon="15.059359">
        <ele>788.0</ele>
        <extensions>
        <gpxtpx:TrackPointExtension>
        <gpxtpx:Extensions>
            <surface>gravel</surface>
        </gpxtpx:Extensions>
        </gpxtpx:TrackPointExtension>
        </extensions>
    </trkpt>
    <trkpt lat="45.641382" lon="15.059359">
        <ele>789.0</ele>
        <extensions>
        <gpxtpx:TrackPointExtension>
        <gpxtpx:Extensions>
            <surface>gravel</surface>
        </gpxtpx:Extensions>
        </gpxtpx:TrackPointExtension>
        </extensions>
    </trkpt>
    <trkpt lat="45.641303" lon="15.059389">
        <ele>789.8</ele>
        <extensions>
        <gpxtpx:TrackPointExtension>
        <gpxtpx:Extensions>
            <surface>gravel</surface>
        </gpxtpx:Extensions>
        </gpxtpx:TrackPointExtension>
        </extensions>
    </trkpt>
    <trkpt lat="45.641219" lon="15.059434">
        <ele>790.8</ele>
        <extensions>
        <gpxtpx:TrackPointExtension>
        <gpxtpx:Extensions>
            <surface>gravel</surface>
        </gpxtpx:Extensions>
        </gpxtpx:TrackPointExtension>
        </extensions>
    </trkpt>
    <trkpt lat="45.641138" lon="15.05946">
        <ele>791.5</ele>
        <extensions>
        <gpxtpx:TrackPointExtension>
        <gpxtpx:Extensions>
            <surface>gravel</surface>
        </gpxtpx:Extensions>
        </gpxtpx:TrackPointExtension>
        </extensions>
    </trkpt>
    <trkpt lat="45.640774" lon="15.059539">
        <ele>795.5</ele>
        <extensions>
        <gpxtpx:TrackPointExtension>
        <gpxtpx:Extensions>
            <surface>gravel</surface>
        </gpxtpx:Extensions>
        </gpxtpx:TrackPointExtension>
        </extensions>
    </trkpt>
    <trkpt lat="45.64069" lon="15.059584">
        <ele>797.0</ele>
        <extensions>
        <gpxtpx:TrackPointExtension>
        <gpxtpx:Extensions>
            <surface>gravel</surface>
        </gpxtpx:Extensions>
        </gpxtpx:TrackPointExtension>
        </extensions>
    </trkpt>
    <trkpt lat="45.640635" lon="15.059625">
        <ele>797.8</ele>
        <extensions>
        <gpxtpx:TrackPointExtension>
        <gpxtpx:Extensions>
            <surface>gravel</surface>
        </gpxtpx:Extensions>
        </gpxtpx:TrackPointExtension>
        </extensions>
    </trkpt>
    <trkpt lat="45.640489715" lon="15.059824556">
        <ele>791.4</ele>
    </trkpt>
    <trkpt lat="45.640320158" lon="15.0603346">
        <ele>796.0</ele>
    </trkpt>
    <trkpt lat="45.640131324" lon="15.060713614">
        <ele>797.8</ele>
    </trkpt>
    <trkpt lat="45.639959" lon="15.060978">
        <ele>805.5</ele>
        <extensions>
        <gpxtpx:TrackPointExtension>
        <gpxtpx:Extensions>
            <surface>gravel</surface>
        </gpxtpx:Extensions>
        </gpxtpx:TrackPointExtension>
        </extensions>
    </trkpt>
    <trkpt lat="45.639953" lon="15.060987">
        <ele>805.8</ele>
        <extensions>
        <gpxtpx:TrackPointExtension>
        <gpxtpx:Extensions>
            <surface>gravel</surface>
        </gpxtpx:Extensions>
        </gpxtpx:TrackPointExtension>
        </extensions>
    </trkpt>
    <trkpt lat="45.63981" lon="15.061145">
        <ele>805.8</ele>
        <extensions>
        <gpxtpx:TrackPointExtension>
        <gpxtpx:Extensions>
            <surface>gravel</surface>
        </gpxtpx:Extensions>
        </gpxtpx:TrackPointExtension>
        </extensions>
    </trkpt>
    <trkpt lat="45.6396" lon="15.061342">
        <ele>805.8</ele>
        <extensions>
        <gpxtpx:TrackPointExtension>
        <gpxtpx:Extensions>
            <surface>gravel</surface>
        </gpxtpx:Extensions>
        </gpxtpx:TrackPointExtension>
        </extensions>
    </trkpt>
    <trkpt lat="45.63948" lon="15.061432">
        <ele>805.5</ele>
        <extensions>
        <gpxtpx:TrackPointExtension>
        <gpxtpx:Extensions>
            <surface>gravel</surface>
        </gpxtpx:Extensions>
        </gpxtpx:TrackPointExtension>
        </extensions>
    </trkpt>
    <trkpt lat="45.639004" lon="15.061655">
        <ele>804.5</ele>
        <extensions>
        <gpxtpx:TrackPointExtension>
        <gpxtpx:Extensions>
            <surface>gravel</surface>
        </gpxtpx:Extensions>
        </gpxtpx:TrackPointExtension>
        </extensions>
    </trkpt>
    <trkpt lat="45.638737" lon="15.061759">
        <ele>803.5</ele>
        <extensions>
        <gpxtpx:TrackPointExtension>
        <gpxtpx:Extensions>
            <surface>gravel</surface>
        </gpxtpx:Extensions>
        </gpxtpx:TrackPointExtension>
        </extensions>
    </trkpt>
    <trkpt lat="45.638531" lon="15.061859">
        <ele>802.5</ele>
        <extensions>
        <gpxtpx:TrackPointExtension>
        <gpxtpx:Extensions>
            <surface>gravel</surface>
        </gpxtpx:Extensions>
        </gpxtpx:TrackPointExtension>
        </extensions>
    </trkpt>
    <trkpt lat="45.638371" lon="15.061947">
        <ele>801.8</ele>
        <extensions>
        <gpxtpx:TrackPointExtension>
        <gpxtpx:Extensions>
            <surface>gravel</surface>
        </gpxtpx:Extensions>
        </gpxtpx:TrackPointExtension>
        </extensions>
    </trkpt>
    <trkpt lat="45.638239" lon="15.062071">
        <ele>800.5</ele>
        <extensions>
        <gpxtpx:TrackPointExtension>
        <gpxtpx:Extensions>
            <surface>gravel</surface>
        </gpxtpx:Extensions>
        </gpxtpx:TrackPointExtension>
        </extensions>
    </trkpt>
    <trkpt lat="45.638149" lon="15.062205">
        <ele>799.5</ele>
        <extensions>
        <gpxtpx:TrackPointExtension>
        <gpxtpx:Extensions>
            <surface>gravel</surface>
        </gpxtpx:Extensions>
        </gpxtpx:TrackPointExtension>
        </extensions>
    </trkpt>
    <trkpt lat="45.638057" lon="15.06239">
        <ele>798.0</ele>
        <extensions>
        <gpxtpx:TrackPointExtension>
        <gpxtpx:Extensions>
            <surface>gravel</surface>
        </gpxtpx:Extensions>
        </gpxtpx:TrackPointExtension>
        </extensions>
    </trkpt>
    <trkpt lat="45.638024" lon="15.06248">
        <ele>797.3</ele>
        <extensions>
        <gpxtpx:TrackPointExtension>
        <gpxtpx:Extensions>
            <surface>gravel</surface>
        </gpxtpx:Extensions>
        </gpxtpx:TrackPointExtension>
        </extensions>
    </trkpt>
    <trkpt lat="45.638017" lon="15.062503">
        <ele>797.3</ele>
        <extensions>
        <gpxtpx:TrackPointExtension>
        <gpxtpx:Extensions>
            <surface>gravel</surface>
        </gpxtpx:Extensions>
        </gpxtpx:TrackPointExtension>
        </extensions>
    </trkpt>
    <trkpt lat="45.638008" lon="15.062674">
        <ele>796.8</ele>
        <extensions>
        <gpxtpx:TrackPointExtension>
        <gpxtpx:Extensions>
            <surface>gravel</surface>
        </gpxtpx:Extensions>
        </gpxtpx:TrackPointExtension>
        </extensions>
    </trkpt>
    <trkpt lat="45.638015" lon="15.062843">
        <ele>796.3</ele>
        <extensions>
        <gpxtpx:TrackPointExtension>
        <gpxtpx:Extensions>
            <surface>gravel</surface>
        </gpxtpx:Extensions>
        </gpxtpx:TrackPointExtension>
        </extensions>
    </trkpt>
    <trkpt lat="45.638049" lon="15.063029">
        <ele>795.8</ele>
        <extensions>
        <gpxtpx:TrackPointExtension>
        <gpxtpx:Extensions>
            <surface>gravel</surface>
        </gpxtpx:Extensions>
        </gpxtpx:TrackPointExtension>
        </extensions>
    </trkpt>
    <trkpt lat="45.638146" lon="15.063485">
        <ele>795.0</ele>
        <extensions>
        <gpxtpx:TrackPointExtension>
        <gpxtpx:Extensions>
            <surface>gravel</surface>
        </gpxtpx:Extensions>
        </gpxtpx:TrackPointExtension>
        </extensions>
    </trkpt>
    <trkpt lat="45.638152" lon="15.063677">
        <ele>794.8</ele>
        <extensions>
        <gpxtpx:TrackPointExtension>
        <gpxtpx:Extensions>
            <surface>gravel</surface>
        </gpxtpx:Extensions>
        </gpxtpx:TrackPointExtension>
        </extensions>
    </trkpt>
    <trkpt lat="45.638132" lon="15.063879">
        <ele>794.3</ele>
        <extensions>
        <gpxtpx:TrackPointExtension>
        <gpxtpx:Extensions>
            <surface>gravel</surface>
        </gpxtpx:Extensions>
        </gpxtpx:TrackPointExtension>
        </extensions>
    </trkpt>
    <trkpt lat="45.638105" lon="15.064031">
        <ele>794.0</ele>
        <extensions>
        <gpxtpx:TrackPointExtension>
        <gpxtpx:Extensions>
            <surface>gravel</surface>
        </gpxtpx:Extensions>
        </gpxtpx:TrackPointExtension>
        </extensions>
    </trkpt>
    <trkpt lat="45.638005" lon="15.064383">
        <ele>794.5</ele>
        <extensions>
        <gpxtpx:TrackPointExtension>
        <gpxtpx:Extensions>
            <surface>gravel</surface>
        </gpxtpx:Extensions>
        </gpxtpx:TrackPointExtension>
        </extensions>
    </trkpt>
    <trkpt lat="45.637789" lon="15.065056">
        <ele>795.8</ele>
        <extensions>
        <gpxtpx:TrackPointExtension>
        <gpxtpx:Extensions>
            <surface>gravel</surface>
        </gpxtpx:Extensions>
        </gpxtpx:TrackPointExtension>
        </extensions>
    </trkpt>
    <trkpt lat="45.637438" lon="15.066271">
        <ele>793.8</ele>
        <extensions>
        <gpxtpx:TrackPointExtension>
        <gpxtpx:Extensions>
            <surface>gravel</surface>
        </gpxtpx:Extensions>
        </gpxtpx:TrackPointExtension>
        </extensions>
    </trkpt>
    <trkpt lat="45.637417" lon="15.066405">
        <ele>793.8</ele>
        <extensions>
        <gpxtpx:TrackPointExtension>
        <gpxtpx:Extensions>
            <surface>gravel</surface>
        </gpxtpx:Extensions>
        </gpxtpx:TrackPointExtension>
        </extensions>
    </trkpt>
    <trkpt lat="45.637408" lon="15.066572">
        <ele>793.5</ele>
        <extensions>
        <gpxtpx:TrackPointExtension>
        <gpxtpx:Extensions>
            <surface>gravel</surface>
        </gpxtpx:Extensions>
        </gpxtpx:TrackPointExtension>
        </extensions>
    </trkpt>
    <trkpt lat="45.637428" lon="15.066837">
        <ele>793.0</ele>
        <extensions>
        <gpxtpx:TrackPointExtension>
        <gpxtpx:Extensions>
            <surface>gravel</surface>
        </gpxtpx:Extensions>
        </gpxtpx:TrackPointExtension>
        </extensions>
    </trkpt>
    <trkpt lat="45.637472" lon="15.06714">
        <ele>792.5</ele>
        <extensions>
        <gpxtpx:TrackPointExtension>
        <gpxtpx:Extensions>
            <surface>gravel</surface>
        </gpxtpx:Extensions>
        </gpxtpx:TrackPointExtension>
        </extensions>
    </trkpt>
    <trkpt lat="45.637513" lon="15.067516">
        <ele>792.0</ele>
        <extensions>
        <gpxtpx:TrackPointExtension>
        <gpxtpx:Extensions>
            <surface>gravel</surface>
        </gpxtpx:Extensions>
        </gpxtpx:TrackPointExtension>
        </extensions>
    </trkpt>
    <trkpt lat="45.637513" lon="15.067615">
        <ele>793.3</ele>
        <extensions>
        <gpxtpx:TrackPointExtension>
        <gpxtpx:Extensions>
            <surface>gravel</surface>
        </gpxtpx:Extensions>
        </gpxtpx:TrackPointExtension>
        </extensions>
    </trkpt>
    <trkpt lat="45.637494" lon="15.06772">
        <ele>794.3</ele>
        <extensions>
        <gpxtpx:TrackPointExtension>
        <gpxtpx:Extensions>
            <surface>gravel</surface>
        </gpxtpx:Extensions>
        </gpxtpx:TrackPointExtension>
        </extensions>
    </trkpt>
    <trkpt lat="45.63744" lon="15.067808">
        <ele>795.3</ele>
        <extensions>
        <gpxtpx:TrackPointExtension>
        <gpxtpx:Extensions>
            <surface>gravel</surface>
        </gpxtpx:Extensions>
        </gpxtpx:TrackPointExtension>
        </extensions>
    </trkpt>
    <trkpt lat="45.637367" lon="15.0679">
        <ele>796.3</ele>
        <extensions>
        <gpxtpx:TrackPointExtension>
        <gpxtpx:Extensions>
            <surface>gravel</surface>
        </gpxtpx:Extensions>
        </gpxtpx:TrackPointExtension>
        </extensions>
    </trkpt>
    <trkpt lat="45.637244" lon="15.067998">
        <ele>797.0</ele>
        <extensions>
        <gpxtpx:TrackPointExtension>
        <gpxtpx:Extensions>
            <surface>gravel</surface>
        </gpxtpx:Extensions>
        </gpxtpx:TrackPointExtension>
        </extensions>
    </trkpt>
    <trkpt lat="45.637238" lon="15.068003">
        <ele>797.3</ele>
        <extensions>
        <gpxtpx:TrackPointExtension>
        <gpxtpx:Extensions>
            <surface>gravel</surface>
        </gpxtpx:Extensions>
        </gpxtpx:TrackPointExtension>
        </extensions>
    </trkpt>
    <trkpt lat="45.637019" lon="15.068046">
        <ele>797.5</ele>
        <extensions>
        <gpxtpx:TrackPointExtension>
        <gpxtpx:Extensions>
            <surface>gravel</surface>
        </gpxtpx:Extensions>
        </gpxtpx:TrackPointExtension>
        </extensions>
    </trkpt>
    <trkpt lat="45.636813" lon="15.068064">
        <ele>797.8</ele>
        <extensions>
        <gpxtpx:TrackPointExtension>
        <gpxtpx:Extensions>
            <surface>gravel</surface>
        </gpxtpx:Extensions>
        </gpxtpx:TrackPointExtension>
        </extensions>
    </trkpt>
    <trkpt lat="45.636751" lon="15.068058">
        <ele>797.5</ele>
        <extensions>
        <gpxtpx:TrackPointExtension>
        <gpxtpx:Extensions>
            <surface>gravel</surface>
        </gpxtpx:Extensions>
        </gpxtpx:TrackPointExtension>
        </extensions>
    </trkpt>
    <trkpt lat="45.636631" lon="15.067954">
        <ele>797.3</ele>
        <extensions>
        <gpxtpx:TrackPointExtension>
        <gpxtpx:Extensions>
            <surface>gravel</surface>
        </gpxtpx:Extensions>
        </gpxtpx:TrackPointExtension>
        </extensions>
    </trkpt>
    <trkpt lat="45.636507" lon="15.067791">
        <ele>797.3</ele>
        <extensions>
        <gpxtpx:TrackPointExtension>
        <gpxtpx:Extensions>
            <surface>gravel</surface>
        </gpxtpx:Extensions>
        </gpxtpx:TrackPointExtension>
        </extensions>
    </trkpt>
    <trkpt lat="45.636386" lon="15.067594">
        <ele>797.3</ele>
        <extensions>
        <gpxtpx:TrackPointExtension>
        <gpxtpx:Extensions>
            <surface>gravel</surface>
        </gpxtpx:Extensions>
        </gpxtpx:TrackPointExtension>
        </extensions>
    </trkpt>
    <trkpt lat="45.63632" lon="15.067532">
        <ele>797.5</ele>
        <extensions>
        <gpxtpx:TrackPointExtension>
        <gpxtpx:Extensions>
            <surface>gravel</surface>
        </gpxtpx:Extensions>
        </gpxtpx:TrackPointExtension>
        </extensions>
    </trkpt>
    <trkpt lat="45.636238" lon="15.067494">
        <ele>798.0</ele>
        <extensions>
        <gpxtpx:TrackPointExtension>
        <gpxtpx:Extensions>
            <surface>gravel</surface>
        </gpxtpx:Extensions>
        </gpxtpx:TrackPointExtension>
        </extensions>
    </trkpt>
    <trkpt lat="45.636061" lon="15.067505">
        <ele>799.3</ele>
        <extensions>
        <gpxtpx:TrackPointExtension>
        <gpxtpx:Extensions>
            <surface>gravel</surface>
        </gpxtpx:Extensions>
        </gpxtpx:TrackPointExtension>
        </extensions>
    </trkpt>
    <trkpt lat="45.635977" lon="15.067532">
        <ele>800.0</ele>
        <extensions>
        <gpxtpx:TrackPointExtension>
        <gpxtpx:Extensions>
            <surface>gravel</surface>
        </gpxtpx:Extensions>
        </gpxtpx:TrackPointExtension>
        </extensions>
    </trkpt>
    <trkpt lat="45.635906" lon="15.067569">
        <ele>800.5</ele>
        <extensions>
        <gpxtpx:TrackPointExtension>
        <gpxtpx:Extensions>
            <surface>gravel</surface>
        </gpxtpx:Extensions>
        </gpxtpx:TrackPointExtension>
        </extensions>
    </trkpt>
    <trkpt lat="45.635831" lon="15.067631">
        <ele>801.3</ele>
        <extensions>
        <gpxtpx:TrackPointExtension>
        <gpxtpx:Extensions>
            <surface>gravel</surface>
        </gpxtpx:Extensions>
        </gpxtpx:TrackPointExtension>
        </extensions>
    </trkpt>
    <trkpt lat="45.635661" lon="15.067876">
        <ele>803.0</ele>
        <extensions>
        <gpxtpx:TrackPointExtension>
        <gpxtpx:Extensions>
            <surface>gravel</surface>
        </gpxtpx:Extensions>
        </gpxtpx:TrackPointExtension>
        </extensions>
    </trkpt>
    <trkpt lat="45.635606" lon="15.067926">
        <ele>803.8</ele>
        <extensions>
        <gpxtpx:TrackPointExtension>
        <gpxtpx:Extensions>
            <surface>gravel</surface>
        </gpxtpx:Extensions>
        </gpxtpx:TrackPointExtension>
        </extensions>
    </trkpt>
    <trkpt lat="45.635549" lon="15.06795">
        <ele>804.3</ele>
        <extensions>
        <gpxtpx:TrackPointExtension>
        <gpxtpx:Extensions>
            <surface>gravel</surface>
        </gpxtpx:Extensions>
        </gpxtpx:TrackPointExtension>
        </extensions>
    </trkpt>
    <trkpt lat="45.635472" lon="15.067965">
        <ele>805.0</ele>
        <extensions>
        <gpxtpx:TrackPointExtension>
        <gpxtpx:Extensions>
            <surface>gravel</surface>
        </gpxtpx:Extensions>
        </gpxtpx:TrackPointExtension>
        </extensions>
    </trkpt>
    <trkpt lat="45.635373" lon="15.06791">
        <ele>805.5</ele>
        <extensions>
        <gpxtpx:TrackPointExtension>
        <gpxtpx:Extensions>
            <surface>gravel</surface>
        </gpxtpx:Extensions>
        </gpxtpx:TrackPointExtension>
        </extensions>
    </trkpt>
    <trkpt lat="45.635206" lon="15.067722">
        <ele>805.5</ele>
        <extensions>
        <gpxtpx:TrackPointExtension>
        <gpxtpx:Extensions>
            <surface>gravel</surface>
        </gpxtpx:Extensions>
        </gpxtpx:TrackPointExtension>
        </extensions>
    </trkpt>
    <trkpt lat="45.635103" lon="15.067631">
        <ele>805.5</ele>
        <extensions>
        <gpxtpx:TrackPointExtension>
        <gpxtpx:Extensions>
            <surface>gravel</surface>
        </gpxtpx:Extensions>
        </gpxtpx:TrackPointExtension>
        </extensions>
    </trkpt>
    <trkpt lat="45.63502" lon="15.067588">
        <ele>805.5</ele>
        <extensions>
        <gpxtpx:TrackPointExtension>
        <gpxtpx:Extensions>
            <surface>gravel</surface>
        </gpxtpx:Extensions>
        </gpxtpx:TrackPointExtension>
        </extensions>
    </trkpt>
    <trkpt lat="45.634934" lon="15.067574">
        <ele>805.5</ele>
        <extensions>
        <gpxtpx:TrackPointExtension>
        <gpxtpx:Extensions>
            <surface>gravel</surface>
        </gpxtpx:Extensions>
        </gpxtpx:TrackPointExtension>
        </extensions>
    </trkpt>
    <trkpt lat="45.634863" lon="15.067577">
        <ele>805.3</ele>
        <extensions>
        <gpxtpx:TrackPointExtension>
        <gpxtpx:Extensions>
            <surface>gravel</surface>
        </gpxtpx:Extensions>
        </gpxtpx:TrackPointExtension>
        </extensions>
    </trkpt>
    <trkpt lat="45.634695" lon="15.067619">
        <ele>805.3</ele>
        <extensions>
        <gpxtpx:TrackPointExtension>
        <gpxtpx:Extensions>
            <surface>gravel</surface>
        </gpxtpx:Extensions>
        </gpxtpx:TrackPointExtension>
        </extensions>
    </trkpt>
    <trkpt lat="45.634621" lon="15.067666">
        <ele>805.3</ele>
        <extensions>
        <gpxtpx:TrackPointExtension>
        <gpxtpx:Extensions>
            <surface>gravel</surface>
        </gpxtpx:Extensions>
        </gpxtpx:TrackPointExtension>
        </extensions>
    </trkpt>
    <trkpt lat="45.634597" lon="15.067682">
        <ele>805.5</ele>
        <extensions>
        <gpxtpx:TrackPointExtension>
        <gpxtpx:Extensions>
            <surface>gravel</surface>
        </gpxtpx:Extensions>
        </gpxtpx:TrackPointExtension>
        </extensions>
    </trkpt>
    <trkpt lat="45.634542" lon="15.067741">
        <ele>805.5</ele>
        <extensions>
        <gpxtpx:TrackPointExtension>
        <gpxtpx:Extensions>
            <surface>gravel</surface>
        </gpxtpx:Extensions>
        </gpxtpx:TrackPointExtension>
        </extensions>
    </trkpt>
    <trkpt lat="45.63449" lon="15.067841">
        <ele>805.8</ele>
        <extensions>
        <gpxtpx:TrackPointExtension>
        <gpxtpx:Extensions>
            <surface>gravel</surface>
        </gpxtpx:Extensions>
        </gpxtpx:TrackPointExtension>
        </extensions>
    </trkpt>
    <trkpt lat="45.634279" lon="15.068437">
        <ele>807.5</ele>
        <extensions>
        <gpxtpx:TrackPointExtension>
        <gpxtpx:Extensions>
            <surface>gravel</surface>
        </gpxtpx:Extensions>
        </gpxtpx:TrackPointExtension>
        </extensions>
    </trkpt>
    <trkpt lat="45.63397" lon="15.069236">
        <ele>813.3</ele>
        <extensions>
        <gpxtpx:TrackPointExtension>
        <gpxtpx:Extensions>
            <surface>gravel</surface>
        </gpxtpx:Extensions>
        </gpxtpx:TrackPointExtension>
        </extensions>
    </trkpt>
    <trkpt lat="45.633933" lon="15.069361">
        <ele>814.0</ele>
        <extensions>
        <gpxtpx:TrackPointExtension>
        <gpxtpx:Extensions>
            <surface>gravel</surface>
        </gpxtpx:Extensions>
        </gpxtpx:TrackPointExtension>
        </extensions>
    </trkpt>
    <trkpt lat="45.633906" lon="15.069512">
        <ele>814.8</ele>
        <extensions>
        <gpxtpx:TrackPointExtension>
        <gpxtpx:Extensions>
            <surface>gravel</surface>
        </gpxtpx:Extensions>
        </gpxtpx:TrackPointExtension>
        </extensions>
    </trkpt>
    <trkpt lat="45.633909" lon="15.0703">
        <ele>817.8</ele>
        <extensions>
        <gpxtpx:TrackPointExtension>
        <gpxtpx:Extensions>
            <surface>gravel</surface>
        </gpxtpx:Extensions>
        </gpxtpx:TrackPointExtension>
        </extensions>
    </trkpt>
    <trkpt lat="45.633959" lon="15.070973">
        <ele>820.8</ele>
        <extensions>
        <gpxtpx:TrackPointExtension>
        <gpxtpx:Extensions>
            <surface>gravel</surface>
        </gpxtpx:Extensions>
        </gpxtpx:TrackPointExtension>
        </extensions>
    </trkpt>
    <trkpt lat="45.633951" lon="15.071107">
        <ele>821.0</ele>
        <extensions>
        <gpxtpx:TrackPointExtension>
        <gpxtpx:Extensions>
            <surface>gravel</surface>
        </gpxtpx:Extensions>
        </gpxtpx:TrackPointExtension>
        </extensions>
    </trkpt>
    <trkpt lat="45.633934" lon="15.071204">
        <ele>821.3</ele>
        <extensions>
        <gpxtpx:TrackPointExtension>
        <gpxtpx:Extensions>
            <surface>gravel</surface>
        </gpxtpx:Extensions>
        </gpxtpx:TrackPointExtension>
        </extensions>
    </trkpt>
    <trkpt lat="45.633878" lon="15.071357">
        <ele>820.8</ele>
        <extensions>
        <gpxtpx:TrackPointExtension>
        <gpxtpx:Extensions>
            <surface>gravel</surface>
        </gpxtpx:Extensions>
        </gpxtpx:TrackPointExtension>
        </extensions>
    </trkpt>
    <trkpt lat="45.633803" lon="15.071507">
        <ele>819.8</ele>
        <extensions>
        <gpxtpx:TrackPointExtension>
        <gpxtpx:Extensions>
            <surface>gravel</surface>
        </gpxtpx:Extensions>
        </gpxtpx:TrackPointExtension>
        </extensions>
    </trkpt>
    <trkpt lat="45.633721" lon="15.071636">
        <ele>818.0</ele>
        <extensions>
        <gpxtpx:TrackPointExtension>
        <gpxtpx:Extensions>
            <surface>gravel</surface>
        </gpxtpx:Extensions>
        </gpxtpx:TrackPointExtension>
        </extensions>
    </trkpt>
    <trkpt lat="45.633642" lon="15.071761">
        <ele>816.8</ele>
        <extensions>
        <gpxtpx:TrackPointExtension>
        <gpxtpx:Extensions>
            <surface>gravel</surface>
        </gpxtpx:Extensions>
        </gpxtpx:TrackPointExtension>
        </extensions>
    </trkpt>
    <trkpt lat="45.633349" lon="15.072078">
        <ele>812.0</ele>
        <extensions>
        <gpxtpx:TrackPointExtension>
        <gpxtpx:Extensions>
            <surface>gravel</surface>
        </gpxtpx:Extensions>
        </gpxtpx:TrackPointExtension>
        </extensions>
    </trkpt>
    <trkpt lat="45.632383" lon="15.07303">
        <ele>819.0</ele>
        <extensions>
        <gpxtpx:TrackPointExtension>
        <gpxtpx:Extensions>
            <surface>gravel</surface>
        </gpxtpx:Extensions>
        </gpxtpx:TrackPointExtension>
        </extensions>
    </trkpt>
    <trkpt lat="45.632392" lon="15.073038">
        <ele>819.0</ele>
        <extensions>
        <gpxtpx:TrackPointExtension>
        <gpxtpx:Extensions>
            <surface>gravel</surface>
        </gpxtpx:Extensions>
        </gpxtpx:TrackPointExtension>
        </extensions>
    </trkpt>
    <trkpt lat="45.633052" lon="15.073688">
        <ele>823.5</ele>
        <extensions>
        <gpxtpx:TrackPointExtension>
        <gpxtpx:Extensions>
            <surface>gravel</surface>
        </gpxtpx:Extensions>
        </gpxtpx:TrackPointExtension>
        </extensions>
    </trkpt>
    <trkpt lat="45.633072" lon="15.07373">
        <ele>823.8</ele>
        <extensions>
        <gpxtpx:TrackPointExtension>
        <gpxtpx:Extensions>
            <surface>gravel</surface>
        </gpxtpx:Extensions>
        </gpxtpx:TrackPointExtension>
        </extensions>
    </trkpt>
    <trkpt lat="45.633143" lon="15.073822">
        <ele>824.3</ele>
        <extensions>
        <gpxtpx:TrackPointExtension>
        <gpxtpx:Extensions>
            <surface>gravel</surface>
        </gpxtpx:Extensions>
        </gpxtpx:TrackPointExtension>
        </extensions>
    </trkpt>
    <trkpt lat="45.633175" lon="15.073926">
        <ele>825.0</ele>
        <extensions>
        <gpxtpx:TrackPointExtension>
        <gpxtpx:Extensions>
            <surface>gravel</surface>
        </gpxtpx:Extensions>
        </gpxtpx:TrackPointExtension>
        </extensions>
    </trkpt>
    <trkpt lat="45.633246" lon="15.074312">
        <ele>825.3</ele>
        <extensions>
        <gpxtpx:TrackPointExtension>
        <gpxtpx:Extensions>
            <surface>gravel</surface>
        </gpxtpx:Extensions>
        </gpxtpx:TrackPointExtension>
        </extensions>
    </trkpt>
    <trkpt lat="45.63331" lon="15.074545">
        <ele>823.0</ele>
        <extensions>
        <gpxtpx:TrackPointExtension>
        <gpxtpx:Extensions>
            <surface>gravel</surface>
        </gpxtpx:Extensions>
        </gpxtpx:TrackPointExtension>
        </extensions>
    </trkpt>
    <trkpt lat="45.633396" lon="15.074675">
        <ele>822.0</ele>
        <extensions>
        <gpxtpx:TrackPointExtension>
        <gpxtpx:Extensions>
            <surface>gravel</surface>
        </gpxtpx:Extensions>
        </gpxtpx:TrackPointExtension>
        </extensions>
    </trkpt>
    <trkpt lat="45.633456" lon="15.074739">
        <ele>821.5</ele>
        <extensions>
        <gpxtpx:TrackPointExtension>
        <gpxtpx:Extensions>
            <surface>gravel</surface>
        </gpxtpx:Extensions>
        </gpxtpx:TrackPointExtension>
        </extensions>
    </trkpt>
    <trkpt lat="45.633554" lon="15.074803">
        <ele>821.5</ele>
        <extensions>
        <gpxtpx:TrackPointExtension>
        <gpxtpx:Extensions>
            <surface>gravel</surface>
        </gpxtpx:Extensions>
        </gpxtpx:TrackPointExtension>
        </extensions>
    </trkpt>
    <trkpt lat="45.633734" lon="15.074869">
        <ele>821.5</ele>
        <extensions>
        <gpxtpx:TrackPointExtension>
        <gpxtpx:Extensions>
            <surface>gravel</surface>
        </gpxtpx:Extensions>
        </gpxtpx:TrackPointExtension>
        </extensions>
    </trkpt>
    <trkpt lat="45.633784" lon="15.074924">
        <ele>821.3</ele>
        <extensions>
        <gpxtpx:TrackPointExtension>
        <gpxtpx:Extensions>
            <surface>gravel</surface>
        </gpxtpx:Extensions>
        </gpxtpx:TrackPointExtension>
        </extensions>
    </trkpt>
    <trkpt lat="45.633887" lon="15.075139">
        <ele>819.0</ele>
        <extensions>
        <gpxtpx:TrackPointExtension>
        <gpxtpx:Extensions>
            <surface>gravel</surface>
        </gpxtpx:Extensions>
        </gpxtpx:TrackPointExtension>
        </extensions>
    </trkpt>
    <trkpt lat="45.63395" lon="15.075254">
        <ele>817.8</ele>
        <extensions>
        <gpxtpx:TrackPointExtension>
        <gpxtpx:Extensions>
            <surface>gravel</surface>
        </gpxtpx:Extensions>
        </gpxtpx:TrackPointExtension>
        </extensions>
    </trkpt>
    <trkpt lat="45.63409" lon="15.075439">
        <ele>815.8</ele>
        <extensions>
        <gpxtpx:TrackPointExtension>
        <gpxtpx:Extensions>
            <surface>gravel</surface>
        </gpxtpx:Extensions>
        </gpxtpx:TrackPointExtension>
        </extensions>
    </trkpt>
    <trkpt lat="45.634137" lon="15.07555">
        <ele>814.5</ele>
        <extensions>
        <gpxtpx:TrackPointExtension>
        <gpxtpx:Extensions>
            <surface>gravel</surface>
        </gpxtpx:Extensions>
        </gpxtpx:TrackPointExtension>
        </extensions>
    </trkpt>
    <trkpt lat="45.634167" lon="15.075678">
        <ele>813.0</ele>
        <extensions>
        <gpxtpx:TrackPointExtension>
        <gpxtpx:Extensions>
            <surface>gravel</surface>
        </gpxtpx:Extensions>
        </gpxtpx:TrackPointExtension>
        </extensions>
    </trkpt>
    <trkpt lat="45.634187" lon="15.075877">
        <ele>811.0</ele>
        <extensions>
        <gpxtpx:TrackPointExtension>
        <gpxtpx:Extensions>
            <surface>gravel</surface>
        </gpxtpx:Extensions>
        </gpxtpx:TrackPointExtension>
        </extensions>
    </trkpt>
    <trkpt lat="45.63419" lon="15.07615">
        <ele>809.8</ele>
        <extensions>
        <gpxtpx:TrackPointExtension>
        <gpxtpx:Extensions>
            <surface>gravel</surface>
        </gpxtpx:Extensions>
        </gpxtpx:TrackPointExtension>
        </extensions>
    </trkpt>
    <trkpt lat="45.634248" lon="15.076469">
        <ele>809.8</ele>
        <extensions>
        <gpxtpx:TrackPointExtension>
        <gpxtpx:Extensions>
            <surface>gravel</surface>
        </gpxtpx:Extensions>
        </gpxtpx:TrackPointExtension>
        </extensions>
    </trkpt>
    <trkpt lat="45.634255" lon="15.076555">
        <ele>809.5</ele>
        <extensions>
        <gpxtpx:TrackPointExtension>
        <gpxtpx:Extensions>
            <surface>gravel</surface>
        </gpxtpx:Extensions>
        </gpxtpx:TrackPointExtension>
        </extensions>
    </trkpt>
    <trkpt lat="45.634251" lon="15.076675">
        <ele>809.0</ele>
        <extensions>
        <gpxtpx:TrackPointExtension>
        <gpxtpx:Extensions>
            <surface>gravel</surface>
        </gpxtpx:Extensions>
        </gpxtpx:TrackPointExtension>
        </extensions>
    </trkpt>
    <trkpt lat="45.634181" lon="15.077104">
        <ele>807.8</ele>
        <extensions>
        <gpxtpx:TrackPointExtension>
        <gpxtpx:Extensions>
            <surface>gravel</surface>
        </gpxtpx:Extensions>
        </gpxtpx:TrackPointExtension>
        </extensions>
    </trkpt>
    <trkpt lat="45.634173" lon="15.077209">
        <ele>807.8</ele>
        <extensions>
        <gpxtpx:TrackPointExtension>
        <gpxtpx:Extensions>
            <surface>gravel</surface>
        </gpxtpx:Extensions>
        </gpxtpx:TrackPointExtension>
        </extensions>
    </trkpt>
    <trkpt lat="45.634181" lon="15.077316">
        <ele>808.0</ele>
        <extensions>
        <gpxtpx:TrackPointExtension>
        <gpxtpx:Extensions>
            <surface>gravel</surface>
        </gpxtpx:Extensions>
        </gpxtpx:TrackPointExtension>
        </extensions>
    </trkpt>
    <trkpt lat="45.634205" lon="15.077408">
        <ele>808.5</ele>
        <extensions>
        <gpxtpx:TrackPointExtension>
        <gpxtpx:Extensions>
            <surface>grass</surface>
        </gpxtpx:Extensions>
        </gpxtpx:TrackPointExtension>
        </extensions>
    </trkpt>
    <trkpt lat="45.6344" lon="15.077952">
        <ele>811.0</ele>
        <extensions>
        <gpxtpx:TrackPointExtension>
        <gpxtpx:Extensions>
            <surface>grass</surface>
        </gpxtpx:Extensions>
        </gpxtpx:TrackPointExtension>
        </extensions>
    </trkpt>
    <trkpt lat="45.634486" lon="15.078285">
        <ele>811.0</ele>
        <extensions>
        <gpxtpx:TrackPointExtension>
        <gpxtpx:Extensions>
            <surface>grass</surface>
        </gpxtpx:Extensions>
        </gpxtpx:TrackPointExtension>
        </extensions>
    </trkpt>
    <trkpt lat="45.634529" lon="15.078566">
        <ele>810.0</ele>
        <extensions>
        <gpxtpx:TrackPointExtension>
        <gpxtpx:Extensions>
            <surface>grass</surface>
        </gpxtpx:Extensions>
        </gpxtpx:TrackPointExtension>
        </extensions>
    </trkpt>
    <trkpt lat="45.634598" lon="15.078929">
        <ele>808.3</ele>
        <extensions>
        <gpxtpx:TrackPointExtension>
        <gpxtpx:Extensions>
            <surface>grass</surface>
        </gpxtpx:Extensions>
        </gpxtpx:TrackPointExtension>
        </extensions>
    </trkpt>
    <trkpt lat="45.634634" lon="15.079178">
        <ele>807.0</ele>
        <extensions>
        <gpxtpx:TrackPointExtension>
        <gpxtpx:Extensions>
            <surface>grass</surface>
        </gpxtpx:Extensions>
        </gpxtpx:TrackPointExtension>
        </extensions>
    </trkpt>
    <trkpt lat="45.634692" lon="15.07979">
        <ele>808.3</ele>
        <extensions>
        <gpxtpx:TrackPointExtension>
        <gpxtpx:Extensions>
            <surface>grass</surface>
        </gpxtpx:Extensions>
        </gpxtpx:TrackPointExtension>
        </extensions>
    </trkpt>
    <trkpt lat="45.634782" lon="15.080262">
        <ele>809.8</ele>
        <extensions>
        <gpxtpx:TrackPointExtension>
        <gpxtpx:Extensions>
            <surface>grass</surface>
        </gpxtpx:Extensions>
        </gpxtpx:TrackPointExtension>
        </extensions>
    </trkpt>
    <trkpt lat="45.634822" lon="15.080436">
        <ele>810.5</ele>
        <extensions>
        <gpxtpx:TrackPointExtension>
        <gpxtpx:Extensions>
            <surface>grass</surface>
        </gpxtpx:Extensions>
        </gpxtpx:TrackPointExtension>
        </extensions>
    </trkpt>
    <trkpt lat="45.635049" lon="15.0813">
        <ele>814.0</ele>
        <extensions>
        <gpxtpx:TrackPointExtension>
        <gpxtpx:Extensions>
            <surface>grass</surface>
        </gpxtpx:Extensions>
        </gpxtpx:TrackPointExtension>
        </extensions>
    </trkpt>
    <trkpt lat="45.635077" lon="15.081426">
        <ele>814.5</ele>
        <extensions>
        <gpxtpx:TrackPointExtension>
        <gpxtpx:Extensions>
            <surface>grass</surface>
        </gpxtpx:Extensions>
        </gpxtpx:TrackPointExtension>
        </extensions>
    </trkpt>
    <trkpt lat="45.635124" lon="15.081691">
        <ele>815.5</ele>
        <extensions>
        <gpxtpx:TrackPointExtension>
        <gpxtpx:Extensions>
            <surface>grass</surface>
        </gpxtpx:Extensions>
        </gpxtpx:TrackPointExtension>
        </extensions>
    </trkpt>
    <trkpt lat="45.63515" lon="15.081965">
        <ele>817.3</ele>
        <extensions>
        <gpxtpx:TrackPointExtension>
        <gpxtpx:Extensions>
            <surface>grass</surface>
        </gpxtpx:Extensions>
        </gpxtpx:TrackPointExtension>
        </extensions>
    </trkpt>
    <trkpt lat="45.635159" lon="15.082429">
        <ele>820.8</ele>
        <extensions>
        <gpxtpx:TrackPointExtension>
        <gpxtpx:Extensions>
            <surface>grass</surface>
        </gpxtpx:Extensions>
        </gpxtpx:TrackPointExtension>
        </extensions>
    </trkpt>
    <trkpt lat="45.635138" lon="15.082641">
        <ele>822.3</ele>
        <extensions>
        <gpxtpx:TrackPointExtension>
        <gpxtpx:Extensions>
            <surface>grass</surface>
        </gpxtpx:Extensions>
        </gpxtpx:TrackPointExtension>
        </extensions>
    </trkpt>
    <trkpt lat="45.635107" lon="15.08271">
        <ele>822.8</ele>
        <extensions>
        <gpxtpx:TrackPointExtension>
        <gpxtpx:Extensions>
            <surface>grass</surface>
        </gpxtpx:Extensions>
        </gpxtpx:TrackPointExtension>
        </extensions>
    </trkpt>
    <trkpt lat="45.635078" lon="15.082805">
        <ele>823.5</ele>
        <extensions>
        <gpxtpx:TrackPointExtension>
        <gpxtpx:Extensions>
            <surface>grass</surface>
        </gpxtpx:Extensions>
        </gpxtpx:TrackPointExtension>
        </extensions>
    </trkpt>
    <trkpt lat="45.635031" lon="15.082786">
        <ele>823.5</ele>
        <extensions>
        <gpxtpx:TrackPointExtension>
        <gpxtpx:Extensions>
            <surface>gravel</surface>
        </gpxtpx:Extensions>
        </gpxtpx:TrackPointExtension>
        </extensions>
    </trkpt>
    <trkpt lat="45.63503" lon="15.082786">
        <ele>823.5</ele>
        <extensions>
        <gpxtpx:TrackPointExtension>
        <gpxtpx:Extensions>
            <surface>gravel</surface>
        </gpxtpx:Extensions>
        </gpxtpx:TrackPointExtension>
        </extensions>
    </trkpt>
    <trkpt lat="45.63488" lon="15.082786">
        <ele>823.8</ele>
        <extensions>
        <gpxtpx:TrackPointExtension>
        <gpxtpx:Extensions>
            <surface>gravel</surface>
        </gpxtpx:Extensions>
        </gpxtpx:TrackPointExtension>
        </extensions>
    </trkpt>
    <trkpt lat="45.634829" lon="15.082775">
        <ele>823.8</ele>
        <extensions>
        <gpxtpx:TrackPointExtension>
        <gpxtpx:Extensions>
            <surface>gravel</surface>
        </gpxtpx:Extensions>
        </gpxtpx:TrackPointExtension>
        </extensions>
    </trkpt>
    <trkpt lat="45.634741" lon="15.082748">
        <ele>823.8</ele>
        <extensions>
        <gpxtpx:TrackPointExtension>
        <gpxtpx:Extensions>
            <surface>gravel</surface>
        </gpxtpx:Extensions>
        </gpxtpx:TrackPointExtension>
        </extensions>
    </trkpt>
    <trkpt lat="45.634623" lon="15.082694">
        <ele>823.3</ele>
        <extensions>
        <gpxtpx:TrackPointExtension>
        <gpxtpx:Extensions>
            <surface>gravel</surface>
        </gpxtpx:Extensions>
        </gpxtpx:TrackPointExtension>
        </extensions>
    </trkpt>
    <trkpt lat="45.63454" lon="15.082678">
        <ele>823.3</ele>
        <extensions>
        <gpxtpx:TrackPointExtension>
        <gpxtpx:Extensions>
            <surface>gravel</surface>
        </gpxtpx:Extensions>
        </gpxtpx:TrackPointExtension>
        </extensions>
    </trkpt>
    <trkpt lat="45.634368" lon="15.082678">
        <ele>823.3</ele>
        <extensions>
        <gpxtpx:TrackPointExtension>
        <gpxtpx:Extensions>
            <surface>gravel</surface>
        </gpxtpx:Extensions>
        </gpxtpx:TrackPointExtension>
        </extensions>
    </trkpt>
    <trkpt lat="45.634094" lon="15.082643">
        <ele>823.5</ele>
        <extensions>
        <gpxtpx:TrackPointExtension>
        <gpxtpx:Extensions>
            <surface>gravel</surface>
        </gpxtpx:Extensions>
        </gpxtpx:TrackPointExtension>
        </extensions>
    </trkpt>
    <trkpt lat="45.633589" lon="15.08255">
        <ele>826.0</ele>
        <extensions>
        <gpxtpx:TrackPointExtension>
        <gpxtpx:Extensions>
            <surface>gravel</surface>
        </gpxtpx:Extensions>
        </gpxtpx:TrackPointExtension>
        </extensions>
    </trkpt>
    <trkpt lat="45.633216" lon="15.082509">
        <ele>829.0</ele>
        <extensions>
        <gpxtpx:TrackPointExtension>
        <gpxtpx:Extensions>
            <surface>gravel</surface>
        </gpxtpx:Extensions>
        </gpxtpx:TrackPointExtension>
        </extensions>
    </trkpt>
    <trkpt lat="45.632978" lon="15.082505">
        <ele>832.5</ele>
        <extensions>
        <gpxtpx:TrackPointExtension>
        <gpxtpx:Extensions>
            <surface>gravel</surface>
        </gpxtpx:Extensions>
        </gpxtpx:TrackPointExtension>
        </extensions>
    </trkpt>
    <trkpt lat="45.632834" lon="15.08248">
        <ele>834.3</ele>
        <extensions>
        <gpxtpx:TrackPointExtension>
        <gpxtpx:Extensions>
            <surface>gravel</surface>
        </gpxtpx:Extensions>
        </gpxtpx:TrackPointExtension>
        </extensions>
    </trkpt>
    <trkpt lat="45.63265" lon="15.082429">
        <ele>836.3</ele>
        <extensions>
        <gpxtpx:TrackPointExtension>
        <gpxtpx:Extensions>
            <surface>gravel</surface>
        </gpxtpx:Extensions>
        </gpxtpx:TrackPointExtension>
        </extensions>
    </trkpt>
    <trkpt lat="45.632485" lon="15.082346">
        <ele>837.3</ele>
        <extensions>
        <gpxtpx:TrackPointExtension>
        <gpxtpx:Extensions>
            <surface>gravel</surface>
        </gpxtpx:Extensions>
        </gpxtpx:TrackPointExtension>
        </extensions>
    </trkpt>
    <trkpt lat="45.632359" lon="15.082268">
        <ele>838.5</ele>
        <extensions>
        <gpxtpx:TrackPointExtension>
        <gpxtpx:Extensions>
            <surface>gravel</surface>
        </gpxtpx:Extensions>
        </gpxtpx:TrackPointExtension>
        </extensions>
    </trkpt>
    <trkpt lat="45.632205" lon="15.082139">
        <ele>839.3</ele>
        <extensions>
        <gpxtpx:TrackPointExtension>
        <gpxtpx:Extensions>
            <surface>gravel</surface>
        </gpxtpx:Extensions>
        </gpxtpx:TrackPointExtension>
        </extensions>
    </trkpt>
    <trkpt lat="45.632151" lon="15.082102">
        <ele>839.8</ele>
        <extensions>
        <gpxtpx:TrackPointExtension>
        <gpxtpx:Extensions>
            <surface>gravel</surface>
        </gpxtpx:Extensions>
        </gpxtpx:TrackPointExtension>
        </extensions>
    </trkpt>
    <trkpt lat="45.631915" lon="15.082021">
        <ele>843.3</ele>
        <extensions>
        <gpxtpx:TrackPointExtension>
        <gpxtpx:Extensions>
            <surface>gravel</surface>
        </gpxtpx:Extensions>
        </gpxtpx:TrackPointExtension>
        </extensions>
    </trkpt>
    <trkpt lat="45.631746" lon="15.081935">
        <ele>845.0</ele>
        <extensions>
        <gpxtpx:TrackPointExtension>
        <gpxtpx:Extensions>
            <surface>gravel</surface>
        </gpxtpx:Extensions>
        </gpxtpx:TrackPointExtension>
        </extensions>
    </trkpt>
    <trkpt lat="45.631498" lon="15.081897">
        <ele>848.8</ele>
        <extensions>
        <gpxtpx:TrackPointExtension>
        <gpxtpx:Extensions>
            <surface>gravel</surface>
        </gpxtpx:Extensions>
        </gpxtpx:TrackPointExtension>
        </extensions>
    </trkpt>
    <trkpt lat="45.631305" lon="15.081903">
        <ele>852.3</ele>
        <extensions>
        <gpxtpx:TrackPointExtension>
        <gpxtpx:Extensions>
            <surface>gravel</surface>
        </gpxtpx:Extensions>
        </gpxtpx:TrackPointExtension>
        </extensions>
    </trkpt>
    <trkpt lat="45.631195" lon="15.081892">
        <ele>853.8</ele>
        <extensions>
        <gpxtpx:TrackPointExtension>
        <gpxtpx:Extensions>
            <surface>gravel</surface>
        </gpxtpx:Extensions>
        </gpxtpx:TrackPointExtension>
        </extensions>
    </trkpt>
    <trkpt lat="45.630694" lon="15.082088">
        <ele>867.5</ele>
        <extensions>
        <gpxtpx:TrackPointExtension>
        <gpxtpx:Extensions>
            <surface>gravel</surface>
        </gpxtpx:Extensions>
        </gpxtpx:TrackPointExtension>
        </extensions>
    </trkpt>
    <trkpt lat="45.6306" lon="15.082118">
        <ele>870.0</ele>
        <extensions>
        <gpxtpx:TrackPointExtension>
        <gpxtpx:Extensions>
            <surface>gravel</surface>
        </gpxtpx:Extensions>
        </gpxtpx:TrackPointExtension>
        </extensions>
    </trkpt>
    <trkpt lat="45.630478" lon="15.082158">
        <ele>873.3</ele>
        <extensions>
        <gpxtpx:TrackPointExtension>
        <gpxtpx:Extensions>
            <surface>gravel</surface>
        </gpxtpx:Extensions>
        </gpxtpx:TrackPointExtension>
        </extensions>
    </trkpt>
    <trkpt lat="45.62972" lon="15.083109">
        <ele>894.5</ele>
        <extensions>
        <gpxtpx:TrackPointExtension>
        <gpxtpx:Extensions>
            <surface>gravel</surface>
        </gpxtpx:Extensions>
        </gpxtpx:TrackPointExtension>
        </extensions>
    </trkpt>
    <trkpt lat="45.62954" lon="15.08337">
        <ele>895.5</ele>
        <extensions>
        <gpxtpx:TrackPointExtension>
        <gpxtpx:Extensions>
            <surface>gravel</surface>
        </gpxtpx:Extensions>
        </gpxtpx:TrackPointExtension>
        </extensions>
    </trkpt>
    <trkpt lat="45.629495" lon="15.083491">
        <ele>896.0</ele>
        <extensions>
        <gpxtpx:TrackPointExtension>
        <gpxtpx:Extensions>
            <surface>gravel</surface>
        </gpxtpx:Extensions>
        </gpxtpx:TrackPointExtension>
        </extensions>
    </trkpt>
    <trkpt lat="45.629489" lon="15.083579">
        <ele>896.5</ele>
        <extensions>
        <gpxtpx:TrackPointExtension>
        <gpxtpx:Extensions>
            <surface>gravel</surface>
        </gpxtpx:Extensions>
        </gpxtpx:TrackPointExtension>
        </extensions>
    </trkpt>
    <trkpt lat="45.629399" lon="15.085154">
        <ele>906.3</ele>
        <extensions>
        <gpxtpx:TrackPointExtension>
        <gpxtpx:Extensions>
            <surface>gravel</surface>
        </gpxtpx:Extensions>
        </gpxtpx:TrackPointExtension>
        </extensions>
    </trkpt>
    <trkpt lat="45.629322" lon="15.085366">
        <ele>906.5</ele>
        <extensions>
        <gpxtpx:TrackPointExtension>
        <gpxtpx:Extensions>
            <surface>gravel</surface>
        </gpxtpx:Extensions>
        </gpxtpx:TrackPointExtension>
        </extensions>
    </trkpt>
    <trkpt lat="45.629187" lon="15.085816">
        <ele>907.0</ele>
        <extensions>
        <gpxtpx:TrackPointExtension>
        <gpxtpx:Extensions>
            <surface>gravel</surface>
        </gpxtpx:Extensions>
        </gpxtpx:TrackPointExtension>
        </extensions>
    </trkpt>
    <trkpt lat="45.62915" lon="15.086138">
        <ele>908.5</ele>
        <extensions>
        <gpxtpx:TrackPointExtension>
        <gpxtpx:Extensions>
            <surface>gravel</surface>
        </gpxtpx:Extensions>
        </gpxtpx:TrackPointExtension>
        </extensions>
    </trkpt>
    <trkpt lat="45.62887" lon="15.086816">
        <ele>910.5</ele>
        <extensions>
        <gpxtpx:TrackPointExtension>
        <gpxtpx:Extensions>
            <surface>gravel</surface>
        </gpxtpx:Extensions>
        </gpxtpx:TrackPointExtension>
        </extensions>
    </trkpt>
    <trkpt lat="45.628636" lon="15.087125">
        <ele>908.5</ele>
        <extensions>
        <gpxtpx:TrackPointExtension>
        <gpxtpx:Extensions>
            <surface>gravel</surface>
        </gpxtpx:Extensions>
        </gpxtpx:TrackPointExtension>
        </extensions>
    </trkpt>
    <trkpt lat="45.62844" lon="15.087385">
        <ele>907.3</ele>
        <extensions>
        <gpxtpx:TrackPointExtension>
        <gpxtpx:Extensions>
            <surface>gravel</surface>
        </gpxtpx:Extensions>
        </gpxtpx:TrackPointExtension>
        </extensions>
    </trkpt>
    <trkpt lat="45.628242" lon="15.087673">
        <ele>905.0</ele>
        <extensions>
        <gpxtpx:TrackPointExtension>
        <gpxtpx:Extensions>
            <surface>gravel</surface>
        </gpxtpx:Extensions>
        </gpxtpx:TrackPointExtension>
        </extensions>
    </trkpt>
    <trkpt lat="45.627811" lon="15.088142">
        <ele>899.0</ele>
        <extensions>
        <gpxtpx:TrackPointExtension>
        <gpxtpx:Extensions>
            <surface>gravel</surface>
        </gpxtpx:Extensions>
        </gpxtpx:TrackPointExtension>
        </extensions>
    </trkpt>
    <trkpt lat="45.627649" lon="15.088338">
        <ele>896.3</ele>
        <extensions>
        <gpxtpx:TrackPointExtension>
        <gpxtpx:Extensions>
            <surface>gravel</surface>
        </gpxtpx:Extensions>
        </gpxtpx:TrackPointExtension>
        </extensions>
    </trkpt>
    <trkpt lat="45.627489" lon="15.088583">
        <ele>895.3</ele>
        <extensions>
        <gpxtpx:TrackPointExtension>
        <gpxtpx:Extensions>
            <surface>gravel</surface>
        </gpxtpx:Extensions>
        </gpxtpx:TrackPointExtension>
        </extensions>
    </trkpt>
    <trkpt lat="45.627462" lon="15.088638">
        <ele>895.5</ele>
        <extensions>
        <gpxtpx:TrackPointExtension>
        <gpxtpx:Extensions>
            <surface>gravel</surface>
        </gpxtpx:Extensions>
        </gpxtpx:TrackPointExtension>
        </extensions>
    </trkpt>
    <trkpt lat="45.626655" lon="15.089525">
        <ele>894.3</ele>
        <extensions>
        <gpxtpx:TrackPointExtension>
        <gpxtpx:Extensions>
            <surface>gravel</surface>
        </gpxtpx:Extensions>
        </gpxtpx:TrackPointExtension>
        </extensions>
    </trkpt>
    <trkpt lat="45.626772" lon="15.089554">
        <ele>895.3</ele>
        <extensions>
        <gpxtpx:TrackPointExtension>
        <gpxtpx:Extensions>
            <surface>gravel</surface>
        </gpxtpx:Extensions>
        </gpxtpx:TrackPointExtension>
        </extensions>
    </trkpt>
    <trkpt lat="45.626845" lon="15.089572">
        <ele>896.3</ele>
        <extensions>
        <gpxtpx:TrackPointExtension>
        <gpxtpx:Extensions>
            <surface>gravel</surface>
        </gpxtpx:Extensions>
        </gpxtpx:TrackPointExtension>
        </extensions>
    </trkpt>
    <trkpt lat="45.626981" lon="15.089682">
        <ele>898.5</ele>
        <extensions>
        <gpxtpx:TrackPointExtension>
        <gpxtpx:Extensions>
            <surface>gravel</surface>
        </gpxtpx:Extensions>
        </gpxtpx:TrackPointExtension>
        </extensions>
    </trkpt>
    <trkpt lat="45.627052" lon="15.089792">
        <ele>900.3</ele>
        <extensions>
        <gpxtpx:TrackPointExtension>
        <gpxtpx:Extensions>
            <surface>gravel</surface>
        </gpxtpx:Extensions>
        </gpxtpx:TrackPointExtension>
        </extensions>
    </trkpt>
    <trkpt lat="45.627082" lon="15.089943">
        <ele>901.8</ele>
        <extensions>
        <gpxtpx:TrackPointExtension>
        <gpxtpx:Extensions>
            <surface>gravel</surface>
        </gpxtpx:Extensions>
        </gpxtpx:TrackPointExtension>
        </extensions>
    </trkpt>
    <trkpt lat="45.627098" lon="15.090108">
        <ele>903.5</ele>
        <extensions>
        <gpxtpx:TrackPointExtension>
        <gpxtpx:Extensions>
            <surface>gravel</surface>
        </gpxtpx:Extensions>
        </gpxtpx:TrackPointExtension>
        </extensions>
    </trkpt>
    <trkpt lat="45.627066" lon="15.090407">
        <ele>905.5</ele>
        <extensions>
        <gpxtpx:TrackPointExtension>
        <gpxtpx:Extensions>
            <surface>gravel</surface>
        </gpxtpx:Extensions>
        </gpxtpx:TrackPointExtension>
        </extensions>
    </trkpt>
    <trkpt lat="45.62701" lon="15.090731">
        <ele>907.5</ele>
        <extensions>
        <gpxtpx:TrackPointExtension>
        <gpxtpx:Extensions>
            <surface>gravel</surface>
        </gpxtpx:Extensions>
        </gpxtpx:TrackPointExtension>
        </extensions>
    </trkpt>
    <trkpt lat="45.627008" lon="15.090745">
        <ele>907.8</ele>
        <extensions>
        <gpxtpx:TrackPointExtension>
        <gpxtpx:Extensions>
            <surface>gravel</surface>
        </gpxtpx:Extensions>
        </gpxtpx:TrackPointExtension>
        </extensions>
    </trkpt>
    <trkpt lat="45.626901" lon="15.091036">
        <ele>910.0</ele>
        <extensions>
        <gpxtpx:TrackPointExtension>
        <gpxtpx:Extensions>
            <surface>gravel</surface>
        </gpxtpx:Extensions>
        </gpxtpx:TrackPointExtension>
        </extensions>
    </trkpt>
    <trkpt lat="45.626768" lon="15.091262">
        <ele>911.0</ele>
        <extensions>
        <gpxtpx:TrackPointExtension>
        <gpxtpx:Extensions>
            <surface>gravel</surface>
        </gpxtpx:Extensions>
        </gpxtpx:TrackPointExtension>
        </extensions>
    </trkpt>
    <trkpt lat="45.626154" lon="15.09211">
        <ele>914.3</ele>
        <extensions>
        <gpxtpx:TrackPointExtension>
        <gpxtpx:Extensions>
            <surface>gravel</surface>
        </gpxtpx:Extensions>
        </gpxtpx:TrackPointExtension>
        </extensions>
    </trkpt>
    <trkpt lat="45.626083" lon="15.092276">
        <ele>915.8</ele>
        <extensions>
        <gpxtpx:TrackPointExtension>
        <gpxtpx:Extensions>
            <surface>gravel</surface>
        </gpxtpx:Extensions>
        </gpxtpx:TrackPointExtension>
        </extensions>
    </trkpt>
    <trkpt lat="45.626068" lon="15.092318">
        <ele>916.0</ele>
        <extensions>
        <gpxtpx:TrackPointExtension>
        <gpxtpx:Extensions>
            <surface>gravel</surface>
        </gpxtpx:Extensions>
        </gpxtpx:TrackPointExtension>
        </extensions>
    </trkpt>
    <trkpt lat="45.626038" lon="15.092405">
        <ele>917.3</ele>
        <extensions>
        <gpxtpx:TrackPointExtension>
        <gpxtpx:Extensions>
            <surface>gravel</surface>
        </gpxtpx:Extensions>
        </gpxtpx:TrackPointExtension>
        </extensions>
    </trkpt>
    <trkpt lat="45.626006" lon="15.09257">
        <ele>918.5</ele>
        <extensions>
        <gpxtpx:TrackPointExtension>
        <gpxtpx:Extensions>
            <surface>gravel</surface>
        </gpxtpx:Extensions>
        </gpxtpx:TrackPointExtension>
        </extensions>
    </trkpt>
    <trkpt lat="45.625989" lon="15.092739">
        <ele>919.3</ele>
        <extensions>
        <gpxtpx:TrackPointExtension>
        <gpxtpx:Extensions>
            <surface>gravel</surface>
        </gpxtpx:Extensions>
        </gpxtpx:TrackPointExtension>
        </extensions>
    </trkpt>
    <trkpt lat="45.625974" lon="15.093455">
        <ele>923.5</ele>
        <extensions>
        <gpxtpx:TrackPointExtension>
        <gpxtpx:Extensions>
            <surface>gravel</surface>
        </gpxtpx:Extensions>
        </gpxtpx:TrackPointExtension>
        </extensions>
    </trkpt>
    <trkpt lat="45.625946" lon="15.093828">
        <ele>926.0</ele>
        <extensions>
        <gpxtpx:TrackPointExtension>
        <gpxtpx:Extensions>
            <surface>gravel</surface>
        </gpxtpx:Extensions>
        </gpxtpx:TrackPointExtension>
        </extensions>
    </trkpt>
    <trkpt lat="45.625905" lon="15.094112">
        <ele>927.8</ele>
        <extensions>
        <gpxtpx:TrackPointExtension>
        <gpxtpx:Extensions>
            <surface>gravel</surface>
        </gpxtpx:Extensions>
        </gpxtpx:TrackPointExtension>
        </extensions>
    </trkpt>
    <trkpt lat="45.625869" lon="15.094322">
        <ele>928.3</ele>
        <extensions>
        <gpxtpx:TrackPointExtension>
        <gpxtpx:Extensions>
            <surface>gravel</surface>
        </gpxtpx:Extensions>
        </gpxtpx:TrackPointExtension>
        </extensions>
    </trkpt>
    <trkpt lat="45.625779" lon="15.094598">
        <ele>928.3</ele>
        <extensions>
        <gpxtpx:TrackPointExtension>
        <gpxtpx:Extensions>
            <surface>gravel</surface>
        </gpxtpx:Extensions>
        </gpxtpx:TrackPointExtension>
        </extensions>
    </trkpt>
    <trkpt lat="45.625762" lon="15.094713">
        <ele>928.8</ele>
        <extensions>
        <gpxtpx:TrackPointExtension>
        <gpxtpx:Extensions>
            <surface>gravel</surface>
        </gpxtpx:Extensions>
        </gpxtpx:TrackPointExtension>
        </extensions>
    </trkpt>
    <trkpt lat="45.625753" lon="15.094861">
        <ele>929.5</ele>
        <extensions>
        <gpxtpx:TrackPointExtension>
        <gpxtpx:Extensions>
            <surface>gravel</surface>
        </gpxtpx:Extensions>
        </gpxtpx:TrackPointExtension>
        </extensions>
    </trkpt>
    <trkpt lat="45.625762" lon="15.094944">
        <ele>930.0</ele>
        <extensions>
        <gpxtpx:TrackPointExtension>
        <gpxtpx:Extensions>
            <surface>gravel</surface>
        </gpxtpx:Extensions>
        </gpxtpx:TrackPointExtension>
        </extensions>
    </trkpt>
    <trkpt lat="45.625792" lon="15.095036">
        <ele>930.8</ele>
        <extensions>
        <gpxtpx:TrackPointExtension>
        <gpxtpx:Extensions>
            <surface>gravel</surface>
        </gpxtpx:Extensions>
        </gpxtpx:TrackPointExtension>
        </extensions>
    </trkpt>
    <trkpt lat="45.625861" lon="15.095164">
        <ele>932.5</ele>
        <extensions>
        <gpxtpx:TrackPointExtension>
        <gpxtpx:Extensions>
            <surface>gravel</surface>
        </gpxtpx:Extensions>
        </gpxtpx:TrackPointExtension>
        </extensions>
    </trkpt>
    <trkpt lat="45.625929" lon="15.095242">
        <ele>933.8</ele>
        <extensions>
        <gpxtpx:TrackPointExtension>
        <gpxtpx:Extensions>
            <surface>gravel</surface>
        </gpxtpx:Extensions>
        </gpxtpx:TrackPointExtension>
        </extensions>
    </trkpt>
    <trkpt lat="45.626034" lon="15.095325">
        <ele>935.5</ele>
        <extensions>
        <gpxtpx:TrackPointExtension>
        <gpxtpx:Extensions>
            <surface>gravel</surface>
        </gpxtpx:Extensions>
        </gpxtpx:TrackPointExtension>
        </extensions>
    </trkpt>
    <trkpt lat="45.626154" lon="15.095352">
        <ele>936.8</ele>
        <extensions>
        <gpxtpx:TrackPointExtension>
        <gpxtpx:Extensions>
            <surface>gravel</surface>
        </gpxtpx:Extensions>
        </gpxtpx:TrackPointExtension>
        </extensions>
    </trkpt>
    <trkpt lat="45.626252" lon="15.09536">
        <ele>937.5</ele>
        <extensions>
        <gpxtpx:TrackPointExtension>
        <gpxtpx:Extensions>
            <surface>gravel</surface>
        </gpxtpx:Extensions>
        </gpxtpx:TrackPointExtension>
        </extensions>
    </trkpt>
    <trkpt lat="45.626438" lon="15.09536">
        <ele>939.3</ele>
        <extensions>
        <gpxtpx:TrackPointExtension>
        <gpxtpx:Extensions>
            <surface>gravel</surface>
        </gpxtpx:Extensions>
        </gpxtpx:TrackPointExtension>
        </extensions>
    </trkpt>
    <trkpt lat="45.626547" lon="15.095394">
        <ele>940.3</ele>
        <extensions>
        <gpxtpx:TrackPointExtension>
        <gpxtpx:Extensions>
            <surface>gravel</surface>
        </gpxtpx:Extensions>
        </gpxtpx:TrackPointExtension>
        </extensions>
    </trkpt>
    <trkpt lat="45.626672" lon="15.09547">
        <ele>941.5</ele>
        <extensions>
        <gpxtpx:TrackPointExtension>
        <gpxtpx:Extensions>
            <surface>gravel</surface>
        </gpxtpx:Extensions>
        </gpxtpx:TrackPointExtension>
        </extensions>
    </trkpt>
    <trkpt lat="45.626959" lon="15.095775">
        <ele>943.3</ele>
        <extensions>
        <gpxtpx:TrackPointExtension>
        <gpxtpx:Extensions>
            <surface>gravel</surface>
        </gpxtpx:Extensions>
        </gpxtpx:TrackPointExtension>
        </extensions>
    </trkpt>
    <trkpt lat="45.627111" lon="15.095899">
        <ele>943.8</ele>
        <extensions>
        <gpxtpx:TrackPointExtension>
        <gpxtpx:Extensions>
            <surface>gravel</surface>
        </gpxtpx:Extensions>
        </gpxtpx:TrackPointExtension>
        </extensions>
    </trkpt>
    <trkpt lat="45.627457" lon="15.096158">
        <ele>945.3</ele>
        <extensions>
        <gpxtpx:TrackPointExtension>
        <gpxtpx:Extensions>
            <surface>gravel</surface>
        </gpxtpx:Extensions>
        </gpxtpx:TrackPointExtension>
        </extensions>
    </trkpt>
    <trkpt lat="45.627496" lon="15.096174">
        <ele>945.5</ele>
        <extensions>
        <gpxtpx:TrackPointExtension>
        <gpxtpx:Extensions>
            <surface>gravel</surface>
        </gpxtpx:Extensions>
        </gpxtpx:TrackPointExtension>
        </extensions>
    </trkpt>
    <trkpt lat="45.627533" lon="15.096189">
        <ele>945.8</ele>
        <extensions>
        <gpxtpx:TrackPointExtension>
        <gpxtpx:Extensions>
            <surface>gravel</surface>
        </gpxtpx:Extensions>
        </gpxtpx:TrackPointExtension>
        </extensions>
    </trkpt>
    <trkpt lat="45.627602" lon="15.096172">
        <ele>946.8</ele>
        <extensions>
        <gpxtpx:TrackPointExtension>
        <gpxtpx:Extensions>
            <surface>gravel</surface>
        </gpxtpx:Extensions>
        </gpxtpx:TrackPointExtension>
        </extensions>
    </trkpt>
    <trkpt lat="45.628056" lon="15.095846">
        <ele>952.5</ele>
        <extensions>
        <gpxtpx:TrackPointExtension>
        <gpxtpx:Extensions>
            <surface>gravel</surface>
        </gpxtpx:Extensions>
        </gpxtpx:TrackPointExtension>
        </extensions>
    </trkpt>
    <trkpt lat="45.628141" lon="15.0958">
        <ele>953.8</ele>
        <extensions>
        <gpxtpx:TrackPointExtension>
        <gpxtpx:Extensions>
            <surface>gravel</surface>
        </gpxtpx:Extensions>
        </gpxtpx:TrackPointExtension>
        </extensions>
    </trkpt>
    <trkpt lat="45.628242" lon="15.09577">
        <ele>955.0</ele>
        <extensions>
        <gpxtpx:TrackPointExtension>
        <gpxtpx:Extensions>
            <surface>gravel</surface>
        </gpxtpx:Extensions>
        </gpxtpx:TrackPointExtension>
        </extensions>
    </trkpt>
    <trkpt lat="45.628377" lon="15.095773">
        <ele>957.0</ele>
        <extensions>
        <gpxtpx:TrackPointExtension>
        <gpxtpx:Extensions>
            <surface>gravel</surface>
        </gpxtpx:Extensions>
        </gpxtpx:TrackPointExtension>
        </extensions>
    </trkpt>
    <trkpt lat="45.628468" lon="15.095821">
        <ele>958.3</ele>
        <extensions>
        <gpxtpx:TrackPointExtension>
        <gpxtpx:Extensions>
            <surface>gravel</surface>
        </gpxtpx:Extensions>
        </gpxtpx:TrackPointExtension>
        </extensions>
    </trkpt>
    <trkpt lat="45.628637" lon="15.09594">
        <ele>961.0</ele>
        <extensions>
        <gpxtpx:TrackPointExtension>
        <gpxtpx:Extensions>
            <surface>gravel</surface>
        </gpxtpx:Extensions>
        </gpxtpx:TrackPointExtension>
        </extensions>
    </trkpt>
    <trkpt lat="45.628709" lon="15.09599">
        <ele>962.5</ele>
        <extensions>
        <gpxtpx:TrackPointExtension>
        <gpxtpx:Extensions>
            <surface>gravel</surface>
        </gpxtpx:Extensions>
        </gpxtpx:TrackPointExtension>
        </extensions>
    </trkpt>
    <trkpt lat="45.629054" lon="15.096289">
        <ele>968.0</ele>
        <extensions>
        <gpxtpx:TrackPointExtension>
        <gpxtpx:Extensions>
            <surface>gravel</surface>
        </gpxtpx:Extensions>
        </gpxtpx:TrackPointExtension>
        </extensions>
    </trkpt>
    <trkpt lat="45.629088" lon="15.096362">
        <ele>968.3</ele>
        <extensions>
        <gpxtpx:TrackPointExtension>
        <gpxtpx:Extensions>
            <surface>gravel</surface>
        </gpxtpx:Extensions>
        </gpxtpx:TrackPointExtension>
        </extensions>
    </trkpt>
    <trkpt lat="45.629094" lon="15.096393">
        <ele>968.3</ele>
        <extensions>
        <gpxtpx:TrackPointExtension>
        <gpxtpx:Extensions>
            <surface>gravel</surface>
        </gpxtpx:Extensions>
        </gpxtpx:TrackPointExtension>
        </extensions>
    </trkpt>
    <trkpt lat="45.629105" lon="15.096451">
        <ele>968.5</ele>
        <extensions>
        <gpxtpx:TrackPointExtension>
        <gpxtpx:Extensions>
            <surface>gravel</surface>
        </gpxtpx:Extensions>
        </gpxtpx:TrackPointExtension>
        </extensions>
    </trkpt>
    <trkpt lat="45.629101" lon="15.09658">
        <ele>968.0</ele>
        <extensions>
        <gpxtpx:TrackPointExtension>
        <gpxtpx:Extensions>
            <surface>gravel</surface>
        </gpxtpx:Extensions>
        </gpxtpx:TrackPointExtension>
        </extensions>
    </trkpt>
    <trkpt lat="45.629039" lon="15.096894">
        <ele>968.0</ele>
        <extensions>
        <gpxtpx:TrackPointExtension>
        <gpxtpx:Extensions>
            <surface>gravel</surface>
        </gpxtpx:Extensions>
        </gpxtpx:TrackPointExtension>
        </extensions>
    </trkpt>
    <trkpt lat="45.628544" lon="15.098548">
        <ele>972.5</ele>
        <extensions>
        <gpxtpx:TrackPointExtension>
        <gpxtpx:Extensions>
            <surface>gravel</surface>
        </gpxtpx:Extensions>
        </gpxtpx:TrackPointExtension>
        </extensions>
    </trkpt>
    <trkpt lat="45.62843" lon="15.098796">
        <ele>973.0</ele>
        <extensions>
        <gpxtpx:TrackPointExtension>
        <gpxtpx:Extensions>
            <surface>gravel</surface>
        </gpxtpx:Extensions>
        </gpxtpx:TrackPointExtension>
        </extensions>
    </trkpt>
    <trkpt lat="45.628155" lon="15.099328">
        <ele>973.0</ele>
        <extensions>
        <gpxtpx:TrackPointExtension>
        <gpxtpx:Extensions>
            <surface>gravel</surface>
        </gpxtpx:Extensions>
        </gpxtpx:TrackPointExtension>
        </extensions>
    </trkpt>
    <trkpt lat="45.628098" lon="15.099523">
        <ele>973.8</ele>
        <extensions>
        <gpxtpx:TrackPointExtension>
        <gpxtpx:Extensions>
            <surface>gravel</surface>
        </gpxtpx:Extensions>
        </gpxtpx:TrackPointExtension>
        </extensions>
    </trkpt>
    <trkpt lat="45.628081" lon="15.099638">
        <ele>974.8</ele>
        <extensions>
        <gpxtpx:TrackPointExtension>
        <gpxtpx:Extensions>
            <surface>gravel</surface>
        </gpxtpx:Extensions>
        </gpxtpx:TrackPointExtension>
        </extensions>
    </trkpt>
    <trkpt lat="45.628077" lon="15.099787">
        <ele>976.5</ele>
        <extensions>
        <gpxtpx:TrackPointExtension>
        <gpxtpx:Extensions>
            <surface>gravel</surface>
        </gpxtpx:Extensions>
        </gpxtpx:TrackPointExtension>
        </extensions>
    </trkpt>
    <trkpt lat="45.628143" lon="15.100572">
        <ele>982.8</ele>
        <extensions>
        <gpxtpx:TrackPointExtension>
        <gpxtpx:Extensions>
            <surface>gravel</surface>
        </gpxtpx:Extensions>
        </gpxtpx:TrackPointExtension>
        </extensions>
    </trkpt>
    <trkpt lat="45.628149" lon="15.100643">
        <ele>983.5</ele>
        <extensions>
        <gpxtpx:TrackPointExtension>
        <gpxtpx:Extensions>
            <surface>gravel</surface>
        </gpxtpx:Extensions>
        </gpxtpx:TrackPointExtension>
        </extensions>
    </trkpt>
    <trkpt lat="45.628212" lon="15.101117">
        <ele>985.3</ele>
        <extensions>
        <gpxtpx:TrackPointExtension>
        <gpxtpx:Extensions>
            <surface>gravel</surface>
        </gpxtpx:Extensions>
        </gpxtpx:TrackPointExtension>
        </extensions>
    </trkpt>
    <trkpt lat="45.6283" lon="15.101422">
        <ele>987.5</ele>
        <extensions>
        <gpxtpx:TrackPointExtension>
        <gpxtpx:Extensions>
            <surface>gravel</surface>
        </gpxtpx:Extensions>
        </gpxtpx:TrackPointExtension>
        </extensions>
    </trkpt>
    <trkpt lat="45.628499" lon="15.101904">
        <ele>989.5</ele>
        <extensions>
        <gpxtpx:TrackPointExtension>
        <gpxtpx:Extensions>
            <surface>gravel</surface>
        </gpxtpx:Extensions>
        </gpxtpx:TrackPointExtension>
        </extensions>
    </trkpt>
    <trkpt lat="45.628809" lon="15.102358">
        <ele>993.5</ele>
        <extensions>
        <gpxtpx:TrackPointExtension>
        <gpxtpx:Extensions>
            <surface>gravel</surface>
        </gpxtpx:Extensions>
        </gpxtpx:TrackPointExtension>
        </extensions>
    </trkpt>
    <trkpt lat="45.629092" lon="15.102566">
        <ele>999.5</ele>
        <extensions>
        <gpxtpx:TrackPointExtension>
        <gpxtpx:Extensions>
            <surface>gravel</surface>
        </gpxtpx:Extensions>
        </gpxtpx:TrackPointExtension>
        </extensions>
    </trkpt>
    <trkpt lat="45.62937" lon="15.102822">
        <ele>1000.0</ele>
        <extensions>
        <gpxtpx:TrackPointExtension>
        <gpxtpx:Extensions>
            <surface>gravel</surface>
        </gpxtpx:Extensions>
        </gpxtpx:TrackPointExtension>
        </extensions>
    </trkpt>
    <trkpt lat="45.629464" lon="15.10288">
        <ele>1000.5</ele>
        <extensions>
        <gpxtpx:TrackPointExtension>
        <gpxtpx:Extensions>
            <surface>gravel</surface>
        </gpxtpx:Extensions>
        </gpxtpx:TrackPointExtension>
        </extensions>
    </trkpt>
    </trkseg>
</trk>
</gpx>