<?xml version="1.0"?>
<gpx version="1.1" creator="GDAL 3.1.0" xmlns:xsi="http://www.w3.org/2001/XMLSchema-instance" xmlns:ogr="http://osgeo.org/gdal" xmlns="http://www.topografix.com/GPX/1/1" xsi:schemaLocation="http://www.topografix.com/GPX/1/1 http://www.topografix.com/GPX/1/1/gpx.xsd">
<metadata><bounds minlat="45.562024784000002" minlon="15.086403072000000" maxlat="45.766444851000003" maxlon="15.317762300000000"/></metadata>                  
<trk>
  <name>Turnokolesarska 3048 STKP, etapa 22: Planinski dom na Mirni gori-Planinski dom pri Gospodični na Gorjancih</name>
  <trkseg>
    <trkpt lat="45.62942381" lon="15.103013346">
        <ele>999.09002685546875</ele>
    </trkpt>
    <trkpt lat="45.629413205" lon="15.102997081">
        <ele>998.94000244140625</ele>
    </trkpt>
    <trkpt lat="45.629292684" lon="15.102827601">
        <ele>996.989990234375</ele>
    </trkpt>
    <trkpt lat="45.629129383" lon="15.1026306">
        <ele>995.92999267578125</ele>
    </trkpt>
    <trkpt lat="45.628791184" lon="15.1023129">
        <ele>991.16998291015625</ele>
    </trkpt>
    <trkpt lat="45.628558584" lon="15.101988501">
        <ele>988.4000244140625</ele>
    </trkpt>
    <trkpt lat="45.628400932" lon="15.101732199">
        <ele>985.09002685546875</ele>
    </trkpt>
    <trkpt lat="45.628277135" lon="15.101329867">
        <ele>981.78997802734375</ele>
    </trkpt>
    <trkpt lat="45.628250884" lon="15.101196703">
        <ele>980.6300048828125</ele>
    </trkpt>
    <trkpt lat="45.62809108" lon="15.100383591">
        <ele>974.66998291015625</ele>
    </trkpt>
    <trkpt lat="45.628053566" lon="15.099814962">
        <ele>968.22998046875</ele>
    </trkpt>
    <trkpt lat="45.628183885" lon="15.09928573">
        <ele>965.4000244140625</ele>
    </trkpt>
    <trkpt lat="45.628976405" lon="15.097004007">
        <ele>952.6199951171875</ele>
    </trkpt>
    <trkpt lat="45.629103951" lon="15.096564125">
        <ele>950.8800048828125</ele>
    </trkpt>
    <trkpt lat="45.628983908" lon="15.096295905">
        <ele>948.27001953125</ele>
    </trkpt>
    <trkpt lat="45.628653788" lon="15.095898937">
        <ele>946.32000732421875</ele>
    </trkpt>
    <trkpt lat="45.628300505" lon="15.095812199">
        <ele>944.260009765625</ele>
    </trkpt>
    <trkpt lat="45.628101315" lon="15.09582664">
        <ele>942.469970703125</ele>
    </trkpt>
    <trkpt lat="45.627894987" lon="15.095971478">
        <ele>941.05999755859375</ele>
    </trkpt>
    <trkpt lat="45.627632387" lon="15.096164597">
        <ele>938.47998046875</ele>
    </trkpt>
    <trkpt lat="45.627416224" lon="15.096188661">
        <ele>936.53997802734375</ele>
    </trkpt>
    <trkpt lat="45.627025074" lon="15.095810029">
        <ele>932.94000244140625</ele>
    </trkpt>
    <trkpt lat="45.626488187" lon="15.095376029">
        <ele>928.77001953125</ele>
    </trkpt>
    <trkpt lat="45.626113034" lon="15.095343841">
        <ele>925.65997314453125</ele>
    </trkpt>
    <trkpt lat="45.625797063" lon="15.095056573">
        <ele>922.1300048828125</ele>
    </trkpt>
    <trkpt lat="45.625826484" lon="15.094512148">
        <ele>918.489990234375</ele>
    </trkpt>
    <trkpt lat="45.625936711" lon="15.093825711">
        <ele>913.6500244140625</ele>
    </trkpt>
    <trkpt lat="45.625977978" lon="15.093026413">
        <ele>907.8599853515625</ele>
    </trkpt>
    <trkpt lat="45.62610178" lon="15.092237843">
        <ele>902.0999755859375</ele>
    </trkpt>
    <trkpt lat="45.626405654" lon="15.09181942">
        <ele>898.22998046875</ele>
    </trkpt>
    <trkpt lat="45.626739538" lon="15.091411724">
        <ele>895.82000732421875</ele>
    </trkpt>
    <trkpt lat="45.627054624" lon="15.090536609">
        <ele>889.3599853515625</ele>
    </trkpt>
    <trkpt lat="45.627050911" lon="15.089941873">
        <ele>884.1199951171875</ele>
    </trkpt>
    <trkpt lat="45.626908355" lon="15.08973266">
        <ele>882.010009765625</ele>
    </trkpt>
    <trkpt lat="45.626723675" lon="15.089544784">
        <ele>879.54998779296875</ele>
    </trkpt>
    <trkpt lat="45.626654273" lon="15.089526009">
        <ele>878.760009765625</ele>
    </trkpt>
    <trkpt lat="45.62652297" lon="15.089606476">
        <ele>877.72998046875</ele>
    </trkpt>
    <trkpt lat="45.626159072" lon="15.09024484">
        <ele>874.97998046875</ele>
    </trkpt>
    <trkpt lat="45.625821433" lon="15.09062035">
        <ele>873.1400146484375</ele>
    </trkpt>
    <trkpt lat="45.625153652" lon="15.090861748">
        <ele>865.6099853515625</ele>
    </trkpt>
    <trkpt lat="45.624740973" lon="15.091092419">
        <ele>860.47998046875</ele>
    </trkpt>
    <trkpt lat="45.624433339" lon="15.091634225">
        <ele>855.3599853515625</ele>
    </trkpt>
    <trkpt lat="45.623909034" lon="15.092093978">
        <ele>849.75</ele>
    </trkpt>
    <trkpt lat="45.623495417" lon="15.092401337">
        <ele>842.97998046875</ele>
    </trkpt>
    <trkpt lat="45.623063969" lon="15.09279294">
        <ele>837.59002685546875</ele>
    </trkpt>
    <trkpt lat="45.622733743" lon="15.093171868">
        <ele>833.8499755859375</ele>
    </trkpt>
    <trkpt lat="45.622298608" lon="15.093967748">
        <ele>833.80999755859375</ele>
    </trkpt>
    <trkpt lat="45.621934683" lon="15.094788504">
        <ele>836.6099853515625</ele>
    </trkpt>
    <trkpt lat="45.621777106" lon="15.095142554">
        <ele>837.739990234375</ele>
    </trkpt>
    <trkpt lat="45.621732084" lon="15.095459055">
        <ele>838.57000732421875</ele>
    </trkpt>
    <trkpt lat="45.621653296" lon="15.095984768">
        <ele>839.989990234375</ele>
    </trkpt>
    <trkpt lat="45.621046249" lon="15.097055637">
        <ele>846.28997802734375</ele>
    </trkpt>
    <trkpt lat="45.620599512" lon="15.097524337">
        <ele>843.739990234375</ele>
    </trkpt>
    <trkpt lat="45.62040611" lon="15.097750193">
        <ele>840.719970703125</ele>
    </trkpt>
    <trkpt lat="45.620321404" lon="15.098046855">
        <ele>837.6400146484375</ele>
    </trkpt>
    <trkpt lat="45.620081568" lon="15.098066693">
        <ele>833.8699951171875</ele>
    </trkpt>
    <trkpt lat="45.61996901" lon="15.097943312">
        <ele>836.84002685546875</ele>
    </trkpt>
    <trkpt lat="45.619740691" lon="15.097673786">
        <ele>836.15997314453125</ele>
    </trkpt>
    <trkpt lat="45.619721033" lon="15.097577448">
        <ele>836.219970703125</ele>
    </trkpt>
    <trkpt lat="45.619720083" lon="15.09757">
        <ele>836.1500244140625</ele>
    </trkpt>
    <trkpt lat="45.619110083" lon="15.09754">
        <ele>832.989990234375</ele>
    </trkpt>
    <trkpt lat="45.618890084" lon="15.09744">
        <ele>832.1099853515625</ele>
    </trkpt>
    <trkpt lat="45.618530084" lon="15.0971">
        <ele>830.34002685546875</ele>
    </trkpt>
    <trkpt lat="45.617580084" lon="15.0968">
        <ele>826.280029296875</ele>
    </trkpt>
    <trkpt lat="45.617420083" lon="15.096939999">
        <ele>825.6099853515625</ele>
    </trkpt>
    <trkpt lat="45.617380084" lon="15.09713">
        <ele>824.90997314453125</ele>
    </trkpt>
    <trkpt lat="45.617440084" lon="15.0973">
        <ele>823.83001708984375</ele>
    </trkpt>
    <trkpt lat="45.618110083" lon="15.098080001">
        <ele>817.21002197265625</ele>
    </trkpt>
    <trkpt lat="45.618300084" lon="15.09843">
        <ele>813.719970703125</ele>
    </trkpt>
    <trkpt lat="45.619120084" lon="15.098899999">
        <ele>804.79998779296875</ele>
    </trkpt>
    <trkpt lat="45.619370083" lon="15.09916">
        <ele>801.8900146484375</ele>
    </trkpt>
    <trkpt lat="45.619670084" lon="15.09957">
        <ele>797.94000244140625</ele>
    </trkpt>
    <trkpt lat="45.619733383" lon="15.0999761">
        <ele>794.97998046875</ele>
    </trkpt>
    <trkpt lat="45.619870083" lon="15.10084">
        <ele>788.78997802734375</ele>
    </trkpt>
    <trkpt lat="45.619906384" lon="15.1011688">
        <ele>786.3900146484375</ele>
    </trkpt>
    <trkpt lat="45.619940084" lon="15.10161">
        <ele>783.03997802734375</ele>
    </trkpt>
    <trkpt lat="45.620180083" lon="15.10236">
        <ele>776.510009765625</ele>
    </trkpt>
    <trkpt lat="45.620270083" lon="15.102469999">
        <ele>775.30999755859375</ele>
    </trkpt>
    <trkpt lat="45.620494683" lon="15.1025146">
        <ele>773.3800048828125</ele>
    </trkpt>
    <trkpt lat="45.620640083" lon="15.10271">
        <ele>771.05999755859375</ele>
    </trkpt>
    <trkpt lat="45.620730084" lon="15.10341">
        <ele>765.1500244140625</ele>
    </trkpt>
    <trkpt lat="45.620890283" lon="15.1038187">
        <ele>761.3599853515625</ele>
    </trkpt>
    <trkpt lat="45.620970083" lon="15.104170001">
        <ele>758.75</ele>
    </trkpt>
    <trkpt lat="45.621030084" lon="15.10464">
        <ele>755.21002197265625</ele>
    </trkpt>
    <trkpt lat="45.621020083" lon="15.104900001">
        <ele>753.08001708984375</ele>
    </trkpt>
    <trkpt lat="45.620942632" lon="15.105429357">
        <ele>748.09002685546875</ele>
    </trkpt>
    <trkpt lat="45.620627473" lon="15.106244748">
        <ele>740.1199951171875</ele>
    </trkpt>
    <trkpt lat="45.620570084" lon="15.1063">
        <ele>739.70001220703125</ele>
    </trkpt>
    <trkpt lat="45.620420084" lon="15.10602">
        <ele>738.780029296875</ele>
    </trkpt>
    <trkpt lat="45.620356284" lon="15.1059337">
        <ele>737.95001220703125</ele>
    </trkpt>
    <trkpt lat="45.620249983" lon="15.1057818">
        <ele>736.3599853515625</ele>
    </trkpt>
    <trkpt lat="45.620076083" lon="15.1056299">
        <ele>734.3499755859375</ele>
    </trkpt>
    <trkpt lat="45.619819984" lon="15.105367499">
        <ele>732.1400146484375</ele>
    </trkpt>
    <trkpt lat="45.619564084" lon="15.1048362">
        <ele>728.8499755859375</ele>
    </trkpt>
    <trkpt lat="45.619221183" lon="15.1043049">
        <ele>725.469970703125</ele>
    </trkpt>
    <trkpt lat="45.619013383" lon="15.104187301">
        <ele>724.9000244140625</ele>
    </trkpt>
    <trkpt lat="45.618810284" lon="15.1040973">
        <ele>725.010009765625</ele>
    </trkpt>
    <trkpt lat="45.618495983" lon="15.1040485">
        <ele>725.8699951171875</ele>
    </trkpt>
    <trkpt lat="45.618220784" lon="15.103833">
        <ele>728.54998779296875</ele>
    </trkpt>
    <trkpt lat="45.617872484" lon="15.1035304">
        <ele>733.04998779296875</ele>
    </trkpt>
    <trkpt lat="45.617335984" lon="15.1032192">
        <ele>732.79998779296875</ele>
    </trkpt>
    <trkpt lat="45.616983284" lon="15.1031277">
        <ele>733.280029296875</ele>
    </trkpt>
    <trkpt lat="45.616741483" lon="15.1030859">
        <ele>734.8800048828125</ele>
    </trkpt>
    <trkpt lat="45.616228583" lon="15.102982901">
        <ele>741.6199951171875</ele>
    </trkpt>
    <trkpt lat="45.615967883" lon="15.102801901">
        <ele>743.6099853515625</ele>
    </trkpt>
    <trkpt lat="45.615741683" lon="15.1023131">
        <ele>743.239990234375</ele>
    </trkpt>
    <trkpt lat="45.615620883" lon="15.1022233">
        <ele>742.75</ele>
    </trkpt>
    <trkpt lat="45.615606384" lon="15.102216301">
        <ele>742.67999267578125</ele>
    </trkpt>
    <trkpt lat="45.615456483" lon="15.1022092">
        <ele>742.489990234375</ele>
    </trkpt>
    <trkpt lat="45.615258183" lon="15.102195">
        <ele>742.75</ele>
    </trkpt>
    <trkpt lat="45.615180583" lon="15.1023603">
        <ele>738.0</ele>
    </trkpt>
    <trkpt lat="45.615045283" lon="15.1023049">
        <ele>732.760009765625</ele>
    </trkpt>
    <trkpt lat="45.614924683" lon="15.101967">
        <ele>743.59002685546875</ele>
    </trkpt>
    <trkpt lat="45.614808584" lon="15.1019047">
        <ele>744.41998291015625</ele>
    </trkpt>
    <trkpt lat="45.614600684" lon="15.1018768">
        <ele>743.20001220703125</ele>
    </trkpt>
    <trkpt lat="45.614436284" lon="15.1018007">
        <ele>743.84002685546875</ele>
    </trkpt>
    <trkpt lat="45.614310683" lon="15.1016626">
        <ele>745.3699951171875</ele>
    </trkpt>
    <trkpt lat="45.614180284" lon="15.1014487">
        <ele>747.19000244140625</ele>
    </trkpt>
    <trkpt lat="45.614122483" lon="15.1011729">
        <ele>748.6500244140625</ele>
    </trkpt>
    <trkpt lat="45.614030984" lon="15.1007041">
        <ele>750.6199951171875</ele>
    </trkpt>
    <trkpt lat="45.613919984" lon="15.100435199">
        <ele>751.66998291015625</ele>
    </trkpt>
    <trkpt lat="45.613813784" lon="15.100228201">
        <ele>753.05999755859375</ele>
    </trkpt>
    <trkpt lat="45.613668883" lon="15.100069401">
        <ele>754.989990234375</ele>
    </trkpt>
    <trkpt lat="45.613499684" lon="15.099903699">
        <ele>758.1199951171875</ele>
    </trkpt>
    <trkpt lat="45.613446783" lon="15.099627999">
        <ele>757.1400146484375</ele>
    </trkpt>
    <trkpt lat="45.613505183" lon="15.0991319">
        <ele>757.97998046875</ele>
    </trkpt>
    <trkpt lat="45.613515184" lon="15.0988218">
        <ele>760.219970703125</ele>
    </trkpt>
    <trkpt lat="45.613404384" lon="15.0983598">
        <ele>760.239990234375</ele>
    </trkpt>
    <trkpt lat="45.613274084" lon="15.0979323">
        <ele>757.95001220703125</ele>
    </trkpt>
    <trkpt lat="45.613153384" lon="15.0977667">
        <ele>756.40997314453125</ele>
    </trkpt>
    <trkpt lat="45.612984184" lon="15.0976699">
        <ele>752.4000244140625</ele>
    </trkpt>
    <trkpt lat="45.612766583" lon="15.0975386">
        <ele>753.3699951171875</ele>
    </trkpt>
    <trkpt lat="45.612312483" lon="15.0969796">
        <ele>755.77001953125</ele>
    </trkpt>
    <trkpt lat="45.612181983" lon="15.096820801">
        <ele>756.71002197265625</ele>
    </trkpt>
    <trkpt lat="45.612099984" lon="15.0966553">
        <ele>757.29998779296875</ele>
    </trkpt>
    <trkpt lat="45.612102584" lon="15.096386501">
        <ele>758.33001708984375</ele>
    </trkpt>
    <trkpt lat="45.612204584" lon="15.095835399">
        <ele>759.8900146484375</ele>
    </trkpt>
    <trkpt lat="45.612195584" lon="15.095615">
        <ele>760.69000244140625</ele>
    </trkpt>
    <trkpt lat="45.612084284" lon="15.0952011">
        <ele>761.78997802734375</ele>
    </trkpt>
    <trkpt lat="45.612065484" lon="15.0944982">
        <ele>764.78997802734375</ele>
    </trkpt>
    <trkpt lat="45.611910984" lon="15.0942154">
        <ele>766.1199951171875</ele>
    </trkpt>
    <trkpt lat="45.611732283" lon="15.093849799">
        <ele>766.6199951171875</ele>
    </trkpt>
    <trkpt lat="45.611505284" lon="15.0934911">
        <ele>766.04998779296875</ele>
    </trkpt>
    <trkpt lat="45.611239683" lon="15.0930013">
        <ele>765.3599853515625</ele>
    </trkpt>
    <trkpt lat="45.611046683" lon="15.092435899">
        <ele>766.45001220703125</ele>
    </trkpt>
    <trkpt lat="45.611022684" lon="15.092201601">
        <ele>766.97998046875</ele>
    </trkpt>
    <trkpt lat="45.610810084" lon="15.092008201">
        <ele>765.95001220703125</ele>
    </trkpt>
    <trkpt lat="45.610573083" lon="15.0919596">
        <ele>763.8499755859375</ele>
    </trkpt>
    <trkpt lat="45.610403884" lon="15.091931801">
        <ele>766.19000244140625</ele>
    </trkpt>
    <trkpt lat="45.610162084" lon="15.091800401">
        <ele>770.20001220703125</ele>
    </trkpt>
    <trkpt lat="45.610026883" lon="15.091621001">
        <ele>771.29998779296875</ele>
    </trkpt>
    <trkpt lat="45.609862884" lon="15.091048801">
        <ele>772.07000732421875</ele>
    </trkpt>
    <trkpt lat="45.609727484" lon="15.0909659">
        <ele>772.54998779296875</ele>
    </trkpt>
    <trkpt lat="45.609543784" lon="15.090931099">
        <ele>774.3499755859375</ele>
    </trkpt>
    <trkpt lat="45.609403484" lon="15.0909033">
        <ele>775.79998779296875</ele>
    </trkpt>
    <trkpt lat="45.609292484" lon="15.090654999">
        <ele>775.70001220703125</ele>
    </trkpt>
    <trkpt lat="45.609230084" lon="15.090089901">
        <ele>777.45001220703125</ele>
    </trkpt>
    <trkpt lat="45.608993284" lon="15.0898">
        <ele>775.53997802734375</ele>
    </trkpt>
    <trkpt lat="45.608920983" lon="15.0895036">
        <ele>774.65997314453125</ele>
    </trkpt>
    <trkpt lat="45.608452883" lon="15.0887174">
        <ele>766.16998291015625</ele>
    </trkpt>
    <trkpt lat="45.608143483" lon="15.0880001">
        <ele>759.8800048828125</ele>
    </trkpt>
    <trkpt lat="45.608090984" lon="15.0876832">
        <ele>761.52001953125</ele>
    </trkpt>
    <trkpt lat="45.607979584" lon="15.087262501">
        <ele>761.989990234375</ele>
    </trkpt>
    <trkpt lat="45.607916984" lon="15.0869868">
        <ele>763.55999755859375</ele>
    </trkpt>
    <trkpt lat="45.607786583" lon="15.0866558">
        <ele>762.489990234375</ele>
    </trkpt>
    <trkpt lat="45.607699982" lon="15.086403072">
        <ele>761.75</ele>
    </trkpt>
    <trkpt lat="45.607687531" lon="15.086519783">
        <ele>761.6199951171875</ele>
    </trkpt>
    <trkpt lat="45.607565427" lon="15.08735213">
        <ele>757.530029296875</ele>
    </trkpt>
    <trkpt lat="45.607354377" lon="15.087752152">
        <ele>755.44000244140625</ele>
    </trkpt>
    <trkpt lat="45.607173823" lon="15.08801275">
        <ele>754.6300048828125</ele>
    </trkpt>
    <trkpt lat="45.606897507" lon="15.088101731">
        <ele>753.07000732421875</ele>
    </trkpt>
    <trkpt lat="45.606704017" lon="15.088501761">
        <ele>750.8699951171875</ele>
    </trkpt>
    <trkpt lat="45.606651139" lon="15.088999072">
        <ele>749.4000244140625</ele>
    </trkpt>
    <trkpt lat="45.606515713" lon="15.089562942">
        <ele>746.719970703125</ele>
    </trkpt>
    <trkpt lat="45.606235867" lon="15.090677839">
        <ele>740.77001953125</ele>
    </trkpt>
    <trkpt lat="45.606069226" lon="15.091753431">
        <ele>737.15997314453125</ele>
    </trkpt>
    <trkpt lat="45.605892676" lon="15.092904091">
        <ele>730.33001708984375</ele>
    </trkpt>
    <trkpt lat="45.606031486" lon="15.094956001">
        <ele>721.08001708984375</ele>
    </trkpt>
    <trkpt lat="45.606241055" lon="15.095267451">
        <ele>719.739990234375</ele>
    </trkpt>
    <trkpt lat="45.606528883" lon="15.095408972">
        <ele>717.34002685546875</ele>
    </trkpt>
    <trkpt lat="45.606564526" lon="15.09581928">
        <ele>714.42999267578125</ele>
    </trkpt>
    <trkpt lat="45.606451966" lon="15.096157712">
        <ele>713.25</ele>
    </trkpt>
    <trkpt lat="45.606266777" lon="15.096754632">
        <ele>706.5999755859375</ele>
    </trkpt>
    <trkpt lat="45.606130362" lon="15.098408186">
        <ele>696.47998046875</ele>
    </trkpt>
    <trkpt lat="45.606132364" lon="15.100210502">
        <ele>685.07000732421875</ele>
    </trkpt>
    <trkpt lat="45.606763755" lon="15.101162422">
        <ele>676.6400146484375</ele>
    </trkpt>
    <trkpt lat="45.607450121" lon="15.101769481">
        <ele>672.44000244140625</ele>
    </trkpt>
    <trkpt lat="45.60806187" lon="15.101924454">
        <ele>668.239990234375</ele>
    </trkpt>
    <trkpt lat="45.608169722" lon="15.102065681">
        <ele>666.08001708984375</ele>
    </trkpt>
    <trkpt lat="45.608394586" lon="15.10216866">
        <ele>665.30999755859375</ele>
    </trkpt>
    <trkpt lat="45.608483696" lon="15.102416594">
        <ele>661.489990234375</ele>
    </trkpt>
    <trkpt lat="45.608448206" lon="15.102816884">
        <ele>658.71002197265625</ele>
    </trkpt>
    <trkpt lat="45.607979653" lon="15.10327046">
        <ele>654.3699951171875</ele>
    </trkpt>
    <trkpt lat="45.607990785" lon="15.103716813">
        <ele>651.29998779296875</ele>
    </trkpt>
    <trkpt lat="45.608551856" lon="15.104718713">
        <ele>643.9000244140625</ele>
    </trkpt>
    <trkpt lat="45.609241426" lon="15.105320593">
        <ele>637.09002685546875</ele>
    </trkpt>
    <trkpt lat="45.609557076" lon="15.105821624">
        <ele>624.66998291015625</ele>
    </trkpt>
    <trkpt lat="45.609661796" lon="15.106522444">
        <ele>628.34002685546875</ele>
    </trkpt>
    <trkpt lat="45.609632883" lon="15.106581101">
        <ele>627.72998046875</ele>
    </trkpt>
    <trkpt lat="45.609631984" lon="15.106583499">
        <ele>627.72998046875</ele>
    </trkpt>
    <trkpt lat="45.609760783" lon="15.107391401">
        <ele>621.58001708984375</ele>
    </trkpt>
    <trkpt lat="45.609981384" lon="15.1081611">
        <ele>616.58001708984375</ele>
    </trkpt>
    <trkpt lat="45.610186083" lon="15.108623101">
        <ele>613.79998779296875</ele>
    </trkpt>
    <trkpt lat="45.610434083" lon="15.1090005">
        <ele>610.739990234375</ele>
    </trkpt>
    <trkpt lat="45.610649484" lon="15.1095625">
        <ele>608.15997314453125</ele>
    </trkpt>
    <trkpt lat="45.610859584" lon="15.1100552">
        <ele>605.79998779296875</ele>
    </trkpt>
    <trkpt lat="45.611123584" lon="15.110617301">
        <ele>603.30999755859375</ele>
    </trkpt>
    <trkpt lat="45.611445683" lon="15.1110848">
        <ele>599.94000244140625</ele>
    </trkpt>
    <trkpt lat="45.611772184" lon="15.111382899">
        <ele>598.1400146484375</ele>
    </trkpt>
    <trkpt lat="45.612013984" lon="15.1114867">
        <ele>596.92999267578125</ele>
    </trkpt>
    <trkpt lat="45.612131884" lon="15.1117188">
        <ele>593.02001953125</ele>
    </trkpt>
    <trkpt lat="45.612352984" lon="15.112003899">
        <ele>592.510009765625</ele>
    </trkpt>
    <trkpt lat="45.612563484" lon="15.112096599">
        <ele>589.760009765625</ele>
    </trkpt>
    <trkpt lat="45.612736184" lon="15.1121662">
        <ele>590.760009765625</ele>
    </trkpt>
    <trkpt lat="45.612881683" lon="15.1123973">
        <ele>590.16998291015625</ele>
    </trkpt>
    <trkpt lat="45.613010983" lon="15.1127053">
        <ele>588.0</ele>
    </trkpt>
    <trkpt lat="45.613178183" lon="15.1128287">
        <ele>586.780029296875</ele>
    </trkpt>
    <trkpt lat="45.613372483" lon="15.112898301">
        <ele>585.22998046875</ele>
    </trkpt>
    <trkpt lat="45.613479984" lon="15.1130875">
        <ele>584.469970703125</ele>
    </trkpt>
    <trkpt lat="45.613517784" lon="15.113352501">
        <ele>583.29998779296875</ele>
    </trkpt>
    <trkpt lat="45.613566084" lon="15.1136603">
        <ele>582.21002197265625</ele>
    </trkpt>
    <trkpt lat="45.613641384" lon="15.1140067">
        <ele>580.77001953125</ele>
    </trkpt>
    <trkpt lat="45.613792084" lon="15.1144455">
        <ele>578.82000732421875</ele>
    </trkpt>
    <trkpt lat="45.613942884" lon="15.1148074">
        <ele>577.22998046875</ele>
    </trkpt>
    <trkpt lat="45.614050683" lon="15.1150076">
        <ele>576.1300048828125</ele>
    </trkpt>
    <trkpt lat="45.614293384" lon="15.1152466">
        <ele>574.760009765625</ele>
    </trkpt>
    <trkpt lat="45.614611784" lon="15.1153781">
        <ele>572.030029296875</ele>
    </trkpt>
    <trkpt lat="45.614795184" lon="15.1154785">
        <ele>572.27001953125</ele>
    </trkpt>
    <trkpt lat="45.614843584" lon="15.1157247">
        <ele>571.280029296875</ele>
    </trkpt>
    <trkpt lat="45.614918983" lon="15.1159326">
        <ele>570.34002685546875</ele>
    </trkpt>
    <trkpt lat="45.615134684" lon="15.116140799">
        <ele>568.6500244140625</ele>
    </trkpt>
    <trkpt lat="45.615263984" lon="15.116425699">
        <ele>567.489990234375</ele>
    </trkpt>
    <trkpt lat="45.615465983" lon="15.116857">
        <ele>565.22998046875</ele>
    </trkpt>
    <trkpt lat="45.615497984" lon="15.117234">
        <ele>564.0999755859375</ele>
    </trkpt>
    <trkpt lat="45.615546184" lon="15.1176495">
        <ele>561.94000244140625</ele>
    </trkpt>
    <trkpt lat="45.615642884" lon="15.1180883">
        <ele>560.469970703125</ele>
    </trkpt>
    <trkpt lat="45.615755783" lon="15.1185347">
        <ele>559.1199951171875</ele>
    </trkpt>
    <trkpt lat="45.615803883" lon="15.119004099">
        <ele>557.25</ele>
    </trkpt>
    <trkpt lat="45.615841483" lon="15.119181199">
        <ele>556.55999755859375</ele>
    </trkpt>
    <trkpt lat="45.615954384" lon="15.1196276">
        <ele>555.1400146484375</ele>
    </trkpt>
    <trkpt lat="45.616029583" lon="15.119958601">
        <ele>553.92999267578125</ele>
    </trkpt>
    <trkpt lat="45.615926684" lon="15.1203277">
        <ele>552.34002685546875</ele>
    </trkpt>
    <trkpt lat="45.615942484" lon="15.1206508">
        <ele>551.02001953125</ele>
    </trkpt>
    <trkpt lat="45.615963883" lon="15.1208586">
        <ele>550.1099853515625</ele>
    </trkpt>
    <trkpt lat="45.616125483" lon="15.121197401">
        <ele>547.40997314453125</ele>
    </trkpt>
    <trkpt lat="45.616146883" lon="15.1213437">
        <ele>546.34002685546875</ele>
    </trkpt>
    <trkpt lat="45.616103583" lon="15.121458999">
        <ele>545.66998291015625</ele>
    </trkpt>
    <trkpt lat="45.615822584" lon="15.1216815">
        <ele>542.510009765625</ele>
    </trkpt>
    <trkpt lat="45.615584684" lon="15.1220195">
        <ele>540.29998779296875</ele>
    </trkpt>
    <trkpt lat="45.615357484" lon="15.1224113">
        <ele>537.69000244140625</ele>
    </trkpt>
    <trkpt lat="45.615191684" lon="15.122691499">
        <ele>535.82000732421875</ele>
    </trkpt>
    <trkpt lat="45.615108684" lon="15.122857001">
        <ele>534.70001220703125</ele>
    </trkpt>
    <trkpt lat="45.615048984" lon="15.123149199">
        <ele>532.6199951171875</ele>
    </trkpt>
    <trkpt lat="45.614951584" lon="15.1232721">
        <ele>531.280029296875</ele>
    </trkpt>
    <trkpt lat="45.614805783" lon="15.1233794">
        <ele>530.09002685546875</ele>
    </trkpt>
    <trkpt lat="45.614649184" lon="15.1234346">
        <ele>528.6300048828125</ele>
    </trkpt>
    <trkpt lat="45.614552384" lon="15.1235446">
        <ele>527.83001708984375</ele>
    </trkpt>
    <trkpt lat="45.614327284" lon="15.1240015">
        <ele>524.260009765625</ele>
    </trkpt>
    <trkpt lat="45.614224584" lon="15.1240705">
        <ele>523.469970703125</ele>
    </trkpt>
    <trkpt lat="45.614017583" lon="15.124033099">
        <ele>521.41998291015625</ele>
    </trkpt>
    <trkpt lat="45.613673083" lon="15.124305699">
        <ele>519.469970703125</ele>
    </trkpt>
    <trkpt lat="45.613452884" lon="15.124425801">
        <ele>517.219970703125</ele>
    </trkpt>
    <trkpt lat="45.613226283" lon="15.1246316">
        <ele>515.8699951171875</ele>
    </trkpt>
    <trkpt lat="45.612921483" lon="15.1246723">
        <ele>514.05999755859375</ele>
    </trkpt>
    <trkpt lat="45.612707784" lon="15.124753701">
        <ele>512.46002197265625</ele>
    </trkpt>
    <trkpt lat="45.612453684" lon="15.1250104">
        <ele>510.839996337890625</ele>
    </trkpt>
    <trkpt lat="45.612244884" lon="15.125033999">
        <ele>510.489990234375</ele>
    </trkpt>
    <trkpt lat="45.611776684" lon="15.124976699">
        <ele>510.17999267578125</ele>
    </trkpt>
    <trkpt lat="45.611486884" lon="15.1251859">
        <ele>508.6099853515625</ele>
    </trkpt>
    <trkpt lat="45.611051284" lon="15.1254537">
        <ele>507.100006103515625</ele>
    </trkpt>
    <trkpt lat="45.610770384" lon="15.1257907">
        <ele>506.959991455078125</ele>
    </trkpt>
    <trkpt lat="45.610547683" lon="15.1259763">
        <ele>506.239990234375</ele>
    </trkpt>
    <trkpt lat="45.610460783" lon="15.126116">
        <ele>506.55999755859375</ele>
    </trkpt>
    <trkpt lat="45.610582384" lon="15.126401301">
        <ele>508.5</ele>
    </trkpt>
    <trkpt lat="45.610740484" lon="15.126973601">
        <ele>511.540008544921875</ele>
    </trkpt>
    <trkpt lat="45.610957383" lon="15.127523">
        <ele>513.83001708984375</ele>
    </trkpt>
    <trkpt lat="45.610976084" lon="15.128122601">
        <ele>518.6099853515625</ele>
    </trkpt>
    <trkpt lat="45.610917284" lon="15.1282293">
        <ele>518.3800048828125</ele>
    </trkpt>
    <trkpt lat="45.610882854" lon="15.128268275">
        <ele>517.84002685546875</ele>
    </trkpt>
    <trkpt lat="45.610745999" lon="15.128488126">
        <ele>516.780029296875</ele>
    </trkpt>
    <trkpt lat="45.61037223" lon="15.128782144">
        <ele>514.219970703125</ele>
    </trkpt>
    <trkpt lat="45.610198697" lon="15.129057394">
        <ele>512.77001953125</ele>
    </trkpt>
    <trkpt lat="45.609785929" lon="15.130008387">
        <ele>510.6199951171875</ele>
    </trkpt>
    <trkpt lat="45.609420985" lon="15.130449851">
        <ele>508.17999267578125</ele>
    </trkpt>
    <trkpt lat="45.609308173" lon="15.130736452">
        <ele>508.649993896484375</ele>
    </trkpt>
    <trkpt lat="45.608805885" lon="15.131278546">
        <ele>505.32000732421875</ele>
    </trkpt>
    <trkpt lat="45.608734706" lon="15.131550817">
        <ele>504.67999267578125</ele>
    </trkpt>
    <trkpt lat="45.608732936" lon="15.132102102">
        <ele>501.1099853515625</ele>
    </trkpt>
    <trkpt lat="45.608477107" lon="15.13252778">
        <ele>501.05999755859375</ele>
    </trkpt>
    <trkpt lat="45.608351776" lon="15.132934535">
        <ele>502.670013427734375</ele>
    </trkpt>
    <trkpt lat="45.607531687" lon="15.13398064">
        <ele>502.25</ele>
    </trkpt>
    <trkpt lat="45.607364182" lon="15.134282966">
        <ele>503.70001220703125</ele>
    </trkpt>
    <trkpt lat="45.607079752" lon="15.134534176">
        <ele>502.459991455078125</ele>
    </trkpt>
    <trkpt lat="45.606940374" lon="15.13464747">
        <ele>501.589996337890625</ele>
    </trkpt>
    <trkpt lat="45.606742189" lon="15.134832884">
        <ele>501.82000732421875</ele>
    </trkpt>
    <trkpt lat="45.606388544" lon="15.135215027">
        <ele>498.290008544921875</ele>
    </trkpt>
    <trkpt lat="45.60606635" lon="15.1356341">
        <ele>496.1199951171875</ele>
    </trkpt>
    <trkpt lat="45.605601644" lon="15.13577078">
        <ele>495.739990234375</ele>
    </trkpt>
    <trkpt lat="45.605178453" lon="15.135994092">
        <ele>493.94000244140625</ele>
    </trkpt>
    <trkpt lat="45.604766301" lon="15.136388894">
        <ele>492.959991455078125</ele>
    </trkpt>
    <trkpt lat="45.604398259" lon="15.136581888">
        <ele>491.6199951171875</ele>
    </trkpt>
    <trkpt lat="45.604107672" lon="15.136903267">
        <ele>490.82000732421875</ele>
    </trkpt>
    <trkpt lat="45.603701272" lon="15.137190704">
        <ele>488.1199951171875</ele>
    </trkpt>
    <trkpt lat="45.603540212" lon="15.137366575">
        <ele>487.040008544921875</ele>
    </trkpt>
    <trkpt lat="45.603256248" lon="15.137788913">
        <ele>483.970001220703125</ele>
    </trkpt>
    <trkpt lat="45.602977901" lon="15.138214468">
        <ele>480.8800048828125</ele>
    </trkpt>
    <trkpt lat="45.602806578" lon="15.13850408">
        <ele>479.20001220703125</ele>
    </trkpt>
    <trkpt lat="45.602739909" lon="15.138752289">
        <ele>477.8699951171875</ele>
    </trkpt>
    <trkpt lat="45.602514309" lon="15.139272507">
        <ele>475.779998779296875</ele>
    </trkpt>
    <trkpt lat="45.602357424" lon="15.139707968">
        <ele>473.70001220703125</ele>
    </trkpt>
    <trkpt lat="45.602011776" lon="15.140881655">
        <ele>468.100006103515625</ele>
    </trkpt>
    <trkpt lat="45.601544652" lon="15.142043801">
        <ele>462.6400146484375</ele>
    </trkpt>
    <trkpt lat="45.601340589" lon="15.142419835">
        <ele>458.8699951171875</ele>
    </trkpt>
    <trkpt lat="45.601190636" lon="15.142701469">
        <ele>456.44000244140625</ele>
    </trkpt>
    <trkpt lat="45.601021448" lon="15.143071182">
        <ele>454.3800048828125</ele>
    </trkpt>
    <trkpt lat="45.600767933" lon="15.143415037">
        <ele>450.790008544921875</ele>
    </trkpt>
    <trkpt lat="45.600568569" lon="15.143630841">
        <ele>446.6300048828125</ele>
    </trkpt>
    <trkpt lat="45.600485147" lon="15.143778041">
        <ele>445.149993896484375</ele>
    </trkpt>
    <trkpt lat="45.600116482" lon="15.144448468">
        <ele>436.470001220703125</ele>
    </trkpt>
    <trkpt lat="45.599741245" lon="15.144977865">
        <ele>430.019989013671875</ele>
    </trkpt>
    <trkpt lat="45.599442736" lon="15.145318381">
        <ele>424.1300048828125</ele>
    </trkpt>
    <trkpt lat="45.599332395" lon="15.145404616">
        <ele>422.1300048828125</ele>
    </trkpt>
    <trkpt lat="45.599163206" lon="15.145597791">
        <ele>418.6300048828125</ele>
    </trkpt>
    <trkpt lat="45.599151684" lon="15.1455503">
        <ele>418.739990234375</ele>
    </trkpt>
    <trkpt lat="45.599142584" lon="15.145171301">
        <ele>416.350006103515625</ele>
    </trkpt>
    <trkpt lat="45.599167284" lon="15.1447098">
        <ele>411.6400146484375</ele>
    </trkpt>
    <trkpt lat="45.599167784" lon="15.1443859">
        <ele>409.040008544921875</ele>
    </trkpt>
    <trkpt lat="45.599157184" lon="15.1441413">
        <ele>407.94000244140625</ele>
    </trkpt>
    <trkpt lat="45.599091083" lon="15.1438346">
        <ele>407.1300048828125</ele>
    </trkpt>
    <trkpt lat="45.599048484" lon="15.143764499">
        <ele>406.44000244140625</ele>
    </trkpt>
    <trkpt lat="45.598975883" lon="15.1438263">
        <ele>404.660003662109375</ele>
    </trkpt>
    <trkpt lat="45.598946483" lon="15.1441225">
        <ele>401.70001220703125</ele>
    </trkpt>
    <trkpt lat="45.598907684" lon="15.144218801">
        <ele>401.55999755859375</ele>
    </trkpt>
    <trkpt lat="45.598781684" lon="15.144376999">
        <ele>400.010009765625</ele>
    </trkpt>
    <trkpt lat="45.598679884" lon="15.144583401">
        <ele>398.1300048828125</ele>
    </trkpt>
    <trkpt lat="45.598427484" lon="15.145258">
        <ele>394.790008544921875</ele>
    </trkpt>
    <trkpt lat="45.598322264" lon="15.145551182">
        <ele>393.20001220703125</ele>
    </trkpt>
    <trkpt lat="45.598266871" lon="15.145669412">
        <ele>393.6300048828125</ele>
    </trkpt>
    <trkpt lat="45.59787666" lon="15.146466323">
        <ele>383.3800048828125</ele>
    </trkpt>
    <trkpt lat="45.597831437" lon="15.146644058">
        <ele>382.790008544921875</ele>
    </trkpt>
    <trkpt lat="45.597781569" lon="15.146933938">
        <ele>382.149993896484375</ele>
    </trkpt>
    <trkpt lat="45.597704284" lon="15.1472369">
        <ele>381.149993896484375</ele>
    </trkpt>
    <trkpt lat="45.597732984" lon="15.1475298">
        <ele>380.540008544921875</ele>
    </trkpt>
    <trkpt lat="45.597780983" lon="15.1477435">
        <ele>379.329986572265625</ele>
    </trkpt>
    <trkpt lat="45.597756484" lon="15.1480534">
        <ele>377.05999755859375</ele>
    </trkpt>
    <trkpt lat="45.597710084" lon="15.1483737">
        <ele>376.6099853515625</ele>
    </trkpt>
    <trkpt lat="45.597646983" lon="15.1485113">
        <ele>374.989990234375</ele>
    </trkpt>
    <trkpt lat="45.597596183" lon="15.1485801">
        <ele>373.6199951171875</ele>
    </trkpt>
    <trkpt lat="45.597559684" lon="15.1487075">
        <ele>372.230010986328125</ele>
    </trkpt>
    <trkpt lat="45.597530484" lon="15.1488831">
        <ele>370.720001220703125</ele>
    </trkpt>
    <trkpt lat="45.597534884" lon="15.149182799">
        <ele>369.8699951171875</ele>
    </trkpt>
    <trkpt lat="45.597548983" lon="15.1494756">
        <ele>368.829986572265625</ele>
    </trkpt>
    <trkpt lat="45.597594483" lon="15.149827101">
        <ele>367.470001220703125</ele>
    </trkpt>
    <trkpt lat="45.597584484" lon="15.150078599">
        <ele>367.160003662109375</ele>
    </trkpt>
    <trkpt lat="45.597501484" lon="15.150633001">
        <ele>362.67999267578125</ele>
    </trkpt>
    <trkpt lat="45.597428184" lon="15.1511909">
        <ele>358.470001220703125</ele>
    </trkpt>
    <trkpt lat="45.597352484" lon="15.1517935">
        <ele>353.399993896484375</ele>
    </trkpt>
    <trkpt lat="45.597301284" lon="15.1520931">
        <ele>349.989990234375</ele>
    </trkpt>
    <trkpt lat="45.597240384" lon="15.152420199">
        <ele>345.970001220703125</ele>
    </trkpt>
    <trkpt lat="45.597211283" lon="15.1524511">
        <ele>345.100006103515625</ele>
    </trkpt>
    <trkpt lat="45.597165384" lon="15.1524406">
        <ele>344.040008544921875</ele>
    </trkpt>
    <trkpt lat="45.597138884" lon="15.1523854">
        <ele>343.1300048828125</ele>
    </trkpt>
    <trkpt lat="45.597102684" lon="15.1522923">
        <ele>342.160003662109375</ele>
    </trkpt>
    <trkpt lat="45.597085884" lon="15.1521924">
        <ele>341.540008544921875</ele>
    </trkpt>
    <trkpt lat="45.597078884" lon="15.1520373">
        <ele>341.399993896484375</ele>
    </trkpt>
    <trkpt lat="45.597079084" lon="15.1518754">
        <ele>341.07000732421875</ele>
    </trkpt>
    <trkpt lat="45.597096284" lon="15.1516757">
        <ele>342.30999755859375</ele>
    </trkpt>
    <trkpt lat="45.597082084" lon="15.1514345">
        <ele>342.220001220703125</ele>
    </trkpt>
    <trkpt lat="45.597096784" lon="15.151324299">
        <ele>342.519989013671875</ele>
    </trkpt>
    <trkpt lat="45.597142984" lon="15.1511246">
        <ele>345.230010986328125</ele>
    </trkpt>
    <trkpt lat="45.597147984" lon="15.151011">
        <ele>345.8900146484375</ele>
    </trkpt>
    <trkpt lat="45.597116684" lon="15.15088">
        <ele>345.480010986328125</ele>
    </trkpt>
    <trkpt lat="45.596934683" lon="15.150442">
        <ele>344.67999267578125</ele>
    </trkpt>
    <trkpt lat="45.596898584" lon="15.150324801">
        <ele>345.329986572265625</ele>
    </trkpt>
    <trkpt lat="45.596874584" lon="15.1501662">
        <ele>346.3800048828125</ele>
    </trkpt>
    <trkpt lat="45.596838784" lon="15.1498354">
        <ele>348.339996337890625</ele>
    </trkpt>
    <trkpt lat="45.596817083" lon="15.1497493">
        <ele>348.1199951171875</ele>
    </trkpt>
    <trkpt lat="45.596768884" lon="15.149635399">
        <ele>347.8800048828125</ele>
    </trkpt>
    <trkpt lat="45.596761684" lon="15.1495769">
        <ele>348.05999755859375</ele>
    </trkpt>
    <trkpt lat="45.596761783" lon="15.1494873">
        <ele>348.67999267578125</ele>
    </trkpt>
    <trkpt lat="45.596793584" lon="15.1492635">
        <ele>350.459991455078125</ele>
    </trkpt>
    <trkpt lat="45.596798584" lon="15.1491222">
        <ele>350.230010986328125</ele>
    </trkpt>
    <trkpt lat="45.596781984" lon="15.148884499">
        <ele>349.529998779296875</ele>
    </trkpt>
    <trkpt lat="45.596755583" lon="15.1487122">
        <ele>349.3900146484375</ele>
    </trkpt>
    <trkpt lat="45.596721883" lon="15.1485778">
        <ele>349.510009765625</ele>
    </trkpt>
    <trkpt lat="45.596678683" lon="15.148353699">
        <ele>349.910003662109375</ele>
    </trkpt>
    <trkpt lat="45.596625683" lon="15.1482365">
        <ele>349.82000732421875</ele>
    </trkpt>
    <trkpt lat="45.596541183" lon="15.1481088">
        <ele>348.730010986328125</ele>
    </trkpt>
    <trkpt lat="45.596502584" lon="15.1480122">
        <ele>348.510009765625</ele>
    </trkpt>
    <trkpt lat="45.596500283" lon="15.1479123">
        <ele>348.6099853515625</ele>
    </trkpt>
    <trkpt lat="45.596512584" lon="15.1477642">
        <ele>349.32000732421875</ele>
    </trkpt>
    <trkpt lat="45.596532084" lon="15.147657499">
        <ele>349.57000732421875</ele>
    </trkpt>
    <trkpt lat="45.596592784" lon="15.1474682">
        <ele>349.739990234375</ele>
    </trkpt>
    <trkpt lat="45.596626783" lon="15.147327">
        <ele>349.350006103515625</ele>
    </trkpt>
    <trkpt lat="45.596636683" lon="15.1472237">
        <ele>349.70001220703125</ele>
    </trkpt>
    <trkpt lat="45.596622384" lon="15.147054901">
        <ele>350.6400146484375</ele>
    </trkpt>
    <trkpt lat="45.596634583" lon="15.1469309">
        <ele>351.149993896484375</ele>
    </trkpt>
    <trkpt lat="45.596625084" lon="15.146803399">
        <ele>351.0</ele>
    </trkpt>
    <trkpt lat="45.596610706" lon="15.146763578">
        <ele>350.730010986328125</ele>
    </trkpt>
    <trkpt lat="45.596514236" lon="15.146693455">
        <ele>349.010009765625</ele>
    </trkpt>
    <trkpt lat="45.595508169" lon="15.147075332">
        <ele>331.220001220703125</ele>
    </trkpt>
    <trkpt lat="45.595373257" lon="15.147026909">
        <ele>328.69000244140625</ele>
    </trkpt>
    <trkpt lat="45.59497474" lon="15.146725427">
        <ele>324.6199951171875</ele>
    </trkpt>
    <trkpt lat="45.594972284" lon="15.1467198">
        <ele>324.6199951171875</ele>
    </trkpt>
    <trkpt lat="45.594921583" lon="15.1466542">
        <ele>324.670013427734375</ele>
    </trkpt>
    <trkpt lat="45.594875784" lon="15.146540399">
        <ele>324.6199951171875</ele>
    </trkpt>
    <trkpt lat="45.594834884" lon="15.146375">
        <ele>324.79998779296875</ele>
    </trkpt>
    <trkpt lat="45.594825384" lon="15.1462716">
        <ele>325.230010986328125</ele>
    </trkpt>
    <trkpt lat="45.594828184" lon="15.1459754">
        <ele>327.6300048828125</ele>
    </trkpt>
    <trkpt lat="45.594840584" lon="15.145734301">
        <ele>329.970001220703125</ele>
    </trkpt>
    <trkpt lat="45.594860084" lon="15.145593101">
        <ele>331.529998779296875</ele>
    </trkpt>
    <trkpt lat="45.594952183" lon="15.1454556">
        <ele>332.739990234375</ele>
    </trkpt>
    <trkpt lat="45.594986184" lon="15.1453489">
        <ele>332.910003662109375</ele>
    </trkpt>
    <trkpt lat="45.594938084" lon="15.145138599">
        <ele>332.69000244140625</ele>
    </trkpt>
    <trkpt lat="45.594839084" lon="15.1449868">
        <ele>331.1400146484375</ele>
    </trkpt>
    <trkpt lat="45.594708584" lon="15.144931299">
        <ele>330.350006103515625</ele>
    </trkpt>
    <trkpt lat="45.594544183" lon="15.144889601">
        <ele>330.1300048828125</ele>
    </trkpt>
    <trkpt lat="45.594375083" lon="15.1447858">
        <ele>328.1400146484375</ele>
    </trkpt>
    <trkpt lat="45.594257784" lon="15.1447648">
        <ele>326.730010986328125</ele>
    </trkpt>
    <trkpt lat="45.594119884" lon="15.1447713">
        <ele>324.920013427734375</ele>
    </trkpt>
    <trkpt lat="45.593960284" lon="15.1448054">
        <ele>323.3900146484375</ele>
    </trkpt>
    <trkpt lat="45.593827084" lon="15.1449187">
        <ele>321.1199951171875</ele>
    </trkpt>
    <trkpt lat="45.593802884" lon="15.1449944">
        <ele>320.3599853515625</ele>
    </trkpt>
    <trkpt lat="45.593795184" lon="15.1452872">
        <ele>317.45001220703125</ele>
    </trkpt>
    <trkpt lat="45.593744384" lon="15.1453559">
        <ele>316.05999755859375</ele>
    </trkpt>
    <trkpt lat="45.593611184" lon="15.145452">
        <ele>313.600006103515625</ele>
    </trkpt>
    <trkpt lat="45.593395884" lon="15.1454963">
        <ele>309.079986572265625</ele>
    </trkpt>
    <trkpt lat="45.593141984" lon="15.145523199">
        <ele>304.79998779296875</ele>
    </trkpt>
    <trkpt lat="45.593018584" lon="15.1455297">
        <ele>302.829986572265625</ele>
    </trkpt>
    <trkpt lat="45.592898884" lon="15.1455225">
        <ele>301.170013427734375</ele>
    </trkpt>
    <trkpt lat="45.592872284" lon="15.145574101">
        <ele>300.739990234375</ele>
    </trkpt>
    <trkpt lat="45.592830884" lon="15.1457359">
        <ele>299.709991455078125</ele>
    </trkpt>
    <trkpt lat="45.592816084" lon="15.1459667">
        <ele>298.269989013671875</ele>
    </trkpt>
    <trkpt lat="45.592839883" lon="15.146300801">
        <ele>296.07000732421875</ele>
    </trkpt>
    <trkpt lat="45.592846883" lon="15.1464938">
        <ele>295.04998779296875</ele>
    </trkpt>
    <trkpt lat="45.592902284" lon="15.146659201">
        <ele>293.989990234375</ele>
    </trkpt>
    <trkpt lat="45.593001083" lon="15.146914401">
        <ele>292.1300048828125</ele>
    </trkpt>
    <trkpt lat="45.593058983" lon="15.1470592">
        <ele>291.209991455078125</ele>
    </trkpt>
    <trkpt lat="45.593114184" lon="15.1473866">
        <ele>289.44000244140625</ele>
    </trkpt>
    <trkpt lat="45.593174084" lon="15.147800101">
        <ele>287.410003662109375</ele>
    </trkpt>
    <trkpt lat="45.593200383" lon="15.1479828">
        <ele>286.489990234375</ele>
    </trkpt>
    <trkpt lat="45.593204983" lon="15.1482032">
        <ele>285.230010986328125</ele>
    </trkpt>
    <trkpt lat="45.593185384" lon="15.1484099">
        <ele>283.959991455078125</ele>
    </trkpt>
    <trkpt lat="45.593189983" lon="15.1485683">
        <ele>283.040008544921875</ele>
    </trkpt>
    <trkpt lat="45.593218684" lon="15.148788901">
        <ele>281.45001220703125</ele>
    </trkpt>
    <trkpt lat="45.593288583" lon="15.148964699">
        <ele>280.170013427734375</ele>
    </trkpt>
    <trkpt lat="45.593406784" lon="15.149182">
        <ele>278.459991455078125</ele>
    </trkpt>
    <trkpt lat="45.593462284" lon="15.1493062">
        <ele>277.589996337890625</ele>
    </trkpt>
    <trkpt lat="45.593462084" lon="15.149464601">
        <ele>276.55999755859375</ele>
    </trkpt>
    <trkpt lat="45.593440083" lon="15.1496644">
        <ele>275.350006103515625</ele>
    </trkpt>
    <trkpt lat="45.593447083" lon="15.1498022">
        <ele>274.54998779296875</ele>
    </trkpt>
    <trkpt lat="45.593497797" lon="15.149912235">
        <ele>274.089996337890625</ele>
    </trkpt>
    <trkpt lat="45.593497047" lon="15.15047619">
        <ele>271.600006103515625</ele>
    </trkpt>
    <trkpt lat="45.593289677" lon="15.151621164">
        <ele>262.910003662109375</ele>
    </trkpt>
    <trkpt lat="45.593172354" lon="15.151877187">
        <ele>261.3699951171875</ele>
    </trkpt>
    <trkpt lat="45.593084317" lon="15.152101247">
        <ele>259.910003662109375</ele>
    </trkpt>
    <trkpt lat="45.592627582" lon="15.152151267">
        <ele>252.740005493164063</ele>
    </trkpt>
    <trkpt lat="45.592551785" lon="15.152256681">
        <ele>251.17999267578125</ele>
    </trkpt>
    <trkpt lat="45.592205944" lon="15.152864658">
        <ele>242.520004272460938</ele>
    </trkpt>
    <trkpt lat="45.591953764" lon="15.153030583">
        <ele>239.419998168945313</ele>
    </trkpt>
    <trkpt lat="45.591859086" lon="15.153174513">
        <ele>237.44000244140625</ele>
    </trkpt>
    <trkpt lat="45.591667245" lon="15.153635389">
        <ele>232.970001220703125</ele>
    </trkpt>
    <trkpt lat="45.591545427" lon="15.15388498">
        <ele>230.649993896484375</ele>
    </trkpt>
    <trkpt lat="45.591452921" lon="15.154083385">
        <ele>227.80999755859375</ele>
    </trkpt>
    <trkpt lat="45.591333642" lon="15.154121503">
        <ele>225.389999389648438</ele>
    </trkpt>
    <trkpt lat="45.591191765" lon="15.154233257">
        <ele>222.800003051757813</ele>
    </trkpt>
    <trkpt lat="45.59115988" lon="15.15451834">
        <ele>222.259994506835938</ele>
    </trkpt>
    <trkpt lat="45.591056057" lon="15.154767977">
        <ele>221.259994506835938</ele>
    </trkpt>
    <trkpt lat="45.590957134" lon="15.15486043">
        <ele>220.259994506835938</ele>
    </trkpt>
    <trkpt lat="45.590844081" lon="15.155142273">
        <ele>219.770004272460938</ele>
    </trkpt>
    <trkpt lat="45.590754164" lon="15.155543361">
        <ele>219.279998779296875</ele>
    </trkpt>
    <trkpt lat="45.590627074" lon="15.156136571">
        <ele>211.69000244140625</ele>
    </trkpt>
    <trkpt lat="45.590525604" lon="15.15646005">
        <ele>208.3699951171875</ele>
    </trkpt>
    <trkpt lat="45.590342469" lon="15.15673653">
        <ele>207.970001220703125</ele>
    </trkpt>
    <trkpt lat="45.590065515" lon="15.156918384">
        <ele>208.82000732421875</ele>
    </trkpt>
    <trkpt lat="45.589919021" lon="15.157113421">
        <ele>209.94000244140625</ele>
    </trkpt>
    <trkpt lat="45.589864562" lon="15.157449698">
        <ele>209.550003051757813</ele>
    </trkpt>
    <trkpt lat="45.589747244" lon="15.157716921">
        <ele>208.710006713867188</ele>
    </trkpt>
    <trkpt lat="45.589499068" lon="15.158208032">
        <ele>207.279998779296875</ele>
    </trkpt>
    <trkpt lat="45.589538308" lon="15.159098878">
        <ele>201.42999267578125</ele>
    </trkpt>
    <trkpt lat="45.589495224" lon="15.159342263">
        <ele>200.259994506835938</ele>
    </trkpt>
    <trkpt lat="45.589326097" lon="15.159630146">
        <ele>197.389999389648438</ele>
    </trkpt>
    <trkpt lat="45.589156857" lon="15.159998127">
        <ele>195.67999267578125</ele>
    </trkpt>
    <trkpt lat="45.589199399" lon="15.160139227">
        <ele>195.720001220703125</ele>
    </trkpt>
    <trkpt lat="45.589250939" lon="15.160280355">
        <ele>195.919998168945313</ele>
    </trkpt>
    <trkpt lat="45.589262006" lon="15.16040855">
        <ele>196.009994506835938</ele>
    </trkpt>
    <trkpt lat="45.589199906" lon="15.160483699">
        <ele>195.57000732421875</ele>
    </trkpt>
    <trkpt lat="45.589003321" lon="15.160394989">
        <ele>192.550003051757813</ele>
    </trkpt>
    <trkpt lat="45.588783922" lon="15.160286221">
        <ele>188.949996948242188</ele>
    </trkpt>
    <trkpt lat="45.588506123" lon="15.16026744">
        <ele>187.169998168945313</ele>
    </trkpt>
    <trkpt lat="45.588316553" lon="15.160374821">
        <ele>186.550003051757813</ele>
    </trkpt>
    <trkpt lat="45.588130185" lon="15.160600733">
        <ele>185.660003662109375</ele>
    </trkpt>
    <trkpt lat="45.588120895" lon="15.160805762">
        <ele>185.520004272460938</ele>
    </trkpt>
    <trkpt lat="45.588120576" lon="15.161030041">
        <ele>185.610000610351563</ele>
    </trkpt>
    <trkpt lat="45.587793296" lon="15.161791643">
        <ele>187.529998779296875</ele>
    </trkpt>
    <trkpt lat="45.587707182" lon="15.162230337">
        <ele>184.710006713867188</ele>
    </trkpt>
    <trkpt lat="45.587627413" lon="15.162947795">
        <ele>177.910003662109375</ele>
    </trkpt>
    <trkpt lat="45.587318233" lon="15.163629332">
        <ele>175.449996948242188</ele>
    </trkpt>
    <trkpt lat="45.587117262" lon="15.164544021">
        <ele>171.539993286132813</ele>
    </trkpt>
    <trkpt lat="45.587026355" lon="15.164785095">
        <ele>170.1300048828125</ele>
    </trkpt>
    <trkpt lat="45.586954078" lon="15.164983526">
        <ele>169.509994506835938</ele>
    </trkpt>
    <trkpt lat="45.586529747" lon="15.165943442">
        <ele>167.44000244140625</ele>
    </trkpt>
    <trkpt lat="45.586464184" lon="15.165969">
        <ele>168.05999755859375</ele>
    </trkpt>
    <trkpt lat="45.586364783" lon="15.1661306">
        <ele>167.5</ele>
    </trkpt>
    <trkpt lat="45.586209784" lon="15.1663092">
        <ele>166.800003051757813</ele>
    </trkpt>
    <trkpt lat="45.585974884" lon="15.1665048">
        <ele>164.399993896484375</ele>
    </trkpt>
    <trkpt lat="45.585727884" lon="15.1667039">
        <ele>161.789993286132813</ele>
    </trkpt>
    <trkpt lat="45.585611684" lon="15.1668137">
        <ele>161.050003051757813</ele>
    </trkpt>
    <trkpt lat="45.585509884" lon="15.1669512">
        <ele>160.410003662109375</ele>
    </trkpt>
    <trkpt lat="45.585437184" lon="15.1670819">
        <ele>160.039993286132813</ele>
    </trkpt>
    <trkpt lat="45.585337684" lon="15.1672985">
        <ele>159.339996337890625</ele>
    </trkpt>
    <trkpt lat="45.585256584" lon="15.1674167">
        <ele>159.089996337890625</ele>
    </trkpt>
    <trkpt lat="45.584987584" lon="15.167749899">
        <ele>158.610000610351563</ele>
    </trkpt>
    <trkpt lat="45.584784084" lon="15.168017999">
        <ele>158.830001831054688</ele>
    </trkpt>
    <trkpt lat="45.584599983" lon="15.168230899">
        <ele>159.470001220703125</ele>
    </trkpt>
    <trkpt lat="45.584483683" lon="15.1683615">
        <ele>160.44000244140625</ele>
    </trkpt>
    <trkpt lat="45.584362484" lon="15.168560901">
        <ele>161.69000244140625</ele>
    </trkpt>
    <trkpt lat="45.584294584" lon="15.1686812">
        <ele>162.330001831054688</ele>
    </trkpt>
    <trkpt lat="45.584250884" lon="15.1688051">
        <ele>163.029998779296875</ele>
    </trkpt>
    <trkpt lat="45.584182784" lon="15.1690632">
        <ele>164.3699951171875</ele>
    </trkpt>
    <trkpt lat="45.584131784" lon="15.1692421">
        <ele>164.720001220703125</ele>
    </trkpt>
    <trkpt lat="45.584058984" lon="15.169400299">
        <ele>164.779998779296875</ele>
    </trkpt>
    <trkpt lat="45.583913484" lon="15.1696375">
        <ele>165.3699951171875</ele>
    </trkpt>
    <trkpt lat="45.583731683" lon="15.1699228">
        <ele>165.8800048828125</ele>
    </trkpt>
    <trkpt lat="45.583605683" lon="15.170101501">
        <ele>166.399993896484375</ele>
    </trkpt>
    <trkpt lat="45.583528184" lon="15.1702011">
        <ele>167.020004272460938</ele>
    </trkpt>
    <trkpt lat="45.583307784" lon="15.1703864">
        <ele>167.1199951171875</ele>
    </trkpt>
    <trkpt lat="45.583196384" lon="15.1704791">
        <ele>167.089996337890625</ele>
    </trkpt>
    <trkpt lat="45.583105584" lon="15.170575199">
        <ele>167.07000732421875</ele>
    </trkpt>
    <trkpt lat="45.582972284" lon="15.170750499">
        <ele>167.169998168945313</ele>
    </trkpt>
    <trkpt lat="45.582916584" lon="15.1708123">
        <ele>167.32000732421875</ele>
    </trkpt>
    <trkpt lat="45.582807684" lon="15.170884301">
        <ele>167.610000610351563</ele>
    </trkpt>
    <trkpt lat="45.582713284" lon="15.170921901">
        <ele>167.850006103515625</ele>
    </trkpt>
    <trkpt lat="45.582652783" lon="15.1709596">
        <ele>167.979995727539063</ele>
    </trkpt>
    <trkpt lat="45.582589784" lon="15.171042">
        <ele>168.080001831054688</ele>
    </trkpt>
    <trkpt lat="45.582378883" lon="15.1713376">
        <ele>168.850006103515625</ele>
    </trkpt>
    <trkpt lat="45.582069884" lon="15.1717981">
        <ele>170.089996337890625</ele>
    </trkpt>
    <trkpt lat="45.581934184" lon="15.1719596">
        <ele>171.100006103515625</ele>
    </trkpt>
    <trkpt lat="45.581646084" lon="15.1722238">
        <ele>173.990005493164063</ele>
    </trkpt>
    <trkpt lat="45.581488583" lon="15.1724197">
        <ele>177.399993896484375</ele>
    </trkpt>
    <trkpt lat="45.581391684" lon="15.1725399">
        <ele>178.30999755859375</ele>
    </trkpt>
    <trkpt lat="45.581350383" lon="15.1726362">
        <ele>178.830001831054688</ele>
    </trkpt>
    <trkpt lat="45.581292083" lon="15.1727876">
        <ele>178.949996948242188</ele>
    </trkpt>
    <trkpt lat="45.581236284" lon="15.1729182">
        <ele>179.1300048828125</ele>
    </trkpt>
    <trkpt lat="45.580966184" lon="15.173220501">
        <ele>181.44000244140625</ele>
    </trkpt>
    <trkpt lat="45.580888684" lon="15.1733167">
        <ele>182.139999389648438</ele>
    </trkpt>
    <trkpt lat="45.580530084" lon="15.173773601">
        <ele>186.520004272460938</ele>
    </trkpt>
    <trkpt lat="45.580331283" lon="15.1740863">
        <ele>191.850006103515625</ele>
    </trkpt>
    <trkpt lat="45.580025884" lon="15.174539999">
        <ele>192.919998168945313</ele>
    </trkpt>
    <trkpt lat="45.579933583" lon="15.174798">
        <ele>191.470001220703125</ele>
    </trkpt>
    <trkpt lat="45.579724684" lon="15.175379301">
        <ele>193.25</ele>
    </trkpt>
    <trkpt lat="45.579593384" lon="15.1758472">
        <ele>188.8800048828125</ele>
    </trkpt>
    <trkpt lat="45.579486384" lon="15.1762361">
        <ele>187.1199951171875</ele>
    </trkpt>
    <trkpt lat="45.579327383" lon="15.1765971">
        <ele>187.919998168945313</ele>
    </trkpt>
    <trkpt lat="45.579216784" lon="15.1769584">
        <ele>186.160003662109375</ele>
    </trkpt>
    <trkpt lat="45.579115584" lon="15.177467701">
        <ele>182.910003662109375</ele>
    </trkpt>
    <trkpt lat="45.579024184" lon="15.177928899">
        <ele>181.449996948242188</ele>
    </trkpt>
    <trkpt lat="45.578913684" lon="15.1782488">
        <ele>180.419998168945313</ele>
    </trkpt>
    <trkpt lat="45.578775384" lon="15.178544499">
        <ele>178.42999267578125</ele>
    </trkpt>
    <trkpt lat="45.578699984" lon="15.1788129">
        <ele>177.199996948242188</ele>
    </trkpt>
    <trkpt lat="45.578636684" lon="15.179105399">
        <ele>176.8699951171875</ele>
    </trkpt>
    <trkpt lat="45.578578284" lon="15.1792774">
        <ele>176.720001220703125</ele>
    </trkpt>
    <trkpt lat="45.578476384" lon="15.179497499">
        <ele>176.600006103515625</ele>
    </trkpt>
    <trkpt lat="45.578408384" lon="15.179669501">
        <ele>176.460006713867188</ele>
    </trkpt>
    <trkpt lat="45.578325784" lon="15.1799309">
        <ele>176.460006713867188</ele>
    </trkpt>
    <trkpt lat="45.578209183" lon="15.1802267">
        <ele>176.550003051757813</ele>
    </trkpt>
    <trkpt lat="45.578125484" lon="15.1804365">
        <ele>176.740005493164063</ele>
    </trkpt>
    <trkpt lat="45.578074484" lon="15.180532801">
        <ele>176.740005493164063</ele>
    </trkpt>
    <trkpt lat="45.577921984" lon="15.1806356">
        <ele>176.860000610351563</ele>
    </trkpt>
    <trkpt lat="45.577858984" lon="15.180721501">
        <ele>176.990005493164063</ele>
    </trkpt>
    <trkpt lat="45.577786284" lon="15.180848601">
        <ele>177.229995727539063</ele>
    </trkpt>
    <trkpt lat="45.577723284" lon="15.1809104">
        <ele>177.449996948242188</ele>
    </trkpt>
    <trkpt lat="45.577638484" lon="15.1809687">
        <ele>177.55999755859375</ele>
    </trkpt>
    <trkpt lat="45.577585183" lon="15.1810339">
        <ele>177.740005493164063</ele>
    </trkpt>
    <trkpt lat="45.577529483" lon="15.1811199">
        <ele>178.07000732421875</ele>
    </trkpt>
    <trkpt lat="45.577430284" lon="15.1811195">
        <ele>178.199996948242188</ele>
    </trkpt>
    <trkpt lat="45.577343184" lon="15.1811468">
        <ele>178.149993896484375</ele>
    </trkpt>
    <trkpt lat="45.577263284" lon="15.1812464">
        <ele>177.589996337890625</ele>
    </trkpt>
    <trkpt lat="45.577209784" lon="15.1814081">
        <ele>177.589996337890625</ele>
    </trkpt>
    <trkpt lat="45.577216783" lon="15.1815562">
        <ele>177.610000610351563</ele>
    </trkpt>
    <trkpt lat="45.577281884" lon="15.1816804">
        <ele>177.8699951171875</ele>
    </trkpt>
    <trkpt lat="45.577356684" lon="15.181763299">
        <ele>177.979995727539063</ele>
    </trkpt>
    <trkpt lat="45.577349514" lon="15.181772402">
        <ele>177.92999267578125</ele>
    </trkpt>
    <trkpt lat="45.577341883" lon="15.1819561">
        <ele>177.289993286132813</ele>
    </trkpt>
    <trkpt lat="45.577281083" lon="15.182169399">
        <ele>176.949996948242188</ele>
    </trkpt>
    <trkpt lat="45.577203183" lon="15.1825031">
        <ele>176.669998168945313</ele>
    </trkpt>
    <trkpt lat="45.577190384" lon="15.1829335">
        <ele>177.460006713867188</ele>
    </trkpt>
    <trkpt lat="45.577213983" lon="15.1833124">
        <ele>175.779998779296875</ele>
    </trkpt>
    <trkpt lat="45.577290283" lon="15.183980699">
        <ele>173.399993896484375</ele>
    </trkpt>
    <trkpt lat="45.577376584" lon="15.1844494">
        <ele>171.229995727539063</ele>
    </trkpt>
    <trkpt lat="45.577498784" lon="15.1851282">
        <ele>168.839996337890625</ele>
    </trkpt>
    <trkpt lat="45.577656684" lon="15.1861859">
        <ele>165.19000244140625</ele>
    </trkpt>
    <trkpt lat="45.577752384" lon="15.186812999">
        <ele>164.05999755859375</ele>
    </trkpt>
    <trkpt lat="45.577855384" lon="15.187381501">
        <ele>164.07000732421875</ele>
    </trkpt>
    <trkpt lat="45.577913007" lon="15.187646282">
        <ele>164.399993896484375</ele>
    </trkpt>
    <trkpt lat="45.577448483" lon="15.1878003">
        <ele>164.139999389648438</ele>
    </trkpt>
    <trkpt lat="45.577046584" lon="15.1880365">
        <ele>163.839996337890625</ele>
    </trkpt>
    <trkpt lat="45.576707684" lon="15.1882764">
        <ele>163.789993286132813</ele>
    </trkpt>
    <trkpt lat="45.575916484" lon="15.189085801">
        <ele>165.169998168945313</ele>
    </trkpt>
    <trkpt lat="45.575600583" lon="15.1892913">
        <ele>166.410003662109375</ele>
    </trkpt>
    <trkpt lat="45.575411683" lon="15.189473199">
        <ele>167.07000732421875</ele>
    </trkpt>
    <trkpt lat="45.575026284" lon="15.1899781">
        <ele>167.75</ele>
    </trkpt>
    <trkpt lat="45.574695794" lon="15.190121998">
        <ele>167.05999755859375</ele>
    </trkpt>
    <trkpt lat="45.574508384" lon="15.1902036">
        <ele>166.30999755859375</ele>
    </trkpt>
    <trkpt lat="45.574076184" lon="15.1905017">
        <ele>164.410003662109375</ele>
    </trkpt>
    <trkpt lat="45.573516883" lon="15.190930199">
        <ele>160.82000732421875</ele>
    </trkpt>
    <trkpt lat="45.573269883" lon="15.1911119">
        <ele>159.69000244140625</ele>
    </trkpt>
    <trkpt lat="45.572980384" lon="15.1914001">
        <ele>158.580001831054688</ele>
    </trkpt>
    <trkpt lat="45.572336684" lon="15.1921359">
        <ele>155.19000244140625</ele>
    </trkpt>
    <trkpt lat="45.572006584" lon="15.1925422">
        <ele>153.279998779296875</ele>
    </trkpt>
    <trkpt lat="45.571563184" lon="15.192940401">
        <ele>151.550003051757813</ele>
    </trkpt>
    <trkpt lat="45.571373884" lon="15.1931396">
        <ele>151.410003662109375</ele>
    </trkpt>
    <trkpt lat="45.571179484" lon="15.1932004">
        <ele>151.850006103515625</ele>
    </trkpt>
    <trkpt lat="45.570990584" lon="15.193122901">
        <ele>152.539993286132813</ele>
    </trkpt>
    <trkpt lat="45.570812884" lon="15.192884">
        <ele>153.19000244140625</ele>
    </trkpt>
    <trkpt lat="45.570694284" lon="15.1927529">
        <ele>153.610000610351563</ele>
    </trkpt>
    <trkpt lat="45.570694083" lon="15.192752201">
        <ele>153.610000610351563</ele>
    </trkpt>
    <trkpt lat="45.569303383" lon="15.1918224">
        <ele>153.330001831054688</ele>
    </trkpt>
    <trkpt lat="45.569439284" lon="15.1912771">
        <ele>150.8699951171875</ele>
    </trkpt>
    <trkpt lat="45.569212884" lon="15.191107201">
        <ele>147.770004272460938</ele>
    </trkpt>
    <trkpt lat="45.569110183" lon="15.191168399">
        <ele>145.839996337890625</ele>
    </trkpt>
    <trkpt lat="45.569023384" lon="15.191391001">
        <ele>144.610000610351563</ele>
    </trkpt>
    <trkpt lat="45.568817184" lon="15.1919899">
        <ele>142.970001220703125</ele>
    </trkpt>
    <trkpt lat="45.568709284" lon="15.1919895">
        <ele>138.910003662109375</ele>
    </trkpt>
    <trkpt lat="45.568493383" lon="15.1919426">
        <ele>142.960006713867188</ele>
    </trkpt>
    <trkpt lat="45.568379883" lon="15.1920114">
        <ele>142.80999755859375</ele>
    </trkpt>
    <trkpt lat="45.568298684" lon="15.1921713">
        <ele>142.729995727539063</ele>
    </trkpt>
    <trkpt lat="45.568128483" lon="15.192700901">
        <ele>142.350006103515625</ele>
    </trkpt>
    <trkpt lat="45.567789583" lon="15.192932601">
        <ele>143.19000244140625</ele>
    </trkpt>
    <trkpt lat="45.567422284" lon="15.193284799">
        <ele>146.910003662109375</ele>
    </trkpt>
    <trkpt lat="45.567218284" lon="15.193814201">
        <ele>150.229995727539063</ele>
    </trkpt>
    <trkpt lat="45.566928384" lon="15.1950342">
        <ele>154.610000610351563</ele>
    </trkpt>
    <trkpt lat="45.566717884" lon="15.1960937">
        <ele>161.740005493164063</ele>
    </trkpt>
    <trkpt lat="45.566400084" lon="15.1971047">
        <ele>169.17999267578125</ele>
    </trkpt>
    <trkpt lat="45.566015084" lon="15.1978745">
        <ele>171.3800048828125</ele>
    </trkpt>
    <trkpt lat="45.565799883" lon="15.1983476">
        <ele>171.979995727539063</ele>
    </trkpt>
    <trkpt lat="45.565759684" lon="15.1987812">
        <ele>174.07000732421875</ele>
    </trkpt>
    <trkpt lat="45.565847084" lon="15.1991396">
        <ele>174.460006713867188</ele>
    </trkpt>
    <trkpt lat="45.565866683" lon="15.1995439">
        <ele>174.550003051757813</ele>
    </trkpt>
    <trkpt lat="45.565418684" lon="15.2005385">
        <ele>177.470001220703125</ele>
    </trkpt>
    <trkpt lat="45.565305284" lon="15.2008434">
        <ele>178.860000610351563</ele>
    </trkpt>
    <trkpt lat="45.565134484" lon="15.2017424">
        <ele>182.8800048828125</ele>
    </trkpt>
    <trkpt lat="45.564720583" lon="15.2028734">
        <ele>183.75</ele>
    </trkpt>
    <trkpt lat="45.564437284" lon="15.203523">
        <ele>183.92999267578125</ele>
    </trkpt>
    <trkpt lat="45.564391484" lon="15.2039244">
        <ele>183.30999755859375</ele>
    </trkpt>
    <trkpt lat="45.564424683" lon="15.204278">
        <ele>182.270004272460938</ele>
    </trkpt>
    <trkpt lat="45.564519984" lon="15.2045996">
        <ele>182.259994506835938</ele>
    </trkpt>
    <trkpt lat="45.564666283" lon="15.204833101">
        <ele>181.449996948242188</ele>
    </trkpt>
    <trkpt lat="45.564919684" lon="15.20515">
        <ele>178.610000610351563</ele>
    </trkpt>
    <trkpt lat="45.565000184" lon="15.2054968">
        <ele>177.82000732421875</ele>
    </trkpt>
    <trkpt lat="45.564928283" lon="15.2059586">
        <ele>177.770004272460938</ele>
    </trkpt>
    <trkpt lat="45.564580983" lon="15.2073289">
        <ele>184.8800048828125</ele>
    </trkpt>
    <trkpt lat="45.564386684" lon="15.2082377">
        <ele>186.399993896484375</ele>
    </trkpt>
    <trkpt lat="45.563927683" lon="15.209665299">
        <ele>189.610000610351563</ele>
    </trkpt>
    <trkpt lat="45.563847783" lon="15.2098937">
        <ele>190.740005493164063</ele>
    </trkpt>
    <trkpt lat="45.563813384" lon="15.210169001">
        <ele>191.160003662109375</ele>
    </trkpt>
    <trkpt lat="45.563827184" lon="15.2105546">
        <ele>189.460006713867188</ele>
    </trkpt>
    <trkpt lat="45.563739484" lon="15.2108917">
        <ele>189.470001220703125</ele>
    </trkpt>
    <trkpt lat="45.563544984" lon="15.2114556">
        <ele>192.1300048828125</ele>
    </trkpt>
    <trkpt lat="45.563364983" lon="15.2120057">
        <ele>194.199996948242188</ele>
    </trkpt>
    <trkpt lat="45.563233384" lon="15.2125699">
        <ele>197.410003662109375</ele>
    </trkpt>
    <trkpt lat="45.563199084" lon="15.212797">
        <ele>198.92999267578125</ele>
    </trkpt>
    <trkpt lat="45.563188583" lon="15.2132307">
        <ele>198.610000610351563</ele>
    </trkpt>
    <trkpt lat="45.563173283" lon="15.2136507">
        <ele>197.149993896484375</ele>
    </trkpt>
    <trkpt lat="45.563109984" lon="15.2138776">
        <ele>196.789993286132813</ele>
    </trkpt>
    <trkpt lat="45.562949783" lon="15.214207499">
        <ele>196.080001831054688</ele>
    </trkpt>
    <trkpt lat="45.562765284" lon="15.2145924">
        <ele>196.44000244140625</ele>
    </trkpt>
    <trkpt lat="45.562634184" lon="15.214812301">
        <ele>196.3800048828125</ele>
    </trkpt>
    <trkpt lat="45.562561184" lon="15.215053001">
        <ele>195.210006713867188</ele>
    </trkpt>
    <trkpt lat="45.562482983" lon="15.215520899">
        <ele>193.199996948242188</ele>
    </trkpt>
    <trkpt lat="45.562428983" lon="15.2159269">
        <ele>193.360000610351563</ele>
    </trkpt>
    <trkpt lat="45.562418784" lon="15.2161747">
        <ele>192.3699951171875</ele>
    </trkpt>
    <trkpt lat="45.562456884" lon="15.2164916">
        <ele>191.279998779296875</ele>
    </trkpt>
    <trkpt lat="45.562538383" lon="15.216884401">
        <ele>189.990005493164063</ele>
    </trkpt>
    <trkpt lat="45.562595284" lon="15.2174561">
        <ele>187.589996337890625</ele>
    </trkpt>
    <trkpt lat="45.562589484" lon="15.217958699">
        <ele>183.850006103515625</ele>
    </trkpt>
    <trkpt lat="45.562477183" lon="15.2185091">
        <ele>182.289993286132813</ele>
    </trkpt>
    <trkpt lat="45.562379984" lon="15.218756599">
        <ele>180.649993896484375</ele>
    </trkpt>
    <trkpt lat="45.562180983" lon="15.219141401">
        <ele>178.520004272460938</ele>
    </trkpt>
    <trkpt lat="45.562093483" lon="15.219375201">
        <ele>178.520004272460938</ele>
    </trkpt>
    <trkpt lat="45.562039684" lon="15.2196504">
        <ele>178.669998168945313</ele>
    </trkpt>
    <trkpt lat="45.562024784" lon="15.2198845">
        <ele>177.669998168945313</ele>
    </trkpt>
    <trkpt lat="45.562043784" lon="15.2200704">
        <ele>177.199996948242188</ele>
    </trkpt>
    <trkpt lat="45.562110983" lon="15.2203324">
        <ele>177.229995727539063</ele>
    </trkpt>
    <trkpt lat="45.562195984" lon="15.2206176">
        <ele>178.0</ele>
    </trkpt>
    <trkpt lat="45.562321384" lon="15.2207902">
        <ele>179.05999755859375</ele>
    </trkpt>
    <trkpt lat="45.562412984" lon="15.220935099">
        <ele>179.479995727539063</ele>
    </trkpt>
    <trkpt lat="45.562461284" lon="15.2210111">
        <ele>179.759994506835938</ele>
    </trkpt>
    <trkpt lat="45.562499584" lon="15.221197099">
        <ele>180.029998779296875</ele>
    </trkpt>
    <trkpt lat="45.562478984" lon="15.221830499">
        <ele>181.410003662109375</ele>
    </trkpt>
    <trkpt lat="45.562477383" lon="15.2226568">
        <ele>183.300003051757813</ele>
    </trkpt>
    <trkpt lat="45.562508284" lon="15.2229392">
        <ele>183.479995727539063</ele>
    </trkpt>
    <trkpt lat="45.562599584" lon="15.223221899">
        <ele>183.759994506835938</ele>
    </trkpt>
    <trkpt lat="45.562806584" lon="15.2237184">
        <ele>186.360000610351563</ele>
    </trkpt>
    <trkpt lat="45.562854484" lon="15.223945901">
        <ele>187.460006713867188</ele>
    </trkpt>
    <trkpt lat="45.562834584" lon="15.2242143">
        <ele>188.039993286132813</ele>
    </trkpt>
    <trkpt lat="45.562746684" lon="15.2246753">
        <ele>185.259994506835938</ele>
    </trkpt>
    <trkpt lat="45.562522984" lon="15.2252803">
        <ele>182.80999755859375</ele>
    </trkpt>
    <trkpt lat="45.562401284" lon="15.2256585">
        <ele>182.979995727539063</ele>
    </trkpt>
    <trkpt lat="45.562278984" lon="15.2263741">
        <ele>182.6199951171875</ele>
    </trkpt>
    <trkpt lat="45.562254183" lon="15.2266632">
        <ele>181.149993896484375</ele>
    </trkpt>
    <trkpt lat="45.562258583" lon="15.2268698">
        <ele>180.229995727539063</ele>
    </trkpt>
    <trkpt lat="45.562407283" lon="15.227503801">
        <ele>178.82000732421875</ele>
    </trkpt>
    <trkpt lat="45.562493583" lon="15.2278967">
        <ele>177.970001220703125</ele>
    </trkpt>
    <trkpt lat="45.562546183" lon="15.228158499">
        <ele>177.779998779296875</ele>
    </trkpt>
    <trkpt lat="45.562559483" lon="15.2287576">
        <ele>173.300003051757813</ele>
    </trkpt>
    <trkpt lat="45.562578284" lon="15.229067501">
        <ele>171.009994506835938</ele>
    </trkpt>
    <trkpt lat="45.562654484" lon="15.2296531">
        <ele>169.69000244140625</ele>
    </trkpt>
    <trkpt lat="45.562735884" lon="15.230052801">
        <ele>168.169998168945313</ele>
    </trkpt>
    <trkpt lat="45.562827084" lon="15.230369901">
        <ele>166.32000732421875</ele>
    </trkpt>
    <trkpt lat="45.563048684" lon="15.230832201">
        <ele>166.729995727539063</ele>
    </trkpt>
    <trkpt lat="45.563212484" lon="15.231122001">
        <ele>166.089996337890625</ele>
    </trkpt>
    <trkpt lat="45.563390984" lon="15.2313775">
        <ele>165.479995727539063</ele>
    </trkpt>
    <trkpt lat="45.563521184" lon="15.231536399">
        <ele>165.229995727539063</ele>
    </trkpt>
    <trkpt lat="45.563856484" lon="15.231864699">
        <ele>164.949996948242188</ele>
    </trkpt>
    <trkpt lat="45.564453283" lon="15.2322289">
        <ele>164.3699951171875</ele>
    </trkpt>
    <trkpt lat="45.564742884" lon="15.232505501">
        <ele>163.3699951171875</ele>
    </trkpt>
    <trkpt lat="45.565093084" lon="15.2327204">
        <ele>161.839996337890625</ele>
    </trkpt>
    <trkpt lat="45.565416584" lon="15.232990301">
        <ele>163.17999267578125</ele>
    </trkpt>
    <trkpt lat="45.565686784" lon="15.2333013">
        <ele>164.089996337890625</ele>
    </trkpt>
    <trkpt lat="45.565874884" lon="15.233605101">
        <ele>164.509994506835938</ele>
    </trkpt>
    <trkpt lat="45.565966184" lon="15.2338809">
        <ele>166.009994506835938</ele>
    </trkpt>
    <trkpt lat="45.566013884" lon="15.234177201">
        <ele>167.610000610351563</ele>
    </trkpt>
    <trkpt lat="45.566037583" lon="15.2344389">
        <ele>169.44000244140625</ele>
    </trkpt>
    <trkpt lat="45.566085584" lon="15.2346044">
        <ele>170.5</ele>
    </trkpt>
    <trkpt lat="45.566215884" lon="15.234728899">
        <ele>170.740005493164063</ele>
    </trkpt>
    <trkpt lat="45.566365584" lon="15.2348672">
        <ele>171.220001220703125</ele>
    </trkpt>
    <trkpt lat="45.566802984" lon="15.2351514">
        <ele>173.240005493164063</ele>
    </trkpt>
    <trkpt lat="45.567288184" lon="15.2354763">
        <ele>177.779998779296875</ele>
    </trkpt>
    <trkpt lat="45.567546984" lon="15.2356388">
        <ele>178.1300048828125</ele>
    </trkpt>
    <trkpt lat="45.567908683" lon="15.2358998">
        <ele>179.1199951171875</ele>
    </trkpt>
    <trkpt lat="45.568121084" lon="15.2361348">
        <ele>179.419998168945313</ele>
    </trkpt>
    <trkpt lat="45.568299484" lon="15.236404099">
        <ele>179.779998779296875</ele>
    </trkpt>
    <trkpt lat="45.568405683" lon="15.2364941">
        <ele>179.669998168945313</ele>
    </trkpt>
    <trkpt lat="45.568603683" lon="15.2366257">
        <ele>179.240005493164063</ele>
    </trkpt>
    <trkpt lat="45.568820784" lon="15.236895199">
        <ele>179.960006713867188</ele>
    </trkpt>
    <trkpt lat="45.568936484" lon="15.2370885">
        <ele>180.520004272460938</ele>
    </trkpt>
    <trkpt lat="45.569042283" lon="15.237357499">
        <ele>181.050003051757813</ele>
    </trkpt>
    <trkpt lat="45.569094983" lon="15.237584999">
        <ele>180.92999267578125</ele>
    </trkpt>
    <trkpt lat="45.569162484" lon="15.237729899">
        <ele>180.94000244140625</ele>
    </trkpt>
    <trkpt lat="45.569273384" lon="15.2378543">
        <ele>180.850006103515625</ele>
    </trkpt>
    <trkpt lat="45.569461884" lon="15.237923999">
        <ele>182.080001831054688</ele>
    </trkpt>
    <trkpt lat="45.569660184" lon="15.2379455">
        <ele>181.970001220703125</ele>
    </trkpt>
    <trkpt lat="45.569800184" lon="15.2380494">
        <ele>180.399993896484375</ele>
    </trkpt>
    <trkpt lat="45.569877384" lon="15.2381668">
        <ele>180.550003051757813</ele>
    </trkpt>
    <trkpt lat="45.569953984" lon="15.2384977">
        <ele>181.410003662109375</ele>
    </trkpt>
    <trkpt lat="45.570025884" lon="15.2388079">
        <ele>179.470001220703125</ele>
    </trkpt>
    <trkpt lat="45.570102683" lon="15.239124999">
        <ele>179.539993286132813</ele>
    </trkpt>
    <trkpt lat="45.570104484" lon="15.2394073">
        <ele>180.1300048828125</ele>
    </trkpt>
    <trkpt lat="45.570054784" lon="15.24002">
        <ele>175.949996948242188</ele>
    </trkpt>
    <trkpt lat="45.569976384" lon="15.2405224">
        <ele>174.009994506835938</ele>
    </trkpt>
    <trkpt lat="45.569951584" lon="15.240797699">
        <ele>173.44000244140625</ele>
    </trkpt>
    <trkpt lat="45.569965484" lon="15.2411008">
        <ele>172.8699951171875</ele>
    </trkpt>
    <trkpt lat="45.570061584" lon="15.2413973">
        <ele>172.360000610351563</ele>
    </trkpt>
    <trkpt lat="45.570432284" lon="15.2421908">
        <ele>171.039993286132813</ele>
    </trkpt>
    <trkpt lat="45.570581383" lon="15.2425702">
        <ele>170.020004272460938</ele>
    </trkpt>
    <trkpt lat="45.570595384" lon="15.2428044">
        <ele>169.6199951171875</ele>
    </trkpt>
    <trkpt lat="45.570502784" lon="15.2431415">
        <ele>170.160003662109375</ele>
    </trkpt>
    <trkpt lat="45.570400584" lon="15.2434371">
        <ele>170.990005493164063</ele>
    </trkpt>
    <trkpt lat="45.570366284" lon="15.2436367">
        <ele>170.490005493164063</ele>
    </trkpt>
    <trkpt lat="45.570500184" lon="15.244374101">
        <ele>166.75</ele>
    </trkpt>
    <trkpt lat="45.570614783" lon="15.2450288">
        <ele>167.089996337890625</ele>
    </trkpt>
    <trkpt lat="45.570690684" lon="15.2457454">
        <ele>167.710006713867188</ele>
    </trkpt>
    <trkpt lat="45.570824483" lon="15.2464759">
        <ele>165.92999267578125</ele>
    </trkpt>
    <trkpt lat="45.570814083" lon="15.2467995">
        <ele>164.199996948242188</ele>
    </trkpt>
    <trkpt lat="45.570745484" lon="15.2472124">
        <ele>161.509994506835938</ele>
    </trkpt>
    <trkpt lat="45.570705684" lon="15.247715">
        <ele>157.199996948242188</ele>
    </trkpt>
    <trkpt lat="45.570689683" lon="15.2484311">
        <ele>153.830001831054688</ele>
    </trkpt>
    <trkpt lat="45.570731784" lon="15.2490442">
        <ele>152.600006103515625</ele>
    </trkpt>
    <trkpt lat="45.570706984" lon="15.249326399">
        <ele>152.279998779296875</ele>
    </trkpt>
    <trkpt lat="45.570522484" lon="15.249683699">
        <ele>151.8800048828125</ele>
    </trkpt>
    <trkpt lat="45.570386484" lon="15.249924099">
        <ele>151.960006713867188</ele>
    </trkpt>
    <trkpt lat="45.570289284" lon="15.2501509">
        <ele>152.100006103515625</ele>
    </trkpt>
    <trkpt lat="45.570216683" lon="15.250485">
        <ele>152.42999267578125</ele>
    </trkpt>
    <trkpt lat="45.570026884" lon="15.250830101">
        <ele>152.910003662109375</ele>
    </trkpt>
    <trkpt lat="45.569322584" lon="15.251933799">
        <ele>151.240005493164063</ele>
    </trkpt>
    <trkpt lat="45.569214084" lon="15.2521793">
        <ele>151.589996337890625</ele>
    </trkpt>
    <trkpt lat="45.569109984" lon="15.252862999">
        <ele>152.229995727539063</ele>
    </trkpt>
    <trkpt lat="45.568924884" lon="15.2535463">
        <ele>152.699996948242188</ele>
    </trkpt>
    <trkpt lat="45.568729183" lon="15.254145001">
        <ele>153.279998779296875</ele>
    </trkpt>
    <trkpt lat="45.568585883" lon="15.254583801">
        <ele>154.039993286132813</ele>
    </trkpt>
    <trkpt lat="45.568400983" lon="15.2551902">
        <ele>155.660003662109375</ele>
    </trkpt>
    <trkpt lat="45.568039184" lon="15.2560559">
        <ele>156.889999389648438</ele>
    </trkpt>
    <trkpt lat="45.567613084" lon="15.257076299">
        <ele>162.399993896484375</ele>
    </trkpt>
    <trkpt lat="45.567482984" lon="15.2572832">
        <ele>163.080001831054688</ele>
    </trkpt>
    <trkpt lat="45.567406984" lon="15.2574827">
        <ele>163.649993896484375</ele>
    </trkpt>
    <trkpt lat="45.567363284" lon="15.2576901">
        <ele>164.6300048828125</ele>
    </trkpt>
    <trkpt lat="45.567314683" lon="15.2580678">
        <ele>167.339996337890625</ele>
    </trkpt>
    <trkpt lat="45.567308383" lon="15.2584214">
        <ele>169.699996948242188</ele>
    </trkpt>
    <trkpt lat="45.567360583" lon="15.2588738">
        <ele>170.589996337890625</ele>
    </trkpt>
    <trkpt lat="45.567407983" lon="15.2594044">
        <ele>170.910003662109375</ele>
    </trkpt>
    <trkpt lat="45.567472184" lon="15.259650699">
        <ele>171.770004272460938</ele>
    </trkpt>
    <trkpt lat="45.567611883" lon="15.259935801">
        <ele>173.710006713867188</ele>
    </trkpt>
    <trkpt lat="45.567838183" lon="15.2601674">
        <ele>174.44000244140625</ele>
    </trkpt>
    <trkpt lat="45.567913184" lon="15.260413799">
        <ele>174.410003662109375</ele>
    </trkpt>
    <trkpt lat="45.567912483" lon="15.260736599">
        <ele>174.82000732421875</ele>
    </trkpt>
    <trkpt lat="45.567765583" lon="15.261212501">
        <ele>175.990005493164063</ele>
    </trkpt>
    <trkpt lat="45.567624384" lon="15.2615577">
        <ele>177.270004272460938</ele>
    </trkpt>
    <trkpt lat="45.567456383" lon="15.2621809">
        <ele>177.300003051757813</ele>
    </trkpt>
    <trkpt lat="45.567325283" lon="15.262856699">
        <ele>177.970001220703125</ele>
    </trkpt>
    <trkpt lat="45.567323284" lon="15.263362701">
        <ele>175.660003662109375</ele>
    </trkpt>
    <trkpt lat="45.567344284" lon="15.2636088">
        <ele>174.520004272460938</ele>
    </trkpt>
    <trkpt lat="45.567457384" lon="15.263717">
        <ele>173.550003051757813</ele>
    </trkpt>
    <trkpt lat="45.567694684" lon="15.263833399">
        <ele>171.990005493164063</ele>
    </trkpt>
    <trkpt lat="45.567889083" lon="15.263849699">
        <ele>171.300003051757813</ele>
    </trkpt>
    <trkpt lat="45.568056483" lon="15.2638043">
        <ele>170.770004272460938</ele>
    </trkpt>
    <trkpt lat="45.568602184" lon="15.2636378">
        <ele>169.289993286132813</ele>
    </trkpt>
    <trkpt lat="45.568839984" lon="15.263562">
        <ele>167.580001831054688</ele>
    </trkpt>
    <trkpt lat="45.569099084" lon="15.2635556">
        <ele>166.039993286132813</ele>
    </trkpt>
    <trkpt lat="45.569331484" lon="15.2634721">
        <ele>165.5</ele>
    </trkpt>
    <trkpt lat="45.569634184" lon="15.263312101">
        <ele>166.259994506835938</ele>
    </trkpt>
    <trkpt lat="45.569871883" lon="15.2632364">
        <ele>167.94000244140625</ele>
    </trkpt>
    <trkpt lat="45.570114984" lon="15.263176001">
        <ele>167.8699951171875</ele>
    </trkpt>
    <trkpt lat="45.570371384" lon="15.2631926">
        <ele>167.509994506835938</ele>
    </trkpt>
    <trkpt lat="45.570776084" lon="15.2633175">
        <ele>167.17999267578125</ele>
    </trkpt>
    <trkpt lat="45.570921884" lon="15.2632874">
        <ele>166.17999267578125</ele>
    </trkpt>
    <trkpt lat="45.571235484" lon="15.2630967">
        <ele>166.19000244140625</ele>
    </trkpt>
    <trkpt lat="45.571640484" lon="15.263075599">
        <ele>162.779998779296875</ele>
    </trkpt>
    <trkpt lat="45.572347683" lon="15.263125">
        <ele>160.580001831054688</ele>
    </trkpt>
    <trkpt lat="45.572730884" lon="15.2631806">
        <ele>160.050003051757813</ele>
    </trkpt>
    <trkpt lat="45.573483283" lon="15.263476301">
        <ele>159.589996337890625</ele>
    </trkpt>
    <trkpt lat="45.574189884" lon="15.2637717">
        <ele>161.449996948242188</ele>
    </trkpt>
    <trkpt lat="45.574416483" lon="15.2638574">
        <ele>160.960006713867188</ele>
    </trkpt>
    <trkpt lat="45.574777684" lon="15.264097401">
        <ele>159.360000610351563</ele>
    </trkpt>
    <trkpt lat="45.574906783" lon="15.2642748">
        <ele>158.57000732421875</ele>
    </trkpt>
    <trkpt lat="45.575402484" lon="15.2647077">
        <ele>158.32000732421875</ele>
    </trkpt>
    <trkpt lat="45.575617884" lon="15.264572899">
        <ele>158.210006713867188</ele>
    </trkpt>
    <trkpt lat="45.575999484" lon="15.264562401">
        <ele>159.30999755859375</ele>
    </trkpt>
    <trkpt lat="45.576017884" lon="15.2643826">
        <ele>158.600006103515625</ele>
    </trkpt>
    <trkpt lat="45.576120384" lon="15.264398401">
        <ele>158.889999389648438</ele>
    </trkpt>
    <trkpt lat="45.576244084" lon="15.264621999">
        <ele>159.210006713867188</ele>
    </trkpt>
    <trkpt lat="45.576383584" lon="15.265007">
        <ele>159.740005493164063</ele>
    </trkpt>
    <trkpt lat="45.576490784" lon="15.2653381">
        <ele>160.42999267578125</ele>
    </trkpt>
    <trkpt lat="45.576592784" lon="15.2655539">
        <ele>161.160003662109375</ele>
    </trkpt>
    <trkpt lat="45.576845783" lon="15.2659087">
        <ele>163.850006103515625</ele>
    </trkpt>
    <trkpt lat="45.577072083" lon="15.2660713">
        <ele>166.17999267578125</ele>
    </trkpt>
    <trkpt lat="45.577233784" lon="15.2662258">
        <ele>166.779998779296875</ele>
    </trkpt>
    <trkpt lat="45.577384284" lon="15.2664956">
        <ele>166.339996337890625</ele>
    </trkpt>
    <trkpt lat="45.577524183" lon="15.2666885">
        <ele>167.279998779296875</ele>
    </trkpt>
    <trkpt lat="45.577734284" lon="15.2669047">
        <ele>166.80999755859375</ele>
    </trkpt>
    <trkpt lat="45.578014384" lon="15.267152099">
        <ele>165.979995727539063</ele>
    </trkpt>
    <trkpt lat="45.578316083" lon="15.267445699">
        <ele>164.089996337890625</ele>
    </trkpt>
    <trkpt lat="45.578504784" lon="15.2675696">
        <ele>161.80999755859375</ele>
    </trkpt>
    <trkpt lat="45.579459584" lon="15.2679201">
        <ele>154.919998168945313</ele>
    </trkpt>
    <trkpt lat="45.580303384" lon="15.2683855">
        <ele>153.8699951171875</ele>
    </trkpt>
    <trkpt lat="45.580583584" lon="15.2686098">
        <ele>154.17999267578125</ele>
    </trkpt>
    <trkpt lat="45.580761284" lon="15.2688106">
        <ele>154.389999389648438</ele>
    </trkpt>
    <trkpt lat="45.580906183" lon="15.2692034">
        <ele>154.919998168945313</ele>
    </trkpt>
    <trkpt lat="45.581029784" lon="15.26945">
        <ele>155.410003662109375</ele>
    </trkpt>
    <trkpt lat="45.581212884" lon="15.2696431">
        <ele>155.979995727539063</ele>
    </trkpt>
    <trkpt lat="45.582037484" lon="15.270254499">
        <ele>159.800003051757813</ele>
    </trkpt>
    <trkpt lat="45.585609084" lon="15.2678688">
        <ele>163.220001220703125</ele>
    </trkpt>
    <trkpt lat="45.585730384" lon="15.267724701">
        <ele>163.100006103515625</ele>
    </trkpt>
    <trkpt lat="45.587514884" lon="15.2678228">
        <ele>163.970001220703125</ele>
    </trkpt>
    <trkpt lat="45.588869184" lon="15.2677811">
        <ele>156.009994506835938</ele>
    </trkpt>
    <trkpt lat="45.589543384" lon="15.268018499">
        <ele>155.279998779296875</ele>
    </trkpt>
    <trkpt lat="45.590067483" lon="15.267642899">
        <ele>158.210006713867188</ele>
    </trkpt>
    <trkpt lat="45.590431983" lon="15.2676446">
        <ele>159.279998779296875</ele>
    </trkpt>
    <trkpt lat="45.590620584" lon="15.2677993">
        <ele>159.350006103515625</ele>
    </trkpt>
    <trkpt lat="45.590775883" lon="15.268299899">
        <ele>158.8800048828125</ele>
    </trkpt>
    <trkpt lat="45.591341184" lon="15.2689793">
        <ele>158.350006103515625</ele>
    </trkpt>
    <trkpt lat="45.591486584" lon="15.2691338">
        <ele>157.80999755859375</ele>
    </trkpt>
    <trkpt lat="45.591653983" lon="15.269149999">
        <ele>157.889999389648438</ele>
    </trkpt>
    <trkpt lat="45.591913384" lon="15.2690436">
        <ele>158.350006103515625</ele>
    </trkpt>
    <trkpt lat="45.592000083" lon="15.2689056">
        <ele>158.55999755859375</ele>
    </trkpt>
    <trkpt lat="45.592265084" lon="15.268730001">
        <ele>159.229995727539063</ele>
    </trkpt>
    <trkpt lat="45.592524784" lon="15.2684775">
        <ele>159.830001831054688</ele>
    </trkpt>
    <trkpt lat="45.592908583" lon="15.2682794">
        <ele>159.259994506835938</ele>
    </trkpt>
    <trkpt lat="45.593176084" lon="15.2688489">
        <ele>157.039993286132813</ele>
    </trkpt>
    <trkpt lat="45.593383484" lon="15.2695352">
        <ele>156.089996337890625</ele>
    </trkpt>
    <trkpt lat="45.593436184" lon="15.2700584">
        <ele>155.509994506835938</ele>
    </trkpt>
    <trkpt lat="45.593515983" lon="15.2703524">
        <ele>155.279998779296875</ele>
    </trkpt>
    <trkpt lat="45.593624083" lon="15.2705207">
        <ele>155.139999389648438</ele>
    </trkpt>
    <trkpt lat="45.594800184" lon="15.2708955">
        <ele>154.830001831054688</ele>
    </trkpt>
    <trkpt lat="45.594956483" lon="15.2710039">
        <ele>154.550003051757813</ele>
    </trkpt>
    <trkpt lat="45.595377684" lon="15.2709522">
        <ele>152.30999755859375</ele>
    </trkpt>
    <trkpt lat="45.595614884" lon="15.271099401">
        <ele>150.330001831054688</ele>
    </trkpt>
    <trkpt lat="45.595819284" lon="15.2714311">
        <ele>147.19000244140625</ele>
    </trkpt>
    <trkpt lat="45.595996084" lon="15.2719934">
        <ele>143.55999755859375</ele>
    </trkpt>
    <trkpt lat="45.596094684" lon="15.272547599">
        <ele>142.57000732421875</ele>
    </trkpt>
    <trkpt lat="45.596352583" lon="15.2730488">
        <ele>141.919998168945313</ele>
    </trkpt>
    <trkpt lat="45.596691683" lon="15.2734965">
        <ele>141.270004272460938</ele>
    </trkpt>
    <trkpt lat="45.597041084" lon="15.2741135">
        <ele>140.8800048828125</ele>
    </trkpt>
    <trkpt lat="45.597547584" lon="15.274881199">
        <ele>140.610000610351563</ele>
    </trkpt>
    <trkpt lat="45.597644984" lon="15.2747586">
        <ele>140.660003662109375</ele>
    </trkpt>
    <trkpt lat="45.598091384" lon="15.2751723">
        <ele>139.990005493164063</ele>
    </trkpt>
    <trkpt lat="45.598247683" lon="15.2752653">
        <ele>139.80999755859375</ele>
    </trkpt>
    <trkpt lat="45.598484984" lon="15.2753665">
        <ele>139.42999267578125</ele>
    </trkpt>
    <trkpt lat="45.598757484" lon="15.275421701">
        <ele>139.100006103515625</ele>
    </trkpt>
    <trkpt lat="45.599275684" lon="15.275478">
        <ele>138.639999389648438</ele>
    </trkpt>
    <trkpt lat="45.599604784" lon="15.2755796">
        <ele>138.399993896484375</ele>
    </trkpt>
    <trkpt lat="45.599993184" lon="15.2757277">
        <ele>138.649993896484375</ele>
    </trkpt>
    <trkpt lat="45.600473584" lon="15.2757608">
        <ele>138.6300048828125</ele>
    </trkpt>
    <trkpt lat="45.601709584" lon="15.2759208">
        <ele>137.960006713867188</ele>
    </trkpt>
    <trkpt lat="45.602500184" lon="15.276078499">
        <ele>137.770004272460938</ele>
    </trkpt>
    <trkpt lat="45.603083184" lon="15.2760891">
        <ele>137.899993896484375</ele>
    </trkpt>
    <trkpt lat="45.603467083" lon="15.2759667">
        <ele>138.389999389648438</ele>
    </trkpt>
    <trkpt lat="45.603661683" lon="15.2757842">
        <ele>138.80999755859375</ele>
    </trkpt>
    <trkpt lat="45.604024484" lon="15.275324499">
        <ele>139.080001831054688</ele>
    </trkpt>
    <trkpt lat="45.604781383" lon="15.2750258">
        <ele>138.899993896484375</ele>
    </trkpt>
    <trkpt lat="45.604793842" lon="15.275018655">
        <ele>138.889999389648438</ele>
    </trkpt>
    <trkpt lat="45.604903281" lon="15.275410274">
        <ele>137.82000732421875</ele>
    </trkpt>
    <trkpt lat="45.604935182" lon="15.27564899">
        <ele>137.199996948242188</ele>
    </trkpt>
    <trkpt lat="45.6049449" lon="15.27589842">
        <ele>137.089996337890625</ele>
    </trkpt>
    <trkpt lat="45.604935188" lon="15.275648999">
        <ele>137.199996948242188</ele>
    </trkpt>
    <trkpt lat="45.604903287" lon="15.275410283">
        <ele>137.82000732421875</ele>
    </trkpt>
    <trkpt lat="45.604793849" lon="15.275018664">
        <ele>138.889999389648438</ele>
    </trkpt>
    <trkpt lat="45.607037084" lon="15.274224">
        <ele>141.67999267578125</ele>
    </trkpt>
    <trkpt lat="45.607297284" lon="15.2741817">
        <ele>142.800003051757813</ele>
    </trkpt>
    <trkpt lat="45.607604883" lon="15.2742447">
        <ele>144.860000610351563</ele>
    </trkpt>
    <trkpt lat="45.608095583" lon="15.274501">
        <ele>149.419998168945313</ele>
    </trkpt>
    <trkpt lat="45.607954584" lon="15.274754101">
        <ele>149.759994506835938</ele>
    </trkpt>
    <trkpt lat="45.607823284" lon="15.2754612">
        <ele>148.3800048828125</ele>
    </trkpt>
    <trkpt lat="45.607767984" lon="15.275983999">
        <ele>147.25</ele>
    </trkpt>
    <trkpt lat="45.607750183" lon="15.276645401">
        <ele>146.460006713867188</ele>
    </trkpt>
    <trkpt lat="45.607770684" lon="15.277122501">
        <ele>144.92999267578125</ele>
    </trkpt>
    <trkpt lat="45.608043984" lon="15.2779392">
        <ele>143.94000244140625</ele>
    </trkpt>
    <trkpt lat="45.608172284" lon="15.2784706">
        <ele>143.160003662109375</ele>
    </trkpt>
    <trkpt lat="45.608203584" lon="15.2788938">
        <ele>141.339996337890625</ele>
    </trkpt>
    <trkpt lat="45.608056983" lon="15.2792393">
        <ele>139.479995727539063</ele>
    </trkpt>
    <trkpt lat="45.608023684" lon="15.2796006">
        <ele>138.19000244140625</ele>
    </trkpt>
    <trkpt lat="45.608473484" lon="15.2800337">
        <ele>138.970001220703125</ele>
    </trkpt>
    <trkpt lat="45.608839884" lon="15.2803432">
        <ele>141.539993286132813</ele>
    </trkpt>
    <trkpt lat="45.609351984" lon="15.2806381">
        <ele>145.57000732421875</ele>
    </trkpt>
    <trkpt lat="45.609734284" lon="15.2810477">
        <ele>143.460006713867188</ele>
    </trkpt>
    <trkpt lat="45.609890284" lon="15.2812946">
        <ele>142.100006103515625</ele>
    </trkpt>
    <trkpt lat="45.610164983" lon="15.281573">
        <ele>140.57000732421875</ele>
    </trkpt>
    <trkpt lat="45.610796784" lon="15.2814992">
        <ele>143.580001831054688</ele>
    </trkpt>
    <trkpt lat="45.611130484" lon="15.2819394">
        <ele>142.25</ele>
    </trkpt>
    <trkpt lat="45.611368484" lon="15.282856001">
        <ele>141.979995727539063</ele>
    </trkpt>
    <trkpt lat="45.611701184" lon="15.2836732">
        <ele>141.5</ele>
    </trkpt>
    <trkpt lat="45.611845883" lon="15.284066199">
        <ele>141.149993896484375</ele>
    </trkpt>
    <trkpt lat="45.612039183" lon="15.284490299">
        <ele>140.69000244140625</ele>
    </trkpt>
    <trkpt lat="45.612829284" lon="15.2859175">
        <ele>139.860000610351563</ele>
    </trkpt>
    <trkpt lat="45.612985184" lon="15.286202999">
        <ele>140.160003662109375</ele>
    </trkpt>
    <trkpt lat="45.613221883" lon="15.286542701">
        <ele>141.100006103515625</ele>
    </trkpt>
    <trkpt lat="45.613307683" lon="15.286766201">
        <ele>141.479995727539063</ele>
    </trkpt>
    <trkpt lat="45.613381583" lon="15.2874436">
        <ele>139.899993896484375</ele>
    </trkpt>
    <trkpt lat="45.613434883" lon="15.287690001">
        <ele>139.589996337890625</ele>
    </trkpt>
    <trkpt lat="45.613675784" lon="15.288499">
        <ele>139.490005493164063</ele>
    </trkpt>
    <trkpt lat="45.613680883" lon="15.2886375">
        <ele>139.789993286132813</ele>
    </trkpt>
    <trkpt lat="45.613588084" lon="15.289014">
        <ele>139.610000610351563</ele>
    </trkpt>
    <trkpt lat="45.613625384" lon="15.289214201">
        <ele>139.32000732421875</ele>
    </trkpt>
    <trkpt lat="45.613946584" lon="15.2902929">
        <ele>140.44000244140625</ele>
    </trkpt>
    <trkpt lat="45.614010284" lon="15.290716399">
        <ele>141.19000244140625</ele>
    </trkpt>
    <trkpt lat="45.614046984" lon="15.2911628">
        <ele>142.5</ele>
    </trkpt>
    <trkpt lat="45.614126384" lon="15.291778701">
        <ele>146.389999389648438</ele>
    </trkpt>
    <trkpt lat="45.614157684" lon="15.292178901">
        <ele>145.57000732421875</ele>
    </trkpt>
    <trkpt lat="45.614232083" lon="15.2926485">
        <ele>145.399993896484375</ele>
    </trkpt>
    <trkpt lat="45.614409284" lon="15.2930264">
        <ele>144.330001831054688</ele>
    </trkpt>
    <trkpt lat="45.614667083" lon="15.293543199">
        <ele>142.729995727539063</ele>
    </trkpt>
    <trkpt lat="45.614894183" lon="15.294475299">
        <ele>141.360000610351563</ele>
    </trkpt>
    <trkpt lat="45.615049184" lon="15.2950454">
        <ele>140.600006103515625</ele>
    </trkpt>
    <trkpt lat="45.615311584" lon="15.2948417">
        <ele>140.92999267578125</ele>
    </trkpt>
    <trkpt lat="45.615701184" lon="15.2946046">
        <ele>141.57000732421875</ele>
    </trkpt>
    <trkpt lat="45.615977484" lon="15.2943648">
        <ele>142.3800048828125</ele>
    </trkpt>
    <trkpt lat="45.616491584" lon="15.2938368">
        <ele>144.050003051757813</ele>
    </trkpt>
    <trkpt lat="45.616763283" lon="15.2934936">
        <ele>145.419998168945313</ele>
    </trkpt>
    <trkpt lat="45.617089183" lon="15.2927786">
        <ele>150.289993286132813</ele>
    </trkpt>
    <trkpt lat="45.617347183" lon="15.2921114">
        <ele>151.160003662109375</ele>
    </trkpt>
    <trkpt lat="45.617575584" lon="15.291699">
        <ele>151.990005493164063</ele>
    </trkpt>
    <trkpt lat="45.618113984" lon="15.291122901">
        <ele>152.529998779296875</ele>
    </trkpt>
    <trkpt lat="45.618608584" lon="15.2906361">
        <ele>153.330001831054688</ele>
    </trkpt>
    <trkpt lat="45.619011284" lon="15.290107501">
        <ele>152.17999267578125</ele>
    </trkpt>
    <trkpt lat="45.619231983" lon="15.289874301">
        <ele>150.419998168945313</ele>
    </trkpt>
    <trkpt lat="45.619426384" lon="15.289516901">
        <ele>148.699996948242188</ele>
    </trkpt>
    <trkpt lat="45.619619384" lon="15.2896833">
        <ele>146.94000244140625</ele>
    </trkpt>
    <trkpt lat="45.619793084" lon="15.289863401">
        <ele>145.899993896484375</ele>
    </trkpt>
    <trkpt lat="45.620959384" lon="15.2914686">
        <ele>142.460006713867188</ele>
    </trkpt>
    <trkpt lat="45.621226883" lon="15.2918559">
        <ele>142.419998168945313</ele>
    </trkpt>
    <trkpt lat="45.621510884" lon="15.2923537">
        <ele>143.17999267578125</ele>
    </trkpt>
    <trkpt lat="45.621751584" lon="15.2928237">
        <ele>144.600006103515625</ele>
    </trkpt>
    <trkpt lat="45.622160884" lon="15.293494401">
        <ele>146.30999755859375</ele>
    </trkpt>
    <trkpt lat="45.622483684" lon="15.2939855">
        <ele>147.3800048828125</ele>
    </trkpt>
    <trkpt lat="45.623328884" lon="15.294945501">
        <ele>145.210006713867188</ele>
    </trkpt>
    <trkpt lat="45.623979384" lon="15.2953857">
        <ele>144.539993286132813</ele>
    </trkpt>
    <trkpt lat="45.624347384" lon="15.2956665">
        <ele>143.899993896484375</ele>
    </trkpt>
    <trkpt lat="45.624935283" lon="15.2959081">
        <ele>143.210006713867188</ele>
    </trkpt>
    <trkpt lat="45.625701483" lon="15.296081401">
        <ele>142.460006713867188</ele>
    </trkpt>
    <trkpt lat="45.625964984" lon="15.2961316">
        <ele>142.110000610351563</ele>
    </trkpt>
    <trkpt lat="45.626218784" lon="15.2960944">
        <ele>142.800003051757813</ele>
    </trkpt>
    <trkpt lat="45.626559483" lon="15.2959116">
        <ele>142.789993286132813</ele>
    </trkpt>
    <trkpt lat="45.626850984" lon="15.295911">
        <ele>142.75</ele>
    </trkpt>
    <trkpt lat="45.627083084" lon="15.295926">
        <ele>141.259994506835938</ele>
    </trkpt>
    <trkpt lat="45.627315684" lon="15.2957771">
        <ele>138.669998168945313</ele>
    </trkpt>
    <trkpt lat="45.627543683" lon="15.2954873">
        <ele>138.229995727539063</ele>
    </trkpt>
    <trkpt lat="45.627732584" lon="15.295317601">
        <ele>138.94000244140625</ele>
    </trkpt>
    <trkpt lat="45.628024684" lon="15.295080599">
        <ele>140.350006103515625</ele>
    </trkpt>
    <trkpt lat="45.628592184" lon="15.2969458">
        <ele>140.449996948242188</ele>
    </trkpt>
    <trkpt lat="45.628838984" lon="15.2975319">
        <ele>143.610000610351563</ele>
    </trkpt>
    <trkpt lat="45.629314983" lon="15.299235101">
        <ele>153.94000244140625</ele>
    </trkpt>
    <trkpt lat="45.629540083" lon="15.2998596">
        <ele>156.740005493164063</ele>
    </trkpt>
    <trkpt lat="45.629792784" lon="15.300276501">
        <ele>157.779998779296875</ele>
    </trkpt>
    <trkpt lat="45.630207184" lon="15.3007713">
        <ele>157.649993896484375</ele>
    </trkpt>
    <trkpt lat="45.630844983" lon="15.301521199">
        <ele>154.67999267578125</ele>
    </trkpt>
    <trkpt lat="45.631221883" lon="15.3018926">
        <ele>152.57000732421875</ele>
    </trkpt>
    <trkpt lat="45.632013984" lon="15.3025048">
        <ele>148.82000732421875</ele>
    </trkpt>
    <trkpt lat="45.633054084" lon="15.303187701">
        <ele>148.419998168945313</ele>
    </trkpt>
    <trkpt lat="45.633544484" lon="15.303552">
        <ele>150.360000610351563</ele>
    </trkpt>
    <trkpt lat="45.633940384" lon="15.3038851">
        <ele>153.699996948242188</ele>
    </trkpt>
    <trkpt lat="45.634559384" lon="15.3046042">
        <ele>159.910003662109375</ele>
    </trkpt>
    <trkpt lat="45.634941684" lon="15.304960301">
        <ele>163.399993896484375</ele>
    </trkpt>
    <trkpt lat="45.635523884" lon="15.305302099">
        <ele>167.360000610351563</ele>
    </trkpt>
    <trkpt lat="45.635971184" lon="15.3056201">
        <ele>169.800003051757813</ele>
    </trkpt>
    <trkpt lat="45.636310383" lon="15.3059452">
        <ele>171.800003051757813</ele>
    </trkpt>
    <trkpt lat="45.636606484" lon="15.3062854">
        <ele>173.100006103515625</ele>
    </trkpt>
    <trkpt lat="45.636943184" lon="15.3065643">
        <ele>174.610000610351563</ele>
    </trkpt>
    <trkpt lat="45.637115684" lon="15.306642201">
        <ele>175.029998779296875</ele>
    </trkpt>
    <trkpt lat="45.637822384" lon="15.3068693">
        <ele>175.410003662109375</ele>
    </trkpt>
    <trkpt lat="45.638485684" lon="15.3071423">
        <ele>173.460006713867188</ele>
    </trkpt>
    <trkpt lat="45.638873884" lon="15.3073215">
        <ele>170.92999267578125</ele>
    </trkpt>
    <trkpt lat="45.639180984" lon="15.307577201">
        <ele>168.539993286132813</ele>
    </trkpt>
    <trkpt lat="45.639487884" lon="15.3078713">
        <ele>165.889999389648438</ele>
    </trkpt>
    <trkpt lat="45.639797184" lon="15.308304">
        <ele>162.729995727539063</ele>
    </trkpt>
    <trkpt lat="45.640060583" lon="15.308728799">
        <ele>160.050003051757813</ele>
    </trkpt>
    <trkpt lat="45.640355784" lon="15.309369299">
        <ele>156.92999267578125</ele>
    </trkpt>
    <trkpt lat="45.640581584" lon="15.3097323">
        <ele>155.149993896484375</ele>
    </trkpt>
    <trkpt lat="45.640796783" lon="15.3099875">
        <ele>153.830001831054688</ele>
    </trkpt>
    <trkpt lat="45.641109384" lon="15.3102124">
        <ele>152.19000244140625</ele>
    </trkpt>
    <trkpt lat="45.641508484" lon="15.3103686">
        <ele>149.979995727539063</ele>
    </trkpt>
    <trkpt lat="45.641783484" lon="15.3104624">
        <ele>148.910003662109375</ele>
    </trkpt>
    <trkpt lat="45.642145084" lon="15.3105414">
        <ele>147.8800048828125</ele>
    </trkpt>
    <trkpt lat="45.642752084" lon="15.3106526">
        <ele>147.550003051757813</ele>
    </trkpt>
    <trkpt lat="45.643145684" lon="15.3108549">
        <ele>147.3699951171875</ele>
    </trkpt>
    <trkpt lat="45.643554983" lon="15.311249699">
        <ele>147.279998779296875</ele>
    </trkpt>
    <trkpt lat="45.644061084" lon="15.3117605">
        <ele>149.350006103515625</ele>
    </trkpt>
    <trkpt lat="45.644502284" lon="15.3122941">
        <ele>153.330001831054688</ele>
    </trkpt>
    <trkpt lat="45.644972184" lon="15.3131973">
        <ele>158.149993896484375</ele>
    </trkpt>
    <trkpt lat="45.645246083" lon="15.313729999">
        <ele>159.779998779296875</ele>
    </trkpt>
    <trkpt lat="45.645559984" lon="15.3143546">
        <ele>160.009994506835938</ele>
    </trkpt>
    <trkpt lat="45.645676984" lon="15.3149941">
        <ele>159.07000732421875</ele>
    </trkpt>
    <trkpt lat="45.645728884" lon="15.315756499">
        <ele>157.639999389648438</ele>
    </trkpt>
    <trkpt lat="45.645814184" lon="15.316149501">
        <ele>156.740005493164063</ele>
    </trkpt>
    <trkpt lat="45.645969784" lon="15.316512199">
        <ele>156.720001220703125</ele>
    </trkpt>
    <trkpt lat="45.646443384" lon="15.317053699">
        <ele>157.289993286132813</ele>
    </trkpt>
    <trkpt lat="45.646766483" lon="15.3173327">
        <ele>156.30999755859375</ele>
    </trkpt>
    <trkpt lat="45.646992884" lon="15.3174725">
        <ele>155.82000732421875</ele>
    </trkpt>
    <trkpt lat="45.647413384" lon="15.317675">
        <ele>156.600006103515625</ele>
    </trkpt>
    <trkpt lat="45.647872084" lon="15.3177623">
        <ele>159.3699951171875</ele>
    </trkpt>
    <trkpt lat="45.648191184" lon="15.3177435">
        <ele>160.729995727539063</ele>
    </trkpt>
    <trkpt lat="45.648588284" lon="15.3175733">
        <ele>160.399993896484375</ele>
    </trkpt>
    <trkpt lat="45.648874384" lon="15.317319801">
        <ele>158.899993896484375</ele>
    </trkpt>
    <trkpt lat="45.649345284" lon="15.3166742">
        <ele>157.1300048828125</ele>
    </trkpt>
    <trkpt lat="45.649534384" lon="15.3165098">
        <ele>156.789993286132813</ele>
    </trkpt>
    <trkpt lat="45.649800584" lon="15.3164355">
        <ele>155.639999389648438</ele>
    </trkpt>
    <trkpt lat="45.650085883" lon="15.3164647">
        <ele>154.330001831054688</ele>
    </trkpt>
    <trkpt lat="45.650335084" lon="15.3164316">
        <ele>153.800003051757813</ele>
    </trkpt>
    <trkpt lat="45.650591783" lon="15.3163089">
        <ele>153.3699951171875</ele>
    </trkpt>
    <trkpt lat="45.650892083" lon="15.3161244">
        <ele>152.919998168945313</ele>
    </trkpt>
    <trkpt lat="45.651284784" lon="15.3157887">
        <ele>152.449996948242188</ele>
    </trkpt>
    <trkpt lat="45.651497884" lon="15.315713999">
        <ele>152.949996948242188</ele>
    </trkpt>
    <trkpt lat="45.651768483" lon="15.3157845">
        <ele>153.94000244140625</ele>
    </trkpt>
    <trkpt lat="45.651971284" lon="15.3159098">
        <ele>154.6199951171875</ele>
    </trkpt>
    <trkpt lat="45.651971284" lon="15.3159236">
        <ele>154.779998779296875</ele>
    </trkpt>
    <trkpt lat="45.652177584" lon="15.315892999">
        <ele>154.970001220703125</ele>
    </trkpt>
    <trkpt lat="45.652664784" lon="15.3154416">
        <ele>155.92999267578125</ele>
    </trkpt>
    <trkpt lat="45.652897784" lon="15.3151272">
        <ele>156.839996337890625</ele>
    </trkpt>
    <trkpt lat="45.653137084" lon="15.3144819">
        <ele>158.0</ele>
    </trkpt>
    <trkpt lat="45.653414284" lon="15.313806">
        <ele>159.57000732421875</ele>
    </trkpt>
    <trkpt lat="45.653616412" lon="15.313189284">
        <ele>162.360000610351563</ele>
    </trkpt>
    <trkpt lat="45.653622682" lon="15.313038355">
        <ele>162.830001831054688</ele>
    </trkpt>
    <trkpt lat="45.653722396" lon="15.312772672">
        <ele>164.169998168945313</ele>
    </trkpt>
    <trkpt lat="45.6538763" lon="15.312433512">
        <ele>163.92999267578125</ele>
    </trkpt>
    <trkpt lat="45.653930774" lon="15.312257392">
        <ele>164.229995727539063</ele>
    </trkpt>
    <trkpt lat="45.653976285" lon="15.312068388">
        <ele>164.589996337890625</ele>
    </trkpt>
    <trkpt lat="45.653934082" lon="15.311872479">
        <ele>165.3699951171875</ele>
    </trkpt>
    <trkpt lat="45.653858407" lon="15.311576945">
        <ele>166.910003662109375</ele>
    </trkpt>
    <trkpt lat="45.653780707" lon="15.3111996">
        <ele>168.110000610351563</ele>
    </trkpt>
    <trkpt lat="45.653715239" lon="15.310461455">
        <ele>169.860000610351563</ele>
    </trkpt>
    <trkpt lat="45.653855605" lon="15.310135045">
        <ele>170.339996337890625</ele>
    </trkpt>
    <trkpt lat="45.654256845" lon="15.309835743">
        <ele>172.6199951171875</ele>
    </trkpt>
    <trkpt lat="45.654482552" lon="15.309561126">
        <ele>173.009994506835938</ele>
    </trkpt>
    <trkpt lat="45.654663703" lon="15.30912587">
        <ele>174.789993286132813</ele>
    </trkpt>
    <trkpt lat="45.655084767" lon="15.308153023">
        <ele>179.710006713867188</ele>
    </trkpt>
    <trkpt lat="45.655509264" lon="15.307501807">
        <ele>181.07000732421875</ele>
    </trkpt>
    <trkpt lat="45.655839171" lon="15.30702802">
        <ele>182.94000244140625</ele>
    </trkpt>
    <trkpt lat="45.656105153" lon="15.306830595">
        <ele>183.220001220703125</ele>
    </trkpt>
    <trkpt lat="45.656495585" lon="15.30719844">
        <ele>184.839996337890625</ele>
    </trkpt>
    <trkpt lat="45.65680107" lon="15.307366932">
        <ele>185.080001831054688</ele>
    </trkpt>
    <trkpt lat="45.656955585" lon="15.307347658">
        <ele>185.279998779296875</ele>
    </trkpt>
    <trkpt lat="45.65726906" lon="15.307337428">
        <ele>186.029998779296875</ele>
    </trkpt>
    <trkpt lat="45.657486344" lon="15.307206497">
        <ele>186.800003051757813</ele>
    </trkpt>
    <trkpt lat="45.658619205" lon="15.308563318">
        <ele>190.600006103515625</ele>
    </trkpt>
    <trkpt lat="45.658876615" lon="15.308494752">
        <ele>193.990005493164063</ele>
    </trkpt>
    <trkpt lat="45.659061426" lon="15.308367452">
        <ele>196.009994506835938</ele>
    </trkpt>
    <trkpt lat="45.659320495" lon="15.308405089">
        <ele>197.270004272460938</ele>
    </trkpt>
    <trkpt lat="45.659523166" lon="15.308172088">
        <ele>200.17999267578125</ele>
    </trkpt>
    <trkpt lat="45.659611843" lon="15.30780587">
        <ele>203.160003662109375</ele>
    </trkpt>
    <trkpt lat="45.659626089" lon="15.307530054">
        <ele>204.57000732421875</ele>
    </trkpt>
    <trkpt lat="45.659784319" lon="15.307248614">
        <ele>205.6199951171875</ele>
    </trkpt>
    <trkpt lat="45.659893408" lon="15.306838579">
        <ele>206.740005493164063</ele>
    </trkpt>
    <trkpt lat="45.660155116" lon="15.306557703">
        <ele>210.360000610351563</ele>
    </trkpt>
    <trkpt lat="45.660371296" lon="15.306475479">
        <ele>212.419998168945313</ele>
    </trkpt>
    <trkpt lat="45.660840196" lon="15.306792619">
        <ele>218.0</ele>
    </trkpt>
    <trkpt lat="45.660981715" lon="15.307017801">
        <ele>218.970001220703125</ele>
    </trkpt>
    <trkpt lat="45.661485351" lon="15.307116815">
        <ele>220.529998779296875</ele>
    </trkpt>
    <trkpt lat="45.661966717" lon="15.307132295">
        <ele>224.17999267578125</ele>
    </trkpt>
    <trkpt lat="45.662326104" lon="15.307333182">
        <ele>226.639999389648438</ele>
    </trkpt>
    <trkpt lat="45.662751427" lon="15.30750544">
        <ele>230.330001831054688</ele>
    </trkpt>
    <trkpt lat="45.662973484" lon="15.30751641">
        <ele>233.539993286132813</ele>
    </trkpt>
    <trkpt lat="45.663244001" lon="15.307306153">
        <ele>237.839996337890625</ele>
    </trkpt>
    <trkpt lat="45.663491571" lon="15.3072626">
        <ele>241.089996337890625</ele>
    </trkpt>
    <trkpt lat="45.663649177" lon="15.307212133">
        <ele>243.360000610351563</ele>
    </trkpt>
    <trkpt lat="45.663878508" lon="15.307258311">
        <ele>245.550003051757813</ele>
    </trkpt>
    <trkpt lat="45.664399508" lon="15.30746043">
        <ele>251.910003662109375</ele>
    </trkpt>
    <trkpt lat="45.664646616" lon="15.307718128">
        <ele>253.860000610351563</ele>
    </trkpt>
    <trkpt lat="45.664946939" lon="15.308130457">
        <ele>256.57000732421875</ele>
    </trkpt>
    <trkpt lat="45.665234252" lon="15.308363047">
        <ele>260.92999267578125</ele>
    </trkpt>
    <trkpt lat="45.66576523" lon="15.308333895">
        <ele>267.670013427734375</ele>
    </trkpt>
    <trkpt lat="45.666486004" lon="15.307997778">
        <ele>278.04998779296875</ele>
    </trkpt>
    <trkpt lat="45.666864099" lon="15.307935694">
        <ele>280.70001220703125</ele>
    </trkpt>
    <trkpt lat="45.667106805" lon="15.308026871">
        <ele>282.790008544921875</ele>
    </trkpt>
    <trkpt lat="45.667336083" lon="15.308092307">
        <ele>285.010009765625</ele>
    </trkpt>
    <trkpt lat="45.667745462" lon="15.308107401">
        <ele>289.20001220703125</ele>
    </trkpt>
    <trkpt lat="45.66797092" lon="15.307922549">
        <ele>291.850006103515625</ele>
    </trkpt>
    <trkpt lat="45.668165529" lon="15.307500092">
        <ele>296.850006103515625</ele>
    </trkpt>
    <trkpt lat="45.668323395" lon="15.307353367">
        <ele>297.989990234375</ele>
    </trkpt>
    <trkpt lat="45.668522517" lon="15.306924513">
        <ele>302.6199951171875</ele>
    </trkpt>
    <trkpt lat="45.668749324" lon="15.306239121">
        <ele>305.3800048828125</ele>
    </trkpt>
    <trkpt lat="45.668911965" lon="15.305989741">
        <ele>306.1199951171875</ele>
    </trkpt>
    <trkpt lat="45.669299351" lon="15.305818599">
        <ele>307.339996337890625</ele>
    </trkpt>
    <trkpt lat="45.669801827" lon="15.306347572">
        <ele>311.899993896484375</ele>
    </trkpt>
    <trkpt lat="45.670231624" lon="15.307132851">
        <ele>312.30999755859375</ele>
    </trkpt>
    <trkpt lat="45.6704358" lon="15.307421433">
        <ele>310.649993896484375</ele>
    </trkpt>
    <trkpt lat="45.67093931" lon="15.308018593">
        <ele>313.3800048828125</ele>
    </trkpt>
    <trkpt lat="45.67192462" lon="15.307897913">
        <ele>315.6199951171875</ele>
    </trkpt>
    <trkpt lat="45.672273138" lon="15.307951097">
        <ele>316.279998779296875</ele>
    </trkpt>
    <trkpt lat="45.672471131" lon="15.307939354">
        <ele>316.839996337890625</ele>
    </trkpt>
    <trkpt lat="45.67262832" lon="15.308042904">
        <ele>318.1199951171875</ele>
    </trkpt>
    <trkpt lat="45.672858063" lon="15.307936677">
        <ele>317.779998779296875</ele>
    </trkpt>
    <trkpt lat="45.673373641" lon="15.307363531">
        <ele>315.470001220703125</ele>
    </trkpt>
    <trkpt lat="45.67460651" lon="15.30565675">
        <ele>319.269989013671875</ele>
    </trkpt>
    <trkpt lat="45.6748049" lon="15.305497389">
        <ele>318.82000732421875</ele>
    </trkpt>
    <trkpt lat="45.675669306" lon="15.30528391">
        <ele>314.399993896484375</ele>
    </trkpt>
    <trkpt lat="45.675975622" lon="15.305144389">
        <ele>313.350006103515625</ele>
    </trkpt>
    <trkpt lat="45.676503029" lon="15.304768607">
        <ele>313.529998779296875</ele>
    </trkpt>
    <trkpt lat="45.677338758" lon="15.303502371">
        <ele>313.160003662109375</ele>
    </trkpt>
    <trkpt lat="45.677717776" lon="15.303093667">
        <ele>315.3599853515625</ele>
    </trkpt>
    <trkpt lat="45.677912092" lon="15.302773812">
        <ele>318.029998779296875</ele>
    </trkpt>
    <trkpt lat="45.67798459" lon="15.302581657">
        <ele>320.209991455078125</ele>
    </trkpt>
    <trkpt lat="45.678187817" lon="15.302293935">
        <ele>323.45001220703125</ele>
    </trkpt>
    <trkpt lat="45.678381891" lon="15.302063929">
        <ele>325.149993896484375</ele>
    </trkpt>
    <trkpt lat="45.678611565" lon="15.301981735">
        <ele>328.010009765625</ele>
    </trkpt>
    <trkpt lat="45.67890881" lon="15.301867813">
        <ele>331.459991455078125</ele>
    </trkpt>
    <trkpt lat="45.679372708" lon="15.301684189">
        <ele>333.220001220703125</ele>
    </trkpt>
    <trkpt lat="45.679401984" lon="15.301703801">
        <ele>333.3900146484375</ele>
    </trkpt>
    <trkpt lat="45.679676684" lon="15.3019749">
        <ele>335.149993896484375</ele>
    </trkpt>
    <trkpt lat="45.679999984" lon="15.3021846">
        <ele>331.510009765625</ele>
    </trkpt>
    <trkpt lat="45.680161583" lon="15.3023318">
        <ele>329.95001220703125</ele>
    </trkpt>
    <trkpt lat="45.680419983" lon="15.3026105">
        <ele>325.25</ele>
    </trkpt>
    <trkpt lat="45.680469784" lon="15.303103">
        <ele>323.30999755859375</ele>
    </trkpt>
    <trkpt lat="45.680527684" lon="15.3036425">
        <ele>322.670013427734375</ele>
    </trkpt>
    <trkpt lat="45.680684083" lon="15.3037204">
        <ele>323.730010986328125</ele>
    </trkpt>
    <trkpt lat="45.680844883" lon="15.3041603">
        <ele>327.850006103515625</ele>
    </trkpt>
    <trkpt lat="45.680957883" lon="15.304307199">
        <ele>329.79998779296875</ele>
    </trkpt>
    <trkpt lat="45.681184384" lon="15.304400901">
        <ele>333.100006103515625</ele>
    </trkpt>
    <trkpt lat="45.681486883" lon="15.304317799">
        <ele>336.29998779296875</ele>
    </trkpt>
    <trkpt lat="45.681735483" lon="15.3042499">
        <ele>336.010009765625</ele>
    </trkpt>
    <trkpt lat="45.681990084" lon="15.3039278">
        <ele>334.980010986328125</ele>
    </trkpt>
    <trkpt lat="45.682276483" lon="15.303844601">
        <ele>334.510009765625</ele>
    </trkpt>
    <trkpt lat="45.682615483" lon="15.304247">
        <ele>331.1099853515625</ele>
    </trkpt>
    <trkpt lat="45.682798384" lon="15.3044944">
        <ele>329.92999267578125</ele>
    </trkpt>
    <trkpt lat="45.683030384" lon="15.304564999">
        <ele>328.040008544921875</ele>
    </trkpt>
    <trkpt lat="45.683184284" lon="15.3045351">
        <ele>326.600006103515625</ele>
    </trkpt>
    <trkpt lat="45.683346784" lon="15.304335701">
        <ele>324.95001220703125</ele>
    </trkpt>
    <trkpt lat="45.683477683" lon="15.3038588">
        <ele>320.769989013671875</ele>
    </trkpt>
    <trkpt lat="45.683684984" lon="15.3030666">
        <ele>314.5</ele>
    </trkpt>
    <trkpt lat="45.683925284" lon="15.302028001">
        <ele>308.45001220703125</ele>
    </trkpt>
    <trkpt lat="45.684132483" lon="15.3012512">
        <ele>307.82000732421875</ele>
    </trkpt>
    <trkpt lat="45.684316983" lon="15.3009055">
        <ele>305.459991455078125</ele>
    </trkpt>
    <trkpt lat="45.684539183" lon="15.3005755">
        <ele>302.69000244140625</ele>
    </trkpt>
    <trkpt lat="45.684620584" lon="15.3004142">
        <ele>302.1099853515625</ele>
    </trkpt>
    <trkpt lat="45.684648483" lon="15.3000985">
        <ele>301.100006103515625</ele>
    </trkpt>
    <trkpt lat="45.684601184" lon="15.2995976">
        <ele>300.92999267578125</ele>
    </trkpt>
    <trkpt lat="45.684569884" lon="15.2991661">
        <ele>302.290008544921875</ele>
    </trkpt>
    <trkpt lat="45.684565484" lon="15.298811701">
        <ele>303.69000244140625</ele>
    </trkpt>
    <trkpt lat="45.684561184" lon="15.298380301">
        <ele>305.769989013671875</ele>
    </trkpt>
    <trkpt lat="45.684605083" lon="15.298126399">
        <ele>306.459991455078125</ele>
    </trkpt>
    <trkpt lat="45.684703383" lon="15.297695501">
        <ele>307.44000244140625</ele>
    </trkpt>
    <trkpt lat="45.684752984" lon="15.297303">
        <ele>310.040008544921875</ele>
    </trkpt>
    <trkpt lat="45.684781284" lon="15.2967947">
        <ele>313.80999755859375</ele>
    </trkpt>
    <trkpt lat="45.684788083" lon="15.2962633">
        <ele>315.67999267578125</ele>
    </trkpt>
    <trkpt lat="45.684783983" lon="15.2957703">
        <ele>316.1400146484375</ele>
    </trkpt>
    <trkpt lat="45.684747284" lon="15.295354099">
        <ele>316.1300048828125</ele>
    </trkpt>
    <trkpt lat="45.684704584" lon="15.2951459">
        <ele>316.19000244140625</ele>
    </trkpt>
    <trkpt lat="45.684533084" lon="15.294652">
        <ele>316.5</ele>
    </trkpt>
    <trkpt lat="45.684409983" lon="15.2942585">
        <ele>316.769989013671875</ele>
    </trkpt>
    <trkpt lat="45.684185183" lon="15.293494801">
        <ele>320.29998779296875</ele>
    </trkpt>
    <trkpt lat="45.684083783" lon="15.293055199">
        <ele>321.829986572265625</ele>
    </trkpt>
    <trkpt lat="45.684057883" lon="15.2926314">
        <ele>320.720001220703125</ele>
    </trkpt>
    <trkpt lat="45.683339084" lon="15.2907867">
        <ele>315.420013427734375</ele>
    </trkpt>
    <trkpt lat="45.682861184" lon="15.2897752">
        <ele>313.339996337890625</ele>
    </trkpt>
    <trkpt lat="45.682447583" lon="15.2889489">
        <ele>312.8900146484375</ele>
    </trkpt>
    <trkpt lat="45.682374398" lon="15.288842054">
        <ele>313.54998779296875</ele>
    </trkpt>
    <trkpt lat="45.682291534" lon="15.288697203">
        <ele>314.32000732421875</ele>
    </trkpt>
    <trkpt lat="45.682175114" lon="15.288387883">
        <ele>315.05999755859375</ele>
    </trkpt>
    <trkpt lat="45.682087535" lon="15.288063154">
        <ele>315.149993896484375</ele>
    </trkpt>
    <trkpt lat="45.682093655" lon="15.287778301">
        <ele>314.220001220703125</ele>
    </trkpt>
    <trkpt lat="45.682223253" lon="15.287236586">
        <ele>313.6300048828125</ele>
    </trkpt>
    <trkpt lat="45.682234947" lon="15.287060131">
        <ele>312.94000244140625</ele>
    </trkpt>
    <trkpt lat="45.682228475" lon="15.28695098">
        <ele>312.1199951171875</ele>
    </trkpt>
    <trkpt lat="45.682103093" lon="15.286716051">
        <ele>310.1099853515625</ele>
    </trkpt>
    <trkpt lat="45.681995787" lon="15.286449123">
        <ele>308.959991455078125</ele>
    </trkpt>
    <trkpt lat="45.682041685" lon="15.286207284">
        <ele>309.1199951171875</ele>
    </trkpt>
    <trkpt lat="45.682168112" lon="15.285910836">
        <ele>311.670013427734375</ele>
    </trkpt>
    <trkpt lat="45.68236704" lon="15.28552673">
        <ele>314.959991455078125</ele>
    </trkpt>
    <trkpt lat="45.682455175" lon="15.285366712">
        <ele>316.410003662109375</ele>
    </trkpt>
    <trkpt lat="45.682498551" lon="15.285260245">
        <ele>317.3699951171875</ele>
    </trkpt>
    <trkpt lat="45.682573984" lon="15.2847972">
        <ele>316.019989013671875</ele>
    </trkpt>
    <trkpt lat="45.682628783" lon="15.284466301">
        <ele>313.920013427734375</ele>
    </trkpt>
    <trkpt lat="45.682586283" lon="15.2841734">
        <ele>312.8900146484375</ele>
    </trkpt>
    <trkpt lat="45.682381983" lon="15.2838411">
        <ele>312.1199951171875</ele>
    </trkpt>
    <trkpt lat="45.682323184" lon="15.2836097">
        <ele>312.540008544921875</ele>
    </trkpt>
    <trkpt lat="45.682709384" lon="15.2824486">
        <ele>316.30999755859375</ele>
    </trkpt>
    <trkpt lat="45.682618184" lon="15.2822325">
        <ele>315.040008544921875</ele>
    </trkpt>
    <trkpt lat="45.682279484" lon="15.281645399">
        <ele>312.720001220703125</ele>
    </trkpt>
    <trkpt lat="45.682382884" lon="15.2812993">
        <ele>312.720001220703125</ele>
    </trkpt>
    <trkpt lat="45.682865084" lon="15.2808522">
        <ele>315.19000244140625</ele>
    </trkpt>
    <trkpt lat="45.683010484" lon="15.280735599">
        <ele>316.04998779296875</ele>
    </trkpt>
    <trkpt lat="45.683668983" lon="15.2804491">
        <ele>317.79998779296875</ele>
    </trkpt>
    <trkpt lat="45.683950983" lon="15.2803366">
        <ele>320.8699951171875</ele>
    </trkpt>
    <trkpt lat="45.684269884" lon="15.2802073">
        <ele>322.329986572265625</ele>
    </trkpt>
    <trkpt lat="45.684539683" lon="15.280262599">
        <ele>321.8699951171875</ele>
    </trkpt>
    <trkpt lat="45.684826083" lon="15.280148501">
        <ele>320.75</ele>
    </trkpt>
    <trkpt lat="45.685320183" lon="15.2801279">
        <ele>317.959991455078125</ele>
    </trkpt>
    <trkpt lat="45.685790184" lon="15.2799916">
        <ele>318.32000732421875</ele>
    </trkpt>
    <trkpt lat="45.686092784" lon="15.2798775">
        <ele>319.45001220703125</ele>
    </trkpt>
    <trkpt lat="45.686276683" lon="15.279755199">
        <ele>320.920013427734375</ele>
    </trkpt>
    <trkpt lat="45.686520384" lon="15.279448301">
        <ele>323.1300048828125</ele>
    </trkpt>
    <trkpt lat="45.686677284" lon="15.2793181">
        <ele>324.67999267578125</ele>
    </trkpt>
    <trkpt lat="45.686828884" lon="15.279133999">
        <ele>326.54998779296875</ele>
    </trkpt>
    <trkpt lat="45.687066384" lon="15.2791814">
        <ele>330.730010986328125</ele>
    </trkpt>
    <trkpt lat="45.687181084" lon="15.2791487">
        <ele>332.959991455078125</ele>
    </trkpt>
    <trkpt lat="45.687244683" lon="15.279097599">
        <ele>334.489990234375</ele>
    </trkpt>
    <trkpt lat="45.687228984" lon="15.2789126">
        <ele>335.80999755859375</ele>
    </trkpt>
    <trkpt lat="45.687277784" lon="15.2788204">
        <ele>336.839996337890625</ele>
    </trkpt>
    <trkpt lat="45.687426483" lon="15.2787287">
        <ele>339.769989013671875</ele>
    </trkpt>
    <trkpt lat="45.687745884" lon="15.2783683">
        <ele>342.959991455078125</ele>
    </trkpt>
    <trkpt lat="45.688173384" lon="15.2779699">
        <ele>342.44000244140625</ele>
    </trkpt>
    <trkpt lat="45.688417084" lon="15.277678301">
        <ele>340.540008544921875</ele>
    </trkpt>
    <trkpt lat="45.688909284" lon="15.277311">
        <ele>340.399993896484375</ele>
    </trkpt>
    <trkpt lat="45.689373884" lon="15.2771824">
        <ele>342.1300048828125</ele>
    </trkpt>
    <trkpt lat="45.689676483" lon="15.2770606">
        <ele>342.94000244140625</ele>
    </trkpt>
    <trkpt lat="45.689771907" lon="15.277015447">
        <ele>342.910003662109375</ele>
    </trkpt>
    <trkpt lat="45.689795384" lon="15.277015">
        <ele>342.94000244140625</ele>
    </trkpt>
    <trkpt lat="45.689954183" lon="15.2772007">
        <ele>343.3800048828125</ele>
    </trkpt>
    <trkpt lat="45.690067884" lon="15.277085699">
        <ele>342.920013427734375</ele>
    </trkpt>
    <trkpt lat="45.690766784" lon="15.2760954">
        <ele>345.5</ele>
    </trkpt>
    <trkpt lat="45.690864384" lon="15.2759033">
        <ele>345.82000732421875</ele>
    </trkpt>
    <trkpt lat="45.691270483" lon="15.275443099">
        <ele>352.980010986328125</ele>
    </trkpt>
    <trkpt lat="45.691346383" lon="15.2752817">
        <ele>355.649993896484375</ele>
    </trkpt>
    <trkpt lat="45.691595284" lon="15.275082601">
        <ele>361.010009765625</ele>
    </trkpt>
    <trkpt lat="45.691779084" lon="15.2749757">
        <ele>364.970001220703125</ele>
    </trkpt>
    <trkpt lat="45.692022483" lon="15.274768899">
        <ele>368.79998779296875</ele>
    </trkpt>
    <trkpt lat="45.692168784" lon="15.2745847">
        <ele>370.489990234375</ele>
    </trkpt>
    <trkpt lat="45.692386084" lon="15.2740311">
        <ele>371.579986572265625</ele>
    </trkpt>
    <trkpt lat="45.692565183" lon="15.273771899">
        <ele>371.3800048828125</ele>
    </trkpt>
    <trkpt lat="45.692689584" lon="15.2735164">
        <ele>371.8800048828125</ele>
    </trkpt>
    <trkpt lat="45.692798083" lon="15.2733166">
        <ele>373.529998779296875</ele>
    </trkpt>
    <trkpt lat="45.692934084" lon="15.2728859">
        <ele>376.1099853515625</ele>
    </trkpt>
    <trkpt lat="45.693142784" lon="15.272898201">
        <ele>375.850006103515625</ele>
    </trkpt>
    <trkpt lat="45.693383583" lon="15.272678801">
        <ele>379.209991455078125</ele>
    </trkpt>
    <trkpt lat="45.693472683" lon="15.2724995">
        <ele>380.399993896484375</ele>
    </trkpt>
    <trkpt lat="45.693546884" lon="15.2721249">
        <ele>382.899993896484375</ele>
    </trkpt>
    <trkpt lat="45.693775083" lon="15.271517401">
        <ele>385.489990234375</ele>
    </trkpt>
    <trkpt lat="45.693840684" lon="15.2711787">
        <ele>386.279998779296875</ele>
    </trkpt>
    <trkpt lat="45.693776684" lon="15.2708548">
        <ele>388.339996337890625</ele>
    </trkpt>
    <trkpt lat="45.693534083" lon="15.2706919">
        <ele>390.8900146484375</ele>
    </trkpt>
    <trkpt lat="45.693264583" lon="15.2705288">
        <ele>393.910003662109375</ele>
    </trkpt>
    <trkpt lat="45.693162484" lon="15.2703203">
        <ele>396.040008544921875</ele>
    </trkpt>
    <trkpt lat="45.693104084" lon="15.2699117">
        <ele>400.010009765625</ele>
    </trkpt>
    <trkpt lat="45.693137984" lon="15.269280099">
        <ele>404.290008544921875</ele>
    </trkpt>
    <trkpt lat="45.693176184" lon="15.269110799">
        <ele>405.019989013671875</ele>
    </trkpt>
    <trkpt lat="45.693328184" lon="15.2687572">
        <ele>406.040008544921875</ele>
    </trkpt>
    <trkpt lat="45.693372184" lon="15.268410699">
        <ele>406.75</ele>
    </trkpt>
    <trkpt lat="45.693346084" lon="15.2680331">
        <ele>408.45001220703125</ele>
    </trkpt>
    <trkpt lat="45.693406483" lon="15.2676174">
        <ele>409.80999755859375</ele>
    </trkpt>
    <trkpt lat="45.693525983" lon="15.2672867">
        <ele>409.489990234375</ele>
    </trkpt>
    <trkpt lat="45.693611682" lon="15.266988693">
        <ele>409.899993896484375</ele>
    </trkpt>
    <trkpt lat="45.693667584" lon="15.2667943">
        <ele>412.339996337890625</ele>
    </trkpt>
    <trkpt lat="45.693646584" lon="15.266501399">
        <ele>413.07000732421875</ele>
    </trkpt>
    <trkpt lat="45.693448384" lon="15.265845599">
        <ele>413.899993896484375</ele>
    </trkpt>
    <trkpt lat="45.693341384" lon="15.265421401">
        <ele>415.94000244140625</ele>
    </trkpt>
    <trkpt lat="45.693142583" lon="15.2650199">
        <ele>418.0</ele>
    </trkpt>
    <trkpt lat="45.692949084" lon="15.26468">
        <ele>418.649993896484375</ele>
    </trkpt>
    <trkpt lat="45.692680183" lon="15.264224101">
        <ele>418.54998779296875</ele>
    </trkpt>
    <trkpt lat="45.692518984" lon="15.263869">
        <ele>418.329986572265625</ele>
    </trkpt>
    <trkpt lat="45.692412284" lon="15.2633369">
        <ele>417.709991455078125</ele>
    </trkpt>
    <trkpt lat="45.692289783" lon="15.2626122">
        <ele>421.05999755859375</ele>
    </trkpt>
    <trkpt lat="45.692188084" lon="15.2622111">
        <ele>422.420013427734375</ele>
    </trkpt>
    <trkpt lat="45.692129984" lon="15.261679299">
        <ele>421.970001220703125</ele>
    </trkpt>
    <trkpt lat="45.692152283" lon="15.2613635">
        <ele>421.910003662109375</ele>
    </trkpt>
    <trkpt lat="45.692266383" lon="15.261032801">
        <ele>422.779998779296875</ele>
    </trkpt>
    <trkpt lat="45.692461584" lon="15.260687">
        <ele>425.850006103515625</ele>
    </trkpt>
    <trkpt lat="45.692576384" lon="15.260078999">
        <ele>426.8699951171875</ele>
    </trkpt>
    <trkpt lat="45.692657784" lon="15.2598944">
        <ele>425.970001220703125</ele>
    </trkpt>
    <trkpt lat="45.692566884" lon="15.2595165">
        <ele>423.920013427734375</ele>
    </trkpt>
    <trkpt lat="45.692496112" lon="15.259055376">
        <ele>420.040008544921875</ele>
    </trkpt>
    <trkpt lat="45.692476384" lon="15.258953699">
        <ele>420.399993896484375</ele>
    </trkpt>
    <trkpt lat="45.692542083" lon="15.2585303">
        <ele>421.70001220703125</ele>
    </trkpt>
    <trkpt lat="45.692629184" lon="15.258214901">
        <ele>421.589996337890625</ele>
    </trkpt>
    <trkpt lat="45.692792084" lon="15.2577919">
        <ele>421.910003662109375</ele>
    </trkpt>
    <trkpt lat="45.693003483" lon="15.2574231">
        <ele>422.410003662109375</ele>
    </trkpt>
    <trkpt lat="45.693085084" lon="15.257153801">
        <ele>423.040008544921875</ele>
    </trkpt>
    <trkpt lat="45.693139884" lon="15.256792">
        <ele>423.790008544921875</ele>
    </trkpt>
    <trkpt lat="45.693173084" lon="15.2564763">
        <ele>424.8900146484375</ele>
    </trkpt>
    <trkpt lat="45.693314184" lon="15.2561225">
        <ele>427.100006103515625</ele>
    </trkpt>
    <trkpt lat="45.693487584" lon="15.255838301">
        <ele>428.489990234375</ele>
    </trkpt>
    <trkpt lat="45.693779883" lon="15.2555007">
        <ele>431.040008544921875</ele>
    </trkpt>
    <trkpt lat="45.694126583" lon="15.2550169">
        <ele>432.529998779296875</ele>
    </trkpt>
    <trkpt lat="45.694381184" lon="15.254602">
        <ele>430.6199951171875</ele>
    </trkpt>
    <trkpt lat="45.694763083" lon="15.2540414">
        <ele>427.519989013671875</ele>
    </trkpt>
    <trkpt lat="45.694979383" lon="15.2538883">
        <ele>426.829986572265625</ele>
    </trkpt>
    <trkpt lat="45.695753784" lon="15.2534065">
        <ele>424.970001220703125</ele>
    </trkpt>
    <trkpt lat="45.696341884" lon="15.253031601">
        <ele>421.8699951171875</ele>
    </trkpt>
    <trkpt lat="45.696482484" lon="15.2528935">
        <ele>420.989990234375</ele>
    </trkpt>
    <trkpt lat="45.696812884" lon="15.2524559">
        <ele>415.25</ele>
    </trkpt>
    <trkpt lat="45.697445584" lon="15.2519734">
        <ele>409.1199951171875</ele>
    </trkpt>
    <trkpt lat="45.697640184" lon="15.251858699">
        <ele>407.1300048828125</ele>
    </trkpt>
    <trkpt lat="45.698169783" lon="15.2516376">
        <ele>405.92999267578125</ele>
    </trkpt>
    <trkpt lat="45.698359084" lon="15.2515075">
        <ele>406.660003662109375</ele>
    </trkpt>
    <trkpt lat="45.698473384" lon="15.2510843">
        <ele>410.07000732421875</ele>
    </trkpt>
    <trkpt lat="45.698668983" lon="15.250515">
        <ele>416.6099853515625</ele>
    </trkpt>
    <trkpt lat="45.698980484" lon="15.250007899">
        <ele>421.05999755859375</ele>
    </trkpt>
    <trkpt lat="45.699505583" lon="15.2493862">
        <ele>425.649993896484375</ele>
    </trkpt>
    <trkpt lat="45.699949284" lon="15.2489335">
        <ele>433.3800048828125</ele>
    </trkpt>
    <trkpt lat="45.700501483" lon="15.248258">
        <ele>442.70001220703125</ele>
    </trkpt>
    <trkpt lat="45.700804884" lon="15.247789301">
        <ele>448.239990234375</ele>
    </trkpt>
    <trkpt lat="45.700924183" lon="15.247543301">
        <ele>451.20001220703125</ele>
    </trkpt>
    <trkpt lat="45.701135884" lon="15.2470049">
        <ele>453.8599853515625</ele>
    </trkpt>
    <trkpt lat="45.701222584" lon="15.246858899">
        <ele>455.05999755859375</ele>
    </trkpt>
    <trkpt lat="45.701514883" lon="15.2465288">
        <ele>459.92999267578125</ele>
    </trkpt>
    <trkpt lat="45.701655984" lon="15.2461904">
        <ele>463.540008544921875</ele>
    </trkpt>
    <trkpt lat="45.701882383" lon="15.2450742">
        <ele>469.55999755859375</ele>
    </trkpt>
    <trkpt lat="45.701872984" lon="15.2444654">
        <ele>474.339996337890625</ele>
    </trkpt>
    <trkpt lat="45.701933284" lon="15.2440419">
        <ele>475.6199951171875</ele>
    </trkpt>
    <trkpt lat="45.702085584" lon="15.243503199">
        <ele>476.3699951171875</ele>
    </trkpt>
    <trkpt lat="45.702231883" lon="15.2432496">
        <ele>477.5</ele>
    </trkpt>
    <trkpt lat="45.702626683" lon="15.24292">
        <ele>479.339996337890625</ele>
    </trkpt>
    <trkpt lat="45.703064483" lon="15.2426984">
        <ele>482.519989013671875</ele>
    </trkpt>
    <trkpt lat="45.703647883" lon="15.24257">
        <ele>482.970001220703125</ele>
    </trkpt>
    <trkpt lat="45.703955584" lon="15.2425713">
        <ele>483.220001220703125</ele>
    </trkpt>
    <trkpt lat="45.704122984" lon="15.2425489">
        <ele>483.769989013671875</ele>
    </trkpt>
    <trkpt lat="45.704350184" lon="15.2423727">
        <ele>486.290008544921875</ele>
    </trkpt>
    <trkpt lat="45.705206584" lon="15.2420605">
        <ele>489.739990234375</ele>
    </trkpt>
    <trkpt lat="45.705616897" lon="15.241739034">
        <ele>493.79998779296875</ele>
    </trkpt>
    <trkpt lat="45.705617584" lon="15.2417155">
        <ele>493.94000244140625</ele>
    </trkpt>
    <trkpt lat="45.705830584" lon="15.241275401">
        <ele>496.3900146484375</ele>
    </trkpt>
    <trkpt lat="45.705995684" lon="15.240965501">
        <ele>498.239990234375</ele>
    </trkpt>
    <trkpt lat="45.706213984" lon="15.2406627">
        <ele>500.260009765625</ele>
    </trkpt>
    <trkpt lat="45.706407884" lon="15.2404357">
        <ele>502.100006103515625</ele>
    </trkpt>
    <trkpt lat="45.706804984" lon="15.2402234">
        <ele>504.8900146484375</ele>
    </trkpt>
    <trkpt lat="45.707066484" lon="15.2400727">
        <ele>506.739990234375</ele>
    </trkpt>
    <trkpt lat="45.707265484" lon="15.239850199">
        <ele>508.600006103515625</ele>
    </trkpt>
    <trkpt lat="45.707585483" lon="15.2391734">
        <ele>511.6099853515625</ele>
    </trkpt>
    <trkpt lat="45.707994784" lon="15.238296">
        <ele>514.02001953125</ele>
    </trkpt>
    <trkpt lat="45.708524883" lon="15.237553801">
        <ele>516.90997314453125</ele>
    </trkpt>
    <trkpt lat="45.709009083" lon="15.2370676">
        <ele>520.46002197265625</ele>
    </trkpt>
    <trkpt lat="45.709394184" lon="15.2370052">
        <ele>522.42999267578125</ele>
    </trkpt>
    <trkpt lat="45.709928084" lon="15.237037">
        <ele>525.70001220703125</ele>
    </trkpt>
    <trkpt lat="45.709938879" lon="15.237028748">
        <ele>525.65997314453125</ele>
    </trkpt>
    <trkpt lat="45.71059628" lon="15.236854673">
        <ele>529.530029296875</ele>
    </trkpt>
    <trkpt lat="45.711239218" lon="15.236692369">
        <ele>533.03997802734375</ele>
    </trkpt>
    <trkpt lat="45.711779962" lon="15.236654204">
        <ele>536.02001953125</ele>
    </trkpt>
    <trkpt lat="45.712041375" lon="15.236430541">
        <ele>537.82000732421875</ele>
    </trkpt>
    <trkpt lat="45.712154776" lon="15.235987893">
        <ele>539.6500244140625</ele>
    </trkpt>
    <trkpt lat="45.712238544" lon="15.234646015">
        <ele>544.8699951171875</ele>
    </trkpt>
    <trkpt lat="45.71241932" lon="15.233921408">
        <ele>547.83001708984375</ele>
    </trkpt>
    <trkpt lat="45.712614473" lon="15.233433802">
        <ele>550.28997802734375</ele>
    </trkpt>
    <trkpt lat="45.71284408" lon="15.233075968">
        <ele>552.16998291015625</ele>
    </trkpt>
    <trkpt lat="45.71376767" lon="15.232214559">
        <ele>558.52001953125</ele>
    </trkpt>
    <trkpt lat="45.71473983" lon="15.23230872">
        <ele>564.03997802734375</ele>
    </trkpt>
    <trkpt lat="45.715859472" lon="15.231285839">
        <ele>571.780029296875</ele>
    </trkpt>
    <trkpt lat="45.716404512" lon="15.230278579">
        <ele>577.40997314453125</ele>
    </trkpt>
    <trkpt lat="45.717339731" lon="15.22990385">
        <ele>582.67999267578125</ele>
    </trkpt>
    <trkpt lat="45.718266713" lon="15.23048453">
        <ele>586.92999267578125</ele>
    </trkpt>
    <trkpt lat="45.719251463" lon="15.230596751">
        <ele>590.97998046875</ele>
    </trkpt>
    <trkpt lat="45.720210153" lon="15.231105481">
        <ele>598.3900146484375</ele>
    </trkpt>
    <trkpt lat="45.721577343" lon="15.232553402">
        <ele>605.9000244140625</ele>
    </trkpt>
    <trkpt lat="45.722472774" lon="15.233116001">
        <ele>611.1099853515625</ele>
    </trkpt>
    <trkpt lat="45.723179785" lon="15.233191063">
        <ele>614.8499755859375</ele>
    </trkpt>
    <trkpt lat="45.724005544" lon="15.233861582">
        <ele>614.78997802734375</ele>
    </trkpt>
    <trkpt lat="45.724384075" lon="15.234007403">
        <ele>614.05999755859375</ele>
    </trkpt>
    <trkpt lat="45.724300169" lon="15.234316314">
        <ele>614.1300048828125</ele>
    </trkpt>
    <trkpt lat="45.72434456" lon="15.23460556">
        <ele>614.53997802734375</ele>
    </trkpt>
    <trkpt lat="45.724505928" lon="15.234895301">
        <ele>616.45001220703125</ele>
    </trkpt>
    <trkpt lat="45.724950761" lon="15.235173397">
        <ele>620.78997802734375</ele>
    </trkpt>
    <trkpt lat="45.725364194" lon="15.235406398">
        <ele>622.78997802734375</ele>
    </trkpt>
    <trkpt lat="45.725688124" lon="15.235407769">
        <ele>625.03997802734375</ele>
    </trkpt>
    <trkpt lat="45.725885803" lon="15.235543504">
        <ele>626.80999755859375</ele>
    </trkpt>
    <trkpt lat="45.725993178" lon="15.235833028">
        <ele>628.77001953125</ele>
    </trkpt>
    <trkpt lat="45.726078285" lon="15.236088264">
        <ele>629.97998046875</ele>
    </trkpt>
    <trkpt lat="45.72609035" lon="15.236700647">
        <ele>634.78997802734375</ele>
    </trkpt>
    <trkpt lat="45.726184387" lon="15.236913032">
        <ele>637.72998046875</ele>
    </trkpt>
    <trkpt lat="45.726895685" lon="15.237714086">
        <ele>648.15997314453125</ele>
    </trkpt>
    <trkpt lat="45.727203127" lon="15.238131487">
        <ele>653.72998046875</ele>
    </trkpt>
    <trkpt lat="45.727588076" lon="15.238744765">
        <ele>661.46002197265625</ele>
    </trkpt>
    <trkpt lat="45.728127517" lon="15.240441946">
        <ele>675.21002197265625</ele>
    </trkpt>
    <trkpt lat="45.728801196" lon="15.241346377">
        <ele>673.16998291015625</ele>
    </trkpt>
    <trkpt lat="45.729051917" lon="15.242212936">
        <ele>676.719970703125</ele>
    </trkpt>
    <trkpt lat="45.730436867" lon="15.244148287">
        <ele>674.1500244140625</ele>
    </trkpt>
    <trkpt lat="45.731099128" lon="15.244475739">
        <ele>677.47998046875</ele>
    </trkpt>
    <trkpt lat="45.732588587" lon="15.244770747">
        <ele>670.22998046875</ele>
    </trkpt>
    <trkpt lat="45.733351518" lon="15.245260959">
        <ele>667.4000244140625</ele>
    </trkpt>
    <trkpt lat="45.734019258" lon="15.245796069">
        <ele>663.54998779296875</ele>
    </trkpt>
    <trkpt lat="45.73502785" lon="15.246557878">
        <ele>656.71002197265625</ele>
    </trkpt>
    <trkpt lat="45.737692281" lon="15.249491061">
        <ele>650.3499755859375</ele>
    </trkpt>
    <trkpt lat="45.73834643" lon="15.250630111">
        <ele>647.55999755859375</ele>
    </trkpt>
    <trkpt lat="45.738441035" lon="15.251017125">
        <ele>646.03997802734375</ele>
    </trkpt>
    <trkpt lat="45.738204871" lon="15.251837752">
        <ele>645.80999755859375</ele>
    </trkpt>
    <trkpt lat="45.737771011" lon="15.252890228">
        <ele>643.47998046875</ele>
    </trkpt>
    <trkpt lat="45.73768342" lon="15.253512542">
        <ele>642.260009765625</ele>
    </trkpt>
    <trkpt lat="45.73802329" lon="15.254000992">
        <ele>642.83001708984375</ele>
    </trkpt>
    <trkpt lat="45.738616471" lon="15.254147962">
        <ele>644.16998291015625</ele>
    </trkpt>
    <trkpt lat="45.739191071" lon="15.254132533">
        <ele>643.92999267578125</ele>
    </trkpt>
    <trkpt lat="45.741900046" lon="15.255895292">
        <ele>656.30999755859375</ele>
    </trkpt>
    <trkpt lat="45.74216513" lon="15.256055545">
        <ele>654.739990234375</ele>
    </trkpt>
    <trkpt lat="45.742439585" lon="15.256050383">
        <ele>655.1300048828125</ele>
    </trkpt>
    <trkpt lat="45.742589451" lon="15.256294153">
        <ele>654.96002197265625</ele>
    </trkpt>
    <trkpt lat="45.742634381" lon="15.25645449">
        <ele>656.1500244140625</ele>
    </trkpt>
    <trkpt lat="45.742665329" lon="15.256695595">
        <ele>656.6300048828125</ele>
    </trkpt>
    <trkpt lat="45.742639807" lon="15.25703925">
        <ele>658.32000732421875</ele>
    </trkpt>
    <trkpt lat="45.742697893" lon="15.257216224">
        <ele>657.79998779296875</ele>
    </trkpt>
    <trkpt lat="45.742769725" lon="15.257284027">
        <ele>657.90997314453125</ele>
    </trkpt>
    <trkpt lat="45.742855301" lon="15.257242656">
        <ele>657.83001708984375</ele>
    </trkpt>
    <trkpt lat="45.743190944" lon="15.257038585">
        <ele>660.52001953125</ele>
    </trkpt>
    <trkpt lat="45.743330444" lon="15.257026378">
        <ele>659.6500244140625</ele>
    </trkpt>
    <trkpt lat="45.743844598" lon="15.257462496">
        <ele>662.82000732421875</ele>
    </trkpt>
    <trkpt lat="45.744175949" lon="15.25815802">
        <ele>664.44000244140625</ele>
    </trkpt>
    <trkpt lat="45.744174563" lon="15.258952665">
        <ele>663.65997314453125</ele>
    </trkpt>
    <trkpt lat="45.744123917" lon="15.259272659">
        <ele>663.54998779296875</ele>
    </trkpt>
    <trkpt lat="45.744033217" lon="15.259587101">
        <ele>662.969970703125</ele>
    </trkpt>
    <trkpt lat="45.7437846" lon="15.26009679">
        <ele>662.17999267578125</ele>
    </trkpt>
    <trkpt lat="45.743858127" lon="15.260405573">
        <ele>662.3499755859375</ele>
    </trkpt>
    <trkpt lat="45.744078261" lon="15.260544759">
        <ele>663.8800048828125</ele>
    </trkpt>
    <trkpt lat="45.744599743" lon="15.260723914">
        <ele>668.78997802734375</ele>
    </trkpt>
    <trkpt lat="45.745006602" lon="15.260857554">
        <ele>672.6099853515625</ele>
    </trkpt>
    <trkpt lat="45.745222658" lon="15.260813584">
        <ele>675.04998779296875</ele>
    </trkpt>
    <trkpt lat="45.745445382" lon="15.26080499">
        <ele>676.90997314453125</ele>
    </trkpt>
    <trkpt lat="45.745628634" lon="15.260907306">
        <ele>678.55999755859375</ele>
    </trkpt>
    <trkpt lat="45.74581081" lon="15.26134649">
        <ele>681.82000732421875</ele>
    </trkpt>
    <trkpt lat="45.745850984" lon="15.262458381">
        <ele>677.65997314453125</ele>
    </trkpt>
    <trkpt lat="45.746139719" lon="15.263086284">
        <ele>678.28997802734375</ele>
    </trkpt>
    <trkpt lat="45.746266434" lon="15.263615756">
        <ele>678.33001708984375</ele>
    </trkpt>
    <trkpt lat="45.746076167" lon="15.264297294">
        <ele>677.6099853515625</ele>
    </trkpt>
    <trkpt lat="45.745682692" lon="15.265178999">
        <ele>674.4000244140625</ele>
    </trkpt>
    <trkpt lat="45.745609971" lon="15.265493526">
        <ele>672.80999755859375</ele>
    </trkpt>
    <trkpt lat="45.745622647" lon="15.265843804">
        <ele>671.65997314453125</ele>
    </trkpt>
    <trkpt lat="45.745718835" lon="15.266075601">
        <ele>671.469970703125</ele>
    </trkpt>
    <trkpt lat="45.745919382" lon="15.266247428">
        <ele>672.66998291015625</ele>
    </trkpt>
    <trkpt lat="45.746505099" lon="15.266532402">
        <ele>674.71002197265625</ele>
    </trkpt>
    <trkpt lat="45.746630559" lon="15.266751491">
        <ele>674.1300048828125</ele>
    </trkpt>
    <trkpt lat="45.746807915" lon="15.266903357">
        <ele>674.72998046875</ele>
    </trkpt>
    <trkpt lat="45.747212472" lon="15.267056314">
        <ele>675.82000732421875</ele>
    </trkpt>
    <trkpt lat="45.74761821" lon="15.267662326">
        <ele>678.28997802734375</ele>
    </trkpt>
    <trkpt lat="45.747854024" lon="15.267843887">
        <ele>681.09002685546875</ele>
    </trkpt>
    <trkpt lat="45.748029377" lon="15.26787316">
        <ele>680.1300048828125</ele>
    </trkpt>
    <trkpt lat="45.748224531" lon="15.26810866">
        <ele>679.8499755859375</ele>
    </trkpt>
    <trkpt lat="45.74845316" lon="15.268456784">
        <ele>679.6099853515625</ele>
    </trkpt>
    <trkpt lat="45.748925044" lon="15.268841059">
        <ele>681.70001220703125</ele>
    </trkpt>
    <trkpt lat="45.749327253" lon="15.26886908">
        <ele>683.07000732421875</ele>
    </trkpt>
    <trkpt lat="45.74964698" lon="15.268745311">
        <ele>684.78997802734375</ele>
    </trkpt>
    <trkpt lat="45.750011164" lon="15.268846681">
        <ele>686.41998291015625</ele>
    </trkpt>
    <trkpt lat="45.750267355" lon="15.269162468">
        <ele>688.1500244140625</ele>
    </trkpt>
    <trkpt lat="45.750508878" lon="15.269556008">
        <ele>689.5999755859375</ele>
    </trkpt>
    <trkpt lat="45.750660576" lon="15.270090149">
        <ele>690.6500244140625</ele>
    </trkpt>
    <trkpt lat="45.750669771" lon="15.270951355">
        <ele>690.03997802734375</ele>
    </trkpt>
    <trkpt lat="45.750697232" lon="15.271696973">
        <ele>691.219970703125</ele>
    </trkpt>
    <trkpt lat="45.750639593" lon="15.272281509">
        <ele>689.21002197265625</ele>
    </trkpt>
    <trkpt lat="45.75038645" lon="15.273713389">
        <ele>688.8499755859375</ele>
    </trkpt>
    <trkpt lat="45.75034499" lon="15.274114845">
        <ele>688.3499755859375</ele>
    </trkpt>
    <trkpt lat="45.75035806" lon="15.274291638">
        <ele>688.0999755859375</ele>
    </trkpt>
    <trkpt lat="45.750500722" lon="15.274832174">
        <ele>689.489990234375</ele>
    </trkpt>
    <trkpt lat="45.750537755" lon="15.27508558">
        <ele>689.3800048828125</ele>
    </trkpt>
    <trkpt lat="45.750206658" lon="15.275502292">
        <ele>686.08001708984375</ele>
    </trkpt>
    <trkpt lat="45.749632378" lon="15.275769358">
        <ele>682.030029296875</ele>
    </trkpt>
    <trkpt lat="45.749422416" lon="15.276079999">
        <ele>679.27001953125</ele>
    </trkpt>
    <trkpt lat="45.749369888" lon="15.276404273">
        <ele>676.80999755859375</ele>
    </trkpt>
    <trkpt lat="45.749438887" lon="15.276706658">
        <ele>673.739990234375</ele>
    </trkpt>
    <trkpt lat="45.749409071" lon="15.276941076">
        <ele>674.90997314453125</ele>
    </trkpt>
    <trkpt lat="45.749291438" lon="15.2772104">
        <ele>672.989990234375</ele>
    </trkpt>
    <trkpt lat="45.748980125" lon="15.277568725">
        <ele>669.66998291015625</ele>
    </trkpt>
    <trkpt lat="45.748837514" lon="15.277932709">
        <ele>666.69000244140625</ele>
    </trkpt>
    <trkpt lat="45.748827942" lon="15.278167224">
        <ele>666.280029296875</ele>
    </trkpt>
    <trkpt lat="45.74891865" lon="15.278329943">
        <ele>664.52001953125</ele>
    </trkpt>
    <trkpt lat="45.749061107" lon="15.278488103">
        <ele>663.09002685546875</ele>
    </trkpt>
    <trkpt lat="45.749180224" lon="15.27850488">
        <ele>662.09002685546875</ele>
    </trkpt>
    <trkpt lat="45.749761575" lon="15.27830935">
        <ele>659.79998779296875</ele>
    </trkpt>
    <trkpt lat="45.750146045" lon="15.278494181">
        <ele>656.67999267578125</ele>
    </trkpt>
    <trkpt lat="45.75018423" lon="15.278699375">
        <ele>656.3599853515625</ele>
    </trkpt>
    <trkpt lat="45.750136221" lon="15.279012428">
        <ele>656.25</ele>
    </trkpt>
    <trkpt lat="45.750169544" lon="15.279215811">
        <ele>655.28997802734375</ele>
    </trkpt>
    <trkpt lat="45.750621452" lon="15.279741063">
        <ele>650.1500244140625</ele>
    </trkpt>
    <trkpt lat="45.75075805" lon="15.279993994">
        <ele>650.1500244140625</ele>
    </trkpt>
    <trkpt lat="45.750679284" lon="15.280408732">
        <ele>652.3499755859375</ele>
    </trkpt>
    <trkpt lat="45.750652667" lon="15.281219334">
        <ele>656.5</ele>
    </trkpt>
    <trkpt lat="45.750692545" lon="15.281627992">
        <ele>657.510009765625</ele>
    </trkpt>
    <trkpt lat="45.750505763" lon="15.282401078">
        <ele>659.29998779296875</ele>
    </trkpt>
    <trkpt lat="45.750377998" lon="15.283120201">
        <ele>658.57000732421875</ele>
    </trkpt>
    <trkpt lat="45.750392588" lon="15.284482702">
        <ele>663.75</ele>
    </trkpt>
    <trkpt lat="45.7501757" lon="15.284854332">
        <ele>662.280029296875</ele>
    </trkpt>
    <trkpt lat="45.750141485" lon="15.285345902">
        <ele>666.260009765625</ele>
    </trkpt>
    <trkpt lat="45.750009844" lon="15.285734092">
        <ele>667.989990234375</ele>
    </trkpt>
    <trkpt lat="45.749780357" lon="15.286413941">
        <ele>668.5999755859375</ele>
    </trkpt>
    <trkpt lat="45.749454183" lon="15.286840252">
        <ele>670.79998779296875</ele>
    </trkpt>
    <trkpt lat="45.749233931" lon="15.287220856">
        <ele>672.3900146484375</ele>
    </trkpt>
    <trkpt lat="45.749150147" lon="15.288325764">
        <ele>677.219970703125</ele>
    </trkpt>
    <trkpt lat="45.748994723" lon="15.288767902">
        <ele>678.80999755859375</ele>
    </trkpt>
    <trkpt lat="45.748725345" lon="15.28906902">
        <ele>679.04998779296875</ele>
    </trkpt>
    <trkpt lat="45.748611494" lon="15.289608241">
        <ele>683.33001708984375</ele>
    </trkpt>
    <trkpt lat="45.748724079" lon="15.291324665">
        <ele>688.71002197265625</ele>
    </trkpt>
    <trkpt lat="45.748762554" lon="15.292108882">
        <ele>691.28997802734375</ele>
    </trkpt>
    <trkpt lat="45.748783179" lon="15.292835169">
        <ele>692.33001708984375</ele>
    </trkpt>
    <trkpt lat="45.749065239" lon="15.293370044">
        <ele>693.010009765625</ele>
    </trkpt>
    <trkpt lat="45.749386164" lon="15.293730223">
        <ele>695.1300048828125</ele>
    </trkpt>
    <trkpt lat="45.749739504" lon="15.293822263">
        <ele>697.16998291015625</ele>
    </trkpt>
    <trkpt lat="45.750758471" lon="15.294497198">
        <ele>705.21002197265625</ele>
    </trkpt>
    <trkpt lat="45.751324127" lon="15.294969337">
        <ele>708.47998046875</ele>
    </trkpt>
    <trkpt lat="45.751633891" lon="15.295228047">
        <ele>709.70001220703125</ele>
    </trkpt>
    <trkpt lat="45.752226053" lon="15.295886719">
        <ele>716.32000732421875</ele>
    </trkpt>
    <trkpt lat="45.75271925" lon="15.296538448">
        <ele>721.030029296875</ele>
    </trkpt>
    <trkpt lat="45.753328442" lon="15.29756357">
        <ele>727.30999755859375</ele>
    </trkpt>
    <trkpt lat="45.753664746" lon="15.298340035">
        <ele>729.30999755859375</ele>
    </trkpt>
    <trkpt lat="45.754584675" lon="15.299066506">
        <ele>741.010009765625</ele>
    </trkpt>
    <trkpt lat="45.754760136" lon="15.299572536">
        <ele>744.21002197265625</ele>
    </trkpt>
    <trkpt lat="45.755011315" lon="15.300097015">
        <ele>747.969970703125</ele>
    </trkpt>
    <trkpt lat="45.755160806" lon="15.300873517">
        <ele>754.04998779296875</ele>
    </trkpt>
    <trkpt lat="45.755253864" lon="15.301044503">
        <ele>757.25</ele>
    </trkpt>
    <trkpt lat="45.755484159" lon="15.300991517">
        <ele>758.6500244140625</ele>
    </trkpt>
    <trkpt lat="45.755580417" lon="15.300703756">
        <ele>759.96002197265625</ele>
    </trkpt>
    <trkpt lat="45.755035751" lon="15.298453211">
        <ele>771.1500244140625</ele>
    </trkpt>
    <trkpt lat="45.754898165" lon="15.297378966">
        <ele>774.6400146484375</ele>
    </trkpt>
    <trkpt lat="45.754400994" lon="15.295159178">
        <ele>782.08001708984375</ele>
    </trkpt>
    <trkpt lat="45.754516555" lon="15.294067456">
        <ele>783.719970703125</ele>
    </trkpt>
    <trkpt lat="45.754753066" lon="15.293766775">
        <ele>784.0</ele>
    </trkpt>
    <trkpt lat="45.755025042" lon="15.293934918">
        <ele>784.59002685546875</ele>
    </trkpt>
    <trkpt lat="45.755438087" lon="15.294490346">
        <ele>786.30999755859375</ele>
    </trkpt>
    <trkpt lat="45.756304617" lon="15.295749056">
        <ele>785.6500244140625</ele>
    </trkpt>
    <trkpt lat="45.756761337" lon="15.296738556">
        <ele>790.02001953125</ele>
    </trkpt>
    <trkpt lat="45.757093363" lon="15.297866508">
        <ele>789.05999755859375</ele>
    </trkpt>
    <trkpt lat="45.757301327" lon="15.298518178">
        <ele>794.57000732421875</ele>
    </trkpt>
    <trkpt lat="45.757734086" lon="15.298872611">
        <ele>793.53997802734375</ele>
    </trkpt>
    <trkpt lat="45.758049387" lon="15.298732902">
        <ele>795.1500244140625</ele>
    </trkpt>
    <trkpt lat="45.758686262" lon="15.297778624">
        <ele>797.6300048828125</ele>
    </trkpt>
    <trkpt lat="45.759107193" lon="15.296816746">
        <ele>803.58001708984375</ele>
    </trkpt>
    <trkpt lat="45.759242734" lon="15.296598933">
        <ele>803.22998046875</ele>
    </trkpt>
    <trkpt lat="45.759639317" lon="15.296343941">
        <ele>805.82000732421875</ele>
    </trkpt>
    <trkpt lat="45.759840189" lon="15.295930326">
        <ele>807.67999267578125</ele>
    </trkpt>
    <trkpt lat="45.760129006" lon="15.294887471">
        <ele>810.19000244140625</ele>
    </trkpt>
    <trkpt lat="45.761293162" lon="15.293575945">
        <ele>820.78997802734375</ele>
    </trkpt>
    <trkpt lat="45.761482386" lon="15.293474098">
        <ele>821.83001708984375</ele>
    </trkpt>
    <trkpt lat="45.76159969" lon="15.293550858">
        <ele>824.59002685546875</ele>
    </trkpt>
    <trkpt lat="45.761815063" lon="15.293572271">
        <ele>823.59002685546875</ele>
    </trkpt>
    <trkpt lat="45.761958732" lon="15.293688731">
        <ele>824.5999755859375</ele>
    </trkpt>
    <trkpt lat="45.76217838" lon="15.294401847">
        <ele>829.41998291015625</ele>
    </trkpt>
    <trkpt lat="45.76290943" lon="15.29492891">
        <ele>832.4000244140625</ele>
    </trkpt>
    <trkpt lat="45.763487902" lon="15.295618793">
        <ele>836.30999755859375</ele>
    </trkpt>
    <trkpt lat="45.764126239" lon="15.295821459">
        <ele>839.79998779296875</ele>
    </trkpt>
    <trkpt lat="45.764477162" lon="15.295823324">
        <ele>841.3800048828125</ele>
    </trkpt>
    <trkpt lat="45.765278686" lon="15.295557601">
        <ele>839.239990234375</ele>
    </trkpt>
    <trkpt lat="45.765428654" lon="15.295521155">
        <ele>838.77001953125</ele>
    </trkpt>
    <trkpt lat="45.765485773" lon="15.295507275">
        <ele>838.52001953125</ele>
    </trkpt>
    <trkpt lat="45.765710606" lon="15.295553469">
        <ele>834.53997802734375</ele>
    </trkpt>
    <trkpt lat="45.765845123" lon="15.295727747">
        <ele>834.29998779296875</ele>
    </trkpt>
    <trkpt lat="45.766033327" lon="15.296018023">
        <ele>833.010009765625</ele>
    </trkpt>
    <trkpt lat="45.766221144" lon="15.296456153">
        <ele>831.780029296875</ele>
    </trkpt>
    <trkpt lat="45.766444851" lon="15.29707981">
        <ele>829.41998291015625</ele>
    </trkpt>
  </trkseg>
</trk>
</gpx>
